a1,a2,a3,a4,a5,h1,h2,h3,h4,h5,period,time,team,etype,assist,away,block,entered,home,left,num,opponent,outof,player,points,possession,reason,result,steal,type,x,y
Chris Duhon,Danilo Gallinari,David Lee,Larry Hughes,Wilson Chandler,Andrew Bynum,Derek Fisher,Kobe Bryant,Pau Gasol,Ron Artest,1,12:00,OFF,jump ball,,David Lee,,,Andrew Bynum,,,,,,,Pau Gasol,,,,,,
Chris Duhon,Danilo Gallinari,David Lee,Larry Hughes,Wilson Chandler,Andrew Bynum,Derek Fisher,Kobe Bryant,Pau Gasol,Ron Artest,1,11:48,LAL,shot,Ron Artest,,,,,,,,,Kobe Bryant,2,,,made,,jump,27,27
Chris Duhon,Danilo Gallinari,David Lee,Larry Hughes,Wilson Chandler,Andrew Bynum,Derek Fisher,Kobe Bryant,Pau Gasol,Ron Artest,1,11:35,NYK,shot,,,,,,,,,,Danilo Gallinari,2,,,made,,pullup jump,38,18
Chris Duhon,Danilo Gallinari,David Lee,Larry Hughes,Wilson Chandler,Andrew Bynum,Derek Fisher,Kobe Bryant,Pau Gasol,Ron Artest,1,11:19,LAL,shot,,,,,,,,,,Andrew Bynum,2,,,made,,jump hook,26,12
Chris Duhon,Danilo Gallinari,David Lee,Larry Hughes,Wilson Chandler,Andrew Bynum,Derek Fisher,Kobe Bryant,Pau Gasol,Ron Artest,1,11:08,NYK,shot,,,,,,,,,,Larry Hughes,,,,missed,,layup,25,6
Chris Duhon,Danilo Gallinari,David Lee,Larry Hughes,Wilson Chandler,Andrew Bynum,Derek Fisher,Kobe Bryant,Pau Gasol,Ron Artest,1,11:06,LAL,rebound,,,,,,,,,,Pau Gasol,,,,,,def,,
Chris Duhon,Danilo Gallinari,David Lee,Larry Hughes,Wilson Chandler,Andrew Bynum,Derek Fisher,Kobe Bryant,Pau Gasol,Ron Artest,1,10:57,LAL,shot,,,,,,,,,,Derek Fisher,,,,missed,,3pt,49,9
Chris Duhon,Danilo Gallinari,David Lee,Larry Hughes,Wilson Chandler,Andrew Bynum,Derek Fisher,Kobe Bryant,Pau Gasol,Ron Artest,1,10:56,NYK,rebound,,,,,,,,,,Chris Duhon,,,,,,def,,
Chris Duhon,Danilo Gallinari,David Lee,Larry Hughes,Wilson Chandler,Andrew Bynum,Derek Fisher,Kobe Bryant,Pau Gasol,Ron Artest,1,10:47,NYK,shot,Chris Duhon,,,,,,,,,Danilo Gallinari,3,,,made,,3pt,45,23
Chris Duhon,Danilo Gallinari,David Lee,Larry Hughes,Wilson Chandler,Andrew Bynum,Derek Fisher,Kobe Bryant,Pau Gasol,Ron Artest,1,10:32,LAL,shot,,,,,,,,,,Pau Gasol,2,,,made,,jump,29,9
Chris Duhon,Danilo Gallinari,David Lee,Larry Hughes,Wilson Chandler,Andrew Bynum,Derek Fisher,Kobe Bryant,Pau Gasol,Ron Artest,1,10:32,NYK,foul,,,,,,,,Pau Gasol,,Wilson Chandler,,,,,,shooting,,
Chris Duhon,Danilo Gallinari,David Lee,Larry Hughes,Wilson Chandler,Andrew Bynum,Derek Fisher,Kobe Bryant,Pau Gasol,Ron Artest,1,10:32,LAL,free throw,,,,,,,1,,1,Pau Gasol,,,foul,made,,,,
Chris Duhon,Danilo Gallinari,David Lee,Larry Hughes,Wilson Chandler,Andrew Bynum,Derek Fisher,Kobe Bryant,Pau Gasol,Ron Artest,1,10:23,NYK,turnover,,,,,,,,,,David Lee,,,lost ball,,Derek Fisher,,,
Chris Duhon,Danilo Gallinari,David Lee,Larry Hughes,Wilson Chandler,Andrew Bynum,Derek Fisher,Kobe Bryant,Pau Gasol,Ron Artest,1,10:17,LAL,shot,Derek Fisher,,,,,,,,,Kobe Bryant,2,,,made,,layup,25,6
Chris Duhon,Danilo Gallinari,David Lee,Larry Hughes,Wilson Chandler,Andrew Bynum,Derek Fisher,Kobe Bryant,Pau Gasol,Ron Artest,1,10:01,NYK,shot,,,,,,,,,,Larry Hughes,,,,missed,,jump,26,10
Chris Duhon,Danilo Gallinari,David Lee,Larry Hughes,Wilson Chandler,Andrew Bynum,Derek Fisher,Kobe Bryant,Pau Gasol,Ron Artest,1,9:59,LAL,rebound,,,,,,,,,,Andrew Bynum,,,,,,def,,
Chris Duhon,Danilo Gallinari,David Lee,Larry Hughes,Wilson Chandler,Andrew Bynum,Derek Fisher,Kobe Bryant,Pau Gasol,Ron Artest,1,9:47,LAL,shot,Kobe Bryant,,,,,,,,,Derek Fisher,2,,,made,,jump,14,25
Chris Duhon,Danilo Gallinari,David Lee,Larry Hughes,Wilson Chandler,Andrew Bynum,Derek Fisher,Kobe Bryant,Pau Gasol,Ron Artest,1,9:40,NYK,shot,David Lee,,,,,,,,,Chris Duhon,2,,,made,,jump,33,26
Chris Duhon,Danilo Gallinari,David Lee,Larry Hughes,Wilson Chandler,Andrew Bynum,Derek Fisher,Kobe Bryant,Pau Gasol,Ron Artest,1,9:26,LAL,shot,,,,,,,,,,Pau Gasol,,,,missed,,turnaround jump,25,12
Chris Duhon,Danilo Gallinari,David Lee,Larry Hughes,Wilson Chandler,Andrew Bynum,Derek Fisher,Kobe Bryant,Pau Gasol,Ron Artest,1,9:23,NYK,rebound,,,,,,,,,,David Lee,,,,,,def,,
Chris Duhon,Danilo Gallinari,David Lee,Larry Hughes,Wilson Chandler,Andrew Bynum,Derek Fisher,Kobe Bryant,Pau Gasol,Ron Artest,1,9:16,NYK,shot,,,,,,,,,,Wilson Chandler,,,,missed,,jump,45,12
Chris Duhon,Danilo Gallinari,David Lee,Larry Hughes,Wilson Chandler,Andrew Bynum,Derek Fisher,Kobe Bryant,Pau Gasol,Ron Artest,1,9:15,LAL,rebound,,,,,,,,,,Kobe Bryant,,,,,,def,,
Chris Duhon,Danilo Gallinari,David Lee,Larry Hughes,Wilson Chandler,Andrew Bynum,Derek Fisher,Kobe Bryant,Pau Gasol,Ron Artest,1,9:04,LAL,shot,,,,,,,,,,Andrew Bynum,,,,missed,,hook,25,12
Chris Duhon,Danilo Gallinari,David Lee,Larry Hughes,Wilson Chandler,Andrew Bynum,Derek Fisher,Kobe Bryant,Pau Gasol,Ron Artest,1,9:00,NYK,rebound,,,,,,,,,,David Lee,,,,,,def,,
Chris Duhon,Danilo Gallinari,David Lee,Larry Hughes,Wilson Chandler,Andrew Bynum,Derek Fisher,Kobe Bryant,Pau Gasol,Ron Artest,1,8:48,NYK,shot,,,,,,,,,,David Lee,,,,missed,,jump,21,25
Chris Duhon,Danilo Gallinari,David Lee,Larry Hughes,Wilson Chandler,Andrew Bynum,Derek Fisher,Kobe Bryant,Pau Gasol,Ron Artest,1,8:47,LAL,rebound,,,,,,,,,,Pau Gasol,,,,,,def,,
Chris Duhon,Danilo Gallinari,David Lee,Larry Hughes,Wilson Chandler,Andrew Bynum,Derek Fisher,Kobe Bryant,Pau Gasol,Ron Artest,1,8:31,NYK,foul,,,,,,,,Derek Fisher,,Larry Hughes,,,,,,shooting,,
Chris Duhon,Danilo Gallinari,David Lee,Larry Hughes,Wilson Chandler,Andrew Bynum,Derek Fisher,Kobe Bryant,Pau Gasol,Ron Artest,1,8:31,LAL,free throw,,,,,,,1,,2,Derek Fisher,,,foul,made,,,,
Chris Duhon,Danilo Gallinari,David Lee,Larry Hughes,Wilson Chandler,Andrew Bynum,Derek Fisher,Kobe Bryant,Pau Gasol,Ron Artest,1,8:31,LAL,free throw,,,,,,,2,,2,Derek Fisher,,,foul,made,,,,
Chris Duhon,Danilo Gallinari,David Lee,Larry Hughes,Wilson Chandler,Andrew Bynum,Derek Fisher,Kobe Bryant,Pau Gasol,Ron Artest,1,8:19,NYK,shot,,,,,,,,,,Danilo Gallinari,,,,missed,,3pt,2,8
Chris Duhon,Danilo Gallinari,David Lee,Larry Hughes,Wilson Chandler,Andrew Bynum,Derek Fisher,Kobe Bryant,Pau Gasol,Ron Artest,1,8:17,NYK,rebound,,,,,,,,,,David Lee,,,,,,off,,
Chris Duhon,Danilo Gallinari,David Lee,Larry Hughes,Wilson Chandler,Andrew Bynum,Derek Fisher,Kobe Bryant,Pau Gasol,Ron Artest,1,8:14,NYK,turnover,,,,,,,,,,David Lee,,,bad pass,,Kobe Bryant,,,
Chris Duhon,Danilo Gallinari,David Lee,Larry Hughes,Wilson Chandler,Andrew Bynum,Derek Fisher,Kobe Bryant,Pau Gasol,Ron Artest,1,8:10,LAL,turnover,,,,,,,,,,Ron Artest,,,lost ball,,Danilo Gallinari,,,
Chris Duhon,Danilo Gallinari,David Lee,Larry Hughes,Wilson Chandler,Andrew Bynum,Derek Fisher,Kobe Bryant,Pau Gasol,Ron Artest,1,8:03,NYK,shot,Chris Duhon,,,,,,,,,Wilson Chandler,2,,,made,,driving layup,25,6
Chris Duhon,Danilo Gallinari,David Lee,Larry Hughes,Wilson Chandler,Andrew Bynum,Derek Fisher,Kobe Bryant,Pau Gasol,Ron Artest,1,7:47,LAL,shot,,,,,,,,,,Ron Artest,3,,,made,,3pt,2,5
Chris Duhon,Danilo Gallinari,David Lee,Larry Hughes,Wilson Chandler,Andrew Bynum,Derek Fisher,Kobe Bryant,Pau Gasol,Ron Artest,1,7:37,NYK,shot,,,,,,,,,,David Lee,2,,,made,,pullup jump,23,21
Chris Duhon,Danilo Gallinari,David Lee,Larry Hughes,Wilson Chandler,Andrew Bynum,Derek Fisher,Kobe Bryant,Pau Gasol,Ron Artest,1,7:23,LAL,shot,,,,,,,,,,Ron Artest,,,,missed,,driving layup,25,6
Chris Duhon,Danilo Gallinari,David Lee,Larry Hughes,Wilson Chandler,Andrew Bynum,Derek Fisher,Kobe Bryant,Pau Gasol,Ron Artest,1,7:20,NYK,rebound,,,,,,,,,,Danilo Gallinari,,,,,,def,,
Chris Duhon,Danilo Gallinari,David Lee,Larry Hughes,Wilson Chandler,Andrew Bynum,Derek Fisher,Kobe Bryant,Pau Gasol,Ron Artest,1,7:09,NYK,shot,,,,,,,,,,Chris Duhon,,,,missed,,3pt,43,26
Chris Duhon,Danilo Gallinari,David Lee,Larry Hughes,Wilson Chandler,Andrew Bynum,Derek Fisher,Kobe Bryant,Pau Gasol,Ron Artest,1,7:07,LAL,rebound,,,,,,,,,,Ron Artest,,,,,,def,,
Chris Duhon,Danilo Gallinari,David Lee,Larry Hughes,Wilson Chandler,Andrew Bynum,Derek Fisher,Kobe Bryant,Pau Gasol,Ron Artest,1,6:53,LAL,shot,,,,,,,,,,Ron Artest,,,,missed,,3pt,25,31
Chris Duhon,Danilo Gallinari,David Lee,Larry Hughes,Wilson Chandler,Andrew Bynum,Derek Fisher,Kobe Bryant,Pau Gasol,Ron Artest,1,6:52,LAL,rebound,,,,,,,,,,Pau Gasol,,,,,,off,,
Chris Duhon,Danilo Gallinari,David Lee,Larry Hughes,Wilson Chandler,Andrew Bynum,Derek Fisher,Kobe Bryant,Pau Gasol,Ron Artest,1,6:52,NYK,rebound,,,,,,,,,,Danilo Gallinari,,,,,,def,,
Chris Duhon,Danilo Gallinari,David Lee,Larry Hughes,Wilson Chandler,Andrew Bynum,Derek Fisher,Kobe Bryant,Pau Gasol,Ron Artest,1,6:52,LAL,shot,,,,,,,,,,Pau Gasol,,,,missed,,tip,24,7
Chris Duhon,Danilo Gallinari,David Lee,Larry Hughes,Wilson Chandler,Andrew Bynum,Derek Fisher,Kobe Bryant,Pau Gasol,Ron Artest,1,6:43,NYK,shot,,,Andrew Bynum,,,,,,,Chris Duhon,,,,missed,,layup,25,6
Chris Duhon,Danilo Gallinari,David Lee,Larry Hughes,Wilson Chandler,Andrew Bynum,Derek Fisher,Kobe Bryant,Pau Gasol,Ron Artest,1,6:41,LAL,rebound,,,,,,,,,,Derek Fisher,,,,,,def,,
Chris Duhon,Danilo Gallinari,David Lee,Larry Hughes,Wilson Chandler,Andrew Bynum,Derek Fisher,Kobe Bryant,Pau Gasol,Ron Artest,1,6:35,LAL,shot,Derek Fisher,,,,,,,,,Andrew Bynum,2,,,made,,alley oop layup,25,6
Chris Duhon,Danilo Gallinari,David Lee,Larry Hughes,Wilson Chandler,Andrew Bynum,Derek Fisher,Kobe Bryant,Pau Gasol,Ron Artest,1,6:19,NYK,shot,Chris Duhon,,,,,,,,,Wilson Chandler,3,,,made,,3pt,49,9
Chris Duhon,Danilo Gallinari,David Lee,Larry Hughes,Wilson Chandler,Andrew Bynum,Derek Fisher,Kobe Bryant,Pau Gasol,Ron Artest,1,5:57,LAL,shot,,,,,,,,,,Andrew Bynum,2,,,made,,jump hook,34,8
Chris Duhon,Danilo Gallinari,David Lee,Larry Hughes,Wilson Chandler,Andrew Bynum,Derek Fisher,Kobe Bryant,Pau Gasol,Ron Artest,1,5:48,NYK,shot,,,,,,,,,,David Lee,2,,,made,,driving layup,25,6
Chris Duhon,Danilo Gallinari,David Lee,Larry Hughes,Wilson Chandler,Andrew Bynum,Derek Fisher,Kobe Bryant,Pau Gasol,Ron Artest,1,5:37,LAL,timeout,,,,,,,,,,,,,,,,regular,,
Chris Duhon,Danilo Gallinari,David Lee,Larry Hughes,Wilson Chandler,Derek Fisher,Kobe Bryant,Lamar Odom,Pau Gasol,Ron Artest,1,5:37,LAL,sub,,,,Lamar Odom,,Andrew Bynum,,,,,,,,,,,,
Chris Duhon,Danilo Gallinari,David Lee,Larry Hughes,Wilson Chandler,Derek Fisher,Kobe Bryant,Lamar Odom,Pau Gasol,Ron Artest,1,5:25,LAL,shot,,,,,,,,,,Derek Fisher,,,,missed,,3pt,2,7
Chris Duhon,Danilo Gallinari,David Lee,Larry Hughes,Wilson Chandler,Derek Fisher,Kobe Bryant,Lamar Odom,Pau Gasol,Ron Artest,1,5:24,NYK,rebound,,,,,,,,,,Chris Duhon,,,,,,def,,
Chris Duhon,Danilo Gallinari,David Lee,Larry Hughes,Wilson Chandler,Derek Fisher,Kobe Bryant,Lamar Odom,Pau Gasol,Ron Artest,1,5:11,NYK,shot,,,,,,,,,,Danilo Gallinari,,,,missed,,3pt,8,24
Chris Duhon,Danilo Gallinari,David Lee,Larry Hughes,Wilson Chandler,Derek Fisher,Kobe Bryant,Lamar Odom,Pau Gasol,Ron Artest,1,5:10,LAL,rebound,,,,,,,,,,Kobe Bryant,,,,,,def,,
Chris Duhon,Danilo Gallinari,David Lee,Larry Hughes,Wilson Chandler,Derek Fisher,Kobe Bryant,Lamar Odom,Pau Gasol,Ron Artest,1,5:05,LAL,foul,,,,,,,,Wilson Chandler,,Ron Artest,,,,,,offensive,,
Chris Duhon,Danilo Gallinari,David Lee,Larry Hughes,Wilson Chandler,Derek Fisher,Kobe Bryant,Lamar Odom,Pau Gasol,Ron Artest,1,5:05,LAL,turnover,,,,,,,,,,Ron Artest,,,foul,,,,,
Chris Duhon,Danilo Gallinari,David Lee,Larry Hughes,Wilson Chandler,Derek Fisher,Kobe Bryant,Lamar Odom,Pau Gasol,Ron Artest,1,4:54,NYK,shot,,,Pau Gasol,,,,,,,Chris Duhon,,,,missed,,layup,25,6
Chris Duhon,Danilo Gallinari,David Lee,Larry Hughes,Wilson Chandler,Derek Fisher,Kobe Bryant,Lamar Odom,Pau Gasol,Ron Artest,1,4:52,LAL,rebound,,,,,,,,,,Ron Artest,,,,,,def,,
Chris Duhon,Danilo Gallinari,David Lee,Larry Hughes,Wilson Chandler,Derek Fisher,Kobe Bryant,Lamar Odom,Pau Gasol,Ron Artest,1,4:47,LAL,shot,,,,,,,,,,Kobe Bryant,2,,,made,,fade away jumper,18,21
Chris Duhon,Danilo Gallinari,David Lee,Larry Hughes,Wilson Chandler,Derek Fisher,Kobe Bryant,Lamar Odom,Pau Gasol,Ron Artest,1,4:36,NYK,shot,,,,,,,,,,Larry Hughes,,,,missed,,3pt,25,32
Chris Duhon,Danilo Gallinari,David Lee,Larry Hughes,Wilson Chandler,Derek Fisher,Kobe Bryant,Lamar Odom,Pau Gasol,Ron Artest,1,4:34,LAL,rebound,,,,,,,,,,Pau Gasol,,,,,,def,,
Chris Duhon,Danilo Gallinari,David Lee,Larry Hughes,Wilson Chandler,Derek Fisher,Kobe Bryant,Lamar Odom,Pau Gasol,Ron Artest,1,4:13,LAL,shot,,,,,,,,,,Pau Gasol,2,,,made,,hook,25,14
Chris Duhon,Danilo Gallinari,David Lee,Larry Hughes,Wilson Chandler,Derek Fisher,Kobe Bryant,Lamar Odom,Pau Gasol,Ron Artest,1,3:46,NYK,shot,Danilo Gallinari,,,,,,,,,David Lee,2,,,made,,slam dunk,25,6
Chris Duhon,Danilo Gallinari,David Lee,Larry Hughes,Wilson Chandler,Derek Fisher,Kobe Bryant,Lamar Odom,Pau Gasol,Ron Artest,1,3:29,LAL,shot,,,,,,,,,,Kobe Bryant,,,,missed,,3pt,38,28
Chris Duhon,Danilo Gallinari,David Lee,Larry Hughes,Wilson Chandler,Derek Fisher,Kobe Bryant,Lamar Odom,Pau Gasol,Ron Artest,1,3:28,NYK,rebound,,,,,,,,,,Chris Duhon,,,,,,def,,
Chris Duhon,Danilo Gallinari,David Lee,Larry Hughes,Wilson Chandler,Derek Fisher,Kobe Bryant,Lamar Odom,Pau Gasol,Ron Artest,1,3:22,NYK,shot,Chris Duhon,,,,,,,,,Larry Hughes,2,,,made,,jump,43,16
Chris Duhon,Danilo Gallinari,David Lee,Larry Hughes,Wilson Chandler,Derek Fisher,Kobe Bryant,Lamar Odom,Pau Gasol,Ron Artest,1,3:05,NYK,foul,,,,,,,,Pau Gasol,,David Lee,,,,,,personal,,
Al Harrington,Chris Duhon,Danilo Gallinari,David Lee,Larry Hughes,Derek Fisher,Kobe Bryant,Lamar Odom,Pau Gasol,Ron Artest,1,3:05,NYK,sub,,,,Al Harrington,,Wilson Chandler,,,,,,,,,,,,
Al Harrington,Chris Duhon,Danilo Gallinari,Jared Jeffries,Larry Hughes,Derek Fisher,Kobe Bryant,Lamar Odom,Pau Gasol,Ron Artest,1,3:05,NYK,sub,,,,Jared Jeffries,,David Lee,,,,,,,,,,,,
Al Harrington,Danilo Gallinari,Eddy Curry,Jared Jeffries,Larry Hughes,Derek Fisher,Kobe Bryant,Lamar Odom,Pau Gasol,Ron Artest,1,3:05,NYK,sub,,,,Eddy Curry,,Chris Duhon,,,,,,,,,,,,
Al Harrington,Danilo Gallinari,Eddy Curry,Jared Jeffries,Larry Hughes,Derek Fisher,Kobe Bryant,Lamar Odom,Pau Gasol,Ron Artest,1,2:55,LAL,turnover,,,,,,,,,,Derek Fisher,,,bad pass,,Larry Hughes,,,
Al Harrington,Danilo Gallinari,Eddy Curry,Jared Jeffries,Larry Hughes,Derek Fisher,Kobe Bryant,Lamar Odom,Pau Gasol,Ron Artest,1,2:49,NYK,shot,,,,,,,,,,Larry Hughes,2,,,made,,dunk,25,6
Al Harrington,Danilo Gallinari,Eddy Curry,Jared Jeffries,Larry Hughes,Derek Fisher,Kobe Bryant,Lamar Odom,Pau Gasol,Ron Artest,1,2:38,LAL,turnover,,,,,,,,,,Kobe Bryant,,,bad pass,,Larry Hughes,,,
Al Harrington,Danilo Gallinari,Eddy Curry,Jared Jeffries,Larry Hughes,Derek Fisher,Kobe Bryant,Lamar Odom,Pau Gasol,Ron Artest,1,2:27,NYK,shot,,,,,,,,,,Larry Hughes,,,,missed,,3pt,43,25
Al Harrington,Danilo Gallinari,Eddy Curry,Jared Jeffries,Larry Hughes,Derek Fisher,Kobe Bryant,Lamar Odom,Pau Gasol,Ron Artest,1,2:26,LAL,rebound,,,,,,,,,,Lamar Odom,,,,,,def,,
Al Harrington,Danilo Gallinari,Eddy Curry,Jared Jeffries,Larry Hughes,Derek Fisher,Kobe Bryant,Lamar Odom,Pau Gasol,Ron Artest,1,2:18,LAL,shot,,,,,,,,,,Kobe Bryant,,,,missed,,jump,29,24
Al Harrington,Danilo Gallinari,Eddy Curry,Jared Jeffries,Larry Hughes,Derek Fisher,Kobe Bryant,Lamar Odom,Pau Gasol,Ron Artest,1,2:17,LAL,rebound,,,,,,,,,,Ron Artest,,,,,,off,,
Al Harrington,Danilo Gallinari,Eddy Curry,Jared Jeffries,Larry Hughes,Derek Fisher,Kobe Bryant,Lamar Odom,Pau Gasol,Ron Artest,1,2:04,LAL,turnover,,,,,,,,,,Pau Gasol,,,bad pass,,Larry Hughes,,,
Al Harrington,Danilo Gallinari,Eddy Curry,Jared Jeffries,Larry Hughes,Derek Fisher,Kobe Bryant,Lamar Odom,Pau Gasol,Ron Artest,1,1:59,NYK,turnover,,,,,,,,,,Larry Hughes,,,discontinue dribble,,,,,
Al Harrington,Danilo Gallinari,Eddy Curry,Jared Jeffries,Larry Hughes,Derek Fisher,Kobe Bryant,Lamar Odom,Pau Gasol,Ron Artest,1,1:59,NYK,timeout,,,,,,,,,,,,,,,,regular,,
Al Harrington,Danilo Gallinari,Eddy Curry,Jared Jeffries,Nate Robinson,Derek Fisher,Kobe Bryant,Lamar Odom,Pau Gasol,Ron Artest,1,1:59,NYK,sub,,,,Nate Robinson,,Larry Hughes,,,,,,,,,,,,
Al Harrington,Danilo Gallinari,Eddy Curry,Jared Jeffries,Nate Robinson,Andrew Bynum,Derek Fisher,Kobe Bryant,Lamar Odom,Ron Artest,1,1:59,LAL,sub,,,,Andrew Bynum,,Pau Gasol,,,,,,,,,,,,
Al Harrington,Danilo Gallinari,Eddy Curry,Jared Jeffries,Nate Robinson,Andrew Bynum,Jordan Farmar,Kobe Bryant,Lamar Odom,Ron Artest,1,1:59,LAL,sub,,,,Jordan Farmar,,Derek Fisher,,,,,,,,,,,,
Al Harrington,Danilo Gallinari,Eddy Curry,Jared Jeffries,Nate Robinson,Andrew Bynum,Jordan Farmar,Kobe Bryant,Lamar Odom,Ron Artest,1,1:46,LAL,shot,Lamar Odom,,,,,,,,,Kobe Bryant,2,,,made,,turnaround jump,28,18
Al Harrington,Danilo Gallinari,Eddy Curry,Jared Jeffries,Nate Robinson,Andrew Bynum,Jordan Farmar,Kobe Bryant,Lamar Odom,Ron Artest,1,1:35,NYK,foul,,,,,,,,Andrew Bynum,,Eddy Curry,,,,,,offensive,,
Al Harrington,Danilo Gallinari,Eddy Curry,Jared Jeffries,Nate Robinson,Andrew Bynum,Jordan Farmar,Kobe Bryant,Lamar Odom,Ron Artest,1,1:35,NYK,turnover,,,,,,,,,,Eddy Curry,,,foul,,,,,
Al Harrington,Danilo Gallinari,Eddy Curry,Jared Jeffries,Nate Robinson,Andrew Bynum,Jordan Farmar,Kobe Bryant,Lamar Odom,Ron Artest,1,1:21,LAL,shot,Lamar Odom,,,,,,,,,Andrew Bynum,2,,,made,,turnaround jump,32,13
Al Harrington,Danilo Gallinari,Eddy Curry,Jared Jeffries,Nate Robinson,Andrew Bynum,Jordan Farmar,Kobe Bryant,Lamar Odom,Ron Artest,1,1:15,LAL,foul,,,,,,,,Nate Robinson,,Jordan Farmar,,,,,,personal,,
Al Harrington,Eddy Curry,Jared Jeffries,Nate Robinson,Wilson Chandler,Andrew Bynum,Jordan Farmar,Kobe Bryant,Lamar Odom,Ron Artest,1,1:15,NYK,sub,,,,Wilson Chandler,,Danilo Gallinari,,,,,,,,,,,,
Al Harrington,Eddy Curry,Jared Jeffries,Nate Robinson,Wilson Chandler,Andrew Bynum,Jordan Farmar,Kobe Bryant,Lamar Odom,Ron Artest,1,1:06,NYK,shot,,,,,,,,,,Eddy Curry,,,,missed,,jump hook,32,12
Al Harrington,Eddy Curry,Jared Jeffries,Nate Robinson,Wilson Chandler,Andrew Bynum,Jordan Farmar,Kobe Bryant,Lamar Odom,Ron Artest,1,1:01,LAL,rebound,,,,,,,,,,Lamar Odom,,,,,,def,,
Al Harrington,Eddy Curry,Jared Jeffries,Nate Robinson,Wilson Chandler,Andrew Bynum,Jordan Farmar,Kobe Bryant,Lamar Odom,Ron Artest,1,0:56,LAL,shot,Jordan Farmar,,,,,,,,,Andrew Bynum,2,,,made,,jump,29,13
Al Harrington,Eddy Curry,Jared Jeffries,Nate Robinson,Wilson Chandler,Andrew Bynum,Jordan Farmar,Kobe Bryant,Lamar Odom,Ron Artest,1,0:46,NYK,shot,,,,,,,,,,Eddy Curry,2,,,made,,jump,22,12
Al Harrington,Eddy Curry,Jared Jeffries,Nate Robinson,Wilson Chandler,Andrew Bynum,Jordan Farmar,Kobe Bryant,Lamar Odom,Ron Artest,1,0:33,NYK,foul,,,,,,,,Kobe Bryant,,Al Harrington,,,,,,personal,,
Al Harrington,Eddy Curry,Jared Jeffries,Nate Robinson,Wilson Chandler,Andrew Bynum,Jordan Farmar,Kobe Bryant,Lamar Odom,Ron Artest,1,0:17,LAL,shot,,,,,,,,,,Jordan Farmar,,,,missed,,3pt,12,28
Al Harrington,Eddy Curry,Jared Jeffries,Nate Robinson,Wilson Chandler,Andrew Bynum,Jordan Farmar,Kobe Bryant,Lamar Odom,Ron Artest,1,0:16,NYK,rebound,,,,,,,,,,Al Harrington,,,,,,def,,
Al Harrington,Eddy Curry,Jared Jeffries,Nate Robinson,Wilson Chandler,Andrew Bynum,Jordan Farmar,Kobe Bryant,Lamar Odom,Ron Artest,1,0:00,NYK,shot,,,,,,,,,,Eddy Curry,,,,missed,,jump,23,9
Al Harrington,Eddy Curry,Jared Jeffries,Nate Robinson,Wilson Chandler,Andrew Bynum,Jordan Farmar,Kobe Bryant,Lamar Odom,Ron Artest,1,0:00,LAL,rebound,,,,,,,,,,Andrew Bynum,,,,,,def,,
Al Harrington,Eddy Curry,Jared Jeffries,Nate Robinson,Wilson Chandler,Andrew Bynum,Jordan Farmar,Kobe Bryant,Lamar Odom,Shannon Brown,2,11:39,NYK,turnover,,,,,,,,,,Eddy Curry,,,lost ball,,Kobe Bryant,,,
Al Harrington,Eddy Curry,Jared Jeffries,Nate Robinson,Wilson Chandler,Andrew Bynum,Jordan Farmar,Kobe Bryant,Lamar Odom,Shannon Brown,2,11:39,NYK,foul,,,,,,,,Kobe Bryant,,Eddy Curry,,,,,,personal,,
Al Harrington,Eddy Curry,Jared Jeffries,Nate Robinson,Wilson Chandler,Andrew Bynum,Jordan Farmar,Kobe Bryant,Lamar Odom,Shannon Brown,2,11:31,NYK,foul,,,,,,,,Jordan Farmar,,Wilson Chandler,,,,,,personal,,
Al Harrington,Eddy Curry,Jared Jeffries,Nate Robinson,Wilson Chandler,Andrew Bynum,Jordan Farmar,Kobe Bryant,Lamar Odom,Shannon Brown,2,11:20,LAL,shot,Jordan Farmar,,,,,,,,,Shannon Brown,2,,,made,,jump,38,24
Al Harrington,Eddy Curry,Jared Jeffries,Nate Robinson,Wilson Chandler,Andrew Bynum,Jordan Farmar,Kobe Bryant,Lamar Odom,Shannon Brown,2,11:03,NYK,shot,Jared Jeffries,,,,,,,,,Nate Robinson,3,,,made,,3pt,12,27
Al Harrington,Eddy Curry,Jared Jeffries,Nate Robinson,Wilson Chandler,Andrew Bynum,Jordan Farmar,Kobe Bryant,Lamar Odom,Shannon Brown,2,10:47,LAL,shot,,,,,,,,,,Kobe Bryant,2,,,made,,jump,4,10
Al Harrington,Eddy Curry,Jared Jeffries,Nate Robinson,Wilson Chandler,Andrew Bynum,Jordan Farmar,Kobe Bryant,Lamar Odom,Shannon Brown,2,10:23,NYK,shot,,,,,,,,,,Al Harrington,,,,missed,,3pt,38,28
Al Harrington,Eddy Curry,Jared Jeffries,Nate Robinson,Wilson Chandler,Andrew Bynum,Jordan Farmar,Kobe Bryant,Lamar Odom,Shannon Brown,2,10:21,LAL,rebound,,,,,,,,,,Kobe Bryant,,,,,,def,,
Al Harrington,Eddy Curry,Jared Jeffries,Nate Robinson,Wilson Chandler,Andrew Bynum,Jordan Farmar,Kobe Bryant,Lamar Odom,Shannon Brown,2,10:14,LAL,shot,,,,,,,,,,Jordan Farmar,,,,missed,,3pt,42,26
Al Harrington,Eddy Curry,Jared Jeffries,Nate Robinson,Wilson Chandler,Andrew Bynum,Jordan Farmar,Kobe Bryant,Lamar Odom,Shannon Brown,2,10:11,LAL,rebound,,,,,,,,,,Andrew Bynum,,,,,,off,,
Al Harrington,Eddy Curry,Jared Jeffries,Nate Robinson,Wilson Chandler,Andrew Bynum,Jordan Farmar,Kobe Bryant,Lamar Odom,Shannon Brown,2,10:06,LAL,shot,,,,,,,,,,Jordan Farmar,,,,missed,,jump,34,11
Al Harrington,Eddy Curry,Jared Jeffries,Nate Robinson,Wilson Chandler,Andrew Bynum,Jordan Farmar,Kobe Bryant,Lamar Odom,Shannon Brown,2,10:05,NYK,rebound,,,,,,,,,,Al Harrington,,,,,,def,,
Al Harrington,Eddy Curry,Jared Jeffries,Nate Robinson,Wilson Chandler,Andrew Bynum,Jordan Farmar,Kobe Bryant,Lamar Odom,Shannon Brown,2,9:55,NYK,shot,,,,,,,,,,Nate Robinson,3,,,made,,3pt,12,28
Al Harrington,Eddy Curry,Jared Jeffries,Nate Robinson,Wilson Chandler,Andrew Bynum,Jordan Farmar,Kobe Bryant,Lamar Odom,Shannon Brown,2,9:42,LAL,shot,,,,,,,,,,Shannon Brown,,,,missed,,3pt,48,8
Al Harrington,Eddy Curry,Jared Jeffries,Nate Robinson,Wilson Chandler,Andrew Bynum,Jordan Farmar,Kobe Bryant,Lamar Odom,Shannon Brown,2,9:40,NYK,rebound,,,,,,,,,,Al Harrington,,,,,,def,,
Al Harrington,Eddy Curry,Jared Jeffries,Nate Robinson,Wilson Chandler,Andrew Bynum,Jordan Farmar,Kobe Bryant,Lamar Odom,Shannon Brown,2,9:33,NYK,shot,,,,,,,,,,Nate Robinson,,,,missed,,jump,11,18
Al Harrington,Eddy Curry,Jared Jeffries,Nate Robinson,Wilson Chandler,Andrew Bynum,Jordan Farmar,Kobe Bryant,Lamar Odom,Shannon Brown,2,9:31,LAL,rebound,,,,,,,,,,Shannon Brown,,,,,,def,,
Al Harrington,Eddy Curry,Jared Jeffries,Nate Robinson,Wilson Chandler,Andrew Bynum,Jordan Farmar,Kobe Bryant,Lamar Odom,Shannon Brown,2,9:30,LAL,turnover,,,,,,,,,,Shannon Brown,,,lost ball,,Nate Robinson,,,
Al Harrington,Eddy Curry,Jared Jeffries,Nate Robinson,Wilson Chandler,Andrew Bynum,Jordan Farmar,Kobe Bryant,Lamar Odom,Shannon Brown,2,9:25,NYK,turnover,,,,,,,,,,Eddy Curry,,,lost ball,,Shannon Brown,,,
Al Harrington,Eddy Curry,Jared Jeffries,Nate Robinson,Wilson Chandler,Andrew Bynum,Jordan Farmar,Kobe Bryant,Lamar Odom,Shannon Brown,2,9:17,LAL,shot,,,,,,,,,,Andrew Bynum,,,,missed,,jump,25,16
Al Harrington,Eddy Curry,Jared Jeffries,Nate Robinson,Wilson Chandler,Andrew Bynum,Jordan Farmar,Kobe Bryant,Lamar Odom,Shannon Brown,2,9:16,LAL,rebound,,,,,,,,,,Lamar Odom,,,,,,off,,
Al Harrington,Eddy Curry,Jared Jeffries,Nate Robinson,Wilson Chandler,Andrew Bynum,Jordan Farmar,Kobe Bryant,Lamar Odom,Shannon Brown,2,9:16,LAL,shot,,,,,,,,,,Lamar Odom,2,,,made,,putback slam dunk,25,6
Al Harrington,Eddy Curry,Jared Jeffries,Nate Robinson,Wilson Chandler,Andrew Bynum,Jordan Farmar,Kobe Bryant,Lamar Odom,Shannon Brown,2,9:11,NYK,timeout,,,,,,,,,,,,,,,,regular,,
Al Harrington,Chris Duhon,Jared Jeffries,Nate Robinson,Wilson Chandler,Andrew Bynum,Jordan Farmar,Kobe Bryant,Lamar Odom,Shannon Brown,2,9:11,NYK,sub,,,,Chris Duhon,,Eddy Curry,,,,,,,,,,,,
Al Harrington,Chris Duhon,Jared Jeffries,Nate Robinson,Wilson Chandler,Andrew Bynum,Jordan Farmar,Lamar Odom,Ron Artest,Shannon Brown,2,9:11,LAL,sub,,,,Ron Artest,,Kobe Bryant,,,,,,,,,,,,
Al Harrington,Chris Duhon,Jared Jeffries,Nate Robinson,Wilson Chandler,Andrew Bynum,Jordan Farmar,Lamar Odom,Ron Artest,Shannon Brown,2,8:55,NYK,shot,,,,,,,,,,Al Harrington,2,,,made,,reverse layup,25,6
Al Harrington,Chris Duhon,Jared Jeffries,Nate Robinson,Wilson Chandler,Andrew Bynum,Jordan Farmar,Lamar Odom,Ron Artest,Shannon Brown,2,8:55,NYK,violation,,,,,,,,,,,,,,,,delay of game,,
Al Harrington,Chris Duhon,Jared Jeffries,Nate Robinson,Wilson Chandler,Andrew Bynum,Jordan Farmar,Lamar Odom,Ron Artest,Shannon Brown,2,8:47,NYK,foul,,,,,,,,Andrew Bynum,,Jared Jeffries,,,,,,personal,,
Al Harrington,Chris Duhon,Jared Jeffries,Nate Robinson,Wilson Chandler,Andrew Bynum,Jordan Farmar,Lamar Odom,Ron Artest,Shannon Brown,2,8:36,LAL,shot,,,,,,,,,,Ron Artest,,,,missed,,3pt,2,14
Al Harrington,Chris Duhon,Jared Jeffries,Nate Robinson,Wilson Chandler,Andrew Bynum,Jordan Farmar,Lamar Odom,Ron Artest,Shannon Brown,2,8:36,NYK,rebound,,,,,,,,,,,,,,,,,,
Al Harrington,Chris Duhon,Jared Jeffries,Nate Robinson,Wilson Chandler,Andrew Bynum,Jordan Farmar,Lamar Odom,Ron Artest,Shannon Brown,2,8:36,LAL,foul,,,,,,,,Jared Jeffries,,Andrew Bynum,,,,,,loose ball,,
Al Harrington,Chris Duhon,Jared Jeffries,Nate Robinson,Wilson Chandler,Andrew Bynum,Jordan Farmar,Lamar Odom,Ron Artest,Shannon Brown,2,8:27,NYK,shot,,,,,,,,,,Nate Robinson,,,,missed,,3pt,31,30
Al Harrington,Chris Duhon,Jared Jeffries,Nate Robinson,Wilson Chandler,Andrew Bynum,Jordan Farmar,Lamar Odom,Ron Artest,Shannon Brown,2,8:26,LAL,rebound,,,,,,,,,,Jordan Farmar,,,,,,def,,
Al Harrington,Chris Duhon,Jared Jeffries,Nate Robinson,Wilson Chandler,Andrew Bynum,Jordan Farmar,Lamar Odom,Ron Artest,Shannon Brown,2,8:15,LAL,shot,,,,,,,,,,Lamar Odom,,,,missed,,jump,20,26
Al Harrington,Chris Duhon,Jared Jeffries,Nate Robinson,Wilson Chandler,Andrew Bynum,Jordan Farmar,Lamar Odom,Ron Artest,Shannon Brown,2,8:14,LAL,rebound,,,,,,,,,,Andrew Bynum,,,,,,off,,
Al Harrington,Chris Duhon,Jared Jeffries,Nate Robinson,Wilson Chandler,Andrew Bynum,Jordan Farmar,Lamar Odom,Ron Artest,Shannon Brown,2,8:09,LAL,shot,,,,,,,,,,Andrew Bynum,,,,missed,,hook,24,13
Al Harrington,Chris Duhon,Jared Jeffries,Nate Robinson,Wilson Chandler,Andrew Bynum,Jordan Farmar,Lamar Odom,Ron Artest,Shannon Brown,2,8:07,LAL,rebound,,,,,,,,,,Ron Artest,,,,,,off,,
Al Harrington,Chris Duhon,Jared Jeffries,Nate Robinson,Wilson Chandler,Andrew Bynum,Jordan Farmar,Lamar Odom,Ron Artest,Shannon Brown,2,8:00,LAL,shot,,,,,,,,,,Shannon Brown,,,,missed,,3pt,5,21
Al Harrington,Chris Duhon,Jared Jeffries,Nate Robinson,Wilson Chandler,Andrew Bynum,Jordan Farmar,Lamar Odom,Ron Artest,Shannon Brown,2,8:00,NYK,rebound,,,,,,,,,,Chris Duhon,,,,,,def,,
Al Harrington,Chris Duhon,Jared Jeffries,Nate Robinson,Wilson Chandler,Andrew Bynum,Jordan Farmar,Lamar Odom,Ron Artest,Shannon Brown,2,7:44,NYK,shot,,,,,,,,,,Jared Jeffries,,,,missed,,layup,25,6
Al Harrington,Chris Duhon,Jared Jeffries,Nate Robinson,Wilson Chandler,Andrew Bynum,Jordan Farmar,Lamar Odom,Ron Artest,Shannon Brown,2,7:43,LAL,rebound,,,,,,,,,,Lamar Odom,,,,,,def,,
Al Harrington,Chris Duhon,Jared Jeffries,Nate Robinson,Wilson Chandler,Andrew Bynum,Jordan Farmar,Lamar Odom,Ron Artest,Shannon Brown,2,7:38,NYK,foul,,,,,,,,Andrew Bynum,,Jared Jeffries,,,,,,personal,,
Al Harrington,Chris Duhon,David Lee,Nate Robinson,Wilson Chandler,Andrew Bynum,Jordan Farmar,Lamar Odom,Ron Artest,Shannon Brown,2,7:38,NYK,sub,,,,David Lee,,Jared Jeffries,,,,,,,,,,,,
Al Harrington,Chris Duhon,David Lee,Larry Hughes,Wilson Chandler,Andrew Bynum,Jordan Farmar,Lamar Odom,Ron Artest,Shannon Brown,2,7:38,NYK,sub,,,,Larry Hughes,,Nate Robinson,,,,,,,,,,,,
Al Harrington,Chris Duhon,David Lee,Larry Hughes,Wilson Chandler,Andrew Bynum,Jordan Farmar,Lamar Odom,Ron Artest,Shannon Brown,2,7:25,LAL,shot,,,,,,,,,,Jordan Farmar,,,,missed,,layup,25,6
Al Harrington,Chris Duhon,David Lee,Larry Hughes,Wilson Chandler,Andrew Bynum,Jordan Farmar,Lamar Odom,Ron Artest,Shannon Brown,2,7:24,NYK,rebound,,,,,,,,,,David Lee,,,,,,def,,
Al Harrington,Chris Duhon,David Lee,Larry Hughes,Wilson Chandler,Andrew Bynum,Jordan Farmar,Lamar Odom,Ron Artest,Shannon Brown,2,7:19,NYK,shot,,,,,,,,,,Wilson Chandler,,,,missed,,alley oop dunk,25,6
Al Harrington,Chris Duhon,David Lee,Larry Hughes,Wilson Chandler,Andrew Bynum,Jordan Farmar,Lamar Odom,Ron Artest,Shannon Brown,2,7:14,NYK,rebound,,,,,,,,,,Wilson Chandler,,,,,,off,,
Al Harrington,Chris Duhon,David Lee,Larry Hughes,Wilson Chandler,Andrew Bynum,Jordan Farmar,Lamar Odom,Ron Artest,Shannon Brown,2,7:14,NYK,shot,,,,,,,,,,Wilson Chandler,,,,missed,,layup,25,6
Al Harrington,Chris Duhon,David Lee,Larry Hughes,Wilson Chandler,Andrew Bynum,Jordan Farmar,Lamar Odom,Ron Artest,Shannon Brown,2,7:13,LAL,rebound,,,,,,,,,,Andrew Bynum,,,,,,def,,
Al Harrington,Chris Duhon,David Lee,Larry Hughes,Wilson Chandler,Andrew Bynum,Jordan Farmar,Lamar Odom,Ron Artest,Shannon Brown,2,6:59,LAL,shot,,,Wilson Chandler,,,,,,,Ron Artest,,,,missed,,layup,25,6
Al Harrington,Chris Duhon,David Lee,Larry Hughes,Wilson Chandler,Andrew Bynum,Jordan Farmar,Lamar Odom,Ron Artest,Shannon Brown,2,6:56,NYK,rebound,,,,,,,,,,Wilson Chandler,,,,,,def,,
Al Harrington,Chris Duhon,David Lee,Larry Hughes,Wilson Chandler,Andrew Bynum,Jordan Farmar,Lamar Odom,Ron Artest,Shannon Brown,2,6:47,NYK,shot,,,,,,,,,,Chris Duhon,,,,missed,,3pt,31,31
Al Harrington,Chris Duhon,David Lee,Larry Hughes,Wilson Chandler,Andrew Bynum,Jordan Farmar,Lamar Odom,Ron Artest,Shannon Brown,2,6:45,LAL,rebound,,,,,,,,,,Lamar Odom,,,,,,def,,
Al Harrington,Chris Duhon,David Lee,Larry Hughes,Wilson Chandler,Andrew Bynum,Jordan Farmar,Lamar Odom,Ron Artest,Shannon Brown,2,6:41,LAL,shot,Lamar Odom,,,,,,,,,Jordan Farmar,2,,,made,,slam dunk,25,6
Al Harrington,Chris Duhon,David Lee,Larry Hughes,Wilson Chandler,Andrew Bynum,Jordan Farmar,Lamar Odom,Ron Artest,Shannon Brown,2,6:30,NYK,shot,,,,,,,,,,Wilson Chandler,,,,missed,,3pt,2,7
Al Harrington,Chris Duhon,David Lee,Larry Hughes,Wilson Chandler,Andrew Bynum,Jordan Farmar,Lamar Odom,Ron Artest,Shannon Brown,2,6:28,NYK,rebound,,,,,,,,,,Chris Duhon,,,,,,off,,
Al Harrington,Chris Duhon,David Lee,Larry Hughes,Wilson Chandler,Andrew Bynum,Jordan Farmar,Lamar Odom,Ron Artest,Shannon Brown,2,6:23,NYK,shot,Chris Duhon,,,,,,,,,David Lee,2,,,made,,layup,25,6
Al Harrington,Chris Duhon,David Lee,Larry Hughes,Wilson Chandler,Andrew Bynum,Jordan Farmar,Lamar Odom,Ron Artest,Shannon Brown,2,6:03,LAL,shot,,,,,,,,,,Jordan Farmar,,,,missed,,3pt,38,28
Al Harrington,Chris Duhon,David Lee,Larry Hughes,Wilson Chandler,Andrew Bynum,Jordan Farmar,Lamar Odom,Ron Artest,Shannon Brown,2,6:02,NYK,rebound,,,,,,,,,,David Lee,,,,,,def,,
Al Harrington,Chris Duhon,David Lee,Larry Hughes,Wilson Chandler,Andrew Bynum,Jordan Farmar,Lamar Odom,Ron Artest,Shannon Brown,2,5:54,NYK,shot,Al Harrington,,,,,,,,,Wilson Chandler,2,,,made,,layup,25,6
Al Harrington,Chris Duhon,David Lee,Larry Hughes,Wilson Chandler,Andrew Bynum,Jordan Farmar,Lamar Odom,Ron Artest,Shannon Brown,2,5:48,LAL,turnover,,,,,,,,,,Ron Artest,,,out of bounds lost ball turnover,,,,,
Al Harrington,Chris Duhon,David Lee,Larry Hughes,Wilson Chandler,Andrew Bynum,Jordan Farmar,Lamar Odom,Ron Artest,Shannon Brown,2,5:48,NYK,timeout,,,,,,,,,,,,,,,,official,,
Chris Duhon,Danilo Gallinari,David Lee,Larry Hughes,Wilson Chandler,Andrew Bynum,Jordan Farmar,Lamar Odom,Ron Artest,Shannon Brown,2,5:48,NYK,sub,,,,Danilo Gallinari,,Al Harrington,,,,,,,,,,,,
Chris Duhon,Danilo Gallinari,David Lee,Larry Hughes,Wilson Chandler,Jordan Farmar,Kobe Bryant,Lamar Odom,Ron Artest,Shannon Brown,2,5:48,LAL,sub,,,,Kobe Bryant,,Andrew Bynum,,,,,,,,,,,,
Chris Duhon,Danilo Gallinari,David Lee,Larry Hughes,Wilson Chandler,Derek Fisher,Kobe Bryant,Lamar Odom,Ron Artest,Shannon Brown,2,5:48,LAL,sub,,,,Derek Fisher,,Jordan Farmar,,,,,,,,,,,,
Chris Duhon,Danilo Gallinari,David Lee,Larry Hughes,Wilson Chandler,Derek Fisher,Kobe Bryant,Lamar Odom,Pau Gasol,Ron Artest,2,5:48,LAL,sub,,,,Pau Gasol,,Shannon Brown,,,,,,,,,,,,
Chris Duhon,Danilo Gallinari,David Lee,Larry Hughes,Wilson Chandler,Derek Fisher,Kobe Bryant,Lamar Odom,Pau Gasol,Ron Artest,2,5:32,NYK,shot,,,,,,,,,,Danilo Gallinari,,,,missed,,3pt,27,31
Chris Duhon,Danilo Gallinari,David Lee,Larry Hughes,Wilson Chandler,Derek Fisher,Kobe Bryant,Lamar Odom,Pau Gasol,Ron Artest,2,5:31,LAL,rebound,,,,,,,,,,Ron Artest,,,,,,def,,
Chris Duhon,Danilo Gallinari,David Lee,Larry Hughes,Wilson Chandler,Derek Fisher,Kobe Bryant,Lamar Odom,Pau Gasol,Ron Artest,2,5:21,LAL,shot,,,Danilo Gallinari,,,,,,,Ron Artest,,,,missed,,layup,25,6
Chris Duhon,Danilo Gallinari,David Lee,Larry Hughes,Wilson Chandler,Derek Fisher,Kobe Bryant,Lamar Odom,Pau Gasol,Ron Artest,2,5:19,NYK,rebound,,,,,,,,,,David Lee,,,,,,def,,
Chris Duhon,Danilo Gallinari,David Lee,Larry Hughes,Wilson Chandler,Derek Fisher,Kobe Bryant,Lamar Odom,Pau Gasol,Ron Artest,2,5:14,NYK,shot,,,,,,,,,,Wilson Chandler,,,,missed,,jump,4,10
Chris Duhon,Danilo Gallinari,David Lee,Larry Hughes,Wilson Chandler,Derek Fisher,Kobe Bryant,Lamar Odom,Pau Gasol,Ron Artest,2,5:12,LAL,rebound,,,,,,,,,,,,,,,,,,
Chris Duhon,Danilo Gallinari,David Lee,Larry Hughes,Wilson Chandler,Derek Fisher,Kobe Bryant,Lamar Odom,Pau Gasol,Ron Artest,2,4:55,LAL,shot,,,,,,,,,,Kobe Bryant,,,,missed,,jump,35,19
Chris Duhon,Danilo Gallinari,David Lee,Larry Hughes,Wilson Chandler,Derek Fisher,Kobe Bryant,Lamar Odom,Pau Gasol,Ron Artest,2,4:54,NYK,rebound,,,,,,,,,,Wilson Chandler,,,,,,def,,
Chris Duhon,Danilo Gallinari,David Lee,Larry Hughes,Wilson Chandler,Derek Fisher,Kobe Bryant,Lamar Odom,Pau Gasol,Ron Artest,2,4:50,NYK,shot,Wilson Chandler,,,,,,,,,Larry Hughes,2,,,made,,layup,25,6
Chris Duhon,Danilo Gallinari,David Lee,Larry Hughes,Wilson Chandler,Derek Fisher,Kobe Bryant,Lamar Odom,Pau Gasol,Ron Artest,2,4:36,LAL,shot,,,,,,,,,,Lamar Odom,,,,missed,,layup,25,6
Chris Duhon,Danilo Gallinari,David Lee,Larry Hughes,Wilson Chandler,Derek Fisher,Kobe Bryant,Lamar Odom,Pau Gasol,Ron Artest,2,4:35,LAL,rebound,,,,,,,,,,Pau Gasol,,,,,,off,,
Chris Duhon,Danilo Gallinari,David Lee,Larry Hughes,Wilson Chandler,Derek Fisher,Kobe Bryant,Lamar Odom,Pau Gasol,Ron Artest,2,4:34,LAL,shot,,,,,,,,,,Pau Gasol,,,,missed,,layup,25,6
Chris Duhon,Danilo Gallinari,David Lee,Larry Hughes,Wilson Chandler,Derek Fisher,Kobe Bryant,Lamar Odom,Pau Gasol,Ron Artest,2,4:33,NYK,rebound,,,,,,,,,,Wilson Chandler,,,,,,def,,
Chris Duhon,Danilo Gallinari,David Lee,Larry Hughes,Wilson Chandler,Derek Fisher,Kobe Bryant,Lamar Odom,Pau Gasol,Ron Artest,2,4:14,NYK,shot,,,,,,,,,,Wilson Chandler,,,,missed,,jump,35,20
Chris Duhon,Danilo Gallinari,David Lee,Larry Hughes,Wilson Chandler,Derek Fisher,Kobe Bryant,Lamar Odom,Pau Gasol,Ron Artest,2,4:12,LAL,rebound,,,,,,,,,,Pau Gasol,,,,,,def,,
Chris Duhon,Danilo Gallinari,David Lee,Larry Hughes,Wilson Chandler,Derek Fisher,Kobe Bryant,Lamar Odom,Pau Gasol,Ron Artest,2,4:00,LAL,shot,Ron Artest,,,,,,,,,Kobe Bryant,2,,,made,,jump,29,22
Chris Duhon,Danilo Gallinari,David Lee,Larry Hughes,Wilson Chandler,Derek Fisher,Kobe Bryant,Lamar Odom,Pau Gasol,Ron Artest,2,3:41,LAL,foul,,,,,,,,David Lee,,Ron Artest,,,,,,shooting,,
Chris Duhon,Danilo Gallinari,David Lee,Larry Hughes,Wilson Chandler,Derek Fisher,Kobe Bryant,Lamar Odom,Pau Gasol,Ron Artest,2,3:41,NYK,free throw,,,,,,,1,,2,David Lee,,,foul,missed,,,,
Chris Duhon,Danilo Gallinari,David Lee,Larry Hughes,Wilson Chandler,Derek Fisher,Kobe Bryant,Lamar Odom,Pau Gasol,Ron Artest,2,3:41,NYK,rebound,,,,,,,,,,,,,,,,,,
Chris Duhon,Danilo Gallinari,David Lee,Larry Hughes,Wilson Chandler,Derek Fisher,Kobe Bryant,Lamar Odom,Pau Gasol,Ron Artest,2,3:41,NYK,free throw,,,,,,,2,,2,David Lee,,,foul,made,,,,
Chris Duhon,Danilo Gallinari,David Lee,Larry Hughes,Wilson Chandler,Derek Fisher,Kobe Bryant,Lamar Odom,Pau Gasol,Ron Artest,2,3:32,LAL,turnover,,,,,,,,,,Ron Artest,,,bad pass,,David Lee,,,
Chris Duhon,Danilo Gallinari,David Lee,Larry Hughes,Wilson Chandler,Derek Fisher,Kobe Bryant,Lamar Odom,Pau Gasol,Ron Artest,2,3:26,LAL,foul,,,,,,,,Wilson Chandler,,Lamar Odom,,,,,,shooting,,
Chris Duhon,Danilo Gallinari,David Lee,Larry Hughes,Wilson Chandler,Derek Fisher,Kobe Bryant,Lamar Odom,Pau Gasol,Ron Artest,2,3:26,NYK,free throw,,,,,,,1,,2,Wilson Chandler,,,foul,made,,,,
Chris Duhon,Danilo Gallinari,David Lee,Larry Hughes,Wilson Chandler,Andrew Bynum,Derek Fisher,Kobe Bryant,Pau Gasol,Ron Artest,2,3:26,LAL,sub,,,,Andrew Bynum,,Lamar Odom,,,,,,,,,,,,
Chris Duhon,Danilo Gallinari,David Lee,Larry Hughes,Wilson Chandler,Andrew Bynum,Derek Fisher,Kobe Bryant,Pau Gasol,Ron Artest,2,3:26,NYK,free throw,,,,,,,2,,2,Wilson Chandler,,,foul,made,,,,
Chris Duhon,Danilo Gallinari,David Lee,Larry Hughes,Wilson Chandler,Andrew Bynum,Derek Fisher,Kobe Bryant,Pau Gasol,Ron Artest,2,3:13,LAL,shot,,,,,,,,,,Derek Fisher,,,,missed,,driving finger roll layup,25,6
Chris Duhon,Danilo Gallinari,David Lee,Larry Hughes,Wilson Chandler,Andrew Bynum,Derek Fisher,Kobe Bryant,Pau Gasol,Ron Artest,2,3:11,LAL,rebound,,,,,,,,,,Pau Gasol,,,,,,off,,
Chris Duhon,Danilo Gallinari,David Lee,Larry Hughes,Wilson Chandler,Andrew Bynum,Derek Fisher,Kobe Bryant,Pau Gasol,Ron Artest,2,3:11,LAL,shot,,,,,,,,,,Pau Gasol,2,,,made,,tip,25,6
Chris Duhon,Danilo Gallinari,David Lee,Larry Hughes,Wilson Chandler,Andrew Bynum,Derek Fisher,Kobe Bryant,Pau Gasol,Ron Artest,2,3:01,NYK,shot,,,,,,,,,,Larry Hughes,,,,missed,,jump,4,6
Chris Duhon,Danilo Gallinari,David Lee,Larry Hughes,Wilson Chandler,Andrew Bynum,Derek Fisher,Kobe Bryant,Pau Gasol,Ron Artest,2,3:00,NYK,rebound,,,,,,,,,,Larry Hughes,,,,,,off,,
Chris Duhon,Danilo Gallinari,David Lee,Larry Hughes,Wilson Chandler,Andrew Bynum,Derek Fisher,Kobe Bryant,Pau Gasol,Ron Artest,2,2:56,NYK,shot,,,,,,,,,,Larry Hughes,,,,missed,,jump,5,8
Chris Duhon,Danilo Gallinari,David Lee,Larry Hughes,Wilson Chandler,Andrew Bynum,Derek Fisher,Kobe Bryant,Pau Gasol,Ron Artest,2,2:53,LAL,rebound,,,,,,,,,,Pau Gasol,,,,,,def,,
Chris Duhon,Danilo Gallinari,David Lee,Larry Hughes,Wilson Chandler,Andrew Bynum,Derek Fisher,Kobe Bryant,Pau Gasol,Ron Artest,2,2:44,LAL,shot,Derek Fisher,,,,,,,,,Kobe Bryant,2,,,made,,fade away jumper,42,8
Chris Duhon,Danilo Gallinari,David Lee,Larry Hughes,Wilson Chandler,Andrew Bynum,Derek Fisher,Kobe Bryant,Pau Gasol,Ron Artest,2,2:23,NYK,shot,,,,,,,,,,Wilson Chandler,,,,missed,,jump,39,14
Chris Duhon,Danilo Gallinari,David Lee,Larry Hughes,Wilson Chandler,Andrew Bynum,Derek Fisher,Kobe Bryant,Pau Gasol,Ron Artest,2,2:22,LAL,rebound,,,,,,,,,,Derek Fisher,,,,,,def,,
Chris Duhon,Danilo Gallinari,David Lee,Larry Hughes,Wilson Chandler,Andrew Bynum,Derek Fisher,Kobe Bryant,Pau Gasol,Ron Artest,2,2:17,LAL,shot,,,,,,,,,,Derek Fisher,2,,,made,,pullup jump,17,24
Chris Duhon,Danilo Gallinari,David Lee,Larry Hughes,Wilson Chandler,Andrew Bynum,Derek Fisher,Kobe Bryant,Pau Gasol,Ron Artest,2,2:12,NYK,timeout,,,,,,,,,,,,,,,,short,,
Chris Duhon,Danilo Gallinari,David Lee,Larry Hughes,Wilson Chandler,Andrew Bynum,Derek Fisher,Kobe Bryant,Pau Gasol,Ron Artest,2,2:12,LAL,timeout,,,,,,,,,,,,,,,,regular,,
Chris Duhon,Danilo Gallinari,David Lee,Larry Hughes,Wilson Chandler,Andrew Bynum,Derek Fisher,Kobe Bryant,Pau Gasol,Ron Artest,2,1:50,NYK,shot,,,,,,,,,,Danilo Gallinari,,,,missed,,jump,40,13
Chris Duhon,Danilo Gallinari,David Lee,Larry Hughes,Wilson Chandler,Andrew Bynum,Derek Fisher,Kobe Bryant,Pau Gasol,Ron Artest,2,1:49,LAL,rebound,,,,,,,,,,Kobe Bryant,,,,,,def,,
Chris Duhon,Danilo Gallinari,David Lee,Larry Hughes,Wilson Chandler,Andrew Bynum,Derek Fisher,Kobe Bryant,Pau Gasol,Ron Artest,2,1:40,LAL,shot,Kobe Bryant,,,,,,,,,Ron Artest,3,,,made,,3pt,47,8
Chris Duhon,Danilo Gallinari,David Lee,Larry Hughes,Wilson Chandler,Andrew Bynum,Derek Fisher,Kobe Bryant,Pau Gasol,Ron Artest,2,1:29,LAL,foul,,,,,,,,David Lee,,Andrew Bynum,,,,,,shooting,,
Chris Duhon,Danilo Gallinari,David Lee,Larry Hughes,Wilson Chandler,Andrew Bynum,Derek Fisher,Kobe Bryant,Pau Gasol,Ron Artest,2,1:29,NYK,free throw,,,,,,,1,,2,David Lee,,,foul,made,,,,
Chris Duhon,Danilo Gallinari,David Lee,Larry Hughes,Wilson Chandler,Andrew Bynum,Derek Fisher,Kobe Bryant,Pau Gasol,Ron Artest,2,1:29,NYK,free throw,,,,,,,2,,2,David Lee,,,foul,made,,,,
Chris Duhon,Danilo Gallinari,David Lee,Larry Hughes,Wilson Chandler,Andrew Bynum,Derek Fisher,Kobe Bryant,Pau Gasol,Ron Artest,2,1:21,NYK,foul,,,,,,,,Kobe Bryant,,Larry Hughes,,,,,,shooting,,
Chris Duhon,Danilo Gallinari,David Lee,Larry Hughes,Wilson Chandler,Andrew Bynum,Derek Fisher,Kobe Bryant,Pau Gasol,Ron Artest,2,1:21,LAL,free throw,,,,,,,1,,2,Kobe Bryant,,,foul,made,,,,
Chris Duhon,Danilo Gallinari,David Lee,Larry Hughes,Wilson Chandler,Andrew Bynum,Derek Fisher,Kobe Bryant,Pau Gasol,Ron Artest,2,1:21,LAL,free throw,,,,,,,2,,2,Kobe Bryant,,,foul,made,,,,
Chris Duhon,Danilo Gallinari,David Lee,Larry Hughes,Wilson Chandler,Andrew Bynum,Derek Fisher,Kobe Bryant,Pau Gasol,Ron Artest,2,1:09,NYK,shot,,,,,,,,,,David Lee,,,,missed,,jump,16,22
Chris Duhon,Danilo Gallinari,David Lee,Larry Hughes,Wilson Chandler,Andrew Bynum,Derek Fisher,Kobe Bryant,Pau Gasol,Ron Artest,2,1:07,LAL,rebound,,,,,,,,,,Pau Gasol,,,,,,def,,
Chris Duhon,Danilo Gallinari,David Lee,Larry Hughes,Wilson Chandler,Andrew Bynum,Derek Fisher,Kobe Bryant,Pau Gasol,Ron Artest,2,0:59,LAL,shot,,,,,,,,,,Pau Gasol,2,,,made,,layup,25,6
Chris Duhon,Danilo Gallinari,David Lee,Larry Hughes,Wilson Chandler,Andrew Bynum,Derek Fisher,Kobe Bryant,Pau Gasol,Ron Artest,2,0:52,NYK,shot,,,Pau Gasol,,,,,,,Wilson Chandler,,,,missed,,layup,25,6
Chris Duhon,Danilo Gallinari,David Lee,Larry Hughes,Wilson Chandler,Andrew Bynum,Derek Fisher,Kobe Bryant,Pau Gasol,Ron Artest,2,0:49,LAL,rebound,,,,,,,,,,Ron Artest,,,,,,def,,
Chris Duhon,Danilo Gallinari,David Lee,Larry Hughes,Wilson Chandler,Andrew Bynum,Derek Fisher,Kobe Bryant,Pau Gasol,Ron Artest,2,0:46,LAL,shot,,,,,,,,,,Kobe Bryant,,,,missed,,layup,25,6
Chris Duhon,Danilo Gallinari,David Lee,Larry Hughes,Wilson Chandler,Andrew Bynum,Derek Fisher,Kobe Bryant,Pau Gasol,Ron Artest,2,0:44,LAL,rebound,,,,,,,,,,Derek Fisher,,,,,,off,,
Chris Duhon,Danilo Gallinari,David Lee,Larry Hughes,Wilson Chandler,Andrew Bynum,Derek Fisher,Kobe Bryant,Pau Gasol,Ron Artest,2,0:41,LAL,shot,,,,,,,,,,Kobe Bryant,,,,missed,,3pt,42,24
Chris Duhon,Danilo Gallinari,David Lee,Larry Hughes,Wilson Chandler,Andrew Bynum,Derek Fisher,Kobe Bryant,Pau Gasol,Ron Artest,2,0:37,LAL,rebound,,,,,,,,,,Andrew Bynum,,,,,,off,,
Chris Duhon,Danilo Gallinari,David Lee,Larry Hughes,Wilson Chandler,Andrew Bynum,Derek Fisher,Kobe Bryant,Pau Gasol,Ron Artest,2,0:36,LAL,shot,,,Larry Hughes,,,,,,,Andrew Bynum,,,,missed,,layup,25,6
Chris Duhon,Danilo Gallinari,David Lee,Larry Hughes,Wilson Chandler,Andrew Bynum,Derek Fisher,Kobe Bryant,Pau Gasol,Ron Artest,2,0:36,NYK,rebound,,,,,,,,,,Larry Hughes,,,,,,def,,
Chris Duhon,Danilo Gallinari,David Lee,Larry Hughes,Wilson Chandler,Andrew Bynum,Derek Fisher,Kobe Bryant,Pau Gasol,Ron Artest,2,0:36,LAL,foul,,,,,,,,,,Andrew Bynum,,,,,,technical,,
Chris Duhon,Danilo Gallinari,David Lee,Larry Hughes,Wilson Chandler,Andrew Bynum,Derek Fisher,Kobe Bryant,Pau Gasol,Ron Artest,2,0:36,NYK,free throw,,,,,,,1,,1,Chris Duhon,,,technical,missed,,,,
Chris Duhon,Danilo Gallinari,David Lee,Larry Hughes,Wilson Chandler,Andrew Bynum,Derek Fisher,Kobe Bryant,Pau Gasol,Ron Artest,2,0:36,NYK,rebound,,,,,,,,,,,,,,,,,,
Chris Duhon,Danilo Gallinari,David Lee,Larry Hughes,Wilson Chandler,Derek Fisher,Kobe Bryant,Lamar Odom,Pau Gasol,Ron Artest,2,0:36,LAL,sub,,,,Lamar Odom,,Andrew Bynum,,,,,,,,,,,,
Chris Duhon,Danilo Gallinari,David Lee,Larry Hughes,Wilson Chandler,Derek Fisher,Kobe Bryant,Lamar Odom,Pau Gasol,Ron Artest,2,0:29,NYK,shot,,,,,,,,,,Danilo Gallinari,,,,missed,,jump,37,8
Chris Duhon,Danilo Gallinari,David Lee,Larry Hughes,Wilson Chandler,Derek Fisher,Kobe Bryant,Lamar Odom,Pau Gasol,Ron Artest,2,0:29,LAL,rebound,,,,,,,,,,,,,,,,,,
Chris Duhon,Danilo Gallinari,David Lee,Larry Hughes,Wilson Chandler,Derek Fisher,Kobe Bryant,Lamar Odom,Pau Gasol,Ron Artest,2,0:29,NYK,foul,,,,,,,,Derek Fisher,,David Lee,,,,,,loose ball,,
Chris Duhon,Danilo Gallinari,David Lee,Larry Hughes,Wilson Chandler,Derek Fisher,Kobe Bryant,Lamar Odom,Pau Gasol,Ron Artest,2,0:29,LAL,free throw,,,,,,,1,,2,Derek Fisher,,,foul,made,,,,
Chris Duhon,Danilo Gallinari,David Lee,Larry Hughes,Wilson Chandler,Derek Fisher,Kobe Bryant,Lamar Odom,Pau Gasol,Ron Artest,2,0:29,LAL,turnover,,,,,,,,,,Pau Gasol,,,lane violation,,,,,
Chris Duhon,Danilo Gallinari,David Lee,Larry Hughes,Wilson Chandler,Derek Fisher,Kobe Bryant,Lamar Odom,Pau Gasol,Ron Artest,2,0:05,NYK,shot,,,,,,,,,,Wilson Chandler,,,,missed,,jump,30,12
Chris Duhon,Danilo Gallinari,David Lee,Larry Hughes,Wilson Chandler,Derek Fisher,Kobe Bryant,Lamar Odom,Pau Gasol,Ron Artest,2,0:05,NYK,rebound,,,,,,,,,,Wilson Chandler,,,,,,off,,
Chris Duhon,Danilo Gallinari,David Lee,Larry Hughes,Wilson Chandler,Derek Fisher,Kobe Bryant,Lamar Odom,Pau Gasol,Ron Artest,2,0:05,NYK,shot,,,,,,,,,,Wilson Chandler,2,,,made,,tip,25,6
Chris Duhon,Danilo Gallinari,David Lee,Larry Hughes,Wilson Chandler,Derek Fisher,Kobe Bryant,Lamar Odom,Pau Gasol,Ron Artest,2,0:01,NYK,foul,,,,,,,,Kobe Bryant,,Larry Hughes,,,,,,personal,,
Chris Duhon,Danilo Gallinari,David Lee,Larry Hughes,Wilson Chandler,Derek Fisher,Kobe Bryant,Lamar Odom,Pau Gasol,Ron Artest,2,0:01,LAL,free throw,,,,,,,1,,2,Kobe Bryant,,,foul,made,,,,
Chris Duhon,Danilo Gallinari,David Lee,Larry Hughes,Wilson Chandler,Derek Fisher,Kobe Bryant,Lamar Odom,Pau Gasol,Ron Artest,2,0:01,LAL,free throw,,,,,,,2,,2,Kobe Bryant,,,foul,missed,,,,
Chris Duhon,Danilo Gallinari,David Lee,Larry Hughes,Wilson Chandler,Derek Fisher,Kobe Bryant,Lamar Odom,Pau Gasol,Ron Artest,2,0:00,NYK,rebound,,,,,,,,,,Wilson Chandler,,,,,,def,,
Chris Duhon,Danilo Gallinari,David Lee,Larry Hughes,Wilson Chandler,Andrew Bynum,Derek Fisher,Kobe Bryant,Pau Gasol,Ron Artest,3,11:42,LAL,foul,,,,,,,,Wilson Chandler,,Derek Fisher,,,,,,personal,,
Chris Duhon,Danilo Gallinari,David Lee,Larry Hughes,Wilson Chandler,Andrew Bynum,Derek Fisher,Kobe Bryant,Pau Gasol,Ron Artest,3,11:33,NYK,shot,David Lee,,,,,,,,,Danilo Gallinari,3,,,made,,3pt,11,27
Chris Duhon,Danilo Gallinari,David Lee,Larry Hughes,Wilson Chandler,Andrew Bynum,Derek Fisher,Kobe Bryant,Pau Gasol,Ron Artest,3,11:16,LAL,shot,Kobe Bryant,,,,,,,,,Derek Fisher,2,,,made,,jump,45,8
Chris Duhon,Danilo Gallinari,David Lee,Larry Hughes,Wilson Chandler,Andrew Bynum,Derek Fisher,Kobe Bryant,Pau Gasol,Ron Artest,3,10:59,NYK,shot,Larry Hughes,,,,,,,,,Chris Duhon,2,,,made,,driving layup,25,6
Chris Duhon,Danilo Gallinari,David Lee,Larry Hughes,Wilson Chandler,Andrew Bynum,Derek Fisher,Kobe Bryant,Pau Gasol,Ron Artest,3,10:39,LAL,shot,,,Wilson Chandler,,,,,,,Andrew Bynum,,,,missed,,turnaround jump,36,8
Chris Duhon,Danilo Gallinari,David Lee,Larry Hughes,Wilson Chandler,Andrew Bynum,Derek Fisher,Kobe Bryant,Pau Gasol,Ron Artest,3,10:37,NYK,rebound,,,,,,,,,,David Lee,,,,,,def,,
Chris Duhon,Danilo Gallinari,David Lee,Larry Hughes,Wilson Chandler,Andrew Bynum,Derek Fisher,Kobe Bryant,Pau Gasol,Ron Artest,3,10:31,NYK,shot,,,,,,,,,,Wilson Chandler,,,,missed,,turnaround jump,32,10
Chris Duhon,Danilo Gallinari,David Lee,Larry Hughes,Wilson Chandler,Andrew Bynum,Derek Fisher,Kobe Bryant,Pau Gasol,Ron Artest,3,10:29,LAL,rebound,,,,,,,,,,Kobe Bryant,,,,,,def,,
Chris Duhon,Danilo Gallinari,David Lee,Larry Hughes,Wilson Chandler,Andrew Bynum,Derek Fisher,Kobe Bryant,Pau Gasol,Ron Artest,3,10:23,LAL,shot,Pau Gasol,,,,,,,,,Ron Artest,2,,,made,,layup,25,6
Chris Duhon,Danilo Gallinari,David Lee,Larry Hughes,Wilson Chandler,Andrew Bynum,Derek Fisher,Kobe Bryant,Pau Gasol,Ron Artest,3,10:10,NYK,shot,Chris Duhon,,,,,,,,,David Lee,2,,,made,,slam dunk,25,6
Chris Duhon,Danilo Gallinari,David Lee,Larry Hughes,Wilson Chandler,Andrew Bynum,Derek Fisher,Kobe Bryant,Pau Gasol,Ron Artest,3,9:35,LAL,shot,,,,,,,,,,Ron Artest,,,,missed,,3pt,46,20
Chris Duhon,Danilo Gallinari,David Lee,Larry Hughes,Wilson Chandler,Andrew Bynum,Derek Fisher,Kobe Bryant,Pau Gasol,Ron Artest,3,9:33,LAL,rebound,,,,,,,,,,Pau Gasol,,,,,,off,,
Chris Duhon,Danilo Gallinari,David Lee,Larry Hughes,Wilson Chandler,Andrew Bynum,Derek Fisher,Kobe Bryant,Pau Gasol,Ron Artest,3,9:28,LAL,shot,Pau Gasol,,,,,,,,,Ron Artest,2,,,made,,layup,25,6
Chris Duhon,Danilo Gallinari,David Lee,Larry Hughes,Wilson Chandler,Derek Fisher,Kobe Bryant,Lamar Odom,Pau Gasol,Ron Artest,3,9:13,LAL,sub,,,,Lamar Odom,,Andrew Bynum,,,,,,,,,,,,
Chris Duhon,Danilo Gallinari,David Lee,Larry Hughes,Wilson Chandler,Derek Fisher,Kobe Bryant,Lamar Odom,Pau Gasol,Ron Artest,3,9:08,NYK,shot,,,,,,,,,,Chris Duhon,,,,missed,,3pt,43,23
Chris Duhon,Danilo Gallinari,David Lee,Larry Hughes,Wilson Chandler,Derek Fisher,Kobe Bryant,Lamar Odom,Pau Gasol,Ron Artest,3,9:07,LAL,rebound,,,,,,,,,,Pau Gasol,,,,,,def,,
Chris Duhon,Danilo Gallinari,David Lee,Larry Hughes,Wilson Chandler,Derek Fisher,Kobe Bryant,Lamar Odom,Pau Gasol,Ron Artest,3,8:57,LAL,shot,Kobe Bryant,,,,,,,,,Derek Fisher,3,,,made,,3pt,2,12
Chris Duhon,Danilo Gallinari,David Lee,Larry Hughes,Wilson Chandler,Derek Fisher,Kobe Bryant,Lamar Odom,Pau Gasol,Ron Artest,3,8:41,NYK,shot,,,,,,,,,,David Lee,,,,missed,,reverse layup,25,6
Chris Duhon,Danilo Gallinari,David Lee,Larry Hughes,Wilson Chandler,Derek Fisher,Kobe Bryant,Lamar Odom,Pau Gasol,Ron Artest,3,8:37,LAL,rebound,,,,,,,,,,Pau Gasol,,,,,,def,,
Chris Duhon,Danilo Gallinari,David Lee,Larry Hughes,Wilson Chandler,Derek Fisher,Kobe Bryant,Lamar Odom,Pau Gasol,Ron Artest,3,8:36,LAL,foul,,,,,,,,Danilo Gallinari,,Ron Artest,,,,,,offensive,,
Chris Duhon,Danilo Gallinari,David Lee,Larry Hughes,Wilson Chandler,Derek Fisher,Kobe Bryant,Lamar Odom,Pau Gasol,Ron Artest,3,8:36,LAL,turnover,,,,,,,,,,Ron Artest,,,foul,,,,,
Chris Duhon,Danilo Gallinari,David Lee,Larry Hughes,Wilson Chandler,Derek Fisher,Kobe Bryant,Lamar Odom,Pau Gasol,Ron Artest,3,8:30,NYK,foul,,,,,,,,Derek Fisher,,David Lee,,,,,,offensive,,
Chris Duhon,Danilo Gallinari,David Lee,Larry Hughes,Wilson Chandler,Derek Fisher,Kobe Bryant,Lamar Odom,Pau Gasol,Ron Artest,3,8:30,NYK,turnover,,,,,,,,,,David Lee,,,foul,,,,,
Chris Duhon,Danilo Gallinari,David Lee,Larry Hughes,Wilson Chandler,Derek Fisher,Kobe Bryant,Lamar Odom,Pau Gasol,Ron Artest,3,8:18,LAL,shot,,,,,,,,,,Derek Fisher,,,,missed,,jump,28,12
Chris Duhon,Danilo Gallinari,David Lee,Larry Hughes,Wilson Chandler,Derek Fisher,Kobe Bryant,Lamar Odom,Pau Gasol,Ron Artest,3,8:18,LAL,rebound,,,,,,,,,,,,,,,,,,
Chris Duhon,Danilo Gallinari,David Lee,Larry Hughes,Wilson Chandler,Derek Fisher,Kobe Bryant,Lamar Odom,Pau Gasol,Ron Artest,3,8:15,NYK,foul,,,,,,,,Kobe Bryant,,Larry Hughes,,,,,,personal,,
Chris Duhon,Danilo Gallinari,David Lee,Nate Robinson,Wilson Chandler,Derek Fisher,Kobe Bryant,Lamar Odom,Pau Gasol,Ron Artest,3,8:15,NYK,sub,,,,Nate Robinson,,Larry Hughes,,,,,,,,,,,,
Al Harrington,Chris Duhon,Danilo Gallinari,Nate Robinson,Wilson Chandler,Derek Fisher,Kobe Bryant,Lamar Odom,Pau Gasol,Ron Artest,3,8:15,NYK,sub,,,,Al Harrington,,David Lee,,,,,,,,,,,,
Al Harrington,Chris Duhon,Danilo Gallinari,Nate Robinson,Wilson Chandler,Derek Fisher,Kobe Bryant,Lamar Odom,Pau Gasol,Ron Artest,3,8:04,LAL,shot,,,,,,,,,,Kobe Bryant,2,,,made,,driving layup,25,6
Al Harrington,Chris Duhon,Danilo Gallinari,Nate Robinson,Wilson Chandler,Derek Fisher,Kobe Bryant,Lamar Odom,Pau Gasol,Ron Artest,3,7:52,NYK,shot,,,,,,,,,,Chris Duhon,,,,missed,,3pt,28,31
Al Harrington,Chris Duhon,Danilo Gallinari,Nate Robinson,Wilson Chandler,Derek Fisher,Kobe Bryant,Lamar Odom,Pau Gasol,Ron Artest,3,7:50,LAL,rebound,,,,,,,,,,Pau Gasol,,,,,,def,,
Al Harrington,Chris Duhon,Danilo Gallinari,Nate Robinson,Wilson Chandler,Derek Fisher,Kobe Bryant,Lamar Odom,Pau Gasol,Ron Artest,3,7:38,LAL,shot,,,,,,,,,,Lamar Odom,,,,missed,,jump,36,6
Al Harrington,Chris Duhon,Danilo Gallinari,Nate Robinson,Wilson Chandler,Derek Fisher,Kobe Bryant,Lamar Odom,Pau Gasol,Ron Artest,3,7:37,NYK,rebound,,,,,,,,,,Al Harrington,,,,,,def,,
Al Harrington,Chris Duhon,Danilo Gallinari,Nate Robinson,Wilson Chandler,Derek Fisher,Kobe Bryant,Lamar Odom,Pau Gasol,Ron Artest,3,7:28,NYK,shot,,,,,,,,,,Wilson Chandler,,,,missed,,3pt,2,6
Al Harrington,Chris Duhon,Danilo Gallinari,Nate Robinson,Wilson Chandler,Derek Fisher,Kobe Bryant,Lamar Odom,Pau Gasol,Ron Artest,3,7:27,LAL,rebound,,,,,,,,,,Derek Fisher,,,,,,def,,
Al Harrington,Chris Duhon,Danilo Gallinari,Nate Robinson,Wilson Chandler,Derek Fisher,Kobe Bryant,Lamar Odom,Pau Gasol,Ron Artest,3,7:22,LAL,turnover,,,,,,,,,,Lamar Odom,,,bad pass,,Chris Duhon,,,
Al Harrington,Chris Duhon,Danilo Gallinari,Nate Robinson,Wilson Chandler,Derek Fisher,Kobe Bryant,Lamar Odom,Pau Gasol,Ron Artest,3,7:11,NYK,shot,,,,,,,,,,Wilson Chandler,,,,missed,,3pt,48,7
Al Harrington,Chris Duhon,Danilo Gallinari,Nate Robinson,Wilson Chandler,Derek Fisher,Kobe Bryant,Lamar Odom,Pau Gasol,Ron Artest,3,7:09,LAL,rebound,,,,,,,,,,Pau Gasol,,,,,,def,,
Al Harrington,Chris Duhon,Danilo Gallinari,Nate Robinson,Wilson Chandler,Derek Fisher,Kobe Bryant,Lamar Odom,Pau Gasol,Ron Artest,3,7:00,NYK,foul,,,,,,,,,,Wilson Chandler,,,,,,defense 3 second,,
Al Harrington,Chris Duhon,Danilo Gallinari,Nate Robinson,Wilson Chandler,Derek Fisher,Kobe Bryant,Lamar Odom,Pau Gasol,Ron Artest,3,7:00,LAL,free throw,,,,,,,1,,1,Kobe Bryant,,,technical,missed,,,,
Al Harrington,Chris Duhon,Danilo Gallinari,Nate Robinson,Wilson Chandler,Derek Fisher,Kobe Bryant,Lamar Odom,Pau Gasol,Ron Artest,3,7:00,LAL,rebound,,,,,,,,,,,,,,,,,,
Al Harrington,Chris Duhon,Danilo Gallinari,Nate Robinson,Wilson Chandler,Derek Fisher,Kobe Bryant,Lamar Odom,Pau Gasol,Ron Artest,3,6:51,LAL,turnover,,,,,,,,,,Ron Artest,,,bad pass,,Al Harrington,,,
Al Harrington,Chris Duhon,Danilo Gallinari,Nate Robinson,Wilson Chandler,Derek Fisher,Kobe Bryant,Lamar Odom,Pau Gasol,Ron Artest,3,6:46,NYK,turnover,,,,,,,,,,Wilson Chandler,,,palming turnover,,,,,
Al Harrington,Chris Duhon,Danilo Gallinari,Nate Robinson,Wilson Chandler,Derek Fisher,Kobe Bryant,Lamar Odom,Pau Gasol,Ron Artest,3,6:32,LAL,shot,,,,,,,,,,Lamar Odom,,,,missed,,3pt,45,23
Al Harrington,Chris Duhon,Danilo Gallinari,Nate Robinson,Wilson Chandler,Derek Fisher,Kobe Bryant,Lamar Odom,Pau Gasol,Ron Artest,3,6:32,LAL,rebound,,,,,,,,,,,,,,,,,,
Al Harrington,Chris Duhon,Danilo Gallinari,Nate Robinson,Wilson Chandler,Derek Fisher,Kobe Bryant,Lamar Odom,Pau Gasol,Ron Artest,3,6:32,NYK,foul,,,,,,,,Kobe Bryant,,Chris Duhon,,,,,,loose ball,,
Al Harrington,Chris Duhon,Danilo Gallinari,Nate Robinson,Wilson Chandler,Derek Fisher,Kobe Bryant,Lamar Odom,Pau Gasol,Ron Artest,3,6:24,LAL,shot,,,,,,,,,,Kobe Bryant,2,,,made,,driving layup,25,6
Al Harrington,Chris Duhon,Danilo Gallinari,Nate Robinson,Wilson Chandler,Derek Fisher,Kobe Bryant,Lamar Odom,Pau Gasol,Ron Artest,3,6:12,NYK,shot,,,,,,,,,,Al Harrington,,,,missed,,floating jump,26,12
Al Harrington,Chris Duhon,Danilo Gallinari,Nate Robinson,Wilson Chandler,Derek Fisher,Kobe Bryant,Lamar Odom,Pau Gasol,Ron Artest,3,6:11,LAL,rebound,,,,,,,,,,Lamar Odom,,,,,,def,,
Al Harrington,Chris Duhon,Danilo Gallinari,Nate Robinson,Wilson Chandler,Derek Fisher,Kobe Bryant,Lamar Odom,Pau Gasol,Ron Artest,3,5:56,LAL,shot,Lamar Odom,,,,,,,,,Ron Artest,2,,,made,,jump,45,9
Al Harrington,Chris Duhon,Danilo Gallinari,Nate Robinson,Wilson Chandler,Derek Fisher,Kobe Bryant,Lamar Odom,Pau Gasol,Ron Artest,3,5:55,NYK,timeout,,,,,,,,,,,,,,,,regular,,
Al Harrington,Chris Duhon,Danilo Gallinari,Jared Jeffries,Nate Robinson,Derek Fisher,Kobe Bryant,Lamar Odom,Pau Gasol,Ron Artest,3,5:55,NYK,sub,,,,Jared Jeffries,,Wilson Chandler,,,,,,,,,,,,
Al Harrington,Chris Duhon,Danilo Gallinari,Jared Jeffries,Nate Robinson,Derek Fisher,Kobe Bryant,Lamar Odom,Pau Gasol,Ron Artest,3,5:40,NYK,shot,,,,,,,,,,Al Harrington,,,,missed,,3pt,15,29
Al Harrington,Chris Duhon,Danilo Gallinari,Jared Jeffries,Nate Robinson,Derek Fisher,Kobe Bryant,Lamar Odom,Pau Gasol,Ron Artest,3,5:38,LAL,rebound,,,,,,,,,,Pau Gasol,,,,,,def,,
Al Harrington,Chris Duhon,Danilo Gallinari,Jared Jeffries,Nate Robinson,Derek Fisher,Kobe Bryant,Lamar Odom,Pau Gasol,Ron Artest,3,5:21,LAL,shot,,,,,,,,,,Lamar Odom,,,,missed,,3pt,48,5
Al Harrington,Chris Duhon,Danilo Gallinari,Jared Jeffries,Nate Robinson,Derek Fisher,Kobe Bryant,Lamar Odom,Pau Gasol,Ron Artest,3,5:20,LAL,rebound,,,,,,,,,,Pau Gasol,,,,,,off,,
Al Harrington,Chris Duhon,Danilo Gallinari,Jared Jeffries,Nate Robinson,Derek Fisher,Kobe Bryant,Lamar Odom,Pau Gasol,Ron Artest,3,5:15,LAL,shot,,,,,,,,,,Pau Gasol,,,,missed,,jump,28,12
Al Harrington,Chris Duhon,Danilo Gallinari,Jared Jeffries,Nate Robinson,Derek Fisher,Kobe Bryant,Lamar Odom,Pau Gasol,Ron Artest,3,5:12,NYK,rebound,,,,,,,,,,Al Harrington,,,,,,def,,
Al Harrington,Chris Duhon,Danilo Gallinari,Jared Jeffries,Nate Robinson,Derek Fisher,Kobe Bryant,Lamar Odom,Pau Gasol,Ron Artest,3,5:05,NYK,shot,,,,,,,,,,Chris Duhon,,,,missed,,3pt,23,32
Al Harrington,Chris Duhon,Danilo Gallinari,Jared Jeffries,Nate Robinson,Derek Fisher,Kobe Bryant,Lamar Odom,Pau Gasol,Ron Artest,3,5:04,LAL,rebound,,,,,,,,,,Derek Fisher,,,,,,def,,
Al Harrington,Chris Duhon,Danilo Gallinari,Jared Jeffries,Nate Robinson,Derek Fisher,Kobe Bryant,Lamar Odom,Pau Gasol,Ron Artest,3,4:54,LAL,turnover,,,,,,,,,,Kobe Bryant,,,lost ball,,Jared Jeffries,,,
Al Harrington,Chris Duhon,Danilo Gallinari,Jared Jeffries,Nate Robinson,Derek Fisher,Kobe Bryant,Lamar Odom,Pau Gasol,Ron Artest,3,4:50,NYK,foul,,,,,,,,Derek Fisher,,Jared Jeffries,,,,,,offensive,,
Al Harrington,Chris Duhon,Danilo Gallinari,Jared Jeffries,Nate Robinson,Derek Fisher,Kobe Bryant,Lamar Odom,Pau Gasol,Ron Artest,3,4:50,NYK,turnover,,,,,,,,,,Jared Jeffries,,,foul,,,,,
Al Harrington,Danilo Gallinari,Jared Jeffries,Nate Robinson,Toney Douglas,Derek Fisher,Kobe Bryant,Lamar Odom,Pau Gasol,Ron Artest,3,4:50,NYK,sub,,,,Toney Douglas,,Chris Duhon,,,,,,,,,,,,
Al Harrington,Danilo Gallinari,Jared Jeffries,Nate Robinson,Toney Douglas,Derek Fisher,Kobe Bryant,Lamar Odom,Pau Gasol,Ron Artest,3,4:34,LAL,shot,Derek Fisher,,,,,,,,,Kobe Bryant,2,,,made,,jump,37,7
Al Harrington,Danilo Gallinari,Jared Jeffries,Nate Robinson,Toney Douglas,Derek Fisher,Kobe Bryant,Lamar Odom,Pau Gasol,Ron Artest,3,4:13,NYK,shot,,,,,,,,,,Danilo Gallinari,,,,missed,,3pt,28,34
Al Harrington,Danilo Gallinari,Jared Jeffries,Nate Robinson,Toney Douglas,Derek Fisher,Kobe Bryant,Lamar Odom,Pau Gasol,Ron Artest,3,4:11,LAL,rebound,,,,,,,,,,Lamar Odom,,,,,,def,,
Al Harrington,Danilo Gallinari,Jared Jeffries,Nate Robinson,Toney Douglas,Derek Fisher,Kobe Bryant,Lamar Odom,Pau Gasol,Ron Artest,3,4:01,LAL,shot,Ron Artest,,,,,,,,,Pau Gasol,2,,,made,,slam dunk,25,6
Al Harrington,Danilo Gallinari,Jared Jeffries,Nate Robinson,Toney Douglas,Derek Fisher,Kobe Bryant,Lamar Odom,Pau Gasol,Ron Artest,3,4:01,NYK,timeout,,,,,,,,,,,,,,,,regular,,
Al Harrington,Jared Jeffries,Jordan Hill,Nate Robinson,Toney Douglas,Derek Fisher,Kobe Bryant,Lamar Odom,Pau Gasol,Ron Artest,3,4:01,NYK,sub,,,,Jordan Hill,,Danilo Gallinari,,,,,,,,,,,,
Al Harrington,Jared Jeffries,Jordan Hill,Nate Robinson,Toney Douglas,Derek Fisher,Kobe Bryant,Lamar Odom,Pau Gasol,Ron Artest,3,3:48,NYK,shot,,,,,,,,,,Jordan Hill,,,,missed,,jump,21,13
Al Harrington,Jared Jeffries,Jordan Hill,Nate Robinson,Toney Douglas,Derek Fisher,Kobe Bryant,Lamar Odom,Pau Gasol,Ron Artest,3,3:46,LAL,rebound,,,,,,,,,,Lamar Odom,,,,,,def,,
Al Harrington,Jared Jeffries,Jordan Hill,Nate Robinson,Toney Douglas,Derek Fisher,Kobe Bryant,Lamar Odom,Pau Gasol,Ron Artest,3,3:32,LAL,turnover,,,,,,,,,,Pau Gasol,,,out of bounds lost ball turnover,,,,,
Al Harrington,Jared Jeffries,Jordan Hill,Nate Robinson,Toney Douglas,Derek Fisher,Kobe Bryant,Lamar Odom,Pau Gasol,Ron Artest,3,3:19,NYK,shot,,,,,,,,,,Toney Douglas,,,,missed,,jump,32,25
Al Harrington,Jared Jeffries,Jordan Hill,Nate Robinson,Toney Douglas,Derek Fisher,Kobe Bryant,Lamar Odom,Pau Gasol,Ron Artest,3,3:18,LAL,rebound,,,,,,,,,,Lamar Odom,,,,,,def,,
Al Harrington,Jared Jeffries,Jordan Hill,Nate Robinson,Toney Douglas,Derek Fisher,Kobe Bryant,Lamar Odom,Pau Gasol,Ron Artest,3,3:09,LAL,shot,Ron Artest,,,,,,,,,Kobe Bryant,2,,,made,,layup,25,6
Al Harrington,Jared Jeffries,Jordan Hill,Nate Robinson,Toney Douglas,Derek Fisher,Kobe Bryant,Lamar Odom,Pau Gasol,Ron Artest,3,2:43,NYK,shot,Nate Robinson,,,,,,,,,Al Harrington,3,,,made,,3pt,43,23
Al Harrington,Jared Jeffries,Jordan Hill,Nate Robinson,Toney Douglas,Derek Fisher,Kobe Bryant,Lamar Odom,Pau Gasol,Ron Artest,3,2:20,LAL,turnover,,,,,,,,,,Kobe Bryant,,,5 second violation,,,,,
Al Harrington,Jared Jeffries,Jordan Hill,Nate Robinson,Toney Douglas,Derek Fisher,Kobe Bryant,Lamar Odom,Pau Gasol,Ron Artest,3,2:07,NYK,shot,,,,,,,,,,Nate Robinson,,,,missed,,jump,12,19
Al Harrington,Jared Jeffries,Jordan Hill,Nate Robinson,Toney Douglas,Derek Fisher,Kobe Bryant,Lamar Odom,Pau Gasol,Ron Artest,3,2:06,LAL,rebound,,,,,,,,,,Lamar Odom,,,,,,def,,
Al Harrington,Jared Jeffries,Jordan Hill,Nate Robinson,Toney Douglas,Derek Fisher,Kobe Bryant,Lamar Odom,Pau Gasol,Ron Artest,3,1:55,LAL,shot,,,,,,,,,,Ron Artest,2,,,made,,jump,41,13
Al Harrington,Jared Jeffries,Jordan Hill,Nate Robinson,Toney Douglas,Derek Fisher,Kobe Bryant,Lamar Odom,Pau Gasol,Ron Artest,3,1:46,LAL,foul,,,,,,,,Al Harrington,,Ron Artest,,,,,,personal,,
Al Harrington,Jared Jeffries,Jordan Hill,Nate Robinson,Toney Douglas,Derek Fisher,Kobe Bryant,Lamar Odom,Pau Gasol,Ron Artest,3,1:36,NYK,shot,Nate Robinson,,,,,,,,,Jordan Hill,2,,,made,,driving layup,25,6
Al Harrington,Jared Jeffries,Jordan Hill,Nate Robinson,Toney Douglas,Derek Fisher,Kobe Bryant,Lamar Odom,Pau Gasol,Ron Artest,3,1:19,LAL,turnover,,,,,,,,,,Kobe Bryant,,,3 second violation,,,,,
Al Harrington,Jared Jeffries,Jordan Hill,Nate Robinson,Toney Douglas,Derek Fisher,Kobe Bryant,Lamar Odom,Pau Gasol,Sasha Vujacic,3,1:19,LAL,sub,,,,Sasha Vujacic,,Ron Artest,,,,,,,,,,,,
Al Harrington,Jared Jeffries,Jordan Hill,Nate Robinson,Toney Douglas,Derek Fisher,Kobe Bryant,Lamar Odom,Pau Gasol,Sasha Vujacic,3,1:07,NYK,shot,,,,,,,,,,Toney Douglas,2,,,made,,driving layup,25,6
Al Harrington,Jared Jeffries,Jordan Hill,Nate Robinson,Toney Douglas,Derek Fisher,Kobe Bryant,Lamar Odom,Pau Gasol,Sasha Vujacic,3,0:50,NYK,foul,,,,,,,,Kobe Bryant,,Toney Douglas,,,,,,personal,,
Al Harrington,Jared Jeffries,Jordan Hill,Nate Robinson,Toney Douglas,Derek Fisher,Kobe Bryant,Lamar Odom,Pau Gasol,Sasha Vujacic,3,0:40,LAL,shot,,,Jordan Hill,,,,,,,Lamar Odom,,,,missed,,layup,27,6
Al Harrington,Jared Jeffries,Jordan Hill,Nate Robinson,Toney Douglas,Derek Fisher,Kobe Bryant,Lamar Odom,Pau Gasol,Sasha Vujacic,3,0:40,LAL,rebound,,,,,,,,,,,,,,,,,,
Al Harrington,Jared Jeffries,Jordan Hill,Nate Robinson,Toney Douglas,Derek Fisher,Kobe Bryant,Lamar Odom,Pau Gasol,Sasha Vujacic,3,0:38,LAL,shot,Sasha Vujacic,,,,,,,,,Kobe Bryant,3,,,made,,3pt,2,5
Al Harrington,Jared Jeffries,Jordan Hill,Nate Robinson,Toney Douglas,Derek Fisher,Kobe Bryant,Lamar Odom,Pau Gasol,Sasha Vujacic,3,0:25,NYK,shot,,,,,,,,,,Al Harrington,,,,missed,,3pt,36,28
Al Harrington,Jared Jeffries,Jordan Hill,Nate Robinson,Toney Douglas,Derek Fisher,Kobe Bryant,Lamar Odom,Pau Gasol,Sasha Vujacic,3,0:23,LAL,rebound,,,,,,,,,,Derek Fisher,,,,,,def,,
Al Harrington,Jared Jeffries,Jordan Hill,Nate Robinson,Toney Douglas,Derek Fisher,Kobe Bryant,Lamar Odom,Pau Gasol,Sasha Vujacic,3,0:01,LAL,shot,,,,,,,,,,Kobe Bryant,2,,,made,,fade away jumper,28,14
Al Harrington,Jared Jeffries,Jordan Hill,Nate Robinson,Toney Douglas,Derek Fisher,Kobe Bryant,Lamar Odom,Pau Gasol,Sasha Vujacic,3,0:00,NYK,shot,Al Harrington,,,,,,,,,Nate Robinson,3,,,made,,3pt,43,30
Al Harrington,Jared Jeffries,Jordan Hill,Nate Robinson,Toney Douglas,Andrew Bynum,Kobe Bryant,Lamar Odom,Sasha Vujacic,Shannon Brown,4,11:46,LAL,shot,,,,,,,,,,Kobe Bryant,,,,missed,,3pt,42,25
Al Harrington,Jared Jeffries,Jordan Hill,Nate Robinson,Toney Douglas,Andrew Bynum,Kobe Bryant,Lamar Odom,Sasha Vujacic,Shannon Brown,4,11:44,LAL,rebound,,,,,,,,,,Lamar Odom,,,,,,off,,
Al Harrington,Jared Jeffries,Jordan Hill,Nate Robinson,Toney Douglas,Andrew Bynum,Kobe Bryant,Lamar Odom,Sasha Vujacic,Shannon Brown,4,11:41,LAL,shot,Lamar Odom,,,,,,,,,Andrew Bynum,2,,,made,,hook,25,12
Al Harrington,Jared Jeffries,Jordan Hill,Nate Robinson,Toney Douglas,Andrew Bynum,Kobe Bryant,Lamar Odom,Sasha Vujacic,Shannon Brown,4,11:41,NYK,foul,,,,,,,,Andrew Bynum,,Al Harrington,,,,,,shooting,,
Al Harrington,Jared Jeffries,Jordan Hill,Nate Robinson,Toney Douglas,Andrew Bynum,Kobe Bryant,Lamar Odom,Sasha Vujacic,Shannon Brown,4,11:41,LAL,free throw,,,,,,,1,,1,Andrew Bynum,,,foul,made,,,,
Al Harrington,Jared Jeffries,Jordan Hill,Nate Robinson,Toney Douglas,Andrew Bynum,Kobe Bryant,Lamar Odom,Sasha Vujacic,Shannon Brown,4,11:26,NYK,shot,Al Harrington,,,,,,,,,Nate Robinson,2,,,made,,jump,10,7
Al Harrington,Jared Jeffries,Jordan Hill,Nate Robinson,Toney Douglas,Andrew Bynum,Kobe Bryant,Lamar Odom,Sasha Vujacic,Shannon Brown,4,11:08,LAL,turnover,,,,,,,,,,Lamar Odom,,,bad pass,,Toney Douglas,,,
Al Harrington,Jared Jeffries,Jordan Hill,Nate Robinson,Toney Douglas,Andrew Bynum,Kobe Bryant,Lamar Odom,Sasha Vujacic,Shannon Brown,4,11:04,NYK,shot,Jared Jeffries,,,,,,,,,Toney Douglas,2,,,made,,driving layup,25,6
Al Harrington,Jared Jeffries,Jordan Hill,Nate Robinson,Toney Douglas,Andrew Bynum,Kobe Bryant,Lamar Odom,Sasha Vujacic,Shannon Brown,4,10:37,NYK,foul,,,,,,,,Andrew Bynum,,Jordan Hill,,,,,,shooting,,
Al Harrington,Jared Jeffries,Jordan Hill,Nate Robinson,Toney Douglas,Andrew Bynum,Kobe Bryant,Lamar Odom,Sasha Vujacic,Shannon Brown,4,10:37,LAL,free throw,,,,,,,1,,2,Andrew Bynum,,,foul,made,,,,
Al Harrington,Jared Jeffries,Jordan Hill,Nate Robinson,Toney Douglas,Andrew Bynum,Kobe Bryant,Lamar Odom,Sasha Vujacic,Shannon Brown,4,10:37,LAL,free throw,,,,,,,2,,2,Andrew Bynum,,,foul,made,,,,
Al Harrington,Jared Jeffries,Jordan Hill,Nate Robinson,Toney Douglas,Andrew Bynum,Kobe Bryant,Lamar Odom,Sasha Vujacic,Shannon Brown,4,10:19,NYK,turnover,,,,,,,,,,Al Harrington,,,lost ball,,Kobe Bryant,,,
Al Harrington,Jared Jeffries,Jordan Hill,Nate Robinson,Toney Douglas,Andrew Bynum,Kobe Bryant,Lamar Odom,Sasha Vujacic,Shannon Brown,4,10:09,LAL,turnover,,,,,,,,,,Shannon Brown,,,bad pass,,Al Harrington,,,
Al Harrington,Jared Jeffries,Jordan Hill,Nate Robinson,Toney Douglas,Andrew Bynum,Kobe Bryant,Lamar Odom,Sasha Vujacic,Shannon Brown,4,10:08,LAL,foul,,,,,,,,Nate Robinson,,Lamar Odom,,,,,,personal,,
Al Harrington,Jared Jeffries,Jordan Hill,Nate Robinson,Toney Douglas,Andrew Bynum,Kobe Bryant,Lamar Odom,Sasha Vujacic,Shannon Brown,4,10:01,NYK,turnover,,,,,,,,,,Al Harrington,,,out of bounds lost ball turnover,,,,,
Al Harrington,Jared Jeffries,Jordan Hill,Nate Robinson,Toney Douglas,Andrew Bynum,Kobe Bryant,Lamar Odom,Sasha Vujacic,Shannon Brown,4,9:48,LAL,turnover,,,,,,,,,,Sasha Vujacic,,,bad pass,,,,,
Al Harrington,Jared Jeffries,Jordan Hill,Nate Robinson,Toney Douglas,Andrew Bynum,Kobe Bryant,Lamar Odom,Sasha Vujacic,Shannon Brown,4,9:36,NYK,shot,,,,,,,,,,Toney Douglas,,,,missed,,3pt,48,14
Al Harrington,Jared Jeffries,Jordan Hill,Nate Robinson,Toney Douglas,Andrew Bynum,Kobe Bryant,Lamar Odom,Sasha Vujacic,Shannon Brown,4,9:34,NYK,rebound,,,,,,,,,,Jordan Hill,,,,,,off,,
Al Harrington,Jared Jeffries,Jordan Hill,Nate Robinson,Toney Douglas,Andrew Bynum,Kobe Bryant,Lamar Odom,Sasha Vujacic,Shannon Brown,4,9:30,NYK,turnover,,,,,,,,,,Jordan Hill,,,bad pass,,Lamar Odom,,,
Al Harrington,Jared Jeffries,Jordan Hill,Nate Robinson,Toney Douglas,Andrew Bynum,Kobe Bryant,Lamar Odom,Sasha Vujacic,Shannon Brown,4,9:20,LAL,shot,Shannon Brown,,,,,,,,,Lamar Odom,3,,,made,,3pt,39,26
Al Harrington,Jared Jeffries,Jordan Hill,Nate Robinson,Toney Douglas,Andrew Bynum,Kobe Bryant,Lamar Odom,Sasha Vujacic,Shannon Brown,4,9:04,NYK,shot,,,,,,,,,,Nate Robinson,,,,missed,,jump,40,16
Al Harrington,Jared Jeffries,Jordan Hill,Nate Robinson,Toney Douglas,Andrew Bynum,Kobe Bryant,Lamar Odom,Sasha Vujacic,Shannon Brown,4,9:03,LAL,rebound,,,,,,,,,,Lamar Odom,,,,,,def,,
Al Harrington,Jared Jeffries,Jordan Hill,Nate Robinson,Toney Douglas,Andrew Bynum,Kobe Bryant,Lamar Odom,Sasha Vujacic,Shannon Brown,4,8:59,LAL,turnover,,,,,,,,,,Shannon Brown,,,traveling,,,,,
Al Harrington,Jared Jeffries,Jordan Hill,Nate Robinson,Toney Douglas,Andrew Bynum,Kobe Bryant,Lamar Odom,Sasha Vujacic,Shannon Brown,4,8:59,NYK,timeout,,,,,,,,,,,,,,,,official,,
Al Harrington,Jared Jeffries,Jordan Hill,Nate Robinson,Toney Douglas,Adam Morrison,Andrew Bynum,Lamar Odom,Sasha Vujacic,Shannon Brown,4,8:59,LAL,sub,,,,Adam Morrison,,Kobe Bryant,,,,,,,,,,,,
Al Harrington,Jared Jeffries,Jordan Hill,Nate Robinson,Toney Douglas,Adam Morrison,Andrew Bynum,Lamar Odom,Sasha Vujacic,Shannon Brown,4,8:43,NYK,shot,Nate Robinson,,,,,,,,,Toney Douglas,2,,,made,,pullup jump,8,5
Al Harrington,Jared Jeffries,Jordan Hill,Nate Robinson,Toney Douglas,Adam Morrison,Andrew Bynum,Lamar Odom,Sasha Vujacic,Shannon Brown,4,8:24,LAL,shot,,,,,,,,,,Andrew Bynum,,,,missed,,hook,25,13
Al Harrington,Jared Jeffries,Jordan Hill,Nate Robinson,Toney Douglas,Adam Morrison,Andrew Bynum,Lamar Odom,Sasha Vujacic,Shannon Brown,4,8:21,NYK,rebound,,,,,,,,,,Al Harrington,,,,,,def,,
Al Harrington,Jared Jeffries,Jordan Hill,Nate Robinson,Toney Douglas,Adam Morrison,Andrew Bynum,Lamar Odom,Sasha Vujacic,Shannon Brown,4,8:10,NYK,shot,,,,,,,,,,Al Harrington,,,,missed,,3pt,48,11
Al Harrington,Jared Jeffries,Jordan Hill,Nate Robinson,Toney Douglas,Adam Morrison,Andrew Bynum,Lamar Odom,Sasha Vujacic,Shannon Brown,4,8:09,LAL,rebound,,,,,,,,,,Shannon Brown,,,,,,def,,
Al Harrington,Jared Jeffries,Jordan Hill,Nate Robinson,Toney Douglas,Adam Morrison,Andrew Bynum,Lamar Odom,Sasha Vujacic,Shannon Brown,4,7:56,LAL,shot,,,,,,,,,,Sasha Vujacic,,,,missed,,jump,30,28
Al Harrington,Jared Jeffries,Jordan Hill,Nate Robinson,Toney Douglas,Adam Morrison,Andrew Bynum,Lamar Odom,Sasha Vujacic,Shannon Brown,4,7:54,LAL,rebound,,,,,,,,,,,,,,,,,,
Danilo Gallinari,Jared Jeffries,Jordan Hill,Nate Robinson,Toney Douglas,Adam Morrison,Andrew Bynum,Lamar Odom,Sasha Vujacic,Shannon Brown,4,7:54,NYK,sub,,,,Danilo Gallinari,,Al Harrington,,,,,,,,,,,,
Danilo Gallinari,Jared Jeffries,Jordan Hill,Nate Robinson,Toney Douglas,Adam Morrison,Andrew Bynum,Lamar Odom,Sasha Vujacic,Shannon Brown,4,7:42,LAL,turnover,,,,,,,,,,Andrew Bynum,,,bad pass,,Danilo Gallinari,,,
Danilo Gallinari,Jared Jeffries,Jordan Hill,Nate Robinson,Toney Douglas,Adam Morrison,Andrew Bynum,Lamar Odom,Sasha Vujacic,Shannon Brown,4,7:36,NYK,turnover,,,,,,,,,,Toney Douglas,,,traveling,,,,,
Danilo Gallinari,Jared Jeffries,Jordan Hill,Nate Robinson,Toney Douglas,Adam Morrison,Andrew Bynum,Lamar Odom,Sasha Vujacic,Shannon Brown,4,7:19,LAL,shot,,,,,,,,,,Andrew Bynum,,,,missed,,hook,16,9
Danilo Gallinari,Jared Jeffries,Jordan Hill,Nate Robinson,Toney Douglas,Adam Morrison,Andrew Bynum,Lamar Odom,Sasha Vujacic,Shannon Brown,4,7:16,NYK,rebound,,,,,,,,,,Danilo Gallinari,,,,,,def,,
Danilo Gallinari,Jared Jeffries,Jordan Hill,Nate Robinson,Toney Douglas,Adam Morrison,Andrew Bynum,Lamar Odom,Sasha Vujacic,Shannon Brown,4,7:11,NYK,shot,Nate Robinson,,,,,,,,,Jordan Hill,2,,,made,,slam dunk,25,6
Danilo Gallinari,Jared Jeffries,Jordan Hill,Nate Robinson,Toney Douglas,Adam Morrison,Andrew Bynum,Lamar Odom,Sasha Vujacic,Shannon Brown,4,6:58,LAL,turnover,,,,,,,,,,Andrew Bynum,,,bad pass,,Nate Robinson,,,
Danilo Gallinari,Jared Jeffries,Jordan Hill,Nate Robinson,Toney Douglas,Adam Morrison,Andrew Bynum,Lamar Odom,Sasha Vujacic,Shannon Brown,4,6:52,NYK,turnover,,,,,,,,,,Nate Robinson,,,out of bounds lost ball turnover,,,,,
Danilo Gallinari,Jared Jeffries,Jordan Hill,Nate Robinson,Toney Douglas,Adam Morrison,Andrew Bynum,Lamar Odom,Sasha Vujacic,Shannon Brown,4,6:40,LAL,shot,,,Danilo Gallinari,,,,,,,Andrew Bynum,,,,missed,,layup,25,6
Danilo Gallinari,Jared Jeffries,Jordan Hill,Nate Robinson,Toney Douglas,Adam Morrison,Andrew Bynum,Lamar Odom,Sasha Vujacic,Shannon Brown,4,6:40,LAL,rebound,,,,,,,,,,Andrew Bynum,,,,,,off,,
Danilo Gallinari,Jared Jeffries,Jordan Hill,Nate Robinson,Toney Douglas,Adam Morrison,Andrew Bynum,Lamar Odom,Sasha Vujacic,Shannon Brown,4,6:40,NYK,foul,,,,,,,,Andrew Bynum,,Danilo Gallinari,,,,,,loose ball,,
Danilo Gallinari,Jared Jeffries,Jordan Hill,Nate Robinson,Toney Douglas,Adam Morrison,Andrew Bynum,Lamar Odom,Sasha Vujacic,Shannon Brown,4,6:33,LAL,turnover,,,,,,,,,,Lamar Odom,,,traveling,,,,,
Danilo Gallinari,Jared Jeffries,Jordan Hill,Nate Robinson,Toney Douglas,Adam Morrison,Andrew Bynum,Lamar Odom,Sasha Vujacic,Shannon Brown,4,6:19,LAL,foul,,,,,,,,Jordan Hill,,Lamar Odom,,,,,,shooting,,
Danilo Gallinari,Jared Jeffries,Jordan Hill,Nate Robinson,Toney Douglas,Adam Morrison,Andrew Bynum,Lamar Odom,Sasha Vujacic,Shannon Brown,4,6:19,NYK,free throw,,,,,,,1,,2,Jordan Hill,,,foul,made,,,,
Danilo Gallinari,Jordan Hill,Nate Robinson,Toney Douglas,Wilson Chandler,Adam Morrison,Andrew Bynum,Lamar Odom,Sasha Vujacic,Shannon Brown,4,6:19,NYK,sub,,,,Wilson Chandler,,Jared Jeffries,,,,,,,,,,,,
Danilo Gallinari,Jordan Hill,Nate Robinson,Toney Douglas,Wilson Chandler,Adam Morrison,Andrew Bynum,Lamar Odom,Sasha Vujacic,Shannon Brown,4,6:19,NYK,free throw,,,,,,,2,,2,Jordan Hill,,,foul,missed,,,,
Danilo Gallinari,Jordan Hill,Nate Robinson,Toney Douglas,Wilson Chandler,Adam Morrison,Andrew Bynum,Lamar Odom,Sasha Vujacic,Shannon Brown,4,6:17,LAL,rebound,,,,,,,,,,Adam Morrison,,,,,,def,,
Danilo Gallinari,Jordan Hill,Nate Robinson,Toney Douglas,Wilson Chandler,Adam Morrison,Andrew Bynum,Lamar Odom,Sasha Vujacic,Shannon Brown,4,6:01,LAL,shot,,,,,,,,,,Sasha Vujacic,,,,missed,,jump,45,17
Danilo Gallinari,Jordan Hill,Nate Robinson,Toney Douglas,Wilson Chandler,Adam Morrison,Andrew Bynum,Lamar Odom,Sasha Vujacic,Shannon Brown,4,5:59,NYK,rebound,,,,,,,,,,Nate Robinson,,,,,,def,,
Danilo Gallinari,Jordan Hill,Nate Robinson,Toney Douglas,Wilson Chandler,Adam Morrison,Andrew Bynum,Lamar Odom,Sasha Vujacic,Shannon Brown,4,5:49,NYK,shot,,,,,,,,,,Wilson Chandler,,,,missed,,3pt,15,29
Danilo Gallinari,Jordan Hill,Nate Robinson,Toney Douglas,Wilson Chandler,Adam Morrison,Andrew Bynum,Lamar Odom,Sasha Vujacic,Shannon Brown,4,5:48,NYK,rebound,,,,,,,,,,Jordan Hill,,,,,,off,,
Danilo Gallinari,Jordan Hill,Nate Robinson,Toney Douglas,Wilson Chandler,Adam Morrison,Andrew Bynum,Lamar Odom,Sasha Vujacic,Shannon Brown,4,5:40,NYK,shot,Nate Robinson,,,,,,,,,Danilo Gallinari,3,,,made,,3pt,41,24
Danilo Gallinari,Jordan Hill,Nate Robinson,Toney Douglas,Wilson Chandler,Adam Morrison,Andrew Bynum,Lamar Odom,Sasha Vujacic,Shannon Brown,4,5:21,LAL,shot,,,,,,,,,,Adam Morrison,,,,missed,,jump,10,9
Danilo Gallinari,Jordan Hill,Nate Robinson,Toney Douglas,Wilson Chandler,Adam Morrison,Andrew Bynum,Lamar Odom,Sasha Vujacic,Shannon Brown,4,5:19,LAL,rebound,,,,,,,,,,Shannon Brown,,,,,,off,,
Danilo Gallinari,Jordan Hill,Nate Robinson,Toney Douglas,Wilson Chandler,Adam Morrison,Andrew Bynum,Lamar Odom,Sasha Vujacic,Shannon Brown,4,5:16,LAL,shot,,,,,,,,,,Sasha Vujacic,,,,missed,,jump,43,7
Danilo Gallinari,Jordan Hill,Nate Robinson,Toney Douglas,Wilson Chandler,Adam Morrison,Andrew Bynum,Lamar Odom,Sasha Vujacic,Shannon Brown,4,5:14,NYK,rebound,,,,,,,,,,Danilo Gallinari,,,,,,def,,
Danilo Gallinari,Jordan Hill,Nate Robinson,Toney Douglas,Wilson Chandler,Adam Morrison,Andrew Bynum,Lamar Odom,Sasha Vujacic,Shannon Brown,4,5:08,NYK,shot,,,,,,,,,,Toney Douglas,,,,missed,,jump,11,18
Danilo Gallinari,Jordan Hill,Nate Robinson,Toney Douglas,Wilson Chandler,Adam Morrison,Andrew Bynum,Lamar Odom,Sasha Vujacic,Shannon Brown,4,5:07,NYK,rebound,,,,,,,,,,Nate Robinson,,,,,,off,,
Danilo Gallinari,Jordan Hill,Nate Robinson,Toney Douglas,Wilson Chandler,Adam Morrison,Andrew Bynum,Lamar Odom,Sasha Vujacic,Shannon Brown,4,5:03,NYK,shot,Wilson Chandler,,,,,,,,,Nate Robinson,3,,,made,,3pt,43,25
Danilo Gallinari,Jordan Hill,Nate Robinson,Toney Douglas,Wilson Chandler,Adam Morrison,Andrew Bynum,Lamar Odom,Sasha Vujacic,Shannon Brown,4,5:02,LAL,timeout,,,,,,,,,,,,,,,,regular,,
Danilo Gallinari,Jordan Hill,Nate Robinson,Toney Douglas,Wilson Chandler,Adam Morrison,Andrew Bynum,Jordan Farmar,Sasha Vujacic,Shannon Brown,4,5:02,LAL,sub,,,,Jordan Farmar,,Lamar Odom,,,,,,,,,,,,
Danilo Gallinari,Jordan Hill,Nate Robinson,Toney Douglas,Wilson Chandler,Adam Morrison,Andrew Bynum,Jordan Farmar,Kobe Bryant,Sasha Vujacic,4,5:02,LAL,sub,,,,Kobe Bryant,,Shannon Brown,,,,,,,,,,,,
Danilo Gallinari,Jordan Hill,Nate Robinson,Toney Douglas,Wilson Chandler,Adam Morrison,Andrew Bynum,Jordan Farmar,Kobe Bryant,Ron Artest,4,5:02,LAL,sub,,,,Ron Artest,,Sasha Vujacic,,,,,,,,,,,,
Danilo Gallinari,Jordan Hill,Nate Robinson,Toney Douglas,Wilson Chandler,Adam Morrison,Andrew Bynum,Jordan Farmar,Kobe Bryant,Ron Artest,4,4:47,NYK,foul,,,,,,,,Andrew Bynum,,Jordan Hill,,,,,,shooting,,
Danilo Gallinari,Jordan Hill,Nate Robinson,Toney Douglas,Wilson Chandler,Adam Morrison,Andrew Bynum,Jordan Farmar,Kobe Bryant,Ron Artest,4,4:47,LAL,free throw,,,,,,,1,,2,Andrew Bynum,,,foul,made,,,,
Danilo Gallinari,Jordan Hill,Nate Robinson,Toney Douglas,Wilson Chandler,Adam Morrison,Andrew Bynum,Jordan Farmar,Kobe Bryant,Ron Artest,4,4:47,LAL,free throw,,,,,,,2,,2,Andrew Bynum,,,foul,made,,,,
Danilo Gallinari,Jordan Hill,Nate Robinson,Toney Douglas,Wilson Chandler,Adam Morrison,Andrew Bynum,Jordan Farmar,Kobe Bryant,Ron Artest,4,4:31,NYK,shot,Danilo Gallinari,,,,,,,,,Wilson Chandler,2,,,made,,jump,7,6
Danilo Gallinari,Jordan Hill,Nate Robinson,Toney Douglas,Wilson Chandler,Adam Morrison,Andrew Bynum,Jordan Farmar,Kobe Bryant,Ron Artest,4,4:14,NYK,foul,,,,,,,,Ron Artest,,Jordan Hill,,,,,,shooting,,
Danilo Gallinari,Jordan Hill,Nate Robinson,Toney Douglas,Wilson Chandler,Adam Morrison,Andrew Bynum,Jordan Farmar,Kobe Bryant,Ron Artest,4,4:14,LAL,free throw,,,,,,,1,,2,Ron Artest,,,foul,missed,,,,
Danilo Gallinari,Jordan Hill,Nate Robinson,Toney Douglas,Wilson Chandler,Adam Morrison,Andrew Bynum,Jordan Farmar,Kobe Bryant,Ron Artest,4,4:14,LAL,rebound,,,,,,,,,,,,,,,,,,
Danilo Gallinari,Jordan Hill,Nate Robinson,Toney Douglas,Wilson Chandler,Adam Morrison,Andrew Bynum,Jordan Farmar,Kobe Bryant,Ron Artest,4,4:14,LAL,free throw,,,,,,,2,,2,Ron Artest,,,foul,made,,,,
Danilo Gallinari,Jordan Hill,Nate Robinson,Toney Douglas,Wilson Chandler,Adam Morrison,Andrew Bynum,Jordan Farmar,Kobe Bryant,Ron Artest,4,4:06,NYK,shot,,,,,,,,,,Nate Robinson,,,,missed,,jump,13,21
Danilo Gallinari,Jordan Hill,Nate Robinson,Toney Douglas,Wilson Chandler,Adam Morrison,Andrew Bynum,Jordan Farmar,Kobe Bryant,Ron Artest,4,4:05,NYK,rebound,,,,,,,,,,Wilson Chandler,,,,,,off,,
Danilo Gallinari,Jordan Hill,Nate Robinson,Toney Douglas,Wilson Chandler,Adam Morrison,Andrew Bynum,Jordan Farmar,Kobe Bryant,Ron Artest,4,3:51,NYK,shot,,,,,,,,,,Nate Robinson,,,,missed,,layup,25,6
Danilo Gallinari,Jordan Hill,Nate Robinson,Toney Douglas,Wilson Chandler,Adam Morrison,Andrew Bynum,Jordan Farmar,Kobe Bryant,Ron Artest,4,3:50,LAL,rebound,,,,,,,,,,Adam Morrison,,,,,,def,,
Danilo Gallinari,Jordan Hill,Nate Robinson,Toney Douglas,Wilson Chandler,Adam Morrison,Andrew Bynum,Jordan Farmar,Kobe Bryant,Ron Artest,4,3:34,LAL,shot,Andrew Bynum,,,,,,,,,Ron Artest,2,,,made,,layup,25,6
Danilo Gallinari,Jordan Hill,Nate Robinson,Toney Douglas,Wilson Chandler,Adam Morrison,Andrew Bynum,Jordan Farmar,Kobe Bryant,Ron Artest,4,3:16,NYK,shot,,,,,,,,,,Wilson Chandler,,,,missed,,jump,8,13
Danilo Gallinari,Jordan Hill,Nate Robinson,Toney Douglas,Wilson Chandler,Adam Morrison,Andrew Bynum,Jordan Farmar,Kobe Bryant,Ron Artest,4,3:15,LAL,rebound,,,,,,,,,,Ron Artest,,,,,,def,,
Danilo Gallinari,Jordan Hill,Nate Robinson,Toney Douglas,Wilson Chandler,Adam Morrison,Andrew Bynum,Jordan Farmar,Kobe Bryant,Ron Artest,4,3:00,LAL,turnover,,,,,,,,,,Andrew Bynum,,,traveling,,,,,
Danilo Gallinari,Jordan Hill,Nate Robinson,Toney Douglas,Wilson Chandler,Adam Morrison,Andrew Bynum,Jordan Farmar,Kobe Bryant,Ron Artest,4,2:49,NYK,shot,Jordan Hill,,,,,,,,,Toney Douglas,3,,,made,,3pt,47,18
Danilo Gallinari,Jordan Hill,Nate Robinson,Toney Douglas,Wilson Chandler,Adam Morrison,Andrew Bynum,Jordan Farmar,Kobe Bryant,Ron Artest,4,2:21,LAL,shot,,,,,,,,,,Jordan Farmar,,,,missed,,3pt,44,22
Danilo Gallinari,Jordan Hill,Nate Robinson,Toney Douglas,Wilson Chandler,Adam Morrison,Andrew Bynum,Jordan Farmar,Kobe Bryant,Ron Artest,4,2:20,NYK,rebound,,,,,,,,,,Jordan Hill,,,,,,def,,
Danilo Gallinari,Jordan Hill,Nate Robinson,Toney Douglas,Wilson Chandler,Adam Morrison,Andrew Bynum,Jordan Farmar,Kobe Bryant,Ron Artest,4,2:04,LAL,foul,,,,,,,,Wilson Chandler,,Andrew Bynum,,,,,,shooting,,
Danilo Gallinari,Jordan Hill,Nate Robinson,Toney Douglas,Wilson Chandler,Adam Morrison,Andrew Bynum,Jordan Farmar,Kobe Bryant,Ron Artest,4,2:04,NYK,timeout,,,,,,,,,,,,,,,,regular,,
Danilo Gallinari,Jordan Hill,Nate Robinson,Toney Douglas,Wilson Chandler,Adam Morrison,Andrew Bynum,Jordan Farmar,Kobe Bryant,Ron Artest,4,2:04,NYK,free throw,,,,,,,1,,2,Wilson Chandler,,,foul,made,,,,
Danilo Gallinari,Jordan Hill,Nate Robinson,Toney Douglas,Wilson Chandler,Adam Morrison,Andrew Bynum,Jordan Farmar,Kobe Bryant,Ron Artest,4,2:04,NYK,free throw,,,,,,,2,,2,Wilson Chandler,,,foul,made,,,,
Danilo Gallinari,Jordan Hill,Nate Robinson,Toney Douglas,Wilson Chandler,Adam Morrison,Andrew Bynum,Jordan Farmar,Kobe Bryant,Ron Artest,4,1:51,LAL,shot,Jordan Farmar,,,,,,,,,Kobe Bryant,2,,,made,,alley oop layup,25,6
Danilo Gallinari,Jordan Hill,Nate Robinson,Toney Douglas,Wilson Chandler,Adam Morrison,Andrew Bynum,Jordan Farmar,Kobe Bryant,Ron Artest,4,1:40,LAL,foul,,,,,,,,,,Andrew Bynum,,,,,,defense 3 second,,
Danilo Gallinari,Jordan Hill,Nate Robinson,Toney Douglas,Wilson Chandler,Adam Morrison,Andrew Bynum,Jordan Farmar,Kobe Bryant,Ron Artest,4,1:40,NYK,free throw,,,,,,,1,,1,Nate Robinson,,,technical,made,,,,
Danilo Gallinari,Jordan Hill,Nate Robinson,Toney Douglas,Wilson Chandler,Adam Morrison,Andrew Bynum,Jordan Farmar,Kobe Bryant,Ron Artest,4,1:26,NYK,shot,,,,,,,,,,Toney Douglas,3,,,made,,3pt,43,25
Danilo Gallinari,Jordan Hill,Nate Robinson,Toney Douglas,Wilson Chandler,Adam Morrison,Andrew Bynum,Jordan Farmar,Kobe Bryant,Ron Artest,4,1:09,LAL,turnover,,,,,,,,,,Andrew Bynum,,,offensive goaltending,,,,,
Danilo Gallinari,Jordan Hill,Nate Robinson,Toney Douglas,Wilson Chandler,Adam Morrison,Andrew Bynum,Jordan Farmar,Kobe Bryant,Ron Artest,4,1:09,NYK,timeout,,,,,,,,,,,,,,,,regular,,
Danilo Gallinari,Jordan Hill,Nate Robinson,Toney Douglas,Wilson Chandler,Adam Morrison,Andrew Bynum,Jordan Farmar,Kobe Bryant,Ron Artest,4,0:57,NYK,shot,Danilo Gallinari,,,,,,,,,Jordan Hill,2,,,made,,finger roll layup,25,6
Danilo Gallinari,Jordan Hill,Nate Robinson,Toney Douglas,Wilson Chandler,Adam Morrison,Andrew Bynum,Jordan Farmar,Kobe Bryant,Ron Artest,4,0:37,NYK,foul,,,,,,,,Kobe Bryant,,Wilson Chandler,,,,,,shooting,,
Danilo Gallinari,Jordan Hill,Nate Robinson,Toney Douglas,Wilson Chandler,Adam Morrison,Andrew Bynum,Jordan Farmar,Kobe Bryant,Ron Artest,4,0:37,LAL,free throw,,,,,,,1,,2,Kobe Bryant,,,foul,made,,,,
Danilo Gallinari,Jordan Hill,Nate Robinson,Toney Douglas,Wilson Chandler,Adam Morrison,Andrew Bynum,Jordan Farmar,Kobe Bryant,Ron Artest,4,0:37,LAL,free throw,,,,,,,2,,2,Kobe Bryant,,,foul,made,,,,
Danilo Gallinari,Jordan Hill,Nate Robinson,Toney Douglas,Wilson Chandler,Adam Morrison,Andrew Bynum,Jordan Farmar,Kobe Bryant,Ron Artest,4,0:22,NYK,shot,,,,,,,,,,Wilson Chandler,,,,missed,,3pt,30,31
Danilo Gallinari,Jordan Hill,Nate Robinson,Toney Douglas,Wilson Chandler,Adam Morrison,Andrew Bynum,Jordan Farmar,Kobe Bryant,Ron Artest,4,0:21,LAL,rebound,,,,,,,,,,Andrew Bynum,,,,,,def,,
