a1,a2,a3,a4,a5,h1,h2,h3,h4,h5,period,time,team,etype,assist,away,block,entered,home,left,num,opponent,outof,player,points,possession,reason,result,steal,type,x,y
Anthony Parker,J.J. Hickson,LeBron James,Mo Williams,Shaquille O'Neal,Amare Stoudemire,Channing Frye,Grant Hill,Jason Richardson,Steve Nash,1,12:00,OFF,jump ball,,Shaquille O'Neal,,,Amare Stoudemire,,,,,,,Steve Nash,,,,,,
Anthony Parker,J.J. Hickson,LeBron James,Mo Williams,Shaquille O'Neal,Amare Stoudemire,Channing Frye,Grant Hill,Jason Richardson,Steve Nash,1,11:48,PHX,shot,,,,,,,,,,Amare Stoudemire,,,,missed,,jump,43,12
Anthony Parker,J.J. Hickson,LeBron James,Mo Williams,Shaquille O'Neal,Amare Stoudemire,Channing Frye,Grant Hill,Jason Richardson,Steve Nash,1,11:46,CLE,rebound,,,,,,,,,,Mo Williams,,,,,,def,,
Anthony Parker,J.J. Hickson,LeBron James,Mo Williams,Shaquille O'Neal,Amare Stoudemire,Channing Frye,Grant Hill,Jason Richardson,Steve Nash,1,11:36,CLE,shot,,,,,,,,,,LeBron James,2,,,made,,jump,26,25
Anthony Parker,J.J. Hickson,LeBron James,Mo Williams,Shaquille O'Neal,Amare Stoudemire,Channing Frye,Grant Hill,Jason Richardson,Steve Nash,1,11:25,PHX,shot,,,,,,,,,,Steve Nash,,,,missed,,3pt,45,22
Anthony Parker,J.J. Hickson,LeBron James,Mo Williams,Shaquille O'Neal,Amare Stoudemire,Channing Frye,Grant Hill,Jason Richardson,Steve Nash,1,11:23,CLE,rebound,,,,,,,,,,Shaquille O'Neal,,,,,,def,,
Anthony Parker,J.J. Hickson,LeBron James,Mo Williams,Shaquille O'Neal,Amare Stoudemire,Channing Frye,Grant Hill,Jason Richardson,Steve Nash,1,11:11,CLE,shot,,,,,,,,,,J.J. Hickson,,,,missed,,turnaround jump,41,5
Anthony Parker,J.J. Hickson,LeBron James,Mo Williams,Shaquille O'Neal,Amare Stoudemire,Channing Frye,Grant Hill,Jason Richardson,Steve Nash,1,11:07,PHX,rebound,,,,,,,,,,Channing Frye,,,,,,def,,
Anthony Parker,J.J. Hickson,LeBron James,Mo Williams,Shaquille O'Neal,Amare Stoudemire,Channing Frye,Grant Hill,Jason Richardson,Steve Nash,1,10:56,PHX,shot,Channing Frye,,,,,,,,,Jason Richardson,3,,,made,,3pt,2,7
Anthony Parker,J.J. Hickson,LeBron James,Mo Williams,Shaquille O'Neal,Amare Stoudemire,Channing Frye,Grant Hill,Jason Richardson,Steve Nash,1,10:38,CLE,shot,,,,,,,,,,Shaquille O'Neal,,,,missed,,jump bank,34,10
Anthony Parker,J.J. Hickson,LeBron James,Mo Williams,Shaquille O'Neal,Amare Stoudemire,Channing Frye,Grant Hill,Jason Richardson,Steve Nash,1,10:36,PHX,rebound,,,,,,,,,,Channing Frye,,,,,,def,,
Anthony Parker,J.J. Hickson,LeBron James,Mo Williams,Shaquille O'Neal,Amare Stoudemire,Channing Frye,Grant Hill,Jason Richardson,Steve Nash,1,10:36,PHX,turnover,,,,,,,,,,Channing Frye,,,traveling,,,,,
Anthony Parker,J.J. Hickson,LeBron James,Mo Williams,Shaquille O'Neal,Amare Stoudemire,Channing Frye,Grant Hill,Jason Richardson,Steve Nash,1,10:30,CLE,shot,,,,,,,,,,Mo Williams,2,,,made,,jump,14,14
Anthony Parker,J.J. Hickson,LeBron James,Mo Williams,Shaquille O'Neal,Amare Stoudemire,Channing Frye,Grant Hill,Jason Richardson,Steve Nash,1,10:17,PHX,shot,Steve Nash,,,,,,,,,Amare Stoudemire,2,,,made,,jump,41,17
Anthony Parker,J.J. Hickson,LeBron James,Mo Williams,Shaquille O'Neal,Amare Stoudemire,Channing Frye,Grant Hill,Jason Richardson,Steve Nash,1,10:07,CLE,shot,,,Steve Nash,,,,,,,Mo Williams,,,,missed,,layup,25,6
Anthony Parker,J.J. Hickson,LeBron James,Mo Williams,Shaquille O'Neal,Amare Stoudemire,Channing Frye,Grant Hill,Jason Richardson,Steve Nash,1,10:07,CLE,rebound,,,,,,,,,,,,,,,,,,
Anthony Parker,J.J. Hickson,LeBron James,Mo Williams,Shaquille O'Neal,Amare Stoudemire,Channing Frye,Grant Hill,Jason Richardson,Steve Nash,1,10:05,CLE,shot,Anthony Parker,,,,,,,,,LeBron James,2,,,made,,layup,25,6
Anthony Parker,J.J. Hickson,LeBron James,Mo Williams,Shaquille O'Neal,Amare Stoudemire,Channing Frye,Grant Hill,Jason Richardson,Steve Nash,1,9:59,PHX,shot,Steve Nash,,,,,,,,,Amare Stoudemire,2,,,made,,dunk,25,6
Anthony Parker,J.J. Hickson,LeBron James,Mo Williams,Shaquille O'Neal,Amare Stoudemire,Channing Frye,Grant Hill,Jason Richardson,Steve Nash,1,9:38,PHX,foul,,,,,,,,Shaquille O'Neal,,Channing Frye,,,,,,shooting,,
Anthony Parker,J.J. Hickson,LeBron James,Mo Williams,Shaquille O'Neal,Amare Stoudemire,Channing Frye,Grant Hill,Jason Richardson,Steve Nash,1,9:38,CLE,free throw,,,,,,,1,,2,Shaquille O'Neal,,,foul,missed,,,,
Anthony Parker,J.J. Hickson,LeBron James,Mo Williams,Shaquille O'Neal,Amare Stoudemire,Channing Frye,Grant Hill,Jason Richardson,Steve Nash,1,9:38,CLE,rebound,,,,,,,,,,,,,,,,,,
Anthony Parker,J.J. Hickson,LeBron James,Mo Williams,Shaquille O'Neal,Amare Stoudemire,Channing Frye,Grant Hill,Jason Richardson,Steve Nash,1,9:38,CLE,free throw,,,,,,,2,,2,Shaquille O'Neal,,,foul,made,,,,
Anthony Parker,J.J. Hickson,LeBron James,Mo Williams,Shaquille O'Neal,Amare Stoudemire,Channing Frye,Grant Hill,Jason Richardson,Steve Nash,1,9:28,PHX,shot,,,,,,,,,,Steve Nash,2,,,made,,running jump,24,13
Anthony Parker,J.J. Hickson,LeBron James,Mo Williams,Shaquille O'Neal,Amare Stoudemire,Channing Frye,Grant Hill,Jason Richardson,Steve Nash,1,9:13,CLE,shot,,,,,,,,,,LeBron James,2,,,made,,jump bank,30,11
Anthony Parker,J.J. Hickson,LeBron James,Mo Williams,Shaquille O'Neal,Amare Stoudemire,Channing Frye,Grant Hill,Jason Richardson,Steve Nash,1,9:06,CLE,foul,,,,,,,,Jason Richardson,,Shaquille O'Neal,,,,,,shooting,,
Anthony Parker,J.J. Hickson,LeBron James,Mo Williams,Shaquille O'Neal,Amare Stoudemire,Channing Frye,Grant Hill,Jason Richardson,Steve Nash,1,9:06,PHX,free throw,,,,,,,1,,2,Jason Richardson,,,foul,made,,,,
Anthony Parker,J.J. Hickson,LeBron James,Mo Williams,Shaquille O'Neal,Amare Stoudemire,Channing Frye,Grant Hill,Jason Richardson,Steve Nash,1,9:06,PHX,free throw,,,,,,,2,,2,Jason Richardson,,,foul,missed,,,,
Anthony Parker,J.J. Hickson,LeBron James,Mo Williams,Shaquille O'Neal,Amare Stoudemire,Channing Frye,Grant Hill,Jason Richardson,Steve Nash,1,9:04,PHX,rebound,,,,,,,,,,Amare Stoudemire,,,,,,off,,
Anthony Parker,J.J. Hickson,LeBron James,Mo Williams,Shaquille O'Neal,Amare Stoudemire,Channing Frye,Grant Hill,Jason Richardson,Steve Nash,1,9:04,PHX,shot,,,Shaquille O'Neal,,,,,,,Amare Stoudemire,,,,missed,,layup,25,6
Anthony Parker,J.J. Hickson,LeBron James,Mo Williams,Shaquille O'Neal,Amare Stoudemire,Channing Frye,Grant Hill,Jason Richardson,Steve Nash,1,9:00,CLE,rebound,,,,,,,,,,Shaquille O'Neal,,,,,,def,,
Anthony Parker,J.J. Hickson,LeBron James,Mo Williams,Shaquille O'Neal,Amare Stoudemire,Channing Frye,Grant Hill,Jason Richardson,Steve Nash,1,8:54,PHX,foul,,,,,,,,LeBron James,,Grant Hill,,,,,,shooting,,
Anthony Parker,J.J. Hickson,LeBron James,Mo Williams,Shaquille O'Neal,Amare Stoudemire,Channing Frye,Grant Hill,Jason Richardson,Steve Nash,1,8:54,CLE,free throw,,,,,,,1,,2,LeBron James,,,foul,made,,,,
Anthony Parker,J.J. Hickson,LeBron James,Mo Williams,Shaquille O'Neal,Amare Stoudemire,Channing Frye,Grant Hill,Jason Richardson,Steve Nash,1,8:54,CLE,free throw,,,,,,,2,,2,LeBron James,,,foul,made,,,,
Anthony Parker,J.J. Hickson,LeBron James,Mo Williams,Shaquille O'Neal,Amare Stoudemire,Channing Frye,Grant Hill,Jason Richardson,Steve Nash,1,8:32,CLE,foul,,,,,,,,Steve Nash,,J.J. Hickson,,,,,,shooting,,
Anthony Parker,J.J. Hickson,LeBron James,Mo Williams,Shaquille O'Neal,Amare Stoudemire,Channing Frye,Grant Hill,Jason Richardson,Steve Nash,1,8:32,PHX,free throw,,,,,,,1,,2,Steve Nash,,,foul,made,,,,
Anthony Parker,J.J. Hickson,LeBron James,Mo Williams,Shaquille O'Neal,Amare Stoudemire,Channing Frye,Grant Hill,Jason Richardson,Steve Nash,1,8:32,PHX,free throw,,,,,,,2,,2,Steve Nash,,,foul,made,,,,
Anthony Parker,J.J. Hickson,LeBron James,Mo Williams,Shaquille O'Neal,Amare Stoudemire,Channing Frye,Grant Hill,Jason Richardson,Steve Nash,1,8:19,CLE,shot,,,,,,,,,,LeBron James,,,,missed,,jump,20,24
Anthony Parker,J.J. Hickson,LeBron James,Mo Williams,Shaquille O'Neal,Amare Stoudemire,Channing Frye,Grant Hill,Jason Richardson,Steve Nash,1,8:17,PHX,rebound,,,,,,,,,,Jason Richardson,,,,,,def,,
Anthony Parker,J.J. Hickson,LeBron James,Mo Williams,Shaquille O'Neal,Amare Stoudemire,Channing Frye,Grant Hill,Jason Richardson,Steve Nash,1,8:10,PHX,shot,,,,,,,,,,Jason Richardson,,,,missed,,3pt,34,31
Anthony Parker,J.J. Hickson,LeBron James,Mo Williams,Shaquille O'Neal,Amare Stoudemire,Channing Frye,Grant Hill,Jason Richardson,Steve Nash,1,8:08,CLE,rebound,,,,,,,,,,Shaquille O'Neal,,,,,,def,,
Anthony Parker,J.J. Hickson,LeBron James,Mo Williams,Shaquille O'Neal,Amare Stoudemire,Channing Frye,Grant Hill,Jason Richardson,Steve Nash,1,7:57,CLE,turnover,,,,,,,,,,Mo Williams,,,double dribble,,,,,
Anthony Parker,J.J. Hickson,LeBron James,Mo Williams,Shaquille O'Neal,Amare Stoudemire,Channing Frye,Grant Hill,Jason Richardson,Steve Nash,1,7:47,PHX,turnover,,,,,,,,,,Jason Richardson,,,bad pass,,LeBron James,,,
Anthony Parker,J.J. Hickson,LeBron James,Mo Williams,Shaquille O'Neal,Amare Stoudemire,Channing Frye,Grant Hill,Jason Richardson,Steve Nash,1,7:43,CLE,shot,Mo Williams,,,,,,,,,LeBron James,2,,,made,,slam dunk,25,6
Anthony Parker,J.J. Hickson,LeBron James,Mo Williams,Shaquille O'Neal,Amare Stoudemire,Channing Frye,Grant Hill,Jason Richardson,Steve Nash,1,7:27,PHX,shot,Steve Nash,,,,,,,,,Amare Stoudemire,2,,,made,,turnaround jump,40,5
Anthony Parker,J.J. Hickson,LeBron James,Mo Williams,Shaquille O'Neal,Amare Stoudemire,Channing Frye,Grant Hill,Jason Richardson,Steve Nash,1,7:12,CLE,shot,,,,,,,,,,Anthony Parker,2,,,made,,jump,9,17
Anthony Parker,J.J. Hickson,LeBron James,Mo Williams,Shaquille O'Neal,Amare Stoudemire,Channing Frye,Grant Hill,Jason Richardson,Steve Nash,1,6:57,PHX,shot,Steve Nash,,,,,,,,,Amare Stoudemire,2,,,made,,jump,22,25
Anthony Parker,J.J. Hickson,LeBron James,Mo Williams,Shaquille O'Neal,Amare Stoudemire,Channing Frye,Grant Hill,Jason Richardson,Steve Nash,1,6:43,CLE,shot,Anthony Parker,,,,,,,,,Mo Williams,2,,,made,,jump,9,6
Anthony Parker,J.J. Hickson,LeBron James,Mo Williams,Shaquille O'Neal,Amare Stoudemire,Channing Frye,Grant Hill,Jason Richardson,Steve Nash,1,6:30,PHX,turnover,,,,,,,,,,Steve Nash,,,bad pass,,Shaquille O'Neal,,,
Anthony Parker,J.J. Hickson,LeBron James,Mo Williams,Shaquille O'Neal,Amare Stoudemire,Channing Frye,Grant Hill,Jason Richardson,Steve Nash,1,6:22,CLE,shot,,,,,,,,,,Mo Williams,,,,missed,,layup,25,6
Anthony Parker,J.J. Hickson,LeBron James,Mo Williams,Shaquille O'Neal,Amare Stoudemire,Channing Frye,Grant Hill,Jason Richardson,Steve Nash,1,6:21,CLE,rebound,,,,,,,,,,J.J. Hickson,,,,,,off,,
Anthony Parker,J.J. Hickson,LeBron James,Mo Williams,Shaquille O'Neal,Amare Stoudemire,Channing Frye,Grant Hill,Jason Richardson,Steve Nash,1,6:21,CLE,shot,,,,,,,,,,J.J. Hickson,2,,,made,,layup,25,6
Anthony Parker,J.J. Hickson,LeBron James,Mo Williams,Shaquille O'Neal,Amare Stoudemire,Channing Frye,Grant Hill,Jason Richardson,Steve Nash,1,6:12,PHX,shot,,,,,,,,,,Amare Stoudemire,2,,,made,,turnaround jump,34,19
Anthony Parker,J.J. Hickson,LeBron James,Mo Williams,Shaquille O'Neal,Amare Stoudemire,Channing Frye,Grant Hill,Jason Richardson,Steve Nash,1,6:01,CLE,foul,,,,,,,,Amare Stoudemire,,Shaquille O'Neal,,,,,,offensive,,
Anthony Parker,J.J. Hickson,LeBron James,Mo Williams,Shaquille O'Neal,Amare Stoudemire,Channing Frye,Grant Hill,Jason Richardson,Steve Nash,1,6:01,CLE,turnover,,,,,,,,,,Shaquille O'Neal,,,foul,,,,,
Anderson Varejao,Anthony Parker,J.J. Hickson,LeBron James,Mo Williams,Amare Stoudemire,Channing Frye,Grant Hill,Jason Richardson,Steve Nash,1,6:01,CLE,sub,,,,Anderson Varejao,,Shaquille O'Neal,,,,,,,,,,,,
Anderson Varejao,Anthony Parker,J.J. Hickson,LeBron James,Mo Williams,Amare Stoudemire,Channing Frye,Grant Hill,Jason Richardson,Steve Nash,1,5:43,PHX,shot,,,,,,,,,,Steve Nash,,,,missed,,3pt,7,23
Anderson Varejao,Anthony Parker,J.J. Hickson,LeBron James,Mo Williams,Amare Stoudemire,Channing Frye,Grant Hill,Jason Richardson,Steve Nash,1,5:41,CLE,rebound,,,,,,,,,,Anthony Parker,,,,,,def,,
Anderson Varejao,Anthony Parker,J.J. Hickson,LeBron James,Mo Williams,Amare Stoudemire,Channing Frye,Grant Hill,Jason Richardson,Steve Nash,1,5:26,CLE,shot,,,,,,,,,,J.J. Hickson,,,,missed,,turnaround jump,19,12
Anderson Varejao,Anthony Parker,J.J. Hickson,LeBron James,Mo Williams,Amare Stoudemire,Channing Frye,Grant Hill,Jason Richardson,Steve Nash,1,5:23,PHX,rebound,,,,,,,,,,Steve Nash,,,,,,def,,
Anderson Varejao,Anthony Parker,J.J. Hickson,LeBron James,Mo Williams,Amare Stoudemire,Channing Frye,Grant Hill,Jason Richardson,Steve Nash,1,5:16,PHX,shot,Steve Nash,,,,,,,,,Channing Frye,3,,,made,,3pt,49,18
Anderson Varejao,Anthony Parker,J.J. Hickson,LeBron James,Mo Williams,Amare Stoudemire,Channing Frye,Grant Hill,Jason Richardson,Steve Nash,1,4:59,CLE,shot,LeBron James,,,,,,,,,J.J. Hickson,2,,,made,,dunk,25,6
Anderson Varejao,Anthony Parker,J.J. Hickson,LeBron James,Mo Williams,Amare Stoudemire,Channing Frye,Grant Hill,Jason Richardson,Steve Nash,1,4:48,PHX,shot,,,,,,,,,,Jason Richardson,,,,missed,,jump,30,10
Anderson Varejao,Anthony Parker,J.J. Hickson,LeBron James,Mo Williams,Amare Stoudemire,Channing Frye,Grant Hill,Jason Richardson,Steve Nash,1,4:46,CLE,rebound,,,,,,,,,,Anthony Parker,,,,,,def,,
Anderson Varejao,Anthony Parker,J.J. Hickson,LeBron James,Mo Williams,Amare Stoudemire,Channing Frye,Grant Hill,Jason Richardson,Steve Nash,1,4:43,CLE,shot,,,,,,,,,,Mo Williams,,,,missed,,jump,19,27
Anderson Varejao,Anthony Parker,J.J. Hickson,LeBron James,Mo Williams,Amare Stoudemire,Channing Frye,Grant Hill,Jason Richardson,Steve Nash,1,4:41,PHX,rebound,,,,,,,,,,Grant Hill,,,,,,def,,
Anderson Varejao,Anthony Parker,J.J. Hickson,LeBron James,Mo Williams,Amare Stoudemire,Channing Frye,Grant Hill,Jason Richardson,Steve Nash,1,4:40,PHX,timeout,,,,,,,,,,,,,,,,regular,,
Anderson Varejao,Anthony Parker,J.J. Hickson,LeBron James,Mo Williams,Amare Stoudemire,Channing Frye,Jared Dudley,Jason Richardson,Steve Nash,1,4:40,PHX,sub,,,,Jared Dudley,,Grant Hill,,,,,,,,,,,,
Anderson Varejao,Anthony Parker,J.J. Hickson,LeBron James,Mo Williams,Amare Stoudemire,Channing Frye,Jared Dudley,Jason Richardson,Steve Nash,1,4:19,PHX,shot,,,,,,,,,,Jason Richardson,2,,,made,,driving reverse layup,25,6
Anderson Varejao,Anthony Parker,J.J. Hickson,LeBron James,Mo Williams,Amare Stoudemire,Channing Frye,Jared Dudley,Jason Richardson,Steve Nash,1,3:55,CLE,shot,,,,,,,,,,Mo Williams,,,,missed,,jump,25,23
Anderson Varejao,Anthony Parker,J.J. Hickson,LeBron James,Mo Williams,Amare Stoudemire,Channing Frye,Jared Dudley,Jason Richardson,Steve Nash,1,3:53,PHX,rebound,,,,,,,,,,Amare Stoudemire,,,,,,def,,
Anderson Varejao,Anthony Parker,J.J. Hickson,LeBron James,Mo Williams,Amare Stoudemire,Channing Frye,Jared Dudley,Jason Richardson,Steve Nash,1,3:51,PHX,turnover,,,,,,,,,,Amare Stoudemire,,,bad pass,,Mo Williams,,,
Anderson Varejao,Anthony Parker,J.J. Hickson,LeBron James,Mo Williams,Amare Stoudemire,Channing Frye,Jared Dudley,Jason Richardson,Steve Nash,1,3:48,CLE,shot,,,,,,,,,,LeBron James,2,,,made,,driving slam dunk,25,6
Anderson Varejao,Anthony Parker,J.J. Hickson,LeBron James,Mo Williams,Amare Stoudemire,Channing Frye,Jared Dudley,Jason Richardson,Steve Nash,1,3:29,CLE,foul,,,,,,,,Steve Nash,,Mo Williams,,,,,,shooting,,
Anderson Varejao,Anthony Parker,Delonte West,J.J. Hickson,LeBron James,Amare Stoudemire,Channing Frye,Jared Dudley,Jason Richardson,Steve Nash,1,3:29,CLE,sub,,,,Delonte West,,Mo Williams,,,,,,,,,,,,
Anderson Varejao,Anthony Parker,Delonte West,J.J. Hickson,LeBron James,Amare Stoudemire,Channing Frye,Jared Dudley,Jason Richardson,Steve Nash,1,3:29,PHX,free throw,,,,,,,1,,2,Steve Nash,,,foul,made,,,,
Anderson Varejao,Anthony Parker,Delonte West,J.J. Hickson,LeBron James,Amare Stoudemire,Channing Frye,Jared Dudley,Jason Richardson,Steve Nash,1,3:29,PHX,free throw,,,,,,,2,,2,Steve Nash,,,foul,made,,,,
Anderson Varejao,Anthony Parker,Delonte West,J.J. Hickson,LeBron James,Amare Stoudemire,Channing Frye,Jared Dudley,Jason Richardson,Steve Nash,1,3:11,CLE,shot,,,,,,,,,,Anderson Varejao,2,,,made,,jump,36,8
Anderson Varejao,Anthony Parker,Delonte West,J.J. Hickson,LeBron James,Amare Stoudemire,Channing Frye,Jared Dudley,Jason Richardson,Steve Nash,1,3:11,PHX,foul,,,,,,,,Anderson Varejao,,Jared Dudley,,,,,,shooting,,
Anderson Varejao,Anthony Parker,Delonte West,LeBron James,Zydrunas Ilgauskas,Amare Stoudemire,Channing Frye,Jared Dudley,Jason Richardson,Steve Nash,1,3:11,CLE,sub,,,,Zydrunas Ilgauskas,,J.J. Hickson,,,,,,,,,,,,
Anderson Varejao,Anthony Parker,Delonte West,LeBron James,Zydrunas Ilgauskas,Amare Stoudemire,Channing Frye,Goran Dragic,Jared Dudley,Steve Nash,1,3:11,PHX,sub,,,,Goran Dragic,,Jason Richardson,,,,,,,,,,,,
Anderson Varejao,Anthony Parker,Delonte West,LeBron James,Zydrunas Ilgauskas,Amare Stoudemire,Goran Dragic,Jared Dudley,Louis Amundson,Steve Nash,1,3:11,PHX,sub,,,,Louis Amundson,,Channing Frye,,,,,,,,,,,,
Anderson Varejao,Anthony Parker,Delonte West,LeBron James,Zydrunas Ilgauskas,Amare Stoudemire,Goran Dragic,Jared Dudley,Louis Amundson,Steve Nash,1,3:11,CLE,free throw,,,,,,,1,,1,Anderson Varejao,,,foul,missed,,,,
Anderson Varejao,Anthony Parker,Delonte West,LeBron James,Zydrunas Ilgauskas,Amare Stoudemire,Goran Dragic,Jared Dudley,Louis Amundson,Steve Nash,1,3:10,PHX,rebound,,,,,,,,,,Louis Amundson,,,,,,def,,
Anderson Varejao,Anthony Parker,Delonte West,LeBron James,Zydrunas Ilgauskas,Amare Stoudemire,Goran Dragic,Jared Dudley,Louis Amundson,Steve Nash,1,2:48,PHX,shot,,,,,,,,,,Steve Nash,2,,,made,,jump,17,22
Anderson Varejao,Anthony Parker,Delonte West,LeBron James,Zydrunas Ilgauskas,Amare Stoudemire,Goran Dragic,Jared Dudley,Louis Amundson,Steve Nash,1,2:25,CLE,shot,,,,,,,,,,Delonte West,,,,missed,,jump,41,5
Anderson Varejao,Anthony Parker,Delonte West,LeBron James,Zydrunas Ilgauskas,Amare Stoudemire,Goran Dragic,Jared Dudley,Louis Amundson,Steve Nash,1,2:23,PHX,rebound,,,,,,,,,,Louis Amundson,,,,,,def,,
Anderson Varejao,Anthony Parker,Delonte West,LeBron James,Zydrunas Ilgauskas,Amare Stoudemire,Goran Dragic,Jared Dudley,Louis Amundson,Steve Nash,1,2:13,PHX,turnover,,,,,,,,,,Goran Dragic,,,bad pass,,,,,
Anderson Varejao,Anthony Parker,Delonte West,LeBron James,Zydrunas Ilgauskas,Amare Stoudemire,Goran Dragic,Jared Dudley,Louis Amundson,Steve Nash,1,2:13,CLE,timeout,,,,,,,,,,,,,,,,regular,,
Anderson Varejao,Daniel Gibson,Delonte West,LeBron James,Zydrunas Ilgauskas,Amare Stoudemire,Goran Dragic,Jared Dudley,Louis Amundson,Steve Nash,1,2:13,CLE,sub,,,,Daniel Gibson,,Anthony Parker,,,,,,,,,,,,
Anderson Varejao,Daniel Gibson,Delonte West,LeBron James,Zydrunas Ilgauskas,Amare Stoudemire,Goran Dragic,Jared Dudley,Louis Amundson,Steve Nash,1,1:59,CLE,shot,,,,,,,,,,Zydrunas Ilgauskas,,,,missed,,jump,43,7
Anderson Varejao,Daniel Gibson,Delonte West,LeBron James,Zydrunas Ilgauskas,Amare Stoudemire,Goran Dragic,Jared Dudley,Louis Amundson,Steve Nash,1,1:57,CLE,rebound,,,,,,,,,,LeBron James,,,,,,off,,
Anderson Varejao,Daniel Gibson,Delonte West,LeBron James,Zydrunas Ilgauskas,Amare Stoudemire,Goran Dragic,Jared Dudley,Louis Amundson,Steve Nash,1,1:49,CLE,shot,,,,,,,,,,Delonte West,2,,,made,,driving layup,25,6
Anderson Varejao,Daniel Gibson,Delonte West,LeBron James,Zydrunas Ilgauskas,Amare Stoudemire,Goran Dragic,Jared Dudley,Louis Amundson,Steve Nash,1,1:35,CLE,foul,,,,,,,,Amare Stoudemire,,Daniel Gibson,,,,,,personal,,
Anderson Varejao,Daniel Gibson,Delonte West,LeBron James,Zydrunas Ilgauskas,Amare Stoudemire,Goran Dragic,Jared Dudley,Louis Amundson,Steve Nash,1,1:27,PHX,shot,Steve Nash,,,,,,,,,Goran Dragic,3,,,made,,3pt,7,24
Anderson Varejao,Daniel Gibson,Delonte West,LeBron James,Zydrunas Ilgauskas,Amare Stoudemire,Goran Dragic,Jared Dudley,Louis Amundson,Steve Nash,1,1:05,CLE,shot,Anderson Varejao,,,,,,,,,Delonte West,2,,,made,,layup,25,6
Anderson Varejao,Daniel Gibson,Delonte West,LeBron James,Zydrunas Ilgauskas,Amare Stoudemire,Goran Dragic,Jared Dudley,Louis Amundson,Steve Nash,1,0:52,PHX,turnover,,,,,,,,,,Amare Stoudemire,,,out of bounds lost ball turnover,,,,,
Anderson Varejao,Daniel Gibson,Delonte West,LeBron James,Zydrunas Ilgauskas,Amare Stoudemire,Goran Dragic,Jared Dudley,Louis Amundson,Steve Nash,1,0:38,PHX,violation,,,,,,,,,,Steve Nash,,,,,,kicked ball,,
Anderson Varejao,Daniel Gibson,Delonte West,LeBron James,Zydrunas Ilgauskas,Amare Stoudemire,Goran Dragic,Jared Dudley,Louis Amundson,Steve Nash,1,0:25,CLE,shot,,,,,,,,,,LeBron James,,,,missed,,turnaround jump,39,7
Anderson Varejao,Daniel Gibson,Delonte West,LeBron James,Zydrunas Ilgauskas,Amare Stoudemire,Goran Dragic,Jared Dudley,Louis Amundson,Steve Nash,1,0:22,PHX,rebound,,,,,,,,,,Amare Stoudemire,,,,,,def,,
Anderson Varejao,Daniel Gibson,Delonte West,LeBron James,Zydrunas Ilgauskas,Amare Stoudemire,Goran Dragic,Jared Dudley,Louis Amundson,Steve Nash,1,0:00,PHX,shot,,,,,,,,,,Steve Nash,,,,missed,,jump,41,15
Anderson Varejao,Daniel Gibson,Delonte West,LeBron James,Zydrunas Ilgauskas,Amare Stoudemire,Goran Dragic,Jared Dudley,Louis Amundson,Steve Nash,1,0:00,PHX,rebound,,,,,,,,,,,,,,,,,,
Anderson Varejao,Daniel Gibson,Delonte West,Mo Williams,Zydrunas Ilgauskas,Amare Stoudemire,Goran Dragic,Grant Hill,Jared Dudley,Louis Amundson,2,11:45,PHX,foul,,,,,,,,Delonte West,,Amare Stoudemire,,,,,,shooting,,
Anderson Varejao,Daniel Gibson,Delonte West,Mo Williams,Zydrunas Ilgauskas,Amare Stoudemire,Goran Dragic,Grant Hill,Jared Dudley,Louis Amundson,2,11:45,CLE,free throw,,,,,,,1,,2,Delonte West,,,foul,missed,,,,
Anderson Varejao,Daniel Gibson,Delonte West,Mo Williams,Zydrunas Ilgauskas,Amare Stoudemire,Goran Dragic,Grant Hill,Jared Dudley,Louis Amundson,2,11:45,CLE,rebound,,,,,,,,,,,,,,,,,,
Anderson Varejao,Daniel Gibson,Delonte West,Mo Williams,Zydrunas Ilgauskas,Amare Stoudemire,Goran Dragic,Grant Hill,Jared Dudley,Louis Amundson,2,11:45,CLE,free throw,,,,,,,2,,2,Delonte West,,,foul,made,,,,
Anderson Varejao,Daniel Gibson,Delonte West,Mo Williams,Zydrunas Ilgauskas,Amare Stoudemire,Goran Dragic,Grant Hill,Jared Dudley,Louis Amundson,2,11:29,PHX,shot,,,,,,,,,,Amare Stoudemire,,,,missed,,jump bank,25,12
Anderson Varejao,Daniel Gibson,Delonte West,Mo Williams,Zydrunas Ilgauskas,Amare Stoudemire,Goran Dragic,Grant Hill,Jared Dudley,Louis Amundson,2,11:26,PHX,rebound,,,,,,,,,,Goran Dragic,,,,,,off,,
Anderson Varejao,Daniel Gibson,Delonte West,Mo Williams,Zydrunas Ilgauskas,Amare Stoudemire,Goran Dragic,Grant Hill,Jared Dudley,Louis Amundson,2,11:22,PHX,shot,,,,,,,,,,Goran Dragic,,,,missed,,3pt,5,19
Anderson Varejao,Daniel Gibson,Delonte West,Mo Williams,Zydrunas Ilgauskas,Amare Stoudemire,Goran Dragic,Grant Hill,Jared Dudley,Louis Amundson,2,11:21,CLE,rebound,,,,,,,,,,Mo Williams,,,,,,def,,
Anderson Varejao,Daniel Gibson,Delonte West,Mo Williams,Zydrunas Ilgauskas,Amare Stoudemire,Goran Dragic,Grant Hill,Jared Dudley,Louis Amundson,2,11:01,CLE,shot,,,,,,,,,,Daniel Gibson,,,,missed,,3pt,47,18
Anderson Varejao,Daniel Gibson,Delonte West,Mo Williams,Zydrunas Ilgauskas,Amare Stoudemire,Goran Dragic,Grant Hill,Jared Dudley,Louis Amundson,2,10:59,PHX,rebound,,,,,,,,,,Goran Dragic,,,,,,def,,
Anderson Varejao,Daniel Gibson,Delonte West,Mo Williams,Zydrunas Ilgauskas,Amare Stoudemire,Goran Dragic,Grant Hill,Jared Dudley,Louis Amundson,2,10:56,PHX,shot,Goran Dragic,,,,,,,,,Grant Hill,2,,,made,,layup,25,6
Anderson Varejao,Daniel Gibson,Delonte West,Mo Williams,Zydrunas Ilgauskas,Amare Stoudemire,Goran Dragic,Grant Hill,Jared Dudley,Louis Amundson,2,10:39,CLE,shot,Delonte West,,,,,,,,,Mo Williams,2,,,made,,jump,15,23
Anderson Varejao,Daniel Gibson,Delonte West,Mo Williams,Zydrunas Ilgauskas,Amare Stoudemire,Goran Dragic,Grant Hill,Jared Dudley,Louis Amundson,2,10:27,PHX,shot,Goran Dragic,,,,,,,,,Louis Amundson,2,,,made,,jump,17,20
Anderson Varejao,Daniel Gibson,Delonte West,Mo Williams,Zydrunas Ilgauskas,Amare Stoudemire,Goran Dragic,Grant Hill,Jared Dudley,Louis Amundson,2,10:07,CLE,shot,,,,,,,,,,Zydrunas Ilgauskas,,,,missed,,jump,43,5
Anderson Varejao,Daniel Gibson,Delonte West,Mo Williams,Zydrunas Ilgauskas,Amare Stoudemire,Goran Dragic,Grant Hill,Jared Dudley,Louis Amundson,2,10:05,PHX,rebound,,,,,,,,,,Amare Stoudemire,,,,,,def,,
Anderson Varejao,Daniel Gibson,Delonte West,Mo Williams,Zydrunas Ilgauskas,Amare Stoudemire,Goran Dragic,Grant Hill,Jared Dudley,Louis Amundson,2,9:47,PHX,turnover,,,,,,,,,,Amare Stoudemire,,,bad pass,,Delonte West,,,
Anderson Varejao,Daniel Gibson,Delonte West,Mo Williams,Zydrunas Ilgauskas,Amare Stoudemire,Goran Dragic,Grant Hill,Jared Dudley,Louis Amundson,2,9:47,PHX,foul,,,,,,,,Delonte West,,Goran Dragic,,,,,,personal,,
Anderson Varejao,Daniel Gibson,Delonte West,Mo Williams,Zydrunas Ilgauskas,Channing Frye,Goran Dragic,Grant Hill,Jared Dudley,Louis Amundson,2,9:47,PHX,sub,,,,Channing Frye,,Amare Stoudemire,,,,,,,,,,,,
Anderson Varejao,Daniel Gibson,Delonte West,Mo Williams,Zydrunas Ilgauskas,Channing Frye,Goran Dragic,Grant Hill,Jared Dudley,Louis Amundson,2,9:32,CLE,shot,,,,,,,,,,Zydrunas Ilgauskas,2,,,made,,layup,25,6
Anderson Varejao,Daniel Gibson,Delonte West,Mo Williams,Zydrunas Ilgauskas,Channing Frye,Goran Dragic,Grant Hill,Jared Dudley,Louis Amundson,2,9:14,PHX,shot,Goran Dragic,,,,,,,,,Jared Dudley,3,,,made,,3pt,11,27
Anderson Varejao,Daniel Gibson,Delonte West,Mo Williams,Zydrunas Ilgauskas,Channing Frye,Goran Dragic,Grant Hill,Jared Dudley,Louis Amundson,2,8:53,PHX,foul,,,,,,,,Zydrunas Ilgauskas,,Channing Frye,,,,,,personal,,
Anderson Varejao,Daniel Gibson,Delonte West,Mo Williams,Zydrunas Ilgauskas,Channing Frye,Goran Dragic,Grant Hill,Jared Dudley,Louis Amundson,2,8:53,CLE,timeout,,,,,,,,,,,,,,,,official,,
Anderson Varejao,Daniel Gibson,Delonte West,Mo Williams,Zydrunas Ilgauskas,Channing Frye,Goran Dragic,Grant Hill,Jared Dudley,Louis Amundson,2,8:41,CLE,turnover,,,,,,,,,,Delonte West,,,bad pass,,Jared Dudley,,,
Anderson Varejao,Daniel Gibson,Delonte West,Mo Williams,Zydrunas Ilgauskas,Channing Frye,Goran Dragic,Grant Hill,Jared Dudley,Louis Amundson,2,8:27,PHX,shot,Jared Dudley,,,,,,,,,Channing Frye,2,,,made,,jump,5,7
Anderson Varejao,Daniel Gibson,Delonte West,Mo Williams,Zydrunas Ilgauskas,Channing Frye,Goran Dragic,Grant Hill,Jared Dudley,Louis Amundson,2,8:27,CLE,foul,,,,,,,,Grant Hill,,Anderson Varejao,,,,,,away from play,,
Anderson Varejao,Daniel Gibson,Delonte West,Mo Williams,Zydrunas Ilgauskas,Channing Frye,Goran Dragic,Grant Hill,Jared Dudley,Louis Amundson,2,8:27,PHX,free throw,,,,,,,1,,1,Grant Hill,,,foul,made,,,,
Anderson Varejao,Daniel Gibson,Delonte West,Mo Williams,Zydrunas Ilgauskas,Channing Frye,Goran Dragic,Grant Hill,Jared Dudley,Louis Amundson,2,8:08,CLE,shot,,,,,,,,,,Zydrunas Ilgauskas,,,,missed,,hook,25,14
Anderson Varejao,Daniel Gibson,Delonte West,Mo Williams,Zydrunas Ilgauskas,Channing Frye,Goran Dragic,Grant Hill,Jared Dudley,Louis Amundson,2,8:05,PHX,rebound,,,,,,,,,,Channing Frye,,,,,,def,,
Anderson Varejao,Daniel Gibson,Delonte West,Mo Williams,Zydrunas Ilgauskas,Channing Frye,Goran Dragic,Grant Hill,Jared Dudley,Louis Amundson,2,7:57,PHX,shot,,,,,,,,,,Grant Hill,,,,missed,,jump,30,15
Anderson Varejao,Daniel Gibson,Delonte West,Mo Williams,Zydrunas Ilgauskas,Channing Frye,Goran Dragic,Grant Hill,Jared Dudley,Louis Amundson,2,7:55,PHX,rebound,,,,,,,,,,Louis Amundson,,,,,,off,,
Anderson Varejao,Daniel Gibson,Delonte West,Mo Williams,Zydrunas Ilgauskas,Channing Frye,Goran Dragic,Grant Hill,Jared Dudley,Louis Amundson,2,7:55,PHX,shot,,,,,,,,,,Louis Amundson,,,,missed,,tip,25,6
Anderson Varejao,Daniel Gibson,Delonte West,Mo Williams,Zydrunas Ilgauskas,Channing Frye,Goran Dragic,Grant Hill,Jared Dudley,Louis Amundson,2,7:52,CLE,rebound,,,,,,,,,,Anderson Varejao,,,,,,def,,
Anderson Varejao,Daniel Gibson,Delonte West,Mo Williams,Zydrunas Ilgauskas,Channing Frye,Goran Dragic,Grant Hill,Jared Dudley,Louis Amundson,2,7:47,PHX,foul,,,,,,,,Mo Williams,,Louis Amundson,,,,,,shooting,,
Anderson Varejao,Daniel Gibson,Delonte West,Mo Williams,Zydrunas Ilgauskas,Channing Frye,Goran Dragic,Grant Hill,Jared Dudley,Louis Amundson,2,7:47,CLE,free throw,,,,,,,1,,2,Mo Williams,,,foul,made,,,,
Anderson Varejao,Delonte West,LeBron James,Mo Williams,Zydrunas Ilgauskas,Channing Frye,Goran Dragic,Grant Hill,Jared Dudley,Louis Amundson,2,7:47,CLE,sub,,,,LeBron James,,Daniel Gibson,,,,,,,,,,,,
Anderson Varejao,Delonte West,LeBron James,Mo Williams,Shaquille O'Neal,Channing Frye,Goran Dragic,Grant Hill,Jared Dudley,Louis Amundson,2,7:47,CLE,sub,,,,Shaquille O'Neal,,Zydrunas Ilgauskas,,,,,,,,,,,,
Anderson Varejao,Delonte West,LeBron James,Mo Williams,Shaquille O'Neal,Channing Frye,Goran Dragic,Grant Hill,Jared Dudley,Louis Amundson,2,7:47,CLE,free throw,,,,,,,2,,2,Mo Williams,,,foul,made,,,,
Anderson Varejao,Delonte West,LeBron James,Mo Williams,Shaquille O'Neal,Channing Frye,Goran Dragic,Grant Hill,Jared Dudley,Louis Amundson,2,7:28,PHX,turnover,,,,,,,,,,Channing Frye,,,bad pass,,Delonte West,,,
Anderson Varejao,Delonte West,LeBron James,Mo Williams,Shaquille O'Neal,Channing Frye,Goran Dragic,Grant Hill,Jared Dudley,Louis Amundson,2,7:25,CLE,shot,,,,,,,,,,Delonte West,2,,,made,,dunk,25,6
Anderson Varejao,Delonte West,LeBron James,Mo Williams,Shaquille O'Neal,Channing Frye,Goran Dragic,Grant Hill,Jared Dudley,Louis Amundson,2,7:08,PHX,shot,,,Anderson Varejao,,,,,,,Goran Dragic,,,,missed,,layup,25,6
Anderson Varejao,Delonte West,LeBron James,Mo Williams,Shaquille O'Neal,Channing Frye,Goran Dragic,Grant Hill,Jared Dudley,Louis Amundson,2,7:06,PHX,rebound,,,,,,,,,,Jared Dudley,,,,,,off,,
Anderson Varejao,Delonte West,LeBron James,Mo Williams,Shaquille O'Neal,Channing Frye,Goran Dragic,Grant Hill,Jared Dudley,Louis Amundson,2,7:06,PHX,shot,,,,,,,,,,Jared Dudley,2,,,made,,layup,25,6
Anderson Varejao,Delonte West,LeBron James,Mo Williams,Shaquille O'Neal,Channing Frye,Goran Dragic,Grant Hill,Jared Dudley,Louis Amundson,2,6:52,CLE,shot,Mo Williams,,,,,,,,,Anderson Varejao,2,,,made,,layup,25,6
Anderson Varejao,Delonte West,LeBron James,Mo Williams,Shaquille O'Neal,Channing Frye,Goran Dragic,Grant Hill,Jared Dudley,Louis Amundson,2,6:43,PHX,shot,,,Delonte West,,,,,,,Jared Dudley,,,,missed,,layup,25,6
Anderson Varejao,Delonte West,LeBron James,Mo Williams,Shaquille O'Neal,Channing Frye,Goran Dragic,Grant Hill,Jared Dudley,Louis Amundson,2,6:43,PHX,rebound,,,,,,,,,,,,,,,,,,
Anderson Varejao,Delonte West,LeBron James,Mo Williams,Shaquille O'Neal,Amare Stoudemire,Channing Frye,Goran Dragic,Grant Hill,Jared Dudley,2,6:43,PHX,sub,,,,Amare Stoudemire,,Louis Amundson,,,,,,,,,,,,
Anderson Varejao,Anthony Parker,Delonte West,LeBron James,Shaquille O'Neal,Amare Stoudemire,Channing Frye,Goran Dragic,Grant Hill,Jared Dudley,2,6:43,CLE,sub,,,,Anthony Parker,,Mo Williams,,,,,,,,,,,,
Anderson Varejao,Anthony Parker,Delonte West,LeBron James,Shaquille O'Neal,Amare Stoudemire,Channing Frye,Goran Dragic,Grant Hill,Jared Dudley,2,6:33,PHX,shot,,,,,,,,,,Goran Dragic,,,,missed,,3pt,7,24
Anderson Varejao,Anthony Parker,Delonte West,LeBron James,Shaquille O'Neal,Amare Stoudemire,Channing Frye,Goran Dragic,Grant Hill,Jared Dudley,2,6:31,CLE,rebound,,,,,,,,,,LeBron James,,,,,,def,,
Anderson Varejao,Anthony Parker,Delonte West,LeBron James,Shaquille O'Neal,Amare Stoudemire,Channing Frye,Goran Dragic,Grant Hill,Jared Dudley,2,6:19,CLE,shot,Delonte West,,,,,,,,,Anthony Parker,2,,,made,,jump,9,19
Anderson Varejao,Anthony Parker,Delonte West,LeBron James,Shaquille O'Neal,Amare Stoudemire,Channing Frye,Goran Dragic,Grant Hill,Jared Dudley,2,6:06,PHX,foul,,,,,,,,Delonte West,,Amare Stoudemire,,,,,,offensive,,
Anderson Varejao,Anthony Parker,Delonte West,LeBron James,Shaquille O'Neal,Amare Stoudemire,Channing Frye,Goran Dragic,Grant Hill,Jared Dudley,2,6:06,PHX,turnover,,,,,,,,,,Amare Stoudemire,,,foul,,,,,
Anderson Varejao,Anthony Parker,Delonte West,LeBron James,Shaquille O'Neal,Amare Stoudemire,Channing Frye,Goran Dragic,Grant Hill,Jared Dudley,2,5:41,CLE,shot,,,,,,,,,,LeBron James,,,,missed,,running hook,23,16
Anderson Varejao,Anthony Parker,Delonte West,LeBron James,Shaquille O'Neal,Amare Stoudemire,Channing Frye,Goran Dragic,Grant Hill,Jared Dudley,2,5:36,PHX,rebound,,,,,,,,,,Amare Stoudemire,,,,,,def,,
Anderson Varejao,Anthony Parker,Delonte West,LeBron James,Shaquille O'Neal,Amare Stoudemire,Channing Frye,Goran Dragic,Grant Hill,Jared Dudley,2,5:27,PHX,turnover,,,,,,,,,,Channing Frye,,,bad pass,,,,,
Anderson Varejao,Anthony Parker,Delonte West,LeBron James,Shaquille O'Neal,Amare Stoudemire,Channing Frye,Goran Dragic,Grant Hill,Jared Dudley,2,5:27,PHX,timeout,,,,,,,,,,,,,,,,regular,,
Anderson Varejao,Anthony Parker,Delonte West,LeBron James,Shaquille O'Neal,Amare Stoudemire,Channing Frye,Goran Dragic,Grant Hill,Steve Nash,2,5:27,PHX,sub,,,,Steve Nash,,Jared Dudley,,,,,,,,,,,,
Anderson Varejao,Anthony Parker,Delonte West,LeBron James,Shaquille O'Neal,Amare Stoudemire,Channing Frye,Grant Hill,Jason Richardson,Steve Nash,2,5:27,PHX,sub,,,,Jason Richardson,,Goran Dragic,,,,,,,,,,,,
Anderson Varejao,Anthony Parker,Delonte West,LeBron James,Shaquille O'Neal,Amare Stoudemire,Channing Frye,Grant Hill,Jason Richardson,Steve Nash,2,5:15,PHX,foul,,,,,,,,,,Channing Frye,,,,,,defense 3 second,,
Anderson Varejao,Anthony Parker,Delonte West,LeBron James,Shaquille O'Neal,Amare Stoudemire,Channing Frye,Grant Hill,Jason Richardson,Steve Nash,2,5:15,CLE,free throw,,,,,,,1,,1,LeBron James,,,technical,made,,,,
Anderson Varejao,Anthony Parker,Delonte West,LeBron James,Shaquille O'Neal,Amare Stoudemire,Channing Frye,Grant Hill,Jason Richardson,Steve Nash,2,5:04,CLE,shot,,,,,,,,,,Delonte West,2,,,made,,running bank,33,10
Anderson Varejao,Anthony Parker,Delonte West,LeBron James,Shaquille O'Neal,Amare Stoudemire,Channing Frye,Grant Hill,Jason Richardson,Steve Nash,2,4:55,CLE,foul,,,,,,,,Steve Nash,,Delonte West,,,,,,personal,,
Anderson Varejao,Anthony Parker,Delonte West,LeBron James,Shaquille O'Neal,Amare Stoudemire,Channing Frye,Grant Hill,Jason Richardson,Steve Nash,2,4:47,PHX,shot,,,,,,,,,,Jason Richardson,,,,missed,,jump,26,21
Anderson Varejao,Anthony Parker,Delonte West,LeBron James,Shaquille O'Neal,Amare Stoudemire,Channing Frye,Grant Hill,Jason Richardson,Steve Nash,2,4:45,CLE,rebound,,,,,,,,,,LeBron James,,,,,,def,,
Anderson Varejao,Anthony Parker,Delonte West,LeBron James,Shaquille O'Neal,Amare Stoudemire,Channing Frye,Grant Hill,Jason Richardson,Steve Nash,2,4:24,CLE,shot,,,,,,,,,,Delonte West,,,,missed,,jump,42,13
Anderson Varejao,Anthony Parker,Delonte West,LeBron James,Shaquille O'Neal,Amare Stoudemire,Channing Frye,Grant Hill,Jason Richardson,Steve Nash,2,4:22,PHX,rebound,,,,,,,,,,Amare Stoudemire,,,,,,def,,
Anderson Varejao,Anthony Parker,Delonte West,LeBron James,Shaquille O'Neal,Amare Stoudemire,Channing Frye,Grant Hill,Jason Richardson,Steve Nash,2,4:15,PHX,shot,Grant Hill,,,,,,,,,Amare Stoudemire,2,,,made,,dunk,25,6
Anderson Varejao,Anthony Parker,Delonte West,LeBron James,Shaquille O'Neal,Amare Stoudemire,Channing Frye,Grant Hill,Jason Richardson,Steve Nash,2,4:00,CLE,shot,Delonte West,,,,,,,,,Anderson Varejao,2,,,made,,dunk,25,6
Anderson Varejao,Anthony Parker,Delonte West,LeBron James,Shaquille O'Neal,Amare Stoudemire,Channing Frye,Grant Hill,Jason Richardson,Steve Nash,2,3:47,PHX,shot,,,,,,,,,,Steve Nash,2,,,made,,turnaround jump,31,11
Anderson Varejao,Anthony Parker,Delonte West,LeBron James,Shaquille O'Neal,Amare Stoudemire,Channing Frye,Grant Hill,Jason Richardson,Steve Nash,2,3:35,CLE,turnover,,,,,,,,,,LeBron James,,,traveling,,,,,
Anthony Parker,Delonte West,J.J. Hickson,LeBron James,Shaquille O'Neal,Amare Stoudemire,Channing Frye,Grant Hill,Jason Richardson,Steve Nash,2,3:35,CLE,sub,,,,J.J. Hickson,,Anderson Varejao,,,,,,,,,,,,
Anthony Parker,Delonte West,J.J. Hickson,LeBron James,Shaquille O'Neal,Amare Stoudemire,Channing Frye,Grant Hill,Jason Richardson,Steve Nash,2,3:27,PHX,shot,,,,,,,,,,Grant Hill,,,,missed,,jump,13,11
Anthony Parker,Delonte West,J.J. Hickson,LeBron James,Shaquille O'Neal,Amare Stoudemire,Channing Frye,Grant Hill,Jason Richardson,Steve Nash,2,3:25,PHX,rebound,,,,,,,,,,Jason Richardson,,,,,,off,,
Anthony Parker,Delonte West,J.J. Hickson,LeBron James,Shaquille O'Neal,Amare Stoudemire,Channing Frye,Grant Hill,Jason Richardson,Steve Nash,2,3:25,PHX,shot,,,,,,,,,,Jason Richardson,2,,,made,,tip,25,6
Anthony Parker,Delonte West,J.J. Hickson,LeBron James,Shaquille O'Neal,Amare Stoudemire,Channing Frye,Grant Hill,Jason Richardson,Steve Nash,2,3:00,CLE,shot,,,,,,,,,,LeBron James,,,,missed,,jump,38,7
Anthony Parker,Delonte West,J.J. Hickson,LeBron James,Shaquille O'Neal,Amare Stoudemire,Channing Frye,Grant Hill,Jason Richardson,Steve Nash,2,3:00,CLE,rebound,,,,,,,,,,,,,,,,,,
Anthony Parker,J.J. Hickson,LeBron James,Mo Williams,Shaquille O'Neal,Amare Stoudemire,Channing Frye,Grant Hill,Jason Richardson,Steve Nash,2,3:00,CLE,sub,,,,Mo Williams,,Delonte West,,,,,,,,,,,,
Anthony Parker,J.J. Hickson,LeBron James,Mo Williams,Shaquille O'Neal,Amare Stoudemire,Channing Frye,Grant Hill,Jason Richardson,Steve Nash,2,2:49,CLE,shot,,,,,,,,,,LeBron James,,,,missed,,3pt,46,21
Anthony Parker,J.J. Hickson,LeBron James,Mo Williams,Shaquille O'Neal,Amare Stoudemire,Channing Frye,Grant Hill,Jason Richardson,Steve Nash,2,2:48,PHX,rebound,,,,,,,,,,,,,,,,,,
Anthony Parker,J.J. Hickson,LeBron James,Mo Williams,Shaquille O'Neal,Amare Stoudemire,Channing Frye,Grant Hill,Jason Richardson,Steve Nash,2,2:48,CLE,timeout,,,,,,,,,,,,,,,,regular,,
Anthony Parker,J.J. Hickson,LeBron James,Mo Williams,Shaquille O'Neal,Amare Stoudemire,Channing Frye,Grant Hill,Jason Richardson,Steve Nash,2,2:36,PHX,shot,,,,,,,,,,Amare Stoudemire,,,,missed,,jump,40,14
Anthony Parker,J.J. Hickson,LeBron James,Mo Williams,Shaquille O'Neal,Amare Stoudemire,Channing Frye,Grant Hill,Jason Richardson,Steve Nash,2,2:34,CLE,rebound,,,,,,,,,,LeBron James,,,,,,def,,
Anthony Parker,J.J. Hickson,LeBron James,Mo Williams,Shaquille O'Neal,Amare Stoudemire,Channing Frye,Grant Hill,Jason Richardson,Steve Nash,2,2:26,PHX,foul,,,,,,,,J.J. Hickson,,Amare Stoudemire,,,,,,shooting,,
Anthony Parker,J.J. Hickson,LeBron James,Mo Williams,Shaquille O'Neal,Channing Frye,Grant Hill,Jason Richardson,Louis Amundson,Steve Nash,2,2:26,PHX,sub,,,,Louis Amundson,,Amare Stoudemire,,,,,,,,,,,,
Anthony Parker,J.J. Hickson,LeBron James,Mo Williams,Shaquille O'Neal,Channing Frye,Grant Hill,Jason Richardson,Louis Amundson,Steve Nash,2,2:26,CLE,free throw,,,,,,,1,,2,J.J. Hickson,,,foul,made,,,,
Anthony Parker,J.J. Hickson,LeBron James,Mo Williams,Shaquille O'Neal,Channing Frye,Grant Hill,Jason Richardson,Louis Amundson,Steve Nash,2,2:26,CLE,free throw,,,,,,,2,,2,J.J. Hickson,,,foul,made,,,,
Anthony Parker,J.J. Hickson,LeBron James,Mo Williams,Shaquille O'Neal,Channing Frye,Grant Hill,Jason Richardson,Louis Amundson,Steve Nash,2,2:07,CLE,foul,,,,,,,,Channing Frye,,Shaquille O'Neal,,,,,,shooting,,
Anthony Parker,J.J. Hickson,LeBron James,Mo Williams,Shaquille O'Neal,Channing Frye,Grant Hill,Jason Richardson,Louis Amundson,Steve Nash,2,2:07,PHX,free throw,,,,,,,1,,2,Channing Frye,,,foul,made,,,,
Anderson Varejao,Anthony Parker,J.J. Hickson,LeBron James,Mo Williams,Channing Frye,Grant Hill,Jason Richardson,Louis Amundson,Steve Nash,2,2:07,CLE,sub,,,,Anderson Varejao,,Shaquille O'Neal,,,,,,,,,,,,
Anderson Varejao,Anthony Parker,J.J. Hickson,LeBron James,Mo Williams,Channing Frye,Grant Hill,Jason Richardson,Louis Amundson,Steve Nash,2,2:07,PHX,free throw,,,,,,,2,,2,Channing Frye,,,foul,made,,,,
Anderson Varejao,Anthony Parker,J.J. Hickson,LeBron James,Mo Williams,Channing Frye,Grant Hill,Jason Richardson,Louis Amundson,Steve Nash,2,1:55,CLE,shot,Mo Williams,,,,,,,,,LeBron James,2,,,made,,layup,25,6
Anderson Varejao,Anthony Parker,J.J. Hickson,LeBron James,Mo Williams,Channing Frye,Grant Hill,Jason Richardson,Louis Amundson,Steve Nash,2,1:55,PHX,foul,,,,,,,,LeBron James,,Channing Frye,,,,,,shooting,,
Anderson Varejao,Anthony Parker,J.J. Hickson,LeBron James,Mo Williams,Grant Hill,Jason Richardson,Louis Amundson,Robin Lopez,Steve Nash,2,1:55,PHX,sub,,,,Robin Lopez,,Channing Frye,,,,,,,,,,,,
Anderson Varejao,Anthony Parker,J.J. Hickson,LeBron James,Mo Williams,Grant Hill,Jason Richardson,Louis Amundson,Robin Lopez,Steve Nash,2,1:55,CLE,free throw,,,,,,,1,,1,LeBron James,,,foul,made,,,,
Anderson Varejao,Anthony Parker,J.J. Hickson,LeBron James,Mo Williams,Grant Hill,Jason Richardson,Louis Amundson,Robin Lopez,Steve Nash,2,1:43,PHX,shot,,,,,,,,,,Grant Hill,2,,,made,,jump,35,19
Anderson Varejao,Anthony Parker,J.J. Hickson,LeBron James,Mo Williams,Grant Hill,Jason Richardson,Louis Amundson,Robin Lopez,Steve Nash,2,1:27,CLE,shot,Mo Williams,,,,,,,,,J.J. Hickson,2,,,made,,jump bank,18,10
Anderson Varejao,Anthony Parker,J.J. Hickson,LeBron James,Mo Williams,Grant Hill,Jason Richardson,Louis Amundson,Robin Lopez,Steve Nash,2,1:16,PHX,shot,,,,,,,,,,Louis Amundson,,,,missed,,jump,34,19
Anderson Varejao,Anthony Parker,J.J. Hickson,LeBron James,Mo Williams,Grant Hill,Jason Richardson,Louis Amundson,Robin Lopez,Steve Nash,2,1:14,CLE,rebound,,,,,,,,,,Anthony Parker,,,,,,def,,
Anderson Varejao,Anthony Parker,J.J. Hickson,LeBron James,Mo Williams,Grant Hill,Jason Richardson,Louis Amundson,Robin Lopez,Steve Nash,2,1:08,CLE,shot,,,,,,,,,,J.J. Hickson,,,,missed,,alley oop dunk,25,6
Anderson Varejao,Anthony Parker,J.J. Hickson,LeBron James,Mo Williams,Grant Hill,Jason Richardson,Louis Amundson,Robin Lopez,Steve Nash,2,1:04,PHX,rebound,,,,,,,,,,Jason Richardson,,,,,,def,,
Anderson Varejao,Anthony Parker,J.J. Hickson,LeBron James,Mo Williams,Grant Hill,Jason Richardson,Louis Amundson,Robin Lopez,Steve Nash,2,1:02,PHX,shot,,,,,,,,,,Jason Richardson,,,,missed,,3pt,46,21
Anderson Varejao,Anthony Parker,J.J. Hickson,LeBron James,Mo Williams,Grant Hill,Jason Richardson,Louis Amundson,Robin Lopez,Steve Nash,2,0:59,CLE,rebound,,,,,,,,,,Anthony Parker,,,,,,def,,
Anderson Varejao,Anthony Parker,J.J. Hickson,LeBron James,Mo Williams,Grant Hill,Jason Richardson,Louis Amundson,Robin Lopez,Steve Nash,2,0:58,PHX,foul,,,,,,,,LeBron James,,Jason Richardson,,,,,,shooting,,
Anderson Varejao,Anthony Parker,J.J. Hickson,LeBron James,Mo Williams,Grant Hill,Jason Richardson,Louis Amundson,Robin Lopez,Steve Nash,2,0:58,CLE,free throw,,,,,,,1,,2,LeBron James,,,foul,made,,,,
Anderson Varejao,Anthony Parker,J.J. Hickson,LeBron James,Mo Williams,Grant Hill,Jason Richardson,Louis Amundson,Robin Lopez,Steve Nash,2,0:58,CLE,free throw,,,,,,,2,,2,LeBron James,,,foul,made,,,,
Anderson Varejao,Anthony Parker,J.J. Hickson,LeBron James,Mo Williams,Grant Hill,Jason Richardson,Louis Amundson,Robin Lopez,Steve Nash,2,0:50,CLE,violation,,,,,,,,,,Mo Williams,,,,,,kicked ball,,
Anderson Varejao,Anthony Parker,J.J. Hickson,LeBron James,Mo Williams,Grant Hill,Jason Richardson,Louis Amundson,Robin Lopez,Steve Nash,2,0:41,CLE,foul,,,,,,,,Louis Amundson,,LeBron James,,,,,,shooting,,
Anderson Varejao,Anthony Parker,J.J. Hickson,LeBron James,Mo Williams,Grant Hill,Jason Richardson,Louis Amundson,Robin Lopez,Steve Nash,2,0:41,PHX,free throw,,,,,,,1,,2,Louis Amundson,,,foul,made,,,,
Anderson Varejao,Anthony Parker,J.J. Hickson,LeBron James,Mo Williams,Grant Hill,Jason Richardson,Louis Amundson,Robin Lopez,Steve Nash,2,0:41,PHX,free throw,,,,,,,2,,2,Louis Amundson,,,foul,missed,,,,
Anderson Varejao,Anthony Parker,J.J. Hickson,LeBron James,Mo Williams,Grant Hill,Jason Richardson,Louis Amundson,Robin Lopez,Steve Nash,2,0:40,CLE,rebound,,,,,,,,,,J.J. Hickson,,,,,,def,,
Anderson Varejao,Anthony Parker,J.J. Hickson,LeBron James,Mo Williams,Grant Hill,Jason Richardson,Louis Amundson,Robin Lopez,Steve Nash,2,0:20,CLE,shot,,,,,,,,,,Anthony Parker,3,,,made,,3pt,49,7
Anderson Varejao,Anthony Parker,J.J. Hickson,LeBron James,Mo Williams,Grant Hill,Jason Richardson,Louis Amundson,Robin Lopez,Steve Nash,2,0:00,PHX,shot,,,,,,,,,,Steve Nash,,,,missed,,jump,25,22
Anderson Varejao,Anthony Parker,J.J. Hickson,LeBron James,Mo Williams,Grant Hill,Jason Richardson,Louis Amundson,Robin Lopez,Steve Nash,2,0:00,CLE,rebound,,,,,,,,,,J.J. Hickson,,,,,,def,,
Anthony Parker,J.J. Hickson,LeBron James,Mo Williams,Shaquille O'Neal,Amare Stoudemire,Channing Frye,Grant Hill,Jason Richardson,Steve Nash,3,11:49,CLE,shot,,,,,,,,,,Anthony Parker,,,,missed,,layup,25,6
Anthony Parker,J.J. Hickson,LeBron James,Mo Williams,Shaquille O'Neal,Amare Stoudemire,Channing Frye,Grant Hill,Jason Richardson,Steve Nash,3,11:47,PHX,rebound,,,,,,,,,,Amare Stoudemire,,,,,,def,,
Anthony Parker,J.J. Hickson,LeBron James,Mo Williams,Shaquille O'Neal,Amare Stoudemire,Channing Frye,Grant Hill,Jason Richardson,Steve Nash,3,11:35,CLE,foul,,,,,,,,Steve Nash,,Mo Williams,,,,,,personal,,
Anthony Parker,J.J. Hickson,LeBron James,Mo Williams,Shaquille O'Neal,Amare Stoudemire,Channing Frye,Grant Hill,Jason Richardson,Steve Nash,3,11:25,PHX,shot,,,,,,,,,,Amare Stoudemire,,,,missed,,jump,20,10
Anthony Parker,J.J. Hickson,LeBron James,Mo Williams,Shaquille O'Neal,Amare Stoudemire,Channing Frye,Grant Hill,Jason Richardson,Steve Nash,3,11:23,CLE,rebound,,,,,,,,,,Mo Williams,,,,,,def,,
Anthony Parker,J.J. Hickson,LeBron James,Mo Williams,Shaquille O'Neal,Amare Stoudemire,Channing Frye,Grant Hill,Jason Richardson,Steve Nash,3,11:14,CLE,shot,,,,,,,,,,J.J. Hickson,,,,missed,,jump,41,17
Anthony Parker,J.J. Hickson,LeBron James,Mo Williams,Shaquille O'Neal,Amare Stoudemire,Channing Frye,Grant Hill,Jason Richardson,Steve Nash,3,11:12,PHX,rebound,,,,,,,,,,Amare Stoudemire,,,,,,def,,
Anthony Parker,J.J. Hickson,LeBron James,Mo Williams,Shaquille O'Neal,Amare Stoudemire,Channing Frye,Grant Hill,Jason Richardson,Steve Nash,3,11:01,PHX,shot,,,,,,,,,,Steve Nash,2,,,made,,driving reverse layup,25,6
Anthony Parker,J.J. Hickson,LeBron James,Mo Williams,Shaquille O'Neal,Amare Stoudemire,Channing Frye,Grant Hill,Jason Richardson,Steve Nash,3,10:44,CLE,shot,,,,,,,,,,Shaquille O'Neal,2,,,made,,hook,26,13
Anthony Parker,J.J. Hickson,LeBron James,Mo Williams,Shaquille O'Neal,Amare Stoudemire,Channing Frye,Grant Hill,Jason Richardson,Steve Nash,3,10:28,PHX,shot,,,,,,,,,,Jason Richardson,,,,missed,,3pt,24,31
Anthony Parker,J.J. Hickson,LeBron James,Mo Williams,Shaquille O'Neal,Amare Stoudemire,Channing Frye,Grant Hill,Jason Richardson,Steve Nash,3,10:26,CLE,rebound,,,,,,,,,,Mo Williams,,,,,,def,,
Anthony Parker,J.J. Hickson,LeBron James,Mo Williams,Shaquille O'Neal,Amare Stoudemire,Channing Frye,Grant Hill,Jason Richardson,Steve Nash,3,10:19,CLE,shot,,,,,,,,,,LeBron James,2,,,made,,jump,46,10
Anthony Parker,J.J. Hickson,LeBron James,Mo Williams,Shaquille O'Neal,Amare Stoudemire,Channing Frye,Grant Hill,Jason Richardson,Steve Nash,3,10:11,PHX,shot,,,,,,,,,,Grant Hill,2,,,made,,driving layup,25,6
Anthony Parker,J.J. Hickson,LeBron James,Mo Williams,Shaquille O'Neal,Amare Stoudemire,Channing Frye,Grant Hill,Jason Richardson,Steve Nash,3,9:49,CLE,shot,,,,,,,,,,LeBron James,,,,missed,,3pt,39,28
Anthony Parker,J.J. Hickson,LeBron James,Mo Williams,Shaquille O'Neal,Amare Stoudemire,Channing Frye,Grant Hill,Jason Richardson,Steve Nash,3,9:46,PHX,rebound,,,,,,,,,,Amare Stoudemire,,,,,,def,,
Anthony Parker,J.J. Hickson,LeBron James,Mo Williams,Shaquille O'Neal,Amare Stoudemire,Channing Frye,Grant Hill,Jason Richardson,Steve Nash,3,9:38,PHX,shot,Steve Nash,,,,,,,,,Channing Frye,2,,,made,,dunk,25,6
Anthony Parker,J.J. Hickson,LeBron James,Mo Williams,Shaquille O'Neal,Amare Stoudemire,Channing Frye,Grant Hill,Jason Richardson,Steve Nash,3,9:17,CLE,shot,,,,,,,,,,LeBron James,,,,missed,,jump,40,10
Anthony Parker,J.J. Hickson,LeBron James,Mo Williams,Shaquille O'Neal,Amare Stoudemire,Channing Frye,Grant Hill,Jason Richardson,Steve Nash,3,9:16,CLE,rebound,,,,,,,,,,J.J. Hickson,,,,,,off,,
Anthony Parker,J.J. Hickson,LeBron James,Mo Williams,Shaquille O'Neal,Amare Stoudemire,Channing Frye,Grant Hill,Jason Richardson,Steve Nash,3,9:12,CLE,turnover,,,,,,,,,,J.J. Hickson,,,lost ball,,Jason Richardson,,,
Anthony Parker,J.J. Hickson,LeBron James,Mo Williams,Shaquille O'Neal,Amare Stoudemire,Channing Frye,Grant Hill,Jason Richardson,Steve Nash,3,9:00,CLE,foul,,,,,,,,Amare Stoudemire,,LeBron James,,,,,,shooting,,
Anthony Parker,J.J. Hickson,LeBron James,Mo Williams,Shaquille O'Neal,Amare Stoudemire,Channing Frye,Grant Hill,Jason Richardson,Steve Nash,3,9:00,PHX,free throw,,,,,,,1,,2,Amare Stoudemire,,,foul,made,,,,
Anthony Parker,J.J. Hickson,LeBron James,Mo Williams,Shaquille O'Neal,Amare Stoudemire,Channing Frye,Grant Hill,Jason Richardson,Steve Nash,3,9:00,PHX,free throw,,,,,,,2,,2,Amare Stoudemire,,,foul,made,,,,
Anthony Parker,J.J. Hickson,LeBron James,Mo Williams,Shaquille O'Neal,Amare Stoudemire,Channing Frye,Grant Hill,Jason Richardson,Steve Nash,3,8:49,PHX,foul,,,,,,,,Mo Williams,,Steve Nash,,,,,,shooting,,
Anthony Parker,J.J. Hickson,LeBron James,Mo Williams,Shaquille O'Neal,Amare Stoudemire,Channing Frye,Grant Hill,Jason Richardson,Steve Nash,3,8:49,CLE,free throw,,,,,,,1,,2,Mo Williams,,,foul,made,,,,
Anthony Parker,J.J. Hickson,LeBron James,Mo Williams,Shaquille O'Neal,Amare Stoudemire,Channing Frye,Grant Hill,Jason Richardson,Steve Nash,3,8:49,CLE,free throw,,,,,,,2,,2,Mo Williams,,,foul,made,,,,
Anthony Parker,J.J. Hickson,LeBron James,Mo Williams,Shaquille O'Neal,Amare Stoudemire,Channing Frye,Grant Hill,Jason Richardson,Steve Nash,3,8:30,PHX,shot,,,,,,,,,,Steve Nash,2,,,made,,driving reverse layup,25,6
Anthony Parker,J.J. Hickson,LeBron James,Mo Williams,Shaquille O'Neal,Amare Stoudemire,Channing Frye,Grant Hill,Jason Richardson,Steve Nash,3,8:10,CLE,shot,,,,,,,,,,Anthony Parker,,,,missed,,3pt,12,27
Anthony Parker,J.J. Hickson,LeBron James,Mo Williams,Shaquille O'Neal,Amare Stoudemire,Channing Frye,Grant Hill,Jason Richardson,Steve Nash,3,8:08,PHX,rebound,,,,,,,,,,,,,,,,,,
Anthony Parker,J.J. Hickson,LeBron James,Mo Williams,Shaquille O'Neal,Amare Stoudemire,Channing Frye,Grant Hill,Jason Richardson,Steve Nash,3,7:49,PHX,shot,,,,,,,,,,Grant Hill,,,,missed,,jump,11,21
Anthony Parker,J.J. Hickson,LeBron James,Mo Williams,Shaquille O'Neal,Amare Stoudemire,Channing Frye,Grant Hill,Jason Richardson,Steve Nash,3,7:47,CLE,rebound,,,,,,,,,,LeBron James,,,,,,def,,
Anthony Parker,J.J. Hickson,LeBron James,Mo Williams,Shaquille O'Neal,Amare Stoudemire,Channing Frye,Grant Hill,Jason Richardson,Steve Nash,3,7:40,CLE,turnover,,,,,,,,,,Shaquille O'Neal,,,3 second violation,,,,,
Anthony Parker,J.J. Hickson,LeBron James,Mo Williams,Shaquille O'Neal,Amare Stoudemire,Channing Frye,Grant Hill,Jason Richardson,Steve Nash,3,7:32,PHX,shot,,,,,,,,,,Steve Nash,2,,,made,,jump,18,18
Anthony Parker,J.J. Hickson,LeBron James,Mo Williams,Shaquille O'Neal,Amare Stoudemire,Channing Frye,Grant Hill,Jason Richardson,Steve Nash,3,7:05,CLE,shot,,,,,,,,,,Mo Williams,,,,missed,,3pt,45,24
Anthony Parker,J.J. Hickson,LeBron James,Mo Williams,Shaquille O'Neal,Amare Stoudemire,Channing Frye,Grant Hill,Jason Richardson,Steve Nash,3,7:03,CLE,rebound,,,,,,,,,,Shaquille O'Neal,,,,,,off,,
Anthony Parker,J.J. Hickson,LeBron James,Mo Williams,Shaquille O'Neal,Amare Stoudemire,Channing Frye,Grant Hill,Jason Richardson,Steve Nash,3,7:00,CLE,shot,Shaquille O'Neal,,,,,,,,,J.J. Hickson,2,,,made,,jump,17,20
Anthony Parker,J.J. Hickson,LeBron James,Mo Williams,Shaquille O'Neal,Amare Stoudemire,Channing Frye,Grant Hill,Jason Richardson,Steve Nash,3,6:45,PHX,shot,,,,,,,,,,Amare Stoudemire,,,,missed,,jump,19,20
Anthony Parker,J.J. Hickson,LeBron James,Mo Williams,Shaquille O'Neal,Amare Stoudemire,Channing Frye,Grant Hill,Jason Richardson,Steve Nash,3,6:43,CLE,rebound,,,,,,,,,,LeBron James,,,,,,def,,
Anthony Parker,J.J. Hickson,LeBron James,Mo Williams,Shaquille O'Neal,Amare Stoudemire,Channing Frye,Grant Hill,Jason Richardson,Steve Nash,3,6:26,CLE,turnover,,,,,,,,,,Shaquille O'Neal,,,lost ball,,Grant Hill,,,
Anthony Parker,J.J. Hickson,LeBron James,Mo Williams,Shaquille O'Neal,Amare Stoudemire,Channing Frye,Grant Hill,Jason Richardson,Steve Nash,3,6:22,PHX,turnover,,,,,,,,,,Steve Nash,,,bad pass,,Mo Williams,,,
Anthony Parker,J.J. Hickson,LeBron James,Mo Williams,Shaquille O'Neal,Amare Stoudemire,Channing Frye,Grant Hill,Jason Richardson,Steve Nash,3,6:19,PHX,foul,,,,,,,,Mo Williams,,Grant Hill,,,,,,shooting,,
Anthony Parker,J.J. Hickson,LeBron James,Mo Williams,Shaquille O'Neal,Amare Stoudemire,Channing Frye,Grant Hill,Jason Richardson,Steve Nash,3,6:19,CLE,free throw,,,,,,,1,,2,Mo Williams,,,foul,made,,,,
Anthony Parker,J.J. Hickson,LeBron James,Mo Williams,Shaquille O'Neal,Amare Stoudemire,Channing Frye,Grant Hill,Jason Richardson,Steve Nash,3,6:19,CLE,free throw,,,,,,,2,,2,Mo Williams,,,foul,made,,,,
Anthony Parker,J.J. Hickson,LeBron James,Mo Williams,Shaquille O'Neal,Amare Stoudemire,Channing Frye,Grant Hill,Jason Richardson,Steve Nash,3,6:12,PHX,shot,,,,,,,,,,Steve Nash,2,,,made,,driving reverse layup,25,6
Anthony Parker,J.J. Hickson,LeBron James,Mo Williams,Shaquille O'Neal,Amare Stoudemire,Channing Frye,Grant Hill,Jason Richardson,Steve Nash,3,5:47,CLE,shot,,,,,,,,,,Anthony Parker,,,,missed,,3pt,49,4
Anthony Parker,J.J. Hickson,LeBron James,Mo Williams,Shaquille O'Neal,Amare Stoudemire,Channing Frye,Grant Hill,Jason Richardson,Steve Nash,3,5:45,PHX,rebound,,,,,,,,,,Grant Hill,,,,,,def,,
Anthony Parker,J.J. Hickson,LeBron James,Mo Williams,Shaquille O'Neal,Amare Stoudemire,Channing Frye,Grant Hill,Jason Richardson,Steve Nash,3,5:31,PHX,shot,,,,,,,,,,Channing Frye,,,,missed,,3pt,47,21
Anthony Parker,J.J. Hickson,LeBron James,Mo Williams,Shaquille O'Neal,Amare Stoudemire,Channing Frye,Grant Hill,Jason Richardson,Steve Nash,3,5:29,CLE,rebound,,,,,,,,,,J.J. Hickson,,,,,,def,,
Anthony Parker,J.J. Hickson,LeBron James,Mo Williams,Shaquille O'Neal,Amare Stoudemire,Channing Frye,Grant Hill,Jason Richardson,Steve Nash,3,5:07,CLE,shot,,,,,,,,,,J.J. Hickson,,,,missed,,jump,42,4
Anthony Parker,J.J. Hickson,LeBron James,Mo Williams,Shaquille O'Neal,Amare Stoudemire,Channing Frye,Grant Hill,Jason Richardson,Steve Nash,3,5:05,CLE,rebound,,,,,,,,,,Shaquille O'Neal,,,,,,off,,
Anthony Parker,J.J. Hickson,LeBron James,Mo Williams,Shaquille O'Neal,Amare Stoudemire,Channing Frye,Grant Hill,Jason Richardson,Steve Nash,3,5:05,PHX,foul,,,,,,,,Shaquille O'Neal,,Jason Richardson,,,,,,personal,,
Anthony Parker,J.J. Hickson,LeBron James,Mo Williams,Shaquille O'Neal,Amare Stoudemire,Channing Frye,Grant Hill,Jason Richardson,Steve Nash,3,5:05,PHX,timeout,,,,,,,,,,,,,,,,regular,,
Anthony Parker,J.J. Hickson,LeBron James,Mo Williams,Shaquille O'Neal,Amare Stoudemire,Channing Frye,Jared Dudley,Jason Richardson,Steve Nash,3,5:05,PHX,sub,,,,Jared Dudley,,Grant Hill,,,,,,,,,,,,
Anthony Parker,J.J. Hickson,LeBron James,Mo Williams,Shaquille O'Neal,Amare Stoudemire,Channing Frye,Jared Dudley,Jason Richardson,Steve Nash,3,4:46,CLE,shot,,,,,,,,,,Mo Williams,3,,,made,,3pt,25,30
Anthony Parker,J.J. Hickson,LeBron James,Mo Williams,Shaquille O'Neal,Amare Stoudemire,Channing Frye,Jared Dudley,Jason Richardson,Steve Nash,3,4:34,PHX,turnover,,,,,,,,,,Steve Nash,,,bad pass,,Mo Williams,,,
Anthony Parker,J.J. Hickson,LeBron James,Mo Williams,Shaquille O'Neal,Amare Stoudemire,Channing Frye,Jared Dudley,Jason Richardson,Steve Nash,3,4:33,CLE,turnover,,,,,,,,,,Shaquille O'Neal,,,bad pass,,Amare Stoudemire,,,
Anderson Varejao,Anthony Parker,J.J. Hickson,LeBron James,Mo Williams,Amare Stoudemire,Channing Frye,Jared Dudley,Jason Richardson,Steve Nash,3,4:28,CLE,sub,,,,Anderson Varejao,,Shaquille O'Neal,,,,,,,,,,,,
Anderson Varejao,Anthony Parker,J.J. Hickson,LeBron James,Mo Williams,Amare Stoudemire,Channing Frye,Jared Dudley,Jason Richardson,Steve Nash,3,4:24,PHX,shot,,,,,,,,,,Jason Richardson,,,,missed,,3pt,8,24
Anderson Varejao,Anthony Parker,J.J. Hickson,LeBron James,Mo Williams,Amare Stoudemire,Channing Frye,Jared Dudley,Jason Richardson,Steve Nash,3,4:21,CLE,rebound,,,,,,,,,,J.J. Hickson,,,,,,def,,
Anderson Varejao,Anthony Parker,J.J. Hickson,LeBron James,Mo Williams,Amare Stoudemire,Channing Frye,Jared Dudley,Jason Richardson,Steve Nash,3,4:04,CLE,shot,,,,,,,,,,Mo Williams,,,,missed,,3pt,25,31
Anderson Varejao,Anthony Parker,J.J. Hickson,LeBron James,Mo Williams,Amare Stoudemire,Channing Frye,Jared Dudley,Jason Richardson,Steve Nash,3,4:03,PHX,rebound,,,,,,,,,,Jason Richardson,,,,,,def,,
Anderson Varejao,Anthony Parker,J.J. Hickson,LeBron James,Mo Williams,Amare Stoudemire,Channing Frye,Jared Dudley,Jason Richardson,Steve Nash,3,3:54,PHX,foul,,,,,,,,J.J. Hickson,,Amare Stoudemire,,,,,,offensive,,
Anderson Varejao,Anthony Parker,J.J. Hickson,LeBron James,Mo Williams,Amare Stoudemire,Channing Frye,Jared Dudley,Jason Richardson,Steve Nash,3,3:54,PHX,turnover,,,,,,,,,,Amare Stoudemire,,,foul,,,,,
Anderson Varejao,Anthony Parker,J.J. Hickson,LeBron James,Mo Williams,Amare Stoudemire,Channing Frye,Goran Dragic,Jared Dudley,Steve Nash,3,3:54,PHX,sub,,,,Goran Dragic,,Jason Richardson,,,,,,,,,,,,
Anderson Varejao,Anthony Parker,J.J. Hickson,LeBron James,Mo Williams,Channing Frye,Goran Dragic,Jared Dudley,Louis Amundson,Steve Nash,3,3:54,PHX,sub,,,,Louis Amundson,,Amare Stoudemire,,,,,,,,,,,,
Anderson Varejao,Anthony Parker,J.J. Hickson,LeBron James,Mo Williams,Channing Frye,Goran Dragic,Jared Dudley,Louis Amundson,Steve Nash,3,3:32,CLE,shot,LeBron James,,,,,,,,,Anderson Varejao,2,,,made,,layup,25,6
Anderson Varejao,Anthony Parker,J.J. Hickson,LeBron James,Mo Williams,Channing Frye,Goran Dragic,Jared Dudley,Louis Amundson,Steve Nash,3,3:19,PHX,shot,,,,,,,,,,Channing Frye,,,,missed,,3pt,28,30
Anderson Varejao,Anthony Parker,J.J. Hickson,LeBron James,Mo Williams,Channing Frye,Goran Dragic,Jared Dudley,Louis Amundson,Steve Nash,3,3:16,CLE,rebound,,,,,,,,,,Anderson Varejao,,,,,,def,,
Anderson Varejao,Anthony Parker,J.J. Hickson,LeBron James,Mo Williams,Channing Frye,Goran Dragic,Jared Dudley,Louis Amundson,Steve Nash,3,3:08,CLE,shot,,,,,,,,,,LeBron James,,,,missed,,jump,38,18
Anderson Varejao,Anthony Parker,J.J. Hickson,LeBron James,Mo Williams,Channing Frye,Goran Dragic,Jared Dudley,Louis Amundson,Steve Nash,3,3:06,PHX,rebound,,,,,,,,,,Channing Frye,,,,,,def,,
Anderson Varejao,Anthony Parker,J.J. Hickson,LeBron James,Mo Williams,Channing Frye,Goran Dragic,Jared Dudley,Louis Amundson,Steve Nash,3,3:02,PHX,shot,,,Mo Williams,,,,,,,Jared Dudley,,,,missed,,layup,25,6
Anderson Varejao,Anthony Parker,J.J. Hickson,LeBron James,Mo Williams,Channing Frye,Goran Dragic,Jared Dudley,Louis Amundson,Steve Nash,3,3:02,PHX,rebound,,,,,,,,,,,,,,,,,,
Anderson Varejao,Anthony Parker,Delonte West,J.J. Hickson,LeBron James,Channing Frye,Goran Dragic,Jared Dudley,Louis Amundson,Steve Nash,3,3:02,CLE,sub,,,,Delonte West,,Mo Williams,,,,,,,,,,,,
Anderson Varejao,Anthony Parker,Delonte West,J.J. Hickson,LeBron James,Channing Frye,Goran Dragic,Jared Dudley,Louis Amundson,Steve Nash,3,2:57,PHX,shot,Goran Dragic,,,,,,,,,Jared Dudley,2,,,made,,jump,10,5
Anderson Varejao,Anthony Parker,Delonte West,J.J. Hickson,LeBron James,Channing Frye,Goran Dragic,Jared Dudley,Louis Amundson,Steve Nash,3,2:34,CLE,shot,,,,,,,,,,LeBron James,2,,,made,,jump,16,26
Anderson Varejao,Anthony Parker,Delonte West,J.J. Hickson,LeBron James,Channing Frye,Goran Dragic,Jared Dudley,Louis Amundson,Steve Nash,3,2:25,CLE,foul,,,,,,,,Louis Amundson,,Anderson Varejao,,,,,,shooting,,
Anderson Varejao,Anthony Parker,Delonte West,J.J. Hickson,LeBron James,Channing Frye,Goran Dragic,Jared Dudley,Louis Amundson,Steve Nash,3,2:25,PHX,timeout,,,,,,,,,,,,,,,,official,,
Anderson Varejao,Anthony Parker,Delonte West,LeBron James,Zydrunas Ilgauskas,Channing Frye,Goran Dragic,Jared Dudley,Louis Amundson,Steve Nash,3,2:25,CLE,sub,,,,Zydrunas Ilgauskas,,J.J. Hickson,,,,,,,,,,,,
Anderson Varejao,Anthony Parker,Delonte West,LeBron James,Zydrunas Ilgauskas,Channing Frye,Goran Dragic,Jared Dudley,Louis Amundson,Steve Nash,3,2:25,PHX,free throw,,,,,,,1,,2,Louis Amundson,,,foul,missed,,,,
Anderson Varejao,Anthony Parker,Delonte West,LeBron James,Zydrunas Ilgauskas,Channing Frye,Goran Dragic,Jared Dudley,Louis Amundson,Steve Nash,3,2:25,PHX,rebound,,,,,,,,,,,,,,,,,,
Anderson Varejao,Anthony Parker,Delonte West,LeBron James,Zydrunas Ilgauskas,Channing Frye,Goran Dragic,Jared Dudley,Louis Amundson,Steve Nash,3,2:25,PHX,free throw,,,,,,,2,,2,Louis Amundson,,,foul,missed,,,,
Anderson Varejao,Anthony Parker,Delonte West,LeBron James,Zydrunas Ilgauskas,Channing Frye,Goran Dragic,Jared Dudley,Louis Amundson,Steve Nash,3,2:24,CLE,rebound,,,,,,,,,,Anderson Varejao,,,,,,def,,
Anderson Varejao,Anthony Parker,Delonte West,LeBron James,Zydrunas Ilgauskas,Channing Frye,Goran Dragic,Jared Dudley,Louis Amundson,Steve Nash,3,2:03,CLE,shot,Anthony Parker,,,,,,,,,Zydrunas Ilgauskas,2,,,made,,jump,43,4
Anderson Varejao,Anthony Parker,Delonte West,LeBron James,Zydrunas Ilgauskas,Channing Frye,Goran Dragic,Jared Dudley,Louis Amundson,Steve Nash,3,1:47,PHX,shot,,,,,,,,,,Steve Nash,,,,missed,,3pt,2,5
Anderson Varejao,Anthony Parker,Delonte West,LeBron James,Zydrunas Ilgauskas,Channing Frye,Goran Dragic,Jared Dudley,Louis Amundson,Steve Nash,3,1:45,CLE,rebound,,,,,,,,,,Zydrunas Ilgauskas,,,,,,def,,
Anderson Varejao,Anthony Parker,Delonte West,LeBron James,Zydrunas Ilgauskas,Channing Frye,Goran Dragic,Jared Dudley,Louis Amundson,Steve Nash,3,1:26,CLE,shot,,,,,,,,,,Anderson Varejao,,,,missed,,fade away jumper,14,18
Anderson Varejao,Anthony Parker,Delonte West,LeBron James,Zydrunas Ilgauskas,Channing Frye,Goran Dragic,Jared Dudley,Louis Amundson,Steve Nash,3,1:23,PHX,rebound,,,,,,,,,,Louis Amundson,,,,,,def,,
Anderson Varejao,Anthony Parker,Delonte West,LeBron James,Zydrunas Ilgauskas,Channing Frye,Goran Dragic,Jared Dudley,Louis Amundson,Steve Nash,3,1:13,PHX,shot,,,,,,,,,,Channing Frye,2,,,made,,jump,23,13
Anderson Varejao,Anthony Parker,Delonte West,LeBron James,Zydrunas Ilgauskas,Channing Frye,Goran Dragic,Jared Dudley,Louis Amundson,Steve Nash,3,0:53,CLE,foul,,,,,,,,Jared Dudley,,LeBron James,,,,,,offensive,,
Anderson Varejao,Anthony Parker,Delonte West,LeBron James,Zydrunas Ilgauskas,Channing Frye,Goran Dragic,Jared Dudley,Louis Amundson,Steve Nash,3,0:53,CLE,turnover,,,,,,,,,,LeBron James,,,foul,,,,,
Anderson Varejao,Anthony Parker,Delonte West,LeBron James,Zydrunas Ilgauskas,Channing Frye,Goran Dragic,Jared Dudley,Louis Amundson,Steve Nash,3,0:43,PHX,shot,Steve Nash,,,,,,,,,Louis Amundson,2,,,made,,layup,25,6
Anderson Varejao,Anthony Parker,Delonte West,LeBron James,Zydrunas Ilgauskas,Channing Frye,Goran Dragic,Jared Dudley,Louis Amundson,Steve Nash,3,0:27,CLE,shot,Delonte West,,,,,,,,,Zydrunas Ilgauskas,2,,,made,,jump,25,15
Anderson Varejao,Anthony Parker,Delonte West,LeBron James,Zydrunas Ilgauskas,Channing Frye,Goran Dragic,Jared Dudley,Louis Amundson,Steve Nash,3,0:27,PHX,foul,,,,,,,,Zydrunas Ilgauskas,,Louis Amundson,,,,,,shooting,,
Anderson Varejao,Anthony Parker,Daniel Gibson,Delonte West,Zydrunas Ilgauskas,Channing Frye,Goran Dragic,Jared Dudley,Louis Amundson,Steve Nash,3,0:27,CLE,sub,,,,Daniel Gibson,,LeBron James,,,,,,,,,,,,
Anderson Varejao,Anthony Parker,Daniel Gibson,Delonte West,Zydrunas Ilgauskas,Channing Frye,Goran Dragic,Jared Dudley,Louis Amundson,Steve Nash,3,0:27,CLE,free throw,,,,,,,1,,1,Zydrunas Ilgauskas,,,foul,made,,,,
Anderson Varejao,Anthony Parker,Daniel Gibson,Delonte West,Zydrunas Ilgauskas,Channing Frye,Goran Dragic,Jared Dudley,Louis Amundson,Steve Nash,3,0:09,PHX,shot,Steve Nash,,,,,,,,,Channing Frye,2,,,made,,jump,13,23
Anderson Varejao,Anthony Parker,Daniel Gibson,Delonte West,Zydrunas Ilgauskas,Channing Frye,Goran Dragic,Jared Dudley,Louis Amundson,Steve Nash,3,0:01,PHX,foul,,,,,,,,Anderson Varejao,,Louis Amundson,,,,,,shooting,,
Anderson Varejao,Anthony Parker,Daniel Gibson,Delonte West,Zydrunas Ilgauskas,Channing Frye,Goran Dragic,Jared Dudley,Louis Amundson,Steve Nash,3,0:01,CLE,free throw,,,,,,,1,,2,Anderson Varejao,,,foul,missed,,,,
Anderson Varejao,Anthony Parker,Daniel Gibson,Delonte West,Zydrunas Ilgauskas,Channing Frye,Goran Dragic,Jared Dudley,Louis Amundson,Steve Nash,3,0:01,CLE,rebound,,,,,,,,,,,,,,,,,,
Anderson Varejao,Anthony Parker,Daniel Gibson,Delonte West,Zydrunas Ilgauskas,Channing Frye,Goran Dragic,Jared Dudley,Louis Amundson,Steve Nash,3,0:01,CLE,free throw,,,,,,,2,,2,Anderson Varejao,,,foul,made,,,,
Anderson Varejao,Daniel Gibson,Delonte West,Mo Williams,Zydrunas Ilgauskas,Channing Frye,Goran Dragic,Grant Hill,Jared Dudley,Louis Amundson,4,11:44,PHX,shot,,,,,,,,,,Goran Dragic,,,,missed,,layup,25,6
Anderson Varejao,Daniel Gibson,Delonte West,Mo Williams,Zydrunas Ilgauskas,Channing Frye,Goran Dragic,Grant Hill,Jared Dudley,Louis Amundson,4,11:43,PHX,rebound,,,,,,,,,,Louis Amundson,,,,,,off,,
Anderson Varejao,Daniel Gibson,Delonte West,Mo Williams,Zydrunas Ilgauskas,Channing Frye,Goran Dragic,Grant Hill,Jared Dudley,Louis Amundson,4,11:43,PHX,shot,,,,,,,,,,Louis Amundson,2,,,made,,tip,25,6
Anderson Varejao,Daniel Gibson,Delonte West,Mo Williams,Zydrunas Ilgauskas,Channing Frye,Goran Dragic,Grant Hill,Jared Dudley,Louis Amundson,4,11:21,CLE,foul,,,,,,,,Grant Hill,,Delonte West,,,,,,offensive,,
Anderson Varejao,Daniel Gibson,Delonte West,Mo Williams,Zydrunas Ilgauskas,Channing Frye,Goran Dragic,Grant Hill,Jared Dudley,Louis Amundson,4,11:21,CLE,turnover,,,,,,,,,,Delonte West,,,foul,,,,,
Anderson Varejao,Daniel Gibson,Delonte West,Mo Williams,Zydrunas Ilgauskas,Channing Frye,Goran Dragic,Grant Hill,Jared Dudley,Louis Amundson,4,11:07,PHX,shot,,,,,,,,,,Channing Frye,,,,missed,,3pt,9,25
Anderson Varejao,Daniel Gibson,Delonte West,Mo Williams,Zydrunas Ilgauskas,Channing Frye,Goran Dragic,Grant Hill,Jared Dudley,Louis Amundson,4,11:05,CLE,rebound,,,,,,,,,,Delonte West,,,,,,def,,
Anderson Varejao,Daniel Gibson,Delonte West,Mo Williams,Zydrunas Ilgauskas,Channing Frye,Goran Dragic,Grant Hill,Jared Dudley,Louis Amundson,4,10:47,PHX,foul,,,,,,,,Anderson Varejao,,Channing Frye,,,,,,personal,,
Anderson Varejao,Daniel Gibson,Delonte West,Mo Williams,Zydrunas Ilgauskas,Channing Frye,Goran Dragic,Grant Hill,Jared Dudley,Louis Amundson,4,10:47,CLE,free throw,,,,,,,1,,2,Anderson Varejao,,,foul,made,,,,
Anderson Varejao,Daniel Gibson,Delonte West,Mo Williams,Zydrunas Ilgauskas,Channing Frye,Goran Dragic,Grant Hill,Jared Dudley,Louis Amundson,4,10:47,CLE,free throw,,,,,,,2,,2,Anderson Varejao,,,foul,made,,,,
Anderson Varejao,Daniel Gibson,Delonte West,Mo Williams,Zydrunas Ilgauskas,Channing Frye,Goran Dragic,Grant Hill,Jared Dudley,Louis Amundson,4,10:35,PHX,shot,,,,,,,,,,Goran Dragic,,,,missed,,driving layup,25,6
Anderson Varejao,Daniel Gibson,Delonte West,Mo Williams,Zydrunas Ilgauskas,Channing Frye,Goran Dragic,Grant Hill,Jared Dudley,Louis Amundson,4,10:34,CLE,rebound,,,,,,,,,,Zydrunas Ilgauskas,,,,,,def,,
Anderson Varejao,Daniel Gibson,Delonte West,Mo Williams,Zydrunas Ilgauskas,Channing Frye,Goran Dragic,Grant Hill,Jared Dudley,Louis Amundson,4,10:22,CLE,shot,,,,,,,,,,Mo Williams,2,,,made,,jump,12,22
Anderson Varejao,Daniel Gibson,Delonte West,Mo Williams,Zydrunas Ilgauskas,Channing Frye,Goran Dragic,Grant Hill,Jared Dudley,Louis Amundson,4,10:10,PHX,shot,,,,,,,,,,Jared Dudley,2,,,made,,jump,9,11
Anderson Varejao,Daniel Gibson,Delonte West,Mo Williams,Zydrunas Ilgauskas,Channing Frye,Goran Dragic,Grant Hill,Jared Dudley,Louis Amundson,4,9:56,CLE,foul,,,,,,,,Channing Frye,,Zydrunas Ilgauskas,,,,,,offensive,,
Anderson Varejao,Daniel Gibson,Delonte West,Mo Williams,Zydrunas Ilgauskas,Channing Frye,Goran Dragic,Grant Hill,Jared Dudley,Louis Amundson,4,9:56,CLE,turnover,,,,,,,,,,Zydrunas Ilgauskas,,,foul,,,,,
Anderson Varejao,Daniel Gibson,Delonte West,Mo Williams,Zydrunas Ilgauskas,Channing Frye,Goran Dragic,Grant Hill,Jared Dudley,Louis Amundson,4,9:42,PHX,shot,,,,,,,,,,Grant Hill,2,,,made,,jump,33,15
Anderson Varejao,Daniel Gibson,Delonte West,Mo Williams,Zydrunas Ilgauskas,Channing Frye,Goran Dragic,Grant Hill,Jared Dudley,Louis Amundson,4,9:24,CLE,shot,,,,,,,,,,Mo Williams,,,,missed,,jump,39,16
Anderson Varejao,Daniel Gibson,Delonte West,Mo Williams,Zydrunas Ilgauskas,Channing Frye,Goran Dragic,Grant Hill,Jared Dudley,Louis Amundson,4,9:22,PHX,rebound,,,,,,,,,,Louis Amundson,,,,,,def,,
Anderson Varejao,Daniel Gibson,Delonte West,Mo Williams,Zydrunas Ilgauskas,Channing Frye,Goran Dragic,Grant Hill,Jared Dudley,Louis Amundson,4,9:13,CLE,foul,,,,,,,,,,Delonte West,,,,,,defense 3 second,,
Anderson Varejao,Daniel Gibson,Delonte West,Mo Williams,Zydrunas Ilgauskas,Channing Frye,Goran Dragic,Grant Hill,Jared Dudley,Louis Amundson,4,9:13,PHX,free throw,,,,,,,1,,1,Grant Hill,,,technical,made,,,,
Anderson Varejao,Daniel Gibson,Delonte West,LeBron James,Mo Williams,Channing Frye,Goran Dragic,Grant Hill,Jared Dudley,Louis Amundson,4,9:13,CLE,sub,,,,LeBron James,,Zydrunas Ilgauskas,,,,,,,,,,,,
Anderson Varejao,Daniel Gibson,Delonte West,LeBron James,Mo Williams,Channing Frye,Goran Dragic,Grant Hill,Jared Dudley,Louis Amundson,4,9:01,PHX,shot,,,,,,,,,,Grant Hill,,,,missed,,turnaround jump,10,4
Anderson Varejao,Daniel Gibson,Delonte West,LeBron James,Mo Williams,Channing Frye,Goran Dragic,Grant Hill,Jared Dudley,Louis Amundson,4,8:58,CLE,rebound,,,,,,,,,,Anderson Varejao,,,,,,def,,
Anderson Varejao,Daniel Gibson,Delonte West,LeBron James,Mo Williams,Channing Frye,Goran Dragic,Grant Hill,Jared Dudley,Louis Amundson,4,8:39,CLE,shot,,,,,,,,,,LeBron James,,,,missed,,jump,12,11
Anderson Varejao,Daniel Gibson,Delonte West,LeBron James,Mo Williams,Channing Frye,Goran Dragic,Grant Hill,Jared Dudley,Louis Amundson,4,8:37,PHX,rebound,,,,,,,,,,Channing Frye,,,,,,def,,
Anderson Varejao,Daniel Gibson,Delonte West,LeBron James,Mo Williams,Channing Frye,Goran Dragic,Grant Hill,Jared Dudley,Louis Amundson,4,8:29,PHX,shot,,,,,,,,,,Jared Dudley,,,,missed,,3pt,1,6
Anderson Varejao,Daniel Gibson,Delonte West,LeBron James,Mo Williams,Channing Frye,Goran Dragic,Grant Hill,Jared Dudley,Louis Amundson,4,8:27,CLE,rebound,,,,,,,,,,Delonte West,,,,,,def,,
Anderson Varejao,Daniel Gibson,Delonte West,LeBron James,Mo Williams,Channing Frye,Goran Dragic,Grant Hill,Jared Dudley,Louis Amundson,4,8:05,CLE,shot,Daniel Gibson,,,,,,,,,Mo Williams,3,,,made,,3pt,41,25
Anderson Varejao,Daniel Gibson,Delonte West,LeBron James,Mo Williams,Channing Frye,Goran Dragic,Grant Hill,Jared Dudley,Louis Amundson,4,7:46,PHX,turnover,,,,,,,,,,Grant Hill,,,lost ball,,Delonte West,,,
Anderson Varejao,Daniel Gibson,Delonte West,LeBron James,Mo Williams,Channing Frye,Goran Dragic,Grant Hill,Jared Dudley,Louis Amundson,4,7:42,CLE,shot,,,,,,,,,,Delonte West,2,,,made,,layup,25,6
Anderson Varejao,Daniel Gibson,Delonte West,LeBron James,Mo Williams,Channing Frye,Goran Dragic,Grant Hill,Jared Dudley,Louis Amundson,4,7:42,PHX,foul,,,,,,,,Delonte West,,Louis Amundson,,,,,,shooting,,
Anderson Varejao,Daniel Gibson,Delonte West,LeBron James,Mo Williams,Channing Frye,Goran Dragic,Grant Hill,Jared Dudley,Louis Amundson,4,7:42,CLE,timeout,,,,,,,,,,,,,,,,official,,
Anderson Varejao,Daniel Gibson,Delonte West,LeBron James,Mo Williams,Goran Dragic,Grant Hill,Jared Dudley,Jason Richardson,Louis Amundson,4,7:42,PHX,sub,,,,Jason Richardson,,Channing Frye,,,,,,,,,,,,
Anderson Varejao,Daniel Gibson,Delonte West,LeBron James,Mo Williams,Amare Stoudemire,Grant Hill,Jared Dudley,Jason Richardson,Louis Amundson,4,7:42,PHX,sub,,,,Amare Stoudemire,,Goran Dragic,,,,,,,,,,,,
Anderson Varejao,Daniel Gibson,Delonte West,LeBron James,Mo Williams,Amare Stoudemire,Grant Hill,Jared Dudley,Jason Richardson,Steve Nash,4,7:42,PHX,sub,,,,Steve Nash,,Louis Amundson,,,,,,,,,,,,
Anderson Varejao,Daniel Gibson,Delonte West,LeBron James,Mo Williams,Amare Stoudemire,Grant Hill,Jared Dudley,Jason Richardson,Steve Nash,4,7:42,CLE,free throw,,,,,,,1,,1,Delonte West,,,foul,made,,,,
Anderson Varejao,Daniel Gibson,Delonte West,LeBron James,Mo Williams,Amare Stoudemire,Grant Hill,Jared Dudley,Jason Richardson,Steve Nash,4,7:37,CLE,foul,,,,,,,,Grant Hill,,Delonte West,,,,,,personal,,
Anderson Varejao,Daniel Gibson,Delonte West,LeBron James,Mo Williams,Amare Stoudemire,Grant Hill,Jared Dudley,Jason Richardson,Steve Nash,4,7:26,PHX,shot,,,,,,,,,,Grant Hill,2,,,made,,hook,26,13
Anderson Varejao,Daniel Gibson,Delonte West,LeBron James,Mo Williams,Amare Stoudemire,Grant Hill,Jared Dudley,Jason Richardson,Steve Nash,4,7:11,CLE,turnover,,,,,,,,,,LeBron James,,,traveling,,,,,
Anderson Varejao,Daniel Gibson,Delonte West,LeBron James,Mo Williams,Amare Stoudemire,Grant Hill,Jared Dudley,Jason Richardson,Steve Nash,4,6:51,PHX,shot,Steve Nash,,,,,,,,,Jared Dudley,2,,,made,,layup,25,6
Anderson Varejao,Daniel Gibson,Delonte West,LeBron James,Mo Williams,Amare Stoudemire,Grant Hill,Jared Dudley,Jason Richardson,Steve Nash,4,6:39,CLE,timeout,,,,,,,,,,,,,,,,regular,,
Anderson Varejao,Anthony Parker,Delonte West,LeBron James,Mo Williams,Amare Stoudemire,Grant Hill,Jared Dudley,Jason Richardson,Steve Nash,4,6:39,CLE,sub,,,,Anthony Parker,,Daniel Gibson,,,,,,,,,,,,
Anderson Varejao,Anthony Parker,Delonte West,LeBron James,Mo Williams,Amare Stoudemire,Grant Hill,Jared Dudley,Jason Richardson,Steve Nash,4,6:29,CLE,shot,LeBron James,,,,,,,,,Mo Williams,3,,,made,,3pt,2,9
Anderson Varejao,Anthony Parker,Delonte West,LeBron James,Mo Williams,Amare Stoudemire,Grant Hill,Jared Dudley,Jason Richardson,Steve Nash,4,6:10,PHX,foul,,,,,,,,Anthony Parker,,Jason Richardson,,,,,,offensive,,
Anderson Varejao,Anthony Parker,Delonte West,LeBron James,Mo Williams,Amare Stoudemire,Grant Hill,Jared Dudley,Jason Richardson,Steve Nash,4,6:10,PHX,turnover,,,,,,,,,,Jason Richardson,,,foul,,,,,
Anderson Varejao,Anthony Parker,Delonte West,LeBron James,Mo Williams,Amare Stoudemire,Grant Hill,Jared Dudley,Jason Richardson,Steve Nash,4,5:59,CLE,shot,LeBron James,,,,,,,,,Anderson Varejao,2,,,made,,reverse dunk,25,6
Anderson Varejao,Anthony Parker,Delonte West,LeBron James,Mo Williams,Amare Stoudemire,Grant Hill,Jared Dudley,Jason Richardson,Steve Nash,4,5:53,PHX,timeout,,,,,,,,,,,,,,,,regular,,
Anderson Varejao,Anthony Parker,Delonte West,LeBron James,Mo Williams,Amare Stoudemire,Grant Hill,Jared Dudley,Jason Richardson,Steve Nash,4,5:36,PHX,shot,,,,,,,,,,Amare Stoudemire,,,,missed,,dunk,25,6
Anderson Varejao,Anthony Parker,Delonte West,LeBron James,Mo Williams,Amare Stoudemire,Grant Hill,Jared Dudley,Jason Richardson,Steve Nash,4,5:34,PHX,rebound,,,,,,,,,,Amare Stoudemire,,,,,,off,,
Anderson Varejao,Anthony Parker,Delonte West,LeBron James,Mo Williams,Amare Stoudemire,Grant Hill,Jared Dudley,Jason Richardson,Steve Nash,4,5:34,PHX,shot,,,Anderson Varejao,,,,,,,Amare Stoudemire,,,,missed,,layup,25,6
Anderson Varejao,Anthony Parker,Delonte West,LeBron James,Mo Williams,Amare Stoudemire,Grant Hill,Jared Dudley,Jason Richardson,Steve Nash,4,5:34,CLE,rebound,,,,,,,,,,Mo Williams,,,,,,def,,
Anderson Varejao,Anthony Parker,Delonte West,LeBron James,Mo Williams,Amare Stoudemire,Grant Hill,Jared Dudley,Jason Richardson,Steve Nash,4,5:34,PHX,foul,,,,,,,,,,Amare Stoudemire,,,,,,technical,,
Anderson Varejao,Anthony Parker,Delonte West,LeBron James,Mo Williams,Amare Stoudemire,Grant Hill,Jared Dudley,Jason Richardson,Steve Nash,4,5:34,CLE,free throw,,,,,,,1,,1,Mo Williams,,,technical,made,,,,
Anderson Varejao,Anthony Parker,Delonte West,LeBron James,Mo Williams,Amare Stoudemire,Grant Hill,Jared Dudley,Jason Richardson,Steve Nash,4,5:12,CLE,shot,,,,,,,,,,LeBron James,2,,,made,,turnaround fade away,43,4
Anderson Varejao,Anthony Parker,Delonte West,LeBron James,Mo Williams,Amare Stoudemire,Grant Hill,Jared Dudley,Jason Richardson,Steve Nash,4,4:54,PHX,turnover,,,,,,,,,,Jason Richardson,,,bad pass,,LeBron James,,,
Anderson Varejao,Anthony Parker,Delonte West,LeBron James,Mo Williams,Amare Stoudemire,Grant Hill,Jared Dudley,Jason Richardson,Steve Nash,4,4:32,CLE,shot,,,,,,,,,,LeBron James,3,,,made,,3pt,43,24
Anderson Varejao,Anthony Parker,Delonte West,LeBron James,Mo Williams,Amare Stoudemire,Grant Hill,Jared Dudley,Jason Richardson,Steve Nash,4,4:32,PHX,timeout,,,,,,,,,,,,,,,,short,,
Anderson Varejao,Anthony Parker,Delonte West,LeBron James,Mo Williams,Amare Stoudemire,Grant Hill,Jared Dudley,Jason Richardson,Steve Nash,4,4:23,PHX,foul,,,,,,,,Anderson Varejao,,Amare Stoudemire,,,,,,offensive,,
Anderson Varejao,Anthony Parker,Delonte West,LeBron James,Mo Williams,Amare Stoudemire,Grant Hill,Jared Dudley,Jason Richardson,Steve Nash,4,4:23,PHX,turnover,,,,,,,,,,Amare Stoudemire,,,foul,,,,,
Anderson Varejao,Anthony Parker,Delonte West,LeBron James,Mo Williams,Amare Stoudemire,Grant Hill,Jared Dudley,Jason Richardson,Steve Nash,4,4:03,CLE,shot,,,,,,,,,,Anderson Varejao,,,,missed,,dunk,25,6
Anderson Varejao,Anthony Parker,Delonte West,LeBron James,Mo Williams,Amare Stoudemire,Grant Hill,Jared Dudley,Jason Richardson,Steve Nash,4,4:00,PHX,rebound,,,,,,,,,,Amare Stoudemire,,,,,,def,,
Anderson Varejao,Anthony Parker,Delonte West,LeBron James,Mo Williams,Amare Stoudemire,Grant Hill,Jared Dudley,Jason Richardson,Steve Nash,4,3:51,PHX,shot,,,,,,,,,,Steve Nash,,,,missed,,jump,23,16
Anderson Varejao,Anthony Parker,Delonte West,LeBron James,Mo Williams,Amare Stoudemire,Grant Hill,Jared Dudley,Jason Richardson,Steve Nash,4,3:49,CLE,rebound,,,,,,,,,,Anthony Parker,,,,,,def,,
Anderson Varejao,Anthony Parker,Delonte West,LeBron James,Mo Williams,Amare Stoudemire,Grant Hill,Jared Dudley,Jason Richardson,Steve Nash,4,3:27,CLE,shot,,,,,,,,,,LeBron James,,,,missed,,turnaround fade away,39,11
Anderson Varejao,Anthony Parker,Delonte West,LeBron James,Mo Williams,Amare Stoudemire,Grant Hill,Jared Dudley,Jason Richardson,Steve Nash,4,3:23,PHX,rebound,,,,,,,,,,Jason Richardson,,,,,,def,,
Anderson Varejao,Anthony Parker,Delonte West,LeBron James,Mo Williams,Amare Stoudemire,Grant Hill,Jared Dudley,Jason Richardson,Steve Nash,4,3:16,PHX,shot,,,,,,,,,,Jason Richardson,,,,missed,,3pt,43,23
Anderson Varejao,Anthony Parker,Delonte West,LeBron James,Mo Williams,Amare Stoudemire,Grant Hill,Jared Dudley,Jason Richardson,Steve Nash,4,3:14,CLE,rebound,,,,,,,,,,Delonte West,,,,,,def,,
Anderson Varejao,Anthony Parker,Delonte West,LeBron James,Mo Williams,Amare Stoudemire,Grant Hill,Jared Dudley,Jason Richardson,Steve Nash,4,3:02,CLE,shot,Mo Williams,,,,,,,,,LeBron James,2,,,made,,layup,25,6
Anderson Varejao,Anthony Parker,Delonte West,LeBron James,Mo Williams,Amare Stoudemire,Grant Hill,Jared Dudley,Jason Richardson,Steve Nash,4,2:54,PHX,timeout,,,,,,,,,,,,,,,,regular,,
Anderson Varejao,Anthony Parker,Delonte West,LeBron James,Mo Williams,Amare Stoudemire,Channing Frye,Jared Dudley,Jason Richardson,Steve Nash,4,2:54,PHX,sub,,,,Channing Frye,,Grant Hill,,,,,,,,,,,,
Anderson Varejao,Anthony Parker,Delonte West,LeBron James,Mo Williams,Amare Stoudemire,Channing Frye,Jared Dudley,Jason Richardson,Steve Nash,4,2:39,PHX,shot,,,,,,,,,,Channing Frye,,,,missed,,turnaround jump,41,7
Anderson Varejao,Anthony Parker,Delonte West,LeBron James,Mo Williams,Amare Stoudemire,Channing Frye,Jared Dudley,Jason Richardson,Steve Nash,4,2:36,CLE,rebound,,,,,,,,,,Mo Williams,,,,,,def,,
Anderson Varejao,Anthony Parker,Delonte West,LeBron James,Mo Williams,Amare Stoudemire,Channing Frye,Jared Dudley,Jason Richardson,Steve Nash,4,2:19,CLE,shot,,,,,,,,,,Anderson Varejao,,,,missed,,jump,18,14
Anderson Varejao,Anthony Parker,Delonte West,LeBron James,Mo Williams,Amare Stoudemire,Channing Frye,Jared Dudley,Jason Richardson,Steve Nash,4,2:17,PHX,rebound,,,,,,,,,,Amare Stoudemire,,,,,,def,,
Anderson Varejao,Anthony Parker,Delonte West,LeBron James,Mo Williams,Channing Frye,Goran Dragic,Jared Dudley,Jason Richardson,Steve Nash,4,2:07,PHX,sub,,,,Goran Dragic,,Amare Stoudemire,,,,,,,,,,,,
Anderson Varejao,Anthony Parker,Delonte West,LeBron James,Mo Williams,Goran Dragic,Jared Dudley,Jason Richardson,Robin Lopez,Steve Nash,4,2:07,PHX,sub,,,,Robin Lopez,,Channing Frye,,,,,,,,,,,,
Anderson Varejao,Anthony Parker,Delonte West,LeBron James,Mo Williams,Earl Clark,Goran Dragic,Jared Dudley,Jason Richardson,Robin Lopez,4,2:07,PHX,sub,,,,Earl Clark,,Steve Nash,,,,,,,,,,,,
Anderson Varejao,Anthony Parker,Delonte West,LeBron James,Mo Williams,Alando Tucker,Earl Clark,Goran Dragic,Jason Richardson,Robin Lopez,4,2:07,PHX,sub,,,,Alando Tucker,,Jared Dudley,,,,,,,,,,,,
Anderson Varejao,Anthony Parker,Daniel Gibson,Delonte West,Mo Williams,Alando Tucker,Earl Clark,Goran Dragic,Jason Richardson,Robin Lopez,4,2:07,CLE,sub,,,,Daniel Gibson,,LeBron James,,,,,,,,,,,,
Anderson Varejao,Anthony Parker,Daniel Gibson,Delonte West,Jawad Williams,Alando Tucker,Earl Clark,Goran Dragic,Jason Richardson,Robin Lopez,4,2:07,CLE,sub,,,,Jawad Williams,,Mo Williams,,,,,,,,,,,,
Anderson Varejao,Anthony Parker,Daniel Gibson,Delonte West,Jawad Williams,Alando Tucker,Earl Clark,Goran Dragic,Jason Richardson,Robin Lopez,4,1:54,PHX,shot,,,,,,,,,,Alando Tucker,,,,missed,,3pt,5,21
Anderson Varejao,Anthony Parker,Daniel Gibson,Delonte West,Jawad Williams,Alando Tucker,Earl Clark,Goran Dragic,Jason Richardson,Robin Lopez,4,1:54,PHX,rebound,,,,,,,,,,,,,,,,,,
Anderson Varejao,Anthony Parker,Daniel Gibson,Delonte West,Jawad Williams,Alando Tucker,Earl Clark,Goran Dragic,Jason Richardson,Robin Lopez,4,1:54,PHX,turnover,,,,,,,,,,,,,shot clock turnover,,,,,
Anthony Parker,Daniel Gibson,Darnell Jackson,Delonte West,Jawad Williams,Alando Tucker,Earl Clark,Goran Dragic,Jason Richardson,Robin Lopez,4,1:54,CLE,sub,,,,Darnell Jackson,,Anderson Varejao,,,,,,,,,,,,
Anthony Parker,Daniel Gibson,Darnell Jackson,Delonte West,Jawad Williams,Alando Tucker,Earl Clark,Goran Dragic,Jason Richardson,Robin Lopez,4,1:44,CLE,shot,Delonte West,,,,,,,,,Daniel Gibson,2,,,made,,jump,14,22
Anthony Parker,Daniel Gibson,Darnell Jackson,Delonte West,Jawad Williams,Alando Tucker,Earl Clark,Goran Dragic,Jason Richardson,Robin Lopez,4,1:29,CLE,foul,,,,,,,,Earl Clark,,Darnell Jackson,,,,,,shooting,,
Anthony Parker,Daniel Gibson,Darnell Jackson,Delonte West,Jawad Williams,Alando Tucker,Earl Clark,Goran Dragic,Jason Richardson,Robin Lopez,4,1:29,PHX,free throw,,,,,,,1,,2,Earl Clark,,,foul,missed,,,,
Anthony Parker,Daniel Gibson,Darnell Jackson,Delonte West,Jawad Williams,Alando Tucker,Earl Clark,Goran Dragic,Jason Richardson,Robin Lopez,4,1:29,PHX,rebound,,,,,,,,,,,,,,,,,,
Anthony Parker,Daniel Gibson,Darnell Jackson,Delonte West,Jawad Williams,Alando Tucker,Earl Clark,Goran Dragic,Jason Richardson,Robin Lopez,4,1:29,PHX,free throw,,,,,,,2,,2,Earl Clark,,,foul,made,,,,
Anthony Parker,Daniel Gibson,Darnell Jackson,Delonte West,Jawad Williams,Alando Tucker,Earl Clark,Goran Dragic,Jason Richardson,Robin Lopez,4,1:10,CLE,shot,Delonte West,,,,,,,,,Daniel Gibson,2,,,made,,jump,40,16
Anthony Parker,Daniel Gibson,Darnell Jackson,Delonte West,Jawad Williams,Alando Tucker,Earl Clark,Goran Dragic,Jason Richardson,Robin Lopez,4,1:05,PHX,turnover,,,,,,,,,,Goran Dragic,,,traveling,,,,,
Anthony Parker,Daniel Gibson,Darnell Jackson,Delonte West,Jawad Williams,Alando Tucker,Earl Clark,Goran Dragic,Jason Richardson,Robin Lopez,4,0:49,CLE,shot,,,,,,,,,,Darnell Jackson,,,,missed,,jump,17,20
Anthony Parker,Daniel Gibson,Darnell Jackson,Delonte West,Jawad Williams,Alando Tucker,Earl Clark,Goran Dragic,Jason Richardson,Robin Lopez,4,0:47,PHX,rebound,,,,,,,,,,Earl Clark,,,,,,def,,
Anthony Parker,Daniel Gibson,Darnell Jackson,Delonte West,Jawad Williams,Alando Tucker,Earl Clark,Goran Dragic,Jason Richardson,Robin Lopez,4,0:38,PHX,shot,,,,,,,,,,Alando Tucker,2,,,made,,running bank,22,11
Anthony Parker,Daniel Gibson,Darnell Jackson,Delonte West,Jawad Williams,Alando Tucker,Earl Clark,Goran Dragic,Jason Richardson,Robin Lopez,4,0:23,CLE,shot,,,,,,,,,,Jawad Williams,,,,missed,,jump,21,11
Anthony Parker,Daniel Gibson,Darnell Jackson,Delonte West,Jawad Williams,Alando Tucker,Earl Clark,Goran Dragic,Jason Richardson,Robin Lopez,4,0:21,PHX,rebound,,,,,,,,,,Robin Lopez,,,,,,def,,
Anthony Parker,Daniel Gibson,Darnell Jackson,Delonte West,Jawad Williams,Alando Tucker,Earl Clark,Goran Dragic,Jason Richardson,Robin Lopez,4,0:21,CLE,foul,,,,,,,,Goran Dragic,,Darnell Jackson,,,,,,personal,,
Anthony Parker,Daniel Gibson,Darnell Jackson,Delonte West,Jawad Williams,Alando Tucker,Earl Clark,Goran Dragic,Jason Richardson,Robin Lopez,4,0:21,PHX,free throw,,,,,,,1,,2,Goran Dragic,,,foul,made,,,,
Anthony Parker,Daniel Gibson,Darnell Jackson,Delonte West,Jawad Williams,Alando Tucker,Earl Clark,Goran Dragic,Jason Richardson,Robin Lopez,4,0:21,PHX,free throw,,,,,,,2,,2,Goran Dragic,,,foul,made,,,,
