a1,a2,a3,a4,a5,h1,h2,h3,h4,h5,period,time,team,etype,assist,away,block,entered,home,left,num,opponent,outof,player,points,possession,reason,result,steal,type,x,y
Jeff Green,Kevin Durant,Nenad Krstic,Russell Westbrook,Thabo Sefolosha,DeJuan Blair,Keith Bogans,Richard Jefferson,Tim Duncan,Tony Parker,1,12:00,OFF,jump ball,,Jeff Green,,,DeJuan Blair,,,,,,,Nenad Krstic,,,,,,
Jeff Green,Kevin Durant,Nenad Krstic,Russell Westbrook,Thabo Sefolosha,DeJuan Blair,Keith Bogans,Richard Jefferson,Tim Duncan,Tony Parker,1,11:45,OKC,shot,,,,,,,,,,Nenad Krstic,,,,missed,,jump,12,15
Jeff Green,Kevin Durant,Nenad Krstic,Russell Westbrook,Thabo Sefolosha,DeJuan Blair,Keith Bogans,Richard Jefferson,Tim Duncan,Tony Parker,1,11:43,SAS,rebound,,,,,,,,,,Richard Jefferson,,,,,,def,,
Jeff Green,Kevin Durant,Nenad Krstic,Russell Westbrook,Thabo Sefolosha,DeJuan Blair,Keith Bogans,Richard Jefferson,Tim Duncan,Tony Parker,1,11:27,SAS,shot,Tony Parker,,,,,,,,,Tim Duncan,2,,,made,,jump,28,23
Jeff Green,Kevin Durant,Nenad Krstic,Russell Westbrook,Thabo Sefolosha,DeJuan Blair,Keith Bogans,Richard Jefferson,Tim Duncan,Tony Parker,1,11:02,OKC,shot,,,,,,,,,,Nenad Krstic,,,,missed,,jump,24,24
Jeff Green,Kevin Durant,Nenad Krstic,Russell Westbrook,Thabo Sefolosha,DeJuan Blair,Keith Bogans,Richard Jefferson,Tim Duncan,Tony Parker,1,11:00,SAS,rebound,,,,,,,,,,Tony Parker,,,,,,def,,
Jeff Green,Kevin Durant,Nenad Krstic,Russell Westbrook,Thabo Sefolosha,DeJuan Blair,Keith Bogans,Richard Jefferson,Tim Duncan,Tony Parker,1,10:49,SAS,shot,,,,,,,,,,Tim Duncan,,,,missed,,jump,25,25
Jeff Green,Kevin Durant,Nenad Krstic,Russell Westbrook,Thabo Sefolosha,DeJuan Blair,Keith Bogans,Richard Jefferson,Tim Duncan,Tony Parker,1,10:47,OKC,rebound,,,,,,,,,,Kevin Durant,,,,,,def,,
Jeff Green,Kevin Durant,Nenad Krstic,Russell Westbrook,Thabo Sefolosha,DeJuan Blair,Keith Bogans,Richard Jefferson,Tim Duncan,Tony Parker,1,10:24,OKC,shot,,,,,,,,,,Kevin Durant,,,,missed,,jump,39,5
Jeff Green,Kevin Durant,Nenad Krstic,Russell Westbrook,Thabo Sefolosha,DeJuan Blair,Keith Bogans,Richard Jefferson,Tim Duncan,Tony Parker,1,10:23,OKC,rebound,,,,,,,,,,,,,,,,,,
Jeff Green,Kevin Durant,Nenad Krstic,Russell Westbrook,Thabo Sefolosha,DeJuan Blair,Keith Bogans,Richard Jefferson,Tim Duncan,Tony Parker,1,10:20,OKC,shot,Kevin Durant,,,,,,,,,Nenad Krstic,2,,,made,,layup,23,6
Jeff Green,Kevin Durant,Nenad Krstic,Russell Westbrook,Thabo Sefolosha,DeJuan Blair,Keith Bogans,Richard Jefferson,Tim Duncan,Tony Parker,1,10:09,SAS,turnover,,,,,,,,,,Tony Parker,,,bad pass,,Thabo Sefolosha,,,
Jeff Green,Kevin Durant,Nenad Krstic,Russell Westbrook,Thabo Sefolosha,DeJuan Blair,Keith Bogans,Richard Jefferson,Tim Duncan,Tony Parker,1,10:06,OKC,shot,,,,,,,,,,Thabo Sefolosha,2,,,made,,dunk,25,7
Jeff Green,Kevin Durant,Nenad Krstic,Russell Westbrook,Thabo Sefolosha,DeJuan Blair,Keith Bogans,Richard Jefferson,Tim Duncan,Tony Parker,1,9:57,SAS,shot,,,Jeff Green,,,,,,,DeJuan Blair,,,,missed,,layup,23,7
Jeff Green,Kevin Durant,Nenad Krstic,Russell Westbrook,Thabo Sefolosha,DeJuan Blair,Keith Bogans,Richard Jefferson,Tim Duncan,Tony Parker,1,9:56,OKC,rebound,,,,,,,,,,,,,,,,,,
Jeff Green,Kevin Durant,Nenad Krstic,Russell Westbrook,Thabo Sefolosha,DeJuan Blair,Keith Bogans,Richard Jefferson,Tim Duncan,Tony Parker,1,9:46,SAS,foul,,,,,,,,Kevin Durant,,DeJuan Blair,,,,,,personal,,
Jeff Green,Kevin Durant,Nenad Krstic,Russell Westbrook,Thabo Sefolosha,DeJuan Blair,Keith Bogans,Richard Jefferson,Tim Duncan,Tony Parker,1,9:39,OKC,shot,,,Tim Duncan,,,,,,,Nenad Krstic,,,,missed,,layup,24,7
Jeff Green,Kevin Durant,Nenad Krstic,Russell Westbrook,Thabo Sefolosha,DeJuan Blair,Keith Bogans,Richard Jefferson,Tim Duncan,Tony Parker,1,9:37,OKC,rebound,,,,,,,,,,Nenad Krstic,,,,,,off,,
Jeff Green,Kevin Durant,Nenad Krstic,Russell Westbrook,Thabo Sefolosha,DeJuan Blair,Keith Bogans,Richard Jefferson,Tim Duncan,Tony Parker,1,9:34,OKC,shot,Russell Westbrook,,,,,,,,,Jeff Green,2,,,made,,layup,25,6
Jeff Green,Kevin Durant,Nenad Krstic,Russell Westbrook,Thabo Sefolosha,DeJuan Blair,Keith Bogans,Richard Jefferson,Tim Duncan,Tony Parker,1,9:24,SAS,shot,Tim Duncan,,,,,,,,,DeJuan Blair,2,,,made,,layup,23,6
Jeff Green,Kevin Durant,Nenad Krstic,Russell Westbrook,Thabo Sefolosha,DeJuan Blair,Keith Bogans,Richard Jefferson,Tim Duncan,Tony Parker,1,9:09,OKC,shot,,,,,,,,,,Jeff Green,,,,missed,,jump,9,8
Jeff Green,Kevin Durant,Nenad Krstic,Russell Westbrook,Thabo Sefolosha,DeJuan Blair,Keith Bogans,Richard Jefferson,Tim Duncan,Tony Parker,1,9:07,SAS,rebound,,,,,,,,,,Tim Duncan,,,,,,def,,
Jeff Green,Kevin Durant,Nenad Krstic,Russell Westbrook,Thabo Sefolosha,DeJuan Blair,Keith Bogans,Richard Jefferson,Tim Duncan,Tony Parker,1,8:55,SAS,shot,,,,,,,,,,Tony Parker,,,,missed,,jump,39,12
Jeff Green,Kevin Durant,Nenad Krstic,Russell Westbrook,Thabo Sefolosha,DeJuan Blair,Keith Bogans,Richard Jefferson,Tim Duncan,Tony Parker,1,8:54,OKC,rebound,,,,,,,,,,Kevin Durant,,,,,,def,,
Jeff Green,Kevin Durant,Nenad Krstic,Russell Westbrook,Thabo Sefolosha,DeJuan Blair,Keith Bogans,Richard Jefferson,Tim Duncan,Tony Parker,1,8:45,OKC,shot,,,,,,,,,,Thabo Sefolosha,,,,missed,,3pt,49,6
Jeff Green,Kevin Durant,Nenad Krstic,Russell Westbrook,Thabo Sefolosha,DeJuan Blair,Keith Bogans,Richard Jefferson,Tim Duncan,Tony Parker,1,8:42,SAS,rebound,,,,,,,,,,Richard Jefferson,,,,,,def,,
Jeff Green,Kevin Durant,Nenad Krstic,Russell Westbrook,Thabo Sefolosha,DeJuan Blair,Keith Bogans,Richard Jefferson,Tim Duncan,Tony Parker,1,8:27,SAS,shot,Tim Duncan,,,,,,,,,Keith Bogans,2,,,made,,jump,38,4
Jeff Green,Kevin Durant,Nenad Krstic,Russell Westbrook,Thabo Sefolosha,DeJuan Blair,Keith Bogans,Richard Jefferson,Tim Duncan,Tony Parker,1,8:12,OKC,shot,,,,,,,,,,Kevin Durant,,,,missed,,jump,19,23
Jeff Green,Kevin Durant,Nenad Krstic,Russell Westbrook,Thabo Sefolosha,DeJuan Blair,Keith Bogans,Richard Jefferson,Tim Duncan,Tony Parker,1,8:11,OKC,rebound,,,,,,,,,,Nenad Krstic,,,,,,off,,
Jeff Green,Kevin Durant,Nenad Krstic,Russell Westbrook,Thabo Sefolosha,DeJuan Blair,Keith Bogans,Richard Jefferson,Tim Duncan,Tony Parker,1,7:59,OKC,shot,,,,,,,,,,Nenad Krstic,,,,missed,,jump,20,24
Jeff Green,Kevin Durant,Nenad Krstic,Russell Westbrook,Thabo Sefolosha,DeJuan Blair,Keith Bogans,Richard Jefferson,Tim Duncan,Tony Parker,1,7:58,OKC,rebound,,,,,,,,,,,,,,,,,,
Jeff Green,Kevin Durant,Nenad Krstic,Russell Westbrook,Thabo Sefolosha,DeJuan Blair,Keith Bogans,Richard Jefferson,Tim Duncan,Tony Parker,1,7:58,SAS,foul,,,,,,,,Thabo Sefolosha,,Richard Jefferson,,,,,,loose ball,,
Jeff Green,Kevin Durant,Nenad Krstic,Russell Westbrook,Thabo Sefolosha,DeJuan Blair,Keith Bogans,Richard Jefferson,Tim Duncan,Tony Parker,1,7:49,SAS,foul,,,,,,,,Kevin Durant,,Keith Bogans,,,,,,shooting,,
Jeff Green,Kevin Durant,Nenad Krstic,Russell Westbrook,Thabo Sefolosha,DeJuan Blair,Keith Bogans,Richard Jefferson,Tim Duncan,Tony Parker,1,7:49,OKC,free throw,,,,,,,1,,3,Kevin Durant,,,foul,made,,,,
Jeff Green,Kevin Durant,Nenad Krstic,Russell Westbrook,Thabo Sefolosha,DeJuan Blair,Keith Bogans,Richard Jefferson,Tim Duncan,Tony Parker,1,7:49,OKC,free throw,,,,,,,2,,3,Kevin Durant,,,foul,made,,,,
Jeff Green,Kevin Durant,Nenad Krstic,Russell Westbrook,Thabo Sefolosha,DeJuan Blair,Keith Bogans,Richard Jefferson,Tim Duncan,Tony Parker,1,7:49,OKC,free throw,,,,,,,3,,3,Kevin Durant,,,foul,made,,,,
Jeff Green,Kevin Durant,Nenad Krstic,Russell Westbrook,Thabo Sefolosha,DeJuan Blair,Keith Bogans,Richard Jefferson,Tim Duncan,Tony Parker,1,7:36,SAS,shot,,,,,,,,,,Richard Jefferson,,,,missed,,3pt,1,9
Jeff Green,Kevin Durant,Nenad Krstic,Russell Westbrook,Thabo Sefolosha,DeJuan Blair,Keith Bogans,Richard Jefferson,Tim Duncan,Tony Parker,1,7:33,OKC,rebound,,,,,,,,,,,,,,,,,,
Jeff Green,Kevin Durant,Nenad Krstic,Russell Westbrook,Thabo Sefolosha,DeJuan Blair,Keith Bogans,Richard Jefferson,Tim Duncan,Tony Parker,1,7:21,OKC,shot,,,,,,,,,,Jeff Green,,,,missed,,3pt,2,7
Jeff Green,Kevin Durant,Nenad Krstic,Russell Westbrook,Thabo Sefolosha,DeJuan Blair,Keith Bogans,Richard Jefferson,Tim Duncan,Tony Parker,1,7:19,SAS,rebound,,,,,,,,,,Tim Duncan,,,,,,def,,
Jeff Green,Kevin Durant,Nenad Krstic,Russell Westbrook,Thabo Sefolosha,DeJuan Blair,Keith Bogans,Richard Jefferson,Tim Duncan,Tony Parker,1,7:08,SAS,turnover,,,,,,,,,,DeJuan Blair,,,3 second violation,,,,,
Jeff Green,Kevin Durant,Nenad Krstic,Russell Westbrook,Thabo Sefolosha,DeJuan Blair,Keith Bogans,Manu Ginobili,Tim Duncan,Tony Parker,1,7:08,SAS,sub,,,,Manu Ginobili,,Richard Jefferson,,,,,,,,,,,,
Jeff Green,Kevin Durant,Nenad Krstic,Russell Westbrook,Thabo Sefolosha,DeJuan Blair,Keith Bogans,Manu Ginobili,Tim Duncan,Tony Parker,1,6:57,OKC,shot,,,,,,,,,,Russell Westbrook,,,,missed,,jump,27,10
Jeff Green,Kevin Durant,Nenad Krstic,Russell Westbrook,Thabo Sefolosha,DeJuan Blair,Keith Bogans,Manu Ginobili,Tim Duncan,Tony Parker,1,6:55,SAS,rebound,,,,,,,,,,Tony Parker,,,,,,def,,
Jeff Green,Kevin Durant,Nenad Krstic,Russell Westbrook,Thabo Sefolosha,DeJuan Blair,Keith Bogans,Manu Ginobili,Tim Duncan,Tony Parker,1,6:47,SAS,shot,,,,,,,,,,Tony Parker,,,,missed,,jump,18,8
Jeff Green,Kevin Durant,Nenad Krstic,Russell Westbrook,Thabo Sefolosha,DeJuan Blair,Keith Bogans,Manu Ginobili,Tim Duncan,Tony Parker,1,6:45,OKC,rebound,,,,,,,,,,Nenad Krstic,,,,,,def,,
Jeff Green,Kevin Durant,Nenad Krstic,Russell Westbrook,Thabo Sefolosha,DeJuan Blair,Keith Bogans,Manu Ginobili,Tim Duncan,Tony Parker,1,6:35,OKC,shot,,,,,,,,,,Jeff Green,2,,,made,,turnaround bank,29,7
Jeff Green,Kevin Durant,Nenad Krstic,Russell Westbrook,Thabo Sefolosha,DeJuan Blair,Keith Bogans,Manu Ginobili,Tim Duncan,Tony Parker,1,6:28,SAS,timeout,,,,,,,,,,,,,,,,regular,,
Jeff Green,Kevin Durant,Nenad Krstic,Russell Westbrook,Thabo Sefolosha,DeJuan Blair,Keith Bogans,Manu Ginobili,Tim Duncan,Tony Parker,1,6:18,SAS,shot,DeJuan Blair,,,,,,,,,Tim Duncan,2,,,made,,jump,20,20
Jeff Green,Kevin Durant,Nenad Krstic,Russell Westbrook,Thabo Sefolosha,DeJuan Blair,Keith Bogans,Manu Ginobili,Tim Duncan,Tony Parker,1,6:02,OKC,shot,,,,,,,,,,Kevin Durant,2,,,made,,dunk,23,7
Jeff Green,Kevin Durant,Nenad Krstic,Russell Westbrook,Thabo Sefolosha,DeJuan Blair,Keith Bogans,Manu Ginobili,Tim Duncan,Tony Parker,1,5:42,SAS,shot,,,,,,,,,,Manu Ginobili,,,,missed,,jump,36,5
Jeff Green,Kevin Durant,Nenad Krstic,Russell Westbrook,Thabo Sefolosha,DeJuan Blair,Keith Bogans,Manu Ginobili,Tim Duncan,Tony Parker,1,5:40,OKC,rebound,,,,,,,,,,Russell Westbrook,,,,,,def,,
Jeff Green,Kevin Durant,Nenad Krstic,Russell Westbrook,Thabo Sefolosha,DeJuan Blair,Keith Bogans,Manu Ginobili,Tim Duncan,Tony Parker,1,5:38,SAS,foul,,,,,,,,Kevin Durant,,Keith Bogans,,,,,,shooting,,
Jeff Green,Kevin Durant,Nenad Krstic,Russell Westbrook,Thabo Sefolosha,DeJuan Blair,Keith Bogans,Manu Ginobili,Tim Duncan,Tony Parker,1,5:38,OKC,free throw,,,,,,,1,,2,Kevin Durant,,,foul,made,,,,
Jeff Green,Kevin Durant,Nenad Krstic,Russell Westbrook,Thabo Sefolosha,DeJuan Blair,Manu Ginobili,Richard Jefferson,Tim Duncan,Tony Parker,1,5:38,SAS,sub,,,,Richard Jefferson,,Keith Bogans,,,,,,,,,,,,
Jeff Green,Kevin Durant,Nenad Krstic,Russell Westbrook,Thabo Sefolosha,DeJuan Blair,Manu Ginobili,Richard Jefferson,Tim Duncan,Tony Parker,1,5:38,OKC,free throw,,,,,,,2,,2,Kevin Durant,,,foul,made,,,,
Jeff Green,Kevin Durant,Nenad Krstic,Russell Westbrook,Thabo Sefolosha,DeJuan Blair,Manu Ginobili,Richard Jefferson,Tim Duncan,Tony Parker,1,5:13,SAS,shot,Richard Jefferson,,,,,,,,,Tim Duncan,2,,,made,,running jump,28,9
Jeff Green,Kevin Durant,Nenad Krstic,Russell Westbrook,Thabo Sefolosha,DeJuan Blair,Manu Ginobili,Richard Jefferson,Tim Duncan,Tony Parker,1,5:00,OKC,turnover,,,,,,,,,,Jeff Green,,,bad pass,,Manu Ginobili,,,
Jeff Green,Kevin Durant,Nenad Krstic,Russell Westbrook,Thabo Sefolosha,DeJuan Blair,Manu Ginobili,Richard Jefferson,Tim Duncan,Tony Parker,1,4:50,SAS,shot,Manu Ginobili,,,,,,,,,DeJuan Blair,2,,,made,,layup,24,7
Jeff Green,Kevin Durant,Nenad Krstic,Russell Westbrook,Thabo Sefolosha,DeJuan Blair,Manu Ginobili,Richard Jefferson,Tim Duncan,Tony Parker,1,4:50,OKC,foul,,,,,,,,DeJuan Blair,,Russell Westbrook,,,,,,shooting,,
Jeff Green,Kevin Durant,Nenad Krstic,Russell Westbrook,Thabo Sefolosha,DeJuan Blair,Manu Ginobili,Richard Jefferson,Tim Duncan,Tony Parker,1,4:50,SAS,free throw,,,,,,,1,,1,DeJuan Blair,,,foul,made,,,,
Jeff Green,Kevin Durant,Nenad Krstic,Russell Westbrook,Thabo Sefolosha,DeJuan Blair,Manu Ginobili,Richard Jefferson,Tim Duncan,Tony Parker,1,4:42,OKC,shot,Russell Westbrook,,,,,,,,,Jeff Green,2,,,made,,jump,21,7
Jeff Green,Kevin Durant,Nenad Krstic,Russell Westbrook,Thabo Sefolosha,DeJuan Blair,Manu Ginobili,Richard Jefferson,Tim Duncan,Tony Parker,1,4:42,SAS,foul,,,,,,,,Jeff Green,,DeJuan Blair,,,,,,shooting,,
Jeff Green,Kevin Durant,Nenad Krstic,Russell Westbrook,Thabo Sefolosha,Manu Ginobili,Michael Finley,Richard Jefferson,Tim Duncan,Tony Parker,1,4:42,SAS,sub,,,,Michael Finley,,DeJuan Blair,,,,,,,,,,,,
Jeff Green,Kevin Durant,Nenad Krstic,Russell Westbrook,Thabo Sefolosha,Manu Ginobili,Michael Finley,Richard Jefferson,Tim Duncan,Tony Parker,1,4:42,OKC,free throw,,,,,,,1,,1,Jeff Green,,,foul,made,,,,
Jeff Green,Kevin Durant,Nenad Krstic,Russell Westbrook,Thabo Sefolosha,Manu Ginobili,Michael Finley,Richard Jefferson,Tim Duncan,Tony Parker,1,4:22,OKC,foul,,,,,,,,Tony Parker,,Nenad Krstic,,,,,,shooting,,
Jeff Green,Kevin Durant,Nenad Krstic,Russell Westbrook,Thabo Sefolosha,Manu Ginobili,Michael Finley,Richard Jefferson,Tim Duncan,Tony Parker,1,4:22,SAS,free throw,,,,,,,1,,2,Tony Parker,,,foul,made,,,,
Etan Thomas,Jeff Green,Kevin Durant,Russell Westbrook,Thabo Sefolosha,Manu Ginobili,Michael Finley,Richard Jefferson,Tim Duncan,Tony Parker,1,4:22,OKC,sub,,,,Etan Thomas,,Nenad Krstic,,,,,,,,,,,,
Etan Thomas,James Harden,Jeff Green,Kevin Durant,Russell Westbrook,Manu Ginobili,Michael Finley,Richard Jefferson,Tim Duncan,Tony Parker,1,4:22,OKC,sub,,,,James Harden,,Thabo Sefolosha,,,,,,,,,,,,
Etan Thomas,James Harden,Jeff Green,Kevin Durant,Russell Westbrook,Manu Ginobili,Michael Finley,Richard Jefferson,Tim Duncan,Tony Parker,1,4:22,SAS,free throw,,,,,,,2,,2,Tony Parker,,,foul,made,,,,
Etan Thomas,James Harden,Jeff Green,Kevin Durant,Russell Westbrook,Manu Ginobili,Michael Finley,Richard Jefferson,Tim Duncan,Tony Parker,1,4:08,OKC,turnover,,,,,,,,,,Etan Thomas,,,lost ball,,Manu Ginobili,,,
Etan Thomas,James Harden,Jeff Green,Kevin Durant,Russell Westbrook,Manu Ginobili,Michael Finley,Richard Jefferson,Tim Duncan,Tony Parker,1,4:00,SAS,shot,Michael Finley,,,,,,,,,Richard Jefferson,2,,,made,,driving reverse layup,26,7
Etan Thomas,James Harden,Jeff Green,Kevin Durant,Russell Westbrook,Manu Ginobili,Michael Finley,Richard Jefferson,Tim Duncan,Tony Parker,1,3:51,OKC,timeout,,,,,,,,,,,,,,,,regular,,
Etan Thomas,James Harden,Jeff Green,Kevin Durant,Kevin Ollie,Manu Ginobili,Michael Finley,Richard Jefferson,Tim Duncan,Tony Parker,1,3:50,OKC,sub,,,,Kevin Ollie,,Russell Westbrook,,,,,,,,,,,,
Etan Thomas,James Harden,Jeff Green,Kevin Durant,Kevin Ollie,George Hill,Manu Ginobili,Michael Finley,Richard Jefferson,Tim Duncan,1,3:50,SAS,sub,,,,George Hill,,Tony Parker,,,,,,,,,,,,
Etan Thomas,James Harden,Jeff Green,Kevin Durant,Kevin Ollie,Antonio McDyess,George Hill,Manu Ginobili,Michael Finley,Richard Jefferson,1,3:50,SAS,sub,,,,Antonio McDyess,,Tim Duncan,,,,,,,,,,,,
Etan Thomas,James Harden,Jeff Green,Kevin Durant,Kevin Ollie,Antonio McDyess,George Hill,Manu Ginobili,Michael Finley,Richard Jefferson,1,3:41,SAS,foul,,,,,,,,Kevin Durant,,Richard Jefferson,,,,,,shooting,,
Etan Thomas,James Harden,Jeff Green,Kevin Durant,Kevin Ollie,Antonio McDyess,George Hill,Manu Ginobili,Michael Finley,Richard Jefferson,1,3:41,OKC,free throw,,,,,,,1,,2,Kevin Durant,,,foul,made,,,,
Etan Thomas,James Harden,Jeff Green,Kevin Durant,Kevin Ollie,Antonio McDyess,George Hill,Manu Ginobili,Matt Bonner,Michael Finley,1,3:41,SAS,sub,,,,Matt Bonner,,Richard Jefferson,,,,,,,,,,,,
Etan Thomas,James Harden,Jeff Green,Kevin Durant,Kevin Ollie,Antonio McDyess,George Hill,Manu Ginobili,Matt Bonner,Michael Finley,1,3:41,OKC,free throw,,,,,,,2,,2,Kevin Durant,,,foul,made,,,,
Etan Thomas,James Harden,Jeff Green,Kevin Durant,Kevin Ollie,Antonio McDyess,George Hill,Manu Ginobili,Matt Bonner,Michael Finley,1,3:30,SAS,shot,,,,,,,,,,Manu Ginobili,,,,missed,,3pt,48,14
Etan Thomas,James Harden,Jeff Green,Kevin Durant,Kevin Ollie,Antonio McDyess,George Hill,Manu Ginobili,Matt Bonner,Michael Finley,1,3:28,OKC,rebound,,,,,,,,,,Kevin Ollie,,,,,,def,,
Etan Thomas,James Harden,Jeff Green,Kevin Durant,Kevin Ollie,Antonio McDyess,George Hill,Manu Ginobili,Matt Bonner,Michael Finley,1,3:22,SAS,foul,,,,,,,,Kevin Durant,,Manu Ginobili,,,,,,shooting,,
Etan Thomas,James Harden,Jeff Green,Kevin Durant,Kevin Ollie,Antonio McDyess,George Hill,Manu Ginobili,Matt Bonner,Michael Finley,1,3:22,OKC,free throw,,,,,,,1,,2,Kevin Durant,,,foul,made,,,,
Etan Thomas,James Harden,Jeff Green,Kevin Durant,Kevin Ollie,Antonio McDyess,George Hill,Manu Ginobili,Matt Bonner,Michael Finley,1,3:22,OKC,free throw,,,,,,,2,,2,Kevin Durant,,,foul,missed,,,,
Etan Thomas,James Harden,Jeff Green,Kevin Durant,Kevin Ollie,Antonio McDyess,George Hill,Manu Ginobili,Matt Bonner,Michael Finley,1,3:22,SAS,rebound,,,,,,,,,,Matt Bonner,,,,,,def,,
Etan Thomas,James Harden,Jeff Green,Kevin Durant,Kevin Ollie,Antonio McDyess,George Hill,Manu Ginobili,Matt Bonner,Michael Finley,1,3:10,SAS,shot,,,Jeff Green,,,,,,,Manu Ginobili,,,,missed,,layup,25,7
Etan Thomas,James Harden,Jeff Green,Kevin Durant,Kevin Ollie,Antonio McDyess,George Hill,Manu Ginobili,Matt Bonner,Michael Finley,1,3:09,SAS,rebound,,,,,,,,,,,,,,,,,,
Etan Thomas,James Harden,Jeff Green,Kevin Durant,Kevin Ollie,Antonio McDyess,George Hill,Manu Ginobili,Matt Bonner,Michael Finley,1,3:06,SAS,shot,,,,,,,,,,Manu Ginobili,,,,missed,,running bank,30,10
Etan Thomas,James Harden,Jeff Green,Kevin Durant,Kevin Ollie,Antonio McDyess,George Hill,Manu Ginobili,Matt Bonner,Michael Finley,1,3:05,OKC,rebound,,,,,,,,,,Jeff Green,,,,,,def,,
Etan Thomas,James Harden,Jeff Green,Kevin Durant,Kevin Ollie,Antonio McDyess,George Hill,Manu Ginobili,Matt Bonner,Michael Finley,1,2:56,OKC,shot,,,,,,,,,,Kevin Durant,,,,missed,,jump,31,22
Etan Thomas,James Harden,Jeff Green,Kevin Durant,Kevin Ollie,Antonio McDyess,George Hill,Manu Ginobili,Matt Bonner,Michael Finley,1,2:54,SAS,rebound,,,,,,,,,,Manu Ginobili,,,,,,def,,
Etan Thomas,James Harden,Jeff Green,Kevin Durant,Kevin Ollie,Antonio McDyess,George Hill,Manu Ginobili,Matt Bonner,Michael Finley,1,2:45,SAS,shot,Manu Ginobili,,,,,,,,,Matt Bonner,3,,,made,,3pt,39,27
Etan Thomas,James Harden,Jeff Green,Kevin Durant,Kevin Ollie,Antonio McDyess,George Hill,Manu Ginobili,Matt Bonner,Michael Finley,1,2:30,OKC,foul,,,,,,,,Manu Ginobili,,Etan Thomas,,,,,,offensive,,
Etan Thomas,James Harden,Jeff Green,Kevin Durant,Kevin Ollie,Antonio McDyess,George Hill,Manu Ginobili,Matt Bonner,Michael Finley,1,2:30,OKC,turnover,,,,,,,,,,Etan Thomas,,,foul,,,,,
Etan Thomas,James Harden,Jeff Green,Kevin Durant,Kevin Ollie,Antonio McDyess,George Hill,Manu Ginobili,Matt Bonner,Michael Finley,1,2:15,SAS,shot,,,,,,,,,,Matt Bonner,,,,missed,,3pt,8,25
Etan Thomas,James Harden,Jeff Green,Kevin Durant,Kevin Ollie,Antonio McDyess,George Hill,Manu Ginobili,Matt Bonner,Michael Finley,1,2:13,OKC,rebound,,,,,,,,,,Etan Thomas,,,,,,def,,
Etan Thomas,James Harden,Jeff Green,Kevin Durant,Kevin Ollie,Antonio McDyess,George Hill,Manu Ginobili,Matt Bonner,Michael Finley,1,2:04,OKC,shot,,,,,,,,,,Kevin Durant,,,,missed,,jump bank,35,9
Etan Thomas,James Harden,Jeff Green,Kevin Durant,Kevin Ollie,Antonio McDyess,George Hill,Manu Ginobili,Matt Bonner,Michael Finley,1,2:03,SAS,rebound,,,,,,,,,,Antonio McDyess,,,,,,def,,
Etan Thomas,James Harden,Jeff Green,Kevin Durant,Kevin Ollie,Antonio McDyess,George Hill,Manu Ginobili,Matt Bonner,Michael Finley,1,1:58,SAS,shot,,,,,,,,,,George Hill,2,,,made,,layup,25,9
Etan Thomas,James Harden,Jeff Green,Kevin Durant,Kevin Ollie,Antonio McDyess,George Hill,Manu Ginobili,Matt Bonner,Michael Finley,1,1:33,OKC,turnover,,,,,,,,,,Jeff Green,,,double dribble,,,,,
Etan Thomas,James Harden,Jeff Green,Kevin Durant,Kevin Ollie,Antonio McDyess,George Hill,Manu Ginobili,Matt Bonner,Michael Finley,1,1:22,SAS,shot,,,,,,,,,,Manu Ginobili,,,,missed,,layup,25,8
Etan Thomas,James Harden,Jeff Green,Kevin Durant,Kevin Ollie,Antonio McDyess,George Hill,Manu Ginobili,Matt Bonner,Michael Finley,1,1:20,OKC,rebound,,,,,,,,,,Jeff Green,,,,,,def,,
Etan Thomas,James Harden,Jeff Green,Kevin Durant,Kevin Ollie,Antonio McDyess,George Hill,Manu Ginobili,Matt Bonner,Michael Finley,1,1:10,OKC,shot,Kevin Ollie,,,,,,,,,Etan Thomas,2,,,made,,jump,28,18
Etan Thomas,James Harden,Jeff Green,Kevin Durant,Kevin Ollie,Antonio McDyess,George Hill,Manu Ginobili,Matt Bonner,Michael Finley,1,0:53,OKC,foul,,,,,,,,Antonio McDyess,,Kevin Ollie,,,,,,shooting,,
Etan Thomas,James Harden,Jeff Green,Kevin Durant,Kevin Ollie,Antonio McDyess,George Hill,Manu Ginobili,Matt Bonner,Michael Finley,1,0:53,SAS,free throw,,,,,,,1,,2,Antonio McDyess,,,foul,missed,,,,
Etan Thomas,James Harden,Jeff Green,Kevin Durant,Kevin Ollie,Antonio McDyess,George Hill,Manu Ginobili,Matt Bonner,Michael Finley,1,0:53,SAS,rebound,,,,,,,,,,,,,,,,,,
Etan Thomas,James Harden,Jeff Green,Kevin Durant,Kevin Ollie,Antonio McDyess,George Hill,Manu Ginobili,Matt Bonner,Michael Finley,1,0:53,SAS,free throw,,,,,,,2,,2,Antonio McDyess,,,foul,made,,,,
Etan Thomas,James Harden,Jeff Green,Kevin Durant,Kevin Ollie,Antonio McDyess,George Hill,Manu Ginobili,Matt Bonner,Michael Finley,1,0:33,OKC,shot,,,,,,,,,,Jeff Green,,,,missed,,layup,26,7
Etan Thomas,James Harden,Jeff Green,Kevin Durant,Kevin Ollie,Antonio McDyess,George Hill,Manu Ginobili,Matt Bonner,Michael Finley,1,0:31,SAS,rebound,,,,,,,,,,Antonio McDyess,,,,,,def,,
Etan Thomas,James Harden,Jeff Green,Kevin Durant,Kevin Ollie,Antonio McDyess,George Hill,Manu Ginobili,Matt Bonner,Michael Finley,1,0:26,SAS,turnover,,,,,,,,,,Michael Finley,,,bad pass,,James Harden,,,
Etan Thomas,James Harden,Jeff Green,Kevin Durant,Kevin Ollie,Antonio McDyess,George Hill,Manu Ginobili,Matt Bonner,Michael Finley,1,0:23,OKC,shot,,,,,,,,,,Kevin Durant,2,,,made,,layup,25,6
Etan Thomas,James Harden,Jeff Green,Kevin Durant,Kevin Ollie,Antonio McDyess,George Hill,Manu Ginobili,Matt Bonner,Michael Finley,1,0:04,OKC,foul,,,,,,,,Manu Ginobili,,James Harden,,,,,,shooting,,
Etan Thomas,James Harden,Jeff Green,Kevin Durant,Kevin Ollie,Antonio McDyess,George Hill,Manu Ginobili,Matt Bonner,Michael Finley,1,0:04,SAS,free throw,,,,,,,1,,2,Manu Ginobili,,,foul,made,,,,
Etan Thomas,James Harden,Jeff Green,Kevin Durant,Kevin Ollie,Antonio McDyess,George Hill,Manu Ginobili,Matt Bonner,Michael Finley,1,0:04,SAS,free throw,,,,,,,2,,2,Manu Ginobili,,,foul,made,,,,
Etan Thomas,James Harden,Jeff Green,Kevin Durant,Kevin Ollie,Antonio McDyess,George Hill,Manu Ginobili,Matt Bonner,Michael Finley,1,0:00,OKC,turnover,,,,,,,,,,Kevin Durant,,,bad pass,,,,,
Etan Thomas,James Harden,Jeff Green,Kevin Durant,Kevin Ollie,Antonio McDyess,George Hill,Manu Ginobili,Matt Bonner,Michael Finley,1,0:00,SAS,shot,,,,,,,,,,Michael Finley,,,,missed,,3pt,48,26
Etan Thomas,James Harden,Jeff Green,Kevin Durant,Kevin Ollie,Antonio McDyess,George Hill,Manu Ginobili,Matt Bonner,Michael Finley,1,0:00,SAS,rebound,,,,,,,,,,,,,,,,,,
Etan Thomas,James Harden,Kevin Durant,Kevin Ollie,Nick Collison,Antonio McDyess,George Hill,Manu Ginobili,Matt Bonner,Michael Finley,2,11:40,OKC,foul,,,,,,,,Manu Ginobili,,James Harden,,,,,,shooting,,
Etan Thomas,James Harden,Kevin Durant,Kevin Ollie,Nick Collison,Antonio McDyess,George Hill,Manu Ginobili,Matt Bonner,Michael Finley,2,11:40,SAS,free throw,,,,,,,1,,3,Manu Ginobili,,,foul,made,,,,
Etan Thomas,James Harden,Kevin Durant,Kevin Ollie,Nick Collison,Antonio McDyess,George Hill,Manu Ginobili,Matt Bonner,Michael Finley,2,11:40,SAS,free throw,,,,,,,2,,3,Manu Ginobili,,,foul,made,,,,
Etan Thomas,James Harden,Kevin Durant,Kevin Ollie,Nick Collison,Antonio McDyess,George Hill,Manu Ginobili,Matt Bonner,Michael Finley,2,11:40,SAS,free throw,,,,,,,3,,3,Manu Ginobili,,,foul,made,,,,
Etan Thomas,James Harden,Kevin Durant,Kevin Ollie,Nick Collison,Antonio McDyess,George Hill,Manu Ginobili,Matt Bonner,Michael Finley,2,11:20,OKC,shot,,,,,,,,,,Kevin Durant,2,,,made,,jump,36,21
Etan Thomas,James Harden,Kevin Durant,Kevin Ollie,Nick Collison,Antonio McDyess,George Hill,Manu Ginobili,Matt Bonner,Michael Finley,2,11:07,SAS,shot,,,,,,,,,,Manu Ginobili,,,,missed,,3pt,22,31
Etan Thomas,James Harden,Kevin Durant,Kevin Ollie,Nick Collison,Antonio McDyess,George Hill,Manu Ginobili,Matt Bonner,Michael Finley,2,11:05,SAS,rebound,,,,,,,,,,Antonio McDyess,,,,,,off,,
Etan Thomas,James Harden,Kevin Durant,Kevin Ollie,Nick Collison,Antonio McDyess,George Hill,Manu Ginobili,Matt Bonner,Michael Finley,2,10:53,SAS,shot,,,,,,,,,,Antonio McDyess,,,,missed,,jump,12,8
Etan Thomas,James Harden,Kevin Durant,Kevin Ollie,Nick Collison,Antonio McDyess,George Hill,Manu Ginobili,Matt Bonner,Michael Finley,2,10:51,OKC,rebound,,,,,,,,,,Kevin Durant,,,,,,def,,
Etan Thomas,James Harden,Kevin Durant,Kevin Ollie,Nick Collison,Antonio McDyess,George Hill,Manu Ginobili,Matt Bonner,Michael Finley,2,10:45,SAS,foul,,,,,,,,Kevin Ollie,,Matt Bonner,,,,,,shooting,,
Etan Thomas,James Harden,Kevin Durant,Kevin Ollie,Nick Collison,Antonio McDyess,George Hill,Manu Ginobili,Matt Bonner,Michael Finley,2,10:45,OKC,free throw,,,,,,,1,,2,Kevin Ollie,,,foul,made,,,,
Etan Thomas,James Harden,Kevin Durant,Kevin Ollie,Nick Collison,Antonio McDyess,George Hill,Manu Ginobili,Matt Bonner,Michael Finley,2,10:45,OKC,free throw,,,,,,,2,,2,Kevin Ollie,,,foul,made,,,,
Etan Thomas,James Harden,Kevin Durant,Kevin Ollie,Nick Collison,Antonio McDyess,George Hill,Manu Ginobili,Matt Bonner,Michael Finley,2,10:32,SAS,shot,,,,,,,,,,Michael Finley,,,,missed,,jump,13,21
Etan Thomas,James Harden,Kevin Durant,Kevin Ollie,Nick Collison,Antonio McDyess,George Hill,Manu Ginobili,Matt Bonner,Michael Finley,2,10:30,OKC,rebound,,,,,,,,,,Etan Thomas,,,,,,def,,
Etan Thomas,James Harden,Kevin Durant,Kevin Ollie,Nick Collison,Antonio McDyess,George Hill,Manu Ginobili,Matt Bonner,Michael Finley,2,10:18,OKC,shot,Kevin Ollie,,,,,,,,,James Harden,2,,,made,,jump,36,21
Etan Thomas,James Harden,Kevin Durant,Kevin Ollie,Nick Collison,Antonio McDyess,George Hill,Manu Ginobili,Matt Bonner,Michael Finley,2,10:02,SAS,turnover,,,,,,,,,,Manu Ginobili,,,lost ball,,Kevin Durant,,,
Etan Thomas,James Harden,Kevin Durant,Kevin Ollie,Nick Collison,Antonio McDyess,George Hill,Manu Ginobili,Matt Bonner,Michael Finley,2,9:58,OKC,shot,,,,,,,,,,Kevin Durant,,,,missed,,layup,24,7
Etan Thomas,James Harden,Kevin Durant,Kevin Ollie,Nick Collison,Antonio McDyess,George Hill,Manu Ginobili,Matt Bonner,Michael Finley,2,9:57,OKC,rebound,,,,,,,,,,James Harden,,,,,,off,,
Etan Thomas,James Harden,Kevin Durant,Kevin Ollie,Nick Collison,Antonio McDyess,George Hill,Manu Ginobili,Matt Bonner,Michael Finley,2,9:56,SAS,foul,,,,,,,,James Harden,,Antonio McDyess,,,,,,shooting,,
Etan Thomas,James Harden,Kevin Durant,Kevin Ollie,Nick Collison,Antonio McDyess,George Hill,Manu Ginobili,Matt Bonner,Michael Finley,2,9:56,OKC,free throw,,,,,,,1,,2,James Harden,,,foul,missed,,,,
Etan Thomas,James Harden,Kevin Durant,Kevin Ollie,Nick Collison,Antonio McDyess,George Hill,Manu Ginobili,Matt Bonner,Michael Finley,2,9:56,OKC,rebound,,,,,,,,,,,,,,,,,,
Etan Thomas,James Harden,Kevin Durant,Kevin Ollie,Nick Collison,Antonio McDyess,George Hill,Matt Bonner,Michael Finley,Richard Jefferson,2,9:56,SAS,sub,,,,Richard Jefferson,,Manu Ginobili,,,,,,,,,,,,
Etan Thomas,James Harden,Jeff Green,Kevin Ollie,Nick Collison,Antonio McDyess,George Hill,Matt Bonner,Michael Finley,Richard Jefferson,2,9:56,OKC,sub,,,,Jeff Green,,Kevin Durant,,,,,,,,,,,,
Etan Thomas,James Harden,Jeff Green,Kevin Ollie,Nick Collison,Antonio McDyess,George Hill,Matt Bonner,Michael Finley,Richard Jefferson,2,9:56,OKC,free throw,,,,,,,2,,2,James Harden,,,foul,made,,,,
Etan Thomas,James Harden,Jeff Green,Kevin Ollie,Nick Collison,Antonio McDyess,George Hill,Matt Bonner,Michael Finley,Richard Jefferson,2,9:43,OKC,foul,,,,,,,,Antonio McDyess,,Jeff Green,,,,,,personal,,
James Harden,Jeff Green,Kevin Ollie,Nick Collison,Thabo Sefolosha,Antonio McDyess,George Hill,Matt Bonner,Michael Finley,Richard Jefferson,2,9:43,OKC,sub,,,,Thabo Sefolosha,,Etan Thomas,,,,,,,,,,,,
James Harden,Jeff Green,Kevin Ollie,Nick Collison,Thabo Sefolosha,Antonio McDyess,George Hill,Matt Bonner,Michael Finley,Richard Jefferson,2,9:36,SAS,shot,,,,,,,,,,Michael Finley,2,,,made,,driving layup,24,7
James Harden,Jeff Green,Kevin Ollie,Nick Collison,Thabo Sefolosha,Antonio McDyess,George Hill,Matt Bonner,Michael Finley,Richard Jefferson,2,9:10,OKC,turnover,,,,,,,,,,,,,shot clock turnover,,,,,
James Harden,Jeff Green,Kevin Ollie,Nick Collison,Thabo Sefolosha,Antonio McDyess,George Hill,Matt Bonner,Michael Finley,Richard Jefferson,2,8:55,SAS,shot,,,Nick Collison,,,,,,,Richard Jefferson,,,,missed,,layup,25,7
James Harden,Jeff Green,Kevin Ollie,Nick Collison,Thabo Sefolosha,Antonio McDyess,George Hill,Matt Bonner,Michael Finley,Richard Jefferson,2,8:53,OKC,rebound,,,,,,,,,,Jeff Green,,,,,,def,,
James Harden,Jeff Green,Kevin Ollie,Nick Collison,Thabo Sefolosha,Antonio McDyess,George Hill,Matt Bonner,Michael Finley,Richard Jefferson,2,8:47,OKC,shot,,,,,,,,,,James Harden,,,,missed,,3pt,32,30
James Harden,Jeff Green,Kevin Ollie,Nick Collison,Thabo Sefolosha,Antonio McDyess,George Hill,Matt Bonner,Michael Finley,Richard Jefferson,2,8:45,OKC,rebound,,,,,,,,,,Nick Collison,,,,,,off,,
James Harden,Jeff Green,Kevin Ollie,Nick Collison,Thabo Sefolosha,Antonio McDyess,George Hill,Matt Bonner,Michael Finley,Richard Jefferson,2,8:43,OKC,timeout,,,,,,,,,,,,,,,,regular,,
James Harden,Jeff Green,Nick Collison,Russell Westbrook,Thabo Sefolosha,Antonio McDyess,George Hill,Matt Bonner,Michael Finley,Richard Jefferson,2,8:43,OKC,sub,,,,Russell Westbrook,,Kevin Ollie,,,,,,,,,,,,
James Harden,Jeff Green,Nick Collison,Russell Westbrook,Thabo Sefolosha,George Hill,Matt Bonner,Michael Finley,Richard Jefferson,Tim Duncan,2,8:43,SAS,sub,,,,Tim Duncan,,Antonio McDyess,,,,,,,,,,,,
James Harden,Jeff Green,Nick Collison,Russell Westbrook,Thabo Sefolosha,George Hill,Matt Bonner,Michael Finley,Richard Jefferson,Tim Duncan,2,8:35,OKC,shot,Russell Westbrook,,,,,,,,,Nick Collison,2,,,made,,layup,24,9
James Harden,Jeff Green,Nick Collison,Russell Westbrook,Thabo Sefolosha,George Hill,Matt Bonner,Michael Finley,Richard Jefferson,Tim Duncan,2,8:16,SAS,shot,,,,,,,,,,George Hill,2,,,made,,jump,9,10
James Harden,Jeff Green,Nick Collison,Russell Westbrook,Thabo Sefolosha,George Hill,Matt Bonner,Michael Finley,Richard Jefferson,Tim Duncan,2,7:53,OKC,shot,,,,,,,,,,Russell Westbrook,,,,missed,,jump,40,15
James Harden,Jeff Green,Nick Collison,Russell Westbrook,Thabo Sefolosha,George Hill,Matt Bonner,Michael Finley,Richard Jefferson,Tim Duncan,2,7:51,SAS,rebound,,,,,,,,,,Michael Finley,,,,,,def,,
James Harden,Jeff Green,Nick Collison,Russell Westbrook,Thabo Sefolosha,George Hill,Matt Bonner,Michael Finley,Richard Jefferson,Tim Duncan,2,7:29,SAS,shot,,,,,,,,,,George Hill,2,,,made,,reverse layup,23,7
James Harden,Jeff Green,Nick Collison,Russell Westbrook,Thabo Sefolosha,George Hill,Matt Bonner,Michael Finley,Richard Jefferson,Tim Duncan,2,7:13,OKC,foul,,,,,,,,Tim Duncan,,James Harden,,,,,,offensive,,
James Harden,Jeff Green,Nick Collison,Russell Westbrook,Thabo Sefolosha,George Hill,Matt Bonner,Michael Finley,Richard Jefferson,Tim Duncan,2,7:13,OKC,turnover,,,,,,,,,,James Harden,,,foul,,,,,
James Harden,Jeff Green,Nick Collison,Russell Westbrook,Thabo Sefolosha,George Hill,Matt Bonner,Richard Jefferson,Tim Duncan,Tony Parker,2,7:13,SAS,sub,,,,Tony Parker,,Michael Finley,,,,,,,,,,,,
James Harden,Jeff Green,Nick Collison,Russell Westbrook,Thabo Sefolosha,George Hill,Matt Bonner,Richard Jefferson,Tim Duncan,Tony Parker,2,6:56,SAS,shot,,,,,,,,,,Tim Duncan,2,,,made,,layup,25,8
James Harden,Jeff Green,Nick Collison,Russell Westbrook,Thabo Sefolosha,George Hill,Matt Bonner,Richard Jefferson,Tim Duncan,Tony Parker,2,6:38,OKC,shot,,,,,,,,,,James Harden,,,,missed,,jump,33,23
James Harden,Jeff Green,Nick Collison,Russell Westbrook,Thabo Sefolosha,George Hill,Matt Bonner,Richard Jefferson,Tim Duncan,Tony Parker,2,6:36,SAS,rebound,,,,,,,,,,Matt Bonner,,,,,,def,,
James Harden,Jeff Green,Nick Collison,Russell Westbrook,Thabo Sefolosha,George Hill,Matt Bonner,Richard Jefferson,Tim Duncan,Tony Parker,2,6:32,OKC,foul,,,,,,,,George Hill,,Russell Westbrook,,,,,,shooting,,
James Harden,Jeff Green,Nick Collison,Russell Westbrook,Thabo Sefolosha,George Hill,Matt Bonner,Richard Jefferson,Tim Duncan,Tony Parker,2,6:32,SAS,free throw,,,,,,,1,,2,George Hill,,,foul,made,,,,
Jeff Green,Kevin Durant,Nick Collison,Russell Westbrook,Thabo Sefolosha,George Hill,Matt Bonner,Richard Jefferson,Tim Duncan,Tony Parker,2,6:32,OKC,sub,,,,Kevin Durant,,James Harden,,,,,,,,,,,,
Jeff Green,Kevin Durant,Nenad Krstic,Russell Westbrook,Thabo Sefolosha,George Hill,Matt Bonner,Richard Jefferson,Tim Duncan,Tony Parker,2,6:32,OKC,sub,,,,Nenad Krstic,,Nick Collison,,,,,,,,,,,,
Jeff Green,Kevin Durant,Nenad Krstic,Russell Westbrook,Thabo Sefolosha,George Hill,Matt Bonner,Richard Jefferson,Tim Duncan,Tony Parker,2,6:32,SAS,free throw,,,,,,,2,,2,George Hill,,,foul,made,,,,
Jeff Green,Kevin Durant,Nenad Krstic,Russell Westbrook,Thabo Sefolosha,George Hill,Matt Bonner,Richard Jefferson,Tim Duncan,Tony Parker,2,6:15,OKC,turnover,,,,,,,,,,Kevin Durant,,,bad pass,,Matt Bonner,,,
Jeff Green,Kevin Durant,Nenad Krstic,Russell Westbrook,Thabo Sefolosha,George Hill,Matt Bonner,Richard Jefferson,Tim Duncan,Tony Parker,2,6:04,SAS,shot,,,,,,,,,,Matt Bonner,,,,missed,,3pt,33,29
Jeff Green,Kevin Durant,Nenad Krstic,Russell Westbrook,Thabo Sefolosha,George Hill,Matt Bonner,Richard Jefferson,Tim Duncan,Tony Parker,2,6:02,OKC,rebound,,,,,,,,,,Thabo Sefolosha,,,,,,def,,
Jeff Green,Kevin Durant,Nenad Krstic,Russell Westbrook,Thabo Sefolosha,George Hill,Matt Bonner,Richard Jefferson,Tim Duncan,Tony Parker,2,5:44,OKC,shot,,,,,,,,,,Jeff Green,,,,missed,,layup,26,8
Jeff Green,Kevin Durant,Nenad Krstic,Russell Westbrook,Thabo Sefolosha,George Hill,Matt Bonner,Richard Jefferson,Tim Duncan,Tony Parker,2,5:43,OKC,rebound,,,,,,,,,,Jeff Green,,,,,,off,,
Jeff Green,Kevin Durant,Nenad Krstic,Russell Westbrook,Thabo Sefolosha,George Hill,Matt Bonner,Richard Jefferson,Tim Duncan,Tony Parker,2,5:42,OKC,shot,,,,,,,,,,Jeff Green,2,,,made,,layup,24,6
Jeff Green,Kevin Durant,Nenad Krstic,Russell Westbrook,Thabo Sefolosha,George Hill,Matt Bonner,Richard Jefferson,Tim Duncan,Tony Parker,2,5:22,OKC,foul,,,,,,,,Tim Duncan,,Nenad Krstic,,,,,,shooting,,
Jeff Green,Kevin Durant,Nenad Krstic,Russell Westbrook,Thabo Sefolosha,George Hill,Matt Bonner,Richard Jefferson,Tim Duncan,Tony Parker,2,5:22,SAS,timeout,,,,,,,,,,,,,,,,official,,
Jeff Green,Kevin Durant,Nenad Krstic,Russell Westbrook,Thabo Sefolosha,DeJuan Blair,George Hill,Richard Jefferson,Tim Duncan,Tony Parker,2,5:22,SAS,sub,,,,DeJuan Blair,,Matt Bonner,,,,,,,,,,,,
Jeff Green,Kevin Durant,Nenad Krstic,Russell Westbrook,Thabo Sefolosha,DeJuan Blair,George Hill,Richard Jefferson,Tim Duncan,Tony Parker,2,5:22,SAS,free throw,,,,,,,1,,2,Tim Duncan,,,foul,made,,,,
Jeff Green,Kevin Durant,Nenad Krstic,Russell Westbrook,Thabo Sefolosha,DeJuan Blair,George Hill,Richard Jefferson,Tim Duncan,Tony Parker,2,5:22,SAS,free throw,,,,,,,2,,2,Tim Duncan,,,foul,made,,,,
Jeff Green,Kevin Durant,Nenad Krstic,Russell Westbrook,Thabo Sefolosha,DeJuan Blair,George Hill,Richard Jefferson,Tim Duncan,Tony Parker,2,5:08,OKC,turnover,,,,,,,,,,Thabo Sefolosha,,,bad pass,,George Hill,,,
Jeff Green,Kevin Durant,Nenad Krstic,Russell Westbrook,Thabo Sefolosha,DeJuan Blair,George Hill,Richard Jefferson,Tim Duncan,Tony Parker,2,4:49,SAS,shot,Tony Parker,,,,,,,,,DeJuan Blair,2,,,made,,layup,27,7
Jeff Green,Kevin Durant,Nenad Krstic,Russell Westbrook,Thabo Sefolosha,DeJuan Blair,George Hill,Richard Jefferson,Tim Duncan,Tony Parker,2,4:22,OKC,shot,,,,,,,,,,Jeff Green,,,,missed,,3pt,31,29
Jeff Green,Kevin Durant,Nenad Krstic,Russell Westbrook,Thabo Sefolosha,DeJuan Blair,George Hill,Richard Jefferson,Tim Duncan,Tony Parker,2,4:20,SAS,rebound,,,,,,,,,,Tony Parker,,,,,,def,,
Jeff Green,Kevin Durant,Nenad Krstic,Russell Westbrook,Thabo Sefolosha,DeJuan Blair,George Hill,Richard Jefferson,Tim Duncan,Tony Parker,2,4:17,SAS,shot,Tony Parker,,,,,,,,,Tim Duncan,2,,,made,,dunk,26,7
Jeff Green,Kevin Durant,Nenad Krstic,Russell Westbrook,Thabo Sefolosha,DeJuan Blair,George Hill,Richard Jefferson,Tim Duncan,Tony Parker,2,3:52,OKC,shot,,,Tim Duncan,,,,,,,Russell Westbrook,,,,missed,,layup,24,8
Jeff Green,Kevin Durant,Nenad Krstic,Russell Westbrook,Thabo Sefolosha,DeJuan Blair,George Hill,Richard Jefferson,Tim Duncan,Tony Parker,2,3:50,SAS,rebound,,,,,,,,,,George Hill,,,,,,def,,
Jeff Green,Kevin Durant,Nenad Krstic,Russell Westbrook,Thabo Sefolosha,DeJuan Blair,George Hill,Richard Jefferson,Tim Duncan,Tony Parker,2,3:44,SAS,shot,,,,,,,,,,Tony Parker,2,,,made,,layup,25,6
Jeff Green,Kevin Durant,Nenad Krstic,Russell Westbrook,Thabo Sefolosha,DeJuan Blair,George Hill,Richard Jefferson,Tim Duncan,Tony Parker,2,3:37,OKC,timeout,,,,,,,,,,,,,,,,short,,
Jeff Green,Kevin Durant,Nenad Krstic,Russell Westbrook,Thabo Sefolosha,DeJuan Blair,George Hill,Richard Jefferson,Tim Duncan,Tony Parker,2,3:28,SAS,violation,,,,,,,,,,Richard Jefferson,,,,,,kicked ball,,
Jeff Green,Kevin Durant,Nenad Krstic,Russell Westbrook,Thabo Sefolosha,DeJuan Blair,George Hill,Richard Jefferson,Tim Duncan,Tony Parker,2,3:19,OKC,shot,,,DeJuan Blair,,,,,,,Nenad Krstic,,,,missed,,layup,22,7
Jeff Green,Kevin Durant,Nenad Krstic,Russell Westbrook,Thabo Sefolosha,DeJuan Blair,George Hill,Richard Jefferson,Tim Duncan,Tony Parker,2,3:17,OKC,rebound,,,,,,,,,,Russell Westbrook,,,,,,off,,
Jeff Green,Kevin Durant,Nenad Krstic,Russell Westbrook,Thabo Sefolosha,DeJuan Blair,George Hill,Richard Jefferson,Tim Duncan,Tony Parker,2,3:17,OKC,shot,,,,,,,,,,Russell Westbrook,2,,,made,,layup,25,9
Jeff Green,Kevin Durant,Nenad Krstic,Russell Westbrook,Thabo Sefolosha,DeJuan Blair,George Hill,Richard Jefferson,Tim Duncan,Tony Parker,2,2:59,SAS,shot,,,Nenad Krstic,,,,,,,Tony Parker,,,,missed,,layup,22,7
Jeff Green,Kevin Durant,Nenad Krstic,Russell Westbrook,Thabo Sefolosha,DeJuan Blair,George Hill,Richard Jefferson,Tim Duncan,Tony Parker,2,2:57,SAS,rebound,,,,,,,,,,DeJuan Blair,,,,,,off,,
Jeff Green,Kevin Durant,Nenad Krstic,Russell Westbrook,Thabo Sefolosha,DeJuan Blair,George Hill,Richard Jefferson,Tim Duncan,Tony Parker,2,2:55,SAS,turnover,,,,,,,,,,DeJuan Blair,,,bad pass,,Thabo Sefolosha,,,
Jeff Green,Kevin Durant,Nenad Krstic,Russell Westbrook,Thabo Sefolosha,DeJuan Blair,George Hill,Richard Jefferson,Tim Duncan,Tony Parker,2,2:52,OKC,shot,Russell Westbrook,,,,,,,,,Jeff Green,2,,,made,,dunk,25,6
Jeff Green,Kevin Durant,Nenad Krstic,Russell Westbrook,Thabo Sefolosha,DeJuan Blair,George Hill,Richard Jefferson,Tim Duncan,Tony Parker,2,2:50,SAS,timeout,,,,,,,,,,,,,,,,regular,,
Jeff Green,Kevin Durant,Nenad Krstic,Russell Westbrook,Thabo Sefolosha,George Hill,Manu Ginobili,Richard Jefferson,Tim Duncan,Tony Parker,2,2:50,SAS,sub,,,,Manu Ginobili,,DeJuan Blair,,,,,,,,,,,,
Jeff Green,Kevin Durant,Nenad Krstic,Russell Westbrook,Thabo Sefolosha,George Hill,Manu Ginobili,Richard Jefferson,Tim Duncan,Tony Parker,2,2:38,SAS,shot,,,,,,,,,,Manu Ginobili,,,,missed,,3pt,2,9
Jeff Green,Kevin Durant,Nenad Krstic,Russell Westbrook,Thabo Sefolosha,George Hill,Manu Ginobili,Richard Jefferson,Tim Duncan,Tony Parker,2,2:36,OKC,rebound,,,,,,,,,,Kevin Durant,,,,,,def,,
Jeff Green,Kevin Durant,Nenad Krstic,Russell Westbrook,Thabo Sefolosha,George Hill,Manu Ginobili,Richard Jefferson,Tim Duncan,Tony Parker,2,2:21,OKC,shot,,,,,,,,,,Kevin Durant,,,,missed,,running jump,31,10
Jeff Green,Kevin Durant,Nenad Krstic,Russell Westbrook,Thabo Sefolosha,George Hill,Manu Ginobili,Richard Jefferson,Tim Duncan,Tony Parker,2,2:19,SAS,rebound,,,,,,,,,,Manu Ginobili,,,,,,def,,
Jeff Green,Kevin Durant,Nenad Krstic,Russell Westbrook,Thabo Sefolosha,George Hill,Manu Ginobili,Richard Jefferson,Tim Duncan,Tony Parker,2,2:02,OKC,foul,,,,,,,,Manu Ginobili,,Jeff Green,,,,,,personal,,
Jeff Green,Kevin Durant,Nenad Krstic,Russell Westbrook,Thabo Sefolosha,George Hill,Manu Ginobili,Richard Jefferson,Tim Duncan,Tony Parker,2,2:02,SAS,free throw,,,,,,,1,,2,Manu Ginobili,,,foul,made,,,,
Jeff Green,Kevin Durant,Nenad Krstic,Russell Westbrook,Thabo Sefolosha,George Hill,Manu Ginobili,Richard Jefferson,Tim Duncan,Tony Parker,2,2:02,SAS,free throw,,,,,,,2,,2,Manu Ginobili,,,foul,made,,,,
Jeff Green,Kevin Durant,Nenad Krstic,Russell Westbrook,Thabo Sefolosha,George Hill,Manu Ginobili,Richard Jefferson,Tim Duncan,Tony Parker,2,1:52,OKC,shot,,,,,,,,,,Russell Westbrook,2,,,made,,driving layup,24,6
Jeff Green,Kevin Durant,Nenad Krstic,Russell Westbrook,Thabo Sefolosha,George Hill,Manu Ginobili,Richard Jefferson,Tim Duncan,Tony Parker,2,1:52,SAS,foul,,,,,,,,Russell Westbrook,,Tony Parker,,,,,,shooting,,
Jeff Green,Kevin Durant,Nenad Krstic,Russell Westbrook,Thabo Sefolosha,George Hill,Manu Ginobili,Richard Jefferson,Tim Duncan,Tony Parker,2,1:52,OKC,free throw,,,,,,,1,,1,Russell Westbrook,,,foul,made,,,,
Jeff Green,Kevin Durant,Nenad Krstic,Russell Westbrook,Thabo Sefolosha,George Hill,Manu Ginobili,Richard Jefferson,Tim Duncan,Tony Parker,2,1:39,OKC,foul,,,,,,,,Tony Parker,,Nenad Krstic,,,,,,shooting,,
Jeff Green,Kevin Durant,Nick Collison,Russell Westbrook,Thabo Sefolosha,George Hill,Manu Ginobili,Richard Jefferson,Tim Duncan,Tony Parker,2,1:39,OKC,sub,,,,Nick Collison,,Nenad Krstic,,,,,,,,,,,,
Jeff Green,Kevin Durant,Kevin Ollie,Nick Collison,Thabo Sefolosha,George Hill,Manu Ginobili,Richard Jefferson,Tim Duncan,Tony Parker,2,1:39,OKC,sub,,,,Kevin Ollie,,Russell Westbrook,,,,,,,,,,,,
Jeff Green,Kevin Durant,Kevin Ollie,Nick Collison,Thabo Sefolosha,George Hill,Manu Ginobili,Richard Jefferson,Tim Duncan,Tony Parker,2,1:39,SAS,free throw,,,,,,,1,,2,Tony Parker,,,foul,missed,,,,
Jeff Green,Kevin Durant,Kevin Ollie,Nick Collison,Thabo Sefolosha,George Hill,Manu Ginobili,Richard Jefferson,Tim Duncan,Tony Parker,2,1:39,SAS,rebound,,,,,,,,,,,,,,,,,,
Jeff Green,Kevin Durant,Kevin Ollie,Nick Collison,Thabo Sefolosha,George Hill,Manu Ginobili,Richard Jefferson,Tim Duncan,Tony Parker,2,1:39,SAS,free throw,,,,,,,2,,2,Tony Parker,,,foul,made,,,,
Jeff Green,Kevin Durant,Kevin Ollie,Nick Collison,Thabo Sefolosha,George Hill,Manu Ginobili,Richard Jefferson,Tim Duncan,Tony Parker,2,1:27,OKC,shot,,,,,,,,,,Jeff Green,,,,missed,,3pt,2,15
Jeff Green,Kevin Durant,Kevin Ollie,Nick Collison,Thabo Sefolosha,George Hill,Manu Ginobili,Richard Jefferson,Tim Duncan,Tony Parker,2,1:26,SAS,rebound,,,,,,,,,,Tim Duncan,,,,,,def,,
Jeff Green,Kevin Durant,Kevin Ollie,Nick Collison,Thabo Sefolosha,George Hill,Manu Ginobili,Richard Jefferson,Tim Duncan,Tony Parker,2,1:22,SAS,shot,,,,,,,,,,Tony Parker,2,,,made,,layup,28,8
Jeff Green,Kevin Durant,Kevin Ollie,Nick Collison,Thabo Sefolosha,George Hill,Manu Ginobili,Richard Jefferson,Tim Duncan,Tony Parker,2,1:22,OKC,foul,,,,,,,,Tony Parker,,Kevin Ollie,,,,,,shooting,,
Jeff Green,Kevin Durant,Kevin Ollie,Nick Collison,Thabo Sefolosha,George Hill,Manu Ginobili,Richard Jefferson,Tim Duncan,Tony Parker,2,1:22,SAS,free throw,,,,,,,1,,1,Tony Parker,,,foul,missed,,,,
Jeff Green,Kevin Durant,Kevin Ollie,Nick Collison,Thabo Sefolosha,George Hill,Manu Ginobili,Richard Jefferson,Tim Duncan,Tony Parker,2,1:22,SAS,rebound,,,,,,,,,,Tim Duncan,,,,,,off,,
Jeff Green,Kevin Durant,Kevin Ollie,Nick Collison,Thabo Sefolosha,George Hill,Manu Ginobili,Richard Jefferson,Tim Duncan,Tony Parker,2,1:20,OKC,foul,,,,,,,,Tim Duncan,,Nick Collison,,,,,,shooting,,
Jeff Green,Kevin Durant,Kevin Ollie,Nick Collison,Thabo Sefolosha,George Hill,Manu Ginobili,Richard Jefferson,Tim Duncan,Tony Parker,2,1:20,SAS,free throw,,,,,,,1,,2,Tim Duncan,,,foul,made,,,,
Jeff Green,Kevin Durant,Kevin Ollie,Nick Collison,Thabo Sefolosha,George Hill,Manu Ginobili,Matt Bonner,Tim Duncan,Tony Parker,2,1:20,SAS,sub,,,,Matt Bonner,,Richard Jefferson,,,,,,,,,,,,
Jeff Green,Kevin Durant,Kevin Ollie,Nick Collison,Thabo Sefolosha,George Hill,Manu Ginobili,Matt Bonner,Tim Duncan,Tony Parker,2,1:20,SAS,free throw,,,,,,,2,,2,Tim Duncan,,,foul,made,,,,
Jeff Green,Kevin Durant,Kevin Ollie,Nick Collison,Thabo Sefolosha,George Hill,Manu Ginobili,Matt Bonner,Tim Duncan,Tony Parker,2,1:09,OKC,shot,,,,,,,,,,Thabo Sefolosha,,,,missed,,jump,29,22
Jeff Green,Kevin Durant,Kevin Ollie,Nick Collison,Thabo Sefolosha,George Hill,Manu Ginobili,Matt Bonner,Tim Duncan,Tony Parker,2,1:07,SAS,rebound,,,,,,,,,,Manu Ginobili,,,,,,def,,
Jeff Green,Kevin Durant,Kevin Ollie,Nick Collison,Thabo Sefolosha,George Hill,Manu Ginobili,Matt Bonner,Tim Duncan,Tony Parker,2,0:51,SAS,shot,,,Kevin Durant,,,,,,,Tim Duncan,,,,missed,,layup,22,6
Jeff Green,Kevin Durant,Kevin Ollie,Nick Collison,Thabo Sefolosha,George Hill,Manu Ginobili,Matt Bonner,Tim Duncan,Tony Parker,2,0:50,OKC,rebound,,,,,,,,,,Nick Collison,,,,,,def,,
Jeff Green,Kevin Durant,Kevin Ollie,Nick Collison,Thabo Sefolosha,George Hill,Manu Ginobili,Matt Bonner,Tim Duncan,Tony Parker,2,0:40,OKC,shot,Thabo Sefolosha,,,,,,,,,Jeff Green,2,,,made,,reverse layup,27,6
Jeff Green,Kevin Durant,Kevin Ollie,Nick Collison,Thabo Sefolosha,George Hill,Manu Ginobili,Matt Bonner,Tim Duncan,Tony Parker,2,0:40,SAS,foul,,,,,,,,Jeff Green,,Tim Duncan,,,,,,shooting,,
Jeff Green,Kevin Durant,Kevin Ollie,Nick Collison,Thabo Sefolosha,George Hill,Manu Ginobili,Matt Bonner,Tim Duncan,Tony Parker,2,0:40,OKC,free throw,,,,,,,1,,1,Jeff Green,,,foul,made,,,,
Jeff Green,Kevin Durant,Kevin Ollie,Nick Collison,Thabo Sefolosha,George Hill,Manu Ginobili,Matt Bonner,Tim Duncan,Tony Parker,2,0:35,SAS,turnover,,,,,,,,,,Tony Parker,,,traveling,,,,,
Jeff Green,Kevin Durant,Kevin Ollie,Nick Collison,Thabo Sefolosha,George Hill,Manu Ginobili,Matt Bonner,Tim Duncan,Tony Parker,2,0:26,OKC,turnover,,,,,,,,,,Kevin Durant,,,lost ball,,Matt Bonner,,,
Jeff Green,Kevin Durant,Kevin Ollie,Nick Collison,Thabo Sefolosha,George Hill,Manu Ginobili,Matt Bonner,Tim Duncan,Tony Parker,2,0:04,SAS,foul,,,,,,,,Nick Collison,,Manu Ginobili,,,,,,offensive,,
Jeff Green,Kevin Durant,Kevin Ollie,Nick Collison,Thabo Sefolosha,George Hill,Manu Ginobili,Matt Bonner,Tim Duncan,Tony Parker,2,0:04,SAS,turnover,,,,,,,,,,Manu Ginobili,,,foul,,,,,
Jeff Green,Kevin Durant,Kevin Ollie,Nick Collison,Thabo Sefolosha,George Hill,Manu Ginobili,Matt Bonner,Tim Duncan,Tony Parker,2,0:00,OKC,shot,,,,,,,,,,Kevin Durant,,,,missed,,jump,38,19
Jeff Green,Kevin Durant,Kevin Ollie,Nick Collison,Thabo Sefolosha,George Hill,Manu Ginobili,Matt Bonner,Tim Duncan,Tony Parker,2,0:00,OKC,rebound,,,,,,,,,,,,,,,,,,
Jeff Green,Kevin Durant,Nenad Krstic,Russell Westbrook,Thabo Sefolosha,DeJuan Blair,Keith Bogans,Richard Jefferson,Tim Duncan,Tony Parker,3,11:41,SAS,shot,,,,,,,,,,Keith Bogans,,,,missed,,3pt,32,30
Jeff Green,Kevin Durant,Nenad Krstic,Russell Westbrook,Thabo Sefolosha,DeJuan Blair,Keith Bogans,Richard Jefferson,Tim Duncan,Tony Parker,3,11:39,OKC,rebound,,,,,,,,,,Thabo Sefolosha,,,,,,def,,
Jeff Green,Kevin Durant,Nenad Krstic,Russell Westbrook,Thabo Sefolosha,DeJuan Blair,Keith Bogans,Richard Jefferson,Tim Duncan,Tony Parker,3,11:23,OKC,shot,,,,,,,,,,Jeff Green,,,,missed,,layup,26,9
Jeff Green,Kevin Durant,Nenad Krstic,Russell Westbrook,Thabo Sefolosha,DeJuan Blair,Keith Bogans,Richard Jefferson,Tim Duncan,Tony Parker,3,11:21,SAS,rebound,,,,,,,,,,Tony Parker,,,,,,def,,
Jeff Green,Kevin Durant,Nenad Krstic,Russell Westbrook,Thabo Sefolosha,DeJuan Blair,Keith Bogans,Richard Jefferson,Tim Duncan,Tony Parker,3,11:09,SAS,turnover,,,,,,,,,,DeJuan Blair,,,double dribble,,,,,
Jeff Green,Kevin Durant,Nenad Krstic,Russell Westbrook,Thabo Sefolosha,DeJuan Blair,Keith Bogans,Richard Jefferson,Tim Duncan,Tony Parker,3,10:54,OKC,shot,,,,,,,,,,Russell Westbrook,3,,,made,,3pt,13,27
Jeff Green,Kevin Durant,Nenad Krstic,Russell Westbrook,Thabo Sefolosha,DeJuan Blair,Keith Bogans,Richard Jefferson,Tim Duncan,Tony Parker,3,10:35,SAS,shot,,,,,,,,,,DeJuan Blair,,,,missed,,jump,22,9
Jeff Green,Kevin Durant,Nenad Krstic,Russell Westbrook,Thabo Sefolosha,DeJuan Blair,Keith Bogans,Richard Jefferson,Tim Duncan,Tony Parker,3,10:33,OKC,rebound,,,,,,,,,,Russell Westbrook,,,,,,def,,
Jeff Green,Kevin Durant,Nenad Krstic,Russell Westbrook,Thabo Sefolosha,DeJuan Blair,Keith Bogans,Richard Jefferson,Tim Duncan,Tony Parker,3,10:28,OKC,shot,,,,,,,,,,Jeff Green,,,,missed,,layup,27,6
Jeff Green,Kevin Durant,Nenad Krstic,Russell Westbrook,Thabo Sefolosha,DeJuan Blair,Keith Bogans,Richard Jefferson,Tim Duncan,Tony Parker,3,10:26,OKC,rebound,,,,,,,,,,Jeff Green,,,,,,off,,
Jeff Green,Kevin Durant,Nenad Krstic,Russell Westbrook,Thabo Sefolosha,DeJuan Blair,Keith Bogans,Richard Jefferson,Tim Duncan,Tony Parker,3,10:26,OKC,shot,,,,,,,,,,Jeff Green,2,,,made,,dunk,26,6
Jeff Green,Kevin Durant,Nenad Krstic,Russell Westbrook,Thabo Sefolosha,DeJuan Blair,Keith Bogans,Richard Jefferson,Tim Duncan,Tony Parker,3,10:08,SAS,turnover,,,,,,,,,,Tim Duncan,,,bad pass,,Thabo Sefolosha,,,
Jeff Green,Kevin Durant,Nenad Krstic,Russell Westbrook,Thabo Sefolosha,DeJuan Blair,Keith Bogans,Richard Jefferson,Tim Duncan,Tony Parker,3,9:59,OKC,shot,,,,,,,,,,Kevin Durant,2,,,made,,jump,26,19
Jeff Green,Kevin Durant,Nenad Krstic,Russell Westbrook,Thabo Sefolosha,DeJuan Blair,Keith Bogans,Richard Jefferson,Tim Duncan,Tony Parker,3,9:41,SAS,shot,,,,,,,,,,Tim Duncan,2,,,made,,jump bank,37,11
Jeff Green,Kevin Durant,Nenad Krstic,Russell Westbrook,Thabo Sefolosha,DeJuan Blair,Keith Bogans,Richard Jefferson,Tim Duncan,Tony Parker,3,9:19,OKC,shot,Russell Westbrook,,,,,,,,,Jeff Green,3,,,made,,3pt,6,21
Jeff Green,Kevin Durant,Nenad Krstic,Russell Westbrook,Thabo Sefolosha,DeJuan Blair,Keith Bogans,Richard Jefferson,Tim Duncan,Tony Parker,3,9:00,SAS,shot,,,,,,,,,,Tony Parker,2,,,made,,jump,8,6
Jeff Green,Kevin Durant,Nenad Krstic,Russell Westbrook,Thabo Sefolosha,DeJuan Blair,Keith Bogans,Richard Jefferson,Tim Duncan,Tony Parker,3,8:39,OKC,shot,Russell Westbrook,,,,,,,,,Nenad Krstic,2,,,made,,jump,8,6
Jeff Green,Kevin Durant,Nenad Krstic,Russell Westbrook,Thabo Sefolosha,DeJuan Blair,Keith Bogans,Richard Jefferson,Tim Duncan,Tony Parker,3,8:20,SAS,shot,,,,,,,,,,Tony Parker,,,,missed,,jump,21,14
Jeff Green,Kevin Durant,Nenad Krstic,Russell Westbrook,Thabo Sefolosha,DeJuan Blair,Keith Bogans,Richard Jefferson,Tim Duncan,Tony Parker,3,8:18,OKC,rebound,,,,,,,,,,Jeff Green,,,,,,def,,
Jeff Green,Kevin Durant,Nenad Krstic,Russell Westbrook,Thabo Sefolosha,DeJuan Blair,Keith Bogans,Richard Jefferson,Tim Duncan,Tony Parker,3,8:12,OKC,shot,,,,,,,,,,Thabo Sefolosha,2,,,made,,running bank,21,8
Jeff Green,Kevin Durant,Nenad Krstic,Russell Westbrook,Thabo Sefolosha,DeJuan Blair,Keith Bogans,Richard Jefferson,Tim Duncan,Tony Parker,3,8:12,SAS,timeout,,,,,,,,,,,,,,,,regular,,
Jeff Green,Kevin Durant,Nenad Krstic,Russell Westbrook,Thabo Sefolosha,Keith Bogans,Matt Bonner,Richard Jefferson,Tim Duncan,Tony Parker,3,8:12,SAS,sub,,,,Matt Bonner,,DeJuan Blair,,,,,,,,,,,,
Jeff Green,Kevin Durant,Nenad Krstic,Russell Westbrook,Thabo Sefolosha,Keith Bogans,Matt Bonner,Richard Jefferson,Tim Duncan,Tony Parker,3,8:00,SAS,shot,,,,,,,,,,Tony Parker,2,,,made,,layup,23,8
Jeff Green,Kevin Durant,Nenad Krstic,Russell Westbrook,Thabo Sefolosha,Keith Bogans,Matt Bonner,Richard Jefferson,Tim Duncan,Tony Parker,3,7:49,OKC,shot,,,,,,,,,,Russell Westbrook,2,,,made,,driving layup,27,7
Jeff Green,Kevin Durant,Nenad Krstic,Russell Westbrook,Thabo Sefolosha,Keith Bogans,Matt Bonner,Richard Jefferson,Tim Duncan,Tony Parker,3,7:37,SAS,turnover,,,,,,,,,,Tony Parker,,,bad pass,,Nenad Krstic,,,
Jeff Green,Kevin Durant,Nenad Krstic,Russell Westbrook,Thabo Sefolosha,Keith Bogans,Matt Bonner,Richard Jefferson,Tim Duncan,Tony Parker,3,7:28,OKC,shot,,,,,,,,,,Kevin Durant,,,,missed,,3pt,43,22
Jeff Green,Kevin Durant,Nenad Krstic,Russell Westbrook,Thabo Sefolosha,Keith Bogans,Matt Bonner,Richard Jefferson,Tim Duncan,Tony Parker,3,7:26,SAS,rebound,,,,,,,,,,Matt Bonner,,,,,,def,,
Jeff Green,Kevin Durant,Nenad Krstic,Russell Westbrook,Thabo Sefolosha,Keith Bogans,Matt Bonner,Richard Jefferson,Tim Duncan,Tony Parker,3,7:16,SAS,shot,Richard Jefferson,,,,,,,,,Tim Duncan,2,,,made,,jump,18,11
Jeff Green,Kevin Durant,Nenad Krstic,Russell Westbrook,Thabo Sefolosha,Keith Bogans,Matt Bonner,Richard Jefferson,Tim Duncan,Tony Parker,3,6:59,OKC,shot,,,,,,,,,,Kevin Durant,,,,missed,,jump,16,20
Jeff Green,Kevin Durant,Nenad Krstic,Russell Westbrook,Thabo Sefolosha,Keith Bogans,Matt Bonner,Richard Jefferson,Tim Duncan,Tony Parker,3,6:57,SAS,rebound,,,,,,,,,,Matt Bonner,,,,,,def,,
Jeff Green,Kevin Durant,Nenad Krstic,Russell Westbrook,Thabo Sefolosha,Keith Bogans,Matt Bonner,Richard Jefferson,Tim Duncan,Tony Parker,3,6:50,SAS,shot,,,,,,,,,,Tony Parker,,,,missed,,layup,25,7
Jeff Green,Kevin Durant,Nenad Krstic,Russell Westbrook,Thabo Sefolosha,Keith Bogans,Matt Bonner,Richard Jefferson,Tim Duncan,Tony Parker,3,6:48,SAS,rebound,,,,,,,,,,Tim Duncan,,,,,,off,,
Jeff Green,Kevin Durant,Nenad Krstic,Russell Westbrook,Thabo Sefolosha,Keith Bogans,Matt Bonner,Richard Jefferson,Tim Duncan,Tony Parker,3,6:45,SAS,shot,,,,,,,,,,Matt Bonner,,,,missed,,3pt,27,31
Jeff Green,Kevin Durant,Nenad Krstic,Russell Westbrook,Thabo Sefolosha,Keith Bogans,Matt Bonner,Richard Jefferson,Tim Duncan,Tony Parker,3,6:43,SAS,rebound,,,,,,,,,,Tim Duncan,,,,,,off,,
Jeff Green,Kevin Durant,Nenad Krstic,Russell Westbrook,Thabo Sefolosha,Keith Bogans,Matt Bonner,Richard Jefferson,Tim Duncan,Tony Parker,3,6:29,SAS,shot,,,Thabo Sefolosha,,,,,,,Tony Parker,,,,missed,,layup,25,8
Jeff Green,Kevin Durant,Nenad Krstic,Russell Westbrook,Thabo Sefolosha,Keith Bogans,Matt Bonner,Richard Jefferson,Tim Duncan,Tony Parker,3,6:28,OKC,rebound,,,,,,,,,,Russell Westbrook,,,,,,def,,
Jeff Green,Kevin Durant,Nenad Krstic,Russell Westbrook,Thabo Sefolosha,Keith Bogans,Matt Bonner,Richard Jefferson,Tim Duncan,Tony Parker,3,6:21,OKC,shot,,,,,,,,,,Thabo Sefolosha,,,,missed,,3pt,49,12
Jeff Green,Kevin Durant,Nenad Krstic,Russell Westbrook,Thabo Sefolosha,Keith Bogans,Matt Bonner,Richard Jefferson,Tim Duncan,Tony Parker,3,6:19,SAS,rebound,,,,,,,,,,Tim Duncan,,,,,,def,,
Jeff Green,Kevin Durant,Nenad Krstic,Russell Westbrook,Thabo Sefolosha,Keith Bogans,Matt Bonner,Richard Jefferson,Tim Duncan,Tony Parker,3,6:04,SAS,turnover,,,,,,,,,,Matt Bonner,,,bad pass,,,,,
Jeff Green,Kevin Durant,Nenad Krstic,Russell Westbrook,Thabo Sefolosha,Manu Ginobili,Matt Bonner,Richard Jefferson,Tim Duncan,Tony Parker,3,6:04,SAS,sub,,,,Manu Ginobili,,Keith Bogans,,,,,,,,,,,,
Jeff Green,Kevin Durant,Nenad Krstic,Russell Westbrook,Thabo Sefolosha,Manu Ginobili,Matt Bonner,Richard Jefferson,Tim Duncan,Tony Parker,3,5:55,OKC,shot,,,,,,,,,,Jeff Green,,,,missed,,3pt,16,29
Jeff Green,Kevin Durant,Nenad Krstic,Russell Westbrook,Thabo Sefolosha,Manu Ginobili,Matt Bonner,Richard Jefferson,Tim Duncan,Tony Parker,3,5:51,OKC,rebound,,,,,,,,,,Nenad Krstic,,,,,,off,,
Jeff Green,Kevin Durant,Nenad Krstic,Russell Westbrook,Thabo Sefolosha,Manu Ginobili,Matt Bonner,Richard Jefferson,Tim Duncan,Tony Parker,3,5:51,OKC,turnover,,,,,,,,,,Nenad Krstic,,,poss lost ball turnover,,,,,
Jeff Green,Kevin Durant,Nenad Krstic,Russell Westbrook,Thabo Sefolosha,Manu Ginobili,Matt Bonner,Richard Jefferson,Tim Duncan,Tony Parker,3,5:35,SAS,shot,,,,,,,,,,Tim Duncan,,,,missed,,turnaround jump,17,8
Jeff Green,Kevin Durant,Nenad Krstic,Russell Westbrook,Thabo Sefolosha,Manu Ginobili,Matt Bonner,Richard Jefferson,Tim Duncan,Tony Parker,3,5:34,OKC,rebound,,,,,,,,,,Jeff Green,,,,,,def,,
Jeff Green,Kevin Durant,Nenad Krstic,Russell Westbrook,Thabo Sefolosha,Manu Ginobili,Matt Bonner,Richard Jefferson,Tim Duncan,Tony Parker,3,5:21,OKC,shot,Russell Westbrook,,,,,,,,,Nenad Krstic,2,,,made,,jump,32,22
Jeff Green,Kevin Durant,Nenad Krstic,Russell Westbrook,Thabo Sefolosha,Manu Ginobili,Matt Bonner,Richard Jefferson,Tim Duncan,Tony Parker,3,4:53,SAS,shot,Manu Ginobili,,,,,,,,,Matt Bonner,2,,,made,,pullup jump,29,17
Jeff Green,Kevin Durant,Nenad Krstic,Russell Westbrook,Thabo Sefolosha,Manu Ginobili,Matt Bonner,Richard Jefferson,Tim Duncan,Tony Parker,3,4:35,OKC,shot,,,,,,,,,,Russell Westbrook,,,,missed,,turnaround jump,18,13
Jeff Green,Kevin Durant,Nenad Krstic,Russell Westbrook,Thabo Sefolosha,Manu Ginobili,Matt Bonner,Richard Jefferson,Tim Duncan,Tony Parker,3,4:33,SAS,rebound,,,,,,,,,,Tony Parker,,,,,,def,,
Jeff Green,Kevin Durant,Nenad Krstic,Russell Westbrook,Thabo Sefolosha,Manu Ginobili,Matt Bonner,Richard Jefferson,Tim Duncan,Tony Parker,3,4:27,SAS,shot,Manu Ginobili,,,,,,,,,Tim Duncan,2,,,made,,dunk,25,8
Jeff Green,Kevin Durant,Nenad Krstic,Russell Westbrook,Thabo Sefolosha,Manu Ginobili,Matt Bonner,Richard Jefferson,Tim Duncan,Tony Parker,3,4:18,OKC,timeout,,,,,,,,,,,,,,,,regular,,
James Harden,Kevin Durant,Nenad Krstic,Russell Westbrook,Thabo Sefolosha,Manu Ginobili,Matt Bonner,Richard Jefferson,Tim Duncan,Tony Parker,3,4:18,OKC,sub,,,,James Harden,,Jeff Green,,,,,,,,,,,,
James Harden,Kevin Durant,Nenad Krstic,Russell Westbrook,Thabo Sefolosha,George Hill,Manu Ginobili,Matt Bonner,Richard Jefferson,Tim Duncan,3,4:18,SAS,sub,,,,George Hill,,Tony Parker,,,,,,,,,,,,
James Harden,Kevin Durant,Nenad Krstic,Russell Westbrook,Thabo Sefolosha,George Hill,Manu Ginobili,Matt Bonner,Michael Finley,Tim Duncan,3,4:18,SAS,sub,,,,Michael Finley,,Richard Jefferson,,,,,,,,,,,,
James Harden,Kevin Durant,Nenad Krstic,Russell Westbrook,Thabo Sefolosha,George Hill,Keith Bogans,Manu Ginobili,Michael Finley,Tim Duncan,3,4:18,SAS,sub,,,,Keith Bogans,,Matt Bonner,,,,,,,,,,,,
James Harden,Kevin Durant,Nenad Krstic,Russell Westbrook,Thabo Sefolosha,George Hill,Keith Bogans,Manu Ginobili,Michael Finley,Tim Duncan,3,4:12,OKC,shot,,,,,,,,,,Russell Westbrook,2,,,made,,jump,19,19
James Harden,Kevin Durant,Nenad Krstic,Russell Westbrook,Thabo Sefolosha,George Hill,Keith Bogans,Manu Ginobili,Michael Finley,Tim Duncan,3,4:12,SAS,foul,,,,,,,,Russell Westbrook,,George Hill,,,,,,shooting,,
James Harden,Kevin Durant,Nenad Krstic,Russell Westbrook,Thabo Sefolosha,George Hill,Keith Bogans,Manu Ginobili,Michael Finley,Tim Duncan,3,4:12,OKC,free throw,,,,,,,1,,1,Russell Westbrook,,,foul,missed,,,,
James Harden,Kevin Durant,Nenad Krstic,Russell Westbrook,Thabo Sefolosha,George Hill,Keith Bogans,Manu Ginobili,Michael Finley,Tim Duncan,3,4:12,SAS,rebound,,,,,,,,,,Manu Ginobili,,,,,,def,,
James Harden,Kevin Durant,Nenad Krstic,Russell Westbrook,Thabo Sefolosha,George Hill,Keith Bogans,Manu Ginobili,Michael Finley,Tim Duncan,3,3:59,SAS,shot,Manu Ginobili,,,,,,,,,Tim Duncan,2,,,made,,dunk,23,7
James Harden,Kevin Durant,Nenad Krstic,Russell Westbrook,Thabo Sefolosha,George Hill,Keith Bogans,Manu Ginobili,Michael Finley,Tim Duncan,3,3:37,OKC,shot,Russell Westbrook,,,,,,,,,Kevin Durant,2,,,made,,jump,23,15
James Harden,Kevin Durant,Nenad Krstic,Russell Westbrook,Thabo Sefolosha,George Hill,Keith Bogans,Manu Ginobili,Michael Finley,Tim Duncan,3,3:14,SAS,shot,,,Nenad Krstic,,,,,,,Manu Ginobili,,,,missed,,3pt,24,30
James Harden,Kevin Durant,Nenad Krstic,Russell Westbrook,Thabo Sefolosha,George Hill,Keith Bogans,Manu Ginobili,Michael Finley,Tim Duncan,3,3:13,OKC,rebound,,,,,,,,,,Russell Westbrook,,,,,,def,,
James Harden,Kevin Durant,Nenad Krstic,Russell Westbrook,Thabo Sefolosha,George Hill,Keith Bogans,Manu Ginobili,Michael Finley,Tim Duncan,3,3:05,OKC,shot,,,,,,,,,,Kevin Durant,,,,missed,,3pt,9,25
James Harden,Kevin Durant,Nenad Krstic,Russell Westbrook,Thabo Sefolosha,George Hill,Keith Bogans,Manu Ginobili,Michael Finley,Tim Duncan,3,3:03,OKC,rebound,,,,,,,,,,Kevin Durant,,,,,,off,,
James Harden,Kevin Durant,Nenad Krstic,Russell Westbrook,Thabo Sefolosha,George Hill,Keith Bogans,Manu Ginobili,Michael Finley,Tim Duncan,3,3:00,OKC,shot,,,,,,,,,,Kevin Durant,2,,,made,,layup,26,7
James Harden,Kevin Durant,Nenad Krstic,Russell Westbrook,Thabo Sefolosha,George Hill,Keith Bogans,Manu Ginobili,Michael Finley,Tim Duncan,3,2:38,SAS,shot,Manu Ginobili,,,,,,,,,Michael Finley,2,,,made,,jump,24,12
James Harden,Kevin Durant,Nenad Krstic,Russell Westbrook,Thabo Sefolosha,George Hill,Keith Bogans,Manu Ginobili,Michael Finley,Tim Duncan,3,2:20,OKC,shot,,,,,,,,,,Russell Westbrook,2,,,made,,jump,26,15
James Harden,Kevin Durant,Nenad Krstic,Russell Westbrook,Thabo Sefolosha,George Hill,Keith Bogans,Manu Ginobili,Michael Finley,Tim Duncan,3,2:05,SAS,shot,,,James Harden,,,,,,,Tim Duncan,,,,missed,,jump,20,8
James Harden,Kevin Durant,Nenad Krstic,Russell Westbrook,Thabo Sefolosha,George Hill,Keith Bogans,Manu Ginobili,Michael Finley,Tim Duncan,3,2:04,OKC,rebound,,,,,,,,,,Nenad Krstic,,,,,,def,,
James Harden,Kevin Durant,Nenad Krstic,Russell Westbrook,Thabo Sefolosha,George Hill,Keith Bogans,Manu Ginobili,Michael Finley,Tim Duncan,3,1:42,OKC,shot,Russell Westbrook,,,,,,,,,Nenad Krstic,2,,,made,,jump,14,20
James Harden,Kevin Durant,Nenad Krstic,Russell Westbrook,Thabo Sefolosha,George Hill,Keith Bogans,Manu Ginobili,Michael Finley,Tim Duncan,3,1:18,SAS,shot,Michael Finley,,,,,,,,,George Hill,3,,,made,,3pt,2,7
James Harden,Kevin Durant,Nenad Krstic,Russell Westbrook,Thabo Sefolosha,George Hill,Keith Bogans,Manu Ginobili,Michael Finley,Tim Duncan,3,0:59,OKC,shot,Russell Westbrook,,,,,,,,,Nenad Krstic,2,,,made,,jump,16,21
James Harden,Kevin Durant,Nenad Krstic,Russell Westbrook,Thabo Sefolosha,George Hill,Keith Bogans,Manu Ginobili,Michael Finley,Tim Duncan,3,0:49,SAS,shot,,,,,,,,,,George Hill,2,,,made,,driving layup,21,8
James Harden,Kevin Durant,Nenad Krstic,Russell Westbrook,Thabo Sefolosha,George Hill,Keith Bogans,Manu Ginobili,Michael Finley,Tim Duncan,3,0:41,SAS,foul,,,,,,,,Russell Westbrook,,George Hill,,,,,,personal,,
James Harden,Kevin Durant,Nenad Krstic,Russell Westbrook,Thabo Sefolosha,Antonio McDyess,George Hill,Keith Bogans,Manu Ginobili,Michael Finley,3,0:41,SAS,sub,,,,Antonio McDyess,,Tim Duncan,,,,,,,,,,,,
James Harden,Kevin Durant,Nenad Krstic,Russell Westbrook,Thabo Sefolosha,Antonio McDyess,George Hill,Keith Bogans,Manu Ginobili,Michael Finley,3,0:33,OKC,shot,,,,,,,,,,Russell Westbrook,,,,missed,,jump,15,21
James Harden,Kevin Durant,Nenad Krstic,Russell Westbrook,Thabo Sefolosha,Antonio McDyess,George Hill,Keith Bogans,Manu Ginobili,Michael Finley,3,0:32,SAS,rebound,,,,,,,,,,Keith Bogans,,,,,,def,,
James Harden,Kevin Durant,Nenad Krstic,Russell Westbrook,Thabo Sefolosha,Antonio McDyess,George Hill,Keith Bogans,Manu Ginobili,Michael Finley,3,0:10,SAS,shot,,,,,,,,,,George Hill,,,,missed,,3pt,49,7
James Harden,Kevin Durant,Nenad Krstic,Russell Westbrook,Thabo Sefolosha,Antonio McDyess,George Hill,Keith Bogans,Manu Ginobili,Michael Finley,3,0:08,OKC,rebound,,,,,,,,,,James Harden,,,,,,def,,
James Harden,Kevin Durant,Nenad Krstic,Russell Westbrook,Thabo Sefolosha,Antonio McDyess,George Hill,Keith Bogans,Manu Ginobili,Michael Finley,3,0:04,OKC,shot,,,,,,,,,,James Harden,2,,,made,,running slam dunk,27,7
James Harden,Kevin Durant,Nenad Krstic,Russell Westbrook,Thabo Sefolosha,Antonio McDyess,George Hill,Keith Bogans,Manu Ginobili,Michael Finley,3,0:01,OKC,foul,,,,,,,,George Hill,,Russell Westbrook,,,,,,personal,,
James Harden,Kevin Durant,Kevin Ollie,Nenad Krstic,Thabo Sefolosha,Antonio McDyess,George Hill,Keith Bogans,Manu Ginobili,Michael Finley,3,0:01,OKC,sub,,,,Kevin Ollie,,Russell Westbrook,,,,,,,,,,,,
James Harden,Kevin Durant,Kevin Ollie,Nenad Krstic,Thabo Sefolosha,Antonio McDyess,George Hill,Keith Bogans,Manu Ginobili,Michael Finley,3,0:00,SAS,shot,,,,,,,,,,George Hill,,,,missed,,3pt,21,35
James Harden,Kevin Durant,Kevin Ollie,Nenad Krstic,Thabo Sefolosha,Antonio McDyess,George Hill,Keith Bogans,Manu Ginobili,Michael Finley,3,0:00,SAS,rebound,,,,,,,,,,,,,,,,,,
James Harden,Kevin Durant,Kevin Ollie,Nick Collison,Thabo Sefolosha,Antonio McDyess,George Hill,Michael Finley,Richard Jefferson,Roger Mason,4,11:37,OKC,turnover,,,,,,,,,,James Harden,,,traveling,,,,,
James Harden,Kevin Durant,Kevin Ollie,Nick Collison,Thabo Sefolosha,Antonio McDyess,George Hill,Michael Finley,Richard Jefferson,Roger Mason,4,11:23,SAS,shot,,,,,,,,,,George Hill,,,,missed,,jump,23,18
James Harden,Kevin Durant,Kevin Ollie,Nick Collison,Thabo Sefolosha,Antonio McDyess,George Hill,Michael Finley,Richard Jefferson,Roger Mason,4,11:21,OKC,rebound,,,,,,,,,,Thabo Sefolosha,,,,,,def,,
James Harden,Kevin Durant,Kevin Ollie,Nick Collison,Thabo Sefolosha,Antonio McDyess,George Hill,Michael Finley,Richard Jefferson,Roger Mason,4,11:03,OKC,shot,,,,,,,,,,James Harden,2,,,made,,driving layup,27,7
James Harden,Kevin Durant,Kevin Ollie,Nick Collison,Thabo Sefolosha,Antonio McDyess,George Hill,Michael Finley,Richard Jefferson,Roger Mason,4,11:03,SAS,foul,,,,,,,,James Harden,,Michael Finley,,,,,,shooting,,
James Harden,Kevin Durant,Kevin Ollie,Nick Collison,Thabo Sefolosha,Antonio McDyess,George Hill,Michael Finley,Richard Jefferson,Roger Mason,4,11:03,OKC,free throw,,,,,,,1,,1,James Harden,,,foul,made,,,,
James Harden,Kevin Durant,Kevin Ollie,Nick Collison,Thabo Sefolosha,Antonio McDyess,George Hill,Michael Finley,Richard Jefferson,Roger Mason,4,10:43,SAS,shot,,,Nick Collison,,,,,,,George Hill,,,,missed,,jump,28,8
James Harden,Kevin Durant,Kevin Ollie,Nick Collison,Thabo Sefolosha,Antonio McDyess,George Hill,Michael Finley,Richard Jefferson,Roger Mason,4,10:41,OKC,rebound,,,,,,,,,,Thabo Sefolosha,,,,,,def,,
James Harden,Kevin Durant,Kevin Ollie,Nick Collison,Thabo Sefolosha,Antonio McDyess,George Hill,Michael Finley,Richard Jefferson,Roger Mason,4,10:38,SAS,foul,,,,,,,,Kevin Durant,,Richard Jefferson,,,,,,shooting,,
James Harden,Kevin Durant,Kevin Ollie,Nick Collison,Thabo Sefolosha,Antonio McDyess,George Hill,Michael Finley,Richard Jefferson,Roger Mason,4,10:38,OKC,free throw,,,,,,,1,,2,Kevin Durant,,,foul,made,,,,
James Harden,Kevin Durant,Kevin Ollie,Nick Collison,Thabo Sefolosha,Antonio McDyess,George Hill,Michael Finley,Richard Jefferson,Roger Mason,4,10:38,OKC,free throw,,,,,,,2,,2,Kevin Durant,,,foul,made,,,,
James Harden,Kevin Durant,Kevin Ollie,Nick Collison,Thabo Sefolosha,Antonio McDyess,George Hill,Michael Finley,Richard Jefferson,Roger Mason,4,10:26,OKC,foul,,,,,,,,Richard Jefferson,,Thabo Sefolosha,,,,,,shooting,,
James Harden,Kevin Durant,Kevin Ollie,Nick Collison,Thabo Sefolosha,Antonio McDyess,George Hill,Michael Finley,Richard Jefferson,Roger Mason,4,10:26,SAS,free throw,,,,,,,1,,2,Richard Jefferson,,,foul,made,,,,
James Harden,Kevin Durant,Kevin Ollie,Nick Collison,Thabo Sefolosha,Antonio McDyess,George Hill,Michael Finley,Richard Jefferson,Roger Mason,4,10:26,SAS,free throw,,,,,,,2,,2,Richard Jefferson,,,foul,made,,,,
James Harden,Kevin Durant,Kevin Ollie,Nick Collison,Thabo Sefolosha,Antonio McDyess,George Hill,Michael Finley,Richard Jefferson,Roger Mason,4,10:12,OKC,turnover,,,,,,,,,,Nick Collison,,,bad pass,,George Hill,,,
James Harden,Kevin Durant,Kevin Ollie,Nick Collison,Thabo Sefolosha,Antonio McDyess,George Hill,Michael Finley,Richard Jefferson,Roger Mason,4,10:02,SAS,shot,Roger Mason,,,,,,,,,Antonio McDyess,2,,,made,,jump,14,18
James Harden,Kevin Durant,Kevin Ollie,Nick Collison,Thabo Sefolosha,Antonio McDyess,George Hill,Michael Finley,Richard Jefferson,Roger Mason,4,9:39,OKC,shot,James Harden,,,,,,,,,Thabo Sefolosha,2,,,made,,jump,38,5
James Harden,Jeff Green,Kevin Ollie,Nick Collison,Thabo Sefolosha,Antonio McDyess,George Hill,Michael Finley,Richard Jefferson,Roger Mason,4,9:16,OKC,sub,,,,Jeff Green,,Kevin Durant,,,,,,,,,,,,
James Harden,Jeff Green,Kevin Ollie,Nick Collison,Thabo Sefolosha,Antonio McDyess,George Hill,Michael Finley,Richard Jefferson,Roger Mason,4,9:14,SAS,shot,Richard Jefferson,,,,,,,,,Michael Finley,2,,,made,,jump,38,6
James Harden,Jeff Green,Kevin Ollie,Nick Collison,Thabo Sefolosha,Antonio McDyess,George Hill,Michael Finley,Richard Jefferson,Roger Mason,4,8:48,OKC,shot,,,,,,,,,,Nick Collison,2,,,made,,driving hook,25,10
James Harden,Jeff Green,Kevin Ollie,Nick Collison,Thabo Sefolosha,Antonio McDyess,George Hill,Michael Finley,Richard Jefferson,Roger Mason,4,8:34,SAS,turnover,,,,,,,,,,George Hill,,,bad pass,,,,,
James Harden,Jeff Green,Kevin Ollie,Nick Collison,Thabo Sefolosha,Antonio McDyess,George Hill,Michael Finley,Richard Jefferson,Roger Mason,4,8:34,OKC,timeout,,,,,,,,,,,,,,,,official,,
James Harden,Jeff Green,Kevin Ollie,Nick Collison,Thabo Sefolosha,Antonio McDyess,George Hill,Richard Jefferson,Roger Mason,Tim Duncan,4,8:34,SAS,sub,,,,Tim Duncan,,Michael Finley,,,,,,,,,,,,
James Harden,Jeff Green,Kevin Ollie,Nick Collison,Thabo Sefolosha,Antonio McDyess,George Hill,Richard Jefferson,Tim Duncan,Tony Parker,4,8:34,SAS,sub,,,,Tony Parker,,Roger Mason,,,,,,,,,,,,
James Harden,Jeff Green,Kevin Ollie,Nick Collison,Thabo Sefolosha,Antonio McDyess,George Hill,Richard Jefferson,Tim Duncan,Tony Parker,4,8:15,OKC,shot,,,,,,,,,,James Harden,,,,missed,,jump,36,16
James Harden,Jeff Green,Kevin Ollie,Nick Collison,Thabo Sefolosha,Antonio McDyess,George Hill,Richard Jefferson,Tim Duncan,Tony Parker,4,8:13,SAS,rebound,,,,,,,,,,Tim Duncan,,,,,,def,,
James Harden,Jeff Green,Kevin Ollie,Nick Collison,Thabo Sefolosha,Antonio McDyess,George Hill,Richard Jefferson,Tim Duncan,Tony Parker,4,8:03,OKC,foul,,,,,,,,Richard Jefferson,,James Harden,,,,,,personal,,
James Harden,Jeff Green,Nick Collison,Russell Westbrook,Thabo Sefolosha,Antonio McDyess,George Hill,Richard Jefferson,Tim Duncan,Tony Parker,4,8:03,OKC,sub,,,,Russell Westbrook,,Kevin Ollie,,,,,,,,,,,,
James Harden,Jeff Green,Nick Collison,Russell Westbrook,Thabo Sefolosha,Antonio McDyess,George Hill,Richard Jefferson,Tim Duncan,Tony Parker,4,7:56,SAS,shot,Tony Parker,,,,,,,,,Antonio McDyess,2,,,made,,jump,12,15
James Harden,Jeff Green,Nick Collison,Russell Westbrook,Thabo Sefolosha,Antonio McDyess,George Hill,Richard Jefferson,Tim Duncan,Tony Parker,4,7:32,OKC,shot,,,,,,,,,,Jeff Green,,,,missed,,turnaround jump,36,14
James Harden,Jeff Green,Nick Collison,Russell Westbrook,Thabo Sefolosha,Antonio McDyess,George Hill,Richard Jefferson,Tim Duncan,Tony Parker,4,7:31,SAS,rebound,,,,,,,,,,Antonio McDyess,,,,,,def,,
James Harden,Jeff Green,Nick Collison,Russell Westbrook,Thabo Sefolosha,Antonio McDyess,George Hill,Richard Jefferson,Tim Duncan,Tony Parker,4,7:12,SAS,shot,Richard Jefferson,,,,,,,,,George Hill,2,,,made,,jump,14,20
James Harden,Jeff Green,Nick Collison,Russell Westbrook,Thabo Sefolosha,Antonio McDyess,George Hill,Richard Jefferson,Tim Duncan,Tony Parker,4,6:46,OKC,shot,Russell Westbrook,,,,,,,,,Nick Collison,2,,,made,,dunk,27,7
James Harden,Jeff Green,Nick Collison,Russell Westbrook,Thabo Sefolosha,Antonio McDyess,George Hill,Richard Jefferson,Tim Duncan,Tony Parker,4,6:24,SAS,shot,Tony Parker,,,,,,,,,Antonio McDyess,2,,,made,,jump,12,19
James Harden,Jeff Green,Nick Collison,Russell Westbrook,Thabo Sefolosha,Antonio McDyess,George Hill,Richard Jefferson,Tim Duncan,Tony Parker,4,6:14,OKC,timeout,,,,,,,,,,,,,,,,regular,,
James Harden,Jeff Green,Kevin Durant,Russell Westbrook,Thabo Sefolosha,Antonio McDyess,George Hill,Richard Jefferson,Tim Duncan,Tony Parker,4,6:14,OKC,sub,,,,Kevin Durant,,Nick Collison,,,,,,,,,,,,
Jeff Green,Kevin Durant,Nenad Krstic,Russell Westbrook,Thabo Sefolosha,Antonio McDyess,George Hill,Richard Jefferson,Tim Duncan,Tony Parker,4,6:14,OKC,sub,,,,Nenad Krstic,,James Harden,,,,,,,,,,,,
Jeff Green,Kevin Durant,Nenad Krstic,Russell Westbrook,Thabo Sefolosha,Antonio McDyess,George Hill,Richard Jefferson,Tim Duncan,Tony Parker,4,6:08,OKC,turnover,,,,,,,,,,Kevin Durant,,,lost ball,,George Hill,,,
Jeff Green,Kevin Durant,Nenad Krstic,Russell Westbrook,Thabo Sefolosha,Antonio McDyess,George Hill,Richard Jefferson,Tim Duncan,Tony Parker,4,5:57,SAS,shot,,,,,,,,,,Tony Parker,2,,,made,,layup,25,6
Jeff Green,Kevin Durant,Nenad Krstic,Russell Westbrook,Thabo Sefolosha,Antonio McDyess,George Hill,Richard Jefferson,Tim Duncan,Tony Parker,4,5:43,SAS,foul,,,,,,,,Jeff Green,,Richard Jefferson,,,,,,personal,,
Jeff Green,Kevin Durant,Nenad Krstic,Russell Westbrook,Thabo Sefolosha,Antonio McDyess,George Hill,Richard Jefferson,Tim Duncan,Tony Parker,4,5:34,OKC,shot,,,,,,,,,,Jeff Green,,,,missed,,3pt,2,7
Jeff Green,Kevin Durant,Nenad Krstic,Russell Westbrook,Thabo Sefolosha,Antonio McDyess,George Hill,Richard Jefferson,Tim Duncan,Tony Parker,4,5:32,SAS,rebound,,,,,,,,,,Richard Jefferson,,,,,,def,,
Jeff Green,Kevin Durant,Nenad Krstic,Russell Westbrook,Thabo Sefolosha,Antonio McDyess,George Hill,Richard Jefferson,Tim Duncan,Tony Parker,4,5:15,SAS,turnover,,,,,,,,,,Tim Duncan,,,lost ball,,Nenad Krstic,,,
Jeff Green,Kevin Durant,Nenad Krstic,Russell Westbrook,Thabo Sefolosha,Antonio McDyess,George Hill,Richard Jefferson,Tim Duncan,Tony Parker,4,5:02,OKC,shot,,,,,,,,,,Nenad Krstic,,,,missed,,jump,40,8
Jeff Green,Kevin Durant,Nenad Krstic,Russell Westbrook,Thabo Sefolosha,Antonio McDyess,George Hill,Richard Jefferson,Tim Duncan,Tony Parker,4,5:00,SAS,rebound,,,,,,,,,,Richard Jefferson,,,,,,def,,
Jeff Green,Kevin Durant,Nenad Krstic,Russell Westbrook,Thabo Sefolosha,Antonio McDyess,George Hill,Richard Jefferson,Tim Duncan,Tony Parker,4,4:51,SAS,shot,,,,,,,,,,Tony Parker,,,,missed,,layup,24,7
Jeff Green,Kevin Durant,Nenad Krstic,Russell Westbrook,Thabo Sefolosha,Antonio McDyess,George Hill,Richard Jefferson,Tim Duncan,Tony Parker,4,4:49,OKC,rebound,,,,,,,,,,Jeff Green,,,,,,def,,
Jeff Green,Kevin Durant,Nenad Krstic,Russell Westbrook,Thabo Sefolosha,Antonio McDyess,George Hill,Richard Jefferson,Tim Duncan,Tony Parker,4,4:42,OKC,shot,,,,,,,,,,Russell Westbrook,,,,missed,,jump,39,11
Jeff Green,Kevin Durant,Nenad Krstic,Russell Westbrook,Thabo Sefolosha,Antonio McDyess,George Hill,Richard Jefferson,Tim Duncan,Tony Parker,4,4:40,SAS,rebound,,,,,,,,,,Tim Duncan,,,,,,def,,
Jeff Green,Kevin Durant,Nenad Krstic,Russell Westbrook,Thabo Sefolosha,Antonio McDyess,George Hill,Richard Jefferson,Tim Duncan,Tony Parker,4,4:16,SAS,shot,,,,,,,,,,Tony Parker,,,,missed,,jump,17,7
Jeff Green,Kevin Durant,Nenad Krstic,Russell Westbrook,Thabo Sefolosha,Antonio McDyess,George Hill,Richard Jefferson,Tim Duncan,Tony Parker,4,4:15,OKC,rebound,,,,,,,,,,Jeff Green,,,,,,def,,
Jeff Green,Kevin Durant,Nenad Krstic,Russell Westbrook,Thabo Sefolosha,Antonio McDyess,George Hill,Richard Jefferson,Tim Duncan,Tony Parker,4,4:03,SAS,foul,,,,,,,,Jeff Green,,Tim Duncan,,,,,,shooting,,
Jeff Green,Kevin Durant,Nenad Krstic,Russell Westbrook,Thabo Sefolosha,Antonio McDyess,George Hill,Richard Jefferson,Tim Duncan,Tony Parker,4,4:03,OKC,free throw,,,,,,,1,,2,Jeff Green,,,foul,made,,,,
Jeff Green,Kevin Durant,Nenad Krstic,Russell Westbrook,Thabo Sefolosha,Antonio McDyess,George Hill,Richard Jefferson,Tim Duncan,Tony Parker,4,4:03,OKC,free throw,,,,,,,2,,2,Jeff Green,,,foul,made,,,,
Jeff Green,Kevin Durant,Nenad Krstic,Russell Westbrook,Thabo Sefolosha,Antonio McDyess,George Hill,Richard Jefferson,Tim Duncan,Tony Parker,4,3:39,SAS,shot,,,,,,,,,,Tony Parker,2,,,made,,jump,32,21
Jeff Green,Kevin Durant,Nenad Krstic,Russell Westbrook,Thabo Sefolosha,Antonio McDyess,George Hill,Richard Jefferson,Tim Duncan,Tony Parker,4,3:27,SAS,foul,,,,,,,,Russell Westbrook,,Tony Parker,,,,,,personal,,
Jeff Green,Kevin Durant,Nenad Krstic,Russell Westbrook,Thabo Sefolosha,Antonio McDyess,George Hill,Richard Jefferson,Tim Duncan,Tony Parker,4,3:27,OKC,free throw,,,,,,,1,,2,Russell Westbrook,,,foul,made,,,,
Jeff Green,Kevin Durant,Nenad Krstic,Russell Westbrook,Thabo Sefolosha,Antonio McDyess,George Hill,Richard Jefferson,Tim Duncan,Tony Parker,4,3:27,OKC,free throw,,,,,,,2,,2,Russell Westbrook,,,foul,made,,,,
Jeff Green,Kevin Durant,Nenad Krstic,Russell Westbrook,Thabo Sefolosha,Antonio McDyess,George Hill,Richard Jefferson,Tim Duncan,Tony Parker,4,3:27,SAS,timeout,,,,,,,,,,,,,,,,regular,,
Jeff Green,Kevin Durant,Nenad Krstic,Russell Westbrook,Thabo Sefolosha,Antonio McDyess,George Hill,Richard Jefferson,Tim Duncan,Tony Parker,4,3:11,SAS,shot,,,,,,,,,,Richard Jefferson,,,,missed,,running bank,19,10
Jeff Green,Kevin Durant,Nenad Krstic,Russell Westbrook,Thabo Sefolosha,Antonio McDyess,George Hill,Richard Jefferson,Tim Duncan,Tony Parker,4,3:09,OKC,rebound,,,,,,,,,,Nenad Krstic,,,,,,def,,
Jeff Green,Kevin Durant,Nenad Krstic,Russell Westbrook,Thabo Sefolosha,Antonio McDyess,George Hill,Richard Jefferson,Tim Duncan,Tony Parker,4,2:45,OKC,turnover,,,,,,,,,,,,,shot clock turnover,,,,,
Jeff Green,Kevin Durant,Nenad Krstic,Russell Westbrook,Thabo Sefolosha,Antonio McDyess,George Hill,Richard Jefferson,Tim Duncan,Tony Parker,4,2:34,SAS,shot,,,,,,,,,,Tim Duncan,,,,missed,,jump bank,38,12
Jeff Green,Kevin Durant,Nenad Krstic,Russell Westbrook,Thabo Sefolosha,Antonio McDyess,George Hill,Richard Jefferson,Tim Duncan,Tony Parker,4,2:32,SAS,rebound,,,,,,,,,,Antonio McDyess,,,,,,off,,
Jeff Green,Kevin Durant,Nenad Krstic,Russell Westbrook,Thabo Sefolosha,Antonio McDyess,George Hill,Richard Jefferson,Tim Duncan,Tony Parker,4,2:27,SAS,shot,,,Nenad Krstic,,,,,,,George Hill,,,,missed,,layup,22,6
Jeff Green,Kevin Durant,Nenad Krstic,Russell Westbrook,Thabo Sefolosha,Antonio McDyess,George Hill,Richard Jefferson,Tim Duncan,Tony Parker,4,2:24,SAS,rebound,,,,,,,,,,George Hill,,,,,,off,,
Jeff Green,Kevin Durant,Nenad Krstic,Russell Westbrook,Thabo Sefolosha,Antonio McDyess,George Hill,Richard Jefferson,Tim Duncan,Tony Parker,4,2:19,SAS,shot,,,,,,,,,,Tony Parker,,,,missed,,3pt,29,32
Jeff Green,Kevin Durant,Nenad Krstic,Russell Westbrook,Thabo Sefolosha,Antonio McDyess,George Hill,Richard Jefferson,Tim Duncan,Tony Parker,4,2:17,OKC,rebound,,,,,,,,,,Thabo Sefolosha,,,,,,def,,
Jeff Green,Kevin Durant,Nenad Krstic,Russell Westbrook,Thabo Sefolosha,Antonio McDyess,George Hill,Richard Jefferson,Tim Duncan,Tony Parker,4,2:02,OKC,shot,,,,,,,,,,Kevin Durant,,,,missed,,jump,41,9
Jeff Green,Kevin Durant,Nenad Krstic,Russell Westbrook,Thabo Sefolosha,Antonio McDyess,George Hill,Richard Jefferson,Tim Duncan,Tony Parker,4,2:01,SAS,rebound,,,,,,,,,,Tim Duncan,,,,,,def,,
Jeff Green,Kevin Durant,Nenad Krstic,Russell Westbrook,Thabo Sefolosha,Antonio McDyess,George Hill,Richard Jefferson,Tim Duncan,Tony Parker,4,1:52,SAS,shot,,,,,,,,,,Tony Parker,,,,missed,,jump,37,17
Jeff Green,Kevin Durant,Nenad Krstic,Russell Westbrook,Thabo Sefolosha,Antonio McDyess,George Hill,Richard Jefferson,Tim Duncan,Tony Parker,4,1:50,OKC,rebound,,,,,,,,,,Kevin Durant,,,,,,def,,
Jeff Green,Kevin Durant,Nenad Krstic,Russell Westbrook,Thabo Sefolosha,Antonio McDyess,George Hill,Richard Jefferson,Tim Duncan,Tony Parker,4,1:36,SAS,foul,,,,,,,,Nenad Krstic,,George Hill,,,,,,shooting,,
Jeff Green,Kevin Durant,Nenad Krstic,Russell Westbrook,Thabo Sefolosha,Antonio McDyess,George Hill,Richard Jefferson,Tim Duncan,Tony Parker,4,1:36,OKC,free throw,,,,,,,1,,2,Nenad Krstic,,,foul,missed,,,,
Jeff Green,Kevin Durant,Nenad Krstic,Russell Westbrook,Thabo Sefolosha,Antonio McDyess,George Hill,Richard Jefferson,Tim Duncan,Tony Parker,4,1:36,OKC,rebound,,,,,,,,,,,,,,,,,,
Jeff Green,Kevin Durant,Nenad Krstic,Russell Westbrook,Thabo Sefolosha,Antonio McDyess,George Hill,Richard Jefferson,Tim Duncan,Tony Parker,4,1:36,OKC,free throw,,,,,,,2,,2,Nenad Krstic,,,foul,made,,,,
Jeff Green,Kevin Durant,Nenad Krstic,Russell Westbrook,Thabo Sefolosha,Antonio McDyess,George Hill,Richard Jefferson,Tim Duncan,Tony Parker,4,1:26,OKC,foul,,,,,,,,George Hill,,Nenad Krstic,,,,,,personal,,
Jeff Green,Kevin Durant,Nenad Krstic,Russell Westbrook,Thabo Sefolosha,Antonio McDyess,George Hill,Richard Jefferson,Tim Duncan,Tony Parker,4,1:18,OKC,foul,,,,,,,,Antonio McDyess,,Russell Westbrook,,,,,,shooting,,
Jeff Green,Kevin Durant,Nenad Krstic,Russell Westbrook,Thabo Sefolosha,Antonio McDyess,George Hill,Richard Jefferson,Tim Duncan,Tony Parker,4,1:18,SAS,free throw,,,,,,,1,,2,Antonio McDyess,,,foul,made,,,,
Jeff Green,Kevin Durant,Nenad Krstic,Russell Westbrook,Thabo Sefolosha,Antonio McDyess,George Hill,Richard Jefferson,Tim Duncan,Tony Parker,4,1:18,SAS,free throw,,,,,,,2,,2,Antonio McDyess,,,foul,missed,,,,
Jeff Green,Kevin Durant,Nenad Krstic,Russell Westbrook,Thabo Sefolosha,Antonio McDyess,George Hill,Richard Jefferson,Tim Duncan,Tony Parker,4,1:18,OKC,rebound,,,,,,,,,,Jeff Green,,,,,,def,,
Jeff Green,Kevin Durant,Nenad Krstic,Russell Westbrook,Thabo Sefolosha,Antonio McDyess,George Hill,Richard Jefferson,Tim Duncan,Tony Parker,4,1:18,OKC,timeout,,,,,,,,,,,,,,,,short,,
Jeff Green,Kevin Durant,Nenad Krstic,Russell Westbrook,Thabo Sefolosha,Antonio McDyess,George Hill,Richard Jefferson,Tim Duncan,Tony Parker,4,1:08,OKC,shot,,,,,,,,,,Kevin Durant,,,,missed,,fade away jumper,12,8
Jeff Green,Kevin Durant,Nenad Krstic,Russell Westbrook,Thabo Sefolosha,Antonio McDyess,George Hill,Richard Jefferson,Tim Duncan,Tony Parker,4,1:07,OKC,rebound,,,,,,,,,,Nenad Krstic,,,,,,off,,
Jeff Green,Kevin Durant,Nenad Krstic,Russell Westbrook,Thabo Sefolosha,Antonio McDyess,George Hill,Richard Jefferson,Tim Duncan,Tony Parker,4,0:45,OKC,shot,,,,,,,,,,Russell Westbrook,2,,,made,,driving layup,24,9
Jeff Green,Kevin Durant,Nenad Krstic,Russell Westbrook,Thabo Sefolosha,Antonio McDyess,George Hill,Richard Jefferson,Tim Duncan,Tony Parker,4,0:45,SAS,timeout,,,,,,,,,,,,,,,,short,,
Jeff Green,Kevin Durant,Nenad Krstic,Russell Westbrook,Thabo Sefolosha,Antonio McDyess,George Hill,Richard Jefferson,Tim Duncan,Tony Parker,4,0:39,SAS,turnover,,,,,,,,,,Tony Parker,,,step out of bounds turnover,,,,,
Jeff Green,Kevin Durant,Nenad Krstic,Russell Westbrook,Thabo Sefolosha,Antonio McDyess,George Hill,Richard Jefferson,Tim Duncan,Tony Parker,4,0:31,SAS,foul,,,,,,,,Thabo Sefolosha,,George Hill,,,,,,personal,,
Jeff Green,Kevin Durant,Nenad Krstic,Russell Westbrook,Thabo Sefolosha,Antonio McDyess,George Hill,Richard Jefferson,Tim Duncan,Tony Parker,4,0:31,OKC,free throw,,,,,,,1,,2,Thabo Sefolosha,,,foul,missed,,,,
Jeff Green,Kevin Durant,Nenad Krstic,Russell Westbrook,Thabo Sefolosha,Antonio McDyess,George Hill,Richard Jefferson,Tim Duncan,Tony Parker,4,0:31,OKC,rebound,,,,,,,,,,,,,,,,,,
Jeff Green,Kevin Durant,Nenad Krstic,Russell Westbrook,Thabo Sefolosha,Antonio McDyess,George Hill,Richard Jefferson,Tim Duncan,Tony Parker,4,0:31,OKC,free throw,,,,,,,2,,2,Thabo Sefolosha,,,foul,made,,,,
Jeff Green,Kevin Durant,Nenad Krstic,Russell Westbrook,Thabo Sefolosha,Antonio McDyess,George Hill,Richard Jefferson,Tim Duncan,Tony Parker,4,0:31,SAS,timeout,,,,,,,,,,,,,,,,regular,,
Jeff Green,Kevin Durant,Nenad Krstic,Russell Westbrook,Thabo Sefolosha,Antonio McDyess,George Hill,Richard Jefferson,Tim Duncan,Tony Parker,4,0:27,SAS,shot,Tim Duncan,,,,,,,,,George Hill,3,,,made,,3pt,11,27
Jeff Green,Kevin Durant,Nenad Krstic,Russell Westbrook,Thabo Sefolosha,Antonio McDyess,George Hill,Richard Jefferson,Tim Duncan,Tony Parker,4,0:27,OKC,timeout,,,,,,,,,,,,,,,,regular,,
Jeff Green,Kevin Durant,Nenad Krstic,Russell Westbrook,Thabo Sefolosha,George Hill,Keith Bogans,Richard Jefferson,Tim Duncan,Tony Parker,4,0:27,SAS,sub,,,,Keith Bogans,,Antonio McDyess,,,,,,,,,,,,
Jeff Green,Kevin Durant,Nenad Krstic,Russell Westbrook,Thabo Sefolosha,George Hill,Keith Bogans,Richard Jefferson,Tim Duncan,Tony Parker,4,0:26,OKC,turnover,,,,,,,,,,Thabo Sefolosha,,,bad pass,,Keith Bogans,,,
Jeff Green,Kevin Durant,Nenad Krstic,Russell Westbrook,Thabo Sefolosha,George Hill,Keith Bogans,Richard Jefferson,Tim Duncan,Tony Parker,4,0:15,SAS,turnover,,,,,,,,,,Richard Jefferson,,,lost ball,,Thabo Sefolosha,,,
Jeff Green,Kevin Durant,Nenad Krstic,Russell Westbrook,Thabo Sefolosha,George Hill,Keith Bogans,Richard Jefferson,Tim Duncan,Tony Parker,4,0:13,SAS,foul,,,,,,,,Kevin Durant,,Tim Duncan,,,,,,personal,,
Jeff Green,Kevin Durant,Nenad Krstic,Russell Westbrook,Thabo Sefolosha,George Hill,Keith Bogans,Richard Jefferson,Tim Duncan,Tony Parker,4,0:13,OKC,free throw,,,,,,,1,,2,Kevin Durant,,,foul,made,,,,
Jeff Green,Kevin Durant,Nenad Krstic,Russell Westbrook,Thabo Sefolosha,George Hill,Keith Bogans,Richard Jefferson,Tim Duncan,Tony Parker,4,0:13,OKC,free throw,,,,,,,2,,2,Kevin Durant,,,foul,made,,,,
Jeff Green,Kevin Durant,Nenad Krstic,Russell Westbrook,Thabo Sefolosha,George Hill,Keith Bogans,Richard Jefferson,Tim Duncan,Tony Parker,4,0:09,SAS,shot,,,,,,,,,,Tony Parker,2,,,made,,layup,23,6
Jeff Green,Kevin Durant,Nenad Krstic,Russell Westbrook,Thabo Sefolosha,George Hill,Keith Bogans,Richard Jefferson,Tim Duncan,Tony Parker,4,0:09,SAS,foul,,,,,,,,Kevin Durant,,George Hill,,,,,,personal,,
Jeff Green,Kevin Durant,Nenad Krstic,Russell Westbrook,Thabo Sefolosha,George Hill,Keith Bogans,Richard Jefferson,Tim Duncan,Tony Parker,4,0:09,OKC,free throw,,,,,,,1,,2,Kevin Durant,,,foul,missed,,,,
Jeff Green,Kevin Durant,Nenad Krstic,Russell Westbrook,Thabo Sefolosha,George Hill,Keith Bogans,Richard Jefferson,Tim Duncan,Tony Parker,4,0:09,OKC,rebound,,,,,,,,,,,,,,,,,,
Jeff Green,Kevin Durant,Nenad Krstic,Russell Westbrook,Thabo Sefolosha,George Hill,Michael Finley,Richard Jefferson,Tim Duncan,Tony Parker,4,0:09,SAS,sub,,,,Michael Finley,,Keith Bogans,,,,,,,,,,,,
Jeff Green,Kevin Durant,Nenad Krstic,Russell Westbrook,Thabo Sefolosha,George Hill,Michael Finley,Richard Jefferson,Roger Mason,Tim Duncan,4,0:09,SAS,sub,,,,Roger Mason,,Tony Parker,,,,,,,,,,,,
Jeff Green,Kevin Durant,Nenad Krstic,Russell Westbrook,Thabo Sefolosha,George Hill,Michael Finley,Richard Jefferson,Roger Mason,Tim Duncan,4,0:09,OKC,free throw,,,,,,,2,,2,Kevin Durant,,,foul,made,,,,
Jeff Green,Kevin Durant,Nenad Krstic,Russell Westbrook,Thabo Sefolosha,George Hill,Michael Finley,Richard Jefferson,Roger Mason,Tim Duncan,4,0:09,SAS,timeout,,,,,,,,,,,,,,,,short,,
Jeff Green,Kevin Durant,Nenad Krstic,Russell Westbrook,Thabo Sefolosha,Antonio McDyess,Michael Finley,Richard Jefferson,Roger Mason,Tim Duncan,4,0:09,SAS,sub,,,,Antonio McDyess,,George Hill,,,,,,,,,,,,
Jeff Green,Kevin Durant,Nenad Krstic,Russell Westbrook,Thabo Sefolosha,Antonio McDyess,Michael Finley,Richard Jefferson,Roger Mason,Tim Duncan,4,0:04,SAS,shot,,,,,,,,,,Michael Finley,,,,missed,,3pt,48,7
Jeff Green,Kevin Durant,Nenad Krstic,Russell Westbrook,Thabo Sefolosha,Antonio McDyess,Michael Finley,Richard Jefferson,Roger Mason,Tim Duncan,4,0:02,SAS,rebound,,,,,,,,,,Antonio McDyess,,,,,,off,,
Jeff Green,Kevin Durant,Nenad Krstic,Russell Westbrook,Thabo Sefolosha,Antonio McDyess,Michael Finley,Richard Jefferson,Roger Mason,Tim Duncan,4,0:02,SAS,shot,,,,,,,,,,Antonio McDyess,2,,,made,,tip,23,6
Jeff Green,Kevin Durant,Nenad Krstic,Russell Westbrook,Thabo Sefolosha,Antonio McDyess,Michael Finley,Richard Jefferson,Roger Mason,Tim Duncan,4,0:02,SAS,foul,,,,,,,,Russell Westbrook,,Roger Mason,,,,,,personal,,
Jeff Green,Kevin Durant,Nenad Krstic,Russell Westbrook,Thabo Sefolosha,Antonio McDyess,Michael Finley,Richard Jefferson,Roger Mason,Tim Duncan,4,0:02,OKC,free throw,,,,,,,1,,2,Russell Westbrook,,,foul,missed,,,,
Jeff Green,Kevin Durant,Nenad Krstic,Russell Westbrook,Thabo Sefolosha,Antonio McDyess,Michael Finley,Richard Jefferson,Roger Mason,Tim Duncan,4,0:02,OKC,rebound,,,,,,,,,,,,,,,,,,
Jeff Green,Kevin Durant,Nenad Krstic,Russell Westbrook,Thabo Sefolosha,Matt Bonner,Michael Finley,Richard Jefferson,Roger Mason,Tim Duncan,4,0:02,SAS,sub,,,,Matt Bonner,,Antonio McDyess,,,,,,,,,,,,
James Harden,Jeff Green,Kevin Durant,Russell Westbrook,Thabo Sefolosha,Matt Bonner,Michael Finley,Richard Jefferson,Roger Mason,Tim Duncan,4,0:02,OKC,sub,,,,James Harden,,Nenad Krstic,,,,,,,,,,,,
James Harden,Jeff Green,Kevin Durant,Russell Westbrook,Thabo Sefolosha,Matt Bonner,Michael Finley,Richard Jefferson,Tim Duncan,Tony Parker,4,0:02,SAS,sub,,,,Tony Parker,,Roger Mason,,,,,,,,,,,,
James Harden,Jeff Green,Kevin Durant,Russell Westbrook,Thabo Sefolosha,Matt Bonner,Michael Finley,Richard Jefferson,Tim Duncan,Tony Parker,4,0:02,OKC,free throw,,,,,,,2,,2,Russell Westbrook,,,foul,made,,,,
James Harden,Jeff Green,Kevin Durant,Russell Westbrook,Thabo Sefolosha,Matt Bonner,Michael Finley,Richard Jefferson,Tim Duncan,Tony Parker,4,0:00,SAS,shot,,,,,,,,,,Tony Parker,,,,missed,,3pt,42,35
James Harden,Jeff Green,Kevin Durant,Russell Westbrook,Thabo Sefolosha,Matt Bonner,Michael Finley,Richard Jefferson,Tim Duncan,Tony Parker,4,0:00,SAS,rebound,,,,,,,,,,,,,,,,,,
