a1,a2,a3,a4,a5,h1,h2,h3,h4,h5,period,time,team,etype,assist,away,block,entered,home,left,num,opponent,outof,player,points,possession,reason,result,steal,type,x,y
Derrick Rose,Joakim Noah,John Salmons,Luol Deng,Taj Gibson,Anderson Varejao,Anthony Parker,LeBron James,Mo Williams,Shaquille O'Neal,1,12:00,OFF,jump ball,,Joakim Noah,,,Shaquille O'Neal,,,,,,,Mo Williams,,,,,,
Derrick Rose,Joakim Noah,John Salmons,Luol Deng,Taj Gibson,Anderson Varejao,Anthony Parker,LeBron James,Mo Williams,Shaquille O'Neal,1,11:43,CLE,shot,,,,,,,,,,Shaquille O'Neal,,,,missed,,layup,26,7
Derrick Rose,Joakim Noah,John Salmons,Luol Deng,Taj Gibson,Anderson Varejao,Anthony Parker,LeBron James,Mo Williams,Shaquille O'Neal,1,11:42,CHI,rebound,,,,,,,,,,Joakim Noah,,,,,,def,,
Derrick Rose,Joakim Noah,John Salmons,Luol Deng,Taj Gibson,Anderson Varejao,Anthony Parker,LeBron James,Mo Williams,Shaquille O'Neal,1,11:34,CHI,shot,,,,,,,,,,John Salmons,2,,,made,,running jump,18,8
Derrick Rose,Joakim Noah,John Salmons,Luol Deng,Taj Gibson,Anderson Varejao,Anthony Parker,LeBron James,Mo Williams,Shaquille O'Neal,1,11:15,CHI,foul,,,,,,,,Anderson Varejao,,Taj Gibson,,,,,,shooting,,
Derrick Rose,Joakim Noah,John Salmons,Luol Deng,Taj Gibson,Anderson Varejao,Anthony Parker,LeBron James,Mo Williams,Shaquille O'Neal,1,11:15,CLE,free throw,,,,,,,1,,2,Anderson Varejao,,,foul,missed,,,,
Derrick Rose,Joakim Noah,John Salmons,Luol Deng,Taj Gibson,Anderson Varejao,Anthony Parker,LeBron James,Mo Williams,Shaquille O'Neal,1,11:15,CLE,rebound,,,,,,,,,,,,,,,,,,
Derrick Rose,Joakim Noah,John Salmons,Luol Deng,Taj Gibson,Anderson Varejao,Anthony Parker,LeBron James,Mo Williams,Shaquille O'Neal,1,11:15,CLE,free throw,,,,,,,2,,2,Anderson Varejao,,,foul,made,,,,
Derrick Rose,Joakim Noah,John Salmons,Luol Deng,Taj Gibson,Anderson Varejao,Anthony Parker,LeBron James,Mo Williams,Shaquille O'Neal,1,11:05,CHI,shot,,,,,,,,,,Derrick Rose,,,,missed,,jump,34,24
Derrick Rose,Joakim Noah,John Salmons,Luol Deng,Taj Gibson,Anderson Varejao,Anthony Parker,LeBron James,Mo Williams,Shaquille O'Neal,1,11:04,CLE,rebound,,,,,,,,,,LeBron James,,,,,,def,,
Derrick Rose,Joakim Noah,John Salmons,Luol Deng,Taj Gibson,Anderson Varejao,Anthony Parker,LeBron James,Mo Williams,Shaquille O'Neal,1,10:47,CLE,shot,,,,,,,,,,LeBron James,,,,missed,,3pt,32,31
Derrick Rose,Joakim Noah,John Salmons,Luol Deng,Taj Gibson,Anderson Varejao,Anthony Parker,LeBron James,Mo Williams,Shaquille O'Neal,1,10:45,CHI,rebound,,,,,,,,,,Joakim Noah,,,,,,def,,
Derrick Rose,Joakim Noah,John Salmons,Luol Deng,Taj Gibson,Anderson Varejao,Anthony Parker,LeBron James,Mo Williams,Shaquille O'Neal,1,10:39,CHI,shot,,,,,,,,,,John Salmons,,,,missed,,jump,43,7
Derrick Rose,Joakim Noah,John Salmons,Luol Deng,Taj Gibson,Anderson Varejao,Anthony Parker,LeBron James,Mo Williams,Shaquille O'Neal,1,10:37,CLE,rebound,,,,,,,,,,Anderson Varejao,,,,,,def,,
Derrick Rose,Joakim Noah,John Salmons,Luol Deng,Taj Gibson,Anderson Varejao,Anthony Parker,LeBron James,Mo Williams,Shaquille O'Neal,1,10:33,CLE,shot,,,,,,,,,,LeBron James,2,,,made,,layup,24,6
Derrick Rose,Joakim Noah,John Salmons,Luol Deng,Taj Gibson,Anderson Varejao,Anthony Parker,LeBron James,Mo Williams,Shaquille O'Neal,1,10:17,CHI,shot,,,,,,,,,,Joakim Noah,2,,,made,,jump,33,21
Derrick Rose,Joakim Noah,John Salmons,Luol Deng,Taj Gibson,Anderson Varejao,Anthony Parker,LeBron James,Mo Williams,Shaquille O'Neal,1,9:57,CLE,shot,,,John Salmons,,,,,,,Anthony Parker,,,,missed,,jump,15,11
Derrick Rose,Joakim Noah,John Salmons,Luol Deng,Taj Gibson,Anderson Varejao,Anthony Parker,LeBron James,Mo Williams,Shaquille O'Neal,1,9:55,CHI,rebound,,,,,,,,,,Joakim Noah,,,,,,def,,
Derrick Rose,Joakim Noah,John Salmons,Luol Deng,Taj Gibson,Anderson Varejao,Anthony Parker,LeBron James,Mo Williams,Shaquille O'Neal,1,9:50,CHI,shot,,,,,,,,,,Derrick Rose,2,,,made,,jump,15,24
Derrick Rose,Joakim Noah,John Salmons,Luol Deng,Taj Gibson,Anderson Varejao,Anthony Parker,LeBron James,Mo Williams,Shaquille O'Neal,1,9:23,CLE,shot,Anthony Parker,,,,,,,,,Anderson Varejao,2,,,made,,driving slam dunk,24,6
Derrick Rose,Joakim Noah,John Salmons,Luol Deng,Taj Gibson,Anderson Varejao,Anthony Parker,LeBron James,Mo Williams,Shaquille O'Neal,1,9:11,CHI,shot,,,,,,,,,,Derrick Rose,,,,missed,,floating jump,20,12
Derrick Rose,Joakim Noah,John Salmons,Luol Deng,Taj Gibson,Anderson Varejao,Anthony Parker,LeBron James,Mo Williams,Shaquille O'Neal,1,9:07,CLE,rebound,,,,,,,,,,Anderson Varejao,,,,,,def,,
Derrick Rose,Joakim Noah,John Salmons,Luol Deng,Taj Gibson,Anderson Varejao,Anthony Parker,LeBron James,Mo Williams,Shaquille O'Neal,1,8:49,CLE,shot,,,,,,,,,,Mo Williams,,,,missed,,3pt,45,23
Derrick Rose,Joakim Noah,John Salmons,Luol Deng,Taj Gibson,Anderson Varejao,Anthony Parker,LeBron James,Mo Williams,Shaquille O'Neal,1,8:47,CHI,rebound,,,,,,,,,,Luol Deng,,,,,,def,,
Derrick Rose,Joakim Noah,John Salmons,Luol Deng,Taj Gibson,Anderson Varejao,Anthony Parker,LeBron James,Mo Williams,Shaquille O'Neal,1,8:25,CHI,shot,,,,,,,,,,Joakim Noah,,,,missed,,jump,13,14
Derrick Rose,Joakim Noah,John Salmons,Luol Deng,Taj Gibson,Anderson Varejao,Anthony Parker,LeBron James,Mo Williams,Shaquille O'Neal,1,8:24,CLE,rebound,,,,,,,,,,Anthony Parker,,,,,,def,,
Derrick Rose,Joakim Noah,John Salmons,Luol Deng,Taj Gibson,Anderson Varejao,Anthony Parker,LeBron James,Mo Williams,Shaquille O'Neal,1,8:02,CLE,shot,LeBron James,,,,,,,,,Anthony Parker,3,,,made,,3pt,48,7
Derrick Rose,Joakim Noah,John Salmons,Luol Deng,Taj Gibson,Anderson Varejao,Anthony Parker,LeBron James,Mo Williams,Shaquille O'Neal,1,7:43,CHI,shot,,,,,,,,,,John Salmons,2,,,made,,driving layup,27,7
Derrick Rose,Joakim Noah,John Salmons,Luol Deng,Taj Gibson,Anderson Varejao,Anthony Parker,LeBron James,Mo Williams,Shaquille O'Neal,1,7:29,CLE,shot,,,,,,,,,,Anthony Parker,,,,missed,,jump,31,10
Derrick Rose,Joakim Noah,John Salmons,Luol Deng,Taj Gibson,Anderson Varejao,Anthony Parker,LeBron James,Mo Williams,Shaquille O'Neal,1,7:28,CHI,rebound,,,,,,,,,,Taj Gibson,,,,,,def,,
Derrick Rose,Joakim Noah,John Salmons,Luol Deng,Taj Gibson,Anderson Varejao,Anthony Parker,LeBron James,Mo Williams,Shaquille O'Neal,1,7:18,CHI,shot,Derrick Rose,,,,,,,,,Taj Gibson,2,,,made,,jump bank,35,10
Derrick Rose,Joakim Noah,John Salmons,Luol Deng,Taj Gibson,Anderson Varejao,Anthony Parker,LeBron James,Mo Williams,Shaquille O'Neal,1,6:55,CLE,shot,,,,,,,,,,Mo Williams,,,,missed,,jump,40,17
Derrick Rose,Joakim Noah,John Salmons,Luol Deng,Taj Gibson,Anderson Varejao,Anthony Parker,LeBron James,Mo Williams,Shaquille O'Neal,1,6:54,CHI,rebound,,,,,,,,,,Joakim Noah,,,,,,def,,
Derrick Rose,Joakim Noah,John Salmons,Luol Deng,Taj Gibson,Anderson Varejao,Anthony Parker,LeBron James,Mo Williams,Shaquille O'Neal,1,6:35,CHI,shot,,,Shaquille O'Neal,,,,,,,Derrick Rose,,,,missed,,layup,23,6
Derrick Rose,Joakim Noah,John Salmons,Luol Deng,Taj Gibson,Anderson Varejao,Anthony Parker,LeBron James,Mo Williams,Shaquille O'Neal,1,6:33,CLE,rebound,,,,,,,,,,Anderson Varejao,,,,,,def,,
Derrick Rose,Joakim Noah,John Salmons,Luol Deng,Taj Gibson,Anderson Varejao,Anthony Parker,LeBron James,Mo Williams,Shaquille O'Neal,1,6:21,CLE,shot,,,,,,,,,,Anderson Varejao,,,,missed,,reverse dunk,25,6
Derrick Rose,Joakim Noah,John Salmons,Luol Deng,Taj Gibson,Anderson Varejao,Anthony Parker,LeBron James,Mo Williams,Shaquille O'Neal,1,6:20,CHI,rebound,,,,,,,,,,Taj Gibson,,,,,,def,,
Derrick Rose,Joakim Noah,John Salmons,Luol Deng,Taj Gibson,Anderson Varejao,Anthony Parker,LeBron James,Mo Williams,Shaquille O'Neal,1,6:05,CHI,shot,,,,,,,,,,John Salmons,,,,missed,,3pt,8,24
Derrick Rose,Joakim Noah,John Salmons,Luol Deng,Taj Gibson,Anderson Varejao,Anthony Parker,LeBron James,Mo Williams,Shaquille O'Neal,1,6:04,CLE,rebound,,,,,,,,,,Shaquille O'Neal,,,,,,def,,
Derrick Rose,Joakim Noah,John Salmons,Luol Deng,Taj Gibson,Anderson Varejao,Anthony Parker,LeBron James,Mo Williams,Shaquille O'Neal,1,5:54,CLE,shot,,,,,,,,,,LeBron James,,,,missed,,jump,25,25
Derrick Rose,Joakim Noah,John Salmons,Luol Deng,Taj Gibson,Anderson Varejao,Anthony Parker,LeBron James,Mo Williams,Shaquille O'Neal,1,5:53,CHI,rebound,,,,,,,,,,John Salmons,,,,,,def,,
Derrick Rose,Joakim Noah,John Salmons,Luol Deng,Taj Gibson,Anderson Varejao,Anthony Parker,LeBron James,Mo Williams,Shaquille O'Neal,1,5:44,CHI,shot,,,,,,,,,,Derrick Rose,,,,missed,,jump,9,17
Derrick Rose,Joakim Noah,John Salmons,Luol Deng,Taj Gibson,Anderson Varejao,Anthony Parker,LeBron James,Mo Williams,Shaquille O'Neal,1,5:43,CHI,rebound,,,,,,,,,,,,,,,,,,
Derrick Rose,Joakim Noah,John Salmons,Luol Deng,Taj Gibson,Anderson Varejao,Anthony Parker,LeBron James,Mo Williams,Shaquille O'Neal,1,5:42,CLE,foul,,,,,,,,Joakim Noah,,Anderson Varejao,,,,,,loose ball,,
Derrick Rose,Joakim Noah,John Salmons,Luol Deng,Taj Gibson,Anderson Varejao,Anthony Parker,LeBron James,Mo Williams,Shaquille O'Neal,1,5:42,CLE,timeout,,,,,,,,,,,,,,,,regular,,
Derrick Rose,Joakim Noah,John Salmons,Luol Deng,Taj Gibson,Anderson Varejao,Anthony Parker,LeBron James,Mo Williams,Shaquille O'Neal,1,5:38,CHI,shot,,,,,,,,,,Luol Deng,,,,missed,,jump,14,22
Derrick Rose,Joakim Noah,John Salmons,Luol Deng,Taj Gibson,Anderson Varejao,Anthony Parker,LeBron James,Mo Williams,Shaquille O'Neal,1,5:37,CLE,rebound,,,,,,,,,,Anderson Varejao,,,,,,def,,
Derrick Rose,Joakim Noah,John Salmons,Luol Deng,Taj Gibson,Anderson Varejao,Anthony Parker,LeBron James,Mo Williams,Shaquille O'Neal,1,5:19,CLE,shot,,,,,,,,,,Shaquille O'Neal,2,,,made,,jump hook,36,12
Derrick Rose,Joakim Noah,John Salmons,Luol Deng,Taj Gibson,Anderson Varejao,Anthony Parker,LeBron James,Mo Williams,Shaquille O'Neal,1,5:07,CHI,shot,Derrick Rose,,,,,,,,,John Salmons,2,,,made,,jump,25,21
Derrick Rose,Joakim Noah,John Salmons,Luol Deng,Taj Gibson,Anderson Varejao,Anthony Parker,LeBron James,Mo Williams,Shaquille O'Neal,1,4:47,CLE,turnover,,,,,,,,,,Shaquille O'Neal,,,bad pass,,Joakim Noah,,,
Derrick Rose,Joakim Noah,John Salmons,Luol Deng,Taj Gibson,Anderson Varejao,Anthony Parker,LeBron James,Mo Williams,Shaquille O'Neal,1,4:33,CHI,shot,,,,,,,,,,Joakim Noah,,,,missed,,jump,30,14
Derrick Rose,Joakim Noah,John Salmons,Luol Deng,Taj Gibson,Anderson Varejao,Anthony Parker,LeBron James,Mo Williams,Shaquille O'Neal,1,4:31,CLE,rebound,,,,,,,,,,Anthony Parker,,,,,,def,,
Derrick Rose,Joakim Noah,John Salmons,Luol Deng,Taj Gibson,Anderson Varejao,Anthony Parker,LeBron James,Mo Williams,Shaquille O'Neal,1,4:19,CLE,shot,,,,,,,,,,LeBron James,2,,,made,,driving layup,26,6
Derrick Rose,Joakim Noah,John Salmons,Luol Deng,Taj Gibson,Anderson Varejao,Anthony Parker,LeBron James,Mo Williams,Shaquille O'Neal,1,4:00,CHI,shot,,,,,,,,,,Luol Deng,2,,,made,,fade away jumper,11,13
Derrick Rose,Joakim Noah,John Salmons,Luol Deng,Taj Gibson,Anderson Varejao,Anthony Parker,LeBron James,Mo Williams,Shaquille O'Neal,1,3:49,CHI,foul,,,,,,,,,,Taj Gibson,,,,,,defense 3 second,,
Derrick Rose,John Salmons,Kirk Hinrich,Luol Deng,Taj Gibson,Anderson Varejao,Anthony Parker,LeBron James,Mo Williams,Shaquille O'Neal,1,3:49,CHI,sub,,,,Kirk Hinrich,,Joakim Noah,,,,,,,,,,,,
Brad Miller,John Salmons,Kirk Hinrich,Luol Deng,Taj Gibson,Anderson Varejao,Anthony Parker,LeBron James,Mo Williams,Shaquille O'Neal,1,3:49,CHI,sub,,,,Brad Miller,,Derrick Rose,,,,,,,,,,,,
Brad Miller,John Salmons,Kirk Hinrich,Luol Deng,Taj Gibson,Anderson Varejao,Anthony Parker,Delonte West,LeBron James,Mo Williams,1,3:49,CLE,sub,,,,Delonte West,,Shaquille O'Neal,,,,,,,,,,,,
Brad Miller,John Salmons,Kirk Hinrich,Luol Deng,Taj Gibson,Anderson Varejao,Delonte West,LeBron James,Mo Williams,Zydrunas Ilgauskas,1,3:49,CLE,sub,,,,Zydrunas Ilgauskas,,Anthony Parker,,,,,,,,,,,,
Brad Miller,John Salmons,Kirk Hinrich,Luol Deng,Taj Gibson,Anderson Varejao,Delonte West,LeBron James,Mo Williams,Zydrunas Ilgauskas,1,3:49,CLE,free throw,,,,,,,1,,1,Mo Williams,,,technical,missed,,,,
Brad Miller,John Salmons,Kirk Hinrich,Luol Deng,Taj Gibson,Anderson Varejao,Delonte West,LeBron James,Mo Williams,Zydrunas Ilgauskas,1,3:49,CLE,rebound,,,,,,,,,,,,,,,,,,
Brad Miller,John Salmons,Kirk Hinrich,Luol Deng,Taj Gibson,Anderson Varejao,Delonte West,LeBron James,Mo Williams,Zydrunas Ilgauskas,1,3:37,CLE,shot,,,,,,,,,,Zydrunas Ilgauskas,,,,missed,,jump,9,16
Brad Miller,John Salmons,Kirk Hinrich,Luol Deng,Taj Gibson,Anderson Varejao,Delonte West,LeBron James,Mo Williams,Zydrunas Ilgauskas,1,3:36,CLE,rebound,,,,,,,,,,Anderson Varejao,,,,,,off,,
Brad Miller,John Salmons,Kirk Hinrich,Luol Deng,Taj Gibson,Anderson Varejao,Delonte West,LeBron James,Mo Williams,Zydrunas Ilgauskas,1,3:32,CLE,shot,,,,,,,,,,Anderson Varejao,2,,,made,,putback layup,23,8
Brad Miller,John Salmons,Kirk Hinrich,Luol Deng,Taj Gibson,Anderson Varejao,Delonte West,LeBron James,Mo Williams,Zydrunas Ilgauskas,1,3:16,CHI,shot,Luol Deng,,,,,,,,,Taj Gibson,2,,,made,,dunk,25,7
Brad Miller,John Salmons,Kirk Hinrich,Luol Deng,Taj Gibson,Anderson Varejao,Delonte West,LeBron James,Mo Williams,Zydrunas Ilgauskas,1,3:04,CLE,shot,LeBron James,,,,,,,,,Anderson Varejao,2,,,made,,reverse layup,25,7
Brad Miller,John Salmons,Kirk Hinrich,Luol Deng,Taj Gibson,Anderson Varejao,Delonte West,LeBron James,Mo Williams,Zydrunas Ilgauskas,1,2:53,CHI,shot,,,,,,,,,,Taj Gibson,,,,missed,,jump,17,9
Brad Miller,John Salmons,Kirk Hinrich,Luol Deng,Taj Gibson,Anderson Varejao,Delonte West,LeBron James,Mo Williams,Zydrunas Ilgauskas,1,2:52,CLE,rebound,,,,,,,,,,Anderson Varejao,,,,,,def,,
Brad Miller,John Salmons,Kirk Hinrich,Luol Deng,Taj Gibson,Anderson Varejao,Delonte West,LeBron James,Mo Williams,Zydrunas Ilgauskas,1,2:50,CLE,shot,Mo Williams,,,,,,,,,LeBron James,2,,,made,,layup,24,7
Brad Miller,John Salmons,Kirk Hinrich,Luol Deng,Taj Gibson,Anderson Varejao,Delonte West,LeBron James,Mo Williams,Zydrunas Ilgauskas,1,2:50,CHI,foul,,,,,,,,LeBron James,,Kirk Hinrich,,,,,,shooting,,
Brad Miller,John Salmons,Kirk Hinrich,Luol Deng,Taj Gibson,Anderson Varejao,Delonte West,LeBron James,Mo Williams,Zydrunas Ilgauskas,1,2:50,CHI,timeout,,,,,,,,,,,,,,,,regular,,
Brad Miller,John Salmons,Kirk Hinrich,Luol Deng,Tyrus Thomas,Anderson Varejao,Delonte West,LeBron James,Mo Williams,Zydrunas Ilgauskas,1,2:50,CHI,sub,,,,Tyrus Thomas,,Taj Gibson,,,,,,,,,,,,
Brad Miller,John Salmons,Kirk Hinrich,Luol Deng,Tyrus Thomas,Anderson Varejao,Delonte West,LeBron James,Mo Williams,Zydrunas Ilgauskas,1,2:50,CLE,free throw,,,,,,,1,,1,LeBron James,,,foul,made,,,,
Brad Miller,John Salmons,Kirk Hinrich,Luol Deng,Tyrus Thomas,Anderson Varejao,Delonte West,LeBron James,Mo Williams,Zydrunas Ilgauskas,1,2:32,CHI,shot,John Salmons,,,,,,,,,Kirk Hinrich,3,,,made,,3pt,9,26
Brad Miller,John Salmons,Kirk Hinrich,Luol Deng,Tyrus Thomas,Anderson Varejao,Delonte West,LeBron James,Mo Williams,Zydrunas Ilgauskas,1,2:16,CLE,shot,Mo Williams,,,,,,,,,LeBron James,2,,,made,,alley oop dunk,25,6
Brad Miller,John Salmons,Kirk Hinrich,Luol Deng,Tyrus Thomas,Anderson Varejao,Delonte West,LeBron James,Mo Williams,Zydrunas Ilgauskas,1,2:08,CLE,foul,,,,,,,,Brad Miller,,Zydrunas Ilgauskas,,,,,,personal,,
Brad Miller,John Salmons,Kirk Hinrich,Luol Deng,Tyrus Thomas,Anderson Varejao,Daniel Gibson,Delonte West,LeBron James,Zydrunas Ilgauskas,1,2:08,CLE,sub,,,,Daniel Gibson,,Mo Williams,,,,,,,,,,,,
Brad Miller,John Salmons,Kirk Hinrich,Luol Deng,Tyrus Thomas,Anderson Varejao,Daniel Gibson,Delonte West,LeBron James,Zydrunas Ilgauskas,1,2:03,CHI,shot,,,,,,,,,,Kirk Hinrich,,,,missed,,jump,11,18
Brad Miller,John Salmons,Kirk Hinrich,Luol Deng,Tyrus Thomas,Anderson Varejao,Daniel Gibson,Delonte West,LeBron James,Zydrunas Ilgauskas,1,2:02,CLE,rebound,,,,,,,,,,LeBron James,,,,,,def,,
Brad Miller,John Salmons,Kirk Hinrich,Luol Deng,Tyrus Thomas,Anderson Varejao,Daniel Gibson,Delonte West,LeBron James,Zydrunas Ilgauskas,1,1:53,CLE,shot,LeBron James,,,,,,,,,Daniel Gibson,3,,,made,,3pt,48,9
Brad Miller,John Salmons,Kirk Hinrich,Luol Deng,Tyrus Thomas,Anderson Varejao,Daniel Gibson,Delonte West,LeBron James,Zydrunas Ilgauskas,1,1:36,CHI,shot,,,,,,,,,,John Salmons,,,,missed,,jump,7,6
Brad Miller,John Salmons,Kirk Hinrich,Luol Deng,Tyrus Thomas,Anderson Varejao,Daniel Gibson,Delonte West,LeBron James,Zydrunas Ilgauskas,1,1:35,CLE,rebound,,,,,,,,,,Zydrunas Ilgauskas,,,,,,def,,
Brad Miller,John Salmons,Kirk Hinrich,Luol Deng,Tyrus Thomas,Anderson Varejao,Daniel Gibson,Delonte West,LeBron James,Zydrunas Ilgauskas,1,1:31,CLE,shot,Delonte West,,,,,,,,,LeBron James,2,,,made,,alley oop dunk,25,7
Brad Miller,John Salmons,Kirk Hinrich,Luol Deng,Tyrus Thomas,Anderson Varejao,Daniel Gibson,Delonte West,LeBron James,Zydrunas Ilgauskas,1,1:12,CHI,shot,Kirk Hinrich,,,,,,,,,Luol Deng,2,,,made,,jump,6,15
Brad Miller,John Salmons,Kirk Hinrich,Luol Deng,Tyrus Thomas,Anderson Varejao,Daniel Gibson,Delonte West,LeBron James,Zydrunas Ilgauskas,1,1:03,CLE,turnover,,,,,,,,,,LeBron James,,,bad pass,,,,,
Brad Miller,John Salmons,Kirk Hinrich,Luol Deng,Tyrus Thomas,Anderson Varejao,Daniel Gibson,Delonte West,LeBron James,Zydrunas Ilgauskas,1,0:47,CHI,shot,,,,,,,,,,Tyrus Thomas,,,,missed,,jump,22,13
Brad Miller,John Salmons,Kirk Hinrich,Luol Deng,Tyrus Thomas,Anderson Varejao,Daniel Gibson,Delonte West,LeBron James,Zydrunas Ilgauskas,1,0:46,CLE,rebound,,,,,,,,,,Anderson Varejao,,,,,,def,,
Brad Miller,John Salmons,Kirk Hinrich,Luol Deng,Tyrus Thomas,Anderson Varejao,Daniel Gibson,Delonte West,LeBron James,Zydrunas Ilgauskas,1,0:40,CHI,foul,,,,,,,,Zydrunas Ilgauskas,,Brad Miller,,,,,,shooting,,
Brad Miller,John Salmons,Kirk Hinrich,Luol Deng,Tyrus Thomas,Anderson Varejao,Daniel Gibson,Delonte West,LeBron James,Zydrunas Ilgauskas,1,0:40,CLE,free throw,,,,,,,1,,2,Zydrunas Ilgauskas,,,foul,missed,,,,
Brad Miller,John Salmons,Kirk Hinrich,Luol Deng,Tyrus Thomas,Anderson Varejao,Daniel Gibson,Delonte West,LeBron James,Zydrunas Ilgauskas,1,0:40,CLE,rebound,,,,,,,,,,,,,,,,,,
Brad Miller,John Salmons,Kirk Hinrich,Luol Deng,Tyrus Thomas,Anderson Varejao,Daniel Gibson,Delonte West,LeBron James,Zydrunas Ilgauskas,1,0:40,CLE,free throw,,,,,,,2,,2,Zydrunas Ilgauskas,,,foul,made,,,,
Brad Miller,John Salmons,Kirk Hinrich,Luol Deng,Tyrus Thomas,Anderson Varejao,Daniel Gibson,Delonte West,LeBron James,Zydrunas Ilgauskas,1,0:32,CLE,foul,,,,,,,,Brad Miller,,Anderson Varejao,,,,,,shooting,,
Brad Miller,John Salmons,Kirk Hinrich,Luol Deng,Tyrus Thomas,Anderson Varejao,Daniel Gibson,Delonte West,LeBron James,Zydrunas Ilgauskas,1,0:32,CHI,free throw,,,,,,,1,,2,Brad Miller,,,foul,made,,,,
Brad Miller,John Salmons,Kirk Hinrich,Luol Deng,Tyrus Thomas,Daniel Gibson,Delonte West,J.J. Hickson,LeBron James,Zydrunas Ilgauskas,1,0:32,CLE,sub,,,,J.J. Hickson,,Anderson Varejao,,,,,,,,,,,,
Brad Miller,John Salmons,Kirk Hinrich,Luol Deng,Tyrus Thomas,Daniel Gibson,Delonte West,J.J. Hickson,LeBron James,Zydrunas Ilgauskas,1,0:32,CHI,free throw,,,,,,,2,,2,Brad Miller,,,foul,made,,,,
Brad Miller,John Salmons,Kirk Hinrich,Luol Deng,Tyrus Thomas,Daniel Gibson,Delonte West,J.J. Hickson,LeBron James,Zydrunas Ilgauskas,1,0:13,CLE,turnover,,,,,,,,,,J.J. Hickson,,,out of bounds lost ball turnover,,,,,
Brad Miller,John Salmons,Kirk Hinrich,Luol Deng,Tyrus Thomas,Daniel Gibson,Delonte West,J.J. Hickson,LeBron James,Zydrunas Ilgauskas,1,0:01,CHI,shot,,,,,,,,,,Kirk Hinrich,2,,,made,,layup,25,8
Brad Miller,John Salmons,Kirk Hinrich,Luol Deng,Tyrus Thomas,Daniel Gibson,Delonte West,J.J. Hickson,LeBron James,Zydrunas Ilgauskas,1,0:01,CLE,foul,,,,,,,,Kirk Hinrich,,Daniel Gibson,,,,,,shooting,,
Brad Miller,John Salmons,Kirk Hinrich,Luol Deng,Tyrus Thomas,Daniel Gibson,Delonte West,J.J. Hickson,LeBron James,Zydrunas Ilgauskas,1,0:01,CHI,free throw,,,,,,,1,,1,Kirk Hinrich,,,foul,missed,,,,
Brad Miller,John Salmons,Kirk Hinrich,Luol Deng,Tyrus Thomas,Daniel Gibson,Delonte West,J.J. Hickson,LeBron James,Zydrunas Ilgauskas,1,0:01,CLE,rebound,,,,,,,,,,J.J. Hickson,,,,,,def,,
Brad Miller,Derrick Rose,John Salmons,Kirk Hinrich,Tyrus Thomas,Anthony Parker,Daniel Gibson,Delonte West,J.J. Hickson,Zydrunas Ilgauskas,2,11:44,CHI,shot,,,,,,,,,,Brad Miller,,,,missed,,jump,9,8
Brad Miller,Derrick Rose,John Salmons,Kirk Hinrich,Tyrus Thomas,Anthony Parker,Daniel Gibson,Delonte West,J.J. Hickson,Zydrunas Ilgauskas,2,11:42,CLE,rebound,,,,,,,,,,Daniel Gibson,,,,,,def,,
Brad Miller,Derrick Rose,John Salmons,Kirk Hinrich,Tyrus Thomas,Anthony Parker,Daniel Gibson,Delonte West,J.J. Hickson,Zydrunas Ilgauskas,2,11:23,CLE,shot,,,,,,,,,,Zydrunas Ilgauskas,,,,missed,,jump,35,10
Brad Miller,Derrick Rose,John Salmons,Kirk Hinrich,Tyrus Thomas,Anthony Parker,Daniel Gibson,Delonte West,J.J. Hickson,Zydrunas Ilgauskas,2,11:22,CLE,rebound,,,,,,,,,,,,,,,,,,
Brad Miller,Derrick Rose,John Salmons,Kirk Hinrich,Tyrus Thomas,Anthony Parker,Daniel Gibson,Delonte West,J.J. Hickson,Zydrunas Ilgauskas,2,11:20,CLE,shot,,,,,,,,,,J.J. Hickson,,,,missed,,jump,46,7
Brad Miller,Derrick Rose,John Salmons,Kirk Hinrich,Tyrus Thomas,Anthony Parker,Daniel Gibson,Delonte West,J.J. Hickson,Zydrunas Ilgauskas,2,11:18,CLE,rebound,,,,,,,,,,Zydrunas Ilgauskas,,,,,,off,,
Brad Miller,Derrick Rose,John Salmons,Kirk Hinrich,Tyrus Thomas,Anthony Parker,Daniel Gibson,Delonte West,J.J. Hickson,Zydrunas Ilgauskas,2,11:17,CHI,foul,,,,,,,,Zydrunas Ilgauskas,,Tyrus Thomas,,,,,,shooting,,
Brad Miller,Derrick Rose,John Salmons,Kirk Hinrich,Tyrus Thomas,Anthony Parker,Daniel Gibson,Delonte West,J.J. Hickson,Zydrunas Ilgauskas,2,11:17,CLE,free throw,,,,,,,1,,2,Zydrunas Ilgauskas,,,foul,made,,,,
Brad Miller,Derrick Rose,Jannero Pargo,Kirk Hinrich,Tyrus Thomas,Anthony Parker,Daniel Gibson,Delonte West,J.J. Hickson,Zydrunas Ilgauskas,2,11:17,CHI,sub,,,,Jannero Pargo,,John Salmons,,,,,,,,,,,,
Brad Miller,Derrick Rose,Jannero Pargo,Kirk Hinrich,Tyrus Thomas,Anthony Parker,Daniel Gibson,Delonte West,J.J. Hickson,Zydrunas Ilgauskas,2,11:17,CLE,free throw,,,,,,,2,,2,Zydrunas Ilgauskas,,,foul,missed,,,,
Brad Miller,Derrick Rose,Jannero Pargo,Kirk Hinrich,Tyrus Thomas,Anthony Parker,Daniel Gibson,Delonte West,J.J. Hickson,Zydrunas Ilgauskas,2,11:15,CHI,rebound,,,,,,,,,,Jannero Pargo,,,,,,def,,
Brad Miller,Derrick Rose,Jannero Pargo,Kirk Hinrich,Tyrus Thomas,Anthony Parker,Daniel Gibson,Delonte West,J.J. Hickson,Zydrunas Ilgauskas,2,11:06,CHI,shot,,,,,,,,,,Derrick Rose,2,,,made,,driving layup,25,6
Brad Miller,Derrick Rose,Jannero Pargo,Kirk Hinrich,Tyrus Thomas,Anthony Parker,Daniel Gibson,Delonte West,J.J. Hickson,Zydrunas Ilgauskas,2,10:37,CLE,shot,,,,,,,,,,Delonte West,,,,missed,,jump,20,18
Brad Miller,Derrick Rose,Jannero Pargo,Kirk Hinrich,Tyrus Thomas,Anthony Parker,Daniel Gibson,Delonte West,J.J. Hickson,Zydrunas Ilgauskas,2,10:35,CLE,rebound,,,,,,,,,,J.J. Hickson,,,,,,off,,
Brad Miller,Derrick Rose,Jannero Pargo,Kirk Hinrich,Tyrus Thomas,Anthony Parker,Daniel Gibson,Delonte West,J.J. Hickson,Zydrunas Ilgauskas,2,10:26,CLE,shot,,,,,,,,,,J.J. Hickson,,,,missed,,jump,35,9
Brad Miller,Derrick Rose,Jannero Pargo,Kirk Hinrich,Tyrus Thomas,Anthony Parker,Daniel Gibson,Delonte West,J.J. Hickson,Zydrunas Ilgauskas,2,10:25,CHI,rebound,,,,,,,,,,Jannero Pargo,,,,,,def,,
Brad Miller,Derrick Rose,Jannero Pargo,Kirk Hinrich,Tyrus Thomas,Anthony Parker,Daniel Gibson,Delonte West,J.J. Hickson,Zydrunas Ilgauskas,2,10:19,CHI,shot,Derrick Rose,,,,,,,,,Tyrus Thomas,2,,,made,,layup,25,6
Brad Miller,Derrick Rose,Jannero Pargo,Kirk Hinrich,Tyrus Thomas,Anthony Parker,Daniel Gibson,Delonte West,J.J. Hickson,Zydrunas Ilgauskas,2,10:00,CLE,shot,,,,,,,,,,J.J. Hickson,,,,missed,,jump,21,25
Brad Miller,Derrick Rose,Jannero Pargo,Kirk Hinrich,Tyrus Thomas,Anthony Parker,Daniel Gibson,Delonte West,J.J. Hickson,Zydrunas Ilgauskas,2,9:59,CLE,rebound,,,,,,,,,,Anthony Parker,,,,,,off,,
Brad Miller,Derrick Rose,Jannero Pargo,Kirk Hinrich,Tyrus Thomas,Anthony Parker,Daniel Gibson,Delonte West,J.J. Hickson,Zydrunas Ilgauskas,2,9:45,CLE,shot,,,,,,,,,,Daniel Gibson,2,,,made,,step back jump,41,12
Brad Miller,Derrick Rose,Jannero Pargo,Kirk Hinrich,Tyrus Thomas,Anthony Parker,Daniel Gibson,Delonte West,J.J. Hickson,Zydrunas Ilgauskas,2,9:27,CHI,shot,,,,,,,,,,Jannero Pargo,,,,missed,,jump,22,24
Brad Miller,Derrick Rose,Jannero Pargo,Kirk Hinrich,Tyrus Thomas,Anthony Parker,Daniel Gibson,Delonte West,J.J. Hickson,Zydrunas Ilgauskas,2,9:26,CLE,rebound,,,,,,,,,,Zydrunas Ilgauskas,,,,,,def,,
Brad Miller,Derrick Rose,Jannero Pargo,Kirk Hinrich,Tyrus Thomas,Anthony Parker,Daniel Gibson,Delonte West,J.J. Hickson,Zydrunas Ilgauskas,2,9:18,CLE,shot,,,Tyrus Thomas,,,,,,,J.J. Hickson,,,,missed,,layup,24,8
Brad Miller,Derrick Rose,Jannero Pargo,Kirk Hinrich,Tyrus Thomas,Anthony Parker,Daniel Gibson,Delonte West,J.J. Hickson,Zydrunas Ilgauskas,2,9:16,CHI,rebound,,,,,,,,,,Kirk Hinrich,,,,,,def,,
Brad Miller,Derrick Rose,Jannero Pargo,Kirk Hinrich,Tyrus Thomas,Anthony Parker,Daniel Gibson,Delonte West,J.J. Hickson,Zydrunas Ilgauskas,2,9:15,CLE,foul,,,,,,,,Kirk Hinrich,,Delonte West,,,,,,personal,,
Brad Miller,Derrick Rose,Jannero Pargo,Joakim Noah,Kirk Hinrich,Anthony Parker,Daniel Gibson,Delonte West,J.J. Hickson,Zydrunas Ilgauskas,2,9:15,CHI,sub,,,,Joakim Noah,,Tyrus Thomas,,,,,,,,,,,,
Brad Miller,Derrick Rose,Jannero Pargo,Joakim Noah,Kirk Hinrich,Anthony Parker,Daniel Gibson,Delonte West,Shaquille O'Neal,Zydrunas Ilgauskas,2,9:15,CLE,sub,,,,Shaquille O'Neal,,J.J. Hickson,,,,,,,,,,,,
Brad Miller,Derrick Rose,Jannero Pargo,Joakim Noah,Kirk Hinrich,Anthony Parker,Daniel Gibson,Delonte West,Shaquille O'Neal,Zydrunas Ilgauskas,2,8:54,CHI,shot,,,,,,,,,,Kirk Hinrich,2,,,made,,running jump,21,12
Brad Miller,Derrick Rose,Jannero Pargo,Joakim Noah,Kirk Hinrich,Anthony Parker,Daniel Gibson,Delonte West,Shaquille O'Neal,Zydrunas Ilgauskas,2,8:32,CLE,shot,Shaquille O'Neal,,,,,,,,,Anthony Parker,3,,,made,,3pt,39,27
Brad Miller,Derrick Rose,Jannero Pargo,Joakim Noah,Kirk Hinrich,Anthony Parker,Daniel Gibson,Delonte West,Shaquille O'Neal,Zydrunas Ilgauskas,2,8:15,CHI,shot,Derrick Rose,,,,,,,,,Joakim Noah,2,,,made,,slam dunk,25,7
Brad Miller,Derrick Rose,Jannero Pargo,Joakim Noah,Kirk Hinrich,Anthony Parker,Daniel Gibson,Delonte West,Shaquille O'Neal,Zydrunas Ilgauskas,2,7:55,CLE,shot,Anthony Parker,,,,,,,,,Shaquille O'Neal,2,,,made,,jump,33,13
Brad Miller,Derrick Rose,Jannero Pargo,Joakim Noah,Kirk Hinrich,Anthony Parker,Daniel Gibson,Delonte West,Shaquille O'Neal,Zydrunas Ilgauskas,2,7:38,CHI,turnover,,,,,,,,,,Kirk Hinrich,,,lost ball,,Anthony Parker,,,
Brad Miller,Derrick Rose,Jannero Pargo,Joakim Noah,Kirk Hinrich,Anthony Parker,Daniel Gibson,Delonte West,Shaquille O'Neal,Zydrunas Ilgauskas,2,7:31,CHI,foul,,,,,,,,Shaquille O'Neal,,Brad Miller,,,,,,personal,,
Brad Miller,Derrick Rose,Jannero Pargo,Joakim Noah,Kirk Hinrich,Anthony Parker,Daniel Gibson,Delonte West,Shaquille O'Neal,Zydrunas Ilgauskas,2,7:31,CLE,timeout,,,,,,,,,,,,,,,,official,,
Derrick Rose,Jannero Pargo,Joakim Noah,Kirk Hinrich,Taj Gibson,Anthony Parker,Daniel Gibson,Delonte West,Shaquille O'Neal,Zydrunas Ilgauskas,2,7:31,CHI,sub,,,,Taj Gibson,,Brad Miller,,,,,,,,,,,,
Derrick Rose,Jannero Pargo,Joakim Noah,Kirk Hinrich,Taj Gibson,Anthony Parker,Daniel Gibson,Delonte West,Shaquille O'Neal,Zydrunas Ilgauskas,2,7:24,CLE,shot,,,,,,,,,,Shaquille O'Neal,,,,missed,,hook,17,12
Derrick Rose,Jannero Pargo,Joakim Noah,Kirk Hinrich,Taj Gibson,Anthony Parker,Daniel Gibson,Delonte West,Shaquille O'Neal,Zydrunas Ilgauskas,2,7:24,CLE,rebound,,,,,,,,,,Zydrunas Ilgauskas,,,,,,off,,
Derrick Rose,Jannero Pargo,Joakim Noah,Kirk Hinrich,Taj Gibson,Anthony Parker,Daniel Gibson,Delonte West,Shaquille O'Neal,Zydrunas Ilgauskas,2,7:24,CHI,foul,,,,,,,,Zydrunas Ilgauskas,,Jannero Pargo,,,,,,personal,,
Derrick Rose,Jannero Pargo,Joakim Noah,Kirk Hinrich,Taj Gibson,Anthony Parker,Daniel Gibson,Delonte West,Shaquille O'Neal,Zydrunas Ilgauskas,2,7:15,CLE,shot,,,Taj Gibson,,,,,,,Zydrunas Ilgauskas,,,,missed,,layup,26,8
Derrick Rose,Jannero Pargo,Joakim Noah,Kirk Hinrich,Taj Gibson,Anthony Parker,Daniel Gibson,Delonte West,Shaquille O'Neal,Zydrunas Ilgauskas,2,7:13,CHI,rebound,,,,,,,,,,Kirk Hinrich,,,,,,def,,
Derrick Rose,Jannero Pargo,Joakim Noah,Kirk Hinrich,Taj Gibson,Anthony Parker,Daniel Gibson,Delonte West,Shaquille O'Neal,Zydrunas Ilgauskas,2,7:02,CHI,shot,,,,,,,,,,Kirk Hinrich,,,,missed,,jump,27,27
Derrick Rose,Jannero Pargo,Joakim Noah,Kirk Hinrich,Taj Gibson,Anthony Parker,Daniel Gibson,Delonte West,Shaquille O'Neal,Zydrunas Ilgauskas,2,7:00,CHI,rebound,,,,,,,,,,Joakim Noah,,,,,,off,,
Derrick Rose,Jannero Pargo,Joakim Noah,Kirk Hinrich,Taj Gibson,Anthony Parker,Daniel Gibson,Delonte West,Shaquille O'Neal,Zydrunas Ilgauskas,2,6:53,CHI,shot,,,,,,,,,,Jannero Pargo,,,,missed,,3pt,49,8
Derrick Rose,Jannero Pargo,Joakim Noah,Kirk Hinrich,Taj Gibson,Anthony Parker,Daniel Gibson,Delonte West,Shaquille O'Neal,Zydrunas Ilgauskas,2,6:52,CLE,rebound,,,,,,,,,,Shaquille O'Neal,,,,,,def,,
Derrick Rose,Jannero Pargo,Joakim Noah,Kirk Hinrich,Taj Gibson,Anthony Parker,Daniel Gibson,Delonte West,Shaquille O'Neal,Zydrunas Ilgauskas,2,6:33,CLE,shot,,,,,,,,,,Shaquille O'Neal,,,,missed,,layup,25,7
Derrick Rose,Jannero Pargo,Joakim Noah,Kirk Hinrich,Taj Gibson,Anthony Parker,Daniel Gibson,Delonte West,Shaquille O'Neal,Zydrunas Ilgauskas,2,6:33,CLE,rebound,,,,,,,,,,,,,,,,,,
Derrick Rose,Jannero Pargo,Joakim Noah,Kirk Hinrich,Taj Gibson,Anthony Parker,Delonte West,Mo Williams,Shaquille O'Neal,Zydrunas Ilgauskas,2,6:33,CLE,sub,,,,Mo Williams,,Daniel Gibson,,,,,,,,,,,,
Derrick Rose,Jannero Pargo,Joakim Noah,Kirk Hinrich,Taj Gibson,Delonte West,LeBron James,Mo Williams,Shaquille O'Neal,Zydrunas Ilgauskas,2,6:33,CLE,sub,,,,LeBron James,,Anthony Parker,,,,,,,,,,,,
Derrick Rose,Jannero Pargo,Joakim Noah,Kirk Hinrich,Taj Gibson,Anderson Varejao,Delonte West,LeBron James,Mo Williams,Zydrunas Ilgauskas,2,6:33,CLE,sub,,,,Anderson Varejao,,Shaquille O'Neal,,,,,,,,,,,,
Derrick Rose,Joakim Noah,Kirk Hinrich,Luol Deng,Taj Gibson,Anderson Varejao,Delonte West,LeBron James,Mo Williams,Zydrunas Ilgauskas,2,6:33,CHI,sub,,,,Luol Deng,,Jannero Pargo,,,,,,,,,,,,
Derrick Rose,Joakim Noah,Kirk Hinrich,Luol Deng,Taj Gibson,Anderson Varejao,Delonte West,LeBron James,Mo Williams,Zydrunas Ilgauskas,2,6:13,CLE,shot,,,,,,,,,,Mo Williams,,,,missed,,3pt,2,7
Derrick Rose,Joakim Noah,Kirk Hinrich,Luol Deng,Taj Gibson,Anderson Varejao,Delonte West,LeBron James,Mo Williams,Zydrunas Ilgauskas,2,6:11,CHI,rebound,,,,,,,,,,Luol Deng,,,,,,def,,
Derrick Rose,Joakim Noah,Kirk Hinrich,Luol Deng,Taj Gibson,Anderson Varejao,Delonte West,LeBron James,Mo Williams,Zydrunas Ilgauskas,2,6:05,CLE,violation,,,,,,,,,,Anderson Varejao,,,,,,kicked ball,,
Derrick Rose,Joakim Noah,Kirk Hinrich,Luol Deng,Taj Gibson,Anderson Varejao,Delonte West,LeBron James,Mo Williams,Zydrunas Ilgauskas,2,5:57,CHI,shot,Derrick Rose,,,,,,,,,Luol Deng,2,,,made,,jump,9,10
Derrick Rose,Joakim Noah,Kirk Hinrich,Luol Deng,Taj Gibson,Anderson Varejao,Delonte West,LeBron James,Mo Williams,Zydrunas Ilgauskas,2,5:44,CLE,shot,Delonte West,,,,,,,,,Anderson Varejao,2,,,made,,jump,41,10
Derrick Rose,Joakim Noah,Kirk Hinrich,Luol Deng,Taj Gibson,Anderson Varejao,Delonte West,LeBron James,Mo Williams,Zydrunas Ilgauskas,2,5:31,CHI,turnover,,,,,,,,,,Derrick Rose,,,bad pass,,Anderson Varejao,,,
Derrick Rose,Joakim Noah,Kirk Hinrich,Luol Deng,Taj Gibson,Anderson Varejao,Delonte West,LeBron James,Mo Williams,Zydrunas Ilgauskas,2,5:30,CHI,foul,,,,,,,,Mo Williams,,Joakim Noah,,,,,,personal,,
Derrick Rose,Joakim Noah,Kirk Hinrich,Luol Deng,Taj Gibson,Anderson Varejao,Delonte West,LeBron James,Mo Williams,Zydrunas Ilgauskas,2,5:30,CLE,timeout,,,,,,,,,,,,,,,,regular,,
Joakim Noah,John Salmons,Kirk Hinrich,Luol Deng,Taj Gibson,Anderson Varejao,Delonte West,LeBron James,Mo Williams,Zydrunas Ilgauskas,2,5:30,CHI,sub,,,,John Salmons,,Derrick Rose,,,,,,,,,,,,
Joakim Noah,John Salmons,Kirk Hinrich,Luol Deng,Taj Gibson,Anderson Varejao,Delonte West,LeBron James,Mo Williams,Zydrunas Ilgauskas,2,5:08,CLE,shot,Delonte West,,,,,,,,,LeBron James,2,,,made,,driving layup,25,7
Joakim Noah,John Salmons,Kirk Hinrich,Luol Deng,Taj Gibson,Anderson Varejao,Delonte West,LeBron James,Mo Williams,Zydrunas Ilgauskas,2,4:46,CHI,shot,Luol Deng,,,,,,,,,Taj Gibson,2,,,made,,jump,11,6
Joakim Noah,John Salmons,Kirk Hinrich,Luol Deng,Taj Gibson,Anderson Varejao,Delonte West,LeBron James,Mo Williams,Zydrunas Ilgauskas,2,4:14,CLE,shot,,,,,,,,,,Delonte West,,,,missed,,3pt,48,8
Joakim Noah,John Salmons,Kirk Hinrich,Luol Deng,Taj Gibson,Anderson Varejao,Delonte West,LeBron James,Mo Williams,Zydrunas Ilgauskas,2,4:13,CHI,rebound,,,,,,,,,,Kirk Hinrich,,,,,,def,,
Joakim Noah,John Salmons,Kirk Hinrich,Luol Deng,Taj Gibson,Anderson Varejao,Delonte West,LeBron James,Mo Williams,Zydrunas Ilgauskas,2,4:08,CLE,foul,,,,,,,,Joakim Noah,,Zydrunas Ilgauskas,,,,,,shooting,,
Joakim Noah,John Salmons,Kirk Hinrich,Luol Deng,Taj Gibson,Anderson Varejao,Delonte West,LeBron James,Mo Williams,Shaquille O'Neal,2,4:08,CLE,sub,,,,Shaquille O'Neal,,Zydrunas Ilgauskas,,,,,,,,,,,,
Joakim Noah,John Salmons,Kirk Hinrich,Luol Deng,Taj Gibson,Anderson Varejao,Anthony Parker,LeBron James,Mo Williams,Shaquille O'Neal,2,4:08,CLE,sub,,,,Anthony Parker,,Delonte West,,,,,,,,,,,,
Joakim Noah,John Salmons,Kirk Hinrich,Luol Deng,Taj Gibson,Anderson Varejao,Anthony Parker,LeBron James,Mo Williams,Shaquille O'Neal,2,4:08,CHI,free throw,,,,,,,1,,2,Joakim Noah,,,foul,made,,,,
Joakim Noah,John Salmons,Kirk Hinrich,Luol Deng,Taj Gibson,Anderson Varejao,Anthony Parker,LeBron James,Mo Williams,Shaquille O'Neal,2,4:08,CHI,free throw,,,,,,,2,,2,Joakim Noah,,,foul,missed,,,,
Joakim Noah,John Salmons,Kirk Hinrich,Luol Deng,Taj Gibson,Anderson Varejao,Anthony Parker,LeBron James,Mo Williams,Shaquille O'Neal,2,4:07,CLE,rebound,,,,,,,,,,Shaquille O'Neal,,,,,,def,,
Joakim Noah,John Salmons,Kirk Hinrich,Luol Deng,Taj Gibson,Anderson Varejao,Anthony Parker,LeBron James,Mo Williams,Shaquille O'Neal,2,3:55,CLE,shot,LeBron James,,,,,,,,,Mo Williams,2,,,made,,running jump,31,15
Joakim Noah,John Salmons,Kirk Hinrich,Luol Deng,Taj Gibson,Anderson Varejao,Anthony Parker,LeBron James,Mo Williams,Shaquille O'Neal,2,3:42,CHI,shot,,,Shaquille O'Neal,,,,,,,Joakim Noah,,,,missed,,layup,27,6
Joakim Noah,John Salmons,Kirk Hinrich,Luol Deng,Taj Gibson,Anderson Varejao,Anthony Parker,LeBron James,Mo Williams,Shaquille O'Neal,2,3:39,CLE,rebound,,,,,,,,,,Shaquille O'Neal,,,,,,def,,
Joakim Noah,John Salmons,Kirk Hinrich,Luol Deng,Taj Gibson,Anderson Varejao,Anthony Parker,LeBron James,Mo Williams,Shaquille O'Neal,2,3:35,CLE,shot,,,,,,,,,,Mo Williams,2,,,made,,jump,37,20
Joakim Noah,John Salmons,Kirk Hinrich,Luol Deng,Taj Gibson,Anderson Varejao,Anthony Parker,LeBron James,Mo Williams,Shaquille O'Neal,2,3:16,CHI,shot,,,,,,,,,,John Salmons,,,,missed,,3pt,31,30
Joakim Noah,John Salmons,Kirk Hinrich,Luol Deng,Taj Gibson,Anderson Varejao,Anthony Parker,LeBron James,Mo Williams,Shaquille O'Neal,2,3:15,CHI,rebound,,,,,,,,,,Taj Gibson,,,,,,off,,
Joakim Noah,John Salmons,Kirk Hinrich,Luol Deng,Taj Gibson,Anderson Varejao,Anthony Parker,LeBron James,Mo Williams,Shaquille O'Neal,2,3:14,CLE,foul,,,,,,,,Taj Gibson,,Mo Williams,,,,,,personal,,
Joakim Noah,John Salmons,Kirk Hinrich,Luol Deng,Taj Gibson,Anderson Varejao,Anthony Parker,LeBron James,Mo Williams,Shaquille O'Neal,2,2:56,CHI,shot,,,,,,,,,,Kirk Hinrich,,,,missed,,jump,11,18
Joakim Noah,John Salmons,Kirk Hinrich,Luol Deng,Taj Gibson,Anderson Varejao,Anthony Parker,LeBron James,Mo Williams,Shaquille O'Neal,2,2:54,CLE,rebound,,,,,,,,,,Shaquille O'Neal,,,,,,def,,
Joakim Noah,John Salmons,Kirk Hinrich,Luol Deng,Taj Gibson,Anderson Varejao,Anthony Parker,LeBron James,Mo Williams,Shaquille O'Neal,2,2:47,CLE,shot,,,,,,,,,,Mo Williams,,,,missed,,3pt,14,29
Joakim Noah,John Salmons,Kirk Hinrich,Luol Deng,Taj Gibson,Anderson Varejao,Anthony Parker,LeBron James,Mo Williams,Shaquille O'Neal,2,2:46,CHI,rebound,,,,,,,,,,Luol Deng,,,,,,def,,
Joakim Noah,John Salmons,Kirk Hinrich,Luol Deng,Taj Gibson,Anderson Varejao,Anthony Parker,LeBron James,Mo Williams,Shaquille O'Neal,2,2:37,CHI,shot,,,,,,,,,,Luol Deng,,,,missed,,jump,27,25
Joakim Noah,John Salmons,Kirk Hinrich,Luol Deng,Taj Gibson,Anderson Varejao,Anthony Parker,LeBron James,Mo Williams,Shaquille O'Neal,2,2:36,CLE,rebound,,,,,,,,,,Shaquille O'Neal,,,,,,def,,
Joakim Noah,John Salmons,Kirk Hinrich,Luol Deng,Taj Gibson,Anderson Varejao,Anthony Parker,LeBron James,Mo Williams,Shaquille O'Neal,2,2:23,CLE,turnover,,,,,,,,,,Shaquille O'Neal,,,lost ball,,John Salmons,,,
Joakim Noah,John Salmons,Kirk Hinrich,Luol Deng,Taj Gibson,Anderson Varejao,Anthony Parker,LeBron James,Mo Williams,Shaquille O'Neal,2,2:17,CHI,shot,,,,,,,,,,John Salmons,2,,,made,,layup,25,7
Joakim Noah,John Salmons,Kirk Hinrich,Luol Deng,Taj Gibson,Anderson Varejao,Anthony Parker,LeBron James,Mo Williams,Shaquille O'Neal,2,1:57,CLE,turnover,,,,,,,,,,Shaquille O'Neal,,,bad pass,,,,,
Joakim Noah,John Salmons,Kirk Hinrich,Luol Deng,Taj Gibson,Anderson Varejao,Anthony Parker,LeBron James,Mo Williams,Shaquille O'Neal,2,1:57,CHI,timeout,,,,,,,,,,,,,,,,regular,,
Joakim Noah,John Salmons,Kirk Hinrich,Luol Deng,Taj Gibson,Anthony Parker,LeBron James,Mo Williams,Shaquille O'Neal,Zydrunas Ilgauskas,2,1:57,CLE,sub,,,,Zydrunas Ilgauskas,,Anderson Varejao,,,,,,,,,,,,
Joakim Noah,John Salmons,Kirk Hinrich,Luol Deng,Taj Gibson,Anthony Parker,LeBron James,Mo Williams,Shaquille O'Neal,Zydrunas Ilgauskas,2,1:46,CHI,shot,,,,,,,,,,Taj Gibson,,,,missed,,jump,4,7
Joakim Noah,John Salmons,Kirk Hinrich,Luol Deng,Taj Gibson,Anthony Parker,LeBron James,Mo Williams,Shaquille O'Neal,Zydrunas Ilgauskas,2,1:45,CLE,rebound,,,,,,,,,,Mo Williams,,,,,,def,,
Joakim Noah,John Salmons,Kirk Hinrich,Luol Deng,Taj Gibson,Anthony Parker,LeBron James,Mo Williams,Shaquille O'Neal,Zydrunas Ilgauskas,2,1:35,CLE,turnover,,,,,,,,,,LeBron James,,,bad pass,,John Salmons,,,
Joakim Noah,John Salmons,Kirk Hinrich,Luol Deng,Taj Gibson,Anthony Parker,LeBron James,Mo Williams,Shaquille O'Neal,Zydrunas Ilgauskas,2,1:32,CLE,timeout,,,,,,,,,,,,,,,,short,,
Joakim Noah,John Salmons,Kirk Hinrich,Luol Deng,Taj Gibson,Anthony Parker,LeBron James,Mo Williams,Shaquille O'Neal,Zydrunas Ilgauskas,2,1:29,CHI,shot,,,,,,,,,,Luol Deng,,,,missed,,jump,42,9
Joakim Noah,John Salmons,Kirk Hinrich,Luol Deng,Taj Gibson,Anthony Parker,LeBron James,Mo Williams,Shaquille O'Neal,Zydrunas Ilgauskas,2,1:27,CLE,rebound,,,,,,,,,,,,,,,,,,
Joakim Noah,John Salmons,Kirk Hinrich,Luol Deng,Taj Gibson,Anthony Parker,LeBron James,Mo Williams,Shaquille O'Neal,Zydrunas Ilgauskas,2,1:07,CLE,shot,,,,,,,,,,Shaquille O'Neal,,,,missed,,hook,24,10
Joakim Noah,John Salmons,Kirk Hinrich,Luol Deng,Taj Gibson,Anthony Parker,LeBron James,Mo Williams,Shaquille O'Neal,Zydrunas Ilgauskas,2,1:03,CLE,rebound,,,,,,,,,,Zydrunas Ilgauskas,,,,,,off,,
Joakim Noah,John Salmons,Kirk Hinrich,Luol Deng,Taj Gibson,Anthony Parker,LeBron James,Mo Williams,Shaquille O'Neal,Zydrunas Ilgauskas,2,1:03,CLE,shot,,,,,,,,,,Zydrunas Ilgauskas,,,,missed,,tip,24,6
Joakim Noah,John Salmons,Kirk Hinrich,Luol Deng,Taj Gibson,Anthony Parker,LeBron James,Mo Williams,Shaquille O'Neal,Zydrunas Ilgauskas,2,1:01,CLE,rebound,,,,,,,,,,Zydrunas Ilgauskas,,,,,,off,,
Joakim Noah,John Salmons,Kirk Hinrich,Luol Deng,Taj Gibson,Anthony Parker,LeBron James,Mo Williams,Shaquille O'Neal,Zydrunas Ilgauskas,2,1:00,CLE,turnover,,,,,,,,,,Zydrunas Ilgauskas,,,lost ball,,Taj Gibson,,,
Joakim Noah,John Salmons,Kirk Hinrich,Luol Deng,Taj Gibson,Anthony Parker,LeBron James,Mo Williams,Shaquille O'Neal,Zydrunas Ilgauskas,2,0:50,CHI,shot,John Salmons,,,,,,,,,Taj Gibson,2,,,made,,jump,13,12
Joakim Noah,John Salmons,Kirk Hinrich,Luol Deng,Taj Gibson,Anthony Parker,LeBron James,Mo Williams,Shaquille O'Neal,Zydrunas Ilgauskas,2,0:35,CLE,shot,,,,,,,,,,Zydrunas Ilgauskas,,,,missed,,jump,40,12
Joakim Noah,John Salmons,Kirk Hinrich,Luol Deng,Taj Gibson,Anthony Parker,LeBron James,Mo Williams,Shaquille O'Neal,Zydrunas Ilgauskas,2,0:34,CHI,rebound,,,,,,,,,,Joakim Noah,,,,,,def,,
Joakim Noah,John Salmons,Kirk Hinrich,Luol Deng,Taj Gibson,Anthony Parker,LeBron James,Mo Williams,Shaquille O'Neal,Zydrunas Ilgauskas,2,0:30,CHI,shot,Kirk Hinrich,,,,,,,,,John Salmons,3,,,made,,3pt,45,22
Joakim Noah,John Salmons,Kirk Hinrich,Luol Deng,Taj Gibson,Anthony Parker,LeBron James,Mo Williams,Shaquille O'Neal,Zydrunas Ilgauskas,2,0:21,CLE,timeout,,,,,,,,,,,,,,,,regular,,
Joakim Noah,John Salmons,Kirk Hinrich,Luol Deng,Taj Gibson,Anthony Parker,Delonte West,LeBron James,Mo Williams,Shaquille O'Neal,2,0:21,CLE,sub,,,,Delonte West,,Zydrunas Ilgauskas,,,,,,,,,,,,
Joakim Noah,John Salmons,Kirk Hinrich,Luol Deng,Taj Gibson,Anthony Parker,Delonte West,LeBron James,Mo Williams,Shaquille O'Neal,2,0:10,CLE,shot,,,,,,,,,,Mo Williams,,,,missed,,3pt,2,9
Joakim Noah,John Salmons,Kirk Hinrich,Luol Deng,Taj Gibson,Anthony Parker,Delonte West,LeBron James,Mo Williams,Shaquille O'Neal,2,0:09,CHI,rebound,,,,,,,,,,Luol Deng,,,,,,def,,
Joakim Noah,John Salmons,Kirk Hinrich,Luol Deng,Taj Gibson,Anthony Parker,Delonte West,LeBron James,Mo Williams,Shaquille O'Neal,2,0:04,CHI,shot,,,,,,,,,,Taj Gibson,,,,missed,,layup,25,8
Joakim Noah,John Salmons,Kirk Hinrich,Luol Deng,Taj Gibson,Anthony Parker,Delonte West,LeBron James,Mo Williams,Shaquille O'Neal,2,0:03,CHI,rebound,,,,,,,,,,Taj Gibson,,,,,,off,,
Joakim Noah,John Salmons,Kirk Hinrich,Luol Deng,Taj Gibson,Anthony Parker,Delonte West,LeBron James,Mo Williams,Shaquille O'Neal,2,0:02,CLE,foul,,,,,,,,Taj Gibson,,Anthony Parker,,,,,,shooting,,
Joakim Noah,John Salmons,Kirk Hinrich,Luol Deng,Taj Gibson,Anthony Parker,Delonte West,LeBron James,Mo Williams,Shaquille O'Neal,2,0:02,CHI,free throw,,,,,,,1,,2,Taj Gibson,,,foul,missed,,,,
Joakim Noah,John Salmons,Kirk Hinrich,Luol Deng,Taj Gibson,Anthony Parker,Delonte West,LeBron James,Mo Williams,Shaquille O'Neal,2,0:02,CHI,rebound,,,,,,,,,,,,,,,,,,
Joakim Noah,John Salmons,Kirk Hinrich,Luol Deng,Taj Gibson,Anthony Parker,Delonte West,LeBron James,Mo Williams,Shaquille O'Neal,2,0:02,CHI,free throw,,,,,,,2,,2,Taj Gibson,,,foul,made,,,,
Joakim Noah,John Salmons,Kirk Hinrich,Luol Deng,Taj Gibson,Anthony Parker,Delonte West,LeBron James,Mo Williams,Shaquille O'Neal,2,0:00,CLE,shot,,,,,,,,,,LeBron James,,,,missed,,3pt,27,44
Joakim Noah,John Salmons,Kirk Hinrich,Luol Deng,Taj Gibson,Anthony Parker,Delonte West,LeBron James,Mo Williams,Shaquille O'Neal,2,0:00,CLE,rebound,,,,,,,,,,,,,,,,,,
Derrick Rose,Joakim Noah,John Salmons,Luol Deng,Taj Gibson,Anderson Varejao,Anthony Parker,LeBron James,Mo Williams,Shaquille O'Neal,3,11:37,CHI,shot,,,,,,,,,,Luol Deng,,,,missed,,turnaround jump,41,9
Derrick Rose,Joakim Noah,John Salmons,Luol Deng,Taj Gibson,Anderson Varejao,Anthony Parker,LeBron James,Mo Williams,Shaquille O'Neal,3,11:34,CLE,rebound,,,,,,,,,,Mo Williams,,,,,,def,,
Derrick Rose,Joakim Noah,John Salmons,Luol Deng,Taj Gibson,Anderson Varejao,Anthony Parker,LeBron James,Mo Williams,Shaquille O'Neal,3,11:32,CHI,foul,,,,,,,,LeBron James,,John Salmons,,,,,,shooting,,
Derrick Rose,Joakim Noah,John Salmons,Luol Deng,Taj Gibson,Anderson Varejao,Anthony Parker,LeBron James,Mo Williams,Shaquille O'Neal,3,11:32,CLE,free throw,,,,,,,1,,2,LeBron James,,,foul,missed,,,,
Derrick Rose,Joakim Noah,John Salmons,Luol Deng,Taj Gibson,Anderson Varejao,Anthony Parker,LeBron James,Mo Williams,Shaquille O'Neal,3,11:32,CLE,rebound,,,,,,,,,,,,,,,,,,
Derrick Rose,Joakim Noah,John Salmons,Luol Deng,Taj Gibson,Anderson Varejao,Anthony Parker,LeBron James,Mo Williams,Shaquille O'Neal,3,11:32,CLE,free throw,,,,,,,2,,2,LeBron James,,,foul,missed,,,,
Derrick Rose,Joakim Noah,John Salmons,Luol Deng,Taj Gibson,Anderson Varejao,Anthony Parker,LeBron James,Mo Williams,Shaquille O'Neal,3,11:31,CHI,rebound,,,,,,,,,,Joakim Noah,,,,,,def,,
Derrick Rose,Joakim Noah,John Salmons,Luol Deng,Taj Gibson,Anderson Varejao,Anthony Parker,LeBron James,Mo Williams,Shaquille O'Neal,3,11:21,CHI,shot,,,,,,,,,,Taj Gibson,,,,missed,,jump,36,17
Derrick Rose,Joakim Noah,John Salmons,Luol Deng,Taj Gibson,Anderson Varejao,Anthony Parker,LeBron James,Mo Williams,Shaquille O'Neal,3,11:20,CLE,rebound,,,,,,,,,,LeBron James,,,,,,def,,
Derrick Rose,Joakim Noah,John Salmons,Luol Deng,Taj Gibson,Anderson Varejao,Anthony Parker,LeBron James,Mo Williams,Shaquille O'Neal,3,11:08,CLE,shot,LeBron James,,,,,,,,,Anderson Varejao,2,,,made,,driving layup,26,7
Derrick Rose,Joakim Noah,John Salmons,Luol Deng,Taj Gibson,Anderson Varejao,Anthony Parker,LeBron James,Mo Williams,Shaquille O'Neal,3,10:52,CLE,foul,,,,,,,,Luol Deng,,Mo Williams,,,,,,personal,,
Derrick Rose,Joakim Noah,John Salmons,Luol Deng,Taj Gibson,Anderson Varejao,Anthony Parker,LeBron James,Mo Williams,Shaquille O'Neal,3,10:43,CHI,shot,,,,,,,,,,Derrick Rose,,,,missed,,jump,18,23
Derrick Rose,Joakim Noah,John Salmons,Luol Deng,Taj Gibson,Anderson Varejao,Anthony Parker,LeBron James,Mo Williams,Shaquille O'Neal,3,10:42,CLE,rebound,,,,,,,,,,Anderson Varejao,,,,,,def,,
Derrick Rose,Joakim Noah,John Salmons,Luol Deng,Taj Gibson,Anderson Varejao,Anthony Parker,LeBron James,Mo Williams,Shaquille O'Neal,3,10:31,CLE,shot,,,,,,,,,,Mo Williams,,,,missed,,3pt,11,27
Derrick Rose,Joakim Noah,John Salmons,Luol Deng,Taj Gibson,Anderson Varejao,Anthony Parker,LeBron James,Mo Williams,Shaquille O'Neal,3,10:30,CHI,rebound,,,,,,,,,,Taj Gibson,,,,,,def,,
Derrick Rose,Joakim Noah,John Salmons,Luol Deng,Taj Gibson,Anderson Varejao,Anthony Parker,LeBron James,Mo Williams,Shaquille O'Neal,3,10:23,CHI,shot,,,,,,,,,,Luol Deng,,,,missed,,running jump,26,12
Derrick Rose,Joakim Noah,John Salmons,Luol Deng,Taj Gibson,Anderson Varejao,Anthony Parker,LeBron James,Mo Williams,Shaquille O'Neal,3,10:22,CLE,rebound,,,,,,,,,,Anderson Varejao,,,,,,def,,
Derrick Rose,Joakim Noah,John Salmons,Luol Deng,Taj Gibson,Anderson Varejao,Anthony Parker,LeBron James,Mo Williams,Shaquille O'Neal,3,10:06,CLE,shot,,,,,,,,,,LeBron James,,,,missed,,3pt,2,6
Derrick Rose,Joakim Noah,John Salmons,Luol Deng,Taj Gibson,Anderson Varejao,Anthony Parker,LeBron James,Mo Williams,Shaquille O'Neal,3,10:05,CHI,rebound,,,,,,,,,,Joakim Noah,,,,,,def,,
Derrick Rose,Joakim Noah,John Salmons,Luol Deng,Taj Gibson,Anderson Varejao,Anthony Parker,LeBron James,Mo Williams,Shaquille O'Neal,3,9:55,CHI,shot,,,,,,,,,,Luol Deng,,,,missed,,jump,15,24
Derrick Rose,Joakim Noah,John Salmons,Luol Deng,Taj Gibson,Anderson Varejao,Anthony Parker,LeBron James,Mo Williams,Shaquille O'Neal,3,9:54,CLE,rebound,,,,,,,,,,Shaquille O'Neal,,,,,,def,,
Derrick Rose,Joakim Noah,John Salmons,Luol Deng,Taj Gibson,Anderson Varejao,Anthony Parker,LeBron James,Mo Williams,Shaquille O'Neal,3,9:36,CLE,turnover,,,,,,,,,,Anthony Parker,,,lost ball,,Derrick Rose,,,
Derrick Rose,Joakim Noah,John Salmons,Luol Deng,Taj Gibson,Anderson Varejao,Anthony Parker,LeBron James,Mo Williams,Shaquille O'Neal,3,9:28,CHI,shot,Derrick Rose,,,,,,,,,John Salmons,2,,,made,,layup,26,6
Derrick Rose,Joakim Noah,John Salmons,Luol Deng,Taj Gibson,Anderson Varejao,Anthony Parker,LeBron James,Mo Williams,Shaquille O'Neal,3,9:07,CLE,shot,Mo Williams,,,,,,,,,Shaquille O'Neal,2,,,made,,layup,25,6
Derrick Rose,Joakim Noah,John Salmons,Luol Deng,Taj Gibson,Anderson Varejao,Anthony Parker,LeBron James,Mo Williams,Shaquille O'Neal,3,8:55,CLE,foul,,,,,,,,John Salmons,,Anthony Parker,,,,,,personal,,
Brad Miller,Derrick Rose,John Salmons,Luol Deng,Taj Gibson,Anderson Varejao,Anthony Parker,LeBron James,Mo Williams,Shaquille O'Neal,3,8:55,CHI,sub,,,,Brad Miller,,Joakim Noah,,,,,,,,,,,,
Brad Miller,Derrick Rose,John Salmons,Luol Deng,Taj Gibson,Anderson Varejao,Anthony Parker,LeBron James,Mo Williams,Shaquille O'Neal,3,8:47,CHI,shot,Brad Miller,,,,,,,,,Luol Deng,2,,,made,,layup,24,7
Brad Miller,Derrick Rose,John Salmons,Luol Deng,Taj Gibson,Anderson Varejao,Anthony Parker,LeBron James,Mo Williams,Shaquille O'Neal,3,8:28,CLE,shot,,,Luol Deng,,,,,,,Anthony Parker,,,,missed,,layup,25,7
Brad Miller,Derrick Rose,John Salmons,Luol Deng,Taj Gibson,Anderson Varejao,Anthony Parker,LeBron James,Mo Williams,Shaquille O'Neal,3,8:27,CHI,rebound,,,,,,,,,,Brad Miller,,,,,,def,,
Brad Miller,Derrick Rose,John Salmons,Luol Deng,Taj Gibson,Anderson Varejao,Anthony Parker,LeBron James,Mo Williams,Shaquille O'Neal,3,8:14,CHI,shot,,,,,,,,,,Luol Deng,,,,missed,,running jump,31,14
Brad Miller,Derrick Rose,John Salmons,Luol Deng,Taj Gibson,Anderson Varejao,Anthony Parker,LeBron James,Mo Williams,Shaquille O'Neal,3,8:12,CLE,rebound,,,,,,,,,,Anderson Varejao,,,,,,def,,
Brad Miller,Derrick Rose,John Salmons,Luol Deng,Taj Gibson,Anderson Varejao,Anthony Parker,LeBron James,Mo Williams,Shaquille O'Neal,3,8:05,CLE,shot,Mo Williams,,,,,,,,,Anthony Parker,2,,,made,,jump,44,13
Brad Miller,Derrick Rose,John Salmons,Luol Deng,Taj Gibson,Anderson Varejao,Anthony Parker,LeBron James,Mo Williams,Shaquille O'Neal,3,7:48,CHI,shot,,,,,,,,,,Taj Gibson,,,,missed,,jump,11,11
Brad Miller,Derrick Rose,John Salmons,Luol Deng,Taj Gibson,Anderson Varejao,Anthony Parker,LeBron James,Mo Williams,Shaquille O'Neal,3,7:47,CLE,rebound,,,,,,,,,,,,,,,,,,
Brad Miller,Derrick Rose,John Salmons,Luol Deng,Taj Gibson,Anderson Varejao,Anthony Parker,LeBron James,Mo Williams,Shaquille O'Neal,3,7:27,CLE,shot,,,,,,,,,,Shaquille O'Neal,,,,missed,,turnaround jump,37,9
Brad Miller,Derrick Rose,John Salmons,Luol Deng,Taj Gibson,Anderson Varejao,Anthony Parker,LeBron James,Mo Williams,Shaquille O'Neal,3,7:23,CHI,rebound,,,,,,,,,,Luol Deng,,,,,,def,,
Brad Miller,Derrick Rose,John Salmons,Luol Deng,Taj Gibson,Anderson Varejao,Anthony Parker,LeBron James,Mo Williams,Shaquille O'Neal,3,7:13,CHI,turnover,,,,,,,,,,Derrick Rose,,,bad pass,,LeBron James,,,
Brad Miller,Derrick Rose,John Salmons,Luol Deng,Taj Gibson,Anderson Varejao,Anthony Parker,LeBron James,Mo Williams,Shaquille O'Neal,3,7:04,CLE,shot,Anthony Parker,,,,,,,,,Mo Williams,3,,,made,,3pt,2,7
Brad Miller,Derrick Rose,John Salmons,Luol Deng,Taj Gibson,Anderson Varejao,Anthony Parker,LeBron James,Mo Williams,Shaquille O'Neal,3,6:48,CLE,foul,,,,,,,,Luol Deng,,Shaquille O'Neal,,,,,,shooting,,
Brad Miller,Derrick Rose,John Salmons,Luol Deng,Taj Gibson,Anderson Varejao,Anthony Parker,LeBron James,Mo Williams,Shaquille O'Neal,3,6:48,CHI,free throw,,,,,,,1,,2,Luol Deng,,,foul,made,,,,
Brad Miller,Derrick Rose,John Salmons,Luol Deng,Taj Gibson,Anderson Varejao,Anthony Parker,LeBron James,Mo Williams,Shaquille O'Neal,3,6:48,CHI,free throw,,,,,,,2,,2,Luol Deng,,,foul,made,,,,
Brad Miller,Derrick Rose,John Salmons,Luol Deng,Taj Gibson,Anderson Varejao,Anthony Parker,LeBron James,Mo Williams,Shaquille O'Neal,3,6:38,CLE,turnover,,,,,,,,,,Mo Williams,,,bad pass,,Brad Miller,,,
Brad Miller,Derrick Rose,John Salmons,Luol Deng,Taj Gibson,Anderson Varejao,Anthony Parker,LeBron James,Mo Williams,Shaquille O'Neal,3,6:25,CHI,shot,,,,,,,,,,Luol Deng,,,,missed,,jump,43,7
Brad Miller,Derrick Rose,John Salmons,Luol Deng,Taj Gibson,Anderson Varejao,Anthony Parker,LeBron James,Mo Williams,Shaquille O'Neal,3,6:24,CLE,rebound,,,,,,,,,,Shaquille O'Neal,,,,,,def,,
Brad Miller,Derrick Rose,John Salmons,Luol Deng,Taj Gibson,Anderson Varejao,Anthony Parker,LeBron James,Mo Williams,Shaquille O'Neal,3,6:16,CLE,shot,Mo Williams,,,,,,,,,Anthony Parker,3,,,made,,3pt,2,7
Brad Miller,Derrick Rose,John Salmons,Luol Deng,Taj Gibson,Anderson Varejao,Anthony Parker,LeBron James,Mo Williams,Shaquille O'Neal,3,6:03,CHI,shot,,,Shaquille O'Neal,,,,,,,Derrick Rose,,,,missed,,jump,24,18
Brad Miller,Derrick Rose,John Salmons,Luol Deng,Taj Gibson,Anderson Varejao,Anthony Parker,LeBron James,Mo Williams,Shaquille O'Neal,3,6:01,CHI,rebound,,,,,,,,,,Derrick Rose,,,,,,off,,
Brad Miller,Derrick Rose,John Salmons,Luol Deng,Taj Gibson,Anderson Varejao,Anthony Parker,LeBron James,Mo Williams,Shaquille O'Neal,3,5:58,CLE,foul,,,,,,,,,,Shaquille O'Neal,,,,,,defense 3 second,,
Brad Miller,Derrick Rose,John Salmons,Luol Deng,Taj Gibson,Anderson Varejao,Anthony Parker,LeBron James,Mo Williams,Shaquille O'Neal,3,5:58,CLE,timeout,,,,,,,,,,,,,,,,regular,,
Brad Miller,John Salmons,Kirk Hinrich,Luol Deng,Taj Gibson,Anderson Varejao,Anthony Parker,LeBron James,Mo Williams,Shaquille O'Neal,3,5:58,CHI,sub,,,,Kirk Hinrich,,Derrick Rose,,,,,,,,,,,,
Brad Miller,John Salmons,Kirk Hinrich,Luol Deng,Taj Gibson,Anderson Varejao,Anthony Parker,LeBron James,Mo Williams,Shaquille O'Neal,3,5:58,CHI,free throw,,,,,,,1,,1,John Salmons,,,technical,made,,,,
Brad Miller,John Salmons,Kirk Hinrich,Luol Deng,Taj Gibson,Anderson Varejao,Anthony Parker,LeBron James,Mo Williams,Shaquille O'Neal,3,5:52,CHI,shot,,,,,,,,,,John Salmons,,,,missed,,turnaround fade away,15,17
Brad Miller,John Salmons,Kirk Hinrich,Luol Deng,Taj Gibson,Anderson Varejao,Anthony Parker,LeBron James,Mo Williams,Shaquille O'Neal,3,5:49,CLE,rebound,,,,,,,,,,LeBron James,,,,,,def,,
Brad Miller,John Salmons,Kirk Hinrich,Luol Deng,Taj Gibson,Anderson Varejao,Anthony Parker,LeBron James,Mo Williams,Shaquille O'Neal,3,5:36,CLE,shot,,,,,,,,,,Mo Williams,,,,missed,,jump,46,6
Brad Miller,John Salmons,Kirk Hinrich,Luol Deng,Taj Gibson,Anderson Varejao,Anthony Parker,LeBron James,Mo Williams,Shaquille O'Neal,3,5:32,CHI,rebound,,,,,,,,,,Brad Miller,,,,,,def,,
Brad Miller,John Salmons,Kirk Hinrich,Luol Deng,Taj Gibson,Anderson Varejao,Anthony Parker,LeBron James,Mo Williams,Shaquille O'Neal,3,5:21,CHI,shot,Kirk Hinrich,,,,,,,,,Brad Miller,2,,,made,,jump,16,22
Brad Miller,John Salmons,Kirk Hinrich,Luol Deng,Taj Gibson,Anderson Varejao,Anthony Parker,LeBron James,Mo Williams,Shaquille O'Neal,3,4:54,CLE,shot,,,,,,,,,,Shaquille O'Neal,,,,missed,,jump hook,16,11
Brad Miller,John Salmons,Kirk Hinrich,Luol Deng,Taj Gibson,Anderson Varejao,Anthony Parker,LeBron James,Mo Williams,Shaquille O'Neal,3,4:52,CHI,rebound,,,,,,,,,,Taj Gibson,,,,,,def,,
Brad Miller,John Salmons,Kirk Hinrich,Luol Deng,Taj Gibson,Anderson Varejao,Anthony Parker,LeBron James,Mo Williams,Shaquille O'Neal,3,4:44,CHI,shot,,,,,,,,,,Kirk Hinrich,,,,missed,,jump,15,21
Brad Miller,John Salmons,Kirk Hinrich,Luol Deng,Taj Gibson,Anderson Varejao,Anthony Parker,LeBron James,Mo Williams,Shaquille O'Neal,3,4:42,CLE,rebound,,,,,,,,,,Shaquille O'Neal,,,,,,def,,
Brad Miller,John Salmons,Kirk Hinrich,Luol Deng,Taj Gibson,Anderson Varejao,Anthony Parker,LeBron James,Mo Williams,Shaquille O'Neal,3,4:32,CLE,turnover,,,,,,,,,,LeBron James,,,lost ball,,Kirk Hinrich,,,
Brad Miller,John Salmons,Kirk Hinrich,Luol Deng,Taj Gibson,Anderson Varejao,Anthony Parker,LeBron James,Mo Williams,Shaquille O'Neal,3,4:18,CHI,shot,,,,,,,,,,Brad Miller,,,,missed,,jump,11,18
Brad Miller,John Salmons,Kirk Hinrich,Luol Deng,Taj Gibson,Anderson Varejao,Anthony Parker,LeBron James,Mo Williams,Shaquille O'Neal,3,4:17,CLE,rebound,,,,,,,,,,LeBron James,,,,,,def,,
Brad Miller,John Salmons,Kirk Hinrich,Luol Deng,Taj Gibson,Anderson Varejao,Anthony Parker,LeBron James,Mo Williams,Shaquille O'Neal,3,4:01,CLE,shot,,,,,,,,,,Shaquille O'Neal,2,,,made,,jump hook,30,12
Brad Miller,John Salmons,Kirk Hinrich,Luol Deng,Taj Gibson,Anderson Varejao,Anthony Parker,LeBron James,Mo Williams,Shaquille O'Neal,3,3:46,CHI,shot,,,,,,,,,,Kirk Hinrich,2,,,made,,driving layup,25,7
Brad Miller,John Salmons,Kirk Hinrich,Luol Deng,Taj Gibson,Anderson Varejao,Anthony Parker,LeBron James,Mo Williams,Shaquille O'Neal,3,3:26,CLE,shot,,,,,,,,,,LeBron James,2,,,made,,jump,9,15
Brad Miller,John Salmons,Kirk Hinrich,Luol Deng,Taj Gibson,Anderson Varejao,Anthony Parker,LeBron James,Mo Williams,Shaquille O'Neal,3,3:09,CHI,shot,Kirk Hinrich,,,,,,,,,Brad Miller,2,,,made,,jump,24,13
Brad Miller,John Salmons,Kirk Hinrich,Luol Deng,Taj Gibson,Anderson Varejao,Anthony Parker,LeBron James,Mo Williams,Shaquille O'Neal,3,2:55,CLE,shot,,,,,,,,,,LeBron James,,,,missed,,jump,8,14
Brad Miller,John Salmons,Kirk Hinrich,Luol Deng,Taj Gibson,Anderson Varejao,Anthony Parker,LeBron James,Mo Williams,Shaquille O'Neal,3,2:54,CHI,rebound,,,,,,,,,,Kirk Hinrich,,,,,,def,,
Brad Miller,John Salmons,Kirk Hinrich,Luol Deng,Taj Gibson,Anderson Varejao,Anthony Parker,LeBron James,Mo Williams,Shaquille O'Neal,3,2:44,CHI,turnover,,,,,,,,,,Kirk Hinrich,,,bad pass,,Anthony Parker,,,
Brad Miller,John Salmons,Kirk Hinrich,Luol Deng,Taj Gibson,Anderson Varejao,Anthony Parker,LeBron James,Mo Williams,Shaquille O'Neal,3,2:40,CHI,foul,,,,,,,,LeBron James,,Brad Miller,,,,,,personal,,
Brad Miller,John Salmons,Kirk Hinrich,Luol Deng,Taj Gibson,Anderson Varejao,Anthony Parker,LeBron James,Mo Williams,Shaquille O'Neal,3,2:40,CHI,timeout,,,,,,,,,,,,,,,,regular,,
Brad Miller,John Salmons,Kirk Hinrich,Luol Deng,Taj Gibson,Anderson Varejao,Anthony Parker,LeBron James,Mo Williams,Zydrunas Ilgauskas,3,2:40,CLE,sub,,,,Zydrunas Ilgauskas,,Shaquille O'Neal,,,,,,,,,,,,
Brad Miller,John Salmons,Kirk Hinrich,Luol Deng,Taj Gibson,Anderson Varejao,Delonte West,LeBron James,Mo Williams,Zydrunas Ilgauskas,3,2:40,CLE,sub,,,,Delonte West,,Anthony Parker,,,,,,,,,,,,
Joakim Noah,John Salmons,Kirk Hinrich,Luol Deng,Taj Gibson,Anderson Varejao,Delonte West,LeBron James,Mo Williams,Zydrunas Ilgauskas,3,2:40,CHI,sub,,,,Joakim Noah,,Brad Miller,,,,,,,,,,,,
Joakim Noah,John Salmons,Kirk Hinrich,Luol Deng,Taj Gibson,Anderson Varejao,Delonte West,LeBron James,Mo Williams,Zydrunas Ilgauskas,3,2:22,CLE,shot,Delonte West,,,,,,,,,LeBron James,2,,,made,,jump,46,14
Joakim Noah,John Salmons,Kirk Hinrich,Luol Deng,Taj Gibson,Anderson Varejao,Delonte West,LeBron James,Mo Williams,Zydrunas Ilgauskas,3,2:10,CLE,foul,,,,,,,,Joakim Noah,,Anderson Varejao,,,,,,shooting,,
Joakim Noah,John Salmons,Kirk Hinrich,Luol Deng,Taj Gibson,Anderson Varejao,Daniel Gibson,Delonte West,LeBron James,Zydrunas Ilgauskas,3,2:10,CLE,sub,,,,Daniel Gibson,,Mo Williams,,,,,,,,,,,,
Joakim Noah,John Salmons,Kirk Hinrich,Luol Deng,Taj Gibson,Anderson Varejao,Daniel Gibson,Delonte West,LeBron James,Zydrunas Ilgauskas,3,2:10,CHI,free throw,,,,,,,1,,2,Joakim Noah,,,foul,made,,,,
Joakim Noah,John Salmons,Kirk Hinrich,Luol Deng,Tyrus Thomas,Anderson Varejao,Daniel Gibson,Delonte West,LeBron James,Zydrunas Ilgauskas,3,2:10,CHI,sub,,,,Tyrus Thomas,,Taj Gibson,,,,,,,,,,,,
Jannero Pargo,Joakim Noah,Kirk Hinrich,Luol Deng,Tyrus Thomas,Anderson Varejao,Daniel Gibson,Delonte West,LeBron James,Zydrunas Ilgauskas,3,2:10,CHI,sub,,,,Jannero Pargo,,John Salmons,,,,,,,,,,,,
Jannero Pargo,Joakim Noah,Kirk Hinrich,Luol Deng,Tyrus Thomas,Anderson Varejao,Daniel Gibson,Delonte West,LeBron James,Zydrunas Ilgauskas,3,2:10,CHI,free throw,,,,,,,2,,2,Joakim Noah,,,foul,made,,,,
Jannero Pargo,Joakim Noah,Kirk Hinrich,Luol Deng,Tyrus Thomas,Anderson Varejao,Daniel Gibson,Delonte West,LeBron James,Zydrunas Ilgauskas,3,1:54,CHI,foul,,,,,,,,Anderson Varejao,,Tyrus Thomas,,,,,,shooting,,
Jannero Pargo,Joakim Noah,Kirk Hinrich,Luol Deng,Tyrus Thomas,Anderson Varejao,Daniel Gibson,Delonte West,LeBron James,Zydrunas Ilgauskas,3,1:54,CLE,free throw,,,,,,,1,,2,Anderson Varejao,,,foul,made,,,,
Jannero Pargo,Joakim Noah,Kirk Hinrich,Luol Deng,Tyrus Thomas,Anderson Varejao,Daniel Gibson,Delonte West,LeBron James,Zydrunas Ilgauskas,3,1:54,CLE,free throw,,,,,,,2,,2,Anderson Varejao,,,foul,missed,,,,
Jannero Pargo,Joakim Noah,Kirk Hinrich,Luol Deng,Tyrus Thomas,Anderson Varejao,Daniel Gibson,Delonte West,LeBron James,Zydrunas Ilgauskas,3,1:53,CHI,rebound,,,,,,,,,,Tyrus Thomas,,,,,,def,,
Jannero Pargo,Joakim Noah,Kirk Hinrich,Luol Deng,Tyrus Thomas,Anderson Varejao,Daniel Gibson,Delonte West,LeBron James,Zydrunas Ilgauskas,3,1:45,CHI,turnover,,,,,,,,,,Kirk Hinrich,,,bad pass,,,,,
Jannero Pargo,Joakim Noah,Kirk Hinrich,Luol Deng,Tyrus Thomas,Anderson Varejao,Daniel Gibson,Delonte West,LeBron James,Zydrunas Ilgauskas,3,1:31,CLE,turnover,,,,,,,,,,Anderson Varejao,,,3 second violation,,,,,
Jannero Pargo,Joakim Noah,Kirk Hinrich,Luol Deng,Tyrus Thomas,Anderson Varejao,Daniel Gibson,Delonte West,LeBron James,Zydrunas Ilgauskas,3,1:17,CHI,shot,Jannero Pargo,,,,,,,,,Tyrus Thomas,2,,,made,,jump,38,11
Jannero Pargo,Joakim Noah,Kirk Hinrich,Luol Deng,Tyrus Thomas,Anderson Varejao,Daniel Gibson,Delonte West,LeBron James,Zydrunas Ilgauskas,3,0:55,CLE,shot,,,,,,,,,,Zydrunas Ilgauskas,,,,missed,,jump,43,13
Jannero Pargo,Joakim Noah,Kirk Hinrich,Luol Deng,Tyrus Thomas,Anderson Varejao,Daniel Gibson,Delonte West,LeBron James,Zydrunas Ilgauskas,3,0:53,CHI,rebound,,,,,,,,,,Kirk Hinrich,,,,,,def,,
Jannero Pargo,Joakim Noah,Kirk Hinrich,Luol Deng,Tyrus Thomas,Anderson Varejao,Daniel Gibson,Delonte West,LeBron James,Zydrunas Ilgauskas,3,0:47,CHI,shot,,,,,,,,,,Jannero Pargo,,,,missed,,3pt,11,27
Jannero Pargo,Joakim Noah,Kirk Hinrich,Luol Deng,Tyrus Thomas,Anderson Varejao,Daniel Gibson,Delonte West,LeBron James,Zydrunas Ilgauskas,3,0:47,CLE,rebound,,,,,,,,,,LeBron James,,,,,,def,,
Jannero Pargo,Joakim Noah,Kirk Hinrich,Luol Deng,Tyrus Thomas,Anderson Varejao,Daniel Gibson,Delonte West,LeBron James,Zydrunas Ilgauskas,3,0:30,CLE,shot,,,,,,,,,,LeBron James,,,,missed,,jump,19,26
Jannero Pargo,Joakim Noah,Kirk Hinrich,Luol Deng,Tyrus Thomas,Anderson Varejao,Daniel Gibson,Delonte West,LeBron James,Zydrunas Ilgauskas,3,0:29,CHI,rebound,,,,,,,,,,Kirk Hinrich,,,,,,def,,
Jannero Pargo,Joakim Noah,Kirk Hinrich,Luol Deng,Tyrus Thomas,Anderson Varejao,Daniel Gibson,Delonte West,LeBron James,Zydrunas Ilgauskas,3,0:23,CHI,turnover,,,,,,,,,,Kirk Hinrich,,,bad pass,,,,,
Jannero Pargo,Joakim Noah,Kirk Hinrich,Luol Deng,Tyrus Thomas,Anderson Varejao,Daniel Gibson,Delonte West,LeBron James,Zydrunas Ilgauskas,3,0:01,CLE,shot,LeBron James,,,,,,,,,Daniel Gibson,3,,,made,,3pt,38,26
Jannero Pargo,Joakim Noah,Kirk Hinrich,Luol Deng,Tyrus Thomas,Anthony Parker,Daniel Gibson,Delonte West,LeBron James,Zydrunas Ilgauskas,4,11:50,CHI,foul,,,,,,,,LeBron James,,Kirk Hinrich,,,,,,shooting,,
Derrick Rose,Jannero Pargo,Joakim Noah,Luol Deng,Tyrus Thomas,Anthony Parker,Daniel Gibson,Delonte West,LeBron James,Zydrunas Ilgauskas,4,11:50,CHI,sub,,,,Derrick Rose,,Kirk Hinrich,,,,,,,,,,,,
Derrick Rose,Jannero Pargo,Joakim Noah,Luol Deng,Tyrus Thomas,Anthony Parker,Daniel Gibson,Delonte West,LeBron James,Zydrunas Ilgauskas,4,11:50,CLE,free throw,,,,,,,1,,2,LeBron James,,,foul,missed,,,,
Derrick Rose,Jannero Pargo,Joakim Noah,Luol Deng,Tyrus Thomas,Anthony Parker,Daniel Gibson,Delonte West,LeBron James,Zydrunas Ilgauskas,4,11:50,CLE,rebound,,,,,,,,,,,,,,,,,,
Derrick Rose,Jannero Pargo,Joakim Noah,Luol Deng,Tyrus Thomas,Anthony Parker,Daniel Gibson,Delonte West,LeBron James,Zydrunas Ilgauskas,4,11:50,CLE,free throw,,,,,,,2,,2,LeBron James,,,foul,made,,,,
Derrick Rose,Jannero Pargo,Joakim Noah,Luol Deng,Tyrus Thomas,Anthony Parker,Daniel Gibson,Delonte West,LeBron James,Zydrunas Ilgauskas,4,11:33,CHI,shot,Joakim Noah,,,,,,,,,Luol Deng,3,,,made,,3pt,49,7
Derrick Rose,Jannero Pargo,Joakim Noah,Luol Deng,Tyrus Thomas,Anthony Parker,Daniel Gibson,Delonte West,LeBron James,Zydrunas Ilgauskas,4,11:12,CLE,shot,,,,,,,,,,Anthony Parker,,,,missed,,jump,14,22
Derrick Rose,Jannero Pargo,Joakim Noah,Luol Deng,Tyrus Thomas,Anthony Parker,Daniel Gibson,Delonte West,LeBron James,Zydrunas Ilgauskas,4,11:11,CLE,rebound,,,,,,,,,,Zydrunas Ilgauskas,,,,,,off,,
Derrick Rose,Jannero Pargo,Joakim Noah,Luol Deng,Tyrus Thomas,Anthony Parker,Daniel Gibson,Delonte West,LeBron James,Zydrunas Ilgauskas,4,10:53,CLE,shot,,,,,,,,,,Anthony Parker,,,,missed,,layup,25,7
Derrick Rose,Jannero Pargo,Joakim Noah,Luol Deng,Tyrus Thomas,Anthony Parker,Daniel Gibson,Delonte West,LeBron James,Zydrunas Ilgauskas,4,10:53,CLE,rebound,,,,,,,,,,Zydrunas Ilgauskas,,,,,,off,,
Derrick Rose,Jannero Pargo,Joakim Noah,Luol Deng,Tyrus Thomas,Anthony Parker,Daniel Gibson,Delonte West,LeBron James,Zydrunas Ilgauskas,4,10:53,CLE,shot,,,,,,,,,,Zydrunas Ilgauskas,,,,missed,,tip,25,7
Derrick Rose,Jannero Pargo,Joakim Noah,Luol Deng,Tyrus Thomas,Anthony Parker,Daniel Gibson,Delonte West,LeBron James,Zydrunas Ilgauskas,4,10:53,CHI,rebound,,,,,,,,,,Joakim Noah,,,,,,def,,
Derrick Rose,Jannero Pargo,Joakim Noah,Luol Deng,Tyrus Thomas,Anthony Parker,Daniel Gibson,Delonte West,LeBron James,Zydrunas Ilgauskas,4,10:53,CLE,foul,,,,,,,,Joakim Noah,,Zydrunas Ilgauskas,,,,,,personal,,
Derrick Rose,Jannero Pargo,Joakim Noah,Luol Deng,Tyrus Thomas,Anthony Parker,Daniel Gibson,Delonte West,LeBron James,Zydrunas Ilgauskas,4,10:37,CHI,shot,Luol Deng,,,,,,,,,Derrick Rose,2,,,made,,driving layup,24,7
Derrick Rose,Jannero Pargo,Joakim Noah,Luol Deng,Tyrus Thomas,Anthony Parker,Daniel Gibson,Delonte West,LeBron James,Zydrunas Ilgauskas,4,10:19,CHI,foul,,,,,,,,LeBron James,,Joakim Noah,,,,,,shooting,,
Derrick Rose,Jannero Pargo,Joakim Noah,Luol Deng,Tyrus Thomas,Anthony Parker,Daniel Gibson,Delonte West,LeBron James,Zydrunas Ilgauskas,4,10:19,CLE,free throw,,,,,,,1,,2,LeBron James,,,foul,made,,,,
Derrick Rose,Jannero Pargo,Joakim Noah,Luol Deng,Tyrus Thomas,Anthony Parker,Daniel Gibson,Delonte West,LeBron James,Zydrunas Ilgauskas,4,10:19,CLE,free throw,,,,,,,2,,2,LeBron James,,,foul,made,,,,
Derrick Rose,Jannero Pargo,Joakim Noah,Luol Deng,Tyrus Thomas,Anthony Parker,Daniel Gibson,Delonte West,LeBron James,Zydrunas Ilgauskas,4,10:04,CHI,shot,Derrick Rose,,,,,,,,,Luol Deng,2,,,made,,jump,24,24
Derrick Rose,Jannero Pargo,Joakim Noah,Luol Deng,Tyrus Thomas,Anthony Parker,Daniel Gibson,Delonte West,LeBron James,Zydrunas Ilgauskas,4,9:44,CLE,shot,,,,,,,,,,Zydrunas Ilgauskas,,,,missed,,jump,21,14
Derrick Rose,Jannero Pargo,Joakim Noah,Luol Deng,Tyrus Thomas,Anthony Parker,Daniel Gibson,Delonte West,LeBron James,Zydrunas Ilgauskas,4,9:43,CHI,rebound,,,,,,,,,,Derrick Rose,,,,,,def,,
Derrick Rose,Jannero Pargo,Joakim Noah,Luol Deng,Tyrus Thomas,Anthony Parker,Daniel Gibson,Delonte West,LeBron James,Zydrunas Ilgauskas,4,9:38,CHI,shot,,,,,,,,,,Derrick Rose,2,,,made,,layup,25,7
Derrick Rose,Jannero Pargo,Joakim Noah,Luol Deng,Tyrus Thomas,Anthony Parker,Daniel Gibson,Delonte West,LeBron James,Zydrunas Ilgauskas,4,9:38,CLE,timeout,,,,,,,,,,,,,,,,regular,,
Derrick Rose,Jannero Pargo,Joakim Noah,Luol Deng,Tyrus Thomas,Anthony Parker,Daniel Gibson,Delonte West,Shaquille O'Neal,Zydrunas Ilgauskas,4,9:38,CLE,sub,,,,Shaquille O'Neal,,LeBron James,,,,,,,,,,,,
Derrick Rose,Jannero Pargo,Joakim Noah,Luol Deng,Tyrus Thomas,Anthony Parker,Daniel Gibson,Delonte West,Shaquille O'Neal,Zydrunas Ilgauskas,4,9:21,CLE,shot,,,,,,,,,,Shaquille O'Neal,2,,,made,,jump hook,23,13
Derrick Rose,Jannero Pargo,Joakim Noah,Luol Deng,Tyrus Thomas,Anthony Parker,Daniel Gibson,Delonte West,Shaquille O'Neal,Zydrunas Ilgauskas,4,9:10,CHI,shot,,,,,,,,,,Luol Deng,,,,missed,,jump,41,18
Derrick Rose,Jannero Pargo,Joakim Noah,Luol Deng,Tyrus Thomas,Anthony Parker,Daniel Gibson,Delonte West,Shaquille O'Neal,Zydrunas Ilgauskas,4,9:09,CHI,rebound,,,,,,,,,,Joakim Noah,,,,,,off,,
Derrick Rose,Jannero Pargo,Joakim Noah,John Salmons,Tyrus Thomas,Anthony Parker,Daniel Gibson,Delonte West,Shaquille O'Neal,Zydrunas Ilgauskas,4,9:03,CHI,sub,,,,John Salmons,,Luol Deng,,,,,,,,,,,,
Derrick Rose,Jannero Pargo,Joakim Noah,John Salmons,Tyrus Thomas,Anthony Parker,Daniel Gibson,Delonte West,Shaquille O'Neal,Zydrunas Ilgauskas,4,8:56,CHI,shot,,,,,,,,,,Jannero Pargo,,,,missed,,jump,37,18
Derrick Rose,Jannero Pargo,Joakim Noah,John Salmons,Tyrus Thomas,Anthony Parker,Daniel Gibson,Delonte West,Shaquille O'Neal,Zydrunas Ilgauskas,4,8:54,CLE,rebound,,,,,,,,,,Shaquille O'Neal,,,,,,def,,
Derrick Rose,Jannero Pargo,Joakim Noah,John Salmons,Tyrus Thomas,Anthony Parker,Daniel Gibson,Delonte West,Shaquille O'Neal,Zydrunas Ilgauskas,4,8:41,CLE,shot,,,,,,,,,,Daniel Gibson,,,,missed,,3pt,14,29
Derrick Rose,Jannero Pargo,Joakim Noah,John Salmons,Tyrus Thomas,Anthony Parker,Daniel Gibson,Delonte West,Shaquille O'Neal,Zydrunas Ilgauskas,4,8:40,CHI,rebound,,,,,,,,,,Joakim Noah,,,,,,def,,
Derrick Rose,Jannero Pargo,Joakim Noah,John Salmons,Tyrus Thomas,Anthony Parker,Daniel Gibson,Delonte West,Shaquille O'Neal,Zydrunas Ilgauskas,4,8:28,CHI,shot,Derrick Rose,,,,,,,,,Tyrus Thomas,2,,,made,,jump,9,15
Derrick Rose,Jannero Pargo,Joakim Noah,John Salmons,Tyrus Thomas,Anthony Parker,Daniel Gibson,Delonte West,Shaquille O'Neal,Zydrunas Ilgauskas,4,8:02,CLE,shot,,,,,,,,,,Shaquille O'Neal,2,,,made,,finger roll layup,25,9
Derrick Rose,Jannero Pargo,Joakim Noah,John Salmons,Tyrus Thomas,Anthony Parker,Daniel Gibson,Delonte West,Shaquille O'Neal,Zydrunas Ilgauskas,4,7:52,CHI,shot,,,,,,,,,,Derrick Rose,,,,missed,,layup,25,8
Derrick Rose,Jannero Pargo,Joakim Noah,John Salmons,Tyrus Thomas,Anthony Parker,Daniel Gibson,Delonte West,Shaquille O'Neal,Zydrunas Ilgauskas,4,7:52,CHI,rebound,,,,,,,,,,,,,,,,,,
Derrick Rose,Jannero Pargo,Joakim Noah,John Salmons,Tyrus Thomas,Anthony Parker,Daniel Gibson,Delonte West,Shaquille O'Neal,Zydrunas Ilgauskas,4,7:52,CLE,foul,,,,,,,,Joakim Noah,,Zydrunas Ilgauskas,,,,,,personal,,
Brad Miller,Derrick Rose,Jannero Pargo,John Salmons,Tyrus Thomas,Anthony Parker,Daniel Gibson,Delonte West,Shaquille O'Neal,Zydrunas Ilgauskas,4,7:52,CHI,sub,,,,Brad Miller,,Joakim Noah,,,,,,,,,,,,
Brad Miller,Derrick Rose,John Salmons,Kirk Hinrich,Tyrus Thomas,Anthony Parker,Daniel Gibson,Delonte West,Shaquille O'Neal,Zydrunas Ilgauskas,4,7:52,CHI,sub,,,,Kirk Hinrich,,Jannero Pargo,,,,,,,,,,,,
Brad Miller,Derrick Rose,John Salmons,Kirk Hinrich,Tyrus Thomas,Anthony Parker,Daniel Gibson,Delonte West,Shaquille O'Neal,Zydrunas Ilgauskas,4,7:47,CHI,shot,,,,,,,,,,Tyrus Thomas,,,,missed,,jump,33,23
Brad Miller,Derrick Rose,John Salmons,Kirk Hinrich,Tyrus Thomas,Anthony Parker,Daniel Gibson,Delonte West,Shaquille O'Neal,Zydrunas Ilgauskas,4,7:45,CHI,rebound,,,,,,,,,,John Salmons,,,,,,off,,
Brad Miller,Derrick Rose,John Salmons,Kirk Hinrich,Tyrus Thomas,Anthony Parker,Daniel Gibson,Delonte West,Shaquille O'Neal,Zydrunas Ilgauskas,4,7:37,CHI,shot,,,Zydrunas Ilgauskas,,,,,,,Tyrus Thomas,,,,missed,,layup,25,8
Brad Miller,Derrick Rose,John Salmons,Kirk Hinrich,Tyrus Thomas,Anthony Parker,Daniel Gibson,Delonte West,Shaquille O'Neal,Zydrunas Ilgauskas,4,7:34,CLE,rebound,,,,,,,,,,Delonte West,,,,,,def,,
Brad Miller,Derrick Rose,John Salmons,Kirk Hinrich,Tyrus Thomas,Anthony Parker,Daniel Gibson,Delonte West,Shaquille O'Neal,Zydrunas Ilgauskas,4,7:31,CLE,shot,,,,,,,,,,Delonte West,2,,,made,,layup,26,8
Brad Miller,Derrick Rose,John Salmons,Kirk Hinrich,Tyrus Thomas,Anthony Parker,Daniel Gibson,Delonte West,Shaquille O'Neal,Zydrunas Ilgauskas,4,7:20,CLE,foul,,,,,,,,Brad Miller,,Daniel Gibson,,,,,,personal,,
Brad Miller,Derrick Rose,John Salmons,Kirk Hinrich,Taj Gibson,Anthony Parker,Daniel Gibson,Delonte West,Shaquille O'Neal,Zydrunas Ilgauskas,4,7:20,CHI,sub,,,,Taj Gibson,,Tyrus Thomas,,,,,,,,,,,,
Brad Miller,Derrick Rose,John Salmons,Kirk Hinrich,Taj Gibson,Anthony Parker,Daniel Gibson,Delonte West,Shaquille O'Neal,Zydrunas Ilgauskas,4,7:06,CHI,shot,,,Anthony Parker,,,,,,,Brad Miller,,,,missed,,layup,25,7
Brad Miller,Derrick Rose,John Salmons,Kirk Hinrich,Taj Gibson,Anthony Parker,Daniel Gibson,Delonte West,Shaquille O'Neal,Zydrunas Ilgauskas,4,7:06,CHI,rebound,,,,,,,,,,,,,,,,,,
Brad Miller,Derrick Rose,John Salmons,Kirk Hinrich,Taj Gibson,Anthony Parker,Daniel Gibson,Delonte West,Shaquille O'Neal,Zydrunas Ilgauskas,4,7:04,CHI,shot,Derrick Rose,,,,,,,,,Taj Gibson,2,,,made,,jump,30,9
Brad Miller,Derrick Rose,John Salmons,Kirk Hinrich,Taj Gibson,Anthony Parker,Daniel Gibson,Delonte West,Shaquille O'Neal,Zydrunas Ilgauskas,4,6:47,CLE,shot,,,,,,,,,,Zydrunas Ilgauskas,,,,missed,,jump,16,23
Brad Miller,Derrick Rose,John Salmons,Kirk Hinrich,Taj Gibson,Anthony Parker,Daniel Gibson,Delonte West,Shaquille O'Neal,Zydrunas Ilgauskas,4,6:47,CHI,rebound,,,,,,,,,,,,,,,,,,
Brad Miller,Derrick Rose,John Salmons,Kirk Hinrich,Taj Gibson,Anthony Parker,Daniel Gibson,Delonte West,Shaquille O'Neal,Zydrunas Ilgauskas,4,6:47,CLE,foul,,,,,,,,Brad Miller,,Shaquille O'Neal,,,,,,loose ball,,
Brad Miller,Derrick Rose,John Salmons,Kirk Hinrich,Taj Gibson,Anderson Varejao,Anthony Parker,Daniel Gibson,Delonte West,Shaquille O'Neal,4,6:47,CLE,sub,,,,Anderson Varejao,,Zydrunas Ilgauskas,,,,,,,,,,,,
Brad Miller,Derrick Rose,John Salmons,Kirk Hinrich,Taj Gibson,Anderson Varejao,Daniel Gibson,Delonte West,Mo Williams,Shaquille O'Neal,4,6:47,CLE,sub,,,,Mo Williams,,Anthony Parker,,,,,,,,,,,,
Brad Miller,Derrick Rose,John Salmons,Kirk Hinrich,Taj Gibson,Anderson Varejao,Daniel Gibson,Delonte West,Mo Williams,Shaquille O'Neal,4,6:37,CHI,shot,,,,,,,,,,Taj Gibson,,,,missed,,jump,20,23
Brad Miller,Derrick Rose,John Salmons,Kirk Hinrich,Taj Gibson,Anderson Varejao,Daniel Gibson,Delonte West,Mo Williams,Shaquille O'Neal,4,6:36,CLE,rebound,,,,,,,,,,Anderson Varejao,,,,,,def,,
Brad Miller,Derrick Rose,John Salmons,Kirk Hinrich,Taj Gibson,Anderson Varejao,Daniel Gibson,Delonte West,Mo Williams,Shaquille O'Neal,4,6:30,CLE,turnover,,,,,,,,,,Delonte West,,,bad pass,,Brad Miller,,,
Brad Miller,Derrick Rose,John Salmons,Kirk Hinrich,Taj Gibson,Anderson Varejao,Daniel Gibson,Delonte West,Mo Williams,Shaquille O'Neal,4,6:24,CHI,shot,,,,,,,,,,Derrick Rose,2,,,made,,driving layup,24,6
Brad Miller,Derrick Rose,John Salmons,Kirk Hinrich,Taj Gibson,Anderson Varejao,Daniel Gibson,Delonte West,Mo Williams,Shaquille O'Neal,4,6:01,CLE,shot,,,,,,,,,,Delonte West,,,,missed,,jump,32,20
Brad Miller,Derrick Rose,John Salmons,Kirk Hinrich,Taj Gibson,Anderson Varejao,Daniel Gibson,Delonte West,Mo Williams,Shaquille O'Neal,4,6:00,CHI,rebound,,,,,,,,,,Taj Gibson,,,,,,def,,
Brad Miller,Derrick Rose,John Salmons,Kirk Hinrich,Taj Gibson,Anderson Varejao,Daniel Gibson,Delonte West,Mo Williams,Shaquille O'Neal,4,5:46,CHI,shot,,,Shaquille O'Neal,,,,,,,Brad Miller,,,,missed,,jump,24,12
Brad Miller,Derrick Rose,John Salmons,Kirk Hinrich,Taj Gibson,Anderson Varejao,Daniel Gibson,Delonte West,Mo Williams,Shaquille O'Neal,4,5:43,CLE,rebound,,,,,,,,,,Anderson Varejao,,,,,,def,,
Brad Miller,Derrick Rose,John Salmons,Kirk Hinrich,Taj Gibson,Anderson Varejao,Daniel Gibson,Delonte West,Mo Williams,Shaquille O'Neal,4,5:27,CLE,shot,Delonte West,,,,,,,,,Mo Williams,2,,,made,,jump,16,21
Brad Miller,Derrick Rose,John Salmons,Kirk Hinrich,Taj Gibson,Anderson Varejao,Daniel Gibson,Delonte West,Mo Williams,Shaquille O'Neal,4,5:18,CLE,foul,,,,,,,,Derrick Rose,,Mo Williams,,,,,,personal,,
Brad Miller,Derrick Rose,John Salmons,Kirk Hinrich,Taj Gibson,Anderson Varejao,Daniel Gibson,Delonte West,Mo Williams,Shaquille O'Neal,4,5:18,CHI,timeout,,,,,,,,,,,,,,,,official,,
Brad Miller,Derrick Rose,John Salmons,Luol Deng,Taj Gibson,Anderson Varejao,Daniel Gibson,Delonte West,Mo Williams,Shaquille O'Neal,4,5:18,CHI,sub,,,,Luol Deng,,Kirk Hinrich,,,,,,,,,,,,
Brad Miller,Derrick Rose,John Salmons,Luol Deng,Taj Gibson,Anderson Varejao,Delonte West,LeBron James,Mo Williams,Shaquille O'Neal,4,5:18,CLE,sub,,,,LeBron James,,Daniel Gibson,,,,,,,,,,,,
Brad Miller,Derrick Rose,John Salmons,Luol Deng,Taj Gibson,Anderson Varejao,Delonte West,LeBron James,Mo Williams,Shaquille O'Neal,4,5:18,CHI,free throw,,,,,,,1,,2,Derrick Rose,,,foul,made,,,,
Brad Miller,Derrick Rose,John Salmons,Luol Deng,Taj Gibson,Anderson Varejao,Delonte West,LeBron James,Mo Williams,Shaquille O'Neal,4,5:18,CHI,free throw,,,,,,,2,,2,Derrick Rose,,,foul,made,,,,
Brad Miller,Derrick Rose,John Salmons,Luol Deng,Taj Gibson,Anderson Varejao,Delonte West,LeBron James,Mo Williams,Shaquille O'Neal,4,5:01,CLE,shot,,,,,,,,,,Delonte West,,,,missed,,jump,41,21
Brad Miller,Derrick Rose,John Salmons,Luol Deng,Taj Gibson,Anderson Varejao,Delonte West,LeBron James,Mo Williams,Shaquille O'Neal,4,5:00,CHI,rebound,,,,,,,,,,Luol Deng,,,,,,def,,
Brad Miller,Derrick Rose,John Salmons,Luol Deng,Taj Gibson,Anderson Varejao,Delonte West,LeBron James,Mo Williams,Shaquille O'Neal,4,4:48,CHI,shot,,,Shaquille O'Neal,,,,,,,Taj Gibson,,,,missed,,layup,25,8
Brad Miller,Derrick Rose,John Salmons,Luol Deng,Taj Gibson,Anderson Varejao,Delonte West,LeBron James,Mo Williams,Shaquille O'Neal,4,4:48,CHI,rebound,,,,,,,,,,,,,,,,,,
Brad Miller,Derrick Rose,John Salmons,Luol Deng,Taj Gibson,Anderson Varejao,Delonte West,LeBron James,Mo Williams,Shaquille O'Neal,4,4:35,CHI,shot,,,,,,,,,,Derrick Rose,,,,missed,,3pt,42,27
Brad Miller,Derrick Rose,John Salmons,Luol Deng,Taj Gibson,Anderson Varejao,Delonte West,LeBron James,Mo Williams,Shaquille O'Neal,4,4:35,CLE,rebound,,,,,,,,,,,,,,,,,,
Brad Miller,Derrick Rose,John Salmons,Luol Deng,Taj Gibson,Anderson Varejao,Delonte West,LeBron James,Mo Williams,Shaquille O'Neal,4,4:35,CHI,foul,,,,,,,,Anderson Varejao,,Brad Miller,,,,,,loose ball,,
Brad Miller,Derrick Rose,John Salmons,Luol Deng,Taj Gibson,Anderson Varejao,Delonte West,LeBron James,Mo Williams,Shaquille O'Neal,4,4:14,CLE,shot,Mo Williams,,,,,,,,,Shaquille O'Neal,2,,,made,,hook,25,13
Brad Miller,Derrick Rose,John Salmons,Luol Deng,Taj Gibson,Anderson Varejao,Delonte West,LeBron James,Mo Williams,Shaquille O'Neal,4,3:55,CHI,shot,Derrick Rose,,,,,,,,,Brad Miller,2,,,made,,jump,11,11
Brad Miller,Derrick Rose,John Salmons,Luol Deng,Taj Gibson,Anderson Varejao,Delonte West,LeBron James,Mo Williams,Shaquille O'Neal,4,3:32,CLE,shot,,,,,,,,,,LeBron James,,,,missed,,jump,12,23
Brad Miller,Derrick Rose,John Salmons,Luol Deng,Taj Gibson,Anderson Varejao,Delonte West,LeBron James,Mo Williams,Shaquille O'Neal,4,3:31,CHI,rebound,,,,,,,,,,John Salmons,,,,,,def,,
Brad Miller,Derrick Rose,John Salmons,Luol Deng,Taj Gibson,Anderson Varejao,Delonte West,LeBron James,Mo Williams,Shaquille O'Neal,4,3:10,CHI,shot,,,,,,,,,,Derrick Rose,,,,missed,,3pt,17,30
Brad Miller,Derrick Rose,John Salmons,Luol Deng,Taj Gibson,Anderson Varejao,Delonte West,LeBron James,Mo Williams,Shaquille O'Neal,4,3:09,CLE,rebound,,,,,,,,,,Anderson Varejao,,,,,,def,,
Brad Miller,Derrick Rose,John Salmons,Luol Deng,Taj Gibson,Anderson Varejao,Delonte West,LeBron James,Mo Williams,Shaquille O'Neal,4,2:52,CLE,shot,,,,,,,,,,Anderson Varejao,,,,missed,,jump,10,12
Brad Miller,Derrick Rose,John Salmons,Luol Deng,Taj Gibson,Anderson Varejao,Delonte West,LeBron James,Mo Williams,Shaquille O'Neal,4,2:51,CHI,rebound,,,,,,,,,,John Salmons,,,,,,def,,
Brad Miller,Derrick Rose,John Salmons,Luol Deng,Taj Gibson,Anderson Varejao,Delonte West,LeBron James,Mo Williams,Shaquille O'Neal,4,2:51,CHI,timeout,,,,,,,,,,,,,,,,regular,,
Brad Miller,Derrick Rose,John Salmons,Luol Deng,Taj Gibson,Anderson Varejao,Anthony Parker,Delonte West,LeBron James,Mo Williams,4,2:51,CLE,sub,,,,Anthony Parker,,Shaquille O'Neal,,,,,,,,,,,,
Brad Miller,Derrick Rose,John Salmons,Luol Deng,Taj Gibson,Anderson Varejao,Anthony Parker,Delonte West,LeBron James,Mo Williams,4,2:35,CHI,shot,Derrick Rose,,,,,,,,,Brad Miller,2,,,made,,layup,26,7
Brad Miller,Derrick Rose,John Salmons,Luol Deng,Taj Gibson,Anderson Varejao,Anthony Parker,Delonte West,LeBron James,Mo Williams,4,2:18,CHI,foul,,,,,,,,Mo Williams,,Derrick Rose,,,,,,shooting,,
Brad Miller,Derrick Rose,John Salmons,Luol Deng,Taj Gibson,Anderson Varejao,Anthony Parker,Delonte West,LeBron James,Mo Williams,4,2:18,CLE,free throw,,,,,,,1,,2,Mo Williams,,,foul,made,,,,
Brad Miller,Derrick Rose,John Salmons,Luol Deng,Taj Gibson,Anderson Varejao,Anthony Parker,Delonte West,LeBron James,Mo Williams,4,2:18,CLE,free throw,,,,,,,2,,2,Mo Williams,,,foul,made,,,,
Brad Miller,Derrick Rose,John Salmons,Luol Deng,Taj Gibson,Anderson Varejao,Anthony Parker,Delonte West,LeBron James,Mo Williams,4,2:00,CHI,shot,,,,,,,,,,Brad Miller,,,,missed,,jump,30,11
Brad Miller,Derrick Rose,John Salmons,Luol Deng,Taj Gibson,Anderson Varejao,Anthony Parker,Delonte West,LeBron James,Mo Williams,4,1:59,CLE,rebound,,,,,,,,,,LeBron James,,,,,,def,,
Brad Miller,Derrick Rose,John Salmons,Luol Deng,Taj Gibson,Anderson Varejao,Anthony Parker,Delonte West,LeBron James,Mo Williams,4,1:59,CHI,foul,,,,,,,,LeBron James,,Brad Miller,,,,,,personal,,
Brad Miller,Derrick Rose,John Salmons,Luol Deng,Taj Gibson,Anderson Varejao,Anthony Parker,Delonte West,LeBron James,Mo Williams,4,1:59,CLE,free throw,,,,,,,1,,2,LeBron James,,,foul,made,,,,
Brad Miller,Derrick Rose,John Salmons,Luol Deng,Taj Gibson,Anderson Varejao,Anthony Parker,Delonte West,LeBron James,Mo Williams,4,1:59,CLE,free throw,,,,,,,2,,2,LeBron James,,,foul,made,,,,
Brad Miller,Derrick Rose,John Salmons,Luol Deng,Taj Gibson,Anderson Varejao,Anthony Parker,Delonte West,LeBron James,Mo Williams,4,1:44,CHI,shot,,,,,,,,,,Derrick Rose,2,,,made,,floating jump,23,13
Brad Miller,Derrick Rose,John Salmons,Luol Deng,Taj Gibson,Anderson Varejao,Anthony Parker,Delonte West,LeBron James,Mo Williams,4,1:33,CLE,shot,,,,,,,,,,LeBron James,3,,,made,,3pt,38,27
Brad Miller,Derrick Rose,John Salmons,Luol Deng,Taj Gibson,Anderson Varejao,Anthony Parker,Delonte West,LeBron James,Mo Williams,4,1:11,CHI,shot,,,LeBron James,,,,,,,John Salmons,,,,missed,,layup,25,8
Brad Miller,Derrick Rose,John Salmons,Luol Deng,Taj Gibson,Anderson Varejao,Anthony Parker,Delonte West,LeBron James,Mo Williams,4,1:09,CLE,rebound,,,,,,,,,,Anthony Parker,,,,,,def,,
Brad Miller,Derrick Rose,John Salmons,Luol Deng,Taj Gibson,Anderson Varejao,Anthony Parker,Delonte West,LeBron James,Mo Williams,4,1:03,CLE,shot,,,,,,,,,,Mo Williams,,,,missed,,3pt,8,25
Brad Miller,Derrick Rose,John Salmons,Luol Deng,Taj Gibson,Anderson Varejao,Anthony Parker,Delonte West,LeBron James,Mo Williams,4,1:03,CHI,rebound,,,,,,,,,,Brad Miller,,,,,,def,,
Brad Miller,Derrick Rose,John Salmons,Luol Deng,Taj Gibson,Anderson Varejao,Anthony Parker,Delonte West,LeBron James,Mo Williams,4,1:03,CHI,timeout,,,,,,,,,,,,,,,,regular,,
Brad Miller,Derrick Rose,John Salmons,Luol Deng,Taj Gibson,Anderson Varejao,Anthony Parker,Delonte West,LeBron James,Mo Williams,4,0:49,CHI,shot,,,,,,,,,,John Salmons,,,,missed,,3pt,27,31
Brad Miller,Derrick Rose,John Salmons,Luol Deng,Taj Gibson,Anderson Varejao,Anthony Parker,Delonte West,LeBron James,Mo Williams,4,0:48,CLE,rebound,,,,,,,,,,Delonte West,,,,,,def,,
Brad Miller,Derrick Rose,John Salmons,Luol Deng,Taj Gibson,Anderson Varejao,Anthony Parker,Delonte West,LeBron James,Mo Williams,4,0:28,CLE,shot,,,,,,,,,,Mo Williams,,,,missed,,running bank,34,11
Brad Miller,Derrick Rose,John Salmons,Luol Deng,Taj Gibson,Anderson Varejao,Anthony Parker,Delonte West,LeBron James,Mo Williams,4,0:28,CHI,rebound,,,,,,,,,,Luol Deng,,,,,,def,,
Brad Miller,Derrick Rose,John Salmons,Luol Deng,Taj Gibson,Anderson Varejao,Anthony Parker,Delonte West,LeBron James,Mo Williams,4,0:05,CHI,shot,,,,,,,,,,Luol Deng,,,,missed,,jump,22,11
Brad Miller,Derrick Rose,John Salmons,Luol Deng,Taj Gibson,Anderson Varejao,Anthony Parker,Delonte West,LeBron James,Mo Williams,4,0:04,CHI,rebound,,,,,,,,,,,,,,,,,,
Brad Miller,Derrick Rose,John Salmons,Luol Deng,Taj Gibson,Anderson Varejao,Anthony Parker,Delonte West,LeBron James,Mo Williams,4,0:04,CHI,turnover,,,,,,,,,,,,,shot clock turnover,,,,,
Brad Miller,Derrick Rose,John Salmons,Luol Deng,Taj Gibson,Anderson Varejao,Anthony Parker,Delonte West,LeBron James,Mo Williams,4,0:04,CLE,timeout,,,,,,,,,,,,,,,,regular,,
Brad Miller,Derrick Rose,John Salmons,Luol Deng,Taj Gibson,Anthony Parker,Daniel Gibson,Delonte West,LeBron James,Mo Williams,4,0:04,CLE,sub,,,,Daniel Gibson,,Anderson Varejao,,,,,,,,,,,,
Brad Miller,Derrick Rose,John Salmons,Luol Deng,Taj Gibson,Anthony Parker,Daniel Gibson,LeBron James,Mo Williams,Shaquille O'Neal,4,0:04,CLE,sub,,,,Shaquille O'Neal,,Delonte West,,,,,,,,,,,,
Brad Miller,Derrick Rose,John Salmons,Kirk Hinrich,Luol Deng,Anthony Parker,Daniel Gibson,LeBron James,Mo Williams,Shaquille O'Neal,4,0:04,CHI,sub,,,,Kirk Hinrich,,Taj Gibson,,,,,,,,,,,,
Derrick Rose,Joakim Noah,John Salmons,Kirk Hinrich,Luol Deng,Anthony Parker,Daniel Gibson,LeBron James,Mo Williams,Shaquille O'Neal,4,0:04,CHI,sub,,,,Joakim Noah,,Brad Miller,,,,,,,,,,,,
Derrick Rose,Joakim Noah,John Salmons,Kirk Hinrich,Luol Deng,Anthony Parker,Daniel Gibson,LeBron James,Mo Williams,Shaquille O'Neal,4,0:04,CHI,timeout,,,,,,,,,,,,,,,,short,,
Derrick Rose,Joakim Noah,John Salmons,Kirk Hinrich,Luol Deng,Anthony Parker,Daniel Gibson,LeBron James,Mo Williams,Shaquille O'Neal,4,0:00,CLE,shot,,,,,,,,,,LeBron James,,,,missed,,layup,26,8
Derrick Rose,Joakim Noah,John Salmons,Kirk Hinrich,Luol Deng,Anthony Parker,Daniel Gibson,LeBron James,Mo Williams,Shaquille O'Neal,4,0:00,CHI,rebound,,,,,,,,,,,,,,,,,,
Derrick Rose,Joakim Noah,John Salmons,Kirk Hinrich,Luol Deng,Anthony Parker,Daniel Gibson,LeBron James,Mo Williams,Shaquille O'Neal,4,0:00,CHI,timeout,,,,,,,,,,,,,,,,short,,
Brad Miller,Derrick Rose,John Salmons,Kirk Hinrich,Luol Deng,Anthony Parker,Daniel Gibson,LeBron James,Mo Williams,Shaquille O'Neal,4,0:00,CHI,sub,,,,Brad Miller,,Joakim Noah,,,,,,,,,,,,
Brad Miller,John Salmons,Kirk Hinrich,Luol Deng,Taj Gibson,Anthony Parker,Daniel Gibson,LeBron James,Mo Williams,Shaquille O'Neal,4,0:00,CHI,sub,,,,Taj Gibson,,Derrick Rose,,,,,,,,,,,,
