a1,a2,a3,a4,a5,h1,h2,h3,h4,h5,period,time,team,etype,assist,away,block,entered,home,left,num,opponent,outof,player,points,possession,reason,result,steal,type,x,y
Brendan Haywood,Caron Butler,Fabricio Oberto,Gilbert Arenas,Mike Miller,Dirk Nowitzki,Erick Dampier,Jason Kidd,Quinton Ross,Shawn Marion,1,12:00,OFF,jump ball,,Brendan Haywood,,,Erick Dampier,,,,,,,Quinton Ross,,,,,,
Brendan Haywood,Caron Butler,Fabricio Oberto,Gilbert Arenas,Mike Miller,Dirk Nowitzki,Erick Dampier,Jason Kidd,Quinton Ross,Shawn Marion,1,11:41,DAL,shot,,,,,,,,,,Dirk Nowitzki,,,,missed,,jump,31,23
Brendan Haywood,Caron Butler,Fabricio Oberto,Gilbert Arenas,Mike Miller,Dirk Nowitzki,Erick Dampier,Jason Kidd,Quinton Ross,Shawn Marion,1,11:40,WAS,rebound,,,,,,,,,,Mike Miller,,,,,,def,,
Brendan Haywood,Caron Butler,Fabricio Oberto,Gilbert Arenas,Mike Miller,Dirk Nowitzki,Erick Dampier,Jason Kidd,Quinton Ross,Shawn Marion,1,11:29,DAL,foul,,,,,,,,Gilbert Arenas,,Jason Kidd,,,,,,shooting,,
Brendan Haywood,Caron Butler,Fabricio Oberto,Gilbert Arenas,Mike Miller,Dirk Nowitzki,Erick Dampier,Jason Kidd,Quinton Ross,Shawn Marion,1,11:29,WAS,free throw,,,,,,,1,,2,Gilbert Arenas,,,foul,made,,,,
Brendan Haywood,Caron Butler,Fabricio Oberto,Gilbert Arenas,Mike Miller,Dirk Nowitzki,Erick Dampier,Jason Kidd,Quinton Ross,Shawn Marion,1,11:29,WAS,free throw,,,,,,,2,,2,Gilbert Arenas,,,foul,made,,,,
Brendan Haywood,Caron Butler,Fabricio Oberto,Gilbert Arenas,Mike Miller,Dirk Nowitzki,Erick Dampier,Jason Kidd,Quinton Ross,Shawn Marion,1,11:04,DAL,shot,,,,,,,,,,Quinton Ross,2,,,made,,step back jump,39,15
Brendan Haywood,Caron Butler,Fabricio Oberto,Gilbert Arenas,Mike Miller,Dirk Nowitzki,Erick Dampier,Jason Kidd,Quinton Ross,Shawn Marion,1,10:42,WAS,turnover,,,,,,,,,,Caron Butler,,,bad pass,,Shawn Marion,,,
Brendan Haywood,Caron Butler,Fabricio Oberto,Gilbert Arenas,Mike Miller,Dirk Nowitzki,Erick Dampier,Jason Kidd,Quinton Ross,Shawn Marion,1,10:36,WAS,foul,,,,,,,,Erick Dampier,,Fabricio Oberto,,,,,,personal,,
Brendan Haywood,Caron Butler,Fabricio Oberto,Gilbert Arenas,Mike Miller,Dirk Nowitzki,Erick Dampier,Jason Kidd,Quinton Ross,Shawn Marion,1,10:31,DAL,turnover,,,,,,,,,,Dirk Nowitzki,,,bad pass,,Mike Miller,,,
Brendan Haywood,Caron Butler,Fabricio Oberto,Gilbert Arenas,Mike Miller,Dirk Nowitzki,Erick Dampier,Jason Kidd,Quinton Ross,Shawn Marion,1,10:27,WAS,foul,,,,,,,,Jason Kidd,,Fabricio Oberto,,,,,,offensive,,
Brendan Haywood,Caron Butler,Fabricio Oberto,Gilbert Arenas,Mike Miller,Dirk Nowitzki,Erick Dampier,Jason Kidd,Quinton Ross,Shawn Marion,1,10:27,WAS,turnover,,,,,,,,,,Fabricio Oberto,,,foul,,,,,
Andray Blatche,Brendan Haywood,Caron Butler,Gilbert Arenas,Mike Miller,Dirk Nowitzki,Erick Dampier,Jason Kidd,Quinton Ross,Shawn Marion,1,10:27,WAS,sub,,,,Andray Blatche,,Fabricio Oberto,,,,,,,,,,,,
Andray Blatche,Brendan Haywood,Caron Butler,Gilbert Arenas,Mike Miller,Dirk Nowitzki,Erick Dampier,Jason Kidd,Quinton Ross,Shawn Marion,1,10:17,DAL,shot,Jason Kidd,,,,,,,,,Dirk Nowitzki,2,,,made,,jump,21,22
Andray Blatche,Brendan Haywood,Caron Butler,Gilbert Arenas,Mike Miller,Dirk Nowitzki,Erick Dampier,Jason Kidd,Quinton Ross,Shawn Marion,1,9:53,WAS,shot,,,,,,,,,,Gilbert Arenas,,,,missed,,3pt,1,11
Andray Blatche,Brendan Haywood,Caron Butler,Gilbert Arenas,Mike Miller,Dirk Nowitzki,Erick Dampier,Jason Kidd,Quinton Ross,Shawn Marion,1,9:52,DAL,rebound,,,,,,,,,,Erick Dampier,,,,,,def,,
Andray Blatche,Brendan Haywood,Caron Butler,Gilbert Arenas,Mike Miller,Dirk Nowitzki,Erick Dampier,Jason Kidd,Quinton Ross,Shawn Marion,1,9:43,DAL,shot,,,,,,,,,,Dirk Nowitzki,,,,missed,,floating jump,34,14
Andray Blatche,Brendan Haywood,Caron Butler,Gilbert Arenas,Mike Miller,Dirk Nowitzki,Erick Dampier,Jason Kidd,Quinton Ross,Shawn Marion,1,9:42,WAS,rebound,,,,,,,,,,Caron Butler,,,,,,def,,
Andray Blatche,Brendan Haywood,Caron Butler,Gilbert Arenas,Mike Miller,Dirk Nowitzki,Erick Dampier,Jason Kidd,Quinton Ross,Shawn Marion,1,9:35,WAS,shot,,,,,,,,,,Caron Butler,2,,,made,,pullup jump,17,25
Andray Blatche,Brendan Haywood,Caron Butler,Gilbert Arenas,Mike Miller,Dirk Nowitzki,Erick Dampier,Jason Kidd,Quinton Ross,Shawn Marion,1,9:21,WAS,foul,,,,,,,,,,Brendan Haywood,,,,,,defense 3 second,,
Andray Blatche,Brendan Haywood,Caron Butler,Gilbert Arenas,Mike Miller,Dirk Nowitzki,Erick Dampier,Jason Kidd,Quinton Ross,Shawn Marion,1,9:21,DAL,free throw,,,,,,,1,,1,Dirk Nowitzki,,,technical,made,,,,
Andray Blatche,Brendan Haywood,Caron Butler,Gilbert Arenas,Mike Miller,Dirk Nowitzki,Erick Dampier,Jason Kidd,Quinton Ross,Shawn Marion,1,9:16,DAL,shot,,,Andray Blatche,,,,,,,Dirk Nowitzki,,,,missed,,jump,31,17
Andray Blatche,Brendan Haywood,Caron Butler,Gilbert Arenas,Mike Miller,Dirk Nowitzki,Erick Dampier,Jason Kidd,Quinton Ross,Shawn Marion,1,9:15,WAS,rebound,,,,,,,,,,Mike Miller,,,,,,def,,
Andray Blatche,Brendan Haywood,Caron Butler,Gilbert Arenas,Mike Miller,Dirk Nowitzki,Erick Dampier,Jason Kidd,Quinton Ross,Shawn Marion,1,8:55,DAL,foul,,,,,,,,Brendan Haywood,,Erick Dampier,,,,,,shooting,,
Andray Blatche,Brendan Haywood,Caron Butler,Gilbert Arenas,Mike Miller,Dirk Nowitzki,Erick Dampier,Jason Kidd,Quinton Ross,Shawn Marion,1,8:55,WAS,free throw,,,,,,,1,,2,Brendan Haywood,,,foul,made,,,,
Andray Blatche,Brendan Haywood,Caron Butler,Gilbert Arenas,Mike Miller,Dirk Nowitzki,Erick Dampier,Jason Kidd,Quinton Ross,Shawn Marion,1,8:55,WAS,free throw,,,,,,,2,,2,Brendan Haywood,,,foul,missed,,,,
Andray Blatche,Brendan Haywood,Caron Butler,Gilbert Arenas,Mike Miller,Dirk Nowitzki,Erick Dampier,Jason Kidd,Quinton Ross,Shawn Marion,1,8:55,DAL,rebound,,,,,,,,,,Shawn Marion,,,,,,def,,
Andray Blatche,Brendan Haywood,Caron Butler,Gilbert Arenas,Mike Miller,Dirk Nowitzki,Erick Dampier,Jason Kidd,Quinton Ross,Shawn Marion,1,8:37,DAL,shot,Dirk Nowitzki,,,,,,,,,Shawn Marion,2,,,made,,turnaround jump,26,12
Andray Blatche,Brendan Haywood,Caron Butler,Gilbert Arenas,Mike Miller,Dirk Nowitzki,Erick Dampier,Jason Kidd,Quinton Ross,Shawn Marion,1,8:18,WAS,shot,,,,,,,,,,Mike Miller,,,,missed,,3pt,20,31
Andray Blatche,Brendan Haywood,Caron Butler,Gilbert Arenas,Mike Miller,Dirk Nowitzki,Erick Dampier,Jason Kidd,Quinton Ross,Shawn Marion,1,8:16,DAL,rebound,,,,,,,,,,Dirk Nowitzki,,,,,,def,,
Andray Blatche,Brendan Haywood,Caron Butler,Gilbert Arenas,Mike Miller,Dirk Nowitzki,Erick Dampier,Jason Kidd,Quinton Ross,Shawn Marion,1,8:00,DAL,shot,,,,,,,,,,Jason Kidd,2,,,made,,layup,25,6
Andray Blatche,Brendan Haywood,Caron Butler,Gilbert Arenas,Mike Miller,Dirk Nowitzki,Erick Dampier,Jason Kidd,Quinton Ross,Shawn Marion,1,7:40,WAS,shot,,,Erick Dampier,,,,,,,Brendan Haywood,,,,missed,,layup,25,6
Andray Blatche,Brendan Haywood,Caron Butler,Gilbert Arenas,Mike Miller,Dirk Nowitzki,Erick Dampier,Jason Kidd,Quinton Ross,Shawn Marion,1,7:38,DAL,rebound,,,,,,,,,,Erick Dampier,,,,,,def,,
Andray Blatche,Brendan Haywood,Caron Butler,Gilbert Arenas,Mike Miller,Dirk Nowitzki,Erick Dampier,Jason Kidd,Quinton Ross,Shawn Marion,1,7:31,DAL,shot,,,,,,,,,,Dirk Nowitzki,,,,missed,,3pt,36,29
Andray Blatche,Brendan Haywood,Caron Butler,Gilbert Arenas,Mike Miller,Dirk Nowitzki,Erick Dampier,Jason Kidd,Quinton Ross,Shawn Marion,1,7:30,WAS,rebound,,,,,,,,,,Mike Miller,,,,,,def,,
Andray Blatche,Brendan Haywood,Caron Butler,Gilbert Arenas,Mike Miller,Dirk Nowitzki,Erick Dampier,Jason Kidd,Quinton Ross,Shawn Marion,1,7:21,WAS,shot,Gilbert Arenas,,,,,,,,,Andray Blatche,2,,,made,,jump,15,26
Andray Blatche,Brendan Haywood,Caron Butler,Gilbert Arenas,Mike Miller,Dirk Nowitzki,Erick Dampier,Jason Kidd,Quinton Ross,Shawn Marion,1,7:04,DAL,shot,Jason Kidd,,,,,,,,,Shawn Marion,2,,,made,,turnaround jump,24,19
Andray Blatche,Brendan Haywood,Caron Butler,Gilbert Arenas,Mike Miller,Dirk Nowitzki,Erick Dampier,Jason Kidd,Quinton Ross,Shawn Marion,1,6:45,DAL,foul,,,,,,,,Caron Butler,,Shawn Marion,,,,,,personal,,
Andray Blatche,Brendan Haywood,Caron Butler,Gilbert Arenas,Mike Miller,Dirk Nowitzki,Erick Dampier,Jason Kidd,Quinton Ross,Shawn Marion,1,6:40,WAS,shot,,,,,,,,,,Gilbert Arenas,,,,missed,,3pt,11,26
Andray Blatche,Brendan Haywood,Caron Butler,Gilbert Arenas,Mike Miller,Dirk Nowitzki,Erick Dampier,Jason Kidd,Quinton Ross,Shawn Marion,1,6:39,WAS,rebound,,,,,,,,,,Brendan Haywood,,,,,,off,,
Andray Blatche,Brendan Haywood,Caron Butler,Gilbert Arenas,Mike Miller,Dirk Nowitzki,Erick Dampier,Jason Kidd,Quinton Ross,Shawn Marion,1,6:37,WAS,shot,,,Dirk Nowitzki,,,,,,,Brendan Haywood,,,,missed,,layup,25,6
Andray Blatche,Brendan Haywood,Caron Butler,Gilbert Arenas,Mike Miller,Dirk Nowitzki,Erick Dampier,Jason Kidd,Quinton Ross,Shawn Marion,1,6:36,DAL,rebound,,,,,,,,,,Jason Kidd,,,,,,def,,
Andray Blatche,Brendan Haywood,Caron Butler,Gilbert Arenas,Mike Miller,Dirk Nowitzki,Erick Dampier,Jason Kidd,Quinton Ross,Shawn Marion,1,6:22,WAS,foul,,,,,,,,Dirk Nowitzki,,Andray Blatche,,,,,,shooting,,
Andray Blatche,Brendan Haywood,Caron Butler,Gilbert Arenas,Mike Miller,Dirk Nowitzki,Erick Dampier,Jason Kidd,Quinton Ross,Shawn Marion,1,6:22,DAL,free throw,,,,,,,1,,2,Dirk Nowitzki,,,foul,made,,,,
Andray Blatche,Brendan Haywood,Caron Butler,Gilbert Arenas,Mike Miller,Dirk Nowitzki,Erick Dampier,Jason Kidd,Quinton Ross,Shawn Marion,1,6:22,WAS,timeout,,,,,,,,,,,,,,,,regular,,
Andray Blatche,Brendan Haywood,Caron Butler,Gilbert Arenas,Mike Miller,Dirk Nowitzki,Erick Dampier,Jason Kidd,Quinton Ross,Shawn Marion,1,6:22,DAL,free throw,,,,,,,2,,2,Dirk Nowitzki,,,foul,made,,,,
Andray Blatche,Brendan Haywood,Caron Butler,Gilbert Arenas,Mike Miller,Dirk Nowitzki,Erick Dampier,Jason Kidd,Quinton Ross,Shawn Marion,1,6:04,WAS,turnover,,,,,,,,,,Caron Butler,,,bad pass,,Jason Kidd,,,
Andray Blatche,Brendan Haywood,Caron Butler,Gilbert Arenas,Mike Miller,Dirk Nowitzki,Erick Dampier,Jason Kidd,Quinton Ross,Shawn Marion,1,5:46,DAL,shot,,,,,,,,,,Dirk Nowitzki,,,,missed,,driving hook,24,12
Andray Blatche,Brendan Haywood,Caron Butler,Gilbert Arenas,Mike Miller,Dirk Nowitzki,Erick Dampier,Jason Kidd,Quinton Ross,Shawn Marion,1,5:45,WAS,rebound,,,,,,,,,,Mike Miller,,,,,,def,,
Andray Blatche,Brendan Haywood,Caron Butler,Gilbert Arenas,Mike Miller,Dirk Nowitzki,Erick Dampier,Jason Kidd,Quinton Ross,Shawn Marion,1,5:38,DAL,violation,,,,,,,,,,Shawn Marion,,,,,,kicked ball,,
Andray Blatche,Brendan Haywood,Caron Butler,Gilbert Arenas,Mike Miller,Dirk Nowitzki,Erick Dampier,Jason Kidd,Quinton Ross,Shawn Marion,1,5:23,WAS,shot,Gilbert Arenas,,,,,,,,,Brendan Haywood,2,,,made,,running dunk,25,6
Andray Blatche,Brendan Haywood,Caron Butler,Gilbert Arenas,Mike Miller,Dirk Nowitzki,Erick Dampier,Jason Kidd,Quinton Ross,Shawn Marion,1,4:59,DAL,shot,Jason Kidd,,,,,,,,,Shawn Marion,2,,,made,,turnaround fade away,33,12
Andray Blatche,Brendan Haywood,Caron Butler,Gilbert Arenas,Mike Miller,Dirk Nowitzki,Erick Dampier,Jason Kidd,Quinton Ross,Shawn Marion,1,4:50,DAL,foul,,,,,,,,Mike Miller,,Quinton Ross,,,,,,personal,,
Andray Blatche,Brendan Haywood,Caron Butler,Gilbert Arenas,Mike Miller,Dirk Nowitzki,Erick Dampier,Jason Kidd,Jason Terry,Shawn Marion,1,4:50,DAL,sub,,,,Jason Terry,,Quinton Ross,,,,,,,,,,,,
Andray Blatche,Brendan Haywood,Caron Butler,Gilbert Arenas,Mike Miller,Dirk Nowitzki,Erick Dampier,Jason Kidd,Jason Terry,Shawn Marion,1,4:38,WAS,shot,Gilbert Arenas,,,,,,,,,Brendan Haywood,2,,,made,,slam dunk,25,6
Andray Blatche,Brendan Haywood,Caron Butler,Gilbert Arenas,Mike Miller,Dirk Nowitzki,Erick Dampier,Jason Kidd,Jason Terry,Shawn Marion,1,4:27,WAS,foul,,,,,,,,Jason Terry,,Mike Miller,,,,,,personal,,
Andray Blatche,Brendan Haywood,Caron Butler,Gilbert Arenas,Mike Miller,Drew Gooden,Erick Dampier,Jason Kidd,Jason Terry,Shawn Marion,1,4:27,DAL,sub,,,,Drew Gooden,,Dirk Nowitzki,,,,,,,,,,,,
Andray Blatche,Brendan Haywood,Caron Butler,Gilbert Arenas,Mike Miller,Drew Gooden,Erick Dampier,Jason Kidd,Jason Terry,Shawn Marion,1,4:18,WAS,foul,,,,,,,,Shawn Marion,,Caron Butler,,,,,,personal,,
Andray Blatche,Brendan Haywood,Caron Butler,Gilbert Arenas,Mike Miller,Drew Gooden,Erick Dampier,Jason Kidd,Jason Terry,Shawn Marion,1,4:10,DAL,shot,,,,,,,,,,Jason Terry,,,,missed,,jump,39,23
Andray Blatche,Brendan Haywood,Caron Butler,Gilbert Arenas,Mike Miller,Drew Gooden,Erick Dampier,Jason Kidd,Jason Terry,Shawn Marion,1,4:10,WAS,rebound,,,,,,,,,,,,,,,,,,
Andray Blatche,Brendan Haywood,Caron Butler,Gilbert Arenas,Mike Miller,Drew Gooden,Erick Dampier,Jason Kidd,Jason Terry,Shawn Marion,1,4:02,WAS,shot,Gilbert Arenas,,,,,,,,,Brendan Haywood,2,,,made,,running dunk,25,6
Andray Blatche,Brendan Haywood,Caron Butler,Gilbert Arenas,Mike Miller,Drew Gooden,Erick Dampier,Jason Kidd,Jason Terry,Shawn Marion,1,3:37,DAL,shot,,,Andray Blatche,,,,,,,Drew Gooden,,,,missed,,turnaround fade away,16,9
Andray Blatche,Brendan Haywood,Caron Butler,Gilbert Arenas,Mike Miller,Drew Gooden,Erick Dampier,Jason Kidd,Jason Terry,Shawn Marion,1,3:36,WAS,rebound,,,,,,,,,,Mike Miller,,,,,,def,,
Andray Blatche,Brendan Haywood,Caron Butler,Gilbert Arenas,Mike Miller,Drew Gooden,Erick Dampier,Jason Kidd,Jason Terry,Shawn Marion,1,3:26,WAS,shot,Mike Miller,,,,,,,,,Gilbert Arenas,2,,,made,,jump,23,25
Andray Blatche,Brendan Haywood,Caron Butler,Gilbert Arenas,Mike Miller,Drew Gooden,Erick Dampier,Jason Kidd,Jason Terry,Shawn Marion,1,3:22,DAL,timeout,,,,,,,,,,,,,,,,regular,,
Andray Blatche,Brendan Haywood,Caron Butler,DeShawn Stevenson,Gilbert Arenas,Drew Gooden,Erick Dampier,Jason Kidd,Jason Terry,Shawn Marion,1,3:22,WAS,sub,,,,DeShawn Stevenson,,Mike Miller,,,,,,,,,,,,
Andray Blatche,Brendan Haywood,Caron Butler,DeShawn Stevenson,Gilbert Arenas,Drew Gooden,Erick Dampier,Jason Kidd,Jason Terry,Shawn Marion,1,3:07,DAL,shot,,,,,,,,,,Drew Gooden,,,,missed,,jump,6,9
Andray Blatche,Brendan Haywood,Caron Butler,DeShawn Stevenson,Gilbert Arenas,Drew Gooden,Erick Dampier,Jason Kidd,Jason Terry,Shawn Marion,1,3:06,WAS,rebound,,,,,,,,,,DeShawn Stevenson,,,,,,def,,
Andray Blatche,Brendan Haywood,Caron Butler,DeShawn Stevenson,Gilbert Arenas,Drew Gooden,Erick Dampier,Jason Kidd,Jason Terry,Shawn Marion,1,2:50,WAS,shot,,,,,,,,,,Brendan Haywood,,,,missed,,layup,25,6
Andray Blatche,Brendan Haywood,Caron Butler,DeShawn Stevenson,Gilbert Arenas,Drew Gooden,Erick Dampier,Jason Kidd,Jason Terry,Shawn Marion,1,2:49,WAS,rebound,,,,,,,,,,Andray Blatche,,,,,,off,,
Andray Blatche,Brendan Haywood,Caron Butler,DeShawn Stevenson,Gilbert Arenas,Drew Gooden,Erick Dampier,Jason Kidd,Jason Terry,Shawn Marion,1,2:43,WAS,shot,,,,,,,,,,Caron Butler,,,,missed,,3pt,41,26
Andray Blatche,Brendan Haywood,Caron Butler,DeShawn Stevenson,Gilbert Arenas,Drew Gooden,Erick Dampier,Jason Kidd,Jason Terry,Shawn Marion,1,2:42,DAL,rebound,,,,,,,,,,Jason Kidd,,,,,,def,,
Andray Blatche,Brendan Haywood,Caron Butler,DeShawn Stevenson,Gilbert Arenas,Drew Gooden,Erick Dampier,Jason Kidd,Jason Terry,Shawn Marion,1,2:27,DAL,shot,,,,,,,,,,Jason Kidd,,,,missed,,3pt,17,29
Andray Blatche,Brendan Haywood,Caron Butler,DeShawn Stevenson,Gilbert Arenas,Drew Gooden,Erick Dampier,Jason Kidd,Jason Terry,Shawn Marion,1,2:26,WAS,rebound,,,,,,,,,,DeShawn Stevenson,,,,,,def,,
Andray Blatche,Brendan Haywood,Caron Butler,DeShawn Stevenson,Gilbert Arenas,Drew Gooden,Erick Dampier,Jason Kidd,Jason Terry,Shawn Marion,1,2:15,WAS,shot,,,,,,,,,,Gilbert Arenas,,,,missed,,floating jump,38,17
Andray Blatche,Brendan Haywood,Caron Butler,DeShawn Stevenson,Gilbert Arenas,Drew Gooden,Erick Dampier,Jason Kidd,Jason Terry,Shawn Marion,1,2:14,DAL,rebound,,,,,,,,,,Drew Gooden,,,,,,def,,
Andray Blatche,Brendan Haywood,Caron Butler,DeShawn Stevenson,Gilbert Arenas,Drew Gooden,Erick Dampier,Jason Kidd,Jason Terry,Shawn Marion,1,2:02,WAS,foul,,,,,,,,Erick Dampier,,Brendan Haywood,,,,,,shooting,,
Andray Blatche,Brendan Haywood,Caron Butler,DeShawn Stevenson,Gilbert Arenas,Drew Gooden,Erick Dampier,Jason Kidd,Jason Terry,Shawn Marion,1,2:02,DAL,free throw,,,,,,,1,,2,Erick Dampier,,,foul,made,,,,
Andray Blatche,Brendan Haywood,Caron Butler,DeShawn Stevenson,Gilbert Arenas,Drew Gooden,Erick Dampier,Jason Terry,Jose Juan Barea,Shawn Marion,1,2:02,DAL,sub,,,,Jose Juan Barea,,Jason Kidd,,,,,,,,,,,,
Andray Blatche,Brendan Haywood,Caron Butler,DeShawn Stevenson,Gilbert Arenas,Drew Gooden,Erick Dampier,Jason Terry,Jose Juan Barea,Shawn Marion,1,2:02,DAL,free throw,,,,,,,2,,2,Erick Dampier,,,foul,made,,,,
Andray Blatche,Brendan Haywood,Caron Butler,DeShawn Stevenson,Gilbert Arenas,Drew Gooden,Erick Dampier,Jason Terry,Jose Juan Barea,Shawn Marion,1,1:48,WAS,shot,,,,,,,,,,Brendan Haywood,,,,missed,,hook,24,12
Andray Blatche,Brendan Haywood,Caron Butler,DeShawn Stevenson,Gilbert Arenas,Drew Gooden,Erick Dampier,Jason Terry,Jose Juan Barea,Shawn Marion,1,1:47,WAS,rebound,,,,,,,,,,Andray Blatche,,,,,,off,,
Andray Blatche,Brendan Haywood,Caron Butler,DeShawn Stevenson,Gilbert Arenas,Drew Gooden,Erick Dampier,Jason Terry,Jose Juan Barea,Shawn Marion,1,1:47,WAS,shot,,,,,,,,,,Andray Blatche,2,,,made,,putback dunk,25,6
Andray Blatche,Brendan Haywood,Caron Butler,DeShawn Stevenson,Gilbert Arenas,Drew Gooden,Erick Dampier,Jason Terry,Jose Juan Barea,Shawn Marion,1,1:31,DAL,turnover,,,,,,,,,,Erick Dampier,,,out of bounds lost ball turnover,,,,,
Andray Blatche,Brendan Haywood,Caron Butler,DeShawn Stevenson,Gilbert Arenas,Dirk Nowitzki,Drew Gooden,Jason Terry,Jose Juan Barea,Shawn Marion,1,1:31,DAL,sub,,,,Dirk Nowitzki,,Erick Dampier,,,,,,,,,,,,
Andray Blatche,Brendan Haywood,Caron Butler,DeShawn Stevenson,Gilbert Arenas,Dirk Nowitzki,Drew Gooden,Jason Terry,Jose Juan Barea,Shawn Marion,1,1:15,DAL,foul,,,,,,,,Caron Butler,,Shawn Marion,,,,,,personal,,
Andray Blatche,Brendan Haywood,Caron Butler,DeShawn Stevenson,Gilbert Arenas,Dirk Nowitzki,Drew Gooden,Jason Terry,Jose Juan Barea,Shawn Marion,1,1:15,WAS,free throw,,,,,,,1,,2,Caron Butler,,,foul,made,,,,
Andray Blatche,Brendan Haywood,Caron Butler,DeShawn Stevenson,Gilbert Arenas,Dirk Nowitzki,Drew Gooden,Jason Terry,Jose Juan Barea,Quinton Ross,1,1:15,DAL,sub,,,,Quinton Ross,,Shawn Marion,,,,,,,,,,,,
Andray Blatche,Caron Butler,DeShawn Stevenson,Dominic McGuire,Gilbert Arenas,Dirk Nowitzki,Drew Gooden,Jason Terry,Jose Juan Barea,Quinton Ross,1,1:15,WAS,sub,,,,Dominic McGuire,,Brendan Haywood,,,,,,,,,,,,
Andray Blatche,Caron Butler,DeShawn Stevenson,Dominic McGuire,Gilbert Arenas,Dirk Nowitzki,Drew Gooden,Jason Terry,Jose Juan Barea,Quinton Ross,1,1:15,WAS,free throw,,,,,,,2,,2,Caron Butler,,,foul,made,,,,
Andray Blatche,Caron Butler,DeShawn Stevenson,Dominic McGuire,Gilbert Arenas,Dirk Nowitzki,Drew Gooden,Jason Terry,Jose Juan Barea,Quinton Ross,1,0:56,WAS,foul,,,,,,,,Dirk Nowitzki,,Dominic McGuire,,,,,,shooting,,
Andray Blatche,Caron Butler,DeShawn Stevenson,Dominic McGuire,Gilbert Arenas,Dirk Nowitzki,Drew Gooden,Jason Terry,Jose Juan Barea,Quinton Ross,1,0:56,DAL,free throw,,,,,,,1,,2,Dirk Nowitzki,,,foul,made,,,,
Andray Blatche,Caron Butler,DeShawn Stevenson,Dominic McGuire,Gilbert Arenas,Dirk Nowitzki,Drew Gooden,Jason Terry,Jose Juan Barea,Quinton Ross,1,0:56,DAL,free throw,,,,,,,2,,2,Dirk Nowitzki,,,foul,made,,,,
Andray Blatche,Caron Butler,DeShawn Stevenson,Dominic McGuire,Gilbert Arenas,Dirk Nowitzki,Drew Gooden,Jason Terry,Jose Juan Barea,Quinton Ross,1,0:40,WAS,shot,,,,,,,,,,Gilbert Arenas,2,,,made,,driving layup,25,6
Andray Blatche,Caron Butler,DeShawn Stevenson,Dominic McGuire,Gilbert Arenas,Dirk Nowitzki,Drew Gooden,Jason Terry,Jose Juan Barea,Quinton Ross,1,0:33,WAS,foul,,,,,,,,Dirk Nowitzki,,Dominic McGuire,,,,,,personal,,
Andray Blatche,Caron Butler,DeShawn Stevenson,Dominic McGuire,Gilbert Arenas,Dirk Nowitzki,Drew Gooden,Jason Terry,Jose Juan Barea,Quinton Ross,1,0:33,DAL,free throw,,,,,,,1,,2,Dirk Nowitzki,,,foul,made,,,,
Andray Blatche,Caron Butler,DeShawn Stevenson,Dominic McGuire,Gilbert Arenas,Dirk Nowitzki,Drew Gooden,Jason Terry,Jose Juan Barea,Quinton Ross,1,0:33,DAL,free throw,,,,,,,2,,2,Dirk Nowitzki,,,foul,made,,,,
Andray Blatche,Caron Butler,DeShawn Stevenson,Dominic McGuire,Gilbert Arenas,Dirk Nowitzki,Drew Gooden,Jason Terry,Jose Juan Barea,Quinton Ross,1,0:17,WAS,shot,,,Quinton Ross,,,,,,,Gilbert Arenas,,,,missed,,driving jump,25,12
Andray Blatche,Caron Butler,DeShawn Stevenson,Dominic McGuire,Gilbert Arenas,Dirk Nowitzki,Drew Gooden,Jason Terry,Jose Juan Barea,Quinton Ross,1,0:14,DAL,rebound,,,,,,,,,,Dirk Nowitzki,,,,,,def,,
Andray Blatche,Caron Butler,DeShawn Stevenson,Dominic McGuire,Gilbert Arenas,Dirk Nowitzki,Drew Gooden,Jason Terry,Jose Juan Barea,Quinton Ross,1,0:01,DAL,shot,,,,,,,,,,Quinton Ross,,,,missed,,3pt,47,8
Andray Blatche,Caron Butler,DeShawn Stevenson,Dominic McGuire,Gilbert Arenas,Dirk Nowitzki,Drew Gooden,Jason Terry,Jose Juan Barea,Quinton Ross,1,0:00,DAL,rebound,,,,,,,,,,Jason Terry,,,,,,off,,
Andray Blatche,Caron Butler,DeShawn Stevenson,Fabricio Oberto,Gilbert Arenas,Dirk Nowitzki,Drew Gooden,Jason Terry,Jose Juan Barea,Quinton Ross,2,11:41,WAS,shot,,,,,,,,,,Caron Butler,2,,,made,,step back jump,12,23
Andray Blatche,Caron Butler,DeShawn Stevenson,Fabricio Oberto,Gilbert Arenas,Dirk Nowitzki,Drew Gooden,Jason Terry,Jose Juan Barea,Quinton Ross,2,11:22,WAS,foul,,,,,,,,Jason Terry,,Andray Blatche,,,,,,shooting,,
Andray Blatche,Caron Butler,DeShawn Stevenson,Fabricio Oberto,Gilbert Arenas,Dirk Nowitzki,Drew Gooden,Jason Terry,Jose Juan Barea,Quinton Ross,2,11:22,DAL,free throw,,,,,,,1,,2,Jason Terry,,,foul,missed,,,,
Andray Blatche,Caron Butler,DeShawn Stevenson,Fabricio Oberto,Gilbert Arenas,Dirk Nowitzki,Drew Gooden,Jason Terry,Jose Juan Barea,Quinton Ross,2,11:22,DAL,rebound,,,,,,,,,,,,,,,,,,
Andray Blatche,Caron Butler,DeShawn Stevenson,Fabricio Oberto,Randy Foye,Dirk Nowitzki,Drew Gooden,Jason Terry,Jose Juan Barea,Quinton Ross,2,11:22,WAS,sub,,,,Randy Foye,,Gilbert Arenas,,,,,,,,,,,,
Andray Blatche,Caron Butler,DeShawn Stevenson,Fabricio Oberto,Randy Foye,Dirk Nowitzki,Drew Gooden,Jason Terry,Jose Juan Barea,Quinton Ross,2,11:22,DAL,free throw,,,,,,,2,,2,Jason Terry,,,foul,made,,,,
Andray Blatche,Caron Butler,DeShawn Stevenson,Fabricio Oberto,Randy Foye,Dirk Nowitzki,Drew Gooden,Jason Terry,Jose Juan Barea,Quinton Ross,2,11:06,WAS,shot,,,,,,,,,,Caron Butler,,,,missed,,jump,38,21
Andray Blatche,Caron Butler,DeShawn Stevenson,Fabricio Oberto,Randy Foye,Dirk Nowitzki,Drew Gooden,Jason Terry,Jose Juan Barea,Quinton Ross,2,11:05,DAL,rebound,,,,,,,,,,Jose Juan Barea,,,,,,def,,
Andray Blatche,Caron Butler,DeShawn Stevenson,Fabricio Oberto,Randy Foye,Dirk Nowitzki,Drew Gooden,Jason Terry,Jose Juan Barea,Quinton Ross,2,10:59,DAL,shot,,,,,,,,,,Jose Juan Barea,2,,,made,,driving layup,25,6
Andray Blatche,Caron Butler,DeShawn Stevenson,Fabricio Oberto,Randy Foye,Dirk Nowitzki,Drew Gooden,Jason Terry,Jose Juan Barea,Quinton Ross,2,10:59,WAS,foul,,,,,,,,Jose Juan Barea,,Randy Foye,,,,,,shooting,,
Andray Blatche,Caron Butler,DeShawn Stevenson,Fabricio Oberto,Randy Foye,Dirk Nowitzki,Drew Gooden,Jason Terry,Jose Juan Barea,Quinton Ross,2,10:59,DAL,free throw,,,,,,,1,,1,Jose Juan Barea,,,foul,made,,,,
Andray Blatche,Caron Butler,DeShawn Stevenson,Fabricio Oberto,Randy Foye,Dirk Nowitzki,Drew Gooden,Jason Terry,Jose Juan Barea,Quinton Ross,2,10:42,WAS,shot,,,,,,,,,,Fabricio Oberto,2,,,made,,turnaround bank,25,11
Andray Blatche,Caron Butler,DeShawn Stevenson,Fabricio Oberto,Randy Foye,Dirk Nowitzki,Drew Gooden,Jason Terry,Jose Juan Barea,Quinton Ross,2,10:42,DAL,foul,,,,,,,,Fabricio Oberto,,Quinton Ross,,,,,,shooting,,
Andray Blatche,Caron Butler,DeShawn Stevenson,Fabricio Oberto,Randy Foye,Dirk Nowitzki,Drew Gooden,Jason Terry,Jose Juan Barea,Quinton Ross,2,10:42,WAS,free throw,,,,,,,1,,1,Fabricio Oberto,,,foul,made,,,,
Andray Blatche,Caron Butler,DeShawn Stevenson,Fabricio Oberto,Randy Foye,Dirk Nowitzki,Drew Gooden,Jason Terry,Jose Juan Barea,Quinton Ross,2,10:28,DAL,shot,,,,,,,,,,Jose Juan Barea,,,,missed,,jump,18,28
Andray Blatche,Caron Butler,DeShawn Stevenson,Fabricio Oberto,Randy Foye,Dirk Nowitzki,Drew Gooden,Jason Terry,Jose Juan Barea,Quinton Ross,2,10:27,WAS,rebound,,,,,,,,,,Caron Butler,,,,,,def,,
Andray Blatche,Caron Butler,DeShawn Stevenson,Fabricio Oberto,Randy Foye,Dirk Nowitzki,Drew Gooden,Jason Terry,Jose Juan Barea,Quinton Ross,2,10:21,WAS,shot,Caron Butler,,,,,,,,,Andray Blatche,2,,,made,,layup,25,6
Andray Blatche,Caron Butler,DeShawn Stevenson,Fabricio Oberto,Randy Foye,Dirk Nowitzki,Drew Gooden,Jason Terry,Jose Juan Barea,Quinton Ross,2,10:21,DAL,foul,,,,,,,,Andray Blatche,,Drew Gooden,,,,,,shooting,,
Andray Blatche,Caron Butler,DeShawn Stevenson,Fabricio Oberto,Randy Foye,Dirk Nowitzki,Jason Terry,Jose Juan Barea,Kris Humphries,Quinton Ross,2,10:21,DAL,sub,,,,Kris Humphries,,Drew Gooden,,,,,,,,,,,,
Andray Blatche,Caron Butler,DeShawn Stevenson,Fabricio Oberto,Randy Foye,Dirk Nowitzki,Jason Terry,Jose Juan Barea,Kris Humphries,Quinton Ross,2,10:21,WAS,free throw,,,,,,,1,,1,Andray Blatche,,,foul,made,,,,
Andray Blatche,Caron Butler,DeShawn Stevenson,Fabricio Oberto,Randy Foye,Dirk Nowitzki,Jason Terry,Jose Juan Barea,Kris Humphries,Quinton Ross,2,10:09,DAL,shot,,,,,,,,,,Jason Terry,2,,,made,,driving jump,19,9
Andray Blatche,Caron Butler,DeShawn Stevenson,Fabricio Oberto,Randy Foye,Dirk Nowitzki,Jason Terry,Jose Juan Barea,Kris Humphries,Quinton Ross,2,9:53,WAS,shot,DeShawn Stevenson,,,,,,,,,Andray Blatche,2,,,made,,driving layup,25,6
Andray Blatche,Caron Butler,DeShawn Stevenson,Fabricio Oberto,Randy Foye,Dirk Nowitzki,Jason Terry,Jose Juan Barea,Kris Humphries,Quinton Ross,2,9:53,DAL,foul,,,,,,,,Andray Blatche,,Dirk Nowitzki,,,,,,shooting,,
Andray Blatche,Caron Butler,DeShawn Stevenson,Fabricio Oberto,Randy Foye,Dirk Nowitzki,Jason Terry,Jose Juan Barea,Kris Humphries,Quinton Ross,2,9:53,WAS,free throw,,,,,,,1,,1,Andray Blatche,,,foul,made,,,,
Andray Blatche,Caron Butler,DeShawn Stevenson,Fabricio Oberto,Randy Foye,Dirk Nowitzki,Jason Terry,Jose Juan Barea,Kris Humphries,Quinton Ross,2,9:36,WAS,foul,,,,,,,,Dirk Nowitzki,,Fabricio Oberto,,,,,,personal,,
Andray Blatche,Brendan Haywood,Caron Butler,DeShawn Stevenson,Randy Foye,Dirk Nowitzki,Jason Terry,Jose Juan Barea,Kris Humphries,Quinton Ross,2,9:36,WAS,sub,,,,Brendan Haywood,,Fabricio Oberto,,,,,,,,,,,,
Andray Blatche,Brendan Haywood,Caron Butler,DeShawn Stevenson,Randy Foye,Dirk Nowitzki,Jason Terry,Jose Juan Barea,Kris Humphries,Quinton Ross,2,9:28,DAL,shot,Kris Humphries,,,,,,,,,Dirk Nowitzki,2,,,made,,jump,12,9
Andray Blatche,Brendan Haywood,Caron Butler,DeShawn Stevenson,Randy Foye,Dirk Nowitzki,Jason Terry,Jose Juan Barea,Kris Humphries,Quinton Ross,2,9:17,WAS,shot,,,,,,,,,,Andray Blatche,,,,missed,,jump,42,9
Andray Blatche,Brendan Haywood,Caron Butler,DeShawn Stevenson,Randy Foye,Dirk Nowitzki,Jason Terry,Jose Juan Barea,Kris Humphries,Quinton Ross,2,9:16,DAL,rebound,,,,,,,,,,Jose Juan Barea,,,,,,def,,
Andray Blatche,Brendan Haywood,Caron Butler,DeShawn Stevenson,Randy Foye,Dirk Nowitzki,Jason Terry,Jose Juan Barea,Kris Humphries,Quinton Ross,2,9:02,DAL,shot,,,,,,,,,,Jose Juan Barea,2,,,made,,driving finger roll layup,25,6
Andray Blatche,Brendan Haywood,Caron Butler,DeShawn Stevenson,Randy Foye,Dirk Nowitzki,Jason Terry,Jose Juan Barea,Kris Humphries,Quinton Ross,2,8:57,WAS,timeout,,,,,,,,,,,,,,,,regular,,
Andray Blatche,Brendan Haywood,Caron Butler,DeShawn Stevenson,Randy Foye,Dirk Nowitzki,Jason Terry,Jose Juan Barea,Kris Humphries,Quinton Ross,2,8:40,WAS,shot,,,,,,,,,,Randy Foye,2,,,made,,jump,44,13
Andray Blatche,Brendan Haywood,Caron Butler,DeShawn Stevenson,Randy Foye,Dirk Nowitzki,Jason Terry,Jose Juan Barea,Kris Humphries,Quinton Ross,2,8:26,DAL,shot,,,,,,,,,,Jason Terry,,,,missed,,driving layup,25,6
Andray Blatche,Brendan Haywood,Caron Butler,DeShawn Stevenson,Randy Foye,Dirk Nowitzki,Jason Terry,Jose Juan Barea,Kris Humphries,Quinton Ross,2,8:24,WAS,rebound,,,,,,,,,,Andray Blatche,,,,,,def,,
Andray Blatche,Brendan Haywood,Caron Butler,DeShawn Stevenson,Randy Foye,Dirk Nowitzki,Jason Terry,Jose Juan Barea,Kris Humphries,Quinton Ross,2,8:18,WAS,shot,,,,,,,,,,Caron Butler,2,,,made,,pullup bank,13,9
Andray Blatche,Brendan Haywood,Caron Butler,DeShawn Stevenson,Randy Foye,Dirk Nowitzki,Jason Terry,Jose Juan Barea,Kris Humphries,Quinton Ross,2,8:00,DAL,shot,Jose Juan Barea,,,,,,,,,Jason Terry,2,,,made,,jump,36,15
Andray Blatche,Brendan Haywood,Caron Butler,DeShawn Stevenson,Randy Foye,Dirk Nowitzki,Jason Terry,Jose Juan Barea,Kris Humphries,Quinton Ross,2,8:00,WAS,foul,,,,,,,,Jason Terry,,DeShawn Stevenson,,,,,,shooting,,
Andray Blatche,Brendan Haywood,Caron Butler,DeShawn Stevenson,Randy Foye,Erick Dampier,Jason Terry,Jose Juan Barea,Kris Humphries,Quinton Ross,2,8:00,DAL,sub,,,,Erick Dampier,,Dirk Nowitzki,,,,,,,,,,,,
Andray Blatche,Brendan Haywood,DeShawn Stevenson,Mike Miller,Randy Foye,Erick Dampier,Jason Terry,Jose Juan Barea,Kris Humphries,Quinton Ross,2,8:00,WAS,sub,,,,Mike Miller,,Caron Butler,,,,,,,,,,,,
Andray Blatche,Brendan Haywood,DeShawn Stevenson,Mike Miller,Randy Foye,Erick Dampier,Jason Kidd,Jason Terry,Jose Juan Barea,Kris Humphries,2,8:00,DAL,sub,,,,Jason Kidd,,Quinton Ross,,,,,,,,,,,,
Andray Blatche,Brendan Haywood,DeShawn Stevenson,Mike Miller,Randy Foye,Erick Dampier,Jason Kidd,Jason Terry,Jose Juan Barea,Kris Humphries,2,8:00,DAL,free throw,,,,,,,1,,1,Jason Terry,,,foul,missed,,,,
Andray Blatche,Brendan Haywood,DeShawn Stevenson,Mike Miller,Randy Foye,Erick Dampier,Jason Kidd,Jason Terry,Jose Juan Barea,Kris Humphries,2,7:59,WAS,rebound,,,,,,,,,,Brendan Haywood,,,,,,def,,
Andray Blatche,Brendan Haywood,DeShawn Stevenson,Mike Miller,Randy Foye,Erick Dampier,Jason Kidd,Jason Terry,Jose Juan Barea,Kris Humphries,2,7:41,WAS,shot,,,,,,,,,,Randy Foye,,,,missed,,jump,26,28
Andray Blatche,Brendan Haywood,DeShawn Stevenson,Mike Miller,Randy Foye,Erick Dampier,Jason Kidd,Jason Terry,Jose Juan Barea,Kris Humphries,2,7:40,DAL,rebound,,,,,,,,,,Jason Kidd,,,,,,def,,
Andray Blatche,Brendan Haywood,DeShawn Stevenson,Mike Miller,Randy Foye,Erick Dampier,Jason Kidd,Jason Terry,Jose Juan Barea,Kris Humphries,2,7:36,DAL,turnover,,,,,,,,,,Jose Juan Barea,,,bad pass,,,,,
Andray Blatche,Brendan Haywood,DeShawn Stevenson,Mike Miller,Randy Foye,Erick Dampier,Jason Kidd,Jason Terry,Jose Juan Barea,Kris Humphries,2,7:24,WAS,shot,Randy Foye,,,,,,,,,Mike Miller,3,,,made,,3pt,2,6
Andray Blatche,Brendan Haywood,DeShawn Stevenson,Mike Miller,Randy Foye,Erick Dampier,Jason Kidd,Jason Terry,Jose Juan Barea,Kris Humphries,2,6:59,DAL,shot,,,,,,,,,,Jose Juan Barea,3,,,made,,3pt,43,23
Andray Blatche,Brendan Haywood,DeShawn Stevenson,Mike Miller,Randy Foye,Erick Dampier,Jason Kidd,Jason Terry,Jose Juan Barea,Kris Humphries,2,6:43,WAS,shot,,,,,,,,,,Randy Foye,,,,missed,,jump,10,13
Andray Blatche,Brendan Haywood,DeShawn Stevenson,Mike Miller,Randy Foye,Erick Dampier,Jason Kidd,Jason Terry,Jose Juan Barea,Kris Humphries,2,6:42,DAL,rebound,,,,,,,,,,Jose Juan Barea,,,,,,def,,
Andray Blatche,Brendan Haywood,DeShawn Stevenson,Mike Miller,Randy Foye,Erick Dampier,Jason Kidd,Jason Terry,Jose Juan Barea,Kris Humphries,2,6:38,DAL,shot,Jose Juan Barea,,,,,,,,,Erick Dampier,2,,,made,,running slam dunk,25,6
Andray Blatche,Brendan Haywood,DeShawn Stevenson,Mike Miller,Randy Foye,Erick Dampier,Jason Kidd,Jason Terry,Jose Juan Barea,Kris Humphries,2,6:17,WAS,shot,DeShawn Stevenson,,,,,,,,,Andray Blatche,2,,,made,,jump,25,25
Andray Blatche,Brendan Haywood,DeShawn Stevenson,Mike Miller,Randy Foye,Erick Dampier,Jason Kidd,Jason Terry,Jose Juan Barea,Kris Humphries,2,6:06,WAS,foul,,,,,,,,Jose Juan Barea,,Randy Foye,,,,,,personal,,
Andray Blatche,Brendan Haywood,Gilbert Arenas,Mike Miller,Randy Foye,Erick Dampier,Jason Kidd,Jason Terry,Jose Juan Barea,Kris Humphries,2,6:06,WAS,sub,,,,Gilbert Arenas,,DeShawn Stevenson,,,,,,,,,,,,
Andray Blatche,Brendan Haywood,Gilbert Arenas,Mike Miller,Randy Foye,Drew Gooden,Erick Dampier,Jason Kidd,Jason Terry,Jose Juan Barea,2,6:06,DAL,sub,,,,Drew Gooden,,Kris Humphries,,,,,,,,,,,,
Andray Blatche,Brendan Haywood,Gilbert Arenas,Mike Miller,Randy Foye,Drew Gooden,Erick Dampier,Jason Kidd,Jason Terry,Jose Juan Barea,2,6:06,DAL,free throw,,,,,,,1,,2,Jose Juan Barea,,,foul,made,,,,
Andray Blatche,Brendan Haywood,Gilbert Arenas,Mike Miller,Randy Foye,Drew Gooden,Erick Dampier,Jason Kidd,Jason Terry,Jose Juan Barea,2,6:06,DAL,free throw,,,,,,,2,,2,Jose Juan Barea,,,foul,made,,,,
Andray Blatche,Brendan Haywood,Gilbert Arenas,Mike Miller,Randy Foye,Drew Gooden,Erick Dampier,Jason Kidd,Jason Terry,Jose Juan Barea,2,5:53,WAS,turnover,,,,,,,,,,Randy Foye,,,bad pass,,Drew Gooden,,,
Andray Blatche,Brendan Haywood,Gilbert Arenas,Mike Miller,Randy Foye,Drew Gooden,Erick Dampier,Jason Kidd,Jason Terry,Jose Juan Barea,2,5:43,DAL,turnover,,,,,,,,,,Drew Gooden,,,traveling,,,,,
Andray Blatche,Brendan Haywood,Gilbert Arenas,Mike Miller,Randy Foye,Drew Gooden,Erick Dampier,Jason Kidd,Jason Terry,Jose Juan Barea,2,5:43,WAS,timeout,,,,,,,,,,,,,,,,official,,
Andray Blatche,Brendan Haywood,Gilbert Arenas,Mike Miller,Randy Foye,Drew Gooden,Erick Dampier,Jason Kidd,Jose Juan Barea,Shawn Marion,2,5:43,DAL,sub,,,,Shawn Marion,,Jason Terry,,,,,,,,,,,,
Andray Blatche,Brendan Haywood,Gilbert Arenas,Mike Miller,Randy Foye,Drew Gooden,Erick Dampier,Jason Kidd,Jose Juan Barea,Shawn Marion,2,5:32,WAS,shot,,,,,,,,,,Andray Blatche,,,,missed,,driving layup,25,6
Andray Blatche,Brendan Haywood,Gilbert Arenas,Mike Miller,Randy Foye,Drew Gooden,Erick Dampier,Jason Kidd,Jose Juan Barea,Shawn Marion,2,5:31,WAS,rebound,,,,,,,,,,Andray Blatche,,,,,,off,,
Andray Blatche,Brendan Haywood,Gilbert Arenas,Mike Miller,Randy Foye,Drew Gooden,Erick Dampier,Jason Kidd,Jose Juan Barea,Shawn Marion,2,5:30,DAL,foul,,,,,,,,Andray Blatche,,Drew Gooden,,,,,,shooting,,
Andray Blatche,Brendan Haywood,Gilbert Arenas,Mike Miller,Randy Foye,Drew Gooden,Erick Dampier,Jason Kidd,Jose Juan Barea,Shawn Marion,2,5:30,WAS,free throw,,,,,,,1,,2,Andray Blatche,,,foul,made,,,,
Andray Blatche,Brendan Haywood,Gilbert Arenas,Mike Miller,Randy Foye,Drew Gooden,Erick Dampier,Jason Kidd,Jose Juan Barea,Shawn Marion,2,5:30,WAS,free throw,,,,,,,2,,2,Andray Blatche,,,foul,made,,,,
Andray Blatche,Brendan Haywood,Gilbert Arenas,Mike Miller,Randy Foye,Drew Gooden,Erick Dampier,Jason Kidd,Jose Juan Barea,Shawn Marion,2,5:21,WAS,foul,,,,,,,,Jose Juan Barea,,Gilbert Arenas,,,,,,personal,,
Andray Blatche,Brendan Haywood,Gilbert Arenas,Mike Miller,Randy Foye,Drew Gooden,Erick Dampier,Jason Kidd,Jose Juan Barea,Shawn Marion,2,5:21,DAL,free throw,,,,,,,1,,2,Jose Juan Barea,,,foul,made,,,,
Andray Blatche,Brendan Haywood,Gilbert Arenas,Mike Miller,Randy Foye,Drew Gooden,Erick Dampier,Jason Kidd,Jose Juan Barea,Shawn Marion,2,5:21,DAL,free throw,,,,,,,2,,2,Jose Juan Barea,,,foul,missed,,,,
Andray Blatche,Brendan Haywood,Gilbert Arenas,Mike Miller,Randy Foye,Drew Gooden,Erick Dampier,Jason Kidd,Jose Juan Barea,Shawn Marion,2,5:20,WAS,rebound,,,,,,,,,,Brendan Haywood,,,,,,def,,
Andray Blatche,Brendan Haywood,Gilbert Arenas,Mike Miller,Randy Foye,Drew Gooden,Erick Dampier,Jason Kidd,Jose Juan Barea,Shawn Marion,2,5:12,DAL,foul,,,,,,,,Gilbert Arenas,,Erick Dampier,,,,,,personal,,
Andray Blatche,Brendan Haywood,Gilbert Arenas,Mike Miller,Randy Foye,Drew Gooden,Erick Dampier,Jason Kidd,Jose Juan Barea,Shawn Marion,2,5:12,WAS,free throw,,,,,,,1,,2,Gilbert Arenas,,,foul,made,,,,
Andray Blatche,Brendan Haywood,Gilbert Arenas,Mike Miller,Randy Foye,Erick Dampier,Jason Kidd,Jason Terry,Jose Juan Barea,Shawn Marion,2,5:12,DAL,sub,,,,Jason Terry,,Drew Gooden,,,,,,,,,,,,
Andray Blatche,Brendan Haywood,Gilbert Arenas,Mike Miller,Randy Foye,Dirk Nowitzki,Jason Kidd,Jason Terry,Jose Juan Barea,Shawn Marion,2,5:12,DAL,sub,,,,Dirk Nowitzki,,Erick Dampier,,,,,,,,,,,,
Andray Blatche,Brendan Haywood,Gilbert Arenas,Mike Miller,Randy Foye,Dirk Nowitzki,Jason Kidd,Jason Terry,Jose Juan Barea,Shawn Marion,2,5:12,WAS,free throw,,,,,,,2,,2,Gilbert Arenas,,,foul,made,,,,
Andray Blatche,Brendan Haywood,Gilbert Arenas,Mike Miller,Randy Foye,Dirk Nowitzki,Jason Kidd,Jason Terry,Jose Juan Barea,Shawn Marion,2,4:59,DAL,shot,Jason Kidd,,,,,,,,,Dirk Nowitzki,2,,,made,,jump,23,21
Andray Blatche,Brendan Haywood,Gilbert Arenas,Mike Miller,Randy Foye,Dirk Nowitzki,Jason Kidd,Jason Terry,Jose Juan Barea,Shawn Marion,2,4:48,DAL,foul,,,,,,,,Gilbert Arenas,,Dirk Nowitzki,,,,,,shooting,,
Andray Blatche,Brendan Haywood,Gilbert Arenas,Mike Miller,Randy Foye,Dirk Nowitzki,Jason Kidd,Jason Terry,Jose Juan Barea,Shawn Marion,2,4:48,WAS,free throw,,,,,,,1,,2,Gilbert Arenas,,,foul,missed,,,,
Andray Blatche,Brendan Haywood,Gilbert Arenas,Mike Miller,Randy Foye,Dirk Nowitzki,Jason Kidd,Jason Terry,Jose Juan Barea,Shawn Marion,2,4:48,WAS,rebound,,,,,,,,,,,,,,,,,,
Andray Blatche,Brendan Haywood,Gilbert Arenas,Mike Miller,Randy Foye,Dirk Nowitzki,Jason Kidd,Jason Terry,Jose Juan Barea,Shawn Marion,2,4:48,WAS,free throw,,,,,,,2,,2,Gilbert Arenas,,,foul,made,,,,
Andray Blatche,Brendan Haywood,Gilbert Arenas,Mike Miller,Randy Foye,Dirk Nowitzki,Jason Kidd,Jason Terry,Jose Juan Barea,Shawn Marion,2,4:35,DAL,shot,,,,,,,,,,Dirk Nowitzki,,,,missed,,3pt,14,28
Andray Blatche,Brendan Haywood,Gilbert Arenas,Mike Miller,Randy Foye,Dirk Nowitzki,Jason Kidd,Jason Terry,Jose Juan Barea,Shawn Marion,2,4:34,WAS,rebound,,,,,,,,,,Mike Miller,,,,,,def,,
Andray Blatche,Brendan Haywood,Gilbert Arenas,Mike Miller,Randy Foye,Dirk Nowitzki,Jason Kidd,Jason Terry,Jose Juan Barea,Shawn Marion,2,4:18,WAS,shot,,,Shawn Marion,,,,,,,Gilbert Arenas,,,,missed,,floating jump,18,11
Andray Blatche,Brendan Haywood,Gilbert Arenas,Mike Miller,Randy Foye,Dirk Nowitzki,Jason Kidd,Jason Terry,Jose Juan Barea,Shawn Marion,2,4:18,WAS,rebound,,,,,,,,,,,,,,,,,,
Andray Blatche,Brendan Haywood,Gilbert Arenas,Mike Miller,Randy Foye,Dirk Nowitzki,Jason Kidd,Jason Terry,Jose Juan Barea,Shawn Marion,2,4:15,WAS,shot,Mike Miller,,,,,,,,,Randy Foye,2,,,made,,driving layup,25,6
Andray Blatche,Brendan Haywood,Gilbert Arenas,Mike Miller,Randy Foye,Dirk Nowitzki,Jason Kidd,Jason Terry,Jose Juan Barea,Shawn Marion,2,3:59,DAL,shot,,,,,,,,,,Shawn Marion,,,,missed,,layup,25,6
Andray Blatche,Brendan Haywood,Gilbert Arenas,Mike Miller,Randy Foye,Dirk Nowitzki,Jason Kidd,Jason Terry,Jose Juan Barea,Shawn Marion,2,3:58,WAS,rebound,,,,,,,,,,Andray Blatche,,,,,,def,,
Andray Blatche,Brendan Haywood,Gilbert Arenas,Mike Miller,Randy Foye,Dirk Nowitzki,Jason Kidd,Jason Terry,Jose Juan Barea,Shawn Marion,2,3:41,WAS,shot,,,,,,,,,,Gilbert Arenas,2,,,made,,jump,31,26
Andray Blatche,Brendan Haywood,Gilbert Arenas,Mike Miller,Randy Foye,Dirk Nowitzki,Jason Kidd,Jason Terry,Jose Juan Barea,Shawn Marion,2,3:26,DAL,shot,,,,,,,,,,Dirk Nowitzki,,,,missed,,3pt,38,27
Andray Blatche,Brendan Haywood,Gilbert Arenas,Mike Miller,Randy Foye,Dirk Nowitzki,Jason Kidd,Jason Terry,Jose Juan Barea,Shawn Marion,2,3:26,DAL,rebound,,,,,,,,,,Shawn Marion,,,,,,off,,
Andray Blatche,Brendan Haywood,Gilbert Arenas,Mike Miller,Randy Foye,Dirk Nowitzki,Jason Kidd,Jason Terry,Jose Juan Barea,Shawn Marion,2,3:16,DAL,shot,,,,,,,,,,Jason Terry,,,,missed,,3pt,48,9
Andray Blatche,Brendan Haywood,Gilbert Arenas,Mike Miller,Randy Foye,Dirk Nowitzki,Jason Kidd,Jason Terry,Jose Juan Barea,Shawn Marion,2,3:15,WAS,rebound,,,,,,,,,,Gilbert Arenas,,,,,,def,,
Andray Blatche,Brendan Haywood,Gilbert Arenas,Mike Miller,Randy Foye,Dirk Nowitzki,Jason Kidd,Jason Terry,Jose Juan Barea,Shawn Marion,2,3:08,WAS,shot,,,,,,,,,,Gilbert Arenas,2,,,made,,jump,15,25
Andray Blatche,Brendan Haywood,Gilbert Arenas,Mike Miller,Randy Foye,Dirk Nowitzki,Jason Kidd,Jason Terry,Jose Juan Barea,Shawn Marion,2,3:07,DAL,timeout,,,,,,,,,,,,,,,,regular,,
Andray Blatche,Brendan Haywood,Gilbert Arenas,Mike Miller,Randy Foye,Dirk Nowitzki,Erick Dampier,Jason Kidd,Jason Terry,Shawn Marion,2,3:07,DAL,sub,,,,Erick Dampier,,Jose Juan Barea,,,,,,,,,,,,
Brendan Haywood,Caron Butler,Gilbert Arenas,Mike Miller,Randy Foye,Dirk Nowitzki,Erick Dampier,Jason Kidd,Jason Terry,Shawn Marion,2,3:07,WAS,sub,,,,Caron Butler,,Andray Blatche,,,,,,,,,,,,
Brendan Haywood,Caron Butler,Gilbert Arenas,Mike Miller,Randy Foye,Dirk Nowitzki,Erick Dampier,Jason Kidd,Jason Terry,Shawn Marion,2,2:53,WAS,foul,,,,,,,,Dirk Nowitzki,,Mike Miller,,,,,,personal,,
Brendan Haywood,Caron Butler,Gilbert Arenas,Mike Miller,Randy Foye,Dirk Nowitzki,Erick Dampier,Jason Kidd,Jason Terry,Shawn Marion,2,2:53,DAL,free throw,,,,,,,1,,2,Dirk Nowitzki,,,foul,missed,,,,
Brendan Haywood,Caron Butler,Gilbert Arenas,Mike Miller,Randy Foye,Dirk Nowitzki,Erick Dampier,Jason Kidd,Jason Terry,Shawn Marion,2,2:53,DAL,rebound,,,,,,,,,,,,,,,,,,
Brendan Haywood,Caron Butler,Gilbert Arenas,Mike Miller,Randy Foye,Dirk Nowitzki,Erick Dampier,Jason Kidd,Jason Terry,Shawn Marion,2,2:53,DAL,free throw,,,,,,,2,,2,Dirk Nowitzki,,,foul,made,,,,
Brendan Haywood,Caron Butler,Gilbert Arenas,Mike Miller,Randy Foye,Dirk Nowitzki,Erick Dampier,Jason Kidd,Jason Terry,Shawn Marion,2,2:44,DAL,foul,,,,,,,,Gilbert Arenas,,Erick Dampier,,,,,,personal,,
Brendan Haywood,Caron Butler,Gilbert Arenas,Mike Miller,Randy Foye,Dirk Nowitzki,Erick Dampier,Jason Kidd,Jason Terry,Shawn Marion,2,2:44,WAS,free throw,,,,,,,1,,2,Gilbert Arenas,,,foul,made,,,,
Brendan Haywood,Caron Butler,Gilbert Arenas,Mike Miller,Randy Foye,Dirk Nowitzki,Drew Gooden,Jason Kidd,Jason Terry,Shawn Marion,2,2:44,DAL,sub,,,,Drew Gooden,,Erick Dampier,,,,,,,,,,,,
Brendan Haywood,Caron Butler,Gilbert Arenas,Mike Miller,Randy Foye,Dirk Nowitzki,Drew Gooden,Jason Kidd,Jason Terry,Shawn Marion,2,2:44,WAS,free throw,,,,,,,2,,2,Gilbert Arenas,,,foul,made,,,,
Brendan Haywood,Caron Butler,Gilbert Arenas,Mike Miller,Randy Foye,Dirk Nowitzki,Drew Gooden,Jason Kidd,Jason Terry,Shawn Marion,2,2:25,DAL,shot,,,,,,,,,,Dirk Nowitzki,,,,missed,,turnaround fade away,18,13
Brendan Haywood,Caron Butler,Gilbert Arenas,Mike Miller,Randy Foye,Dirk Nowitzki,Drew Gooden,Jason Kidd,Jason Terry,Shawn Marion,2,2:24,WAS,rebound,,,,,,,,,,Caron Butler,,,,,,def,,
Brendan Haywood,Caron Butler,Gilbert Arenas,Mike Miller,Randy Foye,Dirk Nowitzki,Drew Gooden,Jason Kidd,Jason Terry,Shawn Marion,2,2:11,WAS,shot,,,,,,,,,,Randy Foye,2,,,made,,step back jump,8,8
Brendan Haywood,Caron Butler,Gilbert Arenas,Mike Miller,Randy Foye,Dirk Nowitzki,Drew Gooden,Jason Kidd,Jason Terry,Shawn Marion,2,1:50,DAL,shot,,,,,,,,,,Drew Gooden,,,,missed,,step back jump,32,11
Brendan Haywood,Caron Butler,Gilbert Arenas,Mike Miller,Randy Foye,Dirk Nowitzki,Drew Gooden,Jason Kidd,Jason Terry,Shawn Marion,2,1:49,DAL,rebound,,,,,,,,,,Dirk Nowitzki,,,,,,off,,
Brendan Haywood,Caron Butler,Gilbert Arenas,Mike Miller,Randy Foye,Dirk Nowitzki,Drew Gooden,Jason Kidd,Jason Terry,Shawn Marion,2,1:47,WAS,foul,,,,,,,,Dirk Nowitzki,,Mike Miller,,,,,,shooting,,
Brendan Haywood,Caron Butler,Gilbert Arenas,Mike Miller,Randy Foye,Dirk Nowitzki,Drew Gooden,Jason Kidd,Jason Terry,Shawn Marion,2,1:47,DAL,free throw,,,,,,,1,,2,Dirk Nowitzki,,,foul,made,,,,
Brendan Haywood,Caron Butler,Dominic McGuire,Gilbert Arenas,Randy Foye,Dirk Nowitzki,Drew Gooden,Jason Kidd,Jason Terry,Shawn Marion,2,1:47,WAS,sub,,,,Dominic McGuire,,Mike Miller,,,,,,,,,,,,
Brendan Haywood,Caron Butler,Dominic McGuire,Gilbert Arenas,Randy Foye,Dirk Nowitzki,Drew Gooden,Jason Kidd,Jason Terry,Shawn Marion,2,1:47,DAL,free throw,,,,,,,2,,2,Dirk Nowitzki,,,foul,made,,,,
Brendan Haywood,Caron Butler,Dominic McGuire,Gilbert Arenas,Randy Foye,Dirk Nowitzki,Drew Gooden,Jason Kidd,Jason Terry,Shawn Marion,2,1:34,WAS,shot,,,,,,,,,,Gilbert Arenas,,,,missed,,3pt,33,30
Brendan Haywood,Caron Butler,Dominic McGuire,Gilbert Arenas,Randy Foye,Dirk Nowitzki,Drew Gooden,Jason Kidd,Jason Terry,Shawn Marion,2,1:33,DAL,rebound,,,,,,,,,,Jason Terry,,,,,,def,,
Brendan Haywood,Caron Butler,Dominic McGuire,Gilbert Arenas,Randy Foye,Dirk Nowitzki,Drew Gooden,Jason Kidd,Jason Terry,Shawn Marion,2,1:23,DAL,shot,,,,,,,,,,Dirk Nowitzki,,,,missed,,jump,41,10
Brendan Haywood,Caron Butler,Dominic McGuire,Gilbert Arenas,Randy Foye,Dirk Nowitzki,Drew Gooden,Jason Kidd,Jason Terry,Shawn Marion,2,1:22,DAL,rebound,,,,,,,,,,Drew Gooden,,,,,,off,,
Brendan Haywood,Caron Butler,Dominic McGuire,Gilbert Arenas,Randy Foye,Dirk Nowitzki,Drew Gooden,Jason Kidd,Jason Terry,Shawn Marion,2,1:19,DAL,shot,,,,,,,,,,Drew Gooden,2,,,made,,jump hook,28,10
Brendan Haywood,Caron Butler,Dominic McGuire,Gilbert Arenas,Randy Foye,Dirk Nowitzki,Drew Gooden,Jason Kidd,Jason Terry,Shawn Marion,2,0:51,WAS,shot,,,Drew Gooden,,,,,,,Caron Butler,,,,missed,,layup,25,6
Brendan Haywood,Caron Butler,Dominic McGuire,Gilbert Arenas,Randy Foye,Dirk Nowitzki,Drew Gooden,Jason Kidd,Jason Terry,Shawn Marion,2,0:51,DAL,rebound,,,,,,,,,,Dirk Nowitzki,,,,,,def,,
Brendan Haywood,Caron Butler,Dominic McGuire,Gilbert Arenas,Randy Foye,Dirk Nowitzki,Drew Gooden,Jason Kidd,Jason Terry,Shawn Marion,2,0:51,WAS,foul,,,,,,,,Dirk Nowitzki,,Caron Butler,,,,,,loose ball,,
Brendan Haywood,Caron Butler,Dominic McGuire,Gilbert Arenas,Randy Foye,Dirk Nowitzki,Drew Gooden,Jason Kidd,Jason Terry,Shawn Marion,2,0:51,DAL,free throw,,,,,,,1,,2,Dirk Nowitzki,,,foul,made,,,,
Brendan Haywood,Caron Butler,DeShawn Stevenson,Dominic McGuire,Gilbert Arenas,Dirk Nowitzki,Drew Gooden,Jason Kidd,Jason Terry,Shawn Marion,2,0:51,WAS,sub,,,,DeShawn Stevenson,,Randy Foye,,,,,,,,,,,,
Brendan Haywood,Caron Butler,DeShawn Stevenson,Dominic McGuire,Gilbert Arenas,Dirk Nowitzki,Drew Gooden,Jason Kidd,Jason Terry,Shawn Marion,2,0:51,DAL,free throw,,,,,,,2,,2,Dirk Nowitzki,,,foul,made,,,,
Brendan Haywood,Caron Butler,DeShawn Stevenson,Dominic McGuire,Gilbert Arenas,Dirk Nowitzki,Drew Gooden,Jason Kidd,Jason Terry,Shawn Marion,2,0:41,DAL,foul,,,,,,,,DeShawn Stevenson,,Jason Kidd,,,,,,personal,,
Brendan Haywood,Caron Butler,DeShawn Stevenson,Dominic McGuire,Gilbert Arenas,Dirk Nowitzki,Drew Gooden,Jason Kidd,Jason Terry,Shawn Marion,2,0:41,WAS,free throw,,,,,,,1,,2,DeShawn Stevenson,,,foul,missed,,,,
Brendan Haywood,Caron Butler,DeShawn Stevenson,Dominic McGuire,Gilbert Arenas,Dirk Nowitzki,Drew Gooden,Jason Kidd,Jason Terry,Shawn Marion,2,0:41,WAS,rebound,,,,,,,,,,,,,,,,,,
Brendan Haywood,Caron Butler,DeShawn Stevenson,Gilbert Arenas,JaVale McGee,Dirk Nowitzki,Drew Gooden,Jason Kidd,Jason Terry,Shawn Marion,2,0:41,WAS,sub,,,,JaVale McGee,,Dominic McGuire,,,,,,,,,,,,
Brendan Haywood,Caron Butler,DeShawn Stevenson,Gilbert Arenas,JaVale McGee,Dirk Nowitzki,Drew Gooden,Jason Kidd,Jason Terry,Shawn Marion,2,0:41,WAS,free throw,,,,,,,2,,2,DeShawn Stevenson,,,foul,missed,,,,
Brendan Haywood,Caron Butler,DeShawn Stevenson,Gilbert Arenas,JaVale McGee,Dirk Nowitzki,Drew Gooden,Jason Kidd,Jason Terry,Shawn Marion,2,0:39,DAL,rebound,,,,,,,,,,Dirk Nowitzki,,,,,,def,,
Brendan Haywood,Caron Butler,DeShawn Stevenson,Gilbert Arenas,JaVale McGee,Dirk Nowitzki,Drew Gooden,Jason Kidd,Jason Terry,Shawn Marion,2,0:31,DAL,shot,,,,,,,,,,Shawn Marion,,,,missed,,turnaround jump,16,8
Brendan Haywood,Caron Butler,DeShawn Stevenson,Gilbert Arenas,JaVale McGee,Dirk Nowitzki,Drew Gooden,Jason Kidd,Jason Terry,Shawn Marion,2,0:24,WAS,rebound,,,,,,,,,,Brendan Haywood,,,,,,def,,
Brendan Haywood,Caron Butler,DeShawn Stevenson,Gilbert Arenas,JaVale McGee,Dirk Nowitzki,Drew Gooden,Jason Kidd,Jason Terry,Shawn Marion,2,0:05,WAS,turnover,,,,,,,,,,Gilbert Arenas,,,bad pass,,Drew Gooden,,,
Brendan Haywood,Caron Butler,DeShawn Stevenson,Gilbert Arenas,JaVale McGee,Dirk Nowitzki,Drew Gooden,Jason Kidd,Jason Terry,Shawn Marion,2,0:00,DAL,turnover,,,,,,,,,,Drew Gooden,,,bad pass,,DeShawn Stevenson,,,
Brendan Haywood,Caron Butler,Fabricio Oberto,Gilbert Arenas,Mike Miller,Dirk Nowitzki,Erick Dampier,Jason Kidd,Jason Terry,Shawn Marion,3,11:40,WAS,shot,,,,,,,,,,Brendan Haywood,,,,missed,,jump,9,9
Brendan Haywood,Caron Butler,Fabricio Oberto,Gilbert Arenas,Mike Miller,Dirk Nowitzki,Erick Dampier,Jason Kidd,Jason Terry,Shawn Marion,3,11:39,DAL,rebound,,,,,,,,,,Dirk Nowitzki,,,,,,def,,
Brendan Haywood,Caron Butler,Fabricio Oberto,Gilbert Arenas,Mike Miller,Dirk Nowitzki,Erick Dampier,Jason Kidd,Jason Terry,Shawn Marion,3,11:24,DAL,shot,,,,,,,,,,Shawn Marion,,,,missed,,jump,34,9
Brendan Haywood,Caron Butler,Fabricio Oberto,Gilbert Arenas,Mike Miller,Dirk Nowitzki,Erick Dampier,Jason Kidd,Jason Terry,Shawn Marion,3,11:22,WAS,rebound,,,,,,,,,,Caron Butler,,,,,,def,,
Brendan Haywood,Caron Butler,Fabricio Oberto,Gilbert Arenas,Mike Miller,Dirk Nowitzki,Erick Dampier,Jason Kidd,Jason Terry,Shawn Marion,3,11:15,WAS,shot,,,,,,,,,,Caron Butler,2,,,made,,driving finger roll layup,25,6
Brendan Haywood,Caron Butler,Fabricio Oberto,Gilbert Arenas,Mike Miller,Dirk Nowitzki,Erick Dampier,Jason Kidd,Jason Terry,Shawn Marion,3,10:55,DAL,shot,,,,,,,,,,Jason Terry,3,,,made,,3pt,12,28
Brendan Haywood,Caron Butler,Fabricio Oberto,Gilbert Arenas,Mike Miller,Dirk Nowitzki,Erick Dampier,Jason Kidd,Jason Terry,Shawn Marion,3,10:36,WAS,shot,,,,,,,,,,Brendan Haywood,,,,missed,,layup,25,6
Brendan Haywood,Caron Butler,Fabricio Oberto,Gilbert Arenas,Mike Miller,Dirk Nowitzki,Erick Dampier,Jason Kidd,Jason Terry,Shawn Marion,3,10:36,DAL,rebound,,,,,,,,,,Dirk Nowitzki,,,,,,def,,
Brendan Haywood,Caron Butler,Fabricio Oberto,Gilbert Arenas,Mike Miller,Dirk Nowitzki,Erick Dampier,Jason Kidd,Jason Terry,Shawn Marion,3,10:36,WAS,foul,,,,,,,,Dirk Nowitzki,,Mike Miller,,,,,,loose ball,,
Brendan Haywood,Caron Butler,Fabricio Oberto,Gilbert Arenas,Randy Foye,Dirk Nowitzki,Erick Dampier,Jason Kidd,Jason Terry,Shawn Marion,3,10:36,WAS,sub,,,,Randy Foye,,Mike Miller,,,,,,,,,,,,
Brendan Haywood,Caron Butler,Fabricio Oberto,Gilbert Arenas,Randy Foye,Dirk Nowitzki,Erick Dampier,Jason Kidd,Jason Terry,Shawn Marion,3,10:24,DAL,shot,,,,,,,,,,Jason Terry,,,,missed,,jump,15,15
Brendan Haywood,Caron Butler,Fabricio Oberto,Gilbert Arenas,Randy Foye,Dirk Nowitzki,Erick Dampier,Jason Kidd,Jason Terry,Shawn Marion,3,10:22,DAL,rebound,,,,,,,,,,Erick Dampier,,,,,,off,,
Brendan Haywood,Caron Butler,Fabricio Oberto,Gilbert Arenas,Randy Foye,Dirk Nowitzki,Erick Dampier,Jason Kidd,Jason Terry,Shawn Marion,3,10:22,DAL,shot,,,,,,,,,,Erick Dampier,2,,,made,,putback dunk,25,6
Brendan Haywood,Caron Butler,Fabricio Oberto,Gilbert Arenas,Randy Foye,Dirk Nowitzki,Erick Dampier,Jason Kidd,Jason Terry,Shawn Marion,3,10:11,WAS,shot,,,,,,,,,,Gilbert Arenas,3,,,made,,3pt,14,29
Brendan Haywood,Caron Butler,Fabricio Oberto,Gilbert Arenas,Randy Foye,Dirk Nowitzki,Erick Dampier,Jason Kidd,Jason Terry,Shawn Marion,3,9:55,DAL,turnover,,,,,,,,,,Dirk Nowitzki,,,bad pass,,Randy Foye,,,
Brendan Haywood,Caron Butler,Fabricio Oberto,Gilbert Arenas,Randy Foye,Dirk Nowitzki,Erick Dampier,Jason Kidd,Jason Terry,Shawn Marion,3,9:42,WAS,shot,,,Shawn Marion,,,,,,,Caron Butler,,,,missed,,jump,28,12
Brendan Haywood,Caron Butler,Fabricio Oberto,Gilbert Arenas,Randy Foye,Dirk Nowitzki,Erick Dampier,Jason Kidd,Jason Terry,Shawn Marion,3,9:40,DAL,rebound,,,,,,,,,,Jason Kidd,,,,,,def,,
Brendan Haywood,Caron Butler,Fabricio Oberto,Gilbert Arenas,Randy Foye,Dirk Nowitzki,Erick Dampier,Jason Kidd,Jason Terry,Shawn Marion,3,9:34,DAL,shot,,,,,,,,,,Jason Terry,,,,missed,,3pt,38,27
Brendan Haywood,Caron Butler,Fabricio Oberto,Gilbert Arenas,Randy Foye,Dirk Nowitzki,Erick Dampier,Jason Kidd,Jason Terry,Shawn Marion,3,9:33,WAS,rebound,,,,,,,,,,Brendan Haywood,,,,,,def,,
Brendan Haywood,Caron Butler,Fabricio Oberto,Gilbert Arenas,Randy Foye,Dirk Nowitzki,Erick Dampier,Jason Kidd,Jason Terry,Shawn Marion,3,9:29,WAS,shot,Gilbert Arenas,,,,,,,,,Caron Butler,2,,,made,,running slam dunk,25,6
Brendan Haywood,Caron Butler,Fabricio Oberto,Gilbert Arenas,Randy Foye,Dirk Nowitzki,Erick Dampier,Jason Kidd,Jason Terry,Shawn Marion,3,9:06,DAL,shot,,,,,,,,,,Shawn Marion,,,,missed,,3pt,48,6
Brendan Haywood,Caron Butler,Fabricio Oberto,Gilbert Arenas,Randy Foye,Dirk Nowitzki,Erick Dampier,Jason Kidd,Jason Terry,Shawn Marion,3,9:05,WAS,rebound,,,,,,,,,,Fabricio Oberto,,,,,,def,,
Brendan Haywood,Caron Butler,Fabricio Oberto,Gilbert Arenas,Randy Foye,Dirk Nowitzki,Erick Dampier,Jason Kidd,Jason Terry,Shawn Marion,3,8:53,WAS,shot,,,,,,,,,,Caron Butler,,,,missed,,jump,42,8
Brendan Haywood,Caron Butler,Fabricio Oberto,Gilbert Arenas,Randy Foye,Dirk Nowitzki,Erick Dampier,Jason Kidd,Jason Terry,Shawn Marion,3,8:52,DAL,rebound,,,,,,,,,,Shawn Marion,,,,,,def,,
Brendan Haywood,Caron Butler,Fabricio Oberto,Gilbert Arenas,Randy Foye,Dirk Nowitzki,Erick Dampier,Jason Kidd,Jason Terry,Shawn Marion,3,8:47,DAL,shot,,,,,,,,,,Jason Kidd,2,,,made,,driving layup,25,6
Brendan Haywood,Caron Butler,Fabricio Oberto,Gilbert Arenas,Randy Foye,Dirk Nowitzki,Erick Dampier,Jason Kidd,Jason Terry,Shawn Marion,3,8:27,WAS,shot,,,,,,,,,,Gilbert Arenas,,,,missed,,jump,8,20
Brendan Haywood,Caron Butler,Fabricio Oberto,Gilbert Arenas,Randy Foye,Dirk Nowitzki,Erick Dampier,Jason Kidd,Jason Terry,Shawn Marion,3,8:26,WAS,rebound,,,,,,,,,,Fabricio Oberto,,,,,,off,,
Brendan Haywood,Caron Butler,Fabricio Oberto,Gilbert Arenas,Randy Foye,Dirk Nowitzki,Erick Dampier,Jason Kidd,Jason Terry,Shawn Marion,3,8:23,WAS,turnover,,,,,,,,,,Fabricio Oberto,,,lost ball,,Jason Kidd,,,
Brendan Haywood,Caron Butler,Fabricio Oberto,Gilbert Arenas,Randy Foye,Dirk Nowitzki,Erick Dampier,Jason Kidd,Jason Terry,Shawn Marion,3,8:18,DAL,shot,,,Caron Butler,,,,,,,Jason Terry,,,,missed,,jump,20,9
Brendan Haywood,Caron Butler,Fabricio Oberto,Gilbert Arenas,Randy Foye,Dirk Nowitzki,Erick Dampier,Jason Kidd,Jason Terry,Shawn Marion,3,8:15,WAS,rebound,,,,,,,,,,Brendan Haywood,,,,,,def,,
Brendan Haywood,Caron Butler,Fabricio Oberto,Gilbert Arenas,Randy Foye,Dirk Nowitzki,Erick Dampier,Jason Kidd,Jason Terry,Shawn Marion,3,8:10,WAS,shot,,,,,,,,,,Randy Foye,2,,,made,,pullup jump,24,10
Brendan Haywood,Caron Butler,Fabricio Oberto,Gilbert Arenas,Randy Foye,Dirk Nowitzki,Erick Dampier,Jason Kidd,Jason Terry,Shawn Marion,3,7:55,WAS,foul,,,,,,,,Erick Dampier,,Fabricio Oberto,,,,,,shooting,,
Brendan Haywood,Caron Butler,Fabricio Oberto,Gilbert Arenas,Randy Foye,Dirk Nowitzki,Erick Dampier,Jason Kidd,Jason Terry,Shawn Marion,3,7:55,DAL,free throw,,,,,,,1,,2,Erick Dampier,,,foul,made,,,,
Andray Blatche,Brendan Haywood,Caron Butler,Gilbert Arenas,Randy Foye,Dirk Nowitzki,Erick Dampier,Jason Kidd,Jason Terry,Shawn Marion,3,7:55,WAS,sub,,,,Andray Blatche,,Fabricio Oberto,,,,,,,,,,,,
Andray Blatche,Brendan Haywood,Caron Butler,Gilbert Arenas,Randy Foye,Dirk Nowitzki,Erick Dampier,Jason Kidd,Jason Terry,Shawn Marion,3,7:55,DAL,free throw,,,,,,,2,,2,Erick Dampier,,,foul,missed,,,,
Andray Blatche,Brendan Haywood,Caron Butler,Gilbert Arenas,Randy Foye,Dirk Nowitzki,Erick Dampier,Jason Kidd,Jason Terry,Shawn Marion,3,7:54,WAS,rebound,,,,,,,,,,Brendan Haywood,,,,,,def,,
Andray Blatche,Brendan Haywood,Caron Butler,Gilbert Arenas,Randy Foye,Dirk Nowitzki,Erick Dampier,Jason Kidd,Jason Terry,Shawn Marion,3,7:39,DAL,foul,,,,,,,,Caron Butler,,Shawn Marion,,,,,,personal,,
Andray Blatche,Brendan Haywood,Caron Butler,Gilbert Arenas,Randy Foye,Dirk Nowitzki,Erick Dampier,Jason Kidd,Jason Terry,Shawn Marion,3,7:36,WAS,turnover,,,,,,,,,,Gilbert Arenas,,,lost ball,,Jason Terry,,,
Andray Blatche,Brendan Haywood,Caron Butler,Gilbert Arenas,Randy Foye,Dirk Nowitzki,Erick Dampier,Jason Kidd,Jason Terry,Shawn Marion,3,7:36,WAS,foul,,,,,,,,Jason Terry,,Randy Foye,,,,,,loose ball,,
Andray Blatche,Brendan Haywood,Caron Butler,Gilbert Arenas,Randy Foye,Dirk Nowitzki,Erick Dampier,Jason Kidd,Jason Terry,Shawn Marion,3,7:22,DAL,shot,,,,,,,,,,Dirk Nowitzki,,,,missed,,jump,28,25
Andray Blatche,Brendan Haywood,Caron Butler,Gilbert Arenas,Randy Foye,Dirk Nowitzki,Erick Dampier,Jason Kidd,Jason Terry,Shawn Marion,3,7:21,WAS,rebound,,,,,,,,,,Andray Blatche,,,,,,def,,
Andray Blatche,Brendan Haywood,Caron Butler,Gilbert Arenas,Randy Foye,Dirk Nowitzki,Erick Dampier,Jason Kidd,Jason Terry,Shawn Marion,3,7:10,WAS,shot,Gilbert Arenas,,,,,,,,,Andray Blatche,2,,,made,,jump,40,12
Andray Blatche,Brendan Haywood,Caron Butler,Gilbert Arenas,Randy Foye,Dirk Nowitzki,Erick Dampier,Jason Kidd,Jason Terry,Shawn Marion,3,6:48,DAL,shot,,,,,,,,,,Jason Terry,,,,missed,,jump,20,12
Andray Blatche,Brendan Haywood,Caron Butler,Gilbert Arenas,Randy Foye,Dirk Nowitzki,Erick Dampier,Jason Kidd,Jason Terry,Shawn Marion,3,6:48,DAL,rebound,,,,,,,,,,Erick Dampier,,,,,,off,,
Andray Blatche,Brendan Haywood,Caron Butler,Gilbert Arenas,Randy Foye,Dirk Nowitzki,Erick Dampier,Jason Kidd,Jason Terry,Shawn Marion,3,6:48,WAS,foul,,,,,,,,Erick Dampier,,Brendan Haywood,,,,,,loose ball,,
Andray Blatche,Brendan Haywood,Caron Butler,Gilbert Arenas,Randy Foye,Dirk Nowitzki,Erick Dampier,Jason Kidd,Jason Terry,Shawn Marion,3,6:39,DAL,shot,Jason Terry,,,,,,,,,Dirk Nowitzki,2,,,made,,driving bank hook,21,8
Andray Blatche,Brendan Haywood,Caron Butler,Gilbert Arenas,Randy Foye,Dirk Nowitzki,Erick Dampier,Jason Kidd,Jason Terry,Shawn Marion,3,6:19,DAL,timeout,,,,,,,,,,,,,,,,regular,,
Andray Blatche,Brendan Haywood,Caron Butler,Gilbert Arenas,Randy Foye,Dirk Nowitzki,Erick Dampier,Jason Kidd,Jason Terry,Shawn Marion,3,6:12,WAS,shot,,,,,,,,,,Randy Foye,,,,missed,,jump,18,9
Andray Blatche,Brendan Haywood,Caron Butler,Gilbert Arenas,Randy Foye,Dirk Nowitzki,Erick Dampier,Jason Kidd,Jason Terry,Shawn Marion,3,6:10,DAL,rebound,,,,,,,,,,Shawn Marion,,,,,,def,,
Andray Blatche,Brendan Haywood,Caron Butler,Gilbert Arenas,Randy Foye,Dirk Nowitzki,Erick Dampier,Jason Kidd,Jason Terry,Shawn Marion,3,6:05,DAL,shot,,,,,,,,,,Shawn Marion,,,,missed,,running dunk,25,6
Andray Blatche,Brendan Haywood,Caron Butler,Gilbert Arenas,Randy Foye,Dirk Nowitzki,Erick Dampier,Jason Kidd,Jason Terry,Shawn Marion,3,6:04,WAS,rebound,,,,,,,,,,Randy Foye,,,,,,def,,
Andray Blatche,Brendan Haywood,Caron Butler,Gilbert Arenas,Randy Foye,Dirk Nowitzki,Erick Dampier,Jason Kidd,Jason Terry,Shawn Marion,3,6:02,WAS,turnover,,,,,,,,,,Randy Foye,,,out of bounds lost ball turnover,,,,,
Andray Blatche,Brendan Haywood,Caron Butler,Gilbert Arenas,Randy Foye,Dirk Nowitzki,Erick Dampier,Jason Kidd,Jason Terry,Shawn Marion,3,5:51,DAL,shot,Jason Terry,,,,,,,,,Dirk Nowitzki,2,,,made,,jump,39,20
Andray Blatche,Brendan Haywood,Caron Butler,Gilbert Arenas,Randy Foye,Dirk Nowitzki,Erick Dampier,Jason Kidd,Jason Terry,Shawn Marion,3,5:24,WAS,shot,,,,,,,,,,Andray Blatche,2,,,made,,pullup jump,30,12
Andray Blatche,Brendan Haywood,Caron Butler,Gilbert Arenas,Randy Foye,Dirk Nowitzki,Erick Dampier,Jason Kidd,Jason Terry,Shawn Marion,3,5:13,DAL,shot,,,,,,,,,,Dirk Nowitzki,,,,missed,,jump,10,12
Andray Blatche,Brendan Haywood,Caron Butler,Gilbert Arenas,Randy Foye,Dirk Nowitzki,Erick Dampier,Jason Kidd,Jason Terry,Shawn Marion,3,5:13,DAL,rebound,,,,,,,,,,Erick Dampier,,,,,,off,,
Andray Blatche,Brendan Haywood,Caron Butler,Gilbert Arenas,Randy Foye,Dirk Nowitzki,Erick Dampier,Jason Kidd,Jason Terry,Shawn Marion,3,5:13,WAS,foul,,,,,,,,Erick Dampier,,Andray Blatche,,,,,,personal,,
Andray Blatche,Brendan Haywood,Caron Butler,Gilbert Arenas,Randy Foye,Dirk Nowitzki,Erick Dampier,Jason Kidd,Jason Terry,Shawn Marion,3,5:13,DAL,free throw,,,,,,,1,,2,Erick Dampier,,,foul,missed,,,,
Andray Blatche,Brendan Haywood,Caron Butler,Gilbert Arenas,Randy Foye,Dirk Nowitzki,Erick Dampier,Jason Kidd,Jason Terry,Shawn Marion,3,5:13,DAL,rebound,,,,,,,,,,,,,,,,,,
Andray Blatche,Brendan Haywood,Caron Butler,Gilbert Arenas,Randy Foye,Dirk Nowitzki,Erick Dampier,Jason Terry,Jose Juan Barea,Shawn Marion,3,5:13,DAL,sub,,,,Jose Juan Barea,,Jason Kidd,,,,,,,,,,,,
Andray Blatche,Brendan Haywood,Caron Butler,Gilbert Arenas,Randy Foye,Dirk Nowitzki,Erick Dampier,Jason Terry,Jose Juan Barea,Shawn Marion,3,5:13,DAL,free throw,,,,,,,2,,2,Erick Dampier,,,foul,made,,,,
Andray Blatche,Brendan Haywood,Caron Butler,Gilbert Arenas,Randy Foye,Dirk Nowitzki,Erick Dampier,Jason Terry,Jose Juan Barea,Shawn Marion,3,4:49,WAS,shot,,,,,,,,,,Randy Foye,,,,missed,,3pt,12,27
Andray Blatche,Brendan Haywood,Caron Butler,Gilbert Arenas,Randy Foye,Dirk Nowitzki,Erick Dampier,Jason Terry,Jose Juan Barea,Shawn Marion,3,4:48,DAL,rebound,,,,,,,,,,Jose Juan Barea,,,,,,def,,
Andray Blatche,Brendan Haywood,Caron Butler,Gilbert Arenas,Randy Foye,Dirk Nowitzki,Erick Dampier,Jason Terry,Jose Juan Barea,Shawn Marion,3,4:35,DAL,shot,,,,,,,,,,Jose Juan Barea,2,,,made,,driving jump,21,15
Andray Blatche,Brendan Haywood,Caron Butler,Gilbert Arenas,Randy Foye,Dirk Nowitzki,Erick Dampier,Jason Terry,Jose Juan Barea,Shawn Marion,3,4:19,WAS,foul,,,,,,,,Jose Juan Barea,,Gilbert Arenas,,,,,,offensive,,
Andray Blatche,Brendan Haywood,Caron Butler,Gilbert Arenas,Randy Foye,Dirk Nowitzki,Erick Dampier,Jason Terry,Jose Juan Barea,Shawn Marion,3,4:19,WAS,turnover,,,,,,,,,,Gilbert Arenas,,,foul,,,,,
Andray Blatche,Brendan Haywood,Caron Butler,Gilbert Arenas,Randy Foye,Dirk Nowitzki,Erick Dampier,Jason Terry,Jose Juan Barea,Shawn Marion,3,4:08,DAL,turnover,,,,,,,,,,Jose Juan Barea,,,bad pass,,Andray Blatche,,,
Andray Blatche,Brendan Haywood,Caron Butler,Gilbert Arenas,Randy Foye,Dirk Nowitzki,Erick Dampier,Jason Terry,Jose Juan Barea,Shawn Marion,3,3:57,WAS,shot,Gilbert Arenas,,,,,,,,,Randy Foye,3,,,made,,3pt,11,27
Andray Blatche,Brendan Haywood,Caron Butler,Gilbert Arenas,Randy Foye,Dirk Nowitzki,Erick Dampier,Jason Terry,Jose Juan Barea,Shawn Marion,3,3:36,DAL,shot,,,,,,,,,,Jason Terry,2,,,made,,driving layup,25,6
Andray Blatche,Brendan Haywood,Caron Butler,Gilbert Arenas,Randy Foye,Dirk Nowitzki,Erick Dampier,Jason Terry,Jose Juan Barea,Shawn Marion,3,3:21,WAS,shot,,,,,,,,,,Gilbert Arenas,2,,,made,,driving bank,34,9
Andray Blatche,Brendan Haywood,Caron Butler,Gilbert Arenas,Randy Foye,Dirk Nowitzki,Erick Dampier,Jason Terry,Jose Juan Barea,Shawn Marion,3,3:21,DAL,foul,,,,,,,,Gilbert Arenas,,Jose Juan Barea,,,,,,shooting,,
Andray Blatche,Caron Butler,DeShawn Stevenson,Gilbert Arenas,Randy Foye,Dirk Nowitzki,Erick Dampier,Jason Terry,Jose Juan Barea,Shawn Marion,3,3:21,WAS,sub,,,,DeShawn Stevenson,,Brendan Haywood,,,,,,,,,,,,
Andray Blatche,Caron Butler,DeShawn Stevenson,Gilbert Arenas,Randy Foye,Dirk Nowitzki,Erick Dampier,Jason Terry,Jose Juan Barea,Quinton Ross,3,3:21,DAL,sub,,,,Quinton Ross,,Shawn Marion,,,,,,,,,,,,
Andray Blatche,Caron Butler,DeShawn Stevenson,Gilbert Arenas,Randy Foye,Dirk Nowitzki,Erick Dampier,Jason Terry,Jose Juan Barea,Quinton Ross,3,3:21,WAS,free throw,,,,,,,1,,1,Gilbert Arenas,,,foul,made,,,,
Andray Blatche,Caron Butler,DeShawn Stevenson,Gilbert Arenas,Randy Foye,Dirk Nowitzki,Erick Dampier,Jason Terry,Jose Juan Barea,Quinton Ross,3,3:00,DAL,shot,,,,,,,,,,Dirk Nowitzki,,,,missed,,jump,37,10
Andray Blatche,Caron Butler,DeShawn Stevenson,Gilbert Arenas,Randy Foye,Dirk Nowitzki,Erick Dampier,Jason Terry,Jose Juan Barea,Quinton Ross,3,2:59,WAS,rebound,,,,,,,,,,DeShawn Stevenson,,,,,,def,,
Andray Blatche,Caron Butler,DeShawn Stevenson,Gilbert Arenas,Randy Foye,Dirk Nowitzki,Erick Dampier,Jason Terry,Jose Juan Barea,Quinton Ross,3,2:50,WAS,shot,,,,,,,,,,Gilbert Arenas,,,,missed,,jump,39,15
Andray Blatche,Caron Butler,DeShawn Stevenson,Gilbert Arenas,Randy Foye,Dirk Nowitzki,Erick Dampier,Jason Terry,Jose Juan Barea,Quinton Ross,3,2:49,DAL,rebound,,,,,,,,,,,,,,,,,,
Andray Blatche,Caron Butler,DeShawn Stevenson,Gilbert Arenas,Randy Foye,Dirk Nowitzki,Erick Dampier,Jason Terry,Jose Juan Barea,Quinton Ross,3,2:49,WAS,timeout,,,,,,,,,,,,,,,,regular,,
Andray Blatche,Brendan Haywood,Caron Butler,DeShawn Stevenson,Gilbert Arenas,Dirk Nowitzki,Erick Dampier,Jason Terry,Jose Juan Barea,Quinton Ross,3,2:49,WAS,sub,,,,Brendan Haywood,,Randy Foye,,,,,,,,,,,,
Andray Blatche,Brendan Haywood,Caron Butler,DeShawn Stevenson,Gilbert Arenas,Dirk Nowitzki,Erick Dampier,Jason Terry,Jose Juan Barea,Quinton Ross,3,2:35,DAL,shot,Jason Terry,,,,,,,,,Dirk Nowitzki,2,,,made,,jump,37,21
Andray Blatche,Brendan Haywood,Caron Butler,DeShawn Stevenson,Gilbert Arenas,Dirk Nowitzki,Erick Dampier,Jason Terry,Jose Juan Barea,Quinton Ross,3,2:15,WAS,shot,,,,,,,,,,Caron Butler,,,,missed,,jump,44,9
Andray Blatche,Brendan Haywood,Caron Butler,DeShawn Stevenson,Gilbert Arenas,Dirk Nowitzki,Erick Dampier,Jason Terry,Jose Juan Barea,Quinton Ross,3,2:14,DAL,rebound,,,,,,,,,,Jose Juan Barea,,,,,,def,,
Andray Blatche,Brendan Haywood,Caron Butler,DeShawn Stevenson,Gilbert Arenas,Dirk Nowitzki,Erick Dampier,Jason Terry,Jose Juan Barea,Quinton Ross,3,2:03,DAL,shot,Jose Juan Barea,,,,,,,,,Dirk Nowitzki,2,,,made,,jump,8,17
Andray Blatche,Brendan Haywood,Caron Butler,DeShawn Stevenson,Gilbert Arenas,Dirk Nowitzki,Erick Dampier,Jason Terry,Jose Juan Barea,Quinton Ross,3,1:40,WAS,shot,,,,,,,,,,Caron Butler,,,,missed,,driving jump,20,8
Andray Blatche,Brendan Haywood,Caron Butler,DeShawn Stevenson,Gilbert Arenas,Dirk Nowitzki,Erick Dampier,Jason Terry,Jose Juan Barea,Quinton Ross,3,1:38,DAL,rebound,,,,,,,,,,Dirk Nowitzki,,,,,,def,,
Andray Blatche,Brendan Haywood,Caron Butler,DeShawn Stevenson,Gilbert Arenas,Dirk Nowitzki,Erick Dampier,Jason Terry,Jose Juan Barea,Quinton Ross,3,1:31,DAL,shot,,,,,,,,,,Jose Juan Barea,,,,missed,,3pt,38,27
Andray Blatche,Brendan Haywood,Caron Butler,DeShawn Stevenson,Gilbert Arenas,Dirk Nowitzki,Erick Dampier,Jason Terry,Jose Juan Barea,Quinton Ross,3,1:29,WAS,rebound,,,,,,,,,,DeShawn Stevenson,,,,,,def,,
Andray Blatche,Brendan Haywood,Caron Butler,DeShawn Stevenson,Gilbert Arenas,Dirk Nowitzki,Erick Dampier,Jason Terry,Jose Juan Barea,Quinton Ross,3,1:17,WAS,shot,,,,,,,,,,Gilbert Arenas,2,,,made,,pullup jump,9,12
Andray Blatche,Brendan Haywood,Caron Butler,DeShawn Stevenson,Gilbert Arenas,Dirk Nowitzki,Erick Dampier,Jason Terry,Jose Juan Barea,Quinton Ross,3,0:54,DAL,shot,,,,,,,,,,Jason Terry,,,,missed,,3pt,3,19
Andray Blatche,Brendan Haywood,Caron Butler,DeShawn Stevenson,Gilbert Arenas,Dirk Nowitzki,Erick Dampier,Jason Terry,Jose Juan Barea,Quinton Ross,3,0:53,WAS,rebound,,,,,,,,,,Caron Butler,,,,,,def,,
Andray Blatche,Brendan Haywood,Caron Butler,DeShawn Stevenson,Gilbert Arenas,Dirk Nowitzki,Erick Dampier,Jason Terry,Jose Juan Barea,Quinton Ross,3,0:48,WAS,shot,,,Dirk Nowitzki,,,,,,,Caron Butler,,,,missed,,driving jump,21,8
Andray Blatche,Brendan Haywood,Caron Butler,DeShawn Stevenson,Gilbert Arenas,Dirk Nowitzki,Erick Dampier,Jason Terry,Jose Juan Barea,Quinton Ross,3,0:48,WAS,rebound,,,,,,,,,,,,,,,,,,
Andray Blatche,Brendan Haywood,Caron Butler,DeShawn Stevenson,Gilbert Arenas,Dirk Nowitzki,Drew Gooden,Jason Terry,Jose Juan Barea,Quinton Ross,3,0:48,DAL,sub,,,,Drew Gooden,,Erick Dampier,,,,,,,,,,,,
Andray Blatche,Brendan Haywood,Caron Butler,DeShawn Stevenson,Gilbert Arenas,Dirk Nowitzki,Drew Gooden,Jason Terry,Jose Juan Barea,Quinton Ross,3,0:43,WAS,shot,,,,,,,,,,Gilbert Arenas,,,,missed,,jump,8,17
Andray Blatche,Brendan Haywood,Caron Butler,DeShawn Stevenson,Gilbert Arenas,Dirk Nowitzki,Drew Gooden,Jason Terry,Jose Juan Barea,Quinton Ross,3,0:42,DAL,rebound,,,,,,,,,,Jason Terry,,,,,,def,,
Andray Blatche,Brendan Haywood,Caron Butler,DeShawn Stevenson,Gilbert Arenas,Dirk Nowitzki,Drew Gooden,Jason Terry,Jose Juan Barea,Quinton Ross,3,0:36,DAL,shot,Jason Terry,,,,,,,,,Dirk Nowitzki,3,,,made,,3pt,6,22
Andray Blatche,Brendan Haywood,Caron Butler,DeShawn Stevenson,Gilbert Arenas,Dirk Nowitzki,Drew Gooden,Jason Terry,Jose Juan Barea,Quinton Ross,3,0:21,DAL,foul,,,,,,,,Gilbert Arenas,,Quinton Ross,,,,,,personal,,
Andray Blatche,Brendan Haywood,Caron Butler,DeShawn Stevenson,Gilbert Arenas,Drew Gooden,Jason Terry,Jose Juan Barea,Kris Humphries,Quinton Ross,3,0:21,DAL,sub,,,,Kris Humphries,,Dirk Nowitzki,,,,,,,,,,,,
Andray Blatche,Brendan Haywood,Caron Butler,DeShawn Stevenson,Gilbert Arenas,Drew Gooden,Jason Terry,Jose Juan Barea,Kris Humphries,Quinton Ross,3,0:08,WAS,shot,,,,,,,,,,Gilbert Arenas,,,,missed,,jump,9,14
Andray Blatche,Brendan Haywood,Caron Butler,DeShawn Stevenson,Gilbert Arenas,Drew Gooden,Jason Terry,Jose Juan Barea,Kris Humphries,Quinton Ross,3,0:06,DAL,rebound,,,,,,,,,,Jason Terry,,,,,,def,,
Andray Blatche,Brendan Haywood,Caron Butler,DeShawn Stevenson,Gilbert Arenas,Drew Gooden,Jason Terry,Jose Juan Barea,Kris Humphries,Quinton Ross,3,0:02,DAL,shot,,,,,,,,,,Jason Terry,,,,missed,,3pt,7,23
Andray Blatche,Brendan Haywood,Caron Butler,DeShawn Stevenson,Gilbert Arenas,Drew Gooden,Jason Terry,Jose Juan Barea,Kris Humphries,Quinton Ross,3,0:01,WAS,rebound,,,,,,,,,,Brendan Haywood,,,,,,def,,
Andray Blatche,Brendan Haywood,Caron Butler,DeShawn Stevenson,Gilbert Arenas,Drew Gooden,Jason Terry,Jose Juan Barea,Kris Humphries,Quinton Ross,3,0:00,WAS,shot,,,,,,,,,,Caron Butler,,,,missed,,3pt,25,66
Andray Blatche,Brendan Haywood,Caron Butler,DeShawn Stevenson,Gilbert Arenas,Drew Gooden,Jason Terry,Jose Juan Barea,Kris Humphries,Quinton Ross,3,0:00,WAS,rebound,,,,,,,,,,,,,,,,,,
Andray Blatche,Caron Butler,DeShawn Stevenson,Fabricio Oberto,Randy Foye,Drew Gooden,Jason Kidd,Jose Juan Barea,Quinton Ross,Shawn Marion,4,11:51,DAL,shot,Jason Kidd,,,,,,,,,Shawn Marion,2,,,made,,running layup,25,6
Andray Blatche,Caron Butler,DeShawn Stevenson,Fabricio Oberto,Randy Foye,Drew Gooden,Jason Kidd,Jose Juan Barea,Quinton Ross,Shawn Marion,4,11:25,WAS,shot,DeShawn Stevenson,,,,,,,,,Andray Blatche,2,,,made,,jump,40,11
Andray Blatche,Caron Butler,DeShawn Stevenson,Fabricio Oberto,Randy Foye,Drew Gooden,Jason Kidd,Jose Juan Barea,Quinton Ross,Shawn Marion,4,11:06,DAL,turnover,,,,,,,,,,Jose Juan Barea,,,bad pass,,Randy Foye,,,
Andray Blatche,Caron Butler,DeShawn Stevenson,Fabricio Oberto,Randy Foye,Drew Gooden,Jason Kidd,Jose Juan Barea,Quinton Ross,Shawn Marion,4,10:51,DAL,foul,,,,,,,,Caron Butler,,Quinton Ross,,,,,,shooting,,
Andray Blatche,Caron Butler,DeShawn Stevenson,Fabricio Oberto,Randy Foye,Drew Gooden,Jason Kidd,Jose Juan Barea,Quinton Ross,Shawn Marion,4,10:51,WAS,free throw,,,,,,,1,,2,Caron Butler,,,foul,made,,,,
Andray Blatche,Caron Butler,DeShawn Stevenson,Fabricio Oberto,Randy Foye,Drew Gooden,Jason Kidd,Jose Juan Barea,Quinton Ross,Shawn Marion,4,10:51,WAS,free throw,,,,,,,2,,2,Caron Butler,,,foul,made,,,,
Andray Blatche,Caron Butler,DeShawn Stevenson,Fabricio Oberto,Randy Foye,Drew Gooden,Jason Kidd,Jose Juan Barea,Quinton Ross,Shawn Marion,4,10:27,DAL,shot,,,,,,,,,,Jason Kidd,,,,missed,,3pt,41,24
Andray Blatche,Caron Butler,DeShawn Stevenson,Fabricio Oberto,Randy Foye,Drew Gooden,Jason Kidd,Jose Juan Barea,Quinton Ross,Shawn Marion,4,10:26,DAL,rebound,,,,,,,,,,Shawn Marion,,,,,,off,,
Andray Blatche,Caron Butler,DeShawn Stevenson,Fabricio Oberto,Randy Foye,Drew Gooden,Jason Kidd,Jose Juan Barea,Quinton Ross,Shawn Marion,4,10:26,DAL,turnover,,,,,,,,,,,,,shot clock turnover,,,,,
Andray Blatche,Caron Butler,DeShawn Stevenson,Fabricio Oberto,Randy Foye,Drew Gooden,Jason Kidd,Jose Juan Barea,Quinton Ross,Shawn Marion,4,10:07,WAS,shot,,,Shawn Marion,,,,,,,Andray Blatche,,,,missed,,turnaround jump,29,10
Andray Blatche,Caron Butler,DeShawn Stevenson,Fabricio Oberto,Randy Foye,Drew Gooden,Jason Kidd,Jose Juan Barea,Quinton Ross,Shawn Marion,4,10:06,DAL,rebound,,,,,,,,,,Jason Kidd,,,,,,def,,
Andray Blatche,Caron Butler,DeShawn Stevenson,Fabricio Oberto,Randy Foye,Drew Gooden,Jason Kidd,Jose Juan Barea,Quinton Ross,Shawn Marion,4,10:06,WAS,foul,,,,,,,,Shawn Marion,,DeShawn Stevenson,,,,,,shooting,,
Andray Blatche,Caron Butler,DeShawn Stevenson,Fabricio Oberto,Randy Foye,Drew Gooden,Jason Kidd,Jose Juan Barea,Quinton Ross,Shawn Marion,4,10:06,DAL,free throw,,,,,,,1,,2,Shawn Marion,,,foul,missed,,,,
Andray Blatche,Caron Butler,DeShawn Stevenson,Fabricio Oberto,Randy Foye,Drew Gooden,Jason Kidd,Jose Juan Barea,Quinton Ross,Shawn Marion,4,10:06,DAL,rebound,,,,,,,,,,,,,,,,,,
Andray Blatche,Caron Butler,DeShawn Stevenson,Fabricio Oberto,Randy Foye,Drew Gooden,Jason Kidd,Jose Juan Barea,Quinton Ross,Shawn Marion,4,10:06,DAL,free throw,,,,,,,2,,2,Shawn Marion,,,foul,made,,,,
Andray Blatche,Caron Butler,DeShawn Stevenson,Fabricio Oberto,Randy Foye,Drew Gooden,Jason Kidd,Jose Juan Barea,Quinton Ross,Shawn Marion,4,9:55,WAS,shot,,,,,,,,,,Randy Foye,2,,,made,,jump,22,29
Andray Blatche,Caron Butler,DeShawn Stevenson,Fabricio Oberto,Randy Foye,Drew Gooden,Jason Kidd,Jose Juan Barea,Quinton Ross,Shawn Marion,4,9:35,DAL,shot,,,,,,,,,,Jose Juan Barea,,,,missed,,floating jump,40,18
Andray Blatche,Caron Butler,DeShawn Stevenson,Fabricio Oberto,Randy Foye,Drew Gooden,Jason Kidd,Jose Juan Barea,Quinton Ross,Shawn Marion,4,9:34,WAS,rebound,,,,,,,,,,Caron Butler,,,,,,def,,
Andray Blatche,Caron Butler,DeShawn Stevenson,Fabricio Oberto,Randy Foye,Drew Gooden,Jason Kidd,Jose Juan Barea,Quinton Ross,Shawn Marion,4,9:21,WAS,shot,,,,,,,,,,DeShawn Stevenson,,,,missed,,3pt,35,29
Andray Blatche,Caron Butler,DeShawn Stevenson,Fabricio Oberto,Randy Foye,Drew Gooden,Jason Kidd,Jose Juan Barea,Quinton Ross,Shawn Marion,4,9:20,WAS,rebound,,,,,,,,,,DeShawn Stevenson,,,,,,off,,
Andray Blatche,Caron Butler,DeShawn Stevenson,Fabricio Oberto,Randy Foye,Drew Gooden,Jason Kidd,Jose Juan Barea,Quinton Ross,Shawn Marion,4,9:04,WAS,shot,,,Drew Gooden,,,,,,,Andray Blatche,,,,missed,,driving reverse layup,25,6
Andray Blatche,Caron Butler,DeShawn Stevenson,Fabricio Oberto,Randy Foye,Drew Gooden,Jason Kidd,Jose Juan Barea,Quinton Ross,Shawn Marion,4,9:04,WAS,rebound,,,,,,,,,,,,,,,,,,
Andray Blatche,Caron Butler,DeShawn Stevenson,Fabricio Oberto,Randy Foye,Dirk Nowitzki,Drew Gooden,Jason Kidd,Jose Juan Barea,Quinton Ross,4,9:04,DAL,sub,,,,Dirk Nowitzki,,Shawn Marion,,,,,,,,,,,,
Andray Blatche,Caron Butler,DeShawn Stevenson,Fabricio Oberto,Randy Foye,Dirk Nowitzki,Drew Gooden,Jason Kidd,Jason Terry,Jose Juan Barea,4,9:04,DAL,sub,,,,Jason Terry,,Quinton Ross,,,,,,,,,,,,
Andray Blatche,Caron Butler,DeShawn Stevenson,Fabricio Oberto,Randy Foye,Dirk Nowitzki,Drew Gooden,Jason Kidd,Jason Terry,Jose Juan Barea,4,8:57,WAS,shot,,,,,,,,,,Randy Foye,,,,missed,,3pt,12,28
Andray Blatche,Caron Butler,DeShawn Stevenson,Fabricio Oberto,Randy Foye,Dirk Nowitzki,Drew Gooden,Jason Kidd,Jason Terry,Jose Juan Barea,4,8:56,DAL,rebound,,,,,,,,,,Drew Gooden,,,,,,def,,
Andray Blatche,Caron Butler,DeShawn Stevenson,Fabricio Oberto,Randy Foye,Dirk Nowitzki,Drew Gooden,Jason Kidd,Jason Terry,Jose Juan Barea,4,8:46,DAL,shot,,,,,,,,,,Jason Kidd,,,,missed,,3pt,6,22
Andray Blatche,Caron Butler,DeShawn Stevenson,Fabricio Oberto,Randy Foye,Dirk Nowitzki,Drew Gooden,Jason Kidd,Jason Terry,Jose Juan Barea,4,8:45,WAS,rebound,,,,,,,,,,Fabricio Oberto,,,,,,def,,
Andray Blatche,Caron Butler,DeShawn Stevenson,Fabricio Oberto,Randy Foye,Dirk Nowitzki,Drew Gooden,Jason Kidd,Jason Terry,Jose Juan Barea,4,8:31,WAS,timeout,,,,,,,,,,,,,,,,official,,
Andray Blatche,Caron Butler,DeShawn Stevenson,Fabricio Oberto,Randy Foye,Dirk Nowitzki,Drew Gooden,Jason Kidd,Jason Terry,Shawn Marion,4,8:31,DAL,sub,,,,Shawn Marion,,Jose Juan Barea,,,,,,,,,,,,
Andray Blatche,Caron Butler,DeShawn Stevenson,Fabricio Oberto,Randy Foye,Dirk Nowitzki,Drew Gooden,Jason Kidd,Jason Terry,Shawn Marion,4,8:26,WAS,shot,,,,,,,,,,Caron Butler,,,,missed,,driving layup,25,6
Andray Blatche,Caron Butler,DeShawn Stevenson,Fabricio Oberto,Randy Foye,Dirk Nowitzki,Drew Gooden,Jason Kidd,Jason Terry,Shawn Marion,4,8:25,DAL,rebound,,,,,,,,,,Dirk Nowitzki,,,,,,def,,
Andray Blatche,Caron Butler,DeShawn Stevenson,Fabricio Oberto,Randy Foye,Dirk Nowitzki,Drew Gooden,Jason Kidd,Jason Terry,Shawn Marion,4,8:06,DAL,shot,,,Caron Butler,,,,,,,Shawn Marion,,,,missed,,jump,20,13
Andray Blatche,Caron Butler,DeShawn Stevenson,Fabricio Oberto,Randy Foye,Dirk Nowitzki,Drew Gooden,Jason Kidd,Jason Terry,Shawn Marion,4,8:03,DAL,rebound,,,,,,,,,,Shawn Marion,,,,,,off,,
Andray Blatche,Caron Butler,DeShawn Stevenson,Fabricio Oberto,Randy Foye,Dirk Nowitzki,Drew Gooden,Jason Kidd,Jason Terry,Shawn Marion,4,8:01,DAL,shot,,,,,,,,,,Drew Gooden,,,,missed,,jump,11,8
Andray Blatche,Caron Butler,DeShawn Stevenson,Fabricio Oberto,Randy Foye,Dirk Nowitzki,Drew Gooden,Jason Kidd,Jason Terry,Shawn Marion,4,7:59,WAS,rebound,,,,,,,,,,Caron Butler,,,,,,def,,
Andray Blatche,Caron Butler,DeShawn Stevenson,Fabricio Oberto,Randy Foye,Dirk Nowitzki,Drew Gooden,Jason Kidd,Jason Terry,Shawn Marion,4,7:37,WAS,shot,,,,,,,,,,DeShawn Stevenson,,,,missed,,jump,15,25
Andray Blatche,Caron Butler,DeShawn Stevenson,Fabricio Oberto,Randy Foye,Dirk Nowitzki,Drew Gooden,Jason Kidd,Jason Terry,Shawn Marion,4,7:36,WAS,rebound,,,,,,,,,,,,,,,,,,
Andray Blatche,Caron Butler,DeShawn Stevenson,Fabricio Oberto,Randy Foye,Dirk Nowitzki,Drew Gooden,Jason Kidd,Jason Terry,Shawn Marion,4,7:36,WAS,turnover,,,,,,,,,,,,,shot clock turnover,,,,,
Andray Blatche,DeShawn Stevenson,Fabricio Oberto,Gilbert Arenas,Randy Foye,Dirk Nowitzki,Drew Gooden,Jason Kidd,Jason Terry,Shawn Marion,4,7:36,WAS,sub,,,,Gilbert Arenas,,Caron Butler,,,,,,,,,,,,
Andray Blatche,Fabricio Oberto,Gilbert Arenas,Mike Miller,Randy Foye,Dirk Nowitzki,Drew Gooden,Jason Kidd,Jason Terry,Shawn Marion,4,7:36,WAS,sub,,,,Mike Miller,,DeShawn Stevenson,,,,,,,,,,,,
Andray Blatche,Fabricio Oberto,Gilbert Arenas,Mike Miller,Randy Foye,Dirk Nowitzki,Drew Gooden,Jason Kidd,Jason Terry,Shawn Marion,4,7:19,DAL,shot,,,,,,,,,,Dirk Nowitzki,,,,missed,,jump,11,14
Andray Blatche,Fabricio Oberto,Gilbert Arenas,Mike Miller,Randy Foye,Dirk Nowitzki,Drew Gooden,Jason Kidd,Jason Terry,Shawn Marion,4,7:18,DAL,rebound,,,,,,,,,,Drew Gooden,,,,,,off,,
Andray Blatche,Fabricio Oberto,Gilbert Arenas,Mike Miller,Randy Foye,Dirk Nowitzki,Drew Gooden,Jason Kidd,Jason Terry,Shawn Marion,4,7:18,DAL,shot,,,,,,,,,,Drew Gooden,,,,missed,,tip,25,6
Andray Blatche,Fabricio Oberto,Gilbert Arenas,Mike Miller,Randy Foye,Dirk Nowitzki,Drew Gooden,Jason Kidd,Jason Terry,Shawn Marion,4,7:17,WAS,rebound,,,,,,,,,,Mike Miller,,,,,,def,,
Andray Blatche,Fabricio Oberto,Gilbert Arenas,Mike Miller,Randy Foye,Dirk Nowitzki,Drew Gooden,Jason Kidd,Jason Terry,Shawn Marion,4,6:59,WAS,shot,Gilbert Arenas,,,,,,,,,Fabricio Oberto,2,,,made,,turnaround hook,21,11
Andray Blatche,Fabricio Oberto,Gilbert Arenas,Mike Miller,Randy Foye,Dirk Nowitzki,Drew Gooden,Jason Kidd,Jason Terry,Shawn Marion,4,6:57,DAL,timeout,,,,,,,,,,,,,,,,regular,,
Andray Blatche,Fabricio Oberto,Gilbert Arenas,Mike Miller,Randy Foye,Dirk Nowitzki,Erick Dampier,Jason Kidd,Jason Terry,Shawn Marion,4,6:57,DAL,sub,,,,Erick Dampier,,Drew Gooden,,,,,,,,,,,,
Brendan Haywood,Fabricio Oberto,Gilbert Arenas,Mike Miller,Randy Foye,Dirk Nowitzki,Erick Dampier,Jason Kidd,Jason Terry,Shawn Marion,4,6:57,WAS,sub,,,,Brendan Haywood,,Andray Blatche,,,,,,,,,,,,
Brendan Haywood,Fabricio Oberto,Gilbert Arenas,Mike Miller,Randy Foye,Dirk Nowitzki,Erick Dampier,Jason Kidd,Jason Terry,Shawn Marion,4,6:39,DAL,shot,,,,,,,,,,Jason Kidd,,,,missed,,jump,27,29
Brendan Haywood,Fabricio Oberto,Gilbert Arenas,Mike Miller,Randy Foye,Dirk Nowitzki,Erick Dampier,Jason Kidd,Jason Terry,Shawn Marion,4,6:37,WAS,rebound,,,,,,,,,,Brendan Haywood,,,,,,def,,
Brendan Haywood,Fabricio Oberto,Gilbert Arenas,Mike Miller,Randy Foye,Dirk Nowitzki,Erick Dampier,Jason Kidd,Jason Terry,Shawn Marion,4,6:22,WAS,shot,Fabricio Oberto,,,,,,,,,Gilbert Arenas,2,,,made,,driving layup,25,6
Brendan Haywood,Fabricio Oberto,Gilbert Arenas,Mike Miller,Randy Foye,Dirk Nowitzki,Erick Dampier,Jason Kidd,Jason Terry,Shawn Marion,4,6:12,WAS,foul,,,,,,,,Dirk Nowitzki,,Gilbert Arenas,,,,,,personal,,
Brendan Haywood,Fabricio Oberto,Gilbert Arenas,Mike Miller,Randy Foye,Dirk Nowitzki,Erick Dampier,Jason Kidd,Jason Terry,Shawn Marion,4,6:06,DAL,shot,Jason Kidd,,,,,,,,,Dirk Nowitzki,3,,,made,,3pt,35,28
Brendan Haywood,Fabricio Oberto,Gilbert Arenas,Mike Miller,Randy Foye,Dirk Nowitzki,Erick Dampier,Jason Kidd,Jason Terry,Shawn Marion,4,5:49,WAS,shot,Gilbert Arenas,,,,,,,,,Randy Foye,2,,,made,,jump,26,25
Brendan Haywood,Fabricio Oberto,Gilbert Arenas,Mike Miller,Randy Foye,Dirk Nowitzki,Erick Dampier,Jason Kidd,Jason Terry,Shawn Marion,4,5:26,DAL,shot,,,,,,,,,,Dirk Nowitzki,,,,missed,,jump,31,15
Brendan Haywood,Fabricio Oberto,Gilbert Arenas,Mike Miller,Randy Foye,Dirk Nowitzki,Erick Dampier,Jason Kidd,Jason Terry,Shawn Marion,4,5:24,WAS,rebound,,,,,,,,,,Gilbert Arenas,,,,,,def,,
Brendan Haywood,Fabricio Oberto,Gilbert Arenas,Mike Miller,Randy Foye,Dirk Nowitzki,Erick Dampier,Jason Kidd,Jason Terry,Shawn Marion,4,5:14,WAS,jump ball,,Brendan Haywood,,,Shawn Marion,,,,,,,Gilbert Arenas,,,,,,
Brendan Haywood,Fabricio Oberto,Gilbert Arenas,Mike Miller,Randy Foye,Dirk Nowitzki,Erick Dampier,Jason Kidd,Jason Terry,Shawn Marion,4,5:03,WAS,shot,,,,,,,,,,Mike Miller,,,,missed,,driving jump,28,11
Brendan Haywood,Fabricio Oberto,Gilbert Arenas,Mike Miller,Randy Foye,Dirk Nowitzki,Erick Dampier,Jason Kidd,Jason Terry,Shawn Marion,4,5:01,DAL,rebound,,,,,,,,,,Erick Dampier,,,,,,def,,
Brendan Haywood,Fabricio Oberto,Gilbert Arenas,Mike Miller,Randy Foye,Dirk Nowitzki,Erick Dampier,Jason Kidd,Jason Terry,Shawn Marion,4,4:50,DAL,shot,,,,,,,,,,Dirk Nowitzki,2,,,made,,step back jump,36,9
Brendan Haywood,Fabricio Oberto,Gilbert Arenas,Mike Miller,Randy Foye,Dirk Nowitzki,Erick Dampier,Jason Kidd,Jason Terry,Shawn Marion,4,4:28,WAS,shot,Fabricio Oberto,,,,,,,,,Mike Miller,3,,,made,,3pt,42,23
Brendan Haywood,Fabricio Oberto,Gilbert Arenas,Mike Miller,Randy Foye,Dirk Nowitzki,Erick Dampier,Jason Kidd,Jason Terry,Shawn Marion,4,4:12,WAS,foul,,,,,,,,Jason Terry,,Randy Foye,,,,,,shooting,,
Brendan Haywood,Fabricio Oberto,Gilbert Arenas,Mike Miller,Randy Foye,Dirk Nowitzki,Erick Dampier,Jason Kidd,Jason Terry,Shawn Marion,4,4:12,DAL,free throw,,,,,,,1,,2,Jason Terry,,,foul,made,,,,
Brendan Haywood,Fabricio Oberto,Gilbert Arenas,Mike Miller,Randy Foye,Dirk Nowitzki,Erick Dampier,Jason Kidd,Jason Terry,Shawn Marion,4,4:12,DAL,free throw,,,,,,,2,,2,Jason Terry,,,foul,made,,,,
Brendan Haywood,Fabricio Oberto,Gilbert Arenas,Mike Miller,Randy Foye,Dirk Nowitzki,Erick Dampier,Jason Kidd,Jason Terry,Shawn Marion,4,4:00,WAS,shot,,,,,,,,,,Gilbert Arenas,2,,,made,,floating jump,16,26
Brendan Haywood,Fabricio Oberto,Gilbert Arenas,Mike Miller,Randy Foye,Dirk Nowitzki,Erick Dampier,Jason Kidd,Jason Terry,Shawn Marion,4,3:51,WAS,foul,,,,,,,,Dirk Nowitzki,,Fabricio Oberto,,,,,,personal,,
Andray Blatche,Brendan Haywood,Gilbert Arenas,Mike Miller,Randy Foye,Dirk Nowitzki,Erick Dampier,Jason Kidd,Jason Terry,Shawn Marion,4,3:51,WAS,sub,,,,Andray Blatche,,Fabricio Oberto,,,,,,,,,,,,
Andray Blatche,Brendan Haywood,Gilbert Arenas,Mike Miller,Randy Foye,Dirk Nowitzki,Erick Dampier,Jason Kidd,Jason Terry,Jose Juan Barea,4,3:51,DAL,sub,,,,Jose Juan Barea,,Shawn Marion,,,,,,,,,,,,
Andray Blatche,Brendan Haywood,Gilbert Arenas,Mike Miller,Randy Foye,Dirk Nowitzki,Erick Dampier,Jason Kidd,Jason Terry,Jose Juan Barea,4,3:44,DAL,turnover,,,,,,,,,,Dirk Nowitzki,,,bad pass,,Mike Miller,,,
Andray Blatche,Brendan Haywood,Gilbert Arenas,Mike Miller,Randy Foye,Dirk Nowitzki,Erick Dampier,Jason Kidd,Jason Terry,Jose Juan Barea,4,3:26,WAS,shot,,,,,,,,,,Brendan Haywood,,,,missed,,jump,18,9
Andray Blatche,Brendan Haywood,Gilbert Arenas,Mike Miller,Randy Foye,Dirk Nowitzki,Erick Dampier,Jason Kidd,Jason Terry,Jose Juan Barea,4,3:25,WAS,rebound,,,,,,,,,,Randy Foye,,,,,,off,,
Andray Blatche,Brendan Haywood,Gilbert Arenas,Mike Miller,Randy Foye,Dirk Nowitzki,Erick Dampier,Jason Kidd,Jason Terry,Jose Juan Barea,4,3:25,WAS,shot,,,,,,,,,,Randy Foye,,,,missed,,tip,25,6
Andray Blatche,Brendan Haywood,Gilbert Arenas,Mike Miller,Randy Foye,Dirk Nowitzki,Erick Dampier,Jason Kidd,Jason Terry,Jose Juan Barea,4,3:23,WAS,rebound,,,,,,,,,,Randy Foye,,,,,,off,,
Andray Blatche,Brendan Haywood,Gilbert Arenas,Mike Miller,Randy Foye,Dirk Nowitzki,Erick Dampier,Jason Kidd,Jason Terry,Jose Juan Barea,4,3:06,WAS,shot,,,,,,,,,,Andray Blatche,,,,missed,,jump,37,22
Andray Blatche,Brendan Haywood,Gilbert Arenas,Mike Miller,Randy Foye,Dirk Nowitzki,Erick Dampier,Jason Kidd,Jason Terry,Jose Juan Barea,4,3:05,DAL,rebound,,,,,,,,,,Jose Juan Barea,,,,,,def,,
Andray Blatche,Brendan Haywood,Gilbert Arenas,Mike Miller,Randy Foye,Dirk Nowitzki,Erick Dampier,Jason Kidd,Jason Terry,Jose Juan Barea,4,2:56,DAL,shot,,,,,,,,,,Jason Terry,,,,missed,,jump,31,20
Andray Blatche,Brendan Haywood,Gilbert Arenas,Mike Miller,Randy Foye,Dirk Nowitzki,Erick Dampier,Jason Kidd,Jason Terry,Jose Juan Barea,4,2:55,WAS,rebound,,,,,,,,,,Brendan Haywood,,,,,,def,,
Andray Blatche,Brendan Haywood,Gilbert Arenas,Mike Miller,Randy Foye,Dirk Nowitzki,Erick Dampier,Jason Kidd,Jason Terry,Jose Juan Barea,4,2:48,WAS,timeout,,,,,,,,,,,,,,,,regular,,
Andray Blatche,Brendan Haywood,Gilbert Arenas,Mike Miller,Randy Foye,Dirk Nowitzki,Jason Kidd,Jason Terry,Jose Juan Barea,Shawn Marion,4,2:48,DAL,sub,,,,Shawn Marion,,Erick Dampier,,,,,,,,,,,,
Andray Blatche,Brendan Haywood,Caron Butler,Gilbert Arenas,Randy Foye,Dirk Nowitzki,Jason Kidd,Jason Terry,Jose Juan Barea,Shawn Marion,4,2:48,WAS,sub,,,,Caron Butler,,Mike Miller,,,,,,,,,,,,
Andray Blatche,Brendan Haywood,Caron Butler,Gilbert Arenas,Randy Foye,Dirk Nowitzki,Jason Kidd,Jason Terry,Jose Juan Barea,Shawn Marion,4,2:42,DAL,foul,,,,,,,,Gilbert Arenas,,Jason Terry,,,,,,personal,,
Andray Blatche,Brendan Haywood,Caron Butler,Gilbert Arenas,Randy Foye,Dirk Nowitzki,Jason Kidd,Jason Terry,Jose Juan Barea,Shawn Marion,4,2:27,WAS,shot,,,,,,,,,,Andray Blatche,,,,missed,,jump,42,9
Andray Blatche,Brendan Haywood,Caron Butler,Gilbert Arenas,Randy Foye,Dirk Nowitzki,Jason Kidd,Jason Terry,Jose Juan Barea,Shawn Marion,4,2:26,DAL,rebound,,,,,,,,,,Jason Kidd,,,,,,def,,
Andray Blatche,Brendan Haywood,Caron Butler,Gilbert Arenas,Randy Foye,Dirk Nowitzki,Jason Kidd,Jason Terry,Jose Juan Barea,Shawn Marion,4,2:15,WAS,foul,,,,,,,,Shawn Marion,,Brendan Haywood,,,,,,shooting,,
Andray Blatche,Brendan Haywood,Caron Butler,Gilbert Arenas,Randy Foye,Dirk Nowitzki,Jason Kidd,Jason Terry,Jose Juan Barea,Shawn Marion,4,2:15,DAL,free throw,,,,,,,1,,2,Shawn Marion,,,foul,made,,,,
Andray Blatche,Brendan Haywood,Caron Butler,Gilbert Arenas,Randy Foye,Dirk Nowitzki,Jason Kidd,Jason Terry,Jose Juan Barea,Shawn Marion,4,2:15,DAL,free throw,,,,,,,2,,2,Shawn Marion,,,foul,made,,,,
Andray Blatche,Brendan Haywood,Caron Butler,Gilbert Arenas,Randy Foye,Dirk Nowitzki,Jason Kidd,Jason Terry,Jose Juan Barea,Shawn Marion,4,1:57,WAS,shot,Andray Blatche,,,,,,,,,Randy Foye,2,,,made,,jump,41,9
Andray Blatche,Brendan Haywood,Caron Butler,Gilbert Arenas,Randy Foye,Dirk Nowitzki,Jason Kidd,Jason Terry,Jose Juan Barea,Shawn Marion,4,1:50,DAL,shot,Jose Juan Barea,,,,,,,,,Shawn Marion,2,,,made,,layup,25,6
Andray Blatche,Brendan Haywood,Caron Butler,Gilbert Arenas,Randy Foye,Dirk Nowitzki,Jason Kidd,Jason Terry,Jose Juan Barea,Shawn Marion,4,1:50,WAS,foul,,,,,,,,Shawn Marion,,Caron Butler,,,,,,shooting,,
Andray Blatche,Brendan Haywood,Caron Butler,Gilbert Arenas,Randy Foye,Dirk Nowitzki,Jason Kidd,Jason Terry,Jose Juan Barea,Shawn Marion,4,1:50,DAL,free throw,,,,,,,1,,1,Shawn Marion,,,foul,made,,,,
Andray Blatche,Brendan Haywood,Caron Butler,Gilbert Arenas,Randy Foye,Dirk Nowitzki,Jason Kidd,Jason Terry,Jose Juan Barea,Shawn Marion,4,1:37,WAS,shot,,,,,,,,,,Gilbert Arenas,2,,,made,,driving finger roll layup,25,6
Andray Blatche,Brendan Haywood,Caron Butler,Gilbert Arenas,Randy Foye,Dirk Nowitzki,Jason Kidd,Jason Terry,Jose Juan Barea,Shawn Marion,4,1:28,DAL,shot,,,,,,,,,,Jose Juan Barea,,,,missed,,layup,25,6
Andray Blatche,Brendan Haywood,Caron Butler,Gilbert Arenas,Randy Foye,Dirk Nowitzki,Jason Kidd,Jason Terry,Jose Juan Barea,Shawn Marion,4,1:26,WAS,rebound,,,,,,,,,,Andray Blatche,,,,,,def,,
Andray Blatche,Brendan Haywood,Caron Butler,Gilbert Arenas,Randy Foye,Dirk Nowitzki,Jason Kidd,Jason Terry,Jose Juan Barea,Shawn Marion,4,1:13,WAS,shot,,,,,,,,,,Gilbert Arenas,,,,missed,,jump,40,12
Andray Blatche,Brendan Haywood,Caron Butler,Gilbert Arenas,Randy Foye,Dirk Nowitzki,Jason Kidd,Jason Terry,Jose Juan Barea,Shawn Marion,4,1:12,WAS,rebound,,,,,,,,,,Caron Butler,,,,,,off,,
Andray Blatche,Brendan Haywood,Caron Butler,Gilbert Arenas,Randy Foye,Dirk Nowitzki,Jason Kidd,Jason Terry,Jose Juan Barea,Shawn Marion,4,1:12,WAS,shot,,,,,,,,,,Caron Butler,,,,missed,,tip,25,6
Andray Blatche,Brendan Haywood,Caron Butler,Gilbert Arenas,Randy Foye,Dirk Nowitzki,Jason Kidd,Jason Terry,Jose Juan Barea,Shawn Marion,4,1:10,DAL,rebound,,,,,,,,,,,,,,,,,,
Andray Blatche,Brendan Haywood,Caron Butler,Gilbert Arenas,Randy Foye,Dirk Nowitzki,Jason Kidd,Jason Terry,Jose Juan Barea,Shawn Marion,4,1:10,DAL,timeout,,,,,,,,,,,,,,,,short,,
Andray Blatche,Caron Butler,Fabricio Oberto,Gilbert Arenas,Randy Foye,Dirk Nowitzki,Jason Kidd,Jason Terry,Jose Juan Barea,Shawn Marion,4,1:10,WAS,sub,,,,Fabricio Oberto,,Brendan Haywood,,,,,,,,,,,,
Caron Butler,Fabricio Oberto,Gilbert Arenas,Mike Miller,Randy Foye,Dirk Nowitzki,Jason Kidd,Jason Terry,Jose Juan Barea,Shawn Marion,4,1:10,WAS,sub,,,,Mike Miller,,Andray Blatche,,,,,,,,,,,,
Caron Butler,Fabricio Oberto,Gilbert Arenas,Mike Miller,Randy Foye,Dirk Nowitzki,Jason Kidd,Jason Terry,Jose Juan Barea,Shawn Marion,4,1:01,DAL,shot,,,,,,,,,,Dirk Nowitzki,,,,missed,,driving layup,25,6
Caron Butler,Fabricio Oberto,Gilbert Arenas,Mike Miller,Randy Foye,Dirk Nowitzki,Jason Kidd,Jason Terry,Jose Juan Barea,Shawn Marion,4,0:59,WAS,rebound,,,,,,,,,,Mike Miller,,,,,,def,,
Caron Butler,Fabricio Oberto,Gilbert Arenas,Mike Miller,Randy Foye,Dirk Nowitzki,Jason Kidd,Jason Terry,Jose Juan Barea,Shawn Marion,4,0:37,WAS,shot,,,,,,,,,,Caron Butler,2,,,made,,floating jump,22,15
Caron Butler,Fabricio Oberto,Gilbert Arenas,Mike Miller,Randy Foye,Dirk Nowitzki,Jason Kidd,Jason Terry,Jose Juan Barea,Shawn Marion,4,0:31,DAL,shot,,,,,,,,,,Jason Terry,,,,missed,,3pt,39,28
Caron Butler,Fabricio Oberto,Gilbert Arenas,Mike Miller,Randy Foye,Dirk Nowitzki,Jason Kidd,Jason Terry,Jose Juan Barea,Shawn Marion,4,0:30,DAL,rebound,,,,,,,,,,Shawn Marion,,,,,,off,,
Caron Butler,Fabricio Oberto,Gilbert Arenas,Mike Miller,Randy Foye,Dirk Nowitzki,Jason Kidd,Jason Terry,Jose Juan Barea,Shawn Marion,4,0:30,DAL,shot,,,,,,,,,,Shawn Marion,2,,,made,,jump,23,10
Caron Butler,Fabricio Oberto,Gilbert Arenas,Mike Miller,Randy Foye,Dirk Nowitzki,Jason Kidd,Jason Terry,Jose Juan Barea,Shawn Marion,4,0:25,DAL,foul,,,,,,,,Gilbert Arenas,,Jason Terry,,,,,,personal,,
Caron Butler,Fabricio Oberto,Gilbert Arenas,Mike Miller,Randy Foye,Dirk Nowitzki,Jason Kidd,Jason Terry,Jose Juan Barea,Shawn Marion,4,0:02,DAL,foul,,,,,,,,Randy Foye,,Jose Juan Barea,,,,,,personal,,
Caron Butler,Fabricio Oberto,Gilbert Arenas,Mike Miller,Randy Foye,Dirk Nowitzki,Jason Kidd,Jason Terry,Jose Juan Barea,Shawn Marion,4,0:02,WAS,free throw,,,,,,,1,,2,Randy Foye,,,foul,made,,,,
Caron Butler,Fabricio Oberto,Gilbert Arenas,Mike Miller,Randy Foye,Dirk Nowitzki,Jason Kidd,Jason Terry,Jose Juan Barea,Shawn Marion,4,0:02,WAS,free throw,,,,,,,2,,2,Randy Foye,,,foul,made,,,,
