a1,a2,a3,a4,a5,h1,h2,h3,h4,h5,period,time,team,etype,assist,away,block,entered,home,left,num,opponent,outof,player,points,possession,reason,result,steal,type,x,y
Amare Stoudemire,Channing Frye,Grant Hill,Jason Richardson,Steve Nash,Andrew Bynum,Derek Fisher,Kobe Bryant,Pau Gasol,Ron Artest,1,12:00,OFF,jump ball,,Amare Stoudemire,,,Andrew Bynum,,,,,,,Derek Fisher,,,,,,
Amare Stoudemire,Channing Frye,Grant Hill,Jason Richardson,Steve Nash,Andrew Bynum,Derek Fisher,Kobe Bryant,Pau Gasol,Ron Artest,1,11:36,LAL,shot,Ron Artest,,,,,,,,,Kobe Bryant,2,,,made,,jump,25,27
Amare Stoudemire,Channing Frye,Grant Hill,Jason Richardson,Steve Nash,Andrew Bynum,Derek Fisher,Kobe Bryant,Pau Gasol,Ron Artest,1,11:36,PHX,foul,,,,,,,,Kobe Bryant,,Jason Richardson,,,,,,shooting,,
Amare Stoudemire,Channing Frye,Grant Hill,Jason Richardson,Steve Nash,Andrew Bynum,Derek Fisher,Kobe Bryant,Pau Gasol,Ron Artest,1,11:36,LAL,free throw,,,,,,,1,,1,Kobe Bryant,,,foul,made,,,,
Amare Stoudemire,Channing Frye,Grant Hill,Jason Richardson,Steve Nash,Andrew Bynum,Derek Fisher,Kobe Bryant,Pau Gasol,Ron Artest,1,11:13,PHX,shot,Steve Nash,,,,,,,,,Channing Frye,3,,,made,,3pt,26,31
Amare Stoudemire,Channing Frye,Grant Hill,Jason Richardson,Steve Nash,Andrew Bynum,Derek Fisher,Kobe Bryant,Pau Gasol,Ron Artest,1,10:53,LAL,shot,,,,,,,,,,Kobe Bryant,,,,missed,,3pt,26,33
Amare Stoudemire,Channing Frye,Grant Hill,Jason Richardson,Steve Nash,Andrew Bynum,Derek Fisher,Kobe Bryant,Pau Gasol,Ron Artest,1,10:52,PHX,rebound,,,,,,,,,,Amare Stoudemire,,,,,,def,,
Amare Stoudemire,Channing Frye,Grant Hill,Jason Richardson,Steve Nash,Andrew Bynum,Derek Fisher,Kobe Bryant,Pau Gasol,Ron Artest,1,10:45,PHX,turnover,,,,,,,,,,Channing Frye,,,bad pass,,,,,
Amare Stoudemire,Channing Frye,Grant Hill,Jason Richardson,Steve Nash,Andrew Bynum,Derek Fisher,Kobe Bryant,Pau Gasol,Ron Artest,1,10:27,LAL,shot,Derek Fisher,,,,,,,,,Ron Artest,3,,,made,,3pt,1,5
Amare Stoudemire,Channing Frye,Grant Hill,Jason Richardson,Steve Nash,Andrew Bynum,Derek Fisher,Kobe Bryant,Pau Gasol,Ron Artest,1,10:15,PHX,turnover,,,,,,,,,,Steve Nash,,,bad pass,,Ron Artest,,,
Amare Stoudemire,Channing Frye,Grant Hill,Jason Richardson,Steve Nash,Andrew Bynum,Derek Fisher,Kobe Bryant,Pau Gasol,Ron Artest,1,10:11,LAL,shot,Ron Artest,,,,,,,,,Pau Gasol,2,,,made,,layup,25,6
Amare Stoudemire,Channing Frye,Grant Hill,Jason Richardson,Steve Nash,Andrew Bynum,Derek Fisher,Kobe Bryant,Pau Gasol,Ron Artest,1,9:56,PHX,shot,Steve Nash,,,,,,,,,Amare Stoudemire,2,,,made,,jump,40,6
Amare Stoudemire,Channing Frye,Grant Hill,Jason Richardson,Steve Nash,Andrew Bynum,Derek Fisher,Kobe Bryant,Pau Gasol,Ron Artest,1,9:46,LAL,shot,,,,,,,,,,Ron Artest,2,,,made,,jump,12,20
Amare Stoudemire,Channing Frye,Grant Hill,Jason Richardson,Steve Nash,Andrew Bynum,Derek Fisher,Kobe Bryant,Pau Gasol,Ron Artest,1,9:36,PHX,shot,,,,,,,,,,Steve Nash,2,,,made,,driving layup,25,6
Amare Stoudemire,Channing Frye,Grant Hill,Jason Richardson,Steve Nash,Andrew Bynum,Derek Fisher,Kobe Bryant,Pau Gasol,Ron Artest,1,9:22,LAL,turnover,,,,,,,,,,Ron Artest,,,bad pass,,,,,
Amare Stoudemire,Channing Frye,Grant Hill,Jason Richardson,Steve Nash,Andrew Bynum,Derek Fisher,Kobe Bryant,Pau Gasol,Ron Artest,1,9:12,PHX,shot,Steve Nash,,,,,,,,,Grant Hill,2,,,made,,driving layup,25,6
Amare Stoudemire,Channing Frye,Grant Hill,Jason Richardson,Steve Nash,Andrew Bynum,Derek Fisher,Kobe Bryant,Pau Gasol,Ron Artest,1,8:58,LAL,shot,Andrew Bynum,,,,,,,,,Pau Gasol,2,,,made,,layup,25,6
Amare Stoudemire,Channing Frye,Grant Hill,Jason Richardson,Steve Nash,Andrew Bynum,Derek Fisher,Kobe Bryant,Pau Gasol,Ron Artest,1,8:48,PHX,turnover,,,,,,,,,,Steve Nash,,,lost ball,,Derek Fisher,,,
Amare Stoudemire,Channing Frye,Grant Hill,Jason Richardson,Steve Nash,Andrew Bynum,Derek Fisher,Kobe Bryant,Pau Gasol,Ron Artest,1,8:39,LAL,shot,,,,,,,,,,Ron Artest,,,,missed,,3pt,3,8
Amare Stoudemire,Channing Frye,Grant Hill,Jason Richardson,Steve Nash,Andrew Bynum,Derek Fisher,Kobe Bryant,Pau Gasol,Ron Artest,1,8:38,PHX,rebound,,,,,,,,,,Grant Hill,,,,,,def,,
Amare Stoudemire,Channing Frye,Grant Hill,Jason Richardson,Steve Nash,Andrew Bynum,Derek Fisher,Kobe Bryant,Pau Gasol,Ron Artest,1,8:29,PHX,shot,,,,,,,,,,Steve Nash,2,,,made,,driving reverse layup,25,6
Amare Stoudemire,Channing Frye,Grant Hill,Jason Richardson,Steve Nash,Andrew Bynum,Derek Fisher,Kobe Bryant,Pau Gasol,Ron Artest,1,8:08,LAL,shot,,,,,,,,,,Pau Gasol,,,,missed,,layup,25,6
Amare Stoudemire,Channing Frye,Grant Hill,Jason Richardson,Steve Nash,Andrew Bynum,Derek Fisher,Kobe Bryant,Pau Gasol,Ron Artest,1,8:07,LAL,rebound,,,,,,,,,,Andrew Bynum,,,,,,off,,
Amare Stoudemire,Channing Frye,Grant Hill,Jason Richardson,Steve Nash,Andrew Bynum,Derek Fisher,Kobe Bryant,Pau Gasol,Ron Artest,1,8:06,LAL,shot,,,,,,,,,,Andrew Bynum,2,,,made,,layup,25,6
Amare Stoudemire,Channing Frye,Grant Hill,Jason Richardson,Steve Nash,Andrew Bynum,Derek Fisher,Kobe Bryant,Pau Gasol,Ron Artest,1,7:51,PHX,turnover,,,,,,,,,,Steve Nash,,,bad pass,,Kobe Bryant,,,
Amare Stoudemire,Channing Frye,Grant Hill,Jason Richardson,Steve Nash,Andrew Bynum,Derek Fisher,Kobe Bryant,Pau Gasol,Ron Artest,1,7:40,LAL,shot,,,,,,,,,,Derek Fisher,2,,,made,,jump,35,6
Amare Stoudemire,Channing Frye,Grant Hill,Jason Richardson,Steve Nash,Andrew Bynum,Derek Fisher,Kobe Bryant,Pau Gasol,Ron Artest,1,7:32,PHX,shot,,,,,,,,,,Jason Richardson,,,,missed,,3pt,1,12
Amare Stoudemire,Channing Frye,Grant Hill,Jason Richardson,Steve Nash,Andrew Bynum,Derek Fisher,Kobe Bryant,Pau Gasol,Ron Artest,1,7:31,LAL,rebound,,,,,,,,,,Andrew Bynum,,,,,,def,,
Amare Stoudemire,Channing Frye,Grant Hill,Jason Richardson,Steve Nash,Andrew Bynum,Derek Fisher,Kobe Bryant,Pau Gasol,Ron Artest,1,7:21,PHX,foul,,,,,,,,Ron Artest,,Amare Stoudemire,,,,,,shooting,,
Amare Stoudemire,Channing Frye,Grant Hill,Jason Richardson,Steve Nash,Andrew Bynum,Derek Fisher,Kobe Bryant,Pau Gasol,Ron Artest,1,7:21,LAL,free throw,,,,,,,1,,2,Ron Artest,,,foul,made,,,,
Amare Stoudemire,Channing Frye,Grant Hill,Jason Richardson,Steve Nash,Andrew Bynum,Derek Fisher,Kobe Bryant,Pau Gasol,Ron Artest,1,7:21,LAL,free throw,,,,,,,2,,2,Ron Artest,,,foul,made,,,,
Amare Stoudemire,Channing Frye,Grant Hill,Jason Richardson,Steve Nash,Andrew Bynum,Derek Fisher,Kobe Bryant,Pau Gasol,Ron Artest,1,7:05,PHX,turnover,,,,,,,,,,Channing Frye,,,lost ball,,Ron Artest,,,
Amare Stoudemire,Channing Frye,Grant Hill,Jason Richardson,Steve Nash,Andrew Bynum,Derek Fisher,Kobe Bryant,Pau Gasol,Ron Artest,1,6:59,LAL,shot,,,,,,,,,,Derek Fisher,,,,missed,,jump,36,22
Amare Stoudemire,Channing Frye,Grant Hill,Jason Richardson,Steve Nash,Andrew Bynum,Derek Fisher,Kobe Bryant,Pau Gasol,Ron Artest,1,6:58,PHX,rebound,,,,,,,,,,Channing Frye,,,,,,def,,
Amare Stoudemire,Channing Frye,Grant Hill,Jason Richardson,Steve Nash,Andrew Bynum,Derek Fisher,Kobe Bryant,Pau Gasol,Ron Artest,1,6:50,PHX,shot,,,,,,,,,,Channing Frye,,,,missed,,3pt,27,33
Amare Stoudemire,Channing Frye,Grant Hill,Jason Richardson,Steve Nash,Andrew Bynum,Derek Fisher,Kobe Bryant,Pau Gasol,Ron Artest,1,6:49,PHX,rebound,,,,,,,,,,Amare Stoudemire,,,,,,off,,
Amare Stoudemire,Channing Frye,Grant Hill,Jason Richardson,Steve Nash,Andrew Bynum,Derek Fisher,Kobe Bryant,Pau Gasol,Ron Artest,1,6:46,PHX,shot,,,,,,,,,,Channing Frye,,,,missed,,hook,27,9
Amare Stoudemire,Channing Frye,Grant Hill,Jason Richardson,Steve Nash,Andrew Bynum,Derek Fisher,Kobe Bryant,Pau Gasol,Ron Artest,1,6:43,LAL,rebound,,,,,,,,,,Pau Gasol,,,,,,def,,
Amare Stoudemire,Channing Frye,Grant Hill,Jason Richardson,Steve Nash,Andrew Bynum,Derek Fisher,Kobe Bryant,Pau Gasol,Ron Artest,1,6:32,LAL,shot,,,,,,,,,,Ron Artest,,,,missed,,turnaround jump,23,13
Amare Stoudemire,Channing Frye,Grant Hill,Jason Richardson,Steve Nash,Andrew Bynum,Derek Fisher,Kobe Bryant,Pau Gasol,Ron Artest,1,6:32,LAL,rebound,,,,,,,,,,Andrew Bynum,,,,,,off,,
Amare Stoudemire,Channing Frye,Grant Hill,Jason Richardson,Steve Nash,Andrew Bynum,Derek Fisher,Kobe Bryant,Pau Gasol,Ron Artest,1,6:32,LAL,shot,,,,,,,,,,Andrew Bynum,,,,missed,,tip,25,6
Amare Stoudemire,Channing Frye,Grant Hill,Jason Richardson,Steve Nash,Andrew Bynum,Derek Fisher,Kobe Bryant,Pau Gasol,Ron Artest,1,6:32,PHX,rebound,,,,,,,,,,,,,,,,,,
Amare Stoudemire,Channing Frye,Grant Hill,Jason Richardson,Steve Nash,Andrew Bynum,Derek Fisher,Kobe Bryant,Pau Gasol,Ron Artest,1,6:32,LAL,foul,,,,,,,,Channing Frye,,Andrew Bynum,,,,,,loose ball,,
Amare Stoudemire,Channing Frye,Grant Hill,Jason Richardson,Steve Nash,Andrew Bynum,Derek Fisher,Kobe Bryant,Pau Gasol,Ron Artest,1,6:14,PHX,shot,Steve Nash,,,,,,,,,Amare Stoudemire,2,,,made,,jump,34,19
Amare Stoudemire,Channing Frye,Grant Hill,Jason Richardson,Steve Nash,Andrew Bynum,Derek Fisher,Kobe Bryant,Pau Gasol,Ron Artest,1,5:55,LAL,shot,Ron Artest,,,,,,,,,Kobe Bryant,3,,,made,,3pt,7,29
Amare Stoudemire,Channing Frye,Grant Hill,Jason Richardson,Steve Nash,Andrew Bynum,Derek Fisher,Kobe Bryant,Pau Gasol,Ron Artest,1,5:46,PHX,shot,,,,,,,,,,Amare Stoudemire,,,,missed,,layup,25,6
Amare Stoudemire,Channing Frye,Grant Hill,Jason Richardson,Steve Nash,Andrew Bynum,Derek Fisher,Kobe Bryant,Pau Gasol,Ron Artest,1,5:44,PHX,rebound,,,,,,,,,,Grant Hill,,,,,,off,,
Amare Stoudemire,Channing Frye,Grant Hill,Jason Richardson,Steve Nash,Andrew Bynum,Derek Fisher,Kobe Bryant,Pau Gasol,Ron Artest,1,5:41,LAL,timeout,,,,,,,,,,,,,,,,regular,,
Amare Stoudemire,Channing Frye,Grant Hill,Jason Richardson,Steve Nash,Derek Fisher,Kobe Bryant,Lamar Odom,Pau Gasol,Ron Artest,1,5:41,LAL,sub,,,,Lamar Odom,,Andrew Bynum,,,,,,,,,,,,
Amare Stoudemire,Channing Frye,Grant Hill,Jason Richardson,Steve Nash,Derek Fisher,Kobe Bryant,Lamar Odom,Pau Gasol,Ron Artest,1,5:30,PHX,shot,,,,,,,,,,Steve Nash,,,,missed,,jump,31,18
Amare Stoudemire,Channing Frye,Grant Hill,Jason Richardson,Steve Nash,Derek Fisher,Kobe Bryant,Lamar Odom,Pau Gasol,Ron Artest,1,5:29,LAL,rebound,,,,,,,,,,Derek Fisher,,,,,,def,,
Amare Stoudemire,Channing Frye,Grant Hill,Jason Richardson,Steve Nash,Derek Fisher,Kobe Bryant,Lamar Odom,Pau Gasol,Ron Artest,1,5:26,PHX,foul,,,,,,,,Kobe Bryant,,Channing Frye,,,,,,shooting,,
Amare Stoudemire,Channing Frye,Grant Hill,Jason Richardson,Steve Nash,Derek Fisher,Kobe Bryant,Lamar Odom,Pau Gasol,Ron Artest,1,5:26,LAL,free throw,,,,,,,1,,2,Kobe Bryant,,,foul,missed,,,,
Amare Stoudemire,Channing Frye,Grant Hill,Jason Richardson,Steve Nash,Derek Fisher,Kobe Bryant,Lamar Odom,Pau Gasol,Ron Artest,1,5:26,LAL,rebound,,,,,,,,,,,,,,,,,,
Amare Stoudemire,Channing Frye,Grant Hill,Jason Richardson,Steve Nash,Derek Fisher,Kobe Bryant,Lamar Odom,Pau Gasol,Ron Artest,1,5:26,LAL,free throw,,,,,,,2,,2,Kobe Bryant,,,foul,made,,,,
Amare Stoudemire,Channing Frye,Grant Hill,Jason Richardson,Steve Nash,Derek Fisher,Kobe Bryant,Lamar Odom,Pau Gasol,Ron Artest,1,5:00,PHX,shot,,,,,,,,,,Jason Richardson,,,,missed,,jump,33,7
Amare Stoudemire,Channing Frye,Grant Hill,Jason Richardson,Steve Nash,Derek Fisher,Kobe Bryant,Lamar Odom,Pau Gasol,Ron Artest,1,4:59,PHX,rebound,,,,,,,,,,,,,,,,,,
Amare Stoudemire,Channing Frye,Grant Hill,Jason Richardson,Steve Nash,Derek Fisher,Kobe Bryant,Lamar Odom,Pau Gasol,Ron Artest,1,4:45,PHX,shot,,,,,,,,,,Amare Stoudemire,,,,missed,,jump,39,17
Amare Stoudemire,Channing Frye,Grant Hill,Jason Richardson,Steve Nash,Derek Fisher,Kobe Bryant,Lamar Odom,Pau Gasol,Ron Artest,1,4:44,LAL,rebound,,,,,,,,,,Lamar Odom,,,,,,def,,
Amare Stoudemire,Channing Frye,Grant Hill,Jason Richardson,Steve Nash,Derek Fisher,Kobe Bryant,Lamar Odom,Pau Gasol,Ron Artest,1,4:29,LAL,shot,,,,,,,,,,Kobe Bryant,2,,,made,,turnaround fade away,23,18
Amare Stoudemire,Channing Frye,Grant Hill,Jason Richardson,Steve Nash,Derek Fisher,Kobe Bryant,Lamar Odom,Pau Gasol,Ron Artest,1,4:12,PHX,shot,Steve Nash,,,,,,,,,Grant Hill,2,,,made,,jump,21,18
Amare Stoudemire,Channing Frye,Grant Hill,Jason Richardson,Steve Nash,Derek Fisher,Kobe Bryant,Lamar Odom,Pau Gasol,Ron Artest,1,3:54,LAL,shot,,,,,,,,,,Ron Artest,,,,missed,,jump,20,7
Amare Stoudemire,Channing Frye,Grant Hill,Jason Richardson,Steve Nash,Derek Fisher,Kobe Bryant,Lamar Odom,Pau Gasol,Ron Artest,1,3:53,PHX,rebound,,,,,,,,,,Grant Hill,,,,,,def,,
Amare Stoudemire,Channing Frye,Grant Hill,Jason Richardson,Steve Nash,Derek Fisher,Kobe Bryant,Lamar Odom,Pau Gasol,Ron Artest,1,3:44,PHX,shot,,,,,,,,,,Grant Hill,,,,missed,,jump,38,5
Amare Stoudemire,Channing Frye,Grant Hill,Jason Richardson,Steve Nash,Derek Fisher,Kobe Bryant,Lamar Odom,Pau Gasol,Ron Artest,1,3:43,LAL,rebound,,,,,,,,,,Kobe Bryant,,,,,,def,,
Amare Stoudemire,Channing Frye,Grant Hill,Jason Richardson,Steve Nash,Derek Fisher,Kobe Bryant,Lamar Odom,Pau Gasol,Ron Artest,1,3:33,LAL,shot,,,,,,,,,,Pau Gasol,,,,missed,,jump,31,11
Amare Stoudemire,Channing Frye,Grant Hill,Jason Richardson,Steve Nash,Derek Fisher,Kobe Bryant,Lamar Odom,Pau Gasol,Ron Artest,1,3:33,PHX,rebound,,,,,,,,,,Amare Stoudemire,,,,,,def,,
Amare Stoudemire,Channing Frye,Grant Hill,Jason Richardson,Steve Nash,Derek Fisher,Kobe Bryant,Lamar Odom,Pau Gasol,Ron Artest,1,3:33,LAL,foul,,,,,,,,Amare Stoudemire,,Lamar Odom,,,,,,personal,,
Amare Stoudemire,Channing Frye,Jared Dudley,Jason Richardson,Steve Nash,Derek Fisher,Kobe Bryant,Lamar Odom,Pau Gasol,Ron Artest,1,3:33,PHX,sub,,,,Jared Dudley,,Grant Hill,,,,,,,,,,,,
Amare Stoudemire,Channing Frye,Jared Dudley,Jason Richardson,Steve Nash,Derek Fisher,Kobe Bryant,Lamar Odom,Pau Gasol,Ron Artest,1,3:13,PHX,shot,,,,,,,,,,Steve Nash,2,,,made,,fade away jumper,15,24
Amare Stoudemire,Channing Frye,Jared Dudley,Jason Richardson,Steve Nash,Derek Fisher,Kobe Bryant,Lamar Odom,Pau Gasol,Ron Artest,1,2:54,LAL,shot,,,,,,,,,,Derek Fisher,,,,missed,,jump,14,23
Amare Stoudemire,Channing Frye,Jared Dudley,Jason Richardson,Steve Nash,Derek Fisher,Kobe Bryant,Lamar Odom,Pau Gasol,Ron Artest,1,2:53,PHX,rebound,,,,,,,,,,Channing Frye,,,,,,def,,
Amare Stoudemire,Channing Frye,Jared Dudley,Jason Richardson,Steve Nash,Derek Fisher,Kobe Bryant,Lamar Odom,Pau Gasol,Ron Artest,1,2:34,PHX,shot,Steve Nash,,,,,,,,,Amare Stoudemire,2,,,made,,driving layup,25,6
Amare Stoudemire,Channing Frye,Jared Dudley,Jason Richardson,Steve Nash,Derek Fisher,Kobe Bryant,Lamar Odom,Pau Gasol,Ron Artest,1,2:18,LAL,shot,,,,,,,,,,Pau Gasol,2,,,made,,layup,25,6
Amare Stoudemire,Channing Frye,Jared Dudley,Jason Richardson,Steve Nash,Derek Fisher,Kobe Bryant,Lamar Odom,Pau Gasol,Ron Artest,1,2:00,PHX,shot,Channing Frye,,,,,,,,,Amare Stoudemire,2,,,made,,jump,29,27
Amare Stoudemire,Channing Frye,Jared Dudley,Jason Richardson,Steve Nash,Derek Fisher,Kobe Bryant,Lamar Odom,Pau Gasol,Ron Artest,1,1:45,LAL,shot,,,,,,,,,,Kobe Bryant,,,,missed,,3pt,41,27
Amare Stoudemire,Channing Frye,Jared Dudley,Jason Richardson,Steve Nash,Derek Fisher,Kobe Bryant,Lamar Odom,Pau Gasol,Ron Artest,1,1:45,LAL,rebound,,,,,,,,,,,,,,,,,,
Amare Stoudemire,Channing Frye,Jared Dudley,Jason Richardson,Steve Nash,Derek Fisher,Kobe Bryant,Lamar Odom,Pau Gasol,Ron Artest,1,1:45,PHX,foul,,,,,,,,Pau Gasol,,Amare Stoudemire,,,,,,loose ball,,
Amare Stoudemire,Channing Frye,Jared Dudley,Jason Richardson,Steve Nash,Derek Fisher,Kobe Bryant,Lamar Odom,Pau Gasol,Ron Artest,1,1:45,PHX,timeout,,,,,,,,,,,,,,,,regular,,
Channing Frye,Jared Dudley,Jarron Collins,Jason Richardson,Steve Nash,Derek Fisher,Kobe Bryant,Lamar Odom,Pau Gasol,Ron Artest,1,1:45,PHX,sub,,,,Jarron Collins,,Amare Stoudemire,,,,,,,,,,,,
Channing Frye,Jared Dudley,Jarron Collins,Jason Richardson,Steve Nash,Derek Fisher,Jordan Farmar,Kobe Bryant,Lamar Odom,Ron Artest,1,1:45,LAL,sub,,,,Jordan Farmar,,Pau Gasol,,,,,,,,,,,,
Channing Frye,Jared Dudley,Jarron Collins,Jason Richardson,Steve Nash,Andrew Bynum,Jordan Farmar,Kobe Bryant,Lamar Odom,Ron Artest,1,1:45,LAL,sub,,,,Andrew Bynum,,Derek Fisher,,,,,,,,,,,,
Channing Frye,Jared Dudley,Jarron Collins,Jason Richardson,Steve Nash,Andrew Bynum,Jordan Farmar,Kobe Bryant,Lamar Odom,Ron Artest,1,1:38,LAL,shot,,,,,,,,,,Lamar Odom,,,,missed,,jump,44,6
Channing Frye,Jared Dudley,Jarron Collins,Jason Richardson,Steve Nash,Andrew Bynum,Jordan Farmar,Kobe Bryant,Lamar Odom,Ron Artest,1,1:37,PHX,rebound,,,,,,,,,,Jared Dudley,,,,,,def,,
Channing Frye,Jared Dudley,Jarron Collins,Jason Richardson,Steve Nash,Andrew Bynum,Jordan Farmar,Kobe Bryant,Lamar Odom,Ron Artest,1,1:21,PHX,shot,,,,,,,,,,Jason Richardson,,,,missed,,jump,17,25
Channing Frye,Jared Dudley,Jarron Collins,Jason Richardson,Steve Nash,Andrew Bynum,Jordan Farmar,Kobe Bryant,Lamar Odom,Ron Artest,1,1:19,LAL,rebound,,,,,,,,,,Kobe Bryant,,,,,,def,,
Channing Frye,Jared Dudley,Jarron Collins,Jason Richardson,Steve Nash,Andrew Bynum,Jordan Farmar,Kobe Bryant,Lamar Odom,Ron Artest,1,1:14,LAL,shot,,,,,,,,,,Ron Artest,,,,missed,,layup,25,6
Channing Frye,Jared Dudley,Jarron Collins,Jason Richardson,Steve Nash,Andrew Bynum,Jordan Farmar,Kobe Bryant,Lamar Odom,Ron Artest,1,1:13,PHX,rebound,,,,,,,,,,Channing Frye,,,,,,def,,
Channing Frye,Jared Dudley,Jarron Collins,Jason Richardson,Steve Nash,Andrew Bynum,Jordan Farmar,Kobe Bryant,Lamar Odom,Ron Artest,1,0:52,PHX,shot,Jason Richardson,,,,,,,,,Jared Dudley,3,,,made,,3pt,1,6
Channing Frye,Jared Dudley,Jarron Collins,Jason Richardson,Steve Nash,Andrew Bynum,Jordan Farmar,Kobe Bryant,Lamar Odom,Ron Artest,1,0:40,PHX,foul,,,,,,,,Andrew Bynum,,Jarron Collins,,,,,,personal,,
Channing Frye,Jared Dudley,Jarron Collins,Jason Richardson,Steve Nash,Andrew Bynum,Jordan Farmar,Kobe Bryant,Lamar Odom,Ron Artest,1,0:40,LAL,free throw,,,,,,,1,,2,Andrew Bynum,,,foul,missed,,,,
Channing Frye,Jared Dudley,Jarron Collins,Jason Richardson,Steve Nash,Andrew Bynum,Jordan Farmar,Kobe Bryant,Lamar Odom,Ron Artest,1,0:40,LAL,rebound,,,,,,,,,,,,,,,,,,
Channing Frye,Jared Dudley,Jarron Collins,Jason Richardson,Steve Nash,Andrew Bynum,Jordan Farmar,Kobe Bryant,Lamar Odom,Ron Artest,1,0:40,LAL,free throw,,,,,,,2,,2,Andrew Bynum,,,foul,made,,,,
Channing Frye,Jared Dudley,Jarron Collins,Jason Richardson,Steve Nash,Andrew Bynum,Jordan Farmar,Kobe Bryant,Lamar Odom,Ron Artest,1,0:23,PHX,shot,Steve Nash,,,,,,,,,Jason Richardson,2,,,made,,jump,14,20
Channing Frye,Jared Dudley,Jarron Collins,Jason Richardson,Steve Nash,Andrew Bynum,Jordan Farmar,Kobe Bryant,Lamar Odom,Ron Artest,1,0:02,LAL,shot,,,,,,,,,,Kobe Bryant,2,,,made,,running bank,23,9
Channing Frye,Goran Dragic,Jared Dudley,Jarron Collins,Jason Richardson,Andrew Bynum,Jordan Farmar,Kobe Bryant,Lamar Odom,Shannon Brown,2,11:44,PHX,shot,,,,,,,,,,Jared Dudley,,,,missed,,jump,10,5
Channing Frye,Goran Dragic,Jared Dudley,Jarron Collins,Jason Richardson,Andrew Bynum,Jordan Farmar,Kobe Bryant,Lamar Odom,Shannon Brown,2,11:43,LAL,rebound,,,,,,,,,,Lamar Odom,,,,,,def,,
Channing Frye,Goran Dragic,Jared Dudley,Jarron Collins,Jason Richardson,Andrew Bynum,Jordan Farmar,Kobe Bryant,Lamar Odom,Shannon Brown,2,11:37,LAL,turnover,,,,,,,,,,Lamar Odom,,,bad pass,,Jared Dudley,,,
Channing Frye,Goran Dragic,Jared Dudley,Jarron Collins,Jason Richardson,Andrew Bynum,Jordan Farmar,Kobe Bryant,Lamar Odom,Shannon Brown,2,11:34,PHX,shot,,,,,,,,,,Jason Richardson,,,,missed,,layup,25,6
Channing Frye,Goran Dragic,Jared Dudley,Jarron Collins,Jason Richardson,Andrew Bynum,Jordan Farmar,Kobe Bryant,Lamar Odom,Shannon Brown,2,11:33,LAL,rebound,,,,,,,,,,Shannon Brown,,,,,,def,,
Channing Frye,Goran Dragic,Jared Dudley,Jarron Collins,Jason Richardson,Andrew Bynum,Jordan Farmar,Kobe Bryant,Lamar Odom,Shannon Brown,2,11:28,LAL,shot,Shannon Brown,,,,,,,,,Andrew Bynum,2,,,made,,dunk,25,6
Channing Frye,Goran Dragic,Jared Dudley,Jarron Collins,Jason Richardson,Andrew Bynum,Jordan Farmar,Kobe Bryant,Lamar Odom,Shannon Brown,2,11:12,PHX,shot,,,,,,,,,,Channing Frye,,,,missed,,3pt,11,29
Channing Frye,Goran Dragic,Jared Dudley,Jarron Collins,Jason Richardson,Andrew Bynum,Jordan Farmar,Kobe Bryant,Lamar Odom,Shannon Brown,2,11:11,LAL,rebound,,,,,,,,,,Jordan Farmar,,,,,,def,,
Channing Frye,Goran Dragic,Jared Dudley,Jarron Collins,Jason Richardson,Andrew Bynum,Jordan Farmar,Kobe Bryant,Lamar Odom,Shannon Brown,2,10:59,LAL,shot,,,,,,,,,,Lamar Odom,,,,missed,,3pt,48,4
Channing Frye,Goran Dragic,Jared Dudley,Jarron Collins,Jason Richardson,Andrew Bynum,Jordan Farmar,Kobe Bryant,Lamar Odom,Shannon Brown,2,10:58,PHX,rebound,,,,,,,,,,Goran Dragic,,,,,,def,,
Channing Frye,Goran Dragic,Jared Dudley,Jarron Collins,Jason Richardson,Andrew Bynum,Jordan Farmar,Kobe Bryant,Lamar Odom,Shannon Brown,2,10:55,PHX,shot,,,Lamar Odom,,,,,,,Goran Dragic,,,,missed,,layup,25,6
Channing Frye,Goran Dragic,Jared Dudley,Jarron Collins,Jason Richardson,Andrew Bynum,Jordan Farmar,Kobe Bryant,Lamar Odom,Shannon Brown,2,10:53,LAL,rebound,,,,,,,,,,Shannon Brown,,,,,,def,,
Channing Frye,Goran Dragic,Jared Dudley,Jarron Collins,Jason Richardson,Andrew Bynum,Jordan Farmar,Kobe Bryant,Lamar Odom,Shannon Brown,2,10:48,LAL,shot,,,,,,,,,,Shannon Brown,2,,,made,,pullup jump,19,22
Channing Frye,Goran Dragic,Jared Dudley,Jarron Collins,Jason Richardson,Andrew Bynum,Jordan Farmar,Kobe Bryant,Lamar Odom,Shannon Brown,2,10:36,LAL,foul,,,,,,,,Goran Dragic,,Jordan Farmar,,,,,,personal,,
Channing Frye,Goran Dragic,Jared Dudley,Jarron Collins,Jason Richardson,Andrew Bynum,Jordan Farmar,Kobe Bryant,Lamar Odom,Shannon Brown,2,10:27,LAL,foul,,,,,,,,Jarron Collins,,Andrew Bynum,,,,,,personal,,
Channing Frye,Goran Dragic,Jared Dudley,Jarron Collins,Jason Richardson,Andrew Bynum,Jordan Farmar,Kobe Bryant,Lamar Odom,Shannon Brown,2,10:21,PHX,shot,,,,,,,,,,Goran Dragic,,,,missed,,3pt,40,29
Channing Frye,Goran Dragic,Jared Dudley,Jarron Collins,Jason Richardson,Andrew Bynum,Jordan Farmar,Kobe Bryant,Lamar Odom,Shannon Brown,2,10:20,LAL,rebound,,,,,,,,,,Kobe Bryant,,,,,,def,,
Channing Frye,Goran Dragic,Jared Dudley,Jarron Collins,Jason Richardson,Andrew Bynum,Jordan Farmar,Kobe Bryant,Lamar Odom,Shannon Brown,2,10:06,LAL,shot,,,,,,,,,,Lamar Odom,,,,missed,,dunk,25,6
Channing Frye,Goran Dragic,Jared Dudley,Jarron Collins,Jason Richardson,Andrew Bynum,Jordan Farmar,Kobe Bryant,Lamar Odom,Shannon Brown,2,10:04,PHX,rebound,,,,,,,,,,Goran Dragic,,,,,,def,,
Channing Frye,Goran Dragic,Jared Dudley,Jarron Collins,Jason Richardson,Andrew Bynum,Jordan Farmar,Kobe Bryant,Lamar Odom,Shannon Brown,2,9:58,PHX,shot,Goran Dragic,,,,,,,,,Jared Dudley,3,,,made,,3pt,44,27
Channing Frye,Goran Dragic,Jared Dudley,Jarron Collins,Jason Richardson,Andrew Bynum,Jordan Farmar,Kobe Bryant,Lamar Odom,Shannon Brown,2,9:48,LAL,turnover,,,,,,,,,,Shannon Brown,,,double dribble,,,,,
Channing Frye,Goran Dragic,Grant Hill,Jared Dudley,Jarron Collins,Andrew Bynum,Jordan Farmar,Kobe Bryant,Lamar Odom,Shannon Brown,2,9:48,PHX,sub,,,,Grant Hill,,Jason Richardson,,,,,,,,,,,,
Channing Frye,Goran Dragic,Grant Hill,Jared Dudley,Robin Lopez,Andrew Bynum,Jordan Farmar,Kobe Bryant,Lamar Odom,Shannon Brown,2,9:48,PHX,sub,,,,Robin Lopez,,Jarron Collins,,,,,,,,,,,,
Amare Stoudemire,Goran Dragic,Grant Hill,Jared Dudley,Robin Lopez,Andrew Bynum,Jordan Farmar,Kobe Bryant,Lamar Odom,Shannon Brown,2,9:48,PHX,sub,,,,Amare Stoudemire,,Channing Frye,,,,,,,,,,,,
Amare Stoudemire,Goran Dragic,Grant Hill,Jared Dudley,Robin Lopez,Andrew Bynum,Jordan Farmar,Kobe Bryant,Lamar Odom,Shannon Brown,2,9:37,PHX,turnover,,,,,,,,,,Goran Dragic,,,bad pass,,Lamar Odom,,,
Amare Stoudemire,Goran Dragic,Grant Hill,Jared Dudley,Robin Lopez,Andrew Bynum,Jordan Farmar,Kobe Bryant,Lamar Odom,Shannon Brown,2,9:31,LAL,shot,,,,,,,,,,Jordan Farmar,,,,missed,,3pt,1,4
Amare Stoudemire,Goran Dragic,Grant Hill,Jared Dudley,Robin Lopez,Andrew Bynum,Jordan Farmar,Kobe Bryant,Lamar Odom,Shannon Brown,2,9:30,PHX,rebound,,,,,,,,,,Amare Stoudemire,,,,,,def,,
Amare Stoudemire,Goran Dragic,Grant Hill,Jared Dudley,Robin Lopez,Andrew Bynum,Jordan Farmar,Kobe Bryant,Lamar Odom,Shannon Brown,2,9:14,PHX,shot,,,,,,,,,,Amare Stoudemire,,,,missed,,jump,14,23
Amare Stoudemire,Goran Dragic,Grant Hill,Jared Dudley,Robin Lopez,Andrew Bynum,Jordan Farmar,Kobe Bryant,Lamar Odom,Shannon Brown,2,9:12,LAL,rebound,,,,,,,,,,Lamar Odom,,,,,,def,,
Amare Stoudemire,Goran Dragic,Grant Hill,Jared Dudley,Robin Lopez,Andrew Bynum,Jordan Farmar,Kobe Bryant,Lamar Odom,Shannon Brown,2,9:08,LAL,shot,Lamar Odom,,,,,,,,,Kobe Bryant,2,,,made,,layup,25,6
Amare Stoudemire,Goran Dragic,Grant Hill,Jared Dudley,Robin Lopez,Andrew Bynum,Jordan Farmar,Kobe Bryant,Lamar Odom,Shannon Brown,2,9:06,LAL,violation,,,,,,,,,,,,,,,,delay of game,,
Amare Stoudemire,Goran Dragic,Grant Hill,Jared Dudley,Robin Lopez,Andrew Bynum,Jordan Farmar,Kobe Bryant,Lamar Odom,Shannon Brown,2,8:54,PHX,shot,,,,,,,,,,Goran Dragic,,,,missed,,jump,9,18
Amare Stoudemire,Goran Dragic,Grant Hill,Jared Dudley,Robin Lopez,Andrew Bynum,Jordan Farmar,Kobe Bryant,Lamar Odom,Shannon Brown,2,8:52,PHX,rebound,,,,,,,,,,Robin Lopez,,,,,,off,,
Amare Stoudemire,Goran Dragic,Grant Hill,Jared Dudley,Robin Lopez,Andrew Bynum,Jordan Farmar,Kobe Bryant,Lamar Odom,Shannon Brown,2,8:52,PHX,shot,,,,,,,,,,Robin Lopez,,,,missed,,tip,25,6
Amare Stoudemire,Goran Dragic,Grant Hill,Jared Dudley,Robin Lopez,Andrew Bynum,Jordan Farmar,Kobe Bryant,Lamar Odom,Shannon Brown,2,8:50,LAL,rebound,,,,,,,,,,Lamar Odom,,,,,,def,,
Amare Stoudemire,Goran Dragic,Grant Hill,Jared Dudley,Robin Lopez,Andrew Bynum,Jordan Farmar,Kobe Bryant,Lamar Odom,Shannon Brown,2,8:44,LAL,shot,,,,,,,,,,Jordan Farmar,,,,missed,,3pt,48,8
Amare Stoudemire,Goran Dragic,Grant Hill,Jared Dudley,Robin Lopez,Andrew Bynum,Jordan Farmar,Kobe Bryant,Lamar Odom,Shannon Brown,2,8:42,PHX,rebound,,,,,,,,,,Amare Stoudemire,,,,,,def,,
Amare Stoudemire,Goran Dragic,Grant Hill,Jared Dudley,Robin Lopez,Andrew Bynum,Jordan Farmar,Kobe Bryant,Lamar Odom,Shannon Brown,2,8:38,PHX,timeout,,,,,,,,,,,,,,,,regular,,
Amare Stoudemire,Goran Dragic,Grant Hill,Jared Dudley,Robin Lopez,Jordan Farmar,Kobe Bryant,Lamar Odom,Ron Artest,Shannon Brown,2,8:38,LAL,sub,,,,Ron Artest,,Andrew Bynum,,,,,,,,,,,,
Amare Stoudemire,Goran Dragic,Grant Hill,Jared Dudley,Robin Lopez,Jordan Farmar,Lamar Odom,Pau Gasol,Ron Artest,Shannon Brown,2,8:38,LAL,sub,,,,Pau Gasol,,Kobe Bryant,,,,,,,,,,,,
Amare Stoudemire,Goran Dragic,Grant Hill,Jared Dudley,Robin Lopez,Jordan Farmar,Lamar Odom,Pau Gasol,Ron Artest,Shannon Brown,2,8:27,PHX,shot,,,,,,,,,,Robin Lopez,,,,missed,,layup,25,6
Amare Stoudemire,Goran Dragic,Grant Hill,Jared Dudley,Robin Lopez,Jordan Farmar,Lamar Odom,Pau Gasol,Ron Artest,Shannon Brown,2,8:25,PHX,rebound,,,,,,,,,,Robin Lopez,,,,,,off,,
Amare Stoudemire,Goran Dragic,Grant Hill,Jared Dudley,Robin Lopez,Jordan Farmar,Lamar Odom,Pau Gasol,Ron Artest,Shannon Brown,2,8:25,PHX,shot,,,,,,,,,,Robin Lopez,2,,,made,,layup,25,6
Amare Stoudemire,Goran Dragic,Grant Hill,Jared Dudley,Robin Lopez,Jordan Farmar,Lamar Odom,Pau Gasol,Ron Artest,Shannon Brown,2,8:03,LAL,turnover,,,,,,,,,,Shannon Brown,,,lost ball,,Goran Dragic,,,
Amare Stoudemire,Goran Dragic,Grant Hill,Jared Dudley,Robin Lopez,Jordan Farmar,Lamar Odom,Pau Gasol,Ron Artest,Shannon Brown,2,7:59,PHX,shot,,,,,,,,,,Goran Dragic,2,,,made,,driving layup,25,6
Amare Stoudemire,Goran Dragic,Grant Hill,Jared Dudley,Robin Lopez,Jordan Farmar,Lamar Odom,Pau Gasol,Ron Artest,Shannon Brown,2,7:45,LAL,shot,,,,,,,,,,Shannon Brown,,,,missed,,3pt,17,31
Amare Stoudemire,Goran Dragic,Grant Hill,Jared Dudley,Robin Lopez,Jordan Farmar,Lamar Odom,Pau Gasol,Ron Artest,Shannon Brown,2,7:44,PHX,rebound,,,,,,,,,,Amare Stoudemire,,,,,,def,,
Amare Stoudemire,Goran Dragic,Grant Hill,Jared Dudley,Robin Lopez,Jordan Farmar,Lamar Odom,Pau Gasol,Ron Artest,Shannon Brown,2,7:24,PHX,shot,Amare Stoudemire,,,,,,,,,Goran Dragic,2,,,made,,layup,25,6
Amare Stoudemire,Goran Dragic,Grant Hill,Jared Dudley,Robin Lopez,Jordan Farmar,Lamar Odom,Pau Gasol,Ron Artest,Shannon Brown,2,7:11,PHX,foul,,,,,,,,Jordan Farmar,,Goran Dragic,,,,,,shooting,,
Amare Stoudemire,Goran Dragic,Grant Hill,Jared Dudley,Robin Lopez,Jordan Farmar,Lamar Odom,Pau Gasol,Ron Artest,Shannon Brown,2,7:11,LAL,free throw,,,,,,,1,,2,Jordan Farmar,,,foul,made,,,,
Amare Stoudemire,Goran Dragic,Grant Hill,Jared Dudley,Robin Lopez,Jordan Farmar,Lamar Odom,Pau Gasol,Ron Artest,Shannon Brown,2,7:11,LAL,free throw,,,,,,,2,,2,Jordan Farmar,,,foul,missed,,,,
Amare Stoudemire,Goran Dragic,Grant Hill,Jared Dudley,Robin Lopez,Jordan Farmar,Lamar Odom,Pau Gasol,Ron Artest,Shannon Brown,2,7:11,PHX,rebound,,,,,,,,,,Jared Dudley,,,,,,def,,
Amare Stoudemire,Goran Dragic,Grant Hill,Jared Dudley,Robin Lopez,Jordan Farmar,Lamar Odom,Pau Gasol,Ron Artest,Shannon Brown,2,7:06,LAL,foul,,,,,,,,Goran Dragic,,Jordan Farmar,,,,,,personal,,
Amare Stoudemire,Goran Dragic,Grant Hill,Jared Dudley,Robin Lopez,Jordan Farmar,Lamar Odom,Pau Gasol,Ron Artest,Shannon Brown,2,6:55,PHX,shot,,,,,,,,,,Grant Hill,,,,missed,,turnaround jump,14,6
Amare Stoudemire,Goran Dragic,Grant Hill,Jared Dudley,Robin Lopez,Jordan Farmar,Lamar Odom,Pau Gasol,Ron Artest,Shannon Brown,2,6:52,LAL,rebound,,,,,,,,,,Jordan Farmar,,,,,,def,,
Amare Stoudemire,Goran Dragic,Grant Hill,Jared Dudley,Robin Lopez,Jordan Farmar,Lamar Odom,Pau Gasol,Ron Artest,Shannon Brown,2,6:45,LAL,shot,,,,,,,,,,Jordan Farmar,3,,,made,,3pt,30,31
Amare Stoudemire,Goran Dragic,Grant Hill,Jared Dudley,Robin Lopez,Jordan Farmar,Lamar Odom,Pau Gasol,Ron Artest,Shannon Brown,2,6:23,PHX,shot,,,,,,,,,,Goran Dragic,,,,missed,,jump,17,14
Amare Stoudemire,Goran Dragic,Grant Hill,Jared Dudley,Robin Lopez,Jordan Farmar,Lamar Odom,Pau Gasol,Ron Artest,Shannon Brown,2,6:21,LAL,rebound,,,,,,,,,,Lamar Odom,,,,,,def,,
Amare Stoudemire,Goran Dragic,Grant Hill,Jared Dudley,Robin Lopez,Jordan Farmar,Lamar Odom,Pau Gasol,Ron Artest,Shannon Brown,2,6:12,PHX,foul,,,,,,,,Jordan Farmar,,Goran Dragic,,,,,,personal,,
Amare Stoudemire,Goran Dragic,Grant Hill,Jared Dudley,Robin Lopez,Jordan Farmar,Lamar Odom,Pau Gasol,Ron Artest,Shannon Brown,2,6:08,PHX,foul,,,,,,,,Ron Artest,,Robin Lopez,,,,,,shooting,,
Amare Stoudemire,Goran Dragic,Grant Hill,Jared Dudley,Robin Lopez,Jordan Farmar,Lamar Odom,Pau Gasol,Ron Artest,Shannon Brown,2,6:08,LAL,free throw,,,,,,,1,,2,Ron Artest,,,foul,made,,,,
Amare Stoudemire,Channing Frye,Goran Dragic,Grant Hill,Jared Dudley,Jordan Farmar,Lamar Odom,Pau Gasol,Ron Artest,Shannon Brown,2,6:08,PHX,sub,,,,Channing Frye,,Robin Lopez,,,,,,,,,,,,
Amare Stoudemire,Channing Frye,Grant Hill,Jared Dudley,Steve Nash,Jordan Farmar,Lamar Odom,Pau Gasol,Ron Artest,Shannon Brown,2,6:08,PHX,sub,,,,Steve Nash,,Goran Dragic,,,,,,,,,,,,
Amare Stoudemire,Channing Frye,Grant Hill,Jared Dudley,Steve Nash,Jordan Farmar,Lamar Odom,Pau Gasol,Ron Artest,Shannon Brown,2,6:08,LAL,free throw,,,,,,,2,,2,Ron Artest,,,foul,made,,,,
Amare Stoudemire,Channing Frye,Grant Hill,Jared Dudley,Steve Nash,Jordan Farmar,Lamar Odom,Pau Gasol,Ron Artest,Shannon Brown,2,5:52,PHX,shot,,,Lamar Odom,,,,,,,Grant Hill,,,,missed,,layup,25,6
Amare Stoudemire,Channing Frye,Grant Hill,Jared Dudley,Steve Nash,Jordan Farmar,Lamar Odom,Pau Gasol,Ron Artest,Shannon Brown,2,5:50,LAL,rebound,,,,,,,,,,Pau Gasol,,,,,,def,,
Amare Stoudemire,Channing Frye,Grant Hill,Jared Dudley,Steve Nash,Jordan Farmar,Lamar Odom,Pau Gasol,Ron Artest,Shannon Brown,2,5:43,LAL,shot,Pau Gasol,,,,,,,,,Jordan Farmar,2,,,made,,driving layup,25,6
Amare Stoudemire,Channing Frye,Grant Hill,Jared Dudley,Steve Nash,Jordan Farmar,Lamar Odom,Pau Gasol,Ron Artest,Shannon Brown,2,5:16,PHX,shot,,,,,,,,,,Grant Hill,2,,,made,,jump bank,31,8
Amare Stoudemire,Channing Frye,Grant Hill,Jared Dudley,Steve Nash,Jordan Farmar,Lamar Odom,Pau Gasol,Ron Artest,Shannon Brown,2,5:00,LAL,shot,,,,,,,,,,Jordan Farmar,3,,,made,,3pt,26,32
Amare Stoudemire,Channing Frye,Grant Hill,Jared Dudley,Steve Nash,Jordan Farmar,Lamar Odom,Pau Gasol,Ron Artest,Shannon Brown,2,4:43,PHX,shot,,,,,,,,,,Amare Stoudemire,2,,,made,,jump,37,14
Amare Stoudemire,Channing Frye,Grant Hill,Jared Dudley,Steve Nash,Jordan Farmar,Lamar Odom,Pau Gasol,Ron Artest,Shannon Brown,2,4:32,LAL,timeout,,,,,,,,,,,,,,,,regular,,
Amare Stoudemire,Channing Frye,Grant Hill,Jared Dudley,Steve Nash,Derek Fisher,Jordan Farmar,Pau Gasol,Ron Artest,Shannon Brown,2,4:32,LAL,sub,,,,Derek Fisher,,Lamar Odom,,,,,,,,,,,,
Amare Stoudemire,Channing Frye,Grant Hill,Jared Dudley,Steve Nash,Derek Fisher,Kobe Bryant,Pau Gasol,Ron Artest,Shannon Brown,2,4:32,LAL,sub,,,,Kobe Bryant,,Jordan Farmar,,,,,,,,,,,,
Amare Stoudemire,Channing Frye,Grant Hill,Jared Dudley,Steve Nash,Andrew Bynum,Derek Fisher,Kobe Bryant,Pau Gasol,Ron Artest,2,4:32,LAL,sub,,,,Andrew Bynum,,Shannon Brown,,,,,,,,,,,,
Amare Stoudemire,Channing Frye,Grant Hill,Jason Richardson,Steve Nash,Andrew Bynum,Derek Fisher,Kobe Bryant,Pau Gasol,Ron Artest,2,4:32,PHX,sub,,,,Jason Richardson,,Jared Dudley,,,,,,,,,,,,
Amare Stoudemire,Channing Frye,Grant Hill,Jason Richardson,Steve Nash,Andrew Bynum,Derek Fisher,Kobe Bryant,Pau Gasol,Ron Artest,2,4:25,LAL,turnover,,,,,,,,,,Ron Artest,,,bad pass,,Grant Hill,,,
Amare Stoudemire,Channing Frye,Grant Hill,Jason Richardson,Steve Nash,Andrew Bynum,Derek Fisher,Kobe Bryant,Pau Gasol,Ron Artest,2,4:01,PHX,shot,,,,,,,,,,Steve Nash,,,,missed,,jump,42,7
Amare Stoudemire,Channing Frye,Grant Hill,Jason Richardson,Steve Nash,Andrew Bynum,Derek Fisher,Kobe Bryant,Pau Gasol,Ron Artest,2,4:00,PHX,rebound,,,,,,,,,,Amare Stoudemire,,,,,,off,,
Amare Stoudemire,Channing Frye,Grant Hill,Jason Richardson,Steve Nash,Andrew Bynum,Derek Fisher,Kobe Bryant,Pau Gasol,Ron Artest,2,3:49,LAL,foul,,,,,,,,,,Andrew Bynum,,,,,,defense 3 second,,
Amare Stoudemire,Channing Frye,Grant Hill,Jason Richardson,Steve Nash,Andrew Bynum,Derek Fisher,Kobe Bryant,Pau Gasol,Ron Artest,2,3:49,PHX,foul,,,,,,,,,,Gentry,,,,,,technical,,
Amare Stoudemire,Channing Frye,Grant Hill,Jason Richardson,Steve Nash,Andrew Bynum,Derek Fisher,Kobe Bryant,Pau Gasol,Ron Artest,2,3:49,LAL,free throw,,,,,,,1,,1,Kobe Bryant,,,technical,missed,,,,
Amare Stoudemire,Channing Frye,Grant Hill,Jason Richardson,Steve Nash,Andrew Bynum,Derek Fisher,Kobe Bryant,Pau Gasol,Ron Artest,2,3:49,PHX,rebound,,,,,,,,,,,,,,,,,,
Amare Stoudemire,Channing Frye,Grant Hill,Jason Richardson,Steve Nash,Andrew Bynum,Derek Fisher,Kobe Bryant,Pau Gasol,Ron Artest,2,3:49,PHX,free throw,,,,,,,1,,1,Steve Nash,,,technical,made,,,,
Amare Stoudemire,Channing Frye,Grant Hill,Jason Richardson,Steve Nash,Andrew Bynum,Derek Fisher,Kobe Bryant,Pau Gasol,Ron Artest,2,3:39,PHX,shot,,,,,,,,,,Amare Stoudemire,,,,missed,,jump,35,22
Amare Stoudemire,Channing Frye,Grant Hill,Jason Richardson,Steve Nash,Andrew Bynum,Derek Fisher,Kobe Bryant,Pau Gasol,Ron Artest,2,3:38,LAL,rebound,,,,,,,,,,Pau Gasol,,,,,,def,,
Amare Stoudemire,Channing Frye,Grant Hill,Jason Richardson,Steve Nash,Andrew Bynum,Derek Fisher,Kobe Bryant,Pau Gasol,Ron Artest,2,3:17,LAL,shot,,,,,,,,,,Pau Gasol,,,,missed,,jump,29,11
Amare Stoudemire,Channing Frye,Grant Hill,Jason Richardson,Steve Nash,Andrew Bynum,Derek Fisher,Kobe Bryant,Pau Gasol,Ron Artest,2,3:16,PHX,rebound,,,,,,,,,,Channing Frye,,,,,,def,,
Amare Stoudemire,Channing Frye,Grant Hill,Jason Richardson,Steve Nash,Andrew Bynum,Derek Fisher,Kobe Bryant,Pau Gasol,Ron Artest,2,3:02,PHX,shot,,,,,,,,,,Channing Frye,,,,missed,,3pt,31,30
Amare Stoudemire,Channing Frye,Grant Hill,Jason Richardson,Steve Nash,Andrew Bynum,Derek Fisher,Kobe Bryant,Pau Gasol,Ron Artest,2,3:01,LAL,rebound,,,,,,,,,,,,,,,,,,
Amare Stoudemire,Channing Frye,Grant Hill,Jason Richardson,Steve Nash,Andrew Bynum,Derek Fisher,Kobe Bryant,Pau Gasol,Ron Artest,2,2:42,LAL,turnover,,,,,,,,,,Andrew Bynum,,,bad pass,,Grant Hill,,,
Amare Stoudemire,Channing Frye,Grant Hill,Jason Richardson,Steve Nash,Andrew Bynum,Derek Fisher,Kobe Bryant,Pau Gasol,Ron Artest,2,2:23,PHX,shot,,,,,,,,,,Grant Hill,2,,,made,,driving layup,25,6
Amare Stoudemire,Channing Frye,Grant Hill,Jason Richardson,Steve Nash,Andrew Bynum,Derek Fisher,Kobe Bryant,Pau Gasol,Ron Artest,2,2:00,LAL,shot,Andrew Bynum,,,,,,,,,Derek Fisher,3,,,made,,3pt,14,28
Amare Stoudemire,Channing Frye,Grant Hill,Jason Richardson,Steve Nash,Andrew Bynum,Derek Fisher,Kobe Bryant,Pau Gasol,Ron Artest,2,1:50,LAL,foul,,,,,,,,Steve Nash,,Derek Fisher,,,,,,shooting,,
Amare Stoudemire,Channing Frye,Grant Hill,Jason Richardson,Steve Nash,Andrew Bynum,Derek Fisher,Kobe Bryant,Pau Gasol,Ron Artest,2,1:50,PHX,timeout,,,,,,,,,,,,,,,,official,,
Amare Stoudemire,Channing Frye,Grant Hill,Jason Richardson,Steve Nash,Andrew Bynum,Derek Fisher,Kobe Bryant,Pau Gasol,Ron Artest,2,1:50,PHX,free throw,,,,,,,1,,2,Steve Nash,,,foul,made,,,,
Amare Stoudemire,Channing Frye,Grant Hill,Jason Richardson,Steve Nash,Andrew Bynum,Derek Fisher,Kobe Bryant,Pau Gasol,Ron Artest,2,1:50,PHX,free throw,,,,,,,2,,2,Steve Nash,,,foul,made,,,,
Amare Stoudemire,Channing Frye,Grant Hill,Jason Richardson,Steve Nash,Andrew Bynum,Derek Fisher,Kobe Bryant,Pau Gasol,Ron Artest,2,1:26,LAL,shot,,,,,,,,,,Pau Gasol,,,,missed,,jump,18,15
Amare Stoudemire,Channing Frye,Grant Hill,Jason Richardson,Steve Nash,Andrew Bynum,Derek Fisher,Kobe Bryant,Pau Gasol,Ron Artest,2,1:24,LAL,rebound,,,,,,,,,,Kobe Bryant,,,,,,off,,
Amare Stoudemire,Channing Frye,Grant Hill,Jason Richardson,Steve Nash,Andrew Bynum,Derek Fisher,Kobe Bryant,Pau Gasol,Ron Artest,2,1:11,LAL,shot,Derek Fisher,,,,,,,,,Ron Artest,3,,,made,,3pt,2,8
Amare Stoudemire,Channing Frye,Grant Hill,Jason Richardson,Steve Nash,Andrew Bynum,Derek Fisher,Kobe Bryant,Pau Gasol,Ron Artest,2,0:48,PHX,shot,,,,,,,,,,Grant Hill,,,,missed,,jump,24,24
Amare Stoudemire,Channing Frye,Grant Hill,Jason Richardson,Steve Nash,Andrew Bynum,Derek Fisher,Kobe Bryant,Pau Gasol,Ron Artest,2,0:47,LAL,rebound,,,,,,,,,,Andrew Bynum,,,,,,def,,
Amare Stoudemire,Channing Frye,Grant Hill,Jason Richardson,Steve Nash,Andrew Bynum,Derek Fisher,Kobe Bryant,Pau Gasol,Ron Artest,2,0:32,LAL,shot,,,,,,,,,,Derek Fisher,,,,missed,,3pt,25,32
Amare Stoudemire,Channing Frye,Grant Hill,Jason Richardson,Steve Nash,Andrew Bynum,Derek Fisher,Kobe Bryant,Pau Gasol,Ron Artest,2,0:32,LAL,rebound,,,,,,,,,,,,,,,,,,
Amare Stoudemire,Channing Frye,Grant Hill,Jason Richardson,Steve Nash,Andrew Bynum,Derek Fisher,Kobe Bryant,Pau Gasol,Ron Artest,2,0:32,PHX,foul,,,,,,,,Pau Gasol,,Channing Frye,,,,,,loose ball,,
Amare Stoudemire,Channing Frye,Grant Hill,Jason Richardson,Steve Nash,Derek Fisher,Kobe Bryant,Lamar Odom,Pau Gasol,Ron Artest,2,0:32,LAL,sub,,,,Lamar Odom,,Andrew Bynum,,,,,,,,,,,,
Amare Stoudemire,Channing Frye,Grant Hill,Jason Richardson,Steve Nash,Derek Fisher,Kobe Bryant,Lamar Odom,Pau Gasol,Ron Artest,2,0:25,LAL,shot,Lamar Odom,,,,,,,,,Kobe Bryant,2,,,made,,jump,39,14
Amare Stoudemire,Channing Frye,Grant Hill,Jason Richardson,Steve Nash,Derek Fisher,Kobe Bryant,Lamar Odom,Pau Gasol,Ron Artest,2,0:01,PHX,turnover,,,,,,,,,,,,,shot clock turnover,,,,,
Amare Stoudemire,Channing Frye,Grant Hill,Jason Richardson,Steve Nash,Derek Fisher,Kobe Bryant,Lamar Odom,Pau Gasol,Ron Artest,2,0:00,LAL,turnover,,,,,,,,,,Lamar Odom,,,bad pass,,Channing Frye,,,
Amare Stoudemire,Channing Frye,Grant Hill,Jason Richardson,Steve Nash,Andrew Bynum,Derek Fisher,Kobe Bryant,Pau Gasol,Ron Artest,3,11:36,LAL,foul,,,,,,,,Grant Hill,,Ron Artest,,,,,,shooting,,
Amare Stoudemire,Channing Frye,Grant Hill,Jason Richardson,Steve Nash,Andrew Bynum,Derek Fisher,Kobe Bryant,Pau Gasol,Ron Artest,3,11:36,PHX,free throw,,,,,,,1,,2,Grant Hill,,,foul,made,,,,
Amare Stoudemire,Channing Frye,Grant Hill,Jason Richardson,Steve Nash,Andrew Bynum,Derek Fisher,Kobe Bryant,Pau Gasol,Ron Artest,3,11:36,PHX,free throw,,,,,,,2,,2,Grant Hill,,,foul,made,,,,
Amare Stoudemire,Channing Frye,Grant Hill,Jason Richardson,Steve Nash,Andrew Bynum,Derek Fisher,Kobe Bryant,Pau Gasol,Ron Artest,3,11:19,LAL,shot,,,,,,,,,,Andrew Bynum,2,,,made,,turnaround jump,27,12
Amare Stoudemire,Channing Frye,Grant Hill,Jason Richardson,Steve Nash,Andrew Bynum,Derek Fisher,Kobe Bryant,Pau Gasol,Ron Artest,3,11:19,PHX,foul,,,,,,,,Andrew Bynum,,Grant Hill,,,,,,shooting,,
Amare Stoudemire,Channing Frye,Grant Hill,Jason Richardson,Steve Nash,Andrew Bynum,Derek Fisher,Kobe Bryant,Pau Gasol,Ron Artest,3,11:19,LAL,free throw,,,,,,,1,,1,Andrew Bynum,,,foul,made,,,,
Amare Stoudemire,Channing Frye,Grant Hill,Jason Richardson,Steve Nash,Andrew Bynum,Derek Fisher,Kobe Bryant,Pau Gasol,Ron Artest,3,11:00,PHX,shot,,,,,,,,,,Steve Nash,,,,missed,,jump,30,21
Amare Stoudemire,Channing Frye,Grant Hill,Jason Richardson,Steve Nash,Andrew Bynum,Derek Fisher,Kobe Bryant,Pau Gasol,Ron Artest,3,10:58,LAL,rebound,,,,,,,,,,Kobe Bryant,,,,,,def,,
Amare Stoudemire,Channing Frye,Grant Hill,Jason Richardson,Steve Nash,Andrew Bynum,Derek Fisher,Kobe Bryant,Pau Gasol,Ron Artest,3,10:35,LAL,shot,,,,,,,,,,Andrew Bynum,,,,missed,,3pt,1,8
Amare Stoudemire,Channing Frye,Grant Hill,Jason Richardson,Steve Nash,Andrew Bynum,Derek Fisher,Kobe Bryant,Pau Gasol,Ron Artest,3,10:34,LAL,rebound,,,,,,,,,,Ron Artest,,,,,,off,,
Amare Stoudemire,Channing Frye,Grant Hill,Jason Richardson,Steve Nash,Andrew Bynum,Derek Fisher,Kobe Bryant,Pau Gasol,Ron Artest,3,10:34,PHX,foul,,,,,,,,Ron Artest,,Jason Richardson,,,,,,personal,,
Amare Stoudemire,Channing Frye,Grant Hill,Jason Richardson,Steve Nash,Andrew Bynum,Derek Fisher,Kobe Bryant,Pau Gasol,Ron Artest,3,10:21,LAL,shot,,,,,,,,,,Pau Gasol,2,,,made,,hook,20,14
Amare Stoudemire,Channing Frye,Grant Hill,Jason Richardson,Steve Nash,Andrew Bynum,Derek Fisher,Kobe Bryant,Pau Gasol,Ron Artest,3,9:57,PHX,shot,,,,,,,,,,Amare Stoudemire,,,,missed,,layup,25,6
Amare Stoudemire,Channing Frye,Grant Hill,Jason Richardson,Steve Nash,Andrew Bynum,Derek Fisher,Kobe Bryant,Pau Gasol,Ron Artest,3,9:56,LAL,rebound,,,,,,,,,,Kobe Bryant,,,,,,def,,
Amare Stoudemire,Channing Frye,Grant Hill,Jason Richardson,Steve Nash,Andrew Bynum,Derek Fisher,Kobe Bryant,Pau Gasol,Ron Artest,3,9:44,LAL,shot,,,Grant Hill,,,,,,,Ron Artest,,,,missed,,layup,25,6
Amare Stoudemire,Channing Frye,Grant Hill,Jason Richardson,Steve Nash,Andrew Bynum,Derek Fisher,Kobe Bryant,Pau Gasol,Ron Artest,3,9:43,LAL,rebound,,,,,,,,,,Andrew Bynum,,,,,,off,,
Amare Stoudemire,Channing Frye,Grant Hill,Jason Richardson,Steve Nash,Andrew Bynum,Derek Fisher,Kobe Bryant,Pau Gasol,Ron Artest,3,9:41,LAL,shot,,,,,,,,,,Andrew Bynum,2,,,made,,putback dunk,25,6
Amare Stoudemire,Channing Frye,Grant Hill,Jason Richardson,Steve Nash,Andrew Bynum,Derek Fisher,Kobe Bryant,Pau Gasol,Ron Artest,3,9:35,PHX,timeout,,,,,,,,,,,,,,,,regular,,
Amare Stoudemire,Channing Frye,Grant Hill,Jason Richardson,Steve Nash,Andrew Bynum,Derek Fisher,Kobe Bryant,Pau Gasol,Ron Artest,3,9:24,PHX,shot,Steve Nash,,,,,,,,,Jason Richardson,2,,,made,,jump,12,18
Amare Stoudemire,Channing Frye,Grant Hill,Jason Richardson,Steve Nash,Andrew Bynum,Derek Fisher,Kobe Bryant,Pau Gasol,Ron Artest,3,9:04,PHX,foul,,,,,,,,Pau Gasol,,Amare Stoudemire,,,,,,shooting,,
Amare Stoudemire,Channing Frye,Grant Hill,Jason Richardson,Steve Nash,Andrew Bynum,Derek Fisher,Kobe Bryant,Pau Gasol,Ron Artest,3,9:04,LAL,free throw,,,,,,,1,,2,Pau Gasol,,,foul,made,,,,
Amare Stoudemire,Channing Frye,Grant Hill,Jason Richardson,Steve Nash,Andrew Bynum,Derek Fisher,Kobe Bryant,Pau Gasol,Ron Artest,3,9:04,LAL,free throw,,,,,,,2,,2,Pau Gasol,,,foul,made,,,,
Amare Stoudemire,Channing Frye,Grant Hill,Jason Richardson,Steve Nash,Andrew Bynum,Derek Fisher,Kobe Bryant,Pau Gasol,Ron Artest,3,8:51,PHX,shot,Steve Nash,,,,,,,,,Amare Stoudemire,2,,,made,,jump,39,19
Amare Stoudemire,Channing Frye,Grant Hill,Jason Richardson,Steve Nash,Andrew Bynum,Derek Fisher,Kobe Bryant,Pau Gasol,Ron Artest,3,8:26,LAL,shot,,,,,,,,,,Pau Gasol,2,,,made,,layup,24,9
Amare Stoudemire,Channing Frye,Grant Hill,Jason Richardson,Steve Nash,Andrew Bynum,Derek Fisher,Kobe Bryant,Pau Gasol,Ron Artest,3,8:14,PHX,shot,Jason Richardson,,,,,,,,,Amare Stoudemire,2,,,made,,jump,35,22
Amare Stoudemire,Channing Frye,Grant Hill,Jason Richardson,Steve Nash,Andrew Bynum,Derek Fisher,Kobe Bryant,Pau Gasol,Ron Artest,3,7:56,LAL,shot,Kobe Bryant,,,,,,,,,Andrew Bynum,2,,,made,,alley oop dunk,25,6
Amare Stoudemire,Channing Frye,Grant Hill,Jason Richardson,Steve Nash,Andrew Bynum,Derek Fisher,Kobe Bryant,Pau Gasol,Ron Artest,3,7:56,PHX,foul,,,,,,,,Andrew Bynum,,Channing Frye,,,,,,shooting,,
Amare Stoudemire,Channing Frye,Grant Hill,Jason Richardson,Steve Nash,Andrew Bynum,Derek Fisher,Kobe Bryant,Pau Gasol,Ron Artest,3,7:56,LAL,free throw,,,,,,,1,,1,Andrew Bynum,,,foul,made,,,,
Amare Stoudemire,Channing Frye,Grant Hill,Jason Richardson,Steve Nash,Andrew Bynum,Derek Fisher,Kobe Bryant,Pau Gasol,Ron Artest,3,7:39,PHX,turnover,,,,,,,,,,Steve Nash,,,poss lost ball turnover,,,,,
Amare Stoudemire,Channing Frye,Grant Hill,Jason Richardson,Steve Nash,Andrew Bynum,Derek Fisher,Kobe Bryant,Pau Gasol,Ron Artest,3,7:13,LAL,shot,,,,,,,,,,Kobe Bryant,,,,missed,,turnaround fade away,40,17
Amare Stoudemire,Channing Frye,Grant Hill,Jason Richardson,Steve Nash,Andrew Bynum,Derek Fisher,Kobe Bryant,Pau Gasol,Ron Artest,3,7:11,PHX,rebound,,,,,,,,,,Jason Richardson,,,,,,def,,
Amare Stoudemire,Channing Frye,Grant Hill,Jason Richardson,Steve Nash,Andrew Bynum,Derek Fisher,Kobe Bryant,Pau Gasol,Ron Artest,3,7:07,PHX,shot,,,,,,,,,,Jason Richardson,2,,,made,,driving layup,25,6
Amare Stoudemire,Channing Frye,Grant Hill,Jason Richardson,Steve Nash,Andrew Bynum,Derek Fisher,Kobe Bryant,Pau Gasol,Ron Artest,3,6:46,LAL,shot,,,,,,,,,,Ron Artest,,,,missed,,3pt,41,27
Amare Stoudemire,Channing Frye,Grant Hill,Jason Richardson,Steve Nash,Andrew Bynum,Derek Fisher,Kobe Bryant,Pau Gasol,Ron Artest,3,6:44,PHX,rebound,,,,,,,,,,Channing Frye,,,,,,def,,
Amare Stoudemire,Channing Frye,Grant Hill,Jason Richardson,Steve Nash,Andrew Bynum,Derek Fisher,Kobe Bryant,Pau Gasol,Ron Artest,3,6:38,PHX,shot,Channing Frye,,,,,,,,,Steve Nash,3,,,made,,3pt,32,32
Amare Stoudemire,Channing Frye,Grant Hill,Jason Richardson,Steve Nash,Andrew Bynum,Derek Fisher,Kobe Bryant,Pau Gasol,Ron Artest,3,6:21,LAL,shot,Kobe Bryant,,,,,,,,,Pau Gasol,2,,,made,,layup,25,6
Amare Stoudemire,Channing Frye,Grant Hill,Jason Richardson,Steve Nash,Andrew Bynum,Derek Fisher,Kobe Bryant,Pau Gasol,Ron Artest,3,6:05,PHX,shot,Steve Nash,,,,,,,,,Amare Stoudemire,2,,,made,,jump,32,14
Amare Stoudemire,Channing Frye,Grant Hill,Jason Richardson,Steve Nash,Derek Fisher,Kobe Bryant,Lamar Odom,Pau Gasol,Ron Artest,3,5:49,LAL,sub,,,,Lamar Odom,,Andrew Bynum,,,,,,,,,,,,
Amare Stoudemire,Channing Frye,Grant Hill,Jason Richardson,Steve Nash,Derek Fisher,Kobe Bryant,Lamar Odom,Pau Gasol,Ron Artest,3,5:47,LAL,shot,,,,,,,,,,Kobe Bryant,,,,missed,,driving layup,25,6
Amare Stoudemire,Channing Frye,Grant Hill,Jason Richardson,Steve Nash,Derek Fisher,Kobe Bryant,Lamar Odom,Pau Gasol,Ron Artest,3,5:45,PHX,rebound,,,,,,,,,,Grant Hill,,,,,,def,,
Amare Stoudemire,Channing Frye,Grant Hill,Jason Richardson,Steve Nash,Derek Fisher,Kobe Bryant,Lamar Odom,Pau Gasol,Ron Artest,3,5:26,PHX,shot,,,,,,,,,,Amare Stoudemire,,,,missed,,jump,28,23
Amare Stoudemire,Channing Frye,Grant Hill,Jason Richardson,Steve Nash,Derek Fisher,Kobe Bryant,Lamar Odom,Pau Gasol,Ron Artest,3,5:25,LAL,rebound,,,,,,,,,,Derek Fisher,,,,,,def,,
Amare Stoudemire,Channing Frye,Grant Hill,Jason Richardson,Steve Nash,Derek Fisher,Kobe Bryant,Lamar Odom,Pau Gasol,Ron Artest,3,5:23,PHX,foul,,,,,,,,Derek Fisher,,Channing Frye,,,,,,personal,,
Amare Stoudemire,Channing Frye,Grant Hill,Jason Richardson,Steve Nash,Derek Fisher,Kobe Bryant,Lamar Odom,Pau Gasol,Ron Artest,3,5:23,LAL,free throw,,,,,,,1,,2,Derek Fisher,,,foul,made,,,,
Amare Stoudemire,Grant Hill,Jared Dudley,Jason Richardson,Steve Nash,Derek Fisher,Kobe Bryant,Lamar Odom,Pau Gasol,Ron Artest,3,5:23,PHX,sub,,,,Jared Dudley,,Channing Frye,,,,,,,,,,,,
Amare Stoudemire,Grant Hill,Jared Dudley,Jason Richardson,Steve Nash,Derek Fisher,Kobe Bryant,Lamar Odom,Pau Gasol,Ron Artest,3,5:23,LAL,free throw,,,,,,,2,,2,Derek Fisher,,,foul,made,,,,
Amare Stoudemire,Grant Hill,Jared Dudley,Jason Richardson,Steve Nash,Derek Fisher,Kobe Bryant,Lamar Odom,Pau Gasol,Ron Artest,3,5:02,PHX,shot,,,,,,,,,,Jason Richardson,,,,missed,,3pt,21,35
Amare Stoudemire,Grant Hill,Jared Dudley,Jason Richardson,Steve Nash,Derek Fisher,Kobe Bryant,Lamar Odom,Pau Gasol,Ron Artest,3,5:01,LAL,rebound,,,,,,,,,,Lamar Odom,,,,,,def,,
Amare Stoudemire,Grant Hill,Jared Dudley,Jason Richardson,Steve Nash,Derek Fisher,Kobe Bryant,Lamar Odom,Pau Gasol,Ron Artest,3,4:56,LAL,shot,,,Amare Stoudemire,,,,,,,Ron Artest,,,,missed,,layup,25,6
Amare Stoudemire,Grant Hill,Jared Dudley,Jason Richardson,Steve Nash,Derek Fisher,Kobe Bryant,Lamar Odom,Pau Gasol,Ron Artest,3,4:53,PHX,rebound,,,,,,,,,,Jason Richardson,,,,,,def,,
Amare Stoudemire,Grant Hill,Jared Dudley,Jason Richardson,Steve Nash,Derek Fisher,Kobe Bryant,Lamar Odom,Pau Gasol,Ron Artest,3,4:49,PHX,shot,,,,,,,,,,Jared Dudley,,,,missed,,3pt,2,8
Amare Stoudemire,Grant Hill,Jared Dudley,Jason Richardson,Steve Nash,Derek Fisher,Kobe Bryant,Lamar Odom,Pau Gasol,Ron Artest,3,4:49,PHX,rebound,,,,,,,,,,,,,,,,,,
Amare Stoudemire,Grant Hill,Jared Dudley,Jason Richardson,Steve Nash,Derek Fisher,Kobe Bryant,Lamar Odom,Pau Gasol,Ron Artest,3,4:49,LAL,foul,,,,,,,,Jason Richardson,,Ron Artest,,,,,,loose ball,,
Amare Stoudemire,Grant Hill,Jared Dudley,Jason Richardson,Steve Nash,Derek Fisher,Kobe Bryant,Lamar Odom,Pau Gasol,Ron Artest,3,4:41,PHX,shot,,,Pau Gasol,,,,,,,Grant Hill,,,,missed,,layup,25,6
Amare Stoudemire,Grant Hill,Jared Dudley,Jason Richardson,Steve Nash,Derek Fisher,Kobe Bryant,Lamar Odom,Pau Gasol,Ron Artest,3,4:39,PHX,rebound,,,,,,,,,,,,,,,,,,
Amare Stoudemire,Grant Hill,Jared Dudley,Jason Richardson,Steve Nash,Derek Fisher,Kobe Bryant,Lamar Odom,Pau Gasol,Ron Artest,3,4:32,PHX,shot,,,,,,,,,,Jared Dudley,,,,missed,,jump,22,25
Amare Stoudemire,Grant Hill,Jared Dudley,Jason Richardson,Steve Nash,Derek Fisher,Kobe Bryant,Lamar Odom,Pau Gasol,Ron Artest,3,4:31,LAL,rebound,,,,,,,,,,Lamar Odom,,,,,,def,,
Amare Stoudemire,Grant Hill,Jared Dudley,Jason Richardson,Steve Nash,Derek Fisher,Kobe Bryant,Lamar Odom,Pau Gasol,Ron Artest,3,4:26,LAL,turnover,,,,,,,,,,Lamar Odom,,,bad pass,,,,,
Amare Stoudemire,Grant Hill,Jared Dudley,Jason Richardson,Steve Nash,Derek Fisher,Kobe Bryant,Lamar Odom,Pau Gasol,Ron Artest,3,4:14,PHX,shot,Jason Richardson,,,,,,,,,Grant Hill,2,,,made,,jump,16,20
Amare Stoudemire,Grant Hill,Jared Dudley,Jason Richardson,Steve Nash,Derek Fisher,Kobe Bryant,Lamar Odom,Pau Gasol,Ron Artest,3,4:09,LAL,timeout,,,,,,,,,,,,,,,,regular,,
Amare Stoudemire,Earl Clark,Grant Hill,Jared Dudley,Steve Nash,Derek Fisher,Kobe Bryant,Lamar Odom,Pau Gasol,Ron Artest,3,4:09,PHX,sub,,,,Earl Clark,,Jason Richardson,,,,,,,,,,,,
Amare Stoudemire,Earl Clark,Grant Hill,Jared Dudley,Steve Nash,Derek Fisher,Kobe Bryant,Lamar Odom,Pau Gasol,Ron Artest,3,3:57,LAL,shot,,,,,,,,,,Kobe Bryant,,,,missed,,jump,15,17
Amare Stoudemire,Earl Clark,Grant Hill,Jared Dudley,Steve Nash,Derek Fisher,Kobe Bryant,Lamar Odom,Pau Gasol,Ron Artest,3,3:55,PHX,rebound,,,,,,,,,,Grant Hill,,,,,,def,,
Amare Stoudemire,Earl Clark,Grant Hill,Jared Dudley,Steve Nash,Derek Fisher,Kobe Bryant,Lamar Odom,Pau Gasol,Ron Artest,3,3:40,PHX,shot,,,,,,,,,,Amare Stoudemire,2,,,made,,fade away jumper,14,20
Amare Stoudemire,Earl Clark,Grant Hill,Jared Dudley,Steve Nash,Derek Fisher,Kobe Bryant,Lamar Odom,Pau Gasol,Ron Artest,3,3:25,PHX,foul,,,,,,,,Kobe Bryant,,Jared Dudley,,,,,,personal,,
Amare Stoudemire,Earl Clark,Grant Hill,Jared Dudley,Steve Nash,Derek Fisher,Kobe Bryant,Lamar Odom,Pau Gasol,Ron Artest,3,3:25,LAL,free throw,,,,,,,1,,2,Kobe Bryant,,,foul,made,,,,
Amare Stoudemire,Earl Clark,Grant Hill,Jared Dudley,Steve Nash,Derek Fisher,Kobe Bryant,Lamar Odom,Pau Gasol,Ron Artest,3,3:25,LAL,free throw,,,,,,,2,,2,Kobe Bryant,,,foul,made,,,,
Amare Stoudemire,Earl Clark,Grant Hill,Jared Dudley,Steve Nash,Derek Fisher,Kobe Bryant,Lamar Odom,Pau Gasol,Ron Artest,3,3:02,PHX,shot,,,,,,,,,,Earl Clark,,,,missed,,jump,11,17
Amare Stoudemire,Earl Clark,Grant Hill,Jared Dudley,Steve Nash,Derek Fisher,Kobe Bryant,Lamar Odom,Pau Gasol,Ron Artest,3,3:01,LAL,rebound,,,,,,,,,,Ron Artest,,,,,,def,,
Amare Stoudemire,Earl Clark,Grant Hill,Jared Dudley,Steve Nash,Derek Fisher,Kobe Bryant,Lamar Odom,Pau Gasol,Ron Artest,3,2:49,LAL,shot,,,,,,,,,,Kobe Bryant,,,,missed,,fade away jumper,25,17
Amare Stoudemire,Earl Clark,Grant Hill,Jared Dudley,Steve Nash,Derek Fisher,Kobe Bryant,Lamar Odom,Pau Gasol,Ron Artest,3,2:48,PHX,rebound,,,,,,,,,,Amare Stoudemire,,,,,,def,,
Amare Stoudemire,Earl Clark,Grant Hill,Jared Dudley,Steve Nash,Derek Fisher,Kobe Bryant,Lamar Odom,Pau Gasol,Ron Artest,3,2:44,PHX,turnover,,,,,,,,,,Amare Stoudemire,,,lost ball,,Ron Artest,,,
Amare Stoudemire,Earl Clark,Grant Hill,Jared Dudley,Steve Nash,Derek Fisher,Kobe Bryant,Lamar Odom,Pau Gasol,Ron Artest,3,2:40,PHX,foul,,,,,,,,Kobe Bryant,,Amare Stoudemire,,,,,,shooting,,
Amare Stoudemire,Earl Clark,Grant Hill,Jared Dudley,Steve Nash,Derek Fisher,Kobe Bryant,Lamar Odom,Pau Gasol,Ron Artest,3,2:40,LAL,free throw,,,,,,,1,,2,Kobe Bryant,,,foul,made,,,,
Amare Stoudemire,Earl Clark,Grant Hill,Jared Dudley,Steve Nash,Jordan Farmar,Kobe Bryant,Lamar Odom,Pau Gasol,Ron Artest,3,2:40,LAL,sub,,,,Jordan Farmar,,Derek Fisher,,,,,,,,,,,,
Amare Stoudemire,Earl Clark,Grant Hill,Jared Dudley,Steve Nash,Jordan Farmar,Kobe Bryant,Lamar Odom,Pau Gasol,Ron Artest,3,2:40,LAL,free throw,,,,,,,2,,2,Kobe Bryant,,,foul,made,,,,
Amare Stoudemire,Earl Clark,Grant Hill,Jared Dudley,Steve Nash,Jordan Farmar,Kobe Bryant,Lamar Odom,Pau Gasol,Ron Artest,3,2:25,PHX,shot,,,,,,,,,,Grant Hill,,,,missed,,jump,40,6
Amare Stoudemire,Earl Clark,Grant Hill,Jared Dudley,Steve Nash,Jordan Farmar,Kobe Bryant,Lamar Odom,Pau Gasol,Ron Artest,3,2:24,LAL,rebound,,,,,,,,,,Jordan Farmar,,,,,,def,,
Amare Stoudemire,Earl Clark,Grant Hill,Jared Dudley,Steve Nash,Jordan Farmar,Kobe Bryant,Lamar Odom,Pau Gasol,Ron Artest,3,2:19,LAL,shot,,,,,,,,,,Jordan Farmar,,,,missed,,running layup,25,6
Amare Stoudemire,Earl Clark,Grant Hill,Jared Dudley,Steve Nash,Jordan Farmar,Kobe Bryant,Lamar Odom,Pau Gasol,Ron Artest,3,2:15,LAL,rebound,,,,,,,,,,Kobe Bryant,,,,,,off,,
Amare Stoudemire,Earl Clark,Grant Hill,Jared Dudley,Steve Nash,Jordan Farmar,Kobe Bryant,Lamar Odom,Pau Gasol,Ron Artest,3,2:15,LAL,shot,,,,,,,,,,Kobe Bryant,2,,,made,,reverse layup,25,6
Amare Stoudemire,Earl Clark,Grant Hill,Jared Dudley,Steve Nash,Jordan Farmar,Kobe Bryant,Lamar Odom,Pau Gasol,Ron Artest,3,1:53,PHX,shot,,,,,,,,,,Amare Stoudemire,,,,missed,,hook,34,6
Amare Stoudemire,Earl Clark,Grant Hill,Jared Dudley,Steve Nash,Jordan Farmar,Kobe Bryant,Lamar Odom,Pau Gasol,Ron Artest,3,1:52,LAL,rebound,,,,,,,,,,Ron Artest,,,,,,def,,
Amare Stoudemire,Earl Clark,Grant Hill,Jared Dudley,Steve Nash,Jordan Farmar,Kobe Bryant,Lamar Odom,Pau Gasol,Ron Artest,3,1:45,LAL,shot,Pau Gasol,,,,,,,,,Lamar Odom,2,,,made,,driving layup,25,6
Amare Stoudemire,Earl Clark,Grant Hill,Jared Dudley,Steve Nash,Jordan Farmar,Kobe Bryant,Lamar Odom,Pau Gasol,Ron Artest,3,1:36,PHX,timeout,,,,,,,,,,,,,,,,short,,
Amare Stoudemire,Earl Clark,Grant Hill,Jared Dudley,Steve Nash,Jordan Farmar,Kobe Bryant,Lamar Odom,Pau Gasol,Ron Artest,3,1:24,PHX,turnover,,,,,,,,,,Grant Hill,,,bad pass,,,,,
Amare Stoudemire,Earl Clark,Grant Hill,Jared Dudley,Steve Nash,Jordan Farmar,Kobe Bryant,Lamar Odom,Pau Gasol,Ron Artest,3,1:09,LAL,shot,Kobe Bryant,,,,,,,,,Lamar Odom,2,,,made,,jump,36,24
Amare Stoudemire,Earl Clark,Grant Hill,Jared Dudley,Steve Nash,Jordan Farmar,Kobe Bryant,Lamar Odom,Pau Gasol,Ron Artest,3,0:49,LAL,foul,,,,,,,,Jared Dudley,,Lamar Odom,,,,,,shooting,,
Amare Stoudemire,Earl Clark,Grant Hill,Jared Dudley,Steve Nash,Jordan Farmar,Kobe Bryant,Lamar Odom,Pau Gasol,Ron Artest,3,0:49,PHX,free throw,,,,,,,1,,2,Jared Dudley,,,foul,missed,,,,
Amare Stoudemire,Earl Clark,Grant Hill,Jared Dudley,Steve Nash,Jordan Farmar,Kobe Bryant,Lamar Odom,Pau Gasol,Ron Artest,3,0:49,PHX,rebound,,,,,,,,,,,,,,,,,,
Amare Stoudemire,Earl Clark,Goran Dragic,Grant Hill,Jared Dudley,Jordan Farmar,Kobe Bryant,Lamar Odom,Pau Gasol,Ron Artest,3,0:49,PHX,sub,,,,Goran Dragic,,Steve Nash,,,,,,,,,,,,
Channing Frye,Earl Clark,Goran Dragic,Grant Hill,Jared Dudley,Jordan Farmar,Kobe Bryant,Lamar Odom,Pau Gasol,Ron Artest,3,0:49,PHX,sub,,,,Channing Frye,,Amare Stoudemire,,,,,,,,,,,,
Channing Frye,Goran Dragic,Grant Hill,Jared Dudley,Robin Lopez,Jordan Farmar,Kobe Bryant,Lamar Odom,Pau Gasol,Ron Artest,3,0:49,PHX,sub,,,,Robin Lopez,,Earl Clark,,,,,,,,,,,,
Channing Frye,Goran Dragic,Grant Hill,Jared Dudley,Robin Lopez,Jordan Farmar,Kobe Bryant,Lamar Odom,Pau Gasol,Ron Artest,3,0:49,PHX,free throw,,,,,,,2,,2,Jared Dudley,,,foul,made,,,,
Channing Frye,Goran Dragic,Grant Hill,Jared Dudley,Robin Lopez,Jordan Farmar,Kobe Bryant,Lamar Odom,Pau Gasol,Ron Artest,3,0:37,LAL,shot,,,,,,,,,,Kobe Bryant,3,,,made,,3pt,6,22
Channing Frye,Goran Dragic,Grant Hill,Jared Dudley,Robin Lopez,Jordan Farmar,Kobe Bryant,Lamar Odom,Pau Gasol,Ron Artest,3,0:22,PHX,turnover,,,,,,,,,,Grant Hill,,,lost ball,,Ron Artest,,,
Channing Frye,Goran Dragic,Grant Hill,Jared Dudley,Robin Lopez,Jordan Farmar,Kobe Bryant,Lamar Odom,Pau Gasol,Ron Artest,3,0:19,LAL,shot,Ron Artest,,,,,,,,,Jordan Farmar,2,,,made,,driving dunk,25,6
Channing Frye,Goran Dragic,Grant Hill,Jared Dudley,Robin Lopez,Jordan Farmar,Kobe Bryant,Lamar Odom,Pau Gasol,Ron Artest,3,0:01,PHX,shot,,,,,,,,,,Goran Dragic,2,,,made,,jump,11,19
Channing Frye,Goran Dragic,Jared Dudley,Jason Richardson,Robin Lopez,Andrew Bynum,Jordan Farmar,Kobe Bryant,Lamar Odom,Shannon Brown,4,11:44,LAL,foul,,,,,,,,Jared Dudley,,Kobe Bryant,,,,,,offensive,,
Channing Frye,Goran Dragic,Jared Dudley,Jason Richardson,Robin Lopez,Andrew Bynum,Jordan Farmar,Kobe Bryant,Lamar Odom,Shannon Brown,4,11:44,LAL,turnover,,,,,,,,,,Kobe Bryant,,,foul,,,,,
Channing Frye,Goran Dragic,Jared Dudley,Jason Richardson,Robin Lopez,Andrew Bynum,Jordan Farmar,Kobe Bryant,Lamar Odom,Shannon Brown,4,11:33,PHX,shot,Channing Frye,,,,,,,,,Jason Richardson,2,,,made,,reverse layup,25,6
Channing Frye,Goran Dragic,Jared Dudley,Jason Richardson,Robin Lopez,Andrew Bynum,Jordan Farmar,Kobe Bryant,Lamar Odom,Shannon Brown,4,11:12,LAL,shot,,,,,,,,,,Shannon Brown,,,,missed,,3pt,15,30
Channing Frye,Goran Dragic,Jared Dudley,Jason Richardson,Robin Lopez,Andrew Bynum,Jordan Farmar,Kobe Bryant,Lamar Odom,Shannon Brown,4,11:11,PHX,rebound,,,,,,,,,,Robin Lopez,,,,,,def,,
Channing Frye,Goran Dragic,Jared Dudley,Jason Richardson,Robin Lopez,Andrew Bynum,Jordan Farmar,Kobe Bryant,Lamar Odom,Shannon Brown,4,10:54,PHX,shot,,,,,,,,,,Robin Lopez,,,,missed,,hook,32,7
Channing Frye,Goran Dragic,Jared Dudley,Jason Richardson,Robin Lopez,Andrew Bynum,Jordan Farmar,Kobe Bryant,Lamar Odom,Shannon Brown,4,10:51,PHX,rebound,,,,,,,,,,Jason Richardson,,,,,,off,,
Channing Frye,Goran Dragic,Jared Dudley,Jason Richardson,Robin Lopez,Andrew Bynum,Jordan Farmar,Kobe Bryant,Lamar Odom,Shannon Brown,4,10:50,PHX,shot,,,,,,,,,,Jason Richardson,,,,missed,,layup,25,6
Channing Frye,Goran Dragic,Jared Dudley,Jason Richardson,Robin Lopez,Andrew Bynum,Jordan Farmar,Kobe Bryant,Lamar Odom,Shannon Brown,4,10:49,LAL,rebound,,,,,,,,,,Lamar Odom,,,,,,def,,
Channing Frye,Goran Dragic,Jared Dudley,Jason Richardson,Robin Lopez,Andrew Bynum,Jordan Farmar,Kobe Bryant,Lamar Odom,Shannon Brown,4,10:34,LAL,shot,,,,,,,,,,Jordan Farmar,,,,missed,,layup,25,6
Channing Frye,Goran Dragic,Jared Dudley,Jason Richardson,Robin Lopez,Andrew Bynum,Jordan Farmar,Kobe Bryant,Lamar Odom,Shannon Brown,4,10:33,LAL,rebound,,,,,,,,,,Andrew Bynum,,,,,,off,,
Channing Frye,Goran Dragic,Jared Dudley,Jason Richardson,Robin Lopez,Andrew Bynum,Jordan Farmar,Kobe Bryant,Lamar Odom,Shannon Brown,4,10:31,LAL,shot,,,Channing Frye,,,,,,,Andrew Bynum,,,,missed,,layup,25,6
Channing Frye,Goran Dragic,Jared Dudley,Jason Richardson,Robin Lopez,Andrew Bynum,Jordan Farmar,Kobe Bryant,Lamar Odom,Shannon Brown,4,10:30,PHX,rebound,,,,,,,,,,Robin Lopez,,,,,,def,,
Channing Frye,Goran Dragic,Jared Dudley,Jason Richardson,Robin Lopez,Andrew Bynum,Jordan Farmar,Kobe Bryant,Lamar Odom,Shannon Brown,4,10:23,LAL,foul,,,,,,,,Goran Dragic,,Kobe Bryant,,,,,,personal,,
Channing Frye,Goran Dragic,Jared Dudley,Jason Richardson,Robin Lopez,Andrew Bynum,Jordan Farmar,Kobe Bryant,Lamar Odom,Shannon Brown,4,10:07,PHX,shot,Jared Dudley,,,,,,,,,Robin Lopez,2,,,made,,reverse layup,25,6
Channing Frye,Goran Dragic,Jared Dudley,Jason Richardson,Robin Lopez,Andrew Bynum,Jordan Farmar,Kobe Bryant,Lamar Odom,Shannon Brown,4,9:44,LAL,shot,Lamar Odom,,,,,,,,,Kobe Bryant,2,,,made,,step back jump,45,6
Channing Frye,Goran Dragic,Jared Dudley,Jason Richardson,Robin Lopez,Andrew Bynum,Jordan Farmar,Kobe Bryant,Lamar Odom,Shannon Brown,4,9:35,LAL,foul,,,,,,,,Goran Dragic,,Lamar Odom,,,,,,personal,,
Channing Frye,Goran Dragic,Jared Dudley,Jason Richardson,Robin Lopez,Andrew Bynum,Jordan Farmar,Kobe Bryant,Lamar Odom,Shannon Brown,4,9:23,PHX,shot,,,,,,,,,,Channing Frye,2,,,made,,driving dunk,25,6
Channing Frye,Goran Dragic,Jared Dudley,Jason Richardson,Robin Lopez,Andrew Bynum,Jordan Farmar,Kobe Bryant,Lamar Odom,Shannon Brown,4,9:04,LAL,turnover,,,,,,,,,,Shannon Brown,,,lost ball,,Jason Richardson,,,
Channing Frye,Goran Dragic,Jared Dudley,Jason Richardson,Robin Lopez,Andrew Bynum,Jordan Farmar,Kobe Bryant,Lamar Odom,Shannon Brown,4,9:01,LAL,violation,,,,,,,,,,Jordan Farmar,,,,,,defensive goaltending,,
Channing Frye,Goran Dragic,Jared Dudley,Jason Richardson,Robin Lopez,Andrew Bynum,Jordan Farmar,Kobe Bryant,Lamar Odom,Shannon Brown,4,9:01,PHX,shot,Jason Richardson,,,,,,,,,Goran Dragic,2,,,made,,driving layup,25,6
Channing Frye,Goran Dragic,Jared Dudley,Jason Richardson,Robin Lopez,Andrew Bynum,Jordan Farmar,Kobe Bryant,Lamar Odom,Shannon Brown,4,8:43,LAL,shot,,,,,,,,,,Kobe Bryant,,,,missed,,fade away jumper,37,5
Channing Frye,Goran Dragic,Jared Dudley,Jason Richardson,Robin Lopez,Andrew Bynum,Jordan Farmar,Kobe Bryant,Lamar Odom,Shannon Brown,4,8:40,PHX,rebound,,,,,,,,,,Jason Richardson,,,,,,def,,
Channing Frye,Goran Dragic,Jared Dudley,Jason Richardson,Robin Lopez,Andrew Bynum,Jordan Farmar,Kobe Bryant,Lamar Odom,Shannon Brown,4,8:33,PHX,shot,,,,,,,,,,Jason Richardson,2,,,made,,floating jump,29,19
Channing Frye,Goran Dragic,Jared Dudley,Jason Richardson,Robin Lopez,Andrew Bynum,Jordan Farmar,Kobe Bryant,Lamar Odom,Shannon Brown,4,8:05,LAL,shot,,,,,,,,,,Shannon Brown,,,,missed,,jump,38,4
Channing Frye,Goran Dragic,Jared Dudley,Jason Richardson,Robin Lopez,Andrew Bynum,Jordan Farmar,Kobe Bryant,Lamar Odom,Shannon Brown,4,8:04,LAL,rebound,,,,,,,,,,Jordan Farmar,,,,,,off,,
Channing Frye,Goran Dragic,Jared Dudley,Jason Richardson,Robin Lopez,Andrew Bynum,Jordan Farmar,Kobe Bryant,Lamar Odom,Shannon Brown,4,8:00,LAL,turnover,,,,,,,,,,Jordan Farmar,,,bad pass,,,,,
Channing Frye,Goran Dragic,Jared Dudley,Jason Richardson,Robin Lopez,Andrew Bynum,Jordan Farmar,Kobe Bryant,Lamar Odom,Shannon Brown,4,8:00,PHX,timeout,,,,,,,,,,,,,,,,official,,
Channing Frye,Goran Dragic,Jared Dudley,Jason Richardson,Robin Lopez,Andrew Bynum,Jordan Farmar,Lamar Odom,Ron Artest,Shannon Brown,4,8:00,LAL,sub,,,,Ron Artest,,Kobe Bryant,,,,,,,,,,,,
Channing Frye,Goran Dragic,Jared Dudley,Jason Richardson,Robin Lopez,Andrew Bynum,Jordan Farmar,Pau Gasol,Ron Artest,Shannon Brown,4,8:00,LAL,sub,,,,Pau Gasol,,Lamar Odom,,,,,,,,,,,,
Channing Frye,Goran Dragic,Jared Dudley,Jason Richardson,Robin Lopez,Andrew Bynum,Jordan Farmar,Pau Gasol,Ron Artest,Shannon Brown,4,7:45,PHX,shot,,,,,,,,,,Channing Frye,,,,missed,,3pt,13,29
Channing Frye,Goran Dragic,Jared Dudley,Jason Richardson,Robin Lopez,Andrew Bynum,Jordan Farmar,Pau Gasol,Ron Artest,Shannon Brown,4,7:44,LAL,rebound,,,,,,,,,,,,,,,,,,
Channing Frye,Goran Dragic,Jared Dudley,Jason Richardson,Robin Lopez,Andrew Bynum,Jordan Farmar,Pau Gasol,Ron Artest,Shannon Brown,4,7:20,LAL,shot,,,,,,,,,,Shannon Brown,,,,missed,,layup,25,6
Channing Frye,Goran Dragic,Jared Dudley,Jason Richardson,Robin Lopez,Andrew Bynum,Jordan Farmar,Pau Gasol,Ron Artest,Shannon Brown,4,7:20,LAL,rebound,,,,,,,,,,,,,,,,,,
Channing Frye,Goran Dragic,Jared Dudley,Jason Richardson,Robin Lopez,Andrew Bynum,Jordan Farmar,Pau Gasol,Ron Artest,Shannon Brown,4,7:20,LAL,turnover,,,,,,,,,,,,,shot clock turnover,,,,,
Channing Frye,Goran Dragic,Jared Dudley,Jason Richardson,Robin Lopez,Andrew Bynum,Jordan Farmar,Pau Gasol,Ron Artest,Shannon Brown,4,7:10,PHX,shot,,,,,,,,,,Jason Richardson,,,,missed,,3pt,45,24
Channing Frye,Goran Dragic,Jared Dudley,Jason Richardson,Robin Lopez,Andrew Bynum,Jordan Farmar,Pau Gasol,Ron Artest,Shannon Brown,4,7:09,LAL,rebound,,,,,,,,,,Pau Gasol,,,,,,def,,
Channing Frye,Goran Dragic,Jared Dudley,Jason Richardson,Robin Lopez,Andrew Bynum,Jordan Farmar,Pau Gasol,Ron Artest,Shannon Brown,4,6:48,LAL,shot,Jordan Farmar,,,,,,,,,Ron Artest,3,,,made,,3pt,4,21
Channing Frye,Goran Dragic,Jared Dudley,Jason Richardson,Robin Lopez,Andrew Bynum,Jordan Farmar,Pau Gasol,Ron Artest,Shannon Brown,4,6:29,PHX,shot,,,,,,,,,,Goran Dragic,,,,missed,,jump,28,24
Channing Frye,Goran Dragic,Jared Dudley,Jason Richardson,Robin Lopez,Andrew Bynum,Jordan Farmar,Pau Gasol,Ron Artest,Shannon Brown,4,6:28,PHX,rebound,,,,,,,,,,Jared Dudley,,,,,,off,,
Channing Frye,Goran Dragic,Jared Dudley,Jason Richardson,Robin Lopez,Andrew Bynum,Jordan Farmar,Pau Gasol,Ron Artest,Shannon Brown,4,6:24,PHX,shot,Jason Richardson,,,,,,,,,Robin Lopez,2,,,made,,jump,12,9
Channing Frye,Goran Dragic,Jared Dudley,Jason Richardson,Robin Lopez,Andrew Bynum,Jordan Farmar,Pau Gasol,Ron Artest,Shannon Brown,4,6:04,LAL,shot,Pau Gasol,,,,,,,,,Shannon Brown,3,,,made,,3pt,27,32
Channing Frye,Goran Dragic,Jared Dudley,Jason Richardson,Robin Lopez,Andrew Bynum,Jordan Farmar,Pau Gasol,Ron Artest,Shannon Brown,4,5:49,PHX,turnover,,,,,,,,,,Jared Dudley,,,lost ball,,Ron Artest,,,
Channing Frye,Goran Dragic,Jared Dudley,Jason Richardson,Robin Lopez,Andrew Bynum,Jordan Farmar,Pau Gasol,Ron Artest,Shannon Brown,4,5:41,LAL,shot,Ron Artest,,,,,,,,,Shannon Brown,3,,,made,,3pt,10,27
Channing Frye,Goran Dragic,Jared Dudley,Jason Richardson,Robin Lopez,Andrew Bynum,Jordan Farmar,Pau Gasol,Ron Artest,Shannon Brown,4,5:35,PHX,timeout,,,,,,,,,,,,,,,,regular,,
Earl Clark,Goran Dragic,Jared Dudley,Jason Richardson,Robin Lopez,Andrew Bynum,Jordan Farmar,Pau Gasol,Ron Artest,Shannon Brown,4,5:35,PHX,sub,,,,Earl Clark,,Channing Frye,,,,,,,,,,,,
Earl Clark,Goran Dragic,Jared Dudley,Robin Lopez,Taylor Griffin,Andrew Bynum,Jordan Farmar,Pau Gasol,Ron Artest,Shannon Brown,4,5:35,PHX,sub,,,,Taylor Griffin,,Jason Richardson,,,,,,,,,,,,
Earl Clark,Goran Dragic,Jared Dudley,Robin Lopez,Taylor Griffin,Adam Morrison,Andrew Bynum,Jordan Farmar,Pau Gasol,Shannon Brown,4,5:35,LAL,sub,,,,Adam Morrison,,Ron Artest,,,,,,,,,,,,
Earl Clark,Goran Dragic,Jared Dudley,Robin Lopez,Taylor Griffin,Adam Morrison,Andrew Bynum,Jordan Farmar,Josh Powell,Shannon Brown,4,5:35,LAL,sub,,,,Josh Powell,,Pau Gasol,,,,,,,,,,,,
Earl Clark,Goran Dragic,Jared Dudley,Robin Lopez,Taylor Griffin,Adam Morrison,Andrew Bynum,Jordan Farmar,Josh Powell,Shannon Brown,4,5:21,PHX,shot,,,,,,,,,,Earl Clark,,,,missed,,jump,30,14
Earl Clark,Goran Dragic,Jared Dudley,Robin Lopez,Taylor Griffin,Adam Morrison,Andrew Bynum,Jordan Farmar,Josh Powell,Shannon Brown,4,5:21,PHX,rebound,,,,,,,,,,Jared Dudley,,,,,,off,,
Earl Clark,Goran Dragic,Jared Dudley,Robin Lopez,Taylor Griffin,Adam Morrison,Andrew Bynum,Jordan Farmar,Josh Powell,Shannon Brown,4,5:19,PHX,shot,,,,,,,,,,Jared Dudley,,,,missed,,tip,25,6
Earl Clark,Goran Dragic,Jared Dudley,Robin Lopez,Taylor Griffin,Adam Morrison,Andrew Bynum,Jordan Farmar,Josh Powell,Shannon Brown,4,5:19,PHX,rebound,,,,,,,,,,Jared Dudley,,,,,,off,,
Earl Clark,Goran Dragic,Jared Dudley,Robin Lopez,Taylor Griffin,Adam Morrison,Andrew Bynum,Jordan Farmar,Josh Powell,Shannon Brown,4,5:19,PHX,shot,,,,,,,,,,Jared Dudley,2,,,made,,layup,25,6
Earl Clark,Goran Dragic,Jared Dudley,Robin Lopez,Taylor Griffin,Adam Morrison,Andrew Bynum,Jordan Farmar,Josh Powell,Shannon Brown,4,4:59,LAL,shot,,,,,,,,,,Shannon Brown,2,,,made,,jump,41,19
Earl Clark,Goran Dragic,Jared Dudley,Robin Lopez,Taylor Griffin,Adam Morrison,Andrew Bynum,Jordan Farmar,Josh Powell,Shannon Brown,4,4:45,PHX,shot,,,,,,,,,,Earl Clark,,,,missed,,jump,18,25
Earl Clark,Goran Dragic,Jared Dudley,Robin Lopez,Taylor Griffin,Adam Morrison,Andrew Bynum,Jordan Farmar,Josh Powell,Shannon Brown,4,4:44,PHX,rebound,,,,,,,,,,Goran Dragic,,,,,,off,,
Earl Clark,Goran Dragic,Jared Dudley,Robin Lopez,Taylor Griffin,Adam Morrison,Andrew Bynum,Jordan Farmar,Josh Powell,Shannon Brown,4,4:38,PHX,turnover,,,,,,,,,,Goran Dragic,,,bad pass,,,,,
Earl Clark,Goran Dragic,Jared Dudley,Robin Lopez,Taylor Griffin,Adam Morrison,Andrew Bynum,Jordan Farmar,Josh Powell,Shannon Brown,4,4:25,LAL,shot,,,,,,,,,,Andrew Bynum,,,,missed,,jump,23,12
Earl Clark,Goran Dragic,Jared Dudley,Robin Lopez,Taylor Griffin,Adam Morrison,Andrew Bynum,Jordan Farmar,Josh Powell,Shannon Brown,4,4:24,PHX,rebound,,,,,,,,,,,,,,,,,,
Alando Tucker,Earl Clark,Goran Dragic,Robin Lopez,Taylor Griffin,Adam Morrison,Andrew Bynum,Jordan Farmar,Josh Powell,Shannon Brown,4,4:24,PHX,sub,,,,Alando Tucker,,Jared Dudley,,,,,,,,,,,,
Alando Tucker,Earl Clark,Goran Dragic,Robin Lopez,Taylor Griffin,Adam Morrison,Andrew Bynum,Jordan Farmar,Josh Powell,Shannon Brown,4,4:06,PHX,shot,,,,,,,,,,Earl Clark,,,,missed,,jump,6,7
Alando Tucker,Earl Clark,Goran Dragic,Robin Lopez,Taylor Griffin,Adam Morrison,Andrew Bynum,Jordan Farmar,Josh Powell,Shannon Brown,4,4:06,PHX,rebound,,,,,,,,,,,,,,,,,,
Alando Tucker,Earl Clark,Goran Dragic,Robin Lopez,Taylor Griffin,Adam Morrison,Andrew Bynum,Jordan Farmar,Josh Powell,Shannon Brown,4,4:06,LAL,foul,,,,,,,,Robin Lopez,,Adam Morrison,,,,,,loose ball,,
Alando Tucker,Earl Clark,Goran Dragic,Robin Lopez,Taylor Griffin,Adam Morrison,Andrew Bynum,Jordan Farmar,Josh Powell,Shannon Brown,4,4:06,PHX,timeout,,,,,,,,,,,,,,,,regular,,
Alando Tucker,Earl Clark,Goran Dragic,Robin Lopez,Taylor Griffin,Adam Morrison,Jordan Farmar,Josh Powell,Sasha Vujacic,Shannon Brown,4,4:06,LAL,sub,,,,Sasha Vujacic,,Andrew Bynum,,,,,,,,,,,,
Alando Tucker,Earl Clark,Goran Dragic,Robin Lopez,Taylor Griffin,Adam Morrison,D.J. Mbenga,Josh Powell,Sasha Vujacic,Shannon Brown,4,4:06,LAL,sub,,,,D.J. Mbenga,,Jordan Farmar,,,,,,,,,,,,
Alando Tucker,Earl Clark,Goran Dragic,Robin Lopez,Taylor Griffin,Adam Morrison,D.J. Mbenga,Josh Powell,Sasha Vujacic,Shannon Brown,4,3:47,PHX,shot,,,,,,,,,,Robin Lopez,2,,,made,,hook,17,7
Alando Tucker,Earl Clark,Goran Dragic,Robin Lopez,Taylor Griffin,Adam Morrison,D.J. Mbenga,Josh Powell,Sasha Vujacic,Shannon Brown,4,3:35,PHX,foul,,,,,,,,Shannon Brown,,Taylor Griffin,,,,,,personal,,
Alando Tucker,Earl Clark,Goran Dragic,Robin Lopez,Taylor Griffin,Adam Morrison,D.J. Mbenga,Josh Powell,Sasha Vujacic,Shannon Brown,4,3:17,LAL,shot,,,,,,,,,,Shannon Brown,,,,missed,,jump,40,19
Alando Tucker,Earl Clark,Goran Dragic,Robin Lopez,Taylor Griffin,Adam Morrison,D.J. Mbenga,Josh Powell,Sasha Vujacic,Shannon Brown,4,3:16,PHX,rebound,,,,,,,,,,Goran Dragic,,,,,,def,,
Alando Tucker,Earl Clark,Goran Dragic,Robin Lopez,Taylor Griffin,Adam Morrison,D.J. Mbenga,Josh Powell,Sasha Vujacic,Shannon Brown,4,3:10,PHX,turnover,,,,,,,,,,Goran Dragic,,,poss lost ball turnover,,,,,
Alando Tucker,Earl Clark,Goran Dragic,Robin Lopez,Taylor Griffin,Adam Morrison,D.J. Mbenga,Josh Powell,Sasha Vujacic,Shannon Brown,4,2:50,LAL,shot,,,,,,,,,,Josh Powell,2,,,made,,running hook,26,10
Alando Tucker,Earl Clark,Goran Dragic,Robin Lopez,Taylor Griffin,Adam Morrison,D.J. Mbenga,Josh Powell,Sasha Vujacic,Shannon Brown,4,2:35,LAL,foul,,,,,,,,Earl Clark,,Josh Powell,,,,,,shooting,,
Alando Tucker,Earl Clark,Goran Dragic,Robin Lopez,Taylor Griffin,Adam Morrison,D.J. Mbenga,Josh Powell,Sasha Vujacic,Shannon Brown,4,2:35,PHX,free throw,,,,,,,1,,2,Earl Clark,,,foul,made,,,,
Alando Tucker,Earl Clark,Goran Dragic,Robin Lopez,Taylor Griffin,Adam Morrison,D.J. Mbenga,Josh Powell,Sasha Vujacic,Shannon Brown,4,2:35,PHX,free throw,,,,,,,2,,2,Earl Clark,,,foul,made,,,,
Alando Tucker,Earl Clark,Goran Dragic,Robin Lopez,Taylor Griffin,Adam Morrison,D.J. Mbenga,Josh Powell,Sasha Vujacic,Shannon Brown,4,2:15,LAL,shot,,,,,,,,,,Shannon Brown,,,,missed,,jump,37,18
Alando Tucker,Earl Clark,Goran Dragic,Robin Lopez,Taylor Griffin,Adam Morrison,D.J. Mbenga,Josh Powell,Sasha Vujacic,Shannon Brown,4,2:14,LAL,rebound,,,,,,,,,,Josh Powell,,,,,,off,,
Alando Tucker,Earl Clark,Goran Dragic,Robin Lopez,Taylor Griffin,Adam Morrison,D.J. Mbenga,Josh Powell,Sasha Vujacic,Shannon Brown,4,2:14,LAL,shot,,,,,,,,,,Josh Powell,,,,missed,,tip,25,6
Alando Tucker,Earl Clark,Goran Dragic,Robin Lopez,Taylor Griffin,Adam Morrison,D.J. Mbenga,Josh Powell,Sasha Vujacic,Shannon Brown,4,2:12,LAL,rebound,,,,,,,,,,Josh Powell,,,,,,off,,
Alando Tucker,Earl Clark,Goran Dragic,Robin Lopez,Taylor Griffin,Adam Morrison,D.J. Mbenga,Josh Powell,Sasha Vujacic,Shannon Brown,4,2:11,LAL,shot,,,Taylor Griffin,,,,,,,D.J. Mbenga,,,,missed,,layup,25,6
Alando Tucker,Earl Clark,Goran Dragic,Robin Lopez,Taylor Griffin,Adam Morrison,D.J. Mbenga,Josh Powell,Sasha Vujacic,Shannon Brown,4,2:11,LAL,rebound,,,,,,,,,,D.J. Mbenga,,,,,,off,,
Alando Tucker,Earl Clark,Goran Dragic,Robin Lopez,Taylor Griffin,Adam Morrison,D.J. Mbenga,Josh Powell,Sasha Vujacic,Shannon Brown,4,2:11,PHX,foul,,,,,,,,D.J. Mbenga,,Goran Dragic,,,,,,personal,,
Alando Tucker,Earl Clark,Goran Dragic,Robin Lopez,Taylor Griffin,Adam Morrison,D.J. Mbenga,Josh Powell,Sasha Vujacic,Shannon Brown,4,2:01,LAL,shot,,,,,,,,,,D.J. Mbenga,,,,missed,,hook,30,13
Alando Tucker,Earl Clark,Goran Dragic,Robin Lopez,Taylor Griffin,Adam Morrison,D.J. Mbenga,Josh Powell,Sasha Vujacic,Shannon Brown,4,1:57,PHX,rebound,,,,,,,,,,Goran Dragic,,,,,,def,,
Alando Tucker,Earl Clark,Goran Dragic,Robin Lopez,Taylor Griffin,Adam Morrison,D.J. Mbenga,Josh Powell,Sasha Vujacic,Shannon Brown,4,1:48,PHX,shot,,,,,,,,,,Taylor Griffin,,,,missed,,jump,14,6
Alando Tucker,Earl Clark,Goran Dragic,Robin Lopez,Taylor Griffin,Adam Morrison,D.J. Mbenga,Josh Powell,Sasha Vujacic,Shannon Brown,4,1:47,LAL,rebound,,,,,,,,,,Sasha Vujacic,,,,,,def,,
Alando Tucker,Earl Clark,Goran Dragic,Robin Lopez,Taylor Griffin,Adam Morrison,D.J. Mbenga,Josh Powell,Sasha Vujacic,Shannon Brown,4,1:36,PHX,foul,,,,,,,,Shannon Brown,,Robin Lopez,,,,,,shooting,,
Alando Tucker,Earl Clark,Goran Dragic,Robin Lopez,Taylor Griffin,Adam Morrison,D.J. Mbenga,Josh Powell,Sasha Vujacic,Shannon Brown,4,1:36,LAL,free throw,,,,,,,1,,2,Shannon Brown,,,foul,made,,,,
Alando Tucker,Earl Clark,Goran Dragic,Robin Lopez,Taylor Griffin,Adam Morrison,D.J. Mbenga,Josh Powell,Sasha Vujacic,Shannon Brown,4,1:36,LAL,free throw,,,,,,,2,,2,Shannon Brown,,,foul,made,,,,
Alando Tucker,Earl Clark,Goran Dragic,Robin Lopez,Taylor Griffin,Adam Morrison,D.J. Mbenga,Josh Powell,Sasha Vujacic,Shannon Brown,4,1:21,PHX,shot,,,,,,,,,,Earl Clark,2,,,made,,running jump,27,21
Alando Tucker,Earl Clark,Goran Dragic,Robin Lopez,Taylor Griffin,Adam Morrison,D.J. Mbenga,Josh Powell,Sasha Vujacic,Shannon Brown,4,1:07,PHX,foul,,,,,,,,Sasha Vujacic,,Goran Dragic,,,,,,personal,,
Alando Tucker,Earl Clark,Goran Dragic,Robin Lopez,Taylor Griffin,Adam Morrison,D.J. Mbenga,Josh Powell,Sasha Vujacic,Shannon Brown,4,1:07,LAL,free throw,,,,,,,1,,2,Sasha Vujacic,,,foul,made,,,,
Alando Tucker,Earl Clark,Goran Dragic,Robin Lopez,Taylor Griffin,Adam Morrison,D.J. Mbenga,Josh Powell,Sasha Vujacic,Shannon Brown,4,1:07,LAL,free throw,,,,,,,2,,2,Sasha Vujacic,,,foul,made,,,,
Alando Tucker,Earl Clark,Goran Dragic,Robin Lopez,Taylor Griffin,Adam Morrison,D.J. Mbenga,Josh Powell,Sasha Vujacic,Shannon Brown,4,0:47,PHX,shot,,,,,,,,,,Goran Dragic,,,,missed,,jump,12,8
Alando Tucker,Earl Clark,Goran Dragic,Robin Lopez,Taylor Griffin,Adam Morrison,D.J. Mbenga,Josh Powell,Sasha Vujacic,Shannon Brown,4,0:46,LAL,rebound,,,,,,,,,,Adam Morrison,,,,,,def,,
Alando Tucker,Earl Clark,Goran Dragic,Robin Lopez,Taylor Griffin,Adam Morrison,D.J. Mbenga,Josh Powell,Sasha Vujacic,Shannon Brown,4,0:36,LAL,shot,,,,,,,,,,Adam Morrison,,,,missed,,jump,21,25
Alando Tucker,Earl Clark,Goran Dragic,Robin Lopez,Taylor Griffin,Adam Morrison,D.J. Mbenga,Josh Powell,Sasha Vujacic,Shannon Brown,4,0:35,PHX,rebound,,,,,,,,,,Earl Clark,,,,,,def,,
Alando Tucker,Earl Clark,Goran Dragic,Robin Lopez,Taylor Griffin,Adam Morrison,D.J. Mbenga,Josh Powell,Sasha Vujacic,Shannon Brown,4,0:27,LAL,foul,,,,,,,,Earl Clark,,Adam Morrison,,,,,,shooting,,
Alando Tucker,Earl Clark,Goran Dragic,Robin Lopez,Taylor Griffin,Adam Morrison,D.J. Mbenga,Josh Powell,Sasha Vujacic,Shannon Brown,4,0:27,PHX,free throw,,,,,,,1,,2,Earl Clark,,,foul,made,,,,
Alando Tucker,Earl Clark,Goran Dragic,Robin Lopez,Taylor Griffin,Adam Morrison,D.J. Mbenga,Josh Powell,Sasha Vujacic,Shannon Brown,4,0:27,PHX,free throw,,,,,,,2,,2,Earl Clark,,,foul,made,,,,
Alando Tucker,Earl Clark,Goran Dragic,Robin Lopez,Taylor Griffin,Adam Morrison,D.J. Mbenga,Josh Powell,Sasha Vujacic,Shannon Brown,4,0:12,LAL,shot,,,,,,,,,,Sasha Vujacic,,,,missed,,layup,25,6
Alando Tucker,Earl Clark,Goran Dragic,Robin Lopez,Taylor Griffin,Adam Morrison,D.J. Mbenga,Josh Powell,Sasha Vujacic,Shannon Brown,4,0:11,LAL,rebound,,,,,,,,,,Josh Powell,,,,,,off,,
Alando Tucker,Earl Clark,Goran Dragic,Robin Lopez,Taylor Griffin,Adam Morrison,D.J. Mbenga,Josh Powell,Sasha Vujacic,Shannon Brown,4,0:11,LAL,shot,,,,,,,,,,Josh Powell,2,,,made,,layup,25,6
Alando Tucker,Earl Clark,Goran Dragic,Robin Lopez,Taylor Griffin,Adam Morrison,D.J. Mbenga,Josh Powell,Sasha Vujacic,Shannon Brown,4,0:09,PHX,turnover,,,,,,,,,,Goran Dragic,,,poss lost ball turnover,,,,,
