a1,a2,a3,a4,a5,h1,h2,h3,h4,h5,period,time,team,etype,assist,away,block,entered,home,left,num,opponent,outof,player,points,possession,reason,result,steal,type,x,y
Jeff Green,Kevin Durant,Nenad Krstic,Russell Westbrook,Thabo Sefolosha,Andres Nocioni,Beno Udrih,Jason Thompson,Spencer Hawes,Tyreke Evans,1,12:00,OFF,jump ball,,Jeff Green,,,Spencer Hawes,,,,,,,Tyreke Evans,,,,,,
Jeff Green,Kevin Durant,Nenad Krstic,Russell Westbrook,Thabo Sefolosha,Andres Nocioni,Beno Udrih,Jason Thompson,Spencer Hawes,Tyreke Evans,1,11:51,SAC,turnover,,,,,,,,,,Tyreke Evans,,,bad pass,,Kevin Durant,,,
Jeff Green,Kevin Durant,Nenad Krstic,Russell Westbrook,Thabo Sefolosha,Andres Nocioni,Beno Udrih,Jason Thompson,Spencer Hawes,Tyreke Evans,1,11:47,OKC,shot,,,,,,,,,,Kevin Durant,2,,,made,,driving dunk,25,6
Jeff Green,Kevin Durant,Nenad Krstic,Russell Westbrook,Thabo Sefolosha,Andres Nocioni,Beno Udrih,Jason Thompson,Spencer Hawes,Tyreke Evans,1,11:26,SAC,turnover,,,,,,,,,,Jason Thompson,,,lost ball,,Thabo Sefolosha,,,
Jeff Green,Kevin Durant,Nenad Krstic,Russell Westbrook,Thabo Sefolosha,Andres Nocioni,Beno Udrih,Jason Thompson,Spencer Hawes,Tyreke Evans,1,11:15,OKC,turnover,,,,,,,,,,Thabo Sefolosha,,,bad pass,,Beno Udrih,,,
Jeff Green,Kevin Durant,Nenad Krstic,Russell Westbrook,Thabo Sefolosha,Andres Nocioni,Beno Udrih,Jason Thompson,Spencer Hawes,Tyreke Evans,1,11:09,SAC,shot,,,,,,,,,,Beno Udrih,2,,,made,,driving layup,25,6
Jeff Green,Kevin Durant,Nenad Krstic,Russell Westbrook,Thabo Sefolosha,Andres Nocioni,Beno Udrih,Jason Thompson,Spencer Hawes,Tyreke Evans,1,10:49,OKC,shot,,,,,,,,,,Kevin Durant,,,,missed,,jump,6,9
Jeff Green,Kevin Durant,Nenad Krstic,Russell Westbrook,Thabo Sefolosha,Andres Nocioni,Beno Udrih,Jason Thompson,Spencer Hawes,Tyreke Evans,1,10:48,SAC,rebound,,,,,,,,,,Spencer Hawes,,,,,,def,,
Jeff Green,Kevin Durant,Nenad Krstic,Russell Westbrook,Thabo Sefolosha,Andres Nocioni,Beno Udrih,Jason Thompson,Spencer Hawes,Tyreke Evans,1,10:34,SAC,shot,,,,,,,,,,Beno Udrih,2,,,made,,pullup jump,10,12
Jeff Green,Kevin Durant,Nenad Krstic,Russell Westbrook,Thabo Sefolosha,Andres Nocioni,Beno Udrih,Jason Thompson,Spencer Hawes,Tyreke Evans,1,10:14,OKC,shot,,,,,,,,,,Nenad Krstic,,,,missed,,jump,10,7
Jeff Green,Kevin Durant,Nenad Krstic,Russell Westbrook,Thabo Sefolosha,Andres Nocioni,Beno Udrih,Jason Thompson,Spencer Hawes,Tyreke Evans,1,10:12,SAC,rebound,,,,,,,,,,Jason Thompson,,,,,,def,,
Jeff Green,Kevin Durant,Nenad Krstic,Russell Westbrook,Thabo Sefolosha,Andres Nocioni,Beno Udrih,Jason Thompson,Spencer Hawes,Tyreke Evans,1,10:05,SAC,shot,Beno Udrih,,,,,,,,,Jason Thompson,2,,,made,,layup,25,6
Jeff Green,Kevin Durant,Nenad Krstic,Russell Westbrook,Thabo Sefolosha,Andres Nocioni,Beno Udrih,Jason Thompson,Spencer Hawes,Tyreke Evans,1,9:46,OKC,shot,,,Spencer Hawes,,,,,,,Thabo Sefolosha,,,,missed,,jump,27,11
Jeff Green,Kevin Durant,Nenad Krstic,Russell Westbrook,Thabo Sefolosha,Andres Nocioni,Beno Udrih,Jason Thompson,Spencer Hawes,Tyreke Evans,1,9:45,SAC,rebound,,,,,,,,,,Spencer Hawes,,,,,,def,,
Jeff Green,Kevin Durant,Nenad Krstic,Russell Westbrook,Thabo Sefolosha,Andres Nocioni,Beno Udrih,Jason Thompson,Spencer Hawes,Tyreke Evans,1,9:39,SAC,shot,,,,,,,,,,Beno Udrih,2,,,made,,jump,32,22
Jeff Green,Kevin Durant,Nenad Krstic,Russell Westbrook,Thabo Sefolosha,Andres Nocioni,Beno Udrih,Jason Thompson,Spencer Hawes,Tyreke Evans,1,9:32,OKC,timeout,,,,,,,,,,,,,,,,regular,,
Jeff Green,Kevin Durant,Nenad Krstic,Russell Westbrook,Thabo Sefolosha,Andres Nocioni,Beno Udrih,Jason Thompson,Spencer Hawes,Tyreke Evans,1,9:15,OKC,turnover,,,,,,,,,,Thabo Sefolosha,,,traveling,,,,,
Jeff Green,Kevin Durant,Nenad Krstic,Russell Westbrook,Thabo Sefolosha,Andres Nocioni,Beno Udrih,Jason Thompson,Spencer Hawes,Tyreke Evans,1,9:01,SAC,shot,,,,,,,,,,Spencer Hawes,,,,missed,,3pt,30,30
Jeff Green,Kevin Durant,Nenad Krstic,Russell Westbrook,Thabo Sefolosha,Andres Nocioni,Beno Udrih,Jason Thompson,Spencer Hawes,Tyreke Evans,1,9:00,OKC,rebound,,,,,,,,,,Russell Westbrook,,,,,,def,,
Jeff Green,Kevin Durant,Nenad Krstic,Russell Westbrook,Thabo Sefolosha,Andres Nocioni,Beno Udrih,Jason Thompson,Spencer Hawes,Tyreke Evans,1,8:49,OKC,shot,Kevin Durant,,,,,,,,,Russell Westbrook,3,,,made,,3pt,14,28
Jeff Green,Kevin Durant,Nenad Krstic,Russell Westbrook,Thabo Sefolosha,Andres Nocioni,Beno Udrih,Jason Thompson,Spencer Hawes,Tyreke Evans,1,8:29,SAC,turnover,,,,,,,,,,Andres Nocioni,,,bad pass,,Jeff Green,,,
Jeff Green,Kevin Durant,Nenad Krstic,Russell Westbrook,Thabo Sefolosha,Andres Nocioni,Beno Udrih,Jason Thompson,Spencer Hawes,Tyreke Evans,1,8:27,OKC,foul,,,,,,,,Andres Nocioni,,Kevin Durant,,,,,,offensive,,
Jeff Green,Kevin Durant,Nenad Krstic,Russell Westbrook,Thabo Sefolosha,Andres Nocioni,Beno Udrih,Jason Thompson,Spencer Hawes,Tyreke Evans,1,8:27,OKC,turnover,,,,,,,,,,Kevin Durant,,,foul,,,,,
Jeff Green,Kevin Durant,Nenad Krstic,Russell Westbrook,Thabo Sefolosha,Andres Nocioni,Beno Udrih,Jason Thompson,Spencer Hawes,Tyreke Evans,1,8:16,OKC,foul,,,,,,,,Beno Udrih,,Jeff Green,,,,,,personal,,
Jeff Green,Kevin Durant,Nenad Krstic,Russell Westbrook,Thabo Sefolosha,Andres Nocioni,Beno Udrih,Jason Thompson,Spencer Hawes,Tyreke Evans,1,8:08,SAC,shot,Spencer Hawes,,,,,,,,,Andres Nocioni,2,,,made,,jump,43,16
Jeff Green,Kevin Durant,Nenad Krstic,Russell Westbrook,Thabo Sefolosha,Andres Nocioni,Beno Udrih,Jason Thompson,Spencer Hawes,Tyreke Evans,1,7:50,SAC,foul,,,,,,,,Russell Westbrook,,Beno Udrih,,,,,,shooting,,
Jeff Green,Kevin Durant,Nenad Krstic,Russell Westbrook,Thabo Sefolosha,Andres Nocioni,Beno Udrih,Jason Thompson,Spencer Hawes,Tyreke Evans,1,7:50,OKC,free throw,,,,,,,1,,2,Russell Westbrook,,,foul,made,,,,
Jeff Green,Kevin Durant,Nenad Krstic,Russell Westbrook,Thabo Sefolosha,Andres Nocioni,Beno Udrih,Jason Thompson,Spencer Hawes,Tyreke Evans,1,7:50,OKC,free throw,,,,,,,2,,2,Russell Westbrook,,,foul,missed,,,,
Jeff Green,Kevin Durant,Nenad Krstic,Russell Westbrook,Thabo Sefolosha,Andres Nocioni,Beno Udrih,Jason Thompson,Spencer Hawes,Tyreke Evans,1,7:49,OKC,rebound,,,,,,,,,,,,,,,,,,
Jeff Green,Kevin Durant,Nenad Krstic,Russell Westbrook,Thabo Sefolosha,Andres Nocioni,Beno Udrih,Jason Thompson,Spencer Hawes,Tyreke Evans,1,7:49,SAC,foul,,,,,,,,Kevin Durant,,Jason Thompson,,,,,,loose ball,,
Jeff Green,Kevin Durant,Nenad Krstic,Russell Westbrook,Thabo Sefolosha,Andres Nocioni,Beno Udrih,Jason Thompson,Spencer Hawes,Tyreke Evans,1,7:44,OKC,shot,,,,,,,,,,Kevin Durant,,,,missed,,jump,7,7
Jeff Green,Kevin Durant,Nenad Krstic,Russell Westbrook,Thabo Sefolosha,Andres Nocioni,Beno Udrih,Jason Thompson,Spencer Hawes,Tyreke Evans,1,7:43,OKC,rebound,,,,,,,,,,Nenad Krstic,,,,,,off,,
Jeff Green,Kevin Durant,Nenad Krstic,Russell Westbrook,Thabo Sefolosha,Andres Nocioni,Beno Udrih,Jason Thompson,Spencer Hawes,Tyreke Evans,1,7:38,OKC,shot,,,,,,,,,,Kevin Durant,,,,missed,,jump,9,9
Jeff Green,Kevin Durant,Nenad Krstic,Russell Westbrook,Thabo Sefolosha,Andres Nocioni,Beno Udrih,Jason Thompson,Spencer Hawes,Tyreke Evans,1,7:37,SAC,rebound,,,,,,,,,,Jason Thompson,,,,,,def,,
Jeff Green,Kevin Durant,Nenad Krstic,Russell Westbrook,Thabo Sefolosha,Andres Nocioni,Beno Udrih,Jason Thompson,Spencer Hawes,Tyreke Evans,1,7:33,SAC,shot,,,,,,,,,,Spencer Hawes,2,,,made,,slam dunk,25,6
Jeff Green,Kevin Durant,Nenad Krstic,Russell Westbrook,Thabo Sefolosha,Andres Nocioni,Beno Udrih,Jason Thompson,Spencer Hawes,Tyreke Evans,1,7:14,OKC,shot,,,,,,,,,,Nenad Krstic,,,,missed,,jump,7,8
Jeff Green,Kevin Durant,Nenad Krstic,Russell Westbrook,Thabo Sefolosha,Andres Nocioni,Beno Udrih,Jason Thompson,Spencer Hawes,Tyreke Evans,1,7:13,SAC,rebound,,,,,,,,,,,,,,,,,,
Jeff Green,Kevin Durant,Nenad Krstic,Russell Westbrook,Thabo Sefolosha,Andres Nocioni,Beno Udrih,Jason Thompson,Spencer Hawes,Tyreke Evans,1,6:54,SAC,shot,,,,,,,,,,Jason Thompson,,,,missed,,jump,27,12
Jeff Green,Kevin Durant,Nenad Krstic,Russell Westbrook,Thabo Sefolosha,Andres Nocioni,Beno Udrih,Jason Thompson,Spencer Hawes,Tyreke Evans,1,6:50,OKC,rebound,,,,,,,,,,Russell Westbrook,,,,,,def,,
Jeff Green,Kevin Durant,Nenad Krstic,Russell Westbrook,Thabo Sefolosha,Andres Nocioni,Beno Udrih,Jason Thompson,Spencer Hawes,Tyreke Evans,1,6:44,OKC,shot,,,,,,,,,,Kevin Durant,,,,missed,,3pt,12,28
Jeff Green,Kevin Durant,Nenad Krstic,Russell Westbrook,Thabo Sefolosha,Andres Nocioni,Beno Udrih,Jason Thompson,Spencer Hawes,Tyreke Evans,1,6:42,OKC,rebound,,,,,,,,,,Jeff Green,,,,,,off,,
Jeff Green,Kevin Durant,Nenad Krstic,Russell Westbrook,Thabo Sefolosha,Andres Nocioni,Beno Udrih,Jason Thompson,Spencer Hawes,Tyreke Evans,1,6:40,OKC,shot,,,,,,,,,,Jeff Green,2,,,made,,layup,25,6
Jeff Green,Kevin Durant,Nenad Krstic,Russell Westbrook,Thabo Sefolosha,Andres Nocioni,Beno Udrih,Jason Thompson,Spencer Hawes,Tyreke Evans,1,6:38,OKC,violation,,,,,,,,,,,,,,,,delay of game,,
Jeff Green,Kevin Durant,Nenad Krstic,Russell Westbrook,Thabo Sefolosha,Andres Nocioni,Beno Udrih,Jason Thompson,Spencer Hawes,Tyreke Evans,1,6:25,SAC,shot,,,,,,,,,,Spencer Hawes,,,,missed,,3pt,10,26
Jeff Green,Kevin Durant,Nenad Krstic,Russell Westbrook,Thabo Sefolosha,Andres Nocioni,Beno Udrih,Jason Thompson,Spencer Hawes,Tyreke Evans,1,6:24,OKC,rebound,,,,,,,,,,Kevin Durant,,,,,,def,,
Jeff Green,Kevin Durant,Nenad Krstic,Russell Westbrook,Thabo Sefolosha,Andres Nocioni,Beno Udrih,Jason Thompson,Spencer Hawes,Tyreke Evans,1,6:19,SAC,foul,,,,,,,,Jeff Green,,Andres Nocioni,,,,,,shooting,,
Jeff Green,Kevin Durant,Nenad Krstic,Russell Westbrook,Thabo Sefolosha,Andres Nocioni,Beno Udrih,Jason Thompson,Spencer Hawes,Tyreke Evans,1,6:19,OKC,free throw,,,,,,,1,,2,Kevin Durant,,,foul,made,,,,
Jeff Green,Kevin Durant,Nenad Krstic,Russell Westbrook,Thabo Sefolosha,Andres Nocioni,Beno Udrih,Jason Thompson,Spencer Hawes,Tyreke Evans,1,6:19,OKC,free throw,,,,,,,2,,2,Kevin Durant,,,foul,made,,,,
Jeff Green,Kevin Durant,Nenad Krstic,Russell Westbrook,Thabo Sefolosha,Andres Nocioni,Beno Udrih,Jason Thompson,Spencer Hawes,Tyreke Evans,1,5:59,SAC,shot,,,,,,,,,,Andres Nocioni,2,,,made,,driving layup,25,6
Jeff Green,Kevin Durant,Nenad Krstic,Russell Westbrook,Thabo Sefolosha,Andres Nocioni,Beno Udrih,Jason Thompson,Spencer Hawes,Tyreke Evans,1,5:51,SAC,foul,,,,,,,,Kevin Durant,,Tyreke Evans,,,,,,shooting,,
Jeff Green,Kevin Durant,Nenad Krstic,Russell Westbrook,Thabo Sefolosha,Andres Nocioni,Beno Udrih,Jason Thompson,Spencer Hawes,Tyreke Evans,1,5:51,OKC,free throw,,,,,,,1,,2,Kevin Durant,,,foul,made,,,,
Jeff Green,Kevin Durant,Nenad Krstic,Russell Westbrook,Thabo Sefolosha,Andres Nocioni,Beno Udrih,Jason Thompson,Spencer Hawes,Tyreke Evans,1,5:51,OKC,free throw,,,,,,,2,,2,Kevin Durant,,,foul,made,,,,
Jeff Green,Kevin Durant,Nenad Krstic,Russell Westbrook,Thabo Sefolosha,Andres Nocioni,Beno Udrih,Jason Thompson,Spencer Hawes,Tyreke Evans,1,5:27,SAC,shot,,,,,,,,,,Beno Udrih,,,,missed,,3pt,26,31
Jeff Green,Kevin Durant,Nenad Krstic,Russell Westbrook,Thabo Sefolosha,Andres Nocioni,Beno Udrih,Jason Thompson,Spencer Hawes,Tyreke Evans,1,5:26,OKC,rebound,,,,,,,,,,Kevin Durant,,,,,,def,,
Jeff Green,Kevin Durant,Nenad Krstic,Russell Westbrook,Thabo Sefolosha,Andres Nocioni,Beno Udrih,Jason Thompson,Spencer Hawes,Tyreke Evans,1,5:20,OKC,shot,,,Spencer Hawes,,,,,,,Nenad Krstic,,,,missed,,dunk,25,6
Jeff Green,Kevin Durant,Nenad Krstic,Russell Westbrook,Thabo Sefolosha,Andres Nocioni,Beno Udrih,Jason Thompson,Spencer Hawes,Tyreke Evans,1,5:19,SAC,rebound,,,,,,,,,,Jason Thompson,,,,,,def,,
Jeff Green,Kevin Durant,Nenad Krstic,Russell Westbrook,Thabo Sefolosha,Andres Nocioni,Beno Udrih,Jason Thompson,Spencer Hawes,Tyreke Evans,1,5:16,OKC,foul,,,,,,,,Andres Nocioni,,Kevin Durant,,,,,,shooting,,
Jeff Green,Kevin Durant,Nenad Krstic,Russell Westbrook,Thabo Sefolosha,Andres Nocioni,Beno Udrih,Jason Thompson,Spencer Hawes,Tyreke Evans,1,5:16,SAC,free throw,,,,,,,1,,2,Andres Nocioni,,,foul,made,,,,
James Harden,Jeff Green,Nenad Krstic,Russell Westbrook,Thabo Sefolosha,Andres Nocioni,Beno Udrih,Jason Thompson,Spencer Hawes,Tyreke Evans,1,5:16,OKC,sub,,,,James Harden,,Kevin Durant,,,,,,,,,,,,
James Harden,Jeff Green,Nenad Krstic,Russell Westbrook,Thabo Sefolosha,Andres Nocioni,Beno Udrih,Jason Thompson,Spencer Hawes,Tyreke Evans,1,5:16,SAC,free throw,,,,,,,2,,2,Andres Nocioni,,,foul,made,,,,
James Harden,Jeff Green,Nenad Krstic,Russell Westbrook,Thabo Sefolosha,Andres Nocioni,Beno Udrih,Jason Thompson,Spencer Hawes,Tyreke Evans,1,4:59,OKC,shot,,,,,,,,,,Jeff Green,,,,missed,,jump,10,15
James Harden,Jeff Green,Nenad Krstic,Russell Westbrook,Thabo Sefolosha,Andres Nocioni,Beno Udrih,Jason Thompson,Spencer Hawes,Tyreke Evans,1,4:58,SAC,rebound,,,,,,,,,,Tyreke Evans,,,,,,def,,
Etan Thomas,James Harden,Jeff Green,Russell Westbrook,Thabo Sefolosha,Andres Nocioni,Beno Udrih,Jason Thompson,Spencer Hawes,Tyreke Evans,1,4:54,OKC,sub,,,,Etan Thomas,,Nenad Krstic,,,,,,,,,,,,
Etan Thomas,James Harden,Jeff Green,Russell Westbrook,Thabo Sefolosha,Beno Udrih,Jason Thompson,Omri Casspi,Spencer Hawes,Tyreke Evans,1,4:54,SAC,sub,,,,Omri Casspi,,Andres Nocioni,,,,,,,,,,,,
Etan Thomas,James Harden,Jeff Green,Russell Westbrook,Thabo Sefolosha,Beno Udrih,Jason Thompson,Omri Casspi,Spencer Hawes,Tyreke Evans,1,4:39,SAC,shot,,,,,,,,,,Tyreke Evans,,,,missed,,fade away jumper,32,24
Etan Thomas,James Harden,Jeff Green,Russell Westbrook,Thabo Sefolosha,Beno Udrih,Jason Thompson,Omri Casspi,Spencer Hawes,Tyreke Evans,1,4:38,OKC,rebound,,,,,,,,,,James Harden,,,,,,def,,
Etan Thomas,James Harden,Jeff Green,Russell Westbrook,Thabo Sefolosha,Beno Udrih,Jason Thompson,Omri Casspi,Spencer Hawes,Tyreke Evans,1,4:27,OKC,shot,,,,,,,,,,Russell Westbrook,2,,,made,,driving layup,25,6
Etan Thomas,James Harden,Jeff Green,Russell Westbrook,Thabo Sefolosha,Beno Udrih,Jason Thompson,Omri Casspi,Spencer Hawes,Tyreke Evans,1,4:12,SAC,shot,,,,,,,,,,Spencer Hawes,,,,missed,,3pt,35,28
Etan Thomas,James Harden,Jeff Green,Russell Westbrook,Thabo Sefolosha,Beno Udrih,Jason Thompson,Omri Casspi,Spencer Hawes,Tyreke Evans,1,4:11,OKC,rebound,,,,,,,,,,James Harden,,,,,,def,,
Etan Thomas,James Harden,Jeff Green,Russell Westbrook,Thabo Sefolosha,Beno Udrih,Jason Thompson,Omri Casspi,Spencer Hawes,Tyreke Evans,1,3:51,OKC,turnover,,,,,,,,,,Jeff Green,,,bad pass,,Tyreke Evans,,,
Etan Thomas,James Harden,Jeff Green,Russell Westbrook,Thabo Sefolosha,Beno Udrih,Jason Thompson,Omri Casspi,Spencer Hawes,Tyreke Evans,1,3:49,SAC,turnover,,,,,,,,,,Omri Casspi,,,bad pass,,Russell Westbrook,,,
Etan Thomas,James Harden,Jeff Green,Russell Westbrook,Thabo Sefolosha,Beno Udrih,Jason Thompson,Omri Casspi,Spencer Hawes,Tyreke Evans,1,3:43,OKC,shot,,,,,,,,,,Jeff Green,2,,,made,,layup,25,6
Etan Thomas,James Harden,Jeff Green,Russell Westbrook,Thabo Sefolosha,Beno Udrih,Jason Thompson,Omri Casspi,Spencer Hawes,Tyreke Evans,1,3:43,SAC,foul,,,,,,,,Jeff Green,,Omri Casspi,,,,,,shooting,,
Etan Thomas,James Harden,Jeff Green,Nick Collison,Russell Westbrook,Beno Udrih,Jason Thompson,Omri Casspi,Spencer Hawes,Tyreke Evans,1,3:43,OKC,sub,,,,Nick Collison,,Thabo Sefolosha,,,,,,,,,,,,
Etan Thomas,James Harden,Jeff Green,Nick Collison,Russell Westbrook,Beno Udrih,Donte Greene,Omri Casspi,Spencer Hawes,Tyreke Evans,1,3:43,SAC,sub,,,,Donte Greene,,Jason Thompson,,,,,,,,,,,,
Etan Thomas,James Harden,Jeff Green,Nick Collison,Russell Westbrook,Beno Udrih,Donte Greene,Omri Casspi,Spencer Hawes,Tyreke Evans,1,3:43,OKC,free throw,,,,,,,1,,1,Jeff Green,,,foul,made,,,,
Etan Thomas,James Harden,Jeff Green,Nick Collison,Russell Westbrook,Beno Udrih,Donte Greene,Omri Casspi,Spencer Hawes,Tyreke Evans,1,3:20,OKC,foul,,,,,,,,Donte Greene,,Nick Collison,,,,,,shooting,,
Etan Thomas,James Harden,Jeff Green,Kevin Ollie,Nick Collison,Beno Udrih,Donte Greene,Omri Casspi,Spencer Hawes,Tyreke Evans,1,3:20,OKC,sub,,,,Kevin Ollie,,Russell Westbrook,,,,,,,,,,,,
Etan Thomas,James Harden,Jeff Green,Kevin Ollie,Nick Collison,Beno Udrih,Donte Greene,Omri Casspi,Spencer Hawes,Tyreke Evans,1,3:20,SAC,free throw,,,,,,,1,,2,Donte Greene,,,foul,made,,,,
Etan Thomas,James Harden,Jeff Green,Kevin Ollie,Nick Collison,Beno Udrih,Donte Greene,Ime Udoka,Omri Casspi,Spencer Hawes,1,3:20,SAC,sub,,,,Ime Udoka,,Tyreke Evans,,,,,,,,,,,,
Etan Thomas,James Harden,Jeff Green,Kevin Ollie,Nick Collison,Beno Udrih,Donte Greene,Ime Udoka,Omri Casspi,Spencer Hawes,1,3:20,SAC,free throw,,,,,,,2,,2,Donte Greene,,,foul,missed,,,,
Etan Thomas,James Harden,Jeff Green,Kevin Ollie,Nick Collison,Beno Udrih,Donte Greene,Ime Udoka,Omri Casspi,Spencer Hawes,1,3:19,OKC,rebound,,,,,,,,,,James Harden,,,,,,def,,
Etan Thomas,James Harden,Jeff Green,Kevin Ollie,Nick Collison,Beno Udrih,Donte Greene,Ime Udoka,Omri Casspi,Spencer Hawes,1,2:56,OKC,shot,,,,,,,,,,Etan Thomas,2,,,made,,jump hook,23,13
Etan Thomas,James Harden,Jeff Green,Kevin Ollie,Nick Collison,Beno Udrih,Donte Greene,Ime Udoka,Omri Casspi,Spencer Hawes,1,2:36,SAC,turnover,,,,,,,,,,Spencer Hawes,,,bad pass,,James Harden,,,
Etan Thomas,James Harden,Jeff Green,Kevin Ollie,Nick Collison,Beno Udrih,Donte Greene,Ime Udoka,Omri Casspi,Spencer Hawes,1,2:26,OKC,shot,,,,,,,,,,Jeff Green,2,,,made,,jump hook,25,12
Etan Thomas,James Harden,Jeff Green,Kevin Ollie,Nick Collison,Beno Udrih,Donte Greene,Ime Udoka,Omri Casspi,Spencer Hawes,1,2:26,SAC,foul,,,,,,,,Jeff Green,,Ime Udoka,,,,,,shooting,,
Etan Thomas,James Harden,Jeff Green,Kevin Ollie,Nick Collison,Beno Udrih,Donte Greene,Ime Udoka,Omri Casspi,Spencer Hawes,1,2:26,SAC,timeout,,,,,,,,,,,,,,,,regular,,
Etan Thomas,James Harden,Jeff Green,Kevin Ollie,Nick Collison,Donte Greene,Ime Udoka,Omri Casspi,Spencer Hawes,Tyreke Evans,1,2:26,SAC,sub,,,,Tyreke Evans,,Beno Udrih,,,,,,,,,,,,
Etan Thomas,James Harden,Jeff Green,Kevin Ollie,Nick Collison,Donte Greene,Ime Udoka,Omri Casspi,Spencer Hawes,Tyreke Evans,1,2:26,OKC,free throw,,,,,,,1,,1,Jeff Green,,,foul,missed,,,,
Etan Thomas,James Harden,Jeff Green,Kevin Ollie,Nick Collison,Donte Greene,Ime Udoka,Omri Casspi,Spencer Hawes,Tyreke Evans,1,2:25,SAC,rebound,,,,,,,,,,Spencer Hawes,,,,,,def,,
Etan Thomas,James Harden,Jeff Green,Kevin Ollie,Nick Collison,Donte Greene,Ime Udoka,Omri Casspi,Spencer Hawes,Tyreke Evans,1,2:07,SAC,shot,,,,,,,,,,Tyreke Evans,,,,missed,,layup,25,6
Etan Thomas,James Harden,Jeff Green,Kevin Ollie,Nick Collison,Donte Greene,Ime Udoka,Omri Casspi,Spencer Hawes,Tyreke Evans,1,2:07,SAC,rebound,,,,,,,,,,,,,,,,,,
Etan Thomas,James Harden,Jeff Green,Kevin Ollie,Nick Collison,Donte Greene,Ime Udoka,Omri Casspi,Spencer Hawes,Tyreke Evans,1,2:01,SAC,shot,,,,,,,,,,Tyreke Evans,2,,,made,,driving layup,25,6
Etan Thomas,James Harden,Jeff Green,Kevin Ollie,Nick Collison,Donte Greene,Ime Udoka,Omri Casspi,Spencer Hawes,Tyreke Evans,1,1:46,OKC,foul,,,,,,,,Donte Greene,,Jeff Green,,,,,,offensive,,
Etan Thomas,James Harden,Jeff Green,Kevin Ollie,Nick Collison,Donte Greene,Ime Udoka,Omri Casspi,Spencer Hawes,Tyreke Evans,1,1:46,OKC,turnover,,,,,,,,,,Jeff Green,,,foul,,,,,
Etan Thomas,James Harden,Kevin Ollie,Nick Collison,Thabo Sefolosha,Donte Greene,Ime Udoka,Omri Casspi,Spencer Hawes,Tyreke Evans,1,1:46,OKC,sub,,,,Thabo Sefolosha,,Jeff Green,,,,,,,,,,,,
Etan Thomas,James Harden,Kevin Ollie,Nick Collison,Thabo Sefolosha,Donte Greene,Ime Udoka,Omri Casspi,Spencer Hawes,Tyreke Evans,1,1:38,SAC,turnover,,,,,,,,,,Tyreke Evans,,,traveling,,,,,
Etan Thomas,James Harden,Kevin Ollie,Nick Collison,Thabo Sefolosha,Donte Greene,Ime Udoka,Omri Casspi,Spencer Hawes,Tyreke Evans,1,1:28,OKC,shot,,,,,,,,,,Nick Collison,2,,,made,,floating jump,25,14
Etan Thomas,James Harden,Kevin Ollie,Nick Collison,Thabo Sefolosha,Donte Greene,Ime Udoka,Omri Casspi,Spencer Hawes,Tyreke Evans,1,1:17,OKC,foul,,,,,,,,Tyreke Evans,,Nick Collison,,,,,,shooting,,
Etan Thomas,James Harden,Kevin Ollie,Nick Collison,Thabo Sefolosha,Donte Greene,Ime Udoka,Omri Casspi,Spencer Hawes,Tyreke Evans,1,1:17,SAC,free throw,,,,,,,1,,2,Tyreke Evans,,,foul,made,,,,
Etan Thomas,James Harden,Kevin Ollie,Nick Collison,Thabo Sefolosha,Donte Greene,Ime Udoka,Omri Casspi,Spencer Hawes,Tyreke Evans,1,1:17,SAC,free throw,,,,,,,2,,2,Tyreke Evans,,,foul,made,,,,
Etan Thomas,James Harden,Kevin Ollie,Nick Collison,Thabo Sefolosha,Donte Greene,Ime Udoka,Omri Casspi,Spencer Hawes,Tyreke Evans,1,1:03,OKC,shot,,,,,,,,,,James Harden,,,,missed,,jump,26,27
Etan Thomas,James Harden,Kevin Ollie,Nick Collison,Thabo Sefolosha,Donte Greene,Ime Udoka,Omri Casspi,Spencer Hawes,Tyreke Evans,1,1:01,SAC,rebound,,,,,,,,,,Tyreke Evans,,,,,,def,,
Etan Thomas,James Harden,Kevin Ollie,Nick Collison,Thabo Sefolosha,Donte Greene,Ime Udoka,Omri Casspi,Spencer Hawes,Tyreke Evans,1,1:00,SAC,shot,Tyreke Evans,,,,,,,,,Donte Greene,2,,,made,,dunk,25,6
Etan Thomas,James Harden,Kevin Ollie,Nick Collison,Thabo Sefolosha,Donte Greene,Ime Udoka,Omri Casspi,Spencer Hawes,Tyreke Evans,1,0:40,OKC,shot,,,,,,,,,,James Harden,,,,missed,,3pt,18,30
Etan Thomas,James Harden,Kevin Ollie,Nick Collison,Thabo Sefolosha,Donte Greene,Ime Udoka,Omri Casspi,Spencer Hawes,Tyreke Evans,1,0:39,SAC,rebound,,,,,,,,,,,,,,,,,,
Etan Thomas,James Harden,Kevin Ollie,Nick Collison,Thabo Sefolosha,Donte Greene,Ime Udoka,Omri Casspi,Spencer Hawes,Tyreke Evans,1,0:39,OKC,foul,,,,,,,,Donte Greene,,Kevin Ollie,,,,,,loose ball,,
Etan Thomas,James Harden,Kevin Ollie,Nick Collison,Thabo Sefolosha,Donte Greene,Ime Udoka,Omri Casspi,Spencer Hawes,Tyreke Evans,1,0:39,SAC,free throw,,,,,,,1,,2,Donte Greene,,,foul,made,,,,
Etan Thomas,James Harden,Kevin Ollie,Nick Collison,Thabo Sefolosha,Donte Greene,Ime Udoka,Kenny Thomas,Omri Casspi,Tyreke Evans,1,0:39,SAC,sub,,,,Kenny Thomas,,Spencer Hawes,,,,,,,,,,,,
Etan Thomas,James Harden,Kevin Ollie,Nick Collison,Thabo Sefolosha,Donte Greene,Ime Udoka,Kenny Thomas,Omri Casspi,Tyreke Evans,1,0:39,SAC,free throw,,,,,,,2,,2,Donte Greene,,,foul,missed,,,,
Etan Thomas,James Harden,Kevin Ollie,Nick Collison,Thabo Sefolosha,Donte Greene,Ime Udoka,Kenny Thomas,Omri Casspi,Tyreke Evans,1,0:38,SAC,rebound,,,,,,,,,,Kenny Thomas,,,,,,off,,
Etan Thomas,James Harden,Kevin Ollie,Nick Collison,Thabo Sefolosha,Donte Greene,Ime Udoka,Kenny Thomas,Omri Casspi,Tyreke Evans,1,0:35,SAC,shot,,,,,,,,,,Tyreke Evans,,,,missed,,3pt,7,24
Etan Thomas,James Harden,Kevin Ollie,Nick Collison,Thabo Sefolosha,Donte Greene,Ime Udoka,Kenny Thomas,Omri Casspi,Tyreke Evans,1,0:34,OKC,rebound,,,,,,,,,,Etan Thomas,,,,,,def,,
Etan Thomas,James Harden,Kevin Ollie,Nick Collison,Thabo Sefolosha,Donte Greene,Ime Udoka,Kenny Thomas,Omri Casspi,Tyreke Evans,1,0:14,OKC,shot,Thabo Sefolosha,,,,,,,,,James Harden,3,,,made,,3pt,24,31
Etan Thomas,James Harden,Kevin Ollie,Nick Collison,Thabo Sefolosha,Donte Greene,Ime Udoka,Kenny Thomas,Omri Casspi,Tyreke Evans,1,0:01,SAC,turnover,,,,,,,,,,Tyreke Evans,,,lost ball,,Thabo Sefolosha,,,
Etan Thomas,James Harden,Kevin Ollie,Nick Collison,Thabo Sefolosha,Donte Greene,Ime Udoka,Kenny Thomas,Omri Casspi,Tyreke Evans,2,11:43,OKC,shot,,,,,,,,,,James Harden,,,,missed,,running jump,28,9
Etan Thomas,James Harden,Kevin Ollie,Nick Collison,Thabo Sefolosha,Donte Greene,Ime Udoka,Kenny Thomas,Omri Casspi,Tyreke Evans,2,11:42,OKC,rebound,,,,,,,,,,Thabo Sefolosha,,,,,,off,,
Etan Thomas,James Harden,Kevin Ollie,Nick Collison,Thabo Sefolosha,Donte Greene,Ime Udoka,Kenny Thomas,Omri Casspi,Tyreke Evans,2,11:29,OKC,shot,James Harden,,,,,,,,,Nick Collison,2,,,made,,layup,25,6
Etan Thomas,James Harden,Kevin Ollie,Nick Collison,Thabo Sefolosha,Donte Greene,Ime Udoka,Kenny Thomas,Omri Casspi,Tyreke Evans,2,11:10,SAC,shot,,,James Harden,,,,,,,Omri Casspi,,,,missed,,3pt,29,30
Etan Thomas,James Harden,Kevin Ollie,Nick Collison,Thabo Sefolosha,Donte Greene,Ime Udoka,Kenny Thomas,Omri Casspi,Tyreke Evans,2,11:09,SAC,rebound,,,,,,,,,,Omri Casspi,,,,,,off,,
Etan Thomas,James Harden,Kevin Ollie,Nick Collison,Thabo Sefolosha,Donte Greene,Ime Udoka,Kenny Thomas,Omri Casspi,Tyreke Evans,2,11:02,SAC,shot,,,,,,,,,,Tyreke Evans,2,,,made,,fade away jumper,13,21
Etan Thomas,James Harden,Kevin Ollie,Nick Collison,Thabo Sefolosha,Donte Greene,Ime Udoka,Kenny Thomas,Omri Casspi,Tyreke Evans,2,10:36,OKC,shot,,,,,,,,,,Etan Thomas,,,,missed,,turnaround jump,34,7
Etan Thomas,James Harden,Kevin Ollie,Nick Collison,Thabo Sefolosha,Donte Greene,Ime Udoka,Kenny Thomas,Omri Casspi,Tyreke Evans,2,10:35,SAC,rebound,,,,,,,,,,Donte Greene,,,,,,def,,
Etan Thomas,James Harden,Kevin Ollie,Nick Collison,Thabo Sefolosha,Donte Greene,Ime Udoka,Kenny Thomas,Omri Casspi,Tyreke Evans,2,10:31,SAC,foul,,,,,,,,James Harden,,Tyreke Evans,,,,,,offensive,,
Etan Thomas,James Harden,Kevin Ollie,Nick Collison,Thabo Sefolosha,Donte Greene,Ime Udoka,Kenny Thomas,Omri Casspi,Tyreke Evans,2,10:31,SAC,turnover,,,,,,,,,,Tyreke Evans,,,foul,,,,,
Etan Thomas,James Harden,Kevin Ollie,Nick Collison,Thabo Sefolosha,Donte Greene,Ime Udoka,Kenny Thomas,Omri Casspi,Tyreke Evans,2,10:14,OKC,turnover,,,,,,,,,,Nick Collison,,,lost ball,,Ime Udoka,,,
Etan Thomas,James Harden,Kevin Ollie,Nick Collison,Thabo Sefolosha,Donte Greene,Ime Udoka,Kenny Thomas,Omri Casspi,Tyreke Evans,2,9:55,SAC,shot,,,,,,,,,,Tyreke Evans,2,,,made,,driving layup,25,6
Etan Thomas,James Harden,Kevin Ollie,Nick Collison,Thabo Sefolosha,Donte Greene,Ime Udoka,Kenny Thomas,Omri Casspi,Tyreke Evans,2,9:47,OKC,timeout,,,,,,,,,,,,,,,,regular,,
Etan Thomas,James Harden,Kevin Ollie,Nick Collison,Russell Westbrook,Donte Greene,Ime Udoka,Kenny Thomas,Omri Casspi,Tyreke Evans,2,9:47,OKC,sub,,,,Russell Westbrook,,Thabo Sefolosha,,,,,,,,,,,,
Etan Thomas,James Harden,Kevin Durant,Nick Collison,Russell Westbrook,Donte Greene,Ime Udoka,Kenny Thomas,Omri Casspi,Tyreke Evans,2,9:47,OKC,sub,,,,Kevin Durant,,Kevin Ollie,,,,,,,,,,,,
Etan Thomas,James Harden,Kevin Durant,Nick Collison,Russell Westbrook,Beno Udrih,Donte Greene,Ime Udoka,Kenny Thomas,Omri Casspi,2,9:47,SAC,sub,,,,Beno Udrih,,Tyreke Evans,,,,,,,,,,,,
Etan Thomas,James Harden,Kevin Durant,Nick Collison,Russell Westbrook,Beno Udrih,Donte Greene,Ime Udoka,Jason Thompson,Kenny Thomas,2,9:47,SAC,sub,,,,Jason Thompson,,Omri Casspi,,,,,,,,,,,,
Etan Thomas,James Harden,Kevin Durant,Nick Collison,Russell Westbrook,Beno Udrih,Donte Greene,Ime Udoka,Jason Thompson,Kenny Thomas,2,9:41,OKC,shot,Kevin Durant,,,,,,,,,James Harden,3,,,made,,3pt,47,9
Etan Thomas,James Harden,Kevin Durant,Nick Collison,Russell Westbrook,Beno Udrih,Donte Greene,Ime Udoka,Jason Thompson,Kenny Thomas,2,9:26,SAC,turnover,,,,,,,,,,Donte Greene,,,lost ball,,Kevin Durant,,,
Etan Thomas,James Harden,Kevin Durant,Nick Collison,Russell Westbrook,Beno Udrih,Donte Greene,Ime Udoka,Jason Thompson,Kenny Thomas,2,9:15,OKC,shot,,,,,,,,,,Nick Collison,,,,missed,,jump,41,12
Etan Thomas,James Harden,Kevin Durant,Nick Collison,Russell Westbrook,Beno Udrih,Donte Greene,Ime Udoka,Jason Thompson,Kenny Thomas,2,9:14,SAC,rebound,,,,,,,,,,Ime Udoka,,,,,,def,,
Etan Thomas,James Harden,Kevin Durant,Nick Collison,Russell Westbrook,Beno Udrih,Donte Greene,Ime Udoka,Jason Thompson,Kenny Thomas,2,8:55,SAC,turnover,,,,,,,,,,Kenny Thomas,,,3 second violation,,,,,
Etan Thomas,James Harden,Kevin Durant,Nick Collison,Russell Westbrook,Beno Udrih,Donte Greene,Ime Udoka,Jason Thompson,Kenny Thomas,2,8:45,OKC,shot,,,,,,,,,,Russell Westbrook,,,,missed,,fade away jumper,39,12
Etan Thomas,James Harden,Kevin Durant,Nick Collison,Russell Westbrook,Beno Udrih,Donte Greene,Ime Udoka,Jason Thompson,Kenny Thomas,2,8:44,SAC,rebound,,,,,,,,,,Ime Udoka,,,,,,def,,
Etan Thomas,James Harden,Kevin Durant,Nick Collison,Russell Westbrook,Beno Udrih,Donte Greene,Ime Udoka,Jason Thompson,Kenny Thomas,2,8:39,SAC,shot,Ime Udoka,,,,,,,,,Beno Udrih,2,,,made,,driving layup,25,6
Etan Thomas,James Harden,Kevin Durant,Nick Collison,Russell Westbrook,Beno Udrih,Donte Greene,Ime Udoka,Jason Thompson,Kenny Thomas,2,8:23,OKC,turnover,,,,,,,,,,Kevin Durant,,,bad pass,,Ime Udoka,,,
Etan Thomas,James Harden,Kevin Durant,Nick Collison,Russell Westbrook,Beno Udrih,Donte Greene,Ime Udoka,Jason Thompson,Kenny Thomas,2,8:19,SAC,shot,Ime Udoka,,,,,,,,,Donte Greene,2,,,made,,slam dunk,25,6
Etan Thomas,James Harden,Kevin Durant,Nick Collison,Russell Westbrook,Beno Udrih,Donte Greene,Ime Udoka,Jason Thompson,Kenny Thomas,2,8:03,OKC,shot,Russell Westbrook,,,,,,,,,Nick Collison,2,,,made,,layup,25,6
Etan Thomas,James Harden,Kevin Durant,Nick Collison,Russell Westbrook,Andres Nocioni,Beno Udrih,Ime Udoka,Jason Thompson,Kenny Thomas,2,7:52,SAC,sub,,,,Andres Nocioni,,Donte Greene,,,,,,,,,,,,
James Harden,Jeff Green,Kevin Durant,Nick Collison,Russell Westbrook,Andres Nocioni,Beno Udrih,Ime Udoka,Jason Thompson,Kenny Thomas,2,7:52,OKC,sub,,,,Jeff Green,,Etan Thomas,,,,,,,,,,,,
James Harden,Jeff Green,Kevin Durant,Nick Collison,Russell Westbrook,Andres Nocioni,Beno Udrih,Ime Udoka,Jason Thompson,Kenny Thomas,2,7:45,SAC,shot,,,Jeff Green,,,,,,,Ime Udoka,,,,missed,,jump,23,11
James Harden,Jeff Green,Kevin Durant,Nick Collison,Russell Westbrook,Andres Nocioni,Beno Udrih,Ime Udoka,Jason Thompson,Kenny Thomas,2,7:42,SAC,rebound,,,,,,,,,,Kenny Thomas,,,,,,off,,
James Harden,Jeff Green,Kevin Durant,Nick Collison,Russell Westbrook,Andres Nocioni,Beno Udrih,Ime Udoka,Jason Thompson,Kenny Thomas,2,7:41,SAC,shot,,,,,,,,,,Kenny Thomas,2,,,made,,layup,25,6
James Harden,Jeff Green,Kevin Durant,Nick Collison,Russell Westbrook,Andres Nocioni,Beno Udrih,Ime Udoka,Jason Thompson,Kenny Thomas,2,7:34,OKC,turnover,,,,,,,,,,Nick Collison,,,bad pass,,,,,
James Harden,Jeff Green,Kevin Durant,Nick Collison,Russell Westbrook,Andres Nocioni,Beno Udrih,Ime Udoka,Jason Thompson,Kenny Thomas,2,7:18,SAC,shot,,,,,,,,,,Ime Udoka,2,,,made,,turnaround jump,33,7
James Harden,Jeff Green,Kevin Durant,Nick Collison,Russell Westbrook,Andres Nocioni,Beno Udrih,Ime Udoka,Jason Thompson,Kenny Thomas,2,7:06,SAC,foul,,,,,,,,Nick Collison,,Kenny Thomas,,,,,,personal,,
James Harden,Jeff Green,Kevin Durant,Nick Collison,Russell Westbrook,Andres Nocioni,Beno Udrih,Ime Udoka,Jason Thompson,Kenny Thomas,2,7:02,OKC,shot,,,,,,,,,,Kevin Durant,,,,missed,,3pt,16,30
James Harden,Jeff Green,Kevin Durant,Nick Collison,Russell Westbrook,Andres Nocioni,Beno Udrih,Ime Udoka,Jason Thompson,Kenny Thomas,2,7:01,SAC,rebound,,,,,,,,,,Jason Thompson,,,,,,def,,
James Harden,Jeff Green,Kevin Durant,Nick Collison,Russell Westbrook,Andres Nocioni,Beno Udrih,Ime Udoka,Jason Thompson,Kenny Thomas,2,6:57,OKC,foul,,,,,,,,Beno Udrih,,James Harden,,,,,,personal,,
James Harden,Jeff Green,Kevin Durant,Nick Collison,Russell Westbrook,Andres Nocioni,Beno Udrih,Ime Udoka,Jason Thompson,Kenny Thomas,2,6:41,SAC,shot,,,,,,,,,,Ime Udoka,,,,missed,,jump,39,15
James Harden,Jeff Green,Kevin Durant,Nick Collison,Russell Westbrook,Andres Nocioni,Beno Udrih,Ime Udoka,Jason Thompson,Kenny Thomas,2,6:40,OKC,rebound,,,,,,,,,,James Harden,,,,,,def,,
James Harden,Jeff Green,Kevin Durant,Nick Collison,Russell Westbrook,Andres Nocioni,Beno Udrih,Ime Udoka,Jason Thompson,Kenny Thomas,2,6:35,OKC,shot,,,,,,,,,,Kevin Durant,,,,missed,,jump,19,12
James Harden,Jeff Green,Kevin Durant,Nick Collison,Russell Westbrook,Andres Nocioni,Beno Udrih,Ime Udoka,Jason Thompson,Kenny Thomas,2,6:34,SAC,rebound,,,,,,,,,,Kenny Thomas,,,,,,def,,
James Harden,Jeff Green,Kevin Durant,Nick Collison,Russell Westbrook,Andres Nocioni,Beno Udrih,Ime Udoka,Jason Thompson,Kenny Thomas,2,6:25,SAC,shot,,,,,,,,,,Andres Nocioni,,,,missed,,layup,25,6
James Harden,Jeff Green,Kevin Durant,Nick Collison,Russell Westbrook,Andres Nocioni,Beno Udrih,Ime Udoka,Jason Thompson,Kenny Thomas,2,6:24,SAC,rebound,,,,,,,,,,Jason Thompson,,,,,,off,,
James Harden,Jeff Green,Kevin Durant,Nick Collison,Russell Westbrook,Andres Nocioni,Beno Udrih,Ime Udoka,Jason Thompson,Kenny Thomas,2,6:24,SAC,shot,,,,,,,,,,Jason Thompson,2,,,made,,tip,25,6
James Harden,Jeff Green,Kevin Durant,Nick Collison,Russell Westbrook,Andres Nocioni,Beno Udrih,Ime Udoka,Jason Thompson,Kenny Thomas,2,5:59,OKC,turnover,,,,,,,,,,,,,shot clock turnover,,,,,
James Harden,Jeff Green,Kevin Durant,Nick Collison,Russell Westbrook,Andres Nocioni,Beno Udrih,Ime Udoka,Jason Thompson,Kenny Thomas,2,5:59,SAC,timeout,,,,,,,,,,,,,,,,official,,
Jeff Green,Kevin Durant,Nick Collison,Russell Westbrook,Thabo Sefolosha,Andres Nocioni,Beno Udrih,Ime Udoka,Jason Thompson,Kenny Thomas,2,5:59,OKC,sub,,,,Thabo Sefolosha,,James Harden,,,,,,,,,,,,
Jeff Green,Kevin Durant,Nenad Krstic,Russell Westbrook,Thabo Sefolosha,Andres Nocioni,Beno Udrih,Ime Udoka,Jason Thompson,Kenny Thomas,2,5:59,OKC,sub,,,,Nenad Krstic,,Nick Collison,,,,,,,,,,,,
Jeff Green,Kevin Durant,Nenad Krstic,Russell Westbrook,Thabo Sefolosha,Andres Nocioni,Beno Udrih,Jason Thompson,Kenny Thomas,Tyreke Evans,2,5:59,SAC,sub,,,,Tyreke Evans,,Ime Udoka,,,,,,,,,,,,
Jeff Green,Kevin Durant,Nenad Krstic,Russell Westbrook,Thabo Sefolosha,Andres Nocioni,Beno Udrih,Jason Thompson,Spencer Hawes,Tyreke Evans,2,5:59,SAC,sub,,,,Spencer Hawes,,Kenny Thomas,,,,,,,,,,,,
Jeff Green,Kevin Durant,Nenad Krstic,Russell Westbrook,Thabo Sefolosha,Andres Nocioni,Beno Udrih,Jason Thompson,Spencer Hawes,Tyreke Evans,2,5:44,SAC,shot,Tyreke Evans,,,,,,,,,Andres Nocioni,2,,,made,,jump,35,25
Jeff Green,Kevin Durant,Nenad Krstic,Russell Westbrook,Thabo Sefolosha,Andres Nocioni,Beno Udrih,Jason Thompson,Spencer Hawes,Tyreke Evans,2,5:32,OKC,shot,,,Spencer Hawes,,,,,,,Russell Westbrook,,,,missed,,jump,25,12
Jeff Green,Kevin Durant,Nenad Krstic,Russell Westbrook,Thabo Sefolosha,Andres Nocioni,Beno Udrih,Jason Thompson,Spencer Hawes,Tyreke Evans,2,5:30,SAC,rebound,,,,,,,,,,Jason Thompson,,,,,,def,,
Jeff Green,Kevin Durant,Nenad Krstic,Russell Westbrook,Thabo Sefolosha,Andres Nocioni,Beno Udrih,Jason Thompson,Spencer Hawes,Tyreke Evans,2,5:23,SAC,turnover,,,,,,,,,,Beno Udrih,,,bad pass,,Kevin Durant,,,
Jeff Green,Kevin Durant,Nenad Krstic,Russell Westbrook,Thabo Sefolosha,Andres Nocioni,Beno Udrih,Jason Thompson,Spencer Hawes,Tyreke Evans,2,5:07,OKC,shot,,,,,,,,,,Kevin Durant,,,,missed,,3pt,17,30
Jeff Green,Kevin Durant,Nenad Krstic,Russell Westbrook,Thabo Sefolosha,Andres Nocioni,Beno Udrih,Jason Thompson,Spencer Hawes,Tyreke Evans,2,5:05,OKC,rebound,,,,,,,,,,Thabo Sefolosha,,,,,,off,,
Jeff Green,Kevin Durant,Nenad Krstic,Russell Westbrook,Thabo Sefolosha,Andres Nocioni,Beno Udrih,Jason Thompson,Spencer Hawes,Tyreke Evans,2,5:04,OKC,shot,,,,,,,,,,Thabo Sefolosha,2,,,made,,layup,25,6
Jeff Green,Kevin Durant,Nenad Krstic,Russell Westbrook,Thabo Sefolosha,Andres Nocioni,Beno Udrih,Jason Thompson,Spencer Hawes,Tyreke Evans,2,4:51,SAC,shot,Tyreke Evans,,,,,,,,,Jason Thompson,2,,,made,,layup,25,6
Jeff Green,Kevin Durant,Nenad Krstic,Russell Westbrook,Thabo Sefolosha,Andres Nocioni,Beno Udrih,Jason Thompson,Spencer Hawes,Tyreke Evans,2,4:22,OKC,shot,Russell Westbrook,,,,,,,,,Jeff Green,3,,,made,,3pt,12,27
Jeff Green,Kevin Durant,Nenad Krstic,Russell Westbrook,Thabo Sefolosha,Andres Nocioni,Beno Udrih,Jason Thompson,Spencer Hawes,Tyreke Evans,2,4:08,SAC,shot,Tyreke Evans,,,,,,,,,Spencer Hawes,2,,,made,,running layup,25,6
Jeff Green,Kevin Durant,Nenad Krstic,Russell Westbrook,Thabo Sefolosha,Andres Nocioni,Beno Udrih,Jason Thompson,Spencer Hawes,Tyreke Evans,2,3:54,SAC,foul,,,,,,,,Jeff Green,,Spencer Hawes,,,,,,shooting,,
Jeff Green,Kevin Durant,Nenad Krstic,Russell Westbrook,Thabo Sefolosha,Andres Nocioni,Beno Udrih,Jason Thompson,Spencer Hawes,Tyreke Evans,2,3:54,OKC,free throw,,,,,,,1,,2,Jeff Green,,,foul,made,,,,
Jeff Green,Kevin Durant,Nenad Krstic,Russell Westbrook,Thabo Sefolosha,Andres Nocioni,Beno Udrih,Jason Thompson,Spencer Hawes,Tyreke Evans,2,3:54,OKC,free throw,,,,,,,2,,2,Jeff Green,,,foul,made,,,,
Jeff Green,Kevin Durant,Nenad Krstic,Russell Westbrook,Thabo Sefolosha,Andres Nocioni,Beno Udrih,Jason Thompson,Spencer Hawes,Tyreke Evans,2,3:42,SAC,shot,,,Thabo Sefolosha,,,,,,,Jason Thompson,,,,missed,,jump,22,10
Jeff Green,Kevin Durant,Nenad Krstic,Russell Westbrook,Thabo Sefolosha,Andres Nocioni,Beno Udrih,Jason Thompson,Spencer Hawes,Tyreke Evans,2,3:40,SAC,rebound,,,,,,,,,,Jason Thompson,,,,,,off,,
Jeff Green,Kevin Durant,Nenad Krstic,Russell Westbrook,Thabo Sefolosha,Andres Nocioni,Beno Udrih,Jason Thompson,Spencer Hawes,Tyreke Evans,2,3:39,SAC,shot,,,,,,,,,,Jason Thompson,2,,,made,,layup,25,6
Jeff Green,Kevin Durant,Nenad Krstic,Russell Westbrook,Thabo Sefolosha,Andres Nocioni,Beno Udrih,Jason Thompson,Spencer Hawes,Tyreke Evans,2,3:27,OKC,shot,,,,,,,,,,Russell Westbrook,,,,missed,,layup,25,6
Jeff Green,Kevin Durant,Nenad Krstic,Russell Westbrook,Thabo Sefolosha,Andres Nocioni,Beno Udrih,Jason Thompson,Spencer Hawes,Tyreke Evans,2,3:26,SAC,rebound,,,,,,,,,,Tyreke Evans,,,,,,def,,
Jeff Green,Kevin Durant,Nenad Krstic,Russell Westbrook,Thabo Sefolosha,Andres Nocioni,Beno Udrih,Jason Thompson,Spencer Hawes,Tyreke Evans,2,3:16,SAC,timeout,,,,,,,,,,,,,,,,regular,,
Jeff Green,Kevin Durant,Nenad Krstic,Russell Westbrook,Thabo Sefolosha,Andres Nocioni,Beno Udrih,Jason Thompson,Spencer Hawes,Tyreke Evans,2,3:06,SAC,shot,,,Thabo Sefolosha,,,,,,,Tyreke Evans,,,,missed,,layup,25,6
Jeff Green,Kevin Durant,Nenad Krstic,Russell Westbrook,Thabo Sefolosha,Andres Nocioni,Beno Udrih,Jason Thompson,Spencer Hawes,Tyreke Evans,2,3:04,SAC,rebound,,,,,,,,,,Spencer Hawes,,,,,,off,,
Jeff Green,Kevin Durant,Nenad Krstic,Russell Westbrook,Thabo Sefolosha,Andres Nocioni,Beno Udrih,Jason Thompson,Spencer Hawes,Tyreke Evans,2,3:02,SAC,shot,,,,,,,,,,Spencer Hawes,2,,,made,,layup,25,6
Jeff Green,Kevin Durant,Nenad Krstic,Russell Westbrook,Thabo Sefolosha,Andres Nocioni,Beno Udrih,Jason Thompson,Spencer Hawes,Tyreke Evans,2,2:47,OKC,shot,,,,,,,,,,Nenad Krstic,,,,missed,,jump,18,26
Jeff Green,Kevin Durant,Nenad Krstic,Russell Westbrook,Thabo Sefolosha,Andres Nocioni,Beno Udrih,Jason Thompson,Spencer Hawes,Tyreke Evans,2,2:46,SAC,rebound,,,,,,,,,,Beno Udrih,,,,,,def,,
Jeff Green,Kevin Durant,Nenad Krstic,Russell Westbrook,Thabo Sefolosha,Andres Nocioni,Beno Udrih,Jason Thompson,Spencer Hawes,Tyreke Evans,2,2:40,SAC,shot,Tyreke Evans,,,,,,,,,Jason Thompson,2,,,made,,layup,25,6
Jeff Green,Kevin Durant,Nenad Krstic,Russell Westbrook,Thabo Sefolosha,Andres Nocioni,Beno Udrih,Jason Thompson,Spencer Hawes,Tyreke Evans,2,2:20,OKC,shot,,,,,,,,,,Kevin Durant,2,,,made,,fade away jumper,38,17
Jeff Green,Kevin Durant,Nenad Krstic,Russell Westbrook,Thabo Sefolosha,Andres Nocioni,Beno Udrih,Jason Thompson,Spencer Hawes,Tyreke Evans,2,2:08,OKC,foul,,,,,,,,Spencer Hawes,,Nenad Krstic,,,,,,shooting,,
Jeff Green,Kevin Durant,Nenad Krstic,Russell Westbrook,Thabo Sefolosha,Andres Nocioni,Beno Udrih,Jason Thompson,Spencer Hawes,Tyreke Evans,2,2:08,SAC,free throw,,,,,,,1,,2,Spencer Hawes,,,foul,made,,,,
Kevin Durant,Nenad Krstic,Russell Westbrook,Serge Ibaka,Thabo Sefolosha,Andres Nocioni,Beno Udrih,Jason Thompson,Spencer Hawes,Tyreke Evans,2,2:08,OKC,sub,,,,Serge Ibaka,,Jeff Green,,,,,,,,,,,,
Kevin Durant,Nenad Krstic,Russell Westbrook,Serge Ibaka,Thabo Sefolosha,Andres Nocioni,Beno Udrih,Jason Thompson,Spencer Hawes,Tyreke Evans,2,2:08,SAC,free throw,,,,,,,2,,2,Spencer Hawes,,,foul,made,,,,
Kevin Durant,Nenad Krstic,Russell Westbrook,Serge Ibaka,Thabo Sefolosha,Andres Nocioni,Beno Udrih,Jason Thompson,Spencer Hawes,Tyreke Evans,2,1:59,OKC,shot,Russell Westbrook,,,,,,,,,Nenad Krstic,2,,,made,,layup,25,6
Kevin Durant,Nenad Krstic,Russell Westbrook,Serge Ibaka,Thabo Sefolosha,Andres Nocioni,Beno Udrih,Jason Thompson,Spencer Hawes,Tyreke Evans,2,1:45,OKC,foul,,,,,,,,Tyreke Evans,,Thabo Sefolosha,,,,,,personal,,
Kevin Durant,Nenad Krstic,Russell Westbrook,Serge Ibaka,Thabo Sefolosha,Andres Nocioni,Beno Udrih,Jason Thompson,Spencer Hawes,Tyreke Evans,2,1:36,OKC,foul,,,,,,,,Tyreke Evans,,Nenad Krstic,,,,,,shooting,,
Kevin Durant,Nenad Krstic,Russell Westbrook,Serge Ibaka,Thabo Sefolosha,Andres Nocioni,Beno Udrih,Jason Thompson,Spencer Hawes,Tyreke Evans,2,1:36,SAC,free throw,,,,,,,1,,2,Tyreke Evans,,,foul,made,,,,
Kevin Durant,Nenad Krstic,Russell Westbrook,Serge Ibaka,Thabo Sefolosha,Andres Nocioni,Beno Udrih,Jason Thompson,Spencer Hawes,Tyreke Evans,2,1:36,SAC,free throw,,,,,,,2,,2,Tyreke Evans,,,foul,made,,,,
Kevin Durant,Nenad Krstic,Russell Westbrook,Serge Ibaka,Thabo Sefolosha,Andres Nocioni,Beno Udrih,Jason Thompson,Spencer Hawes,Tyreke Evans,2,1:20,OKC,shot,,,,,,,,,,Kevin Durant,,,,missed,,jump,34,23
Kevin Durant,Nenad Krstic,Russell Westbrook,Serge Ibaka,Thabo Sefolosha,Andres Nocioni,Beno Udrih,Jason Thompson,Spencer Hawes,Tyreke Evans,2,1:19,OKC,rebound,,,,,,,,,,Russell Westbrook,,,,,,off,,
Kevin Durant,Nenad Krstic,Russell Westbrook,Serge Ibaka,Thabo Sefolosha,Andres Nocioni,Beno Udrih,Jason Thompson,Spencer Hawes,Tyreke Evans,2,1:11,SAC,foul,,,,,,,,Russell Westbrook,,Beno Udrih,,,,,,personal,,
Kevin Durant,Nenad Krstic,Russell Westbrook,Serge Ibaka,Thabo Sefolosha,Andres Nocioni,Beno Udrih,Ime Udoka,Jason Thompson,Spencer Hawes,2,1:11,SAC,sub,,,,Ime Udoka,,Tyreke Evans,,,,,,,,,,,,
Kevin Durant,Nenad Krstic,Russell Westbrook,Serge Ibaka,Thabo Sefolosha,Andres Nocioni,Beno Udrih,Ime Udoka,Jason Thompson,Spencer Hawes,2,1:04,OKC,shot,,,,,,,,,,Nenad Krstic,,,,missed,,jump,17,24
Kevin Durant,Nenad Krstic,Russell Westbrook,Serge Ibaka,Thabo Sefolosha,Andres Nocioni,Beno Udrih,Ime Udoka,Jason Thompson,Spencer Hawes,2,1:04,OKC,rebound,,,,,,,,,,,,,,,,,,
Kevin Durant,Nenad Krstic,Russell Westbrook,Serge Ibaka,Thabo Sefolosha,Andres Nocioni,Beno Udrih,Ime Udoka,Jason Thompson,Spencer Hawes,2,1:04,SAC,foul,,,,,,,,Serge Ibaka,,Jason Thompson,,,,,,loose ball,,
Kevin Durant,Nenad Krstic,Russell Westbrook,Serge Ibaka,Thabo Sefolosha,Andres Nocioni,Beno Udrih,Ime Udoka,Jason Thompson,Spencer Hawes,2,1:04,OKC,free throw,,,,,,,1,,2,Serge Ibaka,,,foul,made,,,,
Kevin Durant,Nenad Krstic,Russell Westbrook,Serge Ibaka,Thabo Sefolosha,Andres Nocioni,Beno Udrih,Ime Udoka,Kenny Thomas,Spencer Hawes,2,1:04,SAC,sub,,,,Kenny Thomas,,Jason Thompson,,,,,,,,,,,,
Kevin Durant,Nenad Krstic,Russell Westbrook,Serge Ibaka,Thabo Sefolosha,Andres Nocioni,Beno Udrih,Ime Udoka,Kenny Thomas,Spencer Hawes,2,1:04,OKC,free throw,,,,,,,2,,2,Serge Ibaka,,,foul,made,,,,
Kevin Durant,Nenad Krstic,Russell Westbrook,Serge Ibaka,Thabo Sefolosha,Andres Nocioni,Beno Udrih,Ime Udoka,Kenny Thomas,Spencer Hawes,2,0:50,SAC,shot,,,,,,,,,,Andres Nocioni,,,,missed,,3pt,6,22
Kevin Durant,Nenad Krstic,Russell Westbrook,Serge Ibaka,Thabo Sefolosha,Andres Nocioni,Beno Udrih,Ime Udoka,Kenny Thomas,Spencer Hawes,2,0:49,OKC,rebound,,,,,,,,,,Nenad Krstic,,,,,,def,,
Kevin Durant,Nenad Krstic,Russell Westbrook,Serge Ibaka,Thabo Sefolosha,Andres Nocioni,Beno Udrih,Ime Udoka,Kenny Thomas,Spencer Hawes,2,0:42,OKC,shot,Thabo Sefolosha,,,,,,,,,Kevin Durant,2,,,made,,layup,25,6
Kevin Durant,Nenad Krstic,Russell Westbrook,Serge Ibaka,Thabo Sefolosha,Andres Nocioni,Beno Udrih,Ime Udoka,Kenny Thomas,Spencer Hawes,2,0:42,SAC,timeout,,,,,,,,,,,,,,,,short,,
Kevin Durant,Nenad Krstic,Russell Westbrook,Serge Ibaka,Thabo Sefolosha,Andres Nocioni,Beno Udrih,Kenny Thomas,Omri Casspi,Spencer Hawes,2,0:42,SAC,sub,,,,Omri Casspi,,Ime Udoka,,,,,,,,,,,,
Kevin Durant,Nenad Krstic,Russell Westbrook,Serge Ibaka,Thabo Sefolosha,Andres Nocioni,Beno Udrih,Donte Greene,Omri Casspi,Spencer Hawes,2,0:42,SAC,sub,,,,Donte Greene,,Kenny Thomas,,,,,,,,,,,,
Kevin Durant,Nenad Krstic,Russell Westbrook,Serge Ibaka,Thabo Sefolosha,Andres Nocioni,Beno Udrih,Donte Greene,Omri Casspi,Spencer Hawes,2,0:30,SAC,turnover,,,,,,,,,,Beno Udrih,,,bad pass,,,,,
Kevin Durant,Nenad Krstic,Russell Westbrook,Serge Ibaka,Thabo Sefolosha,Andres Nocioni,Beno Udrih,Donte Greene,Omri Casspi,Spencer Hawes,2,0:18,OKC,turnover,,,,,,,,,,Serge Ibaka,,,3 second violation,,,,,
Kevin Durant,Nenad Krstic,Russell Westbrook,Serge Ibaka,Thabo Sefolosha,Andres Nocioni,Beno Udrih,Donte Greene,Omri Casspi,Tyreke Evans,2,0:18,SAC,sub,,,,Tyreke Evans,,Spencer Hawes,,,,,,,,,,,,
James Harden,Nenad Krstic,Russell Westbrook,Serge Ibaka,Thabo Sefolosha,Andres Nocioni,Beno Udrih,Donte Greene,Omri Casspi,Tyreke Evans,2,0:18,OKC,sub,,,,James Harden,,Kevin Durant,,,,,,,,,,,,
James Harden,Nenad Krstic,Russell Westbrook,Serge Ibaka,Thabo Sefolosha,Andres Nocioni,Beno Udrih,Donte Greene,Omri Casspi,Tyreke Evans,2,0:05,SAC,shot,,,,,,,,,,Donte Greene,,,,missed,,jump,16,8
James Harden,Nenad Krstic,Russell Westbrook,Serge Ibaka,Thabo Sefolosha,Andres Nocioni,Beno Udrih,Donte Greene,Omri Casspi,Tyreke Evans,2,0:03,OKC,rebound,,,,,,,,,,Serge Ibaka,,,,,,def,,
James Harden,Nenad Krstic,Russell Westbrook,Serge Ibaka,Thabo Sefolosha,Andres Nocioni,Beno Udrih,Donte Greene,Omri Casspi,Tyreke Evans,2,0:00,OKC,shot,Thabo Sefolosha,,,,,,,,,James Harden,3,,,made,,3pt,44,43
Jeff Green,Kevin Durant,Nenad Krstic,Russell Westbrook,Thabo Sefolosha,Andres Nocioni,Beno Udrih,Jason Thompson,Spencer Hawes,Tyreke Evans,3,11:40,OKC,shot,,,,,,,,,,Thabo Sefolosha,,,,missed,,jump,17,27
Jeff Green,Kevin Durant,Nenad Krstic,Russell Westbrook,Thabo Sefolosha,Andres Nocioni,Beno Udrih,Jason Thompson,Spencer Hawes,Tyreke Evans,3,11:38,SAC,rebound,,,,,,,,,,Spencer Hawes,,,,,,def,,
Jeff Green,Kevin Durant,Nenad Krstic,Russell Westbrook,Thabo Sefolosha,Andres Nocioni,Beno Udrih,Jason Thompson,Spencer Hawes,Tyreke Evans,3,11:19,SAC,shot,,,,,,,,,,Andres Nocioni,,,,missed,,3pt,38,27
Jeff Green,Kevin Durant,Nenad Krstic,Russell Westbrook,Thabo Sefolosha,Andres Nocioni,Beno Udrih,Jason Thompson,Spencer Hawes,Tyreke Evans,3,11:17,OKC,rebound,,,,,,,,,,Russell Westbrook,,,,,,def,,
Jeff Green,Kevin Durant,Nenad Krstic,Russell Westbrook,Thabo Sefolosha,Andres Nocioni,Beno Udrih,Jason Thompson,Spencer Hawes,Tyreke Evans,3,11:13,OKC,turnover,,,,,,,,,,Russell Westbrook,,,lost ball,,Jason Thompson,,,
Jeff Green,Kevin Durant,Nenad Krstic,Russell Westbrook,Thabo Sefolosha,Andres Nocioni,Beno Udrih,Jason Thompson,Spencer Hawes,Tyreke Evans,3,11:09,OKC,foul,,,,,,,,Tyreke Evans,,Thabo Sefolosha,,,,,,shooting,,
Jeff Green,Kevin Durant,Nenad Krstic,Russell Westbrook,Thabo Sefolosha,Andres Nocioni,Beno Udrih,Jason Thompson,Spencer Hawes,Tyreke Evans,3,11:09,SAC,free throw,,,,,,,1,,2,Tyreke Evans,,,foul,made,,,,
Jeff Green,Kevin Durant,Nenad Krstic,Russell Westbrook,Thabo Sefolosha,Andres Nocioni,Beno Udrih,Jason Thompson,Spencer Hawes,Tyreke Evans,3,11:09,SAC,free throw,,,,,,,2,,2,Tyreke Evans,,,foul,made,,,,
Jeff Green,Kevin Durant,Nenad Krstic,Russell Westbrook,Thabo Sefolosha,Andres Nocioni,Beno Udrih,Jason Thompson,Spencer Hawes,Tyreke Evans,3,10:58,OKC,turnover,,,,,,,,,,Kevin Durant,,,lost ball,,Andres Nocioni,,,
Jeff Green,Kevin Durant,Nenad Krstic,Russell Westbrook,Thabo Sefolosha,Andres Nocioni,Beno Udrih,Jason Thompson,Spencer Hawes,Tyreke Evans,3,10:47,SAC,shot,,,,,,,,,,Tyreke Evans,,,,missed,,jump,21,25
Jeff Green,Kevin Durant,Nenad Krstic,Russell Westbrook,Thabo Sefolosha,Andres Nocioni,Beno Udrih,Jason Thompson,Spencer Hawes,Tyreke Evans,3,10:46,SAC,rebound,,,,,,,,,,Spencer Hawes,,,,,,off,,
Jeff Green,Kevin Durant,Nenad Krstic,Russell Westbrook,Thabo Sefolosha,Andres Nocioni,Beno Udrih,Jason Thompson,Spencer Hawes,Tyreke Evans,3,10:43,SAC,shot,,,,,,,,,,Jason Thompson,,,,missed,,layup,25,6
Jeff Green,Kevin Durant,Nenad Krstic,Russell Westbrook,Thabo Sefolosha,Andres Nocioni,Beno Udrih,Jason Thompson,Spencer Hawes,Tyreke Evans,3,10:42,SAC,rebound,,,,,,,,,,Jason Thompson,,,,,,off,,
Jeff Green,Kevin Durant,Nenad Krstic,Russell Westbrook,Thabo Sefolosha,Andres Nocioni,Beno Udrih,Jason Thompson,Spencer Hawes,Tyreke Evans,3,10:42,SAC,shot,,,,,,,,,,Jason Thompson,,,,missed,,tip,25,6
Jeff Green,Kevin Durant,Nenad Krstic,Russell Westbrook,Thabo Sefolosha,Andres Nocioni,Beno Udrih,Jason Thompson,Spencer Hawes,Tyreke Evans,3,10:41,OKC,rebound,,,,,,,,,,Jeff Green,,,,,,def,,
Jeff Green,Kevin Durant,Nenad Krstic,Russell Westbrook,Thabo Sefolosha,Andres Nocioni,Beno Udrih,Jason Thompson,Spencer Hawes,Tyreke Evans,3,10:31,OKC,shot,,,,,,,,,,Kevin Durant,,,,missed,,jump,38,19
Jeff Green,Kevin Durant,Nenad Krstic,Russell Westbrook,Thabo Sefolosha,Andres Nocioni,Beno Udrih,Jason Thompson,Spencer Hawes,Tyreke Evans,3,10:30,SAC,rebound,,,,,,,,,,Andres Nocioni,,,,,,def,,
Jeff Green,Kevin Durant,Nenad Krstic,Russell Westbrook,Thabo Sefolosha,Andres Nocioni,Beno Udrih,Jason Thompson,Spencer Hawes,Tyreke Evans,3,10:13,SAC,turnover,,,,,,,,,,Jason Thompson,,,out of bounds lost ball turnover,,,,,
Jeff Green,Kevin Durant,Nenad Krstic,Russell Westbrook,Thabo Sefolosha,Andres Nocioni,Beno Udrih,Jason Thompson,Spencer Hawes,Tyreke Evans,3,9:57,OKC,shot,Russell Westbrook,,,,,,,,,Nenad Krstic,2,,,made,,jump,38,15
Jeff Green,Kevin Durant,Nenad Krstic,Russell Westbrook,Thabo Sefolosha,Andres Nocioni,Beno Udrih,Jason Thompson,Spencer Hawes,Tyreke Evans,3,9:44,SAC,shot,,,,,,,,,,Spencer Hawes,2,,,made,,floating jump,17,12
Jeff Green,Kevin Durant,Nenad Krstic,Russell Westbrook,Thabo Sefolosha,Andres Nocioni,Beno Udrih,Jason Thompson,Spencer Hawes,Tyreke Evans,3,9:26,OKC,shot,,,,,,,,,,Thabo Sefolosha,,,,missed,,jump,14,21
Jeff Green,Kevin Durant,Nenad Krstic,Russell Westbrook,Thabo Sefolosha,Andres Nocioni,Beno Udrih,Jason Thompson,Spencer Hawes,Tyreke Evans,3,9:25,SAC,rebound,,,,,,,,,,Andres Nocioni,,,,,,def,,
Jeff Green,Kevin Durant,Nenad Krstic,Russell Westbrook,Thabo Sefolosha,Andres Nocioni,Beno Udrih,Jason Thompson,Spencer Hawes,Tyreke Evans,3,9:13,SAC,shot,,,,,,,,,,Andres Nocioni,,,,missed,,jump,25,25
Jeff Green,Kevin Durant,Nenad Krstic,Russell Westbrook,Thabo Sefolosha,Andres Nocioni,Beno Udrih,Jason Thompson,Spencer Hawes,Tyreke Evans,3,9:12,SAC,rebound,,,,,,,,,,Jason Thompson,,,,,,off,,
Jeff Green,Kevin Durant,Nenad Krstic,Russell Westbrook,Thabo Sefolosha,Andres Nocioni,Beno Udrih,Jason Thompson,Spencer Hawes,Tyreke Evans,3,9:12,SAC,shot,,,,,,,,,,Jason Thompson,,,,missed,,tip,25,6
Jeff Green,Kevin Durant,Nenad Krstic,Russell Westbrook,Thabo Sefolosha,Andres Nocioni,Beno Udrih,Jason Thompson,Spencer Hawes,Tyreke Evans,3,9:11,SAC,rebound,,,,,,,,,,Jason Thompson,,,,,,off,,
Jeff Green,Kevin Durant,Nenad Krstic,Russell Westbrook,Thabo Sefolosha,Andres Nocioni,Beno Udrih,Jason Thompson,Spencer Hawes,Tyreke Evans,3,9:11,SAC,shot,,,,,,,,,,Jason Thompson,,,,missed,,tip,25,6
Jeff Green,Kevin Durant,Nenad Krstic,Russell Westbrook,Thabo Sefolosha,Andres Nocioni,Beno Udrih,Jason Thompson,Spencer Hawes,Tyreke Evans,3,9:10,OKC,rebound,,,,,,,,,,Nenad Krstic,,,,,,def,,
Jeff Green,Kevin Durant,Nenad Krstic,Russell Westbrook,Thabo Sefolosha,Andres Nocioni,Beno Udrih,Jason Thompson,Spencer Hawes,Tyreke Evans,3,8:56,OKC,shot,,,,,,,,,,Russell Westbrook,,,,missed,,jump,14,23
Jeff Green,Kevin Durant,Nenad Krstic,Russell Westbrook,Thabo Sefolosha,Andres Nocioni,Beno Udrih,Jason Thompson,Spencer Hawes,Tyreke Evans,3,8:55,SAC,rebound,,,,,,,,,,Spencer Hawes,,,,,,def,,
Jeff Green,Kevin Durant,Nenad Krstic,Russell Westbrook,Thabo Sefolosha,Andres Nocioni,Beno Udrih,Jason Thompson,Spencer Hawes,Tyreke Evans,3,8:37,SAC,shot,Tyreke Evans,,,,,,,,,Jason Thompson,2,,,made,,jump,7,6
Jeff Green,Kevin Durant,Nenad Krstic,Russell Westbrook,Thabo Sefolosha,Andres Nocioni,Beno Udrih,Jason Thompson,Spencer Hawes,Tyreke Evans,3,8:33,OKC,timeout,,,,,,,,,,,,,,,,regular,,
Jeff Green,Kevin Durant,Nenad Krstic,Russell Westbrook,Thabo Sefolosha,Andres Nocioni,Beno Udrih,Jason Thompson,Spencer Hawes,Tyreke Evans,3,8:15,OKC,shot,,,,,,,,,,Thabo Sefolosha,,,,missed,,3pt,1,12
Jeff Green,Kevin Durant,Nenad Krstic,Russell Westbrook,Thabo Sefolosha,Andres Nocioni,Beno Udrih,Jason Thompson,Spencer Hawes,Tyreke Evans,3,8:14,SAC,rebound,,,,,,,,,,Tyreke Evans,,,,,,def,,
Jeff Green,Kevin Durant,Nenad Krstic,Russell Westbrook,Thabo Sefolosha,Andres Nocioni,Beno Udrih,Jason Thompson,Spencer Hawes,Tyreke Evans,3,7:55,SAC,shot,,,,,,,,,,Jason Thompson,,,,missed,,jump,42,9
Jeff Green,Kevin Durant,Nenad Krstic,Russell Westbrook,Thabo Sefolosha,Andres Nocioni,Beno Udrih,Jason Thompson,Spencer Hawes,Tyreke Evans,3,7:52,OKC,rebound,,,,,,,,,,Nenad Krstic,,,,,,def,,
Jeff Green,Kevin Durant,Nenad Krstic,Russell Westbrook,Thabo Sefolosha,Andres Nocioni,Beno Udrih,Jason Thompson,Spencer Hawes,Tyreke Evans,3,7:49,OKC,turnover,,,,,,,,,,Nenad Krstic,,,bad pass,,Jason Thompson,,,
Jeff Green,Kevin Durant,Nenad Krstic,Russell Westbrook,Thabo Sefolosha,Andres Nocioni,Beno Udrih,Jason Thompson,Spencer Hawes,Tyreke Evans,3,7:49,SAC,shot,,,Thabo Sefolosha,,,,,,,Spencer Hawes,,,,missed,,jump,28,7
Jeff Green,Kevin Durant,Nenad Krstic,Russell Westbrook,Thabo Sefolosha,Andres Nocioni,Beno Udrih,Jason Thompson,Spencer Hawes,Tyreke Evans,3,7:49,OKC,rebound,,,,,,,,,,Russell Westbrook,,,,,,def,,
Jeff Green,Kevin Durant,Nenad Krstic,Russell Westbrook,Thabo Sefolosha,Andres Nocioni,Beno Udrih,Jason Thompson,Spencer Hawes,Tyreke Evans,3,7:41,OKC,shot,,,,,,,,,,Russell Westbrook,2,,,made,,layup,25,6
Jeff Green,Kevin Durant,Nenad Krstic,Russell Westbrook,Thabo Sefolosha,Andres Nocioni,Beno Udrih,Jason Thompson,Spencer Hawes,Tyreke Evans,3,7:31,OKC,foul,,,,,,,,Beno Udrih,,Russell Westbrook,,,,,,personal,,
Jeff Green,Kevin Durant,Nenad Krstic,Russell Westbrook,Thabo Sefolosha,Andres Nocioni,Beno Udrih,Jason Thompson,Spencer Hawes,Tyreke Evans,3,7:22,OKC,foul,,,,,,,,Jason Thompson,,Russell Westbrook,,,,,,shooting,,
Jeff Green,Kevin Durant,Nenad Krstic,Russell Westbrook,Thabo Sefolosha,Andres Nocioni,Beno Udrih,Jason Thompson,Spencer Hawes,Tyreke Evans,3,7:22,SAC,free throw,,,,,,,1,,2,Jason Thompson,,,foul,made,,,,
Jeff Green,Kevin Durant,Nenad Krstic,Russell Westbrook,Thabo Sefolosha,Andres Nocioni,Beno Udrih,Jason Thompson,Spencer Hawes,Tyreke Evans,3,7:22,SAC,free throw,,,,,,,2,,2,Jason Thompson,,,foul,made,,,,
Jeff Green,Kevin Durant,Nenad Krstic,Russell Westbrook,Thabo Sefolosha,Andres Nocioni,Beno Udrih,Jason Thompson,Spencer Hawes,Tyreke Evans,3,7:09,OKC,shot,,,,,,,,,,Kevin Durant,2,,,made,,jump,26,20
Jeff Green,Kevin Durant,Nenad Krstic,Russell Westbrook,Thabo Sefolosha,Andres Nocioni,Beno Udrih,Jason Thompson,Spencer Hawes,Tyreke Evans,3,7:09,SAC,foul,,,,,,,,Kevin Durant,,Beno Udrih,,,,,,shooting,,
Jeff Green,Kevin Durant,Nenad Krstic,Russell Westbrook,Thabo Sefolosha,Andres Nocioni,Beno Udrih,Jason Thompson,Spencer Hawes,Tyreke Evans,3,7:09,OKC,free throw,,,,,,,1,,1,Kevin Durant,,,foul,made,,,,
Jeff Green,Kevin Durant,Nenad Krstic,Russell Westbrook,Thabo Sefolosha,Andres Nocioni,Beno Udrih,Jason Thompson,Spencer Hawes,Tyreke Evans,3,6:55,OKC,foul,,,,,,,,Tyreke Evans,,Nenad Krstic,,,,,,shooting,,
Jeff Green,Kevin Durant,Nenad Krstic,Russell Westbrook,Thabo Sefolosha,Andres Nocioni,Beno Udrih,Jason Thompson,Spencer Hawes,Tyreke Evans,3,6:55,SAC,free throw,,,,,,,1,,2,Tyreke Evans,,,foul,made,,,,
Jeff Green,Kevin Durant,Nenad Krstic,Russell Westbrook,Thabo Sefolosha,Andres Nocioni,Beno Udrih,Jason Thompson,Spencer Hawes,Tyreke Evans,3,6:55,SAC,free throw,,,,,,,2,,2,Tyreke Evans,,,foul,made,,,,
Jeff Green,Kevin Durant,Nenad Krstic,Russell Westbrook,Thabo Sefolosha,Andres Nocioni,Beno Udrih,Jason Thompson,Spencer Hawes,Tyreke Evans,3,6:41,OKC,shot,,,,,,,,,,Jeff Green,,,,missed,,dunk,25,6
Jeff Green,Kevin Durant,Nenad Krstic,Russell Westbrook,Thabo Sefolosha,Andres Nocioni,Beno Udrih,Jason Thompson,Spencer Hawes,Tyreke Evans,3,6:40,OKC,rebound,,,,,,,,,,Nenad Krstic,,,,,,off,,
Jeff Green,Kevin Durant,Nenad Krstic,Russell Westbrook,Thabo Sefolosha,Andres Nocioni,Beno Udrih,Jason Thompson,Spencer Hawes,Tyreke Evans,3,6:36,OKC,shot,,,,,,,,,,Thabo Sefolosha,,,,missed,,3pt,48,9
Jeff Green,Kevin Durant,Nenad Krstic,Russell Westbrook,Thabo Sefolosha,Andres Nocioni,Beno Udrih,Jason Thompson,Spencer Hawes,Tyreke Evans,3,6:34,SAC,rebound,,,,,,,,,,Tyreke Evans,,,,,,def,,
Jeff Green,Kevin Durant,Nenad Krstic,Russell Westbrook,Thabo Sefolosha,Andres Nocioni,Beno Udrih,Jason Thompson,Spencer Hawes,Tyreke Evans,3,6:30,SAC,shot,,,,,,,,,,Tyreke Evans,,,,missed,,layup,25,6
Jeff Green,Kevin Durant,Nenad Krstic,Russell Westbrook,Thabo Sefolosha,Andres Nocioni,Beno Udrih,Jason Thompson,Spencer Hawes,Tyreke Evans,3,6:27,OKC,rebound,,,,,,,,,,Jeff Green,,,,,,def,,
Jeff Green,Kevin Durant,Nenad Krstic,Russell Westbrook,Thabo Sefolosha,Andres Nocioni,Beno Udrih,Jason Thompson,Spencer Hawes,Tyreke Evans,3,6:23,OKC,shot,Thabo Sefolosha,,,,,,,,,Nenad Krstic,2,,,made,,dunk,25,6
Jeff Green,Kevin Durant,Nenad Krstic,Russell Westbrook,Thabo Sefolosha,Andres Nocioni,Beno Udrih,Jason Thompson,Spencer Hawes,Tyreke Evans,3,6:05,SAC,turnover,,,,,,,,,,Beno Udrih,,,lost ball,,Thabo Sefolosha,,,
Jeff Green,Kevin Durant,Nenad Krstic,Russell Westbrook,Thabo Sefolosha,Andres Nocioni,Beno Udrih,Jason Thompson,Spencer Hawes,Tyreke Evans,3,6:02,OKC,shot,Thabo Sefolosha,,,,,,,,,Nenad Krstic,2,,,made,,layup,25,6
Jeff Green,Kevin Durant,Nenad Krstic,Russell Westbrook,Thabo Sefolosha,Andres Nocioni,Beno Udrih,Jason Thompson,Spencer Hawes,Tyreke Evans,3,6:00,SAC,timeout,,,,,,,,,,,,,,,,regular,,
Jeff Green,Kevin Durant,Nenad Krstic,Russell Westbrook,Thabo Sefolosha,Andres Nocioni,Beno Udrih,Jason Thompson,Spencer Hawes,Tyreke Evans,3,5:40,SAC,shot,,,,,,,,,,Andres Nocioni,2,,,made,,jump,11,9
Jeff Green,Kevin Durant,Nenad Krstic,Russell Westbrook,Thabo Sefolosha,Andres Nocioni,Beno Udrih,Jason Thompson,Spencer Hawes,Tyreke Evans,3,5:20,OKC,shot,,,,,,,,,,Kevin Durant,2,,,made,,turnaround jump,37,9
Jeff Green,Kevin Durant,Nenad Krstic,Russell Westbrook,Thabo Sefolosha,Andres Nocioni,Beno Udrih,Jason Thompson,Spencer Hawes,Tyreke Evans,3,4:56,SAC,shot,Tyreke Evans,,,,,,,,,Spencer Hawes,2,,,made,,jump hook,19,7
Jeff Green,Kevin Durant,Nenad Krstic,Russell Westbrook,Thabo Sefolosha,Andres Nocioni,Beno Udrih,Jason Thompson,Spencer Hawes,Tyreke Evans,3,4:46,OKC,shot,,,,,,,,,,Jeff Green,,,,missed,,jump,7,14
Jeff Green,Kevin Durant,Nenad Krstic,Russell Westbrook,Thabo Sefolosha,Andres Nocioni,Beno Udrih,Jason Thompson,Spencer Hawes,Tyreke Evans,3,4:45,SAC,rebound,,,,,,,,,,Beno Udrih,,,,,,def,,
Jeff Green,Kevin Durant,Nenad Krstic,Russell Westbrook,Thabo Sefolosha,Andres Nocioni,Beno Udrih,Jason Thompson,Spencer Hawes,Tyreke Evans,3,4:38,SAC,shot,,,,,,,,,,Tyreke Evans,,,,missed,,layup,25,6
Jeff Green,Kevin Durant,Nenad Krstic,Russell Westbrook,Thabo Sefolosha,Andres Nocioni,Beno Udrih,Jason Thompson,Spencer Hawes,Tyreke Evans,3,4:37,OKC,rebound,,,,,,,,,,Nenad Krstic,,,,,,def,,
Jeff Green,Kevin Durant,Nenad Krstic,Russell Westbrook,Thabo Sefolosha,Andres Nocioni,Beno Udrih,Jason Thompson,Spencer Hawes,Tyreke Evans,3,4:26,OKC,shot,Russell Westbrook,,,,,,,,,Nenad Krstic,2,,,made,,layup,25,6
Jeff Green,Kevin Durant,Nenad Krstic,Russell Westbrook,Thabo Sefolosha,Andres Nocioni,Beno Udrih,Jason Thompson,Spencer Hawes,Tyreke Evans,3,4:26,SAC,foul,,,,,,,,Nenad Krstic,,Tyreke Evans,,,,,,shooting,,
Kevin Durant,Nenad Krstic,Nick Collison,Russell Westbrook,Thabo Sefolosha,Andres Nocioni,Beno Udrih,Jason Thompson,Spencer Hawes,Tyreke Evans,3,4:26,OKC,sub,,,,Nick Collison,,Jeff Green,,,,,,,,,,,,
Kevin Durant,Kevin Ollie,Nenad Krstic,Nick Collison,Thabo Sefolosha,Andres Nocioni,Beno Udrih,Jason Thompson,Spencer Hawes,Tyreke Evans,3,4:26,OKC,sub,,,,Kevin Ollie,,Russell Westbrook,,,,,,,,,,,,
Kevin Durant,Kevin Ollie,Nenad Krstic,Nick Collison,Thabo Sefolosha,Andres Nocioni,Jason Thompson,Omri Casspi,Spencer Hawes,Tyreke Evans,3,4:26,SAC,sub,,,,Omri Casspi,,Beno Udrih,,,,,,,,,,,,
Kevin Durant,Kevin Ollie,Nenad Krstic,Nick Collison,Thabo Sefolosha,Andres Nocioni,Jason Thompson,Omri Casspi,Spencer Hawes,Tyreke Evans,3,4:26,OKC,free throw,,,,,,,1,,1,Nenad Krstic,,,foul,made,,,,
Kevin Durant,Kevin Ollie,Nenad Krstic,Nick Collison,Thabo Sefolosha,Andres Nocioni,Jason Thompson,Omri Casspi,Spencer Hawes,Tyreke Evans,3,4:09,SAC,shot,,,,,,,,,,Tyreke Evans,,,,missed,,3pt,19,30
Kevin Durant,Kevin Ollie,Nenad Krstic,Nick Collison,Thabo Sefolosha,Andres Nocioni,Jason Thompson,Omri Casspi,Spencer Hawes,Tyreke Evans,3,4:07,OKC,rebound,,,,,,,,,,Nenad Krstic,,,,,,def,,
Kevin Durant,Kevin Ollie,Nenad Krstic,Nick Collison,Thabo Sefolosha,Andres Nocioni,Jason Thompson,Omri Casspi,Spencer Hawes,Tyreke Evans,3,4:00,SAC,foul,,,,,,,,Kevin Durant,,Spencer Hawes,,,,,,shooting,,
Kevin Durant,Kevin Ollie,Nenad Krstic,Nick Collison,Thabo Sefolosha,Andres Nocioni,Jason Thompson,Omri Casspi,Spencer Hawes,Tyreke Evans,3,4:00,OKC,free throw,,,,,,,1,,2,Kevin Durant,,,foul,made,,,,
Kevin Durant,Kevin Ollie,Nenad Krstic,Nick Collison,Thabo Sefolosha,Andres Nocioni,Jason Thompson,Kenny Thomas,Omri Casspi,Tyreke Evans,3,4:00,SAC,sub,,,,Kenny Thomas,,Spencer Hawes,,,,,,,,,,,,
Kevin Durant,Kevin Ollie,Nenad Krstic,Nick Collison,Thabo Sefolosha,Andres Nocioni,Jason Thompson,Kenny Thomas,Omri Casspi,Tyreke Evans,3,4:00,OKC,free throw,,,,,,,2,,2,Kevin Durant,,,foul,made,,,,
Kevin Durant,Kevin Ollie,Nenad Krstic,Nick Collison,Thabo Sefolosha,Andres Nocioni,Jason Thompson,Kenny Thomas,Omri Casspi,Tyreke Evans,3,3:49,OKC,foul,,,,,,,,Jason Thompson,,Thabo Sefolosha,,,,,,personal,,
Kevin Durant,Kevin Ollie,Nenad Krstic,Nick Collison,Thabo Sefolosha,Andres Nocioni,Jason Thompson,Kenny Thomas,Omri Casspi,Tyreke Evans,3,3:49,SAC,free throw,,,,,,,1,,2,Jason Thompson,,,foul,made,,,,
Kevin Durant,Kevin Ollie,Nenad Krstic,Nick Collison,Thabo Sefolosha,Andres Nocioni,Jason Thompson,Kenny Thomas,Omri Casspi,Tyreke Evans,3,3:49,SAC,free throw,,,,,,,2,,2,Jason Thompson,,,foul,made,,,,
Kevin Durant,Kevin Ollie,Nenad Krstic,Nick Collison,Thabo Sefolosha,Andres Nocioni,Jason Thompson,Kenny Thomas,Omri Casspi,Tyreke Evans,3,3:30,OKC,shot,,,,,,,,,,Kevin Durant,,,,missed,,jump,22,15
Kevin Durant,Kevin Ollie,Nenad Krstic,Nick Collison,Thabo Sefolosha,Andres Nocioni,Jason Thompson,Kenny Thomas,Omri Casspi,Tyreke Evans,3,3:29,SAC,rebound,,,,,,,,,,Andres Nocioni,,,,,,def,,
Kevin Durant,Kevin Ollie,Nenad Krstic,Nick Collison,Thabo Sefolosha,Andres Nocioni,Jason Thompson,Kenny Thomas,Omri Casspi,Tyreke Evans,3,3:25,SAC,shot,Andres Nocioni,,,,,,,,,Tyreke Evans,2,,,made,,driving layup,25,6
Kevin Durant,Kevin Ollie,Nenad Krstic,Nick Collison,Thabo Sefolosha,Andres Nocioni,Jason Thompson,Kenny Thomas,Omri Casspi,Tyreke Evans,3,3:08,OKC,turnover,,,,,,,,,,Nick Collison,,,bad pass,,Omri Casspi,,,
Kevin Durant,Kevin Ollie,Nenad Krstic,Nick Collison,Thabo Sefolosha,Andres Nocioni,Jason Thompson,Kenny Thomas,Omri Casspi,Tyreke Evans,3,2:58,SAC,shot,Omri Casspi,,,,,,,,,Andres Nocioni,2,,,made,,hook,30,7
Kevin Durant,Kevin Ollie,Nenad Krstic,Nick Collison,Thabo Sefolosha,Andres Nocioni,Jason Thompson,Kenny Thomas,Omri Casspi,Tyreke Evans,3,2:42,SAC,foul,,,,,,,,Kevin Durant,,Tyreke Evans,,,,,,shooting,,
Kevin Durant,Kevin Ollie,Nenad Krstic,Nick Collison,Thabo Sefolosha,Andres Nocioni,Jason Thompson,Kenny Thomas,Omri Casspi,Tyreke Evans,3,2:42,OKC,free throw,,,,,,,1,,2,Kevin Durant,,,foul,made,,,,
Kevin Durant,Kevin Ollie,Nenad Krstic,Nick Collison,Thabo Sefolosha,Andres Nocioni,Beno Udrih,Jason Thompson,Kenny Thomas,Omri Casspi,3,2:42,SAC,sub,,,,Beno Udrih,,Tyreke Evans,,,,,,,,,,,,
James Harden,Kevin Durant,Kevin Ollie,Nenad Krstic,Nick Collison,Andres Nocioni,Beno Udrih,Jason Thompson,Kenny Thomas,Omri Casspi,3,2:42,OKC,sub,,,,James Harden,,Thabo Sefolosha,,,,,,,,,,,,
James Harden,Kevin Durant,Kevin Ollie,Nenad Krstic,Nick Collison,Andres Nocioni,Beno Udrih,Jason Thompson,Kenny Thomas,Omri Casspi,3,2:42,OKC,free throw,,,,,,,2,,2,Kevin Durant,,,foul,made,,,,
James Harden,Kevin Durant,Kevin Ollie,Nenad Krstic,Nick Collison,Andres Nocioni,Beno Udrih,Jason Thompson,Kenny Thomas,Omri Casspi,3,2:18,SAC,shot,,,,,,,,,,Andres Nocioni,,,,missed,,running hook,20,12
James Harden,Kevin Durant,Kevin Ollie,Nenad Krstic,Nick Collison,Andres Nocioni,Beno Udrih,Jason Thompson,Kenny Thomas,Omri Casspi,3,2:16,SAC,rebound,,,,,,,,,,Jason Thompson,,,,,,off,,
James Harden,Kevin Durant,Kevin Ollie,Nenad Krstic,Nick Collison,Andres Nocioni,Beno Udrih,Jason Thompson,Kenny Thomas,Omri Casspi,3,2:02,OKC,foul,,,,,,,,Beno Udrih,,Kevin Ollie,,,,,,shooting,,
James Harden,Kevin Durant,Kevin Ollie,Nenad Krstic,Nick Collison,Andres Nocioni,Beno Udrih,Jason Thompson,Kenny Thomas,Omri Casspi,3,2:02,SAC,free throw,,,,,,,1,,2,Beno Udrih,,,foul,made,,,,
James Harden,Kevin Durant,Kevin Ollie,Nenad Krstic,Nick Collison,Andres Nocioni,Beno Udrih,Jason Thompson,Kenny Thomas,Omri Casspi,3,2:02,SAC,free throw,,,,,,,2,,2,Beno Udrih,,,foul,made,,,,
James Harden,Kevin Durant,Kevin Ollie,Nenad Krstic,Nick Collison,Andres Nocioni,Beno Udrih,Jason Thompson,Kenny Thomas,Omri Casspi,3,1:56,SAC,foul,,,,,,,,Kevin Durant,,Andres Nocioni,,,,,,personal,,
James Harden,Kevin Durant,Kevin Ollie,Nenad Krstic,Nick Collison,Andres Nocioni,Beno Udrih,Jason Thompson,Kenny Thomas,Omri Casspi,3,1:56,OKC,free throw,,,,,,,1,,2,Kevin Durant,,,foul,made,,,,
James Harden,Kevin Durant,Kevin Ollie,Nenad Krstic,Nick Collison,Andres Nocioni,Beno Udrih,Jason Thompson,Kenny Thomas,Omri Casspi,3,1:56,OKC,free throw,,,,,,,2,,2,Kevin Durant,,,foul,made,,,,
James Harden,Kevin Durant,Kevin Ollie,Nenad Krstic,Nick Collison,Andres Nocioni,Beno Udrih,Jason Thompson,Kenny Thomas,Omri Casspi,3,1:44,SAC,shot,,,,,,,,,,Andres Nocioni,,,,missed,,3pt,11,27
James Harden,Kevin Durant,Kevin Ollie,Nenad Krstic,Nick Collison,Andres Nocioni,Beno Udrih,Jason Thompson,Kenny Thomas,Omri Casspi,3,1:43,SAC,rebound,,,,,,,,,,Kenny Thomas,,,,,,off,,
James Harden,Kevin Durant,Kevin Ollie,Nenad Krstic,Nick Collison,Andres Nocioni,Beno Udrih,Jason Thompson,Kenny Thomas,Omri Casspi,3,1:43,SAC,turnover,,,,,,,,,,Kenny Thomas,,,step out of bounds turnover,,,,,
James Harden,Kevin Durant,Kevin Ollie,Nenad Krstic,Nick Collison,Andres Nocioni,Beno Udrih,Jason Thompson,Kenny Thomas,Omri Casspi,3,1:27,OKC,shot,,,,,,,,,,Kevin Durant,2,,,made,,pullup jump,10,20
James Harden,Kevin Durant,Kevin Ollie,Nenad Krstic,Nick Collison,Andres Nocioni,Beno Udrih,Jason Thompson,Kenny Thomas,Omri Casspi,3,1:07,OKC,foul,,,,,,,,Jason Thompson,,Nick Collison,,,,,,personal,,
James Harden,Kevin Durant,Kevin Ollie,Nenad Krstic,Nick Collison,Andres Nocioni,Beno Udrih,Jason Thompson,Kenny Thomas,Omri Casspi,3,1:07,SAC,free throw,,,,,,,1,,2,Jason Thompson,,,foul,made,,,,
James Harden,Kevin Durant,Kevin Ollie,Nenad Krstic,Nick Collison,Andres Nocioni,Beno Udrih,Jason Thompson,Kenny Thomas,Omri Casspi,3,1:07,SAC,free throw,,,,,,,2,,2,Jason Thompson,,,foul,made,,,,
James Harden,Kevin Durant,Kevin Ollie,Nenad Krstic,Nick Collison,Andres Nocioni,Beno Udrih,Jason Thompson,Kenny Thomas,Omri Casspi,3,0:45,OKC,shot,,,,,,,,,,James Harden,,,,missed,,3pt,47,8
James Harden,Kevin Durant,Kevin Ollie,Nenad Krstic,Nick Collison,Andres Nocioni,Beno Udrih,Jason Thompson,Kenny Thomas,Omri Casspi,3,0:41,SAC,rebound,,,,,,,,,,Beno Udrih,,,,,,def,,
James Harden,Kevin Durant,Kevin Ollie,Nenad Krstic,Nick Collison,Andres Nocioni,Beno Udrih,Jason Thompson,Kenny Thomas,Omri Casspi,3,0:38,SAC,shot,,,,,,,,,,Beno Udrih,,,,missed,,layup,25,6
James Harden,Kevin Durant,Kevin Ollie,Nenad Krstic,Nick Collison,Andres Nocioni,Beno Udrih,Jason Thompson,Kenny Thomas,Omri Casspi,3,0:37,SAC,rebound,,,,,,,,,,Kenny Thomas,,,,,,off,,
James Harden,Kevin Durant,Kevin Ollie,Nenad Krstic,Nick Collison,Andres Nocioni,Beno Udrih,Jason Thompson,Kenny Thomas,Omri Casspi,3,0:37,OKC,foul,,,,,,,,Kenny Thomas,,Nick Collison,,,,,,shooting,,
James Harden,Kevin Durant,Kevin Ollie,Nenad Krstic,Nick Collison,Andres Nocioni,Beno Udrih,Kenny Thomas,Omri Casspi,Spencer Hawes,3,0:37,SAC,sub,,,,Spencer Hawes,,Jason Thompson,,,,,,,,,,,,
James Harden,Kevin Durant,Kevin Ollie,Nenad Krstic,Nick Collison,Andres Nocioni,Beno Udrih,Kenny Thomas,Omri Casspi,Spencer Hawes,3,0:37,SAC,free throw,,,,,,,1,,2,Kenny Thomas,,,foul,made,,,,
James Harden,Kevin Durant,Kevin Ollie,Nenad Krstic,Nick Collison,Andres Nocioni,Beno Udrih,Kenny Thomas,Omri Casspi,Spencer Hawes,3,0:37,SAC,free throw,,,,,,,2,,2,Kenny Thomas,,,foul,made,,,,
James Harden,Kevin Durant,Kevin Ollie,Nenad Krstic,Nick Collison,Andres Nocioni,Beno Udrih,Kenny Thomas,Omri Casspi,Spencer Hawes,3,0:31,SAC,foul,,,,,,,,Kevin Durant,,Kenny Thomas,,,,,,shooting,,
James Harden,Kevin Durant,Kevin Ollie,Nenad Krstic,Nick Collison,Andres Nocioni,Beno Udrih,Kenny Thomas,Omri Casspi,Spencer Hawes,3,0:31,OKC,free throw,,,,,,,1,,2,Kevin Durant,,,foul,made,,,,
James Harden,Kevin Durant,Kevin Ollie,Nenad Krstic,Nick Collison,Andres Nocioni,Beno Udrih,Donte Greene,Omri Casspi,Spencer Hawes,3,0:31,SAC,sub,,,,Donte Greene,,Kenny Thomas,,,,,,,,,,,,
James Harden,Kevin Durant,Kevin Ollie,Nenad Krstic,Nick Collison,Andres Nocioni,Beno Udrih,Donte Greene,Omri Casspi,Spencer Hawes,3,0:31,OKC,free throw,,,,,,,2,,2,Kevin Durant,,,foul,made,,,,
James Harden,Kevin Durant,Kevin Ollie,Nenad Krstic,Nick Collison,Andres Nocioni,Beno Udrih,Donte Greene,Omri Casspi,Spencer Hawes,3,0:13,SAC,shot,Beno Udrih,,,,,,,,,Omri Casspi,3,,,made,,3pt,6,23
James Harden,Kevin Durant,Kevin Ollie,Nenad Krstic,Nick Collison,Andres Nocioni,Beno Udrih,Donte Greene,Omri Casspi,Spencer Hawes,3,0:04,OKC,shot,,,Spencer Hawes,,,,,,,Kevin Durant,,,,missed,,jump,16,8
James Harden,Kevin Durant,Kevin Ollie,Nenad Krstic,Nick Collison,Andres Nocioni,Beno Udrih,Donte Greene,Omri Casspi,Spencer Hawes,3,0:02,SAC,rebound,,,,,,,,,,Spencer Hawes,,,,,,def,,
James Harden,Kevin Durant,Kevin Ollie,Nenad Krstic,Nick Collison,Andres Nocioni,Beno Udrih,Donte Greene,Omri Casspi,Spencer Hawes,3,0:00,SAC,turnover,,,,,,,,,,Beno Udrih,,,bad pass,,,,,
Etan Thomas,James Harden,Jeff Green,Kevin Ollie,Nick Collison,Andres Nocioni,Beno Udrih,Donte Greene,Omri Casspi,Spencer Hawes,4,11:49,OKC,foul,,,,,,,,Omri Casspi,,James Harden,,,,,,personal,,
Etan Thomas,James Harden,Jeff Green,Kevin Ollie,Nick Collison,Andres Nocioni,Beno Udrih,Donte Greene,Omri Casspi,Spencer Hawes,4,11:39,SAC,shot,,,,,,,,,,Beno Udrih,,,,missed,,jump,35,18
Etan Thomas,James Harden,Jeff Green,Kevin Ollie,Nick Collison,Andres Nocioni,Beno Udrih,Donte Greene,Omri Casspi,Spencer Hawes,4,11:38,OKC,rebound,,,,,,,,,,Etan Thomas,,,,,,def,,
Etan Thomas,James Harden,Jeff Green,Kevin Ollie,Nick Collison,Andres Nocioni,Beno Udrih,Donte Greene,Omri Casspi,Spencer Hawes,4,11:27,OKC,turnover,,,,,,,,,,James Harden,,,bad pass,,Donte Greene,,,
Etan Thomas,James Harden,Jeff Green,Kevin Ollie,Nick Collison,Andres Nocioni,Beno Udrih,Donte Greene,Omri Casspi,Spencer Hawes,4,11:25,OKC,foul,,,,,,,,Donte Greene,,Kevin Ollie,,,,,,personal,,
Etan Thomas,James Harden,Jeff Green,Kevin Ollie,Nick Collison,Beno Udrih,Donte Greene,Jason Thompson,Omri Casspi,Spencer Hawes,4,11:25,SAC,sub,,,,Jason Thompson,,Andres Nocioni,,,,,,,,,,,,
Etan Thomas,James Harden,Jeff Green,Kevin Ollie,Nick Collison,Beno Udrih,Donte Greene,Jason Thompson,Omri Casspi,Spencer Hawes,4,11:14,OKC,foul,,,,,,,,,,Nick Collison,,,,,,defense 3 second,,
Etan Thomas,James Harden,Jeff Green,Kevin Ollie,Nick Collison,Beno Udrih,Donte Greene,Jason Thompson,Omri Casspi,Spencer Hawes,4,11:14,SAC,free throw,,,,,,,1,,1,Omri Casspi,,,technical,made,,,,
Etan Thomas,James Harden,Jeff Green,Kevin Ollie,Nick Collison,Beno Udrih,Donte Greene,Jason Thompson,Omri Casspi,Spencer Hawes,4,11:07,SAC,shot,Spencer Hawes,,,,,,,,,Omri Casspi,2,,,made,,alley oop layup,25,6
Etan Thomas,James Harden,Jeff Green,Kevin Ollie,Nick Collison,Beno Udrih,Donte Greene,Jason Thompson,Omri Casspi,Spencer Hawes,4,11:04,OKC,timeout,,,,,,,,,,,,,,,,regular,,
Etan Thomas,James Harden,Jeff Green,Nick Collison,Russell Westbrook,Beno Udrih,Donte Greene,Jason Thompson,Omri Casspi,Spencer Hawes,4,11:04,OKC,sub,,,,Russell Westbrook,,Kevin Ollie,,,,,,,,,,,,
Etan Thomas,James Harden,Jeff Green,Nick Collison,Russell Westbrook,Beno Udrih,Donte Greene,Jason Thompson,Omri Casspi,Spencer Hawes,4,10:43,SAC,foul,,,,,,,,James Harden,,Spencer Hawes,,,,,,personal,,
Etan Thomas,James Harden,Jeff Green,Nick Collison,Russell Westbrook,Beno Udrih,Donte Greene,Jason Thompson,Omri Casspi,Spencer Hawes,4,10:38,OKC,shot,,,,,,,,,,Russell Westbrook,,,,missed,,jump,31,23
Etan Thomas,James Harden,Jeff Green,Nick Collison,Russell Westbrook,Beno Udrih,Donte Greene,Jason Thompson,Omri Casspi,Spencer Hawes,4,10:36,SAC,rebound,,,,,,,,,,Jason Thompson,,,,,,def,,
Etan Thomas,James Harden,Jeff Green,Nick Collison,Russell Westbrook,Beno Udrih,Donte Greene,Jason Thompson,Omri Casspi,Spencer Hawes,4,10:25,SAC,turnover,,,,,,,,,,Jason Thompson,,,bad pass,,,,,
Etan Thomas,James Harden,Jeff Green,Kevin Durant,Russell Westbrook,Beno Udrih,Donte Greene,Jason Thompson,Omri Casspi,Spencer Hawes,4,10:25,OKC,sub,,,,Kevin Durant,,Nick Collison,,,,,,,,,,,,
Etan Thomas,James Harden,Jeff Green,Kevin Durant,Russell Westbrook,Beno Udrih,Donte Greene,Jason Thompson,Omri Casspi,Spencer Hawes,4,10:03,OKC,shot,,,,,,,,,,Jeff Green,2,,,made,,jump,35,19
Etan Thomas,James Harden,Jeff Green,Kevin Durant,Russell Westbrook,Beno Udrih,Donte Greene,Jason Thompson,Omri Casspi,Spencer Hawes,4,9:36,SAC,shot,,,,,,,,,,Beno Udrih,,,,missed,,jump,15,11
Etan Thomas,James Harden,Jeff Green,Kevin Durant,Russell Westbrook,Beno Udrih,Donte Greene,Jason Thompson,Omri Casspi,Spencer Hawes,4,9:35,OKC,rebound,,,,,,,,,,Jeff Green,,,,,,def,,
Etan Thomas,James Harden,Jeff Green,Kevin Durant,Russell Westbrook,Beno Udrih,Donte Greene,Jason Thompson,Omri Casspi,Spencer Hawes,4,9:26,SAC,foul,,,,,,,,Kevin Durant,,Spencer Hawes,,,,,,shooting,,
Etan Thomas,James Harden,Jeff Green,Kevin Durant,Russell Westbrook,Beno Udrih,Donte Greene,Jason Thompson,Omri Casspi,Spencer Hawes,4,9:26,SAC,timeout,,,,,,,,,,,,,,,,short,,
Etan Thomas,James Harden,Jeff Green,Kevin Durant,Russell Westbrook,Donte Greene,Jason Thompson,Omri Casspi,Spencer Hawes,Tyreke Evans,4,9:26,SAC,sub,,,,Tyreke Evans,,Beno Udrih,,,,,,,,,,,,
Etan Thomas,James Harden,Jeff Green,Kevin Durant,Russell Westbrook,Donte Greene,Jason Thompson,Omri Casspi,Spencer Hawes,Tyreke Evans,4,9:26,OKC,free throw,,,,,,,1,,2,Kevin Durant,,,foul,made,,,,
Etan Thomas,James Harden,Jeff Green,Kevin Durant,Russell Westbrook,Donte Greene,Jason Thompson,Omri Casspi,Spencer Hawes,Tyreke Evans,4,9:26,OKC,free throw,,,,,,,2,,2,Kevin Durant,,,foul,made,,,,
Etan Thomas,James Harden,Jeff Green,Kevin Durant,Russell Westbrook,Donte Greene,Jason Thompson,Omri Casspi,Spencer Hawes,Tyreke Evans,4,9:01,SAC,shot,,,,,,,,,,Spencer Hawes,,,,missed,,jump,40,21
Etan Thomas,James Harden,Jeff Green,Kevin Durant,Russell Westbrook,Donte Greene,Jason Thompson,Omri Casspi,Spencer Hawes,Tyreke Evans,4,9:00,OKC,rebound,,,,,,,,,,Kevin Durant,,,,,,def,,
Etan Thomas,James Harden,Jeff Green,Kevin Durant,Russell Westbrook,Donte Greene,Jason Thompson,Omri Casspi,Spencer Hawes,Tyreke Evans,4,8:51,OKC,shot,,,,,,,,,,Kevin Durant,2,,,made,,jump,21,24
Etan Thomas,James Harden,Jeff Green,Kevin Durant,Russell Westbrook,Donte Greene,Jason Thompson,Omri Casspi,Spencer Hawes,Tyreke Evans,4,8:28,SAC,turnover,,,,,,,,,,Tyreke Evans,,,bad pass,,Jeff Green,,,
Etan Thomas,James Harden,Jeff Green,Kevin Durant,Russell Westbrook,Donte Greene,Jason Thompson,Omri Casspi,Spencer Hawes,Tyreke Evans,4,8:24,SAC,foul,,,,,,,,Jeff Green,,Tyreke Evans,,,,,,personal,,
Etan Thomas,James Harden,Jeff Green,Kevin Durant,Russell Westbrook,Andres Nocioni,Jason Thompson,Omri Casspi,Spencer Hawes,Tyreke Evans,4,8:24,SAC,sub,,,,Andres Nocioni,,Donte Greene,,,,,,,,,,,,
Etan Thomas,James Harden,Jeff Green,Kevin Durant,Russell Westbrook,Andres Nocioni,Beno Udrih,Jason Thompson,Omri Casspi,Spencer Hawes,4,8:24,SAC,sub,,,,Beno Udrih,,Tyreke Evans,,,,,,,,,,,,
Etan Thomas,James Harden,Jeff Green,Kevin Durant,Russell Westbrook,Andres Nocioni,Beno Udrih,Jason Thompson,Omri Casspi,Spencer Hawes,4,8:17,OKC,shot,Russell Westbrook,,,,,,,,,Kevin Durant,2,,,made,,driving dunk,25,6
Etan Thomas,James Harden,Jeff Green,Kevin Durant,Russell Westbrook,Andres Nocioni,Beno Udrih,Jason Thompson,Omri Casspi,Spencer Hawes,4,8:17,SAC,foul,,,,,,,,Kevin Durant,,Omri Casspi,,,,,,shooting,,
Etan Thomas,James Harden,Jeff Green,Kevin Durant,Russell Westbrook,Andres Nocioni,Beno Udrih,Jason Thompson,Omri Casspi,Spencer Hawes,4,8:17,OKC,free throw,,,,,,,1,,1,Kevin Durant,,,foul,made,,,,
Etan Thomas,James Harden,Jeff Green,Kevin Durant,Russell Westbrook,Andres Nocioni,Beno Udrih,Jason Thompson,Omri Casspi,Spencer Hawes,4,8:05,OKC,foul,,,,,,,,Omri Casspi,,James Harden,,,,,,personal,,
Etan Thomas,James Harden,Jeff Green,Kevin Durant,Russell Westbrook,Andres Nocioni,Beno Udrih,Jason Thompson,Omri Casspi,Spencer Hawes,4,7:55,SAC,foul,,,,,,,,Russell Westbrook,,Jason Thompson,,,,,,offensive,,
Etan Thomas,James Harden,Jeff Green,Kevin Durant,Russell Westbrook,Andres Nocioni,Beno Udrih,Jason Thompson,Omri Casspi,Spencer Hawes,4,7:55,SAC,turnover,,,,,,,,,,Jason Thompson,,,foul,,,,,
Etan Thomas,James Harden,Jeff Green,Kevin Durant,Russell Westbrook,Andres Nocioni,Beno Udrih,Jason Thompson,Omri Casspi,Spencer Hawes,4,7:47,OKC,shot,,,,,,,,,,Russell Westbrook,,,,missed,,jump,25,13
Etan Thomas,James Harden,Jeff Green,Kevin Durant,Russell Westbrook,Andres Nocioni,Beno Udrih,Jason Thompson,Omri Casspi,Spencer Hawes,4,7:46,SAC,rebound,,,,,,,,,,,,,,,,,,
Etan Thomas,James Harden,Jeff Green,Kevin Durant,Russell Westbrook,Andres Nocioni,Beno Udrih,Jason Thompson,Omri Casspi,Spencer Hawes,4,7:46,OKC,foul,,,,,,,,Beno Udrih,,Etan Thomas,,,,,,loose ball,,
Etan Thomas,James Harden,Jeff Green,Kevin Durant,Russell Westbrook,Andres Nocioni,Beno Udrih,Jason Thompson,Omri Casspi,Spencer Hawes,4,7:30,SAC,shot,Beno Udrih,,,,,,,,,Andres Nocioni,3,,,made,,3pt,14,29
Etan Thomas,James Harden,Jeff Green,Kevin Durant,Russell Westbrook,Andres Nocioni,Beno Udrih,Jason Thompson,Omri Casspi,Spencer Hawes,4,7:30,OKC,foul,,,,,,,,Andres Nocioni,,Kevin Durant,,,,,,shooting,,
Etan Thomas,James Harden,Jeff Green,Kevin Durant,Russell Westbrook,Andres Nocioni,Beno Udrih,Jason Thompson,Omri Casspi,Spencer Hawes,4,7:30,SAC,free throw,,,,,,,1,,1,Andres Nocioni,,,foul,made,,,,
Etan Thomas,James Harden,Jeff Green,Kevin Durant,Russell Westbrook,Andres Nocioni,Beno Udrih,Jason Thompson,Omri Casspi,Spencer Hawes,4,7:12,OKC,shot,,,,,,,,,,Jeff Green,,,,missed,,jump,9,14
Etan Thomas,James Harden,Jeff Green,Kevin Durant,Russell Westbrook,Andres Nocioni,Beno Udrih,Jason Thompson,Omri Casspi,Spencer Hawes,4,7:10,SAC,rebound,,,,,,,,,,Omri Casspi,,,,,,def,,
Etan Thomas,James Harden,Jeff Green,Kevin Durant,Russell Westbrook,Andres Nocioni,Beno Udrih,Jason Thompson,Omri Casspi,Spencer Hawes,4,6:57,OKC,violation,,,,,,,,,,Russell Westbrook,,,,,,kicked ball,,
Etan Thomas,Jeff Green,Kevin Durant,Russell Westbrook,Thabo Sefolosha,Andres Nocioni,Beno Udrih,Jason Thompson,Omri Casspi,Spencer Hawes,4,6:57,OKC,sub,,,,Thabo Sefolosha,,James Harden,,,,,,,,,,,,
Etan Thomas,Jeff Green,Kevin Durant,Russell Westbrook,Thabo Sefolosha,Andres Nocioni,Beno Udrih,Jason Thompson,Omri Casspi,Spencer Hawes,4,6:43,SAC,turnover,,,,,,,,,,,,,shot clock turnover,,,,,
Etan Thomas,Jeff Green,Kevin Durant,Russell Westbrook,Thabo Sefolosha,Andres Nocioni,Beno Udrih,Jason Thompson,Omri Casspi,Spencer Hawes,4,6:36,SAC,foul,,,,,,,,Russell Westbrook,,Beno Udrih,,,,,,shooting,,
Etan Thomas,Jeff Green,Kevin Durant,Russell Westbrook,Thabo Sefolosha,Andres Nocioni,Beno Udrih,Jason Thompson,Omri Casspi,Spencer Hawes,4,6:36,OKC,free throw,,,,,,,1,,2,Russell Westbrook,,,foul,missed,,,,
Etan Thomas,Jeff Green,Kevin Durant,Russell Westbrook,Thabo Sefolosha,Andres Nocioni,Beno Udrih,Jason Thompson,Omri Casspi,Spencer Hawes,4,6:36,OKC,rebound,,,,,,,,,,,,,,,,,,
Etan Thomas,Jeff Green,Kevin Durant,Russell Westbrook,Thabo Sefolosha,Andres Nocioni,Beno Udrih,Jason Thompson,Omri Casspi,Spencer Hawes,4,6:36,OKC,free throw,,,,,,,2,,2,Russell Westbrook,,,foul,made,,,,
Etan Thomas,Jeff Green,Kevin Durant,Russell Westbrook,Thabo Sefolosha,Andres Nocioni,Beno Udrih,Jason Thompson,Omri Casspi,Spencer Hawes,4,6:22,SAC,shot,,,,,,,,,,Beno Udrih,2,,,made,,jump,18,21
Etan Thomas,Jeff Green,Kevin Durant,Russell Westbrook,Thabo Sefolosha,Andres Nocioni,Beno Udrih,Jason Thompson,Omri Casspi,Spencer Hawes,4,6:06,OKC,shot,,,,,,,,,,Thabo Sefolosha,,,,missed,,3pt,35,29
Etan Thomas,Jeff Green,Kevin Durant,Russell Westbrook,Thabo Sefolosha,Andres Nocioni,Beno Udrih,Jason Thompson,Omri Casspi,Spencer Hawes,4,6:05,OKC,rebound,,,,,,,,,,Jeff Green,,,,,,off,,
Etan Thomas,Jeff Green,Kevin Durant,Russell Westbrook,Thabo Sefolosha,Andres Nocioni,Beno Udrih,Jason Thompson,Omri Casspi,Spencer Hawes,4,6:04,SAC,foul,,,,,,,,Jeff Green,,Jason Thompson,,,,,,shooting,,
Etan Thomas,Jeff Green,Kevin Durant,Russell Westbrook,Thabo Sefolosha,Andres Nocioni,Beno Udrih,Jason Thompson,Omri Casspi,Spencer Hawes,4,6:04,OKC,free throw,,,,,,,1,,2,Jeff Green,,,foul,made,,,,
Etan Thomas,Jeff Green,Kevin Durant,Russell Westbrook,Thabo Sefolosha,Andres Nocioni,Beno Udrih,Jason Thompson,Omri Casspi,Spencer Hawes,4,6:04,OKC,free throw,,,,,,,2,,2,Jeff Green,,,foul,made,,,,
Etan Thomas,Jeff Green,Kevin Durant,Russell Westbrook,Thabo Sefolosha,Andres Nocioni,Beno Udrih,Jason Thompson,Omri Casspi,Spencer Hawes,4,5:49,SAC,shot,,,,,,,,,,Jason Thompson,,,,missed,,jump,24,12
Etan Thomas,Jeff Green,Kevin Durant,Russell Westbrook,Thabo Sefolosha,Andres Nocioni,Beno Udrih,Jason Thompson,Omri Casspi,Spencer Hawes,4,5:48,OKC,rebound,,,,,,,,,,Thabo Sefolosha,,,,,,def,,
Etan Thomas,Jeff Green,Kevin Durant,Russell Westbrook,Thabo Sefolosha,Andres Nocioni,Beno Udrih,Jason Thompson,Omri Casspi,Spencer Hawes,4,5:39,SAC,foul,,,,,,,,Jeff Green,,Beno Udrih,,,,,,shooting,,
Etan Thomas,Jeff Green,Kevin Durant,Russell Westbrook,Thabo Sefolosha,Andres Nocioni,Beno Udrih,Jason Thompson,Omri Casspi,Spencer Hawes,4,5:39,OKC,timeout,,,,,,,,,,,,,,,,official,,
Jeff Green,Kevin Durant,Nenad Krstic,Russell Westbrook,Thabo Sefolosha,Andres Nocioni,Beno Udrih,Jason Thompson,Omri Casspi,Spencer Hawes,4,5:39,OKC,sub,,,,Nenad Krstic,,Etan Thomas,,,,,,,,,,,,
Jeff Green,Kevin Durant,Nenad Krstic,Russell Westbrook,Thabo Sefolosha,Andres Nocioni,Beno Udrih,Jason Thompson,Omri Casspi,Tyreke Evans,4,5:39,SAC,sub,,,,Tyreke Evans,,Spencer Hawes,,,,,,,,,,,,
Jeff Green,Kevin Durant,Nenad Krstic,Russell Westbrook,Thabo Sefolosha,Andres Nocioni,Beno Udrih,Jason Thompson,Omri Casspi,Tyreke Evans,4,5:39,OKC,free throw,,,,,,,1,,2,Jeff Green,,,foul,made,,,,
Jeff Green,Kevin Durant,Nenad Krstic,Russell Westbrook,Thabo Sefolosha,Andres Nocioni,Beno Udrih,Jason Thompson,Omri Casspi,Tyreke Evans,4,5:39,OKC,free throw,,,,,,,2,,2,Jeff Green,,,foul,missed,,,,
Jeff Green,Kevin Durant,Nenad Krstic,Russell Westbrook,Thabo Sefolosha,Andres Nocioni,Beno Udrih,Jason Thompson,Omri Casspi,Tyreke Evans,4,5:37,SAC,rebound,,,,,,,,,,Andres Nocioni,,,,,,def,,
Jeff Green,Kevin Durant,Nenad Krstic,Russell Westbrook,Thabo Sefolosha,Andres Nocioni,Beno Udrih,Jason Thompson,Omri Casspi,Tyreke Evans,4,5:20,OKC,foul,,,,,,,,Jason Thompson,,Russell Westbrook,,,,,,personal,,
Jeff Green,Kevin Durant,Nenad Krstic,Russell Westbrook,Thabo Sefolosha,Andres Nocioni,Beno Udrih,Jason Thompson,Omri Casspi,Tyreke Evans,4,5:20,SAC,free throw,,,,,,,1,,2,Jason Thompson,,,foul,made,,,,
Jeff Green,Kevin Durant,Nenad Krstic,Russell Westbrook,Thabo Sefolosha,Andres Nocioni,Beno Udrih,Jason Thompson,Omri Casspi,Tyreke Evans,4,5:20,SAC,free throw,,,,,,,2,,2,Jason Thompson,,,foul,made,,,,
Jeff Green,Kevin Durant,Nenad Krstic,Russell Westbrook,Thabo Sefolosha,Andres Nocioni,Beno Udrih,Jason Thompson,Omri Casspi,Tyreke Evans,4,5:06,OKC,shot,,,,,,,,,,Kevin Durant,,,,missed,,jump,17,11
Jeff Green,Kevin Durant,Nenad Krstic,Russell Westbrook,Thabo Sefolosha,Andres Nocioni,Beno Udrih,Jason Thompson,Omri Casspi,Tyreke Evans,4,5:06,OKC,rebound,,,,,,,,,,,,,,,,,,
Jeff Green,Kevin Durant,Nenad Krstic,Russell Westbrook,Thabo Sefolosha,Andres Nocioni,Beno Udrih,Jason Thompson,Omri Casspi,Tyreke Evans,4,5:06,SAC,foul,,,,,,,,Nenad Krstic,,Jason Thompson,,,,,,loose ball,,
Jeff Green,Kevin Durant,Nenad Krstic,Russell Westbrook,Thabo Sefolosha,Andres Nocioni,Beno Udrih,Jason Thompson,Omri Casspi,Tyreke Evans,4,5:06,OKC,free throw,,,,,,,1,,2,Nenad Krstic,,,foul,missed,,,,
Jeff Green,Kevin Durant,Nenad Krstic,Russell Westbrook,Thabo Sefolosha,Andres Nocioni,Beno Udrih,Jason Thompson,Omri Casspi,Tyreke Evans,4,5:06,OKC,rebound,,,,,,,,,,,,,,,,,,
Jeff Green,Kevin Durant,Nenad Krstic,Russell Westbrook,Thabo Sefolosha,Andres Nocioni,Beno Udrih,Jason Thompson,Omri Casspi,Tyreke Evans,4,5:06,OKC,free throw,,,,,,,2,,2,Nenad Krstic,,,foul,made,,,,
Jeff Green,Kevin Durant,Nenad Krstic,Russell Westbrook,Thabo Sefolosha,Andres Nocioni,Beno Udrih,Jason Thompson,Omri Casspi,Tyreke Evans,4,4:49,OKC,foul,,,,,,,,Jason Thompson,,Nenad Krstic,,,,,,shooting,,
Jeff Green,Kevin Durant,Nenad Krstic,Russell Westbrook,Thabo Sefolosha,Andres Nocioni,Beno Udrih,Jason Thompson,Omri Casspi,Tyreke Evans,4,4:49,SAC,free throw,,,,,,,1,,2,Jason Thompson,,,foul,missed,,,,
Jeff Green,Kevin Durant,Nenad Krstic,Russell Westbrook,Thabo Sefolosha,Andres Nocioni,Beno Udrih,Jason Thompson,Omri Casspi,Tyreke Evans,4,4:49,SAC,rebound,,,,,,,,,,,,,,,,,,
Jeff Green,Kevin Durant,Nenad Krstic,Russell Westbrook,Thabo Sefolosha,Andres Nocioni,Beno Udrih,Jason Thompson,Omri Casspi,Tyreke Evans,4,4:49,SAC,free throw,,,,,,,2,,2,Jason Thompson,,,foul,made,,,,
Jeff Green,Kevin Durant,Nenad Krstic,Russell Westbrook,Thabo Sefolosha,Andres Nocioni,Beno Udrih,Jason Thompson,Omri Casspi,Tyreke Evans,4,4:29,OKC,shot,,,,,,,,,,Russell Westbrook,,,,missed,,jump,20,20
Jeff Green,Kevin Durant,Nenad Krstic,Russell Westbrook,Thabo Sefolosha,Andres Nocioni,Beno Udrih,Jason Thompson,Omri Casspi,Tyreke Evans,4,4:27,SAC,rebound,,,,,,,,,,Tyreke Evans,,,,,,def,,
Jeff Green,Kevin Durant,Nenad Krstic,Russell Westbrook,Thabo Sefolosha,Andres Nocioni,Beno Udrih,Jason Thompson,Omri Casspi,Tyreke Evans,4,4:02,SAC,shot,,,,,,,,,,Beno Udrih,,,,missed,,jump,42,8
Jeff Green,Kevin Durant,Nenad Krstic,Russell Westbrook,Thabo Sefolosha,Andres Nocioni,Beno Udrih,Jason Thompson,Omri Casspi,Tyreke Evans,4,4:01,OKC,rebound,,,,,,,,,,Thabo Sefolosha,,,,,,def,,
Jeff Green,Kevin Durant,Nenad Krstic,Russell Westbrook,Thabo Sefolosha,Andres Nocioni,Beno Udrih,Jason Thompson,Omri Casspi,Tyreke Evans,4,3:44,OKC,shot,,,,,,,,,,Jeff Green,,,,missed,,jump hook,29,13
Jeff Green,Kevin Durant,Nenad Krstic,Russell Westbrook,Thabo Sefolosha,Andres Nocioni,Beno Udrih,Jason Thompson,Omri Casspi,Tyreke Evans,4,3:43,SAC,rebound,,,,,,,,,,Jason Thompson,,,,,,def,,
Jeff Green,Kevin Durant,Nenad Krstic,Russell Westbrook,Thabo Sefolosha,Andres Nocioni,Beno Udrih,Jason Thompson,Omri Casspi,Tyreke Evans,4,3:25,SAC,timeout,,,,,,,,,,,,,,,,regular,,
Jeff Green,Kevin Durant,Nenad Krstic,Russell Westbrook,Thabo Sefolosha,Andres Nocioni,Beno Udrih,Jason Thompson,Omri Casspi,Tyreke Evans,4,3:18,SAC,shot,,,,,,,,,,Tyreke Evans,,,,missed,,driving layup,25,6
Jeff Green,Kevin Durant,Nenad Krstic,Russell Westbrook,Thabo Sefolosha,Andres Nocioni,Beno Udrih,Jason Thompson,Omri Casspi,Tyreke Evans,4,3:16,SAC,rebound,,,,,,,,,,Jason Thompson,,,,,,off,,
Jeff Green,Kevin Durant,Nenad Krstic,Russell Westbrook,Thabo Sefolosha,Andres Nocioni,Beno Udrih,Jason Thompson,Omri Casspi,Tyreke Evans,4,3:16,SAC,shot,,,,,,,,,,Jason Thompson,,,,missed,,tip,25,6
Jeff Green,Kevin Durant,Nenad Krstic,Russell Westbrook,Thabo Sefolosha,Andres Nocioni,Beno Udrih,Jason Thompson,Omri Casspi,Tyreke Evans,4,3:15,SAC,rebound,,,,,,,,,,Andres Nocioni,,,,,,off,,
Jeff Green,Kevin Durant,Nenad Krstic,Russell Westbrook,Thabo Sefolosha,Andres Nocioni,Beno Udrih,Jason Thompson,Omri Casspi,Tyreke Evans,4,2:54,SAC,shot,,,,,,,,,,Beno Udrih,,,,missed,,3pt,42,24
Jeff Green,Kevin Durant,Nenad Krstic,Russell Westbrook,Thabo Sefolosha,Andres Nocioni,Beno Udrih,Jason Thompson,Omri Casspi,Tyreke Evans,4,2:53,OKC,rebound,,,,,,,,,,Nenad Krstic,,,,,,def,,
Jeff Green,Kevin Durant,Nenad Krstic,Russell Westbrook,Thabo Sefolosha,Andres Nocioni,Beno Udrih,Jason Thompson,Omri Casspi,Tyreke Evans,4,2:40,SAC,foul,,,,,,,,Kevin Durant,,Andres Nocioni,,,,,,personal,,
Jeff Green,Kevin Durant,Nenad Krstic,Russell Westbrook,Thabo Sefolosha,Andres Nocioni,Beno Udrih,Jason Thompson,Omri Casspi,Tyreke Evans,4,2:40,OKC,free throw,,,,,,,1,,2,Kevin Durant,,,foul,made,,,,
Jeff Green,Kevin Durant,Nenad Krstic,Russell Westbrook,Thabo Sefolosha,Andres Nocioni,Beno Udrih,Jason Thompson,Omri Casspi,Tyreke Evans,4,2:40,OKC,free throw,,,,,,,2,,2,Kevin Durant,,,foul,made,,,,
Jeff Green,Kevin Durant,Nenad Krstic,Russell Westbrook,Thabo Sefolosha,Andres Nocioni,Beno Udrih,Jason Thompson,Omri Casspi,Tyreke Evans,4,2:23,SAC,shot,,,Thabo Sefolosha,,,,,,,Tyreke Evans,,,,missed,,jump,28,9
Jeff Green,Kevin Durant,Nenad Krstic,Russell Westbrook,Thabo Sefolosha,Andres Nocioni,Beno Udrih,Jason Thompson,Omri Casspi,Tyreke Evans,4,2:23,SAC,rebound,,,,,,,,,,,,,,,,,,
Jeff Green,Kevin Durant,Nenad Krstic,Russell Westbrook,Thabo Sefolosha,Andres Nocioni,Beno Udrih,Jason Thompson,Omri Casspi,Tyreke Evans,4,2:18,SAC,shot,,,,,,,,,,Tyreke Evans,2,,,made,,jump bank,41,18
Jeff Green,Kevin Durant,Nenad Krstic,Russell Westbrook,Thabo Sefolosha,Andres Nocioni,Beno Udrih,Jason Thompson,Omri Casspi,Tyreke Evans,4,1:52,OKC,shot,,,,,,,,,,Jeff Green,,,,missed,,jump,29,10
Jeff Green,Kevin Durant,Nenad Krstic,Russell Westbrook,Thabo Sefolosha,Andres Nocioni,Beno Udrih,Jason Thompson,Omri Casspi,Tyreke Evans,4,1:51,SAC,rebound,,,,,,,,,,Tyreke Evans,,,,,,def,,
Jeff Green,Kevin Durant,Nenad Krstic,Russell Westbrook,Thabo Sefolosha,Andres Nocioni,Beno Udrih,Jason Thompson,Omri Casspi,Tyreke Evans,4,1:30,SAC,shot,,,Jeff Green,,,,,,,Tyreke Evans,,,,missed,,reverse layup,25,6
Jeff Green,Kevin Durant,Nenad Krstic,Russell Westbrook,Thabo Sefolosha,Andres Nocioni,Beno Udrih,Jason Thompson,Omri Casspi,Tyreke Evans,4,1:28,OKC,rebound,,,,,,,,,,Thabo Sefolosha,,,,,,def,,
Jeff Green,Kevin Durant,Nenad Krstic,Russell Westbrook,Thabo Sefolosha,Andres Nocioni,Beno Udrih,Jason Thompson,Omri Casspi,Tyreke Evans,4,1:22,OKC,shot,,,Jason Thompson,,,,,,,Russell Westbrook,,,,missed,,layup,25,6
Jeff Green,Kevin Durant,Nenad Krstic,Russell Westbrook,Thabo Sefolosha,Andres Nocioni,Beno Udrih,Jason Thompson,Omri Casspi,Tyreke Evans,4,1:21,OKC,rebound,,,,,,,,,,Kevin Durant,,,,,,off,,
Jeff Green,Kevin Durant,Nenad Krstic,Russell Westbrook,Thabo Sefolosha,Andres Nocioni,Beno Udrih,Jason Thompson,Omri Casspi,Tyreke Evans,4,1:19,OKC,turnover,,,,,,,,,,Kevin Durant,,,lost ball,,Beno Udrih,,,
Jeff Green,Kevin Durant,Nenad Krstic,Russell Westbrook,Thabo Sefolosha,Andres Nocioni,Beno Udrih,Jason Thompson,Omri Casspi,Tyreke Evans,4,1:17,SAC,shot,Tyreke Evans,,,,,,,,,Omri Casspi,2,,,made,,dunk,25,6
Jeff Green,Kevin Durant,Nenad Krstic,Russell Westbrook,Thabo Sefolosha,Andres Nocioni,Beno Udrih,Jason Thompson,Omri Casspi,Tyreke Evans,4,1:17,OKC,timeout,,,,,,,,,,,,,,,,regular,,
Jeff Green,Kevin Durant,Nenad Krstic,Russell Westbrook,Thabo Sefolosha,Andres Nocioni,Ime Udoka,Jason Thompson,Omri Casspi,Tyreke Evans,4,1:17,SAC,sub,,,,Ime Udoka,,Beno Udrih,,,,,,,,,,,,
Jeff Green,Kevin Durant,Nenad Krstic,Russell Westbrook,Thabo Sefolosha,Andres Nocioni,Ime Udoka,Jason Thompson,Omri Casspi,Tyreke Evans,4,1:09,OKC,shot,,,,,,,,,,Russell Westbrook,,,,missed,,3pt,22,31
Jeff Green,Kevin Durant,Nenad Krstic,Russell Westbrook,Thabo Sefolosha,Andres Nocioni,Ime Udoka,Jason Thompson,Omri Casspi,Tyreke Evans,4,1:08,SAC,rebound,,,,,,,,,,Omri Casspi,,,,,,def,,
Jeff Green,Kevin Durant,Nenad Krstic,Russell Westbrook,Thabo Sefolosha,Andres Nocioni,Ime Udoka,Jason Thompson,Omri Casspi,Tyreke Evans,4,0:53,SAC,turnover,,,,,,,,,,Jason Thompson,,,bad pass,,Jeff Green,,,
Jeff Green,Kevin Durant,Nenad Krstic,Russell Westbrook,Thabo Sefolosha,Andres Nocioni,Ime Udoka,Jason Thompson,Omri Casspi,Tyreke Evans,4,0:50,OKC,shot,,,,,,,,,,Jeff Green,2,,,made,,driving layup,25,6
Jeff Green,Kevin Durant,Nenad Krstic,Russell Westbrook,Thabo Sefolosha,Andres Nocioni,Ime Udoka,Jason Thompson,Omri Casspi,Tyreke Evans,4,0:50,SAC,timeout,,,,,,,,,,,,,,,,short,,
Jeff Green,Kevin Durant,Nenad Krstic,Russell Westbrook,Thabo Sefolosha,Beno Udrih,Ime Udoka,Jason Thompson,Omri Casspi,Tyreke Evans,4,0:50,SAC,sub,,,,Beno Udrih,,Andres Nocioni,,,,,,,,,,,,
Jeff Green,Kevin Durant,Nenad Krstic,Russell Westbrook,Thabo Sefolosha,Beno Udrih,Ime Udoka,Jason Thompson,Omri Casspi,Tyreke Evans,4,0:30,SAC,shot,,,,,,,,,,Omri Casspi,,,,missed,,3pt,2,15
Jeff Green,Kevin Durant,Nenad Krstic,Russell Westbrook,Thabo Sefolosha,Beno Udrih,Ime Udoka,Jason Thompson,Omri Casspi,Tyreke Evans,4,0:29,OKC,rebound,,,,,,,,,,Thabo Sefolosha,,,,,,def,,
Jeff Green,Kevin Durant,Nenad Krstic,Russell Westbrook,Thabo Sefolosha,Beno Udrih,Ime Udoka,Jason Thompson,Omri Casspi,Tyreke Evans,4,0:22,OKC,shot,,,,,,,,,,Russell Westbrook,,,,missed,,jump,19,10
Jeff Green,Kevin Durant,Nenad Krstic,Russell Westbrook,Thabo Sefolosha,Beno Udrih,Ime Udoka,Jason Thompson,Omri Casspi,Tyreke Evans,4,0:21,SAC,rebound,,,,,,,,,,Beno Udrih,,,,,,def,,
Jeff Green,Kevin Durant,Nenad Krstic,Russell Westbrook,Thabo Sefolosha,Beno Udrih,Ime Udoka,Jason Thompson,Omri Casspi,Tyreke Evans,4,0:17,OKC,foul,,,,,,,,Omri Casspi,,Jeff Green,,,,,,shooting,,
Jeff Green,Kevin Durant,Nenad Krstic,Russell Westbrook,Thabo Sefolosha,Beno Udrih,Ime Udoka,Jason Thompson,Omri Casspi,Tyreke Evans,4,0:17,SAC,free throw,,,,,,,1,,2,Omri Casspi,,,foul,missed,,,,
Jeff Green,Kevin Durant,Nenad Krstic,Russell Westbrook,Thabo Sefolosha,Beno Udrih,Ime Udoka,Jason Thompson,Omri Casspi,Tyreke Evans,4,0:17,SAC,rebound,,,,,,,,,,,,,,,,,,
Jeff Green,Kevin Durant,Nenad Krstic,Russell Westbrook,Thabo Sefolosha,Beno Udrih,Ime Udoka,Jason Thompson,Omri Casspi,Tyreke Evans,4,0:17,SAC,free throw,,,,,,,2,,2,Omri Casspi,,,foul,missed,,,,
Jeff Green,Kevin Durant,Nenad Krstic,Russell Westbrook,Thabo Sefolosha,Beno Udrih,Ime Udoka,Jason Thompson,Omri Casspi,Tyreke Evans,4,0:16,OKC,rebound,,,,,,,,,,Kevin Durant,,,,,,def,,
Jeff Green,Kevin Durant,Nenad Krstic,Russell Westbrook,Thabo Sefolosha,Beno Udrih,Ime Udoka,Jason Thompson,Omri Casspi,Tyreke Evans,4,0:16,OKC,timeout,,,,,,,,,,,,,,,,short,,
Jeff Green,Kevin Durant,Nenad Krstic,Russell Westbrook,Thabo Sefolosha,Andres Nocioni,Ime Udoka,Jason Thompson,Omri Casspi,Tyreke Evans,4,0:16,SAC,sub,,,,Andres Nocioni,,Beno Udrih,,,,,,,,,,,,
Jeff Green,Kevin Durant,Nenad Krstic,Russell Westbrook,Thabo Sefolosha,Andres Nocioni,Ime Udoka,Jason Thompson,Omri Casspi,Tyreke Evans,4,0:10,OKC,shot,,,,,,,,,,Kevin Durant,,,,missed,,3pt,39,26
Jeff Green,Kevin Durant,Nenad Krstic,Russell Westbrook,Thabo Sefolosha,Andres Nocioni,Ime Udoka,Jason Thompson,Omri Casspi,Tyreke Evans,4,0:09,SAC,rebound,,,,,,,,,,Ime Udoka,,,,,,def,,
Jeff Green,Kevin Durant,Nenad Krstic,Russell Westbrook,Thabo Sefolosha,Andres Nocioni,Ime Udoka,Jason Thompson,Omri Casspi,Tyreke Evans,4,0:07,SAC,turnover,,,,,,,,,,Ime Udoka,,,lost ball,,Russell Westbrook,,,
Jeff Green,Kevin Durant,Nenad Krstic,Russell Westbrook,Thabo Sefolosha,Andres Nocioni,Ime Udoka,Jason Thompson,Omri Casspi,Tyreke Evans,4,0:04,OKC,shot,Thabo Sefolosha,,,,,,,,,Kevin Durant,3,,,made,,3pt,39,27
Jeff Green,Kevin Durant,Nenad Krstic,Russell Westbrook,Thabo Sefolosha,Andres Nocioni,Ime Udoka,Jason Thompson,Omri Casspi,Tyreke Evans,4,0:03,OKC,foul,,,,,,,,Tyreke Evans,,Thabo Sefolosha,,,,,,personal,,
Jeff Green,Kevin Durant,Nenad Krstic,Russell Westbrook,Thabo Sefolosha,Andres Nocioni,Ime Udoka,Jason Thompson,Omri Casspi,Tyreke Evans,4,0:03,SAC,free throw,,,,,,,1,,2,Tyreke Evans,,,foul,made,,,,
Jeff Green,Kevin Durant,Nenad Krstic,Russell Westbrook,Thabo Sefolosha,Andres Nocioni,Ime Udoka,Jason Thompson,Omri Casspi,Tyreke Evans,4,0:03,SAC,free throw,,,,,,,2,,2,Tyreke Evans,,,foul,made,,,,
Jeff Green,Kevin Durant,Nenad Krstic,Russell Westbrook,Thabo Sefolosha,Andres Nocioni,Ime Udoka,Jason Thompson,Omri Casspi,Tyreke Evans,4,0:03,OKC,timeout,,,,,,,,,,,,,,,,short,,
James Harden,Jeff Green,Kevin Durant,Russell Westbrook,Thabo Sefolosha,Andres Nocioni,Ime Udoka,Jason Thompson,Omri Casspi,Tyreke Evans,4,0:03,OKC,sub,,,,James Harden,,Nenad Krstic,,,,,,,,,,,,
James Harden,Jeff Green,Kevin Durant,Russell Westbrook,Thabo Sefolosha,Donte Greene,Ime Udoka,Jason Thompson,Omri Casspi,Tyreke Evans,4,0:03,SAC,sub,,,,Donte Greene,,Andres Nocioni,,,,,,,,,,,,
James Harden,Jeff Green,Kevin Durant,Russell Westbrook,Thabo Sefolosha,Donte Greene,Ime Udoka,Jason Thompson,Omri Casspi,Tyreke Evans,4,0:02,OKC,shot,,,,,,,,,,Kevin Durant,,,,missed,,3pt,32,31
James Harden,Jeff Green,Kevin Durant,Russell Westbrook,Thabo Sefolosha,Donte Greene,Ime Udoka,Jason Thompson,Omri Casspi,Tyreke Evans,4,0:00,SAC,rebound,,,,,,,,,,Tyreke Evans,,,,,,def,,
