a1,a2,a3,a4,a5,h1,h2,h3,h4,h5,period,time,team,etype,assist,away,block,entered,home,left,num,opponent,outof,player,points,possession,reason,result,steal,type,x,y
Marc Gasol,Mike Conley,O.J. Mayo,Rudy Gay,Zach Randolph,Brandon Roy,Greg Oden,LaMarcus Aldridge,Martell Webster,Steve Blake,1,12:00,OFF,jump ball,,Marc Gasol,,,Greg Oden,,,,,,,O.J. Mayo,,,,,,
Marc Gasol,Mike Conley,O.J. Mayo,Rudy Gay,Zach Randolph,Brandon Roy,Greg Oden,LaMarcus Aldridge,Martell Webster,Steve Blake,1,11:39,MEM,shot,,,,,,,,,,Marc Gasol,2,,,made,,turnaround fade away,15,11
Marc Gasol,Mike Conley,O.J. Mayo,Rudy Gay,Zach Randolph,Brandon Roy,Greg Oden,LaMarcus Aldridge,Martell Webster,Steve Blake,1,11:23,POR,shot,,,,,,,,,,LaMarcus Aldridge,,,,missed,,jump,35,24
Marc Gasol,Mike Conley,O.J. Mayo,Rudy Gay,Zach Randolph,Brandon Roy,Greg Oden,LaMarcus Aldridge,Martell Webster,Steve Blake,1,11:22,POR,rebound,,,,,,,,,,Brandon Roy,,,,,,off,,
Marc Gasol,Mike Conley,O.J. Mayo,Rudy Gay,Zach Randolph,Brandon Roy,Greg Oden,LaMarcus Aldridge,Martell Webster,Steve Blake,1,10:58,POR,shot,Greg Oden,,,,,,,,,Brandon Roy,3,,,made,,3pt,24,30
Marc Gasol,Mike Conley,O.J. Mayo,Rudy Gay,Zach Randolph,Brandon Roy,Greg Oden,LaMarcus Aldridge,Martell Webster,Steve Blake,1,10:31,MEM,shot,,,,,,,,,,Zach Randolph,,,,missed,,jump,11,19
Marc Gasol,Mike Conley,O.J. Mayo,Rudy Gay,Zach Randolph,Brandon Roy,Greg Oden,LaMarcus Aldridge,Martell Webster,Steve Blake,1,10:30,POR,rebound,,,,,,,,,,Brandon Roy,,,,,,def,,
Marc Gasol,Mike Conley,O.J. Mayo,Rudy Gay,Zach Randolph,Brandon Roy,Greg Oden,LaMarcus Aldridge,Martell Webster,Steve Blake,1,10:20,POR,shot,Brandon Roy,,,,,,,,,Martell Webster,2,,,made,,reverse layup,25,6
Marc Gasol,Mike Conley,O.J. Mayo,Rudy Gay,Zach Randolph,Brandon Roy,Greg Oden,LaMarcus Aldridge,Martell Webster,Steve Blake,1,10:07,MEM,shot,O.J. Mayo,,,,,,,,,Marc Gasol,2,,,made,,driving layup,25,6
Marc Gasol,Mike Conley,O.J. Mayo,Rudy Gay,Zach Randolph,Brandon Roy,Greg Oden,LaMarcus Aldridge,Martell Webster,Steve Blake,1,9:48,POR,shot,,,,,,,,,,Steve Blake,,,,missed,,running jump,23,13
Marc Gasol,Mike Conley,O.J. Mayo,Rudy Gay,Zach Randolph,Brandon Roy,Greg Oden,LaMarcus Aldridge,Martell Webster,Steve Blake,1,9:47,MEM,rebound,,,,,,,,,,Marc Gasol,,,,,,def,,
Marc Gasol,Mike Conley,O.J. Mayo,Rudy Gay,Zach Randolph,Brandon Roy,Greg Oden,LaMarcus Aldridge,Martell Webster,Steve Blake,1,9:41,MEM,shot,,,Martell Webster,,,,,,,Rudy Gay,,,,missed,,driving layup,25,6
Marc Gasol,Mike Conley,O.J. Mayo,Rudy Gay,Zach Randolph,Brandon Roy,Greg Oden,LaMarcus Aldridge,Martell Webster,Steve Blake,1,9:41,POR,rebound,,,,,,,,,,,,,,,,,,
Marc Gasol,Mike Conley,O.J. Mayo,Rudy Gay,Zach Randolph,Brandon Roy,Greg Oden,LaMarcus Aldridge,Martell Webster,Steve Blake,1,9:29,POR,shot,,,,,,,,,,Greg Oden,,,,missed,,jump,23,24
Marc Gasol,Mike Conley,O.J. Mayo,Rudy Gay,Zach Randolph,Brandon Roy,Greg Oden,LaMarcus Aldridge,Martell Webster,Steve Blake,1,9:27,POR,rebound,,,,,,,,,,LaMarcus Aldridge,,,,,,off,,
Marc Gasol,Mike Conley,O.J. Mayo,Rudy Gay,Zach Randolph,Brandon Roy,Greg Oden,LaMarcus Aldridge,Martell Webster,Steve Blake,1,9:20,POR,shot,Brandon Roy,,,,,,,,,Martell Webster,3,,,made,,3pt,15,28
Marc Gasol,Mike Conley,O.J. Mayo,Rudy Gay,Zach Randolph,Brandon Roy,Greg Oden,LaMarcus Aldridge,Martell Webster,Steve Blake,1,9:00,MEM,shot,,,,,,,,,,O.J. Mayo,2,,,made,,driving jump,24,13
Marc Gasol,Mike Conley,O.J. Mayo,Rudy Gay,Zach Randolph,Brandon Roy,Greg Oden,LaMarcus Aldridge,Martell Webster,Steve Blake,1,8:45,POR,turnover,,,,,,,,,,LaMarcus Aldridge,,,bad pass,,,,,
Marc Gasol,Mike Conley,O.J. Mayo,Rudy Gay,Zach Randolph,Brandon Roy,Greg Oden,LaMarcus Aldridge,Martell Webster,Steve Blake,1,8:29,MEM,shot,,,,,,,,,,Zach Randolph,,,,missed,,jump,8,9
Marc Gasol,Mike Conley,O.J. Mayo,Rudy Gay,Zach Randolph,Brandon Roy,Greg Oden,LaMarcus Aldridge,Martell Webster,Steve Blake,1,8:28,MEM,rebound,,,,,,,,,,Zach Randolph,,,,,,off,,
Marc Gasol,Mike Conley,O.J. Mayo,Rudy Gay,Zach Randolph,Brandon Roy,Greg Oden,LaMarcus Aldridge,Martell Webster,Steve Blake,1,8:17,MEM,shot,Mike Conley,,,,,,,,,Zach Randolph,2,,,made,,jump,7,7
Marc Gasol,Mike Conley,O.J. Mayo,Rudy Gay,Zach Randolph,Brandon Roy,Greg Oden,LaMarcus Aldridge,Martell Webster,Steve Blake,1,8:03,POR,shot,Greg Oden,,,,,,,,,Martell Webster,3,,,made,,3pt,46,17
Marc Gasol,Mike Conley,O.J. Mayo,Rudy Gay,Zach Randolph,Brandon Roy,Greg Oden,LaMarcus Aldridge,Martell Webster,Steve Blake,1,7:54,MEM,shot,O.J. Mayo,,,,,,,,,Marc Gasol,2,,,made,,driving layup,25,6
Marc Gasol,Mike Conley,O.J. Mayo,Rudy Gay,Zach Randolph,Brandon Roy,Greg Oden,LaMarcus Aldridge,Martell Webster,Steve Blake,1,7:54,POR,foul,,,,,,,,Marc Gasol,,Greg Oden,,,,,,shooting,,
Marc Gasol,Mike Conley,O.J. Mayo,Rudy Gay,Zach Randolph,Brandon Roy,Greg Oden,LaMarcus Aldridge,Martell Webster,Steve Blake,1,7:54,MEM,free throw,,,,,,,1,,1,Marc Gasol,,,foul,made,,,,
Marc Gasol,Mike Conley,O.J. Mayo,Rudy Gay,Zach Randolph,Brandon Roy,Greg Oden,LaMarcus Aldridge,Martell Webster,Steve Blake,1,7:39,POR,shot,Brandon Roy,,,,,,,,,LaMarcus Aldridge,2,,,made,,turnaround fade away,37,9
Marc Gasol,Mike Conley,O.J. Mayo,Rudy Gay,Zach Randolph,Brandon Roy,Greg Oden,LaMarcus Aldridge,Martell Webster,Steve Blake,1,7:21,MEM,shot,,,,,,,,,,Mike Conley,,,,missed,,running jump,25,13
Marc Gasol,Mike Conley,O.J. Mayo,Rudy Gay,Zach Randolph,Brandon Roy,Greg Oden,LaMarcus Aldridge,Martell Webster,Steve Blake,1,7:21,POR,rebound,,,,,,,,,,Greg Oden,,,,,,def,,
Marc Gasol,Mike Conley,O.J. Mayo,Rudy Gay,Zach Randolph,Brandon Roy,Greg Oden,LaMarcus Aldridge,Martell Webster,Steve Blake,1,7:03,POR,shot,,,,,,,,,,Brandon Roy,,,,missed,,turnaround jump,17,19
Marc Gasol,Mike Conley,O.J. Mayo,Rudy Gay,Zach Randolph,Brandon Roy,Greg Oden,LaMarcus Aldridge,Martell Webster,Steve Blake,1,7:02,MEM,rebound,,,,,,,,,,Zach Randolph,,,,,,def,,
Marc Gasol,Mike Conley,O.J. Mayo,Rudy Gay,Zach Randolph,Brandon Roy,Greg Oden,LaMarcus Aldridge,Martell Webster,Steve Blake,1,6:57,MEM,foul,,,,,,,,Steve Blake,,Mike Conley,,,,,,offensive,,
Marc Gasol,Mike Conley,O.J. Mayo,Rudy Gay,Zach Randolph,Brandon Roy,Greg Oden,LaMarcus Aldridge,Martell Webster,Steve Blake,1,6:57,MEM,turnover,,,,,,,,,,Mike Conley,,,foul,,,,,
Marc Gasol,Mike Conley,O.J. Mayo,Rudy Gay,Zach Randolph,Brandon Roy,Greg Oden,LaMarcus Aldridge,Martell Webster,Steve Blake,1,6:36,POR,shot,,,,,,,,,,Martell Webster,,,,missed,,3pt,43,24
Marc Gasol,Mike Conley,O.J. Mayo,Rudy Gay,Zach Randolph,Brandon Roy,Greg Oden,LaMarcus Aldridge,Martell Webster,Steve Blake,1,6:35,POR,rebound,,,,,,,,,,Brandon Roy,,,,,,off,,
Marc Gasol,Mike Conley,O.J. Mayo,Rudy Gay,Zach Randolph,Brandon Roy,Greg Oden,LaMarcus Aldridge,Martell Webster,Steve Blake,1,6:34,POR,shot,,,,,,,,,,Brandon Roy,2,,,made,,layup,25,6
Marc Gasol,Mike Conley,O.J. Mayo,Rudy Gay,Zach Randolph,Brandon Roy,Greg Oden,LaMarcus Aldridge,Martell Webster,Steve Blake,1,6:06,MEM,shot,,,,,,,,,,Marc Gasol,,,,missed,,running jump,32,6
Marc Gasol,Mike Conley,O.J. Mayo,Rudy Gay,Zach Randolph,Brandon Roy,Greg Oden,LaMarcus Aldridge,Martell Webster,Steve Blake,1,6:05,POR,rebound,,,,,,,,,,Greg Oden,,,,,,def,,
Marc Gasol,Mike Conley,O.J. Mayo,Rudy Gay,Zach Randolph,Brandon Roy,Greg Oden,LaMarcus Aldridge,Martell Webster,Steve Blake,1,5:52,POR,shot,,,,,,,,,,LaMarcus Aldridge,,,,missed,,turnaround fade away,15,7
Marc Gasol,Mike Conley,O.J. Mayo,Rudy Gay,Zach Randolph,Brandon Roy,Greg Oden,LaMarcus Aldridge,Martell Webster,Steve Blake,1,5:52,MEM,rebound,,,,,,,,,,Rudy Gay,,,,,,def,,
Marc Gasol,Mike Conley,O.J. Mayo,Rudy Gay,Zach Randolph,Brandon Roy,Greg Oden,LaMarcus Aldridge,Martell Webster,Steve Blake,1,5:43,MEM,foul,,,,,,,,LaMarcus Aldridge,,Rudy Gay,,,,,,offensive,,
Marc Gasol,Mike Conley,O.J. Mayo,Rudy Gay,Zach Randolph,Brandon Roy,Greg Oden,LaMarcus Aldridge,Martell Webster,Steve Blake,1,5:43,MEM,turnover,,,,,,,,,,Rudy Gay,,,foul,,,,,
Marc Gasol,Mike Conley,O.J. Mayo,Rudy Gay,Zach Randolph,Brandon Roy,Greg Oden,LaMarcus Aldridge,Martell Webster,Steve Blake,1,5:43,POR,timeout,,,,,,,,,,,,,,,,regular,,
Marc Gasol,Mike Conley,O.J. Mayo,Rudy Gay,Zach Randolph,Brandon Roy,Joel Przybilla,LaMarcus Aldridge,Martell Webster,Steve Blake,1,5:43,POR,sub,,,,Joel Przybilla,,Greg Oden,,,,,,,,,,,,
Marc Gasol,Mike Conley,O.J. Mayo,Rudy Gay,Zach Randolph,Brandon Roy,Joel Przybilla,LaMarcus Aldridge,Martell Webster,Steve Blake,1,5:21,POR,turnover,,,,,,,,,,Steve Blake,,,bad pass,,Marc Gasol,,,
Marc Gasol,Mike Conley,O.J. Mayo,Rudy Gay,Zach Randolph,Brandon Roy,Joel Przybilla,LaMarcus Aldridge,Martell Webster,Steve Blake,1,5:17,MEM,shot,Marc Gasol,,,,,,,,,Mike Conley,2,,,made,,driving layup,25,6
Marc Gasol,Mike Conley,O.J. Mayo,Rudy Gay,Zach Randolph,Brandon Roy,Joel Przybilla,LaMarcus Aldridge,Martell Webster,Steve Blake,1,4:56,POR,shot,,,,,,,,,,Brandon Roy,,,,missed,,3pt,40,26
Marc Gasol,Mike Conley,O.J. Mayo,Rudy Gay,Zach Randolph,Brandon Roy,Joel Przybilla,LaMarcus Aldridge,Martell Webster,Steve Blake,1,4:55,MEM,rebound,,,,,,,,,,Zach Randolph,,,,,,def,,
Marc Gasol,Mike Conley,O.J. Mayo,Rudy Gay,Zach Randolph,Brandon Roy,Joel Przybilla,LaMarcus Aldridge,Martell Webster,Steve Blake,1,4:43,POR,foul,,,,,,,,Marc Gasol,,Brandon Roy,,,,,,shooting,,
Marc Gasol,Mike Conley,O.J. Mayo,Rudy Gay,Zach Randolph,Brandon Roy,Joel Przybilla,LaMarcus Aldridge,Rudy Fernandez,Steve Blake,1,4:43,POR,sub,,,,Rudy Fernandez,,Martell Webster,,,,,,,,,,,,
Marc Gasol,Mike Conley,O.J. Mayo,Rudy Gay,Zach Randolph,Brandon Roy,Joel Przybilla,LaMarcus Aldridge,Rudy Fernandez,Steve Blake,1,4:43,MEM,free throw,,,,,,,1,,2,Marc Gasol,,,foul,made,,,,
Marc Gasol,Mike Conley,O.J. Mayo,Rudy Gay,Zach Randolph,Brandon Roy,Joel Przybilla,LaMarcus Aldridge,Rudy Fernandez,Steve Blake,1,4:43,MEM,free throw,,,,,,,2,,2,Marc Gasol,,,foul,made,,,,
Marc Gasol,Mike Conley,O.J. Mayo,Rudy Gay,Zach Randolph,Brandon Roy,Joel Przybilla,LaMarcus Aldridge,Rudy Fernandez,Steve Blake,1,4:25,POR,turnover,,,,,,,,,,Steve Blake,,,out of bounds lost ball turnover,,,,,
Marc Gasol,Mike Conley,O.J. Mayo,Rudy Gay,Zach Randolph,Brandon Roy,Joel Przybilla,LaMarcus Aldridge,Rudy Fernandez,Steve Blake,1,4:07,MEM,shot,,,,,,,,,,Zach Randolph,,,,missed,,jump,42,10
Marc Gasol,Mike Conley,O.J. Mayo,Rudy Gay,Zach Randolph,Brandon Roy,Joel Przybilla,LaMarcus Aldridge,Rudy Fernandez,Steve Blake,1,4:06,MEM,rebound,,,,,,,,,,Marc Gasol,,,,,,off,,
Marc Gasol,Mike Conley,O.J. Mayo,Rudy Gay,Zach Randolph,Brandon Roy,Joel Przybilla,LaMarcus Aldridge,Rudy Fernandez,Steve Blake,1,3:49,MEM,shot,Rudy Gay,,,,,,,,,Zach Randolph,2,,,made,,jump,4,6
Marc Gasol,Mike Conley,O.J. Mayo,Rudy Gay,Zach Randolph,Brandon Roy,Joel Przybilla,LaMarcus Aldridge,Rudy Fernandez,Steve Blake,1,3:45,POR,turnover,,,,,,,,,,Brandon Roy,,,lost ball,,Mike Conley,,,
Marc Gasol,Mike Conley,O.J. Mayo,Rudy Gay,Zach Randolph,Brandon Roy,Joel Przybilla,LaMarcus Aldridge,Rudy Fernandez,Steve Blake,1,3:38,MEM,shot,Mike Conley,,,,,,,,,Zach Randolph,2,,,made,,jump,19,9
Marc Gasol,Mike Conley,O.J. Mayo,Rudy Gay,Zach Randolph,Andre Miller,Brandon Roy,Joel Przybilla,LaMarcus Aldridge,Rudy Fernandez,1,3:15,POR,sub,,,,Andre Miller,,Steve Blake,,,,,,,,,,,,
Marc Gasol,Mike Conley,O.J. Mayo,Rudy Gay,Zach Randolph,Andre Miller,Brandon Roy,Joel Przybilla,LaMarcus Aldridge,Rudy Fernandez,1,3:13,POR,shot,,,,,,,,,,Brandon Roy,,,,missed,,jump,13,16
Marc Gasol,Mike Conley,O.J. Mayo,Rudy Gay,Zach Randolph,Andre Miller,Brandon Roy,Joel Przybilla,LaMarcus Aldridge,Rudy Fernandez,1,3:12,POR,rebound,,,,,,,,,,Joel Przybilla,,,,,,off,,
Marc Gasol,Mike Conley,O.J. Mayo,Rudy Gay,Zach Randolph,Andre Miller,Brandon Roy,Joel Przybilla,LaMarcus Aldridge,Rudy Fernandez,1,2:59,POR,shot,,,,,,,,,,Rudy Fernandez,,,,missed,,3pt,48,6
Marc Gasol,Mike Conley,O.J. Mayo,Rudy Gay,Zach Randolph,Andre Miller,Brandon Roy,Joel Przybilla,LaMarcus Aldridge,Rudy Fernandez,1,2:59,MEM,rebound,,,,,,,,,,Marc Gasol,,,,,,def,,
Marc Gasol,Mike Conley,O.J. Mayo,Rudy Gay,Zach Randolph,Andre Miller,Brandon Roy,Joel Przybilla,LaMarcus Aldridge,Rudy Fernandez,1,2:53,MEM,shot,,,,,,,,,,O.J. Mayo,2,,,made,,driving reverse layup,25,6
Marc Gasol,Mike Conley,O.J. Mayo,Rudy Gay,Zach Randolph,Andre Miller,Brandon Roy,Joel Przybilla,LaMarcus Aldridge,Rudy Fernandez,1,2:30,POR,shot,,,Rudy Gay,,,,,,,Brandon Roy,,,,missed,,pullup jump,9,9
Marc Gasol,Mike Conley,O.J. Mayo,Rudy Gay,Zach Randolph,Andre Miller,Brandon Roy,Joel Przybilla,LaMarcus Aldridge,Rudy Fernandez,1,2:27,MEM,rebound,,,,,,,,,,Marc Gasol,,,,,,def,,
Marc Gasol,Mike Conley,O.J. Mayo,Rudy Gay,Zach Randolph,Andre Miller,Brandon Roy,Joel Przybilla,LaMarcus Aldridge,Rudy Fernandez,1,2:15,POR,foul,,,,,,,,Rudy Gay,,Joel Przybilla,,,,,,personal,,
Marc Gasol,Mike Conley,O.J. Mayo,Rudy Gay,Zach Randolph,Andre Miller,Brandon Roy,Joel Przybilla,LaMarcus Aldridge,Rudy Fernandez,1,2:15,MEM,timeout,,,,,,,,,,,,,,,,regular,,
Marc Gasol,Mike Conley,O.J. Mayo,Rudy Gay,Zach Randolph,Andre Miller,Brandon Roy,Joel Przybilla,LaMarcus Aldridge,Rudy Fernandez,1,2:15,MEM,free throw,,,,,,,1,,2,Rudy Gay,,,foul,made,,,,
Hasheem Thabeet,Mike Conley,O.J. Mayo,Rudy Gay,Zach Randolph,Andre Miller,Brandon Roy,Joel Przybilla,LaMarcus Aldridge,Rudy Fernandez,1,2:15,MEM,sub,,,,Hasheem Thabeet,,Marc Gasol,,,,,,,,,,,,
Hasheem Thabeet,Mike Conley,O.J. Mayo,Rudy Gay,Zach Randolph,Andre Miller,Brandon Roy,Joel Przybilla,LaMarcus Aldridge,Rudy Fernandez,1,2:15,MEM,free throw,,,,,,,2,,2,Rudy Gay,,,foul,made,,,,
Hasheem Thabeet,Mike Conley,O.J. Mayo,Rudy Gay,Zach Randolph,Andre Miller,Brandon Roy,Joel Przybilla,LaMarcus Aldridge,Rudy Fernandez,1,1:56,POR,turnover,,,,,,,,,,Andre Miller,,,bad pass,,Mike Conley,,,
Hasheem Thabeet,Mike Conley,O.J. Mayo,Rudy Gay,Zach Randolph,Andre Miller,Brandon Roy,Joel Przybilla,LaMarcus Aldridge,Rudy Fernandez,1,1:53,MEM,shot,,,,,,,,,,O.J. Mayo,2,,,made,,driving layup,25,6
Hasheem Thabeet,Mike Conley,O.J. Mayo,Rudy Gay,Zach Randolph,Andre Miller,Brandon Roy,Joel Przybilla,LaMarcus Aldridge,Rudy Fernandez,1,1:30,POR,shot,,,Mike Conley,,,,,,,Andre Miller,,,,missed,,jump,33,10
Hasheem Thabeet,Mike Conley,O.J. Mayo,Rudy Gay,Zach Randolph,Andre Miller,Brandon Roy,Joel Przybilla,LaMarcus Aldridge,Rudy Fernandez,1,1:29,POR,rebound,,,,,,,,,,Andre Miller,,,,,,off,,
Hasheem Thabeet,Mike Conley,O.J. Mayo,Rudy Gay,Zach Randolph,Andre Miller,Brandon Roy,Joel Przybilla,LaMarcus Aldridge,Rudy Fernandez,1,1:17,POR,shot,,,Hasheem Thabeet,,,,,,,Brandon Roy,,,,missed,,driving layup,25,6
Hasheem Thabeet,Mike Conley,O.J. Mayo,Rudy Gay,Zach Randolph,Andre Miller,Brandon Roy,Joel Przybilla,LaMarcus Aldridge,Rudy Fernandez,1,1:15,MEM,rebound,,,,,,,,,,Hasheem Thabeet,,,,,,def,,
Hasheem Thabeet,Mike Conley,O.J. Mayo,Rudy Gay,Zach Randolph,Andre Miller,Brandon Roy,Joel Przybilla,LaMarcus Aldridge,Rudy Fernandez,1,1:07,MEM,shot,,,,,,,,,,Rudy Gay,,,,missed,,driving layup,25,6
Hasheem Thabeet,Mike Conley,O.J. Mayo,Rudy Gay,Zach Randolph,Andre Miller,Brandon Roy,Joel Przybilla,LaMarcus Aldridge,Rudy Fernandez,1,1:06,MEM,rebound,,,,,,,,,,Zach Randolph,,,,,,off,,
Hasheem Thabeet,Mike Conley,O.J. Mayo,Rudy Gay,Zach Randolph,Andre Miller,Brandon Roy,Joel Przybilla,LaMarcus Aldridge,Rudy Fernandez,1,1:06,MEM,shot,,,,,,,,,,Zach Randolph,2,,,made,,layup,25,6
Hasheem Thabeet,Mike Conley,O.J. Mayo,Rudy Gay,Zach Randolph,Andre Miller,Brandon Roy,Joel Przybilla,LaMarcus Aldridge,Rudy Fernandez,1,0:52,POR,shot,,,,,,,,,,Rudy Fernandez,,,,missed,,jump,35,11
Hasheem Thabeet,Mike Conley,O.J. Mayo,Rudy Gay,Zach Randolph,Andre Miller,Brandon Roy,Joel Przybilla,LaMarcus Aldridge,Rudy Fernandez,1,0:49,POR,rebound,,,,,,,,,,LaMarcus Aldridge,,,,,,off,,
Hasheem Thabeet,Mike Conley,O.J. Mayo,Rudy Gay,Zach Randolph,Andre Miller,Brandon Roy,Joel Przybilla,LaMarcus Aldridge,Rudy Fernandez,1,0:49,POR,shot,,,,,,,,,,LaMarcus Aldridge,,,,missed,,tip,25,6
Hasheem Thabeet,Mike Conley,O.J. Mayo,Rudy Gay,Zach Randolph,Andre Miller,Brandon Roy,Joel Przybilla,LaMarcus Aldridge,Rudy Fernandez,1,0:49,MEM,rebound,,,,,,,,,,Zach Randolph,,,,,,def,,
Hasheem Thabeet,Mike Conley,O.J. Mayo,Rudy Gay,Zach Randolph,Andre Miller,Brandon Roy,Joel Przybilla,LaMarcus Aldridge,Rudy Fernandez,1,0:34,MEM,shot,,,,,,,,,,Mike Conley,,,,missed,,pullup jump,26,20
Hasheem Thabeet,Mike Conley,O.J. Mayo,Rudy Gay,Zach Randolph,Andre Miller,Brandon Roy,Joel Przybilla,LaMarcus Aldridge,Rudy Fernandez,1,0:33,POR,rebound,,,,,,,,,,Joel Przybilla,,,,,,def,,
Hasheem Thabeet,Mike Conley,O.J. Mayo,Rudy Gay,Zach Randolph,Andre Miller,Brandon Roy,Joel Przybilla,LaMarcus Aldridge,Rudy Fernandez,1,0:13,POR,shot,,,Hasheem Thabeet,,,,,,,Rudy Fernandez,,,,missed,,driving layup,25,6
Hasheem Thabeet,Mike Conley,O.J. Mayo,Rudy Gay,Zach Randolph,Andre Miller,Brandon Roy,Joel Przybilla,LaMarcus Aldridge,Rudy Fernandez,1,0:11,MEM,rebound,,,,,,,,,,Rudy Gay,,,,,,def,,
Hasheem Thabeet,Mike Conley,O.J. Mayo,Rudy Gay,Zach Randolph,Andre Miller,Brandon Roy,Joel Przybilla,LaMarcus Aldridge,Rudy Fernandez,1,0:07,MEM,shot,Rudy Gay,,,,,,,,,Mike Conley,2,,,made,,driving reverse layup,25,6
Hasheem Thabeet,Jamaal Tinsley,Marc Gasol,O.J. Mayo,Rudy Gay,Andre Miller,Joel Przybilla,LaMarcus Aldridge,Martell Webster,Rudy Fernandez,2,11:41,POR,shot,,,,,,,,,,Rudy Fernandez,,,,missed,,3pt,16,28
Hasheem Thabeet,Jamaal Tinsley,Marc Gasol,O.J. Mayo,Rudy Gay,Andre Miller,Joel Przybilla,LaMarcus Aldridge,Martell Webster,Rudy Fernandez,2,11:39,POR,rebound,,,,,,,,,,LaMarcus Aldridge,,,,,,off,,
Hasheem Thabeet,Jamaal Tinsley,Marc Gasol,O.J. Mayo,Rudy Gay,Andre Miller,Joel Przybilla,LaMarcus Aldridge,Martell Webster,Rudy Fernandez,2,11:30,POR,shot,,,Hasheem Thabeet,,,,,,,LaMarcus Aldridge,,,,missed,,alley oop layup,25,6
Hasheem Thabeet,Jamaal Tinsley,Marc Gasol,O.J. Mayo,Rudy Gay,Andre Miller,Joel Przybilla,LaMarcus Aldridge,Martell Webster,Rudy Fernandez,2,11:30,POR,rebound,,,,,,,,,,,,,,,,,,
Hasheem Thabeet,Jamaal Tinsley,Marc Gasol,O.J. Mayo,Rudy Gay,Andre Miller,Joel Przybilla,LaMarcus Aldridge,Martell Webster,Rudy Fernandez,2,11:24,POR,shot,,,,,,,,,,Andre Miller,,,,missed,,jump,38,22
Hasheem Thabeet,Jamaal Tinsley,Marc Gasol,O.J. Mayo,Rudy Gay,Andre Miller,Joel Przybilla,LaMarcus Aldridge,Martell Webster,Rudy Fernandez,2,11:23,MEM,rebound,,,,,,,,,,Marc Gasol,,,,,,def,,
Hasheem Thabeet,Jamaal Tinsley,Marc Gasol,O.J. Mayo,Rudy Gay,Andre Miller,Joel Przybilla,LaMarcus Aldridge,Martell Webster,Rudy Fernandez,2,11:09,MEM,shot,Marc Gasol,,,,,,,,,O.J. Mayo,2,,,made,,jump,6,13
Hasheem Thabeet,Jamaal Tinsley,Marc Gasol,O.J. Mayo,Rudy Gay,Andre Miller,Joel Przybilla,LaMarcus Aldridge,Martell Webster,Rudy Fernandez,2,10:51,POR,shot,,,,,,,,,,Andre Miller,,,,missed,,jump,30,25
Hasheem Thabeet,Jamaal Tinsley,Marc Gasol,O.J. Mayo,Rudy Gay,Andre Miller,Joel Przybilla,LaMarcus Aldridge,Martell Webster,Rudy Fernandez,2,10:51,MEM,rebound,,,,,,,,,,Marc Gasol,,,,,,def,,
Hasheem Thabeet,Jamaal Tinsley,Marc Gasol,O.J. Mayo,Rudy Gay,Andre Miller,Joel Przybilla,LaMarcus Aldridge,Martell Webster,Rudy Fernandez,2,10:31,MEM,shot,,,,,,,,,,Hasheem Thabeet,,,,missed,,layup,25,6
Hasheem Thabeet,Jamaal Tinsley,Marc Gasol,O.J. Mayo,Rudy Gay,Andre Miller,Joel Przybilla,LaMarcus Aldridge,Martell Webster,Rudy Fernandez,2,10:30,MEM,rebound,,,,,,,,,,Hasheem Thabeet,,,,,,off,,
Hasheem Thabeet,Jamaal Tinsley,Marc Gasol,O.J. Mayo,Rudy Gay,Andre Miller,Joel Przybilla,LaMarcus Aldridge,Martell Webster,Rudy Fernandez,2,10:30,MEM,shot,,,,,,,,,,Hasheem Thabeet,,,,missed,,tip,25,6
Hasheem Thabeet,Jamaal Tinsley,Marc Gasol,O.J. Mayo,Rudy Gay,Andre Miller,Joel Przybilla,LaMarcus Aldridge,Martell Webster,Rudy Fernandez,2,10:29,MEM,rebound,,,,,,,,,,Hasheem Thabeet,,,,,,off,,
Hasheem Thabeet,Jamaal Tinsley,Marc Gasol,O.J. Mayo,Rudy Gay,Andre Miller,Joel Przybilla,LaMarcus Aldridge,Martell Webster,Rudy Fernandez,2,10:29,POR,foul,,,,,,,,Hasheem Thabeet,,Joel Przybilla,,,,,,shooting,,
Hasheem Thabeet,Jamaal Tinsley,Marc Gasol,O.J. Mayo,Rudy Gay,Andre Miller,Greg Oden,LaMarcus Aldridge,Martell Webster,Rudy Fernandez,2,10:29,POR,sub,,,,Greg Oden,,Joel Przybilla,,,,,,,,,,,,
Hasheem Thabeet,Jamaal Tinsley,Marc Gasol,O.J. Mayo,Rudy Gay,Andre Miller,Dante Cunningham,Greg Oden,Martell Webster,Rudy Fernandez,2,10:29,POR,sub,,,,Dante Cunningham,,LaMarcus Aldridge,,,,,,,,,,,,
Hasheem Thabeet,Jamaal Tinsley,Marc Gasol,O.J. Mayo,Rudy Gay,Andre Miller,Dante Cunningham,Greg Oden,Martell Webster,Rudy Fernandez,2,10:29,MEM,free throw,,,,,,,1,,2,Hasheem Thabeet,,,foul,made,,,,
Hasheem Thabeet,Jamaal Tinsley,Marc Gasol,O.J. Mayo,Rudy Gay,Andre Miller,Dante Cunningham,Greg Oden,Martell Webster,Rudy Fernandez,2,10:29,MEM,free throw,,,,,,,2,,2,Hasheem Thabeet,,,foul,missed,,,,
Hasheem Thabeet,Jamaal Tinsley,Marc Gasol,O.J. Mayo,Rudy Gay,Andre Miller,Dante Cunningham,Greg Oden,Martell Webster,Rudy Fernandez,2,10:28,POR,rebound,,,,,,,,,,Greg Oden,,,,,,def,,
Hasheem Thabeet,Jamaal Tinsley,Marc Gasol,O.J. Mayo,Rudy Gay,Andre Miller,Dante Cunningham,Greg Oden,Martell Webster,Rudy Fernandez,2,10:04,POR,shot,,,,,,,,,,Andre Miller,2,,,made,,driving layup,25,6
Hasheem Thabeet,Jamaal Tinsley,Marc Gasol,O.J. Mayo,Rudy Gay,Andre Miller,Dante Cunningham,Greg Oden,Martell Webster,Rudy Fernandez,2,10:04,MEM,foul,,,,,,,,Andre Miller,,Hasheem Thabeet,,,,,,shooting,,
Hasheem Thabeet,Jamaal Tinsley,Marc Gasol,O.J. Mayo,Rudy Gay,Andre Miller,Dante Cunningham,Greg Oden,Martell Webster,Rudy Fernandez,2,10:04,POR,free throw,,,,,,,1,,1,Andre Miller,,,foul,missed,,,,
Hasheem Thabeet,Jamaal Tinsley,Marc Gasol,O.J. Mayo,Rudy Gay,Andre Miller,Dante Cunningham,Greg Oden,Martell Webster,Rudy Fernandez,2,10:03,MEM,rebound,,,,,,,,,,Marc Gasol,,,,,,def,,
Hasheem Thabeet,Jamaal Tinsley,Marc Gasol,O.J. Mayo,Rudy Gay,Andre Miller,Dante Cunningham,Greg Oden,Martell Webster,Rudy Fernandez,2,9:47,MEM,shot,Jamaal Tinsley,,,,,,,,,O.J. Mayo,3,,,made,,3pt,5,20
Hasheem Thabeet,Jamaal Tinsley,Marc Gasol,O.J. Mayo,Rudy Gay,Andre Miller,Dante Cunningham,Greg Oden,Martell Webster,Rudy Fernandez,2,9:29,POR,shot,,,,,,,,,,Greg Oden,,,,missed,,jump,35,8
Hasheem Thabeet,Jamaal Tinsley,Marc Gasol,O.J. Mayo,Rudy Gay,Andre Miller,Dante Cunningham,Greg Oden,Martell Webster,Rudy Fernandez,2,9:28,POR,rebound,,,,,,,,,,Dante Cunningham,,,,,,off,,
Hasheem Thabeet,Jamaal Tinsley,Marc Gasol,O.J. Mayo,Rudy Gay,Andre Miller,Dante Cunningham,Greg Oden,Martell Webster,Rudy Fernandez,2,9:28,MEM,foul,,,,,,,,Dante Cunningham,,Marc Gasol,,,,,,personal,,
DeMarre Carroll,Hasheem Thabeet,Jamaal Tinsley,Marc Gasol,O.J. Mayo,Andre Miller,Dante Cunningham,Greg Oden,Martell Webster,Rudy Fernandez,2,9:28,MEM,sub,,,,DeMarre Carroll,,Rudy Gay,,,,,,,,,,,,
DeMarre Carroll,Hasheem Thabeet,Jamaal Tinsley,Marc Gasol,O.J. Mayo,Dante Cunningham,Greg Oden,Jerryd Bayless,Martell Webster,Rudy Fernandez,2,9:28,POR,sub,,,,Jerryd Bayless,,Andre Miller,,,,,,,,,,,,
DeMarre Carroll,Hasheem Thabeet,Jamaal Tinsley,Marc Gasol,O.J. Mayo,Dante Cunningham,Greg Oden,Jerryd Bayless,Martell Webster,Rudy Fernandez,2,9:14,POR,shot,,,Jamaal Tinsley,,,,,,,Jerryd Bayless,,,,missed,,layup,25,6
DeMarre Carroll,Hasheem Thabeet,Jamaal Tinsley,Marc Gasol,O.J. Mayo,Dante Cunningham,Greg Oden,Jerryd Bayless,Martell Webster,Rudy Fernandez,2,9:13,MEM,rebound,,,,,,,,,,Jamaal Tinsley,,,,,,def,,
DeMarre Carroll,Hasheem Thabeet,Jamaal Tinsley,Marc Gasol,O.J. Mayo,Dante Cunningham,Greg Oden,Jerryd Bayless,Martell Webster,Rudy Fernandez,2,8:55,MEM,timeout,,,,,,,,,,,,,,,,official,,
DeMarre Carroll,Hasheem Thabeet,Jamaal Tinsley,Marc Gasol,O.J. Mayo,Brandon Roy,Dante Cunningham,Greg Oden,Jerryd Bayless,Martell Webster,2,8:55,POR,sub,,,,Brandon Roy,,Rudy Fernandez,,,,,,,,,,,,
DeMarre Carroll,Hasheem Thabeet,Jamaal Tinsley,Marc Gasol,O.J. Mayo,Brandon Roy,Dante Cunningham,Greg Oden,Jerryd Bayless,Martell Webster,2,8:49,MEM,shot,O.J. Mayo,,,,,,,,,Jamaal Tinsley,3,,,made,,3pt,11,29
DeMarre Carroll,Hasheem Thabeet,Jamaal Tinsley,Marc Gasol,O.J. Mayo,Brandon Roy,Dante Cunningham,Greg Oden,Jerryd Bayless,Martell Webster,2,8:32,POR,shot,,,,,,,,,,Dante Cunningham,,,,missed,,jump,38,23
DeMarre Carroll,Hasheem Thabeet,Jamaal Tinsley,Marc Gasol,O.J. Mayo,Brandon Roy,Dante Cunningham,Greg Oden,Jerryd Bayless,Martell Webster,2,8:31,MEM,rebound,,,,,,,,,,O.J. Mayo,,,,,,def,,
DeMarre Carroll,Hasheem Thabeet,Jamaal Tinsley,Marc Gasol,O.J. Mayo,Brandon Roy,Dante Cunningham,Greg Oden,Jerryd Bayless,Martell Webster,2,8:19,MEM,shot,,,,,,,,,,Jamaal Tinsley,2,,,made,,driving hook,20,8
DeMarre Carroll,Hasheem Thabeet,Jamaal Tinsley,Marc Gasol,O.J. Mayo,Brandon Roy,Dante Cunningham,Greg Oden,Jerryd Bayless,Martell Webster,2,8:02,POR,turnover,,,,,,,,,,Brandon Roy,,,traveling,,,,,
DeMarre Carroll,Hasheem Thabeet,Jamaal Tinsley,Marc Gasol,O.J. Mayo,Brandon Roy,Dante Cunningham,Greg Oden,Jerryd Bayless,Martell Webster,2,7:39,MEM,shot,,,,,,,,,,DeMarre Carroll,2,,,made,,jump,40,9
DeMarre Carroll,Hasheem Thabeet,Jamaal Tinsley,Marc Gasol,O.J. Mayo,Brandon Roy,Dante Cunningham,Greg Oden,Jerryd Bayless,Martell Webster,2,7:30,POR,timeout,,,,,,,,,,,,,,,,regular,,
DeMarre Carroll,Hasheem Thabeet,Jamaal Tinsley,Marc Gasol,Rudy Gay,Brandon Roy,Dante Cunningham,Greg Oden,Jerryd Bayless,Martell Webster,2,7:30,MEM,sub,,,,Rudy Gay,,O.J. Mayo,,,,,,,,,,,,
DeMarre Carroll,Hasheem Thabeet,Jamaal Tinsley,Marc Gasol,Rudy Gay,Brandon Roy,Dante Cunningham,Greg Oden,Jerryd Bayless,Martell Webster,2,7:14,POR,shot,,,,,,,,,,Greg Oden,,,,missed,,layup,25,6
DeMarre Carroll,Hasheem Thabeet,Jamaal Tinsley,Marc Gasol,Rudy Gay,Brandon Roy,Dante Cunningham,Greg Oden,Jerryd Bayless,Martell Webster,2,7:14,MEM,rebound,,,,,,,,,,Marc Gasol,,,,,,def,,
DeMarre Carroll,Hasheem Thabeet,Jamaal Tinsley,Marc Gasol,Rudy Gay,Brandon Roy,Dante Cunningham,Greg Oden,Jerryd Bayless,Martell Webster,2,7:05,POR,foul,,,,,,,,Jamaal Tinsley,,Jerryd Bayless,,,,,,personal,,
DeMarre Carroll,Hasheem Thabeet,Jamaal Tinsley,Marc Gasol,Rudy Gay,Brandon Roy,Greg Oden,Jerryd Bayless,LaMarcus Aldridge,Martell Webster,2,7:05,POR,sub,,,,LaMarcus Aldridge,,Dante Cunningham,,,,,,,,,,,,
DeMarre Carroll,Jamaal Tinsley,Marc Gasol,Rudy Gay,Zach Randolph,Brandon Roy,Greg Oden,Jerryd Bayless,LaMarcus Aldridge,Martell Webster,2,7:05,MEM,sub,,,,Zach Randolph,,Hasheem Thabeet,,,,,,,,,,,,
DeMarre Carroll,Jamaal Tinsley,Marc Gasol,Rudy Gay,Zach Randolph,Brandon Roy,Greg Oden,Jerryd Bayless,LaMarcus Aldridge,Martell Webster,2,7:00,MEM,turnover,,,,,,,,,,Jamaal Tinsley,,,bad pass,,Martell Webster,,,
DeMarre Carroll,Jamaal Tinsley,Marc Gasol,Rudy Gay,Zach Randolph,Brandon Roy,Greg Oden,Jerryd Bayless,LaMarcus Aldridge,Martell Webster,2,6:53,MEM,foul,,,,,,,,Jerryd Bayless,,Jamaal Tinsley,,,,,,personal,,
DeMarre Carroll,Jamaal Tinsley,Marc Gasol,Rudy Gay,Zach Randolph,Brandon Roy,Greg Oden,Jerryd Bayless,LaMarcus Aldridge,Martell Webster,2,6:46,POR,shot,,,,,,,,,,Jerryd Bayless,,,,missed,,jump,31,6
DeMarre Carroll,Jamaal Tinsley,Marc Gasol,Rudy Gay,Zach Randolph,Brandon Roy,Greg Oden,Jerryd Bayless,LaMarcus Aldridge,Martell Webster,2,6:46,POR,rebound,,,,,,,,,,,,,,,,,,
DeMarre Carroll,Jamaal Tinsley,Marc Gasol,Rudy Gay,Zach Randolph,Brandon Roy,Greg Oden,Jerryd Bayless,LaMarcus Aldridge,Martell Webster,2,6:41,POR,shot,Jerryd Bayless,,,,,,,,,Brandon Roy,2,,,made,,jump,25,24
DeMarre Carroll,Jamaal Tinsley,Marc Gasol,Rudy Gay,Zach Randolph,Brandon Roy,Greg Oden,Jerryd Bayless,LaMarcus Aldridge,Martell Webster,2,6:18,POR,foul,,,,,,,,Jamaal Tinsley,,Jerryd Bayless,,,,,,personal,,
DeMarre Carroll,Jamaal Tinsley,Marc Gasol,Rudy Gay,Zach Randolph,Brandon Roy,Greg Oden,Jerryd Bayless,LaMarcus Aldridge,Martell Webster,2,6:07,MEM,shot,,,,,,,,,,Zach Randolph,,,,missed,,turnaround hook,32,9
DeMarre Carroll,Jamaal Tinsley,Marc Gasol,Rudy Gay,Zach Randolph,Brandon Roy,Greg Oden,Jerryd Bayless,LaMarcus Aldridge,Martell Webster,2,6:06,MEM,rebound,,,,,,,,,,,,,,,,,,
DeMarre Carroll,Jamaal Tinsley,Marc Gasol,Rudy Gay,Zach Randolph,Brandon Roy,Greg Oden,Jerryd Bayless,LaMarcus Aldridge,Martell Webster,2,5:55,MEM,shot,,,,,,,,,,Rudy Gay,2,,,made,,driving layup,25,6
DeMarre Carroll,Jamaal Tinsley,Marc Gasol,Rudy Gay,Zach Randolph,Brandon Roy,Greg Oden,Jerryd Bayless,LaMarcus Aldridge,Martell Webster,2,5:37,POR,shot,,,,,,,,,,LaMarcus Aldridge,2,,,made,,running jump,29,10
DeMarre Carroll,Jamaal Tinsley,Marc Gasol,Rudy Gay,Zach Randolph,Brandon Roy,Greg Oden,Jerryd Bayless,LaMarcus Aldridge,Martell Webster,2,5:37,MEM,foul,,,,,,,,Greg Oden,,Zach Randolph,,,,,,shooting,,
DeMarre Carroll,Jamaal Tinsley,Marc Gasol,Rudy Gay,Zach Randolph,Brandon Roy,Greg Oden,LaMarcus Aldridge,Martell Webster,Steve Blake,2,5:37,POR,sub,,,,Steve Blake,,Jerryd Bayless,,,,,,,,,,,,
DeMarre Carroll,Jamaal Tinsley,Marc Gasol,Rudy Gay,Zach Randolph,Brandon Roy,Greg Oden,LaMarcus Aldridge,Martell Webster,Steve Blake,2,5:37,POR,free throw,,,,,,,1,,1,LaMarcus Aldridge,,,foul,made,,,,
DeMarre Carroll,Jamaal Tinsley,Marc Gasol,Rudy Gay,Zach Randolph,Brandon Roy,Greg Oden,LaMarcus Aldridge,Martell Webster,Steve Blake,2,5:25,MEM,shot,,,,,,,,,,Jamaal Tinsley,2,,,made,,driving layup,25,6
DeMarre Carroll,Jamaal Tinsley,Marc Gasol,Rudy Gay,Zach Randolph,Brandon Roy,Greg Oden,LaMarcus Aldridge,Martell Webster,Steve Blake,2,5:17,POR,shot,,,,,,,,,,Brandon Roy,2,,,made,,driving jump,21,9
DeMarre Carroll,Jamaal Tinsley,Marc Gasol,Rudy Gay,Zach Randolph,Brandon Roy,Greg Oden,LaMarcus Aldridge,Martell Webster,Steve Blake,2,5:02,MEM,shot,,,,,,,,,,Zach Randolph,,,,missed,,running reverse layup,25,6
DeMarre Carroll,Jamaal Tinsley,Marc Gasol,Rudy Gay,Zach Randolph,Brandon Roy,Greg Oden,LaMarcus Aldridge,Martell Webster,Steve Blake,2,5:00,MEM,rebound,,,,,,,,,,Marc Gasol,,,,,,off,,
DeMarre Carroll,Jamaal Tinsley,Marc Gasol,Rudy Gay,Zach Randolph,Brandon Roy,Greg Oden,LaMarcus Aldridge,Martell Webster,Steve Blake,2,5:00,POR,foul,,,,,,,,Marc Gasol,,Steve Blake,,,,,,shooting,,
DeMarre Carroll,Jamaal Tinsley,Marc Gasol,Rudy Gay,Zach Randolph,Brandon Roy,Greg Oden,LaMarcus Aldridge,Martell Webster,Steve Blake,2,5:00,MEM,free throw,,,,,,,1,,2,Marc Gasol,,,foul,made,,,,
DeMarre Carroll,Jamaal Tinsley,Marc Gasol,Rudy Gay,Zach Randolph,Brandon Roy,Greg Oden,LaMarcus Aldridge,Martell Webster,Steve Blake,2,5:00,MEM,free throw,,,,,,,2,,2,Marc Gasol,,,foul,made,,,,
DeMarre Carroll,Jamaal Tinsley,Marc Gasol,Rudy Gay,Zach Randolph,Brandon Roy,Greg Oden,LaMarcus Aldridge,Martell Webster,Steve Blake,2,4:52,MEM,foul,,,,,,,,Brandon Roy,,Marc Gasol,,,,,,shooting,,
Jamaal Tinsley,Marc Gasol,O.J. Mayo,Rudy Gay,Zach Randolph,Brandon Roy,Greg Oden,LaMarcus Aldridge,Martell Webster,Steve Blake,2,4:52,MEM,sub,,,,O.J. Mayo,,DeMarre Carroll,,,,,,,,,,,,
Jamaal Tinsley,Marc Gasol,O.J. Mayo,Rudy Gay,Zach Randolph,Brandon Roy,Greg Oden,LaMarcus Aldridge,Martell Webster,Steve Blake,2,4:52,POR,free throw,,,,,,,1,,2,Brandon Roy,,,foul,made,,,,
Jamaal Tinsley,Marc Gasol,O.J. Mayo,Rudy Gay,Zach Randolph,Brandon Roy,Greg Oden,LaMarcus Aldridge,Martell Webster,Steve Blake,2,4:52,POR,free throw,,,,,,,2,,2,Brandon Roy,,,foul,made,,,,
Jamaal Tinsley,Marc Gasol,O.J. Mayo,Rudy Gay,Zach Randolph,Brandon Roy,Greg Oden,LaMarcus Aldridge,Martell Webster,Steve Blake,2,4:39,MEM,shot,,,,,,,,,,Zach Randolph,,,,missed,,layup,25,6
Jamaal Tinsley,Marc Gasol,O.J. Mayo,Rudy Gay,Zach Randolph,Brandon Roy,Greg Oden,LaMarcus Aldridge,Martell Webster,Steve Blake,2,4:38,POR,rebound,,,,,,,,,,Brandon Roy,,,,,,def,,
Jamaal Tinsley,Marc Gasol,O.J. Mayo,Rudy Gay,Zach Randolph,Brandon Roy,Greg Oden,LaMarcus Aldridge,Martell Webster,Steve Blake,2,4:33,POR,shot,Brandon Roy,,,,,,,,,LaMarcus Aldridge,2,,,made,,dunk,25,6
Jamaal Tinsley,Marc Gasol,O.J. Mayo,Rudy Gay,Zach Randolph,Brandon Roy,Greg Oden,LaMarcus Aldridge,Martell Webster,Steve Blake,2,4:27,MEM,timeout,,,,,,,,,,,,,,,,regular,,
Jamaal Tinsley,Marc Gasol,O.J. Mayo,Rudy Gay,Zach Randolph,Brandon Roy,Greg Oden,LaMarcus Aldridge,Martell Webster,Steve Blake,2,4:13,MEM,shot,Rudy Gay,,,,,,,,,Jamaal Tinsley,3,,,made,,3pt,22,32
Jamaal Tinsley,Marc Gasol,O.J. Mayo,Rudy Gay,Zach Randolph,Brandon Roy,Greg Oden,LaMarcus Aldridge,Martell Webster,Steve Blake,2,3:59,POR,turnover,,,,,,,,,,Greg Oden,,,offensive goaltending,,,,,
Jamaal Tinsley,Marc Gasol,O.J. Mayo,Rudy Gay,Zach Randolph,Brandon Roy,Greg Oden,LaMarcus Aldridge,Martell Webster,Steve Blake,2,3:47,MEM,shot,O.J. Mayo,,,,,,,,,Rudy Gay,2,,,made,,alley oop dunk,25,6
Jamaal Tinsley,Marc Gasol,O.J. Mayo,Rudy Gay,Zach Randolph,Brandon Roy,Greg Oden,LaMarcus Aldridge,Martell Webster,Steve Blake,2,3:34,POR,shot,Brandon Roy,,,,,,,,,Greg Oden,2,,,made,,dunk,25,6
Jamaal Tinsley,Marc Gasol,O.J. Mayo,Rudy Gay,Zach Randolph,Brandon Roy,Greg Oden,LaMarcus Aldridge,Martell Webster,Steve Blake,2,3:20,MEM,shot,Jamaal Tinsley,,,,,,,,,O.J. Mayo,2,,,made,,driving finger roll layup,25,6
Jamaal Tinsley,Marc Gasol,O.J. Mayo,Rudy Gay,Zach Randolph,Brandon Roy,Greg Oden,LaMarcus Aldridge,Martell Webster,Steve Blake,2,3:01,POR,shot,,,,,,,,,,Steve Blake,,,,missed,,3pt,47,5
Jamaal Tinsley,Marc Gasol,O.J. Mayo,Rudy Gay,Zach Randolph,Brandon Roy,Greg Oden,LaMarcus Aldridge,Martell Webster,Steve Blake,2,2:59,MEM,rebound,,,,,,,,,,Rudy Gay,,,,,,def,,
Jamaal Tinsley,Marc Gasol,O.J. Mayo,Rudy Gay,Zach Randolph,Brandon Roy,Greg Oden,LaMarcus Aldridge,Martell Webster,Steve Blake,2,2:52,MEM,shot,,,Greg Oden,,,,,,,Rudy Gay,,,,missed,,layup,25,6
Jamaal Tinsley,Marc Gasol,O.J. Mayo,Rudy Gay,Zach Randolph,Brandon Roy,Greg Oden,LaMarcus Aldridge,Martell Webster,Steve Blake,2,2:50,MEM,rebound,,,,,,,,,,Marc Gasol,,,,,,off,,
Jamaal Tinsley,Marc Gasol,O.J. Mayo,Rudy Gay,Zach Randolph,Brandon Roy,Greg Oden,LaMarcus Aldridge,Martell Webster,Steve Blake,2,2:50,POR,foul,,,,,,,,Marc Gasol,,Greg Oden,,,,,,shooting,,
Jamaal Tinsley,Marc Gasol,O.J. Mayo,Rudy Gay,Zach Randolph,Brandon Roy,Greg Oden,LaMarcus Aldridge,Martell Webster,Steve Blake,2,2:50,MEM,free throw,,,,,,,1,,2,Marc Gasol,,,foul,made,,,,
Jamaal Tinsley,Marc Gasol,O.J. Mayo,Rudy Gay,Zach Randolph,Brandon Roy,Joel Przybilla,LaMarcus Aldridge,Martell Webster,Steve Blake,2,2:50,POR,sub,,,,Joel Przybilla,,Greg Oden,,,,,,,,,,,,
Jamaal Tinsley,Marc Gasol,O.J. Mayo,Rudy Gay,Zach Randolph,Brandon Roy,Joel Przybilla,LaMarcus Aldridge,Martell Webster,Steve Blake,2,2:50,MEM,free throw,,,,,,,2,,2,Marc Gasol,,,foul,made,,,,
Jamaal Tinsley,Marc Gasol,O.J. Mayo,Rudy Gay,Zach Randolph,Brandon Roy,Joel Przybilla,LaMarcus Aldridge,Martell Webster,Steve Blake,2,2:40,POR,shot,,,,,,,,,,LaMarcus Aldridge,,,,missed,,jump,43,17
Jamaal Tinsley,Marc Gasol,O.J. Mayo,Rudy Gay,Zach Randolph,Brandon Roy,Joel Przybilla,LaMarcus Aldridge,Martell Webster,Steve Blake,2,2:40,MEM,rebound,,,,,,,,,,O.J. Mayo,,,,,,def,,
Jamaal Tinsley,Marc Gasol,O.J. Mayo,Rudy Gay,Zach Randolph,Brandon Roy,Joel Przybilla,LaMarcus Aldridge,Martell Webster,Steve Blake,2,2:35,MEM,shot,,,LaMarcus Aldridge,,,,,,,Zach Randolph,,,,missed,,layup,25,6
Jamaal Tinsley,Marc Gasol,O.J. Mayo,Rudy Gay,Zach Randolph,Brandon Roy,Joel Przybilla,LaMarcus Aldridge,Martell Webster,Steve Blake,2,2:34,MEM,rebound,,,,,,,,,,Zach Randolph,,,,,,off,,
Jamaal Tinsley,Marc Gasol,O.J. Mayo,Rudy Gay,Zach Randolph,Brandon Roy,Joel Przybilla,LaMarcus Aldridge,Martell Webster,Steve Blake,2,2:34,POR,violation,,,,,,,,,,Martell Webster,,,,,,defensive goaltending,,
Jamaal Tinsley,Marc Gasol,O.J. Mayo,Rudy Gay,Zach Randolph,Brandon Roy,Joel Przybilla,LaMarcus Aldridge,Martell Webster,Steve Blake,2,2:34,MEM,shot,,,,,,,,,,Zach Randolph,2,,,made,,layup,25,6
Jamaal Tinsley,Marc Gasol,O.J. Mayo,Rudy Gay,Zach Randolph,Brandon Roy,Joel Przybilla,LaMarcus Aldridge,Martell Webster,Steve Blake,2,2:11,POR,shot,,,,,,,,,,Brandon Roy,2,,,made,,driving jump,31,7
Jamaal Tinsley,Marc Gasol,O.J. Mayo,Rudy Gay,Zach Randolph,Brandon Roy,Joel Przybilla,LaMarcus Aldridge,Martell Webster,Steve Blake,2,1:46,MEM,shot,Jamaal Tinsley,,,,,,,,,Zach Randolph,2,,,made,,layup,25,6
Jamaal Tinsley,Marc Gasol,O.J. Mayo,Rudy Gay,Zach Randolph,Brandon Roy,Joel Przybilla,LaMarcus Aldridge,Martell Webster,Steve Blake,2,1:33,MEM,foul,,,,,,,,Brandon Roy,,O.J. Mayo,,,,,,shooting,,
Jamaal Tinsley,Marc Gasol,O.J. Mayo,Rudy Gay,Zach Randolph,Brandon Roy,Joel Przybilla,LaMarcus Aldridge,Martell Webster,Steve Blake,2,1:33,POR,free throw,,,,,,,1,,3,Brandon Roy,,,foul,made,,,,
Hasheem Thabeet,Jamaal Tinsley,O.J. Mayo,Rudy Gay,Zach Randolph,Brandon Roy,Joel Przybilla,LaMarcus Aldridge,Martell Webster,Steve Blake,2,1:33,MEM,sub,,,,Hasheem Thabeet,,Marc Gasol,,,,,,,,,,,,
Hasheem Thabeet,Jamaal Tinsley,O.J. Mayo,Rudy Gay,Zach Randolph,Brandon Roy,Joel Przybilla,LaMarcus Aldridge,Martell Webster,Steve Blake,2,1:33,POR,free throw,,,,,,,2,,3,Brandon Roy,,,foul,missed,,,,
Hasheem Thabeet,Jamaal Tinsley,O.J. Mayo,Rudy Gay,Zach Randolph,Brandon Roy,Joel Przybilla,LaMarcus Aldridge,Martell Webster,Steve Blake,2,1:33,POR,rebound,,,,,,,,,,,,,,,,,,
Hasheem Thabeet,Jamaal Tinsley,O.J. Mayo,Rudy Gay,Zach Randolph,Brandon Roy,Joel Przybilla,LaMarcus Aldridge,Martell Webster,Steve Blake,2,1:33,POR,free throw,,,,,,,3,,3,Brandon Roy,,,foul,made,,,,
Hasheem Thabeet,Jamaal Tinsley,O.J. Mayo,Rudy Gay,Zach Randolph,Brandon Roy,Joel Przybilla,LaMarcus Aldridge,Martell Webster,Steve Blake,2,1:15,MEM,turnover,,,,,,,,,,Rudy Gay,,,bad pass,,,,,
Hasheem Thabeet,Jamaal Tinsley,O.J. Mayo,Rudy Gay,Zach Randolph,Brandon Roy,Joel Przybilla,LaMarcus Aldridge,Martell Webster,Steve Blake,2,1:15,MEM,foul,,,,,,,,Steve Blake,,Rudy Gay,,,,,,loose ball,,
Hasheem Thabeet,Jamaal Tinsley,O.J. Mayo,Rudy Gay,Zach Randolph,Brandon Roy,Joel Przybilla,LaMarcus Aldridge,Martell Webster,Steve Blake,2,1:15,POR,free throw,,,,,,,1,,2,Steve Blake,,,foul,missed,,,,
Hasheem Thabeet,Jamaal Tinsley,O.J. Mayo,Rudy Gay,Zach Randolph,Brandon Roy,Joel Przybilla,LaMarcus Aldridge,Martell Webster,Steve Blake,2,1:15,POR,rebound,,,,,,,,,,,,,,,,,,
DeMarre Carroll,Hasheem Thabeet,Jamaal Tinsley,O.J. Mayo,Zach Randolph,Brandon Roy,Joel Przybilla,LaMarcus Aldridge,Martell Webster,Steve Blake,2,1:15,MEM,sub,,,,DeMarre Carroll,,Rudy Gay,,,,,,,,,,,,
DeMarre Carroll,Hasheem Thabeet,Jamaal Tinsley,O.J. Mayo,Zach Randolph,Brandon Roy,Joel Przybilla,LaMarcus Aldridge,Martell Webster,Steve Blake,2,1:15,POR,free throw,,,,,,,2,,2,Steve Blake,,,foul,missed,,,,
DeMarre Carroll,Hasheem Thabeet,Jamaal Tinsley,O.J. Mayo,Zach Randolph,Brandon Roy,Joel Przybilla,LaMarcus Aldridge,Martell Webster,Steve Blake,2,1:14,MEM,rebound,,,,,,,,,,Hasheem Thabeet,,,,,,def,,
DeMarre Carroll,Hasheem Thabeet,Jamaal Tinsley,O.J. Mayo,Zach Randolph,Brandon Roy,Joel Przybilla,LaMarcus Aldridge,Martell Webster,Steve Blake,2,0:49,MEM,turnover,,,,,,,,,,,,,shot clock turnover,,,,,
DeMarre Carroll,Hasheem Thabeet,Mike Conley,O.J. Mayo,Zach Randolph,Brandon Roy,Joel Przybilla,LaMarcus Aldridge,Martell Webster,Steve Blake,2,0:49,MEM,sub,,,,Mike Conley,,Jamaal Tinsley,,,,,,,,,,,,
DeMarre Carroll,Hasheem Thabeet,Mike Conley,O.J. Mayo,Zach Randolph,Brandon Roy,Joel Przybilla,LaMarcus Aldridge,Martell Webster,Steve Blake,2,0:41,POR,shot,Brandon Roy,,,,,,,,,LaMarcus Aldridge,2,,,made,,jump,19,26
DeMarre Carroll,Hasheem Thabeet,Mike Conley,O.J. Mayo,Zach Randolph,Brandon Roy,Joel Przybilla,LaMarcus Aldridge,Martell Webster,Steve Blake,2,0:28,MEM,turnover,,,,,,,,,,Hasheem Thabeet,,,poss lost ball turnover,,,,,
DeMarre Carroll,Hasheem Thabeet,Mike Conley,O.J. Mayo,Zach Randolph,Brandon Roy,Joel Przybilla,LaMarcus Aldridge,Martell Webster,Steve Blake,2,0:12,POR,shot,Brandon Roy,,,,,,,,,Martell Webster,3,,,made,,3pt,48,6
DeMarre Carroll,Hasheem Thabeet,Mike Conley,O.J. Mayo,Zach Randolph,Brandon Roy,Joel Przybilla,LaMarcus Aldridge,Martell Webster,Steve Blake,2,0:02,MEM,shot,,,,,,,,,,O.J. Mayo,,,,missed,,step back jump,17,24
DeMarre Carroll,Hasheem Thabeet,Mike Conley,O.J. Mayo,Zach Randolph,Brandon Roy,Joel Przybilla,LaMarcus Aldridge,Martell Webster,Steve Blake,2,0:01,POR,rebound,,,,,,,,,,Brandon Roy,,,,,,def,,
DeMarre Carroll,Hasheem Thabeet,Mike Conley,O.J. Mayo,Zach Randolph,Brandon Roy,Joel Przybilla,LaMarcus Aldridge,Martell Webster,Steve Blake,2,0:00,POR,shot,,,,,,,,,,Steve Blake,,,,missed,,3pt,41,46
DeMarre Carroll,Hasheem Thabeet,Mike Conley,O.J. Mayo,Zach Randolph,Brandon Roy,Joel Przybilla,LaMarcus Aldridge,Martell Webster,Steve Blake,2,0:00,POR,rebound,,,,,,,,,,,,,,,,,,
Marc Gasol,Mike Conley,O.J. Mayo,Rudy Gay,Zach Randolph,Brandon Roy,Greg Oden,LaMarcus Aldridge,Martell Webster,Steve Blake,3,11:41,POR,shot,,,,,,,,,,LaMarcus Aldridge,,,,missed,,driving layup,25,6
Marc Gasol,Mike Conley,O.J. Mayo,Rudy Gay,Zach Randolph,Brandon Roy,Greg Oden,LaMarcus Aldridge,Martell Webster,Steve Blake,3,11:40,MEM,rebound,,,,,,,,,,Zach Randolph,,,,,,def,,
Marc Gasol,Mike Conley,O.J. Mayo,Rudy Gay,Zach Randolph,Brandon Roy,Greg Oden,LaMarcus Aldridge,Martell Webster,Steve Blake,3,11:25,MEM,shot,Mike Conley,,,,,,,,,Marc Gasol,2,,,made,,driving layup,25,6
Marc Gasol,Mike Conley,O.J. Mayo,Rudy Gay,Zach Randolph,Brandon Roy,Greg Oden,LaMarcus Aldridge,Martell Webster,Steve Blake,3,11:16,POR,shot,,,,,,,,,,Martell Webster,,,,missed,,3pt,2,11
Marc Gasol,Mike Conley,O.J. Mayo,Rudy Gay,Zach Randolph,Brandon Roy,Greg Oden,LaMarcus Aldridge,Martell Webster,Steve Blake,3,11:15,POR,rebound,,,,,,,,,,LaMarcus Aldridge,,,,,,off,,
Marc Gasol,Mike Conley,O.J. Mayo,Rudy Gay,Zach Randolph,Brandon Roy,Greg Oden,LaMarcus Aldridge,Martell Webster,Steve Blake,3,11:14,POR,shot,,,,,,,,,,LaMarcus Aldridge,2,,,made,,layup,25,6
Marc Gasol,Mike Conley,O.J. Mayo,Rudy Gay,Zach Randolph,Brandon Roy,Greg Oden,LaMarcus Aldridge,Martell Webster,Steve Blake,3,10:50,MEM,shot,,,,,,,,,,Mike Conley,,,,missed,,step back jump,40,20
Marc Gasol,Mike Conley,O.J. Mayo,Rudy Gay,Zach Randolph,Brandon Roy,Greg Oden,LaMarcus Aldridge,Martell Webster,Steve Blake,3,10:49,POR,rebound,,,,,,,,,,Greg Oden,,,,,,def,,
Marc Gasol,Mike Conley,O.J. Mayo,Rudy Gay,Zach Randolph,Brandon Roy,Greg Oden,LaMarcus Aldridge,Martell Webster,Steve Blake,3,10:37,POR,shot,,,,,,,,,,LaMarcus Aldridge,,,,missed,,jump,16,11
Marc Gasol,Mike Conley,O.J. Mayo,Rudy Gay,Zach Randolph,Brandon Roy,Greg Oden,LaMarcus Aldridge,Martell Webster,Steve Blake,3,10:36,MEM,rebound,,,,,,,,,,Mike Conley,,,,,,def,,
Marc Gasol,Mike Conley,O.J. Mayo,Rudy Gay,Zach Randolph,Brandon Roy,Greg Oden,LaMarcus Aldridge,Martell Webster,Steve Blake,3,10:31,MEM,shot,,,,,,,,,,Mike Conley,,,,missed,,driving layup,25,6
Marc Gasol,Mike Conley,O.J. Mayo,Rudy Gay,Zach Randolph,Brandon Roy,Greg Oden,LaMarcus Aldridge,Martell Webster,Steve Blake,3,10:30,POR,rebound,,,,,,,,,,Martell Webster,,,,,,def,,
Marc Gasol,Mike Conley,O.J. Mayo,Rudy Gay,Zach Randolph,Brandon Roy,Greg Oden,LaMarcus Aldridge,Martell Webster,Steve Blake,3,10:26,MEM,foul,,,,,,,,Greg Oden,,Zach Randolph,,,,,,shooting,,
Marc Gasol,Mike Conley,O.J. Mayo,Rudy Gay,Zach Randolph,Brandon Roy,Greg Oden,LaMarcus Aldridge,Martell Webster,Steve Blake,3,10:26,POR,free throw,,,,,,,1,,2,Greg Oden,,,foul,missed,,,,
Marc Gasol,Mike Conley,O.J. Mayo,Rudy Gay,Zach Randolph,Brandon Roy,Greg Oden,LaMarcus Aldridge,Martell Webster,Steve Blake,3,10:26,POR,rebound,,,,,,,,,,,,,,,,,,
Marc Gasol,Mike Conley,O.J. Mayo,Rudy Gay,Zach Randolph,Brandon Roy,Greg Oden,LaMarcus Aldridge,Martell Webster,Steve Blake,3,10:26,POR,free throw,,,,,,,2,,2,Greg Oden,,,foul,made,,,,
Marc Gasol,Mike Conley,O.J. Mayo,Rudy Gay,Zach Randolph,Brandon Roy,Greg Oden,LaMarcus Aldridge,Martell Webster,Steve Blake,3,10:11,MEM,shot,,,,,,,,,,Rudy Gay,2,,,made,,pullup jump,35,24
Marc Gasol,Mike Conley,O.J. Mayo,Rudy Gay,Zach Randolph,Brandon Roy,Greg Oden,LaMarcus Aldridge,Martell Webster,Steve Blake,3,9:56,POR,shot,,,,,,,,,,Martell Webster,,,,missed,,3pt,47,6
Marc Gasol,Mike Conley,O.J. Mayo,Rudy Gay,Zach Randolph,Brandon Roy,Greg Oden,LaMarcus Aldridge,Martell Webster,Steve Blake,3,9:55,MEM,rebound,,,,,,,,,,Rudy Gay,,,,,,def,,
Marc Gasol,Mike Conley,O.J. Mayo,Rudy Gay,Zach Randolph,Brandon Roy,Greg Oden,LaMarcus Aldridge,Martell Webster,Steve Blake,3,9:48,MEM,shot,,,Martell Webster,,,,,,,Zach Randolph,,,,missed,,layup,25,6
Marc Gasol,Mike Conley,O.J. Mayo,Rudy Gay,Zach Randolph,Brandon Roy,Greg Oden,LaMarcus Aldridge,Martell Webster,Steve Blake,3,9:47,POR,rebound,,,,,,,,,,Brandon Roy,,,,,,def,,
Marc Gasol,Mike Conley,O.J. Mayo,Rudy Gay,Zach Randolph,Brandon Roy,Greg Oden,LaMarcus Aldridge,Martell Webster,Steve Blake,3,9:28,POR,shot,Steve Blake,,,,,,,,,Martell Webster,3,,,made,,3pt,48,6
Marc Gasol,Mike Conley,O.J. Mayo,Rudy Gay,Zach Randolph,Brandon Roy,Greg Oden,LaMarcus Aldridge,Martell Webster,Steve Blake,3,9:05,MEM,shot,Marc Gasol,,,,,,,,,Rudy Gay,3,,,made,,3pt,3,9
Marc Gasol,Mike Conley,O.J. Mayo,Rudy Gay,Zach Randolph,Brandon Roy,Greg Oden,LaMarcus Aldridge,Martell Webster,Steve Blake,3,8:48,POR,shot,LaMarcus Aldridge,,,,,,,,,Greg Oden,2,,,made,,reverse layup,25,6
Marc Gasol,Mike Conley,O.J. Mayo,Rudy Gay,Zach Randolph,Brandon Roy,Greg Oden,LaMarcus Aldridge,Martell Webster,Steve Blake,3,8:23,MEM,shot,,,,,,,,,,O.J. Mayo,2,,,made,,running hook,17,11
Marc Gasol,Mike Conley,O.J. Mayo,Rudy Gay,Zach Randolph,Brandon Roy,Greg Oden,LaMarcus Aldridge,Martell Webster,Steve Blake,3,8:11,POR,foul,,,,,,,,Marc Gasol,,Greg Oden,,,,,,offensive,,
Marc Gasol,Mike Conley,O.J. Mayo,Rudy Gay,Zach Randolph,Brandon Roy,Greg Oden,LaMarcus Aldridge,Martell Webster,Steve Blake,3,8:11,POR,turnover,,,,,,,,,,Greg Oden,,,foul,,,,,
Marc Gasol,Mike Conley,O.J. Mayo,Rudy Gay,Zach Randolph,Brandon Roy,Greg Oden,LaMarcus Aldridge,Martell Webster,Steve Blake,3,7:57,MEM,shot,,,,,,,,,,Mike Conley,,,,missed,,step back jump,31,16
Marc Gasol,Mike Conley,O.J. Mayo,Rudy Gay,Zach Randolph,Brandon Roy,Greg Oden,LaMarcus Aldridge,Martell Webster,Steve Blake,3,7:57,POR,rebound,,,,,,,,,,Greg Oden,,,,,,def,,
Marc Gasol,Mike Conley,O.J. Mayo,Rudy Gay,Zach Randolph,Brandon Roy,Greg Oden,LaMarcus Aldridge,Martell Webster,Steve Blake,3,7:36,POR,shot,,,,,,,,,,Brandon Roy,,,,missed,,running jump,17,15
Marc Gasol,Mike Conley,O.J. Mayo,Rudy Gay,Zach Randolph,Brandon Roy,Greg Oden,LaMarcus Aldridge,Martell Webster,Steve Blake,3,7:34,MEM,rebound,,,,,,,,,,Marc Gasol,,,,,,def,,
Marc Gasol,Mike Conley,O.J. Mayo,Rudy Gay,Zach Randolph,Brandon Roy,Greg Oden,LaMarcus Aldridge,Martell Webster,Steve Blake,3,7:29,MEM,shot,,,,,,,,,,Rudy Gay,,,,missed,,driving layup,25,6
Marc Gasol,Mike Conley,O.J. Mayo,Rudy Gay,Zach Randolph,Brandon Roy,Greg Oden,LaMarcus Aldridge,Martell Webster,Steve Blake,3,7:27,POR,rebound,,,,,,,,,,Martell Webster,,,,,,def,,
Marc Gasol,Mike Conley,O.J. Mayo,Rudy Gay,Zach Randolph,Brandon Roy,Greg Oden,LaMarcus Aldridge,Martell Webster,Steve Blake,3,7:19,POR,shot,,,,,,,,,,Brandon Roy,,,,missed,,3pt,48,5
Marc Gasol,Mike Conley,O.J. Mayo,Rudy Gay,Zach Randolph,Brandon Roy,Greg Oden,LaMarcus Aldridge,Martell Webster,Steve Blake,3,7:18,POR,rebound,,,,,,,,,,Greg Oden,,,,,,off,,
Marc Gasol,Mike Conley,O.J. Mayo,Rudy Gay,Zach Randolph,Brandon Roy,Greg Oden,LaMarcus Aldridge,Martell Webster,Steve Blake,3,7:18,POR,shot,,,,,,,,,,Greg Oden,2,,,made,,putback dunk,25,6
Marc Gasol,Mike Conley,O.J. Mayo,Rudy Gay,Zach Randolph,Brandon Roy,Greg Oden,LaMarcus Aldridge,Martell Webster,Steve Blake,3,7:18,MEM,timeout,,,,,,,,,,,,,,,,regular,,
Marc Gasol,Mike Conley,O.J. Mayo,Rudy Gay,Zach Randolph,Brandon Roy,Greg Oden,LaMarcus Aldridge,Martell Webster,Steve Blake,3,6:57,MEM,turnover,,,,,,,,,,Marc Gasol,,,3 second violation,,,,,
Marc Gasol,Mike Conley,O.J. Mayo,Rudy Gay,Zach Randolph,Brandon Roy,Greg Oden,LaMarcus Aldridge,Martell Webster,Steve Blake,3,6:39,POR,shot,,,,,,,,,,Brandon Roy,2,,,made,,driving layup,25,6
Marc Gasol,Mike Conley,O.J. Mayo,Rudy Gay,Zach Randolph,Brandon Roy,Greg Oden,LaMarcus Aldridge,Martell Webster,Steve Blake,3,6:33,MEM,shot,,,,,,,,,,O.J. Mayo,2,,,made,,pullup jump,39,18
Marc Gasol,Mike Conley,O.J. Mayo,Rudy Gay,Zach Randolph,Brandon Roy,Greg Oden,LaMarcus Aldridge,Martell Webster,Steve Blake,3,6:14,POR,shot,,,,,,,,,,Brandon Roy,,,,missed,,running jump,33,15
Marc Gasol,Mike Conley,O.J. Mayo,Rudy Gay,Zach Randolph,Brandon Roy,Greg Oden,LaMarcus Aldridge,Martell Webster,Steve Blake,3,6:13,POR,rebound,,,,,,,,,,Greg Oden,,,,,,off,,
Marc Gasol,Mike Conley,O.J. Mayo,Rudy Gay,Zach Randolph,Brandon Roy,Greg Oden,LaMarcus Aldridge,Martell Webster,Steve Blake,3,6:13,POR,shot,,,,,,,,,,Greg Oden,,,,missed,,tip,25,6
Marc Gasol,Mike Conley,O.J. Mayo,Rudy Gay,Zach Randolph,Brandon Roy,Greg Oden,LaMarcus Aldridge,Martell Webster,Steve Blake,3,6:12,POR,rebound,,,,,,,,,,Greg Oden,,,,,,off,,
Marc Gasol,Mike Conley,O.J. Mayo,Rudy Gay,Zach Randolph,Brandon Roy,Greg Oden,LaMarcus Aldridge,Martell Webster,Steve Blake,3,6:08,POR,shot,,,,,,,,,,Greg Oden,2,,,made,,layup,25,6
Marc Gasol,Mike Conley,O.J. Mayo,Rudy Gay,Zach Randolph,Brandon Roy,Greg Oden,LaMarcus Aldridge,Martell Webster,Steve Blake,3,5:39,MEM,shot,,,,,,,,,,Zach Randolph,,,,missed,,jump,17,26
Marc Gasol,Mike Conley,O.J. Mayo,Rudy Gay,Zach Randolph,Brandon Roy,Greg Oden,LaMarcus Aldridge,Martell Webster,Steve Blake,3,5:38,POR,rebound,,,,,,,,,,Steve Blake,,,,,,def,,
Marc Gasol,Mike Conley,O.J. Mayo,Rudy Gay,Zach Randolph,Brandon Roy,Greg Oden,LaMarcus Aldridge,Martell Webster,Steve Blake,3,5:30,POR,shot,,,,,,,,,,Brandon Roy,,,,missed,,3pt,8,24
Marc Gasol,Mike Conley,O.J. Mayo,Rudy Gay,Zach Randolph,Brandon Roy,Greg Oden,LaMarcus Aldridge,Martell Webster,Steve Blake,3,5:29,MEM,rebound,,,,,,,,,,Marc Gasol,,,,,,def,,
Marc Gasol,Mike Conley,O.J. Mayo,Rudy Gay,Zach Randolph,Brandon Roy,Greg Oden,LaMarcus Aldridge,Martell Webster,Steve Blake,3,5:15,POR,foul,,,,,,,,Rudy Gay,,Greg Oden,,,,,,shooting,,
Marc Gasol,Mike Conley,O.J. Mayo,Rudy Gay,Zach Randolph,Brandon Roy,Greg Oden,LaMarcus Aldridge,Martell Webster,Steve Blake,3,5:15,MEM,free throw,,,,,,,1,,2,Rudy Gay,,,foul,missed,,,,
Marc Gasol,Mike Conley,O.J. Mayo,Rudy Gay,Zach Randolph,Brandon Roy,Greg Oden,LaMarcus Aldridge,Martell Webster,Steve Blake,3,5:15,MEM,rebound,,,,,,,,,,,,,,,,,,
Marc Gasol,Mike Conley,O.J. Mayo,Rudy Gay,Zach Randolph,Brandon Roy,Joel Przybilla,LaMarcus Aldridge,Martell Webster,Steve Blake,3,5:15,POR,sub,,,,Joel Przybilla,,Greg Oden,,,,,,,,,,,,
Marc Gasol,Mike Conley,O.J. Mayo,Rudy Gay,Zach Randolph,Brandon Roy,Joel Przybilla,LaMarcus Aldridge,Martell Webster,Steve Blake,3,5:15,MEM,free throw,,,,,,,2,,2,Rudy Gay,,,foul,made,,,,
Marc Gasol,Mike Conley,O.J. Mayo,Rudy Gay,Zach Randolph,Brandon Roy,Joel Przybilla,LaMarcus Aldridge,Martell Webster,Steve Blake,3,4:53,POR,shot,Brandon Roy,,,,,,,,,LaMarcus Aldridge,2,,,made,,jump,40,21
Marc Gasol,Mike Conley,O.J. Mayo,Rudy Gay,Zach Randolph,Brandon Roy,Joel Przybilla,LaMarcus Aldridge,Martell Webster,Steve Blake,3,4:24,MEM,shot,,,,,,,,,,Zach Randolph,,,,missed,,step back jump,41,15
Marc Gasol,Mike Conley,O.J. Mayo,Rudy Gay,Zach Randolph,Brandon Roy,Joel Przybilla,LaMarcus Aldridge,Martell Webster,Steve Blake,3,4:23,POR,rebound,,,,,,,,,,Joel Przybilla,,,,,,def,,
Marc Gasol,Mike Conley,O.J. Mayo,Rudy Gay,Zach Randolph,Brandon Roy,Joel Przybilla,LaMarcus Aldridge,Martell Webster,Steve Blake,3,4:08,POR,shot,,,,,,,,,,LaMarcus Aldridge,,,,missed,,turnaround hook,13,6
Marc Gasol,Mike Conley,O.J. Mayo,Rudy Gay,Zach Randolph,Brandon Roy,Joel Przybilla,LaMarcus Aldridge,Martell Webster,Steve Blake,3,4:07,MEM,rebound,,,,,,,,,,,,,,,,,,
Marc Gasol,Mike Conley,O.J. Mayo,Rudy Gay,Zach Randolph,Brandon Roy,Joel Przybilla,LaMarcus Aldridge,Martell Webster,Steve Blake,3,3:47,MEM,shot,O.J. Mayo,,,,,,,,,Marc Gasol,2,,,made,,hook,18,8
Marc Gasol,Mike Conley,O.J. Mayo,Rudy Gay,Zach Randolph,Brandon Roy,Joel Przybilla,LaMarcus Aldridge,Martell Webster,Steve Blake,3,3:31,POR,shot,Steve Blake,,,,,,,,,Brandon Roy,2,,,made,,jump,7,6
Marc Gasol,Mike Conley,O.J. Mayo,Rudy Gay,Zach Randolph,Brandon Roy,Joel Przybilla,LaMarcus Aldridge,Martell Webster,Steve Blake,3,3:08,MEM,shot,,,,,,,,,,Rudy Gay,,,,missed,,3pt,2,7
Marc Gasol,Mike Conley,O.J. Mayo,Rudy Gay,Zach Randolph,Brandon Roy,Joel Przybilla,LaMarcus Aldridge,Martell Webster,Steve Blake,3,3:08,POR,rebound,,,,,,,,,,Steve Blake,,,,,,def,,
Marc Gasol,Mike Conley,O.J. Mayo,Rudy Gay,Zach Randolph,Brandon Roy,Joel Przybilla,LaMarcus Aldridge,Martell Webster,Steve Blake,3,2:52,POR,shot,,,,,,,,,,Brandon Roy,,,,missed,,jump,16,8
Marc Gasol,Mike Conley,O.J. Mayo,Rudy Gay,Zach Randolph,Brandon Roy,Joel Przybilla,LaMarcus Aldridge,Martell Webster,Steve Blake,3,2:52,POR,rebound,,,,,,,,,,,,,,,,,,
Marc Gasol,Mike Conley,O.J. Mayo,Rudy Gay,Zach Randolph,Brandon Roy,Joel Przybilla,LaMarcus Aldridge,Martell Webster,Steve Blake,3,2:52,MEM,foul,,,,,,,,Joel Przybilla,,Zach Randolph,,,,,,loose ball,,
Marc Gasol,Mike Conley,O.J. Mayo,Rudy Gay,Zach Randolph,Brandon Roy,Joel Przybilla,LaMarcus Aldridge,Martell Webster,Steve Blake,3,2:52,POR,timeout,,,,,,,,,,,,,,,,regular,,
Marc Gasol,Mike Conley,O.J. Mayo,Rudy Gay,Zach Randolph,Andre Miller,Brandon Roy,Joel Przybilla,LaMarcus Aldridge,Martell Webster,3,2:52,POR,sub,,,,Andre Miller,,Steve Blake,,,,,,,,,,,,
Marc Gasol,Mike Conley,O.J. Mayo,Rudy Gay,Zach Randolph,Andre Miller,Joel Przybilla,LaMarcus Aldridge,Martell Webster,Rudy Fernandez,3,2:52,POR,sub,,,,Rudy Fernandez,,Brandon Roy,,,,,,,,,,,,
Jamaal Tinsley,Marc Gasol,O.J. Mayo,Rudy Gay,Zach Randolph,Andre Miller,Joel Przybilla,LaMarcus Aldridge,Martell Webster,Rudy Fernandez,3,2:52,MEM,sub,,,,Jamaal Tinsley,,Mike Conley,,,,,,,,,,,,
Jamaal Tinsley,Marc Gasol,O.J. Mayo,Rudy Gay,Zach Randolph,Andre Miller,Joel Przybilla,LaMarcus Aldridge,Martell Webster,Rudy Fernandez,3,2:40,POR,shot,,,,,,,,,,Andre Miller,,,,missed,,pullup jump,8,8
Jamaal Tinsley,Marc Gasol,O.J. Mayo,Rudy Gay,Zach Randolph,Andre Miller,Joel Przybilla,LaMarcus Aldridge,Martell Webster,Rudy Fernandez,3,2:40,MEM,rebound,,,,,,,,,,Rudy Gay,,,,,,def,,
Jamaal Tinsley,Marc Gasol,O.J. Mayo,Rudy Gay,Zach Randolph,Andre Miller,Joel Przybilla,LaMarcus Aldridge,Martell Webster,Rudy Fernandez,3,2:24,MEM,turnover,,,,,,,,,,Zach Randolph,,,3 second violation,,,,,
Hasheem Thabeet,Jamaal Tinsley,Marc Gasol,O.J. Mayo,Rudy Gay,Andre Miller,Joel Przybilla,LaMarcus Aldridge,Martell Webster,Rudy Fernandez,3,2:24,MEM,sub,,,,Hasheem Thabeet,,Zach Randolph,,,,,,,,,,,,
Hasheem Thabeet,Jamaal Tinsley,Marc Gasol,O.J. Mayo,Rudy Gay,Andre Miller,Joel Przybilla,LaMarcus Aldridge,Martell Webster,Rudy Fernandez,3,2:05,POR,shot,,,,,,,,,,LaMarcus Aldridge,,,,missed,,turnaround jump,19,12
Hasheem Thabeet,Jamaal Tinsley,Marc Gasol,O.J. Mayo,Rudy Gay,Andre Miller,Joel Przybilla,LaMarcus Aldridge,Martell Webster,Rudy Fernandez,3,2:04,MEM,rebound,,,,,,,,,,Hasheem Thabeet,,,,,,def,,
Hasheem Thabeet,Jamaal Tinsley,Marc Gasol,O.J. Mayo,Rudy Gay,Andre Miller,Joel Przybilla,LaMarcus Aldridge,Martell Webster,Rudy Fernandez,3,1:43,MEM,shot,O.J. Mayo,,,,,,,,,Marc Gasol,2,,,made,,reverse layup,25,6
Hasheem Thabeet,Jamaal Tinsley,Marc Gasol,O.J. Mayo,Rudy Gay,Andre Miller,Joel Przybilla,LaMarcus Aldridge,Martell Webster,Rudy Fernandez,3,1:18,POR,shot,,,,,,,,,,Rudy Fernandez,,,,missed,,3pt,48,7
Hasheem Thabeet,Jamaal Tinsley,Marc Gasol,O.J. Mayo,Rudy Gay,Andre Miller,Joel Przybilla,LaMarcus Aldridge,Martell Webster,Rudy Fernandez,3,1:17,MEM,rebound,,,,,,,,,,Jamaal Tinsley,,,,,,def,,
Hasheem Thabeet,Jamaal Tinsley,Marc Gasol,O.J. Mayo,Rudy Gay,Andre Miller,Joel Przybilla,LaMarcus Aldridge,Martell Webster,Rudy Fernandez,3,0:54,MEM,shot,,,,,,,,,,Rudy Gay,,,,missed,,running jump,17,13
Hasheem Thabeet,Jamaal Tinsley,Marc Gasol,O.J. Mayo,Rudy Gay,Andre Miller,Joel Przybilla,LaMarcus Aldridge,Martell Webster,Rudy Fernandez,3,0:53,POR,rebound,,,,,,,,,,Martell Webster,,,,,,def,,
Hasheem Thabeet,Jamaal Tinsley,Marc Gasol,O.J. Mayo,Rudy Gay,Andre Miller,Joel Przybilla,LaMarcus Aldridge,Martell Webster,Rudy Fernandez,3,0:42,POR,shot,Rudy Fernandez,,,,,,,,,Martell Webster,3,,,made,,3pt,47,7
Hasheem Thabeet,Jamaal Tinsley,Marc Gasol,O.J. Mayo,Rudy Gay,Andre Miller,Joel Przybilla,LaMarcus Aldridge,Martell Webster,Rudy Fernandez,3,0:27,MEM,shot,,,,,,,,,,O.J. Mayo,,,,missed,,running jump,32,9
Hasheem Thabeet,Jamaal Tinsley,Marc Gasol,O.J. Mayo,Rudy Gay,Andre Miller,Joel Przybilla,LaMarcus Aldridge,Martell Webster,Rudy Fernandez,3,0:27,POR,rebound,,,,,,,,,,Joel Przybilla,,,,,,def,,
Hasheem Thabeet,Jamaal Tinsley,Marc Gasol,O.J. Mayo,Rudy Gay,Andre Miller,Joel Przybilla,LaMarcus Aldridge,Martell Webster,Rudy Fernandez,3,0:07,POR,shot,,,,,,,,,,Andre Miller,2,,,made,,driving layup,25,6
Hasheem Thabeet,Jamaal Tinsley,Marc Gasol,O.J. Mayo,Rudy Gay,Andre Miller,Joel Przybilla,LaMarcus Aldridge,Martell Webster,Rudy Fernandez,3,0:07,MEM,foul,,,,,,,,Andre Miller,,Hasheem Thabeet,,,,,,shooting,,
Hasheem Thabeet,Jamaal Tinsley,Marc Gasol,O.J. Mayo,Rudy Gay,Andre Miller,Joel Przybilla,LaMarcus Aldridge,Martell Webster,Rudy Fernandez,3,0:07,POR,free throw,,,,,,,1,,1,Andre Miller,,,foul,made,,,,
Hasheem Thabeet,Jamaal Tinsley,Marc Gasol,O.J. Mayo,Rudy Gay,Andre Miller,Joel Przybilla,LaMarcus Aldridge,Martell Webster,Rudy Fernandez,3,0:04,POR,foul,,,,,,,,Jamaal Tinsley,,Andre Miller,,,,,,personal,,
Hasheem Thabeet,Jamaal Tinsley,Marc Gasol,O.J. Mayo,Rudy Gay,Andre Miller,Joel Przybilla,LaMarcus Aldridge,Martell Webster,Rudy Fernandez,3,0:01,MEM,shot,,,,,,,,,,Jamaal Tinsley,,,,missed,,3pt,14,32
Hasheem Thabeet,Jamaal Tinsley,Marc Gasol,O.J. Mayo,Rudy Gay,Andre Miller,Joel Przybilla,LaMarcus Aldridge,Martell Webster,Rudy Fernandez,3,0:00,POR,rebound,,,,,,,,,,Martell Webster,,,,,,def,,
Hasheem Thabeet,Jamaal Tinsley,Marc Gasol,O.J. Mayo,Rudy Gay,Andre Miller,Brandon Roy,Joel Przybilla,LaMarcus Aldridge,Rudy Fernandez,4,11:39,MEM,shot,,,,,,,,,,O.J. Mayo,,,,missed,,running jump,19,17
Hasheem Thabeet,Jamaal Tinsley,Marc Gasol,O.J. Mayo,Rudy Gay,Andre Miller,Brandon Roy,Joel Przybilla,LaMarcus Aldridge,Rudy Fernandez,4,11:38,MEM,rebound,,,,,,,,,,Marc Gasol,,,,,,off,,
Hasheem Thabeet,Jamaal Tinsley,Marc Gasol,O.J. Mayo,Rudy Gay,Andre Miller,Brandon Roy,Joel Przybilla,LaMarcus Aldridge,Rudy Fernandez,4,11:34,MEM,shot,,,,,,,,,,O.J. Mayo,,,,missed,,3pt,43,22
Hasheem Thabeet,Jamaal Tinsley,Marc Gasol,O.J. Mayo,Rudy Gay,Andre Miller,Brandon Roy,Joel Przybilla,LaMarcus Aldridge,Rudy Fernandez,4,11:34,MEM,rebound,,,,,,,,,,,,,,,,,,
Hasheem Thabeet,Jamaal Tinsley,Marc Gasol,O.J. Mayo,Rudy Gay,Andre Miller,Brandon Roy,Joel Przybilla,LaMarcus Aldridge,Rudy Fernandez,4,11:34,POR,foul,,,,,,,,Hasheem Thabeet,,Joel Przybilla,,,,,,loose ball,,
Hasheem Thabeet,Jamaal Tinsley,Marc Gasol,O.J. Mayo,Sam Young,Andre Miller,Brandon Roy,Joel Przybilla,LaMarcus Aldridge,Rudy Fernandez,4,11:34,MEM,sub,,,,Sam Young,,Rudy Gay,,,,,,,,,,,,
Hasheem Thabeet,Jamaal Tinsley,Marc Gasol,O.J. Mayo,Sam Young,Andre Miller,Brandon Roy,Joel Przybilla,LaMarcus Aldridge,Rudy Fernandez,4,11:20,MEM,shot,Marc Gasol,,,,,,,,,Hasheem Thabeet,2,,,made,,turnaround hook,28,8
Hasheem Thabeet,Jamaal Tinsley,Marc Gasol,O.J. Mayo,Sam Young,Andre Miller,Brandon Roy,Joel Przybilla,LaMarcus Aldridge,Rudy Fernandez,4,11:08,POR,shot,,,,,,,,,,Andre Miller,,,,missed,,jump,23,21
Hasheem Thabeet,Jamaal Tinsley,Marc Gasol,O.J. Mayo,Sam Young,Andre Miller,Brandon Roy,Joel Przybilla,LaMarcus Aldridge,Rudy Fernandez,4,11:08,MEM,rebound,,,,,,,,,,Marc Gasol,,,,,,def,,
Hasheem Thabeet,Jamaal Tinsley,Marc Gasol,O.J. Mayo,Sam Young,Andre Miller,Brandon Roy,Joel Przybilla,LaMarcus Aldridge,Rudy Fernandez,4,10:49,MEM,shot,,,,,,,,,,O.J. Mayo,,,,missed,,pullup jump,23,20
Hasheem Thabeet,Jamaal Tinsley,Marc Gasol,O.J. Mayo,Sam Young,Andre Miller,Brandon Roy,Joel Przybilla,LaMarcus Aldridge,Rudy Fernandez,4,10:49,MEM,rebound,,,,,,,,,,Hasheem Thabeet,,,,,,off,,
Hasheem Thabeet,Jamaal Tinsley,Marc Gasol,O.J. Mayo,Sam Young,Andre Miller,Brandon Roy,Joel Przybilla,LaMarcus Aldridge,Rudy Fernandez,4,10:47,MEM,shot,,,,,,,,,,Hasheem Thabeet,2,,,made,,layup,25,6
Hasheem Thabeet,Jamaal Tinsley,Marc Gasol,O.J. Mayo,Sam Young,Andre Miller,Brandon Roy,Joel Przybilla,LaMarcus Aldridge,Rudy Fernandez,4,10:26,POR,shot,Rudy Fernandez,,,,,,,,,Andre Miller,3,,,made,,3pt,48,6
Hasheem Thabeet,Jamaal Tinsley,Marc Gasol,O.J. Mayo,Sam Young,Andre Miller,Brandon Roy,Joel Przybilla,LaMarcus Aldridge,Rudy Fernandez,4,10:00,MEM,shot,,,,,,,,,,Jamaal Tinsley,,,,missed,,3pt,24,36
Hasheem Thabeet,Jamaal Tinsley,Marc Gasol,O.J. Mayo,Sam Young,Andre Miller,Brandon Roy,Joel Przybilla,LaMarcus Aldridge,Rudy Fernandez,4,9:59,MEM,rebound,,,,,,,,,,Sam Young,,,,,,off,,
Hasheem Thabeet,Jamaal Tinsley,Marc Gasol,O.J. Mayo,Sam Young,Andre Miller,Brandon Roy,Joel Przybilla,LaMarcus Aldridge,Rudy Fernandez,4,9:59,MEM,shot,,,,,,,,,,Sam Young,,,,missed,,tip,25,6
Hasheem Thabeet,Jamaal Tinsley,Marc Gasol,O.J. Mayo,Sam Young,Andre Miller,Brandon Roy,Joel Przybilla,LaMarcus Aldridge,Rudy Fernandez,4,9:57,POR,rebound,,,,,,,,,,LaMarcus Aldridge,,,,,,def,,
Hasheem Thabeet,Jamaal Tinsley,Marc Gasol,O.J. Mayo,Sam Young,Andre Miller,Brandon Roy,Joel Przybilla,LaMarcus Aldridge,Rudy Fernandez,4,9:52,MEM,foul,,,,,,,,Rudy Fernandez,,Hasheem Thabeet,,,,,,shooting,,
Hasheem Thabeet,Jamaal Tinsley,Marc Gasol,O.J. Mayo,Sam Young,Andre Miller,Brandon Roy,Joel Przybilla,LaMarcus Aldridge,Rudy Fernandez,4,9:52,POR,free throw,,,,,,,1,,2,Rudy Fernandez,,,foul,made,,,,
Hasheem Thabeet,Jamaal Tinsley,Marc Gasol,O.J. Mayo,Sam Young,Andre Miller,Brandon Roy,Greg Oden,LaMarcus Aldridge,Rudy Fernandez,4,9:52,POR,sub,,,,Greg Oden,,Joel Przybilla,,,,,,,,,,,,
Hasheem Thabeet,Jamaal Tinsley,Marc Gasol,O.J. Mayo,Sam Young,Andre Miller,Brandon Roy,Greg Oden,LaMarcus Aldridge,Rudy Fernandez,4,9:52,POR,free throw,,,,,,,2,,2,Rudy Fernandez,,,foul,made,,,,
Hasheem Thabeet,Jamaal Tinsley,Marc Gasol,O.J. Mayo,Sam Young,Andre Miller,Brandon Roy,Greg Oden,LaMarcus Aldridge,Rudy Fernandez,4,9:39,MEM,shot,Marc Gasol,,,,,,,,,Hasheem Thabeet,2,,,made,,dunk,25,6
Hasheem Thabeet,Jamaal Tinsley,Marc Gasol,O.J. Mayo,Sam Young,Andre Miller,Brandon Roy,Greg Oden,LaMarcus Aldridge,Rudy Fernandez,4,9:19,POR,shot,,,,,,,,,,Rudy Fernandez,2,,,made,,driving layup,25,6
Hasheem Thabeet,Jamaal Tinsley,Marc Gasol,O.J. Mayo,Sam Young,Andre Miller,Brandon Roy,Greg Oden,LaMarcus Aldridge,Rudy Fernandez,4,8:54,MEM,shot,,,,,,,,,,Hasheem Thabeet,,,,missed,,hook,31,8
Hasheem Thabeet,Jamaal Tinsley,Marc Gasol,O.J. Mayo,Sam Young,Andre Miller,Brandon Roy,Greg Oden,LaMarcus Aldridge,Rudy Fernandez,4,8:51,POR,rebound,,,,,,,,,,Rudy Fernandez,,,,,,def,,
Hasheem Thabeet,Jamaal Tinsley,Marc Gasol,O.J. Mayo,Sam Young,Andre Miller,Brandon Roy,Greg Oden,LaMarcus Aldridge,Rudy Fernandez,4,8:47,POR,turnover,,,,,,,,,,Rudy Fernandez,,,out of bounds lost ball turnover,,,,,
Hasheem Thabeet,Jamaal Tinsley,Marc Gasol,O.J. Mayo,Sam Young,Andre Miller,Brandon Roy,Greg Oden,LaMarcus Aldridge,Rudy Fernandez,4,8:47,MEM,timeout,,,,,,,,,,,,,,,,official,,
Hasheem Thabeet,Jamaal Tinsley,Marc Gasol,Rudy Gay,Sam Young,Andre Miller,Brandon Roy,Greg Oden,LaMarcus Aldridge,Rudy Fernandez,4,8:47,MEM,sub,,,,Rudy Gay,,O.J. Mayo,,,,,,,,,,,,
Hasheem Thabeet,Jamaal Tinsley,Rudy Gay,Sam Young,Zach Randolph,Andre Miller,Brandon Roy,Greg Oden,LaMarcus Aldridge,Rudy Fernandez,4,8:47,MEM,sub,,,,Zach Randolph,,Marc Gasol,,,,,,,,,,,,
Hasheem Thabeet,Jamaal Tinsley,Rudy Gay,Sam Young,Zach Randolph,Andre Miller,Brandon Roy,Greg Oden,LaMarcus Aldridge,Rudy Fernandez,4,8:32,MEM,turnover,,,,,,,,,,Jamaal Tinsley,,,bad pass,,Brandon Roy,,,
Hasheem Thabeet,Jamaal Tinsley,Rudy Gay,Sam Young,Zach Randolph,Andre Miller,Brandon Roy,Greg Oden,LaMarcus Aldridge,Rudy Fernandez,4,8:29,MEM,foul,,,,,,,,Andre Miller,,Jamaal Tinsley,,,,,,shooting,,
Hasheem Thabeet,Jamaal Tinsley,Rudy Gay,Sam Young,Zach Randolph,Andre Miller,Brandon Roy,Greg Oden,LaMarcus Aldridge,Rudy Fernandez,4,8:29,POR,free throw,,,,,,,1,,2,Andre Miller,,,foul,made,,,,
Hasheem Thabeet,Jamaal Tinsley,Rudy Gay,Sam Young,Zach Randolph,Andre Miller,Brandon Roy,Greg Oden,LaMarcus Aldridge,Rudy Fernandez,4,8:29,POR,free throw,,,,,,,2,,2,Andre Miller,,,foul,made,,,,
Hasheem Thabeet,Jamaal Tinsley,Rudy Gay,Sam Young,Zach Randolph,Andre Miller,Brandon Roy,Greg Oden,LaMarcus Aldridge,Rudy Fernandez,4,8:07,MEM,shot,Sam Young,,,,,,,,,Hasheem Thabeet,2,,,made,,reverse layup,25,6
Hasheem Thabeet,Jamaal Tinsley,Rudy Gay,Sam Young,Zach Randolph,Andre Miller,Brandon Roy,Greg Oden,LaMarcus Aldridge,Rudy Fernandez,4,7:45,MEM,foul,,,,,,,,Andre Miller,,Jamaal Tinsley,,,,,,shooting,,
Hasheem Thabeet,Jamaal Tinsley,Rudy Gay,Sam Young,Zach Randolph,Andre Miller,Brandon Roy,Greg Oden,LaMarcus Aldridge,Rudy Fernandez,4,7:45,POR,free throw,,,,,,,1,,2,Andre Miller,,,foul,made,,,,
Hasheem Thabeet,Jamaal Tinsley,Rudy Gay,Sam Young,Zach Randolph,Andre Miller,Brandon Roy,Greg Oden,LaMarcus Aldridge,Rudy Fernandez,4,7:45,POR,free throw,,,,,,,2,,2,Andre Miller,,,foul,made,,,,
Hasheem Thabeet,Jamaal Tinsley,Rudy Gay,Sam Young,Zach Randolph,Andre Miller,Brandon Roy,Greg Oden,LaMarcus Aldridge,Rudy Fernandez,4,7:26,MEM,shot,,,,,,,,,,Zach Randolph,2,,,made,,driving hook,25,13
Hasheem Thabeet,Jamaal Tinsley,Rudy Gay,Sam Young,Zach Randolph,Andre Miller,Brandon Roy,Greg Oden,LaMarcus Aldridge,Rudy Fernandez,4,7:14,POR,shot,,,Rudy Gay,,,,,,,Brandon Roy,,,,missed,,layup,25,6
Hasheem Thabeet,Jamaal Tinsley,Rudy Gay,Sam Young,Zach Randolph,Andre Miller,Brandon Roy,Greg Oden,LaMarcus Aldridge,Rudy Fernandez,4,7:11,MEM,rebound,,,,,,,,,,Zach Randolph,,,,,,def,,
Hasheem Thabeet,Jamaal Tinsley,Rudy Gay,Sam Young,Zach Randolph,Andre Miller,Brandon Roy,Greg Oden,LaMarcus Aldridge,Rudy Fernandez,4,6:54,MEM,shot,,,,,,,,,,Zach Randolph,2,,,made,,fade away jumper,11,12
Hasheem Thabeet,Jamaal Tinsley,Rudy Gay,Sam Young,Zach Randolph,Andre Miller,Brandon Roy,Greg Oden,LaMarcus Aldridge,Rudy Fernandez,4,6:53,POR,timeout,,,,,,,,,,,,,,,,regular,,
Hasheem Thabeet,Jamaal Tinsley,Rudy Gay,Sam Young,Zach Randolph,Andre Miller,Brandon Roy,Greg Oden,LaMarcus Aldridge,Rudy Fernandez,4,6:42,POR,shot,,,,,,,,,,Andre Miller,,,,missed,,driving bank,19,9
Hasheem Thabeet,Jamaal Tinsley,Rudy Gay,Sam Young,Zach Randolph,Andre Miller,Brandon Roy,Greg Oden,LaMarcus Aldridge,Rudy Fernandez,4,6:41,POR,rebound,,,,,,,,,,Greg Oden,,,,,,off,,
Hasheem Thabeet,Jamaal Tinsley,Rudy Gay,Sam Young,Zach Randolph,Andre Miller,Brandon Roy,Greg Oden,LaMarcus Aldridge,Rudy Fernandez,4,6:41,MEM,foul,,,,,,,,Greg Oden,,Hasheem Thabeet,,,,,,shooting,,
Hasheem Thabeet,Jamaal Tinsley,Rudy Gay,Sam Young,Zach Randolph,Andre Miller,Brandon Roy,Greg Oden,LaMarcus Aldridge,Rudy Fernandez,4,6:41,POR,free throw,,,,,,,1,,2,Greg Oden,,,foul,made,,,,
Hasheem Thabeet,Jamaal Tinsley,Rudy Gay,Sam Young,Zach Randolph,Andre Miller,Brandon Roy,Greg Oden,LaMarcus Aldridge,Martell Webster,4,6:41,POR,sub,,,,Martell Webster,,Rudy Fernandez,,,,,,,,,,,,
Hasheem Thabeet,Jamaal Tinsley,Rudy Gay,Sam Young,Zach Randolph,Andre Miller,Brandon Roy,Greg Oden,LaMarcus Aldridge,Martell Webster,4,6:41,POR,free throw,,,,,,,2,,2,Greg Oden,,,foul,made,,,,
Hasheem Thabeet,Jamaal Tinsley,Rudy Gay,Sam Young,Zach Randolph,Andre Miller,Brandon Roy,Greg Oden,LaMarcus Aldridge,Martell Webster,4,6:21,MEM,shot,Jamaal Tinsley,,,,,,,,,Zach Randolph,2,,,made,,reverse layup,25,6
Hasheem Thabeet,Jamaal Tinsley,Rudy Gay,Sam Young,Zach Randolph,Andre Miller,Brandon Roy,Greg Oden,LaMarcus Aldridge,Martell Webster,4,6:04,POR,shot,,,,,,,,,,Brandon Roy,,,,missed,,driving layup,25,6
Hasheem Thabeet,Jamaal Tinsley,Rudy Gay,Sam Young,Zach Randolph,Andre Miller,Brandon Roy,Greg Oden,LaMarcus Aldridge,Martell Webster,4,6:03,MEM,rebound,,,,,,,,,,Zach Randolph,,,,,,def,,
Hasheem Thabeet,Jamaal Tinsley,Rudy Gay,Sam Young,Zach Randolph,Andre Miller,Brandon Roy,Greg Oden,LaMarcus Aldridge,Martell Webster,4,5:43,MEM,shot,,,,,,,,,,Rudy Gay,2,,,made,,turnaround jump,12,6
Hasheem Thabeet,Jamaal Tinsley,Rudy Gay,Sam Young,Zach Randolph,Andre Miller,Brandon Roy,Greg Oden,LaMarcus Aldridge,Martell Webster,4,5:31,POR,shot,Andre Miller,,,,,,,,,Martell Webster,2,,,made,,jump,9,21
Hasheem Thabeet,Jamaal Tinsley,Rudy Gay,Sam Young,Zach Randolph,Andre Miller,Brandon Roy,Greg Oden,LaMarcus Aldridge,Martell Webster,4,5:12,MEM,shot,,,Greg Oden,,,,,,,Rudy Gay,,,,missed,,layup,25,6
Hasheem Thabeet,Jamaal Tinsley,Rudy Gay,Sam Young,Zach Randolph,Andre Miller,Brandon Roy,Greg Oden,LaMarcus Aldridge,Martell Webster,4,5:10,POR,rebound,,,,,,,,,,Brandon Roy,,,,,,def,,
Hasheem Thabeet,Jamaal Tinsley,Rudy Gay,Sam Young,Zach Randolph,Andre Miller,Brandon Roy,Greg Oden,LaMarcus Aldridge,Martell Webster,4,5:03,POR,shot,Andre Miller,,,,,,,,,Martell Webster,3,,,made,,3pt,27,31
Hasheem Thabeet,Jamaal Tinsley,Rudy Gay,Sam Young,Zach Randolph,Andre Miller,Brandon Roy,Greg Oden,LaMarcus Aldridge,Martell Webster,4,5:01,MEM,timeout,,,,,,,,,,,,,,,,regular,,
Hasheem Thabeet,Jamaal Tinsley,Marc Gasol,Rudy Gay,Zach Randolph,Andre Miller,Brandon Roy,Greg Oden,LaMarcus Aldridge,Martell Webster,4,5:01,MEM,sub,,,,Marc Gasol,,Sam Young,,,,,,,,,,,,
Jamaal Tinsley,Marc Gasol,O.J. Mayo,Rudy Gay,Zach Randolph,Andre Miller,Brandon Roy,Greg Oden,LaMarcus Aldridge,Martell Webster,4,5:01,MEM,sub,,,,O.J. Mayo,,Hasheem Thabeet,,,,,,,,,,,,
Jamaal Tinsley,Marc Gasol,O.J. Mayo,Rudy Gay,Zach Randolph,Andre Miller,Brandon Roy,Greg Oden,LaMarcus Aldridge,Martell Webster,4,4:49,MEM,turnover,,,,,,,,,,Marc Gasol,,,bad pass,,Brandon Roy,,,
Jamaal Tinsley,Marc Gasol,O.J. Mayo,Rudy Gay,Zach Randolph,Andre Miller,Brandon Roy,Greg Oden,LaMarcus Aldridge,Martell Webster,4,4:46,POR,shot,Martell Webster,,,,,,,,,Brandon Roy,2,,,made,,layup,25,6
Jamaal Tinsley,Marc Gasol,O.J. Mayo,Rudy Gay,Zach Randolph,Andre Miller,Brandon Roy,Greg Oden,LaMarcus Aldridge,Martell Webster,4,4:32,POR,foul,,,,,,,,Zach Randolph,,Brandon Roy,,,,,,shooting,,
Jamaal Tinsley,Marc Gasol,O.J. Mayo,Rudy Gay,Zach Randolph,Andre Miller,Brandon Roy,Greg Oden,LaMarcus Aldridge,Martell Webster,4,4:32,MEM,free throw,,,,,,,1,,2,Zach Randolph,,,foul,made,,,,
Jamaal Tinsley,Marc Gasol,O.J. Mayo,Rudy Gay,Zach Randolph,Andre Miller,Brandon Roy,Greg Oden,LaMarcus Aldridge,Martell Webster,4,4:32,MEM,free throw,,,,,,,2,,2,Zach Randolph,,,foul,missed,,,,
Jamaal Tinsley,Marc Gasol,O.J. Mayo,Rudy Gay,Zach Randolph,Andre Miller,Brandon Roy,Greg Oden,LaMarcus Aldridge,Martell Webster,4,4:31,POR,rebound,,,,,,,,,,Greg Oden,,,,,,def,,
Jamaal Tinsley,Marc Gasol,O.J. Mayo,Rudy Gay,Zach Randolph,Andre Miller,Brandon Roy,Greg Oden,LaMarcus Aldridge,Martell Webster,4,4:11,POR,shot,Brandon Roy,,,,,,,,,LaMarcus Aldridge,3,,,made,,3pt,2,5
Jamaal Tinsley,Marc Gasol,O.J. Mayo,Rudy Gay,Zach Randolph,Andre Miller,Brandon Roy,Greg Oden,LaMarcus Aldridge,Martell Webster,4,3:46,MEM,shot,,,,,,,,,,O.J. Mayo,2,,,made,,running jump,16,10
Jamaal Tinsley,Marc Gasol,O.J. Mayo,Rudy Gay,Zach Randolph,Andre Miller,Brandon Roy,Greg Oden,LaMarcus Aldridge,Martell Webster,4,3:35,MEM,foul,,,,,,,,Brandon Roy,,Rudy Gay,,,,,,shooting,,
Jamaal Tinsley,Marc Gasol,O.J. Mayo,Rudy Gay,Zach Randolph,Andre Miller,Brandon Roy,Greg Oden,LaMarcus Aldridge,Martell Webster,4,3:35,POR,free throw,,,,,,,1,,2,Brandon Roy,,,foul,made,,,,
Jamaal Tinsley,Marc Gasol,O.J. Mayo,Rudy Gay,Zach Randolph,Andre Miller,Brandon Roy,Greg Oden,LaMarcus Aldridge,Martell Webster,4,3:35,POR,free throw,,,,,,,2,,2,Brandon Roy,,,foul,made,,,,
Jamaal Tinsley,Marc Gasol,O.J. Mayo,Rudy Gay,Zach Randolph,Andre Miller,Brandon Roy,Greg Oden,LaMarcus Aldridge,Martell Webster,4,3:19,MEM,shot,,,,,,,,,,Jamaal Tinsley,2,,,made,,jump,42,18
Jamaal Tinsley,Marc Gasol,O.J. Mayo,Rudy Gay,Zach Randolph,Andre Miller,Brandon Roy,Greg Oden,LaMarcus Aldridge,Martell Webster,4,3:06,POR,shot,,,,,,,,,,Martell Webster,,,,missed,,3pt,35,29
Jamaal Tinsley,Marc Gasol,O.J. Mayo,Rudy Gay,Zach Randolph,Andre Miller,Brandon Roy,Greg Oden,LaMarcus Aldridge,Martell Webster,4,3:05,POR,rebound,,,,,,,,,,,,,,,,,,
Jamaal Tinsley,Marc Gasol,O.J. Mayo,Rudy Gay,Zach Randolph,Andre Miller,Brandon Roy,Greg Oden,LaMarcus Aldridge,Martell Webster,4,3:05,MEM,foul,,,,,,,,Greg Oden,,Marc Gasol,,,,,,loose ball,,
Jamaal Tinsley,Marc Gasol,O.J. Mayo,Rudy Gay,Zach Randolph,Andre Miller,Brandon Roy,Greg Oden,LaMarcus Aldridge,Martell Webster,4,3:05,POR,free throw,,,,,,,1,,2,Greg Oden,,,foul,made,,,,
Jamaal Tinsley,Marc Gasol,O.J. Mayo,Rudy Gay,Zach Randolph,Andre Miller,Brandon Roy,Greg Oden,LaMarcus Aldridge,Martell Webster,4,3:05,POR,free throw,,,,,,,2,,2,Greg Oden,,,foul,made,,,,
Jamaal Tinsley,Marc Gasol,O.J. Mayo,Rudy Gay,Zach Randolph,Andre Miller,Brandon Roy,Greg Oden,LaMarcus Aldridge,Martell Webster,4,2:46,MEM,shot,,,Greg Oden,,,,,,,Marc Gasol,,,,missed,,layup,25,6
Jamaal Tinsley,Marc Gasol,O.J. Mayo,Rudy Gay,Zach Randolph,Andre Miller,Brandon Roy,Greg Oden,LaMarcus Aldridge,Martell Webster,4,2:45,POR,rebound,,,,,,,,,,Brandon Roy,,,,,,def,,
Jamaal Tinsley,Marc Gasol,O.J. Mayo,Rudy Gay,Zach Randolph,Andre Miller,Brandon Roy,Greg Oden,LaMarcus Aldridge,Martell Webster,4,2:35,POR,turnover,,,,,,,,,,Brandon Roy,,,bad pass,,Zach Randolph,,,
Jamaal Tinsley,Marc Gasol,O.J. Mayo,Rudy Gay,Zach Randolph,Andre Miller,Brandon Roy,Greg Oden,LaMarcus Aldridge,Martell Webster,4,2:16,MEM,shot,Jamaal Tinsley,,,,,,,,,Zach Randolph,2,,,made,,layup,25,6
Jamaal Tinsley,Marc Gasol,O.J. Mayo,Rudy Gay,Zach Randolph,Andre Miller,Brandon Roy,Greg Oden,LaMarcus Aldridge,Martell Webster,4,2:15,POR,timeout,,,,,,,,,,,,,,,,regular,,
Jamaal Tinsley,Marc Gasol,O.J. Mayo,Rudy Gay,Zach Randolph,Andre Miller,Brandon Roy,LaMarcus Aldridge,Martell Webster,Rudy Fernandez,4,2:15,POR,sub,,,,Rudy Fernandez,,Greg Oden,,,,,,,,,,,,
Jamaal Tinsley,Marc Gasol,O.J. Mayo,Rudy Gay,Sam Young,Andre Miller,Brandon Roy,LaMarcus Aldridge,Martell Webster,Rudy Fernandez,4,2:15,MEM,sub,,,,Sam Young,,Zach Randolph,,,,,,,,,,,,
Jamaal Tinsley,Marc Gasol,O.J. Mayo,Rudy Gay,Sam Young,Andre Miller,Brandon Roy,LaMarcus Aldridge,Martell Webster,Rudy Fernandez,4,1:59,POR,shot,,,,,,,,,,Brandon Roy,,,,missed,,3pt,37,28
Jamaal Tinsley,Marc Gasol,O.J. Mayo,Rudy Gay,Sam Young,Andre Miller,Brandon Roy,LaMarcus Aldridge,Martell Webster,Rudy Fernandez,4,1:58,MEM,rebound,,,,,,,,,,Sam Young,,,,,,def,,
Jamaal Tinsley,Marc Gasol,O.J. Mayo,Rudy Gay,Sam Young,Andre Miller,Brandon Roy,LaMarcus Aldridge,Martell Webster,Rudy Fernandez,4,1:34,MEM,shot,,,,,,,,,,Rudy Gay,,,,missed,,turnaround fade away,11,6
Jamaal Tinsley,Marc Gasol,O.J. Mayo,Rudy Gay,Sam Young,Andre Miller,Brandon Roy,LaMarcus Aldridge,Martell Webster,Rudy Fernandez,4,1:33,POR,rebound,,,,,,,,,,Martell Webster,,,,,,def,,
Jamaal Tinsley,Marc Gasol,O.J. Mayo,Rudy Gay,Sam Young,Andre Miller,Brandon Roy,LaMarcus Aldridge,Martell Webster,Rudy Fernandez,4,1:26,MEM,foul,,,,,,,,Andre Miller,,Rudy Gay,,,,,,personal,,
Jamaal Tinsley,Marc Gasol,O.J. Mayo,Rudy Gay,Sam Young,Andre Miller,Brandon Roy,LaMarcus Aldridge,Martell Webster,Rudy Fernandez,4,1:26,POR,free throw,,,,,,,1,,2,Andre Miller,,,foul,missed,,,,
Jamaal Tinsley,Marc Gasol,O.J. Mayo,Rudy Gay,Sam Young,Andre Miller,Brandon Roy,LaMarcus Aldridge,Martell Webster,Rudy Fernandez,4,1:26,POR,rebound,,,,,,,,,,,,,,,,,,
Jamaal Tinsley,Marc Gasol,O.J. Mayo,Rudy Gay,Sam Young,Andre Miller,Brandon Roy,LaMarcus Aldridge,Martell Webster,Rudy Fernandez,4,1:26,POR,free throw,,,,,,,2,,2,Andre Miller,,,foul,made,,,,
Jamaal Tinsley,Marc Gasol,O.J. Mayo,Rudy Gay,Sam Young,Andre Miller,Brandon Roy,LaMarcus Aldridge,Martell Webster,Rudy Fernandez,4,1:04,MEM,shot,,,Martell Webster,,,,,,,Jamaal Tinsley,,,,missed,,layup,25,6
Jamaal Tinsley,Marc Gasol,O.J. Mayo,Rudy Gay,Sam Young,Andre Miller,Brandon Roy,LaMarcus Aldridge,Martell Webster,Rudy Fernandez,4,1:04,MEM,rebound,,,,,,,,,,,,,,,,,,
Jamaal Tinsley,Marc Gasol,O.J. Mayo,Rudy Gay,Sam Young,Andre Miller,Brandon Roy,LaMarcus Aldridge,Martell Webster,Rudy Fernandez,4,1:04,POR,foul,,,,,,,,Marc Gasol,,Rudy Fernandez,,,,,,loose ball,,
Jamaal Tinsley,Marc Gasol,O.J. Mayo,Rudy Gay,Sam Young,Andre Miller,Brandon Roy,LaMarcus Aldridge,Martell Webster,Rudy Fernandez,4,0:51,MEM,shot,,,,,,,,,,Sam Young,2,,,made,,pullup jump,41,8
Jamaal Tinsley,Marc Gasol,O.J. Mayo,Rudy Gay,Sam Young,Andre Miller,Brandon Roy,LaMarcus Aldridge,Martell Webster,Rudy Fernandez,4,0:51,POR,timeout,,,,,,,,,,,,,,,,regular,,
Jamaal Tinsley,Marc Gasol,O.J. Mayo,Rudy Gay,Sam Young,Andre Miller,Brandon Roy,LaMarcus Aldridge,Martell Webster,Rudy Fernandez,4,0:46,POR,shot,,,,,,,,,,Martell Webster,,,,missed,,3pt,43,23
Jamaal Tinsley,Marc Gasol,O.J. Mayo,Rudy Gay,Sam Young,Andre Miller,Brandon Roy,LaMarcus Aldridge,Martell Webster,Rudy Fernandez,4,0:45,MEM,rebound,,,,,,,,,,Marc Gasol,,,,,,def,,
Jamaal Tinsley,Marc Gasol,O.J. Mayo,Rudy Gay,Sam Young,Andre Miller,Brandon Roy,LaMarcus Aldridge,Martell Webster,Rudy Fernandez,4,0:44,POR,foul,,,,,,,,Jamaal Tinsley,,LaMarcus Aldridge,,,,,,personal,,
Jamaal Tinsley,Marc Gasol,O.J. Mayo,Rudy Gay,Sam Young,Andre Miller,Brandon Roy,LaMarcus Aldridge,Martell Webster,Rudy Fernandez,4,0:44,MEM,free throw,,,,,,,1,,2,Jamaal Tinsley,,,foul,made,,,,
Jamaal Tinsley,Marc Gasol,O.J. Mayo,Rudy Gay,Sam Young,Andre Miller,Brandon Roy,LaMarcus Aldridge,Martell Webster,Rudy Fernandez,4,0:44,MEM,free throw,,,,,,,2,,2,Jamaal Tinsley,,,foul,made,,,,
Jamaal Tinsley,Marc Gasol,O.J. Mayo,Rudy Gay,Sam Young,Andre Miller,Brandon Roy,LaMarcus Aldridge,Martell Webster,Rudy Fernandez,4,0:33,POR,shot,,,,,,,,,,Brandon Roy,3,,,made,,3pt,6,22
Jamaal Tinsley,Marc Gasol,O.J. Mayo,Rudy Gay,Sam Young,Andre Miller,Brandon Roy,LaMarcus Aldridge,Martell Webster,Rudy Fernandez,4,0:31,POR,foul,,,,,,,,Jamaal Tinsley,,Andre Miller,,,,,,personal,,
Jamaal Tinsley,Marc Gasol,O.J. Mayo,Rudy Gay,Sam Young,Andre Miller,Brandon Roy,LaMarcus Aldridge,Martell Webster,Rudy Fernandez,4,0:31,MEM,free throw,,,,,,,1,,2,Jamaal Tinsley,,,foul,made,,,,
Jamaal Tinsley,Marc Gasol,O.J. Mayo,Rudy Gay,Sam Young,Andre Miller,Brandon Roy,LaMarcus Aldridge,Martell Webster,Rudy Fernandez,4,0:31,MEM,free throw,,,,,,,2,,2,Jamaal Tinsley,,,foul,made,,,,
Jamaal Tinsley,Marc Gasol,O.J. Mayo,Rudy Gay,Sam Young,Andre Miller,Brandon Roy,LaMarcus Aldridge,Martell Webster,Rudy Fernandez,4,0:20,POR,shot,,,,,,,,,,Martell Webster,2,,,made,,driving finger roll layup,25,6
