a1,a2,a3,a4,a5,h1,h2,h3,h4,h5,period,time,team,etype,assist,away,block,entered,home,left,num,opponent,outof,player,points,possession,reason,result,steal,type,x,y
Antawn Jamison,Brendan Haywood,Caron Butler,DeShawn Stevenson,Gilbert Arenas,Anthony Morrow,Chris Hunter,Corey Maggette,Monta Ellis,Stephen Curry,1,12:00,OFF,jump ball,,Brendan Haywood,,,Chris Hunter,,,,,,,DeShawn Stevenson,,,,,,
Antawn Jamison,Brendan Haywood,Caron Butler,DeShawn Stevenson,Gilbert Arenas,Anthony Morrow,Chris Hunter,Corey Maggette,Monta Ellis,Stephen Curry,1,11:45,WAS,shot,,,,,,,,,,Brendan Haywood,,,,missed,,jump hook,28,11
Antawn Jamison,Brendan Haywood,Caron Butler,DeShawn Stevenson,Gilbert Arenas,Anthony Morrow,Chris Hunter,Corey Maggette,Monta Ellis,Stephen Curry,1,11:44,GSW,rebound,,,,,,,,,,,,,,,,,,
Antawn Jamison,Brendan Haywood,Caron Butler,DeShawn Stevenson,Gilbert Arenas,Anthony Morrow,Chris Hunter,Corey Maggette,Monta Ellis,Stephen Curry,1,11:31,GSW,shot,Stephen Curry,,,,,,,,,Anthony Morrow,2,,,made,,pullup jump,38,23
Antawn Jamison,Brendan Haywood,Caron Butler,DeShawn Stevenson,Gilbert Arenas,Anthony Morrow,Chris Hunter,Corey Maggette,Monta Ellis,Stephen Curry,1,11:12,WAS,turnover,,,,,,,,,,Brendan Haywood,,,lost ball,,Monta Ellis,,,
Antawn Jamison,Brendan Haywood,Caron Butler,DeShawn Stevenson,Gilbert Arenas,Anthony Morrow,Chris Hunter,Corey Maggette,Monta Ellis,Stephen Curry,1,11:07,WAS,foul,,,,,,,,Corey Maggette,,DeShawn Stevenson,,,,,,shooting,,
Antawn Jamison,Brendan Haywood,Caron Butler,DeShawn Stevenson,Gilbert Arenas,Anthony Morrow,Chris Hunter,Corey Maggette,Monta Ellis,Stephen Curry,1,11:07,GSW,free throw,,,,,,,1,,2,Corey Maggette,,,foul,made,,,,
Antawn Jamison,Brendan Haywood,Caron Butler,DeShawn Stevenson,Gilbert Arenas,Anthony Morrow,Chris Hunter,Corey Maggette,Monta Ellis,Stephen Curry,1,11:07,GSW,free throw,,,,,,,2,,2,Corey Maggette,,,foul,made,,,,
Antawn Jamison,Brendan Haywood,Caron Butler,DeShawn Stevenson,Gilbert Arenas,Anthony Morrow,Chris Hunter,Corey Maggette,Monta Ellis,Stephen Curry,1,10:51,WAS,shot,,,,,,,,,,Antawn Jamison,,,,missed,,jump,24,12
Antawn Jamison,Brendan Haywood,Caron Butler,DeShawn Stevenson,Gilbert Arenas,Anthony Morrow,Chris Hunter,Corey Maggette,Monta Ellis,Stephen Curry,1,10:50,GSW,rebound,,,,,,,,,,Stephen Curry,,,,,,def,,
Antawn Jamison,Brendan Haywood,Caron Butler,DeShawn Stevenson,Gilbert Arenas,Anthony Morrow,Chris Hunter,Corey Maggette,Monta Ellis,Stephen Curry,1,10:46,GSW,shot,,,,,,,,,,Anthony Morrow,,,,missed,,3pt,12,30
Antawn Jamison,Brendan Haywood,Caron Butler,DeShawn Stevenson,Gilbert Arenas,Anthony Morrow,Chris Hunter,Corey Maggette,Monta Ellis,Stephen Curry,1,10:45,WAS,rebound,,,,,,,,,,Brendan Haywood,,,,,,def,,
Antawn Jamison,Brendan Haywood,Caron Butler,DeShawn Stevenson,Gilbert Arenas,Anthony Morrow,Chris Hunter,Corey Maggette,Monta Ellis,Stephen Curry,1,10:33,GSW,foul,,,,,,,,Gilbert Arenas,,Anthony Morrow,,,,,,shooting,,
Antawn Jamison,Brendan Haywood,Caron Butler,DeShawn Stevenson,Gilbert Arenas,Anthony Morrow,Chris Hunter,Corey Maggette,Monta Ellis,Stephen Curry,1,10:33,WAS,free throw,,,,,,,1,,2,Gilbert Arenas,,,foul,missed,,,,
Antawn Jamison,Brendan Haywood,Caron Butler,DeShawn Stevenson,Gilbert Arenas,Anthony Morrow,Chris Hunter,Corey Maggette,Monta Ellis,Stephen Curry,1,10:33,WAS,rebound,,,,,,,,,,,,,,,,,,
Antawn Jamison,Brendan Haywood,Caron Butler,DeShawn Stevenson,Gilbert Arenas,Anthony Morrow,Chris Hunter,Corey Maggette,Monta Ellis,Stephen Curry,1,10:33,WAS,free throw,,,,,,,2,,2,Gilbert Arenas,,,foul,made,,,,
Antawn Jamison,Brendan Haywood,Caron Butler,DeShawn Stevenson,Gilbert Arenas,Anthony Morrow,Chris Hunter,Corey Maggette,Monta Ellis,Stephen Curry,1,10:18,GSW,shot,Chris Hunter,,,,,,,,,Stephen Curry,2,,,made,,jump,37,25
Antawn Jamison,Brendan Haywood,Caron Butler,DeShawn Stevenson,Gilbert Arenas,Anthony Morrow,Chris Hunter,Corey Maggette,Monta Ellis,Stephen Curry,1,10:13,WAS,shot,,,,,,,,,,DeShawn Stevenson,,,,missed,,jump,11,20
Antawn Jamison,Brendan Haywood,Caron Butler,DeShawn Stevenson,Gilbert Arenas,Anthony Morrow,Chris Hunter,Corey Maggette,Monta Ellis,Stephen Curry,1,10:09,GSW,rebound,,,,,,,,,,Chris Hunter,,,,,,def,,
Antawn Jamison,Brendan Haywood,Caron Butler,DeShawn Stevenson,Gilbert Arenas,Anthony Morrow,Chris Hunter,Corey Maggette,Monta Ellis,Stephen Curry,1,10:04,GSW,shot,,,,,,,,,,Monta Ellis,,,,missed,,jump,11,20
Antawn Jamison,Brendan Haywood,Caron Butler,DeShawn Stevenson,Gilbert Arenas,Anthony Morrow,Chris Hunter,Corey Maggette,Monta Ellis,Stephen Curry,1,10:03,GSW,rebound,,,,,,,,,,Stephen Curry,,,,,,off,,
Antawn Jamison,Brendan Haywood,Caron Butler,DeShawn Stevenson,Gilbert Arenas,Anthony Morrow,Chris Hunter,Corey Maggette,Monta Ellis,Stephen Curry,1,9:56,GSW,turnover,,,,,,,,,,Monta Ellis,,,bad pass,,Caron Butler,,,
Antawn Jamison,Brendan Haywood,Caron Butler,DeShawn Stevenson,Gilbert Arenas,Anthony Morrow,Chris Hunter,Corey Maggette,Monta Ellis,Stephen Curry,1,9:49,WAS,shot,,,,,,,,,,Antawn Jamison,,,,missed,,driving reverse layup,26,6
Antawn Jamison,Brendan Haywood,Caron Butler,DeShawn Stevenson,Gilbert Arenas,Anthony Morrow,Chris Hunter,Corey Maggette,Monta Ellis,Stephen Curry,1,9:48,GSW,rebound,,,,,,,,,,Chris Hunter,,,,,,def,,
Antawn Jamison,Brendan Haywood,Caron Butler,DeShawn Stevenson,Gilbert Arenas,Anthony Morrow,Chris Hunter,Corey Maggette,Monta Ellis,Stephen Curry,1,9:37,GSW,shot,,,,,,,,,,Chris Hunter,,,,missed,,jump,19,24
Antawn Jamison,Brendan Haywood,Caron Butler,DeShawn Stevenson,Gilbert Arenas,Anthony Morrow,Chris Hunter,Corey Maggette,Monta Ellis,Stephen Curry,1,9:35,WAS,rebound,,,,,,,,,,Brendan Haywood,,,,,,def,,
Antawn Jamison,Brendan Haywood,Caron Butler,DeShawn Stevenson,Gilbert Arenas,Anthony Morrow,Chris Hunter,Corey Maggette,Monta Ellis,Stephen Curry,1,9:27,WAS,shot,,,,,,,,,,Gilbert Arenas,,,,missed,,3pt,8,23
Antawn Jamison,Brendan Haywood,Caron Butler,DeShawn Stevenson,Gilbert Arenas,Anthony Morrow,Chris Hunter,Corey Maggette,Monta Ellis,Stephen Curry,1,9:26,GSW,rebound,,,,,,,,,,Corey Maggette,,,,,,def,,
Antawn Jamison,Brendan Haywood,Caron Butler,DeShawn Stevenson,Gilbert Arenas,Anthony Morrow,Chris Hunter,Corey Maggette,Monta Ellis,Stephen Curry,1,9:20,GSW,shot,,,,,,,,,,Stephen Curry,2,,,made,,pullup jump,14,24
Antawn Jamison,Brendan Haywood,Caron Butler,DeShawn Stevenson,Gilbert Arenas,Anthony Morrow,Chris Hunter,Corey Maggette,Monta Ellis,Stephen Curry,1,9:14,WAS,timeout,,,,,,,,,,,,,,,,short,,
Antawn Jamison,Brendan Haywood,Caron Butler,DeShawn Stevenson,Gilbert Arenas,Anthony Morrow,Chris Hunter,Corey Maggette,Monta Ellis,Stephen Curry,1,9:04,WAS,turnover,,,,,,,,,,Antawn Jamison,,,lost ball,,Monta Ellis,,,
Antawn Jamison,Brendan Haywood,Caron Butler,DeShawn Stevenson,Gilbert Arenas,Anthony Morrow,Chris Hunter,Corey Maggette,Monta Ellis,Stephen Curry,1,8:51,GSW,shot,Corey Maggette,,,,,,,,,Stephen Curry,3,,,made,,3pt,1,6
Antawn Jamison,Brendan Haywood,Caron Butler,DeShawn Stevenson,Gilbert Arenas,Anthony Morrow,Chris Hunter,Corey Maggette,Monta Ellis,Stephen Curry,1,8:34,WAS,shot,Gilbert Arenas,,,,,,,,,Caron Butler,2,,,made,,running jump,25,15
Antawn Jamison,Brendan Haywood,Caron Butler,DeShawn Stevenson,Gilbert Arenas,Anthony Morrow,Chris Hunter,Corey Maggette,Monta Ellis,Stephen Curry,1,8:23,GSW,shot,,,,,,,,,,Corey Maggette,2,,,made,,pullup jump,36,21
Antawn Jamison,Brendan Haywood,Caron Butler,DeShawn Stevenson,Gilbert Arenas,Anthony Morrow,Chris Hunter,Corey Maggette,Monta Ellis,Stephen Curry,1,8:13,WAS,turnover,,,,,,,,,,Caron Butler,,,traveling,,,,,
Antawn Jamison,Brendan Haywood,Caron Butler,DeShawn Stevenson,Gilbert Arenas,Anthony Morrow,Chris Hunter,Corey Maggette,Monta Ellis,Stephen Curry,1,8:03,GSW,turnover,,,,,,,,,,Monta Ellis,,,lost ball,,DeShawn Stevenson,,,
Antawn Jamison,Brendan Haywood,Caron Butler,DeShawn Stevenson,Gilbert Arenas,Anthony Morrow,Chris Hunter,Corey Maggette,Monta Ellis,Stephen Curry,1,7:55,WAS,shot,DeShawn Stevenson,,,,,,,,,Gilbert Arenas,3,,,made,,3pt,15,29
Antawn Jamison,Brendan Haywood,Caron Butler,DeShawn Stevenson,Gilbert Arenas,Anthony Morrow,Chris Hunter,Corey Maggette,Monta Ellis,Stephen Curry,1,7:35,GSW,shot,,,,,,,,,,Anthony Morrow,,,,missed,,3pt,47,10
Antawn Jamison,Brendan Haywood,Caron Butler,DeShawn Stevenson,Gilbert Arenas,Anthony Morrow,Chris Hunter,Corey Maggette,Monta Ellis,Stephen Curry,1,7:34,WAS,rebound,,,,,,,,,,Brendan Haywood,,,,,,def,,
Antawn Jamison,Brendan Haywood,Caron Butler,DeShawn Stevenson,Gilbert Arenas,Anthony Morrow,Chris Hunter,Corey Maggette,Monta Ellis,Stephen Curry,1,7:28,WAS,shot,,,,,,,,,,Gilbert Arenas,2,,,made,,jump,10,18
Antawn Jamison,Brendan Haywood,Caron Butler,DeShawn Stevenson,Gilbert Arenas,Anthony Morrow,Chris Hunter,Corey Maggette,Monta Ellis,Stephen Curry,1,7:17,WAS,foul,,,,,,,,Corey Maggette,,Antawn Jamison,,,,,,shooting,,
Antawn Jamison,Brendan Haywood,Caron Butler,DeShawn Stevenson,Gilbert Arenas,Anthony Morrow,Chris Hunter,Corey Maggette,Monta Ellis,Stephen Curry,1,7:17,GSW,free throw,,,,,,,1,,2,Corey Maggette,,,foul,made,,,,
Antawn Jamison,Brendan Haywood,Caron Butler,DeShawn Stevenson,Gilbert Arenas,Anthony Morrow,Chris Hunter,Corey Maggette,Monta Ellis,Stephen Curry,1,7:17,GSW,free throw,,,,,,,2,,2,Corey Maggette,,,foul,made,,,,
Antawn Jamison,Brendan Haywood,Caron Butler,DeShawn Stevenson,Gilbert Arenas,Anthony Morrow,Chris Hunter,Corey Maggette,Monta Ellis,Stephen Curry,1,7:02,WAS,shot,,,,,,,,,,Gilbert Arenas,2,,,made,,running jump,16,8
Antawn Jamison,Brendan Haywood,Caron Butler,DeShawn Stevenson,Gilbert Arenas,Anthony Morrow,Chris Hunter,Corey Maggette,Monta Ellis,Stephen Curry,1,6:50,GSW,shot,Monta Ellis,,,,,,,,,Corey Maggette,2,,,made,,step back jump,38,21
Antawn Jamison,Brendan Haywood,Caron Butler,DeShawn Stevenson,Gilbert Arenas,Anthony Morrow,Chris Hunter,Corey Maggette,Monta Ellis,Stephen Curry,1,6:35,WAS,shot,DeShawn Stevenson,,,,,,,,,Antawn Jamison,3,,,made,,3pt,6,26
Antawn Jamison,Brendan Haywood,Caron Butler,DeShawn Stevenson,Gilbert Arenas,Anthony Morrow,Chris Hunter,Corey Maggette,Monta Ellis,Stephen Curry,1,6:25,GSW,shot,,,,,,,,,,Stephen Curry,2,,,made,,running hook,18,8
Antawn Jamison,Brendan Haywood,Caron Butler,DeShawn Stevenson,Gilbert Arenas,Anthony Morrow,Chris Hunter,Corey Maggette,Monta Ellis,Stephen Curry,1,6:13,WAS,shot,,,,,,,,,,Gilbert Arenas,2,,,made,,jump,25,14
Antawn Jamison,Brendan Haywood,Caron Butler,DeShawn Stevenson,Gilbert Arenas,Anthony Morrow,Chris Hunter,Corey Maggette,Monta Ellis,Stephen Curry,1,6:03,GSW,shot,,,,,,,,,,Chris Hunter,,,,missed,,jump,33,23
Antawn Jamison,Brendan Haywood,Caron Butler,DeShawn Stevenson,Gilbert Arenas,Anthony Morrow,Chris Hunter,Corey Maggette,Monta Ellis,Stephen Curry,1,6:02,WAS,rebound,,,,,,,,,,Brendan Haywood,,,,,,def,,
Antawn Jamison,Brendan Haywood,Caron Butler,DeShawn Stevenson,Gilbert Arenas,Anthony Morrow,Chris Hunter,Corey Maggette,Monta Ellis,Stephen Curry,1,5:54,WAS,shot,Gilbert Arenas,,,,,,,,,Antawn Jamison,2,,,made,,finger roll layup,26,6
Antawn Jamison,Brendan Haywood,Caron Butler,DeShawn Stevenson,Gilbert Arenas,Anthony Morrow,Chris Hunter,Corey Maggette,Monta Ellis,Stephen Curry,1,5:45,GSW,timeout,,,,,,,,,,,,,,,,regular,,
Antawn Jamison,Brendan Haywood,Caron Butler,DeShawn Stevenson,Gilbert Arenas,Anthony Morrow,Chris Hunter,Corey Maggette,Monta Ellis,Stephen Curry,1,5:28,GSW,shot,Monta Ellis,,,,,,,,,Stephen Curry,3,,,made,,3pt,45,21
Antawn Jamison,Brendan Haywood,Caron Butler,DeShawn Stevenson,Gilbert Arenas,Anthony Morrow,Chris Hunter,Corey Maggette,Monta Ellis,Stephen Curry,1,5:15,WAS,shot,Gilbert Arenas,,,,,,,,,Caron Butler,2,,,made,,layup,25,7
Antawn Jamison,Brendan Haywood,Caron Butler,DeShawn Stevenson,Gilbert Arenas,Anthony Morrow,Chris Hunter,Corey Maggette,Monta Ellis,Stephen Curry,1,5:09,GSW,shot,,,,,,,,,,Stephen Curry,,,,missed,,3pt,40,28
Antawn Jamison,Brendan Haywood,Caron Butler,DeShawn Stevenson,Gilbert Arenas,Anthony Morrow,Chris Hunter,Corey Maggette,Monta Ellis,Stephen Curry,1,5:06,WAS,rebound,,,,,,,,,,Gilbert Arenas,,,,,,def,,
Antawn Jamison,Brendan Haywood,Caron Butler,DeShawn Stevenson,Gilbert Arenas,Anthony Morrow,Chris Hunter,Corey Maggette,Monta Ellis,Stephen Curry,1,5:04,GSW,foul,,,,,,,,Gilbert Arenas,,Stephen Curry,,,,,,personal,,
Antawn Jamison,Brendan Haywood,Caron Butler,DeShawn Stevenson,Gilbert Arenas,Anthony Morrow,Chris Hunter,Corey Maggette,Monta Ellis,Stephen Curry,1,4:57,WAS,shot,Caron Butler,,,,,,,,,Brendan Haywood,2,,,made,,slam dunk,24,8
Antawn Jamison,Brendan Haywood,Caron Butler,DeShawn Stevenson,Gilbert Arenas,Anthony Morrow,Chris Hunter,Corey Maggette,Monta Ellis,Stephen Curry,1,4:41,GSW,shot,,,,,,,,,,Corey Maggette,,,,missed,,step back jump,32,23
Antawn Jamison,Brendan Haywood,Caron Butler,DeShawn Stevenson,Gilbert Arenas,Anthony Morrow,Chris Hunter,Corey Maggette,Monta Ellis,Stephen Curry,1,4:40,WAS,rebound,,,,,,,,,,Brendan Haywood,,,,,,def,,
Antawn Jamison,Brendan Haywood,Caron Butler,DeShawn Stevenson,Gilbert Arenas,Anthony Morrow,Chris Hunter,Corey Maggette,Monta Ellis,Stephen Curry,1,4:32,WAS,shot,,,,,,,,,,Gilbert Arenas,3,,,made,,3pt,7,27
Antawn Jamison,Brendan Haywood,Caron Butler,DeShawn Stevenson,Gilbert Arenas,Anthony Morrow,Chris Hunter,Corey Maggette,Monta Ellis,Stephen Curry,1,4:13,GSW,shot,,,,,,,,,,Monta Ellis,,,,missed,,step back jump,37,19
Antawn Jamison,Brendan Haywood,Caron Butler,DeShawn Stevenson,Gilbert Arenas,Anthony Morrow,Chris Hunter,Corey Maggette,Monta Ellis,Stephen Curry,1,4:11,WAS,rebound,,,,,,,,,,Brendan Haywood,,,,,,def,,
Antawn Jamison,Brendan Haywood,Caron Butler,DeShawn Stevenson,Gilbert Arenas,Anthony Morrow,Chris Hunter,Corey Maggette,Monta Ellis,Stephen Curry,1,4:03,WAS,shot,,,,,,,,,,Antawn Jamison,,,,missed,,3pt,35,30
Antawn Jamison,Brendan Haywood,Caron Butler,DeShawn Stevenson,Gilbert Arenas,Anthony Morrow,Chris Hunter,Corey Maggette,Monta Ellis,Stephen Curry,1,4:01,GSW,rebound,,,,,,,,,,Stephen Curry,,,,,,def,,
Antawn Jamison,Brendan Haywood,Caron Butler,DeShawn Stevenson,Gilbert Arenas,Anthony Morrow,Chris Hunter,Corey Maggette,Monta Ellis,Stephen Curry,1,3:52,GSW,shot,,,,,,,,,,Chris Hunter,,,,missed,,jump,27,18
Antawn Jamison,Brendan Haywood,Caron Butler,DeShawn Stevenson,Gilbert Arenas,Anthony Morrow,Chris Hunter,Corey Maggette,Monta Ellis,Stephen Curry,1,3:51,WAS,rebound,,,,,,,,,,Brendan Haywood,,,,,,def,,
Antawn Jamison,Brendan Haywood,Caron Butler,DeShawn Stevenson,Gilbert Arenas,Anthony Morrow,Chris Hunter,Corey Maggette,Monta Ellis,Stephen Curry,1,3:48,GSW,foul,,,,,,,,Gilbert Arenas,,Chris Hunter,,,,,,personal,,
Antawn Jamison,Brendan Haywood,Caron Butler,Gilbert Arenas,Nick Young,Anthony Morrow,Chris Hunter,Corey Maggette,Monta Ellis,Stephen Curry,1,3:48,WAS,sub,,,,Nick Young,,DeShawn Stevenson,,,,,,,,,,,,
Antawn Jamison,Brendan Haywood,Caron Butler,Gilbert Arenas,Nick Young,Anthony Morrow,Anthony Randolph,Corey Maggette,Monta Ellis,Stephen Curry,1,3:48,GSW,sub,,,,Anthony Randolph,,Chris Hunter,,,,,,,,,,,,
Antawn Jamison,Brendan Haywood,Caron Butler,Gilbert Arenas,Nick Young,Anthony Morrow,Anthony Randolph,Corey Maggette,Monta Ellis,Stephen Curry,1,3:41,WAS,shot,Gilbert Arenas,,,,,,,,,Nick Young,2,,,made,,pullup jump,30,18
Antawn Jamison,Brendan Haywood,Caron Butler,Gilbert Arenas,Nick Young,Anthony Morrow,Anthony Randolph,Corey Maggette,Monta Ellis,Stephen Curry,1,3:28,WAS,foul,,,,,,,,Stephen Curry,,Caron Butler,,,,,,shooting,,
Antawn Jamison,Brendan Haywood,Caron Butler,Gilbert Arenas,Nick Young,Anthony Morrow,Anthony Randolph,Corey Maggette,Monta Ellis,Stephen Curry,1,3:28,GSW,free throw,,,,,,,1,,2,Stephen Curry,,,foul,made,,,,
Antawn Jamison,Brendan Haywood,Caron Butler,Gilbert Arenas,Nick Young,Anthony Morrow,Anthony Randolph,Corey Maggette,Monta Ellis,Stephen Curry,1,3:28,GSW,free throw,,,,,,,2,,2,Stephen Curry,,,foul,made,,,,
Antawn Jamison,Brendan Haywood,Caron Butler,Gilbert Arenas,Nick Young,Anthony Morrow,Anthony Randolph,Corey Maggette,Monta Ellis,Stephen Curry,1,3:14,WAS,shot,Gilbert Arenas,,,,,,,,,Caron Butler,2,,,made,,pullup jump,37,21
Antawn Jamison,Brendan Haywood,Caron Butler,Gilbert Arenas,Nick Young,Anthony Morrow,Anthony Randolph,Corey Maggette,Monta Ellis,Stephen Curry,1,3:04,GSW,shot,,,,,,,,,,Anthony Randolph,,,,missed,,jump,27,25
Antawn Jamison,Brendan Haywood,Caron Butler,Gilbert Arenas,Nick Young,Anthony Morrow,Anthony Randolph,Corey Maggette,Monta Ellis,Stephen Curry,1,3:02,WAS,rebound,,,,,,,,,,Caron Butler,,,,,,def,,
Antawn Jamison,Brendan Haywood,Caron Butler,Gilbert Arenas,Nick Young,Anthony Morrow,Anthony Randolph,Corey Maggette,Monta Ellis,Stephen Curry,1,2:54,WAS,shot,Gilbert Arenas,,,,,,,,,Brendan Haywood,2,,,made,,slam dunk,24,7
Antawn Jamison,Brendan Haywood,Caron Butler,Gilbert Arenas,Nick Young,Anthony Morrow,Anthony Randolph,Corey Maggette,Monta Ellis,Stephen Curry,1,2:40,GSW,shot,,,Gilbert Arenas,,,,,,,Stephen Curry,,,,missed,,layup,26,8
Antawn Jamison,Brendan Haywood,Caron Butler,Gilbert Arenas,Nick Young,Anthony Morrow,Anthony Randolph,Corey Maggette,Monta Ellis,Stephen Curry,1,2:37,GSW,rebound,,,,,,,,,,Anthony Randolph,,,,,,off,,
Antawn Jamison,Brendan Haywood,Caron Butler,Gilbert Arenas,Nick Young,Anthony Morrow,Anthony Randolph,Corey Maggette,Monta Ellis,Stephen Curry,1,2:34,GSW,turnover,,,,,,,,,,Anthony Randolph,,,bad pass,,Antawn Jamison,,,
Antawn Jamison,Brendan Haywood,Caron Butler,Gilbert Arenas,Nick Young,Anthony Morrow,Anthony Randolph,Corey Maggette,Monta Ellis,Stephen Curry,1,2:28,WAS,shot,Gilbert Arenas,,,,,,,,,Caron Butler,2,,,made,,jump,44,15
Antawn Jamison,Brendan Haywood,Caron Butler,Gilbert Arenas,Nick Young,Anthony Morrow,Anthony Randolph,Corey Maggette,Monta Ellis,Stephen Curry,1,2:07,GSW,shot,,,,,,,,,,Anthony Randolph,,,,missed,,jump,23,26
Antawn Jamison,Brendan Haywood,Caron Butler,Gilbert Arenas,Nick Young,Anthony Morrow,Anthony Randolph,Corey Maggette,Monta Ellis,Stephen Curry,1,2:06,WAS,rebound,,,,,,,,,,Brendan Haywood,,,,,,def,,
Antawn Jamison,Brendan Haywood,Caron Butler,Gilbert Arenas,Nick Young,Anthony Morrow,Anthony Randolph,Corey Maggette,Monta Ellis,Stephen Curry,1,1:57,WAS,shot,,,,,,,,,,Gilbert Arenas,3,,,made,,3pt,24,32
Antawn Jamison,Brendan Haywood,Caron Butler,Gilbert Arenas,Nick Young,Anthony Morrow,Anthony Randolph,Corey Maggette,Monta Ellis,Stephen Curry,1,1:39,GSW,shot,Anthony Randolph,,,,,,,,,Monta Ellis,2,,,made,,jump,42,8
Antawn Jamison,Brendan Haywood,Caron Butler,Gilbert Arenas,Nick Young,Anthony Morrow,Anthony Randolph,Corey Maggette,Monta Ellis,Stephen Curry,1,1:30,GSW,foul,,,,,,,,Nick Young,,Anthony Randolph,,,,,,shooting,,
Antawn Jamison,Brendan Haywood,Caron Butler,Gilbert Arenas,Nick Young,Anthony Morrow,Anthony Randolph,Corey Maggette,Monta Ellis,Stephen Curry,1,1:30,WAS,timeout,,,,,,,,,,,,,,,,regular,,
Antawn Jamison,Brendan Haywood,Caron Butler,Gilbert Arenas,Nick Young,Anthony Morrow,Anthony Randolph,Corey Maggette,Monta Ellis,Stephen Curry,1,1:30,WAS,free throw,,,,,,,1,,2,Nick Young,,,foul,made,,,,
Antawn Jamison,Brendan Haywood,Caron Butler,Gilbert Arenas,Nick Young,Anthony Morrow,Anthony Randolph,Corey Maggette,Monta Ellis,Stephen Curry,1,1:30,WAS,free throw,,,,,,,2,,2,Nick Young,,,foul,made,,,,
Antawn Jamison,Brendan Haywood,Caron Butler,Gilbert Arenas,Nick Young,Anthony Morrow,Anthony Randolph,Corey Maggette,Monta Ellis,Stephen Curry,1,1:18,GSW,turnover,,,,,,,,,,Corey Maggette,,,bad pass,,Brendan Haywood,,,
Antawn Jamison,Brendan Haywood,Caron Butler,Gilbert Arenas,Nick Young,Anthony Morrow,Anthony Randolph,Corey Maggette,Monta Ellis,Stephen Curry,1,1:15,GSW,foul,,,,,,,,Nick Young,,Monta Ellis,,,,,,shooting,,
Brendan Haywood,Caron Butler,Dominic McGuire,Gilbert Arenas,Nick Young,Anthony Morrow,Anthony Randolph,Corey Maggette,Monta Ellis,Stephen Curry,1,1:15,WAS,sub,,,,Dominic McGuire,,Antawn Jamison,,,,,,,,,,,,
Brendan Haywood,Caron Butler,Dominic McGuire,Gilbert Arenas,Nick Young,Anthony Morrow,Anthony Randolph,Corey Maggette,Monta Ellis,Stephen Curry,1,1:15,WAS,free throw,,,,,,,1,,2,Nick Young,,,foul,missed,,,,
Brendan Haywood,Caron Butler,Dominic McGuire,Gilbert Arenas,Nick Young,Anthony Morrow,Anthony Randolph,Corey Maggette,Monta Ellis,Stephen Curry,1,1:15,WAS,rebound,,,,,,,,,,,,,,,,,,
Brendan Haywood,Caron Butler,Dominic McGuire,Gilbert Arenas,Nick Young,Anthony Morrow,Anthony Randolph,Corey Maggette,Monta Ellis,Stephen Curry,1,1:15,WAS,free throw,,,,,,,2,,2,Nick Young,,,foul,made,,,,
Brendan Haywood,Caron Butler,Dominic McGuire,Gilbert Arenas,Nick Young,Anthony Morrow,Anthony Randolph,Corey Maggette,Monta Ellis,Stephen Curry,1,1:00,GSW,shot,Anthony Randolph,,,,,,,,,Monta Ellis,2,,,made,,running jump,26,14
Brendan Haywood,Caron Butler,Dominic McGuire,Gilbert Arenas,Nick Young,Anthony Morrow,Anthony Randolph,Corey Maggette,Monta Ellis,Stephen Curry,1,0:48,WAS,turnover,,,,,,,,,,Dominic McGuire,,,traveling,,,,,
Brendan Haywood,Caron Butler,Dominic McGuire,Gilbert Arenas,Nick Young,Anthony Morrow,Anthony Randolph,Corey Maggette,Monta Ellis,Stephen Curry,1,0:34,GSW,shot,,,,,,,,,,Monta Ellis,2,,,made,,step back jump,38,17
Brendan Haywood,Caron Butler,Dominic McGuire,Gilbert Arenas,Nick Young,Anthony Morrow,Anthony Randolph,Corey Maggette,Monta Ellis,Stephen Curry,1,0:28,GSW,foul,,,,,,,,Gilbert Arenas,,Monta Ellis,,,,,,personal,,
Brendan Haywood,Caron Butler,Dominic McGuire,Gilbert Arenas,Nick Young,Anthony Morrow,Anthony Randolph,Corey Maggette,Monta Ellis,Stephen Curry,1,0:28,WAS,free throw,,,,,,,1,,2,Gilbert Arenas,,,foul,missed,,,,
Brendan Haywood,Caron Butler,Dominic McGuire,Gilbert Arenas,Nick Young,Anthony Morrow,Anthony Randolph,Corey Maggette,Monta Ellis,Stephen Curry,1,0:28,WAS,rebound,,,,,,,,,,,,,,,,,,
Brendan Haywood,Caron Butler,Dominic McGuire,Gilbert Arenas,Nick Young,Anthony Morrow,Anthony Randolph,Corey Maggette,Monta Ellis,Stephen Curry,1,0:28,WAS,free throw,,,,,,,2,,2,Gilbert Arenas,,,foul,made,,,,
Brendan Haywood,Caron Butler,Dominic McGuire,Gilbert Arenas,Nick Young,Anthony Morrow,Anthony Randolph,Corey Maggette,Monta Ellis,Stephen Curry,1,0:10,WAS,foul,,,,,,,,Corey Maggette,,Dominic McGuire,,,,,,shooting,,
Brendan Haywood,Caron Butler,Dominic McGuire,Gilbert Arenas,Nick Young,Anthony Morrow,Anthony Randolph,Corey Maggette,Monta Ellis,Stephen Curry,1,0:10,GSW,free throw,,,,,,,1,,2,Corey Maggette,,,foul,made,,,,
Brendan Haywood,Caron Butler,Dominic McGuire,Gilbert Arenas,Nick Young,Anthony Randolph,C.J. Watson,Corey Maggette,Monta Ellis,Stephen Curry,1,0:10,GSW,sub,,,,C.J. Watson,,Anthony Morrow,,,,,,,,,,,,
Brendan Haywood,Caron Butler,Dominic McGuire,Gilbert Arenas,Nick Young,C.J. Watson,Chris Hunter,Corey Maggette,Monta Ellis,Stephen Curry,1,0:10,GSW,sub,,,,Chris Hunter,,Anthony Randolph,,,,,,,,,,,,
Brendan Haywood,Caron Butler,Dominic McGuire,Gilbert Arenas,Nick Young,C.J. Watson,Chris Hunter,Corey Maggette,Monta Ellis,Stephen Curry,1,0:10,GSW,free throw,,,,,,,2,,2,Corey Maggette,,,foul,missed,,,,
Brendan Haywood,Caron Butler,Dominic McGuire,Gilbert Arenas,Nick Young,C.J. Watson,Chris Hunter,Corey Maggette,Monta Ellis,Stephen Curry,1,0:06,WAS,rebound,,,,,,,,,,Dominic McGuire,,,,,,def,,
Brendan Haywood,Caron Butler,Dominic McGuire,Gilbert Arenas,Nick Young,C.J. Watson,Chris Hunter,Corey Maggette,Monta Ellis,Stephen Curry,1,0:01,WAS,shot,,,,,,,,,,Gilbert Arenas,,,,missed,,3pt,18,35
Brendan Haywood,Caron Butler,Dominic McGuire,Gilbert Arenas,Nick Young,C.J. Watson,Chris Hunter,Corey Maggette,Monta Ellis,Stephen Curry,1,0:00,WAS,rebound,,,,,,,,,,,,,,,,,,
Andray Blatche,Caron Butler,Dominic McGuire,Gilbert Arenas,Nick Young,Anthony Randolph,C.J. Watson,Monta Ellis,Stephen Curry,Vladimir Radmanovic,2,11:46,GSW,shot,,,,,,,,,,Monta Ellis,,,,missed,,jump,43,17
Andray Blatche,Caron Butler,Dominic McGuire,Gilbert Arenas,Nick Young,Anthony Randolph,C.J. Watson,Monta Ellis,Stephen Curry,Vladimir Radmanovic,2,11:44,WAS,rebound,,,,,,,,,,Andray Blatche,,,,,,def,,
Andray Blatche,Caron Butler,Dominic McGuire,Gilbert Arenas,Nick Young,Anthony Randolph,C.J. Watson,Monta Ellis,Stephen Curry,Vladimir Radmanovic,2,11:31,WAS,shot,Gilbert Arenas,,,,,,,,,Andray Blatche,2,,,made,,driving layup,26,7
Andray Blatche,Caron Butler,Dominic McGuire,Gilbert Arenas,Nick Young,Anthony Randolph,C.J. Watson,Monta Ellis,Stephen Curry,Vladimir Radmanovic,2,11:15,GSW,shot,,,,,,,,,,Anthony Randolph,,,,missed,,fade away jumper,29,14
Andray Blatche,Caron Butler,Dominic McGuire,Gilbert Arenas,Nick Young,Anthony Randolph,C.J. Watson,Monta Ellis,Stephen Curry,Vladimir Radmanovic,2,11:13,WAS,rebound,,,,,,,,,,Dominic McGuire,,,,,,def,,
Andray Blatche,Caron Butler,Dominic McGuire,Gilbert Arenas,Nick Young,Anthony Randolph,C.J. Watson,Monta Ellis,Stephen Curry,Vladimir Radmanovic,2,10:57,WAS,shot,,,,,,,,,,Andray Blatche,,,,missed,,jump,11,21
Andray Blatche,Caron Butler,Dominic McGuire,Gilbert Arenas,Nick Young,Anthony Randolph,C.J. Watson,Monta Ellis,Stephen Curry,Vladimir Radmanovic,2,10:55,GSW,rebound,,,,,,,,,,Monta Ellis,,,,,,def,,
Andray Blatche,Caron Butler,Dominic McGuire,Gilbert Arenas,Nick Young,Anthony Randolph,C.J. Watson,Monta Ellis,Stephen Curry,Vladimir Radmanovic,2,10:49,GSW,turnover,,,,,,,,,,Monta Ellis,,,lost ball,,Caron Butler,,,
Andray Blatche,Caron Butler,Dominic McGuire,Gilbert Arenas,Nick Young,Anthony Randolph,C.J. Watson,Monta Ellis,Stephen Curry,Vladimir Radmanovic,2,10:39,WAS,shot,,,,,,,,,,Caron Butler,2,,,made,,fade away jumper,39,8
Andray Blatche,Caron Butler,Dominic McGuire,Gilbert Arenas,Nick Young,Anthony Randolph,C.J. Watson,Monta Ellis,Stephen Curry,Vladimir Radmanovic,2,10:24,GSW,shot,,,,,,,,,,Monta Ellis,2,,,made,,driving layup,22,7
Andray Blatche,Caron Butler,Dominic McGuire,Gilbert Arenas,Nick Young,Anthony Randolph,C.J. Watson,Monta Ellis,Stephen Curry,Vladimir Radmanovic,2,10:11,WAS,shot,,,,,,,,,,Caron Butler,,,,missed,,fade away jumper,28,12
Andray Blatche,Caron Butler,Dominic McGuire,Gilbert Arenas,Nick Young,Anthony Randolph,C.J. Watson,Monta Ellis,Stephen Curry,Vladimir Radmanovic,2,10:10,GSW,rebound,,,,,,,,,,Anthony Randolph,,,,,,def,,
Andray Blatche,Caron Butler,Dominic McGuire,Gilbert Arenas,Nick Young,Anthony Randolph,C.J. Watson,Monta Ellis,Stephen Curry,Vladimir Radmanovic,2,10:03,GSW,shot,Anthony Randolph,,,,,,,,,C.J. Watson,2,,,made,,driving reverse layup,26,5
Andray Blatche,Caron Butler,Dominic McGuire,Gilbert Arenas,Nick Young,Anthony Randolph,C.J. Watson,Monta Ellis,Stephen Curry,Vladimir Radmanovic,2,9:53,WAS,shot,,,,,,,,,,Gilbert Arenas,2,,,made,,running jump,26,11
Andray Blatche,Caron Butler,Dominic McGuire,Gilbert Arenas,Nick Young,Anthony Randolph,C.J. Watson,Monta Ellis,Stephen Curry,Vladimir Radmanovic,2,9:53,GSW,foul,,,,,,,,Gilbert Arenas,,Stephen Curry,,,,,,shooting,,
Andray Blatche,Antawn Jamison,Dominic McGuire,Gilbert Arenas,Nick Young,Anthony Randolph,C.J. Watson,Monta Ellis,Stephen Curry,Vladimir Radmanovic,2,9:53,WAS,sub,,,,Antawn Jamison,,Caron Butler,,,,,,,,,,,,
Andray Blatche,Antawn Jamison,Dominic McGuire,Gilbert Arenas,Nick Young,Anthony Randolph,C.J. Watson,Monta Ellis,Stephen Curry,Vladimir Radmanovic,2,9:53,WAS,free throw,,,,,,,1,,1,Gilbert Arenas,,,foul,missed,,,,
Andray Blatche,Antawn Jamison,Dominic McGuire,Gilbert Arenas,Nick Young,Anthony Randolph,C.J. Watson,Monta Ellis,Stephen Curry,Vladimir Radmanovic,2,9:52,WAS,rebound,,,,,,,,,,Gilbert Arenas,,,,,,off,,
Andray Blatche,Antawn Jamison,Dominic McGuire,Earl Boykins,Nick Young,Anthony Randolph,C.J. Watson,Monta Ellis,Stephen Curry,Vladimir Radmanovic,2,9:50,WAS,sub,,,,Earl Boykins,,Gilbert Arenas,,,,,,,,,,,,
Andray Blatche,Antawn Jamison,Dominic McGuire,Earl Boykins,Nick Young,Anthony Randolph,C.J. Watson,Monta Ellis,Stephen Curry,Vladimir Radmanovic,2,9:33,WAS,shot,,,,,,,,,,Nick Young,,,,missed,,3pt,26,31
Andray Blatche,Antawn Jamison,Dominic McGuire,Earl Boykins,Nick Young,Anthony Randolph,C.J. Watson,Monta Ellis,Stephen Curry,Vladimir Radmanovic,2,9:32,GSW,rebound,,,,,,,,,,Stephen Curry,,,,,,def,,
Andray Blatche,Antawn Jamison,Dominic McGuire,Earl Boykins,Nick Young,Anthony Randolph,C.J. Watson,Monta Ellis,Stephen Curry,Vladimir Radmanovic,2,9:27,GSW,shot,,,,,,,,,,Monta Ellis,2,,,made,,running layup,23,10
Andray Blatche,Antawn Jamison,Dominic McGuire,Earl Boykins,Nick Young,Anthony Randolph,C.J. Watson,Monta Ellis,Stephen Curry,Vladimir Radmanovic,2,9:05,WAS,shot,,,,,,,,,,Andray Blatche,,,,missed,,jump,22,21
Andray Blatche,Antawn Jamison,Dominic McGuire,Earl Boykins,Nick Young,Anthony Randolph,C.J. Watson,Monta Ellis,Stephen Curry,Vladimir Radmanovic,2,9:04,GSW,rebound,,,,,,,,,,C.J. Watson,,,,,,def,,
Andray Blatche,Antawn Jamison,Dominic McGuire,Earl Boykins,Nick Young,Anthony Randolph,C.J. Watson,Monta Ellis,Stephen Curry,Vladimir Radmanovic,2,8:58,GSW,shot,C.J. Watson,,,,,,,,,Anthony Randolph,2,,,made,,driving slam dunk,24,8
Andray Blatche,Antawn Jamison,Dominic McGuire,Earl Boykins,Nick Young,Anthony Randolph,C.J. Watson,Monta Ellis,Stephen Curry,Vladimir Radmanovic,2,8:49,WAS,shot,,,,,,,,,,Antawn Jamison,,,,missed,,3pt,5,26
Andray Blatche,Antawn Jamison,Dominic McGuire,Earl Boykins,Nick Young,Anthony Randolph,C.J. Watson,Monta Ellis,Stephen Curry,Vladimir Radmanovic,2,8:48,GSW,rebound,,,,,,,,,,Anthony Randolph,,,,,,def,,
Andray Blatche,Antawn Jamison,Dominic McGuire,Earl Boykins,Nick Young,Anthony Randolph,C.J. Watson,Monta Ellis,Stephen Curry,Vladimir Radmanovic,2,8:34,GSW,shot,,,,,,,,,,C.J. Watson,,,,missed,,jump,27,28
Andray Blatche,Antawn Jamison,Dominic McGuire,Earl Boykins,Nick Young,Anthony Randolph,C.J. Watson,Monta Ellis,Stephen Curry,Vladimir Radmanovic,2,8:32,WAS,rebound,,,,,,,,,,Antawn Jamison,,,,,,def,,
Andray Blatche,Antawn Jamison,Dominic McGuire,Earl Boykins,Nick Young,Anthony Randolph,C.J. Watson,Monta Ellis,Stephen Curry,Vladimir Radmanovic,2,8:27,WAS,timeout,,,,,,,,,,,,,,,,regular,,
Andray Blatche,Antawn Jamison,Dominic McGuire,Earl Boykins,Randy Foye,Anthony Randolph,C.J. Watson,Monta Ellis,Stephen Curry,Vladimir Radmanovic,2,8:27,WAS,sub,,,,Randy Foye,,Nick Young,,,,,,,,,,,,
Andray Blatche,Antawn Jamison,Dominic McGuire,Earl Boykins,Randy Foye,Anthony Randolph,C.J. Watson,Monta Ellis,Stephen Curry,Vladimir Radmanovic,2,8:16,WAS,turnover,,,,,,,,,,Antawn Jamison,,,lost ball,,Stephen Curry,,,
Andray Blatche,Antawn Jamison,Dominic McGuire,Earl Boykins,Randy Foye,Anthony Randolph,C.J. Watson,Monta Ellis,Stephen Curry,Vladimir Radmanovic,2,8:10,GSW,shot,,,,,,,,,,Stephen Curry,,,,missed,,jump,22,15
Andray Blatche,Antawn Jamison,Dominic McGuire,Earl Boykins,Randy Foye,Anthony Randolph,C.J. Watson,Monta Ellis,Stephen Curry,Vladimir Radmanovic,2,8:09,GSW,rebound,,,,,,,,,,Monta Ellis,,,,,,off,,
Andray Blatche,Antawn Jamison,Dominic McGuire,Earl Boykins,Randy Foye,Anthony Randolph,C.J. Watson,Monta Ellis,Stephen Curry,Vladimir Radmanovic,2,8:08,GSW,shot,,,,,,,,,,Monta Ellis,,,,missed,,tip,27,9
Andray Blatche,Antawn Jamison,Dominic McGuire,Earl Boykins,Randy Foye,Anthony Randolph,C.J. Watson,Monta Ellis,Stephen Curry,Vladimir Radmanovic,2,8:06,WAS,rebound,,,,,,,,,,Dominic McGuire,,,,,,def,,
Andray Blatche,Antawn Jamison,Dominic McGuire,Earl Boykins,Randy Foye,Anthony Randolph,C.J. Watson,Monta Ellis,Stephen Curry,Vladimir Radmanovic,2,8:05,WAS,timeout,,,,,,,,,,,,,,,,regular,,
Andray Blatche,Brendan Haywood,Dominic McGuire,Earl Boykins,Randy Foye,Anthony Randolph,C.J. Watson,Monta Ellis,Stephen Curry,Vladimir Radmanovic,2,8:05,WAS,sub,,,,Brendan Haywood,,Antawn Jamison,,,,,,,,,,,,
Andray Blatche,Brendan Haywood,Caron Butler,Earl Boykins,Randy Foye,Anthony Randolph,C.J. Watson,Monta Ellis,Stephen Curry,Vladimir Radmanovic,2,8:05,WAS,sub,,,,Caron Butler,,Dominic McGuire,,,,,,,,,,,,
Andray Blatche,Brendan Haywood,Caron Butler,Earl Boykins,Randy Foye,Anthony Randolph,C.J. Watson,Monta Ellis,Stephen Curry,Vladimir Radmanovic,2,7:58,WAS,turnover,,,,,,,,,,Andray Blatche,,,traveling,,,,,
Andray Blatche,Brendan Haywood,Caron Butler,Earl Boykins,Randy Foye,Anthony Randolph,C.J. Watson,Monta Ellis,Stephen Curry,Vladimir Radmanovic,2,7:46,GSW,shot,,,,,,,,,,Stephen Curry,,,,missed,,jump,18,22
Andray Blatche,Brendan Haywood,Caron Butler,Earl Boykins,Randy Foye,Anthony Randolph,C.J. Watson,Monta Ellis,Stephen Curry,Vladimir Radmanovic,2,7:44,WAS,rebound,,,,,,,,,,Caron Butler,,,,,,def,,
Andray Blatche,Brendan Haywood,Caron Butler,Earl Boykins,Randy Foye,Anthony Randolph,C.J. Watson,Monta Ellis,Stephen Curry,Vladimir Radmanovic,2,7:38,WAS,turnover,,,,,,,,,,Earl Boykins,,,bad pass,,Stephen Curry,,,
Andray Blatche,Brendan Haywood,Caron Butler,Earl Boykins,Randy Foye,Anthony Randolph,C.J. Watson,Monta Ellis,Stephen Curry,Vladimir Radmanovic,2,7:29,GSW,turnover,,,,,,,,,,Stephen Curry,,,traveling,,,,,
Andray Blatche,Brendan Haywood,Caron Butler,Earl Boykins,Randy Foye,Anthony Randolph,C.J. Watson,Monta Ellis,Stephen Curry,Vladimir Radmanovic,2,7:09,WAS,shot,Caron Butler,,,,,,,,,Randy Foye,2,,,made,,pullup jump,39,21
Andray Blatche,Brendan Haywood,Caron Butler,Earl Boykins,Randy Foye,Anthony Randolph,C.J. Watson,Monta Ellis,Stephen Curry,Vladimir Radmanovic,2,6:56,GSW,turnover,,,,,,,,,,Monta Ellis,,,traveling,,,,,
Andray Blatche,Brendan Haywood,Caron Butler,Earl Boykins,Randy Foye,Anthony Randolph,C.J. Watson,Monta Ellis,Stephen Curry,Vladimir Radmanovic,2,6:45,WAS,turnover,,,,,,,,,,Andray Blatche,,,3 second violation,,,,,
Andray Blatche,Brendan Haywood,Caron Butler,Earl Boykins,Randy Foye,Anthony Randolph,C.J. Watson,Monta Ellis,Stephen Curry,Vladimir Radmanovic,2,6:33,GSW,shot,Monta Ellis,,,,,,,,,Anthony Randolph,2,,,made,,jump,37,18
Andray Blatche,Brendan Haywood,Caron Butler,Earl Boykins,Randy Foye,Anthony Randolph,C.J. Watson,Monta Ellis,Stephen Curry,Vladimir Radmanovic,2,6:17,WAS,shot,,,,,,,,,,Caron Butler,,,,missed,,jump,43,7
Andray Blatche,Brendan Haywood,Caron Butler,Earl Boykins,Randy Foye,Anthony Randolph,C.J. Watson,Monta Ellis,Stephen Curry,Vladimir Radmanovic,2,6:16,GSW,rebound,,,,,,,,,,Vladimir Radmanovic,,,,,,def,,
Andray Blatche,Brendan Haywood,Caron Butler,Earl Boykins,Randy Foye,Anthony Randolph,C.J. Watson,Monta Ellis,Stephen Curry,Vladimir Radmanovic,2,6:11,WAS,foul,,,,,,,,Monta Ellis,,Brendan Haywood,,,,,,shooting,,
Andray Blatche,Brendan Haywood,Caron Butler,Earl Boykins,Randy Foye,Anthony Randolph,C.J. Watson,Monta Ellis,Stephen Curry,Vladimir Radmanovic,2,6:11,GSW,free throw,,,,,,,1,,2,Monta Ellis,,,foul,made,,,,
Andray Blatche,Brendan Haywood,Caron Butler,Earl Boykins,Randy Foye,Anthony Randolph,C.J. Watson,Monta Ellis,Stephen Curry,Vladimir Radmanovic,2,6:11,GSW,free throw,,,,,,,2,,2,Monta Ellis,,,foul,made,,,,
Andray Blatche,Brendan Haywood,Caron Butler,Earl Boykins,Randy Foye,Anthony Randolph,C.J. Watson,Monta Ellis,Stephen Curry,Vladimir Radmanovic,2,5:56,WAS,shot,,,,,,,,,,Andray Blatche,,,,missed,,jump,22,14
Andray Blatche,Brendan Haywood,Caron Butler,Earl Boykins,Randy Foye,Anthony Randolph,C.J. Watson,Monta Ellis,Stephen Curry,Vladimir Radmanovic,2,5:55,GSW,rebound,,,,,,,,,,Stephen Curry,,,,,,def,,
Andray Blatche,Brendan Haywood,Caron Butler,Earl Boykins,Randy Foye,Anthony Randolph,C.J. Watson,Monta Ellis,Stephen Curry,Vladimir Radmanovic,2,5:49,GSW,shot,,,,,,,,,,Monta Ellis,,,,missed,,3pt,41,27
Andray Blatche,Brendan Haywood,Caron Butler,Earl Boykins,Randy Foye,Anthony Randolph,C.J. Watson,Monta Ellis,Stephen Curry,Vladimir Radmanovic,2,5:47,GSW,rebound,,,,,,,,,,Anthony Randolph,,,,,,off,,
Andray Blatche,Brendan Haywood,Caron Butler,Earl Boykins,Randy Foye,Anthony Randolph,C.J. Watson,Monta Ellis,Stephen Curry,Vladimir Radmanovic,2,5:39,GSW,shot,,,,,,,,,,Stephen Curry,3,,,made,,3pt,30,31
Andray Blatche,Brendan Haywood,Caron Butler,Earl Boykins,Randy Foye,Anthony Randolph,C.J. Watson,Monta Ellis,Stephen Curry,Vladimir Radmanovic,2,5:17,WAS,shot,,,,,,,,,,Andray Blatche,,,,missed,,jump,35,23
Andray Blatche,Brendan Haywood,Caron Butler,Earl Boykins,Randy Foye,Anthony Randolph,C.J. Watson,Monta Ellis,Stephen Curry,Vladimir Radmanovic,2,5:16,WAS,rebound,,,,,,,,,,Earl Boykins,,,,,,off,,
Andray Blatche,Brendan Haywood,Caron Butler,Earl Boykins,Randy Foye,Anthony Randolph,C.J. Watson,Monta Ellis,Stephen Curry,Vladimir Radmanovic,2,5:14,WAS,shot,,,,,,,,,,Earl Boykins,2,,,made,,pullup jump,19,19
Andray Blatche,Brendan Haywood,Caron Butler,Earl Boykins,Randy Foye,Anthony Randolph,C.J. Watson,Monta Ellis,Stephen Curry,Vladimir Radmanovic,2,4:57,WAS,foul,,,,,,,,Anthony Randolph,,Brendan Haywood,,,,,,shooting,,
Andray Blatche,Brendan Haywood,Caron Butler,Gilbert Arenas,Randy Foye,Anthony Randolph,C.J. Watson,Monta Ellis,Stephen Curry,Vladimir Radmanovic,2,4:57,WAS,sub,,,,Gilbert Arenas,,Earl Boykins,,,,,,,,,,,,
Andray Blatche,Brendan Haywood,Caron Butler,Gilbert Arenas,Randy Foye,Anthony Randolph,C.J. Watson,Monta Ellis,Stephen Curry,Vladimir Radmanovic,2,4:57,GSW,free throw,,,,,,,1,,2,Anthony Randolph,,,foul,missed,,,,
Andray Blatche,Brendan Haywood,Caron Butler,Gilbert Arenas,Randy Foye,Anthony Randolph,C.J. Watson,Monta Ellis,Stephen Curry,Vladimir Radmanovic,2,4:57,GSW,rebound,,,,,,,,,,,,,,,,,,
Andray Blatche,Brendan Haywood,Caron Butler,Gilbert Arenas,Randy Foye,Anthony Randolph,C.J. Watson,Monta Ellis,Stephen Curry,Vladimir Radmanovic,2,4:57,GSW,free throw,,,,,,,2,,2,Anthony Randolph,,,foul,made,,,,
Andray Blatche,Brendan Haywood,Caron Butler,Gilbert Arenas,Randy Foye,Anthony Randolph,C.J. Watson,Monta Ellis,Stephen Curry,Vladimir Radmanovic,2,4:45,GSW,foul,,,,,,,,Brendan Haywood,,Vladimir Radmanovic,,,,,,shooting,,
Antawn Jamison,Brendan Haywood,Caron Butler,Gilbert Arenas,Randy Foye,Anthony Randolph,C.J. Watson,Monta Ellis,Stephen Curry,Vladimir Radmanovic,2,4:45,WAS,sub,,,,Antawn Jamison,,Andray Blatche,,,,,,,,,,,,
Antawn Jamison,Brendan Haywood,Caron Butler,Gilbert Arenas,Randy Foye,Anthony Randolph,C.J. Watson,Monta Ellis,Stephen Curry,Vladimir Radmanovic,2,4:45,WAS,free throw,,,,,,,1,,2,Brendan Haywood,,,foul,missed,,,,
Antawn Jamison,Brendan Haywood,Caron Butler,Gilbert Arenas,Randy Foye,Anthony Randolph,C.J. Watson,Monta Ellis,Stephen Curry,Vladimir Radmanovic,2,4:45,WAS,rebound,,,,,,,,,,,,,,,,,,
Antawn Jamison,Brendan Haywood,Caron Butler,Gilbert Arenas,Randy Foye,Anthony Randolph,C.J. Watson,Monta Ellis,Stephen Curry,Vladimir Radmanovic,2,4:45,WAS,free throw,,,,,,,2,,2,Brendan Haywood,,,foul,made,,,,
Antawn Jamison,Brendan Haywood,Caron Butler,Gilbert Arenas,Randy Foye,Anthony Randolph,C.J. Watson,Monta Ellis,Stephen Curry,Vladimir Radmanovic,2,4:31,GSW,shot,,,,,,,,,,Monta Ellis,2,,,made,,running jump,23,9
Antawn Jamison,Brendan Haywood,Caron Butler,Gilbert Arenas,Randy Foye,Anthony Randolph,C.J. Watson,Monta Ellis,Stephen Curry,Vladimir Radmanovic,2,4:15,WAS,turnover,,,,,,,,,,Randy Foye,,,traveling,,,,,
Antawn Jamison,Brendan Haywood,Caron Butler,DeShawn Stevenson,Gilbert Arenas,Anthony Randolph,C.J. Watson,Monta Ellis,Stephen Curry,Vladimir Radmanovic,2,4:15,WAS,sub,,,,DeShawn Stevenson,,Randy Foye,,,,,,,,,,,,
Antawn Jamison,Brendan Haywood,Caron Butler,DeShawn Stevenson,Gilbert Arenas,Anthony Randolph,C.J. Watson,Monta Ellis,Stephen Curry,Vladimir Radmanovic,2,4:15,GSW,turnover,,,,,,,,,,Anthony Randolph,,,inbound turnover,,,,,
Antawn Jamison,Brendan Haywood,Caron Butler,DeShawn Stevenson,Gilbert Arenas,Anthony Randolph,C.J. Watson,Monta Ellis,Stephen Curry,Vladimir Radmanovic,2,4:04,WAS,shot,,,,,,,,,,Antawn Jamison,,,,missed,,jump,11,20
Antawn Jamison,Brendan Haywood,Caron Butler,DeShawn Stevenson,Gilbert Arenas,Anthony Randolph,C.J. Watson,Monta Ellis,Stephen Curry,Vladimir Radmanovic,2,4:03,GSW,rebound,,,,,,,,,,Anthony Randolph,,,,,,def,,
Antawn Jamison,Brendan Haywood,Caron Butler,DeShawn Stevenson,Gilbert Arenas,Anthony Randolph,C.J. Watson,Monta Ellis,Stephen Curry,Vladimir Radmanovic,2,3:54,GSW,shot,,,,,,,,,,Monta Ellis,2,,,made,,jump,35,20
Antawn Jamison,Brendan Haywood,Caron Butler,DeShawn Stevenson,Gilbert Arenas,Anthony Randolph,C.J. Watson,Monta Ellis,Stephen Curry,Vladimir Radmanovic,2,3:32,WAS,shot,,,,,,,,,,Brendan Haywood,,,,missed,,driving layup,24,7
Antawn Jamison,Brendan Haywood,Caron Butler,DeShawn Stevenson,Gilbert Arenas,Anthony Randolph,C.J. Watson,Monta Ellis,Stephen Curry,Vladimir Radmanovic,2,3:32,WAS,rebound,,,,,,,,,,,,,,,,,,
Antawn Jamison,Brendan Haywood,Caron Butler,DeShawn Stevenson,Gilbert Arenas,Anthony Randolph,C.J. Watson,Monta Ellis,Stephen Curry,Vladimir Radmanovic,2,3:23,WAS,shot,,,,,,,,,,Brendan Haywood,2,,,made,,driving layup,24,8
Antawn Jamison,Brendan Haywood,Caron Butler,DeShawn Stevenson,Gilbert Arenas,Anthony Randolph,C.J. Watson,Monta Ellis,Stephen Curry,Vladimir Radmanovic,2,3:05,GSW,shot,,,,,,,,,,C.J. Watson,,,,missed,,3pt,1,6
Antawn Jamison,Brendan Haywood,Caron Butler,DeShawn Stevenson,Gilbert Arenas,Anthony Randolph,C.J. Watson,Monta Ellis,Stephen Curry,Vladimir Radmanovic,2,3:03,WAS,rebound,,,,,,,,,,Caron Butler,,,,,,def,,
Antawn Jamison,Brendan Haywood,Caron Butler,DeShawn Stevenson,Gilbert Arenas,Anthony Randolph,C.J. Watson,Monta Ellis,Stephen Curry,Vladimir Radmanovic,2,3:00,GSW,foul,,,,,,,,Gilbert Arenas,,C.J. Watson,,,,,,shooting,,
Antawn Jamison,Brendan Haywood,Caron Butler,DeShawn Stevenson,Gilbert Arenas,Anthony Randolph,C.J. Watson,Monta Ellis,Stephen Curry,Vladimir Radmanovic,2,3:00,WAS,free throw,,,,,,,1,,2,Gilbert Arenas,,,foul,made,,,,
Antawn Jamison,Brendan Haywood,Caron Butler,DeShawn Stevenson,Gilbert Arenas,C.J. Watson,Corey Maggette,Monta Ellis,Stephen Curry,Vladimir Radmanovic,2,3:00,GSW,sub,,,,Corey Maggette,,Anthony Randolph,,,,,,,,,,,,
Antawn Jamison,Brendan Haywood,Caron Butler,DeShawn Stevenson,Gilbert Arenas,C.J. Watson,Corey Maggette,Monta Ellis,Stephen Curry,Vladimir Radmanovic,2,3:00,WAS,free throw,,,,,,,2,,2,Gilbert Arenas,,,foul,made,,,,
Antawn Jamison,Brendan Haywood,Caron Butler,DeShawn Stevenson,Gilbert Arenas,C.J. Watson,Corey Maggette,Monta Ellis,Stephen Curry,Vladimir Radmanovic,2,2:50,GSW,shot,Monta Ellis,,,,,,,,,Vladimir Radmanovic,2,,,made,,pullup jump,40,15
Antawn Jamison,Brendan Haywood,Caron Butler,DeShawn Stevenson,Gilbert Arenas,C.J. Watson,Corey Maggette,Monta Ellis,Stephen Curry,Vladimir Radmanovic,2,2:35,WAS,turnover,,,,,,,,,,Gilbert Arenas,,,lost ball,,Monta Ellis,,,
Antawn Jamison,Brendan Haywood,Caron Butler,DeShawn Stevenson,Gilbert Arenas,C.J. Watson,Corey Maggette,Monta Ellis,Stephen Curry,Vladimir Radmanovic,2,2:30,GSW,shot,Stephen Curry,,,,,,,,,Vladimir Radmanovic,2,,,made,,driving slam dunk,24,6
Antawn Jamison,Brendan Haywood,Caron Butler,DeShawn Stevenson,Gilbert Arenas,C.J. Watson,Corey Maggette,Monta Ellis,Stephen Curry,Vladimir Radmanovic,2,2:14,WAS,shot,DeShawn Stevenson,,,,,,,,,Brendan Haywood,2,,,made,,turnaround fade away,15,13
Antawn Jamison,Brendan Haywood,Caron Butler,DeShawn Stevenson,Gilbert Arenas,C.J. Watson,Corey Maggette,Monta Ellis,Stephen Curry,Vladimir Radmanovic,2,2:05,GSW,shot,,,,,,,,,,Monta Ellis,,,,missed,,3pt,41,27
Antawn Jamison,Brendan Haywood,Caron Butler,DeShawn Stevenson,Gilbert Arenas,C.J. Watson,Corey Maggette,Monta Ellis,Stephen Curry,Vladimir Radmanovic,2,2:03,WAS,rebound,,,,,,,,,,Antawn Jamison,,,,,,def,,
Antawn Jamison,Brendan Haywood,Caron Butler,DeShawn Stevenson,Gilbert Arenas,C.J. Watson,Corey Maggette,Monta Ellis,Stephen Curry,Vladimir Radmanovic,2,1:57,WAS,shot,,,,,,,,,,Gilbert Arenas,,,,missed,,3pt,20,33
Antawn Jamison,Brendan Haywood,Caron Butler,DeShawn Stevenson,Gilbert Arenas,C.J. Watson,Corey Maggette,Monta Ellis,Stephen Curry,Vladimir Radmanovic,2,1:56,WAS,rebound,,,,,,,,,,Brendan Haywood,,,,,,off,,
Antawn Jamison,Brendan Haywood,Caron Butler,DeShawn Stevenson,Gilbert Arenas,C.J. Watson,Corey Maggette,Monta Ellis,Stephen Curry,Vladimir Radmanovic,2,1:55,WAS,shot,,,,,,,,,,Brendan Haywood,2,,,made,,putback layup,24,7
Antawn Jamison,Brendan Haywood,Caron Butler,DeShawn Stevenson,Gilbert Arenas,C.J. Watson,Corey Maggette,Monta Ellis,Stephen Curry,Vladimir Radmanovic,2,1:31,GSW,shot,Stephen Curry,,,,,,,,,Monta Ellis,2,,,made,,floating jump,24,13
Antawn Jamison,Brendan Haywood,Caron Butler,DeShawn Stevenson,Gilbert Arenas,C.J. Watson,Corey Maggette,Monta Ellis,Stephen Curry,Vladimir Radmanovic,2,1:18,WAS,shot,,,,,,,,,,Gilbert Arenas,,,,missed,,jump,23,13
Antawn Jamison,Brendan Haywood,Caron Butler,DeShawn Stevenson,Gilbert Arenas,C.J. Watson,Corey Maggette,Monta Ellis,Stephen Curry,Vladimir Radmanovic,2,1:16,WAS,rebound,,,,,,,,,,Caron Butler,,,,,,off,,
Antawn Jamison,Brendan Haywood,Caron Butler,DeShawn Stevenson,Gilbert Arenas,C.J. Watson,Corey Maggette,Monta Ellis,Stephen Curry,Vladimir Radmanovic,2,1:16,WAS,shot,,,,,,,,,,Caron Butler,2,,,made,,tip,24,9
Antawn Jamison,Brendan Haywood,Caron Butler,DeShawn Stevenson,Gilbert Arenas,C.J. Watson,Corey Maggette,Monta Ellis,Stephen Curry,Vladimir Radmanovic,2,1:04,GSW,shot,,,,,,,,,,Monta Ellis,,,,missed,,fade away jumper,36,7
Antawn Jamison,Brendan Haywood,Caron Butler,DeShawn Stevenson,Gilbert Arenas,C.J. Watson,Corey Maggette,Monta Ellis,Stephen Curry,Vladimir Radmanovic,2,1:03,WAS,rebound,,,,,,,,,,Antawn Jamison,,,,,,def,,
Antawn Jamison,Brendan Haywood,Caron Butler,DeShawn Stevenson,Gilbert Arenas,C.J. Watson,Corey Maggette,Monta Ellis,Stephen Curry,Vladimir Radmanovic,2,0:47,WAS,shot,,,,,,,,,,Caron Butler,,,,missed,,3pt,23,31
Antawn Jamison,Brendan Haywood,Caron Butler,DeShawn Stevenson,Gilbert Arenas,C.J. Watson,Corey Maggette,Monta Ellis,Stephen Curry,Vladimir Radmanovic,2,0:46,GSW,rebound,,,,,,,,,,Corey Maggette,,,,,,def,,
Antawn Jamison,Brendan Haywood,Caron Butler,DeShawn Stevenson,Gilbert Arenas,C.J. Watson,Corey Maggette,Monta Ellis,Stephen Curry,Vladimir Radmanovic,2,0:40,GSW,timeout,,,,,,,,,,,,,,,,official,,
Andray Blatche,Antawn Jamison,Caron Butler,DeShawn Stevenson,Gilbert Arenas,C.J. Watson,Corey Maggette,Monta Ellis,Stephen Curry,Vladimir Radmanovic,2,0:40,WAS,sub,,,,Andray Blatche,,Brendan Haywood,,,,,,,,,,,,
Andray Blatche,Antawn Jamison,Caron Butler,DeShawn Stevenson,Gilbert Arenas,Anthony Morrow,C.J. Watson,Corey Maggette,Stephen Curry,Vladimir Radmanovic,2,0:40,GSW,sub,,,,Anthony Morrow,,Monta Ellis,,,,,,,,,,,,
Andray Blatche,Antawn Jamison,Caron Butler,DeShawn Stevenson,Gilbert Arenas,Anthony Morrow,C.J. Watson,Corey Maggette,Stephen Curry,Vladimir Radmanovic,2,0:37,GSW,shot,,,,,,,,,,Corey Maggette,,,,missed,,jump,33,20
Andray Blatche,Antawn Jamison,Caron Butler,DeShawn Stevenson,Gilbert Arenas,Anthony Morrow,C.J. Watson,Corey Maggette,Stephen Curry,Vladimir Radmanovic,2,0:35,GSW,rebound,,,,,,,,,,Anthony Morrow,,,,,,off,,
Andray Blatche,Antawn Jamison,Caron Butler,DeShawn Stevenson,Gilbert Arenas,Anthony Morrow,C.J. Watson,Corey Maggette,Stephen Curry,Vladimir Radmanovic,2,0:32,GSW,shot,,,,,,,,,,Anthony Morrow,,,,missed,,jump,38,20
Andray Blatche,Antawn Jamison,Caron Butler,DeShawn Stevenson,Gilbert Arenas,Anthony Morrow,C.J. Watson,Corey Maggette,Stephen Curry,Vladimir Radmanovic,2,0:29,GSW,rebound,,,,,,,,,,Vladimir Radmanovic,,,,,,off,,
Andray Blatche,Antawn Jamison,Caron Butler,DeShawn Stevenson,Gilbert Arenas,Anthony Morrow,C.J. Watson,Corey Maggette,Stephen Curry,Vladimir Radmanovic,2,0:13,WAS,foul,,,,,,,,Stephen Curry,,DeShawn Stevenson,,,,,,personal,,
Andray Blatche,Caron Butler,DeShawn Stevenson,Dominic McGuire,Gilbert Arenas,Anthony Morrow,C.J. Watson,Corey Maggette,Stephen Curry,Vladimir Radmanovic,2,0:13,WAS,sub,,,,Dominic McGuire,,Antawn Jamison,,,,,,,,,,,,
Andray Blatche,Caron Butler,DeShawn Stevenson,Dominic McGuire,Gilbert Arenas,Anthony Morrow,C.J. Watson,Corey Maggette,Stephen Curry,Vladimir Radmanovic,2,0:01,GSW,shot,,,,,,,,,,Stephen Curry,,,,missed,,jump,42,20
Andray Blatche,Caron Butler,DeShawn Stevenson,Dominic McGuire,Gilbert Arenas,Anthony Morrow,C.J. Watson,Corey Maggette,Stephen Curry,Vladimir Radmanovic,2,0:00,GSW,rebound,,,,,,,,,,Corey Maggette,,,,,,off,,
Andray Blatche,Caron Butler,DeShawn Stevenson,Dominic McGuire,Gilbert Arenas,Anthony Morrow,C.J. Watson,Corey Maggette,Stephen Curry,Vladimir Radmanovic,2,0:00,GSW,shot,,,,,,,,,,Corey Maggette,2,,,made,,tip,24,6
Andray Blatche,Caron Butler,DeShawn Stevenson,Dominic McGuire,Gilbert Arenas,Anthony Morrow,C.J. Watson,Corey Maggette,Stephen Curry,Vladimir Radmanovic,2,0:00,WAS,shot,,,,,,,,,,Gilbert Arenas,,,,missed,,3pt,19,87
Andray Blatche,Caron Butler,DeShawn Stevenson,Dominic McGuire,Gilbert Arenas,Anthony Morrow,C.J. Watson,Corey Maggette,Stephen Curry,Vladimir Radmanovic,2,0:00,WAS,rebound,,,,,,,,,,,,,,,,,,
Andray Blatche,Brendan Haywood,Caron Butler,DeShawn Stevenson,Gilbert Arenas,Anthony Morrow,Anthony Randolph,Corey Maggette,Monta Ellis,Stephen Curry,3,11:45,GSW,shot,,,,,,,,,,Anthony Morrow,,,,missed,,jump,9,7
Andray Blatche,Brendan Haywood,Caron Butler,DeShawn Stevenson,Gilbert Arenas,Anthony Morrow,Anthony Randolph,Corey Maggette,Monta Ellis,Stephen Curry,3,11:44,WAS,rebound,,,,,,,,,,Brendan Haywood,,,,,,def,,
Andray Blatche,Brendan Haywood,Caron Butler,DeShawn Stevenson,Gilbert Arenas,Anthony Morrow,Anthony Randolph,Corey Maggette,Monta Ellis,Stephen Curry,3,11:31,WAS,turnover,,,,,,,,,,Gilbert Arenas,,,bad pass,,,,,
Andray Blatche,Brendan Haywood,Caron Butler,DeShawn Stevenson,Gilbert Arenas,Anthony Morrow,Anthony Randolph,Corey Maggette,Monta Ellis,Stephen Curry,3,11:17,GSW,turnover,,,,,,,,,,Monta Ellis,,,traveling,,,,,
Andray Blatche,Brendan Haywood,Caron Butler,DeShawn Stevenson,Gilbert Arenas,Anthony Morrow,Anthony Randolph,Corey Maggette,Monta Ellis,Stephen Curry,3,11:02,WAS,shot,,,,,,,,,,Caron Butler,,,,missed,,jump,45,6
Andray Blatche,Brendan Haywood,Caron Butler,DeShawn Stevenson,Gilbert Arenas,Anthony Morrow,Anthony Randolph,Corey Maggette,Monta Ellis,Stephen Curry,3,11:00,GSW,rebound,,,,,,,,,,Anthony Randolph,,,,,,def,,
Andray Blatche,Brendan Haywood,Caron Butler,DeShawn Stevenson,Gilbert Arenas,Anthony Morrow,Anthony Randolph,Corey Maggette,Monta Ellis,Stephen Curry,3,10:52,GSW,shot,,,,,,,,,,Monta Ellis,,,,missed,,jump,14,20
Andray Blatche,Brendan Haywood,Caron Butler,DeShawn Stevenson,Gilbert Arenas,Anthony Morrow,Anthony Randolph,Corey Maggette,Monta Ellis,Stephen Curry,3,10:52,WAS,rebound,,,,,,,,,,Andray Blatche,,,,,,def,,
Andray Blatche,Brendan Haywood,Caron Butler,DeShawn Stevenson,Gilbert Arenas,Anthony Morrow,Anthony Randolph,Corey Maggette,Monta Ellis,Stephen Curry,3,10:42,WAS,turnover,,,,,,,,,,Gilbert Arenas,,,lost ball,,Stephen Curry,,,
Andray Blatche,Brendan Haywood,Caron Butler,DeShawn Stevenson,Gilbert Arenas,Anthony Morrow,Anthony Randolph,Corey Maggette,Monta Ellis,Stephen Curry,3,10:37,GSW,shot,Monta Ellis,,,,,,,,,Corey Maggette,2,,,made,,driving slam dunk,25,6
Andray Blatche,Brendan Haywood,Caron Butler,DeShawn Stevenson,Gilbert Arenas,Anthony Morrow,Anthony Randolph,Corey Maggette,Monta Ellis,Stephen Curry,3,10:13,WAS,shot,,,,,,,,,,DeShawn Stevenson,,,,missed,,3pt,42,26
Andray Blatche,Brendan Haywood,Caron Butler,DeShawn Stevenson,Gilbert Arenas,Anthony Morrow,Anthony Randolph,Corey Maggette,Monta Ellis,Stephen Curry,3,10:12,GSW,rebound,,,,,,,,,,Monta Ellis,,,,,,def,,
Andray Blatche,Brendan Haywood,Caron Butler,DeShawn Stevenson,Gilbert Arenas,Anthony Morrow,Anthony Randolph,Corey Maggette,Monta Ellis,Stephen Curry,3,10:04,GSW,shot,,,,,,,,,,Corey Maggette,,,,missed,,jump,13,20
Andray Blatche,Brendan Haywood,Caron Butler,DeShawn Stevenson,Gilbert Arenas,Anthony Morrow,Anthony Randolph,Corey Maggette,Monta Ellis,Stephen Curry,3,10:02,WAS,rebound,,,,,,,,,,Gilbert Arenas,,,,,,def,,
Andray Blatche,Brendan Haywood,Caron Butler,DeShawn Stevenson,Gilbert Arenas,Anthony Morrow,Anthony Randolph,Corey Maggette,Monta Ellis,Stephen Curry,3,9:57,WAS,shot,,,,,,,,,,Gilbert Arenas,,,,missed,,jump,35,23
Andray Blatche,Brendan Haywood,Caron Butler,DeShawn Stevenson,Gilbert Arenas,Anthony Morrow,Anthony Randolph,Corey Maggette,Monta Ellis,Stephen Curry,3,9:55,WAS,rebound,,,,,,,,,,Andray Blatche,,,,,,off,,
Andray Blatche,Brendan Haywood,Caron Butler,DeShawn Stevenson,Gilbert Arenas,Anthony Morrow,Anthony Randolph,Corey Maggette,Monta Ellis,Stephen Curry,3,9:53,WAS,shot,,,,,,,,,,Andray Blatche,2,,,made,,jump,23,9
Andray Blatche,Brendan Haywood,Caron Butler,DeShawn Stevenson,Gilbert Arenas,Anthony Morrow,Anthony Randolph,Corey Maggette,Monta Ellis,Stephen Curry,3,9:32,GSW,shot,,,,,,,,,,Anthony Randolph,,,,missed,,jump,21,23
Andray Blatche,Brendan Haywood,Caron Butler,DeShawn Stevenson,Gilbert Arenas,Anthony Morrow,Anthony Randolph,Corey Maggette,Monta Ellis,Stephen Curry,3,9:30,WAS,rebound,,,,,,,,,,Andray Blatche,,,,,,def,,
Andray Blatche,Brendan Haywood,Caron Butler,DeShawn Stevenson,Gilbert Arenas,Anthony Morrow,Anthony Randolph,Corey Maggette,Monta Ellis,Stephen Curry,3,9:23,WAS,shot,,,,,,,,,,Gilbert Arenas,,,,missed,,jump,24,13
Andray Blatche,Brendan Haywood,Caron Butler,DeShawn Stevenson,Gilbert Arenas,Anthony Morrow,Anthony Randolph,Corey Maggette,Monta Ellis,Stephen Curry,3,9:22,GSW,rebound,,,,,,,,,,Monta Ellis,,,,,,def,,
Andray Blatche,Brendan Haywood,Caron Butler,DeShawn Stevenson,Gilbert Arenas,Anthony Morrow,Anthony Randolph,Corey Maggette,Monta Ellis,Stephen Curry,3,9:16,GSW,shot,,,,,,,,,,Monta Ellis,,,,missed,,jump,12,20
Andray Blatche,Brendan Haywood,Caron Butler,DeShawn Stevenson,Gilbert Arenas,Anthony Morrow,Anthony Randolph,Corey Maggette,Monta Ellis,Stephen Curry,3,9:15,WAS,rebound,,,,,,,,,,Caron Butler,,,,,,def,,
Andray Blatche,Brendan Haywood,Caron Butler,DeShawn Stevenson,Gilbert Arenas,Anthony Morrow,Anthony Randolph,Corey Maggette,Monta Ellis,Stephen Curry,3,9:06,GSW,foul,,,,,,,,Andray Blatche,,Corey Maggette,,,,,,personal,,
Andray Blatche,Brendan Haywood,Caron Butler,DeShawn Stevenson,Gilbert Arenas,Anthony Morrow,Anthony Randolph,Corey Maggette,Monta Ellis,Stephen Curry,3,9:00,GSW,foul,,,,,,,,Andray Blatche,,Corey Maggette,,,,,,personal,,
Andray Blatche,Brendan Haywood,Caron Butler,DeShawn Stevenson,Gilbert Arenas,Anthony Morrow,Anthony Randolph,Corey Maggette,Monta Ellis,Stephen Curry,3,8:50,WAS,shot,,,,,,,,,,DeShawn Stevenson,,,,missed,,3pt,9,28
Andray Blatche,Brendan Haywood,Caron Butler,DeShawn Stevenson,Gilbert Arenas,Anthony Morrow,Anthony Randolph,Corey Maggette,Monta Ellis,Stephen Curry,3,8:46,WAS,rebound,,,,,,,,,,,,,,,,,,
Andray Blatche,Brendan Haywood,Caron Butler,DeShawn Stevenson,Gilbert Arenas,Anthony Morrow,Anthony Randolph,Corey Maggette,Monta Ellis,Stephen Curry,3,8:34,WAS,shot,,,,,,,,,,Caron Butler,,,,missed,,jump,7,6
Andray Blatche,Brendan Haywood,Caron Butler,DeShawn Stevenson,Gilbert Arenas,Anthony Morrow,Anthony Randolph,Corey Maggette,Monta Ellis,Stephen Curry,3,8:33,WAS,rebound,,,,,,,,,,Andray Blatche,,,,,,off,,
Andray Blatche,Brendan Haywood,Caron Butler,DeShawn Stevenson,Gilbert Arenas,Anthony Morrow,Anthony Randolph,Corey Maggette,Monta Ellis,Stephen Curry,3,8:33,WAS,shot,,,,,,,,,,Andray Blatche,,,,missed,,tip,23,6
Andray Blatche,Brendan Haywood,Caron Butler,DeShawn Stevenson,Gilbert Arenas,Anthony Morrow,Anthony Randolph,Corey Maggette,Monta Ellis,Stephen Curry,3,8:32,WAS,rebound,,,,,,,,,,,,,,,,,,
Andray Blatche,Brendan Haywood,Caron Butler,DeShawn Stevenson,Gilbert Arenas,Anthony Morrow,Anthony Randolph,Corey Maggette,Monta Ellis,Stephen Curry,3,8:27,WAS,shot,,,,,,,,,,Caron Butler,,,,missed,,running hook,27,10
Andray Blatche,Brendan Haywood,Caron Butler,DeShawn Stevenson,Gilbert Arenas,Anthony Morrow,Anthony Randolph,Corey Maggette,Monta Ellis,Stephen Curry,3,8:25,GSW,rebound,,,,,,,,,,Corey Maggette,,,,,,def,,
Andray Blatche,Brendan Haywood,Caron Butler,DeShawn Stevenson,Gilbert Arenas,Anthony Morrow,Anthony Randolph,Corey Maggette,Monta Ellis,Stephen Curry,3,8:21,WAS,foul,,,,,,,,Corey Maggette,,Gilbert Arenas,,,,,,shooting,,
Andray Blatche,Brendan Haywood,Caron Butler,DeShawn Stevenson,Gilbert Arenas,Anthony Morrow,Anthony Randolph,Corey Maggette,Monta Ellis,Stephen Curry,3,8:21,GSW,free throw,,,,,,,1,,2,Corey Maggette,,,foul,made,,,,
Andray Blatche,Brendan Haywood,Caron Butler,DeShawn Stevenson,Gilbert Arenas,Anthony Morrow,Anthony Randolph,Corey Maggette,Monta Ellis,Stephen Curry,3,8:21,GSW,free throw,,,,,,,2,,2,Corey Maggette,,,foul,made,,,,
Andray Blatche,Brendan Haywood,Caron Butler,DeShawn Stevenson,Gilbert Arenas,Anthony Morrow,Anthony Randolph,Corey Maggette,Monta Ellis,Stephen Curry,3,8:08,WAS,turnover,,,,,,,,,,Andray Blatche,,,lost ball,,Anthony Randolph,,,
Andray Blatche,Brendan Haywood,Caron Butler,DeShawn Stevenson,Gilbert Arenas,Anthony Morrow,Anthony Randolph,Corey Maggette,Monta Ellis,Stephen Curry,3,8:03,GSW,shot,Anthony Randolph,,,,,,,,,Monta Ellis,2,,,made,,reverse layup,25,6
Andray Blatche,Brendan Haywood,Caron Butler,DeShawn Stevenson,Gilbert Arenas,Anthony Morrow,Anthony Randolph,Corey Maggette,Monta Ellis,Stephen Curry,3,8:03,WAS,timeout,,,,,,,,,,,,,,,,regular,,
Antawn Jamison,Brendan Haywood,Caron Butler,DeShawn Stevenson,Gilbert Arenas,Anthony Morrow,Anthony Randolph,Corey Maggette,Monta Ellis,Stephen Curry,3,8:03,WAS,sub,,,,Antawn Jamison,,Andray Blatche,,,,,,,,,,,,
Antawn Jamison,Brendan Haywood,Caron Butler,DeShawn Stevenson,Gilbert Arenas,Anthony Morrow,Anthony Randolph,Corey Maggette,Monta Ellis,Stephen Curry,3,7:47,WAS,shot,,,,,,,,,,Gilbert Arenas,,,,missed,,3pt,38,30
Antawn Jamison,Brendan Haywood,Caron Butler,DeShawn Stevenson,Gilbert Arenas,Anthony Morrow,Anthony Randolph,Corey Maggette,Monta Ellis,Stephen Curry,3,7:46,WAS,rebound,,,,,,,,,,Antawn Jamison,,,,,,off,,
Antawn Jamison,Brendan Haywood,Caron Butler,DeShawn Stevenson,Gilbert Arenas,Anthony Morrow,Anthony Randolph,Corey Maggette,Monta Ellis,Stephen Curry,3,7:38,WAS,shot,,,,,,,,,,Caron Butler,2,,,made,,driving layup,25,9
Antawn Jamison,Brendan Haywood,Caron Butler,DeShawn Stevenson,Gilbert Arenas,Anthony Morrow,Anthony Randolph,Corey Maggette,Monta Ellis,Stephen Curry,3,7:17,GSW,shot,,,,,,,,,,Anthony Morrow,,,,missed,,3pt,32,31
Antawn Jamison,Brendan Haywood,Caron Butler,DeShawn Stevenson,Gilbert Arenas,Anthony Morrow,Anthony Randolph,Corey Maggette,Monta Ellis,Stephen Curry,3,7:16,WAS,rebound,,,,,,,,,,Brendan Haywood,,,,,,def,,
Antawn Jamison,Brendan Haywood,Caron Butler,DeShawn Stevenson,Gilbert Arenas,Anthony Morrow,Anthony Randolph,Corey Maggette,Monta Ellis,Stephen Curry,3,7:07,WAS,shot,Gilbert Arenas,,,,,,,,,Caron Butler,2,,,made,,turnaround fade away,29,15
Antawn Jamison,Brendan Haywood,Caron Butler,DeShawn Stevenson,Gilbert Arenas,Anthony Morrow,Anthony Randolph,Corey Maggette,Monta Ellis,Stephen Curry,3,6:56,GSW,shot,,,,,,,,,,Stephen Curry,2,,,made,,step back jump,7,18
Antawn Jamison,Brendan Haywood,Caron Butler,DeShawn Stevenson,Gilbert Arenas,Anthony Morrow,Anthony Randolph,Corey Maggette,Monta Ellis,Stephen Curry,3,6:48,GSW,violation,,,,,,,,,,Anthony Randolph,,,,,,defensive goaltending,,
Antawn Jamison,Brendan Haywood,Caron Butler,DeShawn Stevenson,Gilbert Arenas,Anthony Morrow,Anthony Randolph,Corey Maggette,Monta Ellis,Stephen Curry,3,6:48,WAS,shot,,,,,,,,,,Gilbert Arenas,2,,,made,,running jump,25,10
Antawn Jamison,Brendan Haywood,Caron Butler,DeShawn Stevenson,Gilbert Arenas,Anthony Morrow,Anthony Randolph,Corey Maggette,Monta Ellis,Stephen Curry,3,6:36,GSW,turnover,,,,,,,,,,Corey Maggette,,,lost ball,,DeShawn Stevenson,,,
Antawn Jamison,Brendan Haywood,Caron Butler,DeShawn Stevenson,Gilbert Arenas,Anthony Morrow,Anthony Randolph,Corey Maggette,Monta Ellis,Stephen Curry,3,6:22,GSW,foul,,,,,,,,DeShawn Stevenson,,Anthony Randolph,,,,,,shooting,,
Antawn Jamison,Brendan Haywood,Caron Butler,DeShawn Stevenson,Gilbert Arenas,Anthony Morrow,Anthony Randolph,Corey Maggette,Monta Ellis,Stephen Curry,3,6:22,WAS,free throw,,,,,,,1,,2,DeShawn Stevenson,,,foul,missed,,,,
Antawn Jamison,Brendan Haywood,Caron Butler,DeShawn Stevenson,Gilbert Arenas,Anthony Morrow,Anthony Randolph,Corey Maggette,Monta Ellis,Stephen Curry,3,6:22,WAS,rebound,,,,,,,,,,,,,,,,,,
Antawn Jamison,Brendan Haywood,Caron Butler,DeShawn Stevenson,Gilbert Arenas,Anthony Morrow,Anthony Randolph,Corey Maggette,Monta Ellis,Stephen Curry,3,6:22,WAS,free throw,,,,,,,2,,2,DeShawn Stevenson,,,foul,made,,,,
Antawn Jamison,Brendan Haywood,Caron Butler,DeShawn Stevenson,Gilbert Arenas,Anthony Morrow,Anthony Randolph,Corey Maggette,Monta Ellis,Stephen Curry,3,6:10,GSW,shot,,,,,,,,,,Monta Ellis,,,,missed,,pullup jump,25,26
Antawn Jamison,Brendan Haywood,Caron Butler,DeShawn Stevenson,Gilbert Arenas,Anthony Morrow,Anthony Randolph,Corey Maggette,Monta Ellis,Stephen Curry,3,6:08,WAS,rebound,,,,,,,,,,Caron Butler,,,,,,def,,
Antawn Jamison,Brendan Haywood,Caron Butler,DeShawn Stevenson,Gilbert Arenas,Anthony Morrow,Anthony Randolph,Corey Maggette,Monta Ellis,Stephen Curry,3,5:53,WAS,shot,Antawn Jamison,,,,,,,,,Caron Butler,2,,,made,,turnaround jump,41,9
Antawn Jamison,Brendan Haywood,Caron Butler,DeShawn Stevenson,Gilbert Arenas,Anthony Morrow,Anthony Randolph,Corey Maggette,Monta Ellis,Stephen Curry,3,5:42,GSW,turnover,,,,,,,,,,Anthony Randolph,,,bad pass,,,,,
Antawn Jamison,Brendan Haywood,Caron Butler,DeShawn Stevenson,Gilbert Arenas,Anthony Randolph,C.J. Watson,Corey Maggette,Monta Ellis,Stephen Curry,3,5:42,GSW,sub,,,,C.J. Watson,,Anthony Morrow,,,,,,,,,,,,
Antawn Jamison,Brendan Haywood,Caron Butler,DeShawn Stevenson,Gilbert Arenas,Anthony Randolph,C.J. Watson,Corey Maggette,Monta Ellis,Stephen Curry,3,5:27,WAS,shot,Gilbert Arenas,,,,,,,,,Caron Butler,2,,,made,,turnaround jump,44,8
Antawn Jamison,Brendan Haywood,Caron Butler,DeShawn Stevenson,Gilbert Arenas,Anthony Randolph,C.J. Watson,Corey Maggette,Monta Ellis,Stephen Curry,3,5:13,GSW,shot,,,,,,,,,,Anthony Randolph,,,,missed,,jump,37,4
Antawn Jamison,Brendan Haywood,Caron Butler,DeShawn Stevenson,Gilbert Arenas,Anthony Randolph,C.J. Watson,Corey Maggette,Monta Ellis,Stephen Curry,3,5:11,GSW,rebound,,,,,,,,,,Anthony Randolph,,,,,,off,,
Antawn Jamison,Brendan Haywood,Caron Butler,DeShawn Stevenson,Gilbert Arenas,Anthony Randolph,C.J. Watson,Corey Maggette,Monta Ellis,Stephen Curry,3,5:11,GSW,shot,,,,,,,,,,Anthony Randolph,2,,,made,,putback dunk,25,7
Antawn Jamison,Brendan Haywood,Caron Butler,DeShawn Stevenson,Gilbert Arenas,Anthony Randolph,C.J. Watson,Corey Maggette,Monta Ellis,Stephen Curry,3,4:57,WAS,shot,,,,,,,,,,Caron Butler,,,,missed,,turnaround fade away,10,9
Antawn Jamison,Brendan Haywood,Caron Butler,DeShawn Stevenson,Gilbert Arenas,Anthony Randolph,C.J. Watson,Corey Maggette,Monta Ellis,Stephen Curry,3,4:56,GSW,rebound,,,,,,,,,,Corey Maggette,,,,,,def,,
Antawn Jamison,Brendan Haywood,Caron Butler,DeShawn Stevenson,Gilbert Arenas,Anthony Randolph,C.J. Watson,Corey Maggette,Monta Ellis,Stephen Curry,3,4:50,GSW,shot,,,,,,,,,,Corey Maggette,2,,,made,,driving layup,23,7
Antawn Jamison,Brendan Haywood,Caron Butler,DeShawn Stevenson,Gilbert Arenas,Anthony Randolph,C.J. Watson,Corey Maggette,Monta Ellis,Stephen Curry,3,4:32,WAS,shot,Gilbert Arenas,,,,,,,,,Brendan Haywood,2,,,made,,slam dunk,25,6
Antawn Jamison,Brendan Haywood,Caron Butler,DeShawn Stevenson,Gilbert Arenas,Anthony Randolph,C.J. Watson,Corey Maggette,Monta Ellis,Stephen Curry,3,4:15,GSW,shot,Monta Ellis,,,,,,,,,Stephen Curry,3,,,made,,3pt,24,34
Antawn Jamison,Brendan Haywood,Caron Butler,DeShawn Stevenson,Gilbert Arenas,Anthony Randolph,C.J. Watson,Corey Maggette,Monta Ellis,Stephen Curry,3,4:00,WAS,foul,,,,,,,,C.J. Watson,,Caron Butler,,,,,,offensive,,
Antawn Jamison,Brendan Haywood,Caron Butler,DeShawn Stevenson,Gilbert Arenas,Anthony Randolph,C.J. Watson,Corey Maggette,Monta Ellis,Stephen Curry,3,4:00,WAS,turnover,,,,,,,,,,Caron Butler,,,foul,,,,,
Antawn Jamison,Brendan Haywood,Caron Butler,Gilbert Arenas,Nick Young,Anthony Randolph,C.J. Watson,Corey Maggette,Monta Ellis,Stephen Curry,3,4:00,WAS,sub,,,,Nick Young,,DeShawn Stevenson,,,,,,,,,,,,
Antawn Jamison,Brendan Haywood,Caron Butler,Gilbert Arenas,Nick Young,Anthony Randolph,C.J. Watson,Corey Maggette,Monta Ellis,Stephen Curry,3,3:51,WAS,foul,,,,,,,,C.J. Watson,,Nick Young,,,,,,personal,,
Antawn Jamison,Brendan Haywood,Caron Butler,Gilbert Arenas,Nick Young,Anthony Randolph,C.J. Watson,Corey Maggette,Monta Ellis,Stephen Curry,3,3:45,WAS,foul,,,,,,,,Corey Maggette,,Antawn Jamison,,,,,,shooting,,
Antawn Jamison,Brendan Haywood,Caron Butler,Gilbert Arenas,Nick Young,Anthony Randolph,C.J. Watson,Corey Maggette,Monta Ellis,Stephen Curry,3,3:45,GSW,free throw,,,,,,,1,,2,Corey Maggette,,,foul,made,,,,
Antawn Jamison,Brendan Haywood,Caron Butler,Gilbert Arenas,Nick Young,Anthony Randolph,C.J. Watson,Corey Maggette,Monta Ellis,Stephen Curry,3,3:45,GSW,free throw,,,,,,,2,,2,Corey Maggette,,,foul,made,,,,
Antawn Jamison,Brendan Haywood,Caron Butler,Gilbert Arenas,Nick Young,Anthony Randolph,C.J. Watson,Corey Maggette,Monta Ellis,Stephen Curry,3,3:31,WAS,shot,,,,,,,,,,Gilbert Arenas,3,,,made,,3pt,12,30
Antawn Jamison,Brendan Haywood,Caron Butler,Gilbert Arenas,Nick Young,Anthony Randolph,C.J. Watson,Corey Maggette,Monta Ellis,Stephen Curry,3,3:11,GSW,shot,,,,,,,,,,Anthony Randolph,2,,,made,,driving hook,30,8
Antawn Jamison,Brendan Haywood,Caron Butler,Gilbert Arenas,Nick Young,Anthony Randolph,C.J. Watson,Corey Maggette,Monta Ellis,Stephen Curry,3,3:01,WAS,shot,,,,,,,,,,Gilbert Arenas,2,,,made,,driving finger roll layup,25,7
Antawn Jamison,Brendan Haywood,Caron Butler,Gilbert Arenas,Nick Young,Anthony Randolph,C.J. Watson,Corey Maggette,Monta Ellis,Stephen Curry,3,3:01,GSW,foul,,,,,,,,Gilbert Arenas,,Monta Ellis,,,,,,shooting,,
Antawn Jamison,Brendan Haywood,Caron Butler,Gilbert Arenas,Nick Young,Anthony Randolph,C.J. Watson,Monta Ellis,Stephen Curry,Vladimir Radmanovic,3,3:01,GSW,sub,,,,Vladimir Radmanovic,,Corey Maggette,,,,,,,,,,,,
Antawn Jamison,Brendan Haywood,Caron Butler,Gilbert Arenas,Nick Young,Anthony Randolph,C.J. Watson,Monta Ellis,Stephen Curry,Vladimir Radmanovic,3,3:01,WAS,free throw,,,,,,,1,,1,Gilbert Arenas,,,foul,made,,,,
Antawn Jamison,Brendan Haywood,Caron Butler,Gilbert Arenas,Nick Young,Anthony Randolph,C.J. Watson,Monta Ellis,Stephen Curry,Vladimir Radmanovic,3,2:39,GSW,shot,,,,,,,,,,Monta Ellis,,,,missed,,jump,30,15
Antawn Jamison,Brendan Haywood,Caron Butler,Gilbert Arenas,Nick Young,Anthony Randolph,C.J. Watson,Monta Ellis,Stephen Curry,Vladimir Radmanovic,3,2:38,WAS,rebound,,,,,,,,,,Antawn Jamison,,,,,,def,,
Antawn Jamison,Brendan Haywood,Caron Butler,Gilbert Arenas,Nick Young,Anthony Randolph,C.J. Watson,Monta Ellis,Stephen Curry,Vladimir Radmanovic,3,2:30,WAS,shot,,,,,,,,,,Antawn Jamison,,,,missed,,3pt,8,26
Antawn Jamison,Brendan Haywood,Caron Butler,Gilbert Arenas,Nick Young,Anthony Randolph,C.J. Watson,Monta Ellis,Stephen Curry,Vladimir Radmanovic,3,2:28,WAS,rebound,,,,,,,,,,Caron Butler,,,,,,off,,
Antawn Jamison,Brendan Haywood,Caron Butler,Gilbert Arenas,Nick Young,Anthony Randolph,C.J. Watson,Monta Ellis,Stephen Curry,Vladimir Radmanovic,3,2:27,WAS,shot,,,,,,,,,,Caron Butler,2,,,made,,putback layup,26,7
Antawn Jamison,Brendan Haywood,Caron Butler,Gilbert Arenas,Nick Young,Anthony Randolph,C.J. Watson,Monta Ellis,Stephen Curry,Vladimir Radmanovic,3,2:15,WAS,foul,,,,,,,,Stephen Curry,,Brendan Haywood,,,,,,shooting,,
Antawn Jamison,Brendan Haywood,Caron Butler,Gilbert Arenas,Nick Young,Anthony Randolph,C.J. Watson,Monta Ellis,Stephen Curry,Vladimir Radmanovic,3,2:15,GSW,timeout,,,,,,,,,,,,,,,,regular,,
Antawn Jamison,Brendan Haywood,Caron Butler,Gilbert Arenas,Nick Young,Anthony Randolph,C.J. Watson,Monta Ellis,Stephen Curry,Vladimir Radmanovic,3,2:15,GSW,free throw,,,,,,,1,,2,Stephen Curry,,,foul,made,,,,
Antawn Jamison,Brendan Haywood,Caron Butler,Gilbert Arenas,Nick Young,Anthony Randolph,C.J. Watson,Monta Ellis,Stephen Curry,Vladimir Radmanovic,3,2:15,GSW,free throw,,,,,,,2,,2,Stephen Curry,,,foul,made,,,,
Antawn Jamison,Brendan Haywood,Caron Butler,Gilbert Arenas,Nick Young,Anthony Randolph,C.J. Watson,Monta Ellis,Stephen Curry,Vladimir Radmanovic,3,2:02,WAS,shot,,,,,,,,,,Brendan Haywood,2,,,made,,running slam dunk,24,6
Antawn Jamison,Brendan Haywood,Caron Butler,Gilbert Arenas,Nick Young,Anthony Randolph,C.J. Watson,Monta Ellis,Stephen Curry,Vladimir Radmanovic,3,1:43,GSW,shot,,,,,,,,,,Anthony Randolph,,,,missed,,layup,25,7
Antawn Jamison,Brendan Haywood,Caron Butler,Gilbert Arenas,Nick Young,Anthony Randolph,C.J. Watson,Monta Ellis,Stephen Curry,Vladimir Radmanovic,3,1:42,WAS,rebound,,,,,,,,,,Antawn Jamison,,,,,,def,,
Antawn Jamison,Brendan Haywood,Caron Butler,Gilbert Arenas,Nick Young,Anthony Randolph,C.J. Watson,Monta Ellis,Stephen Curry,Vladimir Radmanovic,3,1:38,WAS,turnover,,,,,,,,,,Nick Young,,,lost ball,,C.J. Watson,,,
Antawn Jamison,Brendan Haywood,Caron Butler,Gilbert Arenas,Nick Young,Anthony Randolph,C.J. Watson,Monta Ellis,Stephen Curry,Vladimir Radmanovic,3,1:32,GSW,shot,C.J. Watson,,,,,,,,,Anthony Randolph,2,,,made,,slam dunk,25,8
Antawn Jamison,Brendan Haywood,Caron Butler,Gilbert Arenas,Nick Young,Anthony Randolph,C.J. Watson,Monta Ellis,Stephen Curry,Vladimir Radmanovic,3,1:13,WAS,shot,,,,,,,,,,Nick Young,,,,missed,,running jump,25,11
Antawn Jamison,Brendan Haywood,Caron Butler,Gilbert Arenas,Nick Young,Anthony Randolph,C.J. Watson,Monta Ellis,Stephen Curry,Vladimir Radmanovic,3,1:12,WAS,rebound,,,,,,,,,,,,,,,,,,
Antawn Jamison,Brendan Haywood,Caron Butler,Gilbert Arenas,Nick Young,Anthony Randolph,C.J. Watson,Monta Ellis,Stephen Curry,Vladimir Radmanovic,3,1:07,WAS,shot,,,,,,,,,,Antawn Jamison,,,,missed,,floating jump,27,10
Antawn Jamison,Brendan Haywood,Caron Butler,Gilbert Arenas,Nick Young,Anthony Randolph,C.J. Watson,Monta Ellis,Stephen Curry,Vladimir Radmanovic,3,1:05,GSW,rebound,,,,,,,,,,C.J. Watson,,,,,,def,,
Antawn Jamison,Brendan Haywood,Caron Butler,Gilbert Arenas,Nick Young,Anthony Randolph,C.J. Watson,Monta Ellis,Stephen Curry,Vladimir Radmanovic,3,1:01,GSW,turnover,,,,,,,,,,C.J. Watson,,,bad pass,,,,,
Antawn Jamison,Brendan Haywood,Caron Butler,Gilbert Arenas,Nick Young,Anthony Randolph,C.J. Watson,Monta Ellis,Stephen Curry,Vladimir Radmanovic,3,0:49,GSW,foul,,,,,,,,Gilbert Arenas,,Stephen Curry,,,,,,personal,,
Antawn Jamison,Brendan Haywood,Caron Butler,Gilbert Arenas,Nick Young,Anthony Randolph,C.J. Watson,Monta Ellis,Stephen Curry,Vladimir Radmanovic,3,0:49,WAS,free throw,,,,,,,1,,2,Gilbert Arenas,,,foul,made,,,,
Andray Blatche,Antawn Jamison,Caron Butler,Gilbert Arenas,Nick Young,Anthony Randolph,C.J. Watson,Monta Ellis,Stephen Curry,Vladimir Radmanovic,3,0:49,WAS,sub,,,,Andray Blatche,,Brendan Haywood,,,,,,,,,,,,
Andray Blatche,Antawn Jamison,Caron Butler,Gilbert Arenas,Nick Young,Anthony Randolph,C.J. Watson,Monta Ellis,Stephen Curry,Vladimir Radmanovic,3,0:49,WAS,free throw,,,,,,,2,,2,Gilbert Arenas,,,foul,made,,,,
Andray Blatche,Antawn Jamison,Caron Butler,Gilbert Arenas,Nick Young,Anthony Randolph,C.J. Watson,Monta Ellis,Stephen Curry,Vladimir Radmanovic,3,0:30,GSW,turnover,,,,,,,,,,Anthony Randolph,,,lost ball,,Antawn Jamison,,,
Andray Blatche,Antawn Jamison,Caron Butler,Gilbert Arenas,Nick Young,Anthony Randolph,C.J. Watson,Monta Ellis,Stephen Curry,Vladimir Radmanovic,3,0:23,GSW,foul,,,,,,,,Nick Young,,Vladimir Radmanovic,,,,,,personal,,
Andray Blatche,Antawn Jamison,Caron Butler,Gilbert Arenas,Nick Young,Anthony Randolph,C.J. Watson,Monta Ellis,Stephen Curry,Vladimir Radmanovic,3,0:23,WAS,free throw,,,,,,,1,,2,Nick Young,,,foul,made,,,,
Andray Blatche,Antawn Jamison,Caron Butler,Gilbert Arenas,Nick Young,Anthony Morrow,C.J. Watson,Monta Ellis,Stephen Curry,Vladimir Radmanovic,3,0:23,GSW,sub,,,,Anthony Morrow,,Anthony Randolph,,,,,,,,,,,,
Andray Blatche,Caron Butler,Dominic McGuire,Gilbert Arenas,Nick Young,Anthony Morrow,C.J. Watson,Monta Ellis,Stephen Curry,Vladimir Radmanovic,3,0:23,WAS,sub,,,,Dominic McGuire,,Antawn Jamison,,,,,,,,,,,,
Andray Blatche,Caron Butler,Dominic McGuire,Gilbert Arenas,Nick Young,Anthony Morrow,C.J. Watson,Monta Ellis,Stephen Curry,Vladimir Radmanovic,3,0:23,WAS,free throw,,,,,,,2,,2,Nick Young,,,foul,made,,,,
Andray Blatche,Caron Butler,Dominic McGuire,Gilbert Arenas,Nick Young,Anthony Morrow,C.J. Watson,Monta Ellis,Stephen Curry,Vladimir Radmanovic,3,0:02,GSW,turnover,,,,,,,,,,Monta Ellis,,,lost ball,,Nick Young,,,
Andray Blatche,Caron Butler,Dominic McGuire,Gilbert Arenas,Nick Young,Anthony Morrow,C.J. Watson,Monta Ellis,Stephen Curry,Vladimir Radmanovic,3,0:01,WAS,turnover,,,,,,,,,,Nick Young,,,bad pass,,Monta Ellis,,,
Andray Blatche,Antawn Jamison,Caron Butler,Gilbert Arenas,Nick Young,Anthony Morrow,Anthony Randolph,C.J. Watson,Stephen Curry,Vladimir Radmanovic,4,11:48,GSW,foul,,,,,,,,Antawn Jamison,,Anthony Morrow,,,,,,shooting,,
Andray Blatche,Antawn Jamison,Caron Butler,Gilbert Arenas,Nick Young,Anthony Morrow,Anthony Randolph,C.J. Watson,Stephen Curry,Vladimir Radmanovic,4,11:48,WAS,free throw,,,,,,,1,,2,Antawn Jamison,,,foul,made,,,,
Andray Blatche,Antawn Jamison,Caron Butler,Gilbert Arenas,Nick Young,Anthony Morrow,Anthony Randolph,C.J. Watson,Stephen Curry,Vladimir Radmanovic,4,11:48,WAS,free throw,,,,,,,2,,2,Antawn Jamison,,,foul,missed,,,,
Andray Blatche,Antawn Jamison,Caron Butler,Gilbert Arenas,Nick Young,Anthony Morrow,Anthony Randolph,C.J. Watson,Stephen Curry,Vladimir Radmanovic,4,11:48,GSW,rebound,,,,,,,,,,,,,,,,,,
Andray Blatche,Antawn Jamison,Caron Butler,Gilbert Arenas,Nick Young,Anthony Morrow,Anthony Randolph,C.J. Watson,Stephen Curry,Vladimir Radmanovic,4,11:33,GSW,shot,,,,,,,,,,Stephen Curry,,,,missed,,3pt,48,6
Andray Blatche,Antawn Jamison,Caron Butler,Gilbert Arenas,Nick Young,Anthony Morrow,Anthony Randolph,C.J. Watson,Stephen Curry,Vladimir Radmanovic,4,11:32,WAS,rebound,,,,,,,,,,Caron Butler,,,,,,def,,
Andray Blatche,Antawn Jamison,Caron Butler,Gilbert Arenas,Nick Young,Anthony Morrow,Anthony Randolph,C.J. Watson,Stephen Curry,Vladimir Radmanovic,4,11:24,WAS,shot,,,,,,,,,,Gilbert Arenas,2,,,made,,running bank,33,11
Andray Blatche,Antawn Jamison,Caron Butler,Gilbert Arenas,Nick Young,Anthony Morrow,Anthony Randolph,C.J. Watson,Stephen Curry,Vladimir Radmanovic,4,11:06,GSW,shot,,,,,,,,,,C.J. Watson,,,,missed,,jump,10,18
Andray Blatche,Antawn Jamison,Caron Butler,Gilbert Arenas,Nick Young,Anthony Morrow,Anthony Randolph,C.J. Watson,Stephen Curry,Vladimir Radmanovic,4,11:04,GSW,rebound,,,,,,,,,,Vladimir Radmanovic,,,,,,off,,
Andray Blatche,Antawn Jamison,Caron Butler,Gilbert Arenas,Nick Young,Anthony Morrow,Anthony Randolph,C.J. Watson,Stephen Curry,Vladimir Radmanovic,4,11:00,GSW,shot,,,,,,,,,,Vladimir Radmanovic,,,,missed,,layup,24,8
Andray Blatche,Antawn Jamison,Caron Butler,Gilbert Arenas,Nick Young,Anthony Morrow,Anthony Randolph,C.J. Watson,Stephen Curry,Vladimir Radmanovic,4,10:58,GSW,rebound,,,,,,,,,,Anthony Randolph,,,,,,off,,
Andray Blatche,Antawn Jamison,Caron Butler,Gilbert Arenas,Nick Young,Anthony Morrow,Anthony Randolph,C.J. Watson,Stephen Curry,Vladimir Radmanovic,4,10:58,GSW,shot,,,,,,,,,,Anthony Randolph,2,,,made,,putback slam dunk,24,7
Andray Blatche,Antawn Jamison,Caron Butler,Gilbert Arenas,Nick Young,Anthony Morrow,Anthony Randolph,C.J. Watson,Stephen Curry,Vladimir Radmanovic,4,10:45,GSW,foul,,,,,,,,Gilbert Arenas,,C.J. Watson,,,,,,shooting,,
Andray Blatche,Antawn Jamison,Caron Butler,Gilbert Arenas,Nick Young,Anthony Morrow,Anthony Randolph,C.J. Watson,Stephen Curry,Vladimir Radmanovic,4,10:45,WAS,free throw,,,,,,,1,,2,Gilbert Arenas,,,foul,missed,,,,
Andray Blatche,Antawn Jamison,Caron Butler,Gilbert Arenas,Nick Young,Anthony Morrow,Anthony Randolph,C.J. Watson,Stephen Curry,Vladimir Radmanovic,4,10:45,WAS,rebound,,,,,,,,,,,,,,,,,,
Andray Blatche,Antawn Jamison,Caron Butler,Gilbert Arenas,Nick Young,Anthony Morrow,Anthony Randolph,C.J. Watson,Monta Ellis,Vladimir Radmanovic,4,10:45,GSW,sub,,,,Monta Ellis,,Stephen Curry,,,,,,,,,,,,
Andray Blatche,Antawn Jamison,Caron Butler,Gilbert Arenas,Nick Young,Anthony Morrow,Anthony Randolph,C.J. Watson,Corey Maggette,Monta Ellis,4,10:45,GSW,sub,,,,Corey Maggette,,Vladimir Radmanovic,,,,,,,,,,,,
Andray Blatche,Antawn Jamison,Caron Butler,Gilbert Arenas,Nick Young,Anthony Morrow,Anthony Randolph,C.J. Watson,Corey Maggette,Monta Ellis,4,10:45,WAS,free throw,,,,,,,2,,2,Gilbert Arenas,,,foul,made,,,,
Andray Blatche,Antawn Jamison,Caron Butler,Gilbert Arenas,Nick Young,Anthony Morrow,Anthony Randolph,C.J. Watson,Corey Maggette,Monta Ellis,4,10:32,GSW,shot,,,,,,,,,,Anthony Morrow,,,,missed,,jump,7,5
Andray Blatche,Antawn Jamison,Caron Butler,Gilbert Arenas,Nick Young,Anthony Morrow,Anthony Randolph,C.J. Watson,Corey Maggette,Monta Ellis,4,10:31,WAS,rebound,,,,,,,,,,Nick Young,,,,,,def,,
Andray Blatche,Antawn Jamison,Caron Butler,Gilbert Arenas,Nick Young,Anthony Morrow,Anthony Randolph,C.J. Watson,Corey Maggette,Monta Ellis,4,10:22,WAS,shot,Gilbert Arenas,,,,,,,,,Caron Butler,2,,,made,,turnaround jump,13,17
Andray Blatche,Antawn Jamison,Caron Butler,Gilbert Arenas,Nick Young,Anthony Morrow,Anthony Randolph,C.J. Watson,Corey Maggette,Monta Ellis,4,10:00,GSW,turnover,,,,,,,,,,Corey Maggette,,,bad pass,,Antawn Jamison,,,
Andray Blatche,Antawn Jamison,Caron Butler,Gilbert Arenas,Nick Young,Anthony Morrow,Anthony Randolph,C.J. Watson,Corey Maggette,Monta Ellis,4,9:56,GSW,foul,,,,,,,,Gilbert Arenas,,Anthony Randolph,,,,,,shooting,,
Andray Blatche,Antawn Jamison,Caron Butler,Gilbert Arenas,Nick Young,Anthony Morrow,Anthony Randolph,C.J. Watson,Corey Maggette,Monta Ellis,4,9:56,WAS,free throw,,,,,,,1,,2,Gilbert Arenas,,,foul,made,,,,
Andray Blatche,Antawn Jamison,Caron Butler,Gilbert Arenas,Nick Young,Anthony Morrow,Anthony Randolph,C.J. Watson,Corey Maggette,Monta Ellis,4,9:56,WAS,free throw,,,,,,,2,,2,Gilbert Arenas,,,foul,missed,,,,
Andray Blatche,Antawn Jamison,Caron Butler,Gilbert Arenas,Nick Young,Anthony Morrow,Anthony Randolph,C.J. Watson,Corey Maggette,Monta Ellis,4,9:55,GSW,rebound,,,,,,,,,,Anthony Randolph,,,,,,def,,
Andray Blatche,Antawn Jamison,Caron Butler,Gilbert Arenas,Nick Young,Anthony Morrow,Anthony Randolph,C.J. Watson,Corey Maggette,Monta Ellis,4,9:42,GSW,shot,,,,,,,,,,C.J. Watson,2,,,made,,driving layup,23,6
Andray Blatche,Antawn Jamison,Caron Butler,Gilbert Arenas,Nick Young,Anthony Morrow,Anthony Randolph,C.J. Watson,Corey Maggette,Monta Ellis,4,9:42,WAS,foul,,,,,,,,C.J. Watson,,Gilbert Arenas,,,,,,shooting,,
Andray Blatche,Antawn Jamison,Caron Butler,Gilbert Arenas,Nick Young,Anthony Morrow,Anthony Randolph,C.J. Watson,Corey Maggette,Monta Ellis,4,9:42,GSW,free throw,,,,,,,1,,1,C.J. Watson,,,foul,missed,,,,
Andray Blatche,Antawn Jamison,Caron Butler,Gilbert Arenas,Nick Young,Anthony Morrow,Anthony Randolph,C.J. Watson,Corey Maggette,Monta Ellis,4,9:40,WAS,rebound,,,,,,,,,,Antawn Jamison,,,,,,def,,
Andray Blatche,Antawn Jamison,Caron Butler,Gilbert Arenas,Nick Young,Anthony Morrow,Anthony Randolph,C.J. Watson,Corey Maggette,Monta Ellis,4,9:20,WAS,shot,,,,,,,,,,Caron Butler,,,,missed,,jump,18,15
Andray Blatche,Antawn Jamison,Caron Butler,Gilbert Arenas,Nick Young,Anthony Morrow,Anthony Randolph,C.J. Watson,Corey Maggette,Monta Ellis,4,9:19,GSW,rebound,,,,,,,,,,Anthony Morrow,,,,,,def,,
Andray Blatche,Antawn Jamison,Caron Butler,Gilbert Arenas,Nick Young,Anthony Morrow,Anthony Randolph,C.J. Watson,Corey Maggette,Monta Ellis,4,9:10,GSW,turnover,,,,,,,,,,Monta Ellis,,,lost ball,,Caron Butler,,,
Andray Blatche,Antawn Jamison,Caron Butler,Gilbert Arenas,Nick Young,Anthony Morrow,Anthony Randolph,C.J. Watson,Corey Maggette,Monta Ellis,4,9:08,GSW,foul,,,,,,,,Gilbert Arenas,,C.J. Watson,,,,,,personal,,
Andray Blatche,Antawn Jamison,Caron Butler,Gilbert Arenas,Nick Young,Anthony Morrow,Anthony Randolph,C.J. Watson,Corey Maggette,Monta Ellis,4,9:04,WAS,turnover,,,,,,,,,,Gilbert Arenas,,,lost ball,,Anthony Morrow,,,
Andray Blatche,Antawn Jamison,Caron Butler,Gilbert Arenas,Nick Young,Anthony Morrow,Anthony Randolph,C.J. Watson,Corey Maggette,Monta Ellis,4,9:00,WAS,foul,,,,,,,,Corey Maggette,,Nick Young,,,,,,shooting,,
Andray Blatche,Antawn Jamison,Caron Butler,Gilbert Arenas,Nick Young,Anthony Morrow,Anthony Randolph,C.J. Watson,Corey Maggette,Monta Ellis,4,9:00,GSW,free throw,,,,,,,1,,2,Corey Maggette,,,foul,made,,,,
Andray Blatche,Antawn Jamison,Caron Butler,Gilbert Arenas,Nick Young,Anthony Randolph,C.J. Watson,Corey Maggette,Monta Ellis,Stephen Curry,4,9:00,GSW,sub,,,,Stephen Curry,,Anthony Morrow,,,,,,,,,,,,
Andray Blatche,Antawn Jamison,Caron Butler,Gilbert Arenas,Nick Young,Anthony Randolph,C.J. Watson,Corey Maggette,Monta Ellis,Stephen Curry,4,9:00,GSW,free throw,,,,,,,2,,2,Corey Maggette,,,foul,made,,,,
Andray Blatche,Antawn Jamison,Caron Butler,Gilbert Arenas,Nick Young,Anthony Randolph,C.J. Watson,Corey Maggette,Monta Ellis,Stephen Curry,4,8:44,WAS,shot,,,,,,,,,,Antawn Jamison,,,,missed,,3pt,13,29
Andray Blatche,Antawn Jamison,Caron Butler,Gilbert Arenas,Nick Young,Anthony Randolph,C.J. Watson,Corey Maggette,Monta Ellis,Stephen Curry,4,8:44,GSW,rebound,,,,,,,,,,Stephen Curry,,,,,,def,,
Andray Blatche,Antawn Jamison,Caron Butler,Gilbert Arenas,Nick Young,Anthony Randolph,C.J. Watson,Corey Maggette,Monta Ellis,Stephen Curry,4,8:44,WAS,foul,,,,,,,,Stephen Curry,,Andray Blatche,,,,,,personal,,
Andray Blatche,Antawn Jamison,Caron Butler,Gilbert Arenas,Nick Young,Anthony Randolph,C.J. Watson,Corey Maggette,Monta Ellis,Stephen Curry,4,8:44,GSW,timeout,,,,,,,,,,,,,,,,official,,
Andray Blatche,Antawn Jamison,Caron Butler,Gilbert Arenas,Nick Young,Anthony Randolph,C.J. Watson,Corey Maggette,Monta Ellis,Stephen Curry,4,8:24,GSW,shot,,,,,,,,,,Anthony Randolph,,,,missed,,running jump,29,10
Andray Blatche,Antawn Jamison,Caron Butler,Gilbert Arenas,Nick Young,Anthony Randolph,C.J. Watson,Corey Maggette,Monta Ellis,Stephen Curry,4,8:23,WAS,rebound,,,,,,,,,,Antawn Jamison,,,,,,def,,
Andray Blatche,Antawn Jamison,Caron Butler,Gilbert Arenas,Nick Young,Anthony Randolph,C.J. Watson,Corey Maggette,Monta Ellis,Stephen Curry,4,8:01,WAS,shot,,,,,,,,,,Andray Blatche,,,,missed,,running jump,32,12
Andray Blatche,Antawn Jamison,Caron Butler,Gilbert Arenas,Nick Young,Anthony Randolph,C.J. Watson,Corey Maggette,Monta Ellis,Stephen Curry,4,7:58,WAS,rebound,,,,,,,,,,Andray Blatche,,,,,,off,,
Andray Blatche,Antawn Jamison,Caron Butler,Gilbert Arenas,Nick Young,Anthony Randolph,C.J. Watson,Corey Maggette,Monta Ellis,Stephen Curry,4,7:58,WAS,shot,,,,,,,,,,Andray Blatche,2,,,made,,putback layup,23,7
Andray Blatche,Antawn Jamison,Caron Butler,Gilbert Arenas,Nick Young,Anthony Randolph,C.J. Watson,Corey Maggette,Monta Ellis,Stephen Curry,4,7:48,WAS,foul,,,,,,,,Anthony Randolph,,Caron Butler,,,,,,shooting,,
Andray Blatche,Antawn Jamison,Caron Butler,Gilbert Arenas,Nick Young,Anthony Randolph,C.J. Watson,Corey Maggette,Monta Ellis,Stephen Curry,4,7:48,GSW,free throw,,,,,,,1,,2,Anthony Randolph,,,foul,made,,,,
Andray Blatche,Antawn Jamison,Caron Butler,Gilbert Arenas,Nick Young,Anthony Randolph,C.J. Watson,Corey Maggette,Monta Ellis,Stephen Curry,4,7:48,GSW,free throw,,,,,,,2,,2,Anthony Randolph,,,foul,made,,,,
Andray Blatche,Antawn Jamison,Caron Butler,Gilbert Arenas,Nick Young,Anthony Randolph,C.J. Watson,Corey Maggette,Monta Ellis,Stephen Curry,4,7:29,GSW,violation,,,,,,,,,,C.J. Watson,,,,,,kicked ball,,
Andray Blatche,Antawn Jamison,Caron Butler,Gilbert Arenas,Nick Young,Anthony Randolph,C.J. Watson,Corey Maggette,Monta Ellis,Stephen Curry,4,7:21,WAS,shot,,,,,,,,,,Gilbert Arenas,,,,missed,,3pt,31,31
Andray Blatche,Antawn Jamison,Caron Butler,Gilbert Arenas,Nick Young,Anthony Randolph,C.J. Watson,Corey Maggette,Monta Ellis,Stephen Curry,4,7:20,GSW,rebound,,,,,,,,,,Corey Maggette,,,,,,def,,
Andray Blatche,Antawn Jamison,Caron Butler,Gilbert Arenas,Nick Young,Anthony Randolph,C.J. Watson,Corey Maggette,Monta Ellis,Stephen Curry,4,7:10,GSW,shot,C.J. Watson,,,,,,,,,Stephen Curry,3,,,made,,3pt,24,33
Andray Blatche,Antawn Jamison,Caron Butler,Gilbert Arenas,Nick Young,Anthony Randolph,C.J. Watson,Corey Maggette,Monta Ellis,Stephen Curry,4,6:50,WAS,shot,,,,,,,,,,Antawn Jamison,2,,,made,,floating jump,24,12
Andray Blatche,Antawn Jamison,Caron Butler,Gilbert Arenas,Nick Young,Anthony Randolph,C.J. Watson,Corey Maggette,Monta Ellis,Stephen Curry,4,6:41,WAS,foul,,,,,,,,Monta Ellis,,Nick Young,,,,,,shooting,,
Andray Blatche,Antawn Jamison,Caron Butler,Gilbert Arenas,Nick Young,Anthony Randolph,C.J. Watson,Corey Maggette,Monta Ellis,Stephen Curry,4,6:41,GSW,free throw,,,,,,,1,,2,Monta Ellis,,,foul,made,,,,
Andray Blatche,Antawn Jamison,Caron Butler,Gilbert Arenas,Nick Young,Anthony Randolph,C.J. Watson,Corey Maggette,Monta Ellis,Stephen Curry,4,6:41,GSW,free throw,,,,,,,2,,2,Monta Ellis,,,foul,made,,,,
Andray Blatche,Antawn Jamison,Caron Butler,Gilbert Arenas,Nick Young,Anthony Randolph,C.J. Watson,Corey Maggette,Monta Ellis,Stephen Curry,4,6:29,WAS,turnover,,,,,,,,,,Gilbert Arenas,,,lost ball,,Monta Ellis,,,
Andray Blatche,Antawn Jamison,Caron Butler,Gilbert Arenas,Nick Young,Anthony Randolph,C.J. Watson,Corey Maggette,Monta Ellis,Stephen Curry,4,6:25,GSW,shot,Monta Ellis,,,,,,,,,Corey Maggette,2,,,made,,driving slam dunk,24,6
Andray Blatche,Antawn Jamison,Caron Butler,Gilbert Arenas,Nick Young,Anthony Randolph,C.J. Watson,Corey Maggette,Monta Ellis,Stephen Curry,4,5:58,WAS,shot,,,,,,,,,,Andray Blatche,2,,,made,,driving dunk,25,5
Andray Blatche,Antawn Jamison,Caron Butler,Gilbert Arenas,Nick Young,Anthony Randolph,C.J. Watson,Corey Maggette,Monta Ellis,Stephen Curry,4,5:47,GSW,shot,,,,,,,,,,Stephen Curry,,,,missed,,3pt,2,10
Andray Blatche,Antawn Jamison,Caron Butler,Gilbert Arenas,Nick Young,Anthony Randolph,C.J. Watson,Corey Maggette,Monta Ellis,Stephen Curry,4,5:45,WAS,rebound,,,,,,,,,,Caron Butler,,,,,,def,,
Andray Blatche,Antawn Jamison,Caron Butler,Gilbert Arenas,Nick Young,Anthony Randolph,C.J. Watson,Corey Maggette,Monta Ellis,Stephen Curry,4,5:40,WAS,shot,,,,,,,,,,Andray Blatche,,,,missed,,alley oop layup,24,7
Andray Blatche,Antawn Jamison,Caron Butler,Gilbert Arenas,Nick Young,Anthony Randolph,C.J. Watson,Corey Maggette,Monta Ellis,Stephen Curry,4,5:38,WAS,rebound,,,,,,,,,,Antawn Jamison,,,,,,off,,
Andray Blatche,Antawn Jamison,Caron Butler,Gilbert Arenas,Nick Young,Anthony Randolph,C.J. Watson,Corey Maggette,Monta Ellis,Stephen Curry,4,5:38,WAS,shot,,,,,,,,,,Antawn Jamison,2,,,made,,putback layup,26,8
Andray Blatche,Antawn Jamison,Caron Butler,Gilbert Arenas,Nick Young,Anthony Randolph,C.J. Watson,Corey Maggette,Monta Ellis,Stephen Curry,4,5:22,GSW,turnover,,,,,,,,,,Stephen Curry,,,bad pass,,Caron Butler,,,
Andray Blatche,Antawn Jamison,Caron Butler,Gilbert Arenas,Nick Young,Anthony Randolph,C.J. Watson,Corey Maggette,Monta Ellis,Stephen Curry,4,5:14,WAS,shot,,,,,,,,,,Gilbert Arenas,2,,,made,,driving layup,25,7
Andray Blatche,Antawn Jamison,Caron Butler,Gilbert Arenas,Nick Young,Anthony Randolph,C.J. Watson,Corey Maggette,Monta Ellis,Stephen Curry,4,5:14,GSW,timeout,,,,,,,,,,,,,,,,regular,,
Andray Blatche,Antawn Jamison,Caron Butler,Gilbert Arenas,Nick Young,Anthony Randolph,C.J. Watson,Corey Maggette,Monta Ellis,Stephen Curry,4,5:00,GSW,turnover,,,,,,,,,,Monta Ellis,,,bad pass,,Caron Butler,,,
Andray Blatche,Antawn Jamison,Caron Butler,Gilbert Arenas,Nick Young,Anthony Randolph,C.J. Watson,Corey Maggette,Monta Ellis,Stephen Curry,4,4:58,WAS,shot,,,C.J. Watson,,,,,,,Caron Butler,,,,missed,,jump,22,8
Andray Blatche,Antawn Jamison,Caron Butler,Gilbert Arenas,Nick Young,Anthony Randolph,C.J. Watson,Corey Maggette,Monta Ellis,Stephen Curry,4,4:57,WAS,rebound,,,,,,,,,,,,,,,,,,
Andray Blatche,Antawn Jamison,Caron Butler,Gilbert Arenas,Nick Young,Anthony Randolph,C.J. Watson,Corey Maggette,Monta Ellis,Stephen Curry,4,4:53,WAS,shot,,,,,,,,,,Antawn Jamison,,,,missed,,jump,41,9
Andray Blatche,Antawn Jamison,Caron Butler,Gilbert Arenas,Nick Young,Anthony Randolph,C.J. Watson,Corey Maggette,Monta Ellis,Stephen Curry,4,4:53,GSW,rebound,,,,,,,,,,Corey Maggette,,,,,,def,,
Andray Blatche,Antawn Jamison,Caron Butler,Gilbert Arenas,Nick Young,Anthony Randolph,C.J. Watson,Corey Maggette,Monta Ellis,Stephen Curry,4,4:32,WAS,foul,,,,,,,,Monta Ellis,,Nick Young,,,,,,shooting,,
Andray Blatche,Antawn Jamison,Caron Butler,Gilbert Arenas,Nick Young,Anthony Randolph,C.J. Watson,Corey Maggette,Monta Ellis,Stephen Curry,4,4:32,GSW,free throw,,,,,,,1,,2,Monta Ellis,,,foul,made,,,,
Andray Blatche,Antawn Jamison,Caron Butler,Gilbert Arenas,Nick Young,Anthony Randolph,C.J. Watson,Corey Maggette,Monta Ellis,Stephen Curry,4,4:32,GSW,free throw,,,,,,,2,,2,Monta Ellis,,,foul,made,,,,
Andray Blatche,Antawn Jamison,Caron Butler,Gilbert Arenas,Nick Young,Anthony Randolph,C.J. Watson,Corey Maggette,Monta Ellis,Stephen Curry,4,4:17,WAS,shot,,,,,,,,,,Antawn Jamison,,,,missed,,3pt,15,30
Andray Blatche,Antawn Jamison,Caron Butler,Gilbert Arenas,Nick Young,Anthony Randolph,C.J. Watson,Corey Maggette,Monta Ellis,Stephen Curry,4,4:16,GSW,rebound,,,,,,,,,,Corey Maggette,,,,,,def,,
Andray Blatche,Antawn Jamison,Caron Butler,Gilbert Arenas,Nick Young,Anthony Randolph,C.J. Watson,Corey Maggette,Monta Ellis,Stephen Curry,4,4:09,GSW,shot,,,,,,,,,,Monta Ellis,2,,,made,,pullup jump,33,24
Andray Blatche,Antawn Jamison,Caron Butler,Gilbert Arenas,Nick Young,Anthony Randolph,C.J. Watson,Corey Maggette,Monta Ellis,Stephen Curry,4,3:51,WAS,shot,,,,,,,,,,Gilbert Arenas,2,,,made,,pullup jump,13,21
Andray Blatche,Antawn Jamison,Caron Butler,Gilbert Arenas,Nick Young,Anthony Randolph,C.J. Watson,Corey Maggette,Monta Ellis,Stephen Curry,4,3:35,GSW,shot,Anthony Randolph,,,,,,,,,Monta Ellis,2,,,made,,pullup jump,11,23
Andray Blatche,Antawn Jamison,Caron Butler,Gilbert Arenas,Nick Young,Anthony Randolph,C.J. Watson,Corey Maggette,Monta Ellis,Stephen Curry,4,3:13,WAS,shot,,,Anthony Randolph,,,,,,,Andray Blatche,,,,missed,,layup,26,7
Andray Blatche,Antawn Jamison,Caron Butler,Gilbert Arenas,Nick Young,Anthony Randolph,C.J. Watson,Corey Maggette,Monta Ellis,Stephen Curry,4,3:12,GSW,rebound,,,,,,,,,,Stephen Curry,,,,,,def,,
Andray Blatche,Antawn Jamison,Caron Butler,Gilbert Arenas,Nick Young,Anthony Randolph,C.J. Watson,Corey Maggette,Monta Ellis,Stephen Curry,4,3:09,WAS,foul,,,,,,,,Monta Ellis,,Antawn Jamison,,,,,,shooting,,
Andray Blatche,Antawn Jamison,Caron Butler,Gilbert Arenas,Nick Young,Anthony Randolph,C.J. Watson,Corey Maggette,Monta Ellis,Stephen Curry,4,3:09,GSW,free throw,,,,,,,1,,2,Monta Ellis,,,foul,missed,,,,
Andray Blatche,Antawn Jamison,Caron Butler,Gilbert Arenas,Nick Young,Anthony Randolph,C.J. Watson,Corey Maggette,Monta Ellis,Stephen Curry,4,3:09,GSW,rebound,,,,,,,,,,,,,,,,,,
Andray Blatche,Antawn Jamison,Caron Butler,Gilbert Arenas,Nick Young,Anthony Randolph,C.J. Watson,Corey Maggette,Monta Ellis,Stephen Curry,4,3:09,GSW,free throw,,,,,,,2,,2,Monta Ellis,,,foul,missed,,,,
Andray Blatche,Antawn Jamison,Caron Butler,Gilbert Arenas,Nick Young,Anthony Randolph,C.J. Watson,Corey Maggette,Monta Ellis,Stephen Curry,4,3:09,WAS,rebound,,,,,,,,,,Antawn Jamison,,,,,,def,,
Andray Blatche,Antawn Jamison,Caron Butler,Gilbert Arenas,Nick Young,Anthony Randolph,C.J. Watson,Corey Maggette,Monta Ellis,Stephen Curry,4,3:09,WAS,timeout,,,,,,,,,,,,,,,,regular,,
Andray Blatche,Antawn Jamison,Caron Butler,Gilbert Arenas,Nick Young,Anthony Randolph,C.J. Watson,Corey Maggette,Monta Ellis,Stephen Curry,4,2:49,WAS,shot,,,,,,,,,,Nick Young,,,,missed,,3pt,47,7
Andray Blatche,Antawn Jamison,Caron Butler,Gilbert Arenas,Nick Young,Anthony Randolph,C.J. Watson,Corey Maggette,Monta Ellis,Stephen Curry,4,2:47,GSW,rebound,,,,,,,,,,C.J. Watson,,,,,,def,,
Andray Blatche,Antawn Jamison,Caron Butler,Gilbert Arenas,Nick Young,Anthony Randolph,C.J. Watson,Corey Maggette,Monta Ellis,Stephen Curry,4,2:47,WAS,foul,,,,,,,,C.J. Watson,,Andray Blatche,,,,,,personal,,
Antawn Jamison,Brendan Haywood,Caron Butler,Gilbert Arenas,Nick Young,Anthony Randolph,C.J. Watson,Corey Maggette,Monta Ellis,Stephen Curry,4,2:47,WAS,sub,,,,Brendan Haywood,,Andray Blatche,,,,,,,,,,,,
Antawn Jamison,Brendan Haywood,Caron Butler,Gilbert Arenas,Nick Young,Anthony Randolph,C.J. Watson,Corey Maggette,Monta Ellis,Stephen Curry,4,2:47,GSW,free throw,,,,,,,1,,2,C.J. Watson,,,foul,missed,,,,
Antawn Jamison,Brendan Haywood,Caron Butler,Gilbert Arenas,Nick Young,Anthony Randolph,C.J. Watson,Corey Maggette,Monta Ellis,Stephen Curry,4,2:47,GSW,rebound,,,,,,,,,,,,,,,,,,
Antawn Jamison,Brendan Haywood,Caron Butler,Gilbert Arenas,Nick Young,Anthony Randolph,C.J. Watson,Corey Maggette,Monta Ellis,Stephen Curry,4,2:47,GSW,free throw,,,,,,,2,,2,C.J. Watson,,,foul,made,,,,
Antawn Jamison,Brendan Haywood,Caron Butler,Gilbert Arenas,Nick Young,Anthony Randolph,C.J. Watson,Corey Maggette,Monta Ellis,Stephen Curry,4,2:31,WAS,shot,,,,,,,,,,Gilbert Arenas,2,,,made,,running jump,21,11
Antawn Jamison,Brendan Haywood,Caron Butler,Gilbert Arenas,Nick Young,Anthony Randolph,C.J. Watson,Corey Maggette,Monta Ellis,Stephen Curry,4,2:17,GSW,shot,Corey Maggette,,,,,,,,,Monta Ellis,2,,,made,,running bank,27,10
Antawn Jamison,Brendan Haywood,Caron Butler,Gilbert Arenas,Nick Young,Anthony Randolph,C.J. Watson,Corey Maggette,Monta Ellis,Stephen Curry,4,2:02,WAS,shot,,,,,,,,,,Gilbert Arenas,2,,,made,,driving layup,25,6
Antawn Jamison,Brendan Haywood,Caron Butler,Gilbert Arenas,Nick Young,Anthony Randolph,C.J. Watson,Corey Maggette,Monta Ellis,Stephen Curry,4,1:50,GSW,shot,,,,,,,,,,Corey Maggette,,,,missed,,step back jump,12,7
Antawn Jamison,Brendan Haywood,Caron Butler,Gilbert Arenas,Nick Young,Anthony Randolph,C.J. Watson,Corey Maggette,Monta Ellis,Stephen Curry,4,1:49,WAS,rebound,,,,,,,,,,Nick Young,,,,,,def,,
Antawn Jamison,Brendan Haywood,Caron Butler,Gilbert Arenas,Nick Young,Anthony Randolph,C.J. Watson,Corey Maggette,Monta Ellis,Stephen Curry,4,1:29,WAS,shot,Gilbert Arenas,,,,,,,,,Caron Butler,2,,,made,,jump,8,6
Antawn Jamison,Brendan Haywood,Caron Butler,Gilbert Arenas,Nick Young,Anthony Randolph,C.J. Watson,Corey Maggette,Monta Ellis,Stephen Curry,4,1:29,GSW,timeout,,,,,,,,,,,,,,,,regular,,
Antawn Jamison,Brendan Haywood,Caron Butler,Gilbert Arenas,Nick Young,Anthony Morrow,Anthony Randolph,Corey Maggette,Monta Ellis,Stephen Curry,4,1:29,GSW,sub,,,,Anthony Morrow,,C.J. Watson,,,,,,,,,,,,
Antawn Jamison,Brendan Haywood,Caron Butler,Gilbert Arenas,Nick Young,Anthony Morrow,Anthony Randolph,Corey Maggette,Monta Ellis,Stephen Curry,4,1:23,GSW,shot,,,,,,,,,,Monta Ellis,,,,missed,,3pt,39,29
Antawn Jamison,Brendan Haywood,Caron Butler,Gilbert Arenas,Nick Young,Anthony Morrow,Anthony Randolph,Corey Maggette,Monta Ellis,Stephen Curry,4,1:20,WAS,rebound,,,,,,,,,,Caron Butler,,,,,,def,,
Antawn Jamison,Brendan Haywood,Caron Butler,Gilbert Arenas,Nick Young,Anthony Morrow,Anthony Randolph,Corey Maggette,Monta Ellis,Stephen Curry,4,1:05,GSW,foul,,,,,,,,Gilbert Arenas,,Stephen Curry,,,,,,personal,,
Antawn Jamison,Brendan Haywood,Caron Butler,Gilbert Arenas,Nick Young,Anthony Morrow,Anthony Randolph,Corey Maggette,Monta Ellis,Stephen Curry,4,1:05,WAS,free throw,,,,,,,1,,2,Gilbert Arenas,,,foul,made,,,,
Antawn Jamison,Brendan Haywood,Caron Butler,Gilbert Arenas,Nick Young,Anthony Morrow,Anthony Randolph,Corey Maggette,Monta Ellis,Stephen Curry,4,1:05,WAS,free throw,,,,,,,2,,2,Gilbert Arenas,,,foul,made,,,,
Antawn Jamison,Brendan Haywood,Caron Butler,Gilbert Arenas,Nick Young,Anthony Morrow,Anthony Randolph,Corey Maggette,Monta Ellis,Stephen Curry,4,0:54,GSW,turnover,,,,,,,,,,Anthony Randolph,,,bad pass,,Antawn Jamison,,,
Antawn Jamison,Brendan Haywood,Caron Butler,Gilbert Arenas,Nick Young,Anthony Morrow,Anthony Randolph,Corey Maggette,Monta Ellis,Stephen Curry,4,0:31,WAS,shot,,,,,,,,,,Gilbert Arenas,,,,missed,,driving layup,26,8
Antawn Jamison,Brendan Haywood,Caron Butler,Gilbert Arenas,Nick Young,Anthony Morrow,Anthony Randolph,Corey Maggette,Monta Ellis,Stephen Curry,4,0:31,GSW,rebound,,,,,,,,,,Stephen Curry,,,,,,def,,
Antawn Jamison,Brendan Haywood,Caron Butler,Gilbert Arenas,Nick Young,Anthony Morrow,Anthony Randolph,Corey Maggette,Monta Ellis,Stephen Curry,4,0:24,GSW,shot,Stephen Curry,,,,,,,,,Anthony Morrow,3,,,made,,3pt,12,29
Antawn Jamison,Brendan Haywood,Caron Butler,Gilbert Arenas,Nick Young,Anthony Morrow,Anthony Randolph,Corey Maggette,Monta Ellis,Stephen Curry,4,0:18,GSW,foul,,,,,,,,Caron Butler,,Anthony Morrow,,,,,,personal,,
Antawn Jamison,Brendan Haywood,Caron Butler,Gilbert Arenas,Nick Young,Anthony Morrow,Anthony Randolph,Corey Maggette,Monta Ellis,Stephen Curry,4,0:18,WAS,free throw,,,,,,,1,,2,Caron Butler,,,foul,made,,,,
Antawn Jamison,Brendan Haywood,Caron Butler,Gilbert Arenas,Nick Young,Anthony Morrow,Anthony Randolph,Corey Maggette,Monta Ellis,Stephen Curry,4,0:18,WAS,free throw,,,,,,,2,,2,Caron Butler,,,foul,made,,,,
Antawn Jamison,Brendan Haywood,Caron Butler,Gilbert Arenas,Nick Young,Anthony Morrow,Anthony Randolph,Corey Maggette,Monta Ellis,Stephen Curry,4,0:10,GSW,shot,,,,,,,,,,Stephen Curry,,,,missed,,3pt,17,32
Antawn Jamison,Brendan Haywood,Caron Butler,Gilbert Arenas,Nick Young,Anthony Morrow,Anthony Randolph,Corey Maggette,Monta Ellis,Stephen Curry,4,0:08,WAS,rebound,,,,,,,,,,Brendan Haywood,,,,,,def,,
