a1,a2,a3,a4,a5,h1,h2,h3,h4,h5,period,time,team,etype,assist,away,block,entered,home,left,num,opponent,outof,player,points,possession,reason,result,steal,type,x,y
Dahntay Jones,Danny Granger,Roy Hibbert,T.J. Ford,Troy Murphy,Andres Nocioni,Donte Greene,Jason Thompson,Spencer Hawes,Tyreke Evans,1,12:00,OFF,jump ball,,Roy Hibbert,,,Spencer Hawes,,,,,,,Tyreke Evans,,,,,,
Dahntay Jones,Danny Granger,Roy Hibbert,T.J. Ford,Troy Murphy,Andres Nocioni,Donte Greene,Jason Thompson,Spencer Hawes,Tyreke Evans,1,11:49,IND,foul,,,,,,,,Tyreke Evans,,T.J. Ford,,,,,,shooting,,
Dahntay Jones,Danny Granger,Roy Hibbert,T.J. Ford,Troy Murphy,Andres Nocioni,Donte Greene,Jason Thompson,Spencer Hawes,Tyreke Evans,1,11:49,SAC,free throw,,,,,,,1,,2,Tyreke Evans,,,foul,made,,,,
Dahntay Jones,Danny Granger,Roy Hibbert,T.J. Ford,Troy Murphy,Andres Nocioni,Donte Greene,Jason Thompson,Spencer Hawes,Tyreke Evans,1,11:49,SAC,free throw,,,,,,,2,,2,Tyreke Evans,,,foul,made,,,,
Dahntay Jones,Danny Granger,Roy Hibbert,T.J. Ford,Troy Murphy,Andres Nocioni,Donte Greene,Jason Thompson,Spencer Hawes,Tyreke Evans,1,11:41,IND,shot,Roy Hibbert,,,,,,,,,Danny Granger,2,,,made,,jump hook,25,9
Dahntay Jones,Danny Granger,Roy Hibbert,T.J. Ford,Troy Murphy,Andres Nocioni,Donte Greene,Jason Thompson,Spencer Hawes,Tyreke Evans,1,11:27,SAC,shot,,,,,,,,,,Donte Greene,,,,missed,,jump,26,15
Dahntay Jones,Danny Granger,Roy Hibbert,T.J. Ford,Troy Murphy,Andres Nocioni,Donte Greene,Jason Thompson,Spencer Hawes,Tyreke Evans,1,11:26,IND,rebound,,,,,,,,,,Roy Hibbert,,,,,,def,,
Dahntay Jones,Danny Granger,Roy Hibbert,T.J. Ford,Troy Murphy,Andres Nocioni,Donte Greene,Jason Thompson,Spencer Hawes,Tyreke Evans,1,11:16,IND,shot,,,,,,,,,,Roy Hibbert,,,,missed,,jump,27,10
Dahntay Jones,Danny Granger,Roy Hibbert,T.J. Ford,Troy Murphy,Andres Nocioni,Donte Greene,Jason Thompson,Spencer Hawes,Tyreke Evans,1,11:15,SAC,rebound,,,,,,,,,,Andres Nocioni,,,,,,def,,
Dahntay Jones,Danny Granger,Roy Hibbert,T.J. Ford,Troy Murphy,Andres Nocioni,Donte Greene,Jason Thompson,Spencer Hawes,Tyreke Evans,1,11:07,SAC,shot,Spencer Hawes,,,,,,,,,Tyreke Evans,2,,,made,,layup,25,6
Dahntay Jones,Danny Granger,Roy Hibbert,T.J. Ford,Troy Murphy,Andres Nocioni,Donte Greene,Jason Thompson,Spencer Hawes,Tyreke Evans,1,10:51,IND,shot,,,,,,,,,,Danny Granger,2,,,made,,jump,25,15
Dahntay Jones,Danny Granger,Roy Hibbert,T.J. Ford,Troy Murphy,Andres Nocioni,Donte Greene,Jason Thompson,Spencer Hawes,Tyreke Evans,1,10:28,SAC,shot,,,,,,,,,,Jason Thompson,,,,missed,,jump,16,9
Dahntay Jones,Danny Granger,Roy Hibbert,T.J. Ford,Troy Murphy,Andres Nocioni,Donte Greene,Jason Thompson,Spencer Hawes,Tyreke Evans,1,10:28,SAC,rebound,,,,,,,,,,,,,,,,,,
Dahntay Jones,Danny Granger,Roy Hibbert,T.J. Ford,Troy Murphy,Andres Nocioni,Donte Greene,Jason Thompson,Spencer Hawes,Tyreke Evans,1,10:28,SAC,turnover,,,,,,,,,,Jason Thompson,,,traveling,,,,,
Dahntay Jones,Danny Granger,Roy Hibbert,T.J. Ford,Troy Murphy,Andres Nocioni,Donte Greene,Jason Thompson,Spencer Hawes,Tyreke Evans,1,10:18,IND,shot,,,,,,,,,,T.J. Ford,,,,missed,,jump,14,23
Dahntay Jones,Danny Granger,Roy Hibbert,T.J. Ford,Troy Murphy,Andres Nocioni,Donte Greene,Jason Thompson,Spencer Hawes,Tyreke Evans,1,10:16,IND,rebound,,,,,,,,,,Roy Hibbert,,,,,,off,,
Dahntay Jones,Danny Granger,Roy Hibbert,T.J. Ford,Troy Murphy,Andres Nocioni,Donte Greene,Jason Thompson,Spencer Hawes,Tyreke Evans,1,10:09,IND,shot,,,,,,,,,,Roy Hibbert,,,,missed,,jump hook,14,8
Dahntay Jones,Danny Granger,Roy Hibbert,T.J. Ford,Troy Murphy,Andres Nocioni,Donte Greene,Jason Thompson,Spencer Hawes,Tyreke Evans,1,10:08,SAC,rebound,,,,,,,,,,Andres Nocioni,,,,,,def,,
Dahntay Jones,Danny Granger,Roy Hibbert,T.J. Ford,Troy Murphy,Andres Nocioni,Donte Greene,Jason Thompson,Spencer Hawes,Tyreke Evans,1,10:00,SAC,turnover,,,,,,,,,,Jason Thompson,,,bad pass,,Dahntay Jones,,,
Dahntay Jones,Danny Granger,Roy Hibbert,T.J. Ford,Troy Murphy,Andres Nocioni,Donte Greene,Jason Thompson,Spencer Hawes,Tyreke Evans,1,9:55,IND,shot,,,,,,,,,,Dahntay Jones,,,,missed,,layup,25,6
Dahntay Jones,Danny Granger,Roy Hibbert,T.J. Ford,Troy Murphy,Andres Nocioni,Donte Greene,Jason Thompson,Spencer Hawes,Tyreke Evans,1,9:54,SAC,rebound,,,,,,,,,,Jason Thompson,,,,,,def,,
Dahntay Jones,Danny Granger,Roy Hibbert,T.J. Ford,Troy Murphy,Andres Nocioni,Donte Greene,Jason Thompson,Spencer Hawes,Tyreke Evans,1,9:47,SAC,shot,,,,,,,,,,Tyreke Evans,2,,,made,,jump,17,21
Dahntay Jones,Danny Granger,Roy Hibbert,T.J. Ford,Troy Murphy,Andres Nocioni,Donte Greene,Jason Thompson,Spencer Hawes,Tyreke Evans,1,9:28,IND,shot,Troy Murphy,,,,,,,,,Danny Granger,2,,,made,,running bank hook,29,8
Dahntay Jones,Danny Granger,Roy Hibbert,T.J. Ford,Troy Murphy,Andres Nocioni,Donte Greene,Jason Thompson,Spencer Hawes,Tyreke Evans,1,9:09,IND,foul,,,,,,,,Spencer Hawes,,Roy Hibbert,,,,,,shooting,,
Dahntay Jones,Danny Granger,Roy Hibbert,T.J. Ford,Troy Murphy,Andres Nocioni,Donte Greene,Jason Thompson,Spencer Hawes,Tyreke Evans,1,9:09,SAC,free throw,,,,,,,1,,2,Spencer Hawes,,,foul,missed,,,,
Dahntay Jones,Danny Granger,Roy Hibbert,T.J. Ford,Troy Murphy,Andres Nocioni,Donte Greene,Jason Thompson,Spencer Hawes,Tyreke Evans,1,9:09,SAC,rebound,,,,,,,,,,,,,,,,,,
Dahntay Jones,Danny Granger,Roy Hibbert,T.J. Ford,Troy Murphy,Andres Nocioni,Donte Greene,Jason Thompson,Spencer Hawes,Tyreke Evans,1,9:09,SAC,free throw,,,,,,,2,,2,Spencer Hawes,,,foul,missed,,,,
Dahntay Jones,Danny Granger,Roy Hibbert,T.J. Ford,Troy Murphy,Andres Nocioni,Donte Greene,Jason Thompson,Spencer Hawes,Tyreke Evans,1,9:08,IND,rebound,,,,,,,,,,Troy Murphy,,,,,,def,,
Dahntay Jones,Danny Granger,Roy Hibbert,T.J. Ford,Troy Murphy,Andres Nocioni,Donte Greene,Jason Thompson,Spencer Hawes,Tyreke Evans,1,8:49,IND,shot,,,,,,,,,,Roy Hibbert,2,,,made,,jump hook,27,12
Dahntay Jones,Danny Granger,Roy Hibbert,T.J. Ford,Troy Murphy,Andres Nocioni,Donte Greene,Jason Thompson,Spencer Hawes,Tyreke Evans,1,8:33,IND,foul,,,,,,,,Jason Thompson,,Dahntay Jones,,,,,,personal,,
Dahntay Jones,Danny Granger,Roy Hibbert,T.J. Ford,Troy Murphy,Andres Nocioni,Donte Greene,Jason Thompson,Spencer Hawes,Tyreke Evans,1,8:28,SAC,shot,Andres Nocioni,,,,,,,,,Tyreke Evans,2,,,made,,jump,29,24
Dahntay Jones,Danny Granger,Roy Hibbert,T.J. Ford,Troy Murphy,Andres Nocioni,Donte Greene,Jason Thompson,Spencer Hawes,Tyreke Evans,1,8:20,IND,shot,,,,,,,,,,Dahntay Jones,2,,,made,,jump,18,21
Dahntay Jones,Danny Granger,Roy Hibbert,T.J. Ford,Troy Murphy,Andres Nocioni,Donte Greene,Jason Thompson,Spencer Hawes,Tyreke Evans,1,8:04,SAC,shot,,,,,,,,,,Spencer Hawes,,,,missed,,3pt,24,31
Dahntay Jones,Danny Granger,Roy Hibbert,T.J. Ford,Troy Murphy,Andres Nocioni,Donte Greene,Jason Thompson,Spencer Hawes,Tyreke Evans,1,8:03,IND,rebound,,,,,,,,,,Roy Hibbert,,,,,,def,,
Dahntay Jones,Danny Granger,Roy Hibbert,T.J. Ford,Troy Murphy,Andres Nocioni,Donte Greene,Jason Thompson,Spencer Hawes,Tyreke Evans,1,7:52,IND,shot,,,,,,,,,,Troy Murphy,,,,missed,,jump,17,24
Dahntay Jones,Danny Granger,Roy Hibbert,T.J. Ford,Troy Murphy,Andres Nocioni,Donte Greene,Jason Thompson,Spencer Hawes,Tyreke Evans,1,7:51,SAC,rebound,,,,,,,,,,Tyreke Evans,,,,,,def,,
Dahntay Jones,Danny Granger,Roy Hibbert,T.J. Ford,Troy Murphy,Andres Nocioni,Donte Greene,Jason Thompson,Spencer Hawes,Tyreke Evans,1,7:44,SAC,turnover,,,,,,,,,,Donte Greene,,,poss lost ball turnover,,,,,
Dahntay Jones,Danny Granger,Roy Hibbert,T.J. Ford,Troy Murphy,Andres Nocioni,Donte Greene,Jason Thompson,Spencer Hawes,Tyreke Evans,1,7:35,IND,foul,,,,,,,,Spencer Hawes,,Roy Hibbert,,,,,,offensive,,
Dahntay Jones,Danny Granger,Roy Hibbert,T.J. Ford,Troy Murphy,Andres Nocioni,Donte Greene,Jason Thompson,Spencer Hawes,Tyreke Evans,1,7:35,IND,turnover,,,,,,,,,,Roy Hibbert,,,foul,,,,,
Dahntay Jones,Danny Granger,Roy Hibbert,T.J. Ford,Troy Murphy,Andres Nocioni,Donte Greene,Jason Thompson,Spencer Hawes,Tyreke Evans,1,7:25,IND,foul,,,,,,,,,,Roy Hibbert,,,,,,defense 3 second,,
Dahntay Jones,Danny Granger,Roy Hibbert,T.J. Ford,Troy Murphy,Andres Nocioni,Donte Greene,Jason Thompson,Spencer Hawes,Tyreke Evans,1,7:25,SAC,free throw,,,,,,,1,,1,Tyreke Evans,,,technical,made,,,,
Dahntay Jones,Danny Granger,Roy Hibbert,T.J. Ford,Troy Murphy,Andres Nocioni,Donte Greene,Jason Thompson,Spencer Hawes,Tyreke Evans,1,7:18,SAC,shot,,,,,,,,,,Donte Greene,,,,missed,,3pt,38,27
Dahntay Jones,Danny Granger,Roy Hibbert,T.J. Ford,Troy Murphy,Andres Nocioni,Donte Greene,Jason Thompson,Spencer Hawes,Tyreke Evans,1,7:17,IND,rebound,,,,,,,,,,Roy Hibbert,,,,,,def,,
Dahntay Jones,Danny Granger,Roy Hibbert,T.J. Ford,Troy Murphy,Andres Nocioni,Donte Greene,Jason Thompson,Spencer Hawes,Tyreke Evans,1,7:12,IND,shot,,,,,,,,,,Danny Granger,3,,,made,,3pt,30,30
Dahntay Jones,Danny Granger,Roy Hibbert,T.J. Ford,Troy Murphy,Andres Nocioni,Donte Greene,Jason Thompson,Spencer Hawes,Tyreke Evans,1,6:57,IND,foul,,,,,,,,,,Troy Murphy,,,,,,defense 3 second,,
Dahntay Jones,Danny Granger,Roy Hibbert,T.J. Ford,Troy Murphy,Andres Nocioni,Donte Greene,Jason Thompson,Spencer Hawes,Tyreke Evans,1,6:57,SAC,free throw,,,,,,,1,,1,Tyreke Evans,,,technical,made,,,,
Dahntay Jones,Danny Granger,Roy Hibbert,T.J. Ford,Troy Murphy,Andres Nocioni,Donte Greene,Jason Thompson,Spencer Hawes,Tyreke Evans,1,6:51,SAC,shot,,,,,,,,,,Andres Nocioni,,,,missed,,3pt,32,29
Dahntay Jones,Danny Granger,Roy Hibbert,T.J. Ford,Troy Murphy,Andres Nocioni,Donte Greene,Jason Thompson,Spencer Hawes,Tyreke Evans,1,6:50,IND,rebound,,,,,,,,,,Troy Murphy,,,,,,def,,
Dahntay Jones,Danny Granger,Roy Hibbert,T.J. Ford,Troy Murphy,Andres Nocioni,Donte Greene,Jason Thompson,Spencer Hawes,Tyreke Evans,1,6:43,IND,shot,,,,,,,,,,Roy Hibbert,2,,,made,,layup,27,8
Dahntay Jones,Danny Granger,Roy Hibbert,T.J. Ford,Troy Murphy,Andres Nocioni,Donte Greene,Jason Thompson,Spencer Hawes,Tyreke Evans,1,6:43,SAC,foul,,,,,,,,Roy Hibbert,,Tyreke Evans,,,,,,shooting,,
Dahntay Jones,Danny Granger,Roy Hibbert,T.J. Ford,Troy Murphy,Andres Nocioni,Donte Greene,Jason Thompson,Spencer Hawes,Tyreke Evans,1,6:43,IND,free throw,,,,,,,1,,1,Roy Hibbert,,,foul,made,,,,
Dahntay Jones,Danny Granger,Roy Hibbert,T.J. Ford,Troy Murphy,Andres Nocioni,Donte Greene,Jason Thompson,Spencer Hawes,Tyreke Evans,1,6:30,SAC,shot,Tyreke Evans,,,,,,,,,Jason Thompson,2,,,made,,jump,20,26
Dahntay Jones,Danny Granger,Roy Hibbert,T.J. Ford,Troy Murphy,Andres Nocioni,Donte Greene,Jason Thompson,Spencer Hawes,Tyreke Evans,1,6:19,IND,shot,,,,,,,,,,Troy Murphy,,,,missed,,3pt,27,31
Dahntay Jones,Danny Granger,Roy Hibbert,T.J. Ford,Troy Murphy,Andres Nocioni,Donte Greene,Jason Thompson,Spencer Hawes,Tyreke Evans,1,6:17,SAC,rebound,,,,,,,,,,Andres Nocioni,,,,,,def,,
Dahntay Jones,Danny Granger,Roy Hibbert,T.J. Ford,Troy Murphy,Andres Nocioni,Donte Greene,Jason Thompson,Spencer Hawes,Tyreke Evans,1,6:09,SAC,shot,,,,,,,,,,Jason Thompson,,,,missed,,jump,7,10
Dahntay Jones,Danny Granger,Roy Hibbert,T.J. Ford,Troy Murphy,Andres Nocioni,Donte Greene,Jason Thompson,Spencer Hawes,Tyreke Evans,1,6:08,SAC,rebound,,,,,,,,,,Spencer Hawes,,,,,,off,,
Dahntay Jones,Danny Granger,Roy Hibbert,T.J. Ford,Troy Murphy,Andres Nocioni,Donte Greene,Jason Thompson,Spencer Hawes,Tyreke Evans,1,6:07,SAC,shot,,,,,,,,,,Spencer Hawes,2,,,made,,layup,25,6
Dahntay Jones,Danny Granger,Roy Hibbert,T.J. Ford,Troy Murphy,Andres Nocioni,Donte Greene,Jason Thompson,Spencer Hawes,Tyreke Evans,1,5:55,IND,shot,,,,,,,,,,Dahntay Jones,,,,missed,,jump,11,6
Dahntay Jones,Danny Granger,Roy Hibbert,T.J. Ford,Troy Murphy,Andres Nocioni,Donte Greene,Jason Thompson,Spencer Hawes,Tyreke Evans,1,5:54,SAC,rebound,,,,,,,,,,Tyreke Evans,,,,,,def,,
Dahntay Jones,Danny Granger,Roy Hibbert,T.J. Ford,Troy Murphy,Andres Nocioni,Donte Greene,Jason Thompson,Spencer Hawes,Tyreke Evans,1,5:46,SAC,shot,,,,,,,,,,Tyreke Evans,,,,missed,,jump,27,11
Dahntay Jones,Danny Granger,Roy Hibbert,T.J. Ford,Troy Murphy,Andres Nocioni,Donte Greene,Jason Thompson,Spencer Hawes,Tyreke Evans,1,5:44,SAC,rebound,,,,,,,,,,Spencer Hawes,,,,,,off,,
Dahntay Jones,Danny Granger,Roy Hibbert,T.J. Ford,Troy Murphy,Andres Nocioni,Donte Greene,Jason Thompson,Spencer Hawes,Tyreke Evans,1,5:44,SAC,shot,,,,,,,,,,Spencer Hawes,2,,,made,,tip,25,6
Dahntay Jones,Danny Granger,Roy Hibbert,T.J. Ford,Troy Murphy,Andres Nocioni,Donte Greene,Jason Thompson,Spencer Hawes,Tyreke Evans,1,5:32,SAC,foul,,,,,,,,Danny Granger,,Andres Nocioni,,,,,,personal,,
Dahntay Jones,Danny Granger,Roy Hibbert,T.J. Ford,Troy Murphy,Andres Nocioni,Donte Greene,Jason Thompson,Spencer Hawes,Tyreke Evans,1,5:32,SAC,timeout,,,,,,,,,,,,,,,,regular,,
Danny Granger,Jeff Foster,Roy Hibbert,T.J. Ford,Troy Murphy,Andres Nocioni,Donte Greene,Jason Thompson,Spencer Hawes,Tyreke Evans,1,5:32,IND,sub,,,,Jeff Foster,,Dahntay Jones,,,,,,,,,,,,
Danny Granger,Jeff Foster,Mike Dunleavy,T.J. Ford,Troy Murphy,Andres Nocioni,Donte Greene,Jason Thompson,Spencer Hawes,Tyreke Evans,1,5:32,IND,sub,,,,Mike Dunleavy,,Roy Hibbert,,,,,,,,,,,,
Danny Granger,Jeff Foster,Mike Dunleavy,T.J. Ford,Troy Murphy,Donte Greene,Jason Thompson,Omri Casspi,Spencer Hawes,Tyreke Evans,1,5:32,SAC,sub,,,,Omri Casspi,,Andres Nocioni,,,,,,,,,,,,
Danny Granger,Jeff Foster,Mike Dunleavy,T.J. Ford,Troy Murphy,Donte Greene,Jason Thompson,Omri Casspi,Spencer Hawes,Tyreke Evans,1,5:25,SAC,violation,,,,,,,,,,Spencer Hawes,,,,,,defensive goaltending,,
Danny Granger,Jeff Foster,Mike Dunleavy,T.J. Ford,Troy Murphy,Donte Greene,Jason Thompson,Omri Casspi,Spencer Hawes,Tyreke Evans,1,5:25,IND,shot,,,,,,,,,,Mike Dunleavy,2,,,made,,driving layup,25,6
Danny Granger,Jeff Foster,Mike Dunleavy,T.J. Ford,Troy Murphy,Donte Greene,Jason Thompson,Omri Casspi,Spencer Hawes,Tyreke Evans,1,5:07,SAC,turnover,,,,,,,,,,Donte Greene,,,bad pass,,,,,
Danny Granger,Jeff Foster,Mike Dunleavy,T.J. Ford,Troy Murphy,Donte Greene,Jason Thompson,Omri Casspi,Spencer Hawes,Tyreke Evans,1,4:56,IND,shot,,,,,,,,,,Troy Murphy,,,,missed,,3pt,43,22
Danny Granger,Jeff Foster,Mike Dunleavy,T.J. Ford,Troy Murphy,Donte Greene,Jason Thompson,Omri Casspi,Spencer Hawes,Tyreke Evans,1,4:55,SAC,rebound,,,,,,,,,,Omri Casspi,,,,,,def,,
Danny Granger,Jeff Foster,Mike Dunleavy,T.J. Ford,Troy Murphy,Donte Greene,Jason Thompson,Omri Casspi,Spencer Hawes,Tyreke Evans,1,4:50,IND,foul,,,,,,,,Omri Casspi,,Mike Dunleavy,,,,,,shooting,,
Danny Granger,Jeff Foster,Mike Dunleavy,T.J. Ford,Troy Murphy,Donte Greene,Jason Thompson,Omri Casspi,Spencer Hawes,Tyreke Evans,1,4:50,SAC,free throw,,,,,,,1,,2,Omri Casspi,,,foul,made,,,,
Danny Granger,Jeff Foster,Mike Dunleavy,T.J. Ford,Troy Murphy,Donte Greene,Jason Thompson,Omri Casspi,Spencer Hawes,Tyreke Evans,1,4:50,SAC,free throw,,,,,,,2,,2,Omri Casspi,,,foul,made,,,,
Danny Granger,Jeff Foster,Mike Dunleavy,T.J. Ford,Troy Murphy,Donte Greene,Jason Thompson,Omri Casspi,Spencer Hawes,Tyreke Evans,1,4:39,IND,shot,,,,,,,,,,Jeff Foster,2,,,made,,driving layup,25,6
Danny Granger,Jeff Foster,Mike Dunleavy,T.J. Ford,Troy Murphy,Donte Greene,Jason Thompson,Omri Casspi,Spencer Hawes,Tyreke Evans,1,4:39,SAC,foul,,,,,,,,Jeff Foster,,Donte Greene,,,,,,shooting,,
Danny Granger,Jeff Foster,Mike Dunleavy,T.J. Ford,Troy Murphy,Donte Greene,Ime Udoka,Jason Thompson,Omri Casspi,Tyreke Evans,1,4:39,SAC,sub,,,,Ime Udoka,,Spencer Hawes,,,,,,,,,,,,
Danny Granger,Jeff Foster,Mike Dunleavy,T.J. Ford,Troy Murphy,Andres Nocioni,Ime Udoka,Jason Thompson,Omri Casspi,Tyreke Evans,1,4:39,SAC,sub,,,,Andres Nocioni,,Donte Greene,,,,,,,,,,,,
Danny Granger,Jeff Foster,Mike Dunleavy,T.J. Ford,Troy Murphy,Andres Nocioni,Ime Udoka,Jason Thompson,Omri Casspi,Tyreke Evans,1,4:39,IND,free throw,,,,,,,1,,1,Jeff Foster,,,foul,missed,,,,
Danny Granger,Jeff Foster,Mike Dunleavy,T.J. Ford,Troy Murphy,Andres Nocioni,Ime Udoka,Jason Thompson,Omri Casspi,Tyreke Evans,1,4:37,SAC,rebound,,,,,,,,,,Jason Thompson,,,,,,def,,
Danny Granger,Jeff Foster,Mike Dunleavy,T.J. Ford,Troy Murphy,Andres Nocioni,Ime Udoka,Jason Thompson,Omri Casspi,Tyreke Evans,1,4:29,SAC,turnover,,,,,,,,,,Tyreke Evans,,,lost ball,,T.J. Ford,,,
Danny Granger,Jeff Foster,Mike Dunleavy,T.J. Ford,Troy Murphy,Andres Nocioni,Ime Udoka,Jason Thompson,Omri Casspi,Tyreke Evans,1,4:26,IND,turnover,,,,,,,,,,T.J. Ford,,,bad pass,,Ime Udoka,,,
Danny Granger,Jeff Foster,Mike Dunleavy,T.J. Ford,Troy Murphy,Andres Nocioni,Ime Udoka,Jason Thompson,Omri Casspi,Tyreke Evans,1,4:22,IND,foul,,,,,,,,Jason Thompson,,Jeff Foster,,,,,,shooting,,
Danny Granger,Jeff Foster,Mike Dunleavy,T.J. Ford,Troy Murphy,Andres Nocioni,Ime Udoka,Jason Thompson,Omri Casspi,Tyreke Evans,1,4:22,SAC,free throw,,,,,,,1,,2,Jason Thompson,,,foul,made,,,,
Danny Granger,Earl Watson,Jeff Foster,Mike Dunleavy,Troy Murphy,Andres Nocioni,Ime Udoka,Jason Thompson,Omri Casspi,Tyreke Evans,1,4:22,IND,sub,,,,Earl Watson,,T.J. Ford,,,,,,,,,,,,
Danny Granger,Earl Watson,Jeff Foster,Mike Dunleavy,Tyler Hansbrough,Andres Nocioni,Ime Udoka,Jason Thompson,Omri Casspi,Tyreke Evans,1,4:22,IND,sub,,,,Tyler Hansbrough,,Troy Murphy,,,,,,,,,,,,
Danny Granger,Earl Watson,Jeff Foster,Mike Dunleavy,Tyler Hansbrough,Andres Nocioni,Ime Udoka,Jason Thompson,Omri Casspi,Tyreke Evans,1,4:22,SAC,free throw,,,,,,,2,,2,Jason Thompson,,,foul,made,,,,
Danny Granger,Earl Watson,Jeff Foster,Mike Dunleavy,Tyler Hansbrough,Andres Nocioni,Ime Udoka,Jason Thompson,Omri Casspi,Tyreke Evans,1,4:07,IND,shot,,,,,,,,,,Danny Granger,,,,missed,,jump,23,16
Danny Granger,Earl Watson,Jeff Foster,Mike Dunleavy,Tyler Hansbrough,Andres Nocioni,Ime Udoka,Jason Thompson,Omri Casspi,Tyreke Evans,1,4:05,IND,rebound,,,,,,,,,,Tyler Hansbrough,,,,,,off,,
Danny Granger,Earl Watson,Jeff Foster,Mike Dunleavy,Tyler Hansbrough,Andres Nocioni,Ime Udoka,Jason Thompson,Omri Casspi,Tyreke Evans,1,4:05,IND,shot,,,,,,,,,,Tyler Hansbrough,2,,,made,,dunk,25,6
Danny Granger,Earl Watson,Jeff Foster,Mike Dunleavy,Tyler Hansbrough,Andres Nocioni,Ime Udoka,Jason Thompson,Omri Casspi,Tyreke Evans,1,3:50,SAC,shot,Ime Udoka,,,,,,,,,Jason Thompson,2,,,made,,jump,17,21
Danny Granger,Earl Watson,Jeff Foster,Mike Dunleavy,Tyler Hansbrough,Andres Nocioni,Ime Udoka,Jason Thompson,Omri Casspi,Tyreke Evans,1,3:30,IND,shot,,,,,,,,,,Mike Dunleavy,,,,missed,,3pt,44,21
Danny Granger,Earl Watson,Jeff Foster,Mike Dunleavy,Tyler Hansbrough,Andres Nocioni,Ime Udoka,Jason Thompson,Omri Casspi,Tyreke Evans,1,3:29,SAC,rebound,,,,,,,,,,Tyreke Evans,,,,,,def,,
Danny Granger,Earl Watson,Jeff Foster,Mike Dunleavy,Tyler Hansbrough,Andres Nocioni,Ime Udoka,Jason Thompson,Omri Casspi,Tyreke Evans,1,3:22,SAC,shot,,,,,,,,,,Tyreke Evans,,,,missed,,driving layup,25,6
Danny Granger,Earl Watson,Jeff Foster,Mike Dunleavy,Tyler Hansbrough,Andres Nocioni,Ime Udoka,Jason Thompson,Omri Casspi,Tyreke Evans,1,3:21,IND,rebound,,,,,,,,,,Mike Dunleavy,,,,,,def,,
Danny Granger,Earl Watson,Jeff Foster,Mike Dunleavy,Tyler Hansbrough,Andres Nocioni,Ime Udoka,Jason Thompson,Omri Casspi,Tyreke Evans,1,3:15,IND,foul,,,,,,,,Omri Casspi,,Mike Dunleavy,,,,,,offensive,,
Danny Granger,Earl Watson,Jeff Foster,Mike Dunleavy,Tyler Hansbrough,Andres Nocioni,Ime Udoka,Jason Thompson,Omri Casspi,Tyreke Evans,1,3:15,IND,turnover,,,,,,,,,,Mike Dunleavy,,,foul,,,,,
Danny Granger,Earl Watson,Jeff Foster,Mike Dunleavy,Tyler Hansbrough,Andres Nocioni,Ime Udoka,Jason Thompson,Omri Casspi,Tyreke Evans,1,3:06,SAC,shot,,,,,,,,,,Tyreke Evans,2,,,made,,driving layup,25,6
Danny Granger,Earl Watson,Jeff Foster,Mike Dunleavy,Tyler Hansbrough,Andres Nocioni,Ime Udoka,Jason Thompson,Omri Casspi,Tyreke Evans,1,2:54,IND,shot,Jeff Foster,,,,,,,,,Earl Watson,2,,,made,,jump,23,25
Danny Granger,Earl Watson,Jeff Foster,Mike Dunleavy,Tyler Hansbrough,Andres Nocioni,Ime Udoka,Jason Thompson,Omri Casspi,Tyreke Evans,1,2:36,SAC,shot,,,,,,,,,,Tyreke Evans,,,,missed,,3pt,29,31
Danny Granger,Earl Watson,Jeff Foster,Mike Dunleavy,Tyler Hansbrough,Andres Nocioni,Ime Udoka,Jason Thompson,Omri Casspi,Tyreke Evans,1,2:35,SAC,rebound,,,,,,,,,,Ime Udoka,,,,,,off,,
Danny Granger,Earl Watson,Jeff Foster,Mike Dunleavy,Tyler Hansbrough,Andres Nocioni,Ime Udoka,Jason Thompson,Omri Casspi,Tyreke Evans,1,2:31,SAC,turnover,,,,,,,,,,Andres Nocioni,,,lost ball,,Danny Granger,,,
Danny Granger,Earl Watson,Jeff Foster,Mike Dunleavy,Tyler Hansbrough,Andres Nocioni,Ime Udoka,Jason Thompson,Omri Casspi,Tyreke Evans,1,2:26,IND,shot,Danny Granger,,,,,,,,,Tyler Hansbrough,2,,,made,,dunk,25,6
Danny Granger,Earl Watson,Jeff Foster,Mike Dunleavy,Tyler Hansbrough,Andres Nocioni,Ime Udoka,Jason Thompson,Omri Casspi,Tyreke Evans,1,2:18,SAC,shot,,,,,,,,,,Omri Casspi,,,,missed,,layup,25,6
Danny Granger,Earl Watson,Jeff Foster,Mike Dunleavy,Tyler Hansbrough,Andres Nocioni,Ime Udoka,Jason Thompson,Omri Casspi,Tyreke Evans,1,2:18,IND,rebound,,,,,,,,,,Jeff Foster,,,,,,def,,
Danny Granger,Earl Watson,Jeff Foster,Mike Dunleavy,Tyler Hansbrough,Andres Nocioni,Ime Udoka,Jason Thompson,Omri Casspi,Tyreke Evans,1,2:10,IND,shot,,,,,,,,,,Earl Watson,,,,missed,,running hook,19,9
Danny Granger,Earl Watson,Jeff Foster,Mike Dunleavy,Tyler Hansbrough,Andres Nocioni,Ime Udoka,Jason Thompson,Omri Casspi,Tyreke Evans,1,2:09,SAC,rebound,,,,,,,,,,,,,,,,,,
Danny Granger,Earl Watson,Jeff Foster,Mike Dunleavy,Tyler Hansbrough,Andres Nocioni,Ime Udoka,Jason Thompson,Omri Casspi,Tyreke Evans,1,2:09,IND,timeout,,,,,,,,,,,,,,,,regular,,
Dahntay Jones,Earl Watson,Jeff Foster,Mike Dunleavy,Tyler Hansbrough,Andres Nocioni,Ime Udoka,Jason Thompson,Omri Casspi,Tyreke Evans,1,2:09,IND,sub,,,,Dahntay Jones,,Danny Granger,,,,,,,,,,,,
Dahntay Jones,Earl Watson,Jeff Foster,Mike Dunleavy,Tyler Hansbrough,Andres Nocioni,Ime Udoka,Jason Thompson,Omri Casspi,Tyreke Evans,1,1:47,SAC,shot,,,,,,,,,,Ime Udoka,2,,,made,,jump,36,13
Dahntay Jones,Earl Watson,Jeff Foster,Mike Dunleavy,Tyler Hansbrough,Andres Nocioni,Ime Udoka,Jason Thompson,Omri Casspi,Tyreke Evans,1,1:32,IND,shot,,,,,,,,,,Tyler Hansbrough,,,,missed,,jump,28,8
Dahntay Jones,Earl Watson,Jeff Foster,Mike Dunleavy,Tyler Hansbrough,Andres Nocioni,Ime Udoka,Jason Thompson,Omri Casspi,Tyreke Evans,1,1:31,IND,rebound,,,,,,,,,,Tyler Hansbrough,,,,,,off,,
Dahntay Jones,Earl Watson,Jeff Foster,Mike Dunleavy,Tyler Hansbrough,Andres Nocioni,Ime Udoka,Jason Thompson,Omri Casspi,Tyreke Evans,1,1:31,SAC,foul,,,,,,,,Tyler Hansbrough,,Ime Udoka,,,,,,shooting,,
Dahntay Jones,Earl Watson,Jeff Foster,Mike Dunleavy,Tyler Hansbrough,Andres Nocioni,Ime Udoka,Jason Thompson,Omri Casspi,Tyreke Evans,1,1:31,IND,free throw,,,,,,,1,,2,Tyler Hansbrough,,,foul,missed,,,,
Dahntay Jones,Earl Watson,Jeff Foster,Mike Dunleavy,Tyler Hansbrough,Andres Nocioni,Ime Udoka,Jason Thompson,Omri Casspi,Tyreke Evans,1,1:31,IND,rebound,,,,,,,,,,,,,,,,,,
Dahntay Jones,Earl Watson,Jeff Foster,Mike Dunleavy,Tyler Hansbrough,Beno Udrih,Ime Udoka,Jason Thompson,Omri Casspi,Tyreke Evans,1,1:31,SAC,sub,,,,Beno Udrih,,Andres Nocioni,,,,,,,,,,,,
Dahntay Jones,Earl Watson,Jeff Foster,Mike Dunleavy,Tyler Hansbrough,Beno Udrih,Jason Thompson,Jon Brockman,Omri Casspi,Tyreke Evans,1,1:31,SAC,sub,,,,Jon Brockman,,Ime Udoka,,,,,,,,,,,,
Dahntay Jones,Earl Watson,Jeff Foster,Mike Dunleavy,Tyler Hansbrough,Beno Udrih,Jason Thompson,Jon Brockman,Omri Casspi,Tyreke Evans,1,1:31,IND,free throw,,,,,,,2,,2,Tyler Hansbrough,,,foul,made,,,,
Dahntay Jones,Earl Watson,Jeff Foster,Mike Dunleavy,Tyler Hansbrough,Beno Udrih,Jason Thompson,Jon Brockman,Omri Casspi,Tyreke Evans,1,1:20,SAC,shot,,,,,,,,,,Tyreke Evans,2,,,made,,jump,27,24
Dahntay Jones,Earl Watson,Jeff Foster,Mike Dunleavy,Tyler Hansbrough,Beno Udrih,Jason Thompson,Jon Brockman,Omri Casspi,Tyreke Evans,1,1:10,IND,shot,,,,,,,,,,Dahntay Jones,2,,,made,,jump,15,7
Dahntay Jones,Earl Watson,Jeff Foster,Mike Dunleavy,Tyler Hansbrough,Beno Udrih,Jason Thompson,Jon Brockman,Omri Casspi,Tyreke Evans,1,0:59,IND,foul,,,,,,,,Tyreke Evans,,Dahntay Jones,,,,,,personal,,
Dahntay Jones,Earl Watson,Jeff Foster,Mike Dunleavy,Tyler Hansbrough,Beno Udrih,Jason Thompson,Jon Brockman,Omri Casspi,Tyreke Evans,1,0:59,SAC,free throw,,,,,,,1,,2,Tyreke Evans,,,foul,made,,,,
Dahntay Jones,Earl Watson,Jeff Foster,Mike Dunleavy,Tyler Hansbrough,Beno Udrih,Jason Thompson,Jon Brockman,Omri Casspi,Tyreke Evans,1,0:59,SAC,free throw,,,,,,,2,,2,Tyreke Evans,,,foul,made,,,,
Dahntay Jones,Earl Watson,Jeff Foster,Mike Dunleavy,Tyler Hansbrough,Beno Udrih,Jason Thompson,Jon Brockman,Omri Casspi,Tyreke Evans,1,0:45,IND,shot,Earl Watson,,,,,,,,,Dahntay Jones,2,,,made,,jump,41,14
Dahntay Jones,Earl Watson,Jeff Foster,Mike Dunleavy,Tyler Hansbrough,Beno Udrih,Jason Thompson,Jon Brockman,Omri Casspi,Tyreke Evans,1,0:32,SAC,shot,,,,,,,,,,Jon Brockman,,,,missed,,jump,20,7
Dahntay Jones,Earl Watson,Jeff Foster,Mike Dunleavy,Tyler Hansbrough,Beno Udrih,Jason Thompson,Jon Brockman,Omri Casspi,Tyreke Evans,1,0:30,SAC,rebound,,,,,,,,,,Jon Brockman,,,,,,off,,
Dahntay Jones,Earl Watson,Jeff Foster,Mike Dunleavy,Tyler Hansbrough,Beno Udrih,Jason Thompson,Jon Brockman,Omri Casspi,Tyreke Evans,1,0:29,SAC,shot,,,,,,,,,,Jon Brockman,,,,missed,,layup,25,6
Dahntay Jones,Earl Watson,Jeff Foster,Mike Dunleavy,Tyler Hansbrough,Beno Udrih,Jason Thompson,Jon Brockman,Omri Casspi,Tyreke Evans,1,0:29,SAC,rebound,,,,,,,,,,Jason Thompson,,,,,,off,,
Dahntay Jones,Earl Watson,Jeff Foster,Mike Dunleavy,Tyler Hansbrough,Beno Udrih,Jason Thompson,Jon Brockman,Omri Casspi,Tyreke Evans,1,0:29,SAC,shot,,,,,,,,,,Jason Thompson,,,,missed,,tip,24,7
Dahntay Jones,Earl Watson,Jeff Foster,Mike Dunleavy,Tyler Hansbrough,Beno Udrih,Jason Thompson,Jon Brockman,Omri Casspi,Tyreke Evans,1,0:28,IND,rebound,,,,,,,,,,Jeff Foster,,,,,,def,,
Dahntay Jones,Earl Watson,Jeff Foster,Mike Dunleavy,Tyler Hansbrough,Beno Udrih,Jason Thompson,Jon Brockman,Omri Casspi,Tyreke Evans,1,0:05,IND,shot,,,,,,,,,,Earl Watson,,,,missed,,jump,30,27
Dahntay Jones,Earl Watson,Jeff Foster,Mike Dunleavy,Tyler Hansbrough,Beno Udrih,Jason Thompson,Jon Brockman,Omri Casspi,Tyreke Evans,1,0:03,IND,rebound,,,,,,,,,,Jeff Foster,,,,,,off,,
Dahntay Jones,Earl Watson,Jeff Foster,Mike Dunleavy,Tyler Hansbrough,Beno Udrih,Jason Thompson,Jon Brockman,Omri Casspi,Tyreke Evans,1,0:03,IND,shot,,,,,,,,,,Jeff Foster,,,,missed,,tip,25,6
Dahntay Jones,Earl Watson,Jeff Foster,Mike Dunleavy,Tyler Hansbrough,Beno Udrih,Jason Thompson,Jon Brockman,Omri Casspi,Tyreke Evans,1,0:03,IND,rebound,,,,,,,,,,Jeff Foster,,,,,,off,,
Dahntay Jones,Earl Watson,Jeff Foster,Mike Dunleavy,Tyler Hansbrough,Beno Udrih,Jason Thompson,Jon Brockman,Omri Casspi,Tyreke Evans,1,0:03,IND,shot,,,,,,,,,,Jeff Foster,2,,,made,,tip,25,6
Dahntay Jones,Earl Watson,Jeff Foster,Mike Dunleavy,Tyler Hansbrough,Beno Udrih,Jason Thompson,Jon Brockman,Omri Casspi,Tyreke Evans,1,0:00,SAC,shot,,,,,,,,,,Tyreke Evans,,,,missed,,3pt,2,16
Dahntay Jones,Earl Watson,Jeff Foster,Mike Dunleavy,Tyler Hansbrough,Beno Udrih,Jason Thompson,Jon Brockman,Omri Casspi,Tyreke Evans,1,0:00,SAC,rebound,,,,,,,,,,,,,,,,,,
Dahntay Jones,Earl Watson,Jeff Foster,Mike Dunleavy,Tyler Hansbrough,Beno Udrih,Donte Greene,Jason Thompson,Jon Brockman,Sergio Rodriguez,2,11:40,IND,shot,,,,,,,,,,Dahntay Jones,,,,missed,,layup,25,6
Dahntay Jones,Earl Watson,Jeff Foster,Mike Dunleavy,Tyler Hansbrough,Beno Udrih,Donte Greene,Jason Thompson,Jon Brockman,Sergio Rodriguez,2,11:39,IND,rebound,,,,,,,,,,Jeff Foster,,,,,,off,,
Dahntay Jones,Earl Watson,Jeff Foster,Mike Dunleavy,Tyler Hansbrough,Beno Udrih,Donte Greene,Jason Thompson,Jon Brockman,Sergio Rodriguez,2,11:39,IND,shot,,,,,,,,,,Jeff Foster,,,,missed,,tip,25,6
Dahntay Jones,Earl Watson,Jeff Foster,Mike Dunleavy,Tyler Hansbrough,Beno Udrih,Donte Greene,Jason Thompson,Jon Brockman,Sergio Rodriguez,2,11:38,SAC,rebound,,,,,,,,,,Jon Brockman,,,,,,def,,
Dahntay Jones,Earl Watson,Jeff Foster,Mike Dunleavy,Tyler Hansbrough,Beno Udrih,Donte Greene,Jason Thompson,Jon Brockman,Sergio Rodriguez,2,11:35,SAC,turnover,,,,,,,,,,Jon Brockman,,,bad pass,,,,,
Dahntay Jones,Danny Granger,Earl Watson,Jeff Foster,Mike Dunleavy,Beno Udrih,Donte Greene,Jason Thompson,Jon Brockman,Sergio Rodriguez,2,11:35,IND,sub,,,,Danny Granger,,Tyler Hansbrough,,,,,,,,,,,,
Dahntay Jones,Danny Granger,Earl Watson,Jeff Foster,Mike Dunleavy,Beno Udrih,Donte Greene,Jason Thompson,Jon Brockman,Sergio Rodriguez,2,11:35,IND,timeout,,,,,,,,,,,,,,,,short,,
Dahntay Jones,Danny Granger,Earl Watson,Jeff Foster,Mike Dunleavy,Beno Udrih,Donte Greene,Jason Thompson,Sergio Rodriguez,Tyreke Evans,2,11:35,SAC,sub,,,,Tyreke Evans,,Jon Brockman,,,,,,,,,,,,
Dahntay Jones,Danny Granger,Earl Watson,Jeff Foster,Mike Dunleavy,Beno Udrih,Donte Greene,Jason Thompson,Sergio Rodriguez,Tyreke Evans,2,11:18,IND,turnover,,,,,,,,,,Dahntay Jones,,,poss lost ball turnover,,,,,
Dahntay Jones,Danny Granger,Earl Watson,Jeff Foster,Mike Dunleavy,Beno Udrih,Donte Greene,Jason Thompson,Sergio Rodriguez,Tyreke Evans,2,11:02,SAC,turnover,,,,,,,,,,Donte Greene,,,bad pass,,Earl Watson,,,
Dahntay Jones,Danny Granger,Earl Watson,Jeff Foster,Mike Dunleavy,Beno Udrih,Donte Greene,Jason Thompson,Sergio Rodriguez,Tyreke Evans,2,10:56,IND,shot,,,,,,,,,,Dahntay Jones,2,,,made,,jump,21,10
Dahntay Jones,Danny Granger,Earl Watson,Jeff Foster,Mike Dunleavy,Beno Udrih,Donte Greene,Jason Thompson,Sergio Rodriguez,Tyreke Evans,2,10:41,SAC,turnover,,,,,,,,,,Sergio Rodriguez,,,lost ball,,Earl Watson,,,
Dahntay Jones,Danny Granger,Earl Watson,Jeff Foster,Mike Dunleavy,Beno Udrih,Donte Greene,Jason Thompson,Sergio Rodriguez,Tyreke Evans,2,10:35,IND,turnover,,,,,,,,,,Danny Granger,,,traveling,,,,,
Danny Granger,Earl Watson,Jeff Foster,Mike Dunleavy,Tyler Hansbrough,Beno Udrih,Donte Greene,Jason Thompson,Sergio Rodriguez,Tyreke Evans,2,10:35,IND,sub,,,,Tyler Hansbrough,,Dahntay Jones,,,,,,,,,,,,
Danny Granger,Earl Watson,Jeff Foster,Mike Dunleavy,Tyler Hansbrough,Beno Udrih,Jason Thompson,Jon Brockman,Sergio Rodriguez,Tyreke Evans,2,10:12,SAC,sub,,,,Jon Brockman,,Donte Greene,,,,,,,,,,,,
Danny Granger,Earl Watson,Jeff Foster,Mike Dunleavy,Tyler Hansbrough,Beno Udrih,Jason Thompson,Jon Brockman,Sergio Rodriguez,Tyreke Evans,2,10:10,SAC,foul,,,,,,,,Mike Dunleavy,,Tyreke Evans,,,,,,offensive,,
Danny Granger,Earl Watson,Jeff Foster,Mike Dunleavy,Tyler Hansbrough,Beno Udrih,Jason Thompson,Jon Brockman,Sergio Rodriguez,Tyreke Evans,2,10:10,SAC,turnover,,,,,,,,,,Tyreke Evans,,,foul,,,,,
Danny Granger,Earl Watson,Jeff Foster,Mike Dunleavy,Tyler Hansbrough,Beno Udrih,Jason Thompson,Jon Brockman,Sergio Rodriguez,Tyreke Evans,2,9:57,IND,shot,,,,,,,,,,Tyler Hansbrough,,,,missed,,jump,39,7
Danny Granger,Earl Watson,Jeff Foster,Mike Dunleavy,Tyler Hansbrough,Beno Udrih,Jason Thompson,Jon Brockman,Sergio Rodriguez,Tyreke Evans,2,9:54,IND,rebound,,,,,,,,,,Jeff Foster,,,,,,off,,
Danny Granger,Earl Watson,Jeff Foster,Mike Dunleavy,Tyler Hansbrough,Beno Udrih,Jason Thompson,Jon Brockman,Sergio Rodriguez,Tyreke Evans,2,9:51,IND,shot,,,,,,,,,,Danny Granger,,,,missed,,3pt,15,29
Danny Granger,Earl Watson,Jeff Foster,Mike Dunleavy,Tyler Hansbrough,Beno Udrih,Jason Thompson,Jon Brockman,Sergio Rodriguez,Tyreke Evans,2,9:50,SAC,rebound,,,,,,,,,,Tyreke Evans,,,,,,def,,
Danny Granger,Earl Watson,Jeff Foster,Mike Dunleavy,Tyler Hansbrough,Beno Udrih,Jason Thompson,Jon Brockman,Sergio Rodriguez,Tyreke Evans,2,9:43,SAC,turnover,,,,,,,,,,Tyreke Evans,,,lost ball,,Tyler Hansbrough,,,
Danny Granger,Earl Watson,Jeff Foster,Mike Dunleavy,Tyler Hansbrough,Beno Udrih,Jason Thompson,Jon Brockman,Sergio Rodriguez,Tyreke Evans,2,9:40,SAC,foul,,,,,,,,Tyler Hansbrough,,Jon Brockman,,,,,,shooting,,
Danny Granger,Earl Watson,Jeff Foster,Mike Dunleavy,Tyler Hansbrough,Beno Udrih,Jason Thompson,Jon Brockman,Sergio Rodriguez,Tyreke Evans,2,9:40,IND,free throw,,,,,,,1,,2,Tyler Hansbrough,,,foul,missed,,,,
Danny Granger,Earl Watson,Jeff Foster,Mike Dunleavy,Tyler Hansbrough,Beno Udrih,Jason Thompson,Jon Brockman,Sergio Rodriguez,Tyreke Evans,2,9:40,IND,rebound,,,,,,,,,,,,,,,,,,
Danny Granger,Earl Watson,Jeff Foster,Mike Dunleavy,Tyler Hansbrough,Beno Udrih,Jon Brockman,Sergio Rodriguez,Spencer Hawes,Tyreke Evans,2,9:40,SAC,sub,,,,Spencer Hawes,,Jason Thompson,,,,,,,,,,,,
Danny Granger,Earl Watson,Jeff Foster,Mike Dunleavy,Tyler Hansbrough,Beno Udrih,Jon Brockman,Omri Casspi,Spencer Hawes,Tyreke Evans,2,9:40,SAC,sub,,,,Omri Casspi,,Sergio Rodriguez,,,,,,,,,,,,
Danny Granger,Earl Watson,Jeff Foster,Mike Dunleavy,Tyler Hansbrough,Beno Udrih,Jon Brockman,Omri Casspi,Spencer Hawes,Tyreke Evans,2,9:40,IND,free throw,,,,,,,2,,2,Tyler Hansbrough,,,foul,made,,,,
Danny Granger,Earl Watson,Jeff Foster,Mike Dunleavy,Tyler Hansbrough,Beno Udrih,Jon Brockman,Omri Casspi,Spencer Hawes,Tyreke Evans,2,9:26,IND,foul,,,,,,,,Spencer Hawes,,Danny Granger,,,,,,personal,,
Danny Granger,Earl Watson,Jeff Foster,Mike Dunleavy,Tyler Hansbrough,Beno Udrih,Jon Brockman,Omri Casspi,Spencer Hawes,Tyreke Evans,2,9:19,SAC,shot,,,,,,,,,,Beno Udrih,2,,,made,,pullup jump,13,20
Danny Granger,Earl Watson,Jeff Foster,Mike Dunleavy,Tyler Hansbrough,Beno Udrih,Jon Brockman,Omri Casspi,Spencer Hawes,Tyreke Evans,2,9:09,IND,shot,,,,,,,,,,Mike Dunleavy,2,,,made,,fade away jumper,22,20
Danny Granger,Earl Watson,Jeff Foster,Mike Dunleavy,Tyler Hansbrough,Beno Udrih,Jon Brockman,Omri Casspi,Spencer Hawes,Tyreke Evans,2,8:51,SAC,shot,,,Jeff Foster,,,,,,,Spencer Hawes,,,,missed,,jump,24,26
Danny Granger,Earl Watson,Jeff Foster,Mike Dunleavy,Tyler Hansbrough,Beno Udrih,Jon Brockman,Omri Casspi,Spencer Hawes,Tyreke Evans,2,8:49,IND,rebound,,,,,,,,,,Earl Watson,,,,,,def,,
Danny Granger,Earl Watson,Jeff Foster,Mike Dunleavy,Tyler Hansbrough,Beno Udrih,Jon Brockman,Omri Casspi,Spencer Hawes,Tyreke Evans,2,8:36,IND,shot,Jeff Foster,,,,,,,,,Danny Granger,3,,,made,,3pt,42,25
Danny Granger,Earl Watson,Jeff Foster,Mike Dunleavy,Tyler Hansbrough,Beno Udrih,Jon Brockman,Omri Casspi,Spencer Hawes,Tyreke Evans,2,8:18,SAC,shot,Tyreke Evans,,,,,,,,,Omri Casspi,3,,,made,,3pt,46,20
Danny Granger,Earl Watson,Jeff Foster,Mike Dunleavy,Tyler Hansbrough,Beno Udrih,Jon Brockman,Omri Casspi,Spencer Hawes,Tyreke Evans,2,7:52,IND,shot,,,,,,,,,,Tyler Hansbrough,,,,missed,,3pt,24,31
Danny Granger,Earl Watson,Jeff Foster,Mike Dunleavy,Tyler Hansbrough,Beno Udrih,Jon Brockman,Omri Casspi,Spencer Hawes,Tyreke Evans,2,7:51,SAC,rebound,,,,,,,,,,Beno Udrih,,,,,,def,,
Danny Granger,Earl Watson,Jeff Foster,Mike Dunleavy,Tyler Hansbrough,Beno Udrih,Jon Brockman,Omri Casspi,Spencer Hawes,Tyreke Evans,2,7:41,SAC,shot,,,,,,,,,,Beno Udrih,,,,missed,,jump,38,10
Danny Granger,Earl Watson,Jeff Foster,Mike Dunleavy,Tyler Hansbrough,Beno Udrih,Jon Brockman,Omri Casspi,Spencer Hawes,Tyreke Evans,2,7:40,SAC,rebound,,,,,,,,,,Spencer Hawes,,,,,,off,,
Danny Granger,Earl Watson,Jeff Foster,Mike Dunleavy,Tyler Hansbrough,Beno Udrih,Jon Brockman,Omri Casspi,Spencer Hawes,Tyreke Evans,2,7:37,SAC,shot,,,,,,,,,,Spencer Hawes,,,,missed,,jump hook,25,12
Danny Granger,Earl Watson,Jeff Foster,Mike Dunleavy,Tyler Hansbrough,Beno Udrih,Jon Brockman,Omri Casspi,Spencer Hawes,Tyreke Evans,2,7:36,IND,rebound,,,,,,,,,,Tyler Hansbrough,,,,,,def,,
Danny Granger,Earl Watson,Jeff Foster,Mike Dunleavy,Tyler Hansbrough,Beno Udrih,Jon Brockman,Omri Casspi,Spencer Hawes,Tyreke Evans,2,7:28,IND,shot,,,,,,,,,,Earl Watson,,,,missed,,running jump,18,9
Danny Granger,Earl Watson,Jeff Foster,Mike Dunleavy,Tyler Hansbrough,Beno Udrih,Jon Brockman,Omri Casspi,Spencer Hawes,Tyreke Evans,2,7:27,IND,rebound,,,,,,,,,,Jeff Foster,,,,,,off,,
Danny Granger,Earl Watson,Jeff Foster,Mike Dunleavy,Tyler Hansbrough,Beno Udrih,Jon Brockman,Omri Casspi,Spencer Hawes,Tyreke Evans,2,7:25,IND,shot,,,,,,,,,,Jeff Foster,2,,,made,,jump hook,30,11
Danny Granger,Earl Watson,Jeff Foster,Mike Dunleavy,Tyler Hansbrough,Beno Udrih,Jon Brockman,Omri Casspi,Spencer Hawes,Tyreke Evans,2,7:05,SAC,turnover,,,,,,,,,,Tyreke Evans,,,poss lost ball turnover,,,,,
Danny Granger,Earl Watson,Jeff Foster,Mike Dunleavy,Tyler Hansbrough,Beno Udrih,Jon Brockman,Omri Casspi,Spencer Hawes,Tyreke Evans,2,7:05,IND,timeout,,,,,,,,,,,,,,,,official,,
Dahntay Jones,Danny Granger,Earl Watson,Mike Dunleavy,Tyler Hansbrough,Beno Udrih,Jon Brockman,Omri Casspi,Spencer Hawes,Tyreke Evans,2,7:05,IND,sub,,,,Dahntay Jones,,Jeff Foster,,,,,,,,,,,,
Dahntay Jones,Danny Granger,Earl Watson,Troy Murphy,Tyler Hansbrough,Beno Udrih,Jon Brockman,Omri Casspi,Spencer Hawes,Tyreke Evans,2,7:05,IND,sub,,,,Troy Murphy,,Mike Dunleavy,,,,,,,,,,,,
Dahntay Jones,Danny Granger,T.J. Ford,Troy Murphy,Tyler Hansbrough,Beno Udrih,Jon Brockman,Omri Casspi,Spencer Hawes,Tyreke Evans,2,7:05,IND,sub,,,,T.J. Ford,,Earl Watson,,,,,,,,,,,,
Dahntay Jones,Danny Granger,Roy Hibbert,T.J. Ford,Troy Murphy,Beno Udrih,Jon Brockman,Omri Casspi,Spencer Hawes,Tyreke Evans,2,7:05,IND,sub,,,,Roy Hibbert,,Tyler Hansbrough,,,,,,,,,,,,
Dahntay Jones,Danny Granger,Roy Hibbert,T.J. Ford,Troy Murphy,Beno Udrih,Jason Thompson,Omri Casspi,Spencer Hawes,Tyreke Evans,2,7:05,SAC,sub,,,,Jason Thompson,,Jon Brockman,,,,,,,,,,,,
Dahntay Jones,Danny Granger,Roy Hibbert,T.J. Ford,Troy Murphy,Beno Udrih,Jason Thompson,Omri Casspi,Spencer Hawes,Tyreke Evans,2,7:05,IND,jump ball,,Danny Granger,,,Tyreke Evans,,,,,,,Roy Hibbert,,,,,,
Dahntay Jones,Danny Granger,Roy Hibbert,T.J. Ford,Troy Murphy,Beno Udrih,Jason Thompson,Omri Casspi,Spencer Hawes,Tyreke Evans,2,6:56,SAC,foul,,,,,,,,Danny Granger,,Tyreke Evans,,,,,,personal,,
Dahntay Jones,Danny Granger,Roy Hibbert,T.J. Ford,Troy Murphy,Andres Nocioni,Beno Udrih,Jason Thompson,Omri Casspi,Spencer Hawes,2,6:56,SAC,sub,,,,Andres Nocioni,,Tyreke Evans,,,,,,,,,,,,
Dahntay Jones,Danny Granger,Roy Hibbert,T.J. Ford,Troy Murphy,Andres Nocioni,Beno Udrih,Jason Thompson,Omri Casspi,Spencer Hawes,2,6:44,IND,shot,,,,,,,,,,Dahntay Jones,2,,,made,,fade away jumper,30,12
Dahntay Jones,Danny Granger,Roy Hibbert,T.J. Ford,Troy Murphy,Andres Nocioni,Beno Udrih,Jason Thompson,Omri Casspi,Spencer Hawes,2,6:26,SAC,shot,Spencer Hawes,,,,,,,,,Beno Udrih,2,,,made,,jump,38,8
Dahntay Jones,Danny Granger,Roy Hibbert,T.J. Ford,Troy Murphy,Andres Nocioni,Beno Udrih,Jason Thompson,Omri Casspi,Spencer Hawes,2,6:17,IND,shot,,,,,,,,,,Danny Granger,,,,missed,,3pt,43,22
Dahntay Jones,Danny Granger,Roy Hibbert,T.J. Ford,Troy Murphy,Andres Nocioni,Beno Udrih,Jason Thompson,Omri Casspi,Spencer Hawes,2,6:15,SAC,rebound,,,,,,,,,,Omri Casspi,,,,,,def,,
Dahntay Jones,Danny Granger,Roy Hibbert,T.J. Ford,Troy Murphy,Andres Nocioni,Beno Udrih,Jason Thompson,Omri Casspi,Spencer Hawes,2,6:00,SAC,shot,Andres Nocioni,,,,,,,,,Spencer Hawes,2,,,made,,layup,25,6
Dahntay Jones,Danny Granger,Roy Hibbert,T.J. Ford,Troy Murphy,Andres Nocioni,Beno Udrih,Jason Thompson,Omri Casspi,Spencer Hawes,2,5:34,IND,turnover,,,,,,,,,,Danny Granger,,,lost ball,,Spencer Hawes,,,
Dahntay Jones,Danny Granger,Roy Hibbert,T.J. Ford,Troy Murphy,Andres Nocioni,Beno Udrih,Jason Thompson,Omri Casspi,Spencer Hawes,2,5:29,SAC,shot,Omri Casspi,,,,,,,,,Beno Udrih,2,,,made,,layup,25,6
Dahntay Jones,Danny Granger,Roy Hibbert,T.J. Ford,Troy Murphy,Andres Nocioni,Beno Udrih,Jason Thompson,Omri Casspi,Spencer Hawes,2,5:25,SAC,foul,,,,,,,,Danny Granger,,Spencer Hawes,,,,,,shooting,,
Dahntay Jones,Danny Granger,Roy Hibbert,T.J. Ford,Troy Murphy,Andres Nocioni,Beno Udrih,Jason Thompson,Omri Casspi,Spencer Hawes,2,5:25,SAC,timeout,,,,,,,,,,,,,,,,regular,,
Dahntay Jones,Danny Granger,Roy Hibbert,T.J. Ford,Troy Murphy,Andres Nocioni,Beno Udrih,Jason Thompson,Omri Casspi,Spencer Hawes,2,5:25,IND,free throw,,,,,,,1,,2,Danny Granger,,,foul,missed,,,,
Dahntay Jones,Danny Granger,Roy Hibbert,T.J. Ford,Troy Murphy,Andres Nocioni,Beno Udrih,Jason Thompson,Omri Casspi,Spencer Hawes,2,5:25,IND,rebound,,,,,,,,,,,,,,,,,,
Dahntay Jones,Danny Granger,Roy Hibbert,T.J. Ford,Troy Murphy,Andres Nocioni,Beno Udrih,Jason Thompson,Omri Casspi,Spencer Hawes,2,5:25,IND,free throw,,,,,,,2,,2,Danny Granger,,,foul,made,,,,
Dahntay Jones,Danny Granger,Roy Hibbert,T.J. Ford,Troy Murphy,Andres Nocioni,Beno Udrih,Jason Thompson,Omri Casspi,Spencer Hawes,2,5:04,SAC,shot,,,,,,,,,,Andres Nocioni,2,,,made,,fade away jumper,36,8
Dahntay Jones,Danny Granger,Roy Hibbert,T.J. Ford,Troy Murphy,Andres Nocioni,Beno Udrih,Jason Thompson,Omri Casspi,Spencer Hawes,2,4:46,IND,shot,,,,,,,,,,Roy Hibbert,2,,,made,,jump hook,17,10
Dahntay Jones,Danny Granger,Roy Hibbert,T.J. Ford,Troy Murphy,Andres Nocioni,Beno Udrih,Jason Thompson,Omri Casspi,Spencer Hawes,2,4:31,SAC,shot,,,,,,,,,,Jason Thompson,,,,missed,,running hook,30,10
Dahntay Jones,Danny Granger,Roy Hibbert,T.J. Ford,Troy Murphy,Andres Nocioni,Beno Udrih,Jason Thompson,Omri Casspi,Spencer Hawes,2,4:29,SAC,rebound,,,,,,,,,,Spencer Hawes,,,,,,off,,
Dahntay Jones,Danny Granger,Roy Hibbert,T.J. Ford,Troy Murphy,Andres Nocioni,Beno Udrih,Jason Thompson,Omri Casspi,Spencer Hawes,2,4:28,SAC,shot,,,,,,,,,,Spencer Hawes,2,,,made,,layup,25,6
Dahntay Jones,Danny Granger,Roy Hibbert,T.J. Ford,Troy Murphy,Andres Nocioni,Beno Udrih,Jason Thompson,Omri Casspi,Spencer Hawes,2,4:24,SAC,foul,,,,,,,,Dahntay Jones,,Omri Casspi,,,,,,shooting,,
Dahntay Jones,Danny Granger,Roy Hibbert,T.J. Ford,Troy Murphy,Andres Nocioni,Beno Udrih,Jason Thompson,Omri Casspi,Spencer Hawes,2,4:24,IND,free throw,,,,,,,1,,2,Dahntay Jones,,,foul,made,,,,
Dahntay Jones,Danny Granger,Roy Hibbert,T.J. Ford,Troy Murphy,Andres Nocioni,Beno Udrih,Jason Thompson,Omri Casspi,Spencer Hawes,2,4:24,IND,free throw,,,,,,,2,,2,Dahntay Jones,,,foul,made,,,,
Dahntay Jones,Danny Granger,Roy Hibbert,T.J. Ford,Troy Murphy,Andres Nocioni,Beno Udrih,Jason Thompson,Omri Casspi,Spencer Hawes,2,4:07,SAC,shot,,,,,,,,,,Andres Nocioni,,,,missed,,jump,5,14
Dahntay Jones,Danny Granger,Roy Hibbert,T.J. Ford,Troy Murphy,Andres Nocioni,Beno Udrih,Jason Thompson,Omri Casspi,Spencer Hawes,2,4:05,SAC,rebound,,,,,,,,,,Spencer Hawes,,,,,,off,,
Dahntay Jones,Danny Granger,Roy Hibbert,T.J. Ford,Troy Murphy,Andres Nocioni,Beno Udrih,Jason Thompson,Omri Casspi,Spencer Hawes,2,4:03,SAC,turnover,,,,,,,,,,Spencer Hawes,,,lost ball,,Troy Murphy,,,
Dahntay Jones,Danny Granger,Roy Hibbert,T.J. Ford,Troy Murphy,Andres Nocioni,Beno Udrih,Jason Thompson,Omri Casspi,Spencer Hawes,2,3:55,IND,turnover,,,,,,,,,,Roy Hibbert,,,out of bounds lost ball turnover,,,,,
Dahntay Jones,Danny Granger,Roy Hibbert,T.J. Ford,Troy Murphy,Andres Nocioni,Beno Udrih,Jason Thompson,Omri Casspi,Spencer Hawes,2,3:38,SAC,shot,Beno Udrih,,,,,,,,,Omri Casspi,2,,,made,,layup,27,6
Dahntay Jones,Danny Granger,Roy Hibbert,T.J. Ford,Troy Murphy,Andres Nocioni,Beno Udrih,Jason Thompson,Omri Casspi,Spencer Hawes,2,3:18,IND,shot,,,,,,,,,,Troy Murphy,,,,missed,,jump,44,7
Dahntay Jones,Danny Granger,Roy Hibbert,T.J. Ford,Troy Murphy,Andres Nocioni,Beno Udrih,Jason Thompson,Omri Casspi,Spencer Hawes,2,3:17,SAC,rebound,,,,,,,,,,Spencer Hawes,,,,,,def,,
Dahntay Jones,Danny Granger,Roy Hibbert,T.J. Ford,Troy Murphy,Andres Nocioni,Beno Udrih,Jason Thompson,Omri Casspi,Spencer Hawes,2,3:05,IND,foul,,,,,,,,Jason Thompson,,Roy Hibbert,,,,,,shooting,,
Dahntay Jones,Danny Granger,Roy Hibbert,T.J. Ford,Troy Murphy,Andres Nocioni,Beno Udrih,Jason Thompson,Omri Casspi,Spencer Hawes,2,3:05,SAC,free throw,,,,,,,1,,2,Jason Thompson,,,foul,made,,,,
Dahntay Jones,Danny Granger,Jeff Foster,T.J. Ford,Troy Murphy,Andres Nocioni,Beno Udrih,Jason Thompson,Omri Casspi,Spencer Hawes,2,3:05,IND,sub,,,,Jeff Foster,,Roy Hibbert,,,,,,,,,,,,
Dahntay Jones,Danny Granger,Jeff Foster,T.J. Ford,Troy Murphy,Andres Nocioni,Beno Udrih,Jason Thompson,Omri Casspi,Spencer Hawes,2,3:05,SAC,free throw,,,,,,,2,,2,Jason Thompson,,,foul,made,,,,
Dahntay Jones,Danny Granger,Jeff Foster,T.J. Ford,Troy Murphy,Andres Nocioni,Beno Udrih,Jason Thompson,Omri Casspi,Spencer Hawes,2,2:47,IND,shot,,,Spencer Hawes,,,,,,,Danny Granger,,,,missed,,layup,27,8
Dahntay Jones,Danny Granger,Jeff Foster,T.J. Ford,Troy Murphy,Andres Nocioni,Beno Udrih,Jason Thompson,Omri Casspi,Spencer Hawes,2,2:45,SAC,rebound,,,,,,,,,,Andres Nocioni,,,,,,def,,
Dahntay Jones,Danny Granger,Jeff Foster,T.J. Ford,Troy Murphy,Andres Nocioni,Beno Udrih,Jason Thompson,Omri Casspi,Spencer Hawes,2,2:40,SAC,shot,Omri Casspi,,,,,,,,,Beno Udrih,3,,,made,,3pt,38,27
Dahntay Jones,Danny Granger,Jeff Foster,T.J. Ford,Troy Murphy,Andres Nocioni,Beno Udrih,Jason Thompson,Omri Casspi,Spencer Hawes,2,2:34,IND,timeout,,,,,,,,,,,,,,,,regular,,
Dahntay Jones,Danny Granger,Jeff Foster,T.J. Ford,Troy Murphy,Andres Nocioni,Beno Udrih,Jason Thompson,Omri Casspi,Spencer Hawes,2,2:29,IND,shot,,,,,,,,,,Danny Granger,,,,missed,,jump,44,8
Dahntay Jones,Danny Granger,Jeff Foster,T.J. Ford,Troy Murphy,Andres Nocioni,Beno Udrih,Jason Thompson,Omri Casspi,Spencer Hawes,2,2:28,IND,rebound,,,,,,,,,,Dahntay Jones,,,,,,off,,
Dahntay Jones,Danny Granger,Jeff Foster,T.J. Ford,Troy Murphy,Andres Nocioni,Beno Udrih,Jason Thompson,Omri Casspi,Spencer Hawes,2,2:26,IND,shot,,,,,,,,,,Dahntay Jones,2,,,made,,dunk,25,6
Dahntay Jones,Danny Granger,Jeff Foster,T.J. Ford,Troy Murphy,Andres Nocioni,Beno Udrih,Jason Thompson,Omri Casspi,Spencer Hawes,2,2:14,SAC,foul,,,,,,,,Dahntay Jones,,Omri Casspi,,,,,,offensive,,
Dahntay Jones,Danny Granger,Jeff Foster,T.J. Ford,Troy Murphy,Andres Nocioni,Beno Udrih,Jason Thompson,Omri Casspi,Spencer Hawes,2,2:14,SAC,turnover,,,,,,,,,,Omri Casspi,,,foul,,,,,
Dahntay Jones,Danny Granger,Jeff Foster,T.J. Ford,Troy Murphy,Andres Nocioni,Beno Udrih,Jason Thompson,Omri Casspi,Spencer Hawes,2,1:58,IND,shot,,,,,,,,,,Troy Murphy,,,,missed,,jump,30,8
Dahntay Jones,Danny Granger,Jeff Foster,T.J. Ford,Troy Murphy,Andres Nocioni,Beno Udrih,Jason Thompson,Omri Casspi,Spencer Hawes,2,1:56,IND,rebound,,,,,,,,,,Troy Murphy,,,,,,off,,
Dahntay Jones,Danny Granger,Jeff Foster,T.J. Ford,Troy Murphy,Andres Nocioni,Beno Udrih,Jason Thompson,Omri Casspi,Spencer Hawes,2,1:56,IND,shot,,,,,,,,,,Troy Murphy,2,,,made,,tip,25,6
Dahntay Jones,Danny Granger,Jeff Foster,T.J. Ford,Troy Murphy,Andres Nocioni,Beno Udrih,Jason Thompson,Omri Casspi,Spencer Hawes,2,1:42,SAC,shot,,,,,,,,,,Andres Nocioni,,,,missed,,3pt,3,17
Dahntay Jones,Danny Granger,Jeff Foster,T.J. Ford,Troy Murphy,Andres Nocioni,Beno Udrih,Jason Thompson,Omri Casspi,Spencer Hawes,2,1:42,SAC,rebound,,,,,,,,,,,,,,,,,,
Dahntay Jones,Danny Granger,Jeff Foster,T.J. Ford,Troy Murphy,Andres Nocioni,Beno Udrih,Jason Thompson,Omri Casspi,Spencer Hawes,2,1:42,IND,foul,,,,,,,,Spencer Hawes,,Troy Murphy,,,,,,loose ball,,
Dahntay Jones,Danny Granger,Jeff Foster,T.J. Ford,Troy Murphy,Andres Nocioni,Beno Udrih,Jason Thompson,Omri Casspi,Spencer Hawes,2,1:34,SAC,shot,Beno Udrih,,,,,,,,,Jason Thompson,2,,,made,,jump,39,15
Dahntay Jones,Danny Granger,Jeff Foster,T.J. Ford,Troy Murphy,Andres Nocioni,Beno Udrih,Jason Thompson,Omri Casspi,Spencer Hawes,2,1:25,IND,shot,,,,,,,,,,T.J. Ford,,,,missed,,jump,39,15
Dahntay Jones,Danny Granger,Jeff Foster,T.J. Ford,Troy Murphy,Andres Nocioni,Beno Udrih,Jason Thompson,Omri Casspi,Spencer Hawes,2,1:24,SAC,rebound,,,,,,,,,,Omri Casspi,,,,,,def,,
Dahntay Jones,Danny Granger,Jeff Foster,T.J. Ford,Troy Murphy,Andres Nocioni,Beno Udrih,Jason Thompson,Omri Casspi,Spencer Hawes,2,1:14,SAC,shot,Andres Nocioni,,,,,,,,,Jason Thompson,2,,,made,,jump,37,21
Dahntay Jones,Danny Granger,Jeff Foster,T.J. Ford,Troy Murphy,Andres Nocioni,Beno Udrih,Jason Thompson,Omri Casspi,Spencer Hawes,2,0:57,IND,shot,Troy Murphy,,,,,,,,,Danny Granger,3,,,made,,3pt,41,24
Dahntay Jones,Danny Granger,Jeff Foster,T.J. Ford,Troy Murphy,Andres Nocioni,Beno Udrih,Jason Thompson,Omri Casspi,Spencer Hawes,2,0:36,SAC,shot,Omri Casspi,,,,,,,,,Jason Thompson,2,,,made,,jump,18,24
Dahntay Jones,Danny Granger,Jeff Foster,T.J. Ford,Troy Murphy,Andres Nocioni,Beno Udrih,Jason Thompson,Omri Casspi,Spencer Hawes,2,0:28,IND,shot,,,,,,,,,,Danny Granger,,,,missed,,3pt,18,30
Dahntay Jones,Danny Granger,Jeff Foster,T.J. Ford,Troy Murphy,Andres Nocioni,Beno Udrih,Jason Thompson,Omri Casspi,Spencer Hawes,2,0:26,SAC,rebound,,,,,,,,,,Jason Thompson,,,,,,def,,
Dahntay Jones,Danny Granger,Jeff Foster,T.J. Ford,Troy Murphy,Andres Nocioni,Beno Udrih,Jason Thompson,Omri Casspi,Spencer Hawes,2,0:22,SAC,shot,Jason Thompson,,,,,,,,,Andres Nocioni,2,,,made,,layup,25,6
Dahntay Jones,Danny Granger,Jeff Foster,T.J. Ford,Troy Murphy,Andres Nocioni,Beno Udrih,Jason Thompson,Omri Casspi,Spencer Hawes,2,0:02,IND,shot,,,,,,,,,,Dahntay Jones,,,,missed,,3pt,5,21
Dahntay Jones,Danny Granger,Jeff Foster,T.J. Ford,Troy Murphy,Andres Nocioni,Beno Udrih,Jason Thompson,Omri Casspi,Spencer Hawes,2,0:01,IND,rebound,,,,,,,,,,Jeff Foster,,,,,,off,,
Dahntay Jones,Danny Granger,Jeff Foster,T.J. Ford,Troy Murphy,Andres Nocioni,Beno Udrih,Jason Thompson,Omri Casspi,Spencer Hawes,2,0:00,IND,shot,,,,,,,,,,Jeff Foster,,,,missed,,jump hook,22,12
Dahntay Jones,Danny Granger,Jeff Foster,T.J. Ford,Troy Murphy,Andres Nocioni,Beno Udrih,Jason Thompson,Omri Casspi,Spencer Hawes,2,0:00,IND,rebound,,,,,,,,,,,,,,,,,,
Dahntay Jones,Danny Granger,Roy Hibbert,T.J. Ford,Troy Murphy,Andres Nocioni,Beno Udrih,Jason Thompson,Spencer Hawes,Tyreke Evans,3,11:45,IND,shot,,,,,,,,,,Troy Murphy,2,,,made,,driving layup,25,6
Dahntay Jones,Danny Granger,Roy Hibbert,T.J. Ford,Troy Murphy,Andres Nocioni,Beno Udrih,Jason Thompson,Spencer Hawes,Tyreke Evans,3,11:29,SAC,shot,,,,,,,,,,Spencer Hawes,,,,missed,,jump hook,14,7
Dahntay Jones,Danny Granger,Roy Hibbert,T.J. Ford,Troy Murphy,Andres Nocioni,Beno Udrih,Jason Thompson,Spencer Hawes,Tyreke Evans,3,11:28,IND,rebound,,,,,,,,,,Roy Hibbert,,,,,,def,,
Dahntay Jones,Danny Granger,Roy Hibbert,T.J. Ford,Troy Murphy,Andres Nocioni,Beno Udrih,Jason Thompson,Spencer Hawes,Tyreke Evans,3,11:22,IND,turnover,,,,,,,,,,T.J. Ford,,,bad pass,,,,,
Dahntay Jones,Danny Granger,Roy Hibbert,T.J. Ford,Troy Murphy,Andres Nocioni,Beno Udrih,Jason Thompson,Spencer Hawes,Tyreke Evans,3,11:07,SAC,shot,Beno Udrih,,,,,,,,,Spencer Hawes,2,,,made,,jump,15,23
Dahntay Jones,Danny Granger,Roy Hibbert,T.J. Ford,Troy Murphy,Andres Nocioni,Beno Udrih,Jason Thompson,Spencer Hawes,Tyreke Evans,3,10:42,IND,shot,,,,,,,,,,T.J. Ford,,,,missed,,jump,30,16
Dahntay Jones,Danny Granger,Roy Hibbert,T.J. Ford,Troy Murphy,Andres Nocioni,Beno Udrih,Jason Thompson,Spencer Hawes,Tyreke Evans,3,10:41,SAC,rebound,,,,,,,,,,Beno Udrih,,,,,,def,,
Dahntay Jones,Danny Granger,Roy Hibbert,T.J. Ford,Troy Murphy,Andres Nocioni,Beno Udrih,Jason Thompson,Spencer Hawes,Tyreke Evans,3,10:34,SAC,shot,,,Roy Hibbert,,,,,,,Jason Thompson,,,,missed,,jump,30,7
Dahntay Jones,Danny Granger,Roy Hibbert,T.J. Ford,Troy Murphy,Andres Nocioni,Beno Udrih,Jason Thompson,Spencer Hawes,Tyreke Evans,3,10:33,SAC,rebound,,,,,,,,,,Jason Thompson,,,,,,off,,
Dahntay Jones,Danny Granger,Roy Hibbert,T.J. Ford,Troy Murphy,Andres Nocioni,Beno Udrih,Jason Thompson,Spencer Hawes,Tyreke Evans,3,10:29,SAC,shot,,,,,,,,,,Beno Udrih,,,,missed,,3pt,44,20
Dahntay Jones,Danny Granger,Roy Hibbert,T.J. Ford,Troy Murphy,Andres Nocioni,Beno Udrih,Jason Thompson,Spencer Hawes,Tyreke Evans,3,10:28,IND,rebound,,,,,,,,,,Troy Murphy,,,,,,def,,
Dahntay Jones,Danny Granger,Roy Hibbert,T.J. Ford,Troy Murphy,Andres Nocioni,Beno Udrih,Jason Thompson,Spencer Hawes,Tyreke Evans,3,10:21,SAC,foul,,,,,,,,Danny Granger,,Spencer Hawes,,,,,,shooting,,
Dahntay Jones,Danny Granger,Roy Hibbert,T.J. Ford,Troy Murphy,Andres Nocioni,Beno Udrih,Jason Thompson,Spencer Hawes,Tyreke Evans,3,10:21,IND,free throw,,,,,,,1,,2,Danny Granger,,,foul,made,,,,
Dahntay Jones,Danny Granger,Roy Hibbert,T.J. Ford,Troy Murphy,Andres Nocioni,Beno Udrih,Jason Thompson,Spencer Hawes,Tyreke Evans,3,10:21,IND,free throw,,,,,,,2,,2,Danny Granger,,,foul,made,,,,
Dahntay Jones,Danny Granger,Roy Hibbert,T.J. Ford,Troy Murphy,Andres Nocioni,Beno Udrih,Jason Thompson,Spencer Hawes,Tyreke Evans,3,9:59,SAC,shot,Andres Nocioni,,,,,,,,,Spencer Hawes,3,,,made,,3pt,48,9
Dahntay Jones,Danny Granger,Roy Hibbert,T.J. Ford,Troy Murphy,Andres Nocioni,Beno Udrih,Jason Thompson,Spencer Hawes,Tyreke Evans,3,9:40,IND,shot,,,,,,,,,,Roy Hibbert,,,,missed,,jump,20,9
Dahntay Jones,Danny Granger,Roy Hibbert,T.J. Ford,Troy Murphy,Andres Nocioni,Beno Udrih,Jason Thompson,Spencer Hawes,Tyreke Evans,3,9:39,SAC,rebound,,,,,,,,,,Spencer Hawes,,,,,,def,,
Dahntay Jones,Danny Granger,Roy Hibbert,T.J. Ford,Troy Murphy,Andres Nocioni,Beno Udrih,Jason Thompson,Spencer Hawes,Tyreke Evans,3,9:32,SAC,shot,,,,,,,,,,Tyreke Evans,2,,,made,,pullup jump,33,21
Dahntay Jones,Danny Granger,Roy Hibbert,T.J. Ford,Troy Murphy,Andres Nocioni,Beno Udrih,Jason Thompson,Spencer Hawes,Tyreke Evans,3,9:21,IND,shot,T.J. Ford,,,,,,,,,Troy Murphy,3,,,made,,3pt,25,31
Dahntay Jones,Danny Granger,Roy Hibbert,T.J. Ford,Troy Murphy,Andres Nocioni,Beno Udrih,Jason Thompson,Spencer Hawes,Tyreke Evans,3,8:58,SAC,shot,Beno Udrih,,,,,,,,,Spencer Hawes,2,,,made,,layup,25,6
Dahntay Jones,Danny Granger,Roy Hibbert,T.J. Ford,Troy Murphy,Andres Nocioni,Beno Udrih,Jason Thompson,Spencer Hawes,Tyreke Evans,3,8:49,IND,turnover,,,,,,,,,,Danny Granger,,,bad pass,,,,,
Dahntay Jones,Danny Granger,Roy Hibbert,T.J. Ford,Troy Murphy,Andres Nocioni,Beno Udrih,Jason Thompson,Spencer Hawes,Tyreke Evans,3,8:37,SAC,turnover,,,,,,,,,,Beno Udrih,,,bad pass,,,,,
Dahntay Jones,Danny Granger,Roy Hibbert,T.J. Ford,Troy Murphy,Andres Nocioni,Beno Udrih,Jason Thompson,Spencer Hawes,Tyreke Evans,3,8:20,IND,shot,,,,,,,,,,Danny Granger,,,,missed,,jump,9,13
Dahntay Jones,Danny Granger,Roy Hibbert,T.J. Ford,Troy Murphy,Andres Nocioni,Beno Udrih,Jason Thompson,Spencer Hawes,Tyreke Evans,3,8:19,SAC,rebound,,,,,,,,,,Beno Udrih,,,,,,def,,
Dahntay Jones,Danny Granger,Roy Hibbert,T.J. Ford,Troy Murphy,Andres Nocioni,Beno Udrih,Jason Thompson,Spencer Hawes,Tyreke Evans,3,8:07,SAC,shot,,,,,,,,,,Tyreke Evans,2,,,made,,driving layup,25,6
Dahntay Jones,Danny Granger,Roy Hibbert,T.J. Ford,Troy Murphy,Andres Nocioni,Beno Udrih,Jason Thompson,Spencer Hawes,Tyreke Evans,3,8:05,IND,timeout,,,,,,,,,,,,,,,,regular,,
Dahntay Jones,Danny Granger,Roy Hibbert,T.J. Ford,Troy Murphy,Andres Nocioni,Beno Udrih,Jason Thompson,Spencer Hawes,Tyreke Evans,3,7:53,IND,turnover,,,,,,,,,,Roy Hibbert,,,poss lost ball turnover,,,,,
Dahntay Jones,Danny Granger,Roy Hibbert,T.J. Ford,Troy Murphy,Andres Nocioni,Beno Udrih,Jason Thompson,Spencer Hawes,Tyreke Evans,3,7:38,SAC,shot,Tyreke Evans,,,,,,,,,Jason Thompson,2,,,made,,jump,10,20
Dahntay Jones,Danny Granger,Roy Hibbert,T.J. Ford,Troy Murphy,Andres Nocioni,Beno Udrih,Jason Thompson,Spencer Hawes,Tyreke Evans,3,7:30,IND,foul,,,,,,,,Tyreke Evans,,Dahntay Jones,,,,,,offensive,,
Dahntay Jones,Danny Granger,Roy Hibbert,T.J. Ford,Troy Murphy,Andres Nocioni,Beno Udrih,Jason Thompson,Spencer Hawes,Tyreke Evans,3,7:30,IND,turnover,,,,,,,,,,Dahntay Jones,,,foul,,,,,
Dahntay Jones,Danny Granger,Roy Hibbert,T.J. Ford,Troy Murphy,Andres Nocioni,Beno Udrih,Jason Thompson,Spencer Hawes,Tyreke Evans,3,7:17,SAC,shot,Tyreke Evans,,,,,,,,,Spencer Hawes,3,,,made,,3pt,38,27
Dahntay Jones,Danny Granger,Roy Hibbert,T.J. Ford,Troy Murphy,Andres Nocioni,Beno Udrih,Jason Thompson,Spencer Hawes,Tyreke Evans,3,6:52,IND,shot,,,,,,,,,,Roy Hibbert,,,,missed,,layup,25,6
Dahntay Jones,Danny Granger,Roy Hibbert,T.J. Ford,Troy Murphy,Andres Nocioni,Beno Udrih,Jason Thompson,Spencer Hawes,Tyreke Evans,3,6:51,IND,rebound,,,,,,,,,,Roy Hibbert,,,,,,off,,
Dahntay Jones,Danny Granger,Roy Hibbert,T.J. Ford,Troy Murphy,Andres Nocioni,Beno Udrih,Jason Thompson,Spencer Hawes,Tyreke Evans,3,6:51,IND,shot,,,,,,,,,,Roy Hibbert,,,,missed,,tip,25,6
Dahntay Jones,Danny Granger,Roy Hibbert,T.J. Ford,Troy Murphy,Andres Nocioni,Beno Udrih,Jason Thompson,Spencer Hawes,Tyreke Evans,3,6:50,IND,rebound,,,,,,,,,,Roy Hibbert,,,,,,off,,
Dahntay Jones,Danny Granger,Roy Hibbert,T.J. Ford,Troy Murphy,Andres Nocioni,Beno Udrih,Jason Thompson,Spencer Hawes,Tyreke Evans,3,6:44,IND,shot,,,,,,,,,,T.J. Ford,,,,missed,,3pt,27,30
Dahntay Jones,Danny Granger,Roy Hibbert,T.J. Ford,Troy Murphy,Andres Nocioni,Beno Udrih,Jason Thompson,Spencer Hawes,Tyreke Evans,3,6:43,IND,rebound,,,,,,,,,,,,,,,,,,
Dahntay Jones,Danny Granger,Roy Hibbert,T.J. Ford,Troy Murphy,Andres Nocioni,Beno Udrih,Jason Thompson,Spencer Hawes,Tyreke Evans,3,6:43,SAC,foul,,,,,,,,T.J. Ford,,Tyreke Evans,,,,,,loose ball,,
Dahntay Jones,Danny Granger,Earl Watson,T.J. Ford,Troy Murphy,Andres Nocioni,Beno Udrih,Jason Thompson,Spencer Hawes,Tyreke Evans,3,6:43,IND,sub,,,,Earl Watson,,Roy Hibbert,,,,,,,,,,,,
Danny Granger,Earl Watson,Jeff Foster,T.J. Ford,Troy Murphy,Andres Nocioni,Beno Udrih,Jason Thompson,Spencer Hawes,Tyreke Evans,3,6:43,IND,sub,,,,Jeff Foster,,Dahntay Jones,,,,,,,,,,,,
Danny Granger,Earl Watson,Jeff Foster,Mike Dunleavy,Troy Murphy,Andres Nocioni,Beno Udrih,Jason Thompson,Spencer Hawes,Tyreke Evans,3,6:43,IND,sub,,,,Mike Dunleavy,,T.J. Ford,,,,,,,,,,,,
Danny Granger,Earl Watson,Jeff Foster,Mike Dunleavy,Troy Murphy,Andres Nocioni,Beno Udrih,Jason Thompson,Spencer Hawes,Tyreke Evans,3,6:42,SAC,foul,,,,,,,,Earl Watson,,Andres Nocioni,,,,,,personal,,
Danny Granger,Earl Watson,Jeff Foster,Mike Dunleavy,Troy Murphy,Andres Nocioni,Beno Udrih,Jason Thompson,Omri Casspi,Spencer Hawes,3,6:42,SAC,sub,,,,Omri Casspi,,Tyreke Evans,,,,,,,,,,,,
Danny Granger,Earl Watson,Jeff Foster,Mike Dunleavy,Troy Murphy,Andres Nocioni,Beno Udrih,Jason Thompson,Omri Casspi,Spencer Hawes,3,6:38,SAC,foul,,,,,,,,Danny Granger,,Andres Nocioni,,,,,,personal,,
Danny Granger,Earl Watson,Jeff Foster,Mike Dunleavy,Troy Murphy,Andres Nocioni,Beno Udrih,Jason Thompson,Omri Casspi,Spencer Hawes,3,6:28,SAC,foul,,,,,,,,Danny Granger,,Andres Nocioni,,,,,,shooting,,
Danny Granger,Earl Watson,Jeff Foster,Mike Dunleavy,Troy Murphy,Beno Udrih,Ime Udoka,Jason Thompson,Omri Casspi,Spencer Hawes,3,6:28,SAC,sub,,,,Ime Udoka,,Andres Nocioni,,,,,,,,,,,,
Danny Granger,Earl Watson,Jeff Foster,Mike Dunleavy,Troy Murphy,Beno Udrih,Ime Udoka,Jason Thompson,Omri Casspi,Spencer Hawes,3,6:28,IND,free throw,,,,,,,1,,2,Danny Granger,,,foul,made,,,,
Danny Granger,Earl Watson,Jeff Foster,Mike Dunleavy,Troy Murphy,Beno Udrih,Ime Udoka,Jason Thompson,Omri Casspi,Spencer Hawes,3,6:28,IND,free throw,,,,,,,2,,2,Danny Granger,,,foul,made,,,,
Danny Granger,Earl Watson,Jeff Foster,Mike Dunleavy,Troy Murphy,Beno Udrih,Ime Udoka,Jason Thompson,Omri Casspi,Spencer Hawes,3,6:14,SAC,shot,,,,,,,,,,Ime Udoka,,,,missed,,jump,41,16
Danny Granger,Earl Watson,Jeff Foster,Mike Dunleavy,Troy Murphy,Beno Udrih,Ime Udoka,Jason Thompson,Omri Casspi,Spencer Hawes,3,6:12,IND,rebound,,,,,,,,,,Jeff Foster,,,,,,def,,
Danny Granger,Earl Watson,Jeff Foster,Mike Dunleavy,Troy Murphy,Beno Udrih,Ime Udoka,Jason Thompson,Omri Casspi,Spencer Hawes,3,6:00,IND,shot,,,,,,,,,,Mike Dunleavy,2,,,made,,jump hook,15,8
Danny Granger,Earl Watson,Jeff Foster,Mike Dunleavy,Troy Murphy,Beno Udrih,Ime Udoka,Jason Thompson,Omri Casspi,Spencer Hawes,3,5:46,SAC,shot,,,,,,,,,,Jason Thompson,,,,missed,,reverse layup,25,6
Danny Granger,Earl Watson,Jeff Foster,Mike Dunleavy,Troy Murphy,Beno Udrih,Ime Udoka,Jason Thompson,Omri Casspi,Spencer Hawes,3,5:45,IND,rebound,,,,,,,,,,Jeff Foster,,,,,,def,,
Danny Granger,Earl Watson,Jeff Foster,Mike Dunleavy,Troy Murphy,Beno Udrih,Ime Udoka,Jason Thompson,Omri Casspi,Spencer Hawes,3,5:37,IND,shot,,,,,,,,,,Troy Murphy,2,,,made,,jump bank,20,8
Danny Granger,Earl Watson,Jeff Foster,Mike Dunleavy,Troy Murphy,Beno Udrih,Ime Udoka,Jason Thompson,Omri Casspi,Spencer Hawes,3,5:22,SAC,shot,,,,,,,,,,Jason Thompson,,,,missed,,jump,30,26
Danny Granger,Earl Watson,Jeff Foster,Mike Dunleavy,Troy Murphy,Beno Udrih,Ime Udoka,Jason Thompson,Omri Casspi,Spencer Hawes,3,5:21,IND,rebound,,,,,,,,,,Earl Watson,,,,,,def,,
Danny Granger,Earl Watson,Jeff Foster,Mike Dunleavy,Troy Murphy,Beno Udrih,Ime Udoka,Jason Thompson,Omri Casspi,Spencer Hawes,3,5:17,SAC,foul,,,,,,,,Earl Watson,,Beno Udrih,,,,,,personal,,
Dahntay Jones,Earl Watson,Jeff Foster,Mike Dunleavy,Troy Murphy,Beno Udrih,Ime Udoka,Jason Thompson,Omri Casspi,Spencer Hawes,3,5:17,IND,sub,,,,Dahntay Jones,,Danny Granger,,,,,,,,,,,,
Dahntay Jones,Earl Watson,Jeff Foster,Mike Dunleavy,Tyler Hansbrough,Beno Udrih,Ime Udoka,Jason Thompson,Omri Casspi,Spencer Hawes,3,5:17,IND,sub,,,,Tyler Hansbrough,,Troy Murphy,,,,,,,,,,,,
Dahntay Jones,Earl Watson,Jeff Foster,Mike Dunleavy,Tyler Hansbrough,Beno Udrih,Ime Udoka,Jason Thompson,Omri Casspi,Spencer Hawes,3,5:17,IND,free throw,,,,,,,1,,2,Earl Watson,,,foul,made,,,,
Dahntay Jones,Earl Watson,Jeff Foster,Mike Dunleavy,Tyler Hansbrough,Beno Udrih,Ime Udoka,Jason Thompson,Omri Casspi,Tyreke Evans,3,5:17,SAC,sub,,,,Tyreke Evans,,Spencer Hawes,,,,,,,,,,,,
Dahntay Jones,Earl Watson,Jeff Foster,Mike Dunleavy,Tyler Hansbrough,Beno Udrih,Jason Thompson,Jon Brockman,Omri Casspi,Tyreke Evans,3,5:17,SAC,sub,,,,Jon Brockman,,Ime Udoka,,,,,,,,,,,,
Dahntay Jones,Earl Watson,Jeff Foster,Mike Dunleavy,Tyler Hansbrough,Beno Udrih,Jason Thompson,Jon Brockman,Omri Casspi,Tyreke Evans,3,5:17,IND,free throw,,,,,,,2,,2,Earl Watson,,,foul,missed,,,,
Dahntay Jones,Earl Watson,Jeff Foster,Mike Dunleavy,Tyler Hansbrough,Beno Udrih,Jason Thompson,Jon Brockman,Omri Casspi,Tyreke Evans,3,5:16,IND,rebound,,,,,,,,,,Jeff Foster,,,,,,off,,
Dahntay Jones,Earl Watson,Jeff Foster,Mike Dunleavy,Tyler Hansbrough,Beno Udrih,Jason Thompson,Jon Brockman,Omri Casspi,Tyreke Evans,3,5:10,IND,shot,Dahntay Jones,,,,,,,,,Earl Watson,2,,,made,,jump,8,17
Dahntay Jones,Earl Watson,Jeff Foster,Mike Dunleavy,Tyler Hansbrough,Beno Udrih,Jason Thompson,Jon Brockman,Omri Casspi,Tyreke Evans,3,4:51,IND,foul,,,,,,,,Tyreke Evans,,Dahntay Jones,,,,,,personal,,
Dahntay Jones,Earl Watson,Jeff Foster,Mike Dunleavy,Tyler Hansbrough,Beno Udrih,Jason Thompson,Jon Brockman,Omri Casspi,Tyreke Evans,3,4:44,IND,foul,,,,,,,,Jason Thompson,,Earl Watson,,,,,,personal,,
Dahntay Jones,Earl Watson,Jeff Foster,Mike Dunleavy,Tyler Hansbrough,Beno Udrih,Jason Thompson,Jon Brockman,Omri Casspi,Tyreke Evans,3,4:33,SAC,shot,,,,,,,,,,Beno Udrih,,,,missed,,jump,36,22
Dahntay Jones,Earl Watson,Jeff Foster,Mike Dunleavy,Tyler Hansbrough,Beno Udrih,Jason Thompson,Jon Brockman,Omri Casspi,Tyreke Evans,3,4:33,SAC,rebound,,,,,,,,,,,,,,,,,,
Dahntay Jones,Earl Watson,Jeff Foster,Mike Dunleavy,Tyler Hansbrough,Beno Udrih,Jason Thompson,Jon Brockman,Omri Casspi,Tyreke Evans,3,4:33,IND,foul,,,,,,,,Jason Thompson,,Tyler Hansbrough,,,,,,loose ball,,
Dahntay Jones,Earl Watson,Jeff Foster,Mike Dunleavy,Tyler Hansbrough,Beno Udrih,Jason Thompson,Jon Brockman,Omri Casspi,Tyreke Evans,3,4:26,SAC,shot,,,,,,,,,,Omri Casspi,2,,,made,,turnaround fade away,29,13
Dahntay Jones,Earl Watson,Jeff Foster,Mike Dunleavy,Tyler Hansbrough,Beno Udrih,Jason Thompson,Jon Brockman,Omri Casspi,Tyreke Evans,3,4:11,IND,shot,,,,,,,,,,Earl Watson,,,,missed,,3pt,22,31
Dahntay Jones,Earl Watson,Jeff Foster,Mike Dunleavy,Tyler Hansbrough,Beno Udrih,Jason Thompson,Jon Brockman,Omri Casspi,Tyreke Evans,3,4:10,IND,rebound,,,,,,,,,,Mike Dunleavy,,,,,,off,,
Dahntay Jones,Earl Watson,Jeff Foster,Mike Dunleavy,Tyler Hansbrough,Beno Udrih,Jason Thompson,Jon Brockman,Omri Casspi,Tyreke Evans,3,4:02,IND,shot,,,,,,,,,,Earl Watson,2,,,made,,floating jump,24,12
Dahntay Jones,Earl Watson,Jeff Foster,Mike Dunleavy,Tyler Hansbrough,Beno Udrih,Jason Thompson,Jon Brockman,Omri Casspi,Tyreke Evans,3,3:36,SAC,shot,,,,,,,,,,Beno Udrih,,,,missed,,jump,44,21
Dahntay Jones,Earl Watson,Jeff Foster,Mike Dunleavy,Tyler Hansbrough,Beno Udrih,Jason Thompson,Jon Brockman,Omri Casspi,Tyreke Evans,3,3:35,IND,rebound,,,,,,,,,,Mike Dunleavy,,,,,,def,,
Dahntay Jones,Earl Watson,Jeff Foster,Mike Dunleavy,Tyler Hansbrough,Beno Udrih,Jason Thompson,Jon Brockman,Omri Casspi,Tyreke Evans,3,3:24,IND,shot,,,Jason Thompson,,,,,,,Mike Dunleavy,,,,missed,,jump,29,9
Dahntay Jones,Earl Watson,Jeff Foster,Mike Dunleavy,Tyler Hansbrough,Beno Udrih,Jason Thompson,Jon Brockman,Omri Casspi,Tyreke Evans,3,3:23,IND,rebound,,,,,,,,,,Dahntay Jones,,,,,,off,,
Dahntay Jones,Earl Watson,Jeff Foster,Mike Dunleavy,Tyler Hansbrough,Beno Udrih,Jason Thompson,Jon Brockman,Omri Casspi,Tyreke Evans,3,3:15,IND,shot,,,,,,,,,,Earl Watson,2,,,made,,running bank,18,8
Dahntay Jones,Earl Watson,Jeff Foster,Mike Dunleavy,Tyler Hansbrough,Beno Udrih,Jason Thompson,Jon Brockman,Omri Casspi,Tyreke Evans,3,2:58,SAC,turnover,,,,,,,,,,Beno Udrih,,,step out of bounds turnover,,,,,
Dahntay Jones,Earl Watson,Jeff Foster,Mike Dunleavy,Tyler Hansbrough,Beno Udrih,Jason Thompson,Jon Brockman,Omri Casspi,Tyreke Evans,3,2:58,SAC,timeout,,,,,,,,,,,,,,,,regular,,
Dahntay Jones,Earl Watson,Jeff Foster,Mike Dunleavy,Tyler Hansbrough,Andres Nocioni,Jason Thompson,Jon Brockman,Omri Casspi,Tyreke Evans,3,2:58,SAC,sub,,,,Andres Nocioni,,Beno Udrih,,,,,,,,,,,,
Dahntay Jones,Earl Watson,Jeff Foster,Mike Dunleavy,Tyler Hansbrough,Andres Nocioni,Jason Thompson,Omri Casspi,Sergio Rodriguez,Tyreke Evans,3,2:58,SAC,sub,,,,Sergio Rodriguez,,Jon Brockman,,,,,,,,,,,,
Dahntay Jones,Earl Watson,Jeff Foster,Mike Dunleavy,Tyler Hansbrough,Andres Nocioni,Jason Thompson,Omri Casspi,Sergio Rodriguez,Tyreke Evans,3,2:39,IND,shot,,,,,,,,,,Dahntay Jones,2,,,made,,jump,38,15
Dahntay Jones,Earl Watson,Jeff Foster,Mike Dunleavy,Tyler Hansbrough,Andres Nocioni,Jason Thompson,Omri Casspi,Sergio Rodriguez,Tyreke Evans,3,2:22,IND,foul,,,,,,,,Omri Casspi,,Mike Dunleavy,,,,,,shooting,,
Dahntay Jones,Earl Watson,Jeff Foster,Mike Dunleavy,Tyler Hansbrough,Andres Nocioni,Jason Thompson,Omri Casspi,Sergio Rodriguez,Tyreke Evans,3,2:22,SAC,free throw,,,,,,,1,,2,Omri Casspi,,,foul,missed,,,,
Dahntay Jones,Earl Watson,Jeff Foster,Mike Dunleavy,Tyler Hansbrough,Andres Nocioni,Jason Thompson,Omri Casspi,Sergio Rodriguez,Tyreke Evans,3,2:22,SAC,rebound,,,,,,,,,,,,,,,,,,
Dahntay Jones,Earl Watson,Jeff Foster,Mike Dunleavy,Tyler Hansbrough,Andres Nocioni,Jason Thompson,Omri Casspi,Sergio Rodriguez,Tyreke Evans,3,2:22,SAC,free throw,,,,,,,2,,2,Omri Casspi,,,foul,made,,,,
Dahntay Jones,Earl Watson,Jeff Foster,Mike Dunleavy,Tyler Hansbrough,Andres Nocioni,Jason Thompson,Omri Casspi,Sergio Rodriguez,Tyreke Evans,3,2:13,IND,turnover,,,,,,,,,,Tyler Hansbrough,,,bad pass,,,,,
Dahntay Jones,Earl Watson,Jeff Foster,Mike Dunleavy,Tyler Hansbrough,Andres Nocioni,Jason Thompson,Omri Casspi,Sergio Rodriguez,Tyreke Evans,3,1:54,SAC,shot,Tyreke Evans,,,,,,,,,Andres Nocioni,3,,,made,,3pt,14,29
Dahntay Jones,Earl Watson,Jeff Foster,Mike Dunleavy,Tyler Hansbrough,Andres Nocioni,Jason Thompson,Omri Casspi,Sergio Rodriguez,Tyreke Evans,3,1:46,IND,foul,,,,,,,,Andres Nocioni,,Tyler Hansbrough,,,,,,offensive,,
Dahntay Jones,Earl Watson,Jeff Foster,Mike Dunleavy,Tyler Hansbrough,Andres Nocioni,Jason Thompson,Omri Casspi,Sergio Rodriguez,Tyreke Evans,3,1:46,IND,turnover,,,,,,,,,,Tyler Hansbrough,,,foul,,,,,
Dahntay Jones,Earl Watson,Jeff Foster,Mike Dunleavy,Tyler Hansbrough,Andres Nocioni,Jason Thompson,Omri Casspi,Sergio Rodriguez,Tyreke Evans,3,1:35,IND,foul,,,,,,,,Tyreke Evans,,Dahntay Jones,,,,,,personal,,
Danny Granger,Earl Watson,Jeff Foster,Mike Dunleavy,Tyler Hansbrough,Andres Nocioni,Jason Thompson,Omri Casspi,Sergio Rodriguez,Tyreke Evans,3,1:35,IND,sub,,,,Danny Granger,,Dahntay Jones,,,,,,,,,,,,
Danny Granger,Earl Watson,Jeff Foster,Mike Dunleavy,Tyler Hansbrough,Andres Nocioni,Jason Thompson,Omri Casspi,Sergio Rodriguez,Tyreke Evans,3,1:35,SAC,free throw,,,,,,,1,,2,Tyreke Evans,,,foul,made,,,,
Danny Granger,Earl Watson,Jeff Foster,Mike Dunleavy,Tyler Hansbrough,Andres Nocioni,Ime Udoka,Jason Thompson,Sergio Rodriguez,Tyreke Evans,3,1:35,SAC,sub,,,,Ime Udoka,,Omri Casspi,,,,,,,,,,,,
Danny Granger,Earl Watson,Jeff Foster,Mike Dunleavy,Tyler Hansbrough,Andres Nocioni,Ime Udoka,Jason Thompson,Sergio Rodriguez,Tyreke Evans,3,1:35,SAC,free throw,,,,,,,2,,2,Tyreke Evans,,,foul,missed,,,,
Danny Granger,Earl Watson,Jeff Foster,Mike Dunleavy,Tyler Hansbrough,Andres Nocioni,Ime Udoka,Jason Thompson,Sergio Rodriguez,Tyreke Evans,3,1:35,IND,rebound,,,,,,,,,,Jeff Foster,,,,,,def,,
Danny Granger,Earl Watson,Jeff Foster,Mike Dunleavy,Tyler Hansbrough,Andres Nocioni,Ime Udoka,Jason Thompson,Sergio Rodriguez,Tyreke Evans,3,1:17,IND,shot,,,,,,,,,,Tyler Hansbrough,,,,missed,,jump,30,8
Danny Granger,Earl Watson,Jeff Foster,Mike Dunleavy,Tyler Hansbrough,Andres Nocioni,Ime Udoka,Jason Thompson,Sergio Rodriguez,Tyreke Evans,3,1:16,IND,rebound,,,,,,,,,,Jeff Foster,,,,,,off,,
Danny Granger,Earl Watson,Jeff Foster,Mike Dunleavy,Tyler Hansbrough,Andres Nocioni,Ime Udoka,Jason Thompson,Sergio Rodriguez,Tyreke Evans,3,1:15,IND,shot,,,,,,,,,,Jeff Foster,,,,missed,,layup,25,6
Danny Granger,Earl Watson,Jeff Foster,Mike Dunleavy,Tyler Hansbrough,Andres Nocioni,Ime Udoka,Jason Thompson,Sergio Rodriguez,Tyreke Evans,3,1:14,SAC,rebound,,,,,,,,,,Tyreke Evans,,,,,,def,,
Danny Granger,Earl Watson,Jeff Foster,Mike Dunleavy,Tyler Hansbrough,Andres Nocioni,Ime Udoka,Jason Thompson,Sergio Rodriguez,Tyreke Evans,3,1:04,SAC,shot,Ime Udoka,,,,,,,,,Andres Nocioni,3,,,made,,3pt,48,9
Danny Granger,Earl Watson,Jeff Foster,Mike Dunleavy,Tyler Hansbrough,Andres Nocioni,Ime Udoka,Jason Thompson,Sergio Rodriguez,Tyreke Evans,3,1:03,IND,timeout,,,,,,,,,,,,,,,,short,,
Danny Granger,Earl Watson,Jeff Foster,Mike Dunleavy,Tyler Hansbrough,Andres Nocioni,Donte Greene,Ime Udoka,Jason Thompson,Sergio Rodriguez,3,1:03,SAC,sub,,,,Donte Greene,,Tyreke Evans,,,,,,,,,,,,
Danny Granger,Earl Watson,Jeff Foster,Mike Dunleavy,Tyler Hansbrough,Andres Nocioni,Donte Greene,Ime Udoka,Jason Thompson,Sergio Rodriguez,3,0:49,IND,turnover,,,,,,,,,,Tyler Hansbrough,,,bad pass,,Sergio Rodriguez,,,
Danny Granger,Earl Watson,Jeff Foster,Mike Dunleavy,Tyler Hansbrough,Andres Nocioni,Donte Greene,Ime Udoka,Jason Thompson,Sergio Rodriguez,3,0:38,SAC,shot,Sergio Rodriguez,,,,,,,,,Jason Thompson,2,,,made,,layup,25,6
Danny Granger,Earl Watson,Jeff Foster,Mike Dunleavy,Tyler Hansbrough,Andres Nocioni,Donte Greene,Ime Udoka,Jason Thompson,Sergio Rodriguez,3,0:38,IND,foul,,,,,,,,Jason Thompson,,Jeff Foster,,,,,,shooting,,
Danny Granger,Earl Watson,Jeff Foster,Mike Dunleavy,Troy Murphy,Andres Nocioni,Donte Greene,Ime Udoka,Jason Thompson,Sergio Rodriguez,3,0:38,IND,sub,,,,Troy Murphy,,Tyler Hansbrough,,,,,,,,,,,,
Danny Granger,Earl Watson,Jeff Foster,Mike Dunleavy,Troy Murphy,Andres Nocioni,Donte Greene,Ime Udoka,Jason Thompson,Sergio Rodriguez,3,0:38,SAC,free throw,,,,,,,1,,1,Jason Thompson,,,foul,missed,,,,
Danny Granger,Earl Watson,Jeff Foster,Mike Dunleavy,Troy Murphy,Andres Nocioni,Donte Greene,Ime Udoka,Jason Thompson,Sergio Rodriguez,3,0:38,IND,rebound,,,,,,,,,,Jeff Foster,,,,,,def,,
Danny Granger,Earl Watson,Jeff Foster,Mike Dunleavy,Troy Murphy,Andres Nocioni,Donte Greene,Ime Udoka,Jason Thompson,Sergio Rodriguez,3,0:27,IND,shot,,,,,,,,,,Mike Dunleavy,,,,missed,,3pt,27,31
Danny Granger,Earl Watson,Jeff Foster,Mike Dunleavy,Troy Murphy,Andres Nocioni,Donte Greene,Ime Udoka,Jason Thompson,Sergio Rodriguez,3,0:26,IND,rebound,,,,,,,,,,Troy Murphy,,,,,,off,,
Danny Granger,Earl Watson,Jeff Foster,Mike Dunleavy,Troy Murphy,Andres Nocioni,Donte Greene,Ime Udoka,Jason Thompson,Sergio Rodriguez,3,0:06,SAC,foul,,,,,,,,Earl Watson,,Jason Thompson,,,,,,shooting,,
Danny Granger,Earl Watson,Jeff Foster,Mike Dunleavy,Troy Murphy,Andres Nocioni,Donte Greene,Ime Udoka,Jason Thompson,Sergio Rodriguez,3,0:06,IND,free throw,,,,,,,1,,2,Earl Watson,,,foul,made,,,,
Danny Granger,Earl Watson,Jeff Foster,Mike Dunleavy,Troy Murphy,Andres Nocioni,Donte Greene,Ime Udoka,Jason Thompson,Sergio Rodriguez,3,0:06,IND,free throw,,,,,,,2,,2,Earl Watson,,,foul,made,,,,
Danny Granger,Earl Watson,Jeff Foster,Mike Dunleavy,Troy Murphy,Andres Nocioni,Donte Greene,Ime Udoka,Jason Thompson,Sergio Rodriguez,3,0:00,SAC,shot,,,,,,,,,,Sergio Rodriguez,,,,missed,,jump,14,5
Danny Granger,Earl Watson,Jeff Foster,Mike Dunleavy,Troy Murphy,Andres Nocioni,Donte Greene,Ime Udoka,Jason Thompson,Sergio Rodriguez,3,0:00,SAC,rebound,,,,,,,,,,,,,,,,,,
Danny Granger,Earl Watson,Jeff Foster,Mike Dunleavy,Troy Murphy,Andres Nocioni,Donte Greene,Ime Udoka,Sergio Rodriguez,Spencer Hawes,4,11:49,SAC,shot,Sergio Rodriguez,,,,,,,,,Donte Greene,2,,,made,,alley oop dunk,25,6
Danny Granger,Earl Watson,Jeff Foster,Mike Dunleavy,Troy Murphy,Andres Nocioni,Donte Greene,Ime Udoka,Sergio Rodriguez,Spencer Hawes,4,11:26,IND,shot,,,,,,,,,,Earl Watson,2,,,made,,jump,25,13
Danny Granger,Earl Watson,Jeff Foster,Mike Dunleavy,Troy Murphy,Andres Nocioni,Donte Greene,Ime Udoka,Sergio Rodriguez,Spencer Hawes,4,11:10,SAC,shot,,,,,,,,,,Andres Nocioni,,,,missed,,driving finger roll layup,25,6
Danny Granger,Earl Watson,Jeff Foster,Mike Dunleavy,Troy Murphy,Andres Nocioni,Donte Greene,Ime Udoka,Sergio Rodriguez,Spencer Hawes,4,11:10,IND,rebound,,,,,,,,,,,,,,,,,,
Danny Granger,Earl Watson,Jeff Foster,Mike Dunleavy,Troy Murphy,Andres Nocioni,Donte Greene,Ime Udoka,Sergio Rodriguez,Spencer Hawes,4,10:56,IND,shot,,,,,,,,,,Danny Granger,,,,missed,,jump,27,15
Danny Granger,Earl Watson,Jeff Foster,Mike Dunleavy,Troy Murphy,Andres Nocioni,Donte Greene,Ime Udoka,Sergio Rodriguez,Spencer Hawes,4,10:56,SAC,rebound,,,,,,,,,,,,,,,,,,
Danny Granger,Earl Watson,Jeff Foster,Mike Dunleavy,Troy Murphy,Andres Nocioni,Donte Greene,Ime Udoka,Sergio Rodriguez,Spencer Hawes,4,10:50,IND,foul,,,,,,,,Sergio Rodriguez,,Earl Watson,,,,,,personal,,
Danny Granger,Earl Watson,Jeff Foster,Mike Dunleavy,Troy Murphy,Andres Nocioni,Donte Greene,Ime Udoka,Sergio Rodriguez,Spencer Hawes,4,10:43,IND,foul,,,,,,,,Sergio Rodriguez,,Earl Watson,,,,,,personal,,
Danny Granger,Earl Watson,Jeff Foster,Mike Dunleavy,Troy Murphy,Andres Nocioni,Donte Greene,Ime Udoka,Sergio Rodriguez,Spencer Hawes,4,10:36,SAC,shot,Sergio Rodriguez,,,,,,,,,Andres Nocioni,3,,,made,,3pt,18,30
Danny Granger,Earl Watson,Jeff Foster,Mike Dunleavy,Troy Murphy,Andres Nocioni,Donte Greene,Ime Udoka,Sergio Rodriguez,Spencer Hawes,4,10:16,IND,shot,,,,,,,,,,Earl Watson,2,,,made,,driving jump,20,8
Danny Granger,Earl Watson,Jeff Foster,Mike Dunleavy,Troy Murphy,Andres Nocioni,Donte Greene,Ime Udoka,Sergio Rodriguez,Spencer Hawes,4,9:57,SAC,shot,,,,,,,,,,Andres Nocioni,,,,missed,,driving layup,25,6
Danny Granger,Earl Watson,Jeff Foster,Mike Dunleavy,Troy Murphy,Andres Nocioni,Donte Greene,Ime Udoka,Sergio Rodriguez,Spencer Hawes,4,9:56,IND,rebound,,,,,,,,,,Jeff Foster,,,,,,def,,
Danny Granger,Earl Watson,Jeff Foster,Mike Dunleavy,Troy Murphy,Andres Nocioni,Donte Greene,Ime Udoka,Sergio Rodriguez,Spencer Hawes,4,9:34,IND,shot,,,,,,,,,,Mike Dunleavy,,,,missed,,jump,31,22
Danny Granger,Earl Watson,Jeff Foster,Mike Dunleavy,Troy Murphy,Andres Nocioni,Donte Greene,Ime Udoka,Sergio Rodriguez,Spencer Hawes,4,9:33,IND,rebound,,,,,,,,,,Jeff Foster,,,,,,off,,
Danny Granger,Earl Watson,Jeff Foster,Mike Dunleavy,Troy Murphy,Andres Nocioni,Donte Greene,Ime Udoka,Sergio Rodriguez,Spencer Hawes,4,9:31,IND,shot,Jeff Foster,,,,,,,,,Danny Granger,3,,,made,,3pt,10,26
Danny Granger,Earl Watson,Jeff Foster,Mike Dunleavy,Troy Murphy,Andres Nocioni,Donte Greene,Ime Udoka,Sergio Rodriguez,Spencer Hawes,4,9:10,SAC,shot,Ime Udoka,,,,,,,,,Sergio Rodriguez,3,,,made,,3pt,25,32
Danny Granger,Earl Watson,Jeff Foster,Mike Dunleavy,Troy Murphy,Andres Nocioni,Donte Greene,Ime Udoka,Sergio Rodriguez,Spencer Hawes,4,9:00,IND,foul,,,,,,,,Spencer Hawes,,Jeff Foster,,,,,,offensive,,
Danny Granger,Earl Watson,Jeff Foster,Mike Dunleavy,Troy Murphy,Andres Nocioni,Donte Greene,Ime Udoka,Sergio Rodriguez,Spencer Hawes,4,9:00,IND,turnover,,,,,,,,,,Jeff Foster,,,foul,,,,,
Danny Granger,Earl Watson,Mike Dunleavy,Troy Murphy,Tyler Hansbrough,Andres Nocioni,Donte Greene,Ime Udoka,Sergio Rodriguez,Spencer Hawes,4,9:00,IND,sub,,,,Tyler Hansbrough,,Jeff Foster,,,,,,,,,,,,
Danny Granger,Earl Watson,Mike Dunleavy,Troy Murphy,Tyler Hansbrough,Andres Nocioni,Donte Greene,Ime Udoka,Sergio Rodriguez,Spencer Hawes,4,8:48,SAC,turnover,,,,,,,,,,Donte Greene,,,out of bounds lost ball turnover,,,,,
Danny Granger,Earl Watson,Mike Dunleavy,Troy Murphy,Tyler Hansbrough,Andres Nocioni,Donte Greene,Ime Udoka,Sergio Rodriguez,Spencer Hawes,4,8:48,IND,timeout,,,,,,,,,,,,,,,,official,,
Brandon Rush,Danny Granger,Earl Watson,Troy Murphy,Tyler Hansbrough,Andres Nocioni,Donte Greene,Ime Udoka,Sergio Rodriguez,Spencer Hawes,4,8:48,IND,sub,,,,Brandon Rush,,Mike Dunleavy,,,,,,,,,,,,
Brandon Rush,Danny Granger,Earl Watson,Troy Murphy,Tyler Hansbrough,Andres Nocioni,Ime Udoka,Sergio Rodriguez,Spencer Hawes,Tyreke Evans,4,8:48,SAC,sub,,,,Tyreke Evans,,Donte Greene,,,,,,,,,,,,
Brandon Rush,Danny Granger,Earl Watson,Troy Murphy,Tyler Hansbrough,Andres Nocioni,Ime Udoka,Sergio Rodriguez,Spencer Hawes,Tyreke Evans,4,8:35,IND,turnover,,,,,,,,,,Danny Granger,,,double dribble,,,,,
Brandon Rush,Danny Granger,Earl Watson,Troy Murphy,Tyler Hansbrough,Andres Nocioni,Ime Udoka,Sergio Rodriguez,Spencer Hawes,Tyreke Evans,4,8:17,SAC,shot,,,,,,,,,,Spencer Hawes,,,,missed,,turnaround fade away,35,10
Brandon Rush,Danny Granger,Earl Watson,Troy Murphy,Tyler Hansbrough,Andres Nocioni,Ime Udoka,Sergio Rodriguez,Spencer Hawes,Tyreke Evans,4,8:15,IND,rebound,,,,,,,,,,Tyler Hansbrough,,,,,,def,,
Brandon Rush,Danny Granger,Earl Watson,Troy Murphy,Tyler Hansbrough,Andres Nocioni,Ime Udoka,Sergio Rodriguez,Spencer Hawes,Tyreke Evans,4,7:54,IND,shot,,,Spencer Hawes,,,,,,,Danny Granger,,,,missed,,jump,25,13
Brandon Rush,Danny Granger,Earl Watson,Troy Murphy,Tyler Hansbrough,Andres Nocioni,Ime Udoka,Sergio Rodriguez,Spencer Hawes,Tyreke Evans,4,7:53,IND,rebound,,,,,,,,,,Danny Granger,,,,,,off,,
Brandon Rush,Danny Granger,Earl Watson,Troy Murphy,Tyler Hansbrough,Andres Nocioni,Ime Udoka,Sergio Rodriguez,Spencer Hawes,Tyreke Evans,4,7:51,IND,shot,,,,,,,,,,Danny Granger,,,,missed,,layup,25,6
Brandon Rush,Danny Granger,Earl Watson,Troy Murphy,Tyler Hansbrough,Andres Nocioni,Ime Udoka,Sergio Rodriguez,Spencer Hawes,Tyreke Evans,4,7:49,SAC,rebound,,,,,,,,,,Andres Nocioni,,,,,,def,,
Brandon Rush,Danny Granger,Earl Watson,Troy Murphy,Tyler Hansbrough,Andres Nocioni,Ime Udoka,Sergio Rodriguez,Spencer Hawes,Tyreke Evans,4,7:44,SAC,shot,,,,,,,,,,Sergio Rodriguez,2,,,made,,driving layup,25,6
Brandon Rush,Danny Granger,Earl Watson,Troy Murphy,Tyler Hansbrough,Andres Nocioni,Ime Udoka,Sergio Rodriguez,Spencer Hawes,Tyreke Evans,4,7:32,SAC,foul,,,,,,,,Brandon Rush,,Tyreke Evans,,,,,,shooting,,
Brandon Rush,Danny Granger,Earl Watson,Troy Murphy,Tyler Hansbrough,Andres Nocioni,Ime Udoka,Sergio Rodriguez,Spencer Hawes,Tyreke Evans,4,7:32,IND,free throw,,,,,,,1,,2,Brandon Rush,,,foul,made,,,,
Brandon Rush,Danny Granger,Earl Watson,Troy Murphy,Tyler Hansbrough,Andres Nocioni,Ime Udoka,Omri Casspi,Sergio Rodriguez,Spencer Hawes,4,7:32,SAC,sub,,,,Omri Casspi,,Tyreke Evans,,,,,,,,,,,,
Brandon Rush,Danny Granger,Earl Watson,Troy Murphy,Tyler Hansbrough,Andres Nocioni,Ime Udoka,Omri Casspi,Sergio Rodriguez,Spencer Hawes,4,7:32,IND,free throw,,,,,,,2,,2,Brandon Rush,,,foul,missed,,,,
Brandon Rush,Danny Granger,Earl Watson,Troy Murphy,Tyler Hansbrough,Andres Nocioni,Ime Udoka,Omri Casspi,Sergio Rodriguez,Spencer Hawes,4,7:31,IND,rebound,,,,,,,,,,Brandon Rush,,,,,,off,,
Brandon Rush,Danny Granger,Earl Watson,Troy Murphy,Tyler Hansbrough,Andres Nocioni,Ime Udoka,Omri Casspi,Sergio Rodriguez,Spencer Hawes,4,7:23,IND,shot,,,,,,,,,,Danny Granger,,,,missed,,jump,15,11
Brandon Rush,Danny Granger,Earl Watson,Troy Murphy,Tyler Hansbrough,Andres Nocioni,Ime Udoka,Omri Casspi,Sergio Rodriguez,Spencer Hawes,4,7:22,SAC,rebound,,,,,,,,,,Ime Udoka,,,,,,def,,
Brandon Rush,Danny Granger,Earl Watson,Troy Murphy,Tyler Hansbrough,Andres Nocioni,Ime Udoka,Omri Casspi,Sergio Rodriguez,Spencer Hawes,4,7:05,SAC,shot,,,,,,,,,,Ime Udoka,,,,missed,,3pt,41,24
Brandon Rush,Danny Granger,Earl Watson,Troy Murphy,Tyler Hansbrough,Andres Nocioni,Ime Udoka,Omri Casspi,Sergio Rodriguez,Spencer Hawes,4,7:04,IND,rebound,,,,,,,,,,Troy Murphy,,,,,,def,,
Brandon Rush,Danny Granger,Earl Watson,Troy Murphy,Tyler Hansbrough,Andres Nocioni,Ime Udoka,Omri Casspi,Sergio Rodriguez,Spencer Hawes,4,6:54,IND,shot,Troy Murphy,,,,,,,,,Tyler Hansbrough,2,,,made,,jump,40,7
Brandon Rush,Danny Granger,Earl Watson,Troy Murphy,Tyler Hansbrough,Andres Nocioni,Ime Udoka,Omri Casspi,Sergio Rodriguez,Spencer Hawes,4,6:38,SAC,foul,,,,,,,,Tyler Hansbrough,,Andres Nocioni,,,,,,offensive,,
Brandon Rush,Danny Granger,Earl Watson,Troy Murphy,Tyler Hansbrough,Andres Nocioni,Ime Udoka,Omri Casspi,Sergio Rodriguez,Spencer Hawes,4,6:38,SAC,turnover,,,,,,,,,,Andres Nocioni,,,foul,,,,,
Brandon Rush,Danny Granger,Earl Watson,Troy Murphy,Tyler Hansbrough,Ime Udoka,Jason Thompson,Omri Casspi,Sergio Rodriguez,Spencer Hawes,4,6:38,SAC,sub,,,,Jason Thompson,,Andres Nocioni,,,,,,,,,,,,
Brandon Rush,Danny Granger,Earl Watson,Troy Murphy,Tyler Hansbrough,Ime Udoka,Jason Thompson,Omri Casspi,Sergio Rodriguez,Spencer Hawes,4,6:28,SAC,foul,,,,,,,,Troy Murphy,,Spencer Hawes,,,,,,shooting,,
Brandon Rush,Danny Granger,Earl Watson,Troy Murphy,Tyler Hansbrough,Ime Udoka,Jason Thompson,Omri Casspi,Sergio Rodriguez,Spencer Hawes,4,6:28,IND,free throw,,,,,,,1,,2,Troy Murphy,,,foul,made,,,,
Brandon Rush,Danny Granger,Earl Watson,Troy Murphy,Tyler Hansbrough,Ime Udoka,Jason Thompson,Omri Casspi,Sergio Rodriguez,Spencer Hawes,4,6:28,IND,free throw,,,,,,,2,,2,Troy Murphy,,,foul,made,,,,
Brandon Rush,Danny Granger,Earl Watson,Troy Murphy,Tyler Hansbrough,Ime Udoka,Jason Thompson,Omri Casspi,Sergio Rodriguez,Spencer Hawes,4,6:16,SAC,shot,Sergio Rodriguez,,,,,,,,,Jason Thompson,2,,,made,,layup,25,6
Brandon Rush,Danny Granger,Earl Watson,Troy Murphy,Tyler Hansbrough,Ime Udoka,Jason Thompson,Omri Casspi,Sergio Rodriguez,Spencer Hawes,4,6:03,IND,shot,,,,,,,,,,Troy Murphy,2,,,made,,jump,37,9
Brandon Rush,Danny Granger,Earl Watson,Troy Murphy,Tyler Hansbrough,Ime Udoka,Jason Thompson,Omri Casspi,Sergio Rodriguez,Spencer Hawes,4,5:43,SAC,shot,,,,,,,,,,Ime Udoka,,,,missed,,3pt,1,7
Brandon Rush,Danny Granger,Earl Watson,Troy Murphy,Tyler Hansbrough,Ime Udoka,Jason Thompson,Omri Casspi,Sergio Rodriguez,Spencer Hawes,4,5:42,IND,rebound,,,,,,,,,,Troy Murphy,,,,,,def,,
Brandon Rush,Danny Granger,Earl Watson,Troy Murphy,Tyler Hansbrough,Ime Udoka,Jason Thompson,Omri Casspi,Sergio Rodriguez,Spencer Hawes,4,5:33,IND,shot,,,,,,,,,,Danny Granger,,,,missed,,hook,26,11
Brandon Rush,Danny Granger,Earl Watson,Troy Murphy,Tyler Hansbrough,Ime Udoka,Jason Thompson,Omri Casspi,Sergio Rodriguez,Spencer Hawes,4,5:32,SAC,rebound,,,,,,,,,,Ime Udoka,,,,,,def,,
Brandon Rush,Danny Granger,Earl Watson,Troy Murphy,Tyler Hansbrough,Ime Udoka,Jason Thompson,Omri Casspi,Sergio Rodriguez,Spencer Hawes,4,5:15,SAC,shot,Jason Thompson,,,,,,,,,Spencer Hawes,3,,,made,,3pt,26,31
Brandon Rush,Danny Granger,Earl Watson,Troy Murphy,Tyler Hansbrough,Ime Udoka,Jason Thompson,Omri Casspi,Sergio Rodriguez,Spencer Hawes,4,4:58,IND,shot,,,,,,,,,,Troy Murphy,,,,missed,,3pt,25,31
Brandon Rush,Danny Granger,Earl Watson,Troy Murphy,Tyler Hansbrough,Ime Udoka,Jason Thompson,Omri Casspi,Sergio Rodriguez,Spencer Hawes,4,4:56,SAC,rebound,,,,,,,,,,Sergio Rodriguez,,,,,,def,,
Brandon Rush,Danny Granger,Earl Watson,Troy Murphy,Tyler Hansbrough,Ime Udoka,Jason Thompson,Omri Casspi,Sergio Rodriguez,Spencer Hawes,4,4:53,SAC,turnover,,,,,,,,,,Jason Thompson,,,lost ball,,Earl Watson,,,
Brandon Rush,Danny Granger,Earl Watson,Troy Murphy,Tyler Hansbrough,Ime Udoka,Jason Thompson,Omri Casspi,Sergio Rodriguez,Spencer Hawes,4,4:41,IND,shot,,,,,,,,,,Brandon Rush,,,,missed,,jump,18,27
Brandon Rush,Danny Granger,Earl Watson,Troy Murphy,Tyler Hansbrough,Ime Udoka,Jason Thompson,Omri Casspi,Sergio Rodriguez,Spencer Hawes,4,4:40,SAC,rebound,,,,,,,,,,Ime Udoka,,,,,,def,,
Brandon Rush,Danny Granger,Earl Watson,Troy Murphy,Tyler Hansbrough,Ime Udoka,Jason Thompson,Omri Casspi,Sergio Rodriguez,Spencer Hawes,4,4:24,SAC,timeout,,,,,,,,,,,,,,,,regular,,
Brandon Rush,Dahntay Jones,Danny Granger,Earl Watson,Tyler Hansbrough,Ime Udoka,Jason Thompson,Omri Casspi,Sergio Rodriguez,Spencer Hawes,4,4:24,IND,sub,,,,Dahntay Jones,,Troy Murphy,,,,,,,,,,,,
Brandon Rush,Dahntay Jones,Danny Granger,Earl Watson,Jeff Foster,Ime Udoka,Jason Thompson,Omri Casspi,Sergio Rodriguez,Spencer Hawes,4,4:24,IND,sub,,,,Jeff Foster,,Tyler Hansbrough,,,,,,,,,,,,
Brandon Rush,Dahntay Jones,Danny Granger,Earl Watson,Jeff Foster,Ime Udoka,Jason Thompson,Sergio Rodriguez,Spencer Hawes,Tyreke Evans,4,4:24,SAC,sub,,,,Tyreke Evans,,Omri Casspi,,,,,,,,,,,,
Brandon Rush,Dahntay Jones,Danny Granger,Earl Watson,Jeff Foster,Ime Udoka,Jason Thompson,Sergio Rodriguez,Spencer Hawes,Tyreke Evans,4,4:19,SAC,shot,,,,,,,,,,Tyreke Evans,,,,missed,,driving layup,25,6
Brandon Rush,Dahntay Jones,Danny Granger,Earl Watson,Jeff Foster,Ime Udoka,Jason Thompson,Sergio Rodriguez,Spencer Hawes,Tyreke Evans,4,4:18,IND,rebound,,,,,,,,,,Jeff Foster,,,,,,def,,
Brandon Rush,Dahntay Jones,Danny Granger,Earl Watson,Jeff Foster,Ime Udoka,Jason Thompson,Sergio Rodriguez,Spencer Hawes,Tyreke Evans,4,4:12,IND,turnover,,,,,,,,,,Dahntay Jones,,,bad pass,,Ime Udoka,,,
Brandon Rush,Dahntay Jones,Danny Granger,Earl Watson,Jeff Foster,Ime Udoka,Jason Thompson,Sergio Rodriguez,Spencer Hawes,Tyreke Evans,4,3:58,SAC,shot,,,,,,,,,,Jason Thompson,,,,missed,,jump,38,15
Brandon Rush,Dahntay Jones,Danny Granger,Earl Watson,Jeff Foster,Ime Udoka,Jason Thompson,Sergio Rodriguez,Spencer Hawes,Tyreke Evans,4,3:57,IND,rebound,,,,,,,,,,Brandon Rush,,,,,,def,,
Brandon Rush,Dahntay Jones,Danny Granger,Earl Watson,Jeff Foster,Ime Udoka,Jason Thompson,Sergio Rodriguez,Spencer Hawes,Tyreke Evans,4,3:35,IND,shot,,,,,,,,,,Earl Watson,,,,missed,,jump,8,15
Brandon Rush,Dahntay Jones,Danny Granger,Earl Watson,Jeff Foster,Ime Udoka,Jason Thompson,Sergio Rodriguez,Spencer Hawes,Tyreke Evans,4,3:34,SAC,rebound,,,,,,,,,,Sergio Rodriguez,,,,,,def,,
Brandon Rush,Dahntay Jones,Danny Granger,Earl Watson,Jeff Foster,Ime Udoka,Jason Thompson,Sergio Rodriguez,Spencer Hawes,Tyreke Evans,4,3:15,SAC,shot,,,,,,,,,,Sergio Rodriguez,,,,missed,,jump,20,21
Brandon Rush,Dahntay Jones,Danny Granger,Earl Watson,Jeff Foster,Ime Udoka,Jason Thompson,Sergio Rodriguez,Spencer Hawes,Tyreke Evans,4,3:14,IND,rebound,,,,,,,,,,Earl Watson,,,,,,def,,
Brandon Rush,Dahntay Jones,Danny Granger,Earl Watson,Jeff Foster,Ime Udoka,Jason Thompson,Sergio Rodriguez,Spencer Hawes,Tyreke Evans,4,3:04,IND,shot,,,,,,,,,,Danny Granger,2,,,made,,jump,8,9
Brandon Rush,Dahntay Jones,Danny Granger,Earl Watson,Jeff Foster,Ime Udoka,Jason Thompson,Sergio Rodriguez,Spencer Hawes,Tyreke Evans,4,3:04,SAC,timeout,,,,,,,,,,,,,,,,regular,,
Brandon Rush,Dahntay Jones,Danny Granger,Earl Watson,Jeff Foster,Andres Nocioni,Ime Udoka,Jason Thompson,Sergio Rodriguez,Tyreke Evans,4,3:04,SAC,sub,,,,Andres Nocioni,,Spencer Hawes,,,,,,,,,,,,
Brandon Rush,Dahntay Jones,Danny Granger,Earl Watson,Jeff Foster,Andres Nocioni,Beno Udrih,Ime Udoka,Jason Thompson,Tyreke Evans,4,3:04,SAC,sub,,,,Beno Udrih,,Sergio Rodriguez,,,,,,,,,,,,
Brandon Rush,Dahntay Jones,Danny Granger,Earl Watson,Jeff Foster,Andres Nocioni,Beno Udrih,Ime Udoka,Jason Thompson,Tyreke Evans,4,2:43,SAC,shot,Tyreke Evans,,,,,,,,,Jason Thompson,2,,,made,,dunk,25,6
Brandon Rush,Dahntay Jones,Danny Granger,Earl Watson,Jeff Foster,Andres Nocioni,Beno Udrih,Ime Udoka,Jason Thompson,Tyreke Evans,4,2:30,SAC,foul,,,,,,,,Earl Watson,,Jason Thompson,,,,,,personal,,
Brandon Rush,Dahntay Jones,Danny Granger,Earl Watson,Jeff Foster,Andres Nocioni,Beno Udrih,Ime Udoka,Jason Thompson,Tyreke Evans,4,2:26,IND,shot,,,,,,,,,,Danny Granger,,,,missed,,3pt,8,27
Brandon Rush,Dahntay Jones,Danny Granger,Earl Watson,Jeff Foster,Andres Nocioni,Beno Udrih,Ime Udoka,Jason Thompson,Tyreke Evans,4,2:25,SAC,rebound,,,,,,,,,,Beno Udrih,,,,,,def,,
Brandon Rush,Dahntay Jones,Danny Granger,Earl Watson,Jeff Foster,Andres Nocioni,Beno Udrih,Ime Udoka,Jason Thompson,Tyreke Evans,4,2:07,SAC,shot,,,,,,,,,,Tyreke Evans,,,,missed,,jump,7,9
Brandon Rush,Dahntay Jones,Danny Granger,Earl Watson,Jeff Foster,Andres Nocioni,Beno Udrih,Ime Udoka,Jason Thompson,Tyreke Evans,4,2:06,SAC,rebound,,,,,,,,,,Jason Thompson,,,,,,off,,
Brandon Rush,Dahntay Jones,Danny Granger,Earl Watson,Jeff Foster,Andres Nocioni,Beno Udrih,Ime Udoka,Jason Thompson,Tyreke Evans,4,1:44,IND,foul,,,,,,,,Beno Udrih,,Earl Watson,,,,,,personal,,
Brandon Rush,Dahntay Jones,Danny Granger,Earl Watson,Jeff Foster,Andres Nocioni,Beno Udrih,Ime Udoka,Jason Thompson,Tyreke Evans,4,1:29,SAC,shot,,,,,,,,,,Tyreke Evans,,,,missed,,jump,30,28
Brandon Rush,Dahntay Jones,Danny Granger,Earl Watson,Jeff Foster,Andres Nocioni,Beno Udrih,Ime Udoka,Jason Thompson,Tyreke Evans,4,1:28,IND,rebound,,,,,,,,,,,,,,,,,,
Brandon Rush,Dahntay Jones,Danny Granger,Earl Watson,Jeff Foster,Andres Nocioni,Beno Udrih,Ime Udoka,Jason Thompson,Tyreke Evans,4,1:28,IND,jump ball,,Jeff Foster,,,Andres Nocioni,,,,,,,Indiana,,,,,,
Brandon Rush,Dahntay Jones,Danny Granger,Earl Watson,Jeff Foster,Andres Nocioni,Beno Udrih,Ime Udoka,Jason Thompson,Tyreke Evans,4,1:28,SAC,violation,,,,,,,,,,Andres Nocioni,,,,,,jump ball,,
Brandon Rush,Dahntay Jones,Danny Granger,Earl Watson,Jeff Foster,Andres Nocioni,Beno Udrih,Ime Udoka,Jason Thompson,Tyreke Evans,4,1:18,SAC,foul,,,,,,,,Danny Granger,,Ime Udoka,,,,,,personal,,
Brandon Rush,Dahntay Jones,Danny Granger,Earl Watson,Jeff Foster,Andres Nocioni,Beno Udrih,Ime Udoka,Jason Thompson,Tyreke Evans,4,1:13,IND,shot,,,,,,,,,,Danny Granger,3,,,made,,3pt,9,26
Brandon Rush,Dahntay Jones,Danny Granger,Earl Watson,Jeff Foster,Andres Nocioni,Beno Udrih,Ime Udoka,Jason Thompson,Tyreke Evans,4,0:53,SAC,shot,,,,,,,,,,Andres Nocioni,,,,missed,,running hook,19,8
Brandon Rush,Dahntay Jones,Danny Granger,Earl Watson,Jeff Foster,Andres Nocioni,Beno Udrih,Ime Udoka,Jason Thompson,Tyreke Evans,4,0:52,IND,rebound,,,,,,,,,,Brandon Rush,,,,,,def,,
Brandon Rush,Dahntay Jones,Danny Granger,Earl Watson,Jeff Foster,Andres Nocioni,Beno Udrih,Ime Udoka,Jason Thompson,Tyreke Evans,4,0:52,IND,timeout,,,,,,,,,,,,,,,,regular,,
Brandon Rush,Dahntay Jones,Danny Granger,Earl Watson,Troy Murphy,Andres Nocioni,Beno Udrih,Ime Udoka,Jason Thompson,Tyreke Evans,4,0:52,IND,sub,,,,Troy Murphy,,Jeff Foster,,,,,,,,,,,,
Brandon Rush,Dahntay Jones,Danny Granger,Earl Watson,Troy Murphy,Beno Udrih,Donte Greene,Ime Udoka,Jason Thompson,Tyreke Evans,4,0:52,SAC,sub,,,,Donte Greene,,Andres Nocioni,,,,,,,,,,,,
Brandon Rush,Dahntay Jones,Danny Granger,Earl Watson,Troy Murphy,Donte Greene,Ime Udoka,Jason Thompson,Omri Casspi,Tyreke Evans,4,0:52,SAC,sub,,,,Omri Casspi,,Beno Udrih,,,,,,,,,,,,
Brandon Rush,Dahntay Jones,Danny Granger,Earl Watson,Troy Murphy,Donte Greene,Ime Udoka,Jason Thompson,Omri Casspi,Tyreke Evans,4,0:51,IND,turnover,,,,,,,,,,Dahntay Jones,,,bad pass,,Donte Greene,,,
Brandon Rush,Dahntay Jones,Danny Granger,Earl Watson,Troy Murphy,Donte Greene,Ime Udoka,Jason Thompson,Omri Casspi,Tyreke Evans,4,0:50,SAC,timeout,,,,,,,,,,,,,,,,short,,
Brandon Rush,Dahntay Jones,Danny Granger,Earl Watson,Troy Murphy,Beno Udrih,Ime Udoka,Jason Thompson,Omri Casspi,Tyreke Evans,4,0:50,SAC,sub,,,,Beno Udrih,,Donte Greene,,,,,,,,,,,,
Brandon Rush,Dahntay Jones,Danny Granger,Earl Watson,Troy Murphy,Beno Udrih,Ime Udoka,Jason Thompson,Omri Casspi,Tyreke Evans,4,0:44,IND,foul,,,,,,,,Tyreke Evans,,Troy Murphy,,,,,,personal,,
Brandon Rush,Dahntay Jones,Danny Granger,Earl Watson,Troy Murphy,Beno Udrih,Ime Udoka,Jason Thompson,Omri Casspi,Tyreke Evans,4,0:44,SAC,free throw,,,,,,,1,,2,Tyreke Evans,,,foul,made,,,,
Brandon Rush,Dahntay Jones,Danny Granger,Earl Watson,Troy Murphy,Beno Udrih,Ime Udoka,Jason Thompson,Omri Casspi,Tyreke Evans,4,0:44,SAC,free throw,,,,,,,2,,2,Tyreke Evans,,,foul,made,,,,
Brandon Rush,Dahntay Jones,Danny Granger,Earl Watson,Troy Murphy,Beno Udrih,Ime Udoka,Jason Thompson,Omri Casspi,Tyreke Evans,4,0:36,IND,shot,Earl Watson,,,,,,,,,Danny Granger,3,,,made,,3pt,11,27
Brandon Rush,Dahntay Jones,Danny Granger,Earl Watson,Troy Murphy,Beno Udrih,Ime Udoka,Jason Thompson,Omri Casspi,Tyreke Evans,4,0:27,IND,foul,,,,,,,,Tyreke Evans,,Troy Murphy,,,,,,personal,,
Brandon Rush,Dahntay Jones,Danny Granger,Earl Watson,Troy Murphy,Beno Udrih,Ime Udoka,Jason Thompson,Omri Casspi,Tyreke Evans,4,0:27,SAC,free throw,,,,,,,1,,2,Tyreke Evans,,,foul,made,,,,
Brandon Rush,Dahntay Jones,Danny Granger,Earl Watson,Troy Murphy,Beno Udrih,Ime Udoka,Jason Thompson,Omri Casspi,Tyreke Evans,4,0:27,SAC,free throw,,,,,,,2,,2,Tyreke Evans,,,foul,missed,,,,
Brandon Rush,Dahntay Jones,Danny Granger,Earl Watson,Troy Murphy,Beno Udrih,Ime Udoka,Jason Thompson,Omri Casspi,Tyreke Evans,4,0:27,IND,rebound,,,,,,,,,,Troy Murphy,,,,,,def,,
Brandon Rush,Dahntay Jones,Danny Granger,Earl Watson,Troy Murphy,Beno Udrih,Ime Udoka,Jason Thompson,Omri Casspi,Tyreke Evans,4,0:27,IND,timeout,,,,,,,,,,,,,,,,short,,
Brandon Rush,Danny Granger,Earl Watson,Jeff Foster,Troy Murphy,Beno Udrih,Ime Udoka,Jason Thompson,Omri Casspi,Tyreke Evans,4,0:27,IND,sub,,,,Jeff Foster,,Dahntay Jones,,,,,,,,,,,,
Brandon Rush,Danny Granger,Earl Watson,Jeff Foster,Troy Murphy,Donte Greene,Ime Udoka,Jason Thompson,Omri Casspi,Tyreke Evans,4,0:27,SAC,sub,,,,Donte Greene,,Beno Udrih,,,,,,,,,,,,
Brandon Rush,Danny Granger,Earl Watson,Jeff Foster,Troy Murphy,Donte Greene,Ime Udoka,Jason Thompson,Omri Casspi,Tyreke Evans,4,0:21,IND,shot,,,,,,,,,,Danny Granger,,,,missed,,3pt,9,26
Brandon Rush,Danny Granger,Earl Watson,Jeff Foster,Troy Murphy,Donte Greene,Ime Udoka,Jason Thompson,Omri Casspi,Tyreke Evans,4,0:20,IND,rebound,,,,,,,,,,Jeff Foster,,,,,,off,,
Brandon Rush,Danny Granger,Earl Watson,Jeff Foster,Troy Murphy,Donte Greene,Ime Udoka,Jason Thompson,Omri Casspi,Tyreke Evans,4,0:18,SAC,foul,,,,,,,,Danny Granger,,Ime Udoka,,,,,,shooting,,
Brandon Rush,Danny Granger,Earl Watson,Jeff Foster,Troy Murphy,Donte Greene,Ime Udoka,Jason Thompson,Omri Casspi,Tyreke Evans,4,0:18,IND,free throw,,,,,,,1,,3,Danny Granger,,,foul,missed,,,,
Brandon Rush,Danny Granger,Earl Watson,Jeff Foster,Troy Murphy,Donte Greene,Ime Udoka,Jason Thompson,Omri Casspi,Tyreke Evans,4,0:18,IND,rebound,,,,,,,,,,,,,,,,,,
Brandon Rush,Dahntay Jones,Danny Granger,Earl Watson,Jeff Foster,Donte Greene,Ime Udoka,Jason Thompson,Omri Casspi,Tyreke Evans,4,0:18,IND,sub,,,,Dahntay Jones,,Troy Murphy,,,,,,,,,,,,
Brandon Rush,Dahntay Jones,Danny Granger,Earl Watson,Jeff Foster,Donte Greene,Ime Udoka,Jason Thompson,Sergio Rodriguez,Tyreke Evans,4,0:18,SAC,sub,,,,Sergio Rodriguez,,Omri Casspi,,,,,,,,,,,,
Brandon Rush,Dahntay Jones,Danny Granger,Earl Watson,Jeff Foster,Beno Udrih,Donte Greene,Jason Thompson,Sergio Rodriguez,Tyreke Evans,4,0:18,SAC,sub,,,,Beno Udrih,,Ime Udoka,,,,,,,,,,,,
Brandon Rush,Dahntay Jones,Danny Granger,Earl Watson,Jeff Foster,Beno Udrih,Donte Greene,Jason Thompson,Sergio Rodriguez,Tyreke Evans,4,0:18,IND,free throw,,,,,,,2,,3,Danny Granger,,,foul,made,,,,
Brandon Rush,Dahntay Jones,Danny Granger,Earl Watson,Jeff Foster,Beno Udrih,Donte Greene,Jason Thompson,Sergio Rodriguez,Tyreke Evans,4,0:18,IND,free throw,,,,,,,3,,3,Danny Granger,,,foul,made,,,,
Brandon Rush,Dahntay Jones,Danny Granger,Earl Watson,Jeff Foster,Beno Udrih,Donte Greene,Jason Thompson,Sergio Rodriguez,Tyreke Evans,4,0:14,IND,foul,,,,,,,,Tyreke Evans,,Jeff Foster,,,,,,personal,,
Brandon Rush,Dahntay Jones,Danny Granger,Earl Watson,Troy Murphy,Beno Udrih,Donte Greene,Jason Thompson,Sergio Rodriguez,Tyreke Evans,4,0:14,IND,sub,,,,Troy Murphy,,Jeff Foster,,,,,,,,,,,,
Brandon Rush,Dahntay Jones,Danny Granger,Earl Watson,Troy Murphy,Beno Udrih,Donte Greene,Jason Thompson,Sergio Rodriguez,Tyreke Evans,4,0:14,SAC,free throw,,,,,,,1,,2,Tyreke Evans,,,foul,made,,,,
Brandon Rush,Dahntay Jones,Danny Granger,Earl Watson,Troy Murphy,Beno Udrih,Ime Udoka,Jason Thompson,Sergio Rodriguez,Tyreke Evans,4,0:14,SAC,sub,,,,Ime Udoka,,Donte Greene,,,,,,,,,,,,
Brandon Rush,Dahntay Jones,Danny Granger,Earl Watson,Troy Murphy,Beno Udrih,Ime Udoka,Jason Thompson,Sergio Rodriguez,Tyreke Evans,4,0:14,SAC,free throw,,,,,,,2,,2,Tyreke Evans,,,foul,made,,,,
Brandon Rush,Dahntay Jones,Danny Granger,Earl Watson,Troy Murphy,Beno Udrih,Ime Udoka,Jason Thompson,Sergio Rodriguez,Tyreke Evans,4,0:06,IND,shot,,,,,,,,,,Dahntay Jones,,,,missed,,3pt,48,8
Brandon Rush,Dahntay Jones,Danny Granger,Earl Watson,Troy Murphy,Beno Udrih,Ime Udoka,Jason Thompson,Sergio Rodriguez,Tyreke Evans,4,0:05,SAC,rebound,,,,,,,,,,Ime Udoka,,,,,,def,,
