a1,a2,a3,a4,a5,h1,h2,h3,h4,h5,period,time,team,etype,assist,away,block,entered,home,left,num,opponent,outof,player,points,possession,reason,result,steal,type,x,y
Ben Gordon,Ben Wallace,Charlie Villanueva,Rodney Stuckey,Tayshaun Prince,Andrew Bogut,Brandon Jennings,Carlos Delfino,Kurt Thomas,Michael Redd,1,12:00,OFF,jump ball,,Ben Wallace,,,Andrew Bogut,,,,,,,Brandon Jennings,,,,,,
Ben Gordon,Ben Wallace,Charlie Villanueva,Rodney Stuckey,Tayshaun Prince,Andrew Bogut,Brandon Jennings,Carlos Delfino,Kurt Thomas,Michael Redd,1,11:41,MIL,turnover,,,,,,,,,,Kurt Thomas,,,lost ball,,Ben Wallace,,,
Ben Gordon,Ben Wallace,Charlie Villanueva,Rodney Stuckey,Tayshaun Prince,Andrew Bogut,Brandon Jennings,Carlos Delfino,Kurt Thomas,Michael Redd,1,11:41,MIL,foul,,,,,,,,Ben Gordon,,Kurt Thomas,,,,,,loose ball,,
Ben Gordon,Ben Wallace,Charlie Villanueva,Rodney Stuckey,Tayshaun Prince,Andrew Bogut,Brandon Jennings,Carlos Delfino,Kurt Thomas,Michael Redd,1,11:23,MIL,foul,,,,,,,,Ben Gordon,,Andrew Bogut,,,,,,shooting,,
Ben Gordon,Ben Wallace,Charlie Villanueva,Rodney Stuckey,Tayshaun Prince,Andrew Bogut,Brandon Jennings,Carlos Delfino,Kurt Thomas,Michael Redd,1,11:23,DET,free throw,,,,,,,1,,2,Ben Gordon,,,foul,made,,,,
Ben Gordon,Ben Wallace,Charlie Villanueva,Rodney Stuckey,Tayshaun Prince,Andrew Bogut,Brandon Jennings,Carlos Delfino,Kurt Thomas,Michael Redd,1,11:23,DET,free throw,,,,,,,2,,2,Ben Gordon,,,foul,made,,,,
Ben Gordon,Ben Wallace,Charlie Villanueva,Rodney Stuckey,Tayshaun Prince,Andrew Bogut,Brandon Jennings,Carlos Delfino,Kurt Thomas,Michael Redd,1,11:03,MIL,shot,,,,,,,,,,Carlos Delfino,2,,,made,,reverse layup,25,6
Ben Gordon,Ben Wallace,Charlie Villanueva,Rodney Stuckey,Tayshaun Prince,Andrew Bogut,Brandon Jennings,Carlos Delfino,Kurt Thomas,Michael Redd,1,10:50,DET,shot,,,,,,,,,,Tayshaun Prince,,,,missed,,jump,25,17
Ben Gordon,Ben Wallace,Charlie Villanueva,Rodney Stuckey,Tayshaun Prince,Andrew Bogut,Brandon Jennings,Carlos Delfino,Kurt Thomas,Michael Redd,1,10:49,MIL,rebound,,,,,,,,,,Andrew Bogut,,,,,,def,,
Ben Gordon,Ben Wallace,Charlie Villanueva,Rodney Stuckey,Tayshaun Prince,Andrew Bogut,Brandon Jennings,Carlos Delfino,Kurt Thomas,Michael Redd,1,10:36,MIL,shot,Kurt Thomas,,,,,,,,,Brandon Jennings,3,,,made,,3pt,41,27
Ben Gordon,Ben Wallace,Charlie Villanueva,Rodney Stuckey,Tayshaun Prince,Andrew Bogut,Brandon Jennings,Carlos Delfino,Kurt Thomas,Michael Redd,1,10:05,DET,shot,,,,,,,,,,Rodney Stuckey,3,,,made,,3pt,41,26
Ben Gordon,Ben Wallace,Charlie Villanueva,Rodney Stuckey,Tayshaun Prince,Andrew Bogut,Brandon Jennings,Carlos Delfino,Kurt Thomas,Michael Redd,1,9:55,MIL,shot,,,,,,,,,,Michael Redd,,,,missed,,3pt,47,22
Ben Gordon,Ben Wallace,Charlie Villanueva,Rodney Stuckey,Tayshaun Prince,Andrew Bogut,Brandon Jennings,Carlos Delfino,Kurt Thomas,Michael Redd,1,9:54,DET,rebound,,,,,,,,,,Charlie Villanueva,,,,,,def,,
Ben Gordon,Ben Wallace,Charlie Villanueva,Rodney Stuckey,Tayshaun Prince,Andrew Bogut,Brandon Jennings,Carlos Delfino,Kurt Thomas,Michael Redd,1,9:26,DET,shot,Rodney Stuckey,,,,,,,,,Charlie Villanueva,2,,,made,,jump,39,15
Ben Gordon,Ben Wallace,Charlie Villanueva,Rodney Stuckey,Tayshaun Prince,Andrew Bogut,Brandon Jennings,Carlos Delfino,Kurt Thomas,Michael Redd,1,9:15,MIL,shot,,,,,,,,,,Brandon Jennings,,,,missed,,jump,41,22
Ben Gordon,Ben Wallace,Charlie Villanueva,Rodney Stuckey,Tayshaun Prince,Andrew Bogut,Brandon Jennings,Carlos Delfino,Kurt Thomas,Michael Redd,1,9:14,MIL,rebound,,,,,,,,,,Kurt Thomas,,,,,,off,,
Ben Gordon,Ben Wallace,Charlie Villanueva,Rodney Stuckey,Tayshaun Prince,Andrew Bogut,Brandon Jennings,Carlos Delfino,Kurt Thomas,Michael Redd,1,9:05,MIL,shot,,,,,,,,,,Carlos Delfino,,,,missed,,jump,15,20
Ben Gordon,Ben Wallace,Charlie Villanueva,Rodney Stuckey,Tayshaun Prince,Andrew Bogut,Brandon Jennings,Carlos Delfino,Kurt Thomas,Michael Redd,1,9:04,DET,rebound,,,,,,,,,,Charlie Villanueva,,,,,,def,,
Ben Gordon,Ben Wallace,Charlie Villanueva,Rodney Stuckey,Tayshaun Prince,Andrew Bogut,Brandon Jennings,Carlos Delfino,Kurt Thomas,Michael Redd,1,8:49,MIL,violation,,,,,,,,,,Andrew Bogut,,,,,,defensive goaltending,,
Ben Gordon,Ben Wallace,Charlie Villanueva,Rodney Stuckey,Tayshaun Prince,Andrew Bogut,Brandon Jennings,Carlos Delfino,Kurt Thomas,Michael Redd,1,8:49,DET,shot,Rodney Stuckey,,,,,,,,,Tayshaun Prince,2,,,made,,layup,25,6
Ben Gordon,Ben Wallace,Charlie Villanueva,Rodney Stuckey,Tayshaun Prince,Andrew Bogut,Brandon Jennings,Carlos Delfino,Kurt Thomas,Michael Redd,1,8:38,DET,foul,,,,,,,,Michael Redd,,Ben Wallace,,,,,,shooting,,
Ben Gordon,Ben Wallace,Charlie Villanueva,Rodney Stuckey,Tayshaun Prince,Andrew Bogut,Brandon Jennings,Carlos Delfino,Kurt Thomas,Michael Redd,1,8:38,MIL,free throw,,,,,,,1,,2,Michael Redd,,,foul,made,,,,
Ben Gordon,Ben Wallace,Charlie Villanueva,Rodney Stuckey,Tayshaun Prince,Andrew Bogut,Brandon Jennings,Carlos Delfino,Kurt Thomas,Michael Redd,1,8:38,MIL,free throw,,,,,,,2,,2,Michael Redd,,,foul,made,,,,
Ben Gordon,Ben Wallace,Charlie Villanueva,Rodney Stuckey,Tayshaun Prince,Andrew Bogut,Brandon Jennings,Carlos Delfino,Kurt Thomas,Michael Redd,1,8:20,DET,shot,Ben Wallace,,,,,,,,,Rodney Stuckey,2,,,made,,jump,34,19
Ben Gordon,Ben Wallace,Charlie Villanueva,Rodney Stuckey,Tayshaun Prince,Andrew Bogut,Brandon Jennings,Carlos Delfino,Kurt Thomas,Michael Redd,1,8:03,MIL,shot,,,,,,,,,,Andrew Bogut,,,,missed,,hook,36,10
Ben Gordon,Ben Wallace,Charlie Villanueva,Rodney Stuckey,Tayshaun Prince,Andrew Bogut,Brandon Jennings,Carlos Delfino,Kurt Thomas,Michael Redd,1,8:02,DET,rebound,,,,,,,,,,Rodney Stuckey,,,,,,def,,
Ben Gordon,Ben Wallace,Charlie Villanueva,Rodney Stuckey,Tayshaun Prince,Andrew Bogut,Brandon Jennings,Carlos Delfino,Kurt Thomas,Michael Redd,1,7:50,DET,shot,,,,,,,,,,Tayshaun Prince,,,,missed,,jump,16,6
Ben Gordon,Ben Wallace,Charlie Villanueva,Rodney Stuckey,Tayshaun Prince,Andrew Bogut,Brandon Jennings,Carlos Delfino,Kurt Thomas,Michael Redd,1,7:49,DET,rebound,,,,,,,,,,Ben Wallace,,,,,,off,,
Ben Gordon,Ben Wallace,Charlie Villanueva,Rodney Stuckey,Tayshaun Prince,Andrew Bogut,Brandon Jennings,Carlos Delfino,Kurt Thomas,Michael Redd,1,7:49,DET,shot,,,,,,,,,,Ben Wallace,,,,missed,,tip,25,6
Ben Gordon,Ben Wallace,Charlie Villanueva,Rodney Stuckey,Tayshaun Prince,Andrew Bogut,Brandon Jennings,Carlos Delfino,Kurt Thomas,Michael Redd,1,7:48,MIL,rebound,,,,,,,,,,Kurt Thomas,,,,,,def,,
Ben Gordon,Ben Wallace,Charlie Villanueva,Rodney Stuckey,Tayshaun Prince,Andrew Bogut,Brandon Jennings,Carlos Delfino,Kurt Thomas,Michael Redd,1,7:42,MIL,shot,,,,,,,,,,Michael Redd,,,,missed,,3pt,8,27
Ben Gordon,Ben Wallace,Charlie Villanueva,Rodney Stuckey,Tayshaun Prince,Andrew Bogut,Brandon Jennings,Carlos Delfino,Kurt Thomas,Michael Redd,1,7:41,DET,rebound,,,,,,,,,,Rodney Stuckey,,,,,,def,,
Ben Gordon,Ben Wallace,Charlie Villanueva,Rodney Stuckey,Tayshaun Prince,Andrew Bogut,Brandon Jennings,Carlos Delfino,Kurt Thomas,Michael Redd,1,7:25,DET,shot,Rodney Stuckey,,,,,,,,,Ben Gordon,2,,,made,,jump,36,20
Ben Gordon,Ben Wallace,Charlie Villanueva,Rodney Stuckey,Tayshaun Prince,Andrew Bogut,Brandon Jennings,Carlos Delfino,Kurt Thomas,Michael Redd,1,7:15,MIL,turnover,,,,,,,,,,Brandon Jennings,,,step out of bounds turnover,,,,,
Ben Gordon,Ben Wallace,Charlie Villanueva,Rodney Stuckey,Tayshaun Prince,Andrew Bogut,Brandon Jennings,Carlos Delfino,Kurt Thomas,Michael Redd,1,7:02,MIL,foul,,,,,,,,Rodney Stuckey,,Andrew Bogut,,,,,,personal,,
Ben Gordon,Ben Wallace,Charlie Villanueva,Rodney Stuckey,Tayshaun Prince,Andrew Bogut,Brandon Jennings,Carlos Delfino,Hakim Warrick,Michael Redd,1,7:02,MIL,sub,,,,Hakim Warrick,,Kurt Thomas,,,,,,,,,,,,
Ben Gordon,Ben Wallace,Charlie Villanueva,Rodney Stuckey,Tayshaun Prince,Brandon Jennings,Carlos Delfino,Dan Gadzuric,Hakim Warrick,Michael Redd,1,7:02,MIL,sub,,,,Dan Gadzuric,,Andrew Bogut,,,,,,,,,,,,
Ben Gordon,Ben Wallace,Kwame Brown,Rodney Stuckey,Tayshaun Prince,Brandon Jennings,Carlos Delfino,Dan Gadzuric,Hakim Warrick,Michael Redd,1,7:02,DET,sub,,,,Kwame Brown,,Charlie Villanueva,,,,,,,,,,,,
Ben Gordon,Ben Wallace,Kwame Brown,Rodney Stuckey,Tayshaun Prince,Brandon Jennings,Carlos Delfino,Dan Gadzuric,Hakim Warrick,Michael Redd,1,6:52,DET,shot,Ben Gordon,,,,,,,,,Tayshaun Prince,2,,,made,,jump,40,6
Ben Gordon,Ben Wallace,Kwame Brown,Rodney Stuckey,Tayshaun Prince,Brandon Jennings,Carlos Delfino,Dan Gadzuric,Hakim Warrick,Michael Redd,1,6:48,MIL,turnover,,,,,,,,,,,,,,,,,,
Ben Gordon,Ben Wallace,Kwame Brown,Rodney Stuckey,Tayshaun Prince,Brandon Jennings,Carlos Delfino,Dan Gadzuric,Hakim Warrick,Michael Redd,1,6:42,DET,shot,,,,,,,,,,Ben Gordon,2,,,made,,jump,34,19
Ben Gordon,Ben Wallace,Kwame Brown,Rodney Stuckey,Tayshaun Prince,Brandon Jennings,Carlos Delfino,Dan Gadzuric,Hakim Warrick,Michael Redd,1,6:37,MIL,timeout,,,,,,,,,,,,,,,,regular,,
Ben Gordon,Ben Wallace,Kwame Brown,Rodney Stuckey,Tayshaun Prince,Brandon Jennings,Carlos Delfino,Charlie Bell,Dan Gadzuric,Hakim Warrick,1,6:37,MIL,sub,,,,Charlie Bell,,Michael Redd,,,,,,,,,,,,
Ben Gordon,Ben Wallace,Kwame Brown,Rodney Stuckey,Tayshaun Prince,Brandon Jennings,Charlie Bell,Dan Gadzuric,Hakim Warrick,Luc Richard Mbah a Moute,1,6:37,MIL,sub,,,,Luc Richard Mbah a Moute,,Carlos Delfino,,,,,,,,,,,,
Ben Gordon,Ben Wallace,Kwame Brown,Rodney Stuckey,Tayshaun Prince,Brandon Jennings,Charlie Bell,Dan Gadzuric,Hakim Warrick,Luc Richard Mbah a Moute,1,6:26,MIL,shot,,,,,,,,,,Brandon Jennings,,,,missed,,jump,37,12
Ben Gordon,Ben Wallace,Kwame Brown,Rodney Stuckey,Tayshaun Prince,Brandon Jennings,Charlie Bell,Dan Gadzuric,Hakim Warrick,Luc Richard Mbah a Moute,1,6:21,MIL,rebound,,,,,,,,,,Dan Gadzuric,,,,,,off,,
Ben Gordon,Ben Wallace,Kwame Brown,Rodney Stuckey,Tayshaun Prince,Brandon Jennings,Charlie Bell,Dan Gadzuric,Hakim Warrick,Luc Richard Mbah a Moute,1,6:19,MIL,shot,,,,,,,,,,Dan Gadzuric,2,,,made,,layup,25,6
Ben Gordon,Ben Wallace,Kwame Brown,Rodney Stuckey,Tayshaun Prince,Brandon Jennings,Charlie Bell,Dan Gadzuric,Hakim Warrick,Luc Richard Mbah a Moute,1,5:54,DET,shot,,,,,,,,,,Rodney Stuckey,2,,,made,,jump,39,21
Ben Gordon,Ben Wallace,Kwame Brown,Rodney Stuckey,Tayshaun Prince,Brandon Jennings,Charlie Bell,Dan Gadzuric,Hakim Warrick,Luc Richard Mbah a Moute,1,5:46,DET,foul,,,,,,,,Brandon Jennings,,Kwame Brown,,,,,,personal,,
Ben Gordon,Ben Wallace,Kwame Brown,Rodney Stuckey,Tayshaun Prince,Brandon Jennings,Charlie Bell,Dan Gadzuric,Hakim Warrick,Luc Richard Mbah a Moute,1,5:34,MIL,shot,,,,,,,,,,Hakim Warrick,2,,,made,,layup,25,6
Ben Gordon,Ben Wallace,Kwame Brown,Rodney Stuckey,Tayshaun Prince,Brandon Jennings,Charlie Bell,Dan Gadzuric,Hakim Warrick,Luc Richard Mbah a Moute,1,5:15,MIL,foul,,,,,,,,Ben Gordon,,Charlie Bell,,,,,,shooting,,
Ben Gordon,Ben Wallace,Kwame Brown,Rodney Stuckey,Tayshaun Prince,Brandon Jennings,Charlie Bell,Dan Gadzuric,Hakim Warrick,Luc Richard Mbah a Moute,1,5:15,DET,free throw,,,,,,,1,,2,Ben Gordon,,,foul,made,,,,
Ben Gordon,Ben Wallace,Kwame Brown,Rodney Stuckey,Tayshaun Prince,Brandon Jennings,Charlie Bell,Dan Gadzuric,Hakim Warrick,Luc Richard Mbah a Moute,1,5:15,DET,free throw,,,,,,,2,,2,Ben Gordon,,,foul,made,,,,
Ben Gordon,Ben Wallace,Kwame Brown,Rodney Stuckey,Tayshaun Prince,Brandon Jennings,Charlie Bell,Dan Gadzuric,Hakim Warrick,Luc Richard Mbah a Moute,1,4:53,MIL,shot,Brandon Jennings,,,,,,,,,Charlie Bell,3,,,made,,3pt,49,5
Ben Gordon,Ben Wallace,Kwame Brown,Rodney Stuckey,Tayshaun Prince,Brandon Jennings,Charlie Bell,Dan Gadzuric,Hakim Warrick,Luc Richard Mbah a Moute,1,4:34,DET,foul,,,,,,,,Brandon Jennings,,Rodney Stuckey,,,,,,offensive,,
Ben Gordon,Ben Wallace,Kwame Brown,Rodney Stuckey,Tayshaun Prince,Brandon Jennings,Charlie Bell,Dan Gadzuric,Hakim Warrick,Luc Richard Mbah a Moute,1,4:34,DET,turnover,,,,,,,,,,Rodney Stuckey,,,foul,,,,,
Ben Gordon,Ben Wallace,Kwame Brown,Rodney Stuckey,Tayshaun Prince,Brandon Jennings,Charlie Bell,Dan Gadzuric,Hakim Warrick,Luc Richard Mbah a Moute,1,4:16,MIL,shot,Charlie Bell,,,,,,,,,Hakim Warrick,2,,,made,,dunk,25,6
Ben Gordon,Ben Wallace,Kwame Brown,Rodney Stuckey,Tayshaun Prince,Brandon Jennings,Charlie Bell,Dan Gadzuric,Hakim Warrick,Luc Richard Mbah a Moute,1,3:58,MIL,foul,,,,,,,,Kwame Brown,,Dan Gadzuric,,,,,,shooting,,
Ben Gordon,Ben Wallace,Kwame Brown,Rodney Stuckey,Tayshaun Prince,Brandon Jennings,Charlie Bell,Dan Gadzuric,Hakim Warrick,Luc Richard Mbah a Moute,1,3:58,DET,free throw,,,,,,,1,,2,Kwame Brown,,,foul,missed,,,,
Ben Gordon,Ben Wallace,Kwame Brown,Rodney Stuckey,Tayshaun Prince,Brandon Jennings,Charlie Bell,Dan Gadzuric,Hakim Warrick,Luc Richard Mbah a Moute,1,3:58,DET,rebound,,,,,,,,,,,,,,,,,,
Ben Gordon,Ben Wallace,Kwame Brown,Rodney Stuckey,Tayshaun Prince,Brandon Jennings,Charlie Bell,Dan Gadzuric,Hakim Warrick,Luc Richard Mbah a Moute,1,3:58,DET,free throw,,,,,,,2,,2,Kwame Brown,,,foul,missed,,,,
Ben Gordon,Ben Wallace,Kwame Brown,Rodney Stuckey,Tayshaun Prince,Brandon Jennings,Charlie Bell,Dan Gadzuric,Hakim Warrick,Luc Richard Mbah a Moute,1,3:58,MIL,rebound,,,,,,,,,,Charlie Bell,,,,,,def,,
Ben Gordon,Ben Wallace,Kwame Brown,Rodney Stuckey,Tayshaun Prince,Brandon Jennings,Charlie Bell,Dan Gadzuric,Hakim Warrick,Luc Richard Mbah a Moute,1,3:48,MIL,turnover,,,,,,,,,,Brandon Jennings,,,lost ball,,Kwame Brown,,,
Ben Gordon,Ben Wallace,Kwame Brown,Rodney Stuckey,Tayshaun Prince,Brandon Jennings,Charlie Bell,Dan Gadzuric,Hakim Warrick,Luc Richard Mbah a Moute,1,3:45,DET,shot,Rodney Stuckey,,,,,,,,,Ben Gordon,2,,,made,,layup,25,6
Ben Gordon,Ben Wallace,Kwame Brown,Rodney Stuckey,Tayshaun Prince,Brandon Jennings,Charlie Bell,Dan Gadzuric,Hakim Warrick,Luc Richard Mbah a Moute,1,3:25,MIL,shot,,,,,,,,,,Brandon Jennings,,,,missed,,jump,31,21
Ben Gordon,Ben Wallace,Kwame Brown,Rodney Stuckey,Tayshaun Prince,Brandon Jennings,Charlie Bell,Dan Gadzuric,Hakim Warrick,Luc Richard Mbah a Moute,1,3:24,DET,rebound,,,,,,,,,,Kwame Brown,,,,,,def,,
Ben Gordon,Ben Wallace,Kwame Brown,Rodney Stuckey,Tayshaun Prince,Brandon Jennings,Charlie Bell,Dan Gadzuric,Hakim Warrick,Luc Richard Mbah a Moute,1,3:13,DET,shot,,,,,,,,,,Ben Gordon,,,,missed,,3pt,2,6
Ben Gordon,Ben Wallace,Kwame Brown,Rodney Stuckey,Tayshaun Prince,Brandon Jennings,Charlie Bell,Dan Gadzuric,Hakim Warrick,Luc Richard Mbah a Moute,1,3:12,DET,rebound,,,,,,,,,,Ben Wallace,,,,,,off,,
Ben Gordon,Ben Wallace,Kwame Brown,Rodney Stuckey,Tayshaun Prince,Brandon Jennings,Charlie Bell,Dan Gadzuric,Hakim Warrick,Luc Richard Mbah a Moute,1,3:07,DET,shot,,,,,,,,,,Rodney Stuckey,,,,missed,,jump,12,9
Ben Gordon,Ben Wallace,Kwame Brown,Rodney Stuckey,Tayshaun Prince,Brandon Jennings,Charlie Bell,Dan Gadzuric,Hakim Warrick,Luc Richard Mbah a Moute,1,3:06,DET,rebound,,,,,,,,,,Ben Wallace,,,,,,off,,
Ben Gordon,Ben Wallace,Kwame Brown,Rodney Stuckey,Tayshaun Prince,Brandon Jennings,Charlie Bell,Dan Gadzuric,Hakim Warrick,Luc Richard Mbah a Moute,1,3:00,DET,timeout,,,,,,,,,,,,,,,,regular,,
Ben Gordon,Ben Wallace,Kwame Brown,Rodney Stuckey,Tayshaun Prince,Charlie Bell,Dan Gadzuric,Hakim Warrick,Luc Richard Mbah a Moute,Luke Ridnour,1,3:00,MIL,sub,,,,Luke Ridnour,,Brandon Jennings,,,,,,,,,,,,
Ben Gordon,Ben Wallace,Kwame Brown,Rodney Stuckey,Tayshaun Prince,Charlie Bell,Dan Gadzuric,Hakim Warrick,Luc Richard Mbah a Moute,Luke Ridnour,1,2:47,DET,shot,,,,,,,,,,Rodney Stuckey,2,,,made,,turnaround jump,38,10
Ben Gordon,Ben Wallace,Kwame Brown,Rodney Stuckey,Tayshaun Prince,Charlie Bell,Dan Gadzuric,Hakim Warrick,Luc Richard Mbah a Moute,Luke Ridnour,1,2:25,MIL,shot,,,,,,,,,,Hakim Warrick,,,,missed,,3pt,23,33
Ben Gordon,Ben Wallace,Kwame Brown,Rodney Stuckey,Tayshaun Prince,Charlie Bell,Dan Gadzuric,Hakim Warrick,Luc Richard Mbah a Moute,Luke Ridnour,1,2:24,MIL,rebound,,,,,,,,,,Luc Richard Mbah a Moute,,,,,,off,,
Ben Gordon,Ben Wallace,Kwame Brown,Rodney Stuckey,Tayshaun Prince,Charlie Bell,Dan Gadzuric,Hakim Warrick,Luc Richard Mbah a Moute,Luke Ridnour,1,2:13,MIL,shot,,,Ben Wallace,,,,,,,Luc Richard Mbah a Moute,,,,missed,,a moute layup,25,6
Ben Gordon,Ben Wallace,Kwame Brown,Rodney Stuckey,Tayshaun Prince,Charlie Bell,Dan Gadzuric,Hakim Warrick,Luc Richard Mbah a Moute,Luke Ridnour,1,2:12,MIL,rebound,,,,,,,,,,Luc Richard Mbah a Moute,,,,,,off,,
Ben Gordon,Ben Wallace,Kwame Brown,Rodney Stuckey,Tayshaun Prince,Charlie Bell,Dan Gadzuric,Hakim Warrick,Luc Richard Mbah a Moute,Luke Ridnour,1,2:10,MIL,shot,,,,,,,,,,Luc Richard Mbah a Moute,,,,missed,,a moute layup,25,6
Ben Gordon,Ben Wallace,Kwame Brown,Rodney Stuckey,Tayshaun Prince,Charlie Bell,Dan Gadzuric,Hakim Warrick,Luc Richard Mbah a Moute,Luke Ridnour,1,2:09,DET,rebound,,,,,,,,,,Kwame Brown,,,,,,def,,
Ben Gordon,Ben Wallace,Kwame Brown,Rodney Stuckey,Tayshaun Prince,Charlie Bell,Dan Gadzuric,Hakim Warrick,Luc Richard Mbah a Moute,Luke Ridnour,1,2:02,DET,shot,Ben Gordon,,,,,,,,,Tayshaun Prince,2,,,made,,layup,25,6
Ben Gordon,Ben Wallace,Kwame Brown,Rodney Stuckey,Tayshaun Prince,Charlie Bell,Dan Gadzuric,Hakim Warrick,Luc Richard Mbah a Moute,Luke Ridnour,1,2:02,MIL,foul,,,,,,,,Tayshaun Prince,,Dan Gadzuric,,,,,,shooting,,
Ben Gordon,Charlie Villanueva,Kwame Brown,Rodney Stuckey,Tayshaun Prince,Charlie Bell,Dan Gadzuric,Hakim Warrick,Luc Richard Mbah a Moute,Luke Ridnour,1,2:02,DET,sub,,,,Charlie Villanueva,,Ben Wallace,,,,,,,,,,,,
Ben Gordon,Charlie Villanueva,Kwame Brown,Tayshaun Prince,Will Bynum,Charlie Bell,Dan Gadzuric,Hakim Warrick,Luc Richard Mbah a Moute,Luke Ridnour,1,2:02,DET,sub,,,,Will Bynum,,Rodney Stuckey,,,,,,,,,,,,
Ben Gordon,Charlie Villanueva,Kwame Brown,Tayshaun Prince,Will Bynum,Charlie Bell,Dan Gadzuric,Hakim Warrick,Luc Richard Mbah a Moute,Luke Ridnour,1,2:02,DET,free throw,,,,,,,1,,1,Tayshaun Prince,,,foul,missed,,,,
Ben Gordon,Charlie Villanueva,Kwame Brown,Tayshaun Prince,Will Bynum,Charlie Bell,Dan Gadzuric,Hakim Warrick,Luc Richard Mbah a Moute,Luke Ridnour,1,2:02,MIL,rebound,,,,,,,,,,Dan Gadzuric,,,,,,def,,
Ben Gordon,Charlie Villanueva,Kwame Brown,Tayshaun Prince,Will Bynum,Charlie Bell,Dan Gadzuric,Hakim Warrick,Luc Richard Mbah a Moute,Luke Ridnour,1,1:48,MIL,turnover,,,,,,,,,,Charlie Bell,,,lost ball,,Ben Gordon,,,
Ben Gordon,Charlie Villanueva,Kwame Brown,Tayshaun Prince,Will Bynum,Charlie Bell,Dan Gadzuric,Hakim Warrick,Luc Richard Mbah a Moute,Luke Ridnour,1,1:46,MIL,foul,,,,,,,,Charlie Villanueva,,Luke Ridnour,,,,,,shooting,,
Ben Gordon,Charlie Villanueva,Kwame Brown,Tayshaun Prince,Will Bynum,Charlie Bell,Dan Gadzuric,Hakim Warrick,Luc Richard Mbah a Moute,Luke Ridnour,1,1:46,DET,free throw,,,,,,,1,,2,Charlie Villanueva,,,foul,made,,,,
Ben Gordon,Charlie Villanueva,Kwame Brown,Tayshaun Prince,Will Bynum,Charlie Bell,Dan Gadzuric,Hakim Warrick,Luc Richard Mbah a Moute,Luke Ridnour,1,1:46,DET,free throw,,,,,,,2,,2,Charlie Villanueva,,,foul,made,,,,
Ben Gordon,Charlie Villanueva,Kwame Brown,Tayshaun Prince,Will Bynum,Charlie Bell,Dan Gadzuric,Hakim Warrick,Luc Richard Mbah a Moute,Luke Ridnour,1,1:46,DET,foul,,,,,,,,Luke Ridnour,,Will Bynum,,,,,,personal,,
Ben Gordon,Charlie Villanueva,Kwame Brown,Tayshaun Prince,Will Bynum,Charlie Bell,Ersan Ilyasova,Hakim Warrick,Luc Richard Mbah a Moute,Luke Ridnour,1,1:46,MIL,sub,,,,Ersan Ilyasova,,Dan Gadzuric,,,,,,,,,,,,
Ben Gordon,Charlie Villanueva,Kwame Brown,Tayshaun Prince,Will Bynum,Charlie Bell,Ersan Ilyasova,Hakim Warrick,Luc Richard Mbah a Moute,Luke Ridnour,1,1:40,MIL,turnover,,,,,,,,,,Luc Richard Mbah a Moute,,,traveling,,,,,
Ben Gordon,Charlie Villanueva,Kwame Brown,Tayshaun Prince,Will Bynum,Charlie Bell,Ersan Ilyasova,Hakim Warrick,Luc Richard Mbah a Moute,Luke Ridnour,1,1:01,DET,turnover,,,,,,,,,,Will Bynum,,,lost ball,,Charlie Bell,,,
Ben Gordon,Charlie Villanueva,Kwame Brown,Tayshaun Prince,Will Bynum,Charlie Bell,Ersan Ilyasova,Hakim Warrick,Luc Richard Mbah a Moute,Luke Ridnour,1,0:55,MIL,shot,Hakim Warrick,,,,,,,,,Ersan Ilyasova,2,,,made,,jump,12,6
Ben Gordon,Charlie Villanueva,Kwame Brown,Tayshaun Prince,Will Bynum,Charlie Bell,Ersan Ilyasova,Hakim Warrick,Luc Richard Mbah a Moute,Luke Ridnour,1,0:55,DET,shot,,,,,,,,,,Will Bynum,,,,missed,,jump,14,18
Ben Gordon,Charlie Villanueva,Kwame Brown,Tayshaun Prince,Will Bynum,Charlie Bell,Ersan Ilyasova,Hakim Warrick,Luc Richard Mbah a Moute,Luke Ridnour,1,0:53,MIL,rebound,,,,,,,,,,Luc Richard Mbah a Moute,,,,,,def,,
Ben Gordon,Charlie Villanueva,Kwame Brown,Tayshaun Prince,Will Bynum,Charlie Bell,Ersan Ilyasova,Hakim Warrick,Luc Richard Mbah a Moute,Luke Ridnour,1,0:49,MIL,shot,Ersan Ilyasova,,,,,,,,,Hakim Warrick,2,,,made,,dunk,25,6
Ben Gordon,Charlie Villanueva,Kwame Brown,Tayshaun Prince,Will Bynum,Charlie Bell,Ersan Ilyasova,Hakim Warrick,Luc Richard Mbah a Moute,Luke Ridnour,1,0:05,DET,shot,,,,,,,,,,Charlie Villanueva,,,,missed,,3pt,25,33
Ben Gordon,Charlie Villanueva,Kwame Brown,Tayshaun Prince,Will Bynum,Charlie Bell,Ersan Ilyasova,Hakim Warrick,Luc Richard Mbah a Moute,Luke Ridnour,1,0:05,MIL,rebound,,,,,,,,,,Luc Richard Mbah a Moute,,,,,,def,,
Charlie Villanueva,Jonas Jerebko,Kwame Brown,Rodney Stuckey,Will Bynum,Charlie Bell,Ersan Ilyasova,Hakim Warrick,Luc Richard Mbah a Moute,Luke Ridnour,2,11:39,DET,shot,,,,,,,,,,Rodney Stuckey,2,,,made,,layup,25,6
Charlie Villanueva,Jonas Jerebko,Kwame Brown,Rodney Stuckey,Will Bynum,Charlie Bell,Ersan Ilyasova,Hakim Warrick,Luc Richard Mbah a Moute,Luke Ridnour,2,11:16,MIL,shot,,,,,,,,,,Hakim Warrick,,,,missed,,jump,11,12
Charlie Villanueva,Jonas Jerebko,Kwame Brown,Rodney Stuckey,Will Bynum,Charlie Bell,Ersan Ilyasova,Hakim Warrick,Luc Richard Mbah a Moute,Luke Ridnour,2,11:15,DET,rebound,,,,,,,,,,Will Bynum,,,,,,def,,
Charlie Villanueva,Jonas Jerebko,Kwame Brown,Rodney Stuckey,Will Bynum,Charlie Bell,Ersan Ilyasova,Hakim Warrick,Luc Richard Mbah a Moute,Luke Ridnour,2,11:11,MIL,foul,,,,,,,,Kwame Brown,,Hakim Warrick,,,,,,personal,,
Charlie Villanueva,Jonas Jerebko,Kwame Brown,Rodney Stuckey,Will Bynum,Charlie Bell,Ersan Ilyasova,Hakim Warrick,Luc Richard Mbah a Moute,Luke Ridnour,2,11:01,DET,turnover,,,,,,,,,,Will Bynum,,,bad pass,,,,,
Charlie Villanueva,Jonas Jerebko,Kwame Brown,Rodney Stuckey,Will Bynum,Charlie Bell,Ersan Ilyasova,Hakim Warrick,Luc Richard Mbah a Moute,Luke Ridnour,2,10:44,MIL,shot,,,,,,,,,,Ersan Ilyasova,,,,missed,,jump,36,21
Charlie Villanueva,Jonas Jerebko,Kwame Brown,Rodney Stuckey,Will Bynum,Charlie Bell,Ersan Ilyasova,Hakim Warrick,Luc Richard Mbah a Moute,Luke Ridnour,2,10:43,DET,rebound,,,,,,,,,,Rodney Stuckey,,,,,,def,,
Charlie Villanueva,Jonas Jerebko,Kwame Brown,Rodney Stuckey,Will Bynum,Charlie Bell,Ersan Ilyasova,Hakim Warrick,Luc Richard Mbah a Moute,Luke Ridnour,2,10:36,DET,shot,,,,,,,,,,Charlie Villanueva,,,,missed,,hook,17,6
Charlie Villanueva,Jonas Jerebko,Kwame Brown,Rodney Stuckey,Will Bynum,Charlie Bell,Ersan Ilyasova,Hakim Warrick,Luc Richard Mbah a Moute,Luke Ridnour,2,10:34,DET,rebound,,,,,,,,,,Kwame Brown,,,,,,off,,
Charlie Villanueva,Jonas Jerebko,Kwame Brown,Rodney Stuckey,Will Bynum,Charlie Bell,Ersan Ilyasova,Hakim Warrick,Luc Richard Mbah a Moute,Luke Ridnour,2,10:23,DET,shot,,,,,,,,,,Charlie Villanueva,,,,missed,,3pt,2,6
Charlie Villanueva,Jonas Jerebko,Kwame Brown,Rodney Stuckey,Will Bynum,Charlie Bell,Ersan Ilyasova,Hakim Warrick,Luc Richard Mbah a Moute,Luke Ridnour,2,10:21,DET,rebound,,,,,,,,,,Kwame Brown,,,,,,off,,
Charlie Villanueva,Jonas Jerebko,Kwame Brown,Rodney Stuckey,Will Bynum,Charlie Bell,Ersan Ilyasova,Hakim Warrick,Luc Richard Mbah a Moute,Luke Ridnour,2,10:18,DET,turnover,,,,,,,,,,Kwame Brown,,,bad pass,,Luke Ridnour,,,
Charlie Villanueva,Jonas Jerebko,Kwame Brown,Rodney Stuckey,Will Bynum,Charlie Bell,Ersan Ilyasova,Hakim Warrick,Luc Richard Mbah a Moute,Luke Ridnour,2,10:14,MIL,turnover,,,,,,,,,,Hakim Warrick,,,bad pass,,Rodney Stuckey,,,
Charlie Villanueva,Jonas Jerebko,Kwame Brown,Rodney Stuckey,Will Bynum,Charlie Bell,Ersan Ilyasova,Hakim Warrick,Luc Richard Mbah a Moute,Luke Ridnour,2,10:04,DET,foul,,,,,,,,Hakim Warrick,,Kwame Brown,,,,,,offensive,,
Charlie Villanueva,Jonas Jerebko,Kwame Brown,Rodney Stuckey,Will Bynum,Charlie Bell,Ersan Ilyasova,Hakim Warrick,Luc Richard Mbah a Moute,Luke Ridnour,2,10:04,DET,turnover,,,,,,,,,,Kwame Brown,,,foul,,,,,
Charlie Villanueva,Jonas Jerebko,Kwame Brown,Rodney Stuckey,Will Bynum,Charlie Bell,Ersan Ilyasova,Hakim Warrick,Luc Richard Mbah a Moute,Luke Ridnour,2,9:48,MIL,shot,,,,,,,,,,Hakim Warrick,,,,missed,,layup,25,6
Charlie Villanueva,Jonas Jerebko,Kwame Brown,Rodney Stuckey,Will Bynum,Charlie Bell,Ersan Ilyasova,Hakim Warrick,Luc Richard Mbah a Moute,Luke Ridnour,2,9:47,MIL,rebound,,,,,,,,,,Luc Richard Mbah a Moute,,,,,,off,,
Charlie Villanueva,Jonas Jerebko,Kwame Brown,Rodney Stuckey,Will Bynum,Charlie Bell,Ersan Ilyasova,Hakim Warrick,Luc Richard Mbah a Moute,Luke Ridnour,2,9:47,MIL,shot,,,,,,,,,,Luc Richard Mbah a Moute,,,,missed,,a moute tip,25,6
Charlie Villanueva,Jonas Jerebko,Kwame Brown,Rodney Stuckey,Will Bynum,Charlie Bell,Ersan Ilyasova,Hakim Warrick,Luc Richard Mbah a Moute,Luke Ridnour,2,9:46,MIL,rebound,,,,,,,,,,Hakim Warrick,,,,,,off,,
Charlie Villanueva,Jonas Jerebko,Kwame Brown,Rodney Stuckey,Will Bynum,Charlie Bell,Ersan Ilyasova,Hakim Warrick,Luc Richard Mbah a Moute,Luke Ridnour,2,9:46,DET,foul,,,,,,,,Hakim Warrick,,Jonas Jerebko,,,,,,shooting,,
Charlie Villanueva,Jonas Jerebko,Kwame Brown,Rodney Stuckey,Will Bynum,Charlie Bell,Ersan Ilyasova,Hakim Warrick,Luc Richard Mbah a Moute,Luke Ridnour,2,9:46,MIL,free throw,,,,,,,1,,2,Hakim Warrick,,,foul,missed,,,,
Charlie Villanueva,Jonas Jerebko,Kwame Brown,Rodney Stuckey,Will Bynum,Charlie Bell,Ersan Ilyasova,Hakim Warrick,Luc Richard Mbah a Moute,Luke Ridnour,2,9:46,MIL,rebound,,,,,,,,,,,,,,,,,,
Charlie Villanueva,Jason Maxiell,Jonas Jerebko,Rodney Stuckey,Will Bynum,Charlie Bell,Ersan Ilyasova,Hakim Warrick,Luc Richard Mbah a Moute,Luke Ridnour,2,9:46,DET,sub,,,,Jason Maxiell,,Kwame Brown,,,,,,,,,,,,
Charlie Villanueva,Jason Maxiell,Jonas Jerebko,Rodney Stuckey,Will Bynum,Charlie Bell,Ersan Ilyasova,Hakim Warrick,Luc Richard Mbah a Moute,Luke Ridnour,2,9:46,MIL,free throw,,,,,,,2,,2,Hakim Warrick,,,foul,made,,,,
Charlie Villanueva,Jason Maxiell,Jonas Jerebko,Rodney Stuckey,Will Bynum,Charlie Bell,Ersan Ilyasova,Hakim Warrick,Luc Richard Mbah a Moute,Luke Ridnour,2,9:29,DET,foul,,,,,,,,Ersan Ilyasova,,Charlie Villanueva,,,,,,offensive,,
Charlie Villanueva,Jason Maxiell,Jonas Jerebko,Rodney Stuckey,Will Bynum,Charlie Bell,Ersan Ilyasova,Hakim Warrick,Luc Richard Mbah a Moute,Luke Ridnour,2,9:29,DET,turnover,,,,,,,,,,Charlie Villanueva,,,foul,,,,,
Charlie Villanueva,Jason Maxiell,Jonas Jerebko,Rodney Stuckey,Will Bynum,Charlie Bell,Ersan Ilyasova,Hakim Warrick,Luc Richard Mbah a Moute,Luke Ridnour,2,9:24,DET,foul,,,,,,,,Hakim Warrick,,Charlie Villanueva,,,,,,shooting,,
Charlie Villanueva,Jason Maxiell,Jonas Jerebko,Rodney Stuckey,Will Bynum,Charlie Bell,Ersan Ilyasova,Hakim Warrick,Luc Richard Mbah a Moute,Luke Ridnour,2,9:24,MIL,free throw,,,,,,,1,,2,Hakim Warrick,,,foul,missed,,,,
Charlie Villanueva,Jason Maxiell,Jonas Jerebko,Rodney Stuckey,Will Bynum,Charlie Bell,Ersan Ilyasova,Hakim Warrick,Luc Richard Mbah a Moute,Luke Ridnour,2,9:24,MIL,rebound,,,,,,,,,,,,,,,,,,
Charlie Villanueva,Jason Maxiell,Jonas Jerebko,Rodney Stuckey,Will Bynum,Charlie Bell,Ersan Ilyasova,Hakim Warrick,Luc Richard Mbah a Moute,Luke Ridnour,2,9:24,MIL,free throw,,,,,,,2,,2,Hakim Warrick,,,foul,made,,,,
Charlie Villanueva,Jason Maxiell,Jonas Jerebko,Rodney Stuckey,Will Bynum,Charlie Bell,Ersan Ilyasova,Hakim Warrick,Luc Richard Mbah a Moute,Luke Ridnour,2,9:06,DET,turnover,,,,,,,,,,Rodney Stuckey,,,poss lost ball turnover,,Hakim Warrick,,,
Charlie Villanueva,Jason Maxiell,Jonas Jerebko,Rodney Stuckey,Will Bynum,Charlie Bell,Ersan Ilyasova,Hakim Warrick,Luc Richard Mbah a Moute,Luke Ridnour,2,9:03,MIL,shot,,,,,,,,,,Hakim Warrick,,,,missed,,layup,25,6
Charlie Villanueva,Jason Maxiell,Jonas Jerebko,Rodney Stuckey,Will Bynum,Charlie Bell,Ersan Ilyasova,Hakim Warrick,Luc Richard Mbah a Moute,Luke Ridnour,2,9:02,MIL,rebound,,,,,,,,,,Hakim Warrick,,,,,,off,,
Charlie Villanueva,Jason Maxiell,Jonas Jerebko,Rodney Stuckey,Will Bynum,Charlie Bell,Ersan Ilyasova,Hakim Warrick,Luc Richard Mbah a Moute,Luke Ridnour,2,9:02,MIL,shot,,,,,,,,,,Hakim Warrick,,,,missed,,tip,25,6
Charlie Villanueva,Jason Maxiell,Jonas Jerebko,Rodney Stuckey,Will Bynum,Charlie Bell,Ersan Ilyasova,Hakim Warrick,Luc Richard Mbah a Moute,Luke Ridnour,2,9:02,MIL,rebound,,,,,,,,,,,,,,,,,,
Charlie Villanueva,Jason Maxiell,Jonas Jerebko,Rodney Stuckey,Will Bynum,Charlie Bell,Ersan Ilyasova,Hakim Warrick,Luc Richard Mbah a Moute,Luke Ridnour,2,9:02,DET,foul,,,,,,,,Luc Richard Mbah a Moute,,Jason Maxiell,,,,,,personal,,
Ben Wallace,Jason Maxiell,Jonas Jerebko,Rodney Stuckey,Will Bynum,Charlie Bell,Ersan Ilyasova,Hakim Warrick,Luc Richard Mbah a Moute,Luke Ridnour,2,9:02,DET,sub,,,,Ben Wallace,,Charlie Villanueva,,,,,,,,,,,,
Ben Wallace,Jason Maxiell,Jonas Jerebko,Rodney Stuckey,Will Bynum,Charlie Bell,Ersan Ilyasova,Hakim Warrick,Luc Richard Mbah a Moute,Luke Ridnour,2,8:57,MIL,shot,,,,,,,,,,Luke Ridnour,,,,missed,,3pt,43,26
Ben Wallace,Jason Maxiell,Jonas Jerebko,Rodney Stuckey,Will Bynum,Charlie Bell,Ersan Ilyasova,Hakim Warrick,Luc Richard Mbah a Moute,Luke Ridnour,2,8:56,DET,rebound,,,,,,,,,,Jonas Jerebko,,,,,,def,,
Ben Wallace,Jason Maxiell,Jonas Jerebko,Rodney Stuckey,Will Bynum,Charlie Bell,Ersan Ilyasova,Hakim Warrick,Luc Richard Mbah a Moute,Luke Ridnour,2,8:48,DET,shot,Will Bynum,,,,,,,,,Jason Maxiell,2,,,made,,dunk,25,6
Ben Wallace,Jason Maxiell,Jonas Jerebko,Rodney Stuckey,Will Bynum,Charlie Bell,Ersan Ilyasova,Hakim Warrick,Luc Richard Mbah a Moute,Luke Ridnour,2,8:25,MIL,shot,Charlie Bell,,,,,,,,,Ersan Ilyasova,3,,,made,,3pt,37,30
Ben Wallace,Jason Maxiell,Jonas Jerebko,Rodney Stuckey,Will Bynum,Charlie Bell,Ersan Ilyasova,Hakim Warrick,Luc Richard Mbah a Moute,Luke Ridnour,2,8:02,DET,shot,,,,,,,,,,Rodney Stuckey,,,,missed,,3pt,45,24
Ben Wallace,Jason Maxiell,Jonas Jerebko,Rodney Stuckey,Will Bynum,Charlie Bell,Ersan Ilyasova,Hakim Warrick,Luc Richard Mbah a Moute,Luke Ridnour,2,8:00,MIL,rebound,,,,,,,,,,Ersan Ilyasova,,,,,,def,,
Ben Wallace,Jason Maxiell,Jonas Jerebko,Rodney Stuckey,Will Bynum,Charlie Bell,Ersan Ilyasova,Hakim Warrick,Luc Richard Mbah a Moute,Luke Ridnour,2,7:47,MIL,shot,,,,,,,,,,Charlie Bell,,,,missed,,layup,25,6
Ben Wallace,Jason Maxiell,Jonas Jerebko,Rodney Stuckey,Will Bynum,Charlie Bell,Ersan Ilyasova,Hakim Warrick,Luc Richard Mbah a Moute,Luke Ridnour,2,7:46,DET,rebound,,,,,,,,,,Ben Wallace,,,,,,def,,
Ben Wallace,Jason Maxiell,Jonas Jerebko,Rodney Stuckey,Will Bynum,Charlie Bell,Ersan Ilyasova,Hakim Warrick,Luc Richard Mbah a Moute,Luke Ridnour,2,7:32,MIL,foul,,,,,,,,Will Bynum,,Charlie Bell,,,,,,personal,,
Ben Wallace,Jason Maxiell,Jonas Jerebko,Rodney Stuckey,Will Bynum,Charlie Bell,Ersan Ilyasova,Hakim Warrick,Luc Richard Mbah a Moute,Luke Ridnour,2,7:32,DET,timeout,,,,,,,,,,,,,,,,official,,
Ben Wallace,Jason Maxiell,Jonas Jerebko,Rodney Stuckey,Will Bynum,Carlos Delfino,Charlie Bell,Ersan Ilyasova,Luc Richard Mbah a Moute,Luke Ridnour,2,7:32,MIL,sub,,,,Carlos Delfino,,Hakim Warrick,,,,,,,,,,,,
Ben Wallace,Jason Maxiell,Jonas Jerebko,Rodney Stuckey,Will Bynum,Andrew Bogut,Carlos Delfino,Ersan Ilyasova,Luc Richard Mbah a Moute,Luke Ridnour,2,7:32,MIL,sub,,,,Andrew Bogut,,Charlie Bell,,,,,,,,,,,,
Ben Wallace,Jason Maxiell,Jonas Jerebko,Rodney Stuckey,Will Bynum,Andrew Bogut,Carlos Delfino,Ersan Ilyasova,Luke Ridnour,Michael Redd,2,7:32,MIL,sub,,,,Michael Redd,,Luc Richard Mbah a Moute,,,,,,,,,,,,
Ben Wallace,Jason Maxiell,Jonas Jerebko,Rodney Stuckey,Will Bynum,Andrew Bogut,Brandon Jennings,Carlos Delfino,Ersan Ilyasova,Michael Redd,2,7:32,MIL,sub,,,,Brandon Jennings,,Luke Ridnour,,,,,,,,,,,,
Ben Wallace,Jason Maxiell,Jonas Jerebko,Rodney Stuckey,Will Bynum,Andrew Bogut,Brandon Jennings,Carlos Delfino,Ersan Ilyasova,Michael Redd,2,7:29,DET,foul,,,,,,,,Michael Redd,,Jason Maxiell,,,,,,offensive,,
Ben Wallace,Jason Maxiell,Jonas Jerebko,Rodney Stuckey,Will Bynum,Andrew Bogut,Brandon Jennings,Carlos Delfino,Ersan Ilyasova,Michael Redd,2,7:29,DET,turnover,,,,,,,,,,Jason Maxiell,,,foul,,,,,
Ben Wallace,Jason Maxiell,Jonas Jerebko,Rodney Stuckey,Will Bynum,Andrew Bogut,Brandon Jennings,Carlos Delfino,Ersan Ilyasova,Michael Redd,2,7:11,MIL,shot,Carlos Delfino,,,,,,,,,Michael Redd,3,,,made,,3pt,43,26
Ben Wallace,Jason Maxiell,Jonas Jerebko,Rodney Stuckey,Will Bynum,Andrew Bogut,Brandon Jennings,Carlos Delfino,Ersan Ilyasova,Michael Redd,2,6:48,DET,shot,,,,,,,,,,Will Bynum,2,,,made,,jump,37,16
Ben Wallace,Jason Maxiell,Jonas Jerebko,Rodney Stuckey,Will Bynum,Andrew Bogut,Brandon Jennings,Carlos Delfino,Ersan Ilyasova,Michael Redd,2,6:36,MIL,shot,,,,,,,,,,Andrew Bogut,,,,missed,,hook,31,10
Ben Wallace,Jason Maxiell,Jonas Jerebko,Rodney Stuckey,Will Bynum,Andrew Bogut,Brandon Jennings,Carlos Delfino,Ersan Ilyasova,Michael Redd,2,6:34,DET,rebound,,,,,,,,,,Ben Wallace,,,,,,def,,
Ben Wallace,Jason Maxiell,Jonas Jerebko,Rodney Stuckey,Will Bynum,Andrew Bogut,Brandon Jennings,Carlos Delfino,Ersan Ilyasova,Michael Redd,2,6:17,DET,shot,,,,,,,,,,Will Bynum,,,,missed,,jump,18,19
Ben Wallace,Jason Maxiell,Jonas Jerebko,Rodney Stuckey,Will Bynum,Andrew Bogut,Brandon Jennings,Carlos Delfino,Ersan Ilyasova,Michael Redd,2,6:15,MIL,rebound,,,,,,,,,,Carlos Delfino,,,,,,def,,
Ben Wallace,Jason Maxiell,Jonas Jerebko,Rodney Stuckey,Will Bynum,Andrew Bogut,Brandon Jennings,Carlos Delfino,Ersan Ilyasova,Michael Redd,2,6:07,MIL,shot,,,,,,,,,,Ersan Ilyasova,,,,missed,,3pt,49,14
Ben Wallace,Jason Maxiell,Jonas Jerebko,Rodney Stuckey,Will Bynum,Andrew Bogut,Brandon Jennings,Carlos Delfino,Ersan Ilyasova,Michael Redd,2,6:06,DET,rebound,,,,,,,,,,Jonas Jerebko,,,,,,def,,
Ben Wallace,Jason Maxiell,Jonas Jerebko,Rodney Stuckey,Will Bynum,Andrew Bogut,Brandon Jennings,Carlos Delfino,Ersan Ilyasova,Michael Redd,2,5:53,DET,shot,,,,,,,,,,Rodney Stuckey,,,,missed,,jump,21,10
Ben Wallace,Jason Maxiell,Jonas Jerebko,Rodney Stuckey,Will Bynum,Andrew Bogut,Brandon Jennings,Carlos Delfino,Ersan Ilyasova,Michael Redd,2,5:52,MIL,rebound,,,,,,,,,,Michael Redd,,,,,,def,,
Ben Wallace,Jason Maxiell,Jonas Jerebko,Rodney Stuckey,Will Bynum,Andrew Bogut,Brandon Jennings,Carlos Delfino,Ersan Ilyasova,Michael Redd,2,5:49,DET,foul,,,,,,,,Michael Redd,,Jonas Jerebko,,,,,,shooting,,
Ben Wallace,Jason Maxiell,Jonas Jerebko,Rodney Stuckey,Will Bynum,Andrew Bogut,Brandon Jennings,Carlos Delfino,Ersan Ilyasova,Michael Redd,2,5:49,MIL,timeout,,,,,,,,,,,,,,,,regular,,
Ben Gordon,Ben Wallace,Jason Maxiell,Jonas Jerebko,Rodney Stuckey,Andrew Bogut,Brandon Jennings,Carlos Delfino,Ersan Ilyasova,Michael Redd,2,5:49,DET,sub,,,,Ben Gordon,,Will Bynum,,,,,,,,,,,,
Ben Gordon,Ben Wallace,Jason Maxiell,Rodney Stuckey,Tayshaun Prince,Andrew Bogut,Brandon Jennings,Carlos Delfino,Ersan Ilyasova,Michael Redd,2,5:49,DET,sub,,,,Tayshaun Prince,,Jonas Jerebko,,,,,,,,,,,,
Ben Gordon,Ben Wallace,Jason Maxiell,Rodney Stuckey,Tayshaun Prince,Andrew Bogut,Brandon Jennings,Carlos Delfino,Ersan Ilyasova,Michael Redd,2,5:49,MIL,free throw,,,,,,,1,,2,Michael Redd,,,foul,made,,,,
Ben Gordon,Ben Wallace,Jason Maxiell,Rodney Stuckey,Tayshaun Prince,Andrew Bogut,Brandon Jennings,Carlos Delfino,Ersan Ilyasova,Michael Redd,2,5:49,MIL,free throw,,,,,,,2,,2,Michael Redd,,,foul,made,,,,
Ben Gordon,Ben Wallace,Jason Maxiell,Rodney Stuckey,Tayshaun Prince,Andrew Bogut,Brandon Jennings,Carlos Delfino,Ersan Ilyasova,Michael Redd,2,5:27,DET,shot,,,,,,,,,,Ben Gordon,,,,missed,,3pt,40,27
Ben Gordon,Ben Wallace,Jason Maxiell,Rodney Stuckey,Tayshaun Prince,Andrew Bogut,Brandon Jennings,Carlos Delfino,Ersan Ilyasova,Michael Redd,2,5:26,MIL,rebound,,,,,,,,,,Ersan Ilyasova,,,,,,def,,
Ben Gordon,Ben Wallace,Jason Maxiell,Rodney Stuckey,Tayshaun Prince,Andrew Bogut,Brandon Jennings,Carlos Delfino,Ersan Ilyasova,Michael Redd,2,5:07,MIL,shot,,,,,,,,,,Carlos Delfino,,,,missed,,3pt,14,30
Ben Gordon,Ben Wallace,Jason Maxiell,Rodney Stuckey,Tayshaun Prince,Andrew Bogut,Brandon Jennings,Carlos Delfino,Ersan Ilyasova,Michael Redd,2,5:06,DET,rebound,,,,,,,,,,Jason Maxiell,,,,,,def,,
Ben Gordon,Ben Wallace,Jason Maxiell,Rodney Stuckey,Tayshaun Prince,Andrew Bogut,Brandon Jennings,Carlos Delfino,Ersan Ilyasova,Michael Redd,2,4:42,DET,shot,,,,,,,,,,Tayshaun Prince,,,,missed,,3pt,49,5
Ben Gordon,Ben Wallace,Jason Maxiell,Rodney Stuckey,Tayshaun Prince,Andrew Bogut,Brandon Jennings,Carlos Delfino,Ersan Ilyasova,Michael Redd,2,4:41,DET,rebound,,,,,,,,,,Ben Wallace,,,,,,off,,
Ben Gordon,Ben Wallace,Jason Maxiell,Rodney Stuckey,Tayshaun Prince,Andrew Bogut,Brandon Jennings,Carlos Delfino,Ersan Ilyasova,Michael Redd,2,4:31,MIL,foul,,,,,,,,Ben Gordon,,Michael Redd,,,,,,personal,,
Ben Gordon,Ben Wallace,Jason Maxiell,Rodney Stuckey,Tayshaun Prince,Andrew Bogut,Brandon Jennings,Carlos Delfino,Ersan Ilyasova,Michael Redd,2,4:23,DET,shot,Tayshaun Prince,,,,,,,,,Ben Gordon,2,,,made,,jump,13,9
Ben Gordon,Ben Wallace,Jason Maxiell,Rodney Stuckey,Tayshaun Prince,Andrew Bogut,Brandon Jennings,Carlos Delfino,Ersan Ilyasova,Michael Redd,2,4:23,MIL,foul,,,,,,,,Ben Gordon,,Brandon Jennings,,,,,,shooting,,
Ben Gordon,Ben Wallace,Jason Maxiell,Rodney Stuckey,Tayshaun Prince,Andrew Bogut,Brandon Jennings,Carlos Delfino,Ersan Ilyasova,Michael Redd,2,4:23,DET,free throw,,,,,,,1,,1,Ben Gordon,,,foul,made,,,,
Ben Gordon,Ben Wallace,Jason Maxiell,Rodney Stuckey,Tayshaun Prince,Andrew Bogut,Brandon Jennings,Carlos Delfino,Ersan Ilyasova,Michael Redd,2,4:09,MIL,shot,Ersan Ilyasova,,,,,,,,,Andrew Bogut,2,,,made,,layup,25,6
Ben Gordon,Ben Wallace,Jason Maxiell,Rodney Stuckey,Tayshaun Prince,Andrew Bogut,Brandon Jennings,Carlos Delfino,Ersan Ilyasova,Michael Redd,2,3:43,DET,shot,,,,,,,,,,Rodney Stuckey,,,,missed,,jump,19,9
Ben Gordon,Ben Wallace,Jason Maxiell,Rodney Stuckey,Tayshaun Prince,Andrew Bogut,Brandon Jennings,Carlos Delfino,Ersan Ilyasova,Michael Redd,2,3:42,DET,rebound,,,,,,,,,,Rodney Stuckey,,,,,,off,,
Ben Gordon,Ben Wallace,Jason Maxiell,Rodney Stuckey,Tayshaun Prince,Andrew Bogut,Brandon Jennings,Carlos Delfino,Ersan Ilyasova,Michael Redd,2,3:40,DET,shot,,,,,,,,,,Rodney Stuckey,2,,,made,,layup,25,6
Ben Gordon,Ben Wallace,Jason Maxiell,Rodney Stuckey,Tayshaun Prince,Andrew Bogut,Brandon Jennings,Carlos Delfino,Ersan Ilyasova,Michael Redd,2,3:40,MIL,foul,,,,,,,,Rodney Stuckey,,Ersan Ilyasova,,,,,,shooting,,
Ben Gordon,Ben Wallace,Jason Maxiell,Rodney Stuckey,Tayshaun Prince,Andrew Bogut,Brandon Jennings,Carlos Delfino,Ersan Ilyasova,Michael Redd,2,3:40,DET,free throw,,,,,,,1,,1,Rodney Stuckey,,,foul,missed,,,,
Ben Gordon,Ben Wallace,Jason Maxiell,Rodney Stuckey,Tayshaun Prince,Andrew Bogut,Brandon Jennings,Carlos Delfino,Ersan Ilyasova,Michael Redd,2,3:36,MIL,rebound,,,,,,,,,,Andrew Bogut,,,,,,def,,
Ben Gordon,Ben Wallace,Jason Maxiell,Rodney Stuckey,Tayshaun Prince,Andrew Bogut,Brandon Jennings,Carlos Delfino,Ersan Ilyasova,Michael Redd,2,3:18,MIL,turnover,,,,,,,,,,Carlos Delfino,,,step out of bounds turnover,,,,,
Ben Gordon,Ben Wallace,Jason Maxiell,Rodney Stuckey,Tayshaun Prince,Andrew Bogut,Brandon Jennings,Carlos Delfino,Ersan Ilyasova,Michael Redd,2,3:18,DET,timeout,,,,,,,,,,,,,,,,regular,,
Ben Gordon,Ben Wallace,Jason Maxiell,Rodney Stuckey,Tayshaun Prince,Andrew Bogut,Brandon Jennings,Carlos Delfino,Hakim Warrick,Michael Redd,2,3:18,MIL,sub,,,,Hakim Warrick,,Ersan Ilyasova,,,,,,,,,,,,
Ben Gordon,Ben Wallace,Jason Maxiell,Rodney Stuckey,Tayshaun Prince,Andrew Bogut,Carlos Delfino,Hakim Warrick,Luke Ridnour,Michael Redd,2,3:18,MIL,sub,,,,Luke Ridnour,,Brandon Jennings,,,,,,,,,,,,
Ben Gordon,Ben Wallace,Jason Maxiell,Rodney Stuckey,Tayshaun Prince,Andrew Bogut,Carlos Delfino,Hakim Warrick,Luke Ridnour,Michael Redd,2,3:05,DET,shot,Rodney Stuckey,,,,,,,,,Ben Gordon,3,,,made,,3pt,3,6
Ben Gordon,Ben Wallace,Jason Maxiell,Rodney Stuckey,Tayshaun Prince,Andrew Bogut,Carlos Delfino,Hakim Warrick,Luke Ridnour,Michael Redd,2,2:47,MIL,shot,,,,,,,,,,Andrew Bogut,,,,missed,,hook,26,10
Ben Gordon,Ben Wallace,Jason Maxiell,Rodney Stuckey,Tayshaun Prince,Andrew Bogut,Carlos Delfino,Hakim Warrick,Luke Ridnour,Michael Redd,2,2:46,DET,rebound,,,,,,,,,,Ben Wallace,,,,,,def,,
Ben Gordon,Ben Wallace,Jason Maxiell,Rodney Stuckey,Tayshaun Prince,Andrew Bogut,Carlos Delfino,Hakim Warrick,Luke Ridnour,Michael Redd,2,2:41,DET,turnover,,,,,,,,,,Ben Gordon,,,bad pass,,Michael Redd,,,
Ben Gordon,Ben Wallace,Jason Maxiell,Rodney Stuckey,Tayshaun Prince,Andrew Bogut,Carlos Delfino,Hakim Warrick,Luke Ridnour,Michael Redd,2,2:33,MIL,shot,,,,,,,,,,Luke Ridnour,,,,missed,,3pt,49,8
Ben Gordon,Ben Wallace,Jason Maxiell,Rodney Stuckey,Tayshaun Prince,Andrew Bogut,Carlos Delfino,Hakim Warrick,Luke Ridnour,Michael Redd,2,2:32,DET,rebound,,,,,,,,,,Jason Maxiell,,,,,,def,,
Ben Gordon,Ben Wallace,Jason Maxiell,Rodney Stuckey,Tayshaun Prince,Andrew Bogut,Carlos Delfino,Hakim Warrick,Luke Ridnour,Michael Redd,2,2:11,DET,shot,,,,,,,,,,Tayshaun Prince,,,,missed,,jump,38,15
Ben Gordon,Ben Wallace,Jason Maxiell,Rodney Stuckey,Tayshaun Prince,Andrew Bogut,Carlos Delfino,Hakim Warrick,Luke Ridnour,Michael Redd,2,2:11,MIL,rebound,,,,,,,,,,,,,,,,,,
Ben Gordon,Ben Wallace,Jason Maxiell,Rodney Stuckey,Tayshaun Prince,Andrew Bogut,Carlos Delfino,Hakim Warrick,Luke Ridnour,Michael Redd,2,2:11,DET,foul,,,,,,,,Hakim Warrick,,Ben Wallace,,,,,,loose ball,,
Ben Gordon,Ben Wallace,Jason Maxiell,Rodney Stuckey,Tayshaun Prince,Andrew Bogut,Carlos Delfino,Hakim Warrick,Luke Ridnour,Michael Redd,2,2:11,MIL,free throw,,,,,,,1,,2,Hakim Warrick,,,foul,made,,,,
Ben Gordon,Ben Wallace,Jason Maxiell,Rodney Stuckey,Tayshaun Prince,Andrew Bogut,Carlos Delfino,Hakim Warrick,Luke Ridnour,Michael Redd,2,2:11,MIL,free throw,,,,,,,2,,2,Hakim Warrick,,,foul,missed,,,,
Ben Gordon,Ben Wallace,Jason Maxiell,Rodney Stuckey,Tayshaun Prince,Andrew Bogut,Carlos Delfino,Hakim Warrick,Luke Ridnour,Michael Redd,2,2:10,MIL,rebound,,,,,,,,,,Carlos Delfino,,,,,,off,,
Ben Gordon,Ben Wallace,Jason Maxiell,Rodney Stuckey,Tayshaun Prince,Andrew Bogut,Carlos Delfino,Hakim Warrick,Luke Ridnour,Michael Redd,2,2:06,MIL,shot,,,Jason Maxiell,,,,,,,Carlos Delfino,,,,missed,,layup,25,6
Ben Gordon,Ben Wallace,Jason Maxiell,Rodney Stuckey,Tayshaun Prince,Andrew Bogut,Carlos Delfino,Hakim Warrick,Luke Ridnour,Michael Redd,2,2:04,MIL,rebound,,,,,,,,,,Hakim Warrick,,,,,,off,,
Ben Gordon,Ben Wallace,Jason Maxiell,Rodney Stuckey,Tayshaun Prince,Andrew Bogut,Carlos Delfino,Hakim Warrick,Luke Ridnour,Michael Redd,2,2:01,MIL,shot,,,,,,,,,,Michael Redd,,,,missed,,3pt,47,20
Ben Gordon,Ben Wallace,Jason Maxiell,Rodney Stuckey,Tayshaun Prince,Andrew Bogut,Carlos Delfino,Hakim Warrick,Luke Ridnour,Michael Redd,2,2:00,DET,rebound,,,,,,,,,,Rodney Stuckey,,,,,,def,,
Ben Gordon,Ben Wallace,Jason Maxiell,Rodney Stuckey,Tayshaun Prince,Andrew Bogut,Carlos Delfino,Hakim Warrick,Luke Ridnour,Michael Redd,2,1:47,DET,shot,,,Andrew Bogut,,,,,,,Rodney Stuckey,,,,missed,,layup,25,6
Ben Gordon,Ben Wallace,Jason Maxiell,Rodney Stuckey,Tayshaun Prince,Andrew Bogut,Carlos Delfino,Hakim Warrick,Luke Ridnour,Michael Redd,2,1:45,MIL,rebound,,,,,,,,,,Carlos Delfino,,,,,,def,,
Ben Gordon,Ben Wallace,Jason Maxiell,Rodney Stuckey,Tayshaun Prince,Andrew Bogut,Carlos Delfino,Hakim Warrick,Luke Ridnour,Michael Redd,2,1:40,MIL,shot,,,Jason Maxiell,,,,,,,Carlos Delfino,,,,missed,,layup,25,6
Ben Gordon,Ben Wallace,Jason Maxiell,Rodney Stuckey,Tayshaun Prince,Andrew Bogut,Carlos Delfino,Hakim Warrick,Luke Ridnour,Michael Redd,2,1:38,DET,rebound,,,,,,,,,,Ben Gordon,,,,,,def,,
Ben Gordon,Ben Wallace,Jason Maxiell,Rodney Stuckey,Tayshaun Prince,Andrew Bogut,Carlos Delfino,Hakim Warrick,Luke Ridnour,Michael Redd,2,1:31,DET,shot,Ben Gordon,,,,,,,,,Tayshaun Prince,2,,,made,,jump,14,14
Ben Gordon,Ben Wallace,Jason Maxiell,Rodney Stuckey,Tayshaun Prince,Andrew Bogut,Carlos Delfino,Hakim Warrick,Luke Ridnour,Michael Redd,2,1:14,MIL,shot,,,,,,,,,,Andrew Bogut,,,,missed,,hook,17,6
Ben Gordon,Ben Wallace,Jason Maxiell,Rodney Stuckey,Tayshaun Prince,Andrew Bogut,Carlos Delfino,Hakim Warrick,Luke Ridnour,Michael Redd,2,1:11,DET,rebound,,,,,,,,,,Ben Wallace,,,,,,def,,
Ben Gordon,Ben Wallace,Jason Maxiell,Rodney Stuckey,Tayshaun Prince,Andrew Bogut,Carlos Delfino,Hakim Warrick,Luke Ridnour,Michael Redd,2,0:54,DET,shot,Rodney Stuckey,,,,,,,,,Ben Wallace,2,,,made,,dunk,25,6
Ben Gordon,Ben Wallace,Jason Maxiell,Rodney Stuckey,Tayshaun Prince,Andrew Bogut,Carlos Delfino,Hakim Warrick,Luke Ridnour,Michael Redd,2,0:44,MIL,shot,,,,,,,,,,Michael Redd,,,,missed,,layup,25,6
Ben Gordon,Ben Wallace,Jason Maxiell,Rodney Stuckey,Tayshaun Prince,Andrew Bogut,Carlos Delfino,Hakim Warrick,Luke Ridnour,Michael Redd,2,0:44,DET,rebound,,,,,,,,,,,,,,,,,,
Ben Gordon,Ben Wallace,Jason Maxiell,Rodney Stuckey,Tayshaun Prince,Andrew Bogut,Carlos Delfino,Hakim Warrick,Luke Ridnour,Michael Redd,2,0:44,MIL,foul,,,,,,,,Ben Wallace,,Andrew Bogut,,,,,,loose ball,,
Ben Gordon,Ben Wallace,Jason Maxiell,Rodney Stuckey,Tayshaun Prince,Carlos Delfino,Ersan Ilyasova,Hakim Warrick,Luke Ridnour,Michael Redd,2,0:44,MIL,sub,,,,Ersan Ilyasova,,Andrew Bogut,,,,,,,,,,,,
Ben Gordon,Ben Wallace,Jason Maxiell,Rodney Stuckey,Tayshaun Prince,Carlos Delfino,Ersan Ilyasova,Hakim Warrick,Luke Ridnour,Michael Redd,2,0:44,DET,free throw,,,,,,,1,,2,Ben Wallace,,,foul,made,,,,
Ben Gordon,Ben Wallace,Rodney Stuckey,Tayshaun Prince,Will Bynum,Carlos Delfino,Ersan Ilyasova,Hakim Warrick,Luke Ridnour,Michael Redd,2,0:44,DET,sub,,,,Will Bynum,,Jason Maxiell,,,,,,,,,,,,
Ben Gordon,Ben Wallace,Rodney Stuckey,Tayshaun Prince,Will Bynum,Carlos Delfino,Ersan Ilyasova,Hakim Warrick,Luke Ridnour,Michael Redd,2,0:44,DET,free throw,,,,,,,2,,2,Ben Wallace,,,foul,made,,,,
Ben Gordon,Ben Wallace,Rodney Stuckey,Tayshaun Prince,Will Bynum,Carlos Delfino,Ersan Ilyasova,Hakim Warrick,Luke Ridnour,Michael Redd,2,0:30,MIL,shot,Hakim Warrick,,,,,,,,,Carlos Delfino,3,,,made,,3pt,49,11
Ben Gordon,Ben Wallace,Rodney Stuckey,Tayshaun Prince,Will Bynum,Carlos Delfino,Ersan Ilyasova,Hakim Warrick,Luke Ridnour,Michael Redd,2,0:21,DET,timeout,,,,,,,,,,,,,,,,short,,
Ben Gordon,Ben Wallace,Rodney Stuckey,Tayshaun Prince,Will Bynum,Carlos Delfino,Charlie Bell,Ersan Ilyasova,Hakim Warrick,Michael Redd,2,0:21,MIL,sub,,,,Charlie Bell,,Luke Ridnour,,,,,,,,,,,,
Ben Gordon,Ben Wallace,Rodney Stuckey,Tayshaun Prince,Will Bynum,Carlos Delfino,Charlie Bell,Ersan Ilyasova,Hakim Warrick,Michael Redd,2,0:08,DET,shot,,,Ersan Ilyasova,,,,,,,Rodney Stuckey,,,,missed,,layup,25,6
Ben Gordon,Ben Wallace,Rodney Stuckey,Tayshaun Prince,Will Bynum,Carlos Delfino,Charlie Bell,Ersan Ilyasova,Hakim Warrick,Michael Redd,2,0:06,MIL,rebound,,,,,,,,,,Michael Redd,,,,,,def,,
Ben Gordon,Ben Wallace,Rodney Stuckey,Tayshaun Prince,Will Bynum,Carlos Delfino,Charlie Bell,Ersan Ilyasova,Hakim Warrick,Michael Redd,2,0:02,DET,foul,,,,,,,,Hakim Warrick,,Ben Wallace,,,,,,shooting,,
Ben Gordon,Ben Wallace,Rodney Stuckey,Tayshaun Prince,Will Bynum,Carlos Delfino,Charlie Bell,Ersan Ilyasova,Hakim Warrick,Michael Redd,2,0:02,MIL,free throw,,,,,,,1,,2,Hakim Warrick,,,foul,made,,,,
Ben Gordon,Ben Wallace,Rodney Stuckey,Tayshaun Prince,Will Bynum,Carlos Delfino,Charlie Bell,Ersan Ilyasova,Hakim Warrick,Michael Redd,2,0:02,MIL,free throw,,,,,,,2,,2,Hakim Warrick,,,foul,made,,,,
Ben Gordon,Ben Wallace,Rodney Stuckey,Tayshaun Prince,Will Bynum,Carlos Delfino,Charlie Bell,Ersan Ilyasova,Hakim Warrick,Michael Redd,2,0:00,DET,shot,,,,,,,,,,Rodney Stuckey,,,,missed,,3pt,6,44
Ben Gordon,Ben Wallace,Rodney Stuckey,Tayshaun Prince,Will Bynum,Carlos Delfino,Charlie Bell,Ersan Ilyasova,Hakim Warrick,Michael Redd,2,0:00,DET,rebound,,,,,,,,,,,,,,,,,,
Ben Gordon,Ben Wallace,Charlie Villanueva,Rodney Stuckey,Tayshaun Prince,Andrew Bogut,Brandon Jennings,Carlos Delfino,Hakim Warrick,Michael Redd,3,11:40,DET,turnover,,,,,,,,,,Tayshaun Prince,,,bad pass,,,,,
Ben Gordon,Ben Wallace,Charlie Villanueva,Rodney Stuckey,Tayshaun Prince,Andrew Bogut,Brandon Jennings,Carlos Delfino,Hakim Warrick,Michael Redd,3,11:22,MIL,shot,,,,,,,,,,Hakim Warrick,,,,missed,,jump,17,18
Ben Gordon,Ben Wallace,Charlie Villanueva,Rodney Stuckey,Tayshaun Prince,Andrew Bogut,Brandon Jennings,Carlos Delfino,Hakim Warrick,Michael Redd,3,11:20,DET,rebound,,,,,,,,,,Tayshaun Prince,,,,,,def,,
Ben Gordon,Ben Wallace,Charlie Villanueva,Rodney Stuckey,Tayshaun Prince,Andrew Bogut,Brandon Jennings,Carlos Delfino,Hakim Warrick,Michael Redd,3,11:17,DET,turnover,,,,,,,,,,Ben Gordon,,,lost ball,,Brandon Jennings,,,
Ben Gordon,Ben Wallace,Charlie Villanueva,Rodney Stuckey,Tayshaun Prince,Andrew Bogut,Brandon Jennings,Carlos Delfino,Hakim Warrick,Michael Redd,3,11:05,MIL,shot,,,,,,,,,,Michael Redd,,,,missed,,layup,25,6
Ben Gordon,Ben Wallace,Charlie Villanueva,Rodney Stuckey,Tayshaun Prince,Andrew Bogut,Brandon Jennings,Carlos Delfino,Hakim Warrick,Michael Redd,3,11:03,MIL,rebound,,,,,,,,,,Andrew Bogut,,,,,,off,,
Ben Gordon,Ben Wallace,Charlie Villanueva,Rodney Stuckey,Tayshaun Prince,Andrew Bogut,Brandon Jennings,Carlos Delfino,Hakim Warrick,Michael Redd,3,11:03,MIL,shot,,,,,,,,,,Andrew Bogut,,,,missed,,tip,25,6
Ben Gordon,Ben Wallace,Charlie Villanueva,Rodney Stuckey,Tayshaun Prince,Andrew Bogut,Brandon Jennings,Carlos Delfino,Hakim Warrick,Michael Redd,3,11:02,MIL,rebound,,,,,,,,,,Andrew Bogut,,,,,,off,,
Ben Gordon,Ben Wallace,Charlie Villanueva,Rodney Stuckey,Tayshaun Prince,Andrew Bogut,Brandon Jennings,Carlos Delfino,Hakim Warrick,Michael Redd,3,10:50,DET,foul,,,,,,,,Andrew Bogut,,Ben Wallace,,,,,,shooting,,
Ben Gordon,Ben Wallace,Charlie Villanueva,Rodney Stuckey,Tayshaun Prince,Andrew Bogut,Brandon Jennings,Carlos Delfino,Hakim Warrick,Michael Redd,3,10:50,MIL,free throw,,,,,,,1,,2,Andrew Bogut,,,foul,made,,,,
Ben Gordon,Ben Wallace,Charlie Villanueva,Rodney Stuckey,Tayshaun Prince,Andrew Bogut,Brandon Jennings,Carlos Delfino,Hakim Warrick,Michael Redd,3,10:50,MIL,free throw,,,,,,,2,,2,Andrew Bogut,,,foul,made,,,,
Ben Gordon,Ben Wallace,Charlie Villanueva,Rodney Stuckey,Tayshaun Prince,Andrew Bogut,Brandon Jennings,Carlos Delfino,Hakim Warrick,Michael Redd,3,10:33,DET,turnover,,,,,,,,,,Tayshaun Prince,,,bad pass,,Michael Redd,,,
Ben Gordon,Ben Wallace,Charlie Villanueva,Rodney Stuckey,Tayshaun Prince,Andrew Bogut,Brandon Jennings,Carlos Delfino,Hakim Warrick,Michael Redd,3,10:28,MIL,shot,,,,,,,,,,Michael Redd,2,,,made,,dunk,25,6
Ben Gordon,Ben Wallace,Charlie Villanueva,Rodney Stuckey,Tayshaun Prince,Andrew Bogut,Brandon Jennings,Carlos Delfino,Hakim Warrick,Michael Redd,3,10:08,DET,shot,,,,,,,,,,Rodney Stuckey,,,,missed,,layup,25,6
Ben Gordon,Ben Wallace,Charlie Villanueva,Rodney Stuckey,Tayshaun Prince,Andrew Bogut,Brandon Jennings,Carlos Delfino,Hakim Warrick,Michael Redd,3,10:07,MIL,rebound,,,,,,,,,,Hakim Warrick,,,,,,def,,
Ben Gordon,Ben Wallace,Charlie Villanueva,Rodney Stuckey,Tayshaun Prince,Andrew Bogut,Brandon Jennings,Carlos Delfino,Hakim Warrick,Michael Redd,3,10:01,MIL,shot,,,,,,,,,,Brandon Jennings,2,,,made,,running jump,31,11
Ben Gordon,Ben Wallace,Charlie Villanueva,Rodney Stuckey,Tayshaun Prince,Andrew Bogut,Brandon Jennings,Carlos Delfino,Hakim Warrick,Michael Redd,3,10:01,DET,timeout,,,,,,,,,,,,,,,,regular,,
Ben Gordon,Ben Wallace,Charlie Villanueva,Rodney Stuckey,Tayshaun Prince,Andrew Bogut,Brandon Jennings,Carlos Delfino,Hakim Warrick,Michael Redd,3,9:48,MIL,foul,,,,,,,,Tayshaun Prince,,Michael Redd,,,,,,personal,,
Ben Gordon,Ben Wallace,Charlie Villanueva,Rodney Stuckey,Tayshaun Prince,Andrew Bogut,Brandon Jennings,Carlos Delfino,Hakim Warrick,Michael Redd,3,9:41,DET,shot,Tayshaun Prince,,,,,,,,,Ben Gordon,2,,,made,,jump,39,21
Ben Gordon,Ben Wallace,Charlie Villanueva,Rodney Stuckey,Tayshaun Prince,Andrew Bogut,Brandon Jennings,Carlos Delfino,Hakim Warrick,Michael Redd,3,9:19,MIL,shot,,,,,,,,,,Michael Redd,,,,missed,,jump,38,13
Ben Gordon,Ben Wallace,Charlie Villanueva,Rodney Stuckey,Tayshaun Prince,Andrew Bogut,Brandon Jennings,Carlos Delfino,Hakim Warrick,Michael Redd,3,9:19,DET,rebound,,,,,,,,,,,,,,,,,,
Ben Gordon,Ben Wallace,Charlie Villanueva,Rodney Stuckey,Tayshaun Prince,Andrew Bogut,Brandon Jennings,Carlos Delfino,Hakim Warrick,Michael Redd,3,9:19,MIL,foul,,,,,,,,Ben Wallace,,Andrew Bogut,,,,,,loose ball,,
Ben Gordon,Ben Wallace,Charlie Villanueva,Rodney Stuckey,Tayshaun Prince,Andrew Bogut,Brandon Jennings,Carlos Delfino,Hakim Warrick,Michael Redd,3,9:00,DET,shot,,,,,,,,,,Rodney Stuckey,,,,missed,,jump,25,25
Ben Gordon,Ben Wallace,Charlie Villanueva,Rodney Stuckey,Tayshaun Prince,Andrew Bogut,Brandon Jennings,Carlos Delfino,Hakim Warrick,Michael Redd,3,8:59,MIL,rebound,,,,,,,,,,Andrew Bogut,,,,,,def,,
Ben Gordon,Ben Wallace,Charlie Villanueva,Rodney Stuckey,Tayshaun Prince,Andrew Bogut,Brandon Jennings,Carlos Delfino,Hakim Warrick,Michael Redd,3,8:44,DET,foul,,,,,,,,Hakim Warrick,,Tayshaun Prince,,,,,,shooting,,
Ben Gordon,Ben Wallace,Jason Maxiell,Rodney Stuckey,Tayshaun Prince,Andrew Bogut,Brandon Jennings,Carlos Delfino,Hakim Warrick,Michael Redd,3,8:44,DET,sub,,,,Jason Maxiell,,Charlie Villanueva,,,,,,,,,,,,
Ben Gordon,Ben Wallace,Jason Maxiell,Rodney Stuckey,Tayshaun Prince,Andrew Bogut,Brandon Jennings,Carlos Delfino,Hakim Warrick,Michael Redd,3,8:44,MIL,free throw,,,,,,,1,,2,Hakim Warrick,,,foul,missed,,,,
Ben Gordon,Ben Wallace,Jason Maxiell,Rodney Stuckey,Tayshaun Prince,Andrew Bogut,Brandon Jennings,Carlos Delfino,Hakim Warrick,Michael Redd,3,8:44,MIL,rebound,,,,,,,,,,,,,,,,,,
Ben Gordon,Ben Wallace,Jason Maxiell,Rodney Stuckey,Tayshaun Prince,Andrew Bogut,Brandon Jennings,Carlos Delfino,Hakim Warrick,Michael Redd,3,8:44,MIL,free throw,,,,,,,2,,2,Hakim Warrick,,,foul,made,,,,
Ben Gordon,Ben Wallace,Jason Maxiell,Rodney Stuckey,Tayshaun Prince,Andrew Bogut,Brandon Jennings,Carlos Delfino,Hakim Warrick,Michael Redd,3,8:18,DET,shot,,,,,,,,,,Tayshaun Prince,,,,missed,,running jump,39,12
Ben Gordon,Ben Wallace,Jason Maxiell,Rodney Stuckey,Tayshaun Prince,Andrew Bogut,Brandon Jennings,Carlos Delfino,Hakim Warrick,Michael Redd,3,8:17,DET,rebound,,,,,,,,,,Tayshaun Prince,,,,,,off,,
Ben Gordon,Ben Wallace,Jason Maxiell,Rodney Stuckey,Tayshaun Prince,Andrew Bogut,Brandon Jennings,Carlos Delfino,Hakim Warrick,Michael Redd,3,8:06,DET,shot,,,,,,,,,,Ben Gordon,2,,,made,,driving layup,25,6
Ben Gordon,Ben Wallace,Jason Maxiell,Rodney Stuckey,Tayshaun Prince,Andrew Bogut,Brandon Jennings,Carlos Delfino,Hakim Warrick,Michael Redd,3,7:45,MIL,shot,Michael Redd,,,,,,,,,Brandon Jennings,3,,,made,,3pt,39,26
Ben Gordon,Ben Wallace,Jason Maxiell,Rodney Stuckey,Tayshaun Prince,Andrew Bogut,Brandon Jennings,Carlos Delfino,Hakim Warrick,Michael Redd,3,7:30,MIL,foul,,,,,,,,Rodney Stuckey,,Brandon Jennings,,,,,,personal,,
Ben Gordon,Ben Wallace,Jason Maxiell,Rodney Stuckey,Tayshaun Prince,Andrew Bogut,Brandon Jennings,Carlos Delfino,Hakim Warrick,Michael Redd,3,7:23,DET,shot,,,,,,,,,,Rodney Stuckey,,,,missed,,jump,35,14
Ben Gordon,Ben Wallace,Jason Maxiell,Rodney Stuckey,Tayshaun Prince,Andrew Bogut,Brandon Jennings,Carlos Delfino,Hakim Warrick,Michael Redd,3,7:21,MIL,rebound,,,,,,,,,,Andrew Bogut,,,,,,def,,
Ben Gordon,Ben Wallace,Jason Maxiell,Rodney Stuckey,Tayshaun Prince,Andrew Bogut,Brandon Jennings,Carlos Delfino,Hakim Warrick,Michael Redd,3,7:16,MIL,shot,,,,,,,,,,Carlos Delfino,,,,missed,,3pt,41,25
Ben Gordon,Ben Wallace,Jason Maxiell,Rodney Stuckey,Tayshaun Prince,Andrew Bogut,Brandon Jennings,Carlos Delfino,Hakim Warrick,Michael Redd,3,7:15,DET,rebound,,,,,,,,,,Ben Wallace,,,,,,def,,
Ben Gordon,Ben Wallace,Jason Maxiell,Rodney Stuckey,Tayshaun Prince,Andrew Bogut,Brandon Jennings,Carlos Delfino,Hakim Warrick,Michael Redd,3,7:09,DET,shot,,,,,,,,,,Ben Gordon,,,,missed,,3pt,14,30
Ben Gordon,Ben Wallace,Jason Maxiell,Rodney Stuckey,Tayshaun Prince,Andrew Bogut,Brandon Jennings,Carlos Delfino,Hakim Warrick,Michael Redd,3,7:08,MIL,rebound,,,,,,,,,,Michael Redd,,,,,,def,,
Ben Gordon,Ben Wallace,Jason Maxiell,Rodney Stuckey,Tayshaun Prince,Andrew Bogut,Brandon Jennings,Carlos Delfino,Hakim Warrick,Michael Redd,3,6:58,DET,foul,,,,,,,,Hakim Warrick,,Jason Maxiell,,,,,,shooting,,
Ben Gordon,Ben Wallace,Jason Maxiell,Rodney Stuckey,Tayshaun Prince,Andrew Bogut,Brandon Jennings,Carlos Delfino,Hakim Warrick,Michael Redd,3,6:58,MIL,free throw,,,,,,,1,,2,Hakim Warrick,,,foul,made,,,,
Ben Gordon,Ben Wallace,Jason Maxiell,Rodney Stuckey,Tayshaun Prince,Andrew Bogut,Brandon Jennings,Carlos Delfino,Hakim Warrick,Michael Redd,3,6:58,MIL,free throw,,,,,,,2,,2,Hakim Warrick,,,foul,made,,,,
Ben Gordon,Ben Wallace,Jason Maxiell,Rodney Stuckey,Tayshaun Prince,Andrew Bogut,Brandon Jennings,Carlos Delfino,Hakim Warrick,Michael Redd,3,6:37,DET,shot,,,,,,,,,,Ben Gordon,,,,missed,,jump,31,10
Ben Gordon,Ben Wallace,Jason Maxiell,Rodney Stuckey,Tayshaun Prince,Andrew Bogut,Brandon Jennings,Carlos Delfino,Hakim Warrick,Michael Redd,3,6:35,MIL,rebound,,,,,,,,,,Andrew Bogut,,,,,,def,,
Ben Gordon,Ben Wallace,Jason Maxiell,Rodney Stuckey,Tayshaun Prince,Andrew Bogut,Brandon Jennings,Carlos Delfino,Hakim Warrick,Michael Redd,3,6:32,MIL,turnover,,,,,,,,,,Brandon Jennings,,,bad pass,,Ben Gordon,,,
Ben Gordon,Ben Wallace,Jason Maxiell,Rodney Stuckey,Tayshaun Prince,Andrew Bogut,Brandon Jennings,Carlos Delfino,Hakim Warrick,Michael Redd,3,6:17,DET,shot,Rodney Stuckey,,,,,,,,,Tayshaun Prince,2,,,made,,driving layup,25,6
Ben Gordon,Ben Wallace,Jason Maxiell,Rodney Stuckey,Tayshaun Prince,Andrew Bogut,Brandon Jennings,Carlos Delfino,Hakim Warrick,Michael Redd,3,5:51,MIL,shot,Michael Redd,,,,,,,,,Hakim Warrick,3,,,made,,3pt,2,5
Ben Gordon,Ben Wallace,Jason Maxiell,Rodney Stuckey,Tayshaun Prince,Andrew Bogut,Brandon Jennings,Carlos Delfino,Hakim Warrick,Michael Redd,3,5:28,DET,turnover,,,,,,,,,,Ben Gordon,,,lost ball,,Hakim Warrick,,,
Ben Gordon,Ben Wallace,Jason Maxiell,Rodney Stuckey,Tayshaun Prince,Andrew Bogut,Brandon Jennings,Hakim Warrick,Luc Richard Mbah a Moute,Michael Redd,3,5:23,MIL,sub,,,,Luc Richard Mbah a Moute,,Carlos Delfino,,,,,,,,,,,,
Ben Gordon,Jason Maxiell,Kwame Brown,Rodney Stuckey,Tayshaun Prince,Andrew Bogut,Brandon Jennings,Hakim Warrick,Luc Richard Mbah a Moute,Michael Redd,3,5:23,DET,sub,,,,Kwame Brown,,Ben Wallace,,,,,,,,,,,,
Ben Gordon,Jason Maxiell,Kwame Brown,Rodney Stuckey,Tayshaun Prince,Andrew Bogut,Brandon Jennings,Hakim Warrick,Luc Richard Mbah a Moute,Michael Redd,3,5:09,MIL,shot,,,,,,,,,,Brandon Jennings,2,,,made,,jump,28,24
Ben Gordon,Jason Maxiell,Kwame Brown,Rodney Stuckey,Tayshaun Prince,Andrew Bogut,Brandon Jennings,Hakim Warrick,Luc Richard Mbah a Moute,Michael Redd,3,4:48,DET,shot,,,,,,,,,,Jason Maxiell,,,,missed,,jump,34,20
Ben Gordon,Jason Maxiell,Kwame Brown,Rodney Stuckey,Tayshaun Prince,Andrew Bogut,Brandon Jennings,Hakim Warrick,Luc Richard Mbah a Moute,Michael Redd,3,4:46,MIL,rebound,,,,,,,,,,Andrew Bogut,,,,,,def,,
Ben Gordon,Jason Maxiell,Kwame Brown,Rodney Stuckey,Tayshaun Prince,Andrew Bogut,Brandon Jennings,Hakim Warrick,Luc Richard Mbah a Moute,Michael Redd,3,4:27,MIL,shot,,,,,,,,,,Brandon Jennings,2,,,made,,jump,18,22
Ben Gordon,Jason Maxiell,Kwame Brown,Rodney Stuckey,Tayshaun Prince,Andrew Bogut,Brandon Jennings,Hakim Warrick,Luc Richard Mbah a Moute,Michael Redd,3,4:03,DET,turnover,,,,,,,,,,Jason Maxiell,,,lost ball,,Brandon Jennings,,,
Ben Gordon,Jason Maxiell,Kwame Brown,Rodney Stuckey,Tayshaun Prince,Andrew Bogut,Brandon Jennings,Hakim Warrick,Luc Richard Mbah a Moute,Michael Redd,3,3:59,MIL,shot,,,,,,,,,,Brandon Jennings,2,,,made,,reverse layup,25,6
Ben Gordon,Jason Maxiell,Kwame Brown,Rodney Stuckey,Tayshaun Prince,Andrew Bogut,Brandon Jennings,Hakim Warrick,Luc Richard Mbah a Moute,Michael Redd,3,3:37,DET,foul,,,,,,,,Andrew Bogut,,Kwame Brown,,,,,,offensive,,
Ben Gordon,Jason Maxiell,Kwame Brown,Rodney Stuckey,Tayshaun Prince,Andrew Bogut,Brandon Jennings,Hakim Warrick,Luc Richard Mbah a Moute,Michael Redd,3,3:37,DET,turnover,,,,,,,,,,Kwame Brown,,,foul,,,,,
Ben Gordon,Jason Maxiell,Kwame Brown,Rodney Stuckey,Tayshaun Prince,Andrew Bogut,Brandon Jennings,Hakim Warrick,Luc Richard Mbah a Moute,Michael Redd,3,3:22,MIL,shot,,,,,,,,,,Brandon Jennings,3,,,made,,3pt,2,15
Ben Gordon,Jason Maxiell,Kwame Brown,Rodney Stuckey,Tayshaun Prince,Andrew Bogut,Brandon Jennings,Hakim Warrick,Luc Richard Mbah a Moute,Michael Redd,3,3:10,MIL,foul,,,,,,,,Rodney Stuckey,,Brandon Jennings,,,,,,personal,,
Ben Gordon,Jason Maxiell,Kwame Brown,Rodney Stuckey,Tayshaun Prince,Andrew Bogut,Brandon Jennings,Hakim Warrick,Luc Richard Mbah a Moute,Michael Redd,3,3:10,MIL,timeout,,,,,,,,,,,,,,,,regular,,
Ben Gordon,Jason Maxiell,Kwame Brown,Rodney Stuckey,Tayshaun Prince,Andrew Bogut,Brandon Jennings,Ersan Ilyasova,Luc Richard Mbah a Moute,Michael Redd,3,3:10,MIL,sub,,,,Ersan Ilyasova,,Hakim Warrick,,,,,,,,,,,,
Ben Gordon,Jason Maxiell,Kwame Brown,Rodney Stuckey,Tayshaun Prince,Andrew Bogut,Brandon Jennings,Ersan Ilyasova,Luc Richard Mbah a Moute,Michael Redd,3,3:06,MIL,foul,,,,,,,,Ben Gordon,,Luc Richard Mbah a Moute,,,,,,personal,,
Ben Gordon,Jason Maxiell,Kwame Brown,Rodney Stuckey,Tayshaun Prince,Andrew Bogut,Brandon Jennings,Ersan Ilyasova,Luc Richard Mbah a Moute,Michael Redd,3,3:06,DET,free throw,,,,,,,1,,2,Ben Gordon,,,foul,made,,,,
Ben Gordon,Jason Maxiell,Kwame Brown,Tayshaun Prince,Will Bynum,Andrew Bogut,Brandon Jennings,Ersan Ilyasova,Luc Richard Mbah a Moute,Michael Redd,3,3:06,DET,sub,,,,Will Bynum,,Rodney Stuckey,,,,,,,,,,,,
Ben Gordon,Jason Maxiell,Kwame Brown,Tayshaun Prince,Will Bynum,Andrew Bogut,Brandon Jennings,Ersan Ilyasova,Luc Richard Mbah a Moute,Michael Redd,3,3:06,DET,free throw,,,,,,,2,,2,Ben Gordon,,,foul,made,,,,
Ben Gordon,Jason Maxiell,Kwame Brown,Tayshaun Prince,Will Bynum,Andrew Bogut,Brandon Jennings,Ersan Ilyasova,Luc Richard Mbah a Moute,Michael Redd,3,2:48,MIL,shot,,,,,,,,,,Andrew Bogut,2,,,made,,layup,25,6
Ben Gordon,Jason Maxiell,Kwame Brown,Tayshaun Prince,Will Bynum,Andrew Bogut,Brandon Jennings,Ersan Ilyasova,Luc Richard Mbah a Moute,Michael Redd,3,2:48,DET,foul,,,,,,,,Andrew Bogut,,Kwame Brown,,,,,,shooting,,
Ben Gordon,Jason Maxiell,Kwame Brown,Tayshaun Prince,Will Bynum,Andrew Bogut,Brandon Jennings,Ersan Ilyasova,Luc Richard Mbah a Moute,Michael Redd,3,2:48,MIL,free throw,,,,,,,1,,1,Andrew Bogut,,,foul,missed,,,,
Ben Gordon,Jason Maxiell,Kwame Brown,Tayshaun Prince,Will Bynum,Andrew Bogut,Brandon Jennings,Ersan Ilyasova,Luc Richard Mbah a Moute,Michael Redd,3,2:47,DET,rebound,,,,,,,,,,Jason Maxiell,,,,,,def,,
Ben Gordon,Jason Maxiell,Kwame Brown,Tayshaun Prince,Will Bynum,Andrew Bogut,Brandon Jennings,Ersan Ilyasova,Luc Richard Mbah a Moute,Michael Redd,3,2:26,DET,shot,,,,,,,,,,Will Bynum,,,,missed,,layup,25,6
Ben Gordon,Jason Maxiell,Kwame Brown,Tayshaun Prince,Will Bynum,Andrew Bogut,Brandon Jennings,Ersan Ilyasova,Luc Richard Mbah a Moute,Michael Redd,3,2:24,MIL,rebound,,,,,,,,,,Luc Richard Mbah a Moute,,,,,,def,,
Ben Gordon,Jason Maxiell,Kwame Brown,Tayshaun Prince,Will Bynum,Andrew Bogut,Brandon Jennings,Ersan Ilyasova,Luc Richard Mbah a Moute,Michael Redd,3,2:14,MIL,shot,,,,,,,,,,Brandon Jennings,2,,,made,,jump,32,24
Ben Gordon,Jason Maxiell,Kwame Brown,Tayshaun Prince,Will Bynum,Andrew Bogut,Brandon Jennings,Ersan Ilyasova,Luc Richard Mbah a Moute,Michael Redd,3,2:00,MIL,foul,,,,,,,,Jason Maxiell,,Brandon Jennings,,,,,,personal,,
Ben Gordon,Jason Maxiell,Kwame Brown,Tayshaun Prince,Will Bynum,Brandon Jennings,Dan Gadzuric,Ersan Ilyasova,Luc Richard Mbah a Moute,Michael Redd,3,2:00,MIL,sub,,,,Dan Gadzuric,,Andrew Bogut,,,,,,,,,,,,
Ben Gordon,Jason Maxiell,Kwame Brown,Tayshaun Prince,Will Bynum,Brandon Jennings,Dan Gadzuric,Ersan Ilyasova,Luc Richard Mbah a Moute,Michael Redd,3,2:00,DET,free throw,,,,,,,1,,2,Jason Maxiell,,,foul,made,,,,
Ben Gordon,Charlie Villanueva,Jason Maxiell,Tayshaun Prince,Will Bynum,Brandon Jennings,Dan Gadzuric,Ersan Ilyasova,Luc Richard Mbah a Moute,Michael Redd,3,2:00,DET,sub,,,,Charlie Villanueva,,Kwame Brown,,,,,,,,,,,,
Ben Gordon,Charlie Villanueva,Jason Maxiell,Tayshaun Prince,Will Bynum,Dan Gadzuric,Ersan Ilyasova,Luc Richard Mbah a Moute,Luke Ridnour,Michael Redd,3,2:00,MIL,sub,,,,Luke Ridnour,,Brandon Jennings,,,,,,,,,,,,
Ben Gordon,Charlie Villanueva,Jason Maxiell,Tayshaun Prince,Will Bynum,Dan Gadzuric,Ersan Ilyasova,Luc Richard Mbah a Moute,Luke Ridnour,Michael Redd,3,2:00,DET,free throw,,,,,,,2,,2,Jason Maxiell,,,foul,made,,,,
Ben Gordon,Charlie Villanueva,Jason Maxiell,Tayshaun Prince,Will Bynum,Dan Gadzuric,Ersan Ilyasova,Luc Richard Mbah a Moute,Luke Ridnour,Michael Redd,3,1:42,MIL,shot,Luke Ridnour,,,,,,,,,Dan Gadzuric,2,,,made,,layup,25,6
Ben Gordon,Charlie Villanueva,Jason Maxiell,Tayshaun Prince,Will Bynum,Dan Gadzuric,Ersan Ilyasova,Luc Richard Mbah a Moute,Luke Ridnour,Michael Redd,3,1:32,DET,shot,,,Dan Gadzuric,,,,,,,Ben Gordon,,,,missed,,layup,25,6
Ben Gordon,Charlie Villanueva,Jason Maxiell,Tayshaun Prince,Will Bynum,Dan Gadzuric,Ersan Ilyasova,Luc Richard Mbah a Moute,Luke Ridnour,Michael Redd,3,1:30,MIL,rebound,,,,,,,,,,Dan Gadzuric,,,,,,def,,
Ben Gordon,Charlie Villanueva,Jason Maxiell,Tayshaun Prince,Will Bynum,Dan Gadzuric,Ersan Ilyasova,Luc Richard Mbah a Moute,Luke Ridnour,Michael Redd,3,1:20,MIL,shot,Michael Redd,,,,,,,,,Dan Gadzuric,2,,,made,,running hook,21,9
Ben Gordon,Charlie Villanueva,Jason Maxiell,Tayshaun Prince,Will Bynum,Dan Gadzuric,Ersan Ilyasova,Luc Richard Mbah a Moute,Luke Ridnour,Michael Redd,3,1:20,DET,foul,,,,,,,,Dan Gadzuric,,Jason Maxiell,,,,,,shooting,,
Ben Gordon,Charlie Villanueva,Jason Maxiell,Tayshaun Prince,Will Bynum,Charlie Bell,Dan Gadzuric,Ersan Ilyasova,Luc Richard Mbah a Moute,Luke Ridnour,3,1:20,MIL,sub,,,,Charlie Bell,,Michael Redd,,,,,,,,,,,,
Ben Gordon,Charlie Villanueva,Jason Maxiell,Rodney Stuckey,Will Bynum,Charlie Bell,Dan Gadzuric,Ersan Ilyasova,Luc Richard Mbah a Moute,Luke Ridnour,3,1:20,DET,sub,,,,Rodney Stuckey,,Tayshaun Prince,,,,,,,,,,,,
Ben Gordon,Charlie Villanueva,Jason Maxiell,Rodney Stuckey,Will Bynum,Charlie Bell,Dan Gadzuric,Ersan Ilyasova,Luc Richard Mbah a Moute,Luke Ridnour,3,1:20,MIL,free throw,,,,,,,1,,1,Dan Gadzuric,,,foul,missed,,,,
Ben Gordon,Charlie Villanueva,Jason Maxiell,Rodney Stuckey,Will Bynum,Charlie Bell,Dan Gadzuric,Ersan Ilyasova,Luc Richard Mbah a Moute,Luke Ridnour,3,1:19,DET,rebound,,,,,,,,,,,,,,,,,,
Ben Gordon,Charlie Villanueva,Jason Maxiell,Rodney Stuckey,Will Bynum,Charlie Bell,Dan Gadzuric,Ersan Ilyasova,Luc Richard Mbah a Moute,Luke Ridnour,3,1:19,MIL,foul,,,,,,,,Jason Maxiell,,Ersan Ilyasova,,,,,,loose ball,,
Ben Gordon,Charlie Villanueva,Jason Maxiell,Rodney Stuckey,Will Bynum,Charlie Bell,Dan Gadzuric,Ersan Ilyasova,Luc Richard Mbah a Moute,Luke Ridnour,3,1:19,DET,free throw,,,,,,,1,,2,Jason Maxiell,,,foul,missed,,,,
Ben Gordon,Charlie Villanueva,Jason Maxiell,Rodney Stuckey,Will Bynum,Charlie Bell,Dan Gadzuric,Ersan Ilyasova,Luc Richard Mbah a Moute,Luke Ridnour,3,1:19,DET,rebound,,,,,,,,,,,,,,,,,,
Ben Gordon,Charlie Villanueva,Jason Maxiell,Rodney Stuckey,Will Bynum,Charlie Bell,Dan Gadzuric,Ersan Ilyasova,Luc Richard Mbah a Moute,Luke Ridnour,3,1:19,DET,free throw,,,,,,,2,,2,Jason Maxiell,,,foul,missed,,,,
Ben Gordon,Charlie Villanueva,Jason Maxiell,Rodney Stuckey,Will Bynum,Charlie Bell,Dan Gadzuric,Ersan Ilyasova,Luc Richard Mbah a Moute,Luke Ridnour,3,1:19,MIL,rebound,,,,,,,,,,Dan Gadzuric,,,,,,def,,
Ben Gordon,Charlie Villanueva,Jason Maxiell,Rodney Stuckey,Will Bynum,Charlie Bell,Dan Gadzuric,Ersan Ilyasova,Luc Richard Mbah a Moute,Luke Ridnour,3,1:11,DET,foul,,,,,,,,Charlie Bell,,Charlie Villanueva,,,,,,personal,,
Ben Gordon,Charlie Villanueva,Jason Maxiell,Rodney Stuckey,Will Bynum,Charlie Bell,Dan Gadzuric,Ersan Ilyasova,Luc Richard Mbah a Moute,Luke Ridnour,3,1:11,MIL,free throw,,,,,,,1,,2,Charlie Bell,,,foul,made,,,,
Ben Gordon,Charlie Villanueva,Jason Maxiell,Rodney Stuckey,Will Bynum,Charlie Bell,Dan Gadzuric,Ersan Ilyasova,Luc Richard Mbah a Moute,Luke Ridnour,3,1:11,MIL,free throw,,,,,,,2,,2,Charlie Bell,,,foul,made,,,,
Ben Gordon,Charlie Villanueva,Jason Maxiell,Rodney Stuckey,Will Bynum,Charlie Bell,Dan Gadzuric,Ersan Ilyasova,Luc Richard Mbah a Moute,Luke Ridnour,3,0:58,DET,shot,,,,,,,,,,Will Bynum,2,,,made,,driving layup,25,6
Ben Gordon,Charlie Villanueva,Jason Maxiell,Rodney Stuckey,Will Bynum,Charlie Bell,Dan Gadzuric,Ersan Ilyasova,Luc Richard Mbah a Moute,Luke Ridnour,3,0:55,MIL,shot,Luke Ridnour,,,,,,,,,Luc Richard Mbah a Moute,2,,,made,,a moute reverse layup,25,6
Ben Gordon,Charlie Villanueva,Jason Maxiell,Rodney Stuckey,Will Bynum,Charlie Bell,Dan Gadzuric,Ersan Ilyasova,Luc Richard Mbah a Moute,Luke Ridnour,3,0:36,DET,turnover,,,,,,,,,,Charlie Villanueva,,,traveling,,,,,
Ben Gordon,Charlie Villanueva,Jason Maxiell,Rodney Stuckey,Will Bynum,Charlie Bell,Dan Gadzuric,Ersan Ilyasova,Luc Richard Mbah a Moute,Luke Ridnour,3,0:28,MIL,foul,,,,,,,,Jason Maxiell,,Dan Gadzuric,,,,,,offensive,,
Ben Gordon,Charlie Villanueva,Jason Maxiell,Rodney Stuckey,Will Bynum,Charlie Bell,Dan Gadzuric,Ersan Ilyasova,Luc Richard Mbah a Moute,Luke Ridnour,3,0:28,MIL,turnover,,,,,,,,,,Dan Gadzuric,,,foul,,,,,
Ben Gordon,Charlie Villanueva,Jason Maxiell,Rodney Stuckey,Will Bynum,Charlie Bell,Dan Gadzuric,Ersan Ilyasova,Luc Richard Mbah a Moute,Luke Ridnour,3,0:15,DET,shot,,,,,,,,,,Will Bynum,2,,,made,,layup,25,6
Ben Gordon,Charlie Villanueva,Jason Maxiell,Rodney Stuckey,Will Bynum,Charlie Bell,Dan Gadzuric,Ersan Ilyasova,Luc Richard Mbah a Moute,Luke Ridnour,3,0:00,MIL,shot,,,,,,,,,,Ersan Ilyasova,,,,missed,,3pt,37,30
Ben Gordon,Charlie Villanueva,Jason Maxiell,Rodney Stuckey,Will Bynum,Charlie Bell,Dan Gadzuric,Ersan Ilyasova,Luc Richard Mbah a Moute,Luke Ridnour,3,0:00,MIL,rebound,,,,,,,,,,,,,,,,,,
Ben Wallace,Charlie Villanueva,Rodney Stuckey,Tayshaun Prince,Will Bynum,Charlie Bell,Dan Gadzuric,Ersan Ilyasova,Luc Richard Mbah a Moute,Luke Ridnour,4,11:44,MIL,shot,,,,,,,,,,Ersan Ilyasova,,,,missed,,layup,25,6
Ben Wallace,Charlie Villanueva,Rodney Stuckey,Tayshaun Prince,Will Bynum,Charlie Bell,Dan Gadzuric,Ersan Ilyasova,Luc Richard Mbah a Moute,Luke Ridnour,4,11:42,DET,rebound,,,,,,,,,,Charlie Villanueva,,,,,,def,,
Ben Wallace,Charlie Villanueva,Rodney Stuckey,Tayshaun Prince,Will Bynum,Charlie Bell,Dan Gadzuric,Ersan Ilyasova,Luc Richard Mbah a Moute,Luke Ridnour,4,11:22,DET,shot,Will Bynum,,,,,,,,,Charlie Villanueva,3,,,made,,3pt,2,7
Ben Wallace,Charlie Villanueva,Rodney Stuckey,Tayshaun Prince,Will Bynum,Charlie Bell,Dan Gadzuric,Ersan Ilyasova,Luc Richard Mbah a Moute,Luke Ridnour,4,11:10,MIL,shot,,,,,,,,,,Luke Ridnour,,,,missed,,jump,37,18
Ben Wallace,Charlie Villanueva,Rodney Stuckey,Tayshaun Prince,Will Bynum,Charlie Bell,Dan Gadzuric,Ersan Ilyasova,Luc Richard Mbah a Moute,Luke Ridnour,4,11:09,MIL,rebound,,,,,,,,,,Ersan Ilyasova,,,,,,off,,
Ben Wallace,Charlie Villanueva,Rodney Stuckey,Tayshaun Prince,Will Bynum,Charlie Bell,Dan Gadzuric,Ersan Ilyasova,Luc Richard Mbah a Moute,Luke Ridnour,4,11:03,MIL,turnover,,,,,,,,,,Charlie Bell,,,bad pass,,,,,
Ben Wallace,Charlie Villanueva,Rodney Stuckey,Tayshaun Prince,Will Bynum,Charlie Bell,Dan Gadzuric,Ersan Ilyasova,Luc Richard Mbah a Moute,Luke Ridnour,4,10:44,DET,shot,,,,,,,,,,Will Bynum,,,,missed,,jump,27,25
Ben Wallace,Charlie Villanueva,Rodney Stuckey,Tayshaun Prince,Will Bynum,Charlie Bell,Dan Gadzuric,Ersan Ilyasova,Luc Richard Mbah a Moute,Luke Ridnour,4,10:43,MIL,rebound,,,,,,,,,,Luc Richard Mbah a Moute,,,,,,def,,
Ben Wallace,Charlie Villanueva,Rodney Stuckey,Tayshaun Prince,Will Bynum,Charlie Bell,Dan Gadzuric,Ersan Ilyasova,Luc Richard Mbah a Moute,Luke Ridnour,4,10:28,MIL,shot,Charlie Bell,,,,,,,,,Dan Gadzuric,2,,,made,,layup,25,6
Ben Wallace,Charlie Villanueva,Rodney Stuckey,Tayshaun Prince,Will Bynum,Charlie Bell,Dan Gadzuric,Ersan Ilyasova,Luc Richard Mbah a Moute,Luke Ridnour,4,10:07,DET,shot,Tayshaun Prince,,,,,,,,,Charlie Villanueva,3,,,made,,3pt,23,32
Ben Wallace,Charlie Villanueva,Rodney Stuckey,Tayshaun Prince,Will Bynum,Charlie Bell,Dan Gadzuric,Ersan Ilyasova,Luc Richard Mbah a Moute,Luke Ridnour,4,9:48,MIL,shot,,,,,,,,,,Dan Gadzuric,,,,missed,,hook,28,11
Ben Wallace,Charlie Villanueva,Rodney Stuckey,Tayshaun Prince,Will Bynum,Charlie Bell,Dan Gadzuric,Ersan Ilyasova,Luc Richard Mbah a Moute,Luke Ridnour,4,9:47,MIL,rebound,,,,,,,,,,Charlie Bell,,,,,,off,,
Ben Wallace,Charlie Villanueva,Rodney Stuckey,Tayshaun Prince,Will Bynum,Charlie Bell,Dan Gadzuric,Ersan Ilyasova,Luc Richard Mbah a Moute,Luke Ridnour,4,9:47,MIL,shot,,,,,,,,,,Charlie Bell,,,,missed,,tip,25,6
Ben Wallace,Charlie Villanueva,Rodney Stuckey,Tayshaun Prince,Will Bynum,Charlie Bell,Dan Gadzuric,Ersan Ilyasova,Luc Richard Mbah a Moute,Luke Ridnour,4,9:45,DET,rebound,,,,,,,,,,Charlie Villanueva,,,,,,def,,
Ben Wallace,Charlie Villanueva,Rodney Stuckey,Tayshaun Prince,Will Bynum,Charlie Bell,Dan Gadzuric,Ersan Ilyasova,Luc Richard Mbah a Moute,Luke Ridnour,4,9:26,DET,turnover,,,,,,,,,,Tayshaun Prince,,,palming turnover,,,,,
Ben Wallace,Charlie Villanueva,Rodney Stuckey,Tayshaun Prince,Will Bynum,Andrew Bogut,Charlie Bell,Ersan Ilyasova,Luc Richard Mbah a Moute,Luke Ridnour,4,9:26,MIL,sub,,,,Andrew Bogut,,Dan Gadzuric,,,,,,,,,,,,
Ben Wallace,Charlie Villanueva,Rodney Stuckey,Tayshaun Prince,Will Bynum,Andrew Bogut,Charlie Bell,Hakim Warrick,Luc Richard Mbah a Moute,Luke Ridnour,4,9:26,MIL,sub,,,,Hakim Warrick,,Ersan Ilyasova,,,,,,,,,,,,
Ben Wallace,Charlie Villanueva,Rodney Stuckey,Tayshaun Prince,Will Bynum,Andrew Bogut,Charlie Bell,Hakim Warrick,Luc Richard Mbah a Moute,Luke Ridnour,4,9:16,MIL,shot,,,,,,,,,,Luke Ridnour,2,,,made,,jump,21,16
Ben Wallace,Charlie Villanueva,Rodney Stuckey,Tayshaun Prince,Will Bynum,Andrew Bogut,Charlie Bell,Hakim Warrick,Luc Richard Mbah a Moute,Luke Ridnour,4,9:00,MIL,foul,,,,,,,,Will Bynum,,Luke Ridnour,,,,,,personal,,
Ben Wallace,Charlie Villanueva,Rodney Stuckey,Tayshaun Prince,Will Bynum,Andrew Bogut,Brandon Jennings,Charlie Bell,Hakim Warrick,Luc Richard Mbah a Moute,4,9:00,MIL,sub,,,,Brandon Jennings,,Luke Ridnour,,,,,,,,,,,,
Ben Wallace,Charlie Villanueva,Rodney Stuckey,Tayshaun Prince,Will Bynum,Andrew Bogut,Brandon Jennings,Charlie Bell,Hakim Warrick,Luc Richard Mbah a Moute,4,8:54,DET,shot,,,Andrew Bogut,,,,,,,Will Bynum,,,,missed,,layup,25,6
Ben Wallace,Charlie Villanueva,Rodney Stuckey,Tayshaun Prince,Will Bynum,Andrew Bogut,Brandon Jennings,Charlie Bell,Hakim Warrick,Luc Richard Mbah a Moute,4,8:49,DET,rebound,,,,,,,,,,Ben Wallace,,,,,,off,,
Ben Wallace,Charlie Villanueva,Rodney Stuckey,Tayshaun Prince,Will Bynum,Andrew Bogut,Brandon Jennings,Charlie Bell,Hakim Warrick,Luc Richard Mbah a Moute,4,8:48,DET,shot,,,,,,,,,,Ben Wallace,2,,,made,,layup,25,6
Ben Wallace,Charlie Villanueva,Rodney Stuckey,Tayshaun Prince,Will Bynum,Andrew Bogut,Brandon Jennings,Charlie Bell,Hakim Warrick,Luc Richard Mbah a Moute,4,8:28,MIL,foul,,,,,,,,Ben Wallace,,Luc Richard Mbah a Moute,,,,,,offensive,,
Ben Wallace,Charlie Villanueva,Rodney Stuckey,Tayshaun Prince,Will Bynum,Andrew Bogut,Brandon Jennings,Charlie Bell,Hakim Warrick,Luc Richard Mbah a Moute,4,8:28,MIL,turnover,,,,,,,,,,Luc Richard Mbah a Moute,,,foul,,,,,
Ben Wallace,Charlie Villanueva,Rodney Stuckey,Tayshaun Prince,Will Bynum,Andrew Bogut,Brandon Jennings,Charlie Bell,Hakim Warrick,Luc Richard Mbah a Moute,4,8:28,DET,timeout,,,,,,,,,,,,,,,,official,,
Ben Wallace,Charlie Villanueva,Rodney Stuckey,Tayshaun Prince,Will Bynum,Andrew Bogut,Brandon Jennings,Charlie Bell,Hakim Warrick,Luc Richard Mbah a Moute,4,8:09,DET,shot,Rodney Stuckey,,,,,,,,,Charlie Villanueva,2,,,made,,jump,19,21
Ben Wallace,Charlie Villanueva,Rodney Stuckey,Tayshaun Prince,Will Bynum,Andrew Bogut,Brandon Jennings,Charlie Bell,Hakim Warrick,Luc Richard Mbah a Moute,4,7:50,MIL,shot,,,,,,,,,,Hakim Warrick,,,,missed,,layup,25,6
Ben Wallace,Charlie Villanueva,Rodney Stuckey,Tayshaun Prince,Will Bynum,Andrew Bogut,Brandon Jennings,Charlie Bell,Hakim Warrick,Luc Richard Mbah a Moute,4,7:48,DET,rebound,,,,,,,,,,Charlie Villanueva,,,,,,def,,
Ben Wallace,Charlie Villanueva,Rodney Stuckey,Tayshaun Prince,Will Bynum,Andrew Bogut,Brandon Jennings,Charlie Bell,Hakim Warrick,Luc Richard Mbah a Moute,4,7:37,DET,shot,,,,,,,,,,Will Bynum,,,,missed,,jump,14,16
Ben Wallace,Charlie Villanueva,Rodney Stuckey,Tayshaun Prince,Will Bynum,Andrew Bogut,Brandon Jennings,Charlie Bell,Hakim Warrick,Luc Richard Mbah a Moute,4,7:36,MIL,rebound,,,,,,,,,,Luc Richard Mbah a Moute,,,,,,def,,
Ben Wallace,Charlie Villanueva,Rodney Stuckey,Tayshaun Prince,Will Bynum,Andrew Bogut,Brandon Jennings,Charlie Bell,Hakim Warrick,Luc Richard Mbah a Moute,4,7:27,DET,foul,,,,,,,,Hakim Warrick,,Charlie Villanueva,,,,,,personal,,
Ben Gordon,Ben Wallace,Charlie Villanueva,Rodney Stuckey,Tayshaun Prince,Andrew Bogut,Brandon Jennings,Charlie Bell,Hakim Warrick,Luc Richard Mbah a Moute,4,7:27,DET,sub,,,,Ben Gordon,,Will Bynum,,,,,,,,,,,,
Ben Gordon,Ben Wallace,Charlie Villanueva,Rodney Stuckey,Tayshaun Prince,Andrew Bogut,Brandon Jennings,Charlie Bell,Hakim Warrick,Luc Richard Mbah a Moute,4,7:13,MIL,shot,Hakim Warrick,,,,,,,,,Luc Richard Mbah a Moute,2,,,made,,a moute layup,25,6
Ben Gordon,Ben Wallace,Charlie Villanueva,Rodney Stuckey,Tayshaun Prince,Andrew Bogut,Brandon Jennings,Charlie Bell,Hakim Warrick,Luc Richard Mbah a Moute,4,6:46,DET,shot,,,,,,,,,,Ben Gordon,2,,,made,,jump,44,5
Ben Gordon,Ben Wallace,Charlie Villanueva,Rodney Stuckey,Tayshaun Prince,Andrew Bogut,Brandon Jennings,Charlie Bell,Hakim Warrick,Luc Richard Mbah a Moute,4,6:33,DET,foul,,,,,,,,Brandon Jennings,,Tayshaun Prince,,,,,,shooting,,
Ben Gordon,Ben Wallace,Charlie Villanueva,Rodney Stuckey,Tayshaun Prince,Andrew Bogut,Brandon Jennings,Charlie Bell,Hakim Warrick,Luc Richard Mbah a Moute,4,6:33,MIL,free throw,,,,,,,1,,2,Brandon Jennings,,,foul,missed,,,,
Ben Gordon,Ben Wallace,Charlie Villanueva,Rodney Stuckey,Tayshaun Prince,Andrew Bogut,Brandon Jennings,Charlie Bell,Hakim Warrick,Luc Richard Mbah a Moute,4,6:33,MIL,rebound,,,,,,,,,,,,,,,,,,
Ben Gordon,Ben Wallace,Charlie Villanueva,Rodney Stuckey,Tayshaun Prince,Andrew Bogut,Brandon Jennings,Charlie Bell,Hakim Warrick,Luc Richard Mbah a Moute,4,6:33,MIL,free throw,,,,,,,2,,2,Brandon Jennings,,,foul,made,,,,
Ben Gordon,Ben Wallace,Charlie Villanueva,Rodney Stuckey,Tayshaun Prince,Andrew Bogut,Brandon Jennings,Charlie Bell,Hakim Warrick,Luc Richard Mbah a Moute,4,6:10,DET,shot,,,,,,,,,,Charlie Villanueva,,,,missed,,3pt,2,5
Ben Gordon,Ben Wallace,Charlie Villanueva,Rodney Stuckey,Tayshaun Prince,Andrew Bogut,Brandon Jennings,Charlie Bell,Hakim Warrick,Luc Richard Mbah a Moute,4,6:10,DET,rebound,,,,,,,,,,,,,,,,,,
Ben Gordon,Ben Wallace,Charlie Villanueva,Rodney Stuckey,Tayshaun Prince,Andrew Bogut,Brandon Jennings,Charlie Bell,Hakim Warrick,Luc Richard Mbah a Moute,4,6:10,MIL,foul,,,,,,,,Ben Wallace,,Andrew Bogut,,,,,,loose ball,,
Ben Gordon,Ben Wallace,Charlie Villanueva,Rodney Stuckey,Tayshaun Prince,Andrew Bogut,Brandon Jennings,Charlie Bell,Hakim Warrick,Luc Richard Mbah a Moute,4,5:57,DET,shot,,,,,,,,,,Tayshaun Prince,2,,,made,,jump,36,5
Ben Gordon,Ben Wallace,Charlie Villanueva,Rodney Stuckey,Tayshaun Prince,Andrew Bogut,Brandon Jennings,Charlie Bell,Hakim Warrick,Luc Richard Mbah a Moute,4,5:49,MIL,turnover,,,,,,,,,,Andrew Bogut,,,bad pass,,Ben Gordon,,,
Ben Gordon,Ben Wallace,Charlie Villanueva,Rodney Stuckey,Tayshaun Prince,Andrew Bogut,Brandon Jennings,Charlie Bell,Hakim Warrick,Luc Richard Mbah a Moute,4,5:43,DET,shot,,,,,,,,,,Ben Gordon,,,,missed,,3pt,10,27
Ben Gordon,Ben Wallace,Charlie Villanueva,Rodney Stuckey,Tayshaun Prince,Andrew Bogut,Brandon Jennings,Charlie Bell,Hakim Warrick,Luc Richard Mbah a Moute,4,5:43,MIL,rebound,,,,,,,,,,,,,,,,,,
Ben Gordon,Ben Wallace,Charlie Villanueva,Rodney Stuckey,Tayshaun Prince,Andrew Bogut,Brandon Jennings,Charlie Bell,Hakim Warrick,Luc Richard Mbah a Moute,4,5:43,MIL,timeout,,,,,,,,,,,,,,,,regular,,
Ben Gordon,Ben Wallace,Charlie Villanueva,Rodney Stuckey,Tayshaun Prince,Andrew Bogut,Brandon Jennings,Charlie Bell,Hakim Warrick,Luc Richard Mbah a Moute,4,5:30,DET,foul,,,,,,,,Hakim Warrick,,Charlie Villanueva,,,,,,shooting,,
Ben Gordon,Ben Wallace,Charlie Villanueva,Rodney Stuckey,Tayshaun Prince,Andrew Bogut,Brandon Jennings,Charlie Bell,Hakim Warrick,Luc Richard Mbah a Moute,4,5:30,MIL,free throw,,,,,,,1,,2,Hakim Warrick,,,foul,made,,,,
Ben Gordon,Ben Wallace,Charlie Villanueva,Rodney Stuckey,Tayshaun Prince,Andrew Bogut,Brandon Jennings,Charlie Bell,Hakim Warrick,Luc Richard Mbah a Moute,4,5:30,MIL,free throw,,,,,,,2,,2,Hakim Warrick,,,foul,made,,,,
Ben Gordon,Ben Wallace,Charlie Villanueva,Rodney Stuckey,Tayshaun Prince,Andrew Bogut,Brandon Jennings,Charlie Bell,Hakim Warrick,Luc Richard Mbah a Moute,4,5:11,DET,shot,,,,,,,,,,Rodney Stuckey,,,,missed,,jump,42,8
Ben Gordon,Ben Wallace,Charlie Villanueva,Rodney Stuckey,Tayshaun Prince,Andrew Bogut,Brandon Jennings,Charlie Bell,Hakim Warrick,Luc Richard Mbah a Moute,4,5:09,MIL,rebound,,,,,,,,,,Brandon Jennings,,,,,,def,,
Ben Gordon,Ben Wallace,Charlie Villanueva,Rodney Stuckey,Tayshaun Prince,Andrew Bogut,Brandon Jennings,Charlie Bell,Hakim Warrick,Luc Richard Mbah a Moute,4,4:56,MIL,shot,,,,,,,,,,Brandon Jennings,,,,missed,,3pt,10,27
Ben Gordon,Ben Wallace,Charlie Villanueva,Rodney Stuckey,Tayshaun Prince,Andrew Bogut,Brandon Jennings,Charlie Bell,Hakim Warrick,Luc Richard Mbah a Moute,4,4:55,DET,rebound,,,,,,,,,,Charlie Villanueva,,,,,,def,,
Ben Gordon,Ben Wallace,Charlie Villanueva,Rodney Stuckey,Tayshaun Prince,Andrew Bogut,Brandon Jennings,Charlie Bell,Hakim Warrick,Luc Richard Mbah a Moute,4,4:44,DET,shot,,,,,,,,,,Ben Gordon,,,,missed,,jump,22,24
Ben Gordon,Ben Wallace,Charlie Villanueva,Rodney Stuckey,Tayshaun Prince,Andrew Bogut,Brandon Jennings,Charlie Bell,Hakim Warrick,Luc Richard Mbah a Moute,4,4:43,MIL,rebound,,,,,,,,,,Brandon Jennings,,,,,,def,,
Ben Gordon,Ben Wallace,Charlie Villanueva,Rodney Stuckey,Tayshaun Prince,Andrew Bogut,Brandon Jennings,Charlie Bell,Hakim Warrick,Luc Richard Mbah a Moute,4,4:29,MIL,shot,,,,,,,,,,Brandon Jennings,2,,,made,,jump,32,11
Ben Gordon,Ben Wallace,Charlie Villanueva,Rodney Stuckey,Tayshaun Prince,Andrew Bogut,Brandon Jennings,Charlie Bell,Hakim Warrick,Luc Richard Mbah a Moute,4,4:28,DET,timeout,,,,,,,,,,,,,,,,regular,,
Ben Gordon,Ben Wallace,Charlie Villanueva,Rodney Stuckey,Tayshaun Prince,Andrew Bogut,Brandon Jennings,Charlie Bell,Hakim Warrick,Luc Richard Mbah a Moute,4,4:05,MIL,foul,,,,,,,,Ben Gordon,,Andrew Bogut,,,,,,shooting,,
Ben Gordon,Ben Wallace,Charlie Villanueva,Rodney Stuckey,Tayshaun Prince,Brandon Jennings,Charlie Bell,Dan Gadzuric,Hakim Warrick,Luc Richard Mbah a Moute,4,4:05,MIL,sub,,,,Dan Gadzuric,,Andrew Bogut,,,,,,,,,,,,
Ben Gordon,Ben Wallace,Charlie Villanueva,Rodney Stuckey,Tayshaun Prince,Brandon Jennings,Charlie Bell,Dan Gadzuric,Hakim Warrick,Luc Richard Mbah a Moute,4,4:05,DET,free throw,,,,,,,1,,2,Ben Gordon,,,foul,made,,,,
Ben Gordon,Ben Wallace,Charlie Villanueva,Rodney Stuckey,Tayshaun Prince,Brandon Jennings,Charlie Bell,Dan Gadzuric,Hakim Warrick,Luc Richard Mbah a Moute,4,4:05,DET,free throw,,,,,,,2,,2,Ben Gordon,,,foul,made,,,,
Ben Gordon,Ben Wallace,Charlie Villanueva,Rodney Stuckey,Tayshaun Prince,Brandon Jennings,Charlie Bell,Dan Gadzuric,Hakim Warrick,Luc Richard Mbah a Moute,4,3:53,MIL,shot,Brandon Jennings,,,,,,,,,Hakim Warrick,2,,,made,,layup,25,6
Ben Gordon,Ben Wallace,Charlie Villanueva,Rodney Stuckey,Tayshaun Prince,Brandon Jennings,Charlie Bell,Dan Gadzuric,Hakim Warrick,Luc Richard Mbah a Moute,4,3:53,DET,foul,,,,,,,,Hakim Warrick,,Ben Wallace,,,,,,shooting,,
Ben Gordon,Ben Wallace,Charlie Villanueva,Rodney Stuckey,Tayshaun Prince,Brandon Jennings,Charlie Bell,Dan Gadzuric,Hakim Warrick,Luc Richard Mbah a Moute,4,3:53,MIL,free throw,,,,,,,1,,1,Hakim Warrick,,,foul,missed,,,,
Ben Gordon,Ben Wallace,Charlie Villanueva,Rodney Stuckey,Tayshaun Prince,Brandon Jennings,Charlie Bell,Dan Gadzuric,Hakim Warrick,Luc Richard Mbah a Moute,4,3:53,MIL,rebound,,,,,,,,,,,,,,,,,,
Ben Gordon,Ben Wallace,Charlie Villanueva,Rodney Stuckey,Tayshaun Prince,Brandon Jennings,Charlie Bell,Dan Gadzuric,Hakim Warrick,Luc Richard Mbah a Moute,4,3:41,MIL,shot,,,,,,,,,,Brandon Jennings,,,,missed,,jump,37,14
Ben Gordon,Ben Wallace,Charlie Villanueva,Rodney Stuckey,Tayshaun Prince,Brandon Jennings,Charlie Bell,Dan Gadzuric,Hakim Warrick,Luc Richard Mbah a Moute,4,3:40,DET,rebound,,,,,,,,,,Tayshaun Prince,,,,,,def,,
Ben Gordon,Ben Wallace,Charlie Villanueva,Rodney Stuckey,Tayshaun Prince,Brandon Jennings,Charlie Bell,Dan Gadzuric,Hakim Warrick,Luc Richard Mbah a Moute,4,3:35,MIL,foul,,,,,,,,Ben Gordon,,Luc Richard Mbah a Moute,,,,,,personal,,
Ben Gordon,Ben Wallace,Rodney Stuckey,Tayshaun Prince,Will Bynum,Brandon Jennings,Charlie Bell,Dan Gadzuric,Hakim Warrick,Luc Richard Mbah a Moute,4,3:35,DET,sub,,,,Will Bynum,,Charlie Villanueva,,,,,,,,,,,,
Ben Gordon,Ben Wallace,Rodney Stuckey,Tayshaun Prince,Will Bynum,Brandon Jennings,Charlie Bell,Dan Gadzuric,Hakim Warrick,Luc Richard Mbah a Moute,4,3:23,DET,shot,,,,,,,,,,Rodney Stuckey,,,,missed,,jump,13,20
Ben Gordon,Ben Wallace,Rodney Stuckey,Tayshaun Prince,Will Bynum,Brandon Jennings,Charlie Bell,Dan Gadzuric,Hakim Warrick,Luc Richard Mbah a Moute,4,3:22,MIL,rebound,,,,,,,,,,Hakim Warrick,,,,,,def,,
Ben Gordon,Ben Wallace,Rodney Stuckey,Tayshaun Prince,Will Bynum,Brandon Jennings,Charlie Bell,Dan Gadzuric,Hakim Warrick,Luc Richard Mbah a Moute,4,3:07,MIL,shot,Brandon Jennings,,,,,,,,,Luc Richard Mbah a Moute,2,,,made,,a moute jump,12,13
Ben Gordon,Ben Wallace,Rodney Stuckey,Tayshaun Prince,Will Bynum,Brandon Jennings,Charlie Bell,Dan Gadzuric,Hakim Warrick,Luc Richard Mbah a Moute,4,2:54,MIL,foul,,,,,,,,Will Bynum,,Brandon Jennings,,,,,,personal,,
Ben Gordon,Ben Wallace,Rodney Stuckey,Tayshaun Prince,Will Bynum,Brandon Jennings,Charlie Bell,Dan Gadzuric,Hakim Warrick,Luc Richard Mbah a Moute,4,2:54,DET,free throw,,,,,,,1,,2,Will Bynum,,,foul,made,,,,
Ben Gordon,Ben Wallace,Rodney Stuckey,Tayshaun Prince,Will Bynum,Brandon Jennings,Charlie Bell,Dan Gadzuric,Hakim Warrick,Luc Richard Mbah a Moute,4,2:54,DET,free throw,,,,,,,2,,2,Will Bynum,,,foul,made,,,,
Ben Gordon,Ben Wallace,Rodney Stuckey,Tayshaun Prince,Will Bynum,Brandon Jennings,Charlie Bell,Dan Gadzuric,Hakim Warrick,Luc Richard Mbah a Moute,4,2:36,MIL,shot,,,,,,,,,,Brandon Jennings,,,,missed,,jump,17,11
Ben Gordon,Ben Wallace,Rodney Stuckey,Tayshaun Prince,Will Bynum,Brandon Jennings,Charlie Bell,Dan Gadzuric,Hakim Warrick,Luc Richard Mbah a Moute,4,2:36,DET,rebound,,,,,,,,,,,,,,,,,,
Ben Gordon,Ben Wallace,Rodney Stuckey,Tayshaun Prince,Will Bynum,Brandon Jennings,Charlie Bell,Dan Gadzuric,Hakim Warrick,Luc Richard Mbah a Moute,4,2:36,MIL,foul,,,,,,,,Ben Wallace,,Dan Gadzuric,,,,,,loose ball,,
Ben Gordon,Ben Wallace,Rodney Stuckey,Tayshaun Prince,Will Bynum,Brandon Jennings,Charlie Bell,Dan Gadzuric,Hakim Warrick,Luc Richard Mbah a Moute,4,2:36,DET,free throw,,,,,,,1,,2,Ben Wallace,,,foul,made,,,,
Ben Gordon,Ben Wallace,Rodney Stuckey,Tayshaun Prince,Will Bynum,Brandon Jennings,Charlie Bell,Dan Gadzuric,Hakim Warrick,Luc Richard Mbah a Moute,4,2:36,DET,free throw,,,,,,,2,,2,Ben Wallace,,,foul,made,,,,
Ben Gordon,Ben Wallace,Rodney Stuckey,Tayshaun Prince,Will Bynum,Brandon Jennings,Charlie Bell,Dan Gadzuric,Hakim Warrick,Luc Richard Mbah a Moute,4,2:34,DET,foul,,,,,,,,Brandon Jennings,,Rodney Stuckey,,,,,,personal,,
Ben Gordon,Ben Wallace,Rodney Stuckey,Tayshaun Prince,Will Bynum,Brandon Jennings,Charlie Bell,Dan Gadzuric,Hakim Warrick,Luc Richard Mbah a Moute,4,2:34,MIL,free throw,,,,,,,1,,2,Brandon Jennings,,,foul,made,,,,
Ben Gordon,Ben Wallace,Rodney Stuckey,Tayshaun Prince,Will Bynum,Brandon Jennings,Charlie Bell,Dan Gadzuric,Hakim Warrick,Luc Richard Mbah a Moute,4,2:34,MIL,free throw,,,,,,,2,,2,Brandon Jennings,,,foul,made,,,,
Ben Gordon,Ben Wallace,Rodney Stuckey,Tayshaun Prince,Will Bynum,Brandon Jennings,Charlie Bell,Dan Gadzuric,Hakim Warrick,Luc Richard Mbah a Moute,4,2:21,DET,shot,,,,,,,,,,Tayshaun Prince,,,,missed,,jump,32,21
Ben Gordon,Ben Wallace,Rodney Stuckey,Tayshaun Prince,Will Bynum,Brandon Jennings,Charlie Bell,Dan Gadzuric,Hakim Warrick,Luc Richard Mbah a Moute,4,2:20,DET,rebound,,,,,,,,,,Rodney Stuckey,,,,,,off,,
Ben Gordon,Ben Wallace,Rodney Stuckey,Tayshaun Prince,Will Bynum,Brandon Jennings,Charlie Bell,Dan Gadzuric,Hakim Warrick,Luc Richard Mbah a Moute,4,2:12,DET,foul,,,,,,,,Dan Gadzuric,,Rodney Stuckey,,,,,,offensive,,
Ben Gordon,Ben Wallace,Rodney Stuckey,Tayshaun Prince,Will Bynum,Brandon Jennings,Charlie Bell,Dan Gadzuric,Hakim Warrick,Luc Richard Mbah a Moute,4,2:12,DET,turnover,,,,,,,,,,Rodney Stuckey,,,foul,,,,,
Ben Gordon,Ben Wallace,Rodney Stuckey,Tayshaun Prince,Will Bynum,Brandon Jennings,Charlie Bell,Dan Gadzuric,Hakim Warrick,Luc Richard Mbah a Moute,4,1:58,MIL,foul,,,,,,,,Tayshaun Prince,,Hakim Warrick,,,,,,offensive,,
Ben Gordon,Ben Wallace,Rodney Stuckey,Tayshaun Prince,Will Bynum,Brandon Jennings,Charlie Bell,Dan Gadzuric,Hakim Warrick,Luc Richard Mbah a Moute,4,1:58,MIL,turnover,,,,,,,,,,Hakim Warrick,,,foul,,,,,
Ben Gordon,Ben Wallace,Rodney Stuckey,Tayshaun Prince,Will Bynum,Brandon Jennings,Charlie Bell,Dan Gadzuric,Hakim Warrick,Luc Richard Mbah a Moute,4,1:43,DET,shot,,,,,,,,,,Will Bynum,,,,missed,,layup,25,6
Ben Gordon,Ben Wallace,Rodney Stuckey,Tayshaun Prince,Will Bynum,Brandon Jennings,Charlie Bell,Dan Gadzuric,Hakim Warrick,Luc Richard Mbah a Moute,4,1:42,MIL,rebound,,,,,,,,,,Dan Gadzuric,,,,,,def,,
Ben Gordon,Ben Wallace,Rodney Stuckey,Tayshaun Prince,Will Bynum,Brandon Jennings,Charlie Bell,Dan Gadzuric,Hakim Warrick,Luc Richard Mbah a Moute,4,1:38,MIL,timeout,,,,,,,,,,,,,,,,short,,
Ben Gordon,Ben Wallace,Rodney Stuckey,Tayshaun Prince,Will Bynum,Brandon Jennings,Charlie Bell,Ersan Ilyasova,Hakim Warrick,Luc Richard Mbah a Moute,4,1:38,MIL,sub,,,,Ersan Ilyasova,,Dan Gadzuric,,,,,,,,,,,,
Ben Gordon,Ben Wallace,Rodney Stuckey,Tayshaun Prince,Will Bynum,Brandon Jennings,Charlie Bell,Ersan Ilyasova,Hakim Warrick,Luc Richard Mbah a Moute,4,1:24,MIL,shot,,,,,,,,,,Hakim Warrick,,,,missed,,jump,11,9
Ben Gordon,Ben Wallace,Rodney Stuckey,Tayshaun Prince,Will Bynum,Brandon Jennings,Charlie Bell,Ersan Ilyasova,Hakim Warrick,Luc Richard Mbah a Moute,4,1:23,MIL,rebound,,,,,,,,,,Ersan Ilyasova,,,,,,off,,
Ben Gordon,Ben Wallace,Rodney Stuckey,Tayshaun Prince,Will Bynum,Brandon Jennings,Charlie Bell,Ersan Ilyasova,Hakim Warrick,Luc Richard Mbah a Moute,4,1:22,MIL,shot,,,,,,,,,,Ersan Ilyasova,,,,missed,,tip,25,6
Ben Gordon,Ben Wallace,Rodney Stuckey,Tayshaun Prince,Will Bynum,Brandon Jennings,Charlie Bell,Ersan Ilyasova,Hakim Warrick,Luc Richard Mbah a Moute,4,1:22,MIL,rebound,,,,,,,,,,Ersan Ilyasova,,,,,,off,,
Ben Gordon,Ben Wallace,Rodney Stuckey,Tayshaun Prince,Will Bynum,Brandon Jennings,Charlie Bell,Ersan Ilyasova,Hakim Warrick,Luc Richard Mbah a Moute,4,1:20,MIL,shot,,,,,,,,,,Ersan Ilyasova,,,,missed,,tip,25,6
Ben Gordon,Ben Wallace,Rodney Stuckey,Tayshaun Prince,Will Bynum,Brandon Jennings,Charlie Bell,Ersan Ilyasova,Hakim Warrick,Luc Richard Mbah a Moute,4,1:20,MIL,rebound,,,,,,,,,,Ersan Ilyasova,,,,,,off,,
Ben Gordon,Ben Wallace,Rodney Stuckey,Tayshaun Prince,Will Bynum,Brandon Jennings,Charlie Bell,Ersan Ilyasova,Hakim Warrick,Luc Richard Mbah a Moute,4,1:19,MIL,shot,,,,,,,,,,Ersan Ilyasova,2,,,made,,putback layup,25,6
Ben Gordon,Ben Wallace,Rodney Stuckey,Tayshaun Prince,Will Bynum,Brandon Jennings,Charlie Bell,Ersan Ilyasova,Hakim Warrick,Luc Richard Mbah a Moute,4,1:10,DET,turnover,,,,,,,,,,Rodney Stuckey,,,lost ball,,Brandon Jennings,,,
Ben Gordon,Ben Wallace,Rodney Stuckey,Tayshaun Prince,Will Bynum,Brandon Jennings,Charlie Bell,Ersan Ilyasova,Hakim Warrick,Luc Richard Mbah a Moute,4,1:07,DET,foul,,,,,,,,Ersan Ilyasova,,Tayshaun Prince,,,,,,shooting,,
Ben Gordon,Ben Wallace,Rodney Stuckey,Tayshaun Prince,Will Bynum,Brandon Jennings,Charlie Bell,Ersan Ilyasova,Hakim Warrick,Luc Richard Mbah a Moute,4,1:07,MIL,free throw,,,,,,,1,,2,Ersan Ilyasova,,,foul,made,,,,
Ben Gordon,Ben Wallace,Rodney Stuckey,Tayshaun Prince,Will Bynum,Brandon Jennings,Charlie Bell,Ersan Ilyasova,Hakim Warrick,Luc Richard Mbah a Moute,4,1:07,MIL,free throw,,,,,,,2,,2,Ersan Ilyasova,,,foul,made,,,,
Ben Gordon,Ben Wallace,Rodney Stuckey,Tayshaun Prince,Will Bynum,Brandon Jennings,Charlie Bell,Ersan Ilyasova,Hakim Warrick,Luc Richard Mbah a Moute,4,1:00,DET,timeout,,,,,,,,,,,,,,,,short,,
Ben Gordon,Ben Wallace,Rodney Stuckey,Tayshaun Prince,Will Bynum,Brandon Jennings,Charlie Bell,Ersan Ilyasova,Hakim Warrick,Luc Richard Mbah a Moute,4,0:57,DET,shot,,,,,,,,,,Will Bynum,,,,missed,,3pt,2,9
Ben Gordon,Ben Wallace,Rodney Stuckey,Tayshaun Prince,Will Bynum,Brandon Jennings,Charlie Bell,Ersan Ilyasova,Hakim Warrick,Luc Richard Mbah a Moute,4,0:55,DET,rebound,,,,,,,,,,Ben Gordon,,,,,,off,,
Ben Gordon,Ben Wallace,Rodney Stuckey,Tayshaun Prince,Will Bynum,Brandon Jennings,Charlie Bell,Ersan Ilyasova,Hakim Warrick,Luc Richard Mbah a Moute,4,0:54,DET,turnover,,,,,,,,,,Ben Gordon,,,bad pass,,Charlie Bell,,,
Ben Gordon,Ben Wallace,Rodney Stuckey,Tayshaun Prince,Will Bynum,Brandon Jennings,Charlie Bell,Ersan Ilyasova,Hakim Warrick,Luc Richard Mbah a Moute,4,0:36,MIL,shot,,,,,,,,,,Hakim Warrick,,,,missed,,layup,25,6
Ben Gordon,Ben Wallace,Rodney Stuckey,Tayshaun Prince,Will Bynum,Brandon Jennings,Charlie Bell,Ersan Ilyasova,Hakim Warrick,Luc Richard Mbah a Moute,4,0:35,MIL,rebound,,,,,,,,,,,,,,,,,,
Ben Gordon,Ben Wallace,Rodney Stuckey,Tayshaun Prince,Will Bynum,Brandon Jennings,Charlie Bell,Ersan Ilyasova,Hakim Warrick,Luc Richard Mbah a Moute,4,0:35,MIL,turnover,,,,,,,,,,Hakim Warrick,,,traveling,,,,,
Ben Gordon,Ben Wallace,Rodney Stuckey,Tayshaun Prince,Will Bynum,Brandon Jennings,Charlie Bell,Ersan Ilyasova,Hakim Warrick,Luc Richard Mbah a Moute,4,0:26,MIL,violation,,,,,,,,,,Ersan Ilyasova,,,,,,defensive goaltending,,
Ben Gordon,Ben Wallace,Rodney Stuckey,Tayshaun Prince,Will Bynum,Brandon Jennings,Charlie Bell,Ersan Ilyasova,Hakim Warrick,Luc Richard Mbah a Moute,4,0:26,DET,shot,,,,,,,,,,Will Bynum,2,,,made,,layup,25,6
Ben Gordon,Ben Wallace,Rodney Stuckey,Tayshaun Prince,Will Bynum,Brandon Jennings,Charlie Bell,Ersan Ilyasova,Hakim Warrick,Luc Richard Mbah a Moute,4,0:12,DET,foul,,,,,,,,Luc Richard Mbah a Moute,,Tayshaun Prince,,,,,,personal,,
Ben Gordon,Ben Wallace,Rodney Stuckey,Tayshaun Prince,Will Bynum,Brandon Jennings,Charlie Bell,Ersan Ilyasova,Hakim Warrick,Luc Richard Mbah a Moute,4,0:12,MIL,free throw,,,,,,,1,,2,Luc Richard Mbah a Moute,,,foul,missed,,,,
Ben Gordon,Ben Wallace,Rodney Stuckey,Tayshaun Prince,Will Bynum,Brandon Jennings,Charlie Bell,Ersan Ilyasova,Hakim Warrick,Luc Richard Mbah a Moute,4,0:12,MIL,rebound,,,,,,,,,,,,,,,,,,
Ben Gordon,Ben Wallace,Rodney Stuckey,Tayshaun Prince,Will Bynum,Charlie Bell,Ersan Ilyasova,Hakim Warrick,Luc Richard Mbah a Moute,Roko Ukic,4,0:12,MIL,sub,,,,Roko Ukic,,Brandon Jennings,,,,,,,,,,,,
Ben Gordon,Ben Wallace,Rodney Stuckey,Tayshaun Prince,Will Bynum,Charlie Bell,Ersan Ilyasova,Hakim Warrick,Luc Richard Mbah a Moute,Roko Ukic,4,0:12,MIL,free throw,,,,,,,2,,2,Luc Richard Mbah a Moute,,,foul,made,,,,
Ben Gordon,Ben Wallace,Rodney Stuckey,Tayshaun Prince,Will Bynum,Charlie Bell,Ersan Ilyasova,Hakim Warrick,Luc Richard Mbah a Moute,Roko Ukic,4,0:06,DET,shot,,,,,,,,,,Rodney Stuckey,,,,missed,,3pt,10,29
Ben Gordon,Ben Wallace,Rodney Stuckey,Tayshaun Prince,Will Bynum,Charlie Bell,Ersan Ilyasova,Hakim Warrick,Luc Richard Mbah a Moute,Roko Ukic,4,0:04,MIL,rebound,,,,,,,,,,Charlie Bell,,,,,,def,,
