a1,a2,a3,a4,a5,h1,h2,h3,h4,h5,period,time,team,etype,assist,away,block,entered,home,left,num,opponent,outof,player,points,possession,reason,result,steal,type,x,y
Aaron Brooks,Chuck Hayes,Luis Scola,Shane Battier,Trevor Ariza,Brandon Roy,Greg Oden,LaMarcus Aldridge,Martell Webster,Steve Blake,1,12:00,OFF,jump ball,,Luis Scola,,,Greg Oden,,,,,,,Steve Blake,,,,,,
Aaron Brooks,Chuck Hayes,Luis Scola,Shane Battier,Trevor Ariza,Brandon Roy,Greg Oden,LaMarcus Aldridge,Martell Webster,Steve Blake,1,11:44,POR,shot,,,,,,,,,,Martell Webster,2,,,made,,driving layup,25,6
Aaron Brooks,Chuck Hayes,Luis Scola,Shane Battier,Trevor Ariza,Brandon Roy,Greg Oden,LaMarcus Aldridge,Martell Webster,Steve Blake,1,11:17,HOU,shot,,,,,,,,,,Trevor Ariza,,,,missed,,jump,21,23
Aaron Brooks,Chuck Hayes,Luis Scola,Shane Battier,Trevor Ariza,Brandon Roy,Greg Oden,LaMarcus Aldridge,Martell Webster,Steve Blake,1,11:15,POR,rebound,,,,,,,,,,Greg Oden,,,,,,def,,
Aaron Brooks,Chuck Hayes,Luis Scola,Shane Battier,Trevor Ariza,Brandon Roy,Greg Oden,LaMarcus Aldridge,Martell Webster,Steve Blake,1,11:04,POR,shot,,,,,,,,,,LaMarcus Aldridge,,,,missed,,turnaround jump,16,9
Aaron Brooks,Chuck Hayes,Luis Scola,Shane Battier,Trevor Ariza,Brandon Roy,Greg Oden,LaMarcus Aldridge,Martell Webster,Steve Blake,1,11:04,HOU,rebound,,,,,,,,,,Luis Scola,,,,,,def,,
Aaron Brooks,Chuck Hayes,Luis Scola,Shane Battier,Trevor Ariza,Brandon Roy,Greg Oden,LaMarcus Aldridge,Martell Webster,Steve Blake,1,10:39,HOU,shot,,,,,,,,,,Aaron Brooks,,,,missed,,3pt,24,33
Aaron Brooks,Chuck Hayes,Luis Scola,Shane Battier,Trevor Ariza,Brandon Roy,Greg Oden,LaMarcus Aldridge,Martell Webster,Steve Blake,1,10:38,POR,rebound,,,,,,,,,,Greg Oden,,,,,,def,,
Aaron Brooks,Chuck Hayes,Luis Scola,Shane Battier,Trevor Ariza,Brandon Roy,Greg Oden,LaMarcus Aldridge,Martell Webster,Steve Blake,1,10:20,POR,shot,LaMarcus Aldridge,,,,,,,,,Brandon Roy,2,,,made,,jump,39,19
Aaron Brooks,Chuck Hayes,Luis Scola,Shane Battier,Trevor Ariza,Brandon Roy,Greg Oden,LaMarcus Aldridge,Martell Webster,Steve Blake,1,9:57,HOU,shot,,,,,,,,,,Luis Scola,,,,missed,,jump,25,26
Aaron Brooks,Chuck Hayes,Luis Scola,Shane Battier,Trevor Ariza,Brandon Roy,Greg Oden,LaMarcus Aldridge,Martell Webster,Steve Blake,1,9:56,POR,rebound,,,,,,,,,,Martell Webster,,,,,,def,,
Aaron Brooks,Chuck Hayes,Luis Scola,Shane Battier,Trevor Ariza,Brandon Roy,Greg Oden,LaMarcus Aldridge,Martell Webster,Steve Blake,1,9:42,POR,turnover,,,,,,,,,,LaMarcus Aldridge,,,traveling,,,,,
Aaron Brooks,Chuck Hayes,Luis Scola,Shane Battier,Trevor Ariza,Brandon Roy,Greg Oden,LaMarcus Aldridge,Martell Webster,Steve Blake,1,9:34,POR,foul,,,,,,,,Aaron Brooks,,Steve Blake,,,,,,personal,,
Aaron Brooks,Chuck Hayes,Luis Scola,Shane Battier,Trevor Ariza,Brandon Roy,Greg Oden,LaMarcus Aldridge,Martell Webster,Steve Blake,1,9:29,POR,foul,,,,,,,,Shane Battier,,Martell Webster,,,,,,personal,,
Aaron Brooks,Chuck Hayes,Luis Scola,Shane Battier,Trevor Ariza,Brandon Roy,Greg Oden,LaMarcus Aldridge,Martell Webster,Steve Blake,1,9:19,HOU,shot,,,,,,,,,,Luis Scola,,,,missed,,jump,38,6
Aaron Brooks,Chuck Hayes,Luis Scola,Shane Battier,Trevor Ariza,Brandon Roy,Greg Oden,LaMarcus Aldridge,Martell Webster,Steve Blake,1,9:17,HOU,rebound,,,,,,,,,,Chuck Hayes,,,,,,off,,
Aaron Brooks,Chuck Hayes,Luis Scola,Shane Battier,Trevor Ariza,Brandon Roy,Greg Oden,LaMarcus Aldridge,Martell Webster,Steve Blake,1,9:17,HOU,shot,,,,,,,,,,Chuck Hayes,2,,,made,,layup,25,6
Aaron Brooks,Chuck Hayes,Luis Scola,Shane Battier,Trevor Ariza,Brandon Roy,Greg Oden,LaMarcus Aldridge,Martell Webster,Steve Blake,1,8:57,POR,shot,,,,,,,,,,Martell Webster,,,,missed,,3pt,48,6
Aaron Brooks,Chuck Hayes,Luis Scola,Shane Battier,Trevor Ariza,Brandon Roy,Greg Oden,LaMarcus Aldridge,Martell Webster,Steve Blake,1,8:57,POR,rebound,,,,,,,,,,LaMarcus Aldridge,,,,,,off,,
Aaron Brooks,Chuck Hayes,Luis Scola,Shane Battier,Trevor Ariza,Brandon Roy,Greg Oden,LaMarcus Aldridge,Martell Webster,Steve Blake,1,8:57,POR,shot,,,,,,,,,,LaMarcus Aldridge,2,,,made,,putback dunk,25,6
Aaron Brooks,Chuck Hayes,Luis Scola,Shane Battier,Trevor Ariza,Brandon Roy,Greg Oden,LaMarcus Aldridge,Martell Webster,Steve Blake,1,8:43,POR,foul,,,,,,,,Trevor Ariza,,Greg Oden,,,,,,shooting,,
Aaron Brooks,Chuck Hayes,Luis Scola,Shane Battier,Trevor Ariza,Brandon Roy,Greg Oden,LaMarcus Aldridge,Martell Webster,Steve Blake,1,8:43,HOU,free throw,,,,,,,1,,2,Trevor Ariza,,,foul,missed,,,,
Aaron Brooks,Chuck Hayes,Luis Scola,Shane Battier,Trevor Ariza,Brandon Roy,Greg Oden,LaMarcus Aldridge,Martell Webster,Steve Blake,1,8:43,HOU,rebound,,,,,,,,,,,,,,,,,,
Aaron Brooks,Chuck Hayes,Luis Scola,Shane Battier,Trevor Ariza,Brandon Roy,Greg Oden,LaMarcus Aldridge,Martell Webster,Steve Blake,1,8:43,HOU,free throw,,,,,,,2,,2,Trevor Ariza,,,foul,made,,,,
Aaron Brooks,Chuck Hayes,Luis Scola,Shane Battier,Trevor Ariza,Brandon Roy,Greg Oden,LaMarcus Aldridge,Martell Webster,Steve Blake,1,8:34,POR,shot,,,,,,,,,,Steve Blake,,,,missed,,jump,10,6
Aaron Brooks,Chuck Hayes,Luis Scola,Shane Battier,Trevor Ariza,Brandon Roy,Greg Oden,LaMarcus Aldridge,Martell Webster,Steve Blake,1,8:33,HOU,rebound,,,,,,,,,,Luis Scola,,,,,,def,,
Aaron Brooks,Chuck Hayes,Luis Scola,Shane Battier,Trevor Ariza,Brandon Roy,Greg Oden,LaMarcus Aldridge,Martell Webster,Steve Blake,1,8:19,HOU,shot,,,,,,,,,,Trevor Ariza,,,,missed,,jump,11,19
Aaron Brooks,Chuck Hayes,Luis Scola,Shane Battier,Trevor Ariza,Brandon Roy,Greg Oden,LaMarcus Aldridge,Martell Webster,Steve Blake,1,8:18,POR,rebound,,,,,,,,,,Greg Oden,,,,,,def,,
Aaron Brooks,Chuck Hayes,Luis Scola,Shane Battier,Trevor Ariza,Brandon Roy,Greg Oden,LaMarcus Aldridge,Martell Webster,Steve Blake,1,8:05,POR,shot,,,,,,,,,,LaMarcus Aldridge,,,,missed,,turnaround fade away,33,14
Aaron Brooks,Chuck Hayes,Luis Scola,Shane Battier,Trevor Ariza,Brandon Roy,Greg Oden,LaMarcus Aldridge,Martell Webster,Steve Blake,1,8:02,HOU,rebound,,,,,,,,,,,,,,,,,,
Aaron Brooks,Chuck Hayes,Luis Scola,Shane Battier,Trevor Ariza,Brandon Roy,Greg Oden,LaMarcus Aldridge,Martell Webster,Steve Blake,1,7:48,HOU,shot,,,,,,,,,,Aaron Brooks,2,,,made,,running bank,31,8
Aaron Brooks,Chuck Hayes,Luis Scola,Shane Battier,Trevor Ariza,Brandon Roy,Greg Oden,LaMarcus Aldridge,Martell Webster,Steve Blake,1,7:45,POR,timeout,,,,,,,,,,,,,,,,regular,,
Aaron Brooks,Chuck Hayes,Luis Scola,Shane Battier,Trevor Ariza,Brandon Roy,Joel Przybilla,LaMarcus Aldridge,Martell Webster,Steve Blake,1,7:45,POR,sub,,,,Joel Przybilla,,Greg Oden,,,,,,,,,,,,
Aaron Brooks,Chuck Hayes,Luis Scola,Shane Battier,Trevor Ariza,Brandon Roy,Joel Przybilla,LaMarcus Aldridge,Martell Webster,Steve Blake,1,7:30,POR,turnover,,,,,,,,,,Joel Przybilla,,,bad pass,,Trevor Ariza,,,
Aaron Brooks,Chuck Hayes,Luis Scola,Shane Battier,Trevor Ariza,Brandon Roy,Joel Przybilla,LaMarcus Aldridge,Martell Webster,Steve Blake,1,7:28,HOU,shot,Aaron Brooks,,,,,,,,,Trevor Ariza,2,,,made,,dunk,25,6
Aaron Brooks,Chuck Hayes,Luis Scola,Shane Battier,Trevor Ariza,Brandon Roy,Joel Przybilla,LaMarcus Aldridge,Martell Webster,Steve Blake,1,7:02,POR,shot,,,,,,,,,,Steve Blake,,,,missed,,3pt,20,30
Aaron Brooks,Chuck Hayes,Luis Scola,Shane Battier,Trevor Ariza,Brandon Roy,Joel Przybilla,LaMarcus Aldridge,Martell Webster,Steve Blake,1,7:01,HOU,rebound,,,,,,,,,,Shane Battier,,,,,,def,,
Aaron Brooks,Chuck Hayes,Luis Scola,Shane Battier,Trevor Ariza,Brandon Roy,Joel Przybilla,LaMarcus Aldridge,Martell Webster,Steve Blake,1,6:47,HOU,shot,,,,,,,,,,Luis Scola,,,,missed,,running jump,28,8
Aaron Brooks,Chuck Hayes,Luis Scola,Shane Battier,Trevor Ariza,Brandon Roy,Joel Przybilla,LaMarcus Aldridge,Martell Webster,Steve Blake,1,6:46,POR,rebound,,,,,,,,,,LaMarcus Aldridge,,,,,,def,,
Aaron Brooks,Chuck Hayes,Luis Scola,Shane Battier,Trevor Ariza,Brandon Roy,Joel Przybilla,LaMarcus Aldridge,Martell Webster,Steve Blake,1,6:39,POR,shot,,,,,,,,,,Martell Webster,,,,missed,,3pt,48,10
Aaron Brooks,Chuck Hayes,Luis Scola,Shane Battier,Trevor Ariza,Brandon Roy,Joel Przybilla,LaMarcus Aldridge,Martell Webster,Steve Blake,1,6:38,HOU,rebound,,,,,,,,,,Luis Scola,,,,,,def,,
Aaron Brooks,Chuck Hayes,Luis Scola,Shane Battier,Trevor Ariza,Brandon Roy,Joel Przybilla,LaMarcus Aldridge,Martell Webster,Steve Blake,1,6:34,HOU,turnover,,,,,,,,,,Luis Scola,,,bad pass,,Steve Blake,,,
Aaron Brooks,Chuck Hayes,Luis Scola,Shane Battier,Trevor Ariza,Brandon Roy,Joel Przybilla,LaMarcus Aldridge,Martell Webster,Steve Blake,1,6:18,POR,shot,,,,,,,,,,LaMarcus Aldridge,2,,,made,,turnaround jump,14,8
Aaron Brooks,Chuck Hayes,Luis Scola,Shane Battier,Trevor Ariza,Brandon Roy,Joel Przybilla,LaMarcus Aldridge,Martell Webster,Steve Blake,1,5:55,HOU,shot,,,,,,,,,,Luis Scola,2,,,made,,driving hook,22,11
Aaron Brooks,Chuck Hayes,Luis Scola,Shane Battier,Trevor Ariza,Brandon Roy,Joel Przybilla,LaMarcus Aldridge,Martell Webster,Steve Blake,1,5:32,POR,shot,Brandon Roy,,,,,,,,,LaMarcus Aldridge,3,,,made,,3pt,47,6
Aaron Brooks,Chuck Hayes,Luis Scola,Shane Battier,Trevor Ariza,Brandon Roy,Joel Przybilla,LaMarcus Aldridge,Martell Webster,Steve Blake,1,5:16,HOU,shot,,,,,,,,,,Aaron Brooks,2,,,made,,pullup jump,32,16
Aaron Brooks,Chuck Hayes,Luis Scola,Shane Battier,Trevor Ariza,Brandon Roy,Joel Przybilla,LaMarcus Aldridge,Martell Webster,Steve Blake,1,5:01,POR,shot,,,,,,,,,,Brandon Roy,,,,missed,,jump,19,24
Aaron Brooks,Chuck Hayes,Luis Scola,Shane Battier,Trevor Ariza,Brandon Roy,Joel Przybilla,LaMarcus Aldridge,Martell Webster,Steve Blake,1,5:01,HOU,rebound,,,,,,,,,,Shane Battier,,,,,,def,,
Aaron Brooks,Chuck Hayes,Luis Scola,Shane Battier,Trevor Ariza,Brandon Roy,Joel Przybilla,LaMarcus Aldridge,Martell Webster,Steve Blake,1,4:47,HOU,shot,,,,,,,,,,Luis Scola,2,,,made,,jump bank hook,17,9
Aaron Brooks,Chuck Hayes,Luis Scola,Shane Battier,Trevor Ariza,Brandon Roy,Joel Przybilla,LaMarcus Aldridge,Martell Webster,Steve Blake,1,4:32,POR,shot,Steve Blake,,,,,,,,,Joel Przybilla,2,,,made,,layup,25,6
Aaron Brooks,Chuck Hayes,Luis Scola,Shane Battier,Trevor Ariza,Brandon Roy,Joel Przybilla,LaMarcus Aldridge,Martell Webster,Steve Blake,1,4:17,HOU,shot,,,,,,,,,,Trevor Ariza,2,,,made,,fade away jumper,38,8
Aaron Brooks,Chuck Hayes,Luis Scola,Shane Battier,Trevor Ariza,Brandon Roy,Joel Przybilla,LaMarcus Aldridge,Martell Webster,Steve Blake,1,3:59,POR,shot,,,,,,,,,,LaMarcus Aldridge,,,,missed,,jump,44,14
Aaron Brooks,Chuck Hayes,Luis Scola,Shane Battier,Trevor Ariza,Brandon Roy,Joel Przybilla,LaMarcus Aldridge,Martell Webster,Steve Blake,1,3:58,HOU,rebound,,,,,,,,,,Trevor Ariza,,,,,,def,,
Aaron Brooks,Chuck Hayes,Luis Scola,Shane Battier,Trevor Ariza,Brandon Roy,Joel Przybilla,LaMarcus Aldridge,Martell Webster,Steve Blake,1,3:50,HOU,shot,,,,,,,,,,Aaron Brooks,,,,missed,,3pt,23,32
Aaron Brooks,Chuck Hayes,Luis Scola,Shane Battier,Trevor Ariza,Brandon Roy,Joel Przybilla,LaMarcus Aldridge,Martell Webster,Steve Blake,1,3:49,POR,rebound,,,,,,,,,,Joel Przybilla,,,,,,def,,
Aaron Brooks,Chuck Hayes,Luis Scola,Shane Battier,Trevor Ariza,Brandon Roy,Joel Przybilla,LaMarcus Aldridge,Martell Webster,Steve Blake,1,3:23,POR,shot,,,,,,,,,,Steve Blake,,,,missed,,3pt,39,27
Aaron Brooks,Chuck Hayes,Luis Scola,Shane Battier,Trevor Ariza,Brandon Roy,Joel Przybilla,LaMarcus Aldridge,Martell Webster,Steve Blake,1,3:21,POR,rebound,,,,,,,,,,LaMarcus Aldridge,,,,,,off,,
Aaron Brooks,Chuck Hayes,Luis Scola,Shane Battier,Trevor Ariza,Brandon Roy,Joel Przybilla,LaMarcus Aldridge,Martell Webster,Steve Blake,1,3:15,HOU,foul,,,,,,,,Brandon Roy,,Shane Battier,,,,,,shooting,,
Aaron Brooks,Chuck Hayes,Luis Scola,Shane Battier,Trevor Ariza,Brandon Roy,Joel Przybilla,LaMarcus Aldridge,Martell Webster,Steve Blake,1,3:15,POR,free throw,,,,,,,1,,3,Brandon Roy,,,foul,made,,,,
Aaron Brooks,Chuck Hayes,Luis Scola,Shane Battier,Trevor Ariza,Brandon Roy,Dante Cunningham,Joel Przybilla,Martell Webster,Steve Blake,1,3:15,POR,sub,,,,Dante Cunningham,,LaMarcus Aldridge,,,,,,,,,,,,
Aaron Brooks,Chuck Hayes,Luis Scola,Shane Battier,Trevor Ariza,Andre Miller,Brandon Roy,Dante Cunningham,Joel Przybilla,Steve Blake,1,3:15,POR,sub,,,,Andre Miller,,Martell Webster,,,,,,,,,,,,
Aaron Brooks,Chuck Hayes,Luis Scola,Shane Battier,Trevor Ariza,Andre Miller,Brandon Roy,Dante Cunningham,Joel Przybilla,Steve Blake,1,3:15,POR,free throw,,,,,,,2,,3,Brandon Roy,,,foul,made,,,,
Aaron Brooks,Carl Landry,Luis Scola,Shane Battier,Trevor Ariza,Andre Miller,Brandon Roy,Dante Cunningham,Joel Przybilla,Steve Blake,1,3:15,HOU,sub,,,,Carl Landry,,Chuck Hayes,,,,,,,,,,,,
Aaron Brooks,Carl Landry,Luis Scola,Shane Battier,Trevor Ariza,Andre Miller,Brandon Roy,Dante Cunningham,Joel Przybilla,Steve Blake,1,3:15,POR,free throw,,,,,,,3,,3,Brandon Roy,,,foul,made,,,,
Aaron Brooks,Carl Landry,Luis Scola,Shane Battier,Trevor Ariza,Andre Miller,Brandon Roy,Dante Cunningham,Joel Przybilla,Steve Blake,1,2:58,HOU,shot,,,,,,,,,,Carl Landry,2,,,made,,fade away jumper,38,13
Aaron Brooks,Carl Landry,Luis Scola,Shane Battier,Trevor Ariza,Andre Miller,Brandon Roy,Dante Cunningham,Joel Przybilla,Steve Blake,1,2:36,POR,shot,,,,,,,,,,Dante Cunningham,,,,missed,,jump,41,19
Aaron Brooks,Carl Landry,Luis Scola,Shane Battier,Trevor Ariza,Andre Miller,Brandon Roy,Dante Cunningham,Joel Przybilla,Steve Blake,1,2:35,POR,rebound,,,,,,,,,,Andre Miller,,,,,,off,,
Aaron Brooks,Carl Landry,Luis Scola,Shane Battier,Trevor Ariza,Andre Miller,Brandon Roy,Dante Cunningham,Joel Przybilla,Steve Blake,1,2:28,POR,shot,Steve Blake,,,,,,,,,Brandon Roy,3,,,made,,3pt,44,21
Aaron Brooks,Carl Landry,Luis Scola,Shane Battier,Trevor Ariza,Andre Miller,Brandon Roy,Dante Cunningham,Joel Przybilla,Steve Blake,1,2:12,HOU,shot,,,,,,,,,,Trevor Ariza,,,,missed,,jump,23,9
Aaron Brooks,Carl Landry,Luis Scola,Shane Battier,Trevor Ariza,Andre Miller,Brandon Roy,Dante Cunningham,Joel Przybilla,Steve Blake,1,2:11,HOU,rebound,,,,,,,,,,Carl Landry,,,,,,off,,
Aaron Brooks,Carl Landry,Luis Scola,Shane Battier,Trevor Ariza,Andre Miller,Brandon Roy,Dante Cunningham,Joel Przybilla,Steve Blake,1,2:10,HOU,shot,,,,,,,,,,Carl Landry,2,,,made,,layup,25,6
Aaron Brooks,Carl Landry,Luis Scola,Shane Battier,Trevor Ariza,Andre Miller,Brandon Roy,Dante Cunningham,Joel Przybilla,Steve Blake,1,1:50,POR,shot,,,,,,,,,,Dante Cunningham,,,,missed,,jump,29,25
Aaron Brooks,Carl Landry,Luis Scola,Shane Battier,Trevor Ariza,Andre Miller,Brandon Roy,Dante Cunningham,Joel Przybilla,Steve Blake,1,1:49,HOU,rebound,,,,,,,,,,Carl Landry,,,,,,def,,
Aaron Brooks,Carl Landry,Luis Scola,Shane Battier,Trevor Ariza,Andre Miller,Brandon Roy,Dante Cunningham,Joel Przybilla,Steve Blake,1,1:36,HOU,shot,Aaron Brooks,,,,,,,,,Carl Landry,2,,,made,,layup,25,6
Aaron Brooks,Carl Landry,Luis Scola,Shane Battier,Trevor Ariza,Andre Miller,Brandon Roy,Dante Cunningham,Joel Przybilla,Steve Blake,1,1:09,POR,shot,Brandon Roy,,,,,,,,,Andre Miller,2,,,made,,jump,43,18
Aaron Brooks,Carl Landry,Luis Scola,Shane Battier,Trevor Ariza,Andre Miller,Brandon Roy,Dante Cunningham,Joel Przybilla,Steve Blake,1,0:44,HOU,shot,,,,,,,,,,Luis Scola,2,,,made,,driving hook,24,12
Aaron Brooks,Carl Landry,Luis Scola,Shane Battier,Trevor Ariza,Andre Miller,Brandon Roy,Dante Cunningham,Joel Przybilla,Steve Blake,1,0:36,HOU,violation,,,,,,,,,,Shane Battier,,,,,,kicked ball,,
Aaron Brooks,Carl Landry,Luis Scola,Shane Battier,Trevor Ariza,Andre Miller,Brandon Roy,Dante Cunningham,Joel Przybilla,Steve Blake,1,0:36,HOU,timeout,,,,,,,,,,,,,,,,regular,,
Aaron Brooks,Carl Landry,Kyle Lowry,Luis Scola,Trevor Ariza,Andre Miller,Brandon Roy,Dante Cunningham,Joel Przybilla,Steve Blake,1,0:36,HOU,sub,,,,Kyle Lowry,,Shane Battier,,,,,,,,,,,,
Aaron Brooks,Carl Landry,Kyle Lowry,Luis Scola,Trevor Ariza,Andre Miller,Brandon Roy,Dante Cunningham,Jerryd Bayless,Joel Przybilla,1,0:36,POR,sub,,,,Jerryd Bayless,,Steve Blake,,,,,,,,,,,,
Aaron Brooks,Carl Landry,Kyle Lowry,Luis Scola,Trevor Ariza,Andre Miller,Brandon Roy,Dante Cunningham,Jerryd Bayless,Joel Przybilla,1,0:28,POR,shot,,,,,,,,,,Brandon Roy,,,,missed,,jump,14,24
Aaron Brooks,Carl Landry,Kyle Lowry,Luis Scola,Trevor Ariza,Andre Miller,Brandon Roy,Dante Cunningham,Jerryd Bayless,Joel Przybilla,1,0:26,POR,rebound,,,,,,,,,,Dante Cunningham,,,,,,off,,
Aaron Brooks,Carl Landry,Kyle Lowry,Luis Scola,Trevor Ariza,Andre Miller,Brandon Roy,Dante Cunningham,Jerryd Bayless,Joel Przybilla,1,0:22,POR,shot,Brandon Roy,,,,,,,,,Andre Miller,2,,,made,,driving layup,25,6
Aaron Brooks,Carl Landry,Kyle Lowry,Luis Scola,Trevor Ariza,Andre Miller,Brandon Roy,Dante Cunningham,Jerryd Bayless,Joel Przybilla,1,0:03,POR,foul,,,,,,,,Aaron Brooks,,Jerryd Bayless,,,,,,personal,,
Aaron Brooks,Carl Landry,Kyle Lowry,Luis Scola,Trevor Ariza,Andre Miller,Brandon Roy,Dante Cunningham,Jerryd Bayless,Joel Przybilla,1,0:00,HOU,shot,,,,,,,,,,Luis Scola,,,,missed,,layup,27,9
Aaron Brooks,Carl Landry,Kyle Lowry,Luis Scola,Trevor Ariza,Andre Miller,Brandon Roy,Dante Cunningham,Jerryd Bayless,Joel Przybilla,1,0:00,HOU,rebound,,,,,,,,,,,,,,,,,,
Aaron Brooks,Carl Landry,Chase Budinger,David Andersen,Kyle Lowry,Andre Miller,Dante Cunningham,Jerryd Bayless,Joel Przybilla,Martell Webster,2,11:44,HOU,shot,,,,,,,,,,Carl Landry,,,,missed,,hook,27,14
Aaron Brooks,Carl Landry,Chase Budinger,David Andersen,Kyle Lowry,Andre Miller,Dante Cunningham,Jerryd Bayless,Joel Przybilla,Martell Webster,2,11:44,POR,rebound,,,,,,,,,,Joel Przybilla,,,,,,def,,
Aaron Brooks,Carl Landry,Chase Budinger,David Andersen,Kyle Lowry,Andre Miller,Dante Cunningham,Jerryd Bayless,Joel Przybilla,Martell Webster,2,11:31,POR,shot,Andre Miller,,,,,,,,,Jerryd Bayless,2,,,made,,jump,44,16
Aaron Brooks,Carl Landry,Chase Budinger,David Andersen,Kyle Lowry,Andre Miller,Dante Cunningham,Jerryd Bayless,Joel Przybilla,Martell Webster,2,11:13,HOU,turnover,,,,,,,,,,Aaron Brooks,,,bad pass,,,,,
Aaron Brooks,Carl Landry,Chase Budinger,David Andersen,Kyle Lowry,Andre Miller,Dante Cunningham,Jerryd Bayless,Joel Przybilla,Martell Webster,2,11:02,POR,turnover,,,,,,,,,,Dante Cunningham,,,traveling,,,,,
Aaron Brooks,Carl Landry,Chase Budinger,David Andersen,Kyle Lowry,Andre Miller,Dante Cunningham,Jerryd Bayless,Joel Przybilla,Martell Webster,2,10:50,HOU,shot,,,,,,,,,,Carl Landry,,,,missed,,driving layup,25,6
Aaron Brooks,Carl Landry,Chase Budinger,David Andersen,Kyle Lowry,Andre Miller,Dante Cunningham,Jerryd Bayless,Joel Przybilla,Martell Webster,2,10:49,HOU,rebound,,,,,,,,,,Chase Budinger,,,,,,off,,
Aaron Brooks,Carl Landry,Chase Budinger,David Andersen,Kyle Lowry,Andre Miller,Dante Cunningham,Jerryd Bayless,Joel Przybilla,Martell Webster,2,10:48,HOU,shot,,,,,,,,,,Chase Budinger,2,,,made,,layup,25,6
Aaron Brooks,Carl Landry,Chase Budinger,David Andersen,Kyle Lowry,Andre Miller,Dante Cunningham,Jerryd Bayless,Joel Przybilla,Martell Webster,2,10:33,POR,shot,,,,,,,,,,Jerryd Bayless,,,,missed,,jump,44,11
Aaron Brooks,Carl Landry,Chase Budinger,David Andersen,Kyle Lowry,Andre Miller,Dante Cunningham,Jerryd Bayless,Joel Przybilla,Martell Webster,2,10:31,HOU,rebound,,,,,,,,,,Carl Landry,,,,,,def,,
Aaron Brooks,Carl Landry,Chase Budinger,David Andersen,Kyle Lowry,Andre Miller,Dante Cunningham,Jerryd Bayless,Joel Przybilla,Martell Webster,2,10:20,HOU,shot,,,,,,,,,,David Andersen,,,,missed,,3pt,3,18
Aaron Brooks,Carl Landry,Chase Budinger,David Andersen,Kyle Lowry,Andre Miller,Dante Cunningham,Jerryd Bayless,Joel Przybilla,Martell Webster,2,10:19,POR,rebound,,,,,,,,,,Joel Przybilla,,,,,,def,,
Aaron Brooks,Carl Landry,Chase Budinger,David Andersen,Kyle Lowry,Andre Miller,Dante Cunningham,Jerryd Bayless,Joel Przybilla,Martell Webster,2,10:15,HOU,foul,,,,,,,,Andre Miller,,Chase Budinger,,,,,,shooting,,
Aaron Brooks,Carl Landry,Chase Budinger,David Andersen,Kyle Lowry,Andre Miller,Dante Cunningham,Jerryd Bayless,Juwan Howard,Martell Webster,2,10:15,POR,sub,,,,Juwan Howard,,Joel Przybilla,,,,,,,,,,,,
Aaron Brooks,Carl Landry,Chase Budinger,David Andersen,Kyle Lowry,Andre Miller,Jerryd Bayless,Juwan Howard,LaMarcus Aldridge,Martell Webster,2,10:15,POR,sub,,,,LaMarcus Aldridge,,Dante Cunningham,,,,,,,,,,,,
Aaron Brooks,Carl Landry,Chase Budinger,David Andersen,Kyle Lowry,Andre Miller,Jerryd Bayless,Juwan Howard,LaMarcus Aldridge,Martell Webster,2,10:15,POR,free throw,,,,,,,1,,2,Andre Miller,,,foul,made,,,,
Aaron Brooks,Carl Landry,Chase Budinger,David Andersen,Kyle Lowry,Andre Miller,Jerryd Bayless,Juwan Howard,LaMarcus Aldridge,Martell Webster,2,10:15,POR,free throw,,,,,,,2,,2,Andre Miller,,,foul,made,,,,
Aaron Brooks,Carl Landry,Chase Budinger,David Andersen,Kyle Lowry,Andre Miller,Jerryd Bayless,Juwan Howard,LaMarcus Aldridge,Martell Webster,2,10:03,POR,foul,,,,,,,,Aaron Brooks,,Andre Miller,,,,,,personal,,
Aaron Brooks,Carl Landry,Chase Budinger,David Andersen,Kyle Lowry,Andre Miller,Jerryd Bayless,Juwan Howard,LaMarcus Aldridge,Martell Webster,2,9:56,HOU,shot,Aaron Brooks,,,,,,,,,Chase Budinger,2,,,made,,jump,27,21
Aaron Brooks,Carl Landry,Chase Budinger,David Andersen,Kyle Lowry,Andre Miller,Jerryd Bayless,Juwan Howard,LaMarcus Aldridge,Martell Webster,2,9:50,HOU,foul,,,,,,,,Andre Miller,,Kyle Lowry,,,,,,personal,,
Aaron Brooks,Carl Landry,Chase Budinger,David Andersen,Kyle Lowry,Andre Miller,Jerryd Bayless,Juwan Howard,LaMarcus Aldridge,Martell Webster,2,9:31,POR,shot,,,,,,,,,,LaMarcus Aldridge,,,,missed,,turnaround jump,31,13
Aaron Brooks,Carl Landry,Chase Budinger,David Andersen,Kyle Lowry,Andre Miller,Jerryd Bayless,Juwan Howard,LaMarcus Aldridge,Martell Webster,2,9:31,HOU,rebound,,,,,,,,,,David Andersen,,,,,,def,,
Aaron Brooks,Carl Landry,Chase Budinger,David Andersen,Kyle Lowry,Andre Miller,Jerryd Bayless,Juwan Howard,LaMarcus Aldridge,Martell Webster,2,9:13,HOU,shot,,,,,,,,,,Kyle Lowry,,,,missed,,3pt,5,20
Aaron Brooks,Carl Landry,Chase Budinger,David Andersen,Kyle Lowry,Andre Miller,Jerryd Bayless,Juwan Howard,LaMarcus Aldridge,Martell Webster,2,9:13,POR,rebound,,,,,,,,,,LaMarcus Aldridge,,,,,,def,,
Aaron Brooks,Carl Landry,Chase Budinger,David Andersen,Kyle Lowry,Andre Miller,Jerryd Bayless,Juwan Howard,LaMarcus Aldridge,Martell Webster,2,9:13,HOU,foul,,,,,,,,LaMarcus Aldridge,,David Andersen,,,,,,personal,,
Aaron Brooks,Carl Landry,Chase Budinger,David Andersen,Kyle Lowry,Andre Miller,Jerryd Bayless,Juwan Howard,LaMarcus Aldridge,Martell Webster,2,8:59,POR,shot,,,Chase Budinger,,,,,,,Martell Webster,,,,missed,,jump,9,19
Aaron Brooks,Carl Landry,Chase Budinger,David Andersen,Kyle Lowry,Andre Miller,Jerryd Bayless,Juwan Howard,LaMarcus Aldridge,Martell Webster,2,8:59,HOU,rebound,,,,,,,,,,,,,,,,,,
Aaron Brooks,Carl Landry,Chase Budinger,David Andersen,Kyle Lowry,Andre Miller,Jerryd Bayless,Juwan Howard,LaMarcus Aldridge,Martell Webster,2,8:59,HOU,timeout,,,,,,,,,,,,,,,,official,,
Aaron Brooks,Carl Landry,Chase Budinger,David Andersen,Kyle Lowry,Andre Miller,Brandon Roy,Jerryd Bayless,Juwan Howard,LaMarcus Aldridge,2,8:59,POR,sub,,,,Brandon Roy,,Martell Webster,,,,,,,,,,,,
Carl Landry,Chase Budinger,David Andersen,Kyle Lowry,Shane Battier,Andre Miller,Brandon Roy,Jerryd Bayless,Juwan Howard,LaMarcus Aldridge,2,8:59,HOU,sub,,,,Shane Battier,,Aaron Brooks,,,,,,,,,,,,
Carl Landry,Chase Budinger,David Andersen,Kyle Lowry,Shane Battier,Andre Miller,Brandon Roy,Jerryd Bayless,Juwan Howard,LaMarcus Aldridge,2,8:43,HOU,shot,David Andersen,,,,,,,,,Chase Budinger,2,,,made,,jump,10,18
Carl Landry,Chase Budinger,David Andersen,Kyle Lowry,Shane Battier,Andre Miller,Brandon Roy,Jerryd Bayless,Juwan Howard,LaMarcus Aldridge,2,8:19,HOU,foul,,,,,,,,Jerryd Bayless,,David Andersen,,,,,,shooting,,
Carl Landry,Chase Budinger,David Andersen,Kyle Lowry,Shane Battier,Andre Miller,Brandon Roy,Jerryd Bayless,Juwan Howard,LaMarcus Aldridge,2,8:19,POR,free throw,,,,,,,1,,2,Jerryd Bayless,,,foul,made,,,,
Carl Landry,Chase Budinger,David Andersen,Kyle Lowry,Shane Battier,Andre Miller,Brandon Roy,Jerryd Bayless,Juwan Howard,LaMarcus Aldridge,2,8:19,POR,free throw,,,,,,,2,,2,Jerryd Bayless,,,foul,made,,,,
Carl Landry,Chase Budinger,David Andersen,Kyle Lowry,Shane Battier,Andre Miller,Brandon Roy,Jerryd Bayless,Juwan Howard,LaMarcus Aldridge,2,8:08,HOU,shot,,,,,,,,,,Shane Battier,,,,missed,,3pt,4,19
Carl Landry,Chase Budinger,David Andersen,Kyle Lowry,Shane Battier,Andre Miller,Brandon Roy,Jerryd Bayless,Juwan Howard,LaMarcus Aldridge,2,8:07,POR,rebound,,,,,,,,,,Jerryd Bayless,,,,,,def,,
Carl Landry,Chase Budinger,David Andersen,Kyle Lowry,Shane Battier,Andre Miller,Brandon Roy,Jerryd Bayless,Juwan Howard,LaMarcus Aldridge,2,7:48,POR,shot,,,,,,,,,,Jerryd Bayless,2,,,made,,jump,38,21
Carl Landry,Chase Budinger,David Andersen,Kyle Lowry,Shane Battier,Andre Miller,Brandon Roy,Jerryd Bayless,Juwan Howard,LaMarcus Aldridge,2,7:26,POR,foul,,,,,,,,Carl Landry,,Juwan Howard,,,,,,personal,,
Carl Landry,Chase Budinger,David Andersen,Kyle Lowry,Shane Battier,Andre Miller,Brandon Roy,Jerryd Bayless,Juwan Howard,LaMarcus Aldridge,2,7:15,HOU,shot,Shane Battier,,,,,,,,,David Andersen,2,,,made,,layup,25,6
Carl Landry,Chase Budinger,David Andersen,Kyle Lowry,Shane Battier,Andre Miller,Brandon Roy,Jerryd Bayless,Juwan Howard,LaMarcus Aldridge,2,6:49,POR,shot,,,,,,,,,,Jerryd Bayless,,,,missed,,3pt,48,7
Carl Landry,Chase Budinger,David Andersen,Kyle Lowry,Shane Battier,Andre Miller,Brandon Roy,Jerryd Bayless,Juwan Howard,LaMarcus Aldridge,2,6:49,HOU,rebound,,,,,,,,,,Shane Battier,,,,,,def,,
Carl Landry,Chase Budinger,David Andersen,Kyle Lowry,Shane Battier,Andre Miller,Brandon Roy,Jerryd Bayless,Juwan Howard,LaMarcus Aldridge,2,6:41,HOU,shot,Kyle Lowry,,,,,,,,,Shane Battier,3,,,made,,3pt,15,29
Carl Landry,Chase Budinger,David Andersen,Kyle Lowry,Shane Battier,Andre Miller,Brandon Roy,Jerryd Bayless,Juwan Howard,LaMarcus Aldridge,2,6:33,POR,timeout,,,,,,,,,,,,,,,,regular,,
Carl Landry,Chase Budinger,David Andersen,Kyle Lowry,Shane Battier,Andre Miller,Brandon Roy,Juwan Howard,LaMarcus Aldridge,Steve Blake,2,6:33,POR,sub,,,,Steve Blake,,Jerryd Bayless,,,,,,,,,,,,
Carl Landry,Chase Budinger,David Andersen,Kyle Lowry,Shane Battier,Andre Miller,Brandon Roy,Juwan Howard,LaMarcus Aldridge,Steve Blake,2,6:23,HOU,violation,,,,,,,,,,David Andersen,,,,,,kicked ball,,
Carl Landry,Chase Budinger,David Andersen,Kyle Lowry,Shane Battier,Andre Miller,Brandon Roy,Joel Przybilla,LaMarcus Aldridge,Steve Blake,2,6:23,POR,sub,,,,Joel Przybilla,,Juwan Howard,,,,,,,,,,,,
Carl Landry,Chase Budinger,David Andersen,Kyle Lowry,Shane Battier,Andre Miller,Brandon Roy,Joel Przybilla,LaMarcus Aldridge,Steve Blake,2,6:10,POR,shot,,,,,,,,,,Steve Blake,,,,missed,,3pt,48,6
Carl Landry,Chase Budinger,David Andersen,Kyle Lowry,Shane Battier,Andre Miller,Brandon Roy,Joel Przybilla,LaMarcus Aldridge,Steve Blake,2,6:08,HOU,rebound,,,,,,,,,,David Andersen,,,,,,def,,
Carl Landry,Chase Budinger,David Andersen,Kyle Lowry,Shane Battier,Andre Miller,Brandon Roy,Joel Przybilla,LaMarcus Aldridge,Steve Blake,2,5:50,HOU,shot,,,,,,,,,,Carl Landry,,,,missed,,step back jump,9,16
Carl Landry,Chase Budinger,David Andersen,Kyle Lowry,Shane Battier,Andre Miller,Brandon Roy,Joel Przybilla,LaMarcus Aldridge,Steve Blake,2,5:49,POR,rebound,,,,,,,,,,Andre Miller,,,,,,def,,
Carl Landry,Chase Budinger,David Andersen,Kyle Lowry,Shane Battier,Andre Miller,Brandon Roy,Joel Przybilla,LaMarcus Aldridge,Steve Blake,2,5:39,POR,shot,,,,,,,,,,Brandon Roy,2,,,made,,driving reverse layup,25,6
Carl Landry,Chase Budinger,David Andersen,Kyle Lowry,Shane Battier,Andre Miller,Brandon Roy,Joel Przybilla,LaMarcus Aldridge,Steve Blake,2,5:21,HOU,shot,,,,,,,,,,Chase Budinger,,,,missed,,3pt,6,22
Carl Landry,Chase Budinger,David Andersen,Kyle Lowry,Shane Battier,Andre Miller,Brandon Roy,Joel Przybilla,LaMarcus Aldridge,Steve Blake,2,5:20,POR,rebound,,,,,,,,,,Joel Przybilla,,,,,,def,,
Carl Landry,Chase Budinger,David Andersen,Kyle Lowry,Shane Battier,Andre Miller,Brandon Roy,Joel Przybilla,LaMarcus Aldridge,Steve Blake,2,5:16,HOU,foul,,,,,,,,LaMarcus Aldridge,,David Andersen,,,,,,personal,,
Carl Landry,Chase Budinger,David Andersen,Kyle Lowry,Shane Battier,Andre Miller,Brandon Roy,Joel Przybilla,LaMarcus Aldridge,Steve Blake,2,5:16,POR,free throw,,,,,,,1,,2,LaMarcus Aldridge,,,foul,missed,,,,
Carl Landry,Chase Budinger,David Andersen,Kyle Lowry,Shane Battier,Andre Miller,Brandon Roy,Joel Przybilla,LaMarcus Aldridge,Steve Blake,2,5:16,POR,rebound,,,,,,,,,,,,,,,,,,
Carl Landry,Chase Budinger,Chuck Hayes,Kyle Lowry,Shane Battier,Andre Miller,Brandon Roy,Joel Przybilla,LaMarcus Aldridge,Steve Blake,2,5:16,HOU,sub,,,,Chuck Hayes,,David Andersen,,,,,,,,,,,,
Carl Landry,Chase Budinger,Chuck Hayes,Kyle Lowry,Shane Battier,Andre Miller,Brandon Roy,Joel Przybilla,LaMarcus Aldridge,Steve Blake,2,5:16,POR,free throw,,,,,,,2,,2,LaMarcus Aldridge,,,foul,made,,,,
Carl Landry,Chase Budinger,Chuck Hayes,Kyle Lowry,Shane Battier,Andre Miller,Brandon Roy,Joel Przybilla,LaMarcus Aldridge,Steve Blake,2,4:57,HOU,shot,Carl Landry,,,,,,,,,Kyle Lowry,3,,,made,,3pt,14,29
Carl Landry,Chase Budinger,Chuck Hayes,Kyle Lowry,Trevor Ariza,Andre Miller,Brandon Roy,Joel Przybilla,LaMarcus Aldridge,Steve Blake,2,4:43,HOU,sub,,,,Trevor Ariza,,Shane Battier,,,,,,,,,,,,
Carl Landry,Chase Budinger,Chuck Hayes,Kyle Lowry,Trevor Ariza,Andre Miller,Brandon Roy,Joel Przybilla,LaMarcus Aldridge,Steve Blake,2,4:43,POR,jump ball,,Carl Landry,,,Brandon Roy,,,,,,,Chuck Hayes,,,,,,
Carl Landry,Chase Budinger,Chuck Hayes,Kyle Lowry,Trevor Ariza,Andre Miller,Brandon Roy,Joel Przybilla,LaMarcus Aldridge,Steve Blake,2,4:43,POR,turnover,,,,,,,,,,Brandon Roy,,,lost ball,,Carl Landry,,,
Carl Landry,Chase Budinger,Chuck Hayes,Kyle Lowry,Trevor Ariza,Andre Miller,Brandon Roy,Joel Przybilla,LaMarcus Aldridge,Steve Blake,2,4:20,HOU,shot,,,,,,,,,,Carl Landry,2,,,made,,jump,20,9
Carl Landry,Chase Budinger,Chuck Hayes,Kyle Lowry,Trevor Ariza,Andre Miller,Brandon Roy,Joel Przybilla,LaMarcus Aldridge,Steve Blake,2,4:20,POR,foul,,,,,,,,Carl Landry,,Brandon Roy,,,,,,shooting,,
Carl Landry,Chase Budinger,Chuck Hayes,Kyle Lowry,Trevor Ariza,Andre Miller,Brandon Roy,Joel Przybilla,LaMarcus Aldridge,Steve Blake,2,4:20,HOU,free throw,,,,,,,1,,1,Carl Landry,,,foul,missed,,,,
Carl Landry,Chase Budinger,Chuck Hayes,Kyle Lowry,Trevor Ariza,Andre Miller,Brandon Roy,Joel Przybilla,LaMarcus Aldridge,Steve Blake,2,4:19,POR,rebound,,,,,,,,,,Joel Przybilla,,,,,,def,,
Carl Landry,Chase Budinger,Chuck Hayes,Kyle Lowry,Trevor Ariza,Andre Miller,Brandon Roy,Joel Przybilla,LaMarcus Aldridge,Steve Blake,2,4:03,POR,turnover,,,,,,,,,,Brandon Roy,,,lost ball,,Trevor Ariza,,,
Carl Landry,Chase Budinger,Chuck Hayes,Kyle Lowry,Trevor Ariza,Andre Miller,Brandon Roy,Joel Przybilla,LaMarcus Aldridge,Steve Blake,2,4:02,POR,foul,,,,,,,,Kyle Lowry,,Steve Blake,,,,,,shooting,,
Carl Landry,Chase Budinger,Chuck Hayes,Kyle Lowry,Trevor Ariza,Andre Miller,Brandon Roy,Joel Przybilla,LaMarcus Aldridge,Steve Blake,2,4:02,HOU,free throw,,,,,,,1,,2,Kyle Lowry,,,foul,made,,,,
Carl Landry,Chase Budinger,Chuck Hayes,Kyle Lowry,Trevor Ariza,Andre Miller,Brandon Roy,Joel Przybilla,LaMarcus Aldridge,Steve Blake,2,4:02,HOU,free throw,,,,,,,2,,2,Kyle Lowry,,,foul,made,,,,
Carl Landry,Chase Budinger,Chuck Hayes,Kyle Lowry,Trevor Ariza,Andre Miller,Brandon Roy,Joel Przybilla,LaMarcus Aldridge,Steve Blake,2,3:44,POR,shot,,,,,,,,,,Andre Miller,2,,,made,,driving layup,25,6
Carl Landry,Chase Budinger,Chuck Hayes,Kyle Lowry,Trevor Ariza,Andre Miller,Brandon Roy,Joel Przybilla,LaMarcus Aldridge,Steve Blake,2,3:44,HOU,foul,,,,,,,,Andre Miller,,Carl Landry,,,,,,shooting,,
Carl Landry,Chase Budinger,Chuck Hayes,Kyle Lowry,Trevor Ariza,Andre Miller,Brandon Roy,Joel Przybilla,LaMarcus Aldridge,Steve Blake,2,3:44,POR,free throw,,,,,,,1,,1,Andre Miller,,,foul,missed,,,,
Carl Landry,Chase Budinger,Chuck Hayes,Kyle Lowry,Trevor Ariza,Andre Miller,Brandon Roy,Joel Przybilla,LaMarcus Aldridge,Steve Blake,2,3:43,HOU,rebound,,,,,,,,,,Carl Landry,,,,,,def,,
Carl Landry,Chase Budinger,Chuck Hayes,Kyle Lowry,Trevor Ariza,Andre Miller,Brandon Roy,Joel Przybilla,LaMarcus Aldridge,Steve Blake,2,3:28,HOU,shot,Chuck Hayes,,,,,,,,,Chase Budinger,3,,,made,,3pt,30,30
Carl Landry,Chase Budinger,Chuck Hayes,Kyle Lowry,Trevor Ariza,Andre Miller,Brandon Roy,Joel Przybilla,LaMarcus Aldridge,Steve Blake,2,3:17,POR,shot,,,,,,,,,,Andre Miller,,,,missed,,jump,41,6
Carl Landry,Chase Budinger,Chuck Hayes,Kyle Lowry,Trevor Ariza,Andre Miller,Brandon Roy,Joel Przybilla,LaMarcus Aldridge,Steve Blake,2,3:17,HOU,rebound,,,,,,,,,,Chuck Hayes,,,,,,def,,
Carl Landry,Chase Budinger,Chuck Hayes,Kyle Lowry,Trevor Ariza,Andre Miller,Brandon Roy,Joel Przybilla,LaMarcus Aldridge,Steve Blake,2,3:01,HOU,shot,,,,,,,,,,Carl Landry,2,,,made,,pullup jump,16,20
Carl Landry,Chase Budinger,Chuck Hayes,Kyle Lowry,Trevor Ariza,Andre Miller,Brandon Roy,Joel Przybilla,LaMarcus Aldridge,Steve Blake,2,2:54,POR,timeout,,,,,,,,,,,,,,,,short,,
Carl Landry,Chase Budinger,Chuck Hayes,Kyle Lowry,Trevor Ariza,Andre Miller,Brandon Roy,Joel Przybilla,LaMarcus Aldridge,Steve Blake,2,2:54,HOU,timeout,,,,,,,,,,,,,,,,regular,,
Carl Landry,Chase Budinger,Chuck Hayes,Kyle Lowry,Trevor Ariza,Andre Miller,Brandon Roy,Joel Przybilla,LaMarcus Aldridge,Steve Blake,2,2:35,POR,shot,,,Carl Landry,,,,,,,Andre Miller,,,,missed,,driving layup,25,6
Carl Landry,Chase Budinger,Chuck Hayes,Kyle Lowry,Trevor Ariza,Andre Miller,Brandon Roy,Joel Przybilla,LaMarcus Aldridge,Steve Blake,2,2:33,HOU,rebound,,,,,,,,,,Chuck Hayes,,,,,,def,,
Carl Landry,Chase Budinger,Chuck Hayes,Kyle Lowry,Trevor Ariza,Andre Miller,Brandon Roy,Joel Przybilla,LaMarcus Aldridge,Steve Blake,2,2:31,HOU,shot,Chuck Hayes,,,,,,,,,Kyle Lowry,2,,,made,,driving layup,25,6
Carl Landry,Chase Budinger,Chuck Hayes,Kyle Lowry,Trevor Ariza,Andre Miller,Brandon Roy,Joel Przybilla,LaMarcus Aldridge,Steve Blake,2,2:13,HOU,foul,,,,,,,,Brandon Roy,,Carl Landry,,,,,,shooting,,
Carl Landry,Chase Budinger,Chuck Hayes,Kyle Lowry,Trevor Ariza,Andre Miller,Brandon Roy,Jerryd Bayless,Joel Przybilla,LaMarcus Aldridge,2,2:13,POR,sub,,,,Jerryd Bayless,,Steve Blake,,,,,,,,,,,,
Carl Landry,Chase Budinger,Chuck Hayes,Kyle Lowry,Trevor Ariza,Andre Miller,Brandon Roy,Jerryd Bayless,Joel Przybilla,LaMarcus Aldridge,2,2:13,POR,free throw,,,,,,,1,,2,Brandon Roy,,,foul,made,,,,
Chase Budinger,Chuck Hayes,Kyle Lowry,Luis Scola,Trevor Ariza,Andre Miller,Brandon Roy,Jerryd Bayless,Joel Przybilla,LaMarcus Aldridge,2,2:13,HOU,sub,,,,Luis Scola,,Carl Landry,,,,,,,,,,,,
Chase Budinger,Chuck Hayes,Kyle Lowry,Luis Scola,Trevor Ariza,Andre Miller,Brandon Roy,Jerryd Bayless,Joel Przybilla,LaMarcus Aldridge,2,2:13,POR,free throw,,,,,,,2,,2,Brandon Roy,,,foul,made,,,,
Chase Budinger,Chuck Hayes,Kyle Lowry,Luis Scola,Trevor Ariza,Andre Miller,Brandon Roy,Jerryd Bayless,Joel Przybilla,LaMarcus Aldridge,2,1:54,HOU,shot,,,,,,,,,,Trevor Ariza,,,,missed,,jump,40,12
Chase Budinger,Chuck Hayes,Kyle Lowry,Luis Scola,Trevor Ariza,Andre Miller,Brandon Roy,Jerryd Bayless,Joel Przybilla,LaMarcus Aldridge,2,1:53,POR,rebound,,,,,,,,,,LaMarcus Aldridge,,,,,,def,,
Chase Budinger,Chuck Hayes,Kyle Lowry,Luis Scola,Trevor Ariza,Andre Miller,Brandon Roy,Jerryd Bayless,Joel Przybilla,LaMarcus Aldridge,2,1:45,POR,foul,,,,,,,,Chuck Hayes,,Andre Miller,,,,,,offensive,,
Chase Budinger,Chuck Hayes,Kyle Lowry,Luis Scola,Trevor Ariza,Andre Miller,Brandon Roy,Jerryd Bayless,Joel Przybilla,LaMarcus Aldridge,2,1:45,POR,turnover,,,,,,,,,,Andre Miller,,,foul,,,,,
Aaron Brooks,Chuck Hayes,Kyle Lowry,Luis Scola,Trevor Ariza,Andre Miller,Brandon Roy,Jerryd Bayless,Joel Przybilla,LaMarcus Aldridge,2,1:45,HOU,sub,,,,Aaron Brooks,,Chase Budinger,,,,,,,,,,,,
Aaron Brooks,Chuck Hayes,Kyle Lowry,Luis Scola,Trevor Ariza,Andre Miller,Brandon Roy,Jerryd Bayless,Joel Przybilla,LaMarcus Aldridge,2,1:24,HOU,shot,,,,,,,,,,Luis Scola,,,,missed,,hook,25,11
Aaron Brooks,Chuck Hayes,Kyle Lowry,Luis Scola,Trevor Ariza,Andre Miller,Brandon Roy,Jerryd Bayless,Joel Przybilla,LaMarcus Aldridge,2,1:23,HOU,rebound,,,,,,,,,,Chuck Hayes,,,,,,off,,
Aaron Brooks,Chuck Hayes,Kyle Lowry,Luis Scola,Trevor Ariza,Andre Miller,Brandon Roy,Jerryd Bayless,Joel Przybilla,LaMarcus Aldridge,2,1:23,HOU,shot,,,,,,,,,,Chuck Hayes,,,,missed,,tip,25,6
Aaron Brooks,Chuck Hayes,Kyle Lowry,Luis Scola,Trevor Ariza,Andre Miller,Brandon Roy,Jerryd Bayless,Joel Przybilla,LaMarcus Aldridge,2,1:22,POR,rebound,,,,,,,,,,Jerryd Bayless,,,,,,def,,
Aaron Brooks,Chuck Hayes,Kyle Lowry,Luis Scola,Trevor Ariza,Andre Miller,Brandon Roy,Jerryd Bayless,Joel Przybilla,LaMarcus Aldridge,2,1:21,HOU,foul,,,,,,,,Jerryd Bayless,,Aaron Brooks,,,,,,personal,,
Aaron Brooks,Chuck Hayes,Kyle Lowry,Luis Scola,Trevor Ariza,Andre Miller,Brandon Roy,Jerryd Bayless,Joel Przybilla,LaMarcus Aldridge,2,1:21,POR,free throw,,,,,,,1,,2,Jerryd Bayless,,,foul,made,,,,
Aaron Brooks,Chuck Hayes,Kyle Lowry,Luis Scola,Trevor Ariza,Brandon Roy,Jerryd Bayless,Joel Przybilla,LaMarcus Aldridge,Steve Blake,2,1:21,POR,sub,,,,Steve Blake,,Andre Miller,,,,,,,,,,,,
Aaron Brooks,Chuck Hayes,Kyle Lowry,Luis Scola,Trevor Ariza,Brandon Roy,Jerryd Bayless,Joel Przybilla,LaMarcus Aldridge,Steve Blake,2,1:21,POR,free throw,,,,,,,2,,2,Jerryd Bayless,,,foul,made,,,,
Aaron Brooks,Chuck Hayes,Kyle Lowry,Luis Scola,Trevor Ariza,Brandon Roy,Jerryd Bayless,Joel Przybilla,LaMarcus Aldridge,Steve Blake,2,1:03,HOU,shot,,,,,,,,,,Aaron Brooks,,,,missed,,3pt,2,8
Aaron Brooks,Chuck Hayes,Kyle Lowry,Luis Scola,Trevor Ariza,Brandon Roy,Jerryd Bayless,Joel Przybilla,LaMarcus Aldridge,Steve Blake,2,1:01,POR,rebound,,,,,,,,,,Brandon Roy,,,,,,def,,
Aaron Brooks,Chuck Hayes,Kyle Lowry,Luis Scola,Trevor Ariza,Brandon Roy,Jerryd Bayless,Joel Przybilla,LaMarcus Aldridge,Steve Blake,2,0:41,POR,shot,,,,,,,,,,Brandon Roy,,,,missed,,driving layup,25,6
Aaron Brooks,Chuck Hayes,Kyle Lowry,Luis Scola,Trevor Ariza,Brandon Roy,Jerryd Bayless,Joel Przybilla,LaMarcus Aldridge,Steve Blake,2,0:39,POR,rebound,,,,,,,,,,Joel Przybilla,,,,,,off,,
Aaron Brooks,Chuck Hayes,Kyle Lowry,Luis Scola,Trevor Ariza,Brandon Roy,Jerryd Bayless,Joel Przybilla,LaMarcus Aldridge,Steve Blake,2,0:38,POR,shot,,,,,,,,,,Joel Przybilla,2,,,made,,reverse layup,25,6
Aaron Brooks,Chuck Hayes,Kyle Lowry,Luis Scola,Trevor Ariza,Brandon Roy,Jerryd Bayless,Joel Przybilla,LaMarcus Aldridge,Steve Blake,2,0:32,HOU,shot,,,,,,,,,,Kyle Lowry,,,,missed,,jump,37,6
Aaron Brooks,Chuck Hayes,Kyle Lowry,Luis Scola,Trevor Ariza,Brandon Roy,Jerryd Bayless,Joel Przybilla,LaMarcus Aldridge,Steve Blake,2,0:31,POR,rebound,,,,,,,,,,Joel Przybilla,,,,,,def,,
Aaron Brooks,Chuck Hayes,Kyle Lowry,Luis Scola,Trevor Ariza,Brandon Roy,Jerryd Bayless,Joel Przybilla,LaMarcus Aldridge,Steve Blake,2,0:27,HOU,foul,,,,,,,,Jerryd Bayless,,Aaron Brooks,,,,,,flagrant type 1,,
Aaron Brooks,Chuck Hayes,Kyle Lowry,Luis Scola,Trevor Ariza,Brandon Roy,Jerryd Bayless,Joel Przybilla,LaMarcus Aldridge,Steve Blake,2,0:27,POR,free throw,,,,,,,1,,2,Jerryd Bayless,,,flagrant,made,,,,
Aaron Brooks,Chuck Hayes,Kyle Lowry,Luis Scola,Trevor Ariza,Brandon Roy,Jerryd Bayless,Joel Przybilla,LaMarcus Aldridge,Steve Blake,2,0:27,POR,free throw,,,,,,,2,,2,Jerryd Bayless,,,flagrant,missed,,,,
Aaron Brooks,Chuck Hayes,Kyle Lowry,Luis Scola,Trevor Ariza,Brandon Roy,Jerryd Bayless,Joel Przybilla,LaMarcus Aldridge,Steve Blake,2,0:27,POR,rebound,,,,,,,,,,,,,,,,,,
Chuck Hayes,Kyle Lowry,Luis Scola,Shane Battier,Trevor Ariza,Brandon Roy,Jerryd Bayless,Joel Przybilla,LaMarcus Aldridge,Steve Blake,2,0:27,HOU,sub,,,,Shane Battier,,Aaron Brooks,,,,,,,,,,,,
Chuck Hayes,Kyle Lowry,Luis Scola,Shane Battier,Trevor Ariza,Brandon Roy,Jerryd Bayless,Joel Przybilla,LaMarcus Aldridge,Steve Blake,2,0:08,HOU,foul,,,,,,,,Joel Przybilla,,Shane Battier,,,,,,shooting,,
Chuck Hayes,Kyle Lowry,Luis Scola,Shane Battier,Trevor Ariza,Brandon Roy,Jerryd Bayless,Joel Przybilla,LaMarcus Aldridge,Steve Blake,2,0:08,POR,free throw,,,,,,,1,,2,Joel Przybilla,,,foul,made,,,,
Aaron Brooks,Kyle Lowry,Luis Scola,Shane Battier,Trevor Ariza,Brandon Roy,Jerryd Bayless,Joel Przybilla,LaMarcus Aldridge,Steve Blake,2,0:08,HOU,sub,,,,Aaron Brooks,,Chuck Hayes,,,,,,,,,,,,
Aaron Brooks,Kyle Lowry,Luis Scola,Shane Battier,Trevor Ariza,Brandon Roy,Jerryd Bayless,Joel Przybilla,LaMarcus Aldridge,Steve Blake,2,0:08,POR,free throw,,,,,,,2,,2,Joel Przybilla,,,foul,made,,,,
Aaron Brooks,Kyle Lowry,Luis Scola,Shane Battier,Trevor Ariza,Brandon Roy,Jerryd Bayless,Joel Przybilla,LaMarcus Aldridge,Steve Blake,2,0:00,HOU,shot,,,,,,,,,,Kyle Lowry,,,,missed,,jump,36,22
Aaron Brooks,Kyle Lowry,Luis Scola,Shane Battier,Trevor Ariza,Brandon Roy,Jerryd Bayless,Joel Przybilla,LaMarcus Aldridge,Steve Blake,2,0:00,POR,rebound,,,,,,,,,,Joel Przybilla,,,,,,def,,
Aaron Brooks,Chuck Hayes,Luis Scola,Shane Battier,Trevor Ariza,Brandon Roy,Joel Przybilla,LaMarcus Aldridge,Martell Webster,Steve Blake,3,11:37,HOU,shot,Aaron Brooks,,,,,,,,,Luis Scola,2,,,made,,hook bank,17,9
Aaron Brooks,Chuck Hayes,Luis Scola,Shane Battier,Trevor Ariza,Brandon Roy,Joel Przybilla,LaMarcus Aldridge,Martell Webster,Steve Blake,3,11:14,POR,turnover,,,,,,,,,,Brandon Roy,,,traveling,,,,,
Aaron Brooks,Chuck Hayes,Luis Scola,Shane Battier,Trevor Ariza,Brandon Roy,Joel Przybilla,LaMarcus Aldridge,Martell Webster,Steve Blake,3,10:58,HOU,shot,,,,,,,,,,Luis Scola,,,,missed,,turnaround hook,18,9
Aaron Brooks,Chuck Hayes,Luis Scola,Shane Battier,Trevor Ariza,Brandon Roy,Joel Przybilla,LaMarcus Aldridge,Martell Webster,Steve Blake,3,10:56,HOU,rebound,,,,,,,,,,Chuck Hayes,,,,,,off,,
Aaron Brooks,Chuck Hayes,Luis Scola,Shane Battier,Trevor Ariza,Brandon Roy,Joel Przybilla,LaMarcus Aldridge,Martell Webster,Steve Blake,3,10:52,POR,foul,,,,,,,,Shane Battier,,Martell Webster,,,,,,personal,,
Aaron Brooks,Chuck Hayes,Luis Scola,Shane Battier,Trevor Ariza,Brandon Roy,Joel Przybilla,LaMarcus Aldridge,Martell Webster,Steve Blake,3,10:42,HOU,shot,,,,,,,,,,Aaron Brooks,2,,,made,,running jump,32,7
Aaron Brooks,Chuck Hayes,Luis Scola,Shane Battier,Trevor Ariza,Brandon Roy,Joel Przybilla,LaMarcus Aldridge,Martell Webster,Steve Blake,3,10:23,POR,shot,,,,,,,,,,Martell Webster,,,,missed,,jump,41,12
Aaron Brooks,Chuck Hayes,Luis Scola,Shane Battier,Trevor Ariza,Brandon Roy,Joel Przybilla,LaMarcus Aldridge,Martell Webster,Steve Blake,3,10:22,HOU,rebound,,,,,,,,,,Trevor Ariza,,,,,,def,,
Aaron Brooks,Chuck Hayes,Luis Scola,Shane Battier,Trevor Ariza,Brandon Roy,Joel Przybilla,LaMarcus Aldridge,Martell Webster,Steve Blake,3,10:10,HOU,shot,Trevor Ariza,,,,,,,,,Luis Scola,2,,,made,,hook,29,12
Aaron Brooks,Chuck Hayes,Luis Scola,Shane Battier,Trevor Ariza,Brandon Roy,Joel Przybilla,LaMarcus Aldridge,Martell Webster,Steve Blake,3,9:55,POR,foul,,,,,,,,Trevor Ariza,,Joel Przybilla,,,,,,offensive,,
Aaron Brooks,Chuck Hayes,Luis Scola,Shane Battier,Trevor Ariza,Brandon Roy,Joel Przybilla,LaMarcus Aldridge,Martell Webster,Steve Blake,3,9:55,POR,turnover,,,,,,,,,,Joel Przybilla,,,foul,,,,,
Aaron Brooks,Chuck Hayes,Luis Scola,Shane Battier,Trevor Ariza,Andre Miller,Brandon Roy,Joel Przybilla,LaMarcus Aldridge,Steve Blake,3,9:55,POR,sub,,,,Andre Miller,,Martell Webster,,,,,,,,,,,,
Aaron Brooks,Chuck Hayes,Luis Scola,Shane Battier,Trevor Ariza,Andre Miller,Brandon Roy,Joel Przybilla,LaMarcus Aldridge,Steve Blake,3,9:37,POR,foul,,,,,,,,Luis Scola,,LaMarcus Aldridge,,,,,,shooting,,
Aaron Brooks,Chuck Hayes,Luis Scola,Shane Battier,Trevor Ariza,Andre Miller,Brandon Roy,Joel Przybilla,LaMarcus Aldridge,Steve Blake,3,9:37,HOU,free throw,,,,,,,1,,2,Luis Scola,,,foul,made,,,,
Aaron Brooks,Chuck Hayes,Luis Scola,Shane Battier,Trevor Ariza,Andre Miller,Brandon Roy,Joel Przybilla,LaMarcus Aldridge,Steve Blake,3,9:37,HOU,free throw,,,,,,,2,,2,Luis Scola,,,foul,missed,,,,
Aaron Brooks,Chuck Hayes,Luis Scola,Shane Battier,Trevor Ariza,Andre Miller,Brandon Roy,Joel Przybilla,LaMarcus Aldridge,Steve Blake,3,9:35,POR,rebound,,,,,,,,,,Joel Przybilla,,,,,,def,,
Aaron Brooks,Chuck Hayes,Luis Scola,Shane Battier,Trevor Ariza,Andre Miller,Brandon Roy,Joel Przybilla,LaMarcus Aldridge,Steve Blake,3,9:24,HOU,foul,,,,,,,,Brandon Roy,,Chuck Hayes,,,,,,personal,,
Aaron Brooks,Chuck Hayes,Luis Scola,Shane Battier,Trevor Ariza,Andre Miller,Brandon Roy,Joel Przybilla,LaMarcus Aldridge,Steve Blake,3,9:12,POR,shot,,,,,,,,,,LaMarcus Aldridge,,,,missed,,jump,36,24
Aaron Brooks,Chuck Hayes,Luis Scola,Shane Battier,Trevor Ariza,Andre Miller,Brandon Roy,Joel Przybilla,LaMarcus Aldridge,Steve Blake,3,9:11,HOU,rebound,,,,,,,,,,Chuck Hayes,,,,,,def,,
Aaron Brooks,Chuck Hayes,Luis Scola,Shane Battier,Trevor Ariza,Andre Miller,Brandon Roy,Joel Przybilla,LaMarcus Aldridge,Steve Blake,3,8:53,HOU,shot,,,,,,,,,,Chuck Hayes,2,,,made,,driving hook,18,9
Aaron Brooks,Chuck Hayes,Luis Scola,Shane Battier,Trevor Ariza,Andre Miller,Brandon Roy,Joel Przybilla,LaMarcus Aldridge,Steve Blake,3,8:53,POR,timeout,,,,,,,,,,,,,,,,regular,,
Aaron Brooks,Chuck Hayes,Luis Scola,Shane Battier,Trevor Ariza,Andre Miller,Brandon Roy,Joel Przybilla,LaMarcus Aldridge,Steve Blake,3,8:45,HOU,foul,,,,,,,,Brandon Roy,,Trevor Ariza,,,,,,personal,,
Aaron Brooks,Chuck Hayes,Luis Scola,Shane Battier,Trevor Ariza,Andre Miller,Brandon Roy,Joel Przybilla,LaMarcus Aldridge,Steve Blake,3,8:32,POR,shot,Andre Miller,,,,,,,,,Steve Blake,3,,,made,,3pt,11,26
Aaron Brooks,Chuck Hayes,Luis Scola,Shane Battier,Trevor Ariza,Andre Miller,Brandon Roy,Joel Przybilla,LaMarcus Aldridge,Steve Blake,3,8:09,HOU,shot,,,Joel Przybilla,,,,,,,Chuck Hayes,,,,missed,,layup,25,6
Aaron Brooks,Chuck Hayes,Luis Scola,Shane Battier,Trevor Ariza,Andre Miller,Brandon Roy,Joel Przybilla,LaMarcus Aldridge,Steve Blake,3,8:05,HOU,rebound,,,,,,,,,,Chuck Hayes,,,,,,off,,
Aaron Brooks,Chuck Hayes,Luis Scola,Shane Battier,Trevor Ariza,Andre Miller,Brandon Roy,Joel Przybilla,LaMarcus Aldridge,Steve Blake,3,8:03,HOU,turnover,,,,,,,,,,,,,shot clock turnover,,,,,
Aaron Brooks,Chuck Hayes,Luis Scola,Shane Battier,Trevor Ariza,Andre Miller,Brandon Roy,Joel Przybilla,LaMarcus Aldridge,Steve Blake,3,7:43,HOU,foul,,,,,,,,Andre Miller,,Luis Scola,,,,,,shooting,,
Aaron Brooks,Chuck Hayes,Luis Scola,Shane Battier,Trevor Ariza,Andre Miller,Brandon Roy,Joel Przybilla,LaMarcus Aldridge,Steve Blake,3,7:43,POR,free throw,,,,,,,1,,2,Andre Miller,,,foul,made,,,,
Aaron Brooks,Chuck Hayes,Luis Scola,Shane Battier,Trevor Ariza,Andre Miller,Brandon Roy,Joel Przybilla,LaMarcus Aldridge,Steve Blake,3,7:43,POR,free throw,,,,,,,2,,2,Andre Miller,,,foul,made,,,,
Aaron Brooks,Chuck Hayes,Luis Scola,Shane Battier,Trevor Ariza,Andre Miller,Brandon Roy,Joel Przybilla,LaMarcus Aldridge,Steve Blake,3,7:18,HOU,turnover,,,,,,,,,,Aaron Brooks,,,bad pass,,Brandon Roy,,,
Aaron Brooks,Chuck Hayes,Luis Scola,Shane Battier,Trevor Ariza,Andre Miller,Brandon Roy,Joel Przybilla,LaMarcus Aldridge,Steve Blake,3,7:16,POR,turnover,,,,,,,,,,Steve Blake,,,bad pass,,,,,
Aaron Brooks,Chuck Hayes,Luis Scola,Shane Battier,Trevor Ariza,Andre Miller,Brandon Roy,Joel Przybilla,LaMarcus Aldridge,Steve Blake,3,7:03,HOU,shot,,,,,,,,,,Chuck Hayes,,,,missed,,driving reverse layup,25,6
Aaron Brooks,Chuck Hayes,Luis Scola,Shane Battier,Trevor Ariza,Andre Miller,Brandon Roy,Joel Przybilla,LaMarcus Aldridge,Steve Blake,3,7:02,POR,rebound,,,,,,,,,,Joel Przybilla,,,,,,def,,
Aaron Brooks,Chuck Hayes,Luis Scola,Shane Battier,Trevor Ariza,Andre Miller,Brandon Roy,Joel Przybilla,LaMarcus Aldridge,Steve Blake,3,6:38,POR,shot,Steve Blake,,,,,,,,,Andre Miller,2,,,made,,pullup jump,8,7
Aaron Brooks,Chuck Hayes,Luis Scola,Shane Battier,Trevor Ariza,Andre Miller,Brandon Roy,Joel Przybilla,LaMarcus Aldridge,Steve Blake,3,6:19,HOU,shot,,,,,,,,,,Luis Scola,2,,,made,,turnaround hook,32,18
Aaron Brooks,Chuck Hayes,Luis Scola,Shane Battier,Trevor Ariza,Andre Miller,Brandon Roy,Joel Przybilla,LaMarcus Aldridge,Steve Blake,3,5:50,POR,shot,,,,,,,,,,LaMarcus Aldridge,,,,missed,,jump,35,24
Aaron Brooks,Chuck Hayes,Luis Scola,Shane Battier,Trevor Ariza,Andre Miller,Brandon Roy,Joel Przybilla,LaMarcus Aldridge,Steve Blake,3,5:49,HOU,rebound,,,,,,,,,,Shane Battier,,,,,,def,,
Aaron Brooks,Chuck Hayes,Luis Scola,Shane Battier,Trevor Ariza,Andre Miller,Brandon Roy,Joel Przybilla,LaMarcus Aldridge,Steve Blake,3,5:35,HOU,shot,,,,,,,,,,Trevor Ariza,,,,missed,,jump,36,20
Aaron Brooks,Chuck Hayes,Luis Scola,Shane Battier,Trevor Ariza,Andre Miller,Brandon Roy,Joel Przybilla,LaMarcus Aldridge,Steve Blake,3,5:35,POR,rebound,,,,,,,,,,LaMarcus Aldridge,,,,,,def,,
Aaron Brooks,Chuck Hayes,Luis Scola,Shane Battier,Trevor Ariza,Andre Miller,Brandon Roy,Joel Przybilla,LaMarcus Aldridge,Steve Blake,3,5:25,HOU,foul,,,,,,,,Brandon Roy,,Trevor Ariza,,,,,,shooting,,
Aaron Brooks,Chuck Hayes,Luis Scola,Shane Battier,Trevor Ariza,Andre Miller,Brandon Roy,Joel Przybilla,LaMarcus Aldridge,Steve Blake,3,5:25,POR,free throw,,,,,,,1,,2,Brandon Roy,,,foul,made,,,,
Aaron Brooks,Chuck Hayes,Luis Scola,Shane Battier,Trevor Ariza,Andre Miller,Brandon Roy,Joel Przybilla,LaMarcus Aldridge,Steve Blake,3,5:25,POR,free throw,,,,,,,2,,2,Brandon Roy,,,foul,made,,,,
Aaron Brooks,Chuck Hayes,Luis Scola,Shane Battier,Trevor Ariza,Andre Miller,Brandon Roy,Joel Przybilla,LaMarcus Aldridge,Steve Blake,3,5:12,HOU,shot,,,,,,,,,,Trevor Ariza,,,,missed,,3pt,45,19
Aaron Brooks,Chuck Hayes,Luis Scola,Shane Battier,Trevor Ariza,Andre Miller,Brandon Roy,Joel Przybilla,LaMarcus Aldridge,Steve Blake,3,5:10,POR,rebound,,,,,,,,,,Brandon Roy,,,,,,def,,
Aaron Brooks,Chuck Hayes,Luis Scola,Shane Battier,Trevor Ariza,Andre Miller,Brandon Roy,Joel Przybilla,LaMarcus Aldridge,Steve Blake,3,4:56,POR,shot,,,,,,,,,,Andre Miller,2,,,made,,pullup jump,11,19
Aaron Brooks,Chuck Hayes,Luis Scola,Shane Battier,Trevor Ariza,Andre Miller,Brandon Roy,Joel Przybilla,LaMarcus Aldridge,Steve Blake,3,4:39,HOU,shot,,,,,,,,,,Trevor Ariza,,,,missed,,jump,21,19
Aaron Brooks,Chuck Hayes,Luis Scola,Shane Battier,Trevor Ariza,Andre Miller,Brandon Roy,Joel Przybilla,LaMarcus Aldridge,Steve Blake,3,4:39,POR,rebound,,,,,,,,,,,,,,,,,,
Aaron Brooks,Chuck Hayes,Luis Scola,Shane Battier,Trevor Ariza,Andre Miller,Brandon Roy,Joel Przybilla,LaMarcus Aldridge,Steve Blake,3,4:39,HOU,foul,,,,,,,,Andre Miller,,Luis Scola,,,,,,loose ball,,
Aaron Brooks,Chuck Hayes,Luis Scola,Shane Battier,Trevor Ariza,Andre Miller,Brandon Roy,Joel Przybilla,LaMarcus Aldridge,Steve Blake,3,4:39,POR,free throw,,,,,,,1,,2,Andre Miller,,,foul,missed,,,,
Aaron Brooks,Chuck Hayes,Luis Scola,Shane Battier,Trevor Ariza,Andre Miller,Brandon Roy,Joel Przybilla,LaMarcus Aldridge,Steve Blake,3,4:39,POR,rebound,,,,,,,,,,,,,,,,,,
Aaron Brooks,Carl Landry,Luis Scola,Shane Battier,Trevor Ariza,Andre Miller,Brandon Roy,Joel Przybilla,LaMarcus Aldridge,Steve Blake,3,4:39,HOU,sub,,,,Carl Landry,,Chuck Hayes,,,,,,,,,,,,
Aaron Brooks,Carl Landry,Luis Scola,Shane Battier,Trevor Ariza,Andre Miller,Brandon Roy,Joel Przybilla,LaMarcus Aldridge,Steve Blake,3,4:39,POR,free throw,,,,,,,2,,2,Andre Miller,,,foul,made,,,,
Aaron Brooks,Carl Landry,Luis Scola,Shane Battier,Trevor Ariza,Andre Miller,Brandon Roy,Joel Przybilla,LaMarcus Aldridge,Steve Blake,3,4:28,HOU,shot,,,,,,,,,,Aaron Brooks,,,,missed,,jump,27,27
Aaron Brooks,Carl Landry,Luis Scola,Shane Battier,Trevor Ariza,Andre Miller,Brandon Roy,Joel Przybilla,LaMarcus Aldridge,Steve Blake,3,4:28,POR,rebound,,,,,,,,,,Joel Przybilla,,,,,,def,,
Aaron Brooks,Carl Landry,Luis Scola,Shane Battier,Trevor Ariza,Andre Miller,Brandon Roy,Joel Przybilla,LaMarcus Aldridge,Steve Blake,3,4:21,POR,shot,,,,,,,,,,Steve Blake,,,,missed,,3pt,48,6
Aaron Brooks,Carl Landry,Luis Scola,Shane Battier,Trevor Ariza,Andre Miller,Brandon Roy,Joel Przybilla,LaMarcus Aldridge,Steve Blake,3,4:19,HOU,rebound,,,,,,,,,,Trevor Ariza,,,,,,def,,
Aaron Brooks,Carl Landry,Luis Scola,Shane Battier,Trevor Ariza,Andre Miller,Brandon Roy,Joel Przybilla,LaMarcus Aldridge,Steve Blake,3,3:58,HOU,shot,,,,,,,,,,Luis Scola,2,,,made,,driving finger roll layup,25,6
Aaron Brooks,Carl Landry,Luis Scola,Shane Battier,Trevor Ariza,Andre Miller,Brandon Roy,Joel Przybilla,LaMarcus Aldridge,Steve Blake,3,3:34,POR,shot,LaMarcus Aldridge,,,,,,,,,Andre Miller,3,,,made,,3pt,14,28
Aaron Brooks,Carl Landry,Luis Scola,Shane Battier,Trevor Ariza,Andre Miller,Brandon Roy,Joel Przybilla,LaMarcus Aldridge,Steve Blake,3,3:16,HOU,shot,,,,,,,,,,Luis Scola,,,,missed,,jump,8,7
Aaron Brooks,Carl Landry,Luis Scola,Shane Battier,Trevor Ariza,Andre Miller,Brandon Roy,Joel Przybilla,LaMarcus Aldridge,Steve Blake,3,3:16,HOU,rebound,,,,,,,,,,,,,,,,,,
Aaron Brooks,Carl Landry,Luis Scola,Shane Battier,Trevor Ariza,Andre Miller,Brandon Roy,Joel Przybilla,LaMarcus Aldridge,Steve Blake,3,3:16,POR,foul,,,,,,,,Carl Landry,,Andre Miller,,,,,,loose ball,,
Aaron Brooks,Carl Landry,Luis Scola,Shane Battier,Trevor Ariza,Andre Miller,Brandon Roy,Joel Przybilla,Juwan Howard,Steve Blake,3,3:16,POR,sub,,,,Juwan Howard,,LaMarcus Aldridge,,,,,,,,,,,,
Aaron Brooks,Carl Landry,Luis Scola,Shane Battier,Trevor Ariza,Andre Miller,Brandon Roy,Jerryd Bayless,Joel Przybilla,Juwan Howard,3,3:16,POR,sub,,,,Jerryd Bayless,,Steve Blake,,,,,,,,,,,,
Aaron Brooks,Carl Landry,Luis Scola,Shane Battier,Trevor Ariza,Andre Miller,Brandon Roy,Jerryd Bayless,Joel Przybilla,Juwan Howard,3,3:05,HOU,shot,,,,,,,,,,Trevor Ariza,,,,missed,,3pt,47,8
Aaron Brooks,Carl Landry,Luis Scola,Shane Battier,Trevor Ariza,Andre Miller,Brandon Roy,Jerryd Bayless,Joel Przybilla,Juwan Howard,3,3:04,POR,rebound,,,,,,,,,,Joel Przybilla,,,,,,def,,
Aaron Brooks,Carl Landry,Luis Scola,Shane Battier,Trevor Ariza,Andre Miller,Brandon Roy,Jerryd Bayless,Joel Przybilla,Juwan Howard,3,2:45,POR,shot,,,,,,,,,,Juwan Howard,,,,missed,,jump,25,25
Aaron Brooks,Carl Landry,Luis Scola,Shane Battier,Trevor Ariza,Andre Miller,Brandon Roy,Jerryd Bayless,Joel Przybilla,Juwan Howard,3,2:44,HOU,rebound,,,,,,,,,,Trevor Ariza,,,,,,def,,
Aaron Brooks,Carl Landry,Luis Scola,Shane Battier,Trevor Ariza,Andre Miller,Brandon Roy,Jerryd Bayless,Joel Przybilla,Juwan Howard,3,2:31,POR,foul,,,,,,,,Shane Battier,,Jerryd Bayless,,,,,,personal,,
Aaron Brooks,Carl Landry,Luis Scola,Shane Battier,Trevor Ariza,Andre Miller,Brandon Roy,Jerryd Bayless,Joel Przybilla,Juwan Howard,3,2:31,HOU,timeout,,,,,,,,,,,,,,,,regular,,
Aaron Brooks,Carl Landry,Luis Scola,Shane Battier,Trevor Ariza,Andre Miller,Brandon Roy,Jerryd Bayless,Joel Przybilla,Juwan Howard,3,2:20,HOU,shot,Carl Landry,,,,,,,,,Shane Battier,2,,,made,,reverse layup,25,6
Aaron Brooks,Carl Landry,Luis Scola,Shane Battier,Trevor Ariza,Andre Miller,Brandon Roy,Jerryd Bayless,Joel Przybilla,Juwan Howard,3,1:59,POR,shot,,,,,,,,,,Andre Miller,2,,,made,,driving layup,25,6
Aaron Brooks,Carl Landry,Luis Scola,Shane Battier,Trevor Ariza,Andre Miller,Brandon Roy,Jerryd Bayless,Joel Przybilla,Juwan Howard,3,1:43,HOU,shot,,,,,,,,,,Shane Battier,,,,missed,,3pt,4,18
Aaron Brooks,Carl Landry,Luis Scola,Shane Battier,Trevor Ariza,Andre Miller,Brandon Roy,Jerryd Bayless,Joel Przybilla,Juwan Howard,3,1:42,POR,rebound,,,,,,,,,,Andre Miller,,,,,,def,,
Aaron Brooks,Carl Landry,Luis Scola,Shane Battier,Trevor Ariza,Andre Miller,Brandon Roy,Jerryd Bayless,Joel Przybilla,Juwan Howard,3,1:25,POR,shot,,,,,,,,,,Brandon Roy,,,,missed,,jump,45,6
Aaron Brooks,Carl Landry,Luis Scola,Shane Battier,Trevor Ariza,Andre Miller,Brandon Roy,Jerryd Bayless,Joel Przybilla,Juwan Howard,3,1:25,HOU,rebound,,,,,,,,,,,,,,,,,,
Aaron Brooks,Carl Landry,Luis Scola,Shane Battier,Trevor Ariza,Andre Miller,Brandon Roy,Jerryd Bayless,Joel Przybilla,Juwan Howard,3,1:25,POR,foul,,,,,,,,Luis Scola,,Juwan Howard,,,,,,loose ball,,
Aaron Brooks,Carl Landry,Kyle Lowry,Luis Scola,Trevor Ariza,Andre Miller,Brandon Roy,Jerryd Bayless,Joel Przybilla,Juwan Howard,3,1:25,HOU,sub,,,,Kyle Lowry,,Shane Battier,,,,,,,,,,,,
Carl Landry,Chase Budinger,Kyle Lowry,Luis Scola,Trevor Ariza,Andre Miller,Brandon Roy,Jerryd Bayless,Joel Przybilla,Juwan Howard,3,1:25,HOU,sub,,,,Chase Budinger,,Aaron Brooks,,,,,,,,,,,,
Carl Landry,Chase Budinger,Kyle Lowry,Luis Scola,Trevor Ariza,Andre Miller,Brandon Roy,Jerryd Bayless,Joel Przybilla,Juwan Howard,3,1:25,HOU,free throw,,,,,,,1,,2,Luis Scola,,,foul,made,,,,
Carl Landry,Chase Budinger,Kyle Lowry,Luis Scola,Trevor Ariza,Andre Miller,Brandon Roy,Jerryd Bayless,Joel Przybilla,Juwan Howard,3,1:25,HOU,free throw,,,,,,,2,,2,Luis Scola,,,foul,made,,,,
Carl Landry,Chase Budinger,Kyle Lowry,Luis Scola,Trevor Ariza,Andre Miller,Brandon Roy,Jerryd Bayless,Joel Przybilla,Juwan Howard,3,1:07,POR,shot,,,,,,,,,,Andre Miller,,,,missed,,layup,25,6
Carl Landry,Chase Budinger,Kyle Lowry,Luis Scola,Trevor Ariza,Andre Miller,Brandon Roy,Jerryd Bayless,Joel Przybilla,Juwan Howard,3,1:06,POR,rebound,,,,,,,,,,Brandon Roy,,,,,,off,,
Carl Landry,Chase Budinger,Kyle Lowry,Luis Scola,Trevor Ariza,Andre Miller,Brandon Roy,Jerryd Bayless,Joel Przybilla,Juwan Howard,3,1:05,POR,shot,,,,,,,,,,Brandon Roy,2,,,made,,layup,25,6
Carl Landry,Chase Budinger,Kyle Lowry,Luis Scola,Trevor Ariza,Andre Miller,Brandon Roy,Jerryd Bayless,Joel Przybilla,Juwan Howard,3,0:57,POR,foul,,,,,,,,Kyle Lowry,,Jerryd Bayless,,,,,,personal,,
Carl Landry,Chase Budinger,Kyle Lowry,Luis Scola,Trevor Ariza,Andre Miller,Brandon Roy,Jerryd Bayless,Joel Przybilla,Juwan Howard,3,0:57,HOU,free throw,,,,,,,1,,2,Kyle Lowry,,,foul,made,,,,
Carl Landry,Chase Budinger,Kyle Lowry,Luis Scola,Trevor Ariza,Andre Miller,Brandon Roy,Jerryd Bayless,Joel Przybilla,Juwan Howard,3,0:57,HOU,free throw,,,,,,,2,,2,Kyle Lowry,,,foul,made,,,,
Carl Landry,Chase Budinger,Kyle Lowry,Luis Scola,Trevor Ariza,Andre Miller,Brandon Roy,Jerryd Bayless,Joel Przybilla,Juwan Howard,3,0:39,POR,shot,,,,,,,,,,Andre Miller,2,,,made,,pullup jump,42,17
Carl Landry,Chase Budinger,Kyle Lowry,Luis Scola,Trevor Ariza,Andre Miller,Brandon Roy,Jerryd Bayless,Joel Przybilla,Juwan Howard,3,0:27,HOU,shot,,,,,,,,,,Luis Scola,2,,,made,,turnaround bank hook,18,10
Carl Landry,Chase Budinger,Kyle Lowry,Luis Scola,Trevor Ariza,Andre Miller,Brandon Roy,Jerryd Bayless,Joel Przybilla,Juwan Howard,3,0:04,POR,shot,,,,,,,,,,Andre Miller,2,,,made,,pullup jump,10,19
Carl Landry,Chase Budinger,Kyle Lowry,Luis Scola,Trevor Ariza,Andre Miller,Brandon Roy,Jerryd Bayless,Joel Przybilla,Juwan Howard,3,0:01,HOU,foul,,,,,,,,Jerryd Bayless,,Kyle Lowry,,,,,,offensive,,
Carl Landry,Chase Budinger,Kyle Lowry,Luis Scola,Trevor Ariza,Andre Miller,Brandon Roy,Jerryd Bayless,Joel Przybilla,Juwan Howard,3,0:01,HOU,turnover,,,,,,,,,,Kyle Lowry,,,foul,,,,,
Carl Landry,Chase Budinger,Kyle Lowry,Luis Scola,Trevor Ariza,Andre Miller,Brandon Roy,Jerryd Bayless,Joel Przybilla,Juwan Howard,3,0:00,POR,shot,,,,,,,,,,Brandon Roy,,,,missed,,3pt,10,31
Carl Landry,Chase Budinger,Kyle Lowry,Luis Scola,Trevor Ariza,Andre Miller,Brandon Roy,Jerryd Bayless,Joel Przybilla,Juwan Howard,3,0:00,POR,rebound,,,,,,,,,,,,,,,,,,
Carl Landry,Chase Budinger,Kyle Lowry,Luis Scola,Trevor Ariza,Andre Miller,Jerryd Bayless,Juwan Howard,LaMarcus Aldridge,Martell Webster,4,11:36,POR,shot,,,,,,,,,,Andre Miller,,,,missed,,jump,28,25
Carl Landry,Chase Budinger,Kyle Lowry,Luis Scola,Trevor Ariza,Andre Miller,Jerryd Bayless,Juwan Howard,LaMarcus Aldridge,Martell Webster,4,11:36,HOU,rebound,,,,,,,,,,Luis Scola,,,,,,def,,
Carl Landry,Chase Budinger,Kyle Lowry,Luis Scola,Trevor Ariza,Andre Miller,Jerryd Bayless,Juwan Howard,LaMarcus Aldridge,Martell Webster,4,11:20,HOU,shot,,,Juwan Howard,,,,,,,Chase Budinger,,,,missed,,driving layup,25,6
Carl Landry,Chase Budinger,Kyle Lowry,Luis Scola,Trevor Ariza,Andre Miller,Jerryd Bayless,Juwan Howard,LaMarcus Aldridge,Martell Webster,4,11:18,POR,rebound,,,,,,,,,,Martell Webster,,,,,,def,,
Carl Landry,Chase Budinger,Kyle Lowry,Luis Scola,Trevor Ariza,Andre Miller,Jerryd Bayless,Juwan Howard,LaMarcus Aldridge,Martell Webster,4,11:04,POR,shot,,,,,,,,,,Jerryd Bayless,2,,,made,,pullup jump,13,17
Carl Landry,Chase Budinger,Kyle Lowry,Luis Scola,Trevor Ariza,Andre Miller,Jerryd Bayless,Juwan Howard,LaMarcus Aldridge,Martell Webster,4,10:49,HOU,turnover,,,,,,,,,,Carl Landry,,,bad pass,,,,,
Carl Landry,Chase Budinger,Kyle Lowry,Luis Scola,Trevor Ariza,Andre Miller,Jerryd Bayless,Juwan Howard,LaMarcus Aldridge,Martell Webster,4,10:27,POR,shot,,,,,,,,,,LaMarcus Aldridge,,,,missed,,turnaround hook,15,7
Carl Landry,Chase Budinger,Kyle Lowry,Luis Scola,Trevor Ariza,Andre Miller,Jerryd Bayless,Juwan Howard,LaMarcus Aldridge,Martell Webster,4,10:26,HOU,rebound,,,,,,,,,,Kyle Lowry,,,,,,def,,
Carl Landry,Chase Budinger,Kyle Lowry,Luis Scola,Trevor Ariza,Andre Miller,Jerryd Bayless,Juwan Howard,LaMarcus Aldridge,Martell Webster,4,10:20,HOU,shot,,,,,,,,,,Chase Budinger,,,,missed,,3pt,46,18
Carl Landry,Chase Budinger,Kyle Lowry,Luis Scola,Trevor Ariza,Andre Miller,Jerryd Bayless,Juwan Howard,LaMarcus Aldridge,Martell Webster,4,10:18,POR,rebound,,,,,,,,,,LaMarcus Aldridge,,,,,,def,,
Carl Landry,Chase Budinger,Kyle Lowry,Luis Scola,Trevor Ariza,Andre Miller,Jerryd Bayless,Juwan Howard,LaMarcus Aldridge,Martell Webster,4,10:02,HOU,foul,,,,,,,,Martell Webster,,Kyle Lowry,,,,,,personal,,
Carl Landry,Chase Budinger,Kyle Lowry,Luis Scola,Trevor Ariza,Andre Miller,Jerryd Bayless,Juwan Howard,LaMarcus Aldridge,Martell Webster,4,9:56,POR,shot,,,,,,,,,,Martell Webster,,,,missed,,driving layup,25,6
Carl Landry,Chase Budinger,Kyle Lowry,Luis Scola,Trevor Ariza,Andre Miller,Jerryd Bayless,Juwan Howard,LaMarcus Aldridge,Martell Webster,4,9:56,HOU,rebound,,,,,,,,,,,,,,,,,,
Carl Landry,Chase Budinger,Kyle Lowry,Luis Scola,Trevor Ariza,Andre Miller,Jerryd Bayless,Juwan Howard,LaMarcus Aldridge,Martell Webster,4,9:56,POR,foul,,,,,,,,Luis Scola,,LaMarcus Aldridge,,,,,,loose ball,,
Carl Landry,Chase Budinger,Kyle Lowry,Luis Scola,Trevor Ariza,Andre Miller,Jerryd Bayless,Juwan Howard,LaMarcus Aldridge,Martell Webster,4,9:41,HOU,shot,,,,,,,,,,Carl Landry,,,,missed,,layup,25,6
Carl Landry,Chase Budinger,Kyle Lowry,Luis Scola,Trevor Ariza,Andre Miller,Jerryd Bayless,Juwan Howard,LaMarcus Aldridge,Martell Webster,4,9:39,POR,rebound,,,,,,,,,,LaMarcus Aldridge,,,,,,def,,
Carl Landry,Chase Budinger,Kyle Lowry,Luis Scola,Trevor Ariza,Andre Miller,Jerryd Bayless,Juwan Howard,LaMarcus Aldridge,Martell Webster,4,9:29,POR,shot,,,,,,,,,,Juwan Howard,2,,,made,,turnaround hook,32,12
Carl Landry,Chase Budinger,Kyle Lowry,Luis Scola,Trevor Ariza,Andre Miller,Jerryd Bayless,Juwan Howard,LaMarcus Aldridge,Martell Webster,4,9:09,HOU,shot,Chase Budinger,,,,,,,,,Carl Landry,2,,,made,,dunk,25,6
Carl Landry,Chase Budinger,Kyle Lowry,Luis Scola,Trevor Ariza,Andre Miller,Jerryd Bayless,Juwan Howard,LaMarcus Aldridge,Martell Webster,4,8:52,HOU,foul,,,,,,,,LaMarcus Aldridge,,Luis Scola,,,,,,personal,,
Carl Landry,Chase Budinger,Kyle Lowry,Luis Scola,Trevor Ariza,Andre Miller,Jerryd Bayless,Juwan Howard,LaMarcus Aldridge,Martell Webster,4,8:52,POR,timeout,,,,,,,,,,,,,,,,official,,
Carl Landry,Chase Budinger,Kyle Lowry,Luis Scola,Shane Battier,Andre Miller,Jerryd Bayless,Juwan Howard,LaMarcus Aldridge,Martell Webster,4,8:52,HOU,sub,,,,Shane Battier,,Trevor Ariza,,,,,,,,,,,,
Carl Landry,Chase Budinger,Kyle Lowry,Luis Scola,Shane Battier,Andre Miller,Brandon Roy,Jerryd Bayless,Juwan Howard,LaMarcus Aldridge,4,8:52,POR,sub,,,,Brandon Roy,,Martell Webster,,,,,,,,,,,,
Carl Landry,Chase Budinger,Kyle Lowry,Luis Scola,Shane Battier,Andre Miller,Brandon Roy,Jerryd Bayless,Juwan Howard,LaMarcus Aldridge,4,8:44,POR,shot,,,,,,,,,,Jerryd Bayless,2,,,made,,pullup jump,19,25
Carl Landry,Chase Budinger,Kyle Lowry,Luis Scola,Shane Battier,Andre Miller,Brandon Roy,Jerryd Bayless,Juwan Howard,LaMarcus Aldridge,4,8:18,HOU,shot,Luis Scola,,,,,,,,,Chase Budinger,3,,,made,,3pt,24,30
Carl Landry,Chase Budinger,Kyle Lowry,Luis Scola,Shane Battier,Andre Miller,Brandon Roy,Jerryd Bayless,Juwan Howard,LaMarcus Aldridge,4,8:07,HOU,foul,,,,,,,,Jerryd Bayless,,Kyle Lowry,,,,,,personal,,
Carl Landry,Chase Budinger,Kyle Lowry,Luis Scola,Shane Battier,Andre Miller,Brandon Roy,Jerryd Bayless,Juwan Howard,LaMarcus Aldridge,4,7:53,POR,foul,,,,,,,,Kyle Lowry,,Jerryd Bayless,,,,,,offensive,,
Carl Landry,Chase Budinger,Kyle Lowry,Luis Scola,Shane Battier,Andre Miller,Brandon Roy,Jerryd Bayless,Juwan Howard,LaMarcus Aldridge,4,7:53,POR,turnover,,,,,,,,,,Jerryd Bayless,,,foul,,,,,
Carl Landry,Chase Budinger,Kyle Lowry,Luis Scola,Shane Battier,Andre Miller,Brandon Roy,Jerryd Bayless,Juwan Howard,LaMarcus Aldridge,4,7:39,HOU,shot,,,,,,,,,,Chase Budinger,,,,missed,,jump,32,8
Carl Landry,Chase Budinger,Kyle Lowry,Luis Scola,Shane Battier,Andre Miller,Brandon Roy,Jerryd Bayless,Juwan Howard,LaMarcus Aldridge,4,7:38,HOU,rebound,,,,,,,,,,Kyle Lowry,,,,,,off,,
Carl Landry,Chase Budinger,Kyle Lowry,Luis Scola,Shane Battier,Andre Miller,Brandon Roy,Jerryd Bayless,Juwan Howard,LaMarcus Aldridge,4,7:35,HOU,shot,,,,,,,,,,Chase Budinger,,,,missed,,3pt,48,6
Carl Landry,Chase Budinger,Kyle Lowry,Luis Scola,Shane Battier,Andre Miller,Brandon Roy,Jerryd Bayless,Juwan Howard,LaMarcus Aldridge,4,7:34,HOU,rebound,,,,,,,,,,Carl Landry,,,,,,off,,
Carl Landry,Chase Budinger,Kyle Lowry,Luis Scola,Shane Battier,Andre Miller,Brandon Roy,Jerryd Bayless,Juwan Howard,LaMarcus Aldridge,4,7:33,POR,foul,,,,,,,,Carl Landry,,Juwan Howard,,,,,,shooting,,
Carl Landry,Chase Budinger,Kyle Lowry,Luis Scola,Shane Battier,Andre Miller,Brandon Roy,Jerryd Bayless,Juwan Howard,LaMarcus Aldridge,4,7:33,HOU,free throw,,,,,,,1,,2,Carl Landry,,,foul,missed,,,,
Carl Landry,Chase Budinger,Kyle Lowry,Luis Scola,Shane Battier,Andre Miller,Brandon Roy,Jerryd Bayless,Juwan Howard,LaMarcus Aldridge,4,7:33,HOU,rebound,,,,,,,,,,,,,,,,,,
Carl Landry,Chase Budinger,Kyle Lowry,Luis Scola,Shane Battier,Andre Miller,Brandon Roy,Jerryd Bayless,Joel Przybilla,LaMarcus Aldridge,4,7:33,POR,sub,,,,Joel Przybilla,,Juwan Howard,,,,,,,,,,,,
Carl Landry,Chase Budinger,Kyle Lowry,Luis Scola,Shane Battier,Andre Miller,Brandon Roy,Jerryd Bayless,Joel Przybilla,LaMarcus Aldridge,4,7:33,HOU,free throw,,,,,,,2,,2,Carl Landry,,,foul,made,,,,
Carl Landry,Chase Budinger,Kyle Lowry,Luis Scola,Shane Battier,Andre Miller,Brandon Roy,Jerryd Bayless,Joel Przybilla,LaMarcus Aldridge,4,7:12,POR,shot,LaMarcus Aldridge,,,,,,,,,Brandon Roy,2,,,made,,layup,25,6
Carl Landry,Chase Budinger,Kyle Lowry,Luis Scola,Shane Battier,Andre Miller,Brandon Roy,Jerryd Bayless,Joel Przybilla,LaMarcus Aldridge,4,6:58,POR,foul,,,,,,,,Luis Scola,,Joel Przybilla,,,,,,personal,,
Carl Landry,Chase Budinger,Kyle Lowry,Luis Scola,Shane Battier,Andre Miller,Brandon Roy,Jerryd Bayless,Joel Przybilla,LaMarcus Aldridge,4,6:47,HOU,shot,,,,,,,,,,Carl Landry,2,,,made,,driving layup,25,6
Carl Landry,Chase Budinger,Kyle Lowry,Luis Scola,Shane Battier,Andre Miller,Brandon Roy,Jerryd Bayless,Joel Przybilla,LaMarcus Aldridge,4,6:34,POR,foul,,,,,,,,Kyle Lowry,,Joel Przybilla,,,,,,offensive,,
Carl Landry,Chase Budinger,Kyle Lowry,Luis Scola,Shane Battier,Andre Miller,Brandon Roy,Jerryd Bayless,Joel Przybilla,LaMarcus Aldridge,4,6:34,POR,turnover,,,,,,,,,,Joel Przybilla,,,foul,,,,,
Carl Landry,Chase Budinger,Kyle Lowry,Luis Scola,Shane Battier,Andre Miller,Brandon Roy,Jerryd Bayless,Joel Przybilla,LaMarcus Aldridge,4,6:24,HOU,turnover,,,,,,,,,,Shane Battier,,,bad pass,,,,,
Carl Landry,Chase Budinger,Kyle Lowry,Luis Scola,Shane Battier,Andre Miller,Brandon Roy,Jerryd Bayless,Joel Przybilla,LaMarcus Aldridge,4,6:24,POR,timeout,,,,,,,,,,,,,,,,regular,,
Carl Landry,Chase Budinger,Kyle Lowry,Luis Scola,Shane Battier,Andre Miller,Brandon Roy,Jerryd Bayless,Joel Przybilla,LaMarcus Aldridge,4,6:02,POR,shot,Andre Miller,,,,,,,,,LaMarcus Aldridge,2,,,made,,jump,12,21
Carl Landry,Chase Budinger,Kyle Lowry,Luis Scola,Shane Battier,Andre Miller,Brandon Roy,Jerryd Bayless,Joel Przybilla,LaMarcus Aldridge,4,5:38,POR,foul,,,,,,,,Kyle Lowry,,Brandon Roy,,,,,,shooting,,
Carl Landry,Chase Budinger,Kyle Lowry,Luis Scola,Shane Battier,Andre Miller,Brandon Roy,Jerryd Bayless,Joel Przybilla,LaMarcus Aldridge,4,5:38,HOU,free throw,,,,,,,1,,2,Kyle Lowry,,,foul,missed,,,,
Carl Landry,Chase Budinger,Kyle Lowry,Luis Scola,Shane Battier,Andre Miller,Brandon Roy,Jerryd Bayless,Joel Przybilla,LaMarcus Aldridge,4,5:38,HOU,rebound,,,,,,,,,,,,,,,,,,
Carl Landry,Chase Budinger,Kyle Lowry,Luis Scola,Shane Battier,Andre Miller,Brandon Roy,Jerryd Bayless,Joel Przybilla,LaMarcus Aldridge,4,5:38,HOU,free throw,,,,,,,2,,2,Kyle Lowry,,,foul,missed,,,,
Carl Landry,Chase Budinger,Kyle Lowry,Luis Scola,Shane Battier,Andre Miller,Brandon Roy,Jerryd Bayless,Joel Przybilla,LaMarcus Aldridge,4,5:37,POR,rebound,,,,,,,,,,LaMarcus Aldridge,,,,,,def,,
Carl Landry,Chase Budinger,Kyle Lowry,Luis Scola,Shane Battier,Andre Miller,Brandon Roy,Jerryd Bayless,Joel Przybilla,LaMarcus Aldridge,4,5:12,POR,shot,,,,,,,,,,Andre Miller,,,,missed,,jump bank,39,9
Carl Landry,Chase Budinger,Kyle Lowry,Luis Scola,Shane Battier,Andre Miller,Brandon Roy,Jerryd Bayless,Joel Przybilla,LaMarcus Aldridge,4,5:11,HOU,rebound,,,,,,,,,,Chase Budinger,,,,,,def,,
Carl Landry,Chase Budinger,Kyle Lowry,Luis Scola,Shane Battier,Andre Miller,Brandon Roy,Jerryd Bayless,Joel Przybilla,LaMarcus Aldridge,4,5:02,POR,foul,,,,,,,,Carl Landry,,Joel Przybilla,,,,,,personal,,
Carl Landry,Chase Budinger,Kyle Lowry,Luis Scola,Shane Battier,Andre Miller,Brandon Roy,Jerryd Bayless,Joel Przybilla,LaMarcus Aldridge,4,5:02,HOU,free throw,,,,,,,1,,2,Carl Landry,,,foul,made,,,,
Carl Landry,Chase Budinger,Kyle Lowry,Luis Scola,Shane Battier,Andre Miller,Brandon Roy,Jerryd Bayless,Joel Przybilla,LaMarcus Aldridge,4,5:02,HOU,free throw,,,,,,,2,,2,Carl Landry,,,foul,made,,,,
Carl Landry,Chase Budinger,Kyle Lowry,Luis Scola,Shane Battier,Andre Miller,Brandon Roy,Jerryd Bayless,Joel Przybilla,LaMarcus Aldridge,4,4:44,POR,shot,,,,,,,,,,LaMarcus Aldridge,2,,,made,,pullup jump,40,12
Carl Landry,Chase Budinger,Kyle Lowry,Luis Scola,Shane Battier,Andre Miller,Brandon Roy,Jerryd Bayless,Joel Przybilla,LaMarcus Aldridge,4,4:27,HOU,shot,,,,,,,,,,Luis Scola,,,,missed,,hook,35,7
Carl Landry,Chase Budinger,Kyle Lowry,Luis Scola,Shane Battier,Andre Miller,Brandon Roy,Jerryd Bayless,Joel Przybilla,LaMarcus Aldridge,4,4:26,POR,rebound,,,,,,,,,,LaMarcus Aldridge,,,,,,def,,
Carl Landry,Chase Budinger,Kyle Lowry,Luis Scola,Shane Battier,Andre Miller,Brandon Roy,Jerryd Bayless,Joel Przybilla,LaMarcus Aldridge,4,4:11,POR,shot,,,,,,,,,,LaMarcus Aldridge,,,,missed,,jump,14,21
Carl Landry,Chase Budinger,Kyle Lowry,Luis Scola,Shane Battier,Andre Miller,Brandon Roy,Jerryd Bayless,Joel Przybilla,LaMarcus Aldridge,4,4:11,HOU,rebound,,,,,,,,,,,,,,,,,,
Aaron Brooks,Carl Landry,Chase Budinger,Luis Scola,Shane Battier,Andre Miller,Brandon Roy,Jerryd Bayless,Joel Przybilla,LaMarcus Aldridge,4,4:11,HOU,sub,,,,Aaron Brooks,,Kyle Lowry,,,,,,,,,,,,
Aaron Brooks,Carl Landry,Luis Scola,Shane Battier,Trevor Ariza,Andre Miller,Brandon Roy,Jerryd Bayless,Joel Przybilla,LaMarcus Aldridge,4,4:11,HOU,sub,,,,Trevor Ariza,,Chase Budinger,,,,,,,,,,,,
Aaron Brooks,Carl Landry,Luis Scola,Shane Battier,Trevor Ariza,Andre Miller,Brandon Roy,Jerryd Bayless,Joel Przybilla,LaMarcus Aldridge,4,3:56,HOU,shot,Luis Scola,,,,,,,,,Trevor Ariza,2,,,made,,driving layup,25,6
Aaron Brooks,Carl Landry,Luis Scola,Shane Battier,Trevor Ariza,Andre Miller,Brandon Roy,Jerryd Bayless,Joel Przybilla,LaMarcus Aldridge,4,3:40,POR,shot,,,,,,,,,,Brandon Roy,2,,,made,,running jump,23,12
Aaron Brooks,Carl Landry,Luis Scola,Shane Battier,Trevor Ariza,Andre Miller,Brandon Roy,Jerryd Bayless,Joel Przybilla,LaMarcus Aldridge,4,3:23,HOU,shot,,,,,,,,,,Aaron Brooks,,,,missed,,3pt,46,17
Aaron Brooks,Carl Landry,Luis Scola,Shane Battier,Trevor Ariza,Andre Miller,Brandon Roy,Jerryd Bayless,Joel Przybilla,LaMarcus Aldridge,4,3:22,POR,rebound,,,,,,,,,,LaMarcus Aldridge,,,,,,def,,
Aaron Brooks,Carl Landry,Luis Scola,Shane Battier,Trevor Ariza,Andre Miller,Brandon Roy,Jerryd Bayless,Joel Przybilla,LaMarcus Aldridge,4,3:07,POR,shot,,,,,,,,,,LaMarcus Aldridge,,,,missed,,jump,8,6
Aaron Brooks,Carl Landry,Luis Scola,Shane Battier,Trevor Ariza,Andre Miller,Brandon Roy,Jerryd Bayless,Joel Przybilla,LaMarcus Aldridge,4,3:06,HOU,rebound,,,,,,,,,,Luis Scola,,,,,,def,,
Aaron Brooks,Carl Landry,Luis Scola,Shane Battier,Trevor Ariza,Andre Miller,Brandon Roy,Jerryd Bayless,Joel Przybilla,LaMarcus Aldridge,4,2:52,HOU,foul,,,,,,,,Joel Przybilla,,Carl Landry,,,,,,offensive,,
Aaron Brooks,Carl Landry,Luis Scola,Shane Battier,Trevor Ariza,Andre Miller,Brandon Roy,Jerryd Bayless,Joel Przybilla,LaMarcus Aldridge,4,2:52,HOU,turnover,,,,,,,,,,Carl Landry,,,foul,,,,,
Aaron Brooks,Carl Landry,Luis Scola,Shane Battier,Trevor Ariza,Andre Miller,Brandon Roy,Jerryd Bayless,Joel Przybilla,LaMarcus Aldridge,4,2:52,HOU,timeout,,,,,,,,,,,,,,,,regular,,
Aaron Brooks,Carl Landry,Luis Scola,Shane Battier,Trevor Ariza,Andre Miller,Brandon Roy,Joel Przybilla,LaMarcus Aldridge,Steve Blake,4,2:52,POR,sub,,,,Steve Blake,,Jerryd Bayless,,,,,,,,,,,,
Aaron Brooks,Carl Landry,Luis Scola,Shane Battier,Trevor Ariza,Andre Miller,Brandon Roy,Joel Przybilla,LaMarcus Aldridge,Steve Blake,4,2:41,HOU,foul,,,,,,,,Brandon Roy,,Carl Landry,,,,,,shooting,,
Aaron Brooks,Carl Landry,Luis Scola,Shane Battier,Trevor Ariza,Andre Miller,Brandon Roy,Joel Przybilla,LaMarcus Aldridge,Steve Blake,4,2:41,POR,free throw,,,,,,,1,,2,Brandon Roy,,,foul,made,,,,
Aaron Brooks,Carl Landry,Luis Scola,Shane Battier,Trevor Ariza,Andre Miller,Brandon Roy,Joel Przybilla,LaMarcus Aldridge,Steve Blake,4,2:41,POR,free throw,,,,,,,2,,2,Brandon Roy,,,foul,made,,,,
Aaron Brooks,Carl Landry,Luis Scola,Shane Battier,Trevor Ariza,Andre Miller,Brandon Roy,Joel Przybilla,LaMarcus Aldridge,Steve Blake,4,2:21,HOU,turnover,,,,,,,,,,Aaron Brooks,,,bad pass,,Brandon Roy,,,
Aaron Brooks,Carl Landry,Luis Scola,Shane Battier,Trevor Ariza,Andre Miller,Brandon Roy,Joel Przybilla,LaMarcus Aldridge,Steve Blake,4,2:16,POR,foul,,,,,,,,Shane Battier,,Brandon Roy,,,,,,offensive,,
Aaron Brooks,Carl Landry,Luis Scola,Shane Battier,Trevor Ariza,Andre Miller,Brandon Roy,Joel Przybilla,LaMarcus Aldridge,Steve Blake,4,2:16,POR,turnover,,,,,,,,,,Brandon Roy,,,foul,,,,,
Aaron Brooks,Carl Landry,Luis Scola,Shane Battier,Trevor Ariza,Andre Miller,Brandon Roy,Joel Przybilla,LaMarcus Aldridge,Steve Blake,4,1:56,HOU,shot,,,,,,,,,,Carl Landry,,,,missed,,layup,25,6
Aaron Brooks,Carl Landry,Luis Scola,Shane Battier,Trevor Ariza,Andre Miller,Brandon Roy,Joel Przybilla,LaMarcus Aldridge,Steve Blake,4,1:55,HOU,rebound,,,,,,,,,,Carl Landry,,,,,,off,,
Aaron Brooks,Carl Landry,Luis Scola,Shane Battier,Trevor Ariza,Andre Miller,Brandon Roy,Joel Przybilla,LaMarcus Aldridge,Steve Blake,4,1:54,POR,foul,,,,,,,,Carl Landry,,LaMarcus Aldridge,,,,,,shooting,,
Aaron Brooks,Carl Landry,Luis Scola,Shane Battier,Trevor Ariza,Andre Miller,Brandon Roy,Joel Przybilla,LaMarcus Aldridge,Steve Blake,4,1:54,HOU,free throw,,,,,,,1,,2,Carl Landry,,,foul,made,,,,
Aaron Brooks,Carl Landry,Luis Scola,Shane Battier,Trevor Ariza,Andre Miller,Brandon Roy,Joel Przybilla,LaMarcus Aldridge,Steve Blake,4,1:54,HOU,free throw,,,,,,,2,,2,Carl Landry,,,foul,made,,,,
Aaron Brooks,Carl Landry,Luis Scola,Shane Battier,Trevor Ariza,Andre Miller,Brandon Roy,Joel Przybilla,LaMarcus Aldridge,Steve Blake,4,1:29,POR,shot,,,,,,,,,,Brandon Roy,,,,missed,,jump,6,12
Aaron Brooks,Carl Landry,Luis Scola,Shane Battier,Trevor Ariza,Andre Miller,Brandon Roy,Joel Przybilla,LaMarcus Aldridge,Steve Blake,4,1:28,HOU,rebound,,,,,,,,,,Carl Landry,,,,,,def,,
Aaron Brooks,Carl Landry,Luis Scola,Shane Battier,Trevor Ariza,Andre Miller,Brandon Roy,Joel Przybilla,LaMarcus Aldridge,Steve Blake,4,1:09,HOU,shot,,,,,,,,,,Carl Landry,,,,missed,,running jump,26,11
Aaron Brooks,Carl Landry,Luis Scola,Shane Battier,Trevor Ariza,Andre Miller,Brandon Roy,Joel Przybilla,LaMarcus Aldridge,Steve Blake,4,1:08,HOU,rebound,,,,,,,,,,Carl Landry,,,,,,off,,
Aaron Brooks,Carl Landry,Luis Scola,Shane Battier,Trevor Ariza,Andre Miller,Brandon Roy,Joel Przybilla,LaMarcus Aldridge,Steve Blake,4,1:08,POR,foul,,,,,,,,Carl Landry,,Joel Przybilla,,,,,,shooting,,
Aaron Brooks,Carl Landry,Luis Scola,Shane Battier,Trevor Ariza,Andre Miller,Brandon Roy,Joel Przybilla,LaMarcus Aldridge,Steve Blake,4,1:08,HOU,timeout,,,,,,,,,,,,,,,,regular,,
Aaron Brooks,Carl Landry,Luis Scola,Shane Battier,Trevor Ariza,Andre Miller,Brandon Roy,Joel Przybilla,LaMarcus Aldridge,Steve Blake,4,1:08,HOU,free throw,,,,,,,1,,2,Carl Landry,,,foul,made,,,,
Aaron Brooks,Carl Landry,Luis Scola,Shane Battier,Trevor Ariza,Andre Miller,Brandon Roy,Joel Przybilla,LaMarcus Aldridge,Steve Blake,4,1:08,HOU,free throw,,,,,,,2,,2,Carl Landry,,,foul,made,,,,
Aaron Brooks,Carl Landry,Luis Scola,Shane Battier,Trevor Ariza,Andre Miller,Brandon Roy,Joel Przybilla,LaMarcus Aldridge,Steve Blake,4,0:53,POR,shot,,,,,,,,,,Brandon Roy,2,,,made,,driving layup,25,6
Aaron Brooks,Carl Landry,Luis Scola,Shane Battier,Trevor Ariza,Andre Miller,Brandon Roy,Joel Przybilla,LaMarcus Aldridge,Steve Blake,4,0:39,HOU,shot,,,,,,,,,,Trevor Ariza,,,,missed,,jump,5,9
Aaron Brooks,Carl Landry,Luis Scola,Shane Battier,Trevor Ariza,Andre Miller,Brandon Roy,Joel Przybilla,LaMarcus Aldridge,Steve Blake,4,0:37,HOU,rebound,,,,,,,,,,Carl Landry,,,,,,off,,
Aaron Brooks,Carl Landry,Luis Scola,Shane Battier,Trevor Ariza,Andre Miller,Brandon Roy,Joel Przybilla,LaMarcus Aldridge,Steve Blake,4,0:37,POR,foul,,,,,,,,Carl Landry,,Brandon Roy,,,,,,shooting,,
Aaron Brooks,Carl Landry,Luis Scola,Shane Battier,Trevor Ariza,Andre Miller,Brandon Roy,Joel Przybilla,LaMarcus Aldridge,Steve Blake,4,0:37,HOU,free throw,,,,,,,1,,2,Carl Landry,,,foul,made,,,,
Aaron Brooks,Carl Landry,Luis Scola,Shane Battier,Trevor Ariza,Andre Miller,Brandon Roy,Joel Przybilla,LaMarcus Aldridge,Steve Blake,4,0:37,HOU,free throw,,,,,,,2,,2,Carl Landry,,,foul,made,,,,
Aaron Brooks,Carl Landry,Luis Scola,Shane Battier,Trevor Ariza,Andre Miller,Brandon Roy,Joel Przybilla,LaMarcus Aldridge,Steve Blake,4,0:37,POR,timeout,,,,,,,,,,,,,,,,regular,,
Aaron Brooks,Carl Landry,Luis Scola,Shane Battier,Trevor Ariza,Andre Miller,Brandon Roy,Jerryd Bayless,LaMarcus Aldridge,Steve Blake,4,0:37,POR,sub,,,,Jerryd Bayless,,Joel Przybilla,,,,,,,,,,,,
Aaron Brooks,Carl Landry,Kyle Lowry,Shane Battier,Trevor Ariza,Andre Miller,Brandon Roy,Jerryd Bayless,LaMarcus Aldridge,Steve Blake,4,0:37,HOU,sub,,,,Kyle Lowry,,Luis Scola,,,,,,,,,,,,
Aaron Brooks,Carl Landry,Kyle Lowry,Shane Battier,Trevor Ariza,Andre Miller,Brandon Roy,Jerryd Bayless,LaMarcus Aldridge,Steve Blake,4,0:29,POR,shot,,,,,,,,,,Brandon Roy,2,,,made,,turnaround fade away,27,17
Aaron Brooks,Carl Landry,Kyle Lowry,Shane Battier,Trevor Ariza,Andre Miller,Brandon Roy,Jerryd Bayless,LaMarcus Aldridge,Steve Blake,4,0:29,HOU,timeout,,,,,,,,,,,,,,,,short,,
Aaron Brooks,Carl Landry,Luis Scola,Shane Battier,Trevor Ariza,Andre Miller,Brandon Roy,Jerryd Bayless,LaMarcus Aldridge,Steve Blake,4,0:29,HOU,sub,,,,Luis Scola,,Kyle Lowry,,,,,,,,,,,,
Aaron Brooks,Carl Landry,Luis Scola,Shane Battier,Trevor Ariza,Andre Miller,Brandon Roy,Joel Przybilla,LaMarcus Aldridge,Steve Blake,4,0:29,POR,sub,,,,Joel Przybilla,,Jerryd Bayless,,,,,,,,,,,,
Aaron Brooks,Carl Landry,Luis Scola,Shane Battier,Trevor Ariza,Andre Miller,Brandon Roy,Joel Przybilla,LaMarcus Aldridge,Steve Blake,4,0:09,HOU,shot,Aaron Brooks,,,,,,,,,Luis Scola,2,,,made,,jump,20,25
Aaron Brooks,Carl Landry,Luis Scola,Shane Battier,Trevor Ariza,Andre Miller,Brandon Roy,Joel Przybilla,LaMarcus Aldridge,Steve Blake,4,0:09,POR,timeout,,,,,,,,,,,,,,,,short,,
Aaron Brooks,Carl Landry,Luis Scola,Shane Battier,Trevor Ariza,Andre Miller,Brandon Roy,Jerryd Bayless,LaMarcus Aldridge,Steve Blake,4,0:09,POR,sub,,,,Jerryd Bayless,,Joel Przybilla,,,,,,,,,,,,
Aaron Brooks,Carl Landry,Kyle Lowry,Shane Battier,Trevor Ariza,Andre Miller,Brandon Roy,Jerryd Bayless,LaMarcus Aldridge,Steve Blake,4,0:09,HOU,sub,,,,Kyle Lowry,,Luis Scola,,,,,,,,,,,,
Aaron Brooks,Chuck Hayes,Kyle Lowry,Shane Battier,Trevor Ariza,Andre Miller,Brandon Roy,Jerryd Bayless,LaMarcus Aldridge,Steve Blake,4,0:09,HOU,sub,,,,Chuck Hayes,,Carl Landry,,,,,,,,,,,,
Aaron Brooks,Chuck Hayes,Kyle Lowry,Shane Battier,Trevor Ariza,Andre Miller,Brandon Roy,Jerryd Bayless,LaMarcus Aldridge,Steve Blake,4,0:03,POR,shot,,,,,,,,,,Brandon Roy,2,,,made,,driving layup,25,6
Aaron Brooks,Chuck Hayes,Kyle Lowry,Shane Battier,Trevor Ariza,Andre Miller,Brandon Roy,Jerryd Bayless,LaMarcus Aldridge,Steve Blake,4,0:03,HOU,timeout,,,,,,,,,,,,,,,,short,,
Aaron Brooks,Chuck Hayes,Luis Scola,Shane Battier,Trevor Ariza,Andre Miller,Brandon Roy,Jerryd Bayless,LaMarcus Aldridge,Steve Blake,4,0:03,HOU,sub,,,,Luis Scola,,Kyle Lowry,,,,,,,,,,,,
Aaron Brooks,Carl Landry,Luis Scola,Shane Battier,Trevor Ariza,Andre Miller,Brandon Roy,Jerryd Bayless,LaMarcus Aldridge,Steve Blake,4,0:03,HOU,sub,,,,Carl Landry,,Chuck Hayes,,,,,,,,,,,,
Aaron Brooks,Carl Landry,Luis Scola,Shane Battier,Trevor Ariza,Andre Miller,Brandon Roy,Joel Przybilla,LaMarcus Aldridge,Steve Blake,4,0:03,POR,sub,,,,Joel Przybilla,,Jerryd Bayless,,,,,,,,,,,,
Aaron Brooks,Carl Landry,Luis Scola,Shane Battier,Trevor Ariza,Andre Miller,Brandon Roy,Joel Przybilla,LaMarcus Aldridge,Steve Blake,4,0:00,HOU,shot,,,,,,,,,,Aaron Brooks,,,,missed,,layup,25,6
Aaron Brooks,Carl Landry,Luis Scola,Shane Battier,Trevor Ariza,Andre Miller,Brandon Roy,Joel Przybilla,LaMarcus Aldridge,Steve Blake,4,0:00,HOU,rebound,,,,,,,,,,,,,,,,,,
