a1,a2,a3,a4,a5,h1,h2,h3,h4,h5,period,time,team,etype,assist,away,block,entered,home,left,num,opponent,outof,player,points,possession,reason,result,steal,type,x,y
Aaron Brooks,Chuck Hayes,Luis Scola,Shane Battier,Trevor Ariza,Al Horford,Joe Johnson,Josh Smith,Marvin Williams,Mike Bibby,1,12:00,OFF,jump ball,,Luis Scola,,,Josh Smith,,,,,,,Al Horford,,,,,,
Aaron Brooks,Chuck Hayes,Luis Scola,Shane Battier,Trevor Ariza,Al Horford,Joe Johnson,Josh Smith,Marvin Williams,Mike Bibby,1,11:54,ATL,shot,Joe Johnson,,,,,,,,,Josh Smith,2,,,made,,alley oop dunk,25,6
Aaron Brooks,Chuck Hayes,Luis Scola,Shane Battier,Trevor Ariza,Al Horford,Joe Johnson,Josh Smith,Marvin Williams,Mike Bibby,1,11:33,HOU,shot,,,,,,,,,,Shane Battier,,,,missed,,3pt,6,24
Aaron Brooks,Chuck Hayes,Luis Scola,Shane Battier,Trevor Ariza,Al Horford,Joe Johnson,Josh Smith,Marvin Williams,Mike Bibby,1,11:32,HOU,rebound,,,,,,,,,,Aaron Brooks,,,,,,off,,
Aaron Brooks,Chuck Hayes,Luis Scola,Shane Battier,Trevor Ariza,Al Horford,Joe Johnson,Josh Smith,Marvin Williams,Mike Bibby,1,11:24,HOU,shot,,,,,,,,,,Luis Scola,,,,missed,,jump,40,18
Aaron Brooks,Chuck Hayes,Luis Scola,Shane Battier,Trevor Ariza,Al Horford,Joe Johnson,Josh Smith,Marvin Williams,Mike Bibby,1,11:22,HOU,rebound,,,,,,,,,,Chuck Hayes,,,,,,off,,
Aaron Brooks,Chuck Hayes,Luis Scola,Shane Battier,Trevor Ariza,Al Horford,Joe Johnson,Josh Smith,Marvin Williams,Mike Bibby,1,11:20,HOU,shot,,,,,,,,,,Chuck Hayes,2,,,made,,putback layup,25,6
Aaron Brooks,Chuck Hayes,Luis Scola,Shane Battier,Trevor Ariza,Al Horford,Joe Johnson,Josh Smith,Marvin Williams,Mike Bibby,1,11:03,ATL,shot,,,,,,,,,,Joe Johnson,,,,missed,,jump,31,23
Aaron Brooks,Chuck Hayes,Luis Scola,Shane Battier,Trevor Ariza,Al Horford,Joe Johnson,Josh Smith,Marvin Williams,Mike Bibby,1,11:00,HOU,rebound,,,,,,,,,,Trevor Ariza,,,,,,def,,
Aaron Brooks,Chuck Hayes,Luis Scola,Shane Battier,Trevor Ariza,Al Horford,Joe Johnson,Josh Smith,Marvin Williams,Mike Bibby,1,10:52,HOU,shot,Trevor Ariza,,,,,,,,,Luis Scola,2,,,made,,layup,27,6
Aaron Brooks,Chuck Hayes,Luis Scola,Shane Battier,Trevor Ariza,Al Horford,Joe Johnson,Josh Smith,Marvin Williams,Mike Bibby,1,10:37,ATL,shot,Joe Johnson,,,,,,,,,Mike Bibby,2,,,made,,jump,29,24
Aaron Brooks,Chuck Hayes,Luis Scola,Shane Battier,Trevor Ariza,Al Horford,Joe Johnson,Josh Smith,Marvin Williams,Mike Bibby,1,10:21,ATL,foul,,,,,,,,Chuck Hayes,,Joe Johnson,,,,,,personal,,
Aaron Brooks,Chuck Hayes,Luis Scola,Shane Battier,Trevor Ariza,Al Horford,Joe Johnson,Josh Smith,Marvin Williams,Mike Bibby,1,10:10,HOU,shot,,,,,,,,,,Trevor Ariza,,,,missed,,running jump,28,10
Aaron Brooks,Chuck Hayes,Luis Scola,Shane Battier,Trevor Ariza,Al Horford,Joe Johnson,Josh Smith,Marvin Williams,Mike Bibby,1,10:09,HOU,rebound,,,,,,,,,,Chuck Hayes,,,,,,off,,
Aaron Brooks,Chuck Hayes,Luis Scola,Shane Battier,Trevor Ariza,Al Horford,Joe Johnson,Josh Smith,Marvin Williams,Mike Bibby,1,10:07,HOU,shot,,,,,,,,,,Chuck Hayes,2,,,made,,putback layup,25,6
Aaron Brooks,Chuck Hayes,Luis Scola,Shane Battier,Trevor Ariza,Al Horford,Joe Johnson,Josh Smith,Marvin Williams,Mike Bibby,1,9:53,ATL,shot,Josh Smith,,,,,,,,,Marvin Williams,2,,,made,,dunk,25,6
Aaron Brooks,Chuck Hayes,Luis Scola,Shane Battier,Trevor Ariza,Al Horford,Joe Johnson,Josh Smith,Marvin Williams,Mike Bibby,1,9:41,HOU,shot,,,,,,,,,,Aaron Brooks,,,,missed,,3pt,3,19
Aaron Brooks,Chuck Hayes,Luis Scola,Shane Battier,Trevor Ariza,Al Horford,Joe Johnson,Josh Smith,Marvin Williams,Mike Bibby,1,9:39,ATL,rebound,,,,,,,,,,Mike Bibby,,,,,,def,,
Aaron Brooks,Chuck Hayes,Luis Scola,Shane Battier,Trevor Ariza,Al Horford,Joe Johnson,Josh Smith,Marvin Williams,Mike Bibby,1,9:36,ATL,turnover,,,,,,,,,,Mike Bibby,,,bad pass,,Shane Battier,,,
Aaron Brooks,Chuck Hayes,Luis Scola,Shane Battier,Trevor Ariza,Al Horford,Joe Johnson,Josh Smith,Marvin Williams,Mike Bibby,1,9:33,ATL,foul,,,,,,,,Luis Scola,,Al Horford,,,,,,personal,,
Aaron Brooks,Chuck Hayes,Luis Scola,Shane Battier,Trevor Ariza,Al Horford,Joe Johnson,Josh Smith,Marvin Williams,Mike Bibby,1,9:33,HOU,free throw,,,,,,,1,,2,Luis Scola,,,foul,missed,,,,
Aaron Brooks,Chuck Hayes,Luis Scola,Shane Battier,Trevor Ariza,Al Horford,Joe Johnson,Josh Smith,Marvin Williams,Mike Bibby,1,9:33,HOU,rebound,,,,,,,,,,,,,,,,,,
Aaron Brooks,Chuck Hayes,Luis Scola,Shane Battier,Trevor Ariza,Al Horford,Joe Johnson,Josh Smith,Marvin Williams,Mike Bibby,1,9:33,HOU,free throw,,,,,,,2,,2,Luis Scola,,,foul,made,,,,
Aaron Brooks,Chuck Hayes,Luis Scola,Shane Battier,Trevor Ariza,Al Horford,Joe Johnson,Josh Smith,Marvin Williams,Mike Bibby,1,9:19,ATL,turnover,,,,,,,,,,Joe Johnson,,,bad pass,,Trevor Ariza,,,
Aaron Brooks,Chuck Hayes,Luis Scola,Shane Battier,Trevor Ariza,Al Horford,Joe Johnson,Josh Smith,Marvin Williams,Mike Bibby,1,9:16,HOU,shot,,,,,,,,,,Trevor Ariza,2,,,made,,dunk,25,6
Aaron Brooks,Chuck Hayes,Luis Scola,Shane Battier,Trevor Ariza,Al Horford,Joe Johnson,Josh Smith,Marvin Williams,Mike Bibby,1,8:52,ATL,shot,,,,,,,,,,Joe Johnson,,,,missed,,driving layup,23,6
Aaron Brooks,Chuck Hayes,Luis Scola,Shane Battier,Trevor Ariza,Al Horford,Joe Johnson,Josh Smith,Marvin Williams,Mike Bibby,1,8:51,HOU,rebound,,,,,,,,,,Luis Scola,,,,,,def,,
Aaron Brooks,Chuck Hayes,Luis Scola,Shane Battier,Trevor Ariza,Al Horford,Joe Johnson,Josh Smith,Marvin Williams,Mike Bibby,1,8:46,HOU,shot,,,,,,,,,,Trevor Ariza,,,,missed,,3pt,46,20
Aaron Brooks,Chuck Hayes,Luis Scola,Shane Battier,Trevor Ariza,Al Horford,Joe Johnson,Josh Smith,Marvin Williams,Mike Bibby,1,8:45,ATL,rebound,,,,,,,,,,,,,,,,,,
Aaron Brooks,Chuck Hayes,Luis Scola,Shane Battier,Trevor Ariza,Al Horford,Joe Johnson,Josh Smith,Marvin Williams,Mike Bibby,1,8:29,ATL,shot,,,,,,,,,,Mike Bibby,,,,missed,,3pt,2,9
Aaron Brooks,Chuck Hayes,Luis Scola,Shane Battier,Trevor Ariza,Al Horford,Joe Johnson,Josh Smith,Marvin Williams,Mike Bibby,1,8:27,ATL,rebound,,,,,,,,,,Marvin Williams,,,,,,off,,
Aaron Brooks,Chuck Hayes,Luis Scola,Shane Battier,Trevor Ariza,Al Horford,Joe Johnson,Josh Smith,Marvin Williams,Mike Bibby,1,8:27,HOU,foul,,,,,,,,Josh Smith,,Luis Scola,,,,,,shooting,,
Aaron Brooks,Chuck Hayes,Luis Scola,Shane Battier,Trevor Ariza,Al Horford,Joe Johnson,Josh Smith,Marvin Williams,Mike Bibby,1,8:27,ATL,free throw,,,,,,,1,,2,Josh Smith,,,foul,missed,,,,
Aaron Brooks,Chuck Hayes,Luis Scola,Shane Battier,Trevor Ariza,Al Horford,Joe Johnson,Josh Smith,Marvin Williams,Mike Bibby,1,8:27,ATL,rebound,,,,,,,,,,,,,,,,,,
Aaron Brooks,Chuck Hayes,Luis Scola,Shane Battier,Trevor Ariza,Al Horford,Joe Johnson,Josh Smith,Marvin Williams,Mike Bibby,1,8:27,ATL,free throw,,,,,,,2,,2,Josh Smith,,,foul,made,,,,
Aaron Brooks,Chuck Hayes,Luis Scola,Shane Battier,Trevor Ariza,Al Horford,Joe Johnson,Josh Smith,Marvin Williams,Mike Bibby,1,8:11,HOU,shot,,,,,,,,,,Shane Battier,,,,missed,,running jump,17,9
Aaron Brooks,Chuck Hayes,Luis Scola,Shane Battier,Trevor Ariza,Al Horford,Joe Johnson,Josh Smith,Marvin Williams,Mike Bibby,1,8:09,HOU,rebound,,,,,,,,,,Chuck Hayes,,,,,,off,,
Aaron Brooks,Chuck Hayes,Luis Scola,Shane Battier,Trevor Ariza,Al Horford,Joe Johnson,Josh Smith,Marvin Williams,Mike Bibby,1,8:08,HOU,shot,,,,,,,,,,Chuck Hayes,2,,,made,,putback layup,25,6
Aaron Brooks,Chuck Hayes,Luis Scola,Shane Battier,Trevor Ariza,Al Horford,Joe Johnson,Josh Smith,Marvin Williams,Mike Bibby,1,7:51,ATL,shot,,,,,,,,,,Al Horford,2,,,made,,hook,17,7
Aaron Brooks,Chuck Hayes,Luis Scola,Shane Battier,Trevor Ariza,Al Horford,Joe Johnson,Josh Smith,Marvin Williams,Mike Bibby,1,7:36,HOU,turnover,,,,,,,,,,Luis Scola,,,traveling,,,,,
Aaron Brooks,Chuck Hayes,Luis Scola,Shane Battier,Trevor Ariza,Al Horford,Joe Johnson,Josh Smith,Marvin Williams,Mike Bibby,1,7:18,ATL,shot,,,,,,,,,,Al Horford,2,,,made,,turnaround jump,40,6
Aaron Brooks,Chuck Hayes,Luis Scola,Shane Battier,Trevor Ariza,Al Horford,Joe Johnson,Josh Smith,Marvin Williams,Mike Bibby,1,6:57,HOU,shot,,,,,,,,,,Luis Scola,,,,missed,,jump,39,15
Aaron Brooks,Chuck Hayes,Luis Scola,Shane Battier,Trevor Ariza,Al Horford,Joe Johnson,Josh Smith,Marvin Williams,Mike Bibby,1,6:56,ATL,rebound,,,,,,,,,,Joe Johnson,,,,,,def,,
Aaron Brooks,Chuck Hayes,Luis Scola,Shane Battier,Trevor Ariza,Al Horford,Joe Johnson,Josh Smith,Marvin Williams,Mike Bibby,1,6:49,ATL,turnover,,,,,,,,,,Joe Johnson,,,bad pass,,Luis Scola,,,
Aaron Brooks,Chuck Hayes,Luis Scola,Shane Battier,Trevor Ariza,Al Horford,Joe Johnson,Josh Smith,Marvin Williams,Mike Bibby,1,6:44,HOU,shot,,,,,,,,,,Luis Scola,2,,,made,,running layup,27,6
Aaron Brooks,Chuck Hayes,Luis Scola,Shane Battier,Trevor Ariza,Al Horford,Joe Johnson,Josh Smith,Marvin Williams,Mike Bibby,1,6:18,ATL,shot,,,,,,,,,,Josh Smith,,,,missed,,layup,26,7
Aaron Brooks,Chuck Hayes,Luis Scola,Shane Battier,Trevor Ariza,Al Horford,Joe Johnson,Josh Smith,Marvin Williams,Mike Bibby,1,6:17,ATL,rebound,,,,,,,,,,Josh Smith,,,,,,off,,
Aaron Brooks,Chuck Hayes,Luis Scola,Shane Battier,Trevor Ariza,Al Horford,Joe Johnson,Josh Smith,Marvin Williams,Mike Bibby,1,6:15,ATL,shot,,,,,,,,,,Josh Smith,,,,missed,,putback layup,25,6
Aaron Brooks,Chuck Hayes,Luis Scola,Shane Battier,Trevor Ariza,Al Horford,Joe Johnson,Josh Smith,Marvin Williams,Mike Bibby,1,6:13,ATL,rebound,,,,,,,,,,Marvin Williams,,,,,,off,,
Aaron Brooks,Chuck Hayes,Luis Scola,Shane Battier,Trevor Ariza,Al Horford,Joe Johnson,Josh Smith,Marvin Williams,Mike Bibby,1,6:13,ATL,shot,,,,,,,,,,Marvin Williams,2,,,made,,tip,25,6
Aaron Brooks,Chuck Hayes,Luis Scola,Shane Battier,Trevor Ariza,Al Horford,Joe Johnson,Josh Smith,Marvin Williams,Mike Bibby,1,6:04,HOU,shot,,,,,,,,,,Aaron Brooks,3,,,made,,3pt,21,31
Aaron Brooks,Chuck Hayes,Luis Scola,Shane Battier,Trevor Ariza,Al Horford,Joe Johnson,Josh Smith,Marvin Williams,Mike Bibby,1,5:51,ATL,shot,,,,,,,,,,Marvin Williams,,,,missed,,3pt,49,11
Aaron Brooks,Chuck Hayes,Luis Scola,Shane Battier,Trevor Ariza,Al Horford,Joe Johnson,Josh Smith,Marvin Williams,Mike Bibby,1,5:49,ATL,rebound,,,,,,,,,,Joe Johnson,,,,,,off,,
Aaron Brooks,Chuck Hayes,Luis Scola,Shane Battier,Trevor Ariza,Al Horford,Joe Johnson,Josh Smith,Marvin Williams,Mike Bibby,1,5:44,ATL,shot,,,,,,,,,,Joe Johnson,,,,missed,,layup,24,8
Aaron Brooks,Chuck Hayes,Luis Scola,Shane Battier,Trevor Ariza,Al Horford,Joe Johnson,Josh Smith,Marvin Williams,Mike Bibby,1,5:43,ATL,rebound,,,,,,,,,,Joe Johnson,,,,,,off,,
Aaron Brooks,Chuck Hayes,Luis Scola,Shane Battier,Trevor Ariza,Al Horford,Joe Johnson,Josh Smith,Marvin Williams,Mike Bibby,1,5:43,HOU,foul,,,,,,,,Joe Johnson,,Chuck Hayes,,,,,,shooting,,
Aaron Brooks,Chuck Hayes,Luis Scola,Shane Battier,Trevor Ariza,Al Horford,Joe Johnson,Josh Smith,Marvin Williams,Mike Bibby,1,5:43,ATL,timeout,,,,,,,,,,,,,,,,regular,,
Aaron Brooks,Chuck Hayes,Luis Scola,Shane Battier,Trevor Ariza,Al Horford,Joe Johnson,Josh Smith,Marvin Williams,Mike Bibby,1,5:43,ATL,free throw,,,,,,,1,,2,Joe Johnson,,,foul,made,,,,
Aaron Brooks,Chuck Hayes,Luis Scola,Shane Battier,Trevor Ariza,Al Horford,Joe Johnson,Josh Smith,Marvin Williams,Mike Bibby,1,5:43,ATL,free throw,,,,,,,2,,2,Joe Johnson,,,foul,missed,,,,
Aaron Brooks,Chuck Hayes,Luis Scola,Shane Battier,Trevor Ariza,Al Horford,Joe Johnson,Josh Smith,Marvin Williams,Mike Bibby,1,5:40,HOU,rebound,,,,,,,,,,Luis Scola,,,,,,def,,
Aaron Brooks,Chuck Hayes,Luis Scola,Shane Battier,Trevor Ariza,Al Horford,Joe Johnson,Josh Smith,Marvin Williams,Mike Bibby,1,5:23,HOU,turnover,,,,,,,,,,Trevor Ariza,,,traveling,,,,,
Aaron Brooks,Chuck Hayes,Luis Scola,Shane Battier,Trevor Ariza,Al Horford,Joe Johnson,Josh Smith,Marvin Williams,Mike Bibby,1,4:59,ATL,shot,,,,,,,,,,Al Horford,,,,missed,,turnaround jump,23,17
Aaron Brooks,Chuck Hayes,Luis Scola,Shane Battier,Trevor Ariza,Al Horford,Joe Johnson,Josh Smith,Marvin Williams,Mike Bibby,1,4:58,ATL,rebound,,,,,,,,,,Josh Smith,,,,,,off,,
Aaron Brooks,Chuck Hayes,Luis Scola,Shane Battier,Trevor Ariza,Al Horford,Joe Johnson,Josh Smith,Marvin Williams,Mike Bibby,1,4:56,ATL,shot,,,,,,,,,,Josh Smith,2,,,made,,putback layup,25,6
Aaron Brooks,Chuck Hayes,Luis Scola,Shane Battier,Trevor Ariza,Al Horford,Joe Johnson,Josh Smith,Marvin Williams,Mike Bibby,1,4:42,HOU,shot,,,Josh Smith,,,,,,,Aaron Brooks,,,,missed,,layup,26,6
Aaron Brooks,Chuck Hayes,Luis Scola,Shane Battier,Trevor Ariza,Al Horford,Joe Johnson,Josh Smith,Marvin Williams,Mike Bibby,1,4:40,ATL,rebound,,,,,,,,,,Marvin Williams,,,,,,def,,
Aaron Brooks,Chuck Hayes,Luis Scola,Shane Battier,Trevor Ariza,Al Horford,Joe Johnson,Josh Smith,Marvin Williams,Mike Bibby,1,4:35,ATL,shot,,,,,,,,,,Joe Johnson,,,,missed,,driving jump,22,6
Aaron Brooks,Chuck Hayes,Luis Scola,Shane Battier,Trevor Ariza,Al Horford,Joe Johnson,Josh Smith,Marvin Williams,Mike Bibby,1,4:34,ATL,rebound,,,,,,,,,,Marvin Williams,,,,,,off,,
Aaron Brooks,Chuck Hayes,Luis Scola,Shane Battier,Trevor Ariza,Al Horford,Joe Johnson,Josh Smith,Marvin Williams,Mike Bibby,1,4:34,ATL,shot,,,,,,,,,,Marvin Williams,,,,missed,,tip,25,6
Aaron Brooks,Chuck Hayes,Luis Scola,Shane Battier,Trevor Ariza,Al Horford,Joe Johnson,Josh Smith,Marvin Williams,Mike Bibby,1,4:32,HOU,rebound,,,,,,,,,,Trevor Ariza,,,,,,def,,
Aaron Brooks,Chuck Hayes,Luis Scola,Shane Battier,Trevor Ariza,Al Horford,Joe Johnson,Josh Smith,Marvin Williams,Mike Bibby,1,4:21,HOU,shot,,,,,,,,,,Luis Scola,,,,missed,,turnaround jump,18,10
Aaron Brooks,Chuck Hayes,Luis Scola,Shane Battier,Trevor Ariza,Al Horford,Joe Johnson,Josh Smith,Marvin Williams,Mike Bibby,1,4:18,ATL,rebound,,,,,,,,,,Marvin Williams,,,,,,def,,
Aaron Brooks,Chuck Hayes,Luis Scola,Shane Battier,Trevor Ariza,Al Horford,Joe Johnson,Josh Smith,Marvin Williams,Mike Bibby,1,4:02,ATL,shot,Joe Johnson,,,,,,,,,Marvin Williams,3,,,made,,3pt,4,20
Aaron Brooks,Chuck Hayes,Luis Scola,Shane Battier,Trevor Ariza,Al Horford,Joe Johnson,Josh Smith,Marvin Williams,Mike Bibby,1,3:44,HOU,turnover,,,,,,,,,,Luis Scola,,,bad pass,,Joe Johnson,,,
Aaron Brooks,Chuck Hayes,Luis Scola,Shane Battier,Trevor Ariza,Al Horford,Joe Johnson,Josh Smith,Marvin Williams,Mike Bibby,1,3:41,ATL,shot,Joe Johnson,,,,,,,,,Marvin Williams,2,,,made,,running dunk,25,6
Aaron Brooks,Chuck Hayes,Luis Scola,Shane Battier,Trevor Ariza,Al Horford,Joe Johnson,Josh Smith,Marvin Williams,Mike Bibby,1,3:20,HOU,turnover,,,,,,,,,,Trevor Ariza,,,out of bounds lost ball turnover,,,,,
Aaron Brooks,Chuck Hayes,Luis Scola,Shane Battier,Trevor Ariza,Al Horford,Jamal Crawford,Joe Johnson,Josh Smith,Marvin Williams,1,3:20,ATL,sub,,,,Jamal Crawford,,Mike Bibby,,,,,,,,,,,,
Aaron Brooks,Chuck Hayes,Luis Scola,Shane Battier,Trevor Ariza,Al Horford,Jamal Crawford,Joe Johnson,Josh Smith,Marvin Williams,1,3:01,ATL,shot,,,,,,,,,,Marvin Williams,2,,,made,,fade away jumper,38,15
Aaron Brooks,Chuck Hayes,Luis Scola,Shane Battier,Trevor Ariza,Al Horford,Jamal Crawford,Joe Johnson,Josh Smith,Marvin Williams,1,2:36,HOU,shot,,,,,,,,,,Shane Battier,,,,missed,,3pt,1,11
Aaron Brooks,Chuck Hayes,Luis Scola,Shane Battier,Trevor Ariza,Al Horford,Jamal Crawford,Joe Johnson,Josh Smith,Marvin Williams,1,2:35,ATL,rebound,,,,,,,,,,Josh Smith,,,,,,def,,
Aaron Brooks,Chuck Hayes,Luis Scola,Shane Battier,Trevor Ariza,Al Horford,Jamal Crawford,Joe Johnson,Josh Smith,Marvin Williams,1,2:33,ATL,turnover,,,,,,,,,,Josh Smith,,,lost ball,,Luis Scola,,,
Aaron Brooks,Chuck Hayes,Luis Scola,Shane Battier,Trevor Ariza,Al Horford,Jamal Crawford,Joe Johnson,Josh Smith,Marvin Williams,1,2:29,HOU,shot,Luis Scola,,,,,,,,,Trevor Ariza,3,,,made,,3pt,42,26
Aaron Brooks,Chuck Hayes,Luis Scola,Shane Battier,Trevor Ariza,Al Horford,Jamal Crawford,Joe Johnson,Josh Smith,Marvin Williams,1,2:12,ATL,shot,Josh Smith,,,,,,,,,Marvin Williams,2,,,made,,jump,44,11
Aaron Brooks,Chuck Hayes,Luis Scola,Shane Battier,Trevor Ariza,Al Horford,Jamal Crawford,Joe Johnson,Josh Smith,Marvin Williams,1,2:04,HOU,shot,,,,,,,,,,Chuck Hayes,,,,missed,,reverse layup,27,6
Aaron Brooks,Chuck Hayes,Luis Scola,Shane Battier,Trevor Ariza,Al Horford,Jamal Crawford,Joe Johnson,Josh Smith,Marvin Williams,1,2:04,ATL,rebound,,,,,,,,,,,,,,,,,,
Aaron Brooks,Chuck Hayes,Luis Scola,Shane Battier,Trevor Ariza,Al Horford,Jamal Crawford,Joe Johnson,Josh Smith,Marvin Williams,1,2:04,HOU,timeout,,,,,,,,,,,,,,,,regular,,
Aaron Brooks,Chase Budinger,Chuck Hayes,Luis Scola,Trevor Ariza,Al Horford,Jamal Crawford,Joe Johnson,Josh Smith,Marvin Williams,1,2:04,HOU,sub,,,,Chase Budinger,,Shane Battier,,,,,,,,,,,,
Carl Landry,Chase Budinger,Chuck Hayes,Luis Scola,Trevor Ariza,Al Horford,Jamal Crawford,Joe Johnson,Josh Smith,Marvin Williams,1,2:04,HOU,sub,,,,Carl Landry,,Aaron Brooks,,,,,,,,,,,,
Carl Landry,Chase Budinger,Chuck Hayes,Luis Scola,Trevor Ariza,Jamal Crawford,Jeff Teague,Joe Johnson,Josh Smith,Marvin Williams,1,2:04,ATL,sub,,,,Jeff Teague,,Al Horford,,,,,,,,,,,,
Carl Landry,Chase Budinger,Chuck Hayes,Luis Scola,Trevor Ariza,Jamal Crawford,Jeff Teague,Josh Smith,Marvin Williams,Zaza Pachulia,1,2:04,ATL,sub,,,,Zaza Pachulia,,Joe Johnson,,,,,,,,,,,,
Carl Landry,Chase Budinger,Kyle Lowry,Luis Scola,Trevor Ariza,Jamal Crawford,Jeff Teague,Josh Smith,Marvin Williams,Zaza Pachulia,1,2:04,HOU,sub,,,,Kyle Lowry,,Chuck Hayes,,,,,,,,,,,,
Carl Landry,Chase Budinger,Kyle Lowry,Luis Scola,Trevor Ariza,Jamal Crawford,Jeff Teague,Josh Smith,Marvin Williams,Zaza Pachulia,1,1:49,ATL,shot,,,,,,,,,,Jamal Crawford,,,,missed,,jump,23,16
Carl Landry,Chase Budinger,Kyle Lowry,Luis Scola,Trevor Ariza,Jamal Crawford,Jeff Teague,Josh Smith,Marvin Williams,Zaza Pachulia,1,1:47,HOU,rebound,,,,,,,,,,Luis Scola,,,,,,def,,
Carl Landry,Chase Budinger,Kyle Lowry,Luis Scola,Trevor Ariza,Jamal Crawford,Jeff Teague,Josh Smith,Marvin Williams,Zaza Pachulia,1,1:31,HOU,shot,Luis Scola,,,,,,,,,Trevor Ariza,3,,,made,,3pt,13,30
Carl Landry,Chase Budinger,Kyle Lowry,Luis Scola,Trevor Ariza,Jamal Crawford,Jeff Teague,Josh Smith,Marvin Williams,Zaza Pachulia,1,1:23,ATL,turnover,,,,,,,,,,Marvin Williams,,,bad pass,,Kyle Lowry,,,
Carl Landry,Chase Budinger,Kyle Lowry,Luis Scola,Trevor Ariza,Jamal Crawford,Jeff Teague,Josh Smith,Marvin Williams,Zaza Pachulia,1,1:23,ATL,foul,,,,,,,,Kyle Lowry,,Jeff Teague,,,,,,personal,,
Carl Landry,Chase Budinger,Kyle Lowry,Luis Scola,Trevor Ariza,Jamal Crawford,Jeff Teague,Josh Smith,Marvin Williams,Zaza Pachulia,1,1:14,HOU,shot,,,,,,,,,,Luis Scola,2,,,made,,turnaround jump,28,11
Carl Landry,Chase Budinger,Kyle Lowry,Luis Scola,Trevor Ariza,Jamal Crawford,Jeff Teague,Josh Smith,Marvin Williams,Zaza Pachulia,1,0:49,ATL,shot,Jeff Teague,,,,,,,,,Jamal Crawford,3,,,made,,3pt,41,26
Carl Landry,Chase Budinger,Kyle Lowry,Luis Scola,Trevor Ariza,Jamal Crawford,Jeff Teague,Josh Smith,Marvin Williams,Zaza Pachulia,1,0:37,HOU,shot,,,,,,,,,,Chase Budinger,,,,missed,,3pt,14,30
Carl Landry,Chase Budinger,Kyle Lowry,Luis Scola,Trevor Ariza,Jamal Crawford,Jeff Teague,Josh Smith,Marvin Williams,Zaza Pachulia,1,0:36,HOU,rebound,,,,,,,,,,Carl Landry,,,,,,off,,
Carl Landry,Chase Budinger,Kyle Lowry,Luis Scola,Trevor Ariza,Jamal Crawford,Jeff Teague,Josh Smith,Marvin Williams,Zaza Pachulia,1,0:36,HOU,shot,,,,,,,,,,Carl Landry,2,,,made,,putback dunk,25,6
Carl Landry,Chase Budinger,Kyle Lowry,Luis Scola,Trevor Ariza,Jamal Crawford,Jeff Teague,Josh Smith,Marvin Williams,Zaza Pachulia,1,0:21,ATL,shot,,,,,,,,,,Josh Smith,,,,missed,,jump,27,9
Carl Landry,Chase Budinger,Kyle Lowry,Luis Scola,Trevor Ariza,Jamal Crawford,Jeff Teague,Josh Smith,Marvin Williams,Zaza Pachulia,1,0:20,ATL,rebound,,,,,,,,,,Zaza Pachulia,,,,,,off,,
Carl Landry,Chase Budinger,Kyle Lowry,Luis Scola,Trevor Ariza,Jamal Crawford,Jeff Teague,Josh Smith,Marvin Williams,Zaza Pachulia,1,0:20,ATL,shot,,,,,,,,,,Zaza Pachulia,,,,missed,,tip,25,6
Carl Landry,Chase Budinger,Kyle Lowry,Luis Scola,Trevor Ariza,Jamal Crawford,Jeff Teague,Josh Smith,Marvin Williams,Zaza Pachulia,1,0:19,HOU,rebound,,,,,,,,,,Chase Budinger,,,,,,def,,
Carl Landry,Chase Budinger,Kyle Lowry,Luis Scola,Trevor Ariza,Jamal Crawford,Jeff Teague,Josh Smith,Marvin Williams,Zaza Pachulia,1,0:02,HOU,shot,,,,,,,,,,Trevor Ariza,,,,missed,,3pt,48,8
Carl Landry,Chase Budinger,Kyle Lowry,Luis Scola,Trevor Ariza,Jamal Crawford,Jeff Teague,Josh Smith,Marvin Williams,Zaza Pachulia,1,0:01,ATL,rebound,,,,,,,,,,Josh Smith,,,,,,def,,
Carl Landry,Chase Budinger,Kyle Lowry,Luis Scola,Trevor Ariza,Jamal Crawford,Jeff Teague,Josh Smith,Marvin Williams,Zaza Pachulia,1,0:00,ATL,shot,,,,,,,,,,Jamal Crawford,,,,missed,,3pt,45,44
Carl Landry,Chase Budinger,Kyle Lowry,Luis Scola,Trevor Ariza,Jamal Crawford,Jeff Teague,Josh Smith,Marvin Williams,Zaza Pachulia,1,0:00,ATL,rebound,,,,,,,,,,,,,,,,,,
Carl Landry,Chase Budinger,David Andersen,Kyle Lowry,Trevor Ariza,Jamal Crawford,Jeff Teague,Joe Johnson,Joe Smith,Zaza Pachulia,2,11:48,HOU,turnover,,,,,,,,,,Carl Landry,,,traveling,,,,,
Carl Landry,Chase Budinger,David Andersen,Kyle Lowry,Trevor Ariza,Jamal Crawford,Jeff Teague,Joe Johnson,Joe Smith,Zaza Pachulia,2,11:31,ATL,shot,,,,,,,,,,Joe Johnson,,,,missed,,fade away jumper,36,17
Carl Landry,Chase Budinger,David Andersen,Kyle Lowry,Trevor Ariza,Jamal Crawford,Jeff Teague,Joe Johnson,Joe Smith,Zaza Pachulia,2,11:29,HOU,rebound,,,,,,,,,,Trevor Ariza,,,,,,def,,
Carl Landry,Chase Budinger,David Andersen,Kyle Lowry,Trevor Ariza,Jamal Crawford,Jeff Teague,Joe Johnson,Joe Smith,Zaza Pachulia,2,11:11,HOU,shot,,,,,,,,,,Chase Budinger,3,,,made,,3pt,24,32
Carl Landry,Chase Budinger,David Andersen,Kyle Lowry,Trevor Ariza,Jamal Crawford,Jeff Teague,Joe Johnson,Joe Smith,Zaza Pachulia,2,10:53,ATL,shot,Joe Smith,,,,,,,,,Jamal Crawford,2,,,made,,jump,25,25
Carl Landry,Chase Budinger,David Andersen,Kyle Lowry,Trevor Ariza,Jamal Crawford,Jeff Teague,Joe Johnson,Joe Smith,Zaza Pachulia,2,10:37,HOU,shot,,,,,,,,,,Carl Landry,,,,missed,,jump,10,16
Carl Landry,Chase Budinger,David Andersen,Kyle Lowry,Trevor Ariza,Jamal Crawford,Jeff Teague,Joe Johnson,Joe Smith,Zaza Pachulia,2,10:36,ATL,rebound,,,,,,,,,,Joe Johnson,,,,,,def,,
Carl Landry,Chase Budinger,David Andersen,Kyle Lowry,Trevor Ariza,Jamal Crawford,Jeff Teague,Joe Johnson,Joe Smith,Zaza Pachulia,2,10:29,ATL,shot,,,,,,,,,,Jamal Crawford,,,,missed,,3pt,41,27
Carl Landry,Chase Budinger,David Andersen,Kyle Lowry,Trevor Ariza,Jamal Crawford,Jeff Teague,Joe Johnson,Joe Smith,Zaza Pachulia,2,10:28,HOU,rebound,,,,,,,,,,Trevor Ariza,,,,,,def,,
Carl Landry,Chase Budinger,David Andersen,Kyle Lowry,Trevor Ariza,Jamal Crawford,Jeff Teague,Joe Johnson,Joe Smith,Zaza Pachulia,2,10:21,HOU,shot,,,,,,,,,,Kyle Lowry,2,,,made,,running jump,19,9
Carl Landry,Chase Budinger,David Andersen,Kyle Lowry,Trevor Ariza,Jamal Crawford,Jeff Teague,Joe Johnson,Joe Smith,Zaza Pachulia,2,10:05,ATL,shot,,,,,,,,,,Joe Smith,,,,missed,,jump,6,11
Carl Landry,Chase Budinger,David Andersen,Kyle Lowry,Trevor Ariza,Jamal Crawford,Jeff Teague,Joe Johnson,Joe Smith,Zaza Pachulia,2,10:04,HOU,rebound,,,,,,,,,,David Andersen,,,,,,def,,
Carl Landry,Chase Budinger,David Andersen,Kyle Lowry,Trevor Ariza,Jamal Crawford,Jeff Teague,Joe Johnson,Joe Smith,Zaza Pachulia,2,9:42,HOU,shot,,,,,,,,,,David Andersen,,,,missed,,3pt,32,30
Carl Landry,Chase Budinger,David Andersen,Kyle Lowry,Trevor Ariza,Jamal Crawford,Jeff Teague,Joe Johnson,Joe Smith,Zaza Pachulia,2,9:40,ATL,rebound,,,,,,,,,,Jamal Crawford,,,,,,def,,
Carl Landry,Chase Budinger,David Andersen,Kyle Lowry,Trevor Ariza,Jamal Crawford,Jeff Teague,Joe Johnson,Joe Smith,Zaza Pachulia,2,9:33,HOU,foul,,,,,,,,Jamal Crawford,,Kyle Lowry,,,,,,personal,,
Carl Landry,Chase Budinger,David Andersen,Kyle Lowry,Trevor Ariza,Jamal Crawford,Jeff Teague,Joe Johnson,Joe Smith,Zaza Pachulia,2,9:23,ATL,shot,,,,,,,,,,Joe Johnson,2,,,made,,driving layup,23,6
Carl Landry,Chase Budinger,David Andersen,Kyle Lowry,Trevor Ariza,Jamal Crawford,Jeff Teague,Joe Johnson,Joe Smith,Zaza Pachulia,2,9:06,HOU,shot,,,,,,,,,,David Andersen,,,,missed,,turnaround jump,11,8
Carl Landry,Chase Budinger,David Andersen,Kyle Lowry,Trevor Ariza,Jamal Crawford,Jeff Teague,Joe Johnson,Joe Smith,Zaza Pachulia,2,9:03,ATL,rebound,,,,,,,,,,Jeff Teague,,,,,,def,,
Carl Landry,Chase Budinger,David Andersen,Kyle Lowry,Trevor Ariza,Jamal Crawford,Jeff Teague,Joe Johnson,Joe Smith,Zaza Pachulia,2,8:55,HOU,foul,,,,,,,,Jamal Crawford,,Chase Budinger,,,,,,shooting,,
Carl Landry,Chase Budinger,David Andersen,Kyle Lowry,Trevor Ariza,Jamal Crawford,Jeff Teague,Joe Johnson,Joe Smith,Zaza Pachulia,2,8:55,ATL,timeout,,,,,,,,,,,,,,,,official,,
Carl Landry,Chase Budinger,David Andersen,Kyle Lowry,Shane Battier,Jamal Crawford,Jeff Teague,Joe Johnson,Joe Smith,Zaza Pachulia,2,8:55,HOU,sub,,,,Shane Battier,,Trevor Ariza,,,,,,,,,,,,
Carl Landry,Chase Budinger,David Andersen,Kyle Lowry,Shane Battier,Jamal Crawford,Jeff Teague,Joe Johnson,Joe Smith,Zaza Pachulia,2,8:55,ATL,free throw,,,,,,,1,,2,Jamal Crawford,,,foul,made,,,,
Carl Landry,Chase Budinger,David Andersen,Kyle Lowry,Shane Battier,Jamal Crawford,Jeff Teague,Joe Johnson,Joe Smith,Zaza Pachulia,2,8:55,ATL,free throw,,,,,,,2,,2,Jamal Crawford,,,foul,made,,,,
Carl Landry,Chase Budinger,David Andersen,Kyle Lowry,Shane Battier,Jamal Crawford,Jeff Teague,Joe Johnson,Joe Smith,Zaza Pachulia,2,8:37,HOU,shot,,,Joe Smith,,,,,,,Kyle Lowry,,,,missed,,running jump,29,6
Carl Landry,Chase Budinger,David Andersen,Kyle Lowry,Shane Battier,Jamal Crawford,Jeff Teague,Joe Johnson,Joe Smith,Zaza Pachulia,2,8:37,HOU,rebound,,,,,,,,,,,,,,,,,,
Carl Landry,Chase Budinger,David Andersen,Kyle Lowry,Shane Battier,Jamal Crawford,Jeff Teague,Joe Johnson,Joe Smith,Zaza Pachulia,2,8:30,HOU,shot,David Andersen,,,,,,,,,Shane Battier,2,,,made,,driving jump,29,7
Carl Landry,Chase Budinger,David Andersen,Kyle Lowry,Shane Battier,Jamal Crawford,Jeff Teague,Joe Johnson,Joe Smith,Zaza Pachulia,2,8:12,ATL,shot,,,,,,,,,,Joe Johnson,,,,missed,,driving layup,26,6
Carl Landry,Chase Budinger,David Andersen,Kyle Lowry,Shane Battier,Jamal Crawford,Jeff Teague,Joe Johnson,Joe Smith,Zaza Pachulia,2,8:11,HOU,rebound,,,,,,,,,,David Andersen,,,,,,def,,
Carl Landry,Chase Budinger,David Andersen,Kyle Lowry,Shane Battier,Jamal Crawford,Jeff Teague,Joe Johnson,Joe Smith,Zaza Pachulia,2,8:06,HOU,shot,Chase Budinger,,,,,,,,,Carl Landry,2,,,made,,running layup,23,7
Carl Landry,Chase Budinger,David Andersen,Kyle Lowry,Shane Battier,Jamal Crawford,Jeff Teague,Joe Johnson,Joe Smith,Zaza Pachulia,2,7:42,ATL,shot,Jeff Teague,,,,,,,,,Joe Smith,2,,,made,,jump,38,15
Carl Landry,Chase Budinger,David Andersen,Kyle Lowry,Shane Battier,Jamal Crawford,Jeff Teague,Joe Johnson,Joe Smith,Zaza Pachulia,2,7:17,HOU,shot,,,Zaza Pachulia,,,,,,,Carl Landry,,,,missed,,turnaround jump,21,16
Carl Landry,Chase Budinger,David Andersen,Kyle Lowry,Shane Battier,Jamal Crawford,Jeff Teague,Joe Johnson,Joe Smith,Zaza Pachulia,2,7:15,ATL,rebound,,,,,,,,,,Joe Johnson,,,,,,def,,
Carl Landry,Chase Budinger,David Andersen,Kyle Lowry,Shane Battier,Jamal Crawford,Jeff Teague,Joe Johnson,Joe Smith,Zaza Pachulia,2,7:05,ATL,shot,,,,,,,,,,Jamal Crawford,,,,missed,,3pt,48,11
Carl Landry,Chase Budinger,David Andersen,Kyle Lowry,Shane Battier,Jamal Crawford,Jeff Teague,Joe Johnson,Joe Smith,Zaza Pachulia,2,7:03,ATL,rebound,,,,,,,,,,Zaza Pachulia,,,,,,off,,
Carl Landry,Chase Budinger,David Andersen,Kyle Lowry,Shane Battier,Jamal Crawford,Jeff Teague,Joe Johnson,Joe Smith,Zaza Pachulia,2,6:48,ATL,turnover,,,,,,,,,,Zaza Pachulia,,,3 second violation,,,,,
Carl Landry,Chase Budinger,David Andersen,Kyle Lowry,Shane Battier,Jamal Crawford,Joe Johnson,Joe Smith,Mike Bibby,Zaza Pachulia,2,6:48,ATL,sub,,,,Mike Bibby,,Jeff Teague,,,,,,,,,,,,
Carl Landry,Chase Budinger,David Andersen,Kyle Lowry,Shane Battier,Jamal Crawford,Joe Johnson,Joe Smith,Mike Bibby,Zaza Pachulia,2,6:36,ATL,foul,,,,,,,,David Andersen,,Joe Smith,,,,,,shooting,,
Carl Landry,Chase Budinger,David Andersen,Kyle Lowry,Shane Battier,Joe Johnson,Joe Smith,Marvin Williams,Mike Bibby,Zaza Pachulia,2,6:36,ATL,sub,,,,Marvin Williams,,Jamal Crawford,,,,,,,,,,,,
Carl Landry,Chase Budinger,David Andersen,Kyle Lowry,Shane Battier,Joe Johnson,Joe Smith,Marvin Williams,Mike Bibby,Zaza Pachulia,2,6:36,HOU,free throw,,,,,,,1,,2,David Andersen,,,foul,made,,,,
Carl Landry,Chase Budinger,David Andersen,Kyle Lowry,Shane Battier,Joe Johnson,Josh Smith,Marvin Williams,Mike Bibby,Zaza Pachulia,2,6:36,ATL,sub,,,,Josh Smith,,Joe Smith,,,,,,,,,,,,
Carl Landry,Chase Budinger,David Andersen,Kyle Lowry,Shane Battier,Joe Johnson,Josh Smith,Marvin Williams,Mike Bibby,Zaza Pachulia,2,6:36,HOU,free throw,,,,,,,2,,2,David Andersen,,,foul,made,,,,
Carl Landry,Chase Budinger,David Andersen,Kyle Lowry,Shane Battier,Joe Johnson,Josh Smith,Marvin Williams,Mike Bibby,Zaza Pachulia,2,6:27,HOU,foul,,,,,,,,Zaza Pachulia,,David Andersen,,,,,,shooting,,
Carl Landry,Chase Budinger,David Andersen,Kyle Lowry,Shane Battier,Joe Johnson,Josh Smith,Marvin Williams,Mike Bibby,Zaza Pachulia,2,6:27,ATL,free throw,,,,,,,1,,2,Zaza Pachulia,,,foul,missed,,,,
Carl Landry,Chase Budinger,David Andersen,Kyle Lowry,Shane Battier,Joe Johnson,Josh Smith,Marvin Williams,Mike Bibby,Zaza Pachulia,2,6:27,ATL,rebound,,,,,,,,,,,,,,,,,,
Carl Landry,Chase Budinger,David Andersen,Kyle Lowry,Shane Battier,Joe Johnson,Josh Smith,Marvin Williams,Mike Bibby,Zaza Pachulia,2,6:27,ATL,free throw,,,,,,,2,,2,Zaza Pachulia,,,foul,made,,,,
Carl Landry,Chase Budinger,David Andersen,Kyle Lowry,Shane Battier,Joe Johnson,Josh Smith,Marvin Williams,Mike Bibby,Zaza Pachulia,2,6:09,HOU,shot,,,,,,,,,,David Andersen,,,,missed,,turnaround jump,21,9
Carl Landry,Chase Budinger,David Andersen,Kyle Lowry,Shane Battier,Joe Johnson,Josh Smith,Marvin Williams,Mike Bibby,Zaza Pachulia,2,6:07,ATL,rebound,,,,,,,,,,Marvin Williams,,,,,,def,,
Carl Landry,Chase Budinger,David Andersen,Kyle Lowry,Shane Battier,Joe Johnson,Josh Smith,Marvin Williams,Mike Bibby,Zaza Pachulia,2,5:51,ATL,shot,,,,,,,,,,Joe Johnson,2,,,made,,driving layup,23,9
Carl Landry,Chase Budinger,David Andersen,Kyle Lowry,Shane Battier,Joe Johnson,Josh Smith,Marvin Williams,Mike Bibby,Zaza Pachulia,2,5:25,HOU,shot,,,,,,,,,,David Andersen,,,,missed,,3pt,26,31
Carl Landry,Chase Budinger,David Andersen,Kyle Lowry,Shane Battier,Joe Johnson,Josh Smith,Marvin Williams,Mike Bibby,Zaza Pachulia,2,5:24,ATL,rebound,,,,,,,,,,Zaza Pachulia,,,,,,def,,
Carl Landry,Chase Budinger,David Andersen,Kyle Lowry,Shane Battier,Joe Johnson,Josh Smith,Marvin Williams,Mike Bibby,Zaza Pachulia,2,5:17,ATL,shot,,,,,,,,,,Marvin Williams,2,,,made,,jump,10,19
Carl Landry,Chase Budinger,David Andersen,Kyle Lowry,Shane Battier,Joe Johnson,Josh Smith,Marvin Williams,Mike Bibby,Zaza Pachulia,2,5:00,ATL,foul,,,,,,,,Carl Landry,,Josh Smith,,,,,,shooting,,
Carl Landry,Chase Budinger,David Andersen,Kyle Lowry,Shane Battier,Joe Johnson,Josh Smith,Marvin Williams,Mike Bibby,Zaza Pachulia,2,5:00,ATL,timeout,,,,,,,,,,,,,,,,regular,,
Carl Landry,Chase Budinger,David Andersen,Kyle Lowry,Shane Battier,Al Horford,Joe Johnson,Josh Smith,Marvin Williams,Mike Bibby,2,5:00,ATL,sub,,,,Al Horford,,Zaza Pachulia,,,,,,,,,,,,
Carl Landry,Chase Budinger,David Andersen,Kyle Lowry,Shane Battier,Al Horford,Joe Johnson,Josh Smith,Marvin Williams,Mike Bibby,2,5:00,HOU,free throw,,,,,,,1,,2,Carl Landry,,,foul,made,,,,
Carl Landry,Chase Budinger,David Andersen,Kyle Lowry,Shane Battier,Al Horford,Joe Johnson,Josh Smith,Marvin Williams,Mike Bibby,2,5:00,HOU,free throw,,,,,,,2,,2,Carl Landry,,,foul,made,,,,
Carl Landry,Chase Budinger,David Andersen,Kyle Lowry,Shane Battier,Al Horford,Joe Johnson,Josh Smith,Marvin Williams,Mike Bibby,2,4:46,ATL,shot,Al Horford,,,,,,,,,Mike Bibby,2,,,made,,jump,42,9
Carl Landry,Chase Budinger,David Andersen,Kyle Lowry,Shane Battier,Al Horford,Joe Johnson,Josh Smith,Marvin Williams,Mike Bibby,2,4:34,HOU,shot,Kyle Lowry,,,,,,,,,Carl Landry,2,,,made,,layup,23,7
Carl Landry,Chase Budinger,David Andersen,Kyle Lowry,Shane Battier,Al Horford,Joe Johnson,Josh Smith,Marvin Williams,Mike Bibby,2,4:09,ATL,shot,,,,,,,,,,Marvin Williams,,,,missed,,jump,28,25
Carl Landry,Chase Budinger,David Andersen,Kyle Lowry,Shane Battier,Al Horford,Joe Johnson,Josh Smith,Marvin Williams,Mike Bibby,2,4:08,HOU,rebound,,,,,,,,,,Kyle Lowry,,,,,,def,,
Carl Landry,Chase Budinger,David Andersen,Kyle Lowry,Shane Battier,Al Horford,Joe Johnson,Josh Smith,Marvin Williams,Mike Bibby,2,4:01,HOU,shot,,,Josh Smith,,,,,,,Carl Landry,,,,missed,,layup,23,5
Carl Landry,Chase Budinger,David Andersen,Kyle Lowry,Shane Battier,Al Horford,Joe Johnson,Josh Smith,Marvin Williams,Mike Bibby,2,3:59,ATL,rebound,,,,,,,,,,Josh Smith,,,,,,def,,
Carl Landry,Chase Budinger,David Andersen,Kyle Lowry,Shane Battier,Al Horford,Joe Johnson,Josh Smith,Marvin Williams,Mike Bibby,2,3:56,ATL,foul,,,,,,,,Kyle Lowry,,Josh Smith,,,,,,offensive,,
Carl Landry,Chase Budinger,David Andersen,Kyle Lowry,Shane Battier,Al Horford,Joe Johnson,Josh Smith,Marvin Williams,Mike Bibby,2,3:56,ATL,turnover,,,,,,,,,,Josh Smith,,,foul,,,,,
Carl Landry,Chase Budinger,Kyle Lowry,Luis Scola,Shane Battier,Al Horford,Joe Johnson,Josh Smith,Marvin Williams,Mike Bibby,2,3:56,HOU,sub,,,,Luis Scola,,David Andersen,,,,,,,,,,,,
Carl Landry,Chase Budinger,Kyle Lowry,Luis Scola,Shane Battier,Al Horford,Jamal Crawford,Joe Johnson,Marvin Williams,Mike Bibby,2,3:39,ATL,sub,,,,Jamal Crawford,,Josh Smith,,,,,,,,,,,,
Carl Landry,Kyle Lowry,Luis Scola,Shane Battier,Trevor Ariza,Al Horford,Jamal Crawford,Joe Johnson,Marvin Williams,Mike Bibby,2,3:39,HOU,sub,,,,Trevor Ariza,,Chase Budinger,,,,,,,,,,,,
Carl Landry,Kyle Lowry,Luis Scola,Shane Battier,Trevor Ariza,Al Horford,Jamal Crawford,Joe Johnson,Marvin Williams,Mike Bibby,2,3:34,HOU,shot,,,,,,,,,,Kyle Lowry,2,,,made,,jump,40,20
Carl Landry,Kyle Lowry,Luis Scola,Shane Battier,Trevor Ariza,Al Horford,Jamal Crawford,Joe Johnson,Marvin Williams,Mike Bibby,2,3:25,ATL,shot,,,,,,,,,,Joe Johnson,2,,,made,,driving layup,26,6
Carl Landry,Kyle Lowry,Luis Scola,Shane Battier,Trevor Ariza,Al Horford,Jamal Crawford,Joe Johnson,Marvin Williams,Mike Bibby,2,3:16,HOU,shot,,,,,,,,,,Kyle Lowry,,,,missed,,running layup,27,6
Carl Landry,Kyle Lowry,Luis Scola,Shane Battier,Trevor Ariza,Al Horford,Jamal Crawford,Joe Johnson,Marvin Williams,Mike Bibby,2,3:15,ATL,rebound,,,,,,,,,,Al Horford,,,,,,def,,
Carl Landry,Kyle Lowry,Luis Scola,Shane Battier,Trevor Ariza,Al Horford,Jamal Crawford,Joe Johnson,Marvin Williams,Mike Bibby,2,3:11,ATL,shot,Mike Bibby,,,,,,,,,Marvin Williams,2,,,made,,running layup,23,6
Carl Landry,Kyle Lowry,Luis Scola,Shane Battier,Trevor Ariza,Al Horford,Jamal Crawford,Joe Johnson,Marvin Williams,Mike Bibby,2,2:53,HOU,shot,,,,,,,,,,Trevor Ariza,2,,,made,,reverse layup,26,6
Carl Landry,Kyle Lowry,Luis Scola,Shane Battier,Trevor Ariza,Al Horford,Jamal Crawford,Joe Johnson,Marvin Williams,Mike Bibby,2,2:28,ATL,shot,Joe Johnson,,,,,,,,,Jamal Crawford,2,,,made,,layup,26,6
Carl Landry,Kyle Lowry,Luis Scola,Shane Battier,Trevor Ariza,Al Horford,Jamal Crawford,Joe Johnson,Marvin Williams,Mike Bibby,2,2:23,HOU,timeout,,,,,,,,,,,,,,,,regular,,
Aaron Brooks,Carl Landry,Luis Scola,Shane Battier,Trevor Ariza,Al Horford,Jamal Crawford,Joe Johnson,Marvin Williams,Mike Bibby,2,2:23,HOU,sub,,,,Aaron Brooks,,Kyle Lowry,,,,,,,,,,,,
Aaron Brooks,Carl Landry,Luis Scola,Shane Battier,Trevor Ariza,Al Horford,Jamal Crawford,Joe Johnson,Marvin Williams,Mike Bibby,2,2:12,HOU,shot,,,Al Horford,,,,,,,Carl Landry,,,,missed,,turnaround jump,28,8
Aaron Brooks,Carl Landry,Luis Scola,Shane Battier,Trevor Ariza,Al Horford,Jamal Crawford,Joe Johnson,Marvin Williams,Mike Bibby,2,2:12,HOU,jump ball,,Carl Landry,,,Al Horford,,,,,,,Shane Battier,,,,,,
Aaron Brooks,Carl Landry,Luis Scola,Shane Battier,Trevor Ariza,Al Horford,Jamal Crawford,Joe Johnson,Marvin Williams,Mike Bibby,2,2:12,HOU,rebound,,,,,,,,,,,,,,,,,,
Aaron Brooks,Carl Landry,Luis Scola,Shane Battier,Trevor Ariza,Al Horford,Jamal Crawford,Joe Johnson,Marvin Williams,Mike Bibby,2,2:04,HOU,shot,,,,,,,,,,Trevor Ariza,,,,missed,,turnaround jump,9,15
Aaron Brooks,Carl Landry,Luis Scola,Shane Battier,Trevor Ariza,Al Horford,Jamal Crawford,Joe Johnson,Marvin Williams,Mike Bibby,2,2:01,ATL,rebound,,,,,,,,,,Al Horford,,,,,,def,,
Aaron Brooks,Carl Landry,Luis Scola,Shane Battier,Trevor Ariza,Al Horford,Jamal Crawford,Joe Johnson,Marvin Williams,Mike Bibby,2,1:42,ATL,shot,Al Horford,,,,,,,,,Jamal Crawford,3,,,made,,3pt,2,8
Aaron Brooks,Carl Landry,Luis Scola,Shane Battier,Trevor Ariza,Al Horford,Jamal Crawford,Joe Johnson,Marvin Williams,Mike Bibby,2,1:23,HOU,shot,,,,,,,,,,Aaron Brooks,2,,,made,,running jump,30,8
Aaron Brooks,Carl Landry,Luis Scola,Shane Battier,Trevor Ariza,Al Horford,Jamal Crawford,Joe Johnson,Marvin Williams,Mike Bibby,2,1:07,ATL,shot,,,,,,,,,,Mike Bibby,,,,missed,,jump,45,9
Aaron Brooks,Carl Landry,Luis Scola,Shane Battier,Trevor Ariza,Al Horford,Jamal Crawford,Joe Johnson,Marvin Williams,Mike Bibby,2,1:06,HOU,rebound,,,,,,,,,,,,,,,,,,
Aaron Brooks,Chuck Hayes,Luis Scola,Shane Battier,Trevor Ariza,Al Horford,Jamal Crawford,Joe Johnson,Marvin Williams,Mike Bibby,2,1:06,HOU,sub,,,,Chuck Hayes,,Carl Landry,,,,,,,,,,,,
Aaron Brooks,Chuck Hayes,Luis Scola,Shane Battier,Trevor Ariza,Al Horford,Jamal Crawford,Joe Johnson,Marvin Williams,Mike Bibby,2,0:48,HOU,shot,,,,,,,,,,Trevor Ariza,,,,missed,,3pt,7,25
Aaron Brooks,Chuck Hayes,Luis Scola,Shane Battier,Trevor Ariza,Al Horford,Jamal Crawford,Joe Johnson,Marvin Williams,Mike Bibby,2,0:46,ATL,rebound,,,,,,,,,,Al Horford,,,,,,def,,
Aaron Brooks,Chuck Hayes,Luis Scola,Shane Battier,Trevor Ariza,Al Horford,Jamal Crawford,Joe Johnson,Marvin Williams,Mike Bibby,2,0:39,ATL,shot,,,,,,,,,,Marvin Williams,,,,missed,,running jump,23,10
Aaron Brooks,Chuck Hayes,Luis Scola,Shane Battier,Trevor Ariza,Al Horford,Jamal Crawford,Joe Johnson,Marvin Williams,Mike Bibby,2,0:37,HOU,rebound,,,,,,,,,,Luis Scola,,,,,,def,,
Aaron Brooks,Chuck Hayes,Luis Scola,Shane Battier,Trevor Ariza,Al Horford,Jamal Crawford,Joe Johnson,Marvin Williams,Mike Bibby,2,0:33,HOU,shot,Aaron Brooks,,,,,,,,,Trevor Ariza,2,,,made,,layup,22,7
Aaron Brooks,Chuck Hayes,Luis Scola,Shane Battier,Trevor Ariza,Al Horford,Jamal Crawford,Joe Johnson,Marvin Williams,Mike Bibby,2,0:13,ATL,shot,Mike Bibby,,,,,,,,,Marvin Williams,3,,,made,,3pt,48,11
Aaron Brooks,Chuck Hayes,Luis Scola,Shane Battier,Trevor Ariza,Al Horford,Jamal Crawford,Joe Johnson,Marvin Williams,Mike Bibby,2,0:05,ATL,foul,,,,,,,,Aaron Brooks,,Mike Bibby,,,,,,personal,,
Aaron Brooks,Chuck Hayes,Luis Scola,Shane Battier,Trevor Ariza,Al Horford,Jamal Crawford,Joe Johnson,Marvin Williams,Mike Bibby,2,0:00,HOU,shot,,,,,,,,,,Aaron Brooks,2,,,made,,fade away jumper,35,16
Aaron Brooks,Chuck Hayes,Luis Scola,Shane Battier,Trevor Ariza,Al Horford,Joe Johnson,Josh Smith,Marvin Williams,Mike Bibby,3,11:47,HOU,shot,,,,,,,,,,Aaron Brooks,2,,,made,,fade away jumper,38,15
Aaron Brooks,Chuck Hayes,Luis Scola,Shane Battier,Trevor Ariza,Al Horford,Joe Johnson,Josh Smith,Marvin Williams,Mike Bibby,3,11:25,ATL,shot,,,,,,,,,,Marvin Williams,,,,missed,,3pt,3,21
Aaron Brooks,Chuck Hayes,Luis Scola,Shane Battier,Trevor Ariza,Al Horford,Joe Johnson,Josh Smith,Marvin Williams,Mike Bibby,3,11:24,HOU,rebound,,,,,,,,,,Aaron Brooks,,,,,,def,,
Aaron Brooks,Chuck Hayes,Luis Scola,Shane Battier,Trevor Ariza,Al Horford,Joe Johnson,Josh Smith,Marvin Williams,Mike Bibby,3,11:18,HOU,shot,,,,,,,,,,Luis Scola,,,,missed,,running layup,27,7
Aaron Brooks,Chuck Hayes,Luis Scola,Shane Battier,Trevor Ariza,Al Horford,Joe Johnson,Josh Smith,Marvin Williams,Mike Bibby,3,11:16,HOU,rebound,,,,,,,,,,Luis Scola,,,,,,off,,
Aaron Brooks,Chuck Hayes,Luis Scola,Shane Battier,Trevor Ariza,Al Horford,Joe Johnson,Josh Smith,Marvin Williams,Mike Bibby,3,11:13,HOU,shot,,,,,,,,,,Shane Battier,,,,missed,,3pt,10,27
Aaron Brooks,Chuck Hayes,Luis Scola,Shane Battier,Trevor Ariza,Al Horford,Joe Johnson,Josh Smith,Marvin Williams,Mike Bibby,3,11:12,HOU,rebound,,,,,,,,,,Trevor Ariza,,,,,,off,,
Aaron Brooks,Chuck Hayes,Luis Scola,Shane Battier,Trevor Ariza,Al Horford,Joe Johnson,Josh Smith,Marvin Williams,Mike Bibby,3,11:04,ATL,foul,,,,,,,,Luis Scola,,Al Horford,,,,,,shooting,,
Aaron Brooks,Chuck Hayes,Luis Scola,Shane Battier,Trevor Ariza,Al Horford,Joe Johnson,Josh Smith,Marvin Williams,Mike Bibby,3,11:04,HOU,free throw,,,,,,,1,,2,Luis Scola,,,foul,made,,,,
Aaron Brooks,Chuck Hayes,Luis Scola,Shane Battier,Trevor Ariza,Al Horford,Joe Johnson,Josh Smith,Marvin Williams,Mike Bibby,3,11:04,HOU,free throw,,,,,,,2,,2,Luis Scola,,,foul,made,,,,
Aaron Brooks,Chuck Hayes,Luis Scola,Shane Battier,Trevor Ariza,Al Horford,Joe Johnson,Josh Smith,Marvin Williams,Mike Bibby,3,10:44,ATL,shot,,,,,,,,,,Joe Johnson,2,,,made,,driving jump,20,9
Aaron Brooks,Chuck Hayes,Luis Scola,Shane Battier,Trevor Ariza,Al Horford,Joe Johnson,Josh Smith,Marvin Williams,Mike Bibby,3,10:25,HOU,shot,,,,,,,,,,Trevor Ariza,,,,missed,,3pt,1,9
Aaron Brooks,Chuck Hayes,Luis Scola,Shane Battier,Trevor Ariza,Al Horford,Joe Johnson,Josh Smith,Marvin Williams,Mike Bibby,3,10:20,HOU,rebound,,,,,,,,,,Chuck Hayes,,,,,,off,,
Aaron Brooks,Chuck Hayes,Luis Scola,Shane Battier,Trevor Ariza,Al Horford,Joe Johnson,Josh Smith,Marvin Williams,Mike Bibby,3,10:10,HOU,shot,,,,,,,,,,Luis Scola,,,,missed,,jump,30,9
Aaron Brooks,Chuck Hayes,Luis Scola,Shane Battier,Trevor Ariza,Al Horford,Joe Johnson,Josh Smith,Marvin Williams,Mike Bibby,3,10:08,ATL,rebound,,,,,,,,,,Josh Smith,,,,,,def,,
Aaron Brooks,Chuck Hayes,Luis Scola,Shane Battier,Trevor Ariza,Al Horford,Joe Johnson,Josh Smith,Marvin Williams,Mike Bibby,3,9:55,HOU,foul,,,,,,,,Joe Johnson,,Chuck Hayes,,,,,,personal,,
Aaron Brooks,Chuck Hayes,Luis Scola,Shane Battier,Trevor Ariza,Al Horford,Joe Johnson,Josh Smith,Marvin Williams,Mike Bibby,3,9:45,ATL,shot,,,,,,,,,,Josh Smith,,,,missed,,jump,12,20
Aaron Brooks,Chuck Hayes,Luis Scola,Shane Battier,Trevor Ariza,Al Horford,Joe Johnson,Josh Smith,Marvin Williams,Mike Bibby,3,9:44,ATL,rebound,,,,,,,,,,Joe Johnson,,,,,,off,,
Aaron Brooks,Chuck Hayes,Luis Scola,Shane Battier,Trevor Ariza,Al Horford,Joe Johnson,Josh Smith,Marvin Williams,Mike Bibby,3,9:31,ATL,shot,,,,,,,,,,Joe Johnson,,,,missed,,driving layup,27,7
Aaron Brooks,Chuck Hayes,Luis Scola,Shane Battier,Trevor Ariza,Al Horford,Joe Johnson,Josh Smith,Marvin Williams,Mike Bibby,3,9:29,HOU,rebound,,,,,,,,,,Luis Scola,,,,,,def,,
Aaron Brooks,Chuck Hayes,Luis Scola,Shane Battier,Trevor Ariza,Al Horford,Joe Johnson,Josh Smith,Marvin Williams,Mike Bibby,3,9:05,HOU,shot,,,,,,,,,,Shane Battier,,,,missed,,3pt,8,26
Aaron Brooks,Chuck Hayes,Luis Scola,Shane Battier,Trevor Ariza,Al Horford,Joe Johnson,Josh Smith,Marvin Williams,Mike Bibby,3,9:03,HOU,rebound,,,,,,,,,,Chuck Hayes,,,,,,off,,
Aaron Brooks,Chuck Hayes,Luis Scola,Shane Battier,Trevor Ariza,Al Horford,Joe Johnson,Josh Smith,Marvin Williams,Mike Bibby,3,9:01,HOU,shot,,,,,,,,,,Chuck Hayes,,,,missed,,putback layup,25,6
Aaron Brooks,Chuck Hayes,Luis Scola,Shane Battier,Trevor Ariza,Al Horford,Joe Johnson,Josh Smith,Marvin Williams,Mike Bibby,3,8:59,HOU,rebound,,,,,,,,,,Trevor Ariza,,,,,,off,,
Aaron Brooks,Chuck Hayes,Luis Scola,Shane Battier,Trevor Ariza,Al Horford,Joe Johnson,Josh Smith,Marvin Williams,Mike Bibby,3,8:59,HOU,shot,,,,,,,,,,Trevor Ariza,2,,,made,,tip,25,6
Aaron Brooks,Chuck Hayes,Luis Scola,Shane Battier,Trevor Ariza,Al Horford,Joe Johnson,Josh Smith,Marvin Williams,Mike Bibby,3,8:38,ATL,shot,,,,,,,,,,Joe Johnson,2,,,made,,jump,38,14
Aaron Brooks,Chuck Hayes,Luis Scola,Shane Battier,Trevor Ariza,Al Horford,Joe Johnson,Josh Smith,Marvin Williams,Mike Bibby,3,8:29,HOU,shot,,,,,,,,,,Aaron Brooks,,,,missed,,jump,30,11
Aaron Brooks,Chuck Hayes,Luis Scola,Shane Battier,Trevor Ariza,Al Horford,Joe Johnson,Josh Smith,Marvin Williams,Mike Bibby,3,8:28,ATL,rebound,,,,,,,,,,Josh Smith,,,,,,def,,
Aaron Brooks,Chuck Hayes,Luis Scola,Shane Battier,Trevor Ariza,Al Horford,Joe Johnson,Josh Smith,Marvin Williams,Mike Bibby,3,8:14,ATL,shot,Joe Johnson,,,,,,,,,Mike Bibby,3,,,made,,3pt,14,29
Aaron Brooks,Chuck Hayes,Luis Scola,Shane Battier,Trevor Ariza,Al Horford,Joe Johnson,Josh Smith,Marvin Williams,Mike Bibby,3,7:57,HOU,shot,,,,,,,,,,Chuck Hayes,,,,missed,,driving layup,22,6
Aaron Brooks,Chuck Hayes,Luis Scola,Shane Battier,Trevor Ariza,Al Horford,Joe Johnson,Josh Smith,Marvin Williams,Mike Bibby,3,7:55,HOU,rebound,,,,,,,,,,Luis Scola,,,,,,off,,
Aaron Brooks,Chuck Hayes,Luis Scola,Shane Battier,Trevor Ariza,Al Horford,Joe Johnson,Josh Smith,Marvin Williams,Mike Bibby,3,7:55,ATL,foul,,,,,,,,Luis Scola,,Al Horford,,,,,,shooting,,
Aaron Brooks,Chuck Hayes,Luis Scola,Shane Battier,Trevor Ariza,Al Horford,Joe Johnson,Josh Smith,Marvin Williams,Mike Bibby,3,7:55,HOU,free throw,,,,,,,1,,2,Luis Scola,,,foul,made,,,,
Aaron Brooks,Chuck Hayes,Luis Scola,Shane Battier,Trevor Ariza,Al Horford,Joe Johnson,Josh Smith,Marvin Williams,Mike Bibby,3,7:55,HOU,free throw,,,,,,,2,,2,Luis Scola,,,foul,made,,,,
Aaron Brooks,Chuck Hayes,Luis Scola,Shane Battier,Trevor Ariza,Al Horford,Joe Johnson,Josh Smith,Marvin Williams,Mike Bibby,3,7:40,HOU,foul,,,,,,,,Al Horford,,Chuck Hayes,,,,,,shooting,,
Aaron Brooks,Chuck Hayes,Luis Scola,Shane Battier,Trevor Ariza,Al Horford,Joe Johnson,Josh Smith,Marvin Williams,Mike Bibby,3,7:40,ATL,free throw,,,,,,,1,,2,Al Horford,,,foul,made,,,,
Aaron Brooks,Chuck Hayes,Luis Scola,Shane Battier,Trevor Ariza,Al Horford,Joe Johnson,Josh Smith,Marvin Williams,Mike Bibby,3,7:40,ATL,free throw,,,,,,,2,,2,Al Horford,,,foul,made,,,,
Aaron Brooks,Chuck Hayes,Luis Scola,Shane Battier,Trevor Ariza,Al Horford,Joe Johnson,Josh Smith,Marvin Williams,Mike Bibby,3,7:17,HOU,shot,,,,,,,,,,Aaron Brooks,,,,missed,,driving layup,27,8
Aaron Brooks,Chuck Hayes,Luis Scola,Shane Battier,Trevor Ariza,Al Horford,Joe Johnson,Josh Smith,Marvin Williams,Mike Bibby,3,7:16,HOU,rebound,,,,,,,,,,Luis Scola,,,,,,off,,
Aaron Brooks,Chuck Hayes,Luis Scola,Shane Battier,Trevor Ariza,Al Horford,Joe Johnson,Josh Smith,Marvin Williams,Mike Bibby,3,7:16,HOU,turnover,,,,,,,,,,,,,shot clock turnover,,,,,
Aaron Brooks,Chuck Hayes,Luis Scola,Shane Battier,Trevor Ariza,Al Horford,Joe Johnson,Josh Smith,Marvin Williams,Mike Bibby,3,7:07,ATL,foul,,,,,,,,Luis Scola,,Josh Smith,,,,,,offensive,,
Aaron Brooks,Chuck Hayes,Luis Scola,Shane Battier,Trevor Ariza,Al Horford,Joe Johnson,Josh Smith,Marvin Williams,Mike Bibby,3,7:07,ATL,turnover,,,,,,,,,,Josh Smith,,,foul,,,,,
Aaron Brooks,Chuck Hayes,Luis Scola,Shane Battier,Trevor Ariza,Al Horford,Joe Johnson,Josh Smith,Marvin Williams,Mike Bibby,3,6:54,HOU,shot,,,,,,,,,,Trevor Ariza,,,,missed,,jump,12,22
Aaron Brooks,Chuck Hayes,Luis Scola,Shane Battier,Trevor Ariza,Al Horford,Joe Johnson,Josh Smith,Marvin Williams,Mike Bibby,3,6:54,HOU,rebound,,,,,,,,,,,,,,,,,,
Aaron Brooks,Chuck Hayes,Luis Scola,Shane Battier,Trevor Ariza,Al Horford,Jamal Crawford,Joe Johnson,Josh Smith,Mike Bibby,3,6:54,ATL,sub,,,,Jamal Crawford,,Marvin Williams,,,,,,,,,,,,
Aaron Brooks,Chuck Hayes,Luis Scola,Shane Battier,Trevor Ariza,Al Horford,Jamal Crawford,Joe Johnson,Josh Smith,Mike Bibby,3,6:42,HOU,shot,,,,,,,,,,Luis Scola,2,,,made,,turnaround jump,23,11
Aaron Brooks,Chuck Hayes,Luis Scola,Shane Battier,Trevor Ariza,Al Horford,Jamal Crawford,Joe Johnson,Josh Smith,Mike Bibby,3,6:34,ATL,shot,,,,,,,,,,Joe Johnson,,,,missed,,3pt,15,30
Aaron Brooks,Chuck Hayes,Luis Scola,Shane Battier,Trevor Ariza,Al Horford,Jamal Crawford,Joe Johnson,Josh Smith,Mike Bibby,3,6:32,ATL,rebound,,,,,,,,,,,,,,,,,,
Aaron Brooks,Chuck Hayes,Luis Scola,Shane Battier,Trevor Ariza,Al Horford,Jamal Crawford,Joe Johnson,Josh Smith,Mike Bibby,3,6:32,ATL,timeout,,,,,,,,,,,,,,,,regular,,
Aaron Brooks,Chuck Hayes,Kyle Lowry,Luis Scola,Trevor Ariza,Al Horford,Jamal Crawford,Joe Johnson,Josh Smith,Mike Bibby,3,6:32,HOU,sub,,,,Kyle Lowry,,Shane Battier,,,,,,,,,,,,
Aaron Brooks,Chuck Hayes,Kyle Lowry,Luis Scola,Trevor Ariza,Al Horford,Jamal Crawford,Joe Johnson,Josh Smith,Mike Bibby,3,6:28,HOU,foul,,,,,,,,Joe Johnson,,Chuck Hayes,,,,,,personal,,
Aaron Brooks,Carl Landry,Kyle Lowry,Luis Scola,Trevor Ariza,Al Horford,Jamal Crawford,Joe Johnson,Josh Smith,Mike Bibby,3,6:28,HOU,sub,,,,Carl Landry,,Chuck Hayes,,,,,,,,,,,,
Aaron Brooks,Carl Landry,Kyle Lowry,Luis Scola,Trevor Ariza,Al Horford,Jamal Crawford,Joe Johnson,Josh Smith,Mike Bibby,3,6:19,HOU,foul,,,,,,,,Josh Smith,,Carl Landry,,,,,,shooting,,
Aaron Brooks,Carl Landry,Kyle Lowry,Luis Scola,Trevor Ariza,Al Horford,Jamal Crawford,Joe Johnson,Josh Smith,Mike Bibby,3,6:19,ATL,free throw,,,,,,,1,,2,Josh Smith,,,foul,made,,,,
Aaron Brooks,Carl Landry,Kyle Lowry,Luis Scola,Trevor Ariza,Al Horford,Jamal Crawford,Joe Johnson,Josh Smith,Mike Bibby,3,6:19,ATL,free throw,,,,,,,2,,2,Josh Smith,,,foul,made,,,,
Aaron Brooks,Carl Landry,Kyle Lowry,Luis Scola,Trevor Ariza,Al Horford,Jamal Crawford,Joe Johnson,Josh Smith,Mike Bibby,3,5:54,HOU,shot,,,,,,,,,,Trevor Ariza,,,,missed,,jump,11,13
Aaron Brooks,Carl Landry,Kyle Lowry,Luis Scola,Trevor Ariza,Al Horford,Jamal Crawford,Joe Johnson,Josh Smith,Mike Bibby,3,5:52,HOU,rebound,,,,,,,,,,Kyle Lowry,,,,,,off,,
Aaron Brooks,Carl Landry,Kyle Lowry,Luis Scola,Trevor Ariza,Al Horford,Jamal Crawford,Joe Johnson,Josh Smith,Mike Bibby,3,5:45,HOU,shot,Kyle Lowry,,,,,,,,,Luis Scola,2,,,made,,jump,23,21
Aaron Brooks,Carl Landry,Kyle Lowry,Luis Scola,Trevor Ariza,Al Horford,Jamal Crawford,Joe Johnson,Josh Smith,Mike Bibby,3,5:24,ATL,shot,,,,,,,,,,Al Horford,,,,missed,,jump,33,21
Aaron Brooks,Carl Landry,Kyle Lowry,Luis Scola,Trevor Ariza,Al Horford,Jamal Crawford,Joe Johnson,Josh Smith,Mike Bibby,3,5:23,HOU,rebound,,,,,,,,,,Luis Scola,,,,,,def,,
Aaron Brooks,Carl Landry,Kyle Lowry,Luis Scola,Trevor Ariza,Al Horford,Jamal Crawford,Joe Johnson,Josh Smith,Mike Bibby,3,5:09,HOU,shot,,,,,,,,,,Aaron Brooks,,,,missed,,3pt,1,16
Aaron Brooks,Carl Landry,Kyle Lowry,Luis Scola,Trevor Ariza,Al Horford,Jamal Crawford,Joe Johnson,Josh Smith,Mike Bibby,3,5:08,ATL,rebound,,,,,,,,,,,,,,,,,,
Aaron Brooks,Carl Landry,Kyle Lowry,Luis Scola,Trevor Ariza,Al Horford,Jamal Crawford,Joe Johnson,Josh Smith,Mike Bibby,3,5:08,HOU,foul,,,,,,,,Josh Smith,,Carl Landry,,,,,,loose ball,,
Aaron Brooks,Carl Landry,Kyle Lowry,Luis Scola,Trevor Ariza,Jamal Crawford,Joe Johnson,Josh Smith,Mike Bibby,Zaza Pachulia,3,5:08,ATL,sub,,,,Zaza Pachulia,,Al Horford,,,,,,,,,,,,
Aaron Brooks,Carl Landry,Kyle Lowry,Luis Scola,Trevor Ariza,Jamal Crawford,Joe Johnson,Josh Smith,Mike Bibby,Zaza Pachulia,3,5:08,ATL,free throw,,,,,,,1,,2,Josh Smith,,,foul,missed,,,,
Aaron Brooks,Carl Landry,Kyle Lowry,Luis Scola,Trevor Ariza,Jamal Crawford,Joe Johnson,Josh Smith,Mike Bibby,Zaza Pachulia,3,5:08,ATL,rebound,,,,,,,,,,,,,,,,,,
Aaron Brooks,Carl Landry,Kyle Lowry,Luis Scola,Trevor Ariza,Jamal Crawford,Joe Johnson,Josh Smith,Mike Bibby,Zaza Pachulia,3,5:08,ATL,free throw,,,,,,,2,,2,Josh Smith,,,foul,missed,,,,
Aaron Brooks,Carl Landry,Kyle Lowry,Luis Scola,Trevor Ariza,Jamal Crawford,Joe Johnson,Josh Smith,Mike Bibby,Zaza Pachulia,3,5:06,HOU,rebound,,,,,,,,,,Trevor Ariza,,,,,,def,,
Aaron Brooks,Carl Landry,Kyle Lowry,Luis Scola,Trevor Ariza,Jamal Crawford,Joe Johnson,Josh Smith,Mike Bibby,Zaza Pachulia,3,4:52,HOU,turnover,,,,,,,,,,Kyle Lowry,,,out of bounds lost ball turnover,,,,,
Aaron Brooks,Carl Landry,Kyle Lowry,Luis Scola,Trevor Ariza,Jamal Crawford,Joe Johnson,Josh Smith,Mike Bibby,Zaza Pachulia,3,4:39,ATL,foul,,,,,,,,Luis Scola,,Zaza Pachulia,,,,,,offensive,,
Aaron Brooks,Carl Landry,Kyle Lowry,Luis Scola,Trevor Ariza,Jamal Crawford,Joe Johnson,Josh Smith,Mike Bibby,Zaza Pachulia,3,4:39,ATL,turnover,,,,,,,,,,Zaza Pachulia,,,foul,,,,,
Aaron Brooks,Carl Landry,Kyle Lowry,Luis Scola,Trevor Ariza,Jamal Crawford,Josh Smith,Marvin Williams,Mike Bibby,Zaza Pachulia,3,4:39,ATL,sub,,,,Marvin Williams,,Joe Johnson,,,,,,,,,,,,
Aaron Brooks,Carl Landry,Kyle Lowry,Luis Scola,Trevor Ariza,Jamal Crawford,Josh Smith,Marvin Williams,Mike Bibby,Zaza Pachulia,3,4:15,HOU,shot,,,Zaza Pachulia,,,,,,,Aaron Brooks,,,,missed,,driving layup,25,9
Aaron Brooks,Carl Landry,Kyle Lowry,Luis Scola,Trevor Ariza,Jamal Crawford,Josh Smith,Marvin Williams,Mike Bibby,Zaza Pachulia,3,4:14,HOU,rebound,,,,,,,,,,Aaron Brooks,,,,,,off,,
Aaron Brooks,Carl Landry,Kyle Lowry,Luis Scola,Trevor Ariza,Jamal Crawford,Josh Smith,Marvin Williams,Mike Bibby,Zaza Pachulia,3,4:11,HOU,shot,,,Jamal Crawford,,,,,,,Aaron Brooks,,,,missed,,layup,25,6
Aaron Brooks,Carl Landry,Kyle Lowry,Luis Scola,Trevor Ariza,Jamal Crawford,Josh Smith,Marvin Williams,Mike Bibby,Zaza Pachulia,3,4:11,HOU,rebound,,,,,,,,,,,,,,,,,,
Aaron Brooks,Carl Landry,Kyle Lowry,Luis Scola,Trevor Ariza,Jamal Crawford,Josh Smith,Marvin Williams,Mike Bibby,Zaza Pachulia,3,4:11,HOU,turnover,,,,,,,,,,Kyle Lowry,,,bad pass,,Mike Bibby,,,
Aaron Brooks,Carl Landry,Kyle Lowry,Luis Scola,Trevor Ariza,Jamal Crawford,Josh Smith,Marvin Williams,Mike Bibby,Zaza Pachulia,3,4:07,ATL,shot,Josh Smith,,,,,,,,,Marvin Williams,2,,,made,,running dunk,25,6
Aaron Brooks,Carl Landry,Kyle Lowry,Luis Scola,Trevor Ariza,Jamal Crawford,Josh Smith,Marvin Williams,Mike Bibby,Zaza Pachulia,3,4:03,ATL,foul,,,,,,,,Trevor Ariza,,Josh Smith,,,,,,personal,,
Aaron Brooks,Carl Landry,Kyle Lowry,Luis Scola,Trevor Ariza,Jamal Crawford,Joe Johnson,Marvin Williams,Mike Bibby,Zaza Pachulia,3,4:03,ATL,sub,,,,Joe Johnson,,Josh Smith,,,,,,,,,,,,
Aaron Brooks,Carl Landry,Kyle Lowry,Luis Scola,Trevor Ariza,Jamal Crawford,Joe Johnson,Marvin Williams,Mike Bibby,Zaza Pachulia,3,3:56,HOU,shot,,,,,,,,,,Luis Scola,,,,missed,,turnaround jump,17,10
Aaron Brooks,Carl Landry,Kyle Lowry,Luis Scola,Trevor Ariza,Jamal Crawford,Joe Johnson,Marvin Williams,Mike Bibby,Zaza Pachulia,3,3:56,ATL,rebound,,,,,,,,,,,,,,,,,,
Aaron Brooks,Carl Landry,Kyle Lowry,Luis Scola,Trevor Ariza,Jamal Crawford,Joe Johnson,Marvin Williams,Mike Bibby,Zaza Pachulia,3,3:40,ATL,shot,,,,,,,,,,Mike Bibby,,,,missed,,3pt,42,25
Aaron Brooks,Carl Landry,Kyle Lowry,Luis Scola,Trevor Ariza,Jamal Crawford,Joe Johnson,Marvin Williams,Mike Bibby,Zaza Pachulia,3,3:38,HOU,rebound,,,,,,,,,,Carl Landry,,,,,,def,,
Aaron Brooks,Carl Landry,Kyle Lowry,Luis Scola,Trevor Ariza,Jamal Crawford,Joe Johnson,Marvin Williams,Mike Bibby,Zaza Pachulia,3,3:32,HOU,shot,,,,,,,,,,Kyle Lowry,,,,missed,,running layup,22,6
Aaron Brooks,Carl Landry,Kyle Lowry,Luis Scola,Trevor Ariza,Jamal Crawford,Joe Johnson,Marvin Williams,Mike Bibby,Zaza Pachulia,3,3:31,ATL,rebound,,,,,,,,,,,,,,,,,,
Aaron Brooks,Carl Landry,Kyle Lowry,Luis Scola,Trevor Ariza,Jamal Crawford,Joe Johnson,Marvin Williams,Mike Bibby,Zaza Pachulia,3,3:19,ATL,shot,,,,,,,,,,Jamal Crawford,2,,,made,,jump,40,12
Aaron Brooks,Carl Landry,Kyle Lowry,Luis Scola,Trevor Ariza,Jamal Crawford,Joe Johnson,Marvin Williams,Mike Bibby,Zaza Pachulia,3,3:04,HOU,shot,,,,,,,,,,Carl Landry,,,,missed,,fade away jumper,18,12
Aaron Brooks,Carl Landry,Kyle Lowry,Luis Scola,Trevor Ariza,Jamal Crawford,Joe Johnson,Marvin Williams,Mike Bibby,Zaza Pachulia,3,3:02,HOU,rebound,,,,,,,,,,Luis Scola,,,,,,off,,
Aaron Brooks,Carl Landry,Kyle Lowry,Luis Scola,Trevor Ariza,Jamal Crawford,Joe Johnson,Marvin Williams,Mike Bibby,Zaza Pachulia,3,2:52,HOU,shot,Trevor Ariza,,,,,,,,,Carl Landry,2,,,made,,layup,26,8
Aaron Brooks,Carl Landry,Kyle Lowry,Luis Scola,Trevor Ariza,Jamal Crawford,Joe Johnson,Marvin Williams,Mike Bibby,Zaza Pachulia,3,2:31,ATL,shot,,,,,,,,,,Joe Johnson,2,,,made,,fade away jumper,11,16
Aaron Brooks,Carl Landry,Kyle Lowry,Luis Scola,Trevor Ariza,Jamal Crawford,Joe Johnson,Marvin Williams,Mike Bibby,Zaza Pachulia,3,2:10,HOU,shot,Kyle Lowry,,,,,,,,,Carl Landry,2,,,made,,fade away jumper,22,12
Aaron Brooks,Carl Landry,Kyle Lowry,Luis Scola,Trevor Ariza,Jamal Crawford,Joe Johnson,Marvin Williams,Mike Bibby,Zaza Pachulia,3,2:01,ATL,turnover,,,,,,,,,,Joe Johnson,,,lost ball,,Kyle Lowry,,,
Aaron Brooks,Carl Landry,Kyle Lowry,Luis Scola,Trevor Ariza,Jamal Crawford,Joe Johnson,Marvin Williams,Mike Bibby,Zaza Pachulia,3,1:57,HOU,turnover,,,,,,,,,,Carl Landry,,,bad pass,,Jamal Crawford,,,
Aaron Brooks,Carl Landry,Kyle Lowry,Luis Scola,Trevor Ariza,Jamal Crawford,Joe Johnson,Marvin Williams,Mike Bibby,Zaza Pachulia,3,1:51,ATL,shot,Jamal Crawford,,,,,,,,,Marvin Williams,3,,,made,,3pt,48,9
Aaron Brooks,Carl Landry,Kyle Lowry,Luis Scola,Trevor Ariza,Jamal Crawford,Joe Johnson,Marvin Williams,Mike Bibby,Zaza Pachulia,3,1:46,HOU,timeout,,,,,,,,,,,,,,,,regular,,
Aaron Brooks,Carl Landry,Kyle Lowry,Luis Scola,Trevor Ariza,Jamal Crawford,Joe Johnson,Marvin Williams,Mike Bibby,Zaza Pachulia,3,1:34,HOU,shot,,,,,,,,,,Trevor Ariza,,,,missed,,layup,27,6
Aaron Brooks,Carl Landry,Kyle Lowry,Luis Scola,Trevor Ariza,Jamal Crawford,Joe Johnson,Marvin Williams,Mike Bibby,Zaza Pachulia,3,1:32,HOU,rebound,,,,,,,,,,Carl Landry,,,,,,off,,
Aaron Brooks,Carl Landry,Kyle Lowry,Luis Scola,Trevor Ariza,Jamal Crawford,Joe Johnson,Marvin Williams,Mike Bibby,Zaza Pachulia,3,1:29,HOU,shot,Carl Landry,,,,,,,,,Kyle Lowry,3,,,made,,3pt,25,32
Aaron Brooks,Carl Landry,Kyle Lowry,Luis Scola,Trevor Ariza,Jamal Crawford,Joe Johnson,Marvin Williams,Mike Bibby,Zaza Pachulia,3,1:17,ATL,foul,,,,,,,,Kyle Lowry,,Zaza Pachulia,,,,,,offensive,,
Aaron Brooks,Carl Landry,Kyle Lowry,Luis Scola,Trevor Ariza,Jamal Crawford,Joe Johnson,Marvin Williams,Mike Bibby,Zaza Pachulia,3,1:17,ATL,turnover,,,,,,,,,,Zaza Pachulia,,,foul,,,,,
Aaron Brooks,Carl Landry,Kyle Lowry,Luis Scola,Trevor Ariza,Jamal Crawford,Joe Johnson,Marvin Williams,Mike Bibby,Zaza Pachulia,3,1:09,ATL,foul,,,,,,,,Kyle Lowry,,Zaza Pachulia,,,,,,shooting,,
Aaron Brooks,Carl Landry,Kyle Lowry,Luis Scola,Trevor Ariza,Jamal Crawford,Joe Johnson,Marvin Williams,Mike Bibby,Zaza Pachulia,3,1:09,HOU,free throw,,,,,,,1,,2,Kyle Lowry,,,foul,missed,,,,
Aaron Brooks,Carl Landry,Kyle Lowry,Luis Scola,Trevor Ariza,Jamal Crawford,Joe Johnson,Marvin Williams,Mike Bibby,Zaza Pachulia,3,1:09,HOU,rebound,,,,,,,,,,,,,,,,,,
Aaron Brooks,Carl Landry,Kyle Lowry,Luis Scola,Trevor Ariza,Jamal Crawford,Joe Johnson,Marvin Williams,Mike Bibby,Zaza Pachulia,3,1:09,HOU,free throw,,,,,,,2,,2,Kyle Lowry,,,foul,missed,,,,
Aaron Brooks,Carl Landry,Kyle Lowry,Luis Scola,Trevor Ariza,Jamal Crawford,Joe Johnson,Marvin Williams,Mike Bibby,Zaza Pachulia,3,1:08,ATL,rebound,,,,,,,,,,Marvin Williams,,,,,,def,,
Aaron Brooks,Carl Landry,Kyle Lowry,Luis Scola,Trevor Ariza,Jamal Crawford,Joe Johnson,Marvin Williams,Mike Bibby,Zaza Pachulia,3,0:51,ATL,shot,,,,,,,,,,Joe Johnson,,,,missed,,fade away jumper,39,14
Aaron Brooks,Carl Landry,Kyle Lowry,Luis Scola,Trevor Ariza,Jamal Crawford,Joe Johnson,Marvin Williams,Mike Bibby,Zaza Pachulia,3,0:49,ATL,rebound,,,,,,,,,,Zaza Pachulia,,,,,,off,,
Aaron Brooks,Carl Landry,Kyle Lowry,Luis Scola,Trevor Ariza,Jamal Crawford,Joe Johnson,Marvin Williams,Mike Bibby,Zaza Pachulia,3,0:45,ATL,shot,,,,,,,,,,Jamal Crawford,,,,missed,,3pt,41,27
Aaron Brooks,Carl Landry,Kyle Lowry,Luis Scola,Trevor Ariza,Jamal Crawford,Joe Johnson,Marvin Williams,Mike Bibby,Zaza Pachulia,3,0:44,HOU,rebound,,,,,,,,,,Aaron Brooks,,,,,,def,,
Aaron Brooks,Carl Landry,Kyle Lowry,Luis Scola,Trevor Ariza,Jamal Crawford,Joe Johnson,Marvin Williams,Mike Bibby,Zaza Pachulia,3,0:37,HOU,shot,,,,,,,,,,Aaron Brooks,2,,,made,,jump,19,23
Aaron Brooks,Carl Landry,Kyle Lowry,Luis Scola,Trevor Ariza,Jamal Crawford,Joe Johnson,Marvin Williams,Mike Bibby,Zaza Pachulia,3,0:30,HOU,foul,,,,,,,,Joe Johnson,,Carl Landry,,,,,,shooting,,
Aaron Brooks,Carl Landry,Kyle Lowry,Luis Scola,Trevor Ariza,Jamal Crawford,Joe Johnson,Marvin Williams,Mike Bibby,Zaza Pachulia,3,0:30,ATL,free throw,,,,,,,1,,2,Joe Johnson,,,foul,made,,,,
Aaron Brooks,Carl Landry,Kyle Lowry,Luis Scola,Trevor Ariza,Jamal Crawford,Joe Johnson,Marvin Williams,Mike Bibby,Zaza Pachulia,3,0:30,ATL,free throw,,,,,,,2,,2,Joe Johnson,,,foul,made,,,,
Aaron Brooks,Carl Landry,Kyle Lowry,Luis Scola,Trevor Ariza,Jamal Crawford,Joe Johnson,Marvin Williams,Mike Bibby,Zaza Pachulia,3,0:06,HOU,shot,,,Zaza Pachulia,,,,,,,Kyle Lowry,,,,missed,,jump,21,7
Aaron Brooks,Carl Landry,Kyle Lowry,Luis Scola,Trevor Ariza,Jamal Crawford,Joe Johnson,Marvin Williams,Mike Bibby,Zaza Pachulia,3,0:05,ATL,rebound,,,,,,,,,,Jamal Crawford,,,,,,def,,
Aaron Brooks,Carl Landry,Kyle Lowry,Luis Scola,Trevor Ariza,Jamal Crawford,Joe Johnson,Marvin Williams,Mike Bibby,Zaza Pachulia,3,0:03,ATL,turnover,,,,,,,,,,Jamal Crawford,,,out of bounds lost ball turnover,,,,,
Aaron Brooks,Carl Landry,Kyle Lowry,Luis Scola,Trevor Ariza,Jamal Crawford,Joe Johnson,Marvin Williams,Mike Bibby,Zaza Pachulia,3,0:00,HOU,shot,,,,,,,,,,Aaron Brooks,,,,missed,,running jump,23,15
Aaron Brooks,Carl Landry,Kyle Lowry,Luis Scola,Trevor Ariza,Jamal Crawford,Joe Johnson,Marvin Williams,Mike Bibby,Zaza Pachulia,3,0:00,HOU,rebound,,,,,,,,,,,,,,,,,,
Carl Landry,Chase Budinger,David Andersen,Kyle Lowry,Shane Battier,Al Horford,Jamal Crawford,Joe Johnson,Marvin Williams,Maurice Evans,4,11:46,ATL,shot,,,,,,,,,,Joe Johnson,,,,missed,,fade away jumper,17,18
Carl Landry,Chase Budinger,David Andersen,Kyle Lowry,Shane Battier,Al Horford,Jamal Crawford,Joe Johnson,Marvin Williams,Maurice Evans,4,11:44,HOU,rebound,,,,,,,,,,Carl Landry,,,,,,def,,
Carl Landry,Chase Budinger,David Andersen,Kyle Lowry,Shane Battier,Al Horford,Jamal Crawford,Joe Johnson,Marvin Williams,Maurice Evans,4,11:30,HOU,shot,Shane Battier,,,,,,,,,David Andersen,2,,,made,,jump,35,21
Carl Landry,Chase Budinger,David Andersen,Kyle Lowry,Shane Battier,Al Horford,Jamal Crawford,Joe Johnson,Marvin Williams,Maurice Evans,4,11:06,ATL,shot,,,,,,,,,,Marvin Williams,,,,missed,,jump,28,11
Carl Landry,Chase Budinger,David Andersen,Kyle Lowry,Shane Battier,Al Horford,Jamal Crawford,Joe Johnson,Marvin Williams,Maurice Evans,4,11:05,ATL,rebound,,,,,,,,,,Marvin Williams,,,,,,off,,
Carl Landry,Chase Budinger,David Andersen,Kyle Lowry,Shane Battier,Al Horford,Jamal Crawford,Joe Johnson,Marvin Williams,Maurice Evans,4,11:05,ATL,jump ball,,Carl Landry,,,Marvin Williams,,,,,,,Maurice Evans,,,,,,
Carl Landry,Chase Budinger,David Andersen,Kyle Lowry,Shane Battier,Al Horford,Jamal Crawford,Joe Johnson,Marvin Williams,Maurice Evans,4,10:58,ATL,shot,,,,,,,,,,Jamal Crawford,,,,missed,,3pt,45,27
Carl Landry,Chase Budinger,David Andersen,Kyle Lowry,Shane Battier,Al Horford,Jamal Crawford,Joe Johnson,Marvin Williams,Maurice Evans,4,10:56,HOU,rebound,,,,,,,,,,Carl Landry,,,,,,def,,
Carl Landry,Chase Budinger,David Andersen,Kyle Lowry,Shane Battier,Al Horford,Jamal Crawford,Joe Johnson,Marvin Williams,Maurice Evans,4,10:53,ATL,foul,,,,,,,,Kyle Lowry,,Marvin Williams,,,,,,personal,,
Carl Landry,Chase Budinger,David Andersen,Kyle Lowry,Shane Battier,Al Horford,Jamal Crawford,Joe Johnson,Marvin Williams,Maurice Evans,4,10:44,HOU,shot,Kyle Lowry,,,,,,,,,Shane Battier,3,,,made,,3pt,8,27
Carl Landry,Chase Budinger,David Andersen,Kyle Lowry,Shane Battier,Al Horford,Jamal Crawford,Joe Johnson,Marvin Williams,Maurice Evans,4,10:24,ATL,shot,,,,,,,,,,Al Horford,2,,,made,,hook,26,9
Carl Landry,Chase Budinger,David Andersen,Kyle Lowry,Shane Battier,Al Horford,Jamal Crawford,Joe Johnson,Marvin Williams,Maurice Evans,4,10:10,HOU,shot,Kyle Lowry,,,,,,,,,David Andersen,2,,,made,,layup,23,7
Carl Landry,Chase Budinger,David Andersen,Kyle Lowry,Shane Battier,Al Horford,Jamal Crawford,Joe Johnson,Marvin Williams,Maurice Evans,4,9:57,HOU,foul,,,,,,,,Al Horford,,David Andersen,,,,,,personal,,
Carl Landry,Chase Budinger,David Andersen,Kyle Lowry,Shane Battier,Al Horford,Jamal Crawford,Joe Johnson,Josh Smith,Marvin Williams,4,9:57,ATL,sub,,,,Josh Smith,,Maurice Evans,,,,,,,,,,,,
Carl Landry,Chase Budinger,David Andersen,Kyle Lowry,Shane Battier,Al Horford,Jamal Crawford,Joe Johnson,Josh Smith,Marvin Williams,4,9:54,ATL,foul,,,,,,,,Kyle Lowry,,Al Horford,,,,,,offensive,,
Carl Landry,Chase Budinger,David Andersen,Kyle Lowry,Shane Battier,Al Horford,Jamal Crawford,Joe Johnson,Josh Smith,Marvin Williams,4,9:54,ATL,turnover,,,,,,,,,,Al Horford,,,foul,,,,,
Carl Landry,Chase Budinger,David Andersen,Kyle Lowry,Shane Battier,Al Horford,Jamal Crawford,Joe Johnson,Josh Smith,Marvin Williams,4,9:35,HOU,shot,,,Al Horford,,,,,,,Carl Landry,,,,missed,,jump,25,10
Carl Landry,Chase Budinger,David Andersen,Kyle Lowry,Shane Battier,Al Horford,Jamal Crawford,Joe Johnson,Josh Smith,Marvin Williams,4,9:33,HOU,rebound,,,,,,,,,,Carl Landry,,,,,,off,,
Carl Landry,Chase Budinger,David Andersen,Kyle Lowry,Shane Battier,Al Horford,Jamal Crawford,Joe Johnson,Josh Smith,Marvin Williams,4,9:32,HOU,shot,,,Josh Smith,,,,,,,Carl Landry,,,,missed,,putback layup,25,6
Carl Landry,Chase Budinger,David Andersen,Kyle Lowry,Shane Battier,Al Horford,Jamal Crawford,Joe Johnson,Josh Smith,Marvin Williams,4,9:29,HOU,rebound,,,,,,,,,,Carl Landry,,,,,,off,,
Carl Landry,Chase Budinger,David Andersen,Kyle Lowry,Shane Battier,Al Horford,Jamal Crawford,Joe Johnson,Josh Smith,Marvin Williams,4,9:28,HOU,shot,,,Josh Smith,,,,,,,Carl Landry,,,,missed,,putback layup,25,6
Carl Landry,Chase Budinger,David Andersen,Kyle Lowry,Shane Battier,Al Horford,Jamal Crawford,Joe Johnson,Josh Smith,Marvin Williams,4,9:27,HOU,rebound,,,,,,,,,,Carl Landry,,,,,,off,,
Carl Landry,Chase Budinger,David Andersen,Kyle Lowry,Shane Battier,Al Horford,Jamal Crawford,Joe Johnson,Josh Smith,Marvin Williams,4,9:27,ATL,foul,,,,,,,,Carl Landry,,Josh Smith,,,,,,shooting,,
Carl Landry,Chase Budinger,David Andersen,Kyle Lowry,Shane Battier,Al Horford,Jamal Crawford,Joe Johnson,Josh Smith,Marvin Williams,4,9:27,HOU,free throw,,,,,,,1,,2,Carl Landry,,,foul,made,,,,
Carl Landry,Chase Budinger,David Andersen,Kyle Lowry,Shane Battier,Al Horford,Jamal Crawford,Joe Johnson,Marvin Williams,Mike Bibby,4,9:27,ATL,sub,,,,Mike Bibby,,Josh Smith,,,,,,,,,,,,
Carl Landry,Chase Budinger,David Andersen,Kyle Lowry,Shane Battier,Al Horford,Jamal Crawford,Joe Johnson,Marvin Williams,Mike Bibby,4,9:27,HOU,free throw,,,,,,,2,,2,Carl Landry,,,foul,made,,,,
Carl Landry,Chase Budinger,David Andersen,Kyle Lowry,Shane Battier,Al Horford,Jamal Crawford,Joe Johnson,Marvin Williams,Mike Bibby,4,9:10,HOU,foul,,,,,,,,Al Horford,,David Andersen,,,,,,personal,,
Carl Landry,Chase Budinger,David Andersen,Kyle Lowry,Shane Battier,Al Horford,Jamal Crawford,Joe Johnson,Marvin Williams,Mike Bibby,4,9:02,ATL,shot,,,,,,,,,,Joe Johnson,,,,missed,,3pt,1,11
Carl Landry,Chase Budinger,David Andersen,Kyle Lowry,Shane Battier,Al Horford,Jamal Crawford,Joe Johnson,Marvin Williams,Mike Bibby,4,9:00,HOU,rebound,,,,,,,,,,Kyle Lowry,,,,,,def,,
Carl Landry,Chase Budinger,David Andersen,Kyle Lowry,Shane Battier,Al Horford,Jamal Crawford,Joe Johnson,Marvin Williams,Mike Bibby,4,8:47,HOU,shot,Kyle Lowry,,,,,,,,,Chase Budinger,3,,,made,,3pt,3,20
Carl Landry,Chase Budinger,David Andersen,Kyle Lowry,Shane Battier,Al Horford,Jamal Crawford,Joe Johnson,Marvin Williams,Mike Bibby,4,8:28,ATL,shot,Jamal Crawford,,,,,,,,,Al Horford,2,,,made,,jump,24,10
Carl Landry,Chase Budinger,David Andersen,Kyle Lowry,Shane Battier,Al Horford,Jamal Crawford,Joe Johnson,Marvin Williams,Mike Bibby,4,8:10,HOU,shot,,,,,,,,,,Kyle Lowry,,,,missed,,running jump,31,8
Carl Landry,Chase Budinger,David Andersen,Kyle Lowry,Shane Battier,Al Horford,Jamal Crawford,Joe Johnson,Marvin Williams,Mike Bibby,4,8:06,HOU,rebound,,,,,,,,,,David Andersen,,,,,,off,,
Carl Landry,Chase Budinger,David Andersen,Kyle Lowry,Shane Battier,Al Horford,Jamal Crawford,Joe Johnson,Marvin Williams,Mike Bibby,4,7:53,HOU,shot,David Andersen,,,,,,,,,Carl Landry,2,,,made,,dunk,25,6
Carl Landry,Chase Budinger,David Andersen,Kyle Lowry,Shane Battier,Al Horford,Jamal Crawford,Joe Johnson,Marvin Williams,Mike Bibby,4,7:29,HOU,foul,,,,,,,,Jamal Crawford,,David Andersen,,,,,,shooting,,
Carl Landry,Chase Budinger,David Andersen,Kyle Lowry,Shane Battier,Al Horford,Jamal Crawford,Joe Johnson,Marvin Williams,Mike Bibby,4,7:29,ATL,timeout,,,,,,,,,,,,,,,,official,,
Aaron Brooks,Carl Landry,David Andersen,Kyle Lowry,Shane Battier,Al Horford,Jamal Crawford,Joe Johnson,Marvin Williams,Mike Bibby,4,7:29,HOU,sub,,,,Aaron Brooks,,Chase Budinger,,,,,,,,,,,,
Aaron Brooks,Carl Landry,David Andersen,Kyle Lowry,Shane Battier,Al Horford,Jamal Crawford,Joe Johnson,Marvin Williams,Mike Bibby,4,7:29,ATL,free throw,,,,,,,1,,2,Jamal Crawford,,,foul,missed,,,,
Aaron Brooks,Carl Landry,David Andersen,Kyle Lowry,Shane Battier,Al Horford,Jamal Crawford,Joe Johnson,Marvin Williams,Mike Bibby,4,7:29,ATL,rebound,,,,,,,,,,,,,,,,,,
Aaron Brooks,Carl Landry,David Andersen,Kyle Lowry,Shane Battier,Al Horford,Jamal Crawford,Joe Johnson,Marvin Williams,Mike Bibby,4,7:29,ATL,free throw,,,,,,,2,,2,Jamal Crawford,,,foul,made,,,,
Aaron Brooks,Carl Landry,David Andersen,Kyle Lowry,Shane Battier,Al Horford,Jamal Crawford,Joe Johnson,Marvin Williams,Mike Bibby,4,7:07,HOU,shot,,,,,,,,,,Aaron Brooks,2,,,made,,driving layup,26,6
Aaron Brooks,Carl Landry,David Andersen,Kyle Lowry,Shane Battier,Al Horford,Jamal Crawford,Joe Johnson,Marvin Williams,Mike Bibby,4,6:49,HOU,foul,,,,,,,,Joe Johnson,,David Andersen,,,,,,shooting,,
Aaron Brooks,Carl Landry,Kyle Lowry,Luis Scola,Shane Battier,Al Horford,Jamal Crawford,Joe Johnson,Marvin Williams,Mike Bibby,4,6:49,HOU,sub,,,,Luis Scola,,David Andersen,,,,,,,,,,,,
Aaron Brooks,Carl Landry,Kyle Lowry,Luis Scola,Shane Battier,Al Horford,Jamal Crawford,Joe Johnson,Marvin Williams,Mike Bibby,4,6:49,ATL,free throw,,,,,,,1,,2,Joe Johnson,,,foul,made,,,,
Aaron Brooks,Carl Landry,Luis Scola,Shane Battier,Trevor Ariza,Al Horford,Jamal Crawford,Joe Johnson,Marvin Williams,Mike Bibby,4,6:49,HOU,sub,,,,Trevor Ariza,,Kyle Lowry,,,,,,,,,,,,
Aaron Brooks,Carl Landry,Luis Scola,Shane Battier,Trevor Ariza,Al Horford,Jamal Crawford,Joe Johnson,Marvin Williams,Mike Bibby,4,6:49,ATL,free throw,,,,,,,2,,2,Joe Johnson,,,foul,made,,,,
Aaron Brooks,Carl Landry,Luis Scola,Shane Battier,Trevor Ariza,Al Horford,Jamal Crawford,Joe Johnson,Marvin Williams,Mike Bibby,4,6:25,HOU,shot,,,,,,,,,,Trevor Ariza,,,,missed,,3pt,15,30
Aaron Brooks,Carl Landry,Luis Scola,Shane Battier,Trevor Ariza,Al Horford,Jamal Crawford,Joe Johnson,Marvin Williams,Mike Bibby,4,6:24,ATL,rebound,,,,,,,,,,Mike Bibby,,,,,,def,,
Aaron Brooks,Carl Landry,Luis Scola,Shane Battier,Trevor Ariza,Al Horford,Jamal Crawford,Joe Johnson,Marvin Williams,Mike Bibby,4,6:13,ATL,shot,,,,,,,,,,Marvin Williams,2,,,made,,driving layup,23,8
Aaron Brooks,Carl Landry,Luis Scola,Shane Battier,Trevor Ariza,Al Horford,Jamal Crawford,Joe Johnson,Marvin Williams,Mike Bibby,4,5:45,HOU,shot,,,,,,,,,,Shane Battier,,,,missed,,driving layup,23,7
Aaron Brooks,Carl Landry,Luis Scola,Shane Battier,Trevor Ariza,Al Horford,Jamal Crawford,Joe Johnson,Marvin Williams,Mike Bibby,4,5:43,ATL,rebound,,,,,,,,,,Al Horford,,,,,,def,,
Aaron Brooks,Carl Landry,Luis Scola,Shane Battier,Trevor Ariza,Al Horford,Jamal Crawford,Joe Johnson,Marvin Williams,Mike Bibby,4,5:42,ATL,timeout,,,,,,,,,,,,,,,,regular,,
Aaron Brooks,Carl Landry,Luis Scola,Shane Battier,Trevor Ariza,Al Horford,Jamal Crawford,Joe Johnson,Marvin Williams,Mike Bibby,4,5:34,ATL,shot,,,,,,,,,,Mike Bibby,,,,missed,,driving jump,28,8
Aaron Brooks,Carl Landry,Luis Scola,Shane Battier,Trevor Ariza,Al Horford,Jamal Crawford,Joe Johnson,Marvin Williams,Mike Bibby,4,5:33,ATL,rebound,,,,,,,,,,Al Horford,,,,,,off,,
Aaron Brooks,Carl Landry,Luis Scola,Shane Battier,Trevor Ariza,Al Horford,Jamal Crawford,Joe Johnson,Marvin Williams,Mike Bibby,4,5:32,ATL,shot,,,,,,,,,,Al Horford,2,,,made,,putback layup,25,6
Aaron Brooks,Carl Landry,Luis Scola,Shane Battier,Trevor Ariza,Al Horford,Jamal Crawford,Joe Johnson,Marvin Williams,Mike Bibby,4,5:16,HOU,shot,,,,,,,,,,Aaron Brooks,,,,missed,,jump,36,16
Aaron Brooks,Carl Landry,Luis Scola,Shane Battier,Trevor Ariza,Al Horford,Jamal Crawford,Joe Johnson,Marvin Williams,Mike Bibby,4,5:15,ATL,rebound,,,,,,,,,,Mike Bibby,,,,,,def,,
Aaron Brooks,Carl Landry,Luis Scola,Shane Battier,Trevor Ariza,Al Horford,Jamal Crawford,Joe Johnson,Marvin Williams,Mike Bibby,4,5:08,ATL,shot,Joe Johnson,,,,,,,,,Jamal Crawford,3,,,made,,3pt,49,8
Aaron Brooks,Carl Landry,Luis Scola,Shane Battier,Trevor Ariza,Al Horford,Jamal Crawford,Joe Johnson,Marvin Williams,Mike Bibby,4,4:45,HOU,turnover,,,,,,,,,,Luis Scola,,,lost ball,,Jamal Crawford,,,
Aaron Brooks,Carl Landry,Luis Scola,Shane Battier,Trevor Ariza,Al Horford,Jamal Crawford,Joe Johnson,Marvin Williams,Mike Bibby,4,4:35,HOU,foul,,,,,,,,Al Horford,,Luis Scola,,,,,,personal,,
Aaron Brooks,Carl Landry,Luis Scola,Shane Battier,Trevor Ariza,Al Horford,Jamal Crawford,Joe Johnson,Marvin Williams,Mike Bibby,4,4:35,ATL,free throw,,,,,,,1,,2,Al Horford,,,foul,made,,,,
Aaron Brooks,Carl Landry,Kyle Lowry,Luis Scola,Trevor Ariza,Al Horford,Jamal Crawford,Joe Johnson,Marvin Williams,Mike Bibby,4,4:35,HOU,sub,,,,Kyle Lowry,,Shane Battier,,,,,,,,,,,,
Aaron Brooks,Carl Landry,Kyle Lowry,Luis Scola,Trevor Ariza,Al Horford,Jamal Crawford,Joe Johnson,Marvin Williams,Mike Bibby,4,4:35,ATL,free throw,,,,,,,2,,2,Al Horford,,,foul,made,,,,
Aaron Brooks,Carl Landry,Kyle Lowry,Luis Scola,Trevor Ariza,Al Horford,Jamal Crawford,Joe Johnson,Marvin Williams,Mike Bibby,4,4:16,ATL,foul,,,,,,,,Carl Landry,,Joe Johnson,,,,,,personal,,
Aaron Brooks,Carl Landry,Kyle Lowry,Luis Scola,Trevor Ariza,Al Horford,Jamal Crawford,Joe Johnson,Marvin Williams,Mike Bibby,4,4:11,HOU,turnover,,,,,,,,,,Trevor Ariza,,,traveling,,,,,
Aaron Brooks,Carl Landry,Kyle Lowry,Luis Scola,Trevor Ariza,Al Horford,Jamal Crawford,Joe Johnson,Marvin Williams,Mike Bibby,4,3:55,HOU,foul,,,,,,,,Joe Johnson,,Trevor Ariza,,,,,,personal,,
Aaron Brooks,Carl Landry,Kyle Lowry,Luis Scola,Trevor Ariza,Al Horford,Jamal Crawford,Joe Johnson,Marvin Williams,Mike Bibby,4,3:55,ATL,free throw,,,,,,,1,,2,Joe Johnson,,,foul,made,,,,
Aaron Brooks,Carl Landry,Kyle Lowry,Luis Scola,Trevor Ariza,Al Horford,Jamal Crawford,Joe Johnson,Marvin Williams,Mike Bibby,4,3:55,ATL,free throw,,,,,,,2,,2,Joe Johnson,,,foul,made,,,,
Aaron Brooks,Carl Landry,Kyle Lowry,Luis Scola,Trevor Ariza,Al Horford,Jamal Crawford,Joe Johnson,Marvin Williams,Mike Bibby,4,3:41,HOU,shot,,,,,,,,,,Aaron Brooks,2,,,made,,driving layup,22,6
Aaron Brooks,Carl Landry,Kyle Lowry,Luis Scola,Trevor Ariza,Al Horford,Jamal Crawford,Joe Johnson,Marvin Williams,Mike Bibby,4,3:14,ATL,shot,,,,,,,,,,Joe Johnson,,,,missed,,fade away jumper,9,13
Aaron Brooks,Carl Landry,Kyle Lowry,Luis Scola,Trevor Ariza,Al Horford,Jamal Crawford,Joe Johnson,Marvin Williams,Mike Bibby,4,3:11,ATL,rebound,,,,,,,,,,Marvin Williams,,,,,,off,,
Aaron Brooks,Carl Landry,Kyle Lowry,Luis Scola,Trevor Ariza,Al Horford,Jamal Crawford,Joe Johnson,Marvin Williams,Mike Bibby,4,3:11,ATL,shot,,,,,,,,,,Marvin Williams,2,,,made,,putback dunk,25,6
Aaron Brooks,Carl Landry,Kyle Lowry,Luis Scola,Trevor Ariza,Al Horford,Jamal Crawford,Joe Johnson,Marvin Williams,Mike Bibby,4,3:00,HOU,turnover,,,,,,,,,,Aaron Brooks,,,bad pass,,Jamal Crawford,,,
Aaron Brooks,Carl Landry,Kyle Lowry,Luis Scola,Trevor Ariza,Al Horford,Jamal Crawford,Joe Johnson,Marvin Williams,Mike Bibby,4,2:56,ATL,shot,Joe Johnson,,,,,,,,,Al Horford,2,,,made,,running dunk,25,6
Aaron Brooks,Carl Landry,Kyle Lowry,Luis Scola,Trevor Ariza,Al Horford,Jamal Crawford,Joe Johnson,Marvin Williams,Mike Bibby,4,2:54,HOU,timeout,,,,,,,,,,,,,,,,regular,,
Aaron Brooks,Carl Landry,Kyle Lowry,Luis Scola,Trevor Ariza,Al Horford,Jamal Crawford,Joe Johnson,Marvin Williams,Mike Bibby,4,2:33,HOU,shot,Aaron Brooks,,,,,,,,,Luis Scola,2,,,made,,layup,22,7
Aaron Brooks,Carl Landry,Kyle Lowry,Luis Scola,Trevor Ariza,Al Horford,Jamal Crawford,Joe Johnson,Marvin Williams,Mike Bibby,4,2:07,ATL,shot,Joe Johnson,,,,,,,,,Jamal Crawford,3,,,made,,3pt,44,22
Aaron Brooks,Carl Landry,Kyle Lowry,Luis Scola,Trevor Ariza,Al Horford,Jamal Crawford,Joe Johnson,Marvin Williams,Mike Bibby,4,1:54,ATL,foul,,,,,,,,Kyle Lowry,,Al Horford,,,,,,shooting,,
Aaron Brooks,Carl Landry,Kyle Lowry,Luis Scola,Trevor Ariza,Al Horford,Jamal Crawford,Joe Johnson,Marvin Williams,Mike Bibby,4,1:54,HOU,free throw,,,,,,,1,,2,Kyle Lowry,,,foul,made,,,,
Aaron Brooks,Carl Landry,Kyle Lowry,Luis Scola,Trevor Ariza,Al Horford,Jamal Crawford,Joe Johnson,Marvin Williams,Mike Bibby,4,1:54,HOU,free throw,,,,,,,2,,2,Kyle Lowry,,,foul,made,,,,
Aaron Brooks,Carl Landry,Kyle Lowry,Luis Scola,Trevor Ariza,Al Horford,Jamal Crawford,Joe Johnson,Marvin Williams,Mike Bibby,4,1:34,ATL,jump ball,,Carl Landry,,,Al Horford,,,,,,,Kyle Lowry,,,,,,
Aaron Brooks,Carl Landry,Kyle Lowry,Luis Scola,Trevor Ariza,Al Horford,Jamal Crawford,Joe Johnson,Marvin Williams,Mike Bibby,4,1:34,ATL,turnover,,,,,,,,,,Jamal Crawford,,,lost ball,,Carl Landry,,,
Aaron Brooks,Carl Landry,Kyle Lowry,Luis Scola,Trevor Ariza,Al Horford,Jamal Crawford,Joe Johnson,Marvin Williams,Mike Bibby,4,1:30,HOU,shot,Kyle Lowry,,,,,,,,,Trevor Ariza,2,,,made,,dunk,25,6
Aaron Brooks,Carl Landry,Kyle Lowry,Luis Scola,Trevor Ariza,Al Horford,Jamal Crawford,Joe Johnson,Marvin Williams,Mike Bibby,4,1:09,ATL,shot,,,,,,,,,,Al Horford,,,,missed,,jump,17,11
Aaron Brooks,Carl Landry,Kyle Lowry,Luis Scola,Trevor Ariza,Al Horford,Jamal Crawford,Joe Johnson,Marvin Williams,Mike Bibby,4,1:06,HOU,rebound,,,,,,,,,,,,,,,,,,
Aaron Brooks,Carl Landry,Kyle Lowry,Luis Scola,Trevor Ariza,Al Horford,Jamal Crawford,Joe Johnson,Marvin Williams,Mike Bibby,4,1:06,ATL,foul,,,,,,,,Kyle Lowry,,Marvin Williams,,,,,,loose ball,,
Aaron Brooks,Carl Landry,Kyle Lowry,Luis Scola,Trevor Ariza,Al Horford,Jamal Crawford,Joe Johnson,Marvin Williams,Mike Bibby,4,1:06,HOU,free throw,,,,,,,1,,2,Kyle Lowry,,,foul,made,,,,
Aaron Brooks,Carl Landry,Kyle Lowry,Luis Scola,Trevor Ariza,Al Horford,Jamal Crawford,Joe Johnson,Marvin Williams,Mike Bibby,4,1:06,HOU,free throw,,,,,,,2,,2,Kyle Lowry,,,foul,made,,,,
Aaron Brooks,Carl Landry,Kyle Lowry,Luis Scola,Trevor Ariza,Al Horford,Jamal Crawford,Joe Johnson,Marvin Williams,Mike Bibby,4,0:46,ATL,turnover,,,,,,,,,,Joe Johnson,,,traveling,,,,,
Aaron Brooks,Carl Landry,Kyle Lowry,Luis Scola,Trevor Ariza,Al Horford,Jamal Crawford,Joe Johnson,Marvin Williams,Mike Bibby,4,0:46,HOU,timeout,,,,,,,,,,,,,,,,short,,
Aaron Brooks,Carl Landry,Kyle Lowry,Luis Scola,Trevor Ariza,Al Horford,Jamal Crawford,Joe Johnson,Marvin Williams,Mike Bibby,4,0:36,HOU,shot,,,,,,,,,,Trevor Ariza,,,,missed,,3pt,28,31
Aaron Brooks,Carl Landry,Kyle Lowry,Luis Scola,Trevor Ariza,Al Horford,Jamal Crawford,Joe Johnson,Marvin Williams,Mike Bibby,4,0:34,ATL,rebound,,,,,,,,,,Al Horford,,,,,,def,,
Aaron Brooks,Carl Landry,Kyle Lowry,Luis Scola,Trevor Ariza,Al Horford,Jamal Crawford,Joe Johnson,Marvin Williams,Mike Bibby,4,0:34,HOU,foul,,,,,,,,Al Horford,,Kyle Lowry,,,,,,personal,,
Aaron Brooks,Carl Landry,Kyle Lowry,Luis Scola,Trevor Ariza,Al Horford,Jamal Crawford,Joe Johnson,Marvin Williams,Mike Bibby,4,0:34,ATL,free throw,,,,,,,1,,2,Al Horford,,,foul,missed,,,,
Aaron Brooks,Carl Landry,Kyle Lowry,Luis Scola,Trevor Ariza,Al Horford,Jamal Crawford,Joe Johnson,Marvin Williams,Mike Bibby,4,0:34,ATL,rebound,,,,,,,,,,,,,,,,,,
Aaron Brooks,Carl Landry,Kyle Lowry,Luis Scola,Trevor Ariza,Al Horford,Jamal Crawford,Joe Johnson,Marvin Williams,Mike Bibby,4,0:34,ATL,free throw,,,,,,,2,,2,Al Horford,,,foul,made,,,,
Aaron Brooks,Carl Landry,Kyle Lowry,Luis Scola,Trevor Ariza,Al Horford,Jamal Crawford,Joe Johnson,Marvin Williams,Mike Bibby,4,0:34,HOU,timeout,,,,,,,,,,,,,,,,regular,,
Aaron Brooks,Carl Landry,Kyle Lowry,Luis Scola,Trevor Ariza,Al Horford,Jamal Crawford,Joe Johnson,Josh Smith,Marvin Williams,4,0:34,ATL,sub,,,,Josh Smith,,Mike Bibby,,,,,,,,,,,,
Aaron Brooks,Carl Landry,Kyle Lowry,Luis Scola,Trevor Ariza,Al Horford,Jamal Crawford,Joe Johnson,Josh Smith,Marvin Williams,4,0:30,HOU,shot,,,,,,,,,,Kyle Lowry,2,,,made,,driving layup,27,6
Aaron Brooks,Carl Landry,Kyle Lowry,Luis Scola,Trevor Ariza,Al Horford,Jamal Crawford,Joe Johnson,Josh Smith,Marvin Williams,4,0:30,ATL,foul,,,,,,,,Kyle Lowry,,Marvin Williams,,,,,,shooting,,
Aaron Brooks,Carl Landry,Kyle Lowry,Luis Scola,Trevor Ariza,Al Horford,Jamal Crawford,Joe Johnson,Marvin Williams,Mike Bibby,4,0:30,ATL,sub,,,,Mike Bibby,,Josh Smith,,,,,,,,,,,,
Aaron Brooks,Chuck Hayes,Kyle Lowry,Luis Scola,Trevor Ariza,Al Horford,Jamal Crawford,Joe Johnson,Marvin Williams,Mike Bibby,4,0:30,HOU,sub,,,,Chuck Hayes,,Carl Landry,,,,,,,,,,,,
Aaron Brooks,Chuck Hayes,Kyle Lowry,Luis Scola,Trevor Ariza,Al Horford,Jamal Crawford,Joe Johnson,Marvin Williams,Mike Bibby,4,0:30,HOU,free throw,,,,,,,1,,1,Kyle Lowry,,,foul,made,,,,
Aaron Brooks,Chuck Hayes,Kyle Lowry,Luis Scola,Trevor Ariza,Al Horford,Jamal Crawford,Joe Johnson,Marvin Williams,Mike Bibby,4,0:30,ATL,timeout,,,,,,,,,,,,,,,,regular,,
Aaron Brooks,Chuck Hayes,Kyle Lowry,Luis Scola,Trevor Ariza,Al Horford,Jamal Crawford,Joe Johnson,Marvin Williams,Mike Bibby,4,0:10,ATL,shot,,,,,,,,,,Mike Bibby,,,,missed,,3pt,25,33
Aaron Brooks,Chuck Hayes,Kyle Lowry,Luis Scola,Trevor Ariza,Al Horford,Jamal Crawford,Joe Johnson,Marvin Williams,Mike Bibby,4,0:09,HOU,rebound,,,,,,,,,,Trevor Ariza,,,,,,def,,
Aaron Brooks,Chuck Hayes,Kyle Lowry,Luis Scola,Trevor Ariza,Al Horford,Jamal Crawford,Joe Johnson,Marvin Williams,Mike Bibby,4,0:09,HOU,timeout,,,,,,,,,,,,,,,,short,,
Aaron Brooks,Chuck Hayes,Kyle Lowry,Luis Scola,Trevor Ariza,Al Horford,Jamal Crawford,Joe Johnson,Josh Smith,Marvin Williams,4,0:09,ATL,sub,,,,Josh Smith,,Mike Bibby,,,,,,,,,,,,
Aaron Brooks,Carl Landry,Kyle Lowry,Luis Scola,Trevor Ariza,Al Horford,Jamal Crawford,Joe Johnson,Josh Smith,Marvin Williams,4,0:09,HOU,sub,,,,Carl Landry,,Chuck Hayes,,,,,,,,,,,,
Aaron Brooks,Carl Landry,Kyle Lowry,Luis Scola,Trevor Ariza,Al Horford,Jamal Crawford,Joe Johnson,Josh Smith,Marvin Williams,4,0:05,ATL,foul,,,,,,,,Carl Landry,,Al Horford,,,,,,shooting,,
Aaron Brooks,Carl Landry,Kyle Lowry,Luis Scola,Trevor Ariza,Jamal Crawford,Joe Johnson,Josh Smith,Marvin Williams,Mike Bibby,4,0:05,ATL,sub,,,,Mike Bibby,,Al Horford,,,,,,,,,,,,
Aaron Brooks,Carl Landry,Kyle Lowry,Luis Scola,Trevor Ariza,Jamal Crawford,Joe Johnson,Josh Smith,Marvin Williams,Mike Bibby,4,0:05,HOU,free throw,,,,,,,1,,2,Carl Landry,,,foul,made,,,,
Aaron Brooks,Carl Landry,Kyle Lowry,Luis Scola,Trevor Ariza,Jamal Crawford,Joe Johnson,Josh Smith,Marvin Williams,Mike Bibby,4,0:05,ATL,timeout,,,,,,,,,,,,,,,,short,,
Aaron Brooks,Carl Landry,Chuck Hayes,Kyle Lowry,Trevor Ariza,Jamal Crawford,Joe Johnson,Josh Smith,Marvin Williams,Mike Bibby,4,0:05,HOU,sub,,,,Chuck Hayes,,Luis Scola,,,,,,,,,,,,
Aaron Brooks,Carl Landry,Chuck Hayes,Kyle Lowry,Trevor Ariza,Jamal Crawford,Joe Johnson,Josh Smith,Marvin Williams,Mike Bibby,4,0:05,HOU,free throw,,,,,,,2,,2,Carl Landry,,,foul,made,,,,
Aaron Brooks,Carl Landry,Chuck Hayes,Kyle Lowry,Trevor Ariza,Jamal Crawford,Joe Johnson,Josh Smith,Marvin Williams,Mike Bibby,4,0:05,ATL,timeout,,,,,,,,,,,,,,,,short,,
Aaron Brooks,Chuck Hayes,Kyle Lowry,Shane Battier,Trevor Ariza,Jamal Crawford,Joe Johnson,Josh Smith,Marvin Williams,Mike Bibby,4,0:05,HOU,sub,,,,Shane Battier,,Carl Landry,,,,,,,,,,,,
Aaron Brooks,Chuck Hayes,Kyle Lowry,Shane Battier,Trevor Ariza,Jamal Crawford,Joe Johnson,Josh Smith,Marvin Williams,Mike Bibby,4,0:01,ATL,shot,,,,,,,,,,Mike Bibby,,,,missed,,jump,38,17
Aaron Brooks,Chuck Hayes,Kyle Lowry,Shane Battier,Trevor Ariza,Jamal Crawford,Joe Johnson,Josh Smith,Marvin Williams,Mike Bibby,4,0:00,ATL,rebound,,,,,,,,,,Josh Smith,,,,,,off,,
Aaron Brooks,Chuck Hayes,Kyle Lowry,Shane Battier,Trevor Ariza,Jamal Crawford,Joe Johnson,Josh Smith,Marvin Williams,Mike Bibby,4,0:00,ATL,shot,,,,,,,,,,Josh Smith,2,,,made,,putback dunk,25,6
Aaron Brooks,Chuck Hayes,Kyle Lowry,Shane Battier,Trevor Ariza,Jamal Crawford,Joe Johnson,Josh Smith,Marvin Williams,Mike Bibby,4,0:00,HOU,turnover,,,,,,,,,,Shane Battier,,,bad pass,,Joe Johnson,,,
