a1,a2,a3,a4,a5,h1,h2,h3,h4,h5,period,time,team,etype,assist,away,block,entered,home,left,num,opponent,outof,player,points,possession,reason,result,steal,type,x,y
Jeff Green,Kevin Durant,Nenad Krstic,Russell Westbrook,Thabo Sefolosha,Brook Lopez,Courtney Lee,Devin Harris,Trenton Hassell,Yi Jianlian,1,12:00,OFF,jump ball,,Jeff Green,,,Brook Lopez,,,,,,,Trenton Hassell,,,,,,
Jeff Green,Kevin Durant,Nenad Krstic,Russell Westbrook,Thabo Sefolosha,Brook Lopez,Courtney Lee,Devin Harris,Trenton Hassell,Yi Jianlian,1,11:45,OKC,foul,,,,,,,,Devin Harris,,Russell Westbrook,,,,,,personal,,
Jeff Green,Kevin Durant,Nenad Krstic,Russell Westbrook,Thabo Sefolosha,Brook Lopez,Courtney Lee,Devin Harris,Trenton Hassell,Yi Jianlian,1,11:38,NJN,shot,Devin Harris,,,,,,,,,Yi Jianlian,2,,,made,,running hook,18,11
Jeff Green,Kevin Durant,Nenad Krstic,Russell Westbrook,Thabo Sefolosha,Brook Lopez,Courtney Lee,Devin Harris,Trenton Hassell,Yi Jianlian,1,11:22,OKC,shot,Thabo Sefolosha,,,,,,,,,Jeff Green,2,,,made,,layup,25,6
Jeff Green,Kevin Durant,Nenad Krstic,Russell Westbrook,Thabo Sefolosha,Brook Lopez,Courtney Lee,Devin Harris,Trenton Hassell,Yi Jianlian,1,11:08,NJN,shot,,,,,,,,,,Yi Jianlian,,,,missed,,turnaround jump,33,13
Jeff Green,Kevin Durant,Nenad Krstic,Russell Westbrook,Thabo Sefolosha,Brook Lopez,Courtney Lee,Devin Harris,Trenton Hassell,Yi Jianlian,1,11:07,OKC,rebound,,,,,,,,,,,,,,,,,,
Jeff Green,Kevin Durant,Nenad Krstic,Russell Westbrook,Thabo Sefolosha,Brook Lopez,Courtney Lee,Devin Harris,Trenton Hassell,Yi Jianlian,1,10:52,OKC,shot,,,,,,,,,,Jeff Green,,,,missed,,jump bank,17,9
Jeff Green,Kevin Durant,Nenad Krstic,Russell Westbrook,Thabo Sefolosha,Brook Lopez,Courtney Lee,Devin Harris,Trenton Hassell,Yi Jianlian,1,10:51,NJN,rebound,,,,,,,,,,Yi Jianlian,,,,,,def,,
Jeff Green,Kevin Durant,Nenad Krstic,Russell Westbrook,Thabo Sefolosha,Brook Lopez,Courtney Lee,Devin Harris,Trenton Hassell,Yi Jianlian,1,10:38,NJN,shot,Courtney Lee,,,,,,,,,Trenton Hassell,2,,,made,,jump,17,24
Jeff Green,Kevin Durant,Nenad Krstic,Russell Westbrook,Thabo Sefolosha,Brook Lopez,Courtney Lee,Devin Harris,Trenton Hassell,Yi Jianlian,1,10:21,OKC,shot,Thabo Sefolosha,,,,,,,,,Jeff Green,2,,,made,,jump,9,6
Jeff Green,Kevin Durant,Nenad Krstic,Russell Westbrook,Thabo Sefolosha,Brook Lopez,Courtney Lee,Devin Harris,Trenton Hassell,Yi Jianlian,1,9:58,OKC,foul,,,,,,,,Devin Harris,,Jeff Green,,,,,,shooting,,
Jeff Green,Kevin Durant,Nenad Krstic,Russell Westbrook,Thabo Sefolosha,Brook Lopez,Courtney Lee,Devin Harris,Trenton Hassell,Yi Jianlian,1,9:58,NJN,free throw,,,,,,,1,,2,Devin Harris,,,foul,missed,,,,
Jeff Green,Kevin Durant,Nenad Krstic,Russell Westbrook,Thabo Sefolosha,Brook Lopez,Courtney Lee,Devin Harris,Trenton Hassell,Yi Jianlian,1,9:58,NJN,rebound,,,,,,,,,,,,,,,,,,
Jeff Green,Kevin Durant,Nenad Krstic,Russell Westbrook,Thabo Sefolosha,Brook Lopez,Courtney Lee,Devin Harris,Trenton Hassell,Yi Jianlian,1,9:58,NJN,free throw,,,,,,,2,,2,Devin Harris,,,foul,made,,,,
Jeff Green,Kevin Durant,Nenad Krstic,Russell Westbrook,Thabo Sefolosha,Brook Lopez,Courtney Lee,Devin Harris,Trenton Hassell,Yi Jianlian,1,9:54,OKC,turnover,,,,,,,,,,Kevin Durant,,,lost ball,,Devin Harris,,,
Jeff Green,Kevin Durant,Nenad Krstic,Russell Westbrook,Thabo Sefolosha,Brook Lopez,Courtney Lee,Devin Harris,Trenton Hassell,Yi Jianlian,1,9:51,NJN,shot,Devin Harris,,,,,,,,,Courtney Lee,2,,,made,,driving layup,25,6
Jeff Green,Kevin Durant,Nenad Krstic,Russell Westbrook,Thabo Sefolosha,Brook Lopez,Courtney Lee,Devin Harris,Trenton Hassell,Yi Jianlian,1,9:33,OKC,shot,Thabo Sefolosha,,,,,,,,,Nenad Krstic,2,,,made,,jump,25,23
Jeff Green,Kevin Durant,Nenad Krstic,Russell Westbrook,Thabo Sefolosha,Brook Lopez,Courtney Lee,Devin Harris,Trenton Hassell,Yi Jianlian,1,9:16,OKC,foul,,,,,,,,Yi Jianlian,,Jeff Green,,,,,,personal,,
Kevin Durant,Nenad Krstic,Nick Collison,Russell Westbrook,Thabo Sefolosha,Brook Lopez,Courtney Lee,Devin Harris,Trenton Hassell,Yi Jianlian,1,9:16,OKC,sub,,,,Nick Collison,,Jeff Green,,,,,,,,,,,,
Kevin Durant,Nenad Krstic,Nick Collison,Russell Westbrook,Thabo Sefolosha,Brook Lopez,Courtney Lee,Devin Harris,Trenton Hassell,Yi Jianlian,1,9:16,NJN,free throw,,,,,,,1,,2,Yi Jianlian,,,foul,made,,,,
Kevin Durant,Nenad Krstic,Nick Collison,Russell Westbrook,Thabo Sefolosha,Brook Lopez,Courtney Lee,Devin Harris,Trenton Hassell,Yi Jianlian,1,9:16,NJN,free throw,,,,,,,2,,2,Yi Jianlian,,,foul,made,,,,
Kevin Durant,Nenad Krstic,Nick Collison,Russell Westbrook,Thabo Sefolosha,Brook Lopez,Courtney Lee,Devin Harris,Trenton Hassell,Yi Jianlian,1,9:07,OKC,shot,,,,,,,,,,Kevin Durant,,,,missed,,3pt,48,9
Kevin Durant,Nenad Krstic,Nick Collison,Russell Westbrook,Thabo Sefolosha,Brook Lopez,Courtney Lee,Devin Harris,Trenton Hassell,Yi Jianlian,1,9:06,OKC,rebound,,,,,,,,,,Nick Collison,,,,,,off,,
Kevin Durant,Nenad Krstic,Nick Collison,Russell Westbrook,Thabo Sefolosha,Brook Lopez,Courtney Lee,Devin Harris,Trenton Hassell,Yi Jianlian,1,9:04,OKC,shot,,,,,,,,,,Nick Collison,2,,,made,,putback layup,25,6
Kevin Durant,Nenad Krstic,Nick Collison,Russell Westbrook,Thabo Sefolosha,Brook Lopez,Courtney Lee,Devin Harris,Trenton Hassell,Yi Jianlian,1,8:48,NJN,shot,,,,,,,,,,Brook Lopez,,,,missed,,hook,27,13
Kevin Durant,Nenad Krstic,Nick Collison,Russell Westbrook,Thabo Sefolosha,Brook Lopez,Courtney Lee,Devin Harris,Trenton Hassell,Yi Jianlian,1,8:47,OKC,rebound,,,,,,,,,,Nick Collison,,,,,,def,,
Kevin Durant,Nenad Krstic,Nick Collison,Russell Westbrook,Thabo Sefolosha,Brook Lopez,Courtney Lee,Devin Harris,Trenton Hassell,Yi Jianlian,1,8:40,OKC,shot,Russell Westbrook,,,,,,,,,Nenad Krstic,2,,,made,,jump,23,25
Kevin Durant,Nenad Krstic,Nick Collison,Russell Westbrook,Thabo Sefolosha,Brook Lopez,Courtney Lee,Devin Harris,Trenton Hassell,Yi Jianlian,1,8:21,NJN,turnover,,,,,,,,,,Courtney Lee,,,bad pass,,,,,
Kevin Durant,Nenad Krstic,Nick Collison,Russell Westbrook,Thabo Sefolosha,Brook Lopez,Courtney Lee,Devin Harris,Trenton Hassell,Yi Jianlian,1,8:04,OKC,shot,,,,,,,,,,Kevin Durant,2,,,made,,turnaround jump,37,14
Kevin Durant,Nenad Krstic,Nick Collison,Russell Westbrook,Thabo Sefolosha,Brook Lopez,Courtney Lee,Devin Harris,Trenton Hassell,Yi Jianlian,1,7:50,NJN,shot,,,,,,,,,,Yi Jianlian,,,,missed,,jump,31,23
Kevin Durant,Nenad Krstic,Nick Collison,Russell Westbrook,Thabo Sefolosha,Brook Lopez,Courtney Lee,Devin Harris,Trenton Hassell,Yi Jianlian,1,7:49,OKC,rebound,,,,,,,,,,Nenad Krstic,,,,,,def,,
Kevin Durant,Nenad Krstic,Nick Collison,Russell Westbrook,Thabo Sefolosha,Brook Lopez,Courtney Lee,Devin Harris,Trenton Hassell,Yi Jianlian,1,7:37,OKC,shot,Russell Westbrook,,,,,,,,,Nenad Krstic,2,,,made,,jump,32,23
Kevin Durant,Nenad Krstic,Nick Collison,Russell Westbrook,Thabo Sefolosha,Brook Lopez,Courtney Lee,Devin Harris,Trenton Hassell,Yi Jianlian,1,7:22,NJN,foul,,,,,,,,Nenad Krstic,,Brook Lopez,,,,,,offensive,,
Kevin Durant,Nenad Krstic,Nick Collison,Russell Westbrook,Thabo Sefolosha,Brook Lopez,Courtney Lee,Devin Harris,Trenton Hassell,Yi Jianlian,1,7:22,NJN,turnover,,,,,,,,,,Brook Lopez,,,foul,,,,,
Kevin Durant,Nenad Krstic,Nick Collison,Russell Westbrook,Thabo Sefolosha,Brook Lopez,Courtney Lee,Devin Harris,Trenton Hassell,Yi Jianlian,1,7:14,NJN,foul,,,,,,,,Nenad Krstic,,Trenton Hassell,,,,,,shooting,,
Kevin Durant,Nenad Krstic,Nick Collison,Russell Westbrook,Thabo Sefolosha,Brook Lopez,Courtney Lee,Devin Harris,Trenton Hassell,Yi Jianlian,1,7:14,OKC,free throw,,,,,,,1,,2,Nenad Krstic,,,foul,made,,,,
Kevin Durant,Nenad Krstic,Nick Collison,Russell Westbrook,Thabo Sefolosha,Brook Lopez,Courtney Lee,Devin Harris,Trenton Hassell,Yi Jianlian,1,7:14,OKC,free throw,,,,,,,2,,2,Nenad Krstic,,,foul,made,,,,
Kevin Durant,Nenad Krstic,Nick Collison,Russell Westbrook,Thabo Sefolosha,Brook Lopez,Courtney Lee,Devin Harris,Trenton Hassell,Yi Jianlian,1,7:01,NJN,shot,Devin Harris,,,,,,,,,Trenton Hassell,2,,,made,,jump,37,19
Kevin Durant,Nenad Krstic,Nick Collison,Russell Westbrook,Thabo Sefolosha,Brook Lopez,Courtney Lee,Devin Harris,Trenton Hassell,Yi Jianlian,1,6:38,OKC,shot,,,,,,,,,,Thabo Sefolosha,,,,missed,,jump,37,19
Kevin Durant,Nenad Krstic,Nick Collison,Russell Westbrook,Thabo Sefolosha,Brook Lopez,Courtney Lee,Devin Harris,Trenton Hassell,Yi Jianlian,1,6:37,NJN,rebound,,,,,,,,,,Yi Jianlian,,,,,,def,,
Kevin Durant,Nenad Krstic,Nick Collison,Russell Westbrook,Thabo Sefolosha,Brook Lopez,Courtney Lee,Devin Harris,Trenton Hassell,Yi Jianlian,1,6:22,NJN,foul,,,,,,,,Nick Collison,,Yi Jianlian,,,,,,offensive,,
Kevin Durant,Nenad Krstic,Nick Collison,Russell Westbrook,Thabo Sefolosha,Brook Lopez,Courtney Lee,Devin Harris,Trenton Hassell,Yi Jianlian,1,6:22,NJN,turnover,,,,,,,,,,Yi Jianlian,,,foul,,,,,
Kevin Durant,Nenad Krstic,Nick Collison,Russell Westbrook,Thabo Sefolosha,Brook Lopez,Courtney Lee,Devin Harris,Trenton Hassell,Yi Jianlian,1,6:15,OKC,shot,Russell Westbrook,,,,,,,,,Kevin Durant,2,,,made,,dunk,25,6
Kevin Durant,Nenad Krstic,Nick Collison,Russell Westbrook,Thabo Sefolosha,Brook Lopez,Courtney Lee,Devin Harris,Trenton Hassell,Yi Jianlian,1,6:07,NJN,timeout,,,,,,,,,,,,,,,,regular,,
Kevin Durant,Nenad Krstic,Nick Collison,Russell Westbrook,Thabo Sefolosha,Brook Lopez,Courtney Lee,Devin Harris,Trenton Hassell,Yi Jianlian,1,5:54,OKC,foul,,,,,,,,Courtney Lee,,Thabo Sefolosha,,,,,,shooting,,
Kevin Durant,Nenad Krstic,Nick Collison,Russell Westbrook,Thabo Sefolosha,Brook Lopez,Courtney Lee,Devin Harris,Trenton Hassell,Yi Jianlian,1,5:54,NJN,free throw,,,,,,,1,,2,Courtney Lee,,,foul,made,,,,
Kevin Durant,Nenad Krstic,Nick Collison,Russell Westbrook,Thabo Sefolosha,Brook Lopez,Courtney Lee,Devin Harris,Trenton Hassell,Yi Jianlian,1,5:54,NJN,free throw,,,,,,,2,,2,Courtney Lee,,,foul,made,,,,
Kevin Durant,Nenad Krstic,Nick Collison,Russell Westbrook,Thabo Sefolosha,Brook Lopez,Courtney Lee,Devin Harris,Trenton Hassell,Yi Jianlian,1,5:40,OKC,shot,Thabo Sefolosha,,,,,,,,,Nick Collison,2,,,made,,finger roll layup,25,6
Kevin Durant,Nenad Krstic,Nick Collison,Russell Westbrook,Thabo Sefolosha,Brook Lopez,Courtney Lee,Devin Harris,Trenton Hassell,Yi Jianlian,1,5:40,NJN,foul,,,,,,,,Nick Collison,,Brook Lopez,,,,,,shooting,,
Kevin Durant,Nenad Krstic,Nick Collison,Russell Westbrook,Thabo Sefolosha,Courtney Lee,Devin Harris,Tony Battie,Trenton Hassell,Yi Jianlian,1,5:40,NJN,sub,,,,Tony Battie,,Brook Lopez,,,,,,,,,,,,
Kevin Durant,Nenad Krstic,Nick Collison,Russell Westbrook,Thabo Sefolosha,Courtney Lee,Devin Harris,Tony Battie,Trenton Hassell,Yi Jianlian,1,5:40,OKC,free throw,,,,,,,1,,1,Nick Collison,,,foul,made,,,,
Kevin Durant,Nenad Krstic,Nick Collison,Russell Westbrook,Thabo Sefolosha,Courtney Lee,Devin Harris,Tony Battie,Trenton Hassell,Yi Jianlian,1,5:24,NJN,shot,Trenton Hassell,,,,,,,,,Yi Jianlian,2,,,made,,jump,37,21
Kevin Durant,Nenad Krstic,Nick Collison,Russell Westbrook,Thabo Sefolosha,Courtney Lee,Devin Harris,Tony Battie,Trenton Hassell,Yi Jianlian,1,5:02,OKC,turnover,,,,,,,,,,Nenad Krstic,,,traveling,,,,,
Kevin Durant,Nenad Krstic,Nick Collison,Russell Westbrook,Thabo Sefolosha,Courtney Lee,Devin Harris,Tony Battie,Trenton Hassell,Yi Jianlian,1,4:52,NJN,turnover,,,,,,,,,,Devin Harris,,,bad pass,,Thabo Sefolosha,,,
Kevin Durant,Nenad Krstic,Nick Collison,Russell Westbrook,Thabo Sefolosha,Courtney Lee,Devin Harris,Tony Battie,Trenton Hassell,Yi Jianlian,1,4:46,OKC,turnover,,,,,,,,,,Kevin Durant,,,lost ball,,Devin Harris,,,
Kevin Durant,Nenad Krstic,Nick Collison,Russell Westbrook,Thabo Sefolosha,Courtney Lee,Devin Harris,Tony Battie,Trenton Hassell,Yi Jianlian,1,4:42,NJN,shot,Devin Harris,,,,,,,,,Courtney Lee,2,,,made,,alley oop dunk,25,6
Kevin Durant,Nenad Krstic,Nick Collison,Russell Westbrook,Thabo Sefolosha,Courtney Lee,Devin Harris,Tony Battie,Trenton Hassell,Yi Jianlian,1,4:25,OKC,turnover,,,,,,,,,,Kevin Durant,,,lost ball,,Trenton Hassell,,,
Kevin Durant,Nenad Krstic,Nick Collison,Russell Westbrook,Thabo Sefolosha,Courtney Lee,Devin Harris,Tony Battie,Trenton Hassell,Yi Jianlian,1,4:21,OKC,foul,,,,,,,,Trenton Hassell,,Nick Collison,,,,,,shooting,,
Kevin Durant,Nenad Krstic,Nick Collison,Russell Westbrook,Thabo Sefolosha,Courtney Lee,Devin Harris,Tony Battie,Trenton Hassell,Yi Jianlian,1,4:21,NJN,free throw,,,,,,,1,,2,Trenton Hassell,,,foul,missed,,,,
Kevin Durant,Nenad Krstic,Nick Collison,Russell Westbrook,Thabo Sefolosha,Courtney Lee,Devin Harris,Tony Battie,Trenton Hassell,Yi Jianlian,1,4:21,NJN,rebound,,,,,,,,,,,,,,,,,,
James Harden,Kevin Durant,Nenad Krstic,Nick Collison,Russell Westbrook,Courtney Lee,Devin Harris,Tony Battie,Trenton Hassell,Yi Jianlian,1,4:21,OKC,sub,,,,James Harden,,Thabo Sefolosha,,,,,,,,,,,,
James Harden,Kevin Durant,Nenad Krstic,Nick Collison,Russell Westbrook,Courtney Lee,Devin Harris,Tony Battie,Trenton Hassell,Yi Jianlian,1,4:21,NJN,free throw,,,,,,,2,,2,Trenton Hassell,,,foul,made,,,,
James Harden,Kevin Durant,Nenad Krstic,Nick Collison,Russell Westbrook,Courtney Lee,Devin Harris,Tony Battie,Trenton Hassell,Yi Jianlian,1,4:09,OKC,shot,Russell Westbrook,,,,,,,,,Nick Collison,2,,,made,,alley oop layup,25,6
James Harden,Kevin Durant,Nenad Krstic,Nick Collison,Russell Westbrook,Courtney Lee,Devin Harris,Tony Battie,Trenton Hassell,Yi Jianlian,1,3:52,NJN,shot,,,,,,,,,,Tony Battie,,,,missed,,layup,25,6
James Harden,Kevin Durant,Nenad Krstic,Nick Collison,Russell Westbrook,Courtney Lee,Devin Harris,Tony Battie,Trenton Hassell,Yi Jianlian,1,3:51,OKC,rebound,,,,,,,,,,Nenad Krstic,,,,,,def,,
James Harden,Kevin Durant,Nenad Krstic,Nick Collison,Russell Westbrook,Courtney Lee,Devin Harris,Tony Battie,Trenton Hassell,Yi Jianlian,1,3:50,NJN,foul,,,,,,,,Russell Westbrook,,Trenton Hassell,,,,,,personal,,
James Harden,Kevin Durant,Nenad Krstic,Nick Collison,Russell Westbrook,Courtney Lee,Devin Harris,Terrence Williams,Tony Battie,Yi Jianlian,1,3:50,NJN,sub,,,,Terrence Williams,,Trenton Hassell,,,,,,,,,,,,
James Harden,Kevin Durant,Nenad Krstic,Nick Collison,Russell Westbrook,Courtney Lee,Devin Harris,Terrence Williams,Tony Battie,Yi Jianlian,1,3:27,OKC,turnover,,,,,,,,,,Russell Westbrook,,,bad pass,,Yi Jianlian,,,
James Harden,Kevin Durant,Nenad Krstic,Nick Collison,Russell Westbrook,Courtney Lee,Devin Harris,Terrence Williams,Tony Battie,Yi Jianlian,1,3:21,NJN,shot,,,,,,,,,,Courtney Lee,,,,missed,,3pt,48,5
James Harden,Kevin Durant,Nenad Krstic,Nick Collison,Russell Westbrook,Courtney Lee,Devin Harris,Terrence Williams,Tony Battie,Yi Jianlian,1,3:20,NJN,rebound,,,,,,,,,,Terrence Williams,,,,,,off,,
James Harden,Kevin Durant,Nenad Krstic,Nick Collison,Russell Westbrook,Courtney Lee,Devin Harris,Terrence Williams,Tony Battie,Yi Jianlian,1,3:19,NJN,shot,,,,,,,,,,Terrence Williams,,,,missed,,tip,25,6
James Harden,Kevin Durant,Nenad Krstic,Nick Collison,Russell Westbrook,Courtney Lee,Devin Harris,Terrence Williams,Tony Battie,Yi Jianlian,1,3:18,OKC,rebound,,,,,,,,,,Nenad Krstic,,,,,,def,,
James Harden,Kevin Durant,Nenad Krstic,Nick Collison,Russell Westbrook,Courtney Lee,Devin Harris,Terrence Williams,Tony Battie,Yi Jianlian,1,3:13,OKC,shot,Russell Westbrook,,,,,,,,,Kevin Durant,2,,,made,,reverse layup,25,6
James Harden,Kevin Durant,Nenad Krstic,Nick Collison,Russell Westbrook,Courtney Lee,Devin Harris,Terrence Williams,Tony Battie,Yi Jianlian,1,2:52,NJN,shot,,,James Harden,,,,,,,Courtney Lee,,,,missed,,jump,31,17
James Harden,Kevin Durant,Nenad Krstic,Nick Collison,Russell Westbrook,Courtney Lee,Devin Harris,Terrence Williams,Tony Battie,Yi Jianlian,1,2:51,OKC,rebound,,,,,,,,,,Nick Collison,,,,,,def,,
James Harden,Kevin Durant,Nenad Krstic,Nick Collison,Russell Westbrook,Courtney Lee,Devin Harris,Terrence Williams,Tony Battie,Yi Jianlian,1,2:44,OKC,shot,,,,,,,,,,Russell Westbrook,,,,missed,,3pt,5,21
James Harden,Kevin Durant,Nenad Krstic,Nick Collison,Russell Westbrook,Courtney Lee,Devin Harris,Terrence Williams,Tony Battie,Yi Jianlian,1,2:42,NJN,rebound,,,,,,,,,,Devin Harris,,,,,,def,,
James Harden,Kevin Durant,Nenad Krstic,Nick Collison,Russell Westbrook,Courtney Lee,Devin Harris,Terrence Williams,Tony Battie,Yi Jianlian,1,2:40,OKC,foul,,,,,,,,Tony Battie,,Nenad Krstic,,,,,,shooting,,
James Harden,Kevin Durant,Nenad Krstic,Nick Collison,Russell Westbrook,Courtney Lee,Devin Harris,Terrence Williams,Tony Battie,Yi Jianlian,1,2:40,OKC,timeout,,,,,,,,,,,,,,,,regular,,
Eric Maynor,James Harden,Kevin Durant,Nenad Krstic,Nick Collison,Courtney Lee,Devin Harris,Terrence Williams,Tony Battie,Yi Jianlian,1,2:40,OKC,sub,,,,Eric Maynor,,Russell Westbrook,,,,,,,,,,,,
Eric Maynor,James Harden,Kevin Durant,Nick Collison,Serge Ibaka,Courtney Lee,Devin Harris,Terrence Williams,Tony Battie,Yi Jianlian,1,2:40,OKC,sub,,,,Serge Ibaka,,Nenad Krstic,,,,,,,,,,,,
Eric Maynor,James Harden,Kevin Durant,Nick Collison,Serge Ibaka,Devin Harris,Keyon Dooling,Terrence Williams,Tony Battie,Yi Jianlian,1,2:40,NJN,sub,,,,Keyon Dooling,,Courtney Lee,,,,,,,,,,,,
Eric Maynor,James Harden,Kevin Durant,Nick Collison,Serge Ibaka,Devin Harris,Keyon Dooling,Terrence Williams,Tony Battie,Yi Jianlian,1,2:40,NJN,free throw,,,,,,,1,,2,Tony Battie,,,foul,made,,,,
Eric Maynor,James Harden,Kevin Durant,Nick Collison,Serge Ibaka,Devin Harris,Keyon Dooling,Terrence Williams,Tony Battie,Yi Jianlian,1,2:40,NJN,free throw,,,,,,,2,,2,Tony Battie,,,foul,made,,,,
Eric Maynor,James Harden,Kevin Durant,Nick Collison,Serge Ibaka,Devin Harris,Keyon Dooling,Terrence Williams,Tony Battie,Yi Jianlian,1,2:29,OKC,shot,,,,,,,,,,Kevin Durant,,,,missed,,running jump,17,13
Eric Maynor,James Harden,Kevin Durant,Nick Collison,Serge Ibaka,Devin Harris,Keyon Dooling,Terrence Williams,Tony Battie,Yi Jianlian,1,2:28,OKC,rebound,,,,,,,,,,Serge Ibaka,,,,,,off,,
Eric Maynor,James Harden,Kevin Durant,Nick Collison,Serge Ibaka,Devin Harris,Keyon Dooling,Terrence Williams,Tony Battie,Yi Jianlian,1,2:27,OKC,shot,,,,,,,,,,Serge Ibaka,2,,,made,,putback layup,25,6
Eric Maynor,James Harden,Kevin Durant,Nick Collison,Serge Ibaka,Devin Harris,Keyon Dooling,Terrence Williams,Tony Battie,Yi Jianlian,1,2:27,NJN,foul,,,,,,,,Serge Ibaka,,Tony Battie,,,,,,shooting,,
Eric Maynor,James Harden,Kevin Durant,Nick Collison,Serge Ibaka,Devin Harris,Keyon Dooling,Terrence Williams,Tony Battie,Yi Jianlian,1,2:27,OKC,free throw,,,,,,,1,,1,Serge Ibaka,,,foul,made,,,,
Eric Maynor,James Harden,Kevin Durant,Nick Collison,Serge Ibaka,Devin Harris,Keyon Dooling,Terrence Williams,Tony Battie,Yi Jianlian,1,2:12,OKC,foul,,,,,,,,Devin Harris,,Serge Ibaka,,,,,,shooting,,
Eric Maynor,James Harden,Kevin Durant,Nick Collison,Serge Ibaka,Devin Harris,Keyon Dooling,Terrence Williams,Tony Battie,Yi Jianlian,1,2:12,NJN,free throw,,,,,,,1,,2,Devin Harris,,,foul,made,,,,
Eric Maynor,James Harden,Kevin Durant,Nick Collison,Serge Ibaka,Devin Harris,Keyon Dooling,Terrence Williams,Tony Battie,Yi Jianlian,1,2:12,NJN,free throw,,,,,,,2,,2,Devin Harris,,,foul,made,,,,
Eric Maynor,James Harden,Kevin Durant,Nick Collison,Serge Ibaka,Devin Harris,Keyon Dooling,Terrence Williams,Tony Battie,Yi Jianlian,1,2:00,OKC,shot,,,,,,,,,,James Harden,,,,missed,,driving layup,25,6
Eric Maynor,James Harden,Kevin Durant,Nick Collison,Serge Ibaka,Devin Harris,Keyon Dooling,Terrence Williams,Tony Battie,Yi Jianlian,1,1:58,NJN,rebound,,,,,,,,,,Tony Battie,,,,,,def,,
Eric Maynor,James Harden,Kevin Durant,Nick Collison,Serge Ibaka,Devin Harris,Keyon Dooling,Terrence Williams,Tony Battie,Yi Jianlian,1,1:43,NJN,turnover,,,,,,,,,,Devin Harris,,,bad pass,,James Harden,,,
Eric Maynor,James Harden,Kevin Durant,Nick Collison,Serge Ibaka,Devin Harris,Keyon Dooling,Terrence Williams,Tony Battie,Yi Jianlian,1,1:38,OKC,shot,,,,,,,,,,James Harden,,,,missed,,layup,25,6
Eric Maynor,James Harden,Kevin Durant,Nick Collison,Serge Ibaka,Devin Harris,Keyon Dooling,Terrence Williams,Tony Battie,Yi Jianlian,1,1:37,NJN,rebound,,,,,,,,,,Tony Battie,,,,,,def,,
Eric Maynor,James Harden,Kevin Durant,Nick Collison,Serge Ibaka,Devin Harris,Keyon Dooling,Terrence Williams,Tony Battie,Yi Jianlian,1,1:29,NJN,shot,Terrence Williams,,,,,,,,,Yi Jianlian,2,,,made,,driving dunk,25,6
Eric Maynor,James Harden,Kevin Durant,Nick Collison,Serge Ibaka,Devin Harris,Keyon Dooling,Terrence Williams,Tony Battie,Yi Jianlian,1,1:06,OKC,turnover,,,,,,,,,,Kevin Durant,,,lost ball,,Tony Battie,,,
Eric Maynor,James Harden,Kevin Durant,Nick Collison,Serge Ibaka,Devin Harris,Keyon Dooling,Terrence Williams,Tony Battie,Yi Jianlian,1,1:02,NJN,shot,,,,,,,,,,Keyon Dooling,2,,,made,,driving slam dunk,25,6
Eric Maynor,James Harden,Kevin Durant,Nick Collison,Serge Ibaka,Devin Harris,Keyon Dooling,Terrence Williams,Tony Battie,Yi Jianlian,1,0:46,NJN,foul,,,,,,,,Kevin Durant,,Terrence Williams,,,,,,personal,,
Eric Maynor,James Harden,Kevin Durant,Nick Collison,Serge Ibaka,Keyon Dooling,Rafer Alston,Terrence Williams,Tony Battie,Yi Jianlian,1,0:46,NJN,sub,,,,Rafer Alston,,Devin Harris,,,,,,,,,,,,
Eric Maynor,James Harden,Kevin Durant,Nick Collison,Serge Ibaka,Keyon Dooling,Rafer Alston,Terrence Williams,Tony Battie,Yi Jianlian,1,0:46,OKC,free throw,,,,,,,1,,2,Kevin Durant,,,foul,made,,,,
Eric Maynor,Kevin Durant,Nick Collison,Serge Ibaka,Thabo Sefolosha,Keyon Dooling,Rafer Alston,Terrence Williams,Tony Battie,Yi Jianlian,1,0:46,OKC,sub,,,,Thabo Sefolosha,,James Harden,,,,,,,,,,,,
Eric Maynor,Kevin Durant,Nick Collison,Serge Ibaka,Thabo Sefolosha,Keyon Dooling,Rafer Alston,Terrence Williams,Tony Battie,Yi Jianlian,1,0:46,OKC,free throw,,,,,,,2,,2,Kevin Durant,,,foul,made,,,,
Eric Maynor,Kevin Durant,Nick Collison,Serge Ibaka,Thabo Sefolosha,Keyon Dooling,Rafer Alston,Terrence Williams,Tony Battie,Yi Jianlian,1,0:33,NJN,shot,,,,,,,,,,Keyon Dooling,,,,missed,,driving layup,25,6
Eric Maynor,Kevin Durant,Nick Collison,Serge Ibaka,Thabo Sefolosha,Keyon Dooling,Rafer Alston,Terrence Williams,Tony Battie,Yi Jianlian,1,0:31,NJN,rebound,,,,,,,,,,,,,,,,,,
Eric Maynor,Kevin Durant,Nick Collison,Serge Ibaka,Thabo Sefolosha,Keyon Dooling,Rafer Alston,Terrence Williams,Tony Battie,Yi Jianlian,1,0:31,OKC,foul,,,,,,,,Yi Jianlian,,Thabo Sefolosha,,,,,,loose ball,,
Eric Maynor,Kevin Durant,Nick Collison,Serge Ibaka,Thabo Sefolosha,Keyon Dooling,Rafer Alston,Terrence Williams,Tony Battie,Yi Jianlian,1,0:31,NJN,free throw,,,,,,,1,,2,Yi Jianlian,,,foul,made,,,,
Eric Maynor,James Harden,Kevin Durant,Nick Collison,Serge Ibaka,Keyon Dooling,Rafer Alston,Terrence Williams,Tony Battie,Yi Jianlian,1,0:31,OKC,sub,,,,James Harden,,Thabo Sefolosha,,,,,,,,,,,,
Eric Maynor,James Harden,Kevin Durant,Nick Collison,Serge Ibaka,Keyon Dooling,Rafer Alston,Terrence Williams,Tony Battie,Yi Jianlian,1,0:31,NJN,free throw,,,,,,,2,,2,Yi Jianlian,,,foul,missed,,,,
Eric Maynor,James Harden,Kevin Durant,Nick Collison,Serge Ibaka,Keyon Dooling,Rafer Alston,Terrence Williams,Tony Battie,Yi Jianlian,1,0:30,OKC,rebound,,,,,,,,,,James Harden,,,,,,def,,
Eric Maynor,James Harden,Kevin Durant,Nick Collison,Serge Ibaka,Keyon Dooling,Rafer Alston,Terrence Williams,Tony Battie,Yi Jianlian,1,0:17,OKC,shot,Eric Maynor,,,,,,,,,Kevin Durant,2,,,made,,jump,10,20
Eric Maynor,James Harden,Kevin Durant,Nick Collison,Serge Ibaka,Keyon Dooling,Rafer Alston,Terrence Williams,Tony Battie,Yi Jianlian,1,0:03,NJN,shot,,,,,,,,,,Terrence Williams,,,,missed,,jump,46,9
Eric Maynor,James Harden,Kevin Durant,Nick Collison,Serge Ibaka,Keyon Dooling,Rafer Alston,Terrence Williams,Tony Battie,Yi Jianlian,1,0:00,OKC,rebound,,,,,,,,,,Serge Ibaka,,,,,,def,,
Eric Maynor,James Harden,Jeff Green,Nick Collison,Serge Ibaka,Brook Lopez,Keyon Dooling,Rafer Alston,Terrence Williams,Tony Battie,2,11:40,OKC,shot,,,,,,,,,,Eric Maynor,,,,missed,,jump,6,10
Eric Maynor,James Harden,Jeff Green,Nick Collison,Serge Ibaka,Brook Lopez,Keyon Dooling,Rafer Alston,Terrence Williams,Tony Battie,2,11:38,NJN,rebound,,,,,,,,,,Brook Lopez,,,,,,def,,
Eric Maynor,James Harden,Jeff Green,Nick Collison,Serge Ibaka,Brook Lopez,Keyon Dooling,Rafer Alston,Terrence Williams,Tony Battie,2,11:29,NJN,shot,,,,,,,,,,Rafer Alston,,,,missed,,driving layup,25,6
Eric Maynor,James Harden,Jeff Green,Nick Collison,Serge Ibaka,Brook Lopez,Keyon Dooling,Rafer Alston,Terrence Williams,Tony Battie,2,11:28,OKC,rebound,,,,,,,,,,Nick Collison,,,,,,def,,
Eric Maynor,James Harden,Jeff Green,Nick Collison,Serge Ibaka,Brook Lopez,Keyon Dooling,Rafer Alston,Terrence Williams,Tony Battie,2,11:16,OKC,turnover,,,,,,,,,,Jeff Green,,,lost ball,,Rafer Alston,,,
Eric Maynor,James Harden,Jeff Green,Nick Collison,Serge Ibaka,Brook Lopez,Keyon Dooling,Rafer Alston,Terrence Williams,Tony Battie,2,11:02,NJN,shot,,,,,,,,,,Keyon Dooling,,,,missed,,3pt,48,10
Eric Maynor,James Harden,Jeff Green,Nick Collison,Serge Ibaka,Brook Lopez,Keyon Dooling,Rafer Alston,Terrence Williams,Tony Battie,2,11:00,OKC,rebound,,,,,,,,,,Serge Ibaka,,,,,,def,,
Eric Maynor,James Harden,Jeff Green,Nick Collison,Serge Ibaka,Brook Lopez,Keyon Dooling,Rafer Alston,Terrence Williams,Tony Battie,2,10:34,OKC,shot,,,,,,,,,,James Harden,,,,missed,,3pt,36,27
Eric Maynor,James Harden,Jeff Green,Nick Collison,Serge Ibaka,Brook Lopez,Keyon Dooling,Rafer Alston,Terrence Williams,Tony Battie,2,10:33,OKC,rebound,,,,,,,,,,Serge Ibaka,,,,,,off,,
Eric Maynor,James Harden,Jeff Green,Nick Collison,Serge Ibaka,Brook Lopez,Keyon Dooling,Rafer Alston,Terrence Williams,Tony Battie,2,10:31,OKC,shot,,,,,,,,,,Serge Ibaka,,,,missed,,putback layup,25,6
Eric Maynor,James Harden,Jeff Green,Nick Collison,Serge Ibaka,Brook Lopez,Keyon Dooling,Rafer Alston,Terrence Williams,Tony Battie,2,10:30,NJN,rebound,,,,,,,,,,Tony Battie,,,,,,def,,
Eric Maynor,James Harden,Jeff Green,Nick Collison,Serge Ibaka,Brook Lopez,Keyon Dooling,Rafer Alston,Terrence Williams,Tony Battie,2,10:19,NJN,foul,,,,,,,,Nick Collison,,Keyon Dooling,,,,,,offensive,,
Eric Maynor,James Harden,Jeff Green,Nick Collison,Serge Ibaka,Brook Lopez,Keyon Dooling,Rafer Alston,Terrence Williams,Tony Battie,2,10:19,NJN,turnover,,,,,,,,,,Keyon Dooling,,,foul,,,,,
Eric Maynor,James Harden,Jeff Green,Nick Collison,Serge Ibaka,Brook Lopez,Keyon Dooling,Rafer Alston,Terrence Williams,Tony Battie,2,10:02,OKC,shot,,,,,,,,,,Nick Collison,,,,missed,,jump,33,23
Eric Maynor,James Harden,Jeff Green,Nick Collison,Serge Ibaka,Brook Lopez,Keyon Dooling,Rafer Alston,Terrence Williams,Tony Battie,2,10:01,NJN,rebound,,,,,,,,,,Terrence Williams,,,,,,def,,
Eric Maynor,James Harden,Jeff Green,Nick Collison,Serge Ibaka,Brook Lopez,Keyon Dooling,Rafer Alston,Terrence Williams,Tony Battie,2,9:47,NJN,shot,,,,,,,,,,Terrence Williams,,,,missed,,jump,26,21
Eric Maynor,James Harden,Jeff Green,Nick Collison,Serge Ibaka,Brook Lopez,Keyon Dooling,Rafer Alston,Terrence Williams,Tony Battie,2,9:46,OKC,rebound,,,,,,,,,,Jeff Green,,,,,,def,,
Eric Maynor,James Harden,Jeff Green,Nick Collison,Serge Ibaka,Brook Lopez,Keyon Dooling,Rafer Alston,Terrence Williams,Tony Battie,2,9:42,NJN,foul,,,,,,,,Eric Maynor,,Rafer Alston,,,,,,shooting,,
Eric Maynor,James Harden,Jeff Green,Nick Collison,Serge Ibaka,Brook Lopez,Keyon Dooling,Rafer Alston,Terrence Williams,Tony Battie,2,9:42,OKC,free throw,,,,,,,1,,2,Eric Maynor,,,foul,made,,,,
Eric Maynor,James Harden,Jeff Green,Nick Collison,Serge Ibaka,Brook Lopez,Courtney Lee,Rafer Alston,Terrence Williams,Tony Battie,2,9:42,NJN,sub,,,,Courtney Lee,,Keyon Dooling,,,,,,,,,,,,
Eric Maynor,James Harden,Jeff Green,Nick Collison,Serge Ibaka,Brook Lopez,Courtney Lee,Rafer Alston,Tony Battie,Trenton Hassell,2,9:42,NJN,sub,,,,Trenton Hassell,,Terrence Williams,,,,,,,,,,,,
Eric Maynor,James Harden,Jeff Green,Nick Collison,Serge Ibaka,Brook Lopez,Courtney Lee,Rafer Alston,Tony Battie,Trenton Hassell,2,9:42,OKC,free throw,,,,,,,2,,2,Eric Maynor,,,foul,made,,,,
Eric Maynor,James Harden,Jeff Green,Nick Collison,Serge Ibaka,Brook Lopez,Courtney Lee,Rafer Alston,Tony Battie,Trenton Hassell,2,9:28,NJN,shot,Trenton Hassell,,,,,,,,,Brook Lopez,2,,,made,,layup,25,6
Eric Maynor,James Harden,Jeff Green,Nick Collison,Serge Ibaka,Brook Lopez,Courtney Lee,Rafer Alston,Tony Battie,Trenton Hassell,2,9:28,OKC,foul,,,,,,,,Brook Lopez,,Nick Collison,,,,,,shooting,,
Eric Maynor,James Harden,Jeff Green,Nenad Krstic,Serge Ibaka,Brook Lopez,Courtney Lee,Rafer Alston,Tony Battie,Trenton Hassell,2,9:28,OKC,sub,,,,Nenad Krstic,,Nick Collison,,,,,,,,,,,,
Eric Maynor,James Harden,Jeff Green,Nenad Krstic,Serge Ibaka,Brook Lopez,Courtney Lee,Rafer Alston,Tony Battie,Trenton Hassell,2,9:28,NJN,free throw,,,,,,,1,,1,Brook Lopez,,,foul,missed,,,,
Eric Maynor,James Harden,Jeff Green,Nenad Krstic,Serge Ibaka,Brook Lopez,Courtney Lee,Rafer Alston,Tony Battie,Trenton Hassell,2,9:26,OKC,rebound,,,,,,,,,,Serge Ibaka,,,,,,def,,
Eric Maynor,James Harden,Jeff Green,Nenad Krstic,Serge Ibaka,Brook Lopez,Courtney Lee,Rafer Alston,Tony Battie,Trenton Hassell,2,9:08,OKC,shot,,,,,,,,,,Nenad Krstic,,,,missed,,jump,36,19
Eric Maynor,James Harden,Jeff Green,Nenad Krstic,Serge Ibaka,Brook Lopez,Courtney Lee,Rafer Alston,Tony Battie,Trenton Hassell,2,9:07,NJN,rebound,,,,,,,,,,Tony Battie,,,,,,def,,
Eric Maynor,James Harden,Jeff Green,Nenad Krstic,Serge Ibaka,Brook Lopez,Courtney Lee,Rafer Alston,Tony Battie,Trenton Hassell,2,8:51,NJN,shot,Trenton Hassell,,,,,,,,,Tony Battie,2,,,made,,dunk,25,6
Eric Maynor,James Harden,Jeff Green,Nenad Krstic,Serge Ibaka,Brook Lopez,Courtney Lee,Rafer Alston,Tony Battie,Trenton Hassell,2,8:45,OKC,timeout,,,,,,,,,,,,,,,,regular,,
Eric Maynor,James Harden,Jeff Green,Nenad Krstic,Serge Ibaka,Brook Lopez,Courtney Lee,Rafer Alston,Trenton Hassell,Yi Jianlian,2,8:45,NJN,sub,,,,Yi Jianlian,,Tony Battie,,,,,,,,,,,,
James Harden,Jeff Green,Nenad Krstic,Russell Westbrook,Serge Ibaka,Brook Lopez,Courtney Lee,Rafer Alston,Trenton Hassell,Yi Jianlian,2,8:35,OKC,sub,,,,Russell Westbrook,,Eric Maynor,,,,,,,,,,,,
James Harden,Jeff Green,Nenad Krstic,Russell Westbrook,Serge Ibaka,Brook Lopez,Courtney Lee,Rafer Alston,Trenton Hassell,Yi Jianlian,2,8:23,OKC,shot,,,,,,,,,,Russell Westbrook,,,,missed,,3pt,13,30
James Harden,Jeff Green,Nenad Krstic,Russell Westbrook,Serge Ibaka,Brook Lopez,Courtney Lee,Rafer Alston,Trenton Hassell,Yi Jianlian,2,8:22,NJN,rebound,,,,,,,,,,Brook Lopez,,,,,,def,,
James Harden,Jeff Green,Nenad Krstic,Russell Westbrook,Serge Ibaka,Brook Lopez,Courtney Lee,Rafer Alston,Trenton Hassell,Yi Jianlian,2,8:10,NJN,shot,Rafer Alston,,,,,,,,,Courtney Lee,2,,,made,,layup,25,6
James Harden,Jeff Green,Nenad Krstic,Russell Westbrook,Serge Ibaka,Brook Lopez,Courtney Lee,Rafer Alston,Trenton Hassell,Yi Jianlian,2,7:57,OKC,shot,,,,,,,,,,James Harden,,,,missed,,3pt,47,16
James Harden,Jeff Green,Nenad Krstic,Russell Westbrook,Serge Ibaka,Brook Lopez,Courtney Lee,Rafer Alston,Trenton Hassell,Yi Jianlian,2,7:56,NJN,rebound,,,,,,,,,,Rafer Alston,,,,,,def,,
James Harden,Jeff Green,Nenad Krstic,Russell Westbrook,Serge Ibaka,Brook Lopez,Courtney Lee,Rafer Alston,Trenton Hassell,Yi Jianlian,2,7:53,OKC,foul,,,,,,,,Rafer Alston,,James Harden,,,,,,shooting,,
James Harden,Jeff Green,Nenad Krstic,Russell Westbrook,Serge Ibaka,Brook Lopez,Courtney Lee,Rafer Alston,Trenton Hassell,Yi Jianlian,2,7:53,NJN,free throw,,,,,,,1,,2,Rafer Alston,,,foul,made,,,,
James Harden,Jeff Green,Kevin Durant,Nenad Krstic,Russell Westbrook,Brook Lopez,Courtney Lee,Rafer Alston,Trenton Hassell,Yi Jianlian,2,7:53,OKC,sub,,,,Kevin Durant,,Serge Ibaka,,,,,,,,,,,,
Jeff Green,Kevin Durant,Nenad Krstic,Russell Westbrook,Thabo Sefolosha,Brook Lopez,Courtney Lee,Rafer Alston,Trenton Hassell,Yi Jianlian,2,7:53,OKC,sub,,,,Thabo Sefolosha,,James Harden,,,,,,,,,,,,
Jeff Green,Kevin Durant,Nenad Krstic,Russell Westbrook,Thabo Sefolosha,Brook Lopez,Courtney Lee,Rafer Alston,Trenton Hassell,Yi Jianlian,2,7:53,NJN,free throw,,,,,,,2,,2,Rafer Alston,,,foul,made,,,,
Jeff Green,Kevin Durant,Nenad Krstic,Russell Westbrook,Thabo Sefolosha,Brook Lopez,Courtney Lee,Rafer Alston,Trenton Hassell,Yi Jianlian,2,7:37,OKC,shot,Russell Westbrook,,,,,,,,,Nenad Krstic,2,,,made,,jump,13,21
Jeff Green,Kevin Durant,Nenad Krstic,Russell Westbrook,Thabo Sefolosha,Brook Lopez,Courtney Lee,Rafer Alston,Trenton Hassell,Yi Jianlian,2,7:19,NJN,shot,,,,,,,,,,Trenton Hassell,2,,,made,,driving layup,25,6
Jeff Green,Kevin Durant,Nenad Krstic,Russell Westbrook,Thabo Sefolosha,Brook Lopez,Courtney Lee,Rafer Alston,Trenton Hassell,Yi Jianlian,2,7:19,OKC,foul,,,,,,,,Trenton Hassell,,Jeff Green,,,,,,shooting,,
James Harden,Kevin Durant,Nenad Krstic,Russell Westbrook,Thabo Sefolosha,Brook Lopez,Courtney Lee,Rafer Alston,Trenton Hassell,Yi Jianlian,2,7:19,OKC,sub,,,,James Harden,,Jeff Green,,,,,,,,,,,,
James Harden,Kevin Durant,Nenad Krstic,Russell Westbrook,Thabo Sefolosha,Brook Lopez,Courtney Lee,Rafer Alston,Trenton Hassell,Yi Jianlian,2,7:19,NJN,free throw,,,,,,,1,,1,Trenton Hassell,,,foul,made,,,,
James Harden,Kevin Durant,Nenad Krstic,Russell Westbrook,Thabo Sefolosha,Brook Lopez,Courtney Lee,Rafer Alston,Trenton Hassell,Yi Jianlian,2,7:04,OKC,turnover,,,,,,,,,,James Harden,,,bad pass,,Yi Jianlian,,,
James Harden,Kevin Durant,Nenad Krstic,Russell Westbrook,Thabo Sefolosha,Brook Lopez,Courtney Lee,Rafer Alston,Trenton Hassell,Yi Jianlian,2,7:00,NJN,turnover,,,,,,,,,,Courtney Lee,,,bad pass,,Kevin Durant,,,
James Harden,Kevin Durant,Nenad Krstic,Russell Westbrook,Thabo Sefolosha,Brook Lopez,Courtney Lee,Rafer Alston,Trenton Hassell,Yi Jianlian,2,6:57,OKC,shot,,,,,,,,,,Kevin Durant,2,,,made,,driving finger roll layup,25,6
James Harden,Kevin Durant,Nenad Krstic,Russell Westbrook,Thabo Sefolosha,Brook Lopez,Courtney Lee,Rafer Alston,Trenton Hassell,Yi Jianlian,2,6:32,NJN,shot,Courtney Lee,,,,,,,,,Yi Jianlian,2,,,made,,jump,9,7
James Harden,Kevin Durant,Nenad Krstic,Russell Westbrook,Thabo Sefolosha,Brook Lopez,Courtney Lee,Rafer Alston,Trenton Hassell,Yi Jianlian,2,6:18,OKC,shot,,,,,,,,,,Russell Westbrook,2,,,made,,jump,31,24
James Harden,Kevin Durant,Nenad Krstic,Russell Westbrook,Thabo Sefolosha,Brook Lopez,Courtney Lee,Rafer Alston,Trenton Hassell,Yi Jianlian,2,6:05,OKC,foul,,,,,,,,Brook Lopez,,James Harden,,,,,,personal,,
James Harden,Kevin Durant,Nenad Krstic,Russell Westbrook,Thabo Sefolosha,Brook Lopez,Courtney Lee,Devin Harris,Trenton Hassell,Yi Jianlian,2,6:05,NJN,sub,,,,Devin Harris,,Rafer Alston,,,,,,,,,,,,
James Harden,Kevin Durant,Nenad Krstic,Russell Westbrook,Thabo Sefolosha,Brook Lopez,Courtney Lee,Devin Harris,Trenton Hassell,Yi Jianlian,2,5:52,NJN,shot,,,,,,,,,,Brook Lopez,,,,missed,,layup,25,6
James Harden,Kevin Durant,Nenad Krstic,Russell Westbrook,Thabo Sefolosha,Brook Lopez,Courtney Lee,Devin Harris,Trenton Hassell,Yi Jianlian,2,5:51,OKC,rebound,,,,,,,,,,Kevin Durant,,,,,,def,,
James Harden,Kevin Durant,Nenad Krstic,Russell Westbrook,Thabo Sefolosha,Brook Lopez,Courtney Lee,Devin Harris,Trenton Hassell,Yi Jianlian,2,5:46,OKC,shot,,,,,,,,,,Kevin Durant,2,,,made,,driving layup,25,6
James Harden,Kevin Durant,Nenad Krstic,Russell Westbrook,Thabo Sefolosha,Brook Lopez,Courtney Lee,Devin Harris,Trenton Hassell,Yi Jianlian,2,5:46,NJN,foul,,,,,,,,Kevin Durant,,Brook Lopez,,,,,,shooting,,
James Harden,Kevin Durant,Nenad Krstic,Russell Westbrook,Thabo Sefolosha,Brook Lopez,Courtney Lee,Devin Harris,Trenton Hassell,Yi Jianlian,2,5:46,OKC,timeout,,,,,,,,,,,,,,,,official,,
James Harden,Kevin Durant,Nenad Krstic,Russell Westbrook,Thabo Sefolosha,Courtney Lee,Devin Harris,Keyon Dooling,Trenton Hassell,Yi Jianlian,2,5:46,NJN,sub,,,,Keyon Dooling,,Brook Lopez,,,,,,,,,,,,
James Harden,Kevin Durant,Nenad Krstic,Russell Westbrook,Thabo Sefolosha,Courtney Lee,Devin Harris,Keyon Dooling,Trenton Hassell,Yi Jianlian,2,5:46,OKC,free throw,,,,,,,1,,1,Kevin Durant,,,foul,missed,,,,
James Harden,Kevin Durant,Nenad Krstic,Russell Westbrook,Thabo Sefolosha,Courtney Lee,Devin Harris,Keyon Dooling,Trenton Hassell,Yi Jianlian,2,5:44,NJN,rebound,,,,,,,,,,Yi Jianlian,,,,,,def,,
James Harden,Kevin Durant,Nenad Krstic,Russell Westbrook,Thabo Sefolosha,Courtney Lee,Devin Harris,Keyon Dooling,Trenton Hassell,Yi Jianlian,2,5:31,NJN,shot,,,,,,,,,,Devin Harris,2,,,made,,driving layup,25,6
James Harden,Kevin Durant,Nenad Krstic,Russell Westbrook,Thabo Sefolosha,Courtney Lee,Devin Harris,Keyon Dooling,Trenton Hassell,Yi Jianlian,2,5:08,OKC,shot,,,,,,,,,,Thabo Sefolosha,,,,missed,,layup,25,6
James Harden,Kevin Durant,Nenad Krstic,Russell Westbrook,Thabo Sefolosha,Courtney Lee,Devin Harris,Keyon Dooling,Trenton Hassell,Yi Jianlian,2,5:07,NJN,rebound,,,,,,,,,,Courtney Lee,,,,,,def,,
James Harden,Kevin Durant,Nenad Krstic,Russell Westbrook,Thabo Sefolosha,Courtney Lee,Devin Harris,Keyon Dooling,Trenton Hassell,Yi Jianlian,2,4:59,NJN,shot,,,,,,,,,,Keyon Dooling,,,,missed,,3pt,2,5
James Harden,Kevin Durant,Nenad Krstic,Russell Westbrook,Thabo Sefolosha,Courtney Lee,Devin Harris,Keyon Dooling,Trenton Hassell,Yi Jianlian,2,4:58,OKC,rebound,,,,,,,,,,,,,,,,,,
James Harden,Kevin Durant,Nenad Krstic,Russell Westbrook,Thabo Sefolosha,Courtney Lee,Devin Harris,Keyon Dooling,Trenton Hassell,Yi Jianlian,2,4:46,OKC,shot,,,,,,,,,,Russell Westbrook,2,,,made,,driving finger roll layup,25,6
James Harden,Kevin Durant,Nenad Krstic,Russell Westbrook,Thabo Sefolosha,Courtney Lee,Devin Harris,Keyon Dooling,Trenton Hassell,Yi Jianlian,2,4:33,NJN,shot,,,,,,,,,,Devin Harris,2,,,made,,floating jump,24,15
James Harden,Kevin Durant,Nenad Krstic,Russell Westbrook,Thabo Sefolosha,Courtney Lee,Devin Harris,Keyon Dooling,Trenton Hassell,Yi Jianlian,2,4:19,NJN,foul,,,,,,,,Russell Westbrook,,Devin Harris,,,,,,shooting,,
James Harden,Kevin Durant,Nenad Krstic,Russell Westbrook,Thabo Sefolosha,Courtney Lee,Devin Harris,Keyon Dooling,Trenton Hassell,Yi Jianlian,2,4:19,OKC,free throw,,,,,,,1,,2,Russell Westbrook,,,foul,missed,,,,
James Harden,Kevin Durant,Nenad Krstic,Russell Westbrook,Thabo Sefolosha,Courtney Lee,Devin Harris,Keyon Dooling,Trenton Hassell,Yi Jianlian,2,4:19,OKC,rebound,,,,,,,,,,,,,,,,,,
James Harden,Kevin Durant,Nenad Krstic,Russell Westbrook,Thabo Sefolosha,Courtney Lee,Devin Harris,Keyon Dooling,Trenton Hassell,Yi Jianlian,2,4:19,OKC,free throw,,,,,,,2,,2,Russell Westbrook,,,foul,made,,,,
James Harden,Kevin Durant,Nenad Krstic,Russell Westbrook,Thabo Sefolosha,Courtney Lee,Devin Harris,Keyon Dooling,Trenton Hassell,Yi Jianlian,2,4:01,NJN,shot,Keyon Dooling,,,,,,,,,Yi Jianlian,2,,,made,,driving layup,25,6
James Harden,Kevin Durant,Nenad Krstic,Russell Westbrook,Thabo Sefolosha,Courtney Lee,Devin Harris,Keyon Dooling,Trenton Hassell,Yi Jianlian,2,4:01,OKC,foul,,,,,,,,Yi Jianlian,,Nenad Krstic,,,,,,shooting,,
James Harden,Kevin Durant,Russell Westbrook,Serge Ibaka,Thabo Sefolosha,Courtney Lee,Devin Harris,Keyon Dooling,Trenton Hassell,Yi Jianlian,2,4:01,OKC,sub,,,,Serge Ibaka,,Nenad Krstic,,,,,,,,,,,,
James Harden,Kevin Durant,Russell Westbrook,Serge Ibaka,Thabo Sefolosha,Courtney Lee,Devin Harris,Keyon Dooling,Trenton Hassell,Yi Jianlian,2,4:01,NJN,free throw,,,,,,,1,,1,Yi Jianlian,,,foul,made,,,,
James Harden,Kevin Durant,Russell Westbrook,Serge Ibaka,Thabo Sefolosha,Courtney Lee,Devin Harris,Keyon Dooling,Trenton Hassell,Yi Jianlian,2,3:51,OKC,shot,,,,,,,,,,Russell Westbrook,2,,,made,,jump,16,23
James Harden,Kevin Durant,Russell Westbrook,Serge Ibaka,Thabo Sefolosha,Courtney Lee,Devin Harris,Keyon Dooling,Trenton Hassell,Yi Jianlian,2,3:35,NJN,turnover,,,,,,,,,,Devin Harris,,,bad pass,,Kevin Durant,,,
James Harden,Kevin Durant,Russell Westbrook,Serge Ibaka,Thabo Sefolosha,Courtney Lee,Devin Harris,Keyon Dooling,Trenton Hassell,Yi Jianlian,2,3:30,OKC,shot,,,,,,,,,,Kevin Durant,2,,,made,,layup,25,6
James Harden,Kevin Durant,Russell Westbrook,Serge Ibaka,Thabo Sefolosha,Courtney Lee,Devin Harris,Keyon Dooling,Trenton Hassell,Yi Jianlian,2,3:11,NJN,shot,,,,,,,,,,Courtney Lee,,,,missed,,3pt,48,5
James Harden,Kevin Durant,Russell Westbrook,Serge Ibaka,Thabo Sefolosha,Courtney Lee,Devin Harris,Keyon Dooling,Trenton Hassell,Yi Jianlian,2,3:09,NJN,rebound,,,,,,,,,,Trenton Hassell,,,,,,off,,
James Harden,Kevin Durant,Russell Westbrook,Serge Ibaka,Thabo Sefolosha,Courtney Lee,Devin Harris,Keyon Dooling,Trenton Hassell,Yi Jianlian,2,3:07,NJN,shot,,,,,,,,,,Trenton Hassell,2,,,made,,layup,25,6
James Harden,Kevin Durant,Russell Westbrook,Serge Ibaka,Thabo Sefolosha,Courtney Lee,Devin Harris,Keyon Dooling,Trenton Hassell,Yi Jianlian,2,2:54,NJN,foul,,,,,,,,Russell Westbrook,,Devin Harris,,,,,,shooting,,
James Harden,Kevin Durant,Russell Westbrook,Serge Ibaka,Thabo Sefolosha,Courtney Lee,Devin Harris,Keyon Dooling,Trenton Hassell,Yi Jianlian,2,2:54,NJN,timeout,,,,,,,,,,,,,,,,regular,,
Eric Maynor,Kevin Durant,Russell Westbrook,Serge Ibaka,Thabo Sefolosha,Courtney Lee,Devin Harris,Keyon Dooling,Trenton Hassell,Yi Jianlian,2,2:54,OKC,sub,,,,Eric Maynor,,James Harden,,,,,,,,,,,,
Eric Maynor,Kevin Durant,Russell Westbrook,Serge Ibaka,Thabo Sefolosha,Courtney Lee,Devin Harris,Keyon Dooling,Trenton Hassell,Yi Jianlian,2,2:54,OKC,free throw,,,,,,,1,,2,Russell Westbrook,,,foul,made,,,,
Eric Maynor,Kevin Durant,Russell Westbrook,Serge Ibaka,Thabo Sefolosha,Courtney Lee,Devin Harris,Keyon Dooling,Trenton Hassell,Yi Jianlian,2,2:54,OKC,free throw,,,,,,,2,,2,Russell Westbrook,,,foul,made,,,,
Eric Maynor,Kevin Durant,Russell Westbrook,Serge Ibaka,Thabo Sefolosha,Courtney Lee,Devin Harris,Keyon Dooling,Trenton Hassell,Yi Jianlian,2,2:35,NJN,shot,Courtney Lee,,,,,,,,,Yi Jianlian,2,,,made,,layup,25,6
Eric Maynor,Kevin Durant,Russell Westbrook,Serge Ibaka,Thabo Sefolosha,Courtney Lee,Devin Harris,Keyon Dooling,Trenton Hassell,Yi Jianlian,2,2:18,OKC,shot,,,,,,,,,,Russell Westbrook,2,,,made,,running jump,24,10
Eric Maynor,Kevin Durant,Russell Westbrook,Serge Ibaka,Thabo Sefolosha,Courtney Lee,Devin Harris,Keyon Dooling,Trenton Hassell,Yi Jianlian,2,2:05,NJN,shot,,,,,,,,,,Courtney Lee,,,,missed,,3pt,47,5
Eric Maynor,Kevin Durant,Russell Westbrook,Serge Ibaka,Thabo Sefolosha,Courtney Lee,Devin Harris,Keyon Dooling,Trenton Hassell,Yi Jianlian,2,2:04,OKC,rebound,,,,,,,,,,Russell Westbrook,,,,,,def,,
Eric Maynor,Kevin Durant,Russell Westbrook,Serge Ibaka,Thabo Sefolosha,Courtney Lee,Devin Harris,Keyon Dooling,Trenton Hassell,Yi Jianlian,2,1:58,OKC,shot,Russell Westbrook,,,,,,,,,Eric Maynor,2,,,made,,layup,25,6
Eric Maynor,Kevin Durant,Russell Westbrook,Serge Ibaka,Thabo Sefolosha,Courtney Lee,Devin Harris,Keyon Dooling,Trenton Hassell,Yi Jianlian,2,1:35,NJN,shot,,,,,,,,,,Courtney Lee,,,,missed,,turnaround jump,12,15
Eric Maynor,Kevin Durant,Russell Westbrook,Serge Ibaka,Thabo Sefolosha,Courtney Lee,Devin Harris,Keyon Dooling,Trenton Hassell,Yi Jianlian,2,1:33,NJN,rebound,,,,,,,,,,Yi Jianlian,,,,,,off,,
Eric Maynor,Kevin Durant,Russell Westbrook,Serge Ibaka,Thabo Sefolosha,Courtney Lee,Devin Harris,Keyon Dooling,Trenton Hassell,Yi Jianlian,2,1:26,NJN,shot,,,,,,,,,,Trenton Hassell,,,,missed,,jump,32,6
Eric Maynor,Kevin Durant,Russell Westbrook,Serge Ibaka,Thabo Sefolosha,Courtney Lee,Devin Harris,Keyon Dooling,Trenton Hassell,Yi Jianlian,2,1:25,NJN,rebound,,,,,,,,,,Courtney Lee,,,,,,off,,
Eric Maynor,Kevin Durant,Russell Westbrook,Serge Ibaka,Thabo Sefolosha,Courtney Lee,Devin Harris,Keyon Dooling,Trenton Hassell,Yi Jianlian,2,1:24,NJN,shot,,,,,,,,,,Courtney Lee,2,,,made,,putback layup,25,6
Eric Maynor,Kevin Durant,Russell Westbrook,Serge Ibaka,Thabo Sefolosha,Courtney Lee,Devin Harris,Keyon Dooling,Trenton Hassell,Yi Jianlian,2,0:58,OKC,shot,,,,,,,,,,Eric Maynor,,,,missed,,3pt,39,27
Eric Maynor,Kevin Durant,Russell Westbrook,Serge Ibaka,Thabo Sefolosha,Courtney Lee,Devin Harris,Keyon Dooling,Trenton Hassell,Yi Jianlian,2,0:58,OKC,rebound,,,,,,,,,,Serge Ibaka,,,,,,off,,
Eric Maynor,Kevin Durant,Russell Westbrook,Serge Ibaka,Thabo Sefolosha,Courtney Lee,Devin Harris,Keyon Dooling,Trenton Hassell,Yi Jianlian,2,0:55,OKC,shot,Serge Ibaka,,,,,,,,,Kevin Durant,2,,,made,,jump,5,5
Eric Maynor,Kevin Durant,Russell Westbrook,Serge Ibaka,Thabo Sefolosha,Courtney Lee,Devin Harris,Keyon Dooling,Trenton Hassell,Yi Jianlian,2,0:42,NJN,timeout,,,,,,,,,,,,,,,,short,,
Eric Maynor,Kevin Durant,Russell Westbrook,Serge Ibaka,Thabo Sefolosha,Courtney Lee,Devin Harris,Keyon Dooling,Trenton Hassell,Yi Jianlian,2,0:35,OKC,foul,,,,,,,,Yi Jianlian,,Serge Ibaka,,,,,,personal,,
Eric Maynor,Kevin Durant,Russell Westbrook,Serge Ibaka,Thabo Sefolosha,Courtney Lee,Devin Harris,Keyon Dooling,Trenton Hassell,Yi Jianlian,2,0:35,NJN,free throw,,,,,,,1,,2,Yi Jianlian,,,foul,made,,,,
Eric Maynor,Kevin Durant,Russell Westbrook,Serge Ibaka,Thabo Sefolosha,Courtney Lee,Keyon Dooling,Rafer Alston,Trenton Hassell,Yi Jianlian,2,0:35,NJN,sub,,,,Rafer Alston,,Devin Harris,,,,,,,,,,,,
Eric Maynor,Kevin Durant,Russell Westbrook,Serge Ibaka,Thabo Sefolosha,Courtney Lee,Keyon Dooling,Rafer Alston,Terrence Williams,Yi Jianlian,2,0:35,NJN,sub,,,,Terrence Williams,,Trenton Hassell,,,,,,,,,,,,
Eric Maynor,Kevin Durant,Russell Westbrook,Serge Ibaka,Thabo Sefolosha,Courtney Lee,Keyon Dooling,Rafer Alston,Terrence Williams,Yi Jianlian,2,0:35,NJN,free throw,,,,,,,2,,2,Yi Jianlian,,,foul,made,,,,
Eric Maynor,Kevin Durant,Russell Westbrook,Serge Ibaka,Thabo Sefolosha,Courtney Lee,Keyon Dooling,Rafer Alston,Terrence Williams,Yi Jianlian,2,0:26,OKC,shot,,,,,,,,,,Kevin Durant,2,,,made,,jump,32,15
Eric Maynor,Kevin Durant,Russell Westbrook,Serge Ibaka,Thabo Sefolosha,Courtney Lee,Keyon Dooling,Rafer Alston,Terrence Williams,Yi Jianlian,2,0:03,NJN,turnover,,,,,,,,,,Terrence Williams,,,bad pass,,Russell Westbrook,,,
Eric Maynor,Kevin Durant,Russell Westbrook,Serge Ibaka,Thabo Sefolosha,Courtney Lee,Keyon Dooling,Rafer Alston,Terrence Williams,Yi Jianlian,2,0:00,OKC,shot,Russell Westbrook,,,,,,,,,Kevin Durant,2,,,made,,floating jump,19,15
Jeff Green,Kevin Durant,Nenad Krstic,Russell Westbrook,Thabo Sefolosha,Brook Lopez,Courtney Lee,Devin Harris,Trenton Hassell,Yi Jianlian,3,11:43,NJN,foul,,,,,,,,,,Yi Jianlian,,,,,,defense 3 second,,
Jeff Green,Kevin Durant,Nenad Krstic,Russell Westbrook,Thabo Sefolosha,Brook Lopez,Courtney Lee,Devin Harris,Trenton Hassell,Yi Jianlian,3,11:43,OKC,free throw,,,,,,,1,,1,Kevin Durant,,,technical,made,,,,
Jeff Green,Kevin Durant,Nenad Krstic,Russell Westbrook,Thabo Sefolosha,Brook Lopez,Courtney Lee,Devin Harris,Trenton Hassell,Yi Jianlian,3,11:41,NJN,foul,,,,,,,,Kevin Durant,,Trenton Hassell,,,,,,personal,,
Jeff Green,Kevin Durant,Nenad Krstic,Russell Westbrook,Thabo Sefolosha,Brook Lopez,Courtney Lee,Devin Harris,Trenton Hassell,Yi Jianlian,3,11:31,OKC,turnover,,,,,,,,,,Thabo Sefolosha,,,traveling,,,,,
Jeff Green,Kevin Durant,Nenad Krstic,Russell Westbrook,Thabo Sefolosha,Brook Lopez,Courtney Lee,Devin Harris,Trenton Hassell,Yi Jianlian,3,11:13,NJN,shot,,,,,,,,,,Yi Jianlian,,,,missed,,3pt,32,31
Jeff Green,Kevin Durant,Nenad Krstic,Russell Westbrook,Thabo Sefolosha,Brook Lopez,Courtney Lee,Devin Harris,Trenton Hassell,Yi Jianlian,3,11:12,OKC,rebound,,,,,,,,,,Kevin Durant,,,,,,def,,
Jeff Green,Kevin Durant,Nenad Krstic,Russell Westbrook,Thabo Sefolosha,Brook Lopez,Courtney Lee,Devin Harris,Trenton Hassell,Yi Jianlian,3,10:52,OKC,shot,,,,,,,,,,Jeff Green,,,,missed,,3pt,20,31
Jeff Green,Kevin Durant,Nenad Krstic,Russell Westbrook,Thabo Sefolosha,Brook Lopez,Courtney Lee,Devin Harris,Trenton Hassell,Yi Jianlian,3,10:51,NJN,rebound,,,,,,,,,,Courtney Lee,,,,,,def,,
Jeff Green,Kevin Durant,Nenad Krstic,Russell Westbrook,Thabo Sefolosha,Brook Lopez,Courtney Lee,Devin Harris,Trenton Hassell,Yi Jianlian,3,10:40,NJN,shot,Devin Harris,,,,,,,,,Yi Jianlian,2,,,made,,jump,33,25
Jeff Green,Kevin Durant,Nenad Krstic,Russell Westbrook,Thabo Sefolosha,Brook Lopez,Courtney Lee,Devin Harris,Trenton Hassell,Yi Jianlian,3,10:16,OKC,shot,Russell Westbrook,,,,,,,,,Nenad Krstic,2,,,made,,jump,36,21
Jeff Green,Kevin Durant,Nenad Krstic,Russell Westbrook,Thabo Sefolosha,Brook Lopez,Courtney Lee,Devin Harris,Trenton Hassell,Yi Jianlian,3,9:59,NJN,shot,Devin Harris,,,,,,,,,Brook Lopez,2,,,made,,alley oop dunk,25,6
Jeff Green,Kevin Durant,Nenad Krstic,Russell Westbrook,Thabo Sefolosha,Brook Lopez,Courtney Lee,Devin Harris,Trenton Hassell,Yi Jianlian,3,9:40,NJN,foul,,,,,,,,Nenad Krstic,,Courtney Lee,,,,,,shooting,,
Jeff Green,Kevin Durant,Nenad Krstic,Russell Westbrook,Thabo Sefolosha,Brook Lopez,Courtney Lee,Devin Harris,Trenton Hassell,Yi Jianlian,3,9:40,OKC,free throw,,,,,,,1,,2,Nenad Krstic,,,foul,made,,,,
Jeff Green,Kevin Durant,Nenad Krstic,Russell Westbrook,Thabo Sefolosha,Brook Lopez,Courtney Lee,Devin Harris,Trenton Hassell,Yi Jianlian,3,9:40,OKC,free throw,,,,,,,2,,2,Nenad Krstic,,,foul,made,,,,
Jeff Green,Kevin Durant,Nenad Krstic,Russell Westbrook,Thabo Sefolosha,Brook Lopez,Courtney Lee,Devin Harris,Trenton Hassell,Yi Jianlian,3,9:16,NJN,shot,,,,,,,,,,Devin Harris,,,,missed,,jump,16,23
Jeff Green,Kevin Durant,Nenad Krstic,Russell Westbrook,Thabo Sefolosha,Brook Lopez,Courtney Lee,Devin Harris,Trenton Hassell,Yi Jianlian,3,9:15,OKC,rebound,,,,,,,,,,Nenad Krstic,,,,,,def,,
Jeff Green,Kevin Durant,Nenad Krstic,Russell Westbrook,Thabo Sefolosha,Brook Lopez,Courtney Lee,Devin Harris,Trenton Hassell,Yi Jianlian,3,9:13,NJN,foul,,,,,,,,Nenad Krstic,,Yi Jianlian,,,,,,personal,,
Jeff Green,Kevin Durant,Nenad Krstic,Russell Westbrook,Thabo Sefolosha,Brook Lopez,Courtney Lee,Devin Harris,Trenton Hassell,Yi Jianlian,3,9:04,OKC,shot,,,,,,,,,,Nenad Krstic,,,,missed,,hook,26,12
Jeff Green,Kevin Durant,Nenad Krstic,Russell Westbrook,Thabo Sefolosha,Brook Lopez,Courtney Lee,Devin Harris,Trenton Hassell,Yi Jianlian,3,9:03,NJN,rebound,,,,,,,,,,Devin Harris,,,,,,def,,
Jeff Green,Kevin Durant,Nenad Krstic,Russell Westbrook,Thabo Sefolosha,Brook Lopez,Courtney Lee,Devin Harris,Trenton Hassell,Yi Jianlian,3,8:55,NJN,shot,,,,,,,,,,Yi Jianlian,,,,missed,,jump,24,26
Jeff Green,Kevin Durant,Nenad Krstic,Russell Westbrook,Thabo Sefolosha,Brook Lopez,Courtney Lee,Devin Harris,Trenton Hassell,Yi Jianlian,3,8:54,NJN,rebound,,,,,,,,,,,,,,,,,,
Jeff Green,Kevin Durant,Nenad Krstic,Russell Westbrook,Thabo Sefolosha,Brook Lopez,Courtney Lee,Devin Harris,Trenton Hassell,Yi Jianlian,3,8:49,NJN,shot,Courtney Lee,,,,,,,,,Trenton Hassell,2,,,made,,jump,29,24
Jeff Green,Kevin Durant,Nenad Krstic,Russell Westbrook,Thabo Sefolosha,Brook Lopez,Courtney Lee,Devin Harris,Trenton Hassell,Yi Jianlian,3,8:34,NJN,foul,,,,,,,,Kevin Durant,,Trenton Hassell,,,,,,shooting,,
Jeff Green,Kevin Durant,Nenad Krstic,Russell Westbrook,Thabo Sefolosha,Brook Lopez,Courtney Lee,Devin Harris,Trenton Hassell,Yi Jianlian,3,8:34,OKC,free throw,,,,,,,1,,2,Kevin Durant,,,foul,made,,,,
Jeff Green,Kevin Durant,Nenad Krstic,Russell Westbrook,Thabo Sefolosha,Brook Lopez,Courtney Lee,Devin Harris,Terrence Williams,Yi Jianlian,3,8:34,NJN,sub,,,,Terrence Williams,,Trenton Hassell,,,,,,,,,,,,
Jeff Green,Kevin Durant,Nenad Krstic,Russell Westbrook,Thabo Sefolosha,Brook Lopez,Courtney Lee,Devin Harris,Terrence Williams,Yi Jianlian,3,8:34,OKC,free throw,,,,,,,2,,2,Kevin Durant,,,foul,made,,,,
Jeff Green,Kevin Durant,Nenad Krstic,Russell Westbrook,Thabo Sefolosha,Brook Lopez,Courtney Lee,Devin Harris,Terrence Williams,Yi Jianlian,3,8:13,OKC,foul,,,,,,,,Devin Harris,,Nenad Krstic,,,,,,shooting,,
Jeff Green,Kevin Durant,Nenad Krstic,Russell Westbrook,Thabo Sefolosha,Brook Lopez,Courtney Lee,Devin Harris,Terrence Williams,Yi Jianlian,3,8:13,NJN,free throw,,,,,,,1,,2,Devin Harris,,,foul,made,,,,
Jeff Green,Kevin Durant,Nenad Krstic,Russell Westbrook,Thabo Sefolosha,Brook Lopez,Courtney Lee,Devin Harris,Terrence Williams,Yi Jianlian,3,8:13,NJN,free throw,,,,,,,2,,2,Devin Harris,,,foul,made,,,,
Jeff Green,Kevin Durant,Nenad Krstic,Russell Westbrook,Thabo Sefolosha,Brook Lopez,Courtney Lee,Devin Harris,Terrence Williams,Yi Jianlian,3,7:59,OKC,shot,,,,,,,,,,Kevin Durant,2,,,made,,fade away jumper,41,14
Jeff Green,Kevin Durant,Nenad Krstic,Russell Westbrook,Thabo Sefolosha,Brook Lopez,Courtney Lee,Devin Harris,Terrence Williams,Yi Jianlian,3,7:38,NJN,shot,Devin Harris,,,,,,,,,Courtney Lee,2,,,made,,running jump,38,7
Jeff Green,Kevin Durant,Nenad Krstic,Russell Westbrook,Thabo Sefolosha,Brook Lopez,Courtney Lee,Devin Harris,Terrence Williams,Yi Jianlian,3,7:29,OKC,shot,,,,,,,,,,Jeff Green,,,,missed,,3pt,48,6
Jeff Green,Kevin Durant,Nenad Krstic,Russell Westbrook,Thabo Sefolosha,Brook Lopez,Courtney Lee,Devin Harris,Terrence Williams,Yi Jianlian,3,7:27,NJN,rebound,,,,,,,,,,Brook Lopez,,,,,,def,,
Jeff Green,Kevin Durant,Nenad Krstic,Russell Westbrook,Thabo Sefolosha,Brook Lopez,Courtney Lee,Devin Harris,Terrence Williams,Yi Jianlian,3,7:21,NJN,shot,,,,,,,,,,Devin Harris,2,,,made,,driving reverse layup,25,6
Jeff Green,Kevin Durant,Nenad Krstic,Russell Westbrook,Thabo Sefolosha,Brook Lopez,Courtney Lee,Devin Harris,Terrence Williams,Yi Jianlian,3,6:57,OKC,shot,,,,,,,,,,Russell Westbrook,,,,missed,,driving layup,25,6
Jeff Green,Kevin Durant,Nenad Krstic,Russell Westbrook,Thabo Sefolosha,Brook Lopez,Courtney Lee,Devin Harris,Terrence Williams,Yi Jianlian,3,6:56,NJN,rebound,,,,,,,,,,Devin Harris,,,,,,def,,
Jeff Green,Kevin Durant,Nenad Krstic,Russell Westbrook,Thabo Sefolosha,Brook Lopez,Courtney Lee,Devin Harris,Terrence Williams,Yi Jianlian,3,6:38,NJN,shot,,,,,,,,,,Yi Jianlian,,,,missed,,jump,31,27
Jeff Green,Kevin Durant,Nenad Krstic,Russell Westbrook,Thabo Sefolosha,Brook Lopez,Courtney Lee,Devin Harris,Terrence Williams,Yi Jianlian,3,6:37,NJN,rebound,,,,,,,,,,,,,,,,,,
Jeff Green,Kevin Durant,Nenad Krstic,Russell Westbrook,Thabo Sefolosha,Brook Lopez,Courtney Lee,Devin Harris,Terrence Williams,Yi Jianlian,3,6:19,NJN,shot,,,,,,,,,,Brook Lopez,,,,missed,,jump,40,6
Jeff Green,Kevin Durant,Nenad Krstic,Russell Westbrook,Thabo Sefolosha,Brook Lopez,Courtney Lee,Devin Harris,Terrence Williams,Yi Jianlian,3,6:18,NJN,rebound,,,,,,,,,,Yi Jianlian,,,,,,off,,
Jeff Green,Kevin Durant,Nenad Krstic,Russell Westbrook,Thabo Sefolosha,Brook Lopez,Courtney Lee,Devin Harris,Terrence Williams,Yi Jianlian,3,6:16,NJN,shot,,,,,,,,,,Yi Jianlian,2,,,made,,putback dunk,25,6
Jeff Green,Kevin Durant,Nenad Krstic,Russell Westbrook,Thabo Sefolosha,Brook Lopez,Courtney Lee,Devin Harris,Terrence Williams,Yi Jianlian,3,6:09,OKC,timeout,,,,,,,,,,,,,,,,regular,,
Kevin Durant,Nenad Krstic,Nick Collison,Russell Westbrook,Thabo Sefolosha,Brook Lopez,Courtney Lee,Devin Harris,Terrence Williams,Yi Jianlian,3,6:09,OKC,sub,,,,Nick Collison,,Jeff Green,,,,,,,,,,,,
Kevin Durant,Nenad Krstic,Nick Collison,Russell Westbrook,Thabo Sefolosha,Brook Lopez,Courtney Lee,Devin Harris,Terrence Williams,Yi Jianlian,3,6:03,OKC,shot,,,,,,,,,,Kevin Durant,,,,missed,,jump,21,24
Kevin Durant,Nenad Krstic,Nick Collison,Russell Westbrook,Thabo Sefolosha,Brook Lopez,Courtney Lee,Devin Harris,Terrence Williams,Yi Jianlian,3,6:02,NJN,rebound,,,,,,,,,,Yi Jianlian,,,,,,def,,
Kevin Durant,Nenad Krstic,Nick Collison,Russell Westbrook,Thabo Sefolosha,Brook Lopez,Courtney Lee,Devin Harris,Terrence Williams,Yi Jianlian,3,5:41,NJN,shot,Terrence Williams,,,,,,,,,Courtney Lee,3,,,made,,3pt,47,5
Kevin Durant,Nenad Krstic,Nick Collison,Russell Westbrook,Thabo Sefolosha,Brook Lopez,Courtney Lee,Devin Harris,Terrence Williams,Yi Jianlian,3,5:28,NJN,foul,,,,,,,,Kevin Durant,,Terrence Williams,,,,,,shooting,,
Kevin Durant,Nenad Krstic,Nick Collison,Russell Westbrook,Thabo Sefolosha,Brook Lopez,Courtney Lee,Devin Harris,Terrence Williams,Yi Jianlian,3,5:28,OKC,free throw,,,,,,,1,,3,Kevin Durant,,,foul,made,,,,
Kevin Durant,Nenad Krstic,Nick Collison,Russell Westbrook,Thabo Sefolosha,Brook Lopez,Courtney Lee,Devin Harris,Terrence Williams,Yi Jianlian,3,5:28,OKC,free throw,,,,,,,2,,3,Kevin Durant,,,foul,made,,,,
Kevin Durant,Nenad Krstic,Nick Collison,Russell Westbrook,Thabo Sefolosha,Brook Lopez,Courtney Lee,Devin Harris,Terrence Williams,Yi Jianlian,3,5:28,OKC,free throw,,,,,,,3,,3,Kevin Durant,,,foul,made,,,,
Kevin Durant,Nenad Krstic,Nick Collison,Russell Westbrook,Thabo Sefolosha,Brook Lopez,Courtney Lee,Devin Harris,Terrence Williams,Yi Jianlian,3,5:13,NJN,foul,,,,,,,,Nick Collison,,Terrence Williams,,,,,,offensive,,
Kevin Durant,Nenad Krstic,Nick Collison,Russell Westbrook,Thabo Sefolosha,Brook Lopez,Courtney Lee,Devin Harris,Terrence Williams,Yi Jianlian,3,5:13,NJN,turnover,,,,,,,,,,Terrence Williams,,,foul,,,,,
Kevin Durant,Nenad Krstic,Nick Collison,Russell Westbrook,Thabo Sefolosha,Brook Lopez,Courtney Lee,Devin Harris,Terrence Williams,Yi Jianlian,3,4:53,OKC,shot,Kevin Durant,,,,,,,,,Nenad Krstic,2,,,made,,jump,19,25
Kevin Durant,Nenad Krstic,Nick Collison,Russell Westbrook,Thabo Sefolosha,Brook Lopez,Courtney Lee,Devin Harris,Terrence Williams,Yi Jianlian,3,4:33,NJN,shot,,,,,,,,,,Yi Jianlian,,,,missed,,jump,31,25
Kevin Durant,Nenad Krstic,Nick Collison,Russell Westbrook,Thabo Sefolosha,Brook Lopez,Courtney Lee,Devin Harris,Terrence Williams,Yi Jianlian,3,4:32,OKC,rebound,,,,,,,,,,Thabo Sefolosha,,,,,,def,,
Kevin Durant,Nenad Krstic,Nick Collison,Russell Westbrook,Thabo Sefolosha,Brook Lopez,Courtney Lee,Devin Harris,Terrence Williams,Yi Jianlian,3,4:27,NJN,foul,,,,,,,,Kevin Durant,,Yi Jianlian,,,,,,shooting,,
Kevin Durant,Nenad Krstic,Nick Collison,Russell Westbrook,Thabo Sefolosha,Brook Lopez,Courtney Lee,Devin Harris,Terrence Williams,Yi Jianlian,3,4:27,OKC,free throw,,,,,,,1,,2,Kevin Durant,,,foul,made,,,,
Kevin Durant,Nenad Krstic,Nick Collison,Russell Westbrook,Thabo Sefolosha,Brook Lopez,Devin Harris,Keyon Dooling,Terrence Williams,Yi Jianlian,3,4:27,NJN,sub,,,,Keyon Dooling,,Courtney Lee,,,,,,,,,,,,
Kevin Durant,Nenad Krstic,Nick Collison,Russell Westbrook,Thabo Sefolosha,Brook Lopez,Devin Harris,Keyon Dooling,Terrence Williams,Yi Jianlian,3,4:27,OKC,free throw,,,,,,,2,,2,Kevin Durant,,,foul,made,,,,
Kevin Durant,Nenad Krstic,Nick Collison,Russell Westbrook,Thabo Sefolosha,Brook Lopez,Devin Harris,Keyon Dooling,Terrence Williams,Yi Jianlian,3,4:10,NJN,shot,Devin Harris,,,,,,,,,Yi Jianlian,2,,,made,,running hook,30,7
Kevin Durant,Nenad Krstic,Nick Collison,Russell Westbrook,Thabo Sefolosha,Brook Lopez,Devin Harris,Keyon Dooling,Terrence Williams,Yi Jianlian,3,3:57,OKC,turnover,,,,,,,,,,Russell Westbrook,,,bad pass,,Brook Lopez,,,
Kevin Durant,Nenad Krstic,Nick Collison,Russell Westbrook,Thabo Sefolosha,Brook Lopez,Devin Harris,Keyon Dooling,Terrence Williams,Yi Jianlian,3,3:40,NJN,shot,Devin Harris,,,,,,,,,Yi Jianlian,2,,,made,,jump,15,24
Kevin Durant,Nenad Krstic,Nick Collison,Russell Westbrook,Thabo Sefolosha,Brook Lopez,Devin Harris,Keyon Dooling,Terrence Williams,Yi Jianlian,3,3:21,OKC,shot,,,,,,,,,,Kevin Durant,2,,,made,,jump,24,11
Kevin Durant,Nenad Krstic,Nick Collison,Russell Westbrook,Thabo Sefolosha,Brook Lopez,Devin Harris,Keyon Dooling,Terrence Williams,Yi Jianlian,3,3:07,NJN,shot,,,Nenad Krstic,,,,,,,Devin Harris,,,,missed,,driving layup,25,6
Kevin Durant,Nenad Krstic,Nick Collison,Russell Westbrook,Thabo Sefolosha,Brook Lopez,Devin Harris,Keyon Dooling,Terrence Williams,Yi Jianlian,3,3:06,NJN,rebound,,,,,,,,,,Brook Lopez,,,,,,off,,
Kevin Durant,Nenad Krstic,Nick Collison,Russell Westbrook,Thabo Sefolosha,Brook Lopez,Devin Harris,Keyon Dooling,Terrence Williams,Yi Jianlian,3,3:03,NJN,shot,,,Nenad Krstic,,,,,,,Brook Lopez,,,,missed,,layup,25,6
Kevin Durant,Nenad Krstic,Nick Collison,Russell Westbrook,Thabo Sefolosha,Brook Lopez,Devin Harris,Keyon Dooling,Terrence Williams,Yi Jianlian,3,3:01,OKC,rebound,,,,,,,,,,Nenad Krstic,,,,,,def,,
Kevin Durant,Nenad Krstic,Nick Collison,Russell Westbrook,Thabo Sefolosha,Brook Lopez,Devin Harris,Keyon Dooling,Terrence Williams,Yi Jianlian,3,2:52,OKC,shot,,,,,,,,,,Russell Westbrook,,,,missed,,jump,10,7
Kevin Durant,Nenad Krstic,Nick Collison,Russell Westbrook,Thabo Sefolosha,Brook Lopez,Devin Harris,Keyon Dooling,Terrence Williams,Yi Jianlian,3,2:50,OKC,rebound,,,,,,,,,,Nick Collison,,,,,,off,,
Kevin Durant,Nenad Krstic,Nick Collison,Russell Westbrook,Thabo Sefolosha,Brook Lopez,Devin Harris,Keyon Dooling,Terrence Williams,Yi Jianlian,3,2:45,OKC,shot,Kevin Durant,,,,,,,,,Nenad Krstic,2,,,made,,jump,11,6
Kevin Durant,Nenad Krstic,Nick Collison,Russell Westbrook,Thabo Sefolosha,Brook Lopez,Devin Harris,Keyon Dooling,Terrence Williams,Yi Jianlian,3,2:37,NJN,timeout,,,,,,,,,,,,,,,,regular,,
James Harden,Kevin Durant,Nenad Krstic,Nick Collison,Russell Westbrook,Brook Lopez,Devin Harris,Keyon Dooling,Terrence Williams,Yi Jianlian,3,2:37,OKC,sub,,,,James Harden,,Thabo Sefolosha,,,,,,,,,,,,
James Harden,Kevin Durant,Nenad Krstic,Nick Collison,Russell Westbrook,Brook Lopez,Devin Harris,Keyon Dooling,Terrence Williams,Yi Jianlian,3,2:28,NJN,turnover,,,,,,,,,,Yi Jianlian,,,lost ball,,James Harden,,,
James Harden,Kevin Durant,Nenad Krstic,Nick Collison,Russell Westbrook,Brook Lopez,Devin Harris,Keyon Dooling,Terrence Williams,Yi Jianlian,3,2:22,NJN,foul,,,,,,,,Nenad Krstic,,Terrence Williams,,,,,,shooting,,
James Harden,Kevin Durant,Nenad Krstic,Nick Collison,Russell Westbrook,Brook Lopez,Devin Harris,Keyon Dooling,Terrence Williams,Yi Jianlian,3,2:22,OKC,free throw,,,,,,,1,,2,Nenad Krstic,,,foul,made,,,,
James Harden,Kevin Durant,Nenad Krstic,Nick Collison,Russell Westbrook,Brook Lopez,Keyon Dooling,Rafer Alston,Terrence Williams,Yi Jianlian,3,2:22,NJN,sub,,,,Rafer Alston,,Devin Harris,,,,,,,,,,,,
James Harden,Kevin Durant,Nenad Krstic,Nick Collison,Russell Westbrook,Brook Lopez,Keyon Dooling,Rafer Alston,Terrence Williams,Yi Jianlian,3,2:22,OKC,free throw,,,,,,,2,,2,Nenad Krstic,,,foul,missed,,,,
James Harden,Kevin Durant,Nenad Krstic,Nick Collison,Russell Westbrook,Brook Lopez,Keyon Dooling,Rafer Alston,Terrence Williams,Yi Jianlian,3,2:20,NJN,rebound,,,,,,,,,,Terrence Williams,,,,,,def,,
James Harden,Kevin Durant,Nenad Krstic,Nick Collison,Russell Westbrook,Brook Lopez,Keyon Dooling,Rafer Alston,Terrence Williams,Yi Jianlian,3,2:02,NJN,shot,,,,,,,,,,Terrence Williams,,,,missed,,jump,11,21
James Harden,Kevin Durant,Nenad Krstic,Nick Collison,Russell Westbrook,Brook Lopez,Keyon Dooling,Rafer Alston,Terrence Williams,Yi Jianlian,3,2:01,OKC,rebound,,,,,,,,,,Russell Westbrook,,,,,,def,,
James Harden,Kevin Durant,Nenad Krstic,Nick Collison,Russell Westbrook,Brook Lopez,Keyon Dooling,Rafer Alston,Terrence Williams,Yi Jianlian,3,1:47,OKC,shot,,,,,,,,,,James Harden,,,,missed,,layup,25,6
James Harden,Kevin Durant,Nenad Krstic,Nick Collison,Russell Westbrook,Brook Lopez,Keyon Dooling,Rafer Alston,Terrence Williams,Yi Jianlian,3,1:46,OKC,rebound,,,,,,,,,,James Harden,,,,,,off,,
James Harden,Kevin Durant,Nenad Krstic,Nick Collison,Russell Westbrook,Brook Lopez,Keyon Dooling,Rafer Alston,Terrence Williams,Yi Jianlian,3,1:45,OKC,shot,,,,,,,,,,James Harden,,,,missed,,putback layup,25,6
James Harden,Kevin Durant,Nenad Krstic,Nick Collison,Russell Westbrook,Brook Lopez,Keyon Dooling,Rafer Alston,Terrence Williams,Yi Jianlian,3,1:44,NJN,rebound,,,,,,,,,,,,,,,,,,
James Harden,Kevin Durant,Nenad Krstic,Nick Collison,Russell Westbrook,Brook Lopez,Keyon Dooling,Rafer Alston,Terrence Williams,Yi Jianlian,3,1:17,NJN,shot,,,,,,,,,,Rafer Alston,,,,missed,,3pt,35,29
James Harden,Kevin Durant,Nenad Krstic,Nick Collison,Russell Westbrook,Brook Lopez,Keyon Dooling,Rafer Alston,Terrence Williams,Yi Jianlian,3,1:16,OKC,rebound,,,,,,,,,,Kevin Durant,,,,,,def,,
James Harden,Kevin Durant,Nenad Krstic,Nick Collison,Russell Westbrook,Brook Lopez,Keyon Dooling,Rafer Alston,Terrence Williams,Yi Jianlian,3,1:05,NJN,foul,,,,,,,,Russell Westbrook,,Rafer Alston,,,,,,shooting,,
James Harden,Kevin Durant,Nenad Krstic,Nick Collison,Russell Westbrook,Brook Lopez,Keyon Dooling,Rafer Alston,Terrence Williams,Yi Jianlian,3,1:05,OKC,free throw,,,,,,,1,,2,Russell Westbrook,,,foul,made,,,,
James Harden,Kevin Durant,Nenad Krstic,Nick Collison,Russell Westbrook,Brook Lopez,Keyon Dooling,Rafer Alston,Terrence Williams,Yi Jianlian,3,1:05,OKC,free throw,,,,,,,2,,2,Russell Westbrook,,,foul,made,,,,
James Harden,Kevin Durant,Nenad Krstic,Nick Collison,Russell Westbrook,Brook Lopez,Keyon Dooling,Rafer Alston,Terrence Williams,Yi Jianlian,3,0:44,OKC,foul,,,,,,,,Rafer Alston,,Kevin Durant,,,,,,personal,,
James Harden,Kevin Durant,Nenad Krstic,Nick Collison,Russell Westbrook,Brook Lopez,Keyon Dooling,Rafer Alston,Terrence Williams,Yi Jianlian,3,0:32,NJN,turnover,,,,,,,,,,Yi Jianlian,,,bad pass,,Nenad Krstic,,,
James Harden,Kevin Durant,Nenad Krstic,Nick Collison,Russell Westbrook,Brook Lopez,Keyon Dooling,Rafer Alston,Terrence Williams,Yi Jianlian,3,0:28,OKC,shot,,,Brook Lopez,,,,,,,Russell Westbrook,,,,missed,,driving layup,25,6
James Harden,Kevin Durant,Nenad Krstic,Nick Collison,Russell Westbrook,Brook Lopez,Keyon Dooling,Rafer Alston,Terrence Williams,Yi Jianlian,3,0:27,OKC,rebound,,,,,,,,,,,,,,,,,,
James Harden,Kevin Durant,Nenad Krstic,Nick Collison,Russell Westbrook,Brook Lopez,Keyon Dooling,Rafer Alston,Terrence Williams,Yi Jianlian,3,0:23,OKC,shot,,,,,,,,,,Kevin Durant,,,,missed,,jump,15,22
James Harden,Kevin Durant,Nenad Krstic,Nick Collison,Russell Westbrook,Brook Lopez,Keyon Dooling,Rafer Alston,Terrence Williams,Yi Jianlian,3,0:22,NJN,rebound,,,,,,,,,,Brook Lopez,,,,,,def,,
James Harden,Kevin Durant,Nenad Krstic,Nick Collison,Russell Westbrook,Brook Lopez,Keyon Dooling,Rafer Alston,Terrence Williams,Yi Jianlian,3,0:02,NJN,shot,,,,,,,,,,Keyon Dooling,,,,missed,,running jump,14,16
James Harden,Kevin Durant,Nenad Krstic,Nick Collison,Russell Westbrook,Brook Lopez,Keyon Dooling,Rafer Alston,Terrence Williams,Yi Jianlian,3,0:01,OKC,rebound,,,,,,,,,,Nick Collison,,,,,,def,,
James Harden,Kevin Durant,Nenad Krstic,Nick Collison,Russell Westbrook,Brook Lopez,Keyon Dooling,Rafer Alston,Terrence Williams,Yi Jianlian,3,0:00,OKC,shot,,,,,,,,,,Nick Collison,,,,missed,,3pt,37,74
James Harden,Kevin Durant,Nenad Krstic,Nick Collison,Russell Westbrook,Brook Lopez,Keyon Dooling,Rafer Alston,Terrence Williams,Yi Jianlian,3,0:00,OKC,rebound,,,,,,,,,,,,,,,,,,
James Harden,Jeff Green,Nenad Krstic,Nick Collison,Russell Westbrook,Brook Lopez,Keyon Dooling,Rafer Alston,Tony Battie,Trenton Hassell,4,11:39,NJN,shot,,,,,,,,,,Brook Lopez,,,,missed,,layup,25,6
James Harden,Jeff Green,Nenad Krstic,Nick Collison,Russell Westbrook,Brook Lopez,Keyon Dooling,Rafer Alston,Tony Battie,Trenton Hassell,4,11:38,OKC,rebound,,,,,,,,,,Jeff Green,,,,,,def,,
James Harden,Jeff Green,Nenad Krstic,Nick Collison,Russell Westbrook,Brook Lopez,Keyon Dooling,Rafer Alston,Tony Battie,Trenton Hassell,4,11:24,OKC,turnover,,,,,,,,,,James Harden,,,lost ball,,Keyon Dooling,,,
James Harden,Jeff Green,Nenad Krstic,Nick Collison,Russell Westbrook,Brook Lopez,Keyon Dooling,Rafer Alston,Tony Battie,Trenton Hassell,4,11:20,NJN,turnover,,,,,,,,,,Keyon Dooling,,,lost ball,,James Harden,,,
James Harden,Jeff Green,Nenad Krstic,Nick Collison,Russell Westbrook,Brook Lopez,Keyon Dooling,Rafer Alston,Tony Battie,Trenton Hassell,4,11:06,OKC,shot,,,,,,,,,,Nenad Krstic,,,,missed,,jump,22,25
James Harden,Jeff Green,Nenad Krstic,Nick Collison,Russell Westbrook,Brook Lopez,Keyon Dooling,Rafer Alston,Tony Battie,Trenton Hassell,4,11:05,OKC,rebound,,,,,,,,,,James Harden,,,,,,off,,
James Harden,Jeff Green,Nenad Krstic,Nick Collison,Russell Westbrook,Brook Lopez,Keyon Dooling,Rafer Alston,Tony Battie,Trenton Hassell,4,10:58,OKC,shot,,,Tony Battie,,,,,,,James Harden,,,,missed,,layup,25,6
James Harden,Jeff Green,Nenad Krstic,Nick Collison,Russell Westbrook,Brook Lopez,Keyon Dooling,Rafer Alston,Tony Battie,Trenton Hassell,4,10:57,OKC,rebound,,,,,,,,,,Nenad Krstic,,,,,,off,,
James Harden,Jeff Green,Nenad Krstic,Nick Collison,Russell Westbrook,Brook Lopez,Keyon Dooling,Rafer Alston,Tony Battie,Trenton Hassell,4,10:55,OKC,shot,,,,,,,,,,Nenad Krstic,,,,missed,,hook,27,12
James Harden,Jeff Green,Nenad Krstic,Nick Collison,Russell Westbrook,Brook Lopez,Keyon Dooling,Rafer Alston,Tony Battie,Trenton Hassell,4,10:55,OKC,jump ball,,Nick Collison,,,Tony Battie,,,,,,,Oklahoma City,,,,,,
James Harden,Jeff Green,Nenad Krstic,Nick Collison,Russell Westbrook,Brook Lopez,Keyon Dooling,Rafer Alston,Tony Battie,Trenton Hassell,4,10:55,OKC,rebound,,,,,,,,,,,,,,,,,,
James Harden,Jeff Green,Nenad Krstic,Nick Collison,Russell Westbrook,Brook Lopez,Courtney Lee,Keyon Dooling,Rafer Alston,Tony Battie,4,10:53,NJN,sub,,,,Courtney Lee,,Trenton Hassell,,,,,,,,,,,,
Eric Maynor,James Harden,Jeff Green,Nenad Krstic,Nick Collison,Brook Lopez,Courtney Lee,Keyon Dooling,Rafer Alston,Tony Battie,4,10:53,OKC,sub,,,,Eric Maynor,,Russell Westbrook,,,,,,,,,,,,
Eric Maynor,James Harden,Jeff Green,Nenad Krstic,Nick Collison,Brook Lopez,Courtney Lee,Keyon Dooling,Rafer Alston,Tony Battie,4,10:43,OKC,turnover,,,,,,,,,,Jeff Green,,,lost ball,,Courtney Lee,,,
Eric Maynor,James Harden,Jeff Green,Nenad Krstic,Nick Collison,Brook Lopez,Courtney Lee,Keyon Dooling,Rafer Alston,Tony Battie,4,10:40,NJN,shot,,,,,,,,,,Courtney Lee,2,,,made,,driving layup,25,6
Eric Maynor,James Harden,Jeff Green,Nenad Krstic,Nick Collison,Brook Lopez,Courtney Lee,Keyon Dooling,Rafer Alston,Tony Battie,4,10:21,OKC,shot,,,,,,,,,,Nenad Krstic,,,,missed,,jump,24,26
Eric Maynor,James Harden,Jeff Green,Nenad Krstic,Nick Collison,Brook Lopez,Courtney Lee,Keyon Dooling,Rafer Alston,Tony Battie,4,10:20,NJN,rebound,,,,,,,,,,Courtney Lee,,,,,,def,,
Eric Maynor,James Harden,Jeff Green,Nenad Krstic,Nick Collison,Brook Lopez,Courtney Lee,Keyon Dooling,Rafer Alston,Tony Battie,4,10:15,NJN,shot,,,,,,,,,,Rafer Alston,,,,missed,,jump,13,20
Eric Maynor,James Harden,Jeff Green,Nenad Krstic,Nick Collison,Brook Lopez,Courtney Lee,Keyon Dooling,Rafer Alston,Tony Battie,4,10:14,OKC,rebound,,,,,,,,,,James Harden,,,,,,def,,
Eric Maynor,James Harden,Jeff Green,Nenad Krstic,Nick Collison,Brook Lopez,Courtney Lee,Keyon Dooling,Rafer Alston,Tony Battie,4,9:57,NJN,foul,,,,,,,,Jeff Green,,Courtney Lee,,,,,,shooting,,
Eric Maynor,James Harden,Jeff Green,Nenad Krstic,Nick Collison,Brook Lopez,Courtney Lee,Keyon Dooling,Rafer Alston,Tony Battie,4,9:57,OKC,free throw,,,,,,,1,,2,Jeff Green,,,foul,made,,,,
Eric Maynor,James Harden,Jeff Green,Nick Collison,Serge Ibaka,Brook Lopez,Courtney Lee,Keyon Dooling,Rafer Alston,Tony Battie,4,9:57,OKC,sub,,,,Serge Ibaka,,Nenad Krstic,,,,,,,,,,,,
Eric Maynor,James Harden,Jeff Green,Nick Collison,Serge Ibaka,Brook Lopez,Courtney Lee,Keyon Dooling,Rafer Alston,Tony Battie,4,9:57,OKC,free throw,,,,,,,2,,2,Jeff Green,,,foul,made,,,,
Eric Maynor,James Harden,Jeff Green,Nick Collison,Serge Ibaka,Brook Lopez,Courtney Lee,Keyon Dooling,Rafer Alston,Tony Battie,4,9:38,NJN,shot,,,Nick Collison,,,,,,,Courtney Lee,,,,missed,,driving layup,25,6
Eric Maynor,James Harden,Jeff Green,Nick Collison,Serge Ibaka,Brook Lopez,Courtney Lee,Keyon Dooling,Rafer Alston,Tony Battie,4,9:36,OKC,rebound,,,,,,,,,,Nick Collison,,,,,,def,,
Eric Maynor,James Harden,Jeff Green,Nick Collison,Serge Ibaka,Brook Lopez,Courtney Lee,Keyon Dooling,Rafer Alston,Tony Battie,4,9:31,NJN,foul,,,,,,,,James Harden,,Tony Battie,,,,,,shooting,,
Eric Maynor,James Harden,Jeff Green,Nick Collison,Serge Ibaka,Brook Lopez,Courtney Lee,Keyon Dooling,Rafer Alston,Tony Battie,4,9:31,OKC,free throw,,,,,,,1,,2,James Harden,,,foul,missed,,,,
Eric Maynor,James Harden,Jeff Green,Nick Collison,Serge Ibaka,Brook Lopez,Courtney Lee,Keyon Dooling,Rafer Alston,Tony Battie,4,9:31,OKC,rebound,,,,,,,,,,,,,,,,,,
Eric Maynor,James Harden,Jeff Green,Nick Collison,Serge Ibaka,Courtney Lee,Keyon Dooling,Rafer Alston,Tony Battie,Yi Jianlian,4,9:31,NJN,sub,,,,Yi Jianlian,,Brook Lopez,,,,,,,,,,,,
Eric Maynor,James Harden,Jeff Green,Nick Collison,Serge Ibaka,Courtney Lee,Devin Harris,Keyon Dooling,Tony Battie,Yi Jianlian,4,9:31,NJN,sub,,,,Devin Harris,,Rafer Alston,,,,,,,,,,,,
Eric Maynor,James Harden,Jeff Green,Nick Collison,Serge Ibaka,Courtney Lee,Devin Harris,Keyon Dooling,Tony Battie,Yi Jianlian,4,9:31,OKC,free throw,,,,,,,2,,2,James Harden,,,foul,made,,,,
Eric Maynor,James Harden,Jeff Green,Nick Collison,Serge Ibaka,Courtney Lee,Devin Harris,Keyon Dooling,Tony Battie,Yi Jianlian,4,9:11,NJN,shot,,,,,,,,,,Yi Jianlian,,,,missed,,jump,44,9
Eric Maynor,James Harden,Jeff Green,Nick Collison,Serge Ibaka,Courtney Lee,Devin Harris,Keyon Dooling,Tony Battie,Yi Jianlian,4,9:10,OKC,rebound,,,,,,,,,,Serge Ibaka,,,,,,def,,
Eric Maynor,James Harden,Jeff Green,Nick Collison,Serge Ibaka,Courtney Lee,Devin Harris,Keyon Dooling,Tony Battie,Yi Jianlian,4,8:54,OKC,shot,,,,,,,,,,James Harden,,,,missed,,jump,35,21
Eric Maynor,James Harden,Jeff Green,Nick Collison,Serge Ibaka,Courtney Lee,Devin Harris,Keyon Dooling,Tony Battie,Yi Jianlian,4,8:53,OKC,rebound,,,,,,,,,,James Harden,,,,,,off,,
Eric Maynor,James Harden,Jeff Green,Nick Collison,Serge Ibaka,Courtney Lee,Devin Harris,Keyon Dooling,Tony Battie,Yi Jianlian,4,8:48,NJN,foul,,,,,,,,James Harden,,Courtney Lee,,,,,,shooting,,
Eric Maynor,James Harden,Jeff Green,Nick Collison,Serge Ibaka,Courtney Lee,Devin Harris,Keyon Dooling,Tony Battie,Yi Jianlian,4,8:48,OKC,timeout,,,,,,,,,,,,,,,,regular,,
Eric Maynor,James Harden,Kevin Durant,Nick Collison,Serge Ibaka,Courtney Lee,Devin Harris,Keyon Dooling,Tony Battie,Yi Jianlian,4,8:48,OKC,sub,,,,Kevin Durant,,Jeff Green,,,,,,,,,,,,
Eric Maynor,James Harden,Kevin Durant,Nick Collison,Serge Ibaka,Devin Harris,Keyon Dooling,Tony Battie,Trenton Hassell,Yi Jianlian,4,8:48,NJN,sub,,,,Trenton Hassell,,Courtney Lee,,,,,,,,,,,,
Eric Maynor,James Harden,Kevin Durant,Nick Collison,Serge Ibaka,Devin Harris,Keyon Dooling,Tony Battie,Trenton Hassell,Yi Jianlian,4,8:48,OKC,free throw,,,,,,,1,,2,James Harden,,,foul,made,,,,
Eric Maynor,James Harden,Kevin Durant,Nick Collison,Serge Ibaka,Devin Harris,Keyon Dooling,Tony Battie,Trenton Hassell,Yi Jianlian,4,8:48,OKC,free throw,,,,,,,2,,2,James Harden,,,foul,made,,,,
Eric Maynor,James Harden,Kevin Durant,Nick Collison,Serge Ibaka,Devin Harris,Keyon Dooling,Tony Battie,Trenton Hassell,Yi Jianlian,4,8:27,NJN,shot,,,,,,,,,,Tony Battie,,,,missed,,jump,20,25
Eric Maynor,James Harden,Kevin Durant,Nick Collison,Serge Ibaka,Devin Harris,Keyon Dooling,Tony Battie,Trenton Hassell,Yi Jianlian,4,8:25,OKC,rebound,,,,,,,,,,Kevin Durant,,,,,,def,,
Eric Maynor,James Harden,Kevin Durant,Nick Collison,Serge Ibaka,Devin Harris,Keyon Dooling,Tony Battie,Trenton Hassell,Yi Jianlian,4,8:08,OKC,shot,James Harden,,,,,,,,,Nick Collison,2,,,made,,driving dunk,25,6
Eric Maynor,James Harden,Kevin Durant,Nick Collison,Serge Ibaka,Devin Harris,Keyon Dooling,Tony Battie,Trenton Hassell,Yi Jianlian,4,7:44,OKC,foul,,,,,,,,Keyon Dooling,,James Harden,,,,,,personal,,
Eric Maynor,James Harden,Kevin Durant,Nick Collison,Serge Ibaka,Devin Harris,Keyon Dooling,Tony Battie,Trenton Hassell,Yi Jianlian,4,7:36,NJN,shot,,,,,,,,,,Devin Harris,,,,missed,,jump,23,17
Eric Maynor,James Harden,Kevin Durant,Nick Collison,Serge Ibaka,Devin Harris,Keyon Dooling,Tony Battie,Trenton Hassell,Yi Jianlian,4,7:35,OKC,rebound,,,,,,,,,,Eric Maynor,,,,,,def,,
Eric Maynor,James Harden,Kevin Durant,Nick Collison,Serge Ibaka,Devin Harris,Keyon Dooling,Tony Battie,Trenton Hassell,Yi Jianlian,4,7:20,OKC,shot,,,,,,,,,,James Harden,,,,missed,,3pt,16,31
Eric Maynor,James Harden,Kevin Durant,Nick Collison,Serge Ibaka,Devin Harris,Keyon Dooling,Tony Battie,Trenton Hassell,Yi Jianlian,4,7:19,OKC,jump ball,,Nick Collison,,,Tony Battie,,,,,,,Eric Maynor,,,,,,
Eric Maynor,James Harden,Kevin Durant,Nick Collison,Serge Ibaka,Devin Harris,Keyon Dooling,Tony Battie,Trenton Hassell,Yi Jianlian,4,7:19,OKC,rebound,,,,,,,,,,Nick Collison,,,,,,off,,
Eric Maynor,James Harden,Kevin Durant,Nick Collison,Serge Ibaka,Devin Harris,Keyon Dooling,Tony Battie,Trenton Hassell,Yi Jianlian,4,7:06,OKC,shot,,,,,,,,,,Kevin Durant,,,,missed,,running jump,30,12
Eric Maynor,James Harden,Kevin Durant,Nick Collison,Serge Ibaka,Devin Harris,Keyon Dooling,Tony Battie,Trenton Hassell,Yi Jianlian,4,7:05,NJN,rebound,,,,,,,,,,Trenton Hassell,,,,,,def,,
Eric Maynor,James Harden,Kevin Durant,Nick Collison,Serge Ibaka,Devin Harris,Keyon Dooling,Tony Battie,Trenton Hassell,Yi Jianlian,4,6:47,NJN,shot,,,,,,,,,,Trenton Hassell,,,,missed,,jump,13,19
Eric Maynor,James Harden,Kevin Durant,Nick Collison,Serge Ibaka,Devin Harris,Keyon Dooling,Tony Battie,Trenton Hassell,Yi Jianlian,4,6:46,OKC,rebound,,,,,,,,,,James Harden,,,,,,def,,
Eric Maynor,James Harden,Kevin Durant,Nick Collison,Serge Ibaka,Devin Harris,Keyon Dooling,Tony Battie,Trenton Hassell,Yi Jianlian,4,6:39,OKC,shot,,,,,,,,,,Kevin Durant,,,,missed,,3pt,47,18
Eric Maynor,James Harden,Kevin Durant,Nick Collison,Serge Ibaka,Devin Harris,Keyon Dooling,Tony Battie,Trenton Hassell,Yi Jianlian,4,6:38,NJN,rebound,,,,,,,,,,Devin Harris,,,,,,def,,
Eric Maynor,James Harden,Kevin Durant,Nick Collison,Serge Ibaka,Devin Harris,Keyon Dooling,Tony Battie,Trenton Hassell,Yi Jianlian,4,6:21,NJN,shot,,,,,,,,,,Devin Harris,,,,missed,,jump,30,22
Eric Maynor,James Harden,Kevin Durant,Nick Collison,Serge Ibaka,Devin Harris,Keyon Dooling,Tony Battie,Trenton Hassell,Yi Jianlian,4,6:20,OKC,rebound,,,,,,,,,,Serge Ibaka,,,,,,def,,
Eric Maynor,James Harden,Kevin Durant,Nick Collison,Serge Ibaka,Devin Harris,Keyon Dooling,Tony Battie,Trenton Hassell,Yi Jianlian,4,6:17,OKC,timeout,,,,,,,,,,,,,,,,regular,,
James Harden,Kevin Durant,Nick Collison,Russell Westbrook,Serge Ibaka,Devin Harris,Keyon Dooling,Tony Battie,Trenton Hassell,Yi Jianlian,4,6:17,OKC,sub,,,,Russell Westbrook,,Eric Maynor,,,,,,,,,,,,
James Harden,Kevin Durant,Nick Collison,Russell Westbrook,Serge Ibaka,Brook Lopez,Devin Harris,Keyon Dooling,Trenton Hassell,Yi Jianlian,4,6:17,NJN,sub,,,,Brook Lopez,,Tony Battie,,,,,,,,,,,,
James Harden,Kevin Durant,Nick Collison,Russell Westbrook,Serge Ibaka,Brook Lopez,Courtney Lee,Devin Harris,Trenton Hassell,Yi Jianlian,4,6:17,NJN,sub,,,,Courtney Lee,,Keyon Dooling,,,,,,,,,,,,
James Harden,Kevin Durant,Nick Collison,Russell Westbrook,Serge Ibaka,Brook Lopez,Courtney Lee,Devin Harris,Trenton Hassell,Yi Jianlian,4,6:01,OKC,shot,Russell Westbrook,,,,,,,,,Kevin Durant,2,,,made,,driving dunk,25,6
James Harden,Kevin Durant,Nick Collison,Russell Westbrook,Serge Ibaka,Brook Lopez,Courtney Lee,Devin Harris,Trenton Hassell,Yi Jianlian,4,6:01,NJN,foul,,,,,,,,Kevin Durant,,Brook Lopez,,,,,,shooting,,
James Harden,Kevin Durant,Nick Collison,Russell Westbrook,Serge Ibaka,Brook Lopez,Courtney Lee,Devin Harris,Trenton Hassell,Yi Jianlian,4,6:01,OKC,free throw,,,,,,,1,,1,Kevin Durant,,,foul,missed,,,,
James Harden,Kevin Durant,Nick Collison,Russell Westbrook,Serge Ibaka,Brook Lopez,Courtney Lee,Devin Harris,Trenton Hassell,Yi Jianlian,4,6:01,OKC,rebound,,,,,,,,,,Serge Ibaka,,,,,,off,,
James Harden,Kevin Durant,Nick Collison,Russell Westbrook,Serge Ibaka,Brook Lopez,Courtney Lee,Devin Harris,Trenton Hassell,Yi Jianlian,4,6:01,NJN,foul,,,,,,,,Kevin Durant,,Brook Lopez,,,,,,personal,,
James Harden,Kevin Durant,Nick Collison,Russell Westbrook,Serge Ibaka,Brook Lopez,Courtney Lee,Devin Harris,Trenton Hassell,Yi Jianlian,4,6:01,OKC,free throw,,,,,,,1,,2,Serge Ibaka,,,foul,missed,,,,
James Harden,Kevin Durant,Nick Collison,Russell Westbrook,Serge Ibaka,Brook Lopez,Courtney Lee,Devin Harris,Trenton Hassell,Yi Jianlian,4,6:01,OKC,rebound,,,,,,,,,,,,,,,,,,
James Harden,Kevin Durant,Nick Collison,Russell Westbrook,Serge Ibaka,Brook Lopez,Courtney Lee,Devin Harris,Trenton Hassell,Yi Jianlian,4,6:01,OKC,free throw,,,,,,,2,,2,Serge Ibaka,,,foul,made,,,,
James Harden,Kevin Durant,Nick Collison,Russell Westbrook,Serge Ibaka,Brook Lopez,Courtney Lee,Devin Harris,Trenton Hassell,Yi Jianlian,4,5:50,NJN,shot,Devin Harris,,,,,,,,,Brook Lopez,2,,,made,,jump,23,19
James Harden,Kevin Durant,Nick Collison,Russell Westbrook,Serge Ibaka,Brook Lopez,Courtney Lee,Devin Harris,Trenton Hassell,Yi Jianlian,4,5:32,OKC,shot,,,,,,,,,,James Harden,,,,missed,,3pt,5,20
James Harden,Kevin Durant,Nick Collison,Russell Westbrook,Serge Ibaka,Brook Lopez,Courtney Lee,Devin Harris,Trenton Hassell,Yi Jianlian,4,5:31,NJN,rebound,,,,,,,,,,Brook Lopez,,,,,,def,,
James Harden,Kevin Durant,Nick Collison,Russell Westbrook,Serge Ibaka,Brook Lopez,Courtney Lee,Devin Harris,Trenton Hassell,Yi Jianlian,4,5:15,OKC,foul,,,,,,,,Yi Jianlian,,Nick Collison,,,,,,shooting,,
James Harden,Kevin Durant,Nick Collison,Russell Westbrook,Serge Ibaka,Brook Lopez,Courtney Lee,Devin Harris,Trenton Hassell,Yi Jianlian,4,5:15,NJN,free throw,,,,,,,1,,2,Yi Jianlian,,,foul,made,,,,
Kevin Durant,Nick Collison,Russell Westbrook,Serge Ibaka,Thabo Sefolosha,Brook Lopez,Courtney Lee,Devin Harris,Trenton Hassell,Yi Jianlian,4,5:15,OKC,sub,,,,Thabo Sefolosha,,James Harden,,,,,,,,,,,,
Kevin Durant,Nick Collison,Russell Westbrook,Serge Ibaka,Thabo Sefolosha,Brook Lopez,Courtney Lee,Devin Harris,Trenton Hassell,Yi Jianlian,4,5:15,NJN,free throw,,,,,,,2,,2,Yi Jianlian,,,foul,missed,,,,
Kevin Durant,Nick Collison,Russell Westbrook,Serge Ibaka,Thabo Sefolosha,Brook Lopez,Courtney Lee,Devin Harris,Trenton Hassell,Yi Jianlian,4,5:14,OKC,rebound,,,,,,,,,,,,,,,,,,
Kevin Durant,Nick Collison,Russell Westbrook,Serge Ibaka,Thabo Sefolosha,Brook Lopez,Courtney Lee,Devin Harris,Trenton Hassell,Yi Jianlian,4,4:51,OKC,turnover,,,,,,,,,,Kevin Durant,,,lost ball,,Trenton Hassell,,,
Kevin Durant,Nick Collison,Russell Westbrook,Serge Ibaka,Thabo Sefolosha,Brook Lopez,Courtney Lee,Devin Harris,Trenton Hassell,Yi Jianlian,4,4:33,NJN,shot,,,,,,,,,,Brook Lopez,2,,,made,,hook,16,8
Kevin Durant,Nick Collison,Russell Westbrook,Serge Ibaka,Thabo Sefolosha,Brook Lopez,Courtney Lee,Devin Harris,Trenton Hassell,Yi Jianlian,4,4:11,OKC,shot,Thabo Sefolosha,,,,,,,,,Serge Ibaka,2,,,made,,jump bank,31,8
Kevin Durant,Nick Collison,Russell Westbrook,Serge Ibaka,Thabo Sefolosha,Brook Lopez,Courtney Lee,Devin Harris,Trenton Hassell,Yi Jianlian,4,3:57,NJN,shot,,,Thabo Sefolosha,,,,,,,Brook Lopez,,,,missed,,layup,25,6
Kevin Durant,Nick Collison,Russell Westbrook,Serge Ibaka,Thabo Sefolosha,Brook Lopez,Courtney Lee,Devin Harris,Trenton Hassell,Yi Jianlian,4,3:55,NJN,rebound,,,,,,,,,,Yi Jianlian,,,,,,off,,
Kevin Durant,Nick Collison,Russell Westbrook,Serge Ibaka,Thabo Sefolosha,Brook Lopez,Courtney Lee,Devin Harris,Trenton Hassell,Yi Jianlian,4,3:48,NJN,turnover,,,,,,,,,,Courtney Lee,,,bad pass,,Russell Westbrook,,,
Kevin Durant,Nick Collison,Russell Westbrook,Serge Ibaka,Thabo Sefolosha,Brook Lopez,Courtney Lee,Devin Harris,Trenton Hassell,Yi Jianlian,4,3:44,OKC,shot,,,,,,,,,,Kevin Durant,,,,missed,,running jump,30,14
Kevin Durant,Nick Collison,Russell Westbrook,Serge Ibaka,Thabo Sefolosha,Brook Lopez,Courtney Lee,Devin Harris,Trenton Hassell,Yi Jianlian,4,3:43,OKC,rebound,,,,,,,,,,Kevin Durant,,,,,,off,,
Kevin Durant,Nick Collison,Russell Westbrook,Serge Ibaka,Thabo Sefolosha,Brook Lopez,Courtney Lee,Devin Harris,Trenton Hassell,Yi Jianlian,4,3:42,OKC,shot,,,,,,,,,,Kevin Durant,2,,,made,,putback layup,25,6
Kevin Durant,Nick Collison,Russell Westbrook,Serge Ibaka,Thabo Sefolosha,Brook Lopez,Courtney Lee,Devin Harris,Trenton Hassell,Yi Jianlian,4,3:40,NJN,timeout,,,,,,,,,,,,,,,,regular,,
Kevin Durant,Nenad Krstic,Nick Collison,Russell Westbrook,Thabo Sefolosha,Brook Lopez,Courtney Lee,Devin Harris,Trenton Hassell,Yi Jianlian,4,3:40,OKC,sub,,,,Nenad Krstic,,Serge Ibaka,,,,,,,,,,,,
Kevin Durant,Nenad Krstic,Nick Collison,Russell Westbrook,Thabo Sefolosha,Brook Lopez,Courtney Lee,Devin Harris,Trenton Hassell,Yi Jianlian,4,3:30,NJN,shot,Devin Harris,,,,,,,,,Trenton Hassell,2,,,made,,jump,6,12
Kevin Durant,Nenad Krstic,Nick Collison,Russell Westbrook,Thabo Sefolosha,Brook Lopez,Courtney Lee,Devin Harris,Trenton Hassell,Yi Jianlian,4,3:17,OKC,shot,,,Brook Lopez,,,,,,,Russell Westbrook,,,,missed,,driving layup,25,6
Kevin Durant,Nenad Krstic,Nick Collison,Russell Westbrook,Thabo Sefolosha,Brook Lopez,Courtney Lee,Devin Harris,Trenton Hassell,Yi Jianlian,4,3:16,OKC,rebound,,,,,,,,,,,,,,,,,,
Kevin Durant,Nenad Krstic,Nick Collison,Russell Westbrook,Thabo Sefolosha,Brook Lopez,Courtney Lee,Devin Harris,Trenton Hassell,Yi Jianlian,4,3:14,OKC,shot,Thabo Sefolosha,,,,,,,,,Nick Collison,2,,,made,,layup,25,6
Kevin Durant,Nenad Krstic,Nick Collison,Russell Westbrook,Thabo Sefolosha,Brook Lopez,Courtney Lee,Devin Harris,Trenton Hassell,Yi Jianlian,4,2:51,NJN,shot,Trenton Hassell,,,,,,,,,Yi Jianlian,2,,,made,,jump,11,18
Kevin Durant,Nenad Krstic,Nick Collison,Russell Westbrook,Thabo Sefolosha,Brook Lopez,Courtney Lee,Devin Harris,Trenton Hassell,Yi Jianlian,4,2:26,NJN,foul,,,,,,,,Russell Westbrook,,Courtney Lee,,,,,,personal,,
Kevin Durant,Nenad Krstic,Nick Collison,Russell Westbrook,Thabo Sefolosha,Brook Lopez,Courtney Lee,Devin Harris,Trenton Hassell,Yi Jianlian,4,2:26,OKC,free throw,,,,,,,1,,2,Russell Westbrook,,,foul,made,,,,
Kevin Durant,Nenad Krstic,Nick Collison,Russell Westbrook,Thabo Sefolosha,Brook Lopez,Courtney Lee,Devin Harris,Trenton Hassell,Yi Jianlian,4,2:26,OKC,free throw,,,,,,,2,,2,Russell Westbrook,,,foul,missed,,,,
Kevin Durant,Nenad Krstic,Nick Collison,Russell Westbrook,Thabo Sefolosha,Brook Lopez,Courtney Lee,Devin Harris,Trenton Hassell,Yi Jianlian,4,2:25,NJN,rebound,,,,,,,,,,Brook Lopez,,,,,,def,,
Kevin Durant,Nenad Krstic,Nick Collison,Russell Westbrook,Thabo Sefolosha,Brook Lopez,Courtney Lee,Devin Harris,Trenton Hassell,Yi Jianlian,4,2:10,NJN,shot,,,,,,,,,,Devin Harris,,,,missed,,3pt,12,27
Kevin Durant,Nenad Krstic,Nick Collison,Russell Westbrook,Thabo Sefolosha,Brook Lopez,Courtney Lee,Devin Harris,Trenton Hassell,Yi Jianlian,4,2:08,OKC,rebound,,,,,,,,,,Nick Collison,,,,,,def,,
Kevin Durant,Nenad Krstic,Nick Collison,Russell Westbrook,Thabo Sefolosha,Brook Lopez,Courtney Lee,Devin Harris,Trenton Hassell,Yi Jianlian,4,1:55,OKC,shot,,,,,,,,,,Russell Westbrook,,,,missed,,jump,25,25
Kevin Durant,Nenad Krstic,Nick Collison,Russell Westbrook,Thabo Sefolosha,Brook Lopez,Courtney Lee,Devin Harris,Trenton Hassell,Yi Jianlian,4,1:54,NJN,rebound,,,,,,,,,,,,,,,,,,
Kevin Durant,Nenad Krstic,Nick Collison,Russell Westbrook,Thabo Sefolosha,Brook Lopez,Courtney Lee,Devin Harris,Trenton Hassell,Yi Jianlian,4,1:39,NJN,turnover,,,,,,,,,,Courtney Lee,,,bad pass,,Kevin Durant,,,
Kevin Durant,Nenad Krstic,Nick Collison,Russell Westbrook,Thabo Sefolosha,Brook Lopez,Courtney Lee,Devin Harris,Trenton Hassell,Yi Jianlian,4,1:36,OKC,shot,,,,,,,,,,Kevin Durant,2,,,made,,driving slam dunk,25,6
Kevin Durant,Nenad Krstic,Nick Collison,Russell Westbrook,Thabo Sefolosha,Brook Lopez,Courtney Lee,Devin Harris,Trenton Hassell,Yi Jianlian,4,1:23,NJN,shot,,,,,,,,,,Yi Jianlian,,,,missed,,jump,23,26
Kevin Durant,Nenad Krstic,Nick Collison,Russell Westbrook,Thabo Sefolosha,Brook Lopez,Courtney Lee,Devin Harris,Trenton Hassell,Yi Jianlian,4,1:22,OKC,rebound,,,,,,,,,,Nenad Krstic,,,,,,def,,
Kevin Durant,Nenad Krstic,Nick Collison,Russell Westbrook,Thabo Sefolosha,Brook Lopez,Courtney Lee,Devin Harris,Trenton Hassell,Yi Jianlian,4,1:02,OKC,shot,,,,,,,,,,Russell Westbrook,,,,missed,,driving layup,25,6
Kevin Durant,Nenad Krstic,Nick Collison,Russell Westbrook,Thabo Sefolosha,Brook Lopez,Courtney Lee,Devin Harris,Trenton Hassell,Yi Jianlian,4,0:58,OKC,rebound,,,,,,,,,,Nick Collison,,,,,,off,,
Kevin Durant,Nenad Krstic,Nick Collison,Russell Westbrook,Thabo Sefolosha,Brook Lopez,Courtney Lee,Devin Harris,Trenton Hassell,Yi Jianlian,4,0:39,NJN,foul,,,,,,,,Russell Westbrook,,Yi Jianlian,,,,,,shooting,,
Kevin Durant,Nenad Krstic,Nick Collison,Russell Westbrook,Thabo Sefolosha,Brook Lopez,Courtney Lee,Devin Harris,Trenton Hassell,Yi Jianlian,4,0:39,OKC,free throw,,,,,,,1,,2,Russell Westbrook,,,foul,made,,,,
B.J. Mullens,Kevin Durant,Nick Collison,Russell Westbrook,Thabo Sefolosha,Brook Lopez,Courtney Lee,Devin Harris,Trenton Hassell,Yi Jianlian,4,0:39,OKC,sub,,,,B.J. Mullens,,Nenad Krstic,,,,,,,,,,,,
B.J. Mullens,James Harden,Nick Collison,Russell Westbrook,Thabo Sefolosha,Brook Lopez,Courtney Lee,Devin Harris,Trenton Hassell,Yi Jianlian,4,0:39,OKC,sub,,,,James Harden,,Kevin Durant,,,,,,,,,,,,
B.J. Mullens,Eric Maynor,James Harden,Russell Westbrook,Thabo Sefolosha,Brook Lopez,Courtney Lee,Devin Harris,Trenton Hassell,Yi Jianlian,4,0:39,OKC,sub,,,,Eric Maynor,,Nick Collison,,,,,,,,,,,,
B.J. Mullens,Eric Maynor,James Harden,Russell Westbrook,Thabo Sefolosha,Brook Lopez,Courtney Lee,Devin Harris,Trenton Hassell,Yi Jianlian,4,0:39,OKC,free throw,,,,,,,2,,2,Russell Westbrook,,,foul,made,,,,
B.J. Mullens,Eric Maynor,James Harden,Russell Westbrook,Thabo Sefolosha,Brook Lopez,Courtney Lee,Devin Harris,Trenton Hassell,Yi Jianlian,4,0:23,NJN,shot,,,,,,,,,,Yi Jianlian,,,,missed,,jump,11,6
B.J. Mullens,Eric Maynor,James Harden,Russell Westbrook,Thabo Sefolosha,Brook Lopez,Courtney Lee,Devin Harris,Trenton Hassell,Yi Jianlian,4,0:22,NJN,rebound,,,,,,,,,,Trenton Hassell,,,,,,off,,
B.J. Mullens,Eric Maynor,James Harden,Russell Westbrook,Thabo Sefolosha,Brook Lopez,Courtney Lee,Devin Harris,Trenton Hassell,Yi Jianlian,4,0:20,NJN,shot,Trenton Hassell,,,,,,,,,Brook Lopez,2,,,made,,dunk,25,6
