a1,a2,a3,a4,a5,h1,h2,h3,h4,h5,period,time,team,etype,assist,away,block,entered,home,left,num,opponent,outof,player,points,possession,reason,result,steal,type,x,y
Aaron Brooks,Chuck Hayes,Luis Scola,Shane Battier,Trevor Ariza,Brandon Roy,Greg Oden,LaMarcus Aldridge,Martell Webster,Steve Blake,1,12:00,OFF,jump ball,,Luis Scola,,,Greg Oden,,,,,,,LaMarcus Aldridge,,,,,,
Aaron Brooks,Chuck Hayes,Luis Scola,Shane Battier,Trevor Ariza,Brandon Roy,Greg Oden,LaMarcus Aldridge,Martell Webster,Steve Blake,1,11:42,POR,shot,,,,,,,,,,LaMarcus Aldridge,,,,missed,,step back jump,43,18
Aaron Brooks,Chuck Hayes,Luis Scola,Shane Battier,Trevor Ariza,Brandon Roy,Greg Oden,LaMarcus Aldridge,Martell Webster,Steve Blake,1,11:41,HOU,rebound,,,,,,,,,,Shane Battier,,,,,,def,,
Aaron Brooks,Chuck Hayes,Luis Scola,Shane Battier,Trevor Ariza,Brandon Roy,Greg Oden,LaMarcus Aldridge,Martell Webster,Steve Blake,1,11:26,HOU,shot,,,,,,,,,,Luis Scola,,,,missed,,jump,21,6
Aaron Brooks,Chuck Hayes,Luis Scola,Shane Battier,Trevor Ariza,Brandon Roy,Greg Oden,LaMarcus Aldridge,Martell Webster,Steve Blake,1,11:26,POR,rebound,,,,,,,,,,,,,,,,,,
Aaron Brooks,Chuck Hayes,Luis Scola,Shane Battier,Trevor Ariza,Brandon Roy,Greg Oden,LaMarcus Aldridge,Martell Webster,Steve Blake,1,11:26,HOU,foul,,,,,,,,Martell Webster,,Luis Scola,,,,,,loose ball,,
Aaron Brooks,Chuck Hayes,Luis Scola,Shane Battier,Trevor Ariza,Brandon Roy,Greg Oden,LaMarcus Aldridge,Martell Webster,Steve Blake,1,11:09,POR,shot,,,,,,,,,,LaMarcus Aldridge,2,,,made,,turnaround fade away,35,11
Aaron Brooks,Chuck Hayes,Luis Scola,Shane Battier,Trevor Ariza,Brandon Roy,Greg Oden,LaMarcus Aldridge,Martell Webster,Steve Blake,1,11:04,POR,foul,,,,,,,,Aaron Brooks,,Steve Blake,,,,,,personal,,
Aaron Brooks,Chuck Hayes,Luis Scola,Shane Battier,Trevor Ariza,Brandon Roy,Greg Oden,LaMarcus Aldridge,Martell Webster,Steve Blake,1,10:54,POR,violation,,,,,,,,,,Greg Oden,,,,,,defensive goaltending,,
Aaron Brooks,Chuck Hayes,Luis Scola,Shane Battier,Trevor Ariza,Brandon Roy,Greg Oden,LaMarcus Aldridge,Martell Webster,Steve Blake,1,10:54,HOU,shot,Aaron Brooks,,,,,,,,,Chuck Hayes,2,,,made,,running hook,20,10
Aaron Brooks,Chuck Hayes,Luis Scola,Shane Battier,Trevor Ariza,Brandon Roy,Greg Oden,LaMarcus Aldridge,Martell Webster,Steve Blake,1,10:33,POR,shot,,,,,,,,,,Steve Blake,,,,missed,,3pt,39,26
Aaron Brooks,Chuck Hayes,Luis Scola,Shane Battier,Trevor Ariza,Brandon Roy,Greg Oden,LaMarcus Aldridge,Martell Webster,Steve Blake,1,10:33,HOU,rebound,,,,,,,,,,Luis Scola,,,,,,def,,
Aaron Brooks,Chuck Hayes,Luis Scola,Shane Battier,Trevor Ariza,Brandon Roy,Greg Oden,LaMarcus Aldridge,Martell Webster,Steve Blake,1,10:20,HOU,shot,Aaron Brooks,,,,,,,,,Trevor Ariza,3,,,made,,3pt,34,29
Aaron Brooks,Chuck Hayes,Luis Scola,Shane Battier,Trevor Ariza,Brandon Roy,Greg Oden,LaMarcus Aldridge,Martell Webster,Steve Blake,1,10:05,POR,shot,,,,,,,,,,LaMarcus Aldridge,2,,,made,,turnaround fade away,16,21
Aaron Brooks,Chuck Hayes,Luis Scola,Shane Battier,Trevor Ariza,Brandon Roy,Greg Oden,LaMarcus Aldridge,Martell Webster,Steve Blake,1,9:54,POR,foul,,,,,,,,Trevor Ariza,,Brandon Roy,,,,,,personal,,
Aaron Brooks,Chuck Hayes,Luis Scola,Shane Battier,Trevor Ariza,Brandon Roy,Greg Oden,LaMarcus Aldridge,Martell Webster,Steve Blake,1,9:41,HOU,shot,,,,,,,,,,Aaron Brooks,,,,missed,,3pt,36,28
Aaron Brooks,Chuck Hayes,Luis Scola,Shane Battier,Trevor Ariza,Brandon Roy,Greg Oden,LaMarcus Aldridge,Martell Webster,Steve Blake,1,9:40,POR,rebound,,,,,,,,,,Greg Oden,,,,,,def,,
Aaron Brooks,Chuck Hayes,Luis Scola,Shane Battier,Trevor Ariza,Brandon Roy,Greg Oden,LaMarcus Aldridge,Martell Webster,Steve Blake,1,9:32,POR,shot,,,,,,,,,,LaMarcus Aldridge,2,,,made,,layup,25,6
Aaron Brooks,Chuck Hayes,Luis Scola,Shane Battier,Trevor Ariza,Brandon Roy,Greg Oden,LaMarcus Aldridge,Martell Webster,Steve Blake,1,9:32,HOU,foul,,,,,,,,LaMarcus Aldridge,,Chuck Hayes,,,,,,shooting,,
Aaron Brooks,Chuck Hayes,Luis Scola,Shane Battier,Trevor Ariza,Brandon Roy,Greg Oden,LaMarcus Aldridge,Martell Webster,Steve Blake,1,9:32,POR,free throw,,,,,,,1,,1,LaMarcus Aldridge,,,foul,made,,,,
Aaron Brooks,Chuck Hayes,Luis Scola,Shane Battier,Trevor Ariza,Brandon Roy,Greg Oden,LaMarcus Aldridge,Martell Webster,Steve Blake,1,9:25,HOU,shot,,,Martell Webster,,,,,,,Luis Scola,,,,missed,,layup,25,6
Aaron Brooks,Chuck Hayes,Luis Scola,Shane Battier,Trevor Ariza,Brandon Roy,Greg Oden,LaMarcus Aldridge,Martell Webster,Steve Blake,1,9:25,HOU,rebound,,,,,,,,,,,,,,,,,,
Aaron Brooks,Chuck Hayes,Luis Scola,Shane Battier,Trevor Ariza,Brandon Roy,Greg Oden,LaMarcus Aldridge,Martell Webster,Steve Blake,1,9:19,POR,foul,,,,,,,,Shane Battier,,LaMarcus Aldridge,,,,,,shooting,,
Aaron Brooks,Chuck Hayes,Luis Scola,Shane Battier,Trevor Ariza,Brandon Roy,Greg Oden,LaMarcus Aldridge,Martell Webster,Steve Blake,1,9:19,HOU,free throw,,,,,,,1,,2,Shane Battier,,,foul,made,,,,
Aaron Brooks,Chuck Hayes,Luis Scola,Shane Battier,Trevor Ariza,Brandon Roy,Greg Oden,LaMarcus Aldridge,Martell Webster,Steve Blake,1,9:19,HOU,free throw,,,,,,,2,,2,Shane Battier,,,foul,missed,,,,
Aaron Brooks,Chuck Hayes,Luis Scola,Shane Battier,Trevor Ariza,Brandon Roy,Greg Oden,LaMarcus Aldridge,Martell Webster,Steve Blake,1,9:18,POR,rebound,,,,,,,,,,Steve Blake,,,,,,def,,
Aaron Brooks,Chuck Hayes,Luis Scola,Shane Battier,Trevor Ariza,Brandon Roy,Greg Oden,LaMarcus Aldridge,Martell Webster,Steve Blake,1,8:59,POR,shot,,,,,,,,,,Greg Oden,,,,missed,,turnaround hook,33,5
Aaron Brooks,Chuck Hayes,Luis Scola,Shane Battier,Trevor Ariza,Brandon Roy,Greg Oden,LaMarcus Aldridge,Martell Webster,Steve Blake,1,8:59,HOU,rebound,,,,,,,,,,Luis Scola,,,,,,def,,
Aaron Brooks,Chuck Hayes,Luis Scola,Shane Battier,Trevor Ariza,Brandon Roy,Greg Oden,LaMarcus Aldridge,Martell Webster,Steve Blake,1,8:48,HOU,shot,Aaron Brooks,,,,,,,,,Trevor Ariza,3,,,made,,3pt,38,27
Aaron Brooks,Chuck Hayes,Luis Scola,Shane Battier,Trevor Ariza,Brandon Roy,Greg Oden,LaMarcus Aldridge,Martell Webster,Steve Blake,1,8:31,POR,shot,Steve Blake,,,,,,,,,Brandon Roy,2,,,made,,pullup jump,12,20
Aaron Brooks,Chuck Hayes,Luis Scola,Shane Battier,Trevor Ariza,Brandon Roy,Greg Oden,LaMarcus Aldridge,Martell Webster,Steve Blake,1,8:17,HOU,shot,,,,,,,,,,Trevor Ariza,,,,missed,,step back jump,38,19
Aaron Brooks,Chuck Hayes,Luis Scola,Shane Battier,Trevor Ariza,Brandon Roy,Greg Oden,LaMarcus Aldridge,Martell Webster,Steve Blake,1,8:16,POR,rebound,,,,,,,,,,Steve Blake,,,,,,def,,
Aaron Brooks,Chuck Hayes,Luis Scola,Shane Battier,Trevor Ariza,Brandon Roy,Greg Oden,LaMarcus Aldridge,Martell Webster,Steve Blake,1,8:07,POR,shot,,,,,,,,,,Brandon Roy,,,,missed,,pullup jump,27,21
Aaron Brooks,Chuck Hayes,Luis Scola,Shane Battier,Trevor Ariza,Brandon Roy,Greg Oden,LaMarcus Aldridge,Martell Webster,Steve Blake,1,8:06,POR,rebound,,,,,,,,,,Greg Oden,,,,,,off,,
Aaron Brooks,Chuck Hayes,Luis Scola,Shane Battier,Trevor Ariza,Brandon Roy,Greg Oden,LaMarcus Aldridge,Martell Webster,Steve Blake,1,7:58,POR,turnover,,,,,,,,,,Greg Oden,,,traveling,,,,,
Aaron Brooks,Chuck Hayes,Luis Scola,Shane Battier,Trevor Ariza,Brandon Roy,Greg Oden,LaMarcus Aldridge,Martell Webster,Steve Blake,1,7:34,HOU,shot,,,,,,,,,,Shane Battier,,,,missed,,running jump,20,10
Aaron Brooks,Chuck Hayes,Luis Scola,Shane Battier,Trevor Ariza,Brandon Roy,Greg Oden,LaMarcus Aldridge,Martell Webster,Steve Blake,1,7:32,HOU,rebound,,,,,,,,,,Chuck Hayes,,,,,,off,,
Aaron Brooks,Chuck Hayes,Luis Scola,Shane Battier,Trevor Ariza,Brandon Roy,Greg Oden,LaMarcus Aldridge,Martell Webster,Steve Blake,1,7:30,POR,foul,,,,,,,,Luis Scola,,LaMarcus Aldridge,,,,,,shooting,,
Aaron Brooks,Chuck Hayes,Luis Scola,Shane Battier,Trevor Ariza,Brandon Roy,Greg Oden,LaMarcus Aldridge,Martell Webster,Steve Blake,1,7:30,HOU,free throw,,,,,,,1,,2,Luis Scola,,,foul,missed,,,,
Aaron Brooks,Chuck Hayes,Luis Scola,Shane Battier,Trevor Ariza,Brandon Roy,Greg Oden,LaMarcus Aldridge,Martell Webster,Steve Blake,1,7:30,HOU,rebound,,,,,,,,,,,,,,,,,,
Aaron Brooks,Chuck Hayes,Luis Scola,Shane Battier,Trevor Ariza,Brandon Roy,Greg Oden,Martell Webster,Steve Blake,Travis Outlaw,1,7:30,POR,sub,,,,Travis Outlaw,,LaMarcus Aldridge,,,,,,,,,,,,
Aaron Brooks,Chuck Hayes,Luis Scola,Shane Battier,Trevor Ariza,Brandon Roy,Greg Oden,Martell Webster,Steve Blake,Travis Outlaw,1,7:30,HOU,free throw,,,,,,,2,,2,Luis Scola,,,foul,made,,,,
Aaron Brooks,Chuck Hayes,Luis Scola,Shane Battier,Trevor Ariza,Brandon Roy,Greg Oden,Martell Webster,Steve Blake,Travis Outlaw,1,7:10,POR,shot,Martell Webster,,,,,,,,,Brandon Roy,2,,,made,,jump,4,6
Aaron Brooks,Chuck Hayes,Luis Scola,Shane Battier,Trevor Ariza,Brandon Roy,Greg Oden,Martell Webster,Steve Blake,Travis Outlaw,1,6:52,HOU,shot,,,,,,,,,,Aaron Brooks,2,,,made,,running hook,24,12
Aaron Brooks,Chuck Hayes,Luis Scola,Shane Battier,Trevor Ariza,Brandon Roy,Greg Oden,Martell Webster,Steve Blake,Travis Outlaw,1,6:30,POR,shot,Brandon Roy,,,,,,,,,Travis Outlaw,3,,,made,,3pt,24,30
Aaron Brooks,Chuck Hayes,Luis Scola,Shane Battier,Trevor Ariza,Brandon Roy,Greg Oden,Martell Webster,Steve Blake,Travis Outlaw,1,6:05,HOU,shot,,,,,,,,,,Shane Battier,,,,missed,,3pt,8,24
Aaron Brooks,Chuck Hayes,Luis Scola,Shane Battier,Trevor Ariza,Brandon Roy,Greg Oden,Martell Webster,Steve Blake,Travis Outlaw,1,6:05,POR,rebound,,,,,,,,,,Travis Outlaw,,,,,,def,,
Aaron Brooks,Chuck Hayes,Luis Scola,Shane Battier,Trevor Ariza,Brandon Roy,Greg Oden,Martell Webster,Steve Blake,Travis Outlaw,1,5:56,POR,turnover,,,,,,,,,,Steve Blake,,,lost ball,,Aaron Brooks,,,
Aaron Brooks,Chuck Hayes,Luis Scola,Shane Battier,Trevor Ariza,Brandon Roy,Greg Oden,Martell Webster,Steve Blake,Travis Outlaw,1,5:50,HOU,foul,,,,,,,,Greg Oden,,Aaron Brooks,,,,,,offensive,,
Aaron Brooks,Chuck Hayes,Luis Scola,Shane Battier,Trevor Ariza,Brandon Roy,Greg Oden,Martell Webster,Steve Blake,Travis Outlaw,1,5:50,HOU,turnover,,,,,,,,,,Aaron Brooks,,,foul,,,,,
Aaron Brooks,Chuck Hayes,Luis Scola,Shane Battier,Trevor Ariza,Brandon Roy,Greg Oden,Martell Webster,Steve Blake,Travis Outlaw,1,5:50,POR,timeout,,,,,,,,,,,,,,,,regular,,
Aaron Brooks,Chuck Hayes,Luis Scola,Shane Battier,Trevor Ariza,Brandon Roy,Greg Oden,Martell Webster,Steve Blake,Travis Outlaw,1,5:36,POR,shot,,,,,,,,,,Martell Webster,,,,missed,,3pt,2,7
Aaron Brooks,Chuck Hayes,Luis Scola,Shane Battier,Trevor Ariza,Brandon Roy,Greg Oden,Martell Webster,Steve Blake,Travis Outlaw,1,5:36,POR,rebound,,,,,,,,,,Greg Oden,,,,,,off,,
Aaron Brooks,Chuck Hayes,Luis Scola,Shane Battier,Trevor Ariza,Brandon Roy,Greg Oden,Martell Webster,Steve Blake,Travis Outlaw,1,5:31,POR,turnover,,,,,,,,,,Greg Oden,,,lost ball,,Chuck Hayes,,,
Aaron Brooks,Chuck Hayes,Luis Scola,Shane Battier,Trevor Ariza,Brandon Roy,Greg Oden,Martell Webster,Steve Blake,Travis Outlaw,1,5:21,HOU,shot,,,,,,,,,,Shane Battier,,,,missed,,driving layup,25,6
Aaron Brooks,Chuck Hayes,Luis Scola,Shane Battier,Trevor Ariza,Brandon Roy,Greg Oden,Martell Webster,Steve Blake,Travis Outlaw,1,5:19,POR,rebound,,,,,,,,,,Travis Outlaw,,,,,,def,,
Aaron Brooks,Chuck Hayes,Luis Scola,Shane Battier,Trevor Ariza,Brandon Roy,Greg Oden,Martell Webster,Steve Blake,Travis Outlaw,1,5:08,POR,shot,Travis Outlaw,,,,,,,,,Brandon Roy,2,,,made,,driving dunk,25,6
Aaron Brooks,Chuck Hayes,Luis Scola,Shane Battier,Trevor Ariza,Brandon Roy,Greg Oden,Martell Webster,Steve Blake,Travis Outlaw,1,4:53,POR,foul,,,,,,,,Shane Battier,,Travis Outlaw,,,,,,personal,,
Aaron Brooks,Chuck Hayes,Luis Scola,Shane Battier,Trevor Ariza,Brandon Roy,Greg Oden,Martell Webster,Steve Blake,Travis Outlaw,1,4:53,HOU,free throw,,,,,,,1,,2,Shane Battier,,,foul,made,,,,
Aaron Brooks,Chuck Hayes,Luis Scola,Shane Battier,Trevor Ariza,Andre Miller,Brandon Roy,Greg Oden,Martell Webster,Travis Outlaw,1,4:53,POR,sub,,,,Andre Miller,,Steve Blake,,,,,,,,,,,,
Aaron Brooks,Chuck Hayes,Luis Scola,Shane Battier,Trevor Ariza,Andre Miller,Brandon Roy,Greg Oden,Martell Webster,Travis Outlaw,1,4:53,HOU,free throw,,,,,,,2,,2,Shane Battier,,,foul,made,,,,
Aaron Brooks,Chuck Hayes,Luis Scola,Shane Battier,Trevor Ariza,Andre Miller,Brandon Roy,Greg Oden,Martell Webster,Travis Outlaw,1,4:35,POR,shot,,,,,,,,,,Travis Outlaw,2,,,made,,pullup jump,30,24
Aaron Brooks,Chuck Hayes,Luis Scola,Shane Battier,Trevor Ariza,Andre Miller,Brandon Roy,Greg Oden,Martell Webster,Travis Outlaw,1,4:18,POR,foul,,,,,,,,Trevor Ariza,,Greg Oden,,,,,,shooting,,
Aaron Brooks,Chuck Hayes,Luis Scola,Shane Battier,Trevor Ariza,Andre Miller,Brandon Roy,Greg Oden,Martell Webster,Travis Outlaw,1,4:18,HOU,free throw,,,,,,,1,,2,Trevor Ariza,,,foul,made,,,,
Aaron Brooks,Chuck Hayes,Kyle Lowry,Luis Scola,Trevor Ariza,Andre Miller,Brandon Roy,Greg Oden,Martell Webster,Travis Outlaw,1,4:18,HOU,sub,,,,Kyle Lowry,,Shane Battier,,,,,,,,,,,,
Aaron Brooks,Chuck Hayes,Kyle Lowry,Luis Scola,Trevor Ariza,Andre Miller,Brandon Roy,Greg Oden,Rudy Fernandez,Travis Outlaw,1,4:18,POR,sub,,,,Rudy Fernandez,,Martell Webster,,,,,,,,,,,,
Aaron Brooks,Carl Landry,Chuck Hayes,Kyle Lowry,Trevor Ariza,Andre Miller,Brandon Roy,Greg Oden,Rudy Fernandez,Travis Outlaw,1,4:18,HOU,sub,,,,Carl Landry,,Luis Scola,,,,,,,,,,,,
Aaron Brooks,Carl Landry,Chuck Hayes,Kyle Lowry,Trevor Ariza,Andre Miller,Brandon Roy,Greg Oden,Rudy Fernandez,Travis Outlaw,1,4:18,HOU,free throw,,,,,,,2,,2,Trevor Ariza,,,foul,missed,,,,
Aaron Brooks,Carl Landry,Chuck Hayes,Kyle Lowry,Trevor Ariza,Andre Miller,Brandon Roy,Greg Oden,Rudy Fernandez,Travis Outlaw,1,4:16,POR,rebound,,,,,,,,,,Greg Oden,,,,,,def,,
Aaron Brooks,Carl Landry,Chuck Hayes,Kyle Lowry,Trevor Ariza,Andre Miller,Brandon Roy,Greg Oden,Rudy Fernandez,Travis Outlaw,1,3:56,POR,shot,Greg Oden,,,,,,,,,Andre Miller,2,,,made,,reverse layup,25,6
Aaron Brooks,Carl Landry,Chuck Hayes,Kyle Lowry,Trevor Ariza,Andre Miller,Brandon Roy,Greg Oden,Rudy Fernandez,Travis Outlaw,1,3:43,HOU,shot,,,Rudy Fernandez,,,,,,,Aaron Brooks,,,,missed,,running jump,21,13
Aaron Brooks,Carl Landry,Chuck Hayes,Kyle Lowry,Trevor Ariza,Andre Miller,Brandon Roy,Greg Oden,Rudy Fernandez,Travis Outlaw,1,3:41,POR,rebound,,,,,,,,,,Travis Outlaw,,,,,,def,,
Aaron Brooks,Carl Landry,Chuck Hayes,Kyle Lowry,Trevor Ariza,Andre Miller,Brandon Roy,Greg Oden,Rudy Fernandez,Travis Outlaw,1,3:31,POR,shot,,,,,,,,,,Brandon Roy,,,,missed,,3pt,40,25
Aaron Brooks,Carl Landry,Chuck Hayes,Kyle Lowry,Trevor Ariza,Andre Miller,Brandon Roy,Greg Oden,Rudy Fernandez,Travis Outlaw,1,3:29,HOU,rebound,,,,,,,,,,Trevor Ariza,,,,,,def,,
Aaron Brooks,Carl Landry,Chuck Hayes,Kyle Lowry,Trevor Ariza,Andre Miller,Brandon Roy,Greg Oden,Rudy Fernandez,Travis Outlaw,1,3:09,HOU,shot,,,Greg Oden,,,,,,,Carl Landry,,,,missed,,layup,25,6
Aaron Brooks,Carl Landry,Chuck Hayes,Kyle Lowry,Trevor Ariza,Andre Miller,Brandon Roy,Greg Oden,Rudy Fernandez,Travis Outlaw,1,3:09,POR,rebound,,,,,,,,,,Rudy Fernandez,,,,,,def,,
Aaron Brooks,Carl Landry,Chuck Hayes,Kyle Lowry,Trevor Ariza,Andre Miller,Brandon Roy,Greg Oden,Rudy Fernandez,Travis Outlaw,1,3:03,POR,turnover,,,,,,,,,,Greg Oden,,,lost ball,,Chuck Hayes,,,
Aaron Brooks,Carl Landry,Chuck Hayes,Kyle Lowry,Trevor Ariza,Andre Miller,Brandon Roy,Greg Oden,Rudy Fernandez,Travis Outlaw,1,3:01,POR,foul,,,,,,,,Trevor Ariza,,Rudy Fernandez,,,,,,clear path,,
Aaron Brooks,Carl Landry,Chuck Hayes,Kyle Lowry,Trevor Ariza,Andre Miller,Brandon Roy,Greg Oden,Rudy Fernandez,Travis Outlaw,1,3:01,HOU,free throw,,,,,,,1,,2,Trevor Ariza,,,foul,made,,,,
Aaron Brooks,Carl Landry,Chuck Hayes,Kyle Lowry,Trevor Ariza,Andre Miller,Brandon Roy,Joel Przybilla,Rudy Fernandez,Travis Outlaw,1,3:01,POR,sub,,,,Joel Przybilla,,Greg Oden,,,,,,,,,,,,
Aaron Brooks,Carl Landry,Chuck Hayes,Kyle Lowry,Trevor Ariza,Andre Miller,Brandon Roy,Joel Przybilla,Rudy Fernandez,Travis Outlaw,1,3:01,HOU,free throw,,,,,,,2,,2,Trevor Ariza,,,foul,made,,,,
Aaron Brooks,Carl Landry,David Andersen,Kyle Lowry,Trevor Ariza,Andre Miller,Brandon Roy,Joel Przybilla,Rudy Fernandez,Travis Outlaw,1,3:01,HOU,sub,,,,David Andersen,,Chuck Hayes,,,,,,,,,,,,
Aaron Brooks,Carl Landry,David Andersen,Kyle Lowry,Trevor Ariza,Andre Miller,Brandon Roy,Joel Przybilla,Rudy Fernandez,Travis Outlaw,1,2:52,HOU,shot,Trevor Ariza,,,,,,,,,Kyle Lowry,3,,,made,,3pt,47,6
Aaron Brooks,Carl Landry,David Andersen,Kyle Lowry,Trevor Ariza,Andre Miller,Brandon Roy,Joel Przybilla,Rudy Fernandez,Travis Outlaw,1,2:41,HOU,foul,,,,,,,,Brandon Roy,,David Andersen,,,,,,personal,,
Aaron Brooks,Carl Landry,David Andersen,Kyle Lowry,Trevor Ariza,Andre Miller,Brandon Roy,Joel Przybilla,Rudy Fernandez,Travis Outlaw,1,2:41,HOU,timeout,,,,,,,,,,,,,,,,regular,,
Aaron Brooks,Carl Landry,David Andersen,Kyle Lowry,Trevor Ariza,Andre Miller,Brandon Roy,Joel Przybilla,Rudy Fernandez,Travis Outlaw,1,2:34,POR,shot,Andre Miller,,,,,,,,,Travis Outlaw,2,,,made,,pullup jump,38,21
Aaron Brooks,Carl Landry,David Andersen,Kyle Lowry,Trevor Ariza,Andre Miller,Brandon Roy,Joel Przybilla,Rudy Fernandez,Travis Outlaw,1,2:25,HOU,shot,,,,,,,,,,David Andersen,,,,missed,,jump,27,26
Aaron Brooks,Carl Landry,David Andersen,Kyle Lowry,Trevor Ariza,Andre Miller,Brandon Roy,Joel Przybilla,Rudy Fernandez,Travis Outlaw,1,2:24,POR,rebound,,,,,,,,,,Andre Miller,,,,,,def,,
Aaron Brooks,Carl Landry,David Andersen,Kyle Lowry,Trevor Ariza,Andre Miller,Brandon Roy,Joel Przybilla,Rudy Fernandez,Travis Outlaw,1,2:12,POR,turnover,,,,,,,,,,Rudy Fernandez,,,traveling,,,,,
Aaron Brooks,Carl Landry,David Andersen,Kyle Lowry,Trevor Ariza,Andre Miller,Brandon Roy,Joel Przybilla,Rudy Fernandez,Travis Outlaw,1,1:57,HOU,shot,,,,,,,,,,David Andersen,2,,,made,,jump,27,26
Aaron Brooks,Carl Landry,David Andersen,Kyle Lowry,Trevor Ariza,Andre Miller,Brandon Roy,Joel Przybilla,Rudy Fernandez,Travis Outlaw,1,1:37,POR,shot,,,,,,,,,,Travis Outlaw,,,,missed,,3pt,16,29
Aaron Brooks,Carl Landry,David Andersen,Kyle Lowry,Trevor Ariza,Andre Miller,Brandon Roy,Joel Przybilla,Rudy Fernandez,Travis Outlaw,1,1:37,POR,rebound,,,,,,,,,,Andre Miller,,,,,,off,,
Aaron Brooks,Carl Landry,David Andersen,Kyle Lowry,Trevor Ariza,Andre Miller,Brandon Roy,Joel Przybilla,Rudy Fernandez,Travis Outlaw,1,1:27,POR,shot,,,,,,,,,,Andre Miller,,,,missed,,pullup jump,14,23
Aaron Brooks,Carl Landry,David Andersen,Kyle Lowry,Trevor Ariza,Andre Miller,Brandon Roy,Joel Przybilla,Rudy Fernandez,Travis Outlaw,1,1:25,HOU,rebound,,,,,,,,,,Trevor Ariza,,,,,,def,,
Aaron Brooks,Carl Landry,David Andersen,Kyle Lowry,Trevor Ariza,Andre Miller,Brandon Roy,Joel Przybilla,Rudy Fernandez,Travis Outlaw,1,1:14,HOU,shot,,,,,,,,,,Carl Landry,,,,missed,,hook,23,10
Aaron Brooks,Carl Landry,David Andersen,Kyle Lowry,Trevor Ariza,Andre Miller,Brandon Roy,Joel Przybilla,Rudy Fernandez,Travis Outlaw,1,1:12,POR,rebound,,,,,,,,,,Joel Przybilla,,,,,,def,,
Aaron Brooks,Carl Landry,David Andersen,Kyle Lowry,Trevor Ariza,Andre Miller,Brandon Roy,Joel Przybilla,Rudy Fernandez,Travis Outlaw,1,1:01,POR,shot,,,,,,,,,,Brandon Roy,,,,missed,,running jump,31,8
Aaron Brooks,Carl Landry,David Andersen,Kyle Lowry,Trevor Ariza,Andre Miller,Brandon Roy,Joel Przybilla,Rudy Fernandez,Travis Outlaw,1,1:01,POR,rebound,,,,,,,,,,,,,,,,,,
Aaron Brooks,Carl Landry,David Andersen,Kyle Lowry,Trevor Ariza,Andre Miller,Brandon Roy,Joel Przybilla,Rudy Fernandez,Travis Outlaw,1,1:01,HOU,foul,,,,,,,,Joel Przybilla,,David Andersen,,,,,,loose ball,,
Aaron Brooks,Carl Landry,Kyle Lowry,Pops Mensah-Bonsu,Trevor Ariza,Andre Miller,Brandon Roy,Joel Przybilla,Rudy Fernandez,Travis Outlaw,1,1:01,HOU,sub,,,,Pops Mensah-Bonsu,,David Andersen,,,,,,,,,,,,
Aaron Brooks,Carl Landry,Kyle Lowry,Pops Mensah-Bonsu,Trevor Ariza,Andre Miller,Brandon Roy,Joel Przybilla,Rudy Fernandez,Travis Outlaw,1,0:52,POR,shot,,,,,,,,,,Travis Outlaw,,,,missed,,running jump,32,11
Aaron Brooks,Carl Landry,Kyle Lowry,Pops Mensah-Bonsu,Trevor Ariza,Andre Miller,Brandon Roy,Joel Przybilla,Rudy Fernandez,Travis Outlaw,1,0:52,HOU,rebound,,,,,,,,,,,,,,,,,,
Aaron Brooks,Carl Landry,Kyle Lowry,Pops Mensah-Bonsu,Trevor Ariza,Andre Miller,Brandon Roy,Joel Przybilla,Rudy Fernandez,Travis Outlaw,1,0:52,POR,foul,,,,,,,,Pops Mensah-Bonsu,,Joel Przybilla,,,,,,loose ball,,
Aaron Brooks,Carl Landry,Kyle Lowry,Pops Mensah-Bonsu,Trevor Ariza,Andre Miller,Brandon Roy,Joel Przybilla,Rudy Fernandez,Travis Outlaw,1,0:52,HOU,free throw,,,,,,,1,,2,Pops Mensah-Bonsu,,,foul,missed,,,,
Aaron Brooks,Carl Landry,Kyle Lowry,Pops Mensah-Bonsu,Trevor Ariza,Andre Miller,Brandon Roy,Joel Przybilla,Rudy Fernandez,Travis Outlaw,1,0:52,HOU,rebound,,,,,,,,,,,,,,,,,,
Aaron Brooks,Carl Landry,Kyle Lowry,Pops Mensah-Bonsu,Trevor Ariza,Andre Miller,Brandon Roy,Joel Przybilla,Rudy Fernandez,Travis Outlaw,1,0:52,HOU,free throw,,,,,,,2,,2,Pops Mensah-Bonsu,,,foul,made,,,,
Aaron Brooks,Carl Landry,Kyle Lowry,Pops Mensah-Bonsu,Trevor Ariza,Andre Miller,Brandon Roy,Joel Przybilla,Rudy Fernandez,Travis Outlaw,1,0:39,HOU,foul,,,,,,,,Brandon Roy,,Carl Landry,,,,,,personal,,
Aaron Brooks,Carl Landry,Kyle Lowry,Pops Mensah-Bonsu,Trevor Ariza,Andre Miller,Brandon Roy,Joel Przybilla,Rudy Fernandez,Travis Outlaw,1,0:39,POR,free throw,,,,,,,1,,2,Brandon Roy,,,foul,made,,,,
Aaron Brooks,Carl Landry,Kyle Lowry,Pops Mensah-Bonsu,Trevor Ariza,Andre Miller,Brandon Roy,Joel Przybilla,Rudy Fernandez,Travis Outlaw,1,0:39,POR,free throw,,,,,,,2,,2,Brandon Roy,,,foul,missed,,,,
Aaron Brooks,Carl Landry,Kyle Lowry,Pops Mensah-Bonsu,Trevor Ariza,Andre Miller,Brandon Roy,Joel Przybilla,Rudy Fernandez,Travis Outlaw,1,0:38,HOU,rebound,,,,,,,,,,Trevor Ariza,,,,,,def,,
Aaron Brooks,Carl Landry,Kyle Lowry,Pops Mensah-Bonsu,Trevor Ariza,Andre Miller,Brandon Roy,Joel Przybilla,Rudy Fernandez,Travis Outlaw,1,0:31,HOU,shot,,,,,,,,,,Trevor Ariza,,,,missed,,3pt,9,25
Aaron Brooks,Carl Landry,Kyle Lowry,Pops Mensah-Bonsu,Trevor Ariza,Andre Miller,Brandon Roy,Joel Przybilla,Rudy Fernandez,Travis Outlaw,1,0:30,POR,rebound,,,,,,,,,,Joel Przybilla,,,,,,def,,
Aaron Brooks,Carl Landry,Kyle Lowry,Pops Mensah-Bonsu,Trevor Ariza,Andre Miller,Brandon Roy,Joel Przybilla,Rudy Fernandez,Travis Outlaw,1,0:08,POR,shot,,,,,,,,,,Rudy Fernandez,,,,missed,,3pt,19,30
Aaron Brooks,Carl Landry,Kyle Lowry,Pops Mensah-Bonsu,Trevor Ariza,Andre Miller,Brandon Roy,Joel Przybilla,Rudy Fernandez,Travis Outlaw,1,0:06,HOU,rebound,,,,,,,,,,Kyle Lowry,,,,,,def,,
Aaron Brooks,Carl Landry,Kyle Lowry,Pops Mensah-Bonsu,Trevor Ariza,Andre Miller,Brandon Roy,Joel Przybilla,Rudy Fernandez,Travis Outlaw,1,0:00,HOU,shot,,,,,,,,,,Aaron Brooks,,,,missed,,3pt,38,27
Aaron Brooks,Carl Landry,Kyle Lowry,Pops Mensah-Bonsu,Trevor Ariza,Andre Miller,Brandon Roy,Joel Przybilla,Rudy Fernandez,Travis Outlaw,1,0:00,POR,rebound,,,,,,,,,,Andre Miller,,,,,,def,,
Aaron Brooks,Carl Landry,Kyle Lowry,Pops Mensah-Bonsu,Trevor Ariza,Andre Miller,Brandon Roy,Joel Przybilla,Rudy Fernandez,Travis Outlaw,1,0:00,POR,shot,,,,,,,,,,Andre Miller,,,,missed,,3pt,14,88
Aaron Brooks,Carl Landry,Kyle Lowry,Pops Mensah-Bonsu,Trevor Ariza,Andre Miller,Brandon Roy,Joel Przybilla,Rudy Fernandez,Travis Outlaw,1,0:00,POR,rebound,,,,,,,,,,,,,,,,,,
Carl Landry,Chase Budinger,Kyle Lowry,Pops Mensah-Bonsu,Shane Battier,Andre Miller,Joel Przybilla,Martell Webster,Rudy Fernandez,Travis Outlaw,2,11:45,HOU,shot,,,Travis Outlaw,,,,,,,Pops Mensah-Bonsu,,,,missed,,driving layup,25,6
Carl Landry,Chase Budinger,Kyle Lowry,Pops Mensah-Bonsu,Shane Battier,Andre Miller,Joel Przybilla,Martell Webster,Rudy Fernandez,Travis Outlaw,2,11:44,POR,rebound,,,,,,,,,,Martell Webster,,,,,,def,,
Carl Landry,Chase Budinger,Kyle Lowry,Pops Mensah-Bonsu,Shane Battier,Andre Miller,Joel Przybilla,Martell Webster,Rudy Fernandez,Travis Outlaw,2,11:41,POR,foul,,,,,,,,Kyle Lowry,,Martell Webster,,,,,,offensive,,
Carl Landry,Chase Budinger,Kyle Lowry,Pops Mensah-Bonsu,Shane Battier,Andre Miller,Joel Przybilla,Martell Webster,Rudy Fernandez,Travis Outlaw,2,11:41,POR,turnover,,,,,,,,,,Martell Webster,,,foul,,,,,
Carl Landry,Chase Budinger,Kyle Lowry,Pops Mensah-Bonsu,Shane Battier,Andre Miller,Joel Przybilla,Martell Webster,Rudy Fernandez,Travis Outlaw,2,11:31,HOU,turnover,,,,,,,,,,Chase Budinger,,,bad pass,,Martell Webster,,,
Carl Landry,Chase Budinger,Kyle Lowry,Pops Mensah-Bonsu,Shane Battier,Andre Miller,Joel Przybilla,Martell Webster,Rudy Fernandez,Travis Outlaw,2,11:21,POR,shot,Andre Miller,,,,,,,,,Travis Outlaw,2,,,made,,alley oop dunk,25,6
Carl Landry,Chase Budinger,Kyle Lowry,Pops Mensah-Bonsu,Shane Battier,Andre Miller,Joel Przybilla,Martell Webster,Rudy Fernandez,Travis Outlaw,2,11:05,HOU,shot,,,,,,,,,,Kyle Lowry,,,,missed,,running reverse layup,25,6
Carl Landry,Chase Budinger,Kyle Lowry,Pops Mensah-Bonsu,Shane Battier,Andre Miller,Joel Przybilla,Martell Webster,Rudy Fernandez,Travis Outlaw,2,11:04,POR,rebound,,,,,,,,,,Joel Przybilla,,,,,,def,,
Carl Landry,Chase Budinger,Kyle Lowry,Pops Mensah-Bonsu,Shane Battier,Andre Miller,Joel Przybilla,Martell Webster,Rudy Fernandez,Travis Outlaw,2,10:58,POR,turnover,,,,,,,,,,Rudy Fernandez,,,lost ball,,Pops Mensah-Bonsu,,,
Carl Landry,Chase Budinger,Kyle Lowry,Pops Mensah-Bonsu,Shane Battier,Andre Miller,Joel Przybilla,Martell Webster,Rudy Fernandez,Travis Outlaw,2,10:53,HOU,shot,,,,,,,,,,Chase Budinger,,,,missed,,pullup jump,18,11
Carl Landry,Chase Budinger,Kyle Lowry,Pops Mensah-Bonsu,Shane Battier,Andre Miller,Joel Przybilla,Martell Webster,Rudy Fernandez,Travis Outlaw,2,10:53,POR,rebound,,,,,,,,,,Joel Przybilla,,,,,,def,,
Carl Landry,Chase Budinger,Kyle Lowry,Pops Mensah-Bonsu,Shane Battier,Andre Miller,Joel Przybilla,Martell Webster,Rudy Fernandez,Travis Outlaw,2,10:52,POR,turnover,,,,,,,,,,Joel Przybilla,,,out of bounds lost ball turnover,,,,,
Carl Landry,Chase Budinger,Kyle Lowry,Pops Mensah-Bonsu,Shane Battier,Andre Miller,Joel Przybilla,Martell Webster,Rudy Fernandez,Travis Outlaw,2,10:49,HOU,shot,,,,,,,,,,Chase Budinger,,,,missed,,jump,6,9
Carl Landry,Chase Budinger,Kyle Lowry,Pops Mensah-Bonsu,Shane Battier,Andre Miller,Joel Przybilla,Martell Webster,Rudy Fernandez,Travis Outlaw,2,10:48,POR,rebound,,,,,,,,,,Rudy Fernandez,,,,,,def,,
Carl Landry,Chase Budinger,Kyle Lowry,Pops Mensah-Bonsu,Shane Battier,Andre Miller,Joel Przybilla,Martell Webster,Rudy Fernandez,Travis Outlaw,2,10:37,POR,shot,,,,,,,,,,Andre Miller,,,,missed,,driving layup,25,6
Carl Landry,Chase Budinger,Kyle Lowry,Pops Mensah-Bonsu,Shane Battier,Andre Miller,Joel Przybilla,Martell Webster,Rudy Fernandez,Travis Outlaw,2,10:35,POR,rebound,,,,,,,,,,Joel Przybilla,,,,,,off,,
Carl Landry,Chase Budinger,Kyle Lowry,Pops Mensah-Bonsu,Shane Battier,Andre Miller,Joel Przybilla,Martell Webster,Rudy Fernandez,Travis Outlaw,2,10:20,POR,shot,Martell Webster,,,,,,,,,Travis Outlaw,3,,,made,,3pt,48,6
Carl Landry,Chase Budinger,Kyle Lowry,Pops Mensah-Bonsu,Shane Battier,Andre Miller,Joel Przybilla,Martell Webster,Rudy Fernandez,Travis Outlaw,2,10:10,POR,foul,,,,,,,,Carl Landry,,Travis Outlaw,,,,,,personal,,
Carl Landry,Chase Budinger,Kyle Lowry,Pops Mensah-Bonsu,Shane Battier,Andre Miller,Joel Przybilla,Martell Webster,Rudy Fernandez,Travis Outlaw,2,10:01,HOU,turnover,,,,,,,,,,Carl Landry,,,traveling,,,,,
Carl Landry,Chase Budinger,Kyle Lowry,Pops Mensah-Bonsu,Shane Battier,Andre Miller,Joel Przybilla,Martell Webster,Rudy Fernandez,Travis Outlaw,2,9:49,POR,foul,,,,,,,,Shane Battier,,Joel Przybilla,,,,,,offensive,,
Carl Landry,Chase Budinger,Kyle Lowry,Pops Mensah-Bonsu,Shane Battier,Andre Miller,Joel Przybilla,Martell Webster,Rudy Fernandez,Travis Outlaw,2,9:49,POR,turnover,,,,,,,,,,Joel Przybilla,,,foul,,,,,
Carl Landry,Chase Budinger,Kyle Lowry,Pops Mensah-Bonsu,Shane Battier,Andre Miller,Joel Przybilla,Martell Webster,Rudy Fernandez,Travis Outlaw,2,9:49,HOU,timeout,,,,,,,,,,,,,,,,regular,,
Carl Landry,Chase Budinger,Kyle Lowry,Pops Mensah-Bonsu,Shane Battier,Andre Miller,Joel Przybilla,Martell Webster,Rudy Fernandez,Travis Outlaw,2,9:28,HOU,turnover,,,,,,,,,,Chase Budinger,,,bad pass,,Travis Outlaw,,,
Carl Landry,Chase Budinger,Kyle Lowry,Pops Mensah-Bonsu,Shane Battier,Andre Miller,Joel Przybilla,Martell Webster,Rudy Fernandez,Travis Outlaw,2,9:26,POR,shot,,,,,,,,,,Travis Outlaw,2,,,made,,driving dunk,25,6
Carl Landry,Chase Budinger,Kyle Lowry,Pops Mensah-Bonsu,Shane Battier,Andre Miller,Joel Przybilla,Martell Webster,Rudy Fernandez,Travis Outlaw,2,9:09,HOU,shot,,,,,,,,,,Kyle Lowry,,,,missed,,step back jump,36,24
Carl Landry,Chase Budinger,Kyle Lowry,Pops Mensah-Bonsu,Shane Battier,Andre Miller,Joel Przybilla,Martell Webster,Rudy Fernandez,Travis Outlaw,2,9:08,POR,rebound,,,,,,,,,,Rudy Fernandez,,,,,,def,,
Carl Landry,Chase Budinger,Kyle Lowry,Pops Mensah-Bonsu,Shane Battier,Andre Miller,Joel Przybilla,Martell Webster,Rudy Fernandez,Travis Outlaw,2,8:58,HOU,foul,,,,,,,,Martell Webster,,Pops Mensah-Bonsu,,,,,,shooting,,
Chase Budinger,Kyle Lowry,Pops Mensah-Bonsu,Shane Battier,Trevor Ariza,Andre Miller,Joel Przybilla,Martell Webster,Rudy Fernandez,Travis Outlaw,2,8:58,HOU,sub,,,,Trevor Ariza,,Carl Landry,,,,,,,,,,,,
Chase Budinger,Kyle Lowry,Luis Scola,Shane Battier,Trevor Ariza,Andre Miller,Joel Przybilla,Martell Webster,Rudy Fernandez,Travis Outlaw,2,8:58,HOU,sub,,,,Luis Scola,,Pops Mensah-Bonsu,,,,,,,,,,,,
Chuck Hayes,Kyle Lowry,Luis Scola,Shane Battier,Trevor Ariza,Andre Miller,Joel Przybilla,Martell Webster,Rudy Fernandez,Travis Outlaw,2,8:58,HOU,sub,,,,Chuck Hayes,,Chase Budinger,,,,,,,,,,,,
Chuck Hayes,Kyle Lowry,Luis Scola,Shane Battier,Trevor Ariza,Andre Miller,Joel Przybilla,LaMarcus Aldridge,Martell Webster,Rudy Fernandez,2,8:58,POR,sub,,,,LaMarcus Aldridge,,Travis Outlaw,,,,,,,,,,,,
Chuck Hayes,Kyle Lowry,Luis Scola,Shane Battier,Trevor Ariza,Andre Miller,Joel Przybilla,LaMarcus Aldridge,Martell Webster,Rudy Fernandez,2,8:58,POR,free throw,,,,,,,1,,2,Martell Webster,,,foul,made,,,,
Chuck Hayes,Kyle Lowry,Luis Scola,Shane Battier,Trevor Ariza,Andre Miller,Joel Przybilla,LaMarcus Aldridge,Martell Webster,Rudy Fernandez,2,8:58,POR,free throw,,,,,,,2,,2,Martell Webster,,,foul,made,,,,
Chuck Hayes,Kyle Lowry,Luis Scola,Shane Battier,Trevor Ariza,Andre Miller,Joel Przybilla,LaMarcus Aldridge,Martell Webster,Rudy Fernandez,2,8:47,HOU,shot,,,,,,,,,,Shane Battier,,,,missed,,floating jump,18,8
Chuck Hayes,Kyle Lowry,Luis Scola,Shane Battier,Trevor Ariza,Andre Miller,Joel Przybilla,LaMarcus Aldridge,Martell Webster,Rudy Fernandez,2,8:46,POR,rebound,,,,,,,,,,LaMarcus Aldridge,,,,,,def,,
Chuck Hayes,Kyle Lowry,Luis Scola,Shane Battier,Trevor Ariza,Andre Miller,Joel Przybilla,LaMarcus Aldridge,Martell Webster,Rudy Fernandez,2,8:41,HOU,foul,,,,,,,,Andre Miller,,Shane Battier,,,,,,shooting,,
Chuck Hayes,Kyle Lowry,Luis Scola,Shane Battier,Trevor Ariza,Andre Miller,Joel Przybilla,LaMarcus Aldridge,Martell Webster,Rudy Fernandez,2,8:41,POR,free throw,,,,,,,1,,2,Andre Miller,,,foul,made,,,,
Chuck Hayes,Kyle Lowry,Luis Scola,Shane Battier,Trevor Ariza,Andre Miller,Joel Przybilla,LaMarcus Aldridge,Martell Webster,Rudy Fernandez,2,8:41,POR,free throw,,,,,,,2,,2,Andre Miller,,,foul,made,,,,
Chuck Hayes,Kyle Lowry,Luis Scola,Shane Battier,Trevor Ariza,Andre Miller,Joel Przybilla,LaMarcus Aldridge,Martell Webster,Rudy Fernandez,2,8:35,HOU,shot,Trevor Ariza,,,,,,,,,Kyle Lowry,2,,,made,,driving layup,25,6
Chuck Hayes,Kyle Lowry,Luis Scola,Shane Battier,Trevor Ariza,Andre Miller,Joel Przybilla,LaMarcus Aldridge,Martell Webster,Rudy Fernandez,2,8:20,HOU,foul,,,,,,,,Rudy Fernandez,,Kyle Lowry,,,,,,personal,,
Chuck Hayes,Kyle Lowry,Luis Scola,Shane Battier,Trevor Ariza,Andre Miller,Joel Przybilla,LaMarcus Aldridge,Martell Webster,Rudy Fernandez,2,8:12,POR,shot,,,,,,,,,,Andre Miller,,,,missed,,turnaround jump,16,20
Chuck Hayes,Kyle Lowry,Luis Scola,Shane Battier,Trevor Ariza,Andre Miller,Joel Przybilla,LaMarcus Aldridge,Martell Webster,Rudy Fernandez,2,8:10,HOU,rebound,,,,,,,,,,Luis Scola,,,,,,def,,
Chuck Hayes,Kyle Lowry,Luis Scola,Shane Battier,Trevor Ariza,Andre Miller,Joel Przybilla,LaMarcus Aldridge,Martell Webster,Rudy Fernandez,2,8:04,HOU,shot,Kyle Lowry,,,,,,,,,Chuck Hayes,2,,,made,,reverse layup,25,6
Chuck Hayes,Kyle Lowry,Luis Scola,Shane Battier,Trevor Ariza,Andre Miller,Joel Przybilla,LaMarcus Aldridge,Martell Webster,Rudy Fernandez,2,7:52,POR,shot,Andre Miller,,,,,,,,,Rudy Fernandez,3,,,made,,3pt,48,9
Chuck Hayes,Kyle Lowry,Luis Scola,Shane Battier,Trevor Ariza,Andre Miller,Joel Przybilla,LaMarcus Aldridge,Martell Webster,Rudy Fernandez,2,7:35,HOU,shot,,,,,,,,,,Luis Scola,,,,missed,,hook,28,12
Chuck Hayes,Kyle Lowry,Luis Scola,Shane Battier,Trevor Ariza,Andre Miller,Joel Przybilla,LaMarcus Aldridge,Martell Webster,Rudy Fernandez,2,7:34,HOU,rebound,,,,,,,,,,Chuck Hayes,,,,,,off,,
Chuck Hayes,Kyle Lowry,Luis Scola,Shane Battier,Trevor Ariza,Andre Miller,Joel Przybilla,LaMarcus Aldridge,Martell Webster,Rudy Fernandez,2,7:31,HOU,shot,Chuck Hayes,,,,,,,,,Shane Battier,3,,,made,,3pt,14,28
Chuck Hayes,Kyle Lowry,Luis Scola,Shane Battier,Trevor Ariza,Andre Miller,Joel Przybilla,LaMarcus Aldridge,Martell Webster,Rudy Fernandez,2,7:18,HOU,foul,,,,,,,,Martell Webster,,Kyle Lowry,,,,,,shooting,,
Chuck Hayes,Kyle Lowry,Luis Scola,Shane Battier,Trevor Ariza,Andre Miller,Joel Przybilla,LaMarcus Aldridge,Martell Webster,Rudy Fernandez,2,7:18,POR,free throw,,,,,,,1,,2,Martell Webster,,,foul,made,,,,
Chuck Hayes,Kyle Lowry,Luis Scola,Shane Battier,Trevor Ariza,Andre Miller,Greg Oden,LaMarcus Aldridge,Martell Webster,Rudy Fernandez,2,7:18,POR,sub,,,,Greg Oden,,Joel Przybilla,,,,,,,,,,,,
Chuck Hayes,Kyle Lowry,Luis Scola,Shane Battier,Trevor Ariza,Andre Miller,Greg Oden,LaMarcus Aldridge,Martell Webster,Rudy Fernandez,2,7:18,POR,free throw,,,,,,,2,,2,Martell Webster,,,foul,made,,,,
Chuck Hayes,Kyle Lowry,Luis Scola,Shane Battier,Trevor Ariza,Andre Miller,Greg Oden,LaMarcus Aldridge,Martell Webster,Rudy Fernandez,2,6:56,HOU,shot,,,,,,,,,,Trevor Ariza,,,,missed,,3pt,10,25
Chuck Hayes,Kyle Lowry,Luis Scola,Shane Battier,Trevor Ariza,Andre Miller,Greg Oden,LaMarcus Aldridge,Martell Webster,Rudy Fernandez,2,6:54,HOU,rebound,,,,,,,,,,Shane Battier,,,,,,off,,
Chuck Hayes,Kyle Lowry,Luis Scola,Shane Battier,Trevor Ariza,Andre Miller,Greg Oden,LaMarcus Aldridge,Martell Webster,Rudy Fernandez,2,6:43,HOU,turnover,,,,,,,,,,Trevor Ariza,,,lost ball,,Rudy Fernandez,,,
Chuck Hayes,Kyle Lowry,Luis Scola,Shane Battier,Trevor Ariza,Andre Miller,Greg Oden,LaMarcus Aldridge,Martell Webster,Rudy Fernandez,2,6:35,POR,shot,Rudy Fernandez,,,,,,,,,Martell Webster,3,,,made,,3pt,2,6
Chuck Hayes,Kyle Lowry,Luis Scola,Shane Battier,Trevor Ariza,Andre Miller,Greg Oden,LaMarcus Aldridge,Martell Webster,Rudy Fernandez,2,6:30,HOU,turnover,,,,,,,,,,Kyle Lowry,,,lost ball,,Andre Miller,,,
Chuck Hayes,Kyle Lowry,Luis Scola,Shane Battier,Trevor Ariza,Andre Miller,Greg Oden,LaMarcus Aldridge,Martell Webster,Rudy Fernandez,2,6:26,POR,shot,Andre Miller,,,,,,,,,LaMarcus Aldridge,2,,,made,,dunk,25,6
Chuck Hayes,Kyle Lowry,Luis Scola,Shane Battier,Trevor Ariza,Andre Miller,Greg Oden,LaMarcus Aldridge,Martell Webster,Rudy Fernandez,2,5:59,HOU,shot,,,,,,,,,,Luis Scola,,,,missed,,jump,9,12
Chuck Hayes,Kyle Lowry,Luis Scola,Shane Battier,Trevor Ariza,Andre Miller,Greg Oden,LaMarcus Aldridge,Martell Webster,Rudy Fernandez,2,5:58,POR,rebound,,,,,,,,,,LaMarcus Aldridge,,,,,,def,,
Chuck Hayes,Kyle Lowry,Luis Scola,Shane Battier,Trevor Ariza,Andre Miller,Greg Oden,LaMarcus Aldridge,Martell Webster,Rudy Fernandez,2,5:48,POR,shot,Andre Miller,,,,,,,,,Rudy Fernandez,2,,,made,,reverse layup,25,6
Chuck Hayes,Kyle Lowry,Luis Scola,Shane Battier,Trevor Ariza,Andre Miller,Greg Oden,LaMarcus Aldridge,Martell Webster,Rudy Fernandez,2,5:41,HOU,timeout,,,,,,,,,,,,,,,,short,,
Chuck Hayes,Kyle Lowry,Luis Scola,Shane Battier,Trevor Ariza,Andre Miller,Greg Oden,LaMarcus Aldridge,Martell Webster,Rudy Fernandez,2,5:41,HOU,timeout,,,,,,,,,,,,,,,,official,,
Aaron Brooks,Chuck Hayes,Luis Scola,Shane Battier,Trevor Ariza,Andre Miller,Greg Oden,LaMarcus Aldridge,Martell Webster,Rudy Fernandez,2,5:41,HOU,sub,,,,Aaron Brooks,,Kyle Lowry,,,,,,,,,,,,
Aaron Brooks,Chuck Hayes,Luis Scola,Shane Battier,Trevor Ariza,Andre Miller,Greg Oden,LaMarcus Aldridge,Martell Webster,Steve Blake,2,5:41,POR,sub,,,,Steve Blake,,Rudy Fernandez,,,,,,,,,,,,
Aaron Brooks,Chuck Hayes,Luis Scola,Shane Battier,Trevor Ariza,Andre Miller,Brandon Roy,Greg Oden,LaMarcus Aldridge,Steve Blake,2,5:41,POR,sub,,,,Brandon Roy,,Martell Webster,,,,,,,,,,,,
Aaron Brooks,Chuck Hayes,Luis Scola,Shane Battier,Trevor Ariza,Andre Miller,Brandon Roy,Greg Oden,LaMarcus Aldridge,Steve Blake,2,5:26,HOU,shot,,,,,,,,,,Shane Battier,,,,missed,,driving reverse layup,25,6
Aaron Brooks,Chuck Hayes,Luis Scola,Shane Battier,Trevor Ariza,Andre Miller,Brandon Roy,Greg Oden,LaMarcus Aldridge,Steve Blake,2,5:25,POR,rebound,,,,,,,,,,Greg Oden,,,,,,def,,
Aaron Brooks,Chuck Hayes,Luis Scola,Shane Battier,Trevor Ariza,Andre Miller,Brandon Roy,Greg Oden,LaMarcus Aldridge,Steve Blake,2,5:22,POR,turnover,,,,,,,,,,Andre Miller,,,bad pass,,,,,
Aaron Brooks,Chuck Hayes,Luis Scola,Shane Battier,Trevor Ariza,Andre Miller,Brandon Roy,Greg Oden,LaMarcus Aldridge,Steve Blake,2,5:08,HOU,turnover,,,,,,,,,,Luis Scola,,,bad pass,,Steve Blake,,,
Aaron Brooks,Chuck Hayes,Luis Scola,Shane Battier,Trevor Ariza,Andre Miller,Brandon Roy,Greg Oden,LaMarcus Aldridge,Steve Blake,2,4:52,POR,shot,,,,,,,,,,LaMarcus Aldridge,,,,missed,,jump,20,24
Aaron Brooks,Chuck Hayes,Luis Scola,Shane Battier,Trevor Ariza,Andre Miller,Brandon Roy,Greg Oden,LaMarcus Aldridge,Steve Blake,2,4:50,HOU,rebound,,,,,,,,,,Shane Battier,,,,,,def,,
Aaron Brooks,Chuck Hayes,Luis Scola,Shane Battier,Trevor Ariza,Andre Miller,Brandon Roy,Greg Oden,LaMarcus Aldridge,Steve Blake,2,4:46,POR,foul,,,,,,,,Aaron Brooks,,Andre Miller,,,,,,personal,,
Aaron Brooks,Chuck Hayes,Luis Scola,Shane Battier,Trevor Ariza,Andre Miller,Brandon Roy,Greg Oden,LaMarcus Aldridge,Steve Blake,2,4:38,HOU,shot,Aaron Brooks,,,,,,,,,Luis Scola,2,,,made,,jump,36,22
Aaron Brooks,Chuck Hayes,Luis Scola,Shane Battier,Trevor Ariza,Andre Miller,Brandon Roy,Greg Oden,LaMarcus Aldridge,Steve Blake,2,4:20,POR,shot,,,,,,,,,,Brandon Roy,,,,missed,,jump,37,22
Aaron Brooks,Chuck Hayes,Luis Scola,Shane Battier,Trevor Ariza,Andre Miller,Brandon Roy,Greg Oden,LaMarcus Aldridge,Steve Blake,2,4:18,POR,rebound,,,,,,,,,,,,,,,,,,
Aaron Brooks,Chuck Hayes,Luis Scola,Shane Battier,Trevor Ariza,Andre Miller,Brandon Roy,Greg Oden,LaMarcus Aldridge,Steve Blake,2,4:18,POR,timeout,,,,,,,,,,,,,,,,regular,,
Aaron Brooks,Chuck Hayes,Luis Scola,Shane Battier,Trevor Ariza,Brandon Roy,Greg Oden,LaMarcus Aldridge,Steve Blake,Travis Outlaw,2,4:18,POR,sub,,,,Travis Outlaw,,Andre Miller,,,,,,,,,,,,
Aaron Brooks,Chuck Hayes,Luis Scola,Shane Battier,Trevor Ariza,Brandon Roy,Greg Oden,LaMarcus Aldridge,Steve Blake,Travis Outlaw,2,4:12,HOU,foul,,,,,,,,Brandon Roy,,Trevor Ariza,,,,,,personal,,
Aaron Brooks,Chuck Hayes,Luis Scola,Shane Battier,Trevor Ariza,Brandon Roy,Greg Oden,LaMarcus Aldridge,Steve Blake,Travis Outlaw,2,4:12,POR,free throw,,,,,,,1,,2,Brandon Roy,,,foul,made,,,,
Aaron Brooks,Chuck Hayes,Luis Scola,Shane Battier,Trevor Ariza,Brandon Roy,Greg Oden,LaMarcus Aldridge,Steve Blake,Travis Outlaw,2,4:12,POR,free throw,,,,,,,2,,2,Brandon Roy,,,foul,made,,,,
Aaron Brooks,Chuck Hayes,Luis Scola,Shane Battier,Trevor Ariza,Brandon Roy,Greg Oden,LaMarcus Aldridge,Steve Blake,Travis Outlaw,2,4:03,HOU,shot,Luis Scola,,,,,,,,,Chuck Hayes,2,,,made,,layup,25,6
Aaron Brooks,Chuck Hayes,Luis Scola,Shane Battier,Trevor Ariza,Brandon Roy,Greg Oden,LaMarcus Aldridge,Steve Blake,Travis Outlaw,2,3:36,POR,turnover,,,,,,,,,,Steve Blake,,,bad pass,,Shane Battier,,,
Aaron Brooks,Chuck Hayes,Luis Scola,Shane Battier,Trevor Ariza,Brandon Roy,Greg Oden,LaMarcus Aldridge,Steve Blake,Travis Outlaw,2,3:32,HOU,shot,,,,,,,,,,Shane Battier,2,,,made,,driving layup,25,6
Aaron Brooks,Chuck Hayes,Luis Scola,Shane Battier,Trevor Ariza,Brandon Roy,Greg Oden,LaMarcus Aldridge,Steve Blake,Travis Outlaw,2,3:11,POR,turnover,,,,,,,,,,LaMarcus Aldridge,,,lost ball,,Shane Battier,,,
Aaron Brooks,Chuck Hayes,Luis Scola,Shane Battier,Trevor Ariza,Brandon Roy,Greg Oden,LaMarcus Aldridge,Steve Blake,Travis Outlaw,2,2:59,HOU,shot,,,Greg Oden,,,,,,,Luis Scola,,,,missed,,layup,25,6
Aaron Brooks,Chuck Hayes,Luis Scola,Shane Battier,Trevor Ariza,Brandon Roy,Greg Oden,LaMarcus Aldridge,Steve Blake,Travis Outlaw,2,2:58,POR,rebound,,,,,,,,,,LaMarcus Aldridge,,,,,,def,,
Aaron Brooks,Chuck Hayes,Luis Scola,Shane Battier,Trevor Ariza,Brandon Roy,Greg Oden,LaMarcus Aldridge,Steve Blake,Travis Outlaw,2,2:51,POR,shot,Brandon Roy,,,,,,,,,Steve Blake,3,,,made,,3pt,46,18
Aaron Brooks,Chuck Hayes,Luis Scola,Shane Battier,Trevor Ariza,Brandon Roy,Greg Oden,LaMarcus Aldridge,Steve Blake,Travis Outlaw,2,2:39,HOU,shot,,,,,,,,,,Aaron Brooks,2,,,made,,running hook,18,6
Aaron Brooks,Chuck Hayes,Luis Scola,Shane Battier,Trevor Ariza,Brandon Roy,Greg Oden,LaMarcus Aldridge,Steve Blake,Travis Outlaw,2,2:19,POR,foul,,,,,,,,Luis Scola,,LaMarcus Aldridge,,,,,,offensive,,
Aaron Brooks,Chuck Hayes,Luis Scola,Shane Battier,Trevor Ariza,Brandon Roy,Greg Oden,LaMarcus Aldridge,Steve Blake,Travis Outlaw,2,2:19,POR,turnover,,,,,,,,,,LaMarcus Aldridge,,,foul,,,,,
Aaron Brooks,Chuck Hayes,Luis Scola,Shane Battier,Trevor Ariza,Brandon Roy,Greg Oden,Rudy Fernandez,Steve Blake,Travis Outlaw,2,2:19,POR,sub,,,,Rudy Fernandez,,LaMarcus Aldridge,,,,,,,,,,,,
Aaron Brooks,Chuck Hayes,Luis Scola,Shane Battier,Trevor Ariza,Brandon Roy,Greg Oden,Rudy Fernandez,Steve Blake,Travis Outlaw,2,2:00,HOU,turnover,,,,,,,,,,Luis Scola,,,lost ball,,Brandon Roy,,,
Aaron Brooks,Chuck Hayes,Luis Scola,Shane Battier,Trevor Ariza,Brandon Roy,Greg Oden,Rudy Fernandez,Steve Blake,Travis Outlaw,2,1:54,POR,shot,,,,,,,,,,Steve Blake,,,,missed,,3pt,47,17
Aaron Brooks,Chuck Hayes,Luis Scola,Shane Battier,Trevor Ariza,Brandon Roy,Greg Oden,Rudy Fernandez,Steve Blake,Travis Outlaw,2,1:53,POR,rebound,,,,,,,,,,,,,,,,,,
Aaron Brooks,Chuck Hayes,Luis Scola,Shane Battier,Trevor Ariza,Brandon Roy,Greg Oden,Rudy Fernandez,Steve Blake,Travis Outlaw,2,1:42,POR,turnover,,,,,,,,,,Greg Oden,,,3 second violation,,,,,
Aaron Brooks,Chuck Hayes,Luis Scola,Shane Battier,Trevor Ariza,Brandon Roy,Greg Oden,Rudy Fernandez,Steve Blake,Travis Outlaw,2,1:29,POR,foul,,,,,,,,Trevor Ariza,,Brandon Roy,,,,,,personal,,
Aaron Brooks,Chuck Hayes,Luis Scola,Shane Battier,Trevor Ariza,Brandon Roy,Greg Oden,Rudy Fernandez,Steve Blake,Travis Outlaw,2,1:19,HOU,shot,,,Greg Oden,,,,,,,Chuck Hayes,,,,missed,,layup,25,6
Aaron Brooks,Chuck Hayes,Luis Scola,Shane Battier,Trevor Ariza,Brandon Roy,Greg Oden,Rudy Fernandez,Steve Blake,Travis Outlaw,2,1:17,HOU,rebound,,,,,,,,,,Chuck Hayes,,,,,,off,,
Aaron Brooks,Chuck Hayes,Luis Scola,Shane Battier,Trevor Ariza,Brandon Roy,Greg Oden,Rudy Fernandez,Steve Blake,Travis Outlaw,2,1:14,HOU,shot,,,,,,,,,,Chuck Hayes,,,,missed,,jump,10,10
Aaron Brooks,Chuck Hayes,Luis Scola,Shane Battier,Trevor Ariza,Brandon Roy,Greg Oden,Rudy Fernandez,Steve Blake,Travis Outlaw,2,1:13,HOU,rebound,,,,,,,,,,Aaron Brooks,,,,,,off,,
Aaron Brooks,Chuck Hayes,Luis Scola,Shane Battier,Trevor Ariza,Brandon Roy,Greg Oden,Rudy Fernandez,Steve Blake,Travis Outlaw,2,1:12,HOU,shot,,,,,,,,,,Aaron Brooks,2,,,made,,tip,25,6
Aaron Brooks,Chuck Hayes,Luis Scola,Shane Battier,Trevor Ariza,Brandon Roy,Greg Oden,Rudy Fernandez,Steve Blake,Travis Outlaw,2,0:56,POR,shot,,,,,,,,,,Travis Outlaw,,,,missed,,jump,11,21
Aaron Brooks,Chuck Hayes,Luis Scola,Shane Battier,Trevor Ariza,Brandon Roy,Greg Oden,Rudy Fernandez,Steve Blake,Travis Outlaw,2,0:56,HOU,rebound,,,,,,,,,,Shane Battier,,,,,,def,,
Aaron Brooks,Chuck Hayes,Luis Scola,Shane Battier,Trevor Ariza,Brandon Roy,Greg Oden,Rudy Fernandez,Steve Blake,Travis Outlaw,2,0:50,POR,foul,,,,,,,,Aaron Brooks,,Steve Blake,,,,,,personal,,
Aaron Brooks,Chuck Hayes,Luis Scola,Shane Battier,Trevor Ariza,Brandon Roy,Greg Oden,Rudy Fernandez,Steve Blake,Travis Outlaw,2,0:50,HOU,free throw,,,,,,,1,,2,Aaron Brooks,,,foul,missed,,,,
Aaron Brooks,Chuck Hayes,Luis Scola,Shane Battier,Trevor Ariza,Brandon Roy,Greg Oden,Rudy Fernandez,Steve Blake,Travis Outlaw,2,0:50,HOU,rebound,,,,,,,,,,,,,,,,,,
Aaron Brooks,Chuck Hayes,Luis Scola,Shane Battier,Trevor Ariza,Brandon Roy,Greg Oden,Rudy Fernandez,Steve Blake,Travis Outlaw,2,0:50,HOU,free throw,,,,,,,2,,2,Aaron Brooks,,,foul,made,,,,
Aaron Brooks,Chuck Hayes,Luis Scola,Shane Battier,Trevor Ariza,Brandon Roy,Greg Oden,Rudy Fernandez,Steve Blake,Travis Outlaw,2,0:35,POR,shot,Travis Outlaw,,,,,,,,,Steve Blake,3,,,made,,3pt,48,13
Aaron Brooks,Chuck Hayes,Luis Scola,Shane Battier,Trevor Ariza,Brandon Roy,Greg Oden,Rudy Fernandez,Steve Blake,Travis Outlaw,2,0:12,HOU,shot,,,,,,,,,,Shane Battier,,,,missed,,3pt,30,31
Aaron Brooks,Chuck Hayes,Luis Scola,Shane Battier,Trevor Ariza,Brandon Roy,Greg Oden,Rudy Fernandez,Steve Blake,Travis Outlaw,2,0:11,POR,rebound,,,,,,,,,,Greg Oden,,,,,,def,,
Aaron Brooks,Chuck Hayes,Luis Scola,Shane Battier,Trevor Ariza,Brandon Roy,Greg Oden,Rudy Fernandez,Steve Blake,Travis Outlaw,2,0:00,POR,shot,,,,,,,,,,Rudy Fernandez,,,,missed,,fade away jumper,8,8
Aaron Brooks,Chuck Hayes,Luis Scola,Shane Battier,Trevor Ariza,Brandon Roy,Greg Oden,Rudy Fernandez,Steve Blake,Travis Outlaw,2,0:00,POR,rebound,,,,,,,,,,,,,,,,,,
Aaron Brooks,Chuck Hayes,Luis Scola,Shane Battier,Trevor Ariza,Brandon Roy,Greg Oden,LaMarcus Aldridge,Martell Webster,Steve Blake,3,11:41,HOU,turnover,,,,,,,,,,Shane Battier,,,bad pass,,Greg Oden,,,
Aaron Brooks,Chuck Hayes,Luis Scola,Shane Battier,Trevor Ariza,Brandon Roy,Greg Oden,LaMarcus Aldridge,Martell Webster,Steve Blake,3,11:16,POR,turnover,,,,,,,,,,Brandon Roy,,,lost ball,,Chuck Hayes,,,
Aaron Brooks,Chuck Hayes,Luis Scola,Shane Battier,Trevor Ariza,Brandon Roy,Greg Oden,LaMarcus Aldridge,Martell Webster,Steve Blake,3,11:06,HOU,turnover,,,,,,,,,,Aaron Brooks,,,bad pass,,Martell Webster,,,
Aaron Brooks,Chuck Hayes,Luis Scola,Shane Battier,Trevor Ariza,Brandon Roy,Greg Oden,LaMarcus Aldridge,Martell Webster,Steve Blake,3,10:48,POR,shot,,,,,,,,,,Martell Webster,,,,missed,,3pt,48,8
Aaron Brooks,Chuck Hayes,Luis Scola,Shane Battier,Trevor Ariza,Brandon Roy,Greg Oden,LaMarcus Aldridge,Martell Webster,Steve Blake,3,10:47,POR,rebound,,,,,,,,,,Greg Oden,,,,,,off,,
Aaron Brooks,Chuck Hayes,Luis Scola,Shane Battier,Trevor Ariza,Brandon Roy,Greg Oden,LaMarcus Aldridge,Martell Webster,Steve Blake,3,10:32,POR,shot,LaMarcus Aldridge,,,,,,,,,Martell Webster,2,,,made,,dunk,25,6
Aaron Brooks,Chuck Hayes,Luis Scola,Shane Battier,Trevor Ariza,Brandon Roy,Greg Oden,LaMarcus Aldridge,Martell Webster,Steve Blake,3,10:11,POR,foul,,,,,,,,Trevor Ariza,,LaMarcus Aldridge,,,,,,shooting,,
Aaron Brooks,Chuck Hayes,Luis Scola,Shane Battier,Trevor Ariza,Brandon Roy,Greg Oden,LaMarcus Aldridge,Martell Webster,Steve Blake,3,10:11,HOU,free throw,,,,,,,1,,2,Trevor Ariza,,,foul,made,,,,
Aaron Brooks,Chuck Hayes,Luis Scola,Shane Battier,Trevor Ariza,Brandon Roy,Greg Oden,Martell Webster,Steve Blake,Travis Outlaw,3,10:11,POR,sub,,,,Travis Outlaw,,LaMarcus Aldridge,,,,,,,,,,,,
Aaron Brooks,Chuck Hayes,Luis Scola,Shane Battier,Trevor Ariza,Brandon Roy,Greg Oden,Martell Webster,Steve Blake,Travis Outlaw,3,10:11,HOU,free throw,,,,,,,2,,2,Trevor Ariza,,,foul,missed,,,,
Aaron Brooks,Chuck Hayes,Luis Scola,Shane Battier,Trevor Ariza,Brandon Roy,Greg Oden,Martell Webster,Steve Blake,Travis Outlaw,3,10:10,POR,rebound,,,,,,,,,,,,,,,,,,
Aaron Brooks,Chuck Hayes,Luis Scola,Shane Battier,Trevor Ariza,Brandon Roy,Greg Oden,Martell Webster,Steve Blake,Travis Outlaw,3,10:10,HOU,foul,,,,,,,,Travis Outlaw,,Luis Scola,,,,,,loose ball,,
Aaron Brooks,Chuck Hayes,Luis Scola,Shane Battier,Trevor Ariza,Brandon Roy,Greg Oden,Martell Webster,Steve Blake,Travis Outlaw,3,9:48,POR,shot,,,Luis Scola,,,,,,,Martell Webster,,,,missed,,reverse layup,25,6
Aaron Brooks,Chuck Hayes,Luis Scola,Shane Battier,Trevor Ariza,Brandon Roy,Greg Oden,Martell Webster,Steve Blake,Travis Outlaw,3,9:48,HOU,rebound,,,,,,,,,,,,,,,,,,
Aaron Brooks,Chuck Hayes,Luis Scola,Shane Battier,Trevor Ariza,Brandon Roy,Greg Oden,Martell Webster,Steve Blake,Travis Outlaw,3,9:37,HOU,shot,,,Greg Oden,,,,,,,Chuck Hayes,,,,missed,,layup,25,6
Aaron Brooks,Chuck Hayes,Luis Scola,Shane Battier,Trevor Ariza,Brandon Roy,Greg Oden,Martell Webster,Steve Blake,Travis Outlaw,3,9:35,POR,rebound,,,,,,,,,,Greg Oden,,,,,,def,,
Aaron Brooks,Chuck Hayes,Luis Scola,Shane Battier,Trevor Ariza,Brandon Roy,Greg Oden,Martell Webster,Steve Blake,Travis Outlaw,3,9:28,POR,foul,,,,,,,,Aaron Brooks,,Greg Oden,,,,,,offensive,,
Aaron Brooks,Chuck Hayes,Luis Scola,Shane Battier,Trevor Ariza,Brandon Roy,Greg Oden,Martell Webster,Steve Blake,Travis Outlaw,3,9:28,POR,turnover,,,,,,,,,,Greg Oden,,,foul,,,,,
Aaron Brooks,Chuck Hayes,Luis Scola,Shane Battier,Trevor Ariza,Brandon Roy,Greg Oden,Martell Webster,Steve Blake,Travis Outlaw,3,9:11,HOU,shot,,,,,,,,,,Trevor Ariza,,,,missed,,running jump,28,12
Aaron Brooks,Chuck Hayes,Luis Scola,Shane Battier,Trevor Ariza,Brandon Roy,Greg Oden,Martell Webster,Steve Blake,Travis Outlaw,3,9:10,POR,rebound,,,,,,,,,,Greg Oden,,,,,,def,,
Aaron Brooks,Chuck Hayes,Luis Scola,Shane Battier,Trevor Ariza,Brandon Roy,Greg Oden,Martell Webster,Steve Blake,Travis Outlaw,3,8:49,POR,shot,,,,,,,,,,Travis Outlaw,,,,missed,,running jump,19,7
Aaron Brooks,Chuck Hayes,Luis Scola,Shane Battier,Trevor Ariza,Brandon Roy,Greg Oden,Martell Webster,Steve Blake,Travis Outlaw,3,8:49,HOU,rebound,,,,,,,,,,Chuck Hayes,,,,,,def,,
Aaron Brooks,Chuck Hayes,Luis Scola,Shane Battier,Trevor Ariza,Brandon Roy,Greg Oden,Martell Webster,Steve Blake,Travis Outlaw,3,8:43,HOU,shot,,,,,,,,,,Shane Battier,,,,missed,,3pt,9,25
Aaron Brooks,Chuck Hayes,Luis Scola,Shane Battier,Trevor Ariza,Brandon Roy,Greg Oden,Martell Webster,Steve Blake,Travis Outlaw,3,8:41,POR,rebound,,,,,,,,,,Travis Outlaw,,,,,,def,,
Aaron Brooks,Chuck Hayes,Luis Scola,Shane Battier,Trevor Ariza,Brandon Roy,Greg Oden,Martell Webster,Steve Blake,Travis Outlaw,3,8:32,POR,shot,,,,,,,,,,Brandon Roy,,,,missed,,pullup jump,10,19
Aaron Brooks,Chuck Hayes,Luis Scola,Shane Battier,Trevor Ariza,Brandon Roy,Greg Oden,Martell Webster,Steve Blake,Travis Outlaw,3,8:29,HOU,rebound,,,,,,,,,,Chuck Hayes,,,,,,def,,
Aaron Brooks,Chuck Hayes,Luis Scola,Shane Battier,Trevor Ariza,Brandon Roy,Greg Oden,Martell Webster,Steve Blake,Travis Outlaw,3,8:19,POR,violation,,,,,,,,,,Greg Oden,,,,,,defensive goaltending,,
Aaron Brooks,Chuck Hayes,Luis Scola,Shane Battier,Trevor Ariza,Brandon Roy,Greg Oden,Martell Webster,Steve Blake,Travis Outlaw,3,8:19,HOU,shot,,,,,,,,,,Aaron Brooks,2,,,made,,driving layup,25,6
Aaron Brooks,Chuck Hayes,Luis Scola,Shane Battier,Trevor Ariza,Brandon Roy,Greg Oden,Martell Webster,Steve Blake,Travis Outlaw,3,8:11,POR,shot,Steve Blake,,,,,,,,,Martell Webster,2,,,made,,layup,25,6
Aaron Brooks,Chuck Hayes,Luis Scola,Shane Battier,Trevor Ariza,Brandon Roy,Greg Oden,Martell Webster,Steve Blake,Travis Outlaw,3,7:55,HOU,shot,,,,,,,,,,Trevor Ariza,,,,missed,,pullup jump,15,22
Aaron Brooks,Chuck Hayes,Luis Scola,Shane Battier,Trevor Ariza,Brandon Roy,Greg Oden,Martell Webster,Steve Blake,Travis Outlaw,3,7:54,POR,rebound,,,,,,,,,,Martell Webster,,,,,,def,,
Aaron Brooks,Chuck Hayes,Luis Scola,Shane Battier,Trevor Ariza,Brandon Roy,Greg Oden,Martell Webster,Steve Blake,Travis Outlaw,3,7:38,POR,turnover,,,,,,,,,,Martell Webster,,,lost ball,,Luis Scola,,,
Aaron Brooks,Chuck Hayes,Luis Scola,Shane Battier,Trevor Ariza,Brandon Roy,Greg Oden,Martell Webster,Steve Blake,Travis Outlaw,3,7:32,HOU,shot,,,,,,,,,,Aaron Brooks,,,,missed,,3pt,11,26
Aaron Brooks,Chuck Hayes,Luis Scola,Shane Battier,Trevor Ariza,Brandon Roy,Greg Oden,Martell Webster,Steve Blake,Travis Outlaw,3,7:32,POR,rebound,,,,,,,,,,,,,,,,,,
Aaron Brooks,Chuck Hayes,Luis Scola,Shane Battier,Trevor Ariza,Brandon Roy,Greg Oden,Martell Webster,Steve Blake,Travis Outlaw,3,7:32,HOU,foul,,,,,,,,Steve Blake,,Luis Scola,,,,,,personal,,
Aaron Brooks,Chuck Hayes,Luis Scola,Shane Battier,Trevor Ariza,Brandon Roy,Joel Przybilla,Martell Webster,Steve Blake,Travis Outlaw,3,7:32,POR,sub,,,,Joel Przybilla,,Greg Oden,,,,,,,,,,,,
Aaron Brooks,Chuck Hayes,Luis Scola,Shane Battier,Trevor Ariza,Brandon Roy,Joel Przybilla,Martell Webster,Steve Blake,Travis Outlaw,3,7:11,POR,shot,,,,,,,,,,Brandon Roy,,,,missed,,driving layup,25,6
Aaron Brooks,Chuck Hayes,Luis Scola,Shane Battier,Trevor Ariza,Brandon Roy,Joel Przybilla,Martell Webster,Steve Blake,Travis Outlaw,3,7:10,POR,rebound,,,,,,,,,,Joel Przybilla,,,,,,off,,
Aaron Brooks,Chuck Hayes,Luis Scola,Shane Battier,Trevor Ariza,Brandon Roy,Joel Przybilla,Martell Webster,Steve Blake,Travis Outlaw,3,7:10,POR,shot,,,,,,,,,,Joel Przybilla,,,,missed,,tip,25,6
Aaron Brooks,Chuck Hayes,Luis Scola,Shane Battier,Trevor Ariza,Brandon Roy,Joel Przybilla,Martell Webster,Steve Blake,Travis Outlaw,3,7:09,POR,rebound,,,,,,,,,,Joel Przybilla,,,,,,off,,
Aaron Brooks,Chuck Hayes,Luis Scola,Shane Battier,Trevor Ariza,Brandon Roy,Joel Przybilla,Martell Webster,Steve Blake,Travis Outlaw,3,7:09,POR,shot,,,,,,,,,,Joel Przybilla,,,,missed,,tip,25,6
Aaron Brooks,Chuck Hayes,Luis Scola,Shane Battier,Trevor Ariza,Brandon Roy,Joel Przybilla,Martell Webster,Steve Blake,Travis Outlaw,3,7:07,POR,rebound,,,,,,,,,,Martell Webster,,,,,,off,,
Aaron Brooks,Chuck Hayes,Luis Scola,Shane Battier,Trevor Ariza,Brandon Roy,Joel Przybilla,Martell Webster,Steve Blake,Travis Outlaw,3,6:53,POR,shot,,,,,,,,,,Steve Blake,,,,missed,,pullup jump,9,18
Aaron Brooks,Chuck Hayes,Luis Scola,Shane Battier,Trevor Ariza,Brandon Roy,Joel Przybilla,Martell Webster,Steve Blake,Travis Outlaw,3,6:53,HOU,rebound,,,,,,,,,,Luis Scola,,,,,,def,,
Aaron Brooks,Chuck Hayes,Luis Scola,Shane Battier,Trevor Ariza,Brandon Roy,Joel Przybilla,Martell Webster,Steve Blake,Travis Outlaw,3,6:35,HOU,foul,,,,,,,,Brandon Roy,,Luis Scola,,,,,,offensive,,
Aaron Brooks,Chuck Hayes,Luis Scola,Shane Battier,Trevor Ariza,Brandon Roy,Joel Przybilla,Martell Webster,Steve Blake,Travis Outlaw,3,6:35,HOU,turnover,,,,,,,,,,Luis Scola,,,foul,,,,,
Aaron Brooks,Carl Landry,Chuck Hayes,Shane Battier,Trevor Ariza,Brandon Roy,Joel Przybilla,Martell Webster,Steve Blake,Travis Outlaw,3,6:35,HOU,sub,,,,Carl Landry,,Luis Scola,,,,,,,,,,,,
Aaron Brooks,Carl Landry,Chuck Hayes,Shane Battier,Trevor Ariza,Brandon Roy,Joel Przybilla,Martell Webster,Steve Blake,Travis Outlaw,3,6:19,POR,turnover,,,,,,,,,,Brandon Roy,,,lost ball,,Trevor Ariza,,,
Aaron Brooks,Carl Landry,Chuck Hayes,Shane Battier,Trevor Ariza,Brandon Roy,Joel Przybilla,Martell Webster,Steve Blake,Travis Outlaw,3,6:10,HOU,shot,,,,,,,,,,Aaron Brooks,2,,,made,,driving layup,25,6
Aaron Brooks,Carl Landry,Chuck Hayes,Shane Battier,Trevor Ariza,Brandon Roy,Joel Przybilla,Martell Webster,Steve Blake,Travis Outlaw,3,6:10,POR,foul,,,,,,,,Aaron Brooks,,Joel Przybilla,,,,,,shooting,,
Aaron Brooks,Carl Landry,Chuck Hayes,Shane Battier,Trevor Ariza,Brandon Roy,Joel Przybilla,Martell Webster,Steve Blake,Travis Outlaw,3,6:10,HOU,free throw,,,,,,,1,,1,Aaron Brooks,,,foul,made,,,,
Aaron Brooks,Carl Landry,Chuck Hayes,Shane Battier,Trevor Ariza,Brandon Roy,Joel Przybilla,Martell Webster,Steve Blake,Travis Outlaw,3,5:53,POR,shot,Brandon Roy,,,,,,,,,Travis Outlaw,2,,,made,,pullup jump,37,15
Aaron Brooks,Carl Landry,Chuck Hayes,Shane Battier,Trevor Ariza,Brandon Roy,Joel Przybilla,Martell Webster,Steve Blake,Travis Outlaw,3,5:35,HOU,shot,,,,,,,,,,Carl Landry,,,,missed,,jump,17,25
Aaron Brooks,Carl Landry,Chuck Hayes,Shane Battier,Trevor Ariza,Brandon Roy,Joel Przybilla,Martell Webster,Steve Blake,Travis Outlaw,3,5:35,POR,rebound,,,,,,,,,,Joel Przybilla,,,,,,def,,
Aaron Brooks,Carl Landry,Chuck Hayes,Shane Battier,Trevor Ariza,Brandon Roy,Joel Przybilla,Martell Webster,Steve Blake,Travis Outlaw,3,5:28,POR,timeout,,,,,,,,,,,,,,,,regular,,
Aaron Brooks,Carl Landry,Chuck Hayes,Shane Battier,Trevor Ariza,Brandon Roy,Joel Przybilla,Martell Webster,Steve Blake,Travis Outlaw,3,5:28,POR,jump ball,,Chuck Hayes,,,Joel Przybilla,,,,,,,Steve Blake,,,,,,
Aaron Brooks,Carl Landry,Chuck Hayes,Shane Battier,Trevor Ariza,Brandon Roy,Joel Przybilla,Martell Webster,Steve Blake,Travis Outlaw,3,5:15,POR,shot,,,,,,,,,,Travis Outlaw,2,,,made,,pullup jump,15,19
Aaron Brooks,Carl Landry,Chuck Hayes,Shane Battier,Trevor Ariza,Brandon Roy,Joel Przybilla,Martell Webster,Steve Blake,Travis Outlaw,3,5:05,POR,foul,,,,,,,,,,Joel Przybilla,,,,,,defense 3 second,,
Aaron Brooks,Carl Landry,David Andersen,Shane Battier,Trevor Ariza,Brandon Roy,Joel Przybilla,Martell Webster,Steve Blake,Travis Outlaw,3,5:05,HOU,sub,,,,David Andersen,,Chuck Hayes,,,,,,,,,,,,
Aaron Brooks,Carl Landry,David Andersen,Shane Battier,Trevor Ariza,Brandon Roy,Joel Przybilla,Rudy Fernandez,Steve Blake,Travis Outlaw,3,5:05,POR,sub,,,,Rudy Fernandez,,Martell Webster,,,,,,,,,,,,
Aaron Brooks,Carl Landry,David Andersen,Shane Battier,Trevor Ariza,Brandon Roy,Joel Przybilla,Rudy Fernandez,Steve Blake,Travis Outlaw,3,5:05,HOU,free throw,,,,,,,1,,1,Aaron Brooks,,,technical,made,,,,
Aaron Brooks,Carl Landry,David Andersen,Shane Battier,Trevor Ariza,Brandon Roy,Joel Przybilla,Rudy Fernandez,Steve Blake,Travis Outlaw,3,4:51,HOU,foul,,,,,,,,Rudy Fernandez,,Trevor Ariza,,,,,,offensive,,
Aaron Brooks,Carl Landry,David Andersen,Shane Battier,Trevor Ariza,Brandon Roy,Joel Przybilla,Rudy Fernandez,Steve Blake,Travis Outlaw,3,4:51,HOU,turnover,,,,,,,,,,Trevor Ariza,,,foul,,,,,
Aaron Brooks,Carl Landry,David Andersen,Shane Battier,Trevor Ariza,Brandon Roy,Joel Przybilla,Rudy Fernandez,Steve Blake,Travis Outlaw,3,4:38,POR,shot,Brandon Roy,,,,,,,,,Joel Przybilla,2,,,made,,layup,25,6
Aaron Brooks,Carl Landry,David Andersen,Shane Battier,Trevor Ariza,Brandon Roy,Joel Przybilla,Rudy Fernandez,Steve Blake,Travis Outlaw,3,4:29,HOU,turnover,,,,,,,,,,Trevor Ariza,,,lost ball,,Travis Outlaw,,,
Aaron Brooks,Carl Landry,David Andersen,Shane Battier,Trevor Ariza,Brandon Roy,Joel Przybilla,Rudy Fernandez,Steve Blake,Travis Outlaw,3,4:14,POR,shot,Joel Przybilla,,,,,,,,,Rudy Fernandez,3,,,made,,3pt,48,5
Aaron Brooks,Carl Landry,David Andersen,Shane Battier,Trevor Ariza,Brandon Roy,Joel Przybilla,Rudy Fernandez,Steve Blake,Travis Outlaw,3,3:59,HOU,shot,,,Joel Przybilla,,,,,,,Carl Landry,,,,missed,,jump,30,6
Aaron Brooks,Carl Landry,David Andersen,Kyle Lowry,Trevor Ariza,Brandon Roy,Joel Przybilla,Rudy Fernandez,Steve Blake,Travis Outlaw,3,3:59,HOU,sub,,,,Kyle Lowry,,Shane Battier,,,,,,,,,,,,
Aaron Brooks,Carl Landry,David Andersen,Kyle Lowry,Trevor Ariza,Brandon Roy,Joel Przybilla,Rudy Fernandez,Steve Blake,Travis Outlaw,3,3:59,HOU,jump ball,,Carl Landry,,,Joel Przybilla,,,,,,,Trevor Ariza,,,,,,
Aaron Brooks,Carl Landry,David Andersen,Kyle Lowry,Trevor Ariza,Brandon Roy,Joel Przybilla,Rudy Fernandez,Steve Blake,Travis Outlaw,3,3:59,HOU,rebound,,,,,,,,,,,,,,,,,,
Aaron Brooks,Carl Landry,David Andersen,Kyle Lowry,Trevor Ariza,Brandon Roy,Joel Przybilla,Rudy Fernandez,Steve Blake,Travis Outlaw,3,3:47,HOU,turnover,,,,,,,,,,Trevor Ariza,,,poss lost ball turnover,,,,,
Aaron Brooks,Carl Landry,David Andersen,Kyle Lowry,Trevor Ariza,Brandon Roy,Joel Przybilla,Rudy Fernandez,Steve Blake,Travis Outlaw,3,3:47,HOU,violation,,,,,,,,,,Trevor Ariza,,,,,,kicked ball,,
Aaron Brooks,Carl Landry,David Andersen,Kyle Lowry,Trevor Ariza,Brandon Roy,Joel Przybilla,Rudy Fernandez,Steve Blake,Travis Outlaw,3,3:23,POR,turnover,,,,,,,,,,Travis Outlaw,,,lost ball,,Kyle Lowry,,,
Aaron Brooks,Carl Landry,David Andersen,Kyle Lowry,Trevor Ariza,Brandon Roy,Joel Przybilla,Rudy Fernandez,Steve Blake,Travis Outlaw,3,3:19,HOU,shot,Kyle Lowry,,,,,,,,,Trevor Ariza,2,,,made,,layup,25,6
Aaron Brooks,Carl Landry,David Andersen,Kyle Lowry,Trevor Ariza,Brandon Roy,Joel Przybilla,Rudy Fernandez,Steve Blake,Travis Outlaw,3,3:03,HOU,foul,,,,,,,,Brandon Roy,,Carl Landry,,,,,,shooting,,
Aaron Brooks,Carl Landry,David Andersen,Kyle Lowry,Trevor Ariza,Brandon Roy,Joel Przybilla,Rudy Fernandez,Steve Blake,Travis Outlaw,3,3:03,POR,free throw,,,,,,,1,,2,Brandon Roy,,,foul,made,,,,
Aaron Brooks,Carl Landry,David Andersen,Kyle Lowry,Trevor Ariza,Andre Miller,Brandon Roy,Joel Przybilla,Rudy Fernandez,Travis Outlaw,3,3:03,POR,sub,,,,Andre Miller,,Steve Blake,,,,,,,,,,,,
Aaron Brooks,Carl Landry,David Andersen,Kyle Lowry,Trevor Ariza,Andre Miller,Brandon Roy,Joel Przybilla,Rudy Fernandez,Travis Outlaw,3,3:03,POR,free throw,,,,,,,2,,2,Brandon Roy,,,foul,made,,,,
Aaron Brooks,Carl Landry,David Andersen,Kyle Lowry,Trevor Ariza,Andre Miller,Brandon Roy,Joel Przybilla,Rudy Fernandez,Travis Outlaw,3,2:42,HOU,shot,Aaron Brooks,,,,,,,,,Carl Landry,2,,,made,,hook,33,7
Aaron Brooks,Carl Landry,David Andersen,Kyle Lowry,Trevor Ariza,Andre Miller,Brandon Roy,Joel Przybilla,Rudy Fernandez,Travis Outlaw,3,2:24,POR,turnover,,,,,,,,,,Rudy Fernandez,,,out of bounds lost ball turnover,,,,,
Aaron Brooks,Carl Landry,David Andersen,Kyle Lowry,Trevor Ariza,Andre Miller,Brandon Roy,Joel Przybilla,Rudy Fernandez,Travis Outlaw,3,2:24,HOU,timeout,,,,,,,,,,,,,,,,regular,,
Aaron Brooks,Carl Landry,David Andersen,Kyle Lowry,Trevor Ariza,Andre Miller,Brandon Roy,Joel Przybilla,Rudy Fernandez,Travis Outlaw,3,2:05,HOU,shot,,,Joel Przybilla,,,,,,,Kyle Lowry,,,,missed,,layup,25,6
Aaron Brooks,Carl Landry,David Andersen,Kyle Lowry,Trevor Ariza,Andre Miller,Brandon Roy,Joel Przybilla,Rudy Fernandez,Travis Outlaw,3,2:04,POR,rebound,,,,,,,,,,Andre Miller,,,,,,def,,
Aaron Brooks,Carl Landry,David Andersen,Kyle Lowry,Trevor Ariza,Andre Miller,Brandon Roy,Joel Przybilla,Rudy Fernandez,Travis Outlaw,3,1:58,POR,shot,,,,,,,,,,Travis Outlaw,,,,missed,,3pt,48,7
Aaron Brooks,Carl Landry,David Andersen,Kyle Lowry,Trevor Ariza,Andre Miller,Brandon Roy,Joel Przybilla,Rudy Fernandez,Travis Outlaw,3,1:58,HOU,rebound,,,,,,,,,,Aaron Brooks,,,,,,def,,
Aaron Brooks,Carl Landry,David Andersen,Kyle Lowry,Trevor Ariza,Andre Miller,Brandon Roy,Joel Przybilla,Rudy Fernandez,Travis Outlaw,3,1:53,HOU,foul,,,,,,,,Joel Przybilla,,Carl Landry,,,,,,offensive,,
Aaron Brooks,Carl Landry,David Andersen,Kyle Lowry,Trevor Ariza,Andre Miller,Brandon Roy,Joel Przybilla,Rudy Fernandez,Travis Outlaw,3,1:53,HOU,turnover,,,,,,,,,,Carl Landry,,,foul,,,,,
Aaron Brooks,Carl Landry,David Andersen,Kyle Lowry,Trevor Ariza,Andre Miller,Brandon Roy,Joel Przybilla,Rudy Fernandez,Travis Outlaw,3,1:37,POR,shot,,,,,,,,,,Brandon Roy,,,,missed,,driving layup,25,6
Aaron Brooks,Carl Landry,David Andersen,Kyle Lowry,Trevor Ariza,Andre Miller,Brandon Roy,Joel Przybilla,Rudy Fernandez,Travis Outlaw,3,1:35,POR,rebound,,,,,,,,,,Brandon Roy,,,,,,off,,
Aaron Brooks,Carl Landry,David Andersen,Kyle Lowry,Trevor Ariza,Andre Miller,Brandon Roy,Joel Przybilla,Rudy Fernandez,Travis Outlaw,3,1:34,POR,shot,,,Aaron Brooks,,,,,,,Brandon Roy,,,,missed,,jump,34,7
Aaron Brooks,Carl Landry,David Andersen,Kyle Lowry,Trevor Ariza,Andre Miller,Brandon Roy,Joel Przybilla,Rudy Fernandez,Travis Outlaw,3,1:33,POR,rebound,,,,,,,,,,Joel Przybilla,,,,,,off,,
Aaron Brooks,Carl Landry,David Andersen,Kyle Lowry,Trevor Ariza,Andre Miller,Brandon Roy,Joel Przybilla,Rudy Fernandez,Travis Outlaw,3,1:21,POR,shot,Brandon Roy,,,,,,,,,Travis Outlaw,3,,,made,,3pt,22,30
Aaron Brooks,Carl Landry,David Andersen,Kyle Lowry,Trevor Ariza,Andre Miller,Brandon Roy,Joel Przybilla,Rudy Fernandez,Travis Outlaw,3,1:02,HOU,shot,David Andersen,,,,,,,,,Carl Landry,2,,,made,,layup,25,6
Aaron Brooks,Carl Landry,David Andersen,Kyle Lowry,Trevor Ariza,Andre Miller,Brandon Roy,Joel Przybilla,Rudy Fernandez,Travis Outlaw,3,1:02,POR,foul,,,,,,,,Carl Landry,,Andre Miller,,,,,,shooting,,
Aaron Brooks,Carl Landry,David Andersen,Kyle Lowry,Trevor Ariza,Andre Miller,Brandon Roy,Joel Przybilla,Rudy Fernandez,Travis Outlaw,3,1:02,HOU,free throw,,,,,,,1,,1,Carl Landry,,,foul,made,,,,
Aaron Brooks,Carl Landry,David Andersen,Kyle Lowry,Trevor Ariza,Andre Miller,Brandon Roy,Joel Przybilla,Rudy Fernandez,Travis Outlaw,3,0:50,POR,shot,,,,,,,,,,Brandon Roy,2,,,made,,driving layup,25,6
Aaron Brooks,Carl Landry,David Andersen,Kyle Lowry,Trevor Ariza,Andre Miller,Brandon Roy,Joel Przybilla,Rudy Fernandez,Travis Outlaw,3,0:50,HOU,foul,,,,,,,,Brandon Roy,,Trevor Ariza,,,,,,shooting,,
Aaron Brooks,Carl Landry,David Andersen,Kyle Lowry,Trevor Ariza,Andre Miller,Brandon Roy,Joel Przybilla,Rudy Fernandez,Travis Outlaw,3,0:50,POR,free throw,,,,,,,1,,1,Brandon Roy,,,foul,made,,,,
Aaron Brooks,Carl Landry,David Andersen,Kyle Lowry,Trevor Ariza,Andre Miller,Brandon Roy,Joel Przybilla,Rudy Fernandez,Travis Outlaw,3,0:36,POR,foul,,,,,,,,Kyle Lowry,,Joel Przybilla,,,,,,personal,,
Aaron Brooks,Carl Landry,David Andersen,Kyle Lowry,Trevor Ariza,Andre Miller,Brandon Roy,Joel Przybilla,Rudy Fernandez,Travis Outlaw,3,0:36,HOU,free throw,,,,,,,1,,2,Kyle Lowry,,,foul,made,,,,
Aaron Brooks,Carl Landry,David Andersen,Kyle Lowry,Trevor Ariza,Andre Miller,Brandon Roy,Joel Przybilla,Rudy Fernandez,Travis Outlaw,3,0:36,HOU,free throw,,,,,,,2,,2,Kyle Lowry,,,foul,missed,,,,
Aaron Brooks,Carl Landry,David Andersen,Kyle Lowry,Trevor Ariza,Andre Miller,Brandon Roy,Joel Przybilla,Rudy Fernandez,Travis Outlaw,3,0:35,POR,rebound,,,,,,,,,,Joel Przybilla,,,,,,def,,
Aaron Brooks,Carl Landry,David Andersen,Kyle Lowry,Trevor Ariza,Andre Miller,Brandon Roy,Joel Przybilla,Rudy Fernandez,Travis Outlaw,3,0:27,POR,turnover,,,,,,,,,,Brandon Roy,,,out of bounds lost ball turnover,,,,,
Aaron Brooks,Carl Landry,David Andersen,Kyle Lowry,Trevor Ariza,Andre Miller,Brandon Roy,Greg Oden,Rudy Fernandez,Travis Outlaw,3,0:27,POR,sub,,,,Greg Oden,,Joel Przybilla,,,,,,,,,,,,
Aaron Brooks,Carl Landry,David Andersen,Kyle Lowry,Trevor Ariza,Andre Miller,Brandon Roy,Greg Oden,Rudy Fernandez,Travis Outlaw,3,0:05,HOU,shot,,,,,,,,,,Aaron Brooks,,,,missed,,3pt,40,26
Aaron Brooks,Carl Landry,David Andersen,Kyle Lowry,Trevor Ariza,Andre Miller,Brandon Roy,Greg Oden,Rudy Fernandez,Travis Outlaw,3,0:04,POR,rebound,,,,,,,,,,Greg Oden,,,,,,def,,
Aaron Brooks,Carl Landry,David Andersen,Kyle Lowry,Trevor Ariza,Andre Miller,Brandon Roy,Greg Oden,Rudy Fernandez,Travis Outlaw,3,0:00,POR,shot,,,,,,,,,,Brandon Roy,,,,missed,,3pt,41,24
Aaron Brooks,Carl Landry,David Andersen,Kyle Lowry,Trevor Ariza,Andre Miller,Brandon Roy,Greg Oden,Rudy Fernandez,Travis Outlaw,3,0:00,HOU,rebound,,,,,,,,,,David Andersen,,,,,,def,,
Aaron Brooks,Carl Landry,Chase Budinger,David Andersen,Kyle Lowry,Andre Miller,Greg Oden,Martell Webster,Rudy Fernandez,Travis Outlaw,4,11:55,HOU,foul,,,,,,,,Rudy Fernandez,,Aaron Brooks,,,,,,personal,,
Aaron Brooks,Carl Landry,Chase Budinger,David Andersen,Kyle Lowry,Andre Miller,Greg Oden,Martell Webster,Rudy Fernandez,Travis Outlaw,4,11:44,POR,foul,,,,,,,,Kyle Lowry,,Greg Oden,,,,,,offensive,,
Aaron Brooks,Carl Landry,Chase Budinger,David Andersen,Kyle Lowry,Andre Miller,Greg Oden,Martell Webster,Rudy Fernandez,Travis Outlaw,4,11:44,POR,turnover,,,,,,,,,,Greg Oden,,,foul,,,,,
Aaron Brooks,Carl Landry,Chase Budinger,David Andersen,Kyle Lowry,Andre Miller,Greg Oden,Martell Webster,Rudy Fernandez,Travis Outlaw,4,11:29,HOU,shot,,,,,,,,,,Aaron Brooks,2,,,made,,step back jump,36,18
Aaron Brooks,Carl Landry,Chase Budinger,David Andersen,Kyle Lowry,Andre Miller,Greg Oden,Martell Webster,Rudy Fernandez,Travis Outlaw,4,11:13,POR,shot,Andre Miller,,,,,,,,,Martell Webster,3,,,made,,3pt,47,8
Aaron Brooks,Carl Landry,Chase Budinger,David Andersen,Kyle Lowry,Andre Miller,Greg Oden,LaMarcus Aldridge,Martell Webster,Rudy Fernandez,4,11:07,POR,sub,,,,LaMarcus Aldridge,,Travis Outlaw,,,,,,,,,,,,
Aaron Brooks,Carl Landry,Chase Budinger,David Andersen,Kyle Lowry,Andre Miller,Greg Oden,LaMarcus Aldridge,Martell Webster,Rudy Fernandez,4,10:48,HOU,shot,,,,,,,,,,Aaron Brooks,,,,missed,,driving layup,25,6
Aaron Brooks,Carl Landry,Chase Budinger,David Andersen,Kyle Lowry,Andre Miller,Greg Oden,LaMarcus Aldridge,Martell Webster,Rudy Fernandez,4,10:46,HOU,rebound,,,,,,,,,,Chase Budinger,,,,,,off,,
Aaron Brooks,Carl Landry,Chase Budinger,David Andersen,Kyle Lowry,Andre Miller,Greg Oden,LaMarcus Aldridge,Martell Webster,Rudy Fernandez,4,10:42,HOU,shot,Kyle Lowry,,,,,,,,,Aaron Brooks,2,,,made,,reverse layup,25,6
Aaron Brooks,Carl Landry,Chase Budinger,David Andersen,Kyle Lowry,Andre Miller,Greg Oden,LaMarcus Aldridge,Martell Webster,Rudy Fernandez,4,10:25,HOU,foul,,,,,,,,Martell Webster,,Chase Budinger,,,,,,personal,,
Aaron Brooks,Carl Landry,Chase Budinger,David Andersen,Kyle Lowry,Andre Miller,Greg Oden,LaMarcus Aldridge,Martell Webster,Rudy Fernandez,4,10:13,POR,turnover,,,,,,,,,,Andre Miller,,,out of bounds lost ball turnover,,,,,
Aaron Brooks,Carl Landry,Chase Budinger,David Andersen,Kyle Lowry,Andre Miller,Greg Oden,LaMarcus Aldridge,Martell Webster,Rudy Fernandez,4,10:05,HOU,shot,,,,,,,,,,Chase Budinger,,,,missed,,3pt,22,30
Aaron Brooks,Carl Landry,Chase Budinger,David Andersen,Kyle Lowry,Andre Miller,Greg Oden,LaMarcus Aldridge,Martell Webster,Rudy Fernandez,4,10:05,POR,rebound,,,,,,,,,,LaMarcus Aldridge,,,,,,def,,
Aaron Brooks,Carl Landry,Chase Budinger,David Andersen,Kyle Lowry,Andre Miller,Greg Oden,LaMarcus Aldridge,Martell Webster,Rudy Fernandez,4,9:55,POR,shot,,,,,,,,,,Greg Oden,,,,missed,,hook,27,9
Aaron Brooks,Carl Landry,Chase Budinger,David Andersen,Kyle Lowry,Andre Miller,Greg Oden,LaMarcus Aldridge,Martell Webster,Rudy Fernandez,4,9:54,HOU,rebound,,,,,,,,,,Carl Landry,,,,,,def,,
Aaron Brooks,Carl Landry,Chase Budinger,David Andersen,Kyle Lowry,Andre Miller,Greg Oden,LaMarcus Aldridge,Martell Webster,Rudy Fernandez,4,9:46,HOU,shot,Kyle Lowry,,,,,,,,,David Andersen,2,,,made,,jump,44,9
Aaron Brooks,Carl Landry,Chase Budinger,David Andersen,Kyle Lowry,Andre Miller,Greg Oden,LaMarcus Aldridge,Martell Webster,Rudy Fernandez,4,9:27,POR,foul,,,,,,,,David Andersen,,Greg Oden,,,,,,offensive,,
Aaron Brooks,Carl Landry,Chase Budinger,David Andersen,Kyle Lowry,Andre Miller,Greg Oden,LaMarcus Aldridge,Martell Webster,Rudy Fernandez,4,9:27,POR,turnover,,,,,,,,,,Greg Oden,,,foul,,,,,
Aaron Brooks,Carl Landry,Chase Budinger,David Andersen,Kyle Lowry,Andre Miller,Greg Oden,LaMarcus Aldridge,Martell Webster,Rudy Fernandez,4,9:08,HOU,shot,,,,,,,,,,Carl Landry,,,,missed,,jump,8,9
Aaron Brooks,Carl Landry,Chase Budinger,David Andersen,Kyle Lowry,Andre Miller,Greg Oden,LaMarcus Aldridge,Martell Webster,Rudy Fernandez,4,9:08,POR,rebound,,,,,,,,,,LaMarcus Aldridge,,,,,,def,,
Aaron Brooks,Carl Landry,Chase Budinger,David Andersen,Kyle Lowry,Andre Miller,Greg Oden,LaMarcus Aldridge,Martell Webster,Rudy Fernandez,4,8:53,POR,shot,Andre Miller,,,,,,,,,LaMarcus Aldridge,2,,,made,,jump,7,7
Aaron Brooks,Carl Landry,Chase Budinger,David Andersen,Kyle Lowry,Andre Miller,Greg Oden,LaMarcus Aldridge,Martell Webster,Rudy Fernandez,4,8:41,POR,foul,,,,,,,,Kyle Lowry,,Greg Oden,,,,,,shooting,,
Aaron Brooks,Carl Landry,Chase Budinger,David Andersen,Kyle Lowry,Andre Miller,Greg Oden,LaMarcus Aldridge,Martell Webster,Rudy Fernandez,4,8:41,HOU,timeout,,,,,,,,,,,,,,,,official,,
Aaron Brooks,Carl Landry,Chase Budinger,David Andersen,Kyle Lowry,Andre Miller,Joel Przybilla,LaMarcus Aldridge,Martell Webster,Rudy Fernandez,4,8:41,POR,sub,,,,Joel Przybilla,,Greg Oden,,,,,,,,,,,,
Aaron Brooks,Carl Landry,Chase Budinger,David Andersen,Kyle Lowry,Andre Miller,Joel Przybilla,LaMarcus Aldridge,Martell Webster,Rudy Fernandez,4,8:41,HOU,free throw,,,,,,,1,,2,Kyle Lowry,,,foul,made,,,,
Aaron Brooks,Carl Landry,Chase Budinger,David Andersen,Kyle Lowry,Andre Miller,Joel Przybilla,LaMarcus Aldridge,Martell Webster,Rudy Fernandez,4,8:41,HOU,free throw,,,,,,,2,,2,Kyle Lowry,,,foul,made,,,,
Aaron Brooks,Carl Landry,Chase Budinger,David Andersen,Kyle Lowry,Andre Miller,Joel Przybilla,LaMarcus Aldridge,Martell Webster,Rudy Fernandez,4,8:16,POR,shot,,,,,,,,,,Andre Miller,,,,missed,,jump,29,28
Aaron Brooks,Carl Landry,Chase Budinger,David Andersen,Kyle Lowry,Andre Miller,Joel Przybilla,LaMarcus Aldridge,Martell Webster,Rudy Fernandez,4,8:15,HOU,rebound,,,,,,,,,,David Andersen,,,,,,def,,
Aaron Brooks,Carl Landry,Chase Budinger,David Andersen,Kyle Lowry,Andre Miller,Joel Przybilla,LaMarcus Aldridge,Martell Webster,Rudy Fernandez,4,8:01,HOU,shot,Kyle Lowry,,,,,,,,,David Andersen,3,,,made,,3pt,39,26
Aaron Brooks,Carl Landry,Chase Budinger,David Andersen,Kyle Lowry,Andre Miller,Joel Przybilla,LaMarcus Aldridge,Martell Webster,Rudy Fernandez,4,7:48,HOU,foul,,,,,,,,LaMarcus Aldridge,,Carl Landry,,,,,,personal,,
Aaron Brooks,Carl Landry,Chase Budinger,David Andersen,Kyle Lowry,Andre Miller,Brandon Roy,Joel Przybilla,LaMarcus Aldridge,Rudy Fernandez,4,7:48,POR,sub,,,,Brandon Roy,,Martell Webster,,,,,,,,,,,,
Aaron Brooks,Carl Landry,Chase Budinger,David Andersen,Kyle Lowry,Andre Miller,Brandon Roy,Joel Przybilla,LaMarcus Aldridge,Rudy Fernandez,4,7:44,POR,turnover,,,,,,,,,,LaMarcus Aldridge,,,bad pass,,Kyle Lowry,,,
Aaron Brooks,Carl Landry,Chase Budinger,David Andersen,Kyle Lowry,Andre Miller,Brandon Roy,Joel Przybilla,LaMarcus Aldridge,Rudy Fernandez,4,7:38,HOU,shot,Kyle Lowry,,,,,,,,,Chase Budinger,2,,,made,,alley oop layup,25,6
Aaron Brooks,Carl Landry,Chase Budinger,David Andersen,Kyle Lowry,Andre Miller,Brandon Roy,Joel Przybilla,LaMarcus Aldridge,Rudy Fernandez,4,7:17,POR,shot,,,,,,,,,,LaMarcus Aldridge,,,,missed,,jump,11,7
Aaron Brooks,Carl Landry,Chase Budinger,David Andersen,Kyle Lowry,Andre Miller,Brandon Roy,Joel Przybilla,LaMarcus Aldridge,Rudy Fernandez,4,7:17,HOU,rebound,,,,,,,,,,,,,,,,,,
Aaron Brooks,Carl Landry,Chase Budinger,David Andersen,Kyle Lowry,Andre Miller,Brandon Roy,Joel Przybilla,LaMarcus Aldridge,Rudy Fernandez,4,7:17,POR,foul,,,,,,,,David Andersen,,Joel Przybilla,,,,,,loose ball,,
Aaron Brooks,Carl Landry,Chase Budinger,David Andersen,Kyle Lowry,Andre Miller,Brandon Roy,Joel Przybilla,LaMarcus Aldridge,Rudy Fernandez,4,7:03,POR,foul,,,,,,,,Carl Landry,,Joel Przybilla,,,,,,shooting,,
Aaron Brooks,Carl Landry,Chase Budinger,David Andersen,Kyle Lowry,Andre Miller,Brandon Roy,LaMarcus Aldridge,Rudy Fernandez,Travis Outlaw,4,7:03,POR,sub,,,,Travis Outlaw,,Joel Przybilla,,,,,,,,,,,,
Aaron Brooks,Carl Landry,Chase Budinger,David Andersen,Kyle Lowry,Andre Miller,Brandon Roy,LaMarcus Aldridge,Rudy Fernandez,Travis Outlaw,4,7:03,HOU,free throw,,,,,,,1,,2,Carl Landry,,,foul,made,,,,
Aaron Brooks,Carl Landry,Chase Budinger,David Andersen,Kyle Lowry,Andre Miller,Brandon Roy,LaMarcus Aldridge,Rudy Fernandez,Travis Outlaw,4,7:03,HOU,free throw,,,,,,,2,,2,Carl Landry,,,foul,made,,,,
Aaron Brooks,Carl Landry,Chase Budinger,David Andersen,Kyle Lowry,Andre Miller,Brandon Roy,LaMarcus Aldridge,Rudy Fernandez,Travis Outlaw,4,6:43,POR,shot,,,,,,,,,,Andre Miller,,,,missed,,layup,25,6
Aaron Brooks,Carl Landry,Chase Budinger,David Andersen,Kyle Lowry,Andre Miller,Brandon Roy,LaMarcus Aldridge,Rudy Fernandez,Travis Outlaw,4,6:42,HOU,rebound,,,,,,,,,,Carl Landry,,,,,,def,,
Aaron Brooks,Carl Landry,Chase Budinger,David Andersen,Kyle Lowry,Andre Miller,Brandon Roy,LaMarcus Aldridge,Rudy Fernandez,Travis Outlaw,4,6:36,HOU,shot,,,,,,,,,,Aaron Brooks,,,,missed,,3pt,44,25
Aaron Brooks,Carl Landry,Chase Budinger,David Andersen,Kyle Lowry,Andre Miller,Brandon Roy,LaMarcus Aldridge,Rudy Fernandez,Travis Outlaw,4,6:36,POR,rebound,,,,,,,,,,Brandon Roy,,,,,,def,,
Aaron Brooks,Carl Landry,Chase Budinger,David Andersen,Kyle Lowry,Andre Miller,Brandon Roy,LaMarcus Aldridge,Rudy Fernandez,Travis Outlaw,4,6:36,HOU,foul,,,,,,,,Brandon Roy,,David Andersen,,,,,,personal,,
Aaron Brooks,Carl Landry,Chase Budinger,David Andersen,Kyle Lowry,Andre Miller,Brandon Roy,LaMarcus Aldridge,Rudy Fernandez,Travis Outlaw,4,6:13,POR,shot,,,,,,,,,,Andre Miller,2,,,made,,running jump,35,18
Aaron Brooks,Carl Landry,Chase Budinger,David Andersen,Kyle Lowry,Andre Miller,Brandon Roy,LaMarcus Aldridge,Rudy Fernandez,Travis Outlaw,4,6:00,HOU,shot,,,LaMarcus Aldridge,,,,,,,Carl Landry,,,,missed,,layup,25,6
Aaron Brooks,Carl Landry,Chase Budinger,David Andersen,Kyle Lowry,Andre Miller,Brandon Roy,LaMarcus Aldridge,Rudy Fernandez,Travis Outlaw,4,5:58,POR,rebound,,,,,,,,,,Rudy Fernandez,,,,,,def,,
Aaron Brooks,Carl Landry,Chase Budinger,David Andersen,Kyle Lowry,Andre Miller,Brandon Roy,LaMarcus Aldridge,Rudy Fernandez,Travis Outlaw,4,5:44,POR,shot,Rudy Fernandez,,,,,,,,,Andre Miller,3,,,made,,3pt,11,25
Aaron Brooks,Carl Landry,Chase Budinger,David Andersen,Kyle Lowry,Andre Miller,Brandon Roy,LaMarcus Aldridge,Rudy Fernandez,Travis Outlaw,4,5:33,HOU,shot,,,,,,,,,,Aaron Brooks,,,,missed,,3pt,6,22
Aaron Brooks,Carl Landry,Chase Budinger,David Andersen,Kyle Lowry,Andre Miller,Brandon Roy,LaMarcus Aldridge,Rudy Fernandez,Travis Outlaw,4,5:32,POR,rebound,,,,,,,,,,Brandon Roy,,,,,,def,,
Aaron Brooks,Carl Landry,Chase Budinger,David Andersen,Kyle Lowry,Andre Miller,Brandon Roy,LaMarcus Aldridge,Rudy Fernandez,Travis Outlaw,4,5:13,POR,shot,,,,,,,,,,LaMarcus Aldridge,,,,missed,,jump bank,29,8
Aaron Brooks,Carl Landry,Chase Budinger,David Andersen,Kyle Lowry,Andre Miller,Brandon Roy,LaMarcus Aldridge,Rudy Fernandez,Travis Outlaw,4,5:11,HOU,rebound,,,,,,,,,,David Andersen,,,,,,def,,
Aaron Brooks,Carl Landry,Chase Budinger,David Andersen,Kyle Lowry,Andre Miller,Brandon Roy,LaMarcus Aldridge,Rudy Fernandez,Travis Outlaw,4,5:05,HOU,shot,,,,,,,,,,Aaron Brooks,2,,,made,,driving layup,25,6
Aaron Brooks,Carl Landry,Chase Budinger,David Andersen,Kyle Lowry,Andre Miller,Brandon Roy,LaMarcus Aldridge,Rudy Fernandez,Travis Outlaw,4,4:44,POR,shot,,,,,,,,,,Brandon Roy,,,,missed,,jump,11,22
Aaron Brooks,Carl Landry,Chase Budinger,David Andersen,Kyle Lowry,Andre Miller,Brandon Roy,LaMarcus Aldridge,Rudy Fernandez,Travis Outlaw,4,4:44,HOU,rebound,,,,,,,,,,David Andersen,,,,,,def,,
Aaron Brooks,Carl Landry,Chase Budinger,David Andersen,Kyle Lowry,Andre Miller,Brandon Roy,LaMarcus Aldridge,Rudy Fernandez,Travis Outlaw,4,4:30,HOU,shot,,,,,,,,,,David Andersen,2,,,made,,turnaround fade away,11,11
Aaron Brooks,Carl Landry,Chase Budinger,David Andersen,Kyle Lowry,Andre Miller,Brandon Roy,LaMarcus Aldridge,Rudy Fernandez,Travis Outlaw,4,4:30,POR,timeout,,,,,,,,,,,,,,,,regular,,
Aaron Brooks,Carl Landry,Chase Budinger,David Andersen,Kyle Lowry,Andre Miller,Brandon Roy,LaMarcus Aldridge,Steve Blake,Travis Outlaw,4,4:30,POR,sub,,,,Steve Blake,,Rudy Fernandez,,,,,,,,,,,,
Aaron Brooks,Carl Landry,Chase Budinger,David Andersen,Kyle Lowry,Andre Miller,Brandon Roy,LaMarcus Aldridge,Steve Blake,Travis Outlaw,4,4:14,POR,shot,,,,,,,,,,Andre Miller,,,,missed,,jump,10,19
Aaron Brooks,Carl Landry,Chase Budinger,David Andersen,Kyle Lowry,Andre Miller,Brandon Roy,LaMarcus Aldridge,Steve Blake,Travis Outlaw,4,4:14,HOU,rebound,,,,,,,,,,Kyle Lowry,,,,,,def,,
Aaron Brooks,Carl Landry,Chase Budinger,David Andersen,Kyle Lowry,Andre Miller,Brandon Roy,LaMarcus Aldridge,Steve Blake,Travis Outlaw,4,4:04,HOU,shot,,,,,,,,,,David Andersen,,,,missed,,turnaround fade away,15,9
Aaron Brooks,Carl Landry,Chase Budinger,David Andersen,Kyle Lowry,Andre Miller,Brandon Roy,LaMarcus Aldridge,Steve Blake,Travis Outlaw,4,4:03,POR,rebound,,,,,,,,,,Brandon Roy,,,,,,def,,
Aaron Brooks,Carl Landry,Chase Budinger,David Andersen,Kyle Lowry,Andre Miller,Brandon Roy,LaMarcus Aldridge,Steve Blake,Travis Outlaw,4,3:59,HOU,foul,,,,,,,,Brandon Roy,,Kyle Lowry,,,,,,personal,,
Aaron Brooks,Carl Landry,Chase Budinger,David Andersen,Kyle Lowry,Andre Miller,Brandon Roy,LaMarcus Aldridge,Steve Blake,Travis Outlaw,4,3:59,POR,free throw,,,,,,,1,,2,Brandon Roy,,,foul,made,,,,
Aaron Brooks,Carl Landry,Chase Budinger,David Andersen,Kyle Lowry,Andre Miller,Brandon Roy,LaMarcus Aldridge,Steve Blake,Travis Outlaw,4,3:59,POR,free throw,,,,,,,2,,2,Brandon Roy,,,foul,made,,,,
Aaron Brooks,Carl Landry,Chase Budinger,David Andersen,Kyle Lowry,Andre Miller,Brandon Roy,LaMarcus Aldridge,Steve Blake,Travis Outlaw,4,3:48,HOU,shot,,,,,,,,,,Aaron Brooks,,,,missed,,step back jump,38,10
Aaron Brooks,Carl Landry,Chase Budinger,David Andersen,Kyle Lowry,Andre Miller,Brandon Roy,LaMarcus Aldridge,Steve Blake,Travis Outlaw,4,3:47,HOU,rebound,,,,,,,,,,David Andersen,,,,,,off,,
Aaron Brooks,Carl Landry,Chase Budinger,David Andersen,Kyle Lowry,Andre Miller,Brandon Roy,LaMarcus Aldridge,Steve Blake,Travis Outlaw,4,3:46,HOU,shot,,,Brandon Roy,,,,,,,David Andersen,,,,missed,,layup,25,6
Aaron Brooks,Carl Landry,Chase Budinger,David Andersen,Kyle Lowry,Andre Miller,Brandon Roy,LaMarcus Aldridge,Steve Blake,Travis Outlaw,4,3:44,POR,rebound,,,,,,,,,,Steve Blake,,,,,,def,,
Aaron Brooks,Carl Landry,Chase Budinger,David Andersen,Kyle Lowry,Andre Miller,Brandon Roy,LaMarcus Aldridge,Steve Blake,Travis Outlaw,4,3:39,POR,shot,,,,,,,,,,Brandon Roy,,,,missed,,layup,25,6
Aaron Brooks,Carl Landry,Chase Budinger,David Andersen,Kyle Lowry,Andre Miller,Brandon Roy,LaMarcus Aldridge,Steve Blake,Travis Outlaw,4,3:38,HOU,rebound,,,,,,,,,,Carl Landry,,,,,,def,,
Aaron Brooks,Carl Landry,Chase Budinger,David Andersen,Kyle Lowry,Andre Miller,Brandon Roy,LaMarcus Aldridge,Steve Blake,Travis Outlaw,4,3:33,HOU,shot,Kyle Lowry,,,,,,,,,Chase Budinger,2,,,made,,driving layup,25,6
Aaron Brooks,Carl Landry,Chase Budinger,David Andersen,Kyle Lowry,Andre Miller,Brandon Roy,LaMarcus Aldridge,Steve Blake,Travis Outlaw,4,3:11,POR,turnover,,,,,,,,,,LaMarcus Aldridge,,,lost ball,,Aaron Brooks,,,
Aaron Brooks,Carl Landry,Chase Budinger,David Andersen,Kyle Lowry,Andre Miller,Brandon Roy,LaMarcus Aldridge,Steve Blake,Travis Outlaw,4,3:07,POR,foul,,,,,,,,Kyle Lowry,,Steve Blake,,,,,,shooting,,
Aaron Brooks,Carl Landry,Chase Budinger,David Andersen,Kyle Lowry,Andre Miller,Brandon Roy,LaMarcus Aldridge,Steve Blake,Travis Outlaw,4,3:07,HOU,free throw,,,,,,,1,,2,Kyle Lowry,,,foul,made,,,,
Aaron Brooks,Carl Landry,Chase Budinger,David Andersen,Kyle Lowry,Andre Miller,Brandon Roy,LaMarcus Aldridge,Steve Blake,Travis Outlaw,4,3:07,HOU,free throw,,,,,,,2,,2,Kyle Lowry,,,foul,made,,,,
Aaron Brooks,Carl Landry,Chase Budinger,David Andersen,Kyle Lowry,Andre Miller,Brandon Roy,LaMarcus Aldridge,Steve Blake,Travis Outlaw,4,2:53,HOU,foul,,,,,,,,Brandon Roy,,David Andersen,,,,,,shooting,,
Aaron Brooks,Carl Landry,Chase Budinger,David Andersen,Kyle Lowry,Andre Miller,Brandon Roy,LaMarcus Aldridge,Steve Blake,Travis Outlaw,4,2:53,HOU,timeout,,,,,,,,,,,,,,,,regular,,
Aaron Brooks,Carl Landry,Chase Budinger,David Andersen,Kyle Lowry,Andre Miller,Brandon Roy,LaMarcus Aldridge,Steve Blake,Travis Outlaw,4,2:53,POR,free throw,,,,,,,1,,2,Brandon Roy,,,foul,made,,,,
Aaron Brooks,Carl Landry,Chase Budinger,David Andersen,Kyle Lowry,Andre Miller,Brandon Roy,LaMarcus Aldridge,Steve Blake,Travis Outlaw,4,2:53,POR,free throw,,,,,,,2,,2,Brandon Roy,,,foul,made,,,,
Aaron Brooks,Carl Landry,Chase Budinger,David Andersen,Kyle Lowry,Andre Miller,Brandon Roy,LaMarcus Aldridge,Steve Blake,Travis Outlaw,4,2:45,HOU,shot,,,,,,,,,,Chase Budinger,2,,,made,,driving dunk,25,6
Aaron Brooks,Carl Landry,Chase Budinger,David Andersen,Kyle Lowry,Andre Miller,Brandon Roy,LaMarcus Aldridge,Steve Blake,Travis Outlaw,4,2:19,POR,shot,,,,,,,,,,Andre Miller,,,,missed,,turnaround jump,7,7
Aaron Brooks,Carl Landry,Chase Budinger,David Andersen,Kyle Lowry,Andre Miller,Brandon Roy,LaMarcus Aldridge,Steve Blake,Travis Outlaw,4,2:19,HOU,rebound,,,,,,,,,,,,,,,,,,
Aaron Brooks,Carl Landry,Chase Budinger,David Andersen,Kyle Lowry,Andre Miller,Brandon Roy,LaMarcus Aldridge,Steve Blake,Travis Outlaw,4,2:19,POR,foul,,,,,,,,David Andersen,,LaMarcus Aldridge,,,,,,loose ball,,
Aaron Brooks,Carl Landry,Chase Budinger,David Andersen,Kyle Lowry,Andre Miller,Brandon Roy,LaMarcus Aldridge,Steve Blake,Travis Outlaw,4,2:19,HOU,free throw,,,,,,,1,,2,David Andersen,,,foul,made,,,,
Aaron Brooks,Carl Landry,Chase Budinger,David Andersen,Kyle Lowry,Andre Miller,Brandon Roy,LaMarcus Aldridge,Steve Blake,Travis Outlaw,4,2:19,HOU,free throw,,,,,,,2,,2,David Andersen,,,foul,made,,,,
Aaron Brooks,Carl Landry,Chase Budinger,David Andersen,Kyle Lowry,Andre Miller,Brandon Roy,LaMarcus Aldridge,Steve Blake,Travis Outlaw,4,2:04,POR,shot,,,,,,,,,,Steve Blake,,,,missed,,3pt,47,6
Aaron Brooks,Carl Landry,Chase Budinger,David Andersen,Kyle Lowry,Andre Miller,Brandon Roy,LaMarcus Aldridge,Steve Blake,Travis Outlaw,4,2:04,POR,rebound,,,,,,,,,,,,,,,,,,
Aaron Brooks,Carl Landry,Chase Budinger,David Andersen,Kyle Lowry,Andre Miller,Brandon Roy,LaMarcus Aldridge,Steve Blake,Travis Outlaw,4,2:04,HOU,foul,,,,,,,,Travis Outlaw,,Chase Budinger,,,,,,loose ball,,
Aaron Brooks,Carl Landry,Chase Budinger,David Andersen,Kyle Lowry,Brandon Roy,Greg Oden,LaMarcus Aldridge,Steve Blake,Travis Outlaw,4,2:04,POR,sub,,,,Greg Oden,,Andre Miller,,,,,,,,,,,,
Aaron Brooks,Carl Landry,Chase Budinger,David Andersen,Kyle Lowry,Brandon Roy,Greg Oden,LaMarcus Aldridge,Steve Blake,Travis Outlaw,4,2:04,POR,free throw,,,,,,,1,,2,Travis Outlaw,,,foul,made,,,,
Aaron Brooks,Carl Landry,Chase Budinger,David Andersen,Kyle Lowry,Brandon Roy,Greg Oden,LaMarcus Aldridge,Steve Blake,Travis Outlaw,4,2:04,POR,free throw,,,,,,,2,,2,Travis Outlaw,,,foul,made,,,,
Aaron Brooks,Carl Landry,Chase Budinger,David Andersen,Kyle Lowry,Brandon Roy,Greg Oden,LaMarcus Aldridge,Steve Blake,Travis Outlaw,4,1:54,HOU,shot,,,,,,,,,,Carl Landry,,,,missed,,jump,33,21
Aaron Brooks,Carl Landry,Chase Budinger,David Andersen,Kyle Lowry,Brandon Roy,Greg Oden,LaMarcus Aldridge,Steve Blake,Travis Outlaw,4,1:53,HOU,rebound,,,,,,,,,,Kyle Lowry,,,,,,off,,
Aaron Brooks,Carl Landry,Chase Budinger,David Andersen,Kyle Lowry,Brandon Roy,Greg Oden,LaMarcus Aldridge,Steve Blake,Travis Outlaw,4,1:49,HOU,shot,,,Greg Oden,,,,,,,Kyle Lowry,,,,missed,,driving reverse layup,25,6
Aaron Brooks,Carl Landry,Chase Budinger,David Andersen,Kyle Lowry,Brandon Roy,Greg Oden,LaMarcus Aldridge,Steve Blake,Travis Outlaw,4,1:49,HOU,rebound,,,,,,,,,,,,,,,,,,
Aaron Brooks,Carl Landry,Chase Budinger,David Andersen,Kyle Lowry,Brandon Roy,Greg Oden,LaMarcus Aldridge,Steve Blake,Travis Outlaw,4,1:47,HOU,shot,Kyle Lowry,,,,,,,,,Carl Landry,2,,,made,,driving reverse layup,25,6
Aaron Brooks,Carl Landry,Chase Budinger,David Andersen,Kyle Lowry,Brandon Roy,Greg Oden,LaMarcus Aldridge,Steve Blake,Travis Outlaw,4,1:32,POR,shot,,,,,,,,,,Brandon Roy,2,,,made,,jump,21,24
Aaron Brooks,Carl Landry,Chase Budinger,David Andersen,Kyle Lowry,Brandon Roy,Greg Oden,LaMarcus Aldridge,Steve Blake,Travis Outlaw,4,1:23,HOU,shot,,,,,,,,,,Carl Landry,,,,missed,,layup,25,6
Aaron Brooks,Carl Landry,Chase Budinger,David Andersen,Kyle Lowry,Brandon Roy,Greg Oden,LaMarcus Aldridge,Steve Blake,Travis Outlaw,4,1:22,HOU,rebound,,,,,,,,,,Carl Landry,,,,,,off,,
Aaron Brooks,Carl Landry,Chase Budinger,David Andersen,Kyle Lowry,Brandon Roy,Greg Oden,LaMarcus Aldridge,Steve Blake,Travis Outlaw,4,1:21,HOU,shot,,,,,,,,,,Carl Landry,,,,missed,,layup,25,6
Aaron Brooks,Carl Landry,Chase Budinger,David Andersen,Kyle Lowry,Brandon Roy,Greg Oden,LaMarcus Aldridge,Steve Blake,Travis Outlaw,4,1:21,HOU,rebound,,,,,,,,,,Carl Landry,,,,,,off,,
Aaron Brooks,Carl Landry,Chase Budinger,David Andersen,Kyle Lowry,Brandon Roy,Greg Oden,LaMarcus Aldridge,Steve Blake,Travis Outlaw,4,1:21,HOU,turnover,,,,,,,,,,Carl Landry,,,traveling,,,,,
Aaron Brooks,Carl Landry,Chase Budinger,David Andersen,Kyle Lowry,Brandon Roy,Greg Oden,LaMarcus Aldridge,Steve Blake,Travis Outlaw,4,1:00,POR,shot,,,,,,,,,,Brandon Roy,,,,missed,,jump,32,14
Aaron Brooks,Carl Landry,Chase Budinger,David Andersen,Kyle Lowry,Brandon Roy,Greg Oden,LaMarcus Aldridge,Steve Blake,Travis Outlaw,4,0:59,POR,rebound,,,,,,,,,,LaMarcus Aldridge,,,,,,off,,
Aaron Brooks,Carl Landry,Chase Budinger,David Andersen,Kyle Lowry,Brandon Roy,Greg Oden,LaMarcus Aldridge,Steve Blake,Travis Outlaw,4,0:59,POR,shot,,,,,,,,,,LaMarcus Aldridge,,,,missed,,tip,25,6
Aaron Brooks,Carl Landry,Chase Budinger,David Andersen,Kyle Lowry,Brandon Roy,Greg Oden,LaMarcus Aldridge,Steve Blake,Travis Outlaw,4,0:58,POR,rebound,,,,,,,,,,Greg Oden,,,,,,off,,
Aaron Brooks,Carl Landry,Chase Budinger,David Andersen,Kyle Lowry,Brandon Roy,Greg Oden,LaMarcus Aldridge,Steve Blake,Travis Outlaw,4,0:58,POR,shot,,,,,,,,,,Greg Oden,2,,,made,,tip,25,6
Aaron Brooks,Carl Landry,Chase Budinger,David Andersen,Kyle Lowry,Brandon Roy,Greg Oden,LaMarcus Aldridge,Steve Blake,Travis Outlaw,4,0:50,HOU,shot,,,,,,,,,,Chase Budinger,,,,missed,,3pt,3,16
Aaron Brooks,Carl Landry,Chase Budinger,David Andersen,Kyle Lowry,Brandon Roy,Greg Oden,LaMarcus Aldridge,Steve Blake,Travis Outlaw,4,0:50,POR,rebound,,,,,,,,,,Greg Oden,,,,,,def,,
Aaron Brooks,Carl Landry,Chase Budinger,David Andersen,Kyle Lowry,Brandon Roy,Greg Oden,LaMarcus Aldridge,Steve Blake,Travis Outlaw,4,0:26,POR,shot,,,,,,,,,,Brandon Roy,,,,missed,,pullup jump,32,27
Aaron Brooks,Carl Landry,Chase Budinger,David Andersen,Kyle Lowry,Brandon Roy,Greg Oden,LaMarcus Aldridge,Steve Blake,Travis Outlaw,4,0:25,HOU,rebound,,,,,,,,,,Aaron Brooks,,,,,,def,,
Aaron Brooks,Carl Landry,Chase Budinger,David Andersen,Kyle Lowry,Brandon Roy,Greg Oden,LaMarcus Aldridge,Steve Blake,Travis Outlaw,4,0:16,HOU,shot,,,,,,,,,,Kyle Lowry,2,,,made,,driving layup,25,6
Aaron Brooks,Carl Landry,Chase Budinger,David Andersen,Kyle Lowry,Brandon Roy,Greg Oden,LaMarcus Aldridge,Steve Blake,Travis Outlaw,4,0:14,HOU,foul,,,,,,,,Steve Blake,,Kyle Lowry,,,,,,personal,,
Aaron Brooks,Carl Landry,Chase Budinger,David Andersen,Kyle Lowry,Brandon Roy,Greg Oden,LaMarcus Aldridge,Steve Blake,Travis Outlaw,4,0:14,POR,free throw,,,,,,,1,,2,Steve Blake,,,foul,missed,,,,
Aaron Brooks,Carl Landry,Chase Budinger,David Andersen,Kyle Lowry,Brandon Roy,Greg Oden,LaMarcus Aldridge,Steve Blake,Travis Outlaw,4,0:14,POR,rebound,,,,,,,,,,,,,,,,,,
Aaron Brooks,Carl Landry,Chase Budinger,David Andersen,Kyle Lowry,Brandon Roy,LaMarcus Aldridge,Martell Webster,Steve Blake,Travis Outlaw,4,0:14,POR,sub,,,,Martell Webster,,Greg Oden,,,,,,,,,,,,
Aaron Brooks,Carl Landry,Chase Budinger,David Andersen,Kyle Lowry,Brandon Roy,LaMarcus Aldridge,Martell Webster,Steve Blake,Travis Outlaw,4,0:14,POR,free throw,,,,,,,2,,2,Steve Blake,,,foul,made,,,,
Aaron Brooks,Carl Landry,Chase Budinger,David Andersen,Kyle Lowry,Brandon Roy,LaMarcus Aldridge,Martell Webster,Steve Blake,Travis Outlaw,4,0:14,HOU,timeout,,,,,,,,,,,,,,,,short,,
Aaron Brooks,Carl Landry,Chase Budinger,David Andersen,Kyle Lowry,Andre Miller,Brandon Roy,LaMarcus Aldridge,Steve Blake,Travis Outlaw,4,0:14,POR,sub,,,,Andre Miller,,Martell Webster,,,,,,,,,,,,
Aaron Brooks,Carl Landry,Chase Budinger,David Andersen,Kyle Lowry,Andre Miller,Brandon Roy,LaMarcus Aldridge,Steve Blake,Travis Outlaw,4,0:11,HOU,shot,,,,,,,,,,David Andersen,,,,missed,,jump,39,23
Aaron Brooks,Carl Landry,Chase Budinger,David Andersen,Kyle Lowry,Andre Miller,Brandon Roy,LaMarcus Aldridge,Steve Blake,Travis Outlaw,4,0:10,POR,rebound,,,,,,,,,,Brandon Roy,,,,,,def,,
