a1,a2,a3,a4,a5,h1,h2,h3,h4,h5,period,time,team,etype,assist,away,block,entered,home,left,num,opponent,outof,player,points,possession,reason,result,steal,type,x,y
Brandon Rush,Mike Dunleavy,Roy Hibbert,T.J. Ford,Troy Murphy,Dwight Howard,Jason Williams,Mickael Pietrus,Rashard Lewis,Vince Carter,1,12:00,OFF,jump ball,,Roy Hibbert,,,Dwight Howard,,,,,,,Jason Williams,,,,,,
Brandon Rush,Mike Dunleavy,Roy Hibbert,T.J. Ford,Troy Murphy,Dwight Howard,Jason Williams,Mickael Pietrus,Rashard Lewis,Vince Carter,1,11:45,ORL,shot,Vince Carter,,,,,,,,,Dwight Howard,2,,,made,,layup,25,6
Brandon Rush,Mike Dunleavy,Roy Hibbert,T.J. Ford,Troy Murphy,Dwight Howard,Jason Williams,Mickael Pietrus,Rashard Lewis,Vince Carter,1,11:32,IND,shot,,,Dwight Howard,,,,,,,Mike Dunleavy,,,,missed,,jump hook,24,14
Brandon Rush,Mike Dunleavy,Roy Hibbert,T.J. Ford,Troy Murphy,Dwight Howard,Jason Williams,Mickael Pietrus,Rashard Lewis,Vince Carter,1,11:29,ORL,rebound,,,,,,,,,,Dwight Howard,,,,,,def,,
Brandon Rush,Mike Dunleavy,Roy Hibbert,T.J. Ford,Troy Murphy,Dwight Howard,Jason Williams,Mickael Pietrus,Rashard Lewis,Vince Carter,1,11:22,ORL,shot,,,,,,,,,,Vince Carter,,,,missed,,running jump,31,14
Brandon Rush,Mike Dunleavy,Roy Hibbert,T.J. Ford,Troy Murphy,Dwight Howard,Jason Williams,Mickael Pietrus,Rashard Lewis,Vince Carter,1,11:21,IND,rebound,,,,,,,,,,Roy Hibbert,,,,,,def,,
Brandon Rush,Mike Dunleavy,Roy Hibbert,T.J. Ford,Troy Murphy,Dwight Howard,Jason Williams,Mickael Pietrus,Rashard Lewis,Vince Carter,1,11:03,IND,shot,,,,,,,,,,Mike Dunleavy,,,,missed,,jump,21,12
Brandon Rush,Mike Dunleavy,Roy Hibbert,T.J. Ford,Troy Murphy,Dwight Howard,Jason Williams,Mickael Pietrus,Rashard Lewis,Vince Carter,1,11:02,IND,rebound,,,,,,,,,,Roy Hibbert,,,,,,off,,
Brandon Rush,Mike Dunleavy,Roy Hibbert,T.J. Ford,Troy Murphy,Dwight Howard,Jason Williams,Mickael Pietrus,Rashard Lewis,Vince Carter,1,11:02,IND,shot,,,,,,,,,,Roy Hibbert,2,,,made,,putback dunk,25,6
Brandon Rush,Mike Dunleavy,Roy Hibbert,T.J. Ford,Troy Murphy,Dwight Howard,Jason Williams,Mickael Pietrus,Rashard Lewis,Vince Carter,1,10:54,ORL,turnover,,,,,,,,,,Dwight Howard,,,lost ball,,Brandon Rush,,,
Brandon Rush,Mike Dunleavy,Roy Hibbert,T.J. Ford,Troy Murphy,Dwight Howard,Jason Williams,Mickael Pietrus,Rashard Lewis,Vince Carter,1,10:47,IND,shot,,,,,,,,,,Brandon Rush,,,,missed,,3pt,6,23
Brandon Rush,Mike Dunleavy,Roy Hibbert,T.J. Ford,Troy Murphy,Dwight Howard,Jason Williams,Mickael Pietrus,Rashard Lewis,Vince Carter,1,10:45,IND,rebound,,,,,,,,,,T.J. Ford,,,,,,off,,
Brandon Rush,Mike Dunleavy,Roy Hibbert,T.J. Ford,Troy Murphy,Dwight Howard,Jason Williams,Mickael Pietrus,Rashard Lewis,Vince Carter,1,10:43,IND,shot,,,,,,,,,,T.J. Ford,,,,missed,,layup,25,6
Brandon Rush,Mike Dunleavy,Roy Hibbert,T.J. Ford,Troy Murphy,Dwight Howard,Jason Williams,Mickael Pietrus,Rashard Lewis,Vince Carter,1,10:41,ORL,rebound,,,,,,,,,,Rashard Lewis,,,,,,def,,
Brandon Rush,Mike Dunleavy,Roy Hibbert,T.J. Ford,Troy Murphy,Dwight Howard,Jason Williams,Mickael Pietrus,Rashard Lewis,Vince Carter,1,10:35,ORL,shot,,,,,,,,,,Mickael Pietrus,,,,missed,,3pt,4,21
Brandon Rush,Mike Dunleavy,Roy Hibbert,T.J. Ford,Troy Murphy,Dwight Howard,Jason Williams,Mickael Pietrus,Rashard Lewis,Vince Carter,1,10:34,IND,rebound,,,,,,,,,,Roy Hibbert,,,,,,def,,
Brandon Rush,Mike Dunleavy,Roy Hibbert,T.J. Ford,Troy Murphy,Dwight Howard,Jason Williams,Mickael Pietrus,Rashard Lewis,Vince Carter,1,10:20,IND,shot,,,,,,,,,,Troy Murphy,2,,,made,,jump,13,22
Brandon Rush,Mike Dunleavy,Roy Hibbert,T.J. Ford,Troy Murphy,Dwight Howard,Jason Williams,Mickael Pietrus,Rashard Lewis,Vince Carter,1,9:58,ORL,shot,,,,,,,,,,Mickael Pietrus,,,,missed,,layup,25,6
Brandon Rush,Mike Dunleavy,Roy Hibbert,T.J. Ford,Troy Murphy,Dwight Howard,Jason Williams,Mickael Pietrus,Rashard Lewis,Vince Carter,1,9:57,IND,rebound,,,,,,,,,,,,,,,,,,
Brandon Rush,Mike Dunleavy,Roy Hibbert,T.J. Ford,Troy Murphy,Dwight Howard,Jason Williams,Mickael Pietrus,Rashard Lewis,Vince Carter,1,9:57,ORL,foul,,,,,,,,Roy Hibbert,,Mickael Pietrus,,,,,,loose ball,,
Brandon Rush,Mike Dunleavy,Roy Hibbert,T.J. Ford,Troy Murphy,Dwight Howard,Jason Williams,Mickael Pietrus,Rashard Lewis,Vince Carter,1,9:36,IND,shot,Roy Hibbert,,,,,,,,,T.J. Ford,2,,,made,,layup,25,6
Brandon Rush,Mike Dunleavy,Roy Hibbert,T.J. Ford,Troy Murphy,Dwight Howard,Jason Williams,Mickael Pietrus,Rashard Lewis,Vince Carter,1,9:26,ORL,shot,,,,,,,,,,Mickael Pietrus,,,,missed,,3pt,3,13
Brandon Rush,Mike Dunleavy,Roy Hibbert,T.J. Ford,Troy Murphy,Dwight Howard,Jason Williams,Mickael Pietrus,Rashard Lewis,Vince Carter,1,9:24,IND,rebound,,,,,,,,,,Brandon Rush,,,,,,def,,
Brandon Rush,Mike Dunleavy,Roy Hibbert,T.J. Ford,Troy Murphy,Dwight Howard,Jason Williams,Mickael Pietrus,Rashard Lewis,Vince Carter,1,9:15,IND,shot,T.J. Ford,,,,,,,,,Brandon Rush,2,,,made,,dunk,25,6
Brandon Rush,Mike Dunleavy,Roy Hibbert,T.J. Ford,Troy Murphy,Dwight Howard,Jason Williams,Mickael Pietrus,Rashard Lewis,Vince Carter,1,9:09,ORL,timeout,,,,,,,,,,,,,,,,regular,,
Brandon Rush,Mike Dunleavy,Roy Hibbert,T.J. Ford,Troy Murphy,Dwight Howard,Jason Williams,Mickael Pietrus,Rashard Lewis,Vince Carter,1,8:58,ORL,shot,,,,,,,,,,Dwight Howard,,,,missed,,layup,25,6
Brandon Rush,Mike Dunleavy,Roy Hibbert,T.J. Ford,Troy Murphy,Dwight Howard,Jason Williams,Mickael Pietrus,Rashard Lewis,Vince Carter,1,8:57,IND,rebound,,,,,,,,,,T.J. Ford,,,,,,def,,
Brandon Rush,Mike Dunleavy,Roy Hibbert,T.J. Ford,Troy Murphy,Dwight Howard,Jason Williams,Mickael Pietrus,Rashard Lewis,Vince Carter,1,8:47,IND,shot,T.J. Ford,,,,,,,,,Troy Murphy,2,,,made,,running bank,32,11
Brandon Rush,Mike Dunleavy,Roy Hibbert,T.J. Ford,Troy Murphy,Dwight Howard,Jason Williams,Mickael Pietrus,Rashard Lewis,Vince Carter,1,8:26,ORL,turnover,,,,,,,,,,Dwight Howard,,,lost ball,,T.J. Ford,,,
Brandon Rush,Mike Dunleavy,Roy Hibbert,T.J. Ford,Troy Murphy,Dwight Howard,Jason Williams,Mickael Pietrus,Rashard Lewis,Vince Carter,1,8:13,IND,shot,,,,,,,,,,Roy Hibbert,2,,,made,,jump,17,24
Brandon Rush,Mike Dunleavy,Roy Hibbert,T.J. Ford,Troy Murphy,Dwight Howard,Jason Williams,Mickael Pietrus,Rashard Lewis,Vince Carter,1,8:04,IND,foul,,,,,,,,Vince Carter,,Roy Hibbert,,,,,,shooting,,
Brandon Rush,Mike Dunleavy,Roy Hibbert,T.J. Ford,Troy Murphy,Dwight Howard,Jason Williams,Mickael Pietrus,Rashard Lewis,Vince Carter,1,8:04,ORL,free throw,,,,,,,1,,2,Vince Carter,,,foul,made,,,,
Brandon Rush,Mike Dunleavy,Roy Hibbert,T.J. Ford,Troy Murphy,Dwight Howard,Jason Williams,Mickael Pietrus,Rashard Lewis,Vince Carter,1,8:04,ORL,free throw,,,,,,,2,,2,Vince Carter,,,foul,made,,,,
Brandon Rush,Mike Dunleavy,Roy Hibbert,T.J. Ford,Troy Murphy,Dwight Howard,Jason Williams,Mickael Pietrus,Rashard Lewis,Vince Carter,1,7:40,IND,shot,,,,,,,,,,T.J. Ford,,,,missed,,fade away jumper,11,19
Brandon Rush,Mike Dunleavy,Roy Hibbert,T.J. Ford,Troy Murphy,Dwight Howard,Jason Williams,Mickael Pietrus,Rashard Lewis,Vince Carter,1,7:39,ORL,rebound,,,,,,,,,,Jason Williams,,,,,,def,,
Brandon Rush,Mike Dunleavy,Roy Hibbert,T.J. Ford,Troy Murphy,Dwight Howard,Jason Williams,Mickael Pietrus,Rashard Lewis,Vince Carter,1,7:33,IND,foul,,,,,,,,Dwight Howard,,Roy Hibbert,,,,,,personal,,
Brandon Rush,Mike Dunleavy,Roy Hibbert,T.J. Ford,Troy Murphy,Dwight Howard,Jason Williams,Mickael Pietrus,Rashard Lewis,Vince Carter,1,7:25,ORL,shot,,,,,,,,,,Jason Williams,,,,missed,,jump,12,21
Brandon Rush,Mike Dunleavy,Roy Hibbert,T.J. Ford,Troy Murphy,Dwight Howard,Jason Williams,Mickael Pietrus,Rashard Lewis,Vince Carter,1,7:23,IND,rebound,,,,,,,,,,Brandon Rush,,,,,,def,,
Brandon Rush,Mike Dunleavy,Roy Hibbert,T.J. Ford,Troy Murphy,Dwight Howard,Jason Williams,Mickael Pietrus,Rashard Lewis,Vince Carter,1,7:14,ORL,foul,,,,,,,,Troy Murphy,,Rashard Lewis,,,,,,personal,,
Brandon Rush,Mike Dunleavy,Roy Hibbert,T.J. Ford,Troy Murphy,Dwight Howard,Jason Williams,Mickael Pietrus,Rashard Lewis,Vince Carter,1,7:08,IND,shot,Roy Hibbert,,,,,,,,,Mike Dunleavy,2,,,made,,jump hook,25,12
Brandon Rush,Mike Dunleavy,Roy Hibbert,T.J. Ford,Troy Murphy,Dwight Howard,Jason Williams,Mickael Pietrus,Rashard Lewis,Vince Carter,1,6:56,ORL,shot,,,,,,,,,,Jason Williams,,,,missed,,3pt,2,11
Brandon Rush,Mike Dunleavy,Roy Hibbert,T.J. Ford,Troy Murphy,Dwight Howard,Jason Williams,Mickael Pietrus,Rashard Lewis,Vince Carter,1,6:54,IND,rebound,,,,,,,,,,Troy Murphy,,,,,,def,,
Brandon Rush,Mike Dunleavy,Roy Hibbert,T.J. Ford,Troy Murphy,Dwight Howard,Jason Williams,Mickael Pietrus,Rashard Lewis,Vince Carter,1,6:45,IND,shot,T.J. Ford,,,,,,,,,Troy Murphy,3,,,made,,3pt,34,30
Brandon Rush,Mike Dunleavy,Roy Hibbert,T.J. Ford,Troy Murphy,Dwight Howard,Jason Williams,Mickael Pietrus,Rashard Lewis,Vince Carter,1,6:28,ORL,shot,,,,,,,,,,Vince Carter,2,,,made,,driving layup,25,6
Brandon Rush,Mike Dunleavy,Roy Hibbert,T.J. Ford,Troy Murphy,Dwight Howard,Jason Williams,Mickael Pietrus,Rashard Lewis,Vince Carter,1,6:09,ORL,foul,,,,,,,,Troy Murphy,,Rashard Lewis,,,,,,personal,,
Brandon Rush,Mike Dunleavy,Roy Hibbert,T.J. Ford,Troy Murphy,Dwight Howard,Jason Williams,Mickael Pietrus,Ryan Anderson,Vince Carter,1,6:09,ORL,sub,,,,Ryan Anderson,,Rashard Lewis,,,,,,,,,,,,
Brandon Rush,Jeff Foster,Mike Dunleavy,T.J. Ford,Troy Murphy,Dwight Howard,Jason Williams,Mickael Pietrus,Ryan Anderson,Vince Carter,1,6:09,IND,sub,,,,Jeff Foster,,Roy Hibbert,,,,,,,,,,,,
Brandon Rush,Jeff Foster,Mike Dunleavy,T.J. Ford,Troy Murphy,Dwight Howard,Jason Williams,Mickael Pietrus,Ryan Anderson,Vince Carter,1,6:05,IND,shot,,,,,,,,,,Mike Dunleavy,2,,,made,,jump,29,24
Brandon Rush,Jeff Foster,Mike Dunleavy,T.J. Ford,Troy Murphy,Dwight Howard,Jason Williams,Mickael Pietrus,Ryan Anderson,Vince Carter,1,5:45,ORL,shot,,,Brandon Rush,,,,,,,Vince Carter,,,,missed,,jump,19,10
Brandon Rush,Jeff Foster,Mike Dunleavy,T.J. Ford,Troy Murphy,Dwight Howard,Jason Williams,Mickael Pietrus,Ryan Anderson,Vince Carter,1,5:43,IND,rebound,,,,,,,,,,T.J. Ford,,,,,,def,,
Brandon Rush,Jeff Foster,Mike Dunleavy,T.J. Ford,Troy Murphy,Dwight Howard,Jason Williams,Mickael Pietrus,Ryan Anderson,Vince Carter,1,5:40,IND,shot,,,,,,,,,,Brandon Rush,,,,missed,,3pt,36,29
Brandon Rush,Jeff Foster,Mike Dunleavy,T.J. Ford,Troy Murphy,Dwight Howard,Jason Williams,Mickael Pietrus,Ryan Anderson,Vince Carter,1,5:39,ORL,rebound,,,,,,,,,,Ryan Anderson,,,,,,def,,
Brandon Rush,Jeff Foster,Mike Dunleavy,T.J. Ford,Troy Murphy,Dwight Howard,Jason Williams,Mickael Pietrus,Ryan Anderson,Vince Carter,1,5:34,IND,foul,,,,,,,,Dwight Howard,,Jeff Foster,,,,,,personal,,
Dahntay Jones,Jeff Foster,Mike Dunleavy,T.J. Ford,Troy Murphy,Dwight Howard,Jason Williams,Mickael Pietrus,Ryan Anderson,Vince Carter,1,5:34,IND,sub,,,,Dahntay Jones,,Brandon Rush,,,,,,,,,,,,
Dahntay Jones,Jeff Foster,Mike Dunleavy,T.J. Ford,Troy Murphy,Dwight Howard,Jason Williams,Mickael Pietrus,Ryan Anderson,Vince Carter,1,5:30,IND,foul,,,,,,,,Vince Carter,,Dahntay Jones,,,,,,personal,,
Dahntay Jones,Jeff Foster,Mike Dunleavy,T.J. Ford,Troy Murphy,Dwight Howard,Jason Williams,Mickael Pietrus,Ryan Anderson,Vince Carter,1,5:19,ORL,shot,,,,,,,,,,Jason Williams,,,,missed,,3pt,18,31
Dahntay Jones,Jeff Foster,Mike Dunleavy,T.J. Ford,Troy Murphy,Dwight Howard,Jason Williams,Mickael Pietrus,Ryan Anderson,Vince Carter,1,5:16,ORL,rebound,,,,,,,,,,Dwight Howard,,,,,,off,,
Dahntay Jones,Jeff Foster,Mike Dunleavy,T.J. Ford,Troy Murphy,Dwight Howard,Jason Williams,Mickael Pietrus,Ryan Anderson,Vince Carter,1,5:16,ORL,shot,,,,,,,,,,Dwight Howard,,,,missed,,tip,25,6
Dahntay Jones,Jeff Foster,Mike Dunleavy,T.J. Ford,Troy Murphy,Dwight Howard,Jason Williams,Mickael Pietrus,Ryan Anderson,Vince Carter,1,5:15,IND,rebound,,,,,,,,,,Jeff Foster,,,,,,def,,
Dahntay Jones,Jeff Foster,Mike Dunleavy,T.J. Ford,Troy Murphy,Dwight Howard,Jason Williams,Mickael Pietrus,Ryan Anderson,Vince Carter,1,5:01,IND,shot,,,,,,,,,,Mike Dunleavy,2,,,made,,jump,32,25
Dahntay Jones,Jeff Foster,Mike Dunleavy,T.J. Ford,Troy Murphy,Dwight Howard,Jason Williams,Mickael Pietrus,Ryan Anderson,Vince Carter,1,4:35,ORL,shot,,,,,,,,,,Mickael Pietrus,,,,missed,,3pt,17,31
Dahntay Jones,Jeff Foster,Mike Dunleavy,T.J. Ford,Troy Murphy,Dwight Howard,Jason Williams,Mickael Pietrus,Ryan Anderson,Vince Carter,1,4:34,IND,rebound,,,,,,,,,,Troy Murphy,,,,,,def,,
Dahntay Jones,Jeff Foster,Mike Dunleavy,T.J. Ford,Troy Murphy,Dwight Howard,Jason Williams,Mickael Pietrus,Ryan Anderson,Vince Carter,1,4:27,IND,shot,,,,,,,,,,Troy Murphy,,,,missed,,3pt,32,31
Dahntay Jones,Jeff Foster,Mike Dunleavy,T.J. Ford,Troy Murphy,Dwight Howard,Jason Williams,Mickael Pietrus,Ryan Anderson,Vince Carter,1,4:25,ORL,rebound,,,,,,,,,,Vince Carter,,,,,,def,,
Dahntay Jones,Jeff Foster,Mike Dunleavy,T.J. Ford,Troy Murphy,Dwight Howard,Jason Williams,Mickael Pietrus,Ryan Anderson,Vince Carter,1,4:18,ORL,shot,,,,,,,,,,Vince Carter,2,,,made,,driving reverse layup,25,6
Dahntay Jones,Jeff Foster,Mike Dunleavy,T.J. Ford,Troy Murphy,Dwight Howard,Jason Williams,Mickael Pietrus,Ryan Anderson,Vince Carter,1,3:56,IND,shot,,,,,,,,,,Troy Murphy,2,,,made,,jump,6,9
Dahntay Jones,Jeff Foster,Mike Dunleavy,T.J. Ford,Troy Murphy,Dwight Howard,Jason Williams,Mickael Pietrus,Ryan Anderson,Vince Carter,1,3:37,ORL,shot,,,,,,,,,,Vince Carter,2,,,made,,floating jump,21,15
Dahntay Jones,Jeff Foster,Mike Dunleavy,T.J. Ford,Troy Murphy,Dwight Howard,Jason Williams,Mickael Pietrus,Ryan Anderson,Vince Carter,1,3:26,IND,shot,,,,,,,,,,Mike Dunleavy,,,,missed,,3pt,15,29
Dahntay Jones,Jeff Foster,Mike Dunleavy,T.J. Ford,Troy Murphy,Dwight Howard,Jason Williams,Mickael Pietrus,Ryan Anderson,Vince Carter,1,3:25,ORL,rebound,,,,,,,,,,Dwight Howard,,,,,,def,,
Dahntay Jones,Jeff Foster,Mike Dunleavy,T.J. Ford,Troy Murphy,Dwight Howard,Jason Williams,Mickael Pietrus,Ryan Anderson,Vince Carter,1,3:15,ORL,shot,,,,,,,,,,Ryan Anderson,,,,missed,,3pt,37,28
Dahntay Jones,Jeff Foster,Mike Dunleavy,T.J. Ford,Troy Murphy,Dwight Howard,Jason Williams,Mickael Pietrus,Ryan Anderson,Vince Carter,1,3:14,ORL,rebound,,,,,,,,,,,,,,,,,,
Dahntay Jones,Jeff Foster,Mike Dunleavy,T.J. Ford,Troy Murphy,Dwight Howard,Jason Williams,Mickael Pietrus,Ryan Anderson,Vince Carter,1,3:14,IND,foul,,,,,,,,Dwight Howard,,Jeff Foster,,,,,,loose ball,,
Dahntay Jones,Earl Watson,Jeff Foster,T.J. Ford,Troy Murphy,Dwight Howard,Jason Williams,Mickael Pietrus,Ryan Anderson,Vince Carter,1,3:14,IND,sub,,,,Earl Watson,,Mike Dunleavy,,,,,,,,,,,,
Brandon Rush,Dahntay Jones,Earl Watson,Jeff Foster,T.J. Ford,Dwight Howard,Jason Williams,Mickael Pietrus,Ryan Anderson,Vince Carter,1,3:14,IND,sub,,,,Brandon Rush,,Troy Murphy,,,,,,,,,,,,
Brandon Rush,Dahntay Jones,Earl Watson,Jeff Foster,Tyler Hansbrough,Dwight Howard,Jason Williams,Mickael Pietrus,Ryan Anderson,Vince Carter,1,3:14,IND,sub,,,,Tyler Hansbrough,,T.J. Ford,,,,,,,,,,,,
Brandon Rush,Dahntay Jones,Earl Watson,Jeff Foster,Tyler Hansbrough,Anthony Johnson,Dwight Howard,Mickael Pietrus,Ryan Anderson,Vince Carter,1,3:14,ORL,sub,,,,Anthony Johnson,,Jason Williams,,,,,,,,,,,,
Brandon Rush,Dahntay Jones,Earl Watson,Jeff Foster,Tyler Hansbrough,Anthony Johnson,Dwight Howard,Mickael Pietrus,Ryan Anderson,Vince Carter,1,3:14,ORL,free throw,,,,,,,1,,2,Dwight Howard,,,foul,missed,,,,
Brandon Rush,Dahntay Jones,Earl Watson,Jeff Foster,Tyler Hansbrough,Anthony Johnson,Dwight Howard,Mickael Pietrus,Ryan Anderson,Vince Carter,1,3:14,ORL,rebound,,,,,,,,,,,,,,,,,,
Brandon Rush,Dahntay Jones,Earl Watson,Jeff Foster,Tyler Hansbrough,Anthony Johnson,Dwight Howard,Mickael Pietrus,Ryan Anderson,Vince Carter,1,3:14,ORL,free throw,,,,,,,2,,2,Dwight Howard,,,foul,made,,,,
Brandon Rush,Dahntay Jones,Earl Watson,Jeff Foster,Tyler Hansbrough,Anthony Johnson,Dwight Howard,Mickael Pietrus,Ryan Anderson,Vince Carter,1,3:04,IND,turnover,,,,,,,,,,Tyler Hansbrough,,,traveling,,,,,
Brandon Rush,Dahntay Jones,Earl Watson,Jeff Foster,Tyler Hansbrough,Anthony Johnson,Dwight Howard,Mickael Pietrus,Ryan Anderson,Vince Carter,1,2:47,ORL,shot,,,,,,,,,,Dwight Howard,,,,missed,,layup,25,6
Brandon Rush,Dahntay Jones,Earl Watson,Jeff Foster,Tyler Hansbrough,Anthony Johnson,Dwight Howard,Mickael Pietrus,Ryan Anderson,Vince Carter,1,2:45,ORL,rebound,,,,,,,,,,Dwight Howard,,,,,,off,,
Brandon Rush,Dahntay Jones,Earl Watson,Jeff Foster,Tyler Hansbrough,Anthony Johnson,Dwight Howard,Mickael Pietrus,Ryan Anderson,Vince Carter,1,2:44,IND,foul,,,,,,,,Dwight Howard,,Earl Watson,,,,,,shooting,,
Brandon Rush,Dahntay Jones,Earl Watson,Jeff Foster,Tyler Hansbrough,Anthony Johnson,Dwight Howard,Mickael Pietrus,Ryan Anderson,Vince Carter,1,2:44,IND,timeout,,,,,,,,,,,,,,,,regular,,
Brandon Rush,Dahntay Jones,Earl Watson,Solomon Jones,Tyler Hansbrough,Anthony Johnson,Dwight Howard,Mickael Pietrus,Ryan Anderson,Vince Carter,1,2:44,IND,sub,,,,Solomon Jones,,Jeff Foster,,,,,,,,,,,,
Brandon Rush,Dahntay Jones,Earl Watson,Solomon Jones,Tyler Hansbrough,Anthony Johnson,Dwight Howard,Mickael Pietrus,Ryan Anderson,Vince Carter,1,2:44,ORL,free throw,,,,,,,1,,2,Dwight Howard,,,foul,missed,,,,
Brandon Rush,Dahntay Jones,Earl Watson,Solomon Jones,Tyler Hansbrough,Anthony Johnson,Dwight Howard,Mickael Pietrus,Ryan Anderson,Vince Carter,1,2:44,ORL,rebound,,,,,,,,,,,,,,,,,,
Brandon Rush,Dahntay Jones,Earl Watson,Solomon Jones,Tyler Hansbrough,Anthony Johnson,Dwight Howard,Mickael Pietrus,Ryan Anderson,Vince Carter,1,2:44,ORL,free throw,,,,,,,2,,2,Dwight Howard,,,foul,missed,,,,
Brandon Rush,Dahntay Jones,Earl Watson,Solomon Jones,Tyler Hansbrough,Anthony Johnson,Dwight Howard,Mickael Pietrus,Ryan Anderson,Vince Carter,1,2:44,IND,rebound,,,,,,,,,,Tyler Hansbrough,,,,,,def,,
Brandon Rush,Dahntay Jones,Earl Watson,Solomon Jones,Tyler Hansbrough,Anthony Johnson,Dwight Howard,Mickael Pietrus,Ryan Anderson,Vince Carter,1,2:33,IND,shot,Earl Watson,,,,,,,,,Dahntay Jones,2,,,made,,alley oop dunk,25,6
Brandon Rush,Dahntay Jones,Earl Watson,Solomon Jones,Tyler Hansbrough,Anthony Johnson,Dwight Howard,Mickael Pietrus,Ryan Anderson,Vince Carter,1,2:15,ORL,shot,,,Brandon Rush,,,,,,,Vince Carter,,,,missed,,turnaround jump,34,9
Brandon Rush,Dahntay Jones,Earl Watson,Solomon Jones,Tyler Hansbrough,Anthony Johnson,Dwight Howard,Mickael Pietrus,Ryan Anderson,Vince Carter,1,2:15,ORL,rebound,,,,,,,,,,,,,,,,,,
Brandon Rush,Dahntay Jones,Earl Watson,Solomon Jones,Tyler Hansbrough,Anthony Johnson,Dwight Howard,Mickael Pietrus,Ryan Anderson,Vince Carter,1,2:11,ORL,shot,,,,,,,,,,Vince Carter,,,,missed,,fade away jumper,35,22
Brandon Rush,Dahntay Jones,Earl Watson,Solomon Jones,Tyler Hansbrough,Anthony Johnson,Dwight Howard,Mickael Pietrus,Ryan Anderson,Vince Carter,1,2:10,IND,rebound,,,,,,,,,,Tyler Hansbrough,,,,,,def,,
Brandon Rush,Dahntay Jones,Earl Watson,Solomon Jones,Tyler Hansbrough,Anthony Johnson,Dwight Howard,Mickael Pietrus,Ryan Anderson,Vince Carter,1,1:45,IND,shot,,,,,,,,,,Earl Watson,,,,missed,,3pt,15,30
Brandon Rush,Dahntay Jones,Earl Watson,Solomon Jones,Tyler Hansbrough,Anthony Johnson,Dwight Howard,Mickael Pietrus,Ryan Anderson,Vince Carter,1,1:44,ORL,rebound,,,,,,,,,,Vince Carter,,,,,,def,,
Brandon Rush,Dahntay Jones,Earl Watson,Solomon Jones,Tyler Hansbrough,Anthony Johnson,Dwight Howard,Mickael Pietrus,Ryan Anderson,Vince Carter,1,1:34,ORL,shot,Anthony Johnson,,,,,,,,,Vince Carter,3,,,made,,3pt,17,32
Brandon Rush,Dahntay Jones,Earl Watson,Solomon Jones,Tyler Hansbrough,Anthony Johnson,Dwight Howard,Mickael Pietrus,Ryan Anderson,Vince Carter,1,1:17,IND,shot,,,,,,,,,,Dahntay Jones,,,,missed,,jump,31,23
Brandon Rush,Dahntay Jones,Earl Watson,Solomon Jones,Tyler Hansbrough,Anthony Johnson,Dwight Howard,Mickael Pietrus,Ryan Anderson,Vince Carter,1,1:16,ORL,rebound,,,,,,,,,,Anthony Johnson,,,,,,def,,
Brandon Rush,Dahntay Jones,Earl Watson,Solomon Jones,Tyler Hansbrough,Anthony Johnson,Dwight Howard,Mickael Pietrus,Ryan Anderson,Vince Carter,1,1:11,ORL,shot,Anthony Johnson,,,,,,,,,Vince Carter,3,,,made,,3pt,40,26
Brandon Rush,Dahntay Jones,Earl Watson,Solomon Jones,Tyler Hansbrough,Anthony Johnson,Dwight Howard,Mickael Pietrus,Ryan Anderson,Vince Carter,1,0:47,IND,shot,Earl Watson,,,,,,,,,Brandon Rush,3,,,made,,3pt,43,23
Brandon Rush,Dahntay Jones,Earl Watson,Solomon Jones,Tyler Hansbrough,Anthony Johnson,Dwight Howard,Mickael Pietrus,Ryan Anderson,Vince Carter,1,0:32,ORL,shot,,,,,,,,,,Mickael Pietrus,,,,missed,,jump,24,28
Brandon Rush,Dahntay Jones,Earl Watson,Solomon Jones,Tyler Hansbrough,Anthony Johnson,Dwight Howard,Mickael Pietrus,Ryan Anderson,Vince Carter,1,0:31,IND,rebound,,,,,,,,,,Tyler Hansbrough,,,,,,def,,
Brandon Rush,Dahntay Jones,Earl Watson,Solomon Jones,Tyler Hansbrough,Anthony Johnson,Dwight Howard,Mickael Pietrus,Ryan Anderson,Vince Carter,1,0:27,ORL,foul,,,,,,,,Brandon Rush,,Mickael Pietrus,,,,,,personal,,
Brandon Rush,Dahntay Jones,Earl Watson,Solomon Jones,Tyler Hansbrough,Anthony Johnson,Dwight Howard,Mickael Pietrus,Ryan Anderson,Vince Carter,1,0:11,IND,shot,Dahntay Jones,,,,,,,,,Solomon Jones,2,,,made,,layup,25,6
Brandon Rush,Dahntay Jones,Earl Watson,Solomon Jones,Tyler Hansbrough,Anthony Johnson,Dwight Howard,Mickael Pietrus,Ryan Anderson,Vince Carter,1,0:11,ORL,foul,,,,,,,,Solomon Jones,,Mickael Pietrus,,,,,,shooting,,
Brandon Rush,Dahntay Jones,Earl Watson,Solomon Jones,Tyler Hansbrough,Anthony Johnson,Dwight Howard,Mickael Pietrus,Ryan Anderson,Vince Carter,1,0:11,IND,free throw,,,,,,,1,,1,Solomon Jones,,,foul,missed,,,,
Brandon Rush,Dahntay Jones,Earl Watson,Solomon Jones,Tyler Hansbrough,Anthony Johnson,Dwight Howard,Mickael Pietrus,Ryan Anderson,Vince Carter,1,0:10,ORL,rebound,,,,,,,,,,Dwight Howard,,,,,,def,,
Brandon Rush,Dahntay Jones,Earl Watson,Solomon Jones,Tyler Hansbrough,Anthony Johnson,Dwight Howard,Mickael Pietrus,Ryan Anderson,Vince Carter,1,0:00,ORL,shot,,,,,,,,,,Vince Carter,,,,missed,,fade away jumper,16,24
Brandon Rush,Dahntay Jones,Earl Watson,Solomon Jones,Tyler Hansbrough,Anthony Johnson,Dwight Howard,Mickael Pietrus,Ryan Anderson,Vince Carter,1,0:00,ORL,rebound,,,,,,,,,,Dwight Howard,,,,,,off,,
Brandon Rush,Dahntay Jones,Earl Watson,Solomon Jones,Tyler Hansbrough,Anthony Johnson,J.J. Redick,Marcin Gortat,Matt Barnes,Ryan Anderson,2,11:40,IND,shot,,,,,,,,,,Tyler Hansbrough,,,,missed,,jump,23,26
Brandon Rush,Dahntay Jones,Earl Watson,Solomon Jones,Tyler Hansbrough,Anthony Johnson,J.J. Redick,Marcin Gortat,Matt Barnes,Ryan Anderson,2,11:38,IND,rebound,,,,,,,,,,Tyler Hansbrough,,,,,,off,,
Brandon Rush,Dahntay Jones,Earl Watson,Solomon Jones,Tyler Hansbrough,Anthony Johnson,J.J. Redick,Marcin Gortat,Matt Barnes,Ryan Anderson,2,11:36,IND,shot,Tyler Hansbrough,,,,,,,,,Solomon Jones,2,,,made,,layup,25,6
Brandon Rush,Dahntay Jones,Earl Watson,Solomon Jones,Tyler Hansbrough,Anthony Johnson,J.J. Redick,Marcin Gortat,Matt Barnes,Ryan Anderson,2,11:36,ORL,foul,,,,,,,,Solomon Jones,,Anthony Johnson,,,,,,shooting,,
Brandon Rush,Dahntay Jones,Earl Watson,Solomon Jones,Tyler Hansbrough,Anthony Johnson,J.J. Redick,Marcin Gortat,Matt Barnes,Ryan Anderson,2,11:36,IND,free throw,,,,,,,1,,1,Solomon Jones,,,foul,made,,,,
Brandon Rush,Dahntay Jones,Earl Watson,Solomon Jones,Tyler Hansbrough,Anthony Johnson,J.J. Redick,Marcin Gortat,Matt Barnes,Ryan Anderson,2,11:19,ORL,shot,,,,,,,,,,Anthony Johnson,,,,missed,,3pt,48,9
Brandon Rush,Dahntay Jones,Earl Watson,Solomon Jones,Tyler Hansbrough,Anthony Johnson,J.J. Redick,Marcin Gortat,Matt Barnes,Ryan Anderson,2,11:17,IND,rebound,,,,,,,,,,Brandon Rush,,,,,,def,,
Brandon Rush,Dahntay Jones,Earl Watson,Solomon Jones,Tyler Hansbrough,Anthony Johnson,J.J. Redick,Marcin Gortat,Matt Barnes,Ryan Anderson,2,11:10,ORL,foul,,,,,,,,,,Marcin Gortat,,,,,,defense 3 second,,
Brandon Rush,Dahntay Jones,Earl Watson,Solomon Jones,Tyler Hansbrough,Anthony Johnson,J.J. Redick,Marcin Gortat,Matt Barnes,Ryan Anderson,2,11:10,IND,free throw,,,,,,,1,,1,Dahntay Jones,,,technical,made,,,,
Brandon Rush,Dahntay Jones,Earl Watson,Solomon Jones,Tyler Hansbrough,Anthony Johnson,J.J. Redick,Marcin Gortat,Matt Barnes,Ryan Anderson,2,10:56,IND,shot,,,,,,,,,,Tyler Hansbrough,,,,missed,,hook,29,14
Brandon Rush,Dahntay Jones,Earl Watson,Solomon Jones,Tyler Hansbrough,Anthony Johnson,J.J. Redick,Marcin Gortat,Matt Barnes,Ryan Anderson,2,10:54,ORL,rebound,,,,,,,,,,Ryan Anderson,,,,,,def,,
Brandon Rush,Dahntay Jones,Earl Watson,Solomon Jones,Tyler Hansbrough,Anthony Johnson,J.J. Redick,Marcin Gortat,Matt Barnes,Ryan Anderson,2,10:49,ORL,shot,,,,,,,,,,Matt Barnes,,,,missed,,jump,9,14
Brandon Rush,Dahntay Jones,Earl Watson,Solomon Jones,Tyler Hansbrough,Anthony Johnson,J.J. Redick,Marcin Gortat,Matt Barnes,Ryan Anderson,2,10:49,IND,rebound,,,,,,,,,,,,,,,,,,
Brandon Rush,Dahntay Jones,Earl Watson,Solomon Jones,Tyler Hansbrough,Anthony Johnson,J.J. Redick,Marcin Gortat,Matt Barnes,Ryan Anderson,2,10:37,IND,turnover,,,,,,,,,,Earl Watson,,,bad pass,,Marcin Gortat,,,
Brandon Rush,Dahntay Jones,Earl Watson,Solomon Jones,Tyler Hansbrough,Anthony Johnson,J.J. Redick,Marcin Gortat,Matt Barnes,Ryan Anderson,2,10:37,IND,foul,,,,,,,,J.J. Redick,,Tyler Hansbrough,,,,,,personal,,
Brandon Rush,Dahntay Jones,Earl Watson,Solomon Jones,Tyler Hansbrough,Anthony Johnson,J.J. Redick,Marcin Gortat,Matt Barnes,Ryan Anderson,2,10:20,ORL,shot,J.J. Redick,,,,,,,,,Matt Barnes,2,,,made,,driving layup,25,6
Brandon Rush,Dahntay Jones,Earl Watson,Solomon Jones,Tyler Hansbrough,Anthony Johnson,J.J. Redick,Marcin Gortat,Matt Barnes,Ryan Anderson,2,10:04,IND,shot,Dahntay Jones,,,,,,,,,Solomon Jones,2,,,made,,jump,24,22
Brandon Rush,Dahntay Jones,Earl Watson,Solomon Jones,Tyler Hansbrough,Anthony Johnson,J.J. Redick,Marcin Gortat,Matt Barnes,Ryan Anderson,2,9:50,ORL,shot,Matt Barnes,,,,,,,,,J.J. Redick,3,,,made,,3pt,33,30
Brandon Rush,Dahntay Jones,Earl Watson,Solomon Jones,Tyler Hansbrough,Anthony Johnson,J.J. Redick,Marcin Gortat,Matt Barnes,Ryan Anderson,2,9:31,IND,shot,,,,,,,,,,Tyler Hansbrough,,,,missed,,jump,32,11
Brandon Rush,Dahntay Jones,Earl Watson,Solomon Jones,Tyler Hansbrough,Anthony Johnson,J.J. Redick,Marcin Gortat,Matt Barnes,Ryan Anderson,2,9:30,ORL,rebound,,,,,,,,,,Marcin Gortat,,,,,,def,,
Brandon Rush,Dahntay Jones,Earl Watson,Solomon Jones,Tyler Hansbrough,Anthony Johnson,J.J. Redick,Marcin Gortat,Matt Barnes,Ryan Anderson,2,9:22,ORL,shot,J.J. Redick,,,,,,,,,Marcin Gortat,2,,,made,,layup,25,6
Brandon Rush,Dahntay Jones,Earl Watson,Solomon Jones,Tyler Hansbrough,Anthony Johnson,J.J. Redick,Marcin Gortat,Matt Barnes,Ryan Anderson,2,9:14,IND,turnover,,,,,,,,,,Dahntay Jones,,,bad pass,,,,,
Brandon Rush,Dahntay Jones,Earl Watson,Solomon Jones,Tyler Hansbrough,Anthony Johnson,J.J. Redick,Marcin Gortat,Matt Barnes,Ryan Anderson,2,8:57,ORL,shot,,,,,,,,,,J.J. Redick,,,,missed,,jump,35,23
Brandon Rush,Dahntay Jones,Earl Watson,Solomon Jones,Tyler Hansbrough,Anthony Johnson,J.J. Redick,Marcin Gortat,Matt Barnes,Ryan Anderson,2,8:56,IND,rebound,,,,,,,,,,Dahntay Jones,,,,,,def,,
Brandon Rush,Dahntay Jones,Earl Watson,Solomon Jones,Tyler Hansbrough,Anthony Johnson,J.J. Redick,Marcin Gortat,Matt Barnes,Ryan Anderson,2,8:52,IND,timeout,,,,,,,,,,,,,,,,regular,,
Dahntay Jones,Earl Watson,Solomon Jones,Troy Murphy,Tyler Hansbrough,Anthony Johnson,J.J. Redick,Marcin Gortat,Matt Barnes,Ryan Anderson,2,8:52,IND,sub,,,,Troy Murphy,,Brandon Rush,,,,,,,,,,,,
Dahntay Jones,Earl Watson,Mike Dunleavy,Troy Murphy,Tyler Hansbrough,Anthony Johnson,J.J. Redick,Marcin Gortat,Matt Barnes,Ryan Anderson,2,8:52,IND,sub,,,,Mike Dunleavy,,Solomon Jones,,,,,,,,,,,,
Dahntay Jones,Earl Watson,Mike Dunleavy,Troy Murphy,Tyler Hansbrough,Anthony Johnson,J.J. Redick,Marcin Gortat,Matt Barnes,Ryan Anderson,2,8:48,IND,shot,Tyler Hansbrough,,,,,,,,,Mike Dunleavy,2,,,made,,layup,25,6
Dahntay Jones,Earl Watson,Mike Dunleavy,Troy Murphy,Tyler Hansbrough,Anthony Johnson,J.J. Redick,Marcin Gortat,Matt Barnes,Ryan Anderson,2,8:30,ORL,shot,,,,,,,,,,Matt Barnes,2,,,made,,driving layup,25,6
Dahntay Jones,Earl Watson,Mike Dunleavy,Troy Murphy,Tyler Hansbrough,Anthony Johnson,J.J. Redick,Marcin Gortat,Matt Barnes,Ryan Anderson,2,8:10,IND,shot,,,,,,,,,,Tyler Hansbrough,,,,missed,,jump,38,19
Dahntay Jones,Earl Watson,Mike Dunleavy,Troy Murphy,Tyler Hansbrough,Anthony Johnson,J.J. Redick,Marcin Gortat,Matt Barnes,Ryan Anderson,2,8:08,ORL,rebound,,,,,,,,,,J.J. Redick,,,,,,def,,
Dahntay Jones,Earl Watson,Mike Dunleavy,Troy Murphy,Tyler Hansbrough,Anthony Johnson,J.J. Redick,Marcin Gortat,Matt Barnes,Ryan Anderson,2,8:02,ORL,shot,J.J. Redick,,,,,,,,,Anthony Johnson,2,,,made,,driving layup,25,6
Dahntay Jones,Earl Watson,Mike Dunleavy,Troy Murphy,Tyler Hansbrough,Anthony Johnson,J.J. Redick,Marcin Gortat,Matt Barnes,Ryan Anderson,2,7:46,IND,turnover,,,,,,,,,,Troy Murphy,,,bad pass,,,,,
Dahntay Jones,Mike Dunleavy,T.J. Ford,Troy Murphy,Tyler Hansbrough,Anthony Johnson,J.J. Redick,Marcin Gortat,Matt Barnes,Ryan Anderson,2,7:46,IND,sub,,,,T.J. Ford,,Earl Watson,,,,,,,,,,,,
Dahntay Jones,Mike Dunleavy,Roy Hibbert,T.J. Ford,Troy Murphy,Anthony Johnson,J.J. Redick,Marcin Gortat,Matt Barnes,Ryan Anderson,2,7:46,IND,sub,,,,Roy Hibbert,,Tyler Hansbrough,,,,,,,,,,,,
Dahntay Jones,Mike Dunleavy,Roy Hibbert,T.J. Ford,Troy Murphy,Anthony Johnson,J.J. Redick,Marcin Gortat,Matt Barnes,Rashard Lewis,2,7:46,ORL,sub,,,,Rashard Lewis,,Ryan Anderson,,,,,,,,,,,,
Dahntay Jones,Mike Dunleavy,Roy Hibbert,T.J. Ford,Troy Murphy,Anthony Johnson,J.J. Redick,Marcin Gortat,Matt Barnes,Rashard Lewis,2,7:28,ORL,shot,,,,,,,,,,Rashard Lewis,,,,missed,,3pt,10,26
Dahntay Jones,Mike Dunleavy,Roy Hibbert,T.J. Ford,Troy Murphy,Anthony Johnson,J.J. Redick,Marcin Gortat,Matt Barnes,Rashard Lewis,2,7:27,IND,rebound,,,,,,,,,,T.J. Ford,,,,,,def,,
Dahntay Jones,Mike Dunleavy,Roy Hibbert,T.J. Ford,Troy Murphy,Anthony Johnson,J.J. Redick,Marcin Gortat,Matt Barnes,Rashard Lewis,2,7:13,IND,shot,,,,,,,,,,T.J. Ford,2,,,made,,jump,27,16
Dahntay Jones,Mike Dunleavy,Roy Hibbert,T.J. Ford,Troy Murphy,Anthony Johnson,J.J. Redick,Marcin Gortat,Matt Barnes,Rashard Lewis,2,6:59,IND,foul,,,,,,,,J.J. Redick,,Dahntay Jones,,,,,,personal,,
Dahntay Jones,Mike Dunleavy,Roy Hibbert,T.J. Ford,Troy Murphy,Anthony Johnson,J.J. Redick,Marcin Gortat,Matt Barnes,Rashard Lewis,2,6:47,ORL,shot,,,,,,,,,,Rashard Lewis,,,,missed,,running jump,19,11
Dahntay Jones,Mike Dunleavy,Roy Hibbert,T.J. Ford,Troy Murphy,Anthony Johnson,J.J. Redick,Marcin Gortat,Matt Barnes,Rashard Lewis,2,6:47,IND,rebound,,,,,,,,,,,,,,,,,,
Dahntay Jones,Mike Dunleavy,Roy Hibbert,T.J. Ford,Troy Murphy,Anthony Johnson,J.J. Redick,Marcin Gortat,Matt Barnes,Rashard Lewis,2,6:31,IND,shot,,,,,,,,,,T.J. Ford,2,,,made,,jump,27,14
Dahntay Jones,Mike Dunleavy,Roy Hibbert,T.J. Ford,Troy Murphy,Anthony Johnson,J.J. Redick,Marcin Gortat,Matt Barnes,Rashard Lewis,2,6:20,ORL,shot,,,,,,,,,,Anthony Johnson,2,,,made,,jump,36,15
Dahntay Jones,Mike Dunleavy,Roy Hibbert,T.J. Ford,Troy Murphy,Anthony Johnson,J.J. Redick,Marcin Gortat,Matt Barnes,Rashard Lewis,2,6:10,ORL,foul,,,,,,,,Dahntay Jones,,J.J. Redick,,,,,,personal,,
Dahntay Jones,Mike Dunleavy,Roy Hibbert,T.J. Ford,Troy Murphy,Anthony Johnson,Dwight Howard,J.J. Redick,Matt Barnes,Rashard Lewis,2,6:10,ORL,sub,,,,Dwight Howard,,Marcin Gortat,,,,,,,,,,,,
Dahntay Jones,Mike Dunleavy,Roy Hibbert,T.J. Ford,Troy Murphy,Anthony Johnson,Dwight Howard,J.J. Redick,Matt Barnes,Rashard Lewis,2,6:05,IND,shot,Roy Hibbert,,,,,,,,,Mike Dunleavy,2,,,made,,layup,25,6
Dahntay Jones,Mike Dunleavy,Roy Hibbert,T.J. Ford,Troy Murphy,Anthony Johnson,Dwight Howard,J.J. Redick,Matt Barnes,Rashard Lewis,2,5:51,ORL,shot,Anthony Johnson,,,,,,,,,J.J. Redick,3,,,made,,3pt,45,22
Dahntay Jones,Mike Dunleavy,Roy Hibbert,T.J. Ford,Troy Murphy,Anthony Johnson,Dwight Howard,J.J. Redick,Matt Barnes,Rashard Lewis,2,5:42,IND,shot,,,,,,,,,,Troy Murphy,,,,missed,,fade away jumper,14,11
Dahntay Jones,Mike Dunleavy,Roy Hibbert,T.J. Ford,Troy Murphy,Anthony Johnson,Dwight Howard,J.J. Redick,Matt Barnes,Rashard Lewis,2,5:41,ORL,rebound,,,,,,,,,,Matt Barnes,,,,,,def,,
Dahntay Jones,Mike Dunleavy,Roy Hibbert,T.J. Ford,Troy Murphy,Anthony Johnson,Dwight Howard,J.J. Redick,Matt Barnes,Rashard Lewis,2,5:35,IND,foul,,,,,,,,Dwight Howard,,Roy Hibbert,,,,,,personal,,
Dahntay Jones,Mike Dunleavy,Roy Hibbert,T.J. Ford,Troy Murphy,Anthony Johnson,Dwight Howard,J.J. Redick,Matt Barnes,Rashard Lewis,2,5:35,ORL,timeout,,,,,,,,,,,,,,,,official,,
Dahntay Jones,Mike Dunleavy,Solomon Jones,T.J. Ford,Troy Murphy,Anthony Johnson,Dwight Howard,J.J. Redick,Matt Barnes,Rashard Lewis,2,5:35,IND,sub,,,,Solomon Jones,,Roy Hibbert,,,,,,,,,,,,
Dahntay Jones,Mike Dunleavy,Solomon Jones,T.J. Ford,Troy Murphy,Anthony Johnson,Dwight Howard,J.J. Redick,Matt Barnes,Rashard Lewis,2,5:27,ORL,shot,Anthony Johnson,,,,,,,,,Dwight Howard,2,,,made,,slam dunk,25,6
Dahntay Jones,Mike Dunleavy,Solomon Jones,T.J. Ford,Troy Murphy,Anthony Johnson,Dwight Howard,J.J. Redick,Matt Barnes,Rashard Lewis,2,5:27,IND,foul,,,,,,,,Dwight Howard,,T.J. Ford,,,,,,shooting,,
Dahntay Jones,Mike Dunleavy,Solomon Jones,T.J. Ford,Troy Murphy,Anthony Johnson,Dwight Howard,J.J. Redick,Matt Barnes,Rashard Lewis,2,5:27,ORL,free throw,,,,,,,1,,1,Dwight Howard,,,foul,missed,,,,
Dahntay Jones,Mike Dunleavy,Solomon Jones,T.J. Ford,Troy Murphy,Anthony Johnson,Dwight Howard,J.J. Redick,Matt Barnes,Rashard Lewis,2,5:26,IND,rebound,,,,,,,,,,Solomon Jones,,,,,,def,,
Dahntay Jones,Mike Dunleavy,Solomon Jones,T.J. Ford,Troy Murphy,Anthony Johnson,Dwight Howard,J.J. Redick,Matt Barnes,Rashard Lewis,2,5:04,IND,shot,,,,,,,,,,Dahntay Jones,,,,missed,,jump,19,25
Dahntay Jones,Mike Dunleavy,Solomon Jones,T.J. Ford,Troy Murphy,Anthony Johnson,Dwight Howard,J.J. Redick,Matt Barnes,Rashard Lewis,2,5:03,IND,rebound,,,,,,,,,,,,,,,,,,
Dahntay Jones,Mike Dunleavy,Solomon Jones,T.J. Ford,Troy Murphy,Anthony Johnson,Dwight Howard,J.J. Redick,Matt Barnes,Rashard Lewis,2,4:50,IND,shot,,,,,,,,,,T.J. Ford,,,,missed,,jump,11,18
Dahntay Jones,Mike Dunleavy,Solomon Jones,T.J. Ford,Troy Murphy,Anthony Johnson,Dwight Howard,J.J. Redick,Matt Barnes,Rashard Lewis,2,4:49,ORL,rebound,,,,,,,,,,Dwight Howard,,,,,,def,,
Dahntay Jones,Mike Dunleavy,Solomon Jones,T.J. Ford,Troy Murphy,Anthony Johnson,Dwight Howard,J.J. Redick,Matt Barnes,Rashard Lewis,2,4:47,IND,foul,,,,,,,,J.J. Redick,,T.J. Ford,,,,,,shooting,,
Dahntay Jones,Mike Dunleavy,Solomon Jones,T.J. Ford,Troy Murphy,Anthony Johnson,Dwight Howard,J.J. Redick,Matt Barnes,Rashard Lewis,2,4:47,ORL,free throw,,,,,,,1,,2,J.J. Redick,,,foul,made,,,,
Brandon Rush,Mike Dunleavy,Solomon Jones,T.J. Ford,Troy Murphy,Anthony Johnson,Dwight Howard,J.J. Redick,Matt Barnes,Rashard Lewis,2,4:47,IND,sub,,,,Brandon Rush,,Dahntay Jones,,,,,,,,,,,,
Brandon Rush,Mike Dunleavy,Solomon Jones,T.J. Ford,Troy Murphy,Anthony Johnson,Dwight Howard,J.J. Redick,Matt Barnes,Rashard Lewis,2,4:47,ORL,free throw,,,,,,,2,,2,J.J. Redick,,,foul,made,,,,
Brandon Rush,Mike Dunleavy,Solomon Jones,T.J. Ford,Troy Murphy,Anthony Johnson,Dwight Howard,J.J. Redick,Matt Barnes,Rashard Lewis,2,4:28,IND,shot,,,,,,,,,,Solomon Jones,,,,missed,,jump,31,15
Brandon Rush,Mike Dunleavy,Solomon Jones,T.J. Ford,Troy Murphy,Anthony Johnson,Dwight Howard,J.J. Redick,Matt Barnes,Rashard Lewis,2,4:26,ORL,rebound,,,,,,,,,,Dwight Howard,,,,,,def,,
Brandon Rush,Mike Dunleavy,Solomon Jones,T.J. Ford,Troy Murphy,Anthony Johnson,Dwight Howard,J.J. Redick,Matt Barnes,Rashard Lewis,2,4:19,ORL,shot,,,,,,,,,,Anthony Johnson,2,,,made,,jump,20,21
Brandon Rush,Mike Dunleavy,Solomon Jones,T.J. Ford,Troy Murphy,Anthony Johnson,Dwight Howard,J.J. Redick,Matt Barnes,Rashard Lewis,2,3:53,IND,shot,,,,,,,,,,Troy Murphy,,,,missed,,hook,33,11
Brandon Rush,Mike Dunleavy,Solomon Jones,T.J. Ford,Troy Murphy,Anthony Johnson,Dwight Howard,J.J. Redick,Matt Barnes,Rashard Lewis,2,3:52,ORL,rebound,,,,,,,,,,Anthony Johnson,,,,,,def,,
Brandon Rush,Mike Dunleavy,Solomon Jones,T.J. Ford,Troy Murphy,Anthony Johnson,Dwight Howard,J.J. Redick,Matt Barnes,Rashard Lewis,2,3:46,ORL,shot,,,,,,,,,,Anthony Johnson,,,,missed,,jump,35,12
Brandon Rush,Mike Dunleavy,Solomon Jones,T.J. Ford,Troy Murphy,Anthony Johnson,Dwight Howard,J.J. Redick,Matt Barnes,Rashard Lewis,2,3:45,IND,rebound,,,,,,,,,,Troy Murphy,,,,,,def,,
Brandon Rush,Mike Dunleavy,Solomon Jones,T.J. Ford,Troy Murphy,Anthony Johnson,Dwight Howard,J.J. Redick,Matt Barnes,Rashard Lewis,2,3:36,IND,shot,,,Dwight Howard,,,,,,,Troy Murphy,,,,missed,,fade away jumper,18,13
Brandon Rush,Mike Dunleavy,Solomon Jones,T.J. Ford,Troy Murphy,Anthony Johnson,Dwight Howard,J.J. Redick,Matt Barnes,Rashard Lewis,2,3:34,ORL,rebound,,,,,,,,,,Dwight Howard,,,,,,def,,
Brandon Rush,Mike Dunleavy,Solomon Jones,T.J. Ford,Troy Murphy,Anthony Johnson,Dwight Howard,J.J. Redick,Matt Barnes,Rashard Lewis,2,3:28,ORL,shot,,,,,,,,,,Matt Barnes,,,,missed,,3pt,2,12
Brandon Rush,Mike Dunleavy,Solomon Jones,T.J. Ford,Troy Murphy,Anthony Johnson,Dwight Howard,J.J. Redick,Matt Barnes,Rashard Lewis,2,3:27,ORL,rebound,,,,,,,,,,Dwight Howard,,,,,,off,,
Brandon Rush,Mike Dunleavy,Solomon Jones,T.J. Ford,Troy Murphy,Anthony Johnson,Dwight Howard,J.J. Redick,Matt Barnes,Rashard Lewis,2,3:26,ORL,shot,,,,,,,,,,Dwight Howard,2,,,made,,slam dunk,25,6
Brandon Rush,Mike Dunleavy,Solomon Jones,T.J. Ford,Troy Murphy,Anthony Johnson,Dwight Howard,J.J. Redick,Matt Barnes,Rashard Lewis,2,3:26,IND,foul,,,,,,,,Dwight Howard,,Solomon Jones,,,,,,shooting,,
Brandon Rush,Mike Dunleavy,Solomon Jones,T.J. Ford,Troy Murphy,Anthony Johnson,Dwight Howard,J.J. Redick,Matt Barnes,Rashard Lewis,2,3:26,ORL,free throw,,,,,,,1,,1,Dwight Howard,,,foul,made,,,,
Brandon Rush,Mike Dunleavy,Solomon Jones,T.J. Ford,Troy Murphy,Anthony Johnson,Dwight Howard,J.J. Redick,Matt Barnes,Rashard Lewis,2,3:13,IND,turnover,,,,,,,,,,Mike Dunleavy,,,lost ball,,Rashard Lewis,,,
Brandon Rush,Mike Dunleavy,Solomon Jones,T.J. Ford,Troy Murphy,Anthony Johnson,Dwight Howard,J.J. Redick,Matt Barnes,Rashard Lewis,2,3:07,IND,foul,,,,,,,,Dwight Howard,,Solomon Jones,,,,,,personal,,
Brandon Rush,Mike Dunleavy,Solomon Jones,T.J. Ford,Troy Murphy,Anthony Johnson,Dwight Howard,J.J. Redick,Matt Barnes,Rashard Lewis,2,3:07,ORL,free throw,,,,,,,1,,2,Dwight Howard,,,foul,made,,,,
Brandon Rush,Mike Dunleavy,T.J. Ford,Troy Murphy,Tyler Hansbrough,Anthony Johnson,Dwight Howard,J.J. Redick,Matt Barnes,Rashard Lewis,2,3:07,IND,sub,,,,Tyler Hansbrough,,Solomon Jones,,,,,,,,,,,,
Brandon Rush,Mike Dunleavy,T.J. Ford,Troy Murphy,Tyler Hansbrough,Anthony Johnson,Dwight Howard,J.J. Redick,Matt Barnes,Rashard Lewis,2,3:07,ORL,free throw,,,,,,,2,,2,Dwight Howard,,,foul,missed,,,,
Brandon Rush,Mike Dunleavy,T.J. Ford,Troy Murphy,Tyler Hansbrough,Anthony Johnson,Dwight Howard,J.J. Redick,Matt Barnes,Rashard Lewis,2,3:06,IND,rebound,,,,,,,,,,T.J. Ford,,,,,,def,,
Brandon Rush,Mike Dunleavy,T.J. Ford,Troy Murphy,Tyler Hansbrough,Anthony Johnson,Dwight Howard,J.J. Redick,Matt Barnes,Rashard Lewis,2,2:50,IND,turnover,,,,,,,,,,Troy Murphy,,,lost ball,,Anthony Johnson,,,
Brandon Rush,Mike Dunleavy,T.J. Ford,Troy Murphy,Tyler Hansbrough,Anthony Johnson,Dwight Howard,J.J. Redick,Matt Barnes,Rashard Lewis,2,2:45,IND,foul,,,,,,,,J.J. Redick,,Mike Dunleavy,,,,,,shooting,,
Brandon Rush,Mike Dunleavy,T.J. Ford,Troy Murphy,Tyler Hansbrough,Anthony Johnson,Dwight Howard,J.J. Redick,Matt Barnes,Rashard Lewis,2,2:45,ORL,timeout,,,,,,,,,,,,,,,,regular,,
Brandon Rush,Mike Dunleavy,T.J. Ford,Troy Murphy,Tyler Hansbrough,Anthony Johnson,Dwight Howard,J.J. Redick,Matt Barnes,Rashard Lewis,2,2:45,ORL,free throw,,,,,,,1,,2,J.J. Redick,,,foul,made,,,,
Brandon Rush,Mike Dunleavy,T.J. Ford,Troy Murphy,Tyler Hansbrough,Anthony Johnson,Dwight Howard,J.J. Redick,Matt Barnes,Rashard Lewis,2,2:45,ORL,free throw,,,,,,,2,,2,J.J. Redick,,,foul,made,,,,
Brandon Rush,Mike Dunleavy,T.J. Ford,Troy Murphy,Tyler Hansbrough,Anthony Johnson,Dwight Howard,J.J. Redick,Matt Barnes,Rashard Lewis,2,2:28,IND,turnover,,,,,,,,,,Tyler Hansbrough,,,traveling,,,,,
Brandon Rush,Mike Dunleavy,T.J. Ford,Troy Murphy,Tyler Hansbrough,Anthony Johnson,Dwight Howard,J.J. Redick,Matt Barnes,Rashard Lewis,2,2:12,IND,foul,,,,,,,,Dwight Howard,,Brandon Rush,,,,,,shooting,,
Brandon Rush,Mike Dunleavy,T.J. Ford,Troy Murphy,Tyler Hansbrough,Anthony Johnson,Dwight Howard,J.J. Redick,Matt Barnes,Rashard Lewis,2,2:12,ORL,free throw,,,,,,,1,,2,Dwight Howard,,,foul,made,,,,
Brandon Rush,Mike Dunleavy,T.J. Ford,Troy Murphy,Tyler Hansbrough,Anthony Johnson,Dwight Howard,J.J. Redick,Matt Barnes,Rashard Lewis,2,2:12,ORL,free throw,,,,,,,2,,2,Dwight Howard,,,foul,made,,,,
Brandon Rush,Mike Dunleavy,T.J. Ford,Troy Murphy,Tyler Hansbrough,Anthony Johnson,Dwight Howard,J.J. Redick,Matt Barnes,Rashard Lewis,2,1:51,IND,shot,,,,,,,,,,T.J. Ford,3,,,made,,3pt,32,30
Brandon Rush,Mike Dunleavy,T.J. Ford,Troy Murphy,Tyler Hansbrough,Anthony Johnson,Dwight Howard,J.J. Redick,Matt Barnes,Rashard Lewis,2,1:41,ORL,shot,,,,,,,,,,Dwight Howard,,,,missed,,alley oop dunk,25,6
Brandon Rush,Mike Dunleavy,T.J. Ford,Troy Murphy,Tyler Hansbrough,Anthony Johnson,Dwight Howard,J.J. Redick,Matt Barnes,Rashard Lewis,2,1:39,IND,rebound,,,,,,,,,,Troy Murphy,,,,,,def,,
Brandon Rush,Mike Dunleavy,T.J. Ford,Troy Murphy,Tyler Hansbrough,Anthony Johnson,Dwight Howard,J.J. Redick,Matt Barnes,Rashard Lewis,2,1:36,ORL,violation,,,,,,,,,,Dwight Howard,,,,,,defensive goaltending,,
Brandon Rush,Mike Dunleavy,T.J. Ford,Troy Murphy,Tyler Hansbrough,Anthony Johnson,Dwight Howard,J.J. Redick,Matt Barnes,Rashard Lewis,2,1:36,IND,shot,T.J. Ford,,,,,,,,,Mike Dunleavy,2,,,made,,layup,25,6
Brandon Rush,Mike Dunleavy,T.J. Ford,Troy Murphy,Tyler Hansbrough,Anthony Johnson,Dwight Howard,J.J. Redick,Matt Barnes,Rashard Lewis,2,1:36,ORL,foul,,,,,,,,Mike Dunleavy,,Rashard Lewis,,,,,,shooting,,
Brandon Rush,Mike Dunleavy,T.J. Ford,Troy Murphy,Tyler Hansbrough,Anthony Johnson,Dwight Howard,J.J. Redick,Matt Barnes,Vince Carter,2,1:36,ORL,sub,,,,Vince Carter,,Rashard Lewis,,,,,,,,,,,,
Brandon Rush,Mike Dunleavy,T.J. Ford,Troy Murphy,Tyler Hansbrough,Anthony Johnson,Dwight Howard,J.J. Redick,Matt Barnes,Vince Carter,2,1:36,IND,free throw,,,,,,,1,,1,Mike Dunleavy,,,foul,made,,,,
Brandon Rush,Mike Dunleavy,T.J. Ford,Troy Murphy,Tyler Hansbrough,Anthony Johnson,Dwight Howard,J.J. Redick,Matt Barnes,Vince Carter,2,1:21,ORL,shot,,,,,,,,,,Vince Carter,2,,,made,,jump,12,18
Brandon Rush,Mike Dunleavy,T.J. Ford,Troy Murphy,Tyler Hansbrough,Anthony Johnson,Dwight Howard,J.J. Redick,Matt Barnes,Vince Carter,2,1:04,IND,shot,,,,,,,,,,Mike Dunleavy,,,,missed,,jump,30,16
Brandon Rush,Mike Dunleavy,T.J. Ford,Troy Murphy,Tyler Hansbrough,Anthony Johnson,Dwight Howard,J.J. Redick,Matt Barnes,Vince Carter,2,1:03,ORL,rebound,,,,,,,,,,Dwight Howard,,,,,,def,,
Brandon Rush,Mike Dunleavy,T.J. Ford,Troy Murphy,Tyler Hansbrough,Anthony Johnson,Dwight Howard,J.J. Redick,Matt Barnes,Vince Carter,2,0:59,ORL,foul,,,,,,,,Brandon Rush,,Matt Barnes,,,,,,offensive,,
Brandon Rush,Mike Dunleavy,T.J. Ford,Troy Murphy,Tyler Hansbrough,Anthony Johnson,Dwight Howard,J.J. Redick,Matt Barnes,Vince Carter,2,0:59,ORL,turnover,,,,,,,,,,Matt Barnes,,,foul,,,,,
Brandon Rush,Mike Dunleavy,T.J. Ford,Troy Murphy,Tyler Hansbrough,Anthony Johnson,Dwight Howard,J.J. Redick,Matt Barnes,Vince Carter,2,0:40,IND,shot,,,,,,,,,,T.J. Ford,2,,,made,,driving layup,25,6
Brandon Rush,Mike Dunleavy,T.J. Ford,Troy Murphy,Tyler Hansbrough,Anthony Johnson,Dwight Howard,J.J. Redick,Matt Barnes,Vince Carter,2,0:36,ORL,shot,,,,,,,,,,Anthony Johnson,2,,,made,,driving layup,25,6
Brandon Rush,Mike Dunleavy,T.J. Ford,Troy Murphy,Tyler Hansbrough,Anthony Johnson,Dwight Howard,J.J. Redick,Matt Barnes,Vince Carter,2,0:12,IND,shot,T.J. Ford,,,,,,,,,Tyler Hansbrough,2,,,made,,slam dunk,25,6
Brandon Rush,Mike Dunleavy,T.J. Ford,Troy Murphy,Tyler Hansbrough,Anthony Johnson,Dwight Howard,J.J. Redick,Matt Barnes,Vince Carter,2,0:00,ORL,shot,Anthony Johnson,,,,,,,,,Matt Barnes,2,,,made,,layup,25,6
Brandon Rush,Jeff Foster,Mike Dunleavy,T.J. Ford,Troy Murphy,Dwight Howard,Jason Williams,Mickael Pietrus,Rashard Lewis,Vince Carter,3,11:38,IND,shot,Troy Murphy,,,,,,,,,Mike Dunleavy,2,,,made,,jump,39,21
Brandon Rush,Jeff Foster,Mike Dunleavy,T.J. Ford,Troy Murphy,Dwight Howard,Jason Williams,Mickael Pietrus,Rashard Lewis,Vince Carter,3,11:20,ORL,shot,,,,,,,,,,Vince Carter,2,,,made,,jump,7,11
Brandon Rush,Jeff Foster,Mike Dunleavy,T.J. Ford,Troy Murphy,Dwight Howard,Jason Williams,Mickael Pietrus,Rashard Lewis,Vince Carter,3,11:04,ORL,foul,,,,,,,,Mike Dunleavy,,Dwight Howard,,,,,,shooting,,
Brandon Rush,Jeff Foster,Mike Dunleavy,T.J. Ford,Troy Murphy,Dwight Howard,Jason Williams,Mickael Pietrus,Rashard Lewis,Vince Carter,3,11:04,IND,free throw,,,,,,,1,,2,Mike Dunleavy,,,foul,made,,,,
Brandon Rush,Jeff Foster,Mike Dunleavy,T.J. Ford,Troy Murphy,Dwight Howard,Jason Williams,Mickael Pietrus,Rashard Lewis,Vince Carter,3,11:04,IND,free throw,,,,,,,2,,2,Mike Dunleavy,,,foul,made,,,,
Brandon Rush,Jeff Foster,Mike Dunleavy,T.J. Ford,Troy Murphy,Dwight Howard,Jason Williams,Mickael Pietrus,Rashard Lewis,Vince Carter,3,10:52,ORL,shot,,,,,,,,,,Vince Carter,,,,missed,,layup,25,6
Brandon Rush,Jeff Foster,Mike Dunleavy,T.J. Ford,Troy Murphy,Dwight Howard,Jason Williams,Mickael Pietrus,Rashard Lewis,Vince Carter,3,10:47,ORL,rebound,,,,,,,,,,Dwight Howard,,,,,,off,,
Brandon Rush,Jeff Foster,Mike Dunleavy,T.J. Ford,Troy Murphy,Dwight Howard,Jason Williams,Mickael Pietrus,Rashard Lewis,Vince Carter,3,10:47,ORL,shot,,,,,,,,,,Dwight Howard,2,,,made,,dunk,25,6
Brandon Rush,Jeff Foster,Mike Dunleavy,T.J. Ford,Troy Murphy,Dwight Howard,Jason Williams,Mickael Pietrus,Rashard Lewis,Vince Carter,3,10:34,ORL,foul,,,,,,,,Brandon Rush,,Vince Carter,,,,,,shooting,,
Brandon Rush,Jeff Foster,Mike Dunleavy,T.J. Ford,Troy Murphy,Dwight Howard,Jason Williams,Mickael Pietrus,Rashard Lewis,Vince Carter,3,10:34,IND,free throw,,,,,,,1,,2,Brandon Rush,,,foul,missed,,,,
Brandon Rush,Jeff Foster,Mike Dunleavy,T.J. Ford,Troy Murphy,Dwight Howard,Jason Williams,Mickael Pietrus,Rashard Lewis,Vince Carter,3,10:34,IND,rebound,,,,,,,,,,,,,,,,,,
Brandon Rush,Jeff Foster,Mike Dunleavy,T.J. Ford,Troy Murphy,Dwight Howard,Jason Williams,Mickael Pietrus,Rashard Lewis,Vince Carter,3,10:34,IND,free throw,,,,,,,2,,2,Brandon Rush,,,foul,missed,,,,
Brandon Rush,Jeff Foster,Mike Dunleavy,T.J. Ford,Troy Murphy,Dwight Howard,Jason Williams,Mickael Pietrus,Rashard Lewis,Vince Carter,3,10:33,ORL,rebound,,,,,,,,,,Dwight Howard,,,,,,def,,
Brandon Rush,Jeff Foster,Mike Dunleavy,T.J. Ford,Troy Murphy,Dwight Howard,Jason Williams,Mickael Pietrus,Rashard Lewis,Vince Carter,3,10:19,ORL,shot,,,,,,,,,,Jason Williams,,,,missed,,3pt,48,11
Brandon Rush,Jeff Foster,Mike Dunleavy,T.J. Ford,Troy Murphy,Dwight Howard,Jason Williams,Mickael Pietrus,Rashard Lewis,Vince Carter,3,10:17,IND,rebound,,,,,,,,,,Mike Dunleavy,,,,,,def,,
Brandon Rush,Jeff Foster,Mike Dunleavy,T.J. Ford,Troy Murphy,Dwight Howard,Jason Williams,Mickael Pietrus,Rashard Lewis,Vince Carter,3,10:02,IND,shot,T.J. Ford,,,,,,,,,Troy Murphy,3,,,made,,3pt,19,31
Brandon Rush,Jeff Foster,Mike Dunleavy,T.J. Ford,Troy Murphy,Dwight Howard,Jason Williams,Mickael Pietrus,Rashard Lewis,Vince Carter,3,9:48,ORL,shot,,,,,,,,,,Rashard Lewis,,,,missed,,3pt,34,30
Brandon Rush,Jeff Foster,Mike Dunleavy,T.J. Ford,Troy Murphy,Dwight Howard,Jason Williams,Mickael Pietrus,Rashard Lewis,Vince Carter,3,9:47,ORL,rebound,,,,,,,,,,Dwight Howard,,,,,,off,,
Brandon Rush,Jeff Foster,Mike Dunleavy,T.J. Ford,Troy Murphy,Dwight Howard,Jason Williams,Mickael Pietrus,Rashard Lewis,Vince Carter,3,9:44,ORL,shot,,,,,,,,,,Vince Carter,,,,missed,,3pt,48,14
Brandon Rush,Jeff Foster,Mike Dunleavy,T.J. Ford,Troy Murphy,Dwight Howard,Jason Williams,Mickael Pietrus,Rashard Lewis,Vince Carter,3,9:42,IND,rebound,,,,,,,,,,Jeff Foster,,,,,,def,,
Brandon Rush,Jeff Foster,Mike Dunleavy,T.J. Ford,Troy Murphy,Dwight Howard,Jason Williams,Mickael Pietrus,Rashard Lewis,Vince Carter,3,9:29,IND,shot,,,,,,,,,,Troy Murphy,,,,missed,,3pt,25,32
Brandon Rush,Jeff Foster,Mike Dunleavy,T.J. Ford,Troy Murphy,Dwight Howard,Jason Williams,Mickael Pietrus,Rashard Lewis,Vince Carter,3,9:28,ORL,rebound,,,,,,,,,,,,,,,,,,
Brandon Rush,Jeff Foster,Mike Dunleavy,T.J. Ford,Troy Murphy,Dwight Howard,Jason Williams,Mickael Pietrus,Rashard Lewis,Vince Carter,3,9:13,ORL,shot,Vince Carter,,,,,,,,,Mickael Pietrus,2,,,made,,layup,25,6
Brandon Rush,Jeff Foster,Mike Dunleavy,T.J. Ford,Troy Murphy,Dwight Howard,Jason Williams,Mickael Pietrus,Rashard Lewis,Vince Carter,3,9:00,IND,shot,Brandon Rush,,,,,,,,,Mike Dunleavy,3,,,made,,3pt,11,28
Brandon Rush,Jeff Foster,Mike Dunleavy,T.J. Ford,Troy Murphy,Dwight Howard,Jason Williams,Mickael Pietrus,Rashard Lewis,Vince Carter,3,8:44,ORL,shot,,,,,,,,,,Vince Carter,,,,missed,,driving layup,25,6
Brandon Rush,Jeff Foster,Mike Dunleavy,T.J. Ford,Troy Murphy,Dwight Howard,Jason Williams,Mickael Pietrus,Rashard Lewis,Vince Carter,3,8:44,ORL,rebound,,,,,,,,,,Dwight Howard,,,,,,off,,
Brandon Rush,Jeff Foster,Mike Dunleavy,T.J. Ford,Troy Murphy,Dwight Howard,Jason Williams,Mickael Pietrus,Rashard Lewis,Vince Carter,3,8:44,IND,foul,,,,,,,,Dwight Howard,,Troy Murphy,,,,,,shooting,,
Brandon Rush,Jeff Foster,Mike Dunleavy,T.J. Ford,Troy Murphy,Dwight Howard,Jason Williams,Mickael Pietrus,Rashard Lewis,Vince Carter,3,8:44,ORL,free throw,,,,,,,1,,2,Dwight Howard,,,foul,missed,,,,
Brandon Rush,Jeff Foster,Mike Dunleavy,T.J. Ford,Troy Murphy,Dwight Howard,Jason Williams,Mickael Pietrus,Rashard Lewis,Vince Carter,3,8:44,ORL,rebound,,,,,,,,,,,,,,,,,,
Brandon Rush,Jeff Foster,Mike Dunleavy,T.J. Ford,Troy Murphy,Dwight Howard,Jason Williams,Mickael Pietrus,Rashard Lewis,Vince Carter,3,8:44,ORL,free throw,,,,,,,2,,2,Dwight Howard,,,foul,made,,,,
Brandon Rush,Jeff Foster,Mike Dunleavy,T.J. Ford,Troy Murphy,Dwight Howard,Jason Williams,Mickael Pietrus,Rashard Lewis,Vince Carter,3,8:24,IND,shot,,,,,,,,,,Jeff Foster,,,,missed,,jump,41,11
Brandon Rush,Jeff Foster,Mike Dunleavy,T.J. Ford,Troy Murphy,Dwight Howard,Jason Williams,Mickael Pietrus,Rashard Lewis,Vince Carter,3,8:23,ORL,rebound,,,,,,,,,,Vince Carter,,,,,,def,,
Brandon Rush,Jeff Foster,Mike Dunleavy,T.J. Ford,Troy Murphy,Dwight Howard,Jason Williams,Mickael Pietrus,Rashard Lewis,Vince Carter,3,8:09,ORL,shot,,,,,,,,,,Vince Carter,2,,,made,,pullup jump,37,9
Brandon Rush,Jeff Foster,Mike Dunleavy,T.J. Ford,Troy Murphy,Dwight Howard,Jason Williams,Mickael Pietrus,Rashard Lewis,Vince Carter,3,7:53,IND,shot,,,,,,,,,,Brandon Rush,,,,missed,,layup,25,6
Brandon Rush,Jeff Foster,Mike Dunleavy,T.J. Ford,Troy Murphy,Dwight Howard,Jason Williams,Mickael Pietrus,Rashard Lewis,Vince Carter,3,7:52,ORL,rebound,,,,,,,,,,Rashard Lewis,,,,,,def,,
Brandon Rush,Jeff Foster,Mike Dunleavy,T.J. Ford,Troy Murphy,Dwight Howard,Jason Williams,Mickael Pietrus,Rashard Lewis,Vince Carter,3,7:39,ORL,shot,,,,,,,,,,Rashard Lewis,2,,,made,,pullup jump,38,22
Brandon Rush,Jeff Foster,Mike Dunleavy,T.J. Ford,Troy Murphy,Dwight Howard,Jason Williams,Mickael Pietrus,Rashard Lewis,Vince Carter,3,7:26,IND,shot,,,,,,,,,,Mike Dunleavy,,,,missed,,fade away jumper,38,10
Brandon Rush,Jeff Foster,Mike Dunleavy,T.J. Ford,Troy Murphy,Dwight Howard,Jason Williams,Mickael Pietrus,Rashard Lewis,Vince Carter,3,7:25,ORL,rebound,,,,,,,,,,Vince Carter,,,,,,def,,
Brandon Rush,Jeff Foster,Mike Dunleavy,T.J. Ford,Troy Murphy,Dwight Howard,Jason Williams,Mickael Pietrus,Rashard Lewis,Vince Carter,3,7:19,IND,foul,,,,,,,,Dwight Howard,,Troy Murphy,,,,,,shooting,,
Brandon Rush,Jeff Foster,Mike Dunleavy,T.J. Ford,Troy Murphy,Dwight Howard,Jason Williams,Mickael Pietrus,Rashard Lewis,Vince Carter,3,7:19,ORL,foul,,,,,,,,,,Double,,,,,,technical,,
Brandon Rush,Jeff Foster,Mike Dunleavy,T.J. Ford,Troy Murphy,Dwight Howard,Jason Williams,Mickael Pietrus,Rashard Lewis,Vince Carter,3,7:19,ORL,free throw,,,,,,,1,,2,Dwight Howard,,,foul,made,,,,
Brandon Rush,Jeff Foster,Mike Dunleavy,T.J. Ford,Troy Murphy,Dwight Howard,Jason Williams,Mickael Pietrus,Rashard Lewis,Vince Carter,3,7:19,ORL,free throw,,,,,,,2,,2,Dwight Howard,,,foul,missed,,,,
Brandon Rush,Jeff Foster,Mike Dunleavy,T.J. Ford,Troy Murphy,Dwight Howard,Jason Williams,Mickael Pietrus,Rashard Lewis,Vince Carter,3,7:18,IND,rebound,,,,,,,,,,Jeff Foster,,,,,,def,,
Brandon Rush,Jeff Foster,Mike Dunleavy,T.J. Ford,Troy Murphy,Dwight Howard,Jason Williams,Mickael Pietrus,Rashard Lewis,Vince Carter,3,7:06,IND,shot,,,,,,,,,,T.J. Ford,,,,missed,,jump,26,24
Brandon Rush,Jeff Foster,Mike Dunleavy,T.J. Ford,Troy Murphy,Dwight Howard,Jason Williams,Mickael Pietrus,Rashard Lewis,Vince Carter,3,7:05,ORL,rebound,,,,,,,,,,Vince Carter,,,,,,def,,
Brandon Rush,Jeff Foster,Mike Dunleavy,T.J. Ford,Troy Murphy,Dwight Howard,Jason Williams,Mickael Pietrus,Rashard Lewis,Vince Carter,3,7:01,ORL,foul,,,,,,,,Jeff Foster,,Dwight Howard,,,,,,offensive,,
Brandon Rush,Jeff Foster,Mike Dunleavy,T.J. Ford,Troy Murphy,Dwight Howard,Jason Williams,Mickael Pietrus,Rashard Lewis,Vince Carter,3,7:01,ORL,turnover,,,,,,,,,,Dwight Howard,,,foul,,,,,
Brandon Rush,Jeff Foster,Mike Dunleavy,T.J. Ford,Troy Murphy,Dwight Howard,Jason Williams,Mickael Pietrus,Rashard Lewis,Vince Carter,3,6:42,IND,shot,Mike Dunleavy,,,,,,,,,Jeff Foster,2,,,made,,driving dunk,25,6
Brandon Rush,Jeff Foster,Mike Dunleavy,T.J. Ford,Troy Murphy,Dwight Howard,Jason Williams,Mickael Pietrus,Rashard Lewis,Vince Carter,3,6:33,IND,foul,,,,,,,,Rashard Lewis,,Brandon Rush,,,,,,personal,,
Brandon Rush,Jeff Foster,Mike Dunleavy,T.J. Ford,Troy Murphy,Dwight Howard,Jason Williams,Mickael Pietrus,Rashard Lewis,Vince Carter,3,6:28,ORL,shot,,,,,,,,,,Mickael Pietrus,2,,,made,,driving layup,25,6
Brandon Rush,Jeff Foster,Mike Dunleavy,T.J. Ford,Troy Murphy,Dwight Howard,Jason Williams,Mickael Pietrus,Rashard Lewis,Vince Carter,3,6:28,IND,foul,,,,,,,,Mickael Pietrus,,Jeff Foster,,,,,,shooting,,
Brandon Rush,Jeff Foster,Mike Dunleavy,T.J. Ford,Tyler Hansbrough,Dwight Howard,Jason Williams,Mickael Pietrus,Rashard Lewis,Vince Carter,3,6:28,IND,sub,,,,Tyler Hansbrough,,Troy Murphy,,,,,,,,,,,,
Brandon Rush,Dahntay Jones,Jeff Foster,T.J. Ford,Tyler Hansbrough,Dwight Howard,Jason Williams,Mickael Pietrus,Rashard Lewis,Vince Carter,3,6:28,IND,sub,,,,Dahntay Jones,,Mike Dunleavy,,,,,,,,,,,,
Brandon Rush,Dahntay Jones,Jeff Foster,T.J. Ford,Tyler Hansbrough,Dwight Howard,Jason Williams,Mickael Pietrus,Rashard Lewis,Vince Carter,3,6:28,ORL,free throw,,,,,,,1,,1,Mickael Pietrus,,,foul,missed,,,,
Brandon Rush,Dahntay Jones,Jeff Foster,T.J. Ford,Tyler Hansbrough,Dwight Howard,Jason Williams,Mickael Pietrus,Rashard Lewis,Vince Carter,3,6:27,IND,rebound,,,,,,,,,,Jeff Foster,,,,,,def,,
Brandon Rush,Dahntay Jones,Jeff Foster,T.J. Ford,Tyler Hansbrough,Dwight Howard,Jason Williams,Mickael Pietrus,Rashard Lewis,Vince Carter,3,6:08,IND,shot,,,,,,,,,,T.J. Ford,,,,missed,,3pt,21,31
Brandon Rush,Dahntay Jones,Jeff Foster,T.J. Ford,Tyler Hansbrough,Dwight Howard,Jason Williams,Mickael Pietrus,Rashard Lewis,Vince Carter,3,6:07,ORL,rebound,,,,,,,,,,Rashard Lewis,,,,,,def,,
Brandon Rush,Dahntay Jones,Jeff Foster,T.J. Ford,Tyler Hansbrough,Dwight Howard,Jason Williams,Mickael Pietrus,Rashard Lewis,Vince Carter,3,5:58,ORL,shot,,,,,,,,,,Mickael Pietrus,,,,missed,,3pt,48,11
Brandon Rush,Dahntay Jones,Jeff Foster,T.J. Ford,Tyler Hansbrough,Dwight Howard,Jason Williams,Mickael Pietrus,Rashard Lewis,Vince Carter,3,5:56,IND,rebound,,,,,,,,,,Brandon Rush,,,,,,def,,
Brandon Rush,Dahntay Jones,Jeff Foster,T.J. Ford,Tyler Hansbrough,Dwight Howard,Jason Williams,Mickael Pietrus,Rashard Lewis,Vince Carter,3,5:46,IND,shot,,,,,,,,,,Dahntay Jones,2,,,made,,jump,12,20
Brandon Rush,Dahntay Jones,Jeff Foster,T.J. Ford,Tyler Hansbrough,Dwight Howard,Jason Williams,Mickael Pietrus,Rashard Lewis,Vince Carter,3,5:31,IND,foul,,,,,,,,Dwight Howard,,Jeff Foster,,,,,,personal,,
Brandon Rush,Dahntay Jones,Jeff Foster,T.J. Ford,Tyler Hansbrough,Dwight Howard,Jason Williams,Mickael Pietrus,Rashard Lewis,Vince Carter,3,5:31,ORL,timeout,,,,,,,,,,,,,,,,regular,,
Brandon Rush,Dahntay Jones,Jeff Foster,T.J. Ford,Tyler Hansbrough,Dwight Howard,Jason Williams,Mickael Pietrus,Rashard Lewis,Vince Carter,3,5:31,ORL,free throw,,,,,,,1,,2,Dwight Howard,,,foul,made,,,,
Brandon Rush,Dahntay Jones,Jeff Foster,T.J. Ford,Tyler Hansbrough,Dwight Howard,Jason Williams,Mickael Pietrus,Rashard Lewis,Vince Carter,3,5:31,ORL,free throw,,,,,,,2,,2,Dwight Howard,,,foul,missed,,,,
Brandon Rush,Dahntay Jones,Jeff Foster,T.J. Ford,Tyler Hansbrough,Dwight Howard,Jason Williams,Mickael Pietrus,Rashard Lewis,Vince Carter,3,5:30,IND,rebound,,,,,,,,,,Tyler Hansbrough,,,,,,def,,
Brandon Rush,Dahntay Jones,Jeff Foster,T.J. Ford,Tyler Hansbrough,Dwight Howard,Jason Williams,Mickael Pietrus,Rashard Lewis,Vince Carter,3,5:15,IND,shot,Jeff Foster,,,,,,,,,Tyler Hansbrough,2,,,made,,jump,17,24
Brandon Rush,Dahntay Jones,Jeff Foster,T.J. Ford,Tyler Hansbrough,Dwight Howard,Jason Williams,Mickael Pietrus,Rashard Lewis,Vince Carter,3,4:55,ORL,shot,,,,,,,,,,Rashard Lewis,,,,missed,,jump,17,15
Brandon Rush,Dahntay Jones,Jeff Foster,T.J. Ford,Tyler Hansbrough,Dwight Howard,Jason Williams,Mickael Pietrus,Rashard Lewis,Vince Carter,3,4:53,IND,rebound,,,,,,,,,,Dahntay Jones,,,,,,def,,
Brandon Rush,Dahntay Jones,Jeff Foster,T.J. Ford,Tyler Hansbrough,Dwight Howard,Jason Williams,Mickael Pietrus,Rashard Lewis,Vince Carter,3,4:46,IND,shot,Dahntay Jones,,,,,,,,,Jeff Foster,2,,,made,,jump,28,25
Brandon Rush,Dahntay Jones,Jeff Foster,T.J. Ford,Tyler Hansbrough,Dwight Howard,Jason Williams,Mickael Pietrus,Rashard Lewis,Vince Carter,3,4:20,ORL,shot,,,,,,,,,,Vince Carter,,,,missed,,3pt,36,30
Brandon Rush,Dahntay Jones,Jeff Foster,T.J. Ford,Tyler Hansbrough,Dwight Howard,Jason Williams,Mickael Pietrus,Rashard Lewis,Vince Carter,3,4:19,IND,rebound,,,,,,,,,,Jeff Foster,,,,,,def,,
Brandon Rush,Dahntay Jones,Jeff Foster,T.J. Ford,Tyler Hansbrough,Dwight Howard,Jason Williams,Mickael Pietrus,Rashard Lewis,Vince Carter,3,4:10,IND,shot,Dahntay Jones,,,,,,,,,Tyler Hansbrough,2,,,made,,slam dunk,25,6
Brandon Rush,Dahntay Jones,Jeff Foster,T.J. Ford,Tyler Hansbrough,Dwight Howard,Jason Williams,Mickael Pietrus,Rashard Lewis,Vince Carter,3,3:50,ORL,shot,Jason Williams,,,,,,,,,Rashard Lewis,3,,,made,,3pt,45,22
Brandon Rush,Dahntay Jones,Jeff Foster,T.J. Ford,Tyler Hansbrough,Dwight Howard,Jason Williams,Mickael Pietrus,Rashard Lewis,Vince Carter,3,3:31,IND,shot,T.J. Ford,,,,,,,,,Jeff Foster,2,,,made,,jump,40,10
Brandon Rush,Dahntay Jones,Jeff Foster,T.J. Ford,Tyler Hansbrough,Dwight Howard,Jason Williams,Mickael Pietrus,Rashard Lewis,Vince Carter,3,3:13,ORL,shot,Dwight Howard,,,,,,,,,Mickael Pietrus,2,,,made,,driving dunk,25,6
Brandon Rush,Dahntay Jones,Jeff Foster,T.J. Ford,Tyler Hansbrough,Dwight Howard,Jason Williams,Mickael Pietrus,Rashard Lewis,Vince Carter,3,2:57,IND,shot,,,,,,,,,,Dahntay Jones,,,,missed,,jump,38,20
Brandon Rush,Dahntay Jones,Jeff Foster,T.J. Ford,Tyler Hansbrough,Dwight Howard,Jason Williams,Mickael Pietrus,Rashard Lewis,Vince Carter,3,2:55,ORL,rebound,,,,,,,,,,Mickael Pietrus,,,,,,def,,
Brandon Rush,Dahntay Jones,Jeff Foster,T.J. Ford,Tyler Hansbrough,Dwight Howard,Jason Williams,Mickael Pietrus,Rashard Lewis,Vince Carter,3,2:49,ORL,shot,,,,,,,,,,Rashard Lewis,,,,missed,,3pt,47,19
Brandon Rush,Dahntay Jones,Jeff Foster,T.J. Ford,Tyler Hansbrough,Dwight Howard,Jason Williams,Mickael Pietrus,Rashard Lewis,Vince Carter,3,2:48,IND,rebound,,,,,,,,,,Dahntay Jones,,,,,,def,,
Brandon Rush,Dahntay Jones,Jeff Foster,T.J. Ford,Tyler Hansbrough,Dwight Howard,Jason Williams,Mickael Pietrus,Rashard Lewis,Vince Carter,3,2:42,IND,timeout,,,,,,,,,,,,,,,,regular,,
Dahntay Jones,Earl Watson,Jeff Foster,T.J. Ford,Tyler Hansbrough,Dwight Howard,Jason Williams,Mickael Pietrus,Rashard Lewis,Vince Carter,3,2:42,IND,sub,,,,Earl Watson,,Brandon Rush,,,,,,,,,,,,
Dahntay Jones,Earl Watson,Jeff Foster,Mike Dunleavy,Tyler Hansbrough,Dwight Howard,Jason Williams,Mickael Pietrus,Rashard Lewis,Vince Carter,3,2:42,IND,sub,,,,Mike Dunleavy,,T.J. Ford,,,,,,,,,,,,
Dahntay Jones,Earl Watson,Mike Dunleavy,Roy Hibbert,Tyler Hansbrough,Dwight Howard,Jason Williams,Mickael Pietrus,Rashard Lewis,Vince Carter,3,2:42,IND,sub,,,,Roy Hibbert,,Jeff Foster,,,,,,,,,,,,
Dahntay Jones,Earl Watson,Mike Dunleavy,Roy Hibbert,Tyler Hansbrough,Dwight Howard,Jason Williams,Matt Barnes,Rashard Lewis,Vince Carter,3,2:42,ORL,sub,,,,Matt Barnes,,Mickael Pietrus,,,,,,,,,,,,
Dahntay Jones,Earl Watson,Mike Dunleavy,Roy Hibbert,Tyler Hansbrough,Dwight Howard,Jason Williams,Matt Barnes,Ryan Anderson,Vince Carter,3,2:42,ORL,sub,,,,Ryan Anderson,,Rashard Lewis,,,,,,,,,,,,
Dahntay Jones,Earl Watson,Mike Dunleavy,Roy Hibbert,Tyler Hansbrough,Dwight Howard,Jason Williams,Matt Barnes,Ryan Anderson,Vince Carter,3,2:23,IND,shot,Tyler Hansbrough,,,,,,,,,Mike Dunleavy,2,,,made,,jump,40,19
Dahntay Jones,Earl Watson,Mike Dunleavy,Roy Hibbert,Tyler Hansbrough,Dwight Howard,Jason Williams,Matt Barnes,Ryan Anderson,Vince Carter,3,2:01,ORL,shot,,,,,,,,,,Dwight Howard,,,,missed,,hook,17,11
Dahntay Jones,Earl Watson,Mike Dunleavy,Roy Hibbert,Tyler Hansbrough,Dwight Howard,Jason Williams,Matt Barnes,Ryan Anderson,Vince Carter,3,2:00,IND,rebound,,,,,,,,,,Mike Dunleavy,,,,,,def,,
Dahntay Jones,Earl Watson,Mike Dunleavy,Roy Hibbert,Tyler Hansbrough,Dwight Howard,Jason Williams,Matt Barnes,Ryan Anderson,Vince Carter,3,1:50,IND,shot,,,,,,,,,,Dahntay Jones,,,,missed,,jump,15,12
Dahntay Jones,Earl Watson,Mike Dunleavy,Roy Hibbert,Tyler Hansbrough,Dwight Howard,Jason Williams,Matt Barnes,Ryan Anderson,Vince Carter,3,1:49,ORL,rebound,,,,,,,,,,Ryan Anderson,,,,,,def,,
Dahntay Jones,Earl Watson,Mike Dunleavy,Roy Hibbert,Tyler Hansbrough,Dwight Howard,Jason Williams,Matt Barnes,Ryan Anderson,Vince Carter,3,1:38,ORL,shot,,,,,,,,,,Ryan Anderson,2,,,made,,driving layup,25,6
Dahntay Jones,Earl Watson,Mike Dunleavy,Roy Hibbert,Tyler Hansbrough,Dwight Howard,Jason Williams,Matt Barnes,Ryan Anderson,Vince Carter,3,1:22,IND,shot,,,,,,,,,,Mike Dunleavy,,,,missed,,3pt,18,32
Dahntay Jones,Earl Watson,Mike Dunleavy,Roy Hibbert,Tyler Hansbrough,Dwight Howard,Jason Williams,Matt Barnes,Ryan Anderson,Vince Carter,3,1:21,ORL,rebound,,,,,,,,,,Jason Williams,,,,,,def,,
Dahntay Jones,Earl Watson,Mike Dunleavy,Roy Hibbert,Tyler Hansbrough,Dwight Howard,Jason Williams,Matt Barnes,Ryan Anderson,Vince Carter,3,1:08,ORL,shot,,,,,,,,,,Matt Barnes,,,,missed,,jump,13,21
Dahntay Jones,Earl Watson,Mike Dunleavy,Roy Hibbert,Tyler Hansbrough,Dwight Howard,Jason Williams,Matt Barnes,Ryan Anderson,Vince Carter,3,1:06,IND,rebound,,,,,,,,,,Earl Watson,,,,,,def,,
Dahntay Jones,Earl Watson,Mike Dunleavy,Roy Hibbert,Tyler Hansbrough,Dwight Howard,Jason Williams,Matt Barnes,Ryan Anderson,Vince Carter,3,0:45,IND,shot,,,,,,,,,,Earl Watson,3,,,made,,3pt,38,27
Dahntay Jones,Earl Watson,Mike Dunleavy,Roy Hibbert,Tyler Hansbrough,Dwight Howard,Jason Williams,Matt Barnes,Ryan Anderson,Vince Carter,3,0:34,ORL,shot,,,,,,,,,,Vince Carter,2,,,made,,floating jump,18,14
Dahntay Jones,Earl Watson,Mike Dunleavy,Roy Hibbert,Tyler Hansbrough,Dwight Howard,Jason Williams,Matt Barnes,Ryan Anderson,Vince Carter,3,0:14,IND,shot,,,Dwight Howard,,,,,,,Tyler Hansbrough,,,,missed,,jump,20,15
Dahntay Jones,Earl Watson,Mike Dunleavy,Roy Hibbert,Tyler Hansbrough,Dwight Howard,Jason Williams,Matt Barnes,Ryan Anderson,Vince Carter,3,0:12,ORL,rebound,,,,,,,,,,Dwight Howard,,,,,,def,,
Dahntay Jones,Earl Watson,Mike Dunleavy,Roy Hibbert,Tyler Hansbrough,Dwight Howard,Jason Williams,Matt Barnes,Ryan Anderson,Vince Carter,3,0:03,IND,foul,,,,,,,,Ryan Anderson,,Tyler Hansbrough,,,,,,personal,,
Dahntay Jones,Earl Watson,Mike Dunleavy,Roy Hibbert,Tyler Hansbrough,Dwight Howard,Jason Williams,Matt Barnes,Ryan Anderson,Vince Carter,3,0:03,ORL,free throw,,,,,,,1,,2,Ryan Anderson,,,foul,made,,,,
Dahntay Jones,Earl Watson,Mike Dunleavy,Roy Hibbert,Troy Murphy,Dwight Howard,Jason Williams,Matt Barnes,Ryan Anderson,Vince Carter,3,0:03,IND,sub,,,,Troy Murphy,,Tyler Hansbrough,,,,,,,,,,,,
Dahntay Jones,Earl Watson,Mike Dunleavy,Roy Hibbert,Troy Murphy,Dwight Howard,Jason Williams,Matt Barnes,Ryan Anderson,Vince Carter,3,0:03,ORL,free throw,,,,,,,2,,2,Ryan Anderson,,,foul,made,,,,
Dahntay Jones,Earl Watson,Mike Dunleavy,Roy Hibbert,Troy Murphy,Dwight Howard,Jason Williams,Matt Barnes,Ryan Anderson,Vince Carter,3,0:00,IND,shot,,,,,,,,,,Mike Dunleavy,,,,missed,,3pt,7,26
Dahntay Jones,Earl Watson,Mike Dunleavy,Roy Hibbert,Troy Murphy,Dwight Howard,Jason Williams,Matt Barnes,Ryan Anderson,Vince Carter,3,0:00,IND,rebound,,,,,,,,,,,,,,,,,,
Brandon Rush,Earl Watson,Mike Dunleavy,Roy Hibbert,Troy Murphy,Anthony Johnson,Dwight Howard,J.J. Redick,Matt Barnes,Ryan Anderson,4,11:44,ORL,shot,,,,,,,,,,Ryan Anderson,,,,missed,,3pt,48,9
Brandon Rush,Earl Watson,Mike Dunleavy,Roy Hibbert,Troy Murphy,Anthony Johnson,Dwight Howard,J.J. Redick,Matt Barnes,Ryan Anderson,4,11:43,ORL,rebound,,,,,,,,,,Dwight Howard,,,,,,off,,
Brandon Rush,Earl Watson,Mike Dunleavy,Roy Hibbert,Troy Murphy,Anthony Johnson,Dwight Howard,J.J. Redick,Matt Barnes,Ryan Anderson,4,11:42,IND,foul,,,,,,,,Dwight Howard,,Mike Dunleavy,,,,,,shooting,,
Brandon Rush,Earl Watson,Mike Dunleavy,Roy Hibbert,Troy Murphy,Anthony Johnson,Dwight Howard,J.J. Redick,Matt Barnes,Ryan Anderson,4,11:42,ORL,free throw,,,,,,,1,,2,Dwight Howard,,,foul,made,,,,
Brandon Rush,Earl Watson,Mike Dunleavy,Roy Hibbert,Troy Murphy,Anthony Johnson,Dwight Howard,J.J. Redick,Matt Barnes,Ryan Anderson,4,11:42,ORL,free throw,,,,,,,2,,2,Dwight Howard,,,foul,made,,,,
Brandon Rush,Earl Watson,Mike Dunleavy,Roy Hibbert,Troy Murphy,Anthony Johnson,Dwight Howard,J.J. Redick,Matt Barnes,Ryan Anderson,4,11:24,IND,shot,,,,,,,,,,Roy Hibbert,,,,missed,,turnaround jump,36,12
Brandon Rush,Earl Watson,Mike Dunleavy,Roy Hibbert,Troy Murphy,Anthony Johnson,Dwight Howard,J.J. Redick,Matt Barnes,Ryan Anderson,4,11:23,ORL,rebound,,,,,,,,,,Dwight Howard,,,,,,def,,
Brandon Rush,Earl Watson,Mike Dunleavy,Roy Hibbert,Troy Murphy,Anthony Johnson,Dwight Howard,J.J. Redick,Matt Barnes,Ryan Anderson,4,11:12,IND,foul,,,,,,,,Dwight Howard,,Roy Hibbert,,,,,,personal,,
Brandon Rush,Earl Watson,Mike Dunleavy,Roy Hibbert,Troy Murphy,Anthony Johnson,Dwight Howard,J.J. Redick,Matt Barnes,Ryan Anderson,4,11:02,ORL,shot,,,,,,,,,,Anthony Johnson,,,,missed,,turnaround jump,37,14
Brandon Rush,Earl Watson,Mike Dunleavy,Roy Hibbert,Troy Murphy,Anthony Johnson,Dwight Howard,J.J. Redick,Matt Barnes,Ryan Anderson,4,11:01,IND,rebound,,,,,,,,,,Earl Watson,,,,,,def,,
Brandon Rush,Earl Watson,Mike Dunleavy,Roy Hibbert,Troy Murphy,Anthony Johnson,Dwight Howard,J.J. Redick,Matt Barnes,Ryan Anderson,4,10:49,IND,shot,,,,,,,,,,Troy Murphy,,,,missed,,3pt,10,27
Brandon Rush,Earl Watson,Mike Dunleavy,Roy Hibbert,Troy Murphy,Anthony Johnson,Dwight Howard,J.J. Redick,Matt Barnes,Ryan Anderson,4,10:48,ORL,rebound,,,,,,,,,,Matt Barnes,,,,,,def,,
Brandon Rush,Earl Watson,Mike Dunleavy,Roy Hibbert,Troy Murphy,Anthony Johnson,Dwight Howard,J.J. Redick,Matt Barnes,Ryan Anderson,4,10:37,IND,foul,,,,,,,,Dwight Howard,,Roy Hibbert,,,,,,shooting,,
Brandon Rush,Earl Watson,Mike Dunleavy,Roy Hibbert,Troy Murphy,Anthony Johnson,Dwight Howard,J.J. Redick,Matt Barnes,Ryan Anderson,4,10:37,ORL,free throw,,,,,,,1,,2,Dwight Howard,,,foul,made,,,,
Brandon Rush,Earl Watson,Mike Dunleavy,Roy Hibbert,Troy Murphy,Anthony Johnson,Dwight Howard,J.J. Redick,Matt Barnes,Ryan Anderson,4,10:37,ORL,free throw,,,,,,,2,,2,Dwight Howard,,,foul,missed,,,,
Brandon Rush,Earl Watson,Mike Dunleavy,Roy Hibbert,Troy Murphy,Anthony Johnson,Dwight Howard,J.J. Redick,Matt Barnes,Ryan Anderson,4,10:35,IND,rebound,,,,,,,,,,Roy Hibbert,,,,,,def,,
Brandon Rush,Earl Watson,Mike Dunleavy,Roy Hibbert,Troy Murphy,Anthony Johnson,Dwight Howard,J.J. Redick,Matt Barnes,Ryan Anderson,4,10:15,IND,shot,,,,,,,,,,Earl Watson,,,,missed,,3pt,39,27
Brandon Rush,Earl Watson,Mike Dunleavy,Roy Hibbert,Troy Murphy,Anthony Johnson,Dwight Howard,J.J. Redick,Matt Barnes,Ryan Anderson,4,10:14,ORL,rebound,,,,,,,,,,,,,,,,,,
Brandon Rush,Earl Watson,Mike Dunleavy,Roy Hibbert,Troy Murphy,Anthony Johnson,Dwight Howard,J.J. Redick,Matt Barnes,Ryan Anderson,4,10:00,ORL,turnover,,,,,,,,,,Anthony Johnson,,,bad pass,,Troy Murphy,,,
Brandon Rush,Earl Watson,Mike Dunleavy,Roy Hibbert,Troy Murphy,Anthony Johnson,Dwight Howard,J.J. Redick,Matt Barnes,Ryan Anderson,4,9:54,IND,shot,,,Ryan Anderson,,,,,,,Mike Dunleavy,,,,missed,,layup,25,6
Brandon Rush,Earl Watson,Mike Dunleavy,Roy Hibbert,Troy Murphy,Anthony Johnson,Dwight Howard,J.J. Redick,Matt Barnes,Ryan Anderson,4,9:51,IND,rebound,,,,,,,,,,Roy Hibbert,,,,,,off,,
Brandon Rush,Earl Watson,Mike Dunleavy,Roy Hibbert,Troy Murphy,Anthony Johnson,Dwight Howard,J.J. Redick,Matt Barnes,Ryan Anderson,4,9:51,IND,shot,,,,,,,,,,Roy Hibbert,2,,,made,,layup,25,6
Brandon Rush,Earl Watson,Mike Dunleavy,Roy Hibbert,Troy Murphy,Anthony Johnson,Dwight Howard,J.J. Redick,Matt Barnes,Ryan Anderson,4,9:43,ORL,shot,,,Brandon Rush,,,,,,,J.J. Redick,,,,missed,,layup,25,6
Brandon Rush,Earl Watson,Mike Dunleavy,Roy Hibbert,Troy Murphy,Anthony Johnson,Dwight Howard,J.J. Redick,Matt Barnes,Ryan Anderson,4,9:40,ORL,rebound,,,,,,,,,,Matt Barnes,,,,,,off,,
Brandon Rush,Earl Watson,Mike Dunleavy,Roy Hibbert,Troy Murphy,Anthony Johnson,Dwight Howard,J.J. Redick,Matt Barnes,Ryan Anderson,4,9:38,ORL,shot,,,,,,,,,,Matt Barnes,,,,missed,,jump,23,12
Brandon Rush,Earl Watson,Mike Dunleavy,Roy Hibbert,Troy Murphy,Anthony Johnson,Dwight Howard,J.J. Redick,Matt Barnes,Ryan Anderson,4,9:38,ORL,rebound,,,,,,,,,,,,,,,,,,
Brandon Rush,Earl Watson,Mike Dunleavy,Roy Hibbert,Troy Murphy,Anthony Johnson,Dwight Howard,J.J. Redick,Matt Barnes,Ryan Anderson,4,9:25,ORL,shot,J.J. Redick,,,,,,,,,Ryan Anderson,3,,,made,,3pt,48,8
Brandon Rush,Earl Watson,Mike Dunleavy,Roy Hibbert,Troy Murphy,Anthony Johnson,Dwight Howard,J.J. Redick,Matt Barnes,Ryan Anderson,4,9:10,IND,shot,,,,,,,,,,Troy Murphy,2,,,made,,jump,38,21
Brandon Rush,Earl Watson,Mike Dunleavy,Roy Hibbert,Troy Murphy,Anthony Johnson,Dwight Howard,J.J. Redick,Matt Barnes,Ryan Anderson,4,8:50,ORL,shot,,,,,,,,,,J.J. Redick,,,,missed,,jump,29,23
Brandon Rush,Earl Watson,Mike Dunleavy,Roy Hibbert,Troy Murphy,Anthony Johnson,Dwight Howard,J.J. Redick,Matt Barnes,Ryan Anderson,4,8:49,IND,rebound,,,,,,,,,,Mike Dunleavy,,,,,,def,,
Brandon Rush,Earl Watson,Mike Dunleavy,Roy Hibbert,Troy Murphy,Anthony Johnson,Dwight Howard,J.J. Redick,Matt Barnes,Ryan Anderson,4,8:29,IND,shot,,,,,,,,,,Brandon Rush,,,,missed,,jump,28,26
Brandon Rush,Earl Watson,Mike Dunleavy,Roy Hibbert,Troy Murphy,Anthony Johnson,Dwight Howard,J.J. Redick,Matt Barnes,Ryan Anderson,4,8:27,ORL,rebound,,,,,,,,,,Dwight Howard,,,,,,def,,
Brandon Rush,Earl Watson,Mike Dunleavy,Roy Hibbert,Troy Murphy,Anthony Johnson,Dwight Howard,J.J. Redick,Matt Barnes,Ryan Anderson,4,8:17,ORL,shot,,,,,,,,,,Ryan Anderson,,,,missed,,3pt,2,11
Brandon Rush,Earl Watson,Mike Dunleavy,Roy Hibbert,Troy Murphy,Anthony Johnson,Dwight Howard,J.J. Redick,Matt Barnes,Ryan Anderson,4,8:16,ORL,rebound,,,,,,,,,,Anthony Johnson,,,,,,off,,
Brandon Rush,Earl Watson,Mike Dunleavy,Roy Hibbert,Troy Murphy,Anthony Johnson,Dwight Howard,J.J. Redick,Matt Barnes,Ryan Anderson,4,8:08,ORL,shot,,,,,,,,,,J.J. Redick,,,,missed,,3pt,17,31
Brandon Rush,Earl Watson,Mike Dunleavy,Roy Hibbert,Troy Murphy,Anthony Johnson,Dwight Howard,J.J. Redick,Matt Barnes,Ryan Anderson,4,8:07,IND,rebound,,,,,,,,,,Troy Murphy,,,,,,def,,
Brandon Rush,Earl Watson,Mike Dunleavy,Roy Hibbert,Troy Murphy,Anthony Johnson,Dwight Howard,J.J. Redick,Matt Barnes,Ryan Anderson,4,7:56,IND,shot,Mike Dunleavy,,,,,,,,,Roy Hibbert,2,,,made,,turnaround hook,31,10
Brandon Rush,Earl Watson,Mike Dunleavy,Roy Hibbert,Troy Murphy,Anthony Johnson,Dwight Howard,J.J. Redick,Matt Barnes,Ryan Anderson,4,7:47,IND,violation,,,,,,,,,,Roy Hibbert,,,,,,defensive goaltending,,
Brandon Rush,Earl Watson,Mike Dunleavy,Roy Hibbert,Troy Murphy,Anthony Johnson,Dwight Howard,J.J. Redick,Matt Barnes,Ryan Anderson,4,7:47,ORL,shot,,,,,,,,,,Anthony Johnson,2,,,made,,driving layup,25,6
Brandon Rush,Earl Watson,Mike Dunleavy,Roy Hibbert,Troy Murphy,Anthony Johnson,Dwight Howard,J.J. Redick,Matt Barnes,Ryan Anderson,4,7:35,IND,shot,Troy Murphy,,,,,,,,,Mike Dunleavy,2,,,made,,jump,28,26
Brandon Rush,Earl Watson,Mike Dunleavy,Roy Hibbert,Troy Murphy,Anthony Johnson,Dwight Howard,J.J. Redick,Matt Barnes,Ryan Anderson,4,7:21,IND,foul,,,,,,,,Matt Barnes,,Mike Dunleavy,,,,,,personal,,
Brandon Rush,Earl Watson,Mike Dunleavy,Roy Hibbert,Troy Murphy,Anthony Johnson,Dwight Howard,J.J. Redick,Matt Barnes,Ryan Anderson,4,7:21,ORL,timeout,,,,,,,,,,,,,,,,official,,
Brandon Rush,Earl Watson,Jeff Foster,Roy Hibbert,Troy Murphy,Anthony Johnson,Dwight Howard,J.J. Redick,Matt Barnes,Ryan Anderson,4,7:21,IND,sub,,,,Jeff Foster,,Mike Dunleavy,,,,,,,,,,,,
Brandon Rush,Dahntay Jones,Earl Watson,Jeff Foster,Roy Hibbert,Anthony Johnson,Dwight Howard,J.J. Redick,Matt Barnes,Ryan Anderson,4,7:21,IND,sub,,,,Dahntay Jones,,Troy Murphy,,,,,,,,,,,,
Brandon Rush,Dahntay Jones,Earl Watson,Jeff Foster,Tyler Hansbrough,Anthony Johnson,Dwight Howard,J.J. Redick,Matt Barnes,Ryan Anderson,4,7:21,IND,sub,,,,Tyler Hansbrough,,Roy Hibbert,,,,,,,,,,,,
Brandon Rush,Dahntay Jones,Earl Watson,Jeff Foster,Tyler Hansbrough,Anthony Johnson,Dwight Howard,J.J. Redick,Matt Barnes,Ryan Anderson,4,7:09,ORL,shot,,,,,,,,,,Anthony Johnson,,,,missed,,3pt,37,27
Brandon Rush,Dahntay Jones,Earl Watson,Jeff Foster,Tyler Hansbrough,Anthony Johnson,Dwight Howard,J.J. Redick,Matt Barnes,Ryan Anderson,4,7:09,ORL,rebound,,,,,,,,,,,,,,,,,,
Brandon Rush,Dahntay Jones,Earl Watson,Jeff Foster,Tyler Hansbrough,Anthony Johnson,Dwight Howard,J.J. Redick,Matt Barnes,Ryan Anderson,4,7:09,IND,foul,,,,,,,,Dwight Howard,,Jeff Foster,,,,,,loose ball,,
Brandon Rush,Dahntay Jones,Earl Watson,Jeff Foster,Tyler Hansbrough,Anthony Johnson,Dwight Howard,J.J. Redick,Ryan Anderson,Vince Carter,4,7:09,ORL,sub,,,,Vince Carter,,Matt Barnes,,,,,,,,,,,,
Brandon Rush,Dahntay Jones,Earl Watson,Jeff Foster,Tyler Hansbrough,Anthony Johnson,Dwight Howard,J.J. Redick,Ryan Anderson,Vince Carter,4,7:09,ORL,free throw,,,,,,,1,,2,Dwight Howard,,,foul,made,,,,
Brandon Rush,Dahntay Jones,Earl Watson,Jeff Foster,Tyler Hansbrough,Anthony Johnson,Dwight Howard,J.J. Redick,Ryan Anderson,Vince Carter,4,7:09,ORL,free throw,,,,,,,2,,2,Dwight Howard,,,foul,made,,,,
Brandon Rush,Dahntay Jones,Earl Watson,Jeff Foster,Tyler Hansbrough,Anthony Johnson,Dwight Howard,J.J. Redick,Ryan Anderson,Vince Carter,4,6:53,IND,shot,,,,,,,,,,Tyler Hansbrough,2,,,made,,hook,24,15
Brandon Rush,Dahntay Jones,Earl Watson,Jeff Foster,Tyler Hansbrough,Anthony Johnson,Dwight Howard,J.J. Redick,Ryan Anderson,Vince Carter,4,6:34,ORL,shot,J.J. Redick,,,,,,,,,Anthony Johnson,3,,,made,,3pt,48,9
Brandon Rush,Dahntay Jones,Earl Watson,Jeff Foster,Tyler Hansbrough,Anthony Johnson,Dwight Howard,J.J. Redick,Ryan Anderson,Vince Carter,4,6:19,IND,shot,Brandon Rush,,,,,,,,,Earl Watson,3,,,made,,3pt,3,19
Brandon Rush,Dahntay Jones,Earl Watson,Jeff Foster,Tyler Hansbrough,Anthony Johnson,Dwight Howard,J.J. Redick,Ryan Anderson,Vince Carter,4,6:00,ORL,shot,,,,,,,,,,Vince Carter,2,,,made,,fade away bank,16,9
Brandon Rush,Dahntay Jones,Earl Watson,Jeff Foster,Tyler Hansbrough,Anthony Johnson,Dwight Howard,J.J. Redick,Ryan Anderson,Vince Carter,4,5:36,IND,turnover,,,,,,,,,,Earl Watson,,,lost ball,,Ryan Anderson,,,
Brandon Rush,Dahntay Jones,Earl Watson,Jeff Foster,Tyler Hansbrough,Anthony Johnson,Dwight Howard,J.J. Redick,Ryan Anderson,Vince Carter,4,5:26,ORL,shot,,,,,,,,,,Ryan Anderson,,,,missed,,3pt,21,31
Brandon Rush,Dahntay Jones,Earl Watson,Jeff Foster,Tyler Hansbrough,Anthony Johnson,Dwight Howard,J.J. Redick,Ryan Anderson,Vince Carter,4,5:24,IND,rebound,,,,,,,,,,Earl Watson,,,,,,def,,
Brandon Rush,Dahntay Jones,Earl Watson,Jeff Foster,Tyler Hansbrough,Anthony Johnson,Dwight Howard,J.J. Redick,Ryan Anderson,Vince Carter,4,5:23,IND,timeout,,,,,,,,,,,,,,,,regular,,
Brandon Rush,Dahntay Jones,Earl Watson,Troy Murphy,Tyler Hansbrough,Anthony Johnson,Dwight Howard,J.J. Redick,Ryan Anderson,Vince Carter,4,5:23,IND,sub,,,,Troy Murphy,,Jeff Foster,,,,,,,,,,,,
Brandon Rush,Dahntay Jones,T.J. Ford,Troy Murphy,Tyler Hansbrough,Anthony Johnson,Dwight Howard,J.J. Redick,Ryan Anderson,Vince Carter,4,5:23,IND,sub,,,,T.J. Ford,,Earl Watson,,,,,,,,,,,,
Brandon Rush,Dahntay Jones,T.J. Ford,Troy Murphy,Tyler Hansbrough,Anthony Johnson,Dwight Howard,J.J. Redick,Rashard Lewis,Vince Carter,4,5:23,ORL,sub,,,,Rashard Lewis,,Ryan Anderson,,,,,,,,,,,,
Brandon Rush,Dahntay Jones,T.J. Ford,Troy Murphy,Tyler Hansbrough,Anthony Johnson,Dwight Howard,J.J. Redick,Rashard Lewis,Vince Carter,4,5:14,ORL,foul,,,,,,,,T.J. Ford,,J.J. Redick,,,,,,personal,,
Brandon Rush,Dahntay Jones,T.J. Ford,Troy Murphy,Tyler Hansbrough,Anthony Johnson,Dwight Howard,J.J. Redick,Rashard Lewis,Vince Carter,4,4:59,IND,shot,,,,,,,,,,T.J. Ford,2,,,made,,jump,8,11
Brandon Rush,Dahntay Jones,T.J. Ford,Troy Murphy,Tyler Hansbrough,Anthony Johnson,Dwight Howard,J.J. Redick,Rashard Lewis,Vince Carter,4,4:38,ORL,shot,,,,,,,,,,Rashard Lewis,,,,missed,,jump,8,10
Brandon Rush,Dahntay Jones,T.J. Ford,Troy Murphy,Tyler Hansbrough,Anthony Johnson,Dwight Howard,J.J. Redick,Rashard Lewis,Vince Carter,4,4:37,IND,rebound,,,,,,,,,,Brandon Rush,,,,,,def,,
Brandon Rush,Dahntay Jones,T.J. Ford,Troy Murphy,Tyler Hansbrough,Anthony Johnson,Dwight Howard,J.J. Redick,Rashard Lewis,Vince Carter,4,4:13,IND,turnover,,,,,,,,,,,,,shot clock turnover,,,,,
Brandon Rush,Dahntay Jones,T.J. Ford,Troy Murphy,Tyler Hansbrough,Anthony Johnson,Dwight Howard,J.J. Redick,Rashard Lewis,Vince Carter,4,4:03,IND,foul,,,,,,,,Vince Carter,,Dahntay Jones,,,,,,personal,,
Brandon Rush,Dahntay Jones,T.J. Ford,Troy Murphy,Tyler Hansbrough,Anthony Johnson,Dwight Howard,J.J. Redick,Rashard Lewis,Vince Carter,4,4:03,ORL,free throw,,,,,,,1,,2,Vince Carter,,,foul,made,,,,
Brandon Rush,Dahntay Jones,T.J. Ford,Troy Murphy,Tyler Hansbrough,Anthony Johnson,Dwight Howard,J.J. Redick,Rashard Lewis,Vince Carter,4,4:03,ORL,free throw,,,,,,,2,,2,Vince Carter,,,foul,made,,,,
Brandon Rush,Dahntay Jones,T.J. Ford,Troy Murphy,Tyler Hansbrough,Anthony Johnson,Dwight Howard,J.J. Redick,Rashard Lewis,Vince Carter,4,3:50,IND,shot,,,Anthony Johnson,,,,,,,Tyler Hansbrough,,,,missed,,layup,25,6
Brandon Rush,Dahntay Jones,T.J. Ford,Troy Murphy,Tyler Hansbrough,Anthony Johnson,Dwight Howard,J.J. Redick,Rashard Lewis,Vince Carter,4,3:48,ORL,rebound,,,,,,,,,,Vince Carter,,,,,,def,,
Brandon Rush,Dahntay Jones,T.J. Ford,Troy Murphy,Tyler Hansbrough,Anthony Johnson,Dwight Howard,J.J. Redick,Rashard Lewis,Vince Carter,4,3:40,ORL,shot,,,,,,,,,,Vince Carter,,,,missed,,driving reverse layup,25,6
Brandon Rush,Dahntay Jones,T.J. Ford,Troy Murphy,Tyler Hansbrough,Anthony Johnson,Dwight Howard,J.J. Redick,Rashard Lewis,Vince Carter,4,3:39,IND,rebound,,,,,,,,,,Troy Murphy,,,,,,def,,
Brandon Rush,Dahntay Jones,T.J. Ford,Troy Murphy,Tyler Hansbrough,Anthony Johnson,Dwight Howard,J.J. Redick,Rashard Lewis,Vince Carter,4,3:33,IND,shot,,,,,,,,,,Brandon Rush,,,,missed,,3pt,42,26
Brandon Rush,Dahntay Jones,T.J. Ford,Troy Murphy,Tyler Hansbrough,Anthony Johnson,Dwight Howard,J.J. Redick,Rashard Lewis,Vince Carter,4,3:32,IND,rebound,,,,,,,,,,Dahntay Jones,,,,,,off,,
Brandon Rush,Dahntay Jones,T.J. Ford,Troy Murphy,Tyler Hansbrough,Anthony Johnson,Dwight Howard,J.J. Redick,Rashard Lewis,Vince Carter,4,3:29,IND,shot,,,Dwight Howard,,,,,,,Dahntay Jones,,,,missed,,jump,31,3
Brandon Rush,Dahntay Jones,T.J. Ford,Troy Murphy,Tyler Hansbrough,Anthony Johnson,Dwight Howard,J.J. Redick,Rashard Lewis,Vince Carter,4,3:29,ORL,rebound,,,,,,,,,,Dwight Howard,,,,,,def,,
Brandon Rush,Dahntay Jones,T.J. Ford,Troy Murphy,Tyler Hansbrough,Anthony Johnson,Dwight Howard,J.J. Redick,Rashard Lewis,Vince Carter,4,3:14,ORL,turnover,,,,,,,,,,Rashard Lewis,,,lost ball,,Troy Murphy,,,
Brandon Rush,Dahntay Jones,T.J. Ford,Troy Murphy,Tyler Hansbrough,Anthony Johnson,Dwight Howard,J.J. Redick,Rashard Lewis,Vince Carter,4,3:08,IND,turnover,,,,,,,,,,T.J. Ford,,,double dribble,,,,,
Brandon Rush,Dahntay Jones,T.J. Ford,Troy Murphy,Tyler Hansbrough,Anthony Johnson,Dwight Howard,J.J. Redick,Rashard Lewis,Vince Carter,4,2:54,IND,foul,,,,,,,,Vince Carter,,T.J. Ford,,,,,,shooting,,
Brandon Rush,Dahntay Jones,T.J. Ford,Troy Murphy,Tyler Hansbrough,Anthony Johnson,Dwight Howard,J.J. Redick,Rashard Lewis,Vince Carter,4,2:54,ORL,timeout,,,,,,,,,,,,,,,,regular,,
Brandon Rush,Mike Dunleavy,T.J. Ford,Troy Murphy,Tyler Hansbrough,Anthony Johnson,Dwight Howard,J.J. Redick,Rashard Lewis,Vince Carter,4,2:54,IND,sub,,,,Mike Dunleavy,,Dahntay Jones,,,,,,,,,,,,
Brandon Rush,Mike Dunleavy,T.J. Ford,Troy Murphy,Tyler Hansbrough,Anthony Johnson,Dwight Howard,J.J. Redick,Rashard Lewis,Vince Carter,4,2:54,ORL,free throw,,,,,,,1,,2,Vince Carter,,,foul,made,,,,
Brandon Rush,Mike Dunleavy,T.J. Ford,Troy Murphy,Tyler Hansbrough,Anthony Johnson,Dwight Howard,J.J. Redick,Rashard Lewis,Vince Carter,4,2:54,ORL,free throw,,,,,,,2,,2,Vince Carter,,,foul,made,,,,
Brandon Rush,Mike Dunleavy,T.J. Ford,Troy Murphy,Tyler Hansbrough,Anthony Johnson,Dwight Howard,J.J. Redick,Rashard Lewis,Vince Carter,4,2:41,IND,shot,,,,,,,,,,Mike Dunleavy,,,,missed,,jump,31,26
Brandon Rush,Mike Dunleavy,T.J. Ford,Troy Murphy,Tyler Hansbrough,Anthony Johnson,Dwight Howard,J.J. Redick,Rashard Lewis,Vince Carter,4,2:40,IND,rebound,,,,,,,,,,Tyler Hansbrough,,,,,,off,,
Brandon Rush,Mike Dunleavy,T.J. Ford,Troy Murphy,Tyler Hansbrough,Anthony Johnson,Dwight Howard,J.J. Redick,Rashard Lewis,Vince Carter,4,2:27,IND,shot,,,,,,,,,,Brandon Rush,,,,missed,,3pt,1,13
Brandon Rush,Mike Dunleavy,T.J. Ford,Troy Murphy,Tyler Hansbrough,Anthony Johnson,Dwight Howard,J.J. Redick,Rashard Lewis,Vince Carter,4,2:26,ORL,rebound,,,,,,,,,,Dwight Howard,,,,,,def,,
Brandon Rush,Mike Dunleavy,T.J. Ford,Troy Murphy,Tyler Hansbrough,Anthony Johnson,Dwight Howard,J.J. Redick,Rashard Lewis,Vince Carter,4,2:11,ORL,shot,Anthony Johnson,,,,,,,,,Rashard Lewis,3,,,made,,3pt,47,18
Brandon Rush,Mike Dunleavy,T.J. Ford,Troy Murphy,Tyler Hansbrough,Anthony Johnson,Dwight Howard,J.J. Redick,Rashard Lewis,Vince Carter,4,2:10,IND,timeout,,,,,,,,,,,,,,,,regular,,
Brandon Rush,Mike Dunleavy,T.J. Ford,Troy Murphy,Tyler Hansbrough,Anthony Johnson,Dwight Howard,J.J. Redick,Rashard Lewis,Vince Carter,4,1:46,IND,shot,,,,,,,,,,T.J. Ford,,,,missed,,jump,38,10
Brandon Rush,Mike Dunleavy,T.J. Ford,Troy Murphy,Tyler Hansbrough,Anthony Johnson,Dwight Howard,J.J. Redick,Rashard Lewis,Vince Carter,4,1:45,ORL,rebound,,,,,,,,,,Vince Carter,,,,,,def,,
Brandon Rush,Mike Dunleavy,T.J. Ford,Troy Murphy,Tyler Hansbrough,Anthony Johnson,Dwight Howard,J.J. Redick,Rashard Lewis,Vince Carter,4,1:27,ORL,shot,Vince Carter,,,,,,,,,J.J. Redick,3,,,made,,3pt,48,10
Brandon Rush,Mike Dunleavy,T.J. Ford,Troy Murphy,Tyler Hansbrough,Anthony Johnson,Dwight Howard,J.J. Redick,Rashard Lewis,Vince Carter,4,1:22,ORL,foul,,,,,,,,Mike Dunleavy,,J.J. Redick,,,,,,personal,,
Brandon Rush,Mike Dunleavy,T.J. Ford,Troy Murphy,Tyler Hansbrough,Anthony Johnson,Dwight Howard,J.J. Redick,Rashard Lewis,Vince Carter,4,1:14,IND,shot,,,,,,,,,,Tyler Hansbrough,,,,missed,,jump,40,21
Brandon Rush,Mike Dunleavy,T.J. Ford,Troy Murphy,Tyler Hansbrough,Anthony Johnson,Dwight Howard,J.J. Redick,Rashard Lewis,Vince Carter,4,1:13,ORL,rebound,,,,,,,,,,Dwight Howard,,,,,,def,,
Brandon Rush,Mike Dunleavy,T.J. Ford,Troy Murphy,Tyler Hansbrough,Anthony Johnson,Dwight Howard,J.J. Redick,Rashard Lewis,Vince Carter,4,0:49,ORL,shot,,,,,,,,,,Vince Carter,,,,missed,,jump bank,17,13
Brandon Rush,Mike Dunleavy,T.J. Ford,Troy Murphy,Tyler Hansbrough,Anthony Johnson,Dwight Howard,J.J. Redick,Rashard Lewis,Vince Carter,4,0:47,IND,rebound,,,,,,,,,,Mike Dunleavy,,,,,,def,,
Brandon Rush,Mike Dunleavy,T.J. Ford,Troy Murphy,Tyler Hansbrough,Anthony Johnson,Dwight Howard,J.J. Redick,Rashard Lewis,Vince Carter,4,0:46,IND,timeout,,,,,,,,,,,,,,,,regular,,
Brandon Rush,Mike Dunleavy,T.J. Ford,Troy Murphy,Tyler Hansbrough,Anthony Johnson,Dwight Howard,J.J. Redick,Rashard Lewis,Vince Carter,4,0:44,IND,shot,,,,,,,,,,Tyler Hansbrough,,,,missed,,3pt,20,31
Brandon Rush,Mike Dunleavy,T.J. Ford,Troy Murphy,Tyler Hansbrough,Anthony Johnson,Dwight Howard,J.J. Redick,Rashard Lewis,Vince Carter,4,0:42,IND,rebound,,,,,,,,,,T.J. Ford,,,,,,off,,
Brandon Rush,Mike Dunleavy,T.J. Ford,Troy Murphy,Tyler Hansbrough,Anthony Johnson,Dwight Howard,J.J. Redick,Rashard Lewis,Vince Carter,4,0:39,IND,shot,,,,,,,,,,Troy Murphy,,,,missed,,3pt,29,32
Brandon Rush,Mike Dunleavy,T.J. Ford,Troy Murphy,Tyler Hansbrough,Anthony Johnson,Dwight Howard,J.J. Redick,Rashard Lewis,Vince Carter,4,0:38,ORL,rebound,,,,,,,,,,Anthony Johnson,,,,,,def,,
Brandon Rush,Mike Dunleavy,T.J. Ford,Troy Murphy,Tyler Hansbrough,Anthony Johnson,Dwight Howard,J.J. Redick,Rashard Lewis,Vince Carter,4,0:36,ORL,shot,Anthony Johnson,,,,,,,,,Rashard Lewis,2,,,made,,dunk,25,6
Brandon Rush,Mike Dunleavy,T.J. Ford,Troy Murphy,Tyler Hansbrough,Anthony Johnson,Dwight Howard,J.J. Redick,Rashard Lewis,Vince Carter,4,0:28,ORL,foul,,,,,,,,Mike Dunleavy,,J.J. Redick,,,,,,shooting,,
Brandon Rush,Mike Dunleavy,T.J. Ford,Troy Murphy,Tyler Hansbrough,Anthony Johnson,Dwight Howard,J.J. Redick,Rashard Lewis,Vince Carter,4,0:28,IND,free throw,,,,,,,1,,2,Mike Dunleavy,,,foul,made,,,,
Brandon Rush,Mike Dunleavy,T.J. Ford,Troy Murphy,Tyler Hansbrough,Anthony Johnson,Dwight Howard,J.J. Redick,Rashard Lewis,Vince Carter,4,0:28,IND,free throw,,,,,,,2,,2,Mike Dunleavy,,,foul,made,,,,
Brandon Rush,Mike Dunleavy,T.J. Ford,Troy Murphy,Tyler Hansbrough,Anthony Johnson,Dwight Howard,J.J. Redick,Rashard Lewis,Vince Carter,4,0:05,ORL,shot,,,,,,,,,,Anthony Johnson,,,,missed,,driving layup,25,6
Brandon Rush,Mike Dunleavy,T.J. Ford,Troy Murphy,Tyler Hansbrough,Anthony Johnson,Dwight Howard,J.J. Redick,Rashard Lewis,Vince Carter,4,0:05,ORL,rebound,,,,,,,,,,Dwight Howard,,,,,,off,,
Brandon Rush,Mike Dunleavy,T.J. Ford,Troy Murphy,Tyler Hansbrough,Anthony Johnson,Dwight Howard,J.J. Redick,Rashard Lewis,Vince Carter,4,0:05,ORL,shot,,,,,,,,,,Dwight Howard,,,,missed,,tip,25,6
Brandon Rush,Mike Dunleavy,T.J. Ford,Troy Murphy,Tyler Hansbrough,Anthony Johnson,Dwight Howard,J.J. Redick,Rashard Lewis,Vince Carter,4,0:04,ORL,rebound,,,,,,,,,,,,,,,,,,
Brandon Rush,Mike Dunleavy,T.J. Ford,Troy Murphy,Tyler Hansbrough,Anthony Johnson,Dwight Howard,J.J. Redick,Rashard Lewis,Vince Carter,4,0:04,ORL,turnover,,,,,,,,,,,,,shot clock turnover,,,,,
