a1,a2,a3,a4,a5,h1,h2,h3,h4,h5,period,time,team,etype,assist,away,block,entered,home,left,num,opponent,outof,player,points,possession,reason,result,steal,type,x,y
Andrew Bogut,Brandon Jennings,Carlos Delfino,Ersan Ilyasova,Michael Redd,Boris Diaw,Gerald Wallace,Nazr Mohammed,Raymond Felton,Stephen Jackson,1,12:00,OFF,jump ball,,Andrew Bogut,,,Nazr Mohammed,,,,,,,Ersan Ilyasova,,,,,,
Andrew Bogut,Brandon Jennings,Carlos Delfino,Ersan Ilyasova,Michael Redd,Boris Diaw,Gerald Wallace,Nazr Mohammed,Raymond Felton,Stephen Jackson,1,11:45,MIL,shot,,,,,,,,,,Andrew Bogut,,,,missed,,layup,25,6
Andrew Bogut,Brandon Jennings,Carlos Delfino,Ersan Ilyasova,Michael Redd,Boris Diaw,Gerald Wallace,Nazr Mohammed,Raymond Felton,Stephen Jackson,1,11:44,CHA,rebound,,,,,,,,,,Gerald Wallace,,,,,,def,,
Andrew Bogut,Brandon Jennings,Carlos Delfino,Ersan Ilyasova,Michael Redd,Boris Diaw,Gerald Wallace,Nazr Mohammed,Raymond Felton,Stephen Jackson,1,11:35,MIL,foul,,,,,,,,Gerald Wallace,,Michael Redd,,,,,,shooting,,
Andrew Bogut,Brandon Jennings,Carlos Delfino,Ersan Ilyasova,Michael Redd,Boris Diaw,Gerald Wallace,Nazr Mohammed,Raymond Felton,Stephen Jackson,1,11:35,CHA,free throw,,,,,,,1,,2,Gerald Wallace,,,foul,missed,,,,
Andrew Bogut,Brandon Jennings,Carlos Delfino,Ersan Ilyasova,Michael Redd,Boris Diaw,Gerald Wallace,Nazr Mohammed,Raymond Felton,Stephen Jackson,1,11:35,CHA,rebound,,,,,,,,,,,,,,,,,,
Andrew Bogut,Brandon Jennings,Carlos Delfino,Ersan Ilyasova,Michael Redd,Boris Diaw,Gerald Wallace,Nazr Mohammed,Raymond Felton,Stephen Jackson,1,11:35,CHA,free throw,,,,,,,2,,2,Gerald Wallace,,,foul,made,,,,
Andrew Bogut,Brandon Jennings,Carlos Delfino,Ersan Ilyasova,Michael Redd,Boris Diaw,Gerald Wallace,Nazr Mohammed,Raymond Felton,Stephen Jackson,1,11:19,MIL,shot,,,,,,,,,,Carlos Delfino,,,,missed,,jump,7,18
Andrew Bogut,Brandon Jennings,Carlos Delfino,Ersan Ilyasova,Michael Redd,Boris Diaw,Gerald Wallace,Nazr Mohammed,Raymond Felton,Stephen Jackson,1,11:18,CHA,rebound,,,,,,,,,,Gerald Wallace,,,,,,def,,
Andrew Bogut,Brandon Jennings,Carlos Delfino,Ersan Ilyasova,Michael Redd,Boris Diaw,Gerald Wallace,Nazr Mohammed,Raymond Felton,Stephen Jackson,1,11:09,CHA,shot,Boris Diaw,,,,,,,,,Raymond Felton,3,,,made,,3pt,39,27
Andrew Bogut,Brandon Jennings,Carlos Delfino,Ersan Ilyasova,Michael Redd,Boris Diaw,Gerald Wallace,Nazr Mohammed,Raymond Felton,Stephen Jackson,1,10:56,MIL,shot,Andrew Bogut,,,,,,,,,Ersan Ilyasova,3,,,made,,3pt,7,24
Andrew Bogut,Brandon Jennings,Carlos Delfino,Ersan Ilyasova,Michael Redd,Boris Diaw,Gerald Wallace,Nazr Mohammed,Raymond Felton,Stephen Jackson,1,10:33,CHA,turnover,,,,,,,,,,Nazr Mohammed,,,traveling,,,,,
Andrew Bogut,Brandon Jennings,Carlos Delfino,Ersan Ilyasova,Michael Redd,Boris Diaw,Gerald Wallace,Nazr Mohammed,Raymond Felton,Stephen Jackson,1,10:21,MIL,foul,,,,,,,,Raymond Felton,,Brandon Jennings,,,,,,offensive,,
Andrew Bogut,Brandon Jennings,Carlos Delfino,Ersan Ilyasova,Michael Redd,Boris Diaw,Gerald Wallace,Nazr Mohammed,Raymond Felton,Stephen Jackson,1,10:21,MIL,turnover,,,,,,,,,,Brandon Jennings,,,foul,,,,,
Andrew Bogut,Brandon Jennings,Carlos Delfino,Ersan Ilyasova,Michael Redd,Boris Diaw,Gerald Wallace,Nazr Mohammed,Raymond Felton,Stephen Jackson,1,10:00,CHA,shot,Boris Diaw,,,,,,,,,Raymond Felton,2,,,made,,turnaround fade away,36,8
Andrew Bogut,Brandon Jennings,Carlos Delfino,Ersan Ilyasova,Michael Redd,Boris Diaw,Gerald Wallace,Nazr Mohammed,Raymond Felton,Stephen Jackson,1,9:41,MIL,shot,,,,,,,,,,Michael Redd,,,,missed,,3pt,48,7
Andrew Bogut,Brandon Jennings,Carlos Delfino,Ersan Ilyasova,Michael Redd,Boris Diaw,Gerald Wallace,Nazr Mohammed,Raymond Felton,Stephen Jackson,1,9:39,CHA,rebound,,,,,,,,,,Gerald Wallace,,,,,,def,,
Andrew Bogut,Brandon Jennings,Carlos Delfino,Ersan Ilyasova,Michael Redd,Boris Diaw,Gerald Wallace,Nazr Mohammed,Raymond Felton,Stephen Jackson,1,9:35,CHA,shot,,,,,,,,,,Gerald Wallace,2,,,made,,layup,25,6
Andrew Bogut,Brandon Jennings,Carlos Delfino,Ersan Ilyasova,Michael Redd,Boris Diaw,Gerald Wallace,Nazr Mohammed,Raymond Felton,Stephen Jackson,1,9:12,CHA,foul,,,,,,,,Andrew Bogut,,Nazr Mohammed,,,,,,shooting,,
Andrew Bogut,Brandon Jennings,Carlos Delfino,Ersan Ilyasova,Michael Redd,Boris Diaw,Gerald Wallace,Nazr Mohammed,Raymond Felton,Stephen Jackson,1,9:12,MIL,free throw,,,,,,,1,,2,Andrew Bogut,,,foul,missed,,,,
Andrew Bogut,Brandon Jennings,Carlos Delfino,Ersan Ilyasova,Michael Redd,Boris Diaw,Gerald Wallace,Nazr Mohammed,Raymond Felton,Stephen Jackson,1,9:12,MIL,rebound,,,,,,,,,,,,,,,,,,
Andrew Bogut,Brandon Jennings,Carlos Delfino,Ersan Ilyasova,Michael Redd,Boris Diaw,Gerald Wallace,Nazr Mohammed,Raymond Felton,Stephen Jackson,1,9:12,MIL,free throw,,,,,,,2,,2,Andrew Bogut,,,foul,missed,,,,
Andrew Bogut,Brandon Jennings,Carlos Delfino,Ersan Ilyasova,Michael Redd,Boris Diaw,Gerald Wallace,Nazr Mohammed,Raymond Felton,Stephen Jackson,1,9:11,CHA,rebound,,,,,,,,,,Gerald Wallace,,,,,,def,,
Andrew Bogut,Brandon Jennings,Carlos Delfino,Ersan Ilyasova,Michael Redd,Boris Diaw,Gerald Wallace,Nazr Mohammed,Raymond Felton,Stephen Jackson,1,8:51,CHA,shot,,,Carlos Delfino,,,,,,,Stephen Jackson,,,,missed,,layup,25,6
Andrew Bogut,Brandon Jennings,Carlos Delfino,Ersan Ilyasova,Michael Redd,Boris Diaw,Gerald Wallace,Nazr Mohammed,Raymond Felton,Stephen Jackson,1,8:48,MIL,rebound,,,,,,,,,,Andrew Bogut,,,,,,def,,
Andrew Bogut,Brandon Jennings,Carlos Delfino,Ersan Ilyasova,Michael Redd,Boris Diaw,Gerald Wallace,Nazr Mohammed,Raymond Felton,Stephen Jackson,1,8:44,MIL,shot,,,,,,,,,,Michael Redd,,,,missed,,3pt,3,20
Andrew Bogut,Brandon Jennings,Carlos Delfino,Ersan Ilyasova,Michael Redd,Boris Diaw,Gerald Wallace,Nazr Mohammed,Raymond Felton,Stephen Jackson,1,8:44,CHA,rebound,,,,,,,,,,,,,,,,,,
Andrew Bogut,Brandon Jennings,Carlos Delfino,Ersan Ilyasova,Michael Redd,Boris Diaw,Gerald Wallace,Nazr Mohammed,Raymond Felton,Stephen Jackson,1,8:40,CHA,turnover,,,,,,,,,,Stephen Jackson,,,bad pass,,Michael Redd,,,
Andrew Bogut,Brandon Jennings,Carlos Delfino,Ersan Ilyasova,Michael Redd,Boris Diaw,Gerald Wallace,Nazr Mohammed,Raymond Felton,Stephen Jackson,1,8:31,MIL,shot,,,,,,,,,,Ersan Ilyasova,,,,missed,,3pt,2,7
Andrew Bogut,Brandon Jennings,Carlos Delfino,Ersan Ilyasova,Michael Redd,Boris Diaw,Gerald Wallace,Nazr Mohammed,Raymond Felton,Stephen Jackson,1,8:30,MIL,rebound,,,,,,,,,,Andrew Bogut,,,,,,off,,
Andrew Bogut,Brandon Jennings,Carlos Delfino,Ersan Ilyasova,Michael Redd,Boris Diaw,Gerald Wallace,Nazr Mohammed,Raymond Felton,Stephen Jackson,1,8:22,MIL,shot,,,,,,,,,,Andrew Bogut,,,,missed,,jump,27,11
Andrew Bogut,Brandon Jennings,Carlos Delfino,Ersan Ilyasova,Michael Redd,Boris Diaw,Gerald Wallace,Nazr Mohammed,Raymond Felton,Stephen Jackson,1,8:22,CHA,rebound,,,,,,,,,,,,,,,,,,
Andrew Bogut,Brandon Jennings,Carlos Delfino,Ersan Ilyasova,Michael Redd,Boris Diaw,Gerald Wallace,Nazr Mohammed,Raymond Felton,Stephen Jackson,1,8:22,MIL,foul,,,,,,,,Boris Diaw,,Ersan Ilyasova,,,,,,loose ball,,
Andrew Bogut,Brandon Jennings,Carlos Delfino,Ersan Ilyasova,Michael Redd,Boris Diaw,Gerald Wallace,Nazr Mohammed,Raymond Felton,Stephen Jackson,1,8:09,CHA,shot,Stephen Jackson,,,,,,,,,Gerald Wallace,2,,,made,,jump,10,19
Andrew Bogut,Brandon Jennings,Carlos Delfino,Ersan Ilyasova,Michael Redd,Boris Diaw,Gerald Wallace,Nazr Mohammed,Raymond Felton,Stephen Jackson,1,7:52,MIL,shot,,,,,,,,,,Carlos Delfino,,,,missed,,3pt,1,13
Andrew Bogut,Brandon Jennings,Carlos Delfino,Ersan Ilyasova,Michael Redd,Boris Diaw,Gerald Wallace,Nazr Mohammed,Raymond Felton,Stephen Jackson,1,7:51,CHA,rebound,,,,,,,,,,Stephen Jackson,,,,,,def,,
Andrew Bogut,Brandon Jennings,Carlos Delfino,Ersan Ilyasova,Michael Redd,Boris Diaw,Gerald Wallace,Nazr Mohammed,Raymond Felton,Stephen Jackson,1,7:43,CHA,turnover,,,,,,,,,,Stephen Jackson,,,lost ball,,Ersan Ilyasova,,,
Andrew Bogut,Brandon Jennings,Carlos Delfino,Ersan Ilyasova,Michael Redd,Boris Diaw,Gerald Wallace,Nazr Mohammed,Raymond Felton,Stephen Jackson,1,7:37,MIL,shot,,,,,,,,,,Ersan Ilyasova,,,,missed,,layup,25,6
Andrew Bogut,Brandon Jennings,Carlos Delfino,Ersan Ilyasova,Michael Redd,Boris Diaw,Gerald Wallace,Nazr Mohammed,Raymond Felton,Stephen Jackson,1,7:36,MIL,rebound,,,,,,,,,,Carlos Delfino,,,,,,off,,
Andrew Bogut,Brandon Jennings,Carlos Delfino,Ersan Ilyasova,Michael Redd,Boris Diaw,Gerald Wallace,Nazr Mohammed,Raymond Felton,Stephen Jackson,1,7:36,MIL,shot,,,,,,,,,,Carlos Delfino,2,,,made,,tip,25,6
Andrew Bogut,Brandon Jennings,Carlos Delfino,Ersan Ilyasova,Michael Redd,Boris Diaw,Gerald Wallace,Nazr Mohammed,Raymond Felton,Stephen Jackson,1,7:12,CHA,shot,,,,,,,,,,Gerald Wallace,,,,missed,,3pt,15,29
Andrew Bogut,Brandon Jennings,Carlos Delfino,Ersan Ilyasova,Michael Redd,Boris Diaw,Gerald Wallace,Nazr Mohammed,Raymond Felton,Stephen Jackson,1,7:11,MIL,rebound,,,,,,,,,,,,,,,,,,
Andrew Bogut,Brandon Jennings,Carlos Delfino,Ersan Ilyasova,Michael Redd,Boris Diaw,Gerald Wallace,Nazr Mohammed,Raymond Felton,Stephen Jackson,1,7:00,MIL,turnover,,,,,,,,,,Brandon Jennings,,,bad pass,,,,,
Andrew Bogut,Brandon Jennings,Carlos Delfino,Ersan Ilyasova,Michael Redd,Boris Diaw,Gerald Wallace,Nazr Mohammed,Raymond Felton,Stephen Jackson,1,6:39,CHA,shot,,,,,,,,,,Nazr Mohammed,,,,missed,,jump,15,21
Andrew Bogut,Brandon Jennings,Carlos Delfino,Ersan Ilyasova,Michael Redd,Boris Diaw,Gerald Wallace,Nazr Mohammed,Raymond Felton,Stephen Jackson,1,6:37,MIL,rebound,,,,,,,,,,Ersan Ilyasova,,,,,,def,,
Andrew Bogut,Brandon Jennings,Carlos Delfino,Ersan Ilyasova,Michael Redd,Boris Diaw,Gerald Wallace,Nazr Mohammed,Raymond Felton,Stephen Jackson,1,6:34,CHA,foul,,,,,,,,Andrew Bogut,,Nazr Mohammed,,,,,,personal,,
Andrew Bogut,Brandon Jennings,Carlos Delfino,Ersan Ilyasova,Michael Redd,Boris Diaw,DeSagana Diop,Gerald Wallace,Raymond Felton,Stephen Jackson,1,6:34,CHA,sub,,,,DeSagana Diop,,Nazr Mohammed,,,,,,,,,,,,
Andrew Bogut,Brandon Jennings,Carlos Delfino,Ersan Ilyasova,Michael Redd,Boris Diaw,DeSagana Diop,Gerald Wallace,Raymond Felton,Stephen Jackson,1,6:22,MIL,shot,,,,,,,,,,Ersan Ilyasova,,,,missed,,jump,10,19
Andrew Bogut,Brandon Jennings,Carlos Delfino,Ersan Ilyasova,Michael Redd,Boris Diaw,DeSagana Diop,Gerald Wallace,Raymond Felton,Stephen Jackson,1,6:21,CHA,rebound,,,,,,,,,,Gerald Wallace,,,,,,def,,
Andrew Bogut,Brandon Jennings,Carlos Delfino,Ersan Ilyasova,Michael Redd,Boris Diaw,DeSagana Diop,Gerald Wallace,Raymond Felton,Stephen Jackson,1,6:08,CHA,shot,,,,,,,,,,Stephen Jackson,,,,missed,,jump,24,22
Andrew Bogut,Brandon Jennings,Carlos Delfino,Ersan Ilyasova,Michael Redd,Boris Diaw,DeSagana Diop,Gerald Wallace,Raymond Felton,Stephen Jackson,1,6:07,MIL,rebound,,,,,,,,,,Ersan Ilyasova,,,,,,def,,
Andrew Bogut,Brandon Jennings,Carlos Delfino,Ersan Ilyasova,Michael Redd,Boris Diaw,DeSagana Diop,Gerald Wallace,Raymond Felton,Stephen Jackson,1,5:58,MIL,shot,,,,,,,,,,Brandon Jennings,2,,,made,,driving reverse layup,25,6
Andrew Bogut,Brandon Jennings,Carlos Delfino,Ersan Ilyasova,Michael Redd,Boris Diaw,DeSagana Diop,Gerald Wallace,Raymond Felton,Stephen Jackson,1,5:43,CHA,foul,,,,,,,,Andrew Bogut,,Gerald Wallace,,,,,,offensive,,
Andrew Bogut,Brandon Jennings,Carlos Delfino,Ersan Ilyasova,Michael Redd,Boris Diaw,DeSagana Diop,Gerald Wallace,Raymond Felton,Stephen Jackson,1,5:43,CHA,turnover,,,,,,,,,,Gerald Wallace,,,foul,,,,,
Andrew Bogut,Brandon Jennings,Carlos Delfino,Ersan Ilyasova,Michael Redd,Boris Diaw,DeSagana Diop,Gerald Wallace,Raymond Felton,Stephen Jackson,1,5:43,CHA,timeout,,,,,,,,,,,,,,,,regular,,
Andrew Bogut,Brandon Jennings,Carlos Delfino,Ersan Ilyasova,Michael Redd,Boris Diaw,DeSagana Diop,Gerald Wallace,Raymond Felton,Stephen Jackson,1,5:31,MIL,shot,,,Stephen Jackson,,,,,,,Andrew Bogut,,,,missed,,layup,25,6
Andrew Bogut,Brandon Jennings,Carlos Delfino,Ersan Ilyasova,Michael Redd,Boris Diaw,DeSagana Diop,Gerald Wallace,Raymond Felton,Stephen Jackson,1,5:26,MIL,rebound,,,,,,,,,,Carlos Delfino,,,,,,off,,
Andrew Bogut,Brandon Jennings,Carlos Delfino,Ersan Ilyasova,Michael Redd,Boris Diaw,DeSagana Diop,Gerald Wallace,Raymond Felton,Stephen Jackson,1,5:24,MIL,shot,Carlos Delfino,,,,,,,,,Brandon Jennings,2,,,made,,jump,38,18
Andrew Bogut,Brandon Jennings,Carlos Delfino,Ersan Ilyasova,Michael Redd,Boris Diaw,DeSagana Diop,Gerald Wallace,Raymond Felton,Stephen Jackson,1,5:07,CHA,shot,,,,,,,,,,Gerald Wallace,2,,,made,,jump bank,40,17
Andrew Bogut,Brandon Jennings,Carlos Delfino,Ersan Ilyasova,Michael Redd,Boris Diaw,DeSagana Diop,Gerald Wallace,Raymond Felton,Stephen Jackson,1,4:56,MIL,shot,,,,,,,,,,Brandon Jennings,3,,,made,,3pt,17,31
Andrew Bogut,Brandon Jennings,Carlos Delfino,Ersan Ilyasova,Michael Redd,Boris Diaw,DeSagana Diop,Gerald Wallace,Raymond Felton,Stephen Jackson,1,4:39,CHA,turnover,,,,,,,,,,Boris Diaw,,,bad pass,,Michael Redd,,,
Andrew Bogut,Brandon Jennings,Carlos Delfino,Ersan Ilyasova,Michael Redd,Boris Diaw,DeSagana Diop,Gerald Wallace,Raymond Felton,Stephen Jackson,1,4:34,MIL,foul,,,,,,,,Gerald Wallace,,Carlos Delfino,,,,,,offensive,,
Andrew Bogut,Brandon Jennings,Carlos Delfino,Ersan Ilyasova,Michael Redd,Boris Diaw,DeSagana Diop,Gerald Wallace,Raymond Felton,Stephen Jackson,1,4:34,MIL,turnover,,,,,,,,,,Carlos Delfino,,,foul,,,,,
Andrew Bogut,Brandon Jennings,Carlos Delfino,Ersan Ilyasova,Jodie Meeks,Boris Diaw,DeSagana Diop,Gerald Wallace,Raymond Felton,Stephen Jackson,1,4:34,MIL,sub,,,,Jodie Meeks,,Michael Redd,,,,,,,,,,,,
Andrew Bogut,Brandon Jennings,Carlos Delfino,Ersan Ilyasova,Jodie Meeks,Boris Diaw,DeSagana Diop,Gerald Wallace,Raymond Felton,Stephen Jackson,1,4:20,CHA,shot,,,,,,,,,,Stephen Jackson,,,,missed,,jump,29,14
Andrew Bogut,Brandon Jennings,Carlos Delfino,Ersan Ilyasova,Jodie Meeks,Boris Diaw,DeSagana Diop,Gerald Wallace,Raymond Felton,Stephen Jackson,1,4:19,MIL,rebound,,,,,,,,,,Jodie Meeks,,,,,,def,,
Andrew Bogut,Brandon Jennings,Carlos Delfino,Ersan Ilyasova,Jodie Meeks,Boris Diaw,DeSagana Diop,Gerald Wallace,Raymond Felton,Stephen Jackson,1,4:15,MIL,shot,Brandon Jennings,,,,,,,,,Ersan Ilyasova,2,,,made,,layup,25,6
Andrew Bogut,Brandon Jennings,Carlos Delfino,Ersan Ilyasova,Jodie Meeks,Boris Diaw,DeSagana Diop,Gerald Wallace,Raymond Felton,Stephen Jackson,1,3:54,CHA,shot,,,,,,,,,,DeSagana Diop,,,,missed,,layup,25,6
Andrew Bogut,Brandon Jennings,Carlos Delfino,Ersan Ilyasova,Jodie Meeks,Boris Diaw,DeSagana Diop,Gerald Wallace,Raymond Felton,Stephen Jackson,1,3:52,CHA,rebound,,,,,,,,,,Raymond Felton,,,,,,off,,
Andrew Bogut,Brandon Jennings,Carlos Delfino,Ersan Ilyasova,Jodie Meeks,Boris Diaw,DeSagana Diop,Gerald Wallace,Raymond Felton,Stephen Jackson,1,3:52,CHA,shot,,,,,,,,,,Raymond Felton,2,,,made,,tip,25,6
Andrew Bogut,Brandon Jennings,Carlos Delfino,Ersan Ilyasova,Jodie Meeks,Boris Diaw,DeSagana Diop,Gerald Wallace,Raymond Felton,Stephen Jackson,1,3:45,MIL,shot,,,,,,,,,,Jodie Meeks,,,,missed,,jump,41,12
Andrew Bogut,Brandon Jennings,Carlos Delfino,Ersan Ilyasova,Jodie Meeks,Boris Diaw,DeSagana Diop,Gerald Wallace,Raymond Felton,Stephen Jackson,1,3:42,MIL,rebound,,,,,,,,,,Ersan Ilyasova,,,,,,off,,
Andrew Bogut,Brandon Jennings,Carlos Delfino,Ersan Ilyasova,Jodie Meeks,Boris Diaw,DeSagana Diop,Gerald Wallace,Raymond Felton,Stephen Jackson,1,3:42,MIL,turnover,,,,,,,,,,Ersan Ilyasova,,,out of bounds lost ball turnover,,,,,
Andrew Bogut,Brandon Jennings,Carlos Delfino,Ersan Ilyasova,Jodie Meeks,Boris Diaw,DeSagana Diop,Gerald Wallace,Raymond Felton,Stephen Jackson,1,3:25,CHA,shot,Boris Diaw,,,,,,,,,Gerald Wallace,2,,,made,,jump,16,23
Andrew Bogut,Brandon Jennings,Carlos Delfino,Ersan Ilyasova,Jodie Meeks,Boris Diaw,DeSagana Diop,Gerald Wallace,Raymond Felton,Stephen Jackson,1,3:09,MIL,shot,,,,,,,,,,Ersan Ilyasova,,,,missed,,3pt,5,23
Andrew Bogut,Brandon Jennings,Carlos Delfino,Ersan Ilyasova,Jodie Meeks,Boris Diaw,DeSagana Diop,Gerald Wallace,Raymond Felton,Stephen Jackson,1,3:07,MIL,rebound,,,,,,,,,,Carlos Delfino,,,,,,off,,
Andrew Bogut,Brandon Jennings,Charlie Bell,Ersan Ilyasova,Jodie Meeks,Boris Diaw,DeSagana Diop,Gerald Wallace,Raymond Felton,Stephen Jackson,1,3:06,MIL,sub,,,,Charlie Bell,,Carlos Delfino,,,,,,,,,,,,
Andrew Bogut,Brandon Jennings,Charlie Bell,Hakim Warrick,Jodie Meeks,Boris Diaw,DeSagana Diop,Gerald Wallace,Raymond Felton,Stephen Jackson,1,3:06,MIL,sub,,,,Hakim Warrick,,Ersan Ilyasova,,,,,,,,,,,,
Andrew Bogut,Brandon Jennings,Charlie Bell,Hakim Warrick,Jodie Meeks,Boris Diaw,DeSagana Diop,Gerald Wallace,Raymond Felton,Stephen Jackson,1,3:00,MIL,shot,,,,,,,,,,Hakim Warrick,,,,missed,,jump,11,20
Andrew Bogut,Brandon Jennings,Charlie Bell,Hakim Warrick,Jodie Meeks,Boris Diaw,DeSagana Diop,Gerald Wallace,Raymond Felton,Stephen Jackson,1,2:59,CHA,rebound,,,,,,,,,,DeSagana Diop,,,,,,def,,
Andrew Bogut,Brandon Jennings,Charlie Bell,Hakim Warrick,Jodie Meeks,Boris Diaw,DeSagana Diop,Gerald Wallace,Raymond Felton,Stephen Jackson,1,2:47,CHA,shot,,,,,,,,,,Stephen Jackson,,,,missed,,3pt,8,26
Andrew Bogut,Brandon Jennings,Charlie Bell,Hakim Warrick,Jodie Meeks,Boris Diaw,DeSagana Diop,Gerald Wallace,Raymond Felton,Stephen Jackson,1,2:47,CHA,rebound,,,,,,,,,,,,,,,,,,
Andrew Bogut,Brandon Jennings,Charlie Bell,Hakim Warrick,Jodie Meeks,Boris Diaw,DeSagana Diop,Gerald Wallace,Raymond Felton,Stephen Jackson,1,2:47,MIL,foul,,,,,,,,Boris Diaw,,Hakim Warrick,,,,,,loose ball,,
Andrew Bogut,Brandon Jennings,Charlie Bell,Hakim Warrick,Jodie Meeks,Boris Diaw,DeSagana Diop,Gerald Wallace,Raymond Felton,Stephen Jackson,1,2:47,MIL,timeout,,,,,,,,,,,,,,,,regular,,
Andrew Bogut,Brandon Jennings,Charlie Bell,Hakim Warrick,Jodie Meeks,Boris Diaw,DeSagana Diop,Gerald Wallace,Raymond Felton,Stephen Jackson,1,2:36,CHA,shot,,,,,,,,,,Boris Diaw,,,,missed,,jump,9,13
Andrew Bogut,Brandon Jennings,Charlie Bell,Hakim Warrick,Jodie Meeks,Boris Diaw,DeSagana Diop,Gerald Wallace,Raymond Felton,Stephen Jackson,1,2:34,CHA,rebound,,,,,,,,,,DeSagana Diop,,,,,,off,,
Andrew Bogut,Brandon Jennings,Charlie Bell,Hakim Warrick,Jodie Meeks,Boris Diaw,DeSagana Diop,Gerald Wallace,Raymond Felton,Stephen Jackson,1,2:26,CHA,turnover,,,,,,,,,,Stephen Jackson,,,traveling,,,,,
Andrew Bogut,Brandon Jennings,Charlie Bell,Hakim Warrick,Jodie Meeks,Boris Diaw,DeSagana Diop,Gerald Wallace,Raymond Felton,Stephen Jackson,1,2:12,MIL,shot,,,,,,,,,,Hakim Warrick,2,,,made,,jump,23,12
Andrew Bogut,Brandon Jennings,Charlie Bell,Hakim Warrick,Jodie Meeks,Boris Diaw,DeSagana Diop,Gerald Wallace,Raymond Felton,Stephen Jackson,1,1:57,CHA,shot,,,,,,,,,,Boris Diaw,,,,missed,,jump,20,26
Andrew Bogut,Brandon Jennings,Charlie Bell,Hakim Warrick,Jodie Meeks,Boris Diaw,DeSagana Diop,Gerald Wallace,Raymond Felton,Stephen Jackson,1,1:56,MIL,rebound,,,,,,,,,,Andrew Bogut,,,,,,def,,
Andrew Bogut,Brandon Jennings,Charlie Bell,Hakim Warrick,Jodie Meeks,Boris Diaw,DeSagana Diop,Gerald Wallace,Raymond Felton,Stephen Jackson,1,1:35,MIL,shot,,,,,,,,,,Hakim Warrick,2,,,made,,turnaround fade away,39,12
Andrew Bogut,Brandon Jennings,Charlie Bell,Hakim Warrick,Jodie Meeks,Boris Diaw,DeSagana Diop,Gerald Wallace,Raymond Felton,Stephen Jackson,1,1:22,CHA,shot,Stephen Jackson,,,,,,,,,DeSagana Diop,2,,,made,,reverse layup,25,6
Andrew Bogut,Brandon Jennings,Charlie Bell,Hakim Warrick,Jodie Meeks,Boris Diaw,DeSagana Diop,Gerald Wallace,Raymond Felton,Stephen Jackson,1,1:14,MIL,turnover,,,,,,,,,,Brandon Jennings,,,out of bounds lost ball turnover,,,,,
Andrew Bogut,Brandon Jennings,Charlie Bell,Hakim Warrick,Jodie Meeks,Boris Diaw,D.J. Augustin,DeSagana Diop,Gerald Wallace,Stephen Jackson,1,1:14,CHA,sub,,,,D.J. Augustin,,Raymond Felton,,,,,,,,,,,,
Andrew Bogut,Brandon Jennings,Charlie Bell,Hakim Warrick,Jodie Meeks,Boris Diaw,D.J. Augustin,DeSagana Diop,Gerald Wallace,Stephen Jackson,1,1:03,CHA,shot,,,,,,,,,,Stephen Jackson,,,,missed,,alley oop layup,25,6
Andrew Bogut,Brandon Jennings,Charlie Bell,Hakim Warrick,Jodie Meeks,Boris Diaw,D.J. Augustin,DeSagana Diop,Gerald Wallace,Stephen Jackson,1,1:01,CHA,rebound,,,,,,,,,,Stephen Jackson,,,,,,off,,
Andrew Bogut,Brandon Jennings,Charlie Bell,Hakim Warrick,Jodie Meeks,Boris Diaw,D.J. Augustin,DeSagana Diop,Gerald Wallace,Stephen Jackson,1,1:01,CHA,shot,,,,,,,,,,Stephen Jackson,,,,missed,,putback layup,25,6
Andrew Bogut,Brandon Jennings,Charlie Bell,Hakim Warrick,Jodie Meeks,Boris Diaw,D.J. Augustin,DeSagana Diop,Gerald Wallace,Stephen Jackson,1,0:57,MIL,rebound,,,,,,,,,,Jodie Meeks,,,,,,def,,
Andrew Bogut,Brandon Jennings,Charlie Bell,Hakim Warrick,Jodie Meeks,Boris Diaw,D.J. Augustin,DeSagana Diop,Gerald Wallace,Stephen Jackson,1,0:57,CHA,foul,,,,,,,,Jodie Meeks,,Boris Diaw,,,,,,shooting,,
Brandon Jennings,Charlie Bell,Hakim Warrick,Jodie Meeks,Kurt Thomas,Boris Diaw,D.J. Augustin,DeSagana Diop,Gerald Wallace,Stephen Jackson,1,0:57,MIL,sub,,,,Kurt Thomas,,Andrew Bogut,,,,,,,,,,,,
Brandon Jennings,Charlie Bell,Hakim Warrick,Jodie Meeks,Kurt Thomas,Boris Diaw,D.J. Augustin,Gerald Wallace,Ronald Murray,Stephen Jackson,1,0:57,CHA,sub,,,,Ronald Murray,,DeSagana Diop,,,,,,,,,,,,
Brandon Jennings,Charlie Bell,Hakim Warrick,Jodie Meeks,Kurt Thomas,Boris Diaw,D.J. Augustin,Gerald Wallace,Ronald Murray,Stephen Jackson,1,0:57,MIL,free throw,,,,,,,1,,2,Jodie Meeks,,,foul,made,,,,
Charlie Bell,Hakim Warrick,Jodie Meeks,Kurt Thomas,Luke Ridnour,Boris Diaw,D.J. Augustin,Gerald Wallace,Ronald Murray,Stephen Jackson,1,0:57,MIL,sub,,,,Luke Ridnour,,Brandon Jennings,,,,,,,,,,,,
Charlie Bell,Hakim Warrick,Jodie Meeks,Kurt Thomas,Luke Ridnour,Boris Diaw,D.J. Augustin,Gerald Wallace,Ronald Murray,Stephen Jackson,1,0:57,MIL,free throw,,,,,,,2,,2,Jodie Meeks,,,foul,made,,,,
Charlie Bell,Hakim Warrick,Jodie Meeks,Kurt Thomas,Luke Ridnour,Boris Diaw,D.J. Augustin,Gerald Wallace,Ronald Murray,Stephen Jackson,1,0:43,CHA,shot,,,,,,,,,,Stephen Jackson,2,,,made,,layup,25,6
Charlie Bell,Hakim Warrick,Jodie Meeks,Kurt Thomas,Luke Ridnour,Boris Diaw,D.J. Augustin,Gerald Wallace,Ronald Murray,Stephen Jackson,1,0:40,CHA,violation,,,,,,,,,,,,,,,,delay of game,,
Charlie Bell,Hakim Warrick,Jodie Meeks,Kurt Thomas,Luke Ridnour,Boris Diaw,D.J. Augustin,Gerald Wallace,Ronald Murray,Stephen Jackson,1,0:32,MIL,shot,,,,,,,,,,Charlie Bell,,,,missed,,layup,25,6
Charlie Bell,Hakim Warrick,Jodie Meeks,Kurt Thomas,Luke Ridnour,Boris Diaw,D.J. Augustin,Gerald Wallace,Ronald Murray,Stephen Jackson,1,0:31,CHA,rebound,,,,,,,,,,Gerald Wallace,,,,,,def,,
Charlie Bell,Hakim Warrick,Jodie Meeks,Kurt Thomas,Luke Ridnour,Boris Diaw,D.J. Augustin,Gerald Wallace,Ronald Murray,Stephen Jackson,1,0:17,CHA,shot,,,,,,,,,,Gerald Wallace,,,,missed,,layup,25,6
Charlie Bell,Hakim Warrick,Jodie Meeks,Kurt Thomas,Luke Ridnour,Boris Diaw,D.J. Augustin,Gerald Wallace,Ronald Murray,Stephen Jackson,1,0:15,CHA,rebound,,,,,,,,,,Boris Diaw,,,,,,off,,
Charlie Bell,Hakim Warrick,Jodie Meeks,Kurt Thomas,Luke Ridnour,Boris Diaw,D.J. Augustin,Gerald Wallace,Ronald Murray,Stephen Jackson,1,0:01,CHA,shot,Gerald Wallace,,,,,,,,,D.J. Augustin,3,,,made,,3pt,4,21
Charlie Bell,Hakim Warrick,Jodie Meeks,Kurt Thomas,Luke Ridnour,Boris Diaw,D.J. Augustin,Gerald Wallace,Ronald Murray,Stephen Jackson,1,0:00,MIL,shot,,,,,,,,,,Charlie Bell,,,,missed,,3pt,38,54
Charlie Bell,Hakim Warrick,Jodie Meeks,Kurt Thomas,Luke Ridnour,Boris Diaw,D.J. Augustin,Gerald Wallace,Ronald Murray,Stephen Jackson,1,0:00,MIL,rebound,,,,,,,,,,,,,,,,,,
Charlie Bell,Hakim Warrick,Jodie Meeks,Luc Richard Mbah a Moute,Luke Ridnour,Boris Diaw,D.J. Augustin,Gerald Wallace,Ronald Murray,Stephen Graham,2,12:00,MIL,sub,,,,Luc Richard Mbah a Moute,,Kurt Thomas,,,,,,,,,,,,
Charlie Bell,Hakim Warrick,Jodie Meeks,Luc Richard Mbah a Moute,Luke Ridnour,Boris Diaw,D.J. Augustin,Gerald Wallace,Ronald Murray,Stephen Graham,2,11:41,CHA,turnover,,,,,,,,,,Ronald Murray,,,bad pass,,Luc Richard Mbah a Moute,,,
Charlie Bell,Hakim Warrick,Jodie Meeks,Luc Richard Mbah a Moute,Luke Ridnour,Boris Diaw,D.J. Augustin,Gerald Wallace,Ronald Murray,Stephen Graham,2,11:39,MIL,turnover,,,,,,,,,,Luke Ridnour,,,bad pass,,,,,
Charlie Bell,Hakim Warrick,Jodie Meeks,Luc Richard Mbah a Moute,Luke Ridnour,Boris Diaw,D.J. Augustin,Gerald Wallace,Ronald Murray,Stephen Graham,2,11:31,MIL,violation,,,,,,,,,,Luke Ridnour,,,,,,kicked ball,,
Charlie Bell,Hakim Warrick,Jodie Meeks,Luc Richard Mbah a Moute,Luke Ridnour,Boris Diaw,D.J. Augustin,Gerald Wallace,Ronald Murray,Stephen Graham,2,11:25,CHA,shot,,,,,,,,,,Gerald Wallace,,,,missed,,jump,18,24
Charlie Bell,Hakim Warrick,Jodie Meeks,Luc Richard Mbah a Moute,Luke Ridnour,Boris Diaw,D.J. Augustin,Gerald Wallace,Ronald Murray,Stephen Graham,2,11:23,MIL,rebound,,,,,,,,,,Luc Richard Mbah a Moute,,,,,,def,,
Charlie Bell,Hakim Warrick,Jodie Meeks,Luc Richard Mbah a Moute,Luke Ridnour,Boris Diaw,D.J. Augustin,Gerald Wallace,Ronald Murray,Stephen Graham,2,11:03,MIL,shot,,,,,,,,,,Charlie Bell,,,,missed,,3pt,2,9
Charlie Bell,Hakim Warrick,Jodie Meeks,Luc Richard Mbah a Moute,Luke Ridnour,Boris Diaw,D.J. Augustin,Gerald Wallace,Ronald Murray,Stephen Graham,2,11:02,CHA,rebound,,,,,,,,,,Ronald Murray,,,,,,def,,
Charlie Bell,Hakim Warrick,Jodie Meeks,Luc Richard Mbah a Moute,Luke Ridnour,Boris Diaw,D.J. Augustin,Gerald Wallace,Ronald Murray,Stephen Graham,2,11:00,MIL,foul,,,,,,,,Gerald Wallace,,Luke Ridnour,,,,,,shooting,,
Charlie Bell,Hakim Warrick,Jodie Meeks,Luc Richard Mbah a Moute,Luke Ridnour,Boris Diaw,D.J. Augustin,Gerald Wallace,Ronald Murray,Stephen Graham,2,11:00,CHA,free throw,,,,,,,1,,2,Gerald Wallace,,,foul,made,,,,
Charlie Bell,Hakim Warrick,Jodie Meeks,Luc Richard Mbah a Moute,Luke Ridnour,D.J. Augustin,Derrick Brown,Gerald Wallace,Ronald Murray,Stephen Graham,2,11:00,CHA,sub,,,,Derrick Brown,,Boris Diaw,,,,,,,,,,,,
Charlie Bell,Hakim Warrick,Jodie Meeks,Luc Richard Mbah a Moute,Luke Ridnour,D.J. Augustin,Derrick Brown,Gerald Wallace,Ronald Murray,Stephen Graham,2,11:00,CHA,free throw,,,,,,,2,,2,Gerald Wallace,,,foul,made,,,,
Charlie Bell,Hakim Warrick,Jodie Meeks,Luc Richard Mbah a Moute,Luke Ridnour,D.J. Augustin,Derrick Brown,Gerald Wallace,Ronald Murray,Stephen Graham,2,10:47,MIL,shot,,,,,,,,,,Hakim Warrick,2,,,made,,driving layup,25,6
Charlie Bell,Hakim Warrick,Jodie Meeks,Luc Richard Mbah a Moute,Luke Ridnour,D.J. Augustin,Derrick Brown,Gerald Wallace,Ronald Murray,Stephen Graham,2,10:31,CHA,shot,Derrick Brown,,,,,,,,,D.J. Augustin,2,,,made,,jump,8,10
Charlie Bell,Hakim Warrick,Jodie Meeks,Luc Richard Mbah a Moute,Luke Ridnour,D.J. Augustin,Derrick Brown,Gerald Wallace,Ronald Murray,Stephen Graham,2,10:16,MIL,shot,,,,,,,,,,Charlie Bell,,,,missed,,jump,29,26
Charlie Bell,Hakim Warrick,Jodie Meeks,Luc Richard Mbah a Moute,Luke Ridnour,D.J. Augustin,Derrick Brown,Gerald Wallace,Ronald Murray,Stephen Graham,2,10:14,CHA,rebound,,,,,,,,,,Stephen Graham,,,,,,def,,
Charlie Bell,Hakim Warrick,Jodie Meeks,Luc Richard Mbah a Moute,Luke Ridnour,D.J. Augustin,Derrick Brown,Gerald Wallace,Ronald Murray,Stephen Graham,2,9:57,CHA,shot,,,,,,,,,,Ronald Murray,,,,missed,,3pt,2,17
Charlie Bell,Hakim Warrick,Jodie Meeks,Luc Richard Mbah a Moute,Luke Ridnour,D.J. Augustin,Derrick Brown,Gerald Wallace,Ronald Murray,Stephen Graham,2,9:55,MIL,rebound,,,,,,,,,,Luc Richard Mbah a Moute,,,,,,def,,
Charlie Bell,Hakim Warrick,Jodie Meeks,Luc Richard Mbah a Moute,Luke Ridnour,D.J. Augustin,Derrick Brown,Gerald Wallace,Ronald Murray,Stephen Graham,2,9:46,MIL,turnover,,,,,,,,,,Luke Ridnour,,,lost ball,,D.J. Augustin,,,
Charlie Bell,Hakim Warrick,Jodie Meeks,Luc Richard Mbah a Moute,Luke Ridnour,D.J. Augustin,Derrick Brown,Gerald Wallace,Ronald Murray,Stephen Graham,2,9:41,CHA,shot,D.J. Augustin,,,,,,,,,Derrick Brown,2,,,made,,reverse dunk,25,6
Charlie Bell,Hakim Warrick,Jodie Meeks,Luc Richard Mbah a Moute,Luke Ridnour,D.J. Augustin,Derrick Brown,Gerald Wallace,Ronald Murray,Stephen Graham,2,9:25,MIL,foul,,,,,,,,Derrick Brown,,Hakim Warrick,,,,,,offensive,,
Charlie Bell,Hakim Warrick,Jodie Meeks,Luc Richard Mbah a Moute,Luke Ridnour,D.J. Augustin,Derrick Brown,Gerald Wallace,Ronald Murray,Stephen Graham,2,9:25,MIL,turnover,,,,,,,,,,Hakim Warrick,,,foul,,,,,
Carlos Delfino,Charlie Bell,Hakim Warrick,Luc Richard Mbah a Moute,Luke Ridnour,D.J. Augustin,Derrick Brown,Gerald Wallace,Ronald Murray,Stephen Graham,2,9:25,MIL,sub,,,,Carlos Delfino,,Jodie Meeks,,,,,,,,,,,,
Carlos Delfino,Hakim Warrick,Luc Richard Mbah a Moute,Luke Ridnour,Michael Redd,D.J. Augustin,Derrick Brown,Gerald Wallace,Ronald Murray,Stephen Graham,2,9:25,MIL,sub,,,,Michael Redd,,Charlie Bell,,,,,,,,,,,,
Carlos Delfino,Hakim Warrick,Luc Richard Mbah a Moute,Luke Ridnour,Michael Redd,D.J. Augustin,Derrick Brown,Ronald Murray,Stephen Graham,Stephen Jackson,2,9:25,CHA,sub,,,,Stephen Jackson,,Gerald Wallace,,,,,,,,,,,,
Carlos Delfino,Hakim Warrick,Luc Richard Mbah a Moute,Luke Ridnour,Michael Redd,D.J. Augustin,Derrick Brown,Ronald Murray,Stephen Graham,Stephen Jackson,2,9:05,CHA,turnover,,,,,,,,,,Stephen Jackson,,,lost ball,,Luke Ridnour,,,
Carlos Delfino,Hakim Warrick,Luc Richard Mbah a Moute,Luke Ridnour,Michael Redd,D.J. Augustin,Derrick Brown,Ronald Murray,Stephen Graham,Stephen Jackson,2,8:59,MIL,shot,,,,,,,,,,Luke Ridnour,2,,,made,,jump,11,22
Carlos Delfino,Hakim Warrick,Luc Richard Mbah a Moute,Luke Ridnour,Michael Redd,D.J. Augustin,Derrick Brown,Ronald Murray,Stephen Graham,Stephen Jackson,2,8:45,CHA,shot,,,,,,,,,,Ronald Murray,3,,,made,,3pt,39,27
Carlos Delfino,Hakim Warrick,Luc Richard Mbah a Moute,Luke Ridnour,Michael Redd,D.J. Augustin,Derrick Brown,Ronald Murray,Stephen Graham,Stephen Jackson,2,8:18,MIL,shot,,,,,,,,,,Carlos Delfino,,,,missed,,3pt,48,10
Carlos Delfino,Hakim Warrick,Luc Richard Mbah a Moute,Luke Ridnour,Michael Redd,D.J. Augustin,Derrick Brown,Ronald Murray,Stephen Graham,Stephen Jackson,2,8:17,CHA,rebound,,,,,,,,,,Ronald Murray,,,,,,def,,
Carlos Delfino,Hakim Warrick,Luc Richard Mbah a Moute,Luke Ridnour,Michael Redd,D.J. Augustin,Derrick Brown,Ronald Murray,Stephen Graham,Stephen Jackson,2,8:07,CHA,shot,,,,,,,,,,Stephen Graham,2,,,made,,finger roll layup,25,6
Carlos Delfino,Hakim Warrick,Luc Richard Mbah a Moute,Luke Ridnour,Michael Redd,D.J. Augustin,Derrick Brown,Ronald Murray,Stephen Graham,Stephen Jackson,2,7:52,MIL,shot,,,,,,,,,,Carlos Delfino,,,,missed,,3pt,48,9
Carlos Delfino,Hakim Warrick,Luc Richard Mbah a Moute,Luke Ridnour,Michael Redd,D.J. Augustin,Derrick Brown,Ronald Murray,Stephen Graham,Stephen Jackson,2,7:50,CHA,rebound,,,,,,,,,,Derrick Brown,,,,,,def,,
Carlos Delfino,Hakim Warrick,Luc Richard Mbah a Moute,Luke Ridnour,Michael Redd,D.J. Augustin,Derrick Brown,Ronald Murray,Stephen Graham,Stephen Jackson,2,7:42,MIL,foul,,,,,,,,Stephen Jackson,,Luc Richard Mbah a Moute,,,,,,shooting,,
Carlos Delfino,Hakim Warrick,Luc Richard Mbah a Moute,Luke Ridnour,Michael Redd,D.J. Augustin,Derrick Brown,Ronald Murray,Stephen Graham,Stephen Jackson,2,7:42,CHA,timeout,,,,,,,,,,,,,,,,official,,
Carlos Delfino,Hakim Warrick,Luc Richard Mbah a Moute,Luke Ridnour,Michael Redd,D.J. Augustin,DeSagana Diop,Ronald Murray,Stephen Graham,Stephen Jackson,2,7:42,CHA,sub,,,,DeSagana Diop,,Derrick Brown,,,,,,,,,,,,
Brandon Jennings,Hakim Warrick,Luc Richard Mbah a Moute,Luke Ridnour,Michael Redd,D.J. Augustin,DeSagana Diop,Ronald Murray,Stephen Graham,Stephen Jackson,2,7:42,MIL,sub,,,,Brandon Jennings,,Carlos Delfino,,,,,,,,,,,,
Andrew Bogut,Brandon Jennings,Luc Richard Mbah a Moute,Luke Ridnour,Michael Redd,D.J. Augustin,DeSagana Diop,Ronald Murray,Stephen Graham,Stephen Jackson,2,7:42,MIL,sub,,,,Andrew Bogut,,Hakim Warrick,,,,,,,,,,,,
Andrew Bogut,Brandon Jennings,Jodie Meeks,Luc Richard Mbah a Moute,Michael Redd,D.J. Augustin,DeSagana Diop,Ronald Murray,Stephen Graham,Stephen Jackson,2,7:42,MIL,sub,,,,Jodie Meeks,,Luke Ridnour,,,,,,,,,,,,
Andrew Bogut,Brandon Jennings,Jodie Meeks,Luc Richard Mbah a Moute,Michael Redd,D.J. Augustin,DeSagana Diop,Ronald Murray,Stephen Graham,Stephen Jackson,2,7:42,CHA,free throw,,,,,,,1,,2,Stephen Jackson,,,foul,made,,,,
Andrew Bogut,Brandon Jennings,Jodie Meeks,Luc Richard Mbah a Moute,Michael Redd,D.J. Augustin,DeSagana Diop,Ronald Murray,Stephen Graham,Stephen Jackson,2,7:42,CHA,free throw,,,,,,,2,,2,Stephen Jackson,,,foul,made,,,,
Andrew Bogut,Brandon Jennings,Jodie Meeks,Luc Richard Mbah a Moute,Michael Redd,D.J. Augustin,DeSagana Diop,Ronald Murray,Stephen Graham,Stephen Jackson,2,7:23,MIL,shot,,,,,,,,,,Michael Redd,,,,missed,,jump,12,22
Andrew Bogut,Brandon Jennings,Jodie Meeks,Luc Richard Mbah a Moute,Michael Redd,D.J. Augustin,DeSagana Diop,Ronald Murray,Stephen Graham,Stephen Jackson,2,7:21,MIL,rebound,,,,,,,,,,Luc Richard Mbah a Moute,,,,,,off,,
Andrew Bogut,Brandon Jennings,Jodie Meeks,Luc Richard Mbah a Moute,Michael Redd,D.J. Augustin,DeSagana Diop,Ronald Murray,Stephen Graham,Stephen Jackson,2,7:18,MIL,shot,,,DeSagana Diop,,,,,,,Luc Richard Mbah a Moute,,,,missed,,a moute layup,25,6
Andrew Bogut,Brandon Jennings,Jodie Meeks,Luc Richard Mbah a Moute,Michael Redd,D.J. Augustin,DeSagana Diop,Ronald Murray,Stephen Graham,Stephen Jackson,2,7:16,CHA,rebound,,,,,,,,,,Stephen Jackson,,,,,,def,,
Andrew Bogut,Brandon Jennings,Jodie Meeks,Luc Richard Mbah a Moute,Michael Redd,D.J. Augustin,DeSagana Diop,Ronald Murray,Stephen Graham,Stephen Jackson,2,7:13,CHA,shot,,,Andrew Bogut,,,,,,,Stephen Graham,,,,missed,,layup,25,6
Andrew Bogut,Brandon Jennings,Jodie Meeks,Luc Richard Mbah a Moute,Michael Redd,D.J. Augustin,DeSagana Diop,Ronald Murray,Stephen Graham,Stephen Jackson,2,7:13,CHA,rebound,,,,,,,,,,,,,,,,,,
Andrew Bogut,Brandon Jennings,Jodie Meeks,Luc Richard Mbah a Moute,Michael Redd,D.J. Augustin,DeSagana Diop,Ronald Murray,Stephen Graham,Stephen Jackson,2,7:08,CHA,shot,,,,,,,,,,D.J. Augustin,,,,missed,,jump,9,9
Andrew Bogut,Brandon Jennings,Jodie Meeks,Luc Richard Mbah a Moute,Michael Redd,D.J. Augustin,DeSagana Diop,Ronald Murray,Stephen Graham,Stephen Jackson,2,7:07,MIL,rebound,,,,,,,,,,Brandon Jennings,,,,,,def,,
Andrew Bogut,Brandon Jennings,Jodie Meeks,Luc Richard Mbah a Moute,Michael Redd,D.J. Augustin,DeSagana Diop,Ronald Murray,Stephen Graham,Stephen Jackson,2,6:53,MIL,shot,,,,,,,,,,Brandon Jennings,,,,missed,,3pt,35,29
Andrew Bogut,Brandon Jennings,Jodie Meeks,Luc Richard Mbah a Moute,Michael Redd,D.J. Augustin,DeSagana Diop,Ronald Murray,Stephen Graham,Stephen Jackson,2,6:52,CHA,rebound,,,,,,,,,,Ronald Murray,,,,,,def,,
Andrew Bogut,Brandon Jennings,Jodie Meeks,Luc Richard Mbah a Moute,Michael Redd,D.J. Augustin,DeSagana Diop,Ronald Murray,Stephen Graham,Stephen Jackson,2,6:37,CHA,shot,,,,,,,,,,D.J. Augustin,,,,missed,,3pt,12,29
Andrew Bogut,Brandon Jennings,Jodie Meeks,Luc Richard Mbah a Moute,Michael Redd,D.J. Augustin,DeSagana Diop,Ronald Murray,Stephen Graham,Stephen Jackson,2,6:36,MIL,rebound,,,,,,,,,,Andrew Bogut,,,,,,def,,
Andrew Bogut,Brandon Jennings,Jodie Meeks,Luc Richard Mbah a Moute,Michael Redd,D.J. Augustin,DeSagana Diop,Ronald Murray,Stephen Graham,Stephen Jackson,2,6:21,MIL,shot,Jodie Meeks,,,,,,,,,Andrew Bogut,2,,,made,,dunk,25,6
Andrew Bogut,Brandon Jennings,Jodie Meeks,Luc Richard Mbah a Moute,Michael Redd,D.J. Augustin,DeSagana Diop,Ronald Murray,Stephen Graham,Stephen Jackson,2,6:04,CHA,shot,,,,,,,,,,Ronald Murray,2,,,made,,driving layup,25,6
Andrew Bogut,Brandon Jennings,Jodie Meeks,Luc Richard Mbah a Moute,Michael Redd,D.J. Augustin,DeSagana Diop,Ronald Murray,Stephen Graham,Stephen Jackson,2,5:59,CHA,foul,,,,,,,,Luc Richard Mbah a Moute,,Stephen Graham,,,,,,shooting,,
Andrew Bogut,Brandon Jennings,Jodie Meeks,Luc Richard Mbah a Moute,Michael Redd,D.J. Augustin,DeSagana Diop,Ronald Murray,Stephen Graham,Stephen Jackson,2,5:59,CHA,timeout,,,,,,,,,,,,,,,,regular,,
Andrew Bogut,Brandon Jennings,Jodie Meeks,Luc Richard Mbah a Moute,Michael Redd,D.J. Augustin,DeSagana Diop,Gerald Wallace,Ronald Murray,Stephen Jackson,2,5:59,CHA,sub,,,,Gerald Wallace,,Stephen Graham,,,,,,,,,,,,
Andrew Bogut,Brandon Jennings,Jodie Meeks,Luc Richard Mbah a Moute,Michael Redd,D.J. Augustin,DeSagana Diop,Gerald Wallace,Ronald Murray,Stephen Jackson,2,5:59,MIL,free throw,,,,,,,1,,2,Luc Richard Mbah a Moute,,,foul,made,,,,
Andrew Bogut,Brandon Jennings,Jodie Meeks,Luc Richard Mbah a Moute,Michael Redd,D.J. Augustin,DeSagana Diop,Gerald Wallace,Ronald Murray,Stephen Jackson,2,5:59,MIL,free throw,,,,,,,2,,2,Luc Richard Mbah a Moute,,,foul,made,,,,
Andrew Bogut,Brandon Jennings,Jodie Meeks,Luc Richard Mbah a Moute,Michael Redd,D.J. Augustin,DeSagana Diop,Gerald Wallace,Ronald Murray,Stephen Jackson,2,5:39,CHA,shot,,,,,,,,,,Ronald Murray,2,,,made,,jump,35,22
Andrew Bogut,Brandon Jennings,Jodie Meeks,Luc Richard Mbah a Moute,Michael Redd,D.J. Augustin,DeSagana Diop,Gerald Wallace,Ronald Murray,Stephen Jackson,2,5:19,MIL,shot,,,,,,,,,,Andrew Bogut,,,,missed,,jump,8,14
Andrew Bogut,Brandon Jennings,Jodie Meeks,Luc Richard Mbah a Moute,Michael Redd,D.J. Augustin,DeSagana Diop,Gerald Wallace,Ronald Murray,Stephen Jackson,2,5:18,CHA,rebound,,,,,,,,,,Ronald Murray,,,,,,def,,
Andrew Bogut,Brandon Jennings,Jodie Meeks,Luc Richard Mbah a Moute,Michael Redd,D.J. Augustin,DeSagana Diop,Gerald Wallace,Ronald Murray,Stephen Jackson,2,5:07,CHA,shot,,,,,,,,,,D.J. Augustin,,,,missed,,3pt,23,31
Andrew Bogut,Brandon Jennings,Jodie Meeks,Luc Richard Mbah a Moute,Michael Redd,D.J. Augustin,DeSagana Diop,Gerald Wallace,Ronald Murray,Stephen Jackson,2,5:05,MIL,rebound,,,,,,,,,,Brandon Jennings,,,,,,def,,
Andrew Bogut,Brandon Jennings,Jodie Meeks,Luc Richard Mbah a Moute,Michael Redd,D.J. Augustin,DeSagana Diop,Gerald Wallace,Ronald Murray,Stephen Jackson,2,4:54,MIL,shot,,,Stephen Jackson,,,,,,,Brandon Jennings,,,,missed,,layup,25,6
Andrew Bogut,Brandon Jennings,Jodie Meeks,Luc Richard Mbah a Moute,Michael Redd,D.J. Augustin,DeSagana Diop,Gerald Wallace,Ronald Murray,Stephen Jackson,2,4:52,CHA,rebound,,,,,,,,,,DeSagana Diop,,,,,,def,,
Andrew Bogut,Brandon Jennings,Jodie Meeks,Luc Richard Mbah a Moute,Michael Redd,D.J. Augustin,DeSagana Diop,Gerald Wallace,Ronald Murray,Stephen Jackson,2,4:47,CHA,shot,,,Andrew Bogut,,,,,,,D.J. Augustin,,,,missed,,layup,25,6
Andrew Bogut,Brandon Jennings,Jodie Meeks,Luc Richard Mbah a Moute,Michael Redd,D.J. Augustin,DeSagana Diop,Gerald Wallace,Ronald Murray,Stephen Jackson,2,4:47,CHA,rebound,,,,,,,,,,,,,,,,,,
Andrew Bogut,Brandon Jennings,Jodie Meeks,Luc Richard Mbah a Moute,Michael Redd,DeSagana Diop,Gerald Wallace,Raymond Felton,Ronald Murray,Stephen Jackson,2,4:47,CHA,sub,,,,Raymond Felton,,D.J. Augustin,,,,,,,,,,,,
Andrew Bogut,Brandon Jennings,Luc Richard Mbah a Moute,Luke Ridnour,Michael Redd,DeSagana Diop,Gerald Wallace,Raymond Felton,Ronald Murray,Stephen Jackson,2,4:47,MIL,sub,,,,Luke Ridnour,,Jodie Meeks,,,,,,,,,,,,
Andrew Bogut,Brandon Jennings,Luc Richard Mbah a Moute,Luke Ridnour,Michael Redd,DeSagana Diop,Gerald Wallace,Raymond Felton,Ronald Murray,Stephen Jackson,2,4:40,CHA,shot,Stephen Jackson,,,,,,,,,DeSagana Diop,2,,,made,,layup,25,6
Andrew Bogut,Brandon Jennings,Luc Richard Mbah a Moute,Luke Ridnour,Michael Redd,DeSagana Diop,Gerald Wallace,Raymond Felton,Ronald Murray,Stephen Jackson,2,4:40,MIL,foul,,,,,,,,DeSagana Diop,,Andrew Bogut,,,,,,shooting,,
Andrew Bogut,Brandon Jennings,Luc Richard Mbah a Moute,Luke Ridnour,Michael Redd,DeSagana Diop,Gerald Wallace,Raymond Felton,Ronald Murray,Stephen Jackson,2,4:40,CHA,free throw,,,,,,,1,,1,DeSagana Diop,,,foul,made,,,,
Andrew Bogut,Brandon Jennings,Luc Richard Mbah a Moute,Luke Ridnour,Michael Redd,DeSagana Diop,Gerald Wallace,Raymond Felton,Ronald Murray,Stephen Jackson,2,4:24,MIL,shot,,,,,,,,,,Luke Ridnour,,,,missed,,3pt,47,8
Andrew Bogut,Brandon Jennings,Luc Richard Mbah a Moute,Luke Ridnour,Michael Redd,DeSagana Diop,Gerald Wallace,Raymond Felton,Ronald Murray,Stephen Jackson,2,4:22,CHA,rebound,,,,,,,,,,Stephen Jackson,,,,,,def,,
Andrew Bogut,Brandon Jennings,Luc Richard Mbah a Moute,Luke Ridnour,Michael Redd,DeSagana Diop,Gerald Wallace,Raymond Felton,Ronald Murray,Stephen Jackson,2,4:05,CHA,shot,Gerald Wallace,,,,,,,,,DeSagana Diop,2,,,made,,reverse layup,25,6
Andrew Bogut,Brandon Jennings,Luc Richard Mbah a Moute,Luke Ridnour,Michael Redd,DeSagana Diop,Gerald Wallace,Raymond Felton,Ronald Murray,Stephen Jackson,2,4:05,MIL,foul,,,,,,,,DeSagana Diop,,Luke Ridnour,,,,,,shooting,,
Andrew Bogut,Brandon Jennings,Luc Richard Mbah a Moute,Luke Ridnour,Michael Redd,DeSagana Diop,Gerald Wallace,Raymond Felton,Ronald Murray,Stephen Jackson,2,4:05,CHA,free throw,,,,,,,1,,1,DeSagana Diop,,,foul,missed,,,,
Andrew Bogut,Brandon Jennings,Luc Richard Mbah a Moute,Luke Ridnour,Michael Redd,DeSagana Diop,Gerald Wallace,Raymond Felton,Ronald Murray,Stephen Jackson,2,4:05,MIL,rebound,,,,,,,,,,,,,,,,,,
Andrew Bogut,Brandon Jennings,Luc Richard Mbah a Moute,Luke Ridnour,Michael Redd,DeSagana Diop,Gerald Wallace,Raymond Felton,Ronald Murray,Stephen Jackson,2,3:57,MIL,shot,,,,,,,,,,Luke Ridnour,2,,,made,,driving layup,25,6
Andrew Bogut,Brandon Jennings,Luc Richard Mbah a Moute,Luke Ridnour,Michael Redd,DeSagana Diop,Gerald Wallace,Raymond Felton,Ronald Murray,Stephen Jackson,2,3:32,CHA,shot,,,,,,,,,,Gerald Wallace,2,,,made,,driving layup,25,6
Andrew Bogut,Brandon Jennings,Luc Richard Mbah a Moute,Luke Ridnour,Michael Redd,DeSagana Diop,Gerald Wallace,Raymond Felton,Ronald Murray,Stephen Jackson,2,3:09,CHA,foul,,,,,,,,Andrew Bogut,,Raymond Felton,,,,,,personal,,
Andrew Bogut,Brandon Jennings,Luc Richard Mbah a Moute,Luke Ridnour,Michael Redd,DeSagana Diop,Gerald Wallace,Raymond Felton,Ronald Murray,Stephen Jackson,2,3:09,CHA,foul,,,,,,,,Brandon Jennings,,DeSagana Diop,,,,,,personal,,
Andrew Bogut,Brandon Jennings,Luc Richard Mbah a Moute,Luke Ridnour,Michael Redd,DeSagana Diop,Gerald Wallace,Raymond Felton,Ronald Murray,Stephen Jackson,2,3:03,MIL,shot,,,,,,,,,,Luke Ridnour,,,,missed,,3pt,47,7
Andrew Bogut,Brandon Jennings,Luc Richard Mbah a Moute,Luke Ridnour,Michael Redd,DeSagana Diop,Gerald Wallace,Raymond Felton,Ronald Murray,Stephen Jackson,2,3:02,CHA,rebound,,,,,,,,,,Gerald Wallace,,,,,,def,,
Andrew Bogut,Brandon Jennings,Luc Richard Mbah a Moute,Luke Ridnour,Michael Redd,DeSagana Diop,Gerald Wallace,Raymond Felton,Ronald Murray,Stephen Jackson,2,2:59,MIL,foul,,,,,,,,Ronald Murray,,Luke Ridnour,,,,,,shooting,,
Andrew Bogut,Brandon Jennings,Luc Richard Mbah a Moute,Luke Ridnour,Michael Redd,DeSagana Diop,Gerald Wallace,Raymond Felton,Ronald Murray,Stephen Jackson,2,2:59,MIL,timeout,,,,,,,,,,,,,,,,regular,,
Andrew Bogut,Brandon Jennings,Jodie Meeks,Luc Richard Mbah a Moute,Michael Redd,DeSagana Diop,Gerald Wallace,Raymond Felton,Ronald Murray,Stephen Jackson,2,2:59,MIL,sub,,,,Jodie Meeks,,Luke Ridnour,,,,,,,,,,,,
Andrew Bogut,Brandon Jennings,Jodie Meeks,Luc Richard Mbah a Moute,Michael Redd,DeSagana Diop,Gerald Wallace,Raymond Felton,Ronald Murray,Stephen Jackson,2,2:59,CHA,free throw,,,,,,,1,,2,Ronald Murray,,,foul,made,,,,
Andrew Bogut,Brandon Jennings,Jodie Meeks,Luc Richard Mbah a Moute,Michael Redd,DeSagana Diop,Gerald Wallace,Raymond Felton,Ronald Murray,Stephen Jackson,2,2:59,CHA,free throw,,,,,,,2,,2,Ronald Murray,,,foul,made,,,,
Andrew Bogut,Brandon Jennings,Jodie Meeks,Luc Richard Mbah a Moute,Michael Redd,DeSagana Diop,Gerald Wallace,Raymond Felton,Ronald Murray,Stephen Jackson,2,2:47,CHA,foul,,,,,,,,Michael Redd,,Stephen Jackson,,,,,,shooting,,
Andrew Bogut,Brandon Jennings,Jodie Meeks,Luc Richard Mbah a Moute,Michael Redd,DeSagana Diop,Gerald Wallace,Raymond Felton,Ronald Murray,Stephen Jackson,2,2:47,MIL,free throw,,,,,,,1,,2,Michael Redd,,,foul,made,,,,
Andrew Bogut,Brandon Jennings,Jodie Meeks,Luc Richard Mbah a Moute,Michael Redd,DeSagana Diop,Gerald Wallace,Raymond Felton,Ronald Murray,Stephen Jackson,2,2:47,MIL,free throw,,,,,,,2,,2,Michael Redd,,,foul,made,,,,
Andrew Bogut,Brandon Jennings,Jodie Meeks,Luc Richard Mbah a Moute,Michael Redd,DeSagana Diop,Gerald Wallace,Raymond Felton,Ronald Murray,Stephen Jackson,2,2:26,CHA,shot,Gerald Wallace,,,,,,,,,Raymond Felton,3,,,made,,3pt,20,30
Andrew Bogut,Brandon Jennings,Jodie Meeks,Luc Richard Mbah a Moute,Michael Redd,DeSagana Diop,Gerald Wallace,Raymond Felton,Ronald Murray,Stephen Jackson,2,2:11,MIL,shot,,,,,,,,,,Michael Redd,,,,missed,,jump,15,21
Andrew Bogut,Brandon Jennings,Jodie Meeks,Luc Richard Mbah a Moute,Michael Redd,DeSagana Diop,Gerald Wallace,Raymond Felton,Ronald Murray,Stephen Jackson,2,2:10,CHA,rebound,,,,,,,,,,Ronald Murray,,,,,,def,,
Andrew Bogut,Brandon Jennings,Jodie Meeks,Luc Richard Mbah a Moute,Michael Redd,DeSagana Diop,Gerald Wallace,Raymond Felton,Ronald Murray,Stephen Jackson,2,2:05,CHA,shot,,,,,,,,,,Stephen Jackson,2,,,made,,layup,25,6
Andrew Bogut,Brandon Jennings,Jodie Meeks,Luc Richard Mbah a Moute,Michael Redd,DeSagana Diop,Gerald Wallace,Raymond Felton,Ronald Murray,Stephen Jackson,2,1:45,MIL,shot,,,,,,,,,,Andrew Bogut,,,,missed,,hook,24,13
Andrew Bogut,Brandon Jennings,Jodie Meeks,Luc Richard Mbah a Moute,Michael Redd,DeSagana Diop,Gerald Wallace,Raymond Felton,Ronald Murray,Stephen Jackson,2,1:43,CHA,rebound,,,,,,,,,,Raymond Felton,,,,,,def,,
Andrew Bogut,Brandon Jennings,Jodie Meeks,Luc Richard Mbah a Moute,Michael Redd,DeSagana Diop,Gerald Wallace,Raymond Felton,Ronald Murray,Stephen Jackson,2,1:39,CHA,shot,Raymond Felton,,,,,,,,,Ronald Murray,2,,,made,,layup,25,6
Andrew Bogut,Brandon Jennings,Jodie Meeks,Luc Richard Mbah a Moute,Michael Redd,DeSagana Diop,Gerald Wallace,Raymond Felton,Ronald Murray,Stephen Jackson,2,1:18,MIL,shot,,,,,,,,,,Jodie Meeks,,,,missed,,3pt,34,30
Andrew Bogut,Brandon Jennings,Jodie Meeks,Luc Richard Mbah a Moute,Michael Redd,DeSagana Diop,Gerald Wallace,Raymond Felton,Ronald Murray,Stephen Jackson,2,1:18,CHA,rebound,,,,,,,,,,,,,,,,,,
Andrew Bogut,Brandon Jennings,Jodie Meeks,Luc Richard Mbah a Moute,Michael Redd,Boris Diaw,Gerald Wallace,Raymond Felton,Ronald Murray,Stephen Jackson,2,1:18,CHA,sub,,,,Boris Diaw,,DeSagana Diop,,,,,,,,,,,,
Andrew Bogut,Brandon Jennings,Jodie Meeks,Luc Richard Mbah a Moute,Michael Redd,Boris Diaw,Gerald Wallace,Raymond Felton,Ronald Murray,Stephen Jackson,2,1:06,CHA,shot,,,,,,,,,,Raymond Felton,,,,missed,,jump,34,23
Andrew Bogut,Brandon Jennings,Jodie Meeks,Luc Richard Mbah a Moute,Michael Redd,Boris Diaw,Gerald Wallace,Raymond Felton,Ronald Murray,Stephen Jackson,2,1:05,MIL,rebound,,,,,,,,,,Andrew Bogut,,,,,,def,,
Andrew Bogut,Brandon Jennings,Jodie Meeks,Luc Richard Mbah a Moute,Michael Redd,Boris Diaw,Gerald Wallace,Raymond Felton,Ronald Murray,Stephen Jackson,2,0:56,CHA,foul,,,,,,,,Brandon Jennings,,Raymond Felton,,,,,,shooting,,
Andrew Bogut,Brandon Jennings,Jodie Meeks,Luc Richard Mbah a Moute,Michael Redd,Boris Diaw,Gerald Wallace,Raymond Felton,Ronald Murray,Stephen Jackson,2,0:56,MIL,free throw,,,,,,,1,,2,Brandon Jennings,,,foul,made,,,,
Andrew Bogut,Brandon Jennings,Jodie Meeks,Luc Richard Mbah a Moute,Michael Redd,Boris Diaw,D.J. Augustin,Gerald Wallace,Ronald Murray,Stephen Jackson,2,0:56,CHA,sub,,,,D.J. Augustin,,Raymond Felton,,,,,,,,,,,,
Andrew Bogut,Brandon Jennings,Jodie Meeks,Luc Richard Mbah a Moute,Michael Redd,Boris Diaw,D.J. Augustin,Gerald Wallace,Ronald Murray,Stephen Jackson,2,0:56,MIL,free throw,,,,,,,2,,2,Brandon Jennings,,,foul,made,,,,
Andrew Bogut,Brandon Jennings,Jodie Meeks,Luc Richard Mbah a Moute,Michael Redd,Boris Diaw,D.J. Augustin,Gerald Wallace,Ronald Murray,Stephen Jackson,2,0:38,CHA,shot,,,,,,,,,,Ronald Murray,,,,missed,,jump,18,23
Andrew Bogut,Brandon Jennings,Jodie Meeks,Luc Richard Mbah a Moute,Michael Redd,Boris Diaw,D.J. Augustin,Gerald Wallace,Ronald Murray,Stephen Jackson,2,0:37,MIL,rebound,,,,,,,,,,Luc Richard Mbah a Moute,,,,,,def,,
Andrew Bogut,Brandon Jennings,Jodie Meeks,Luc Richard Mbah a Moute,Michael Redd,Boris Diaw,D.J. Augustin,Gerald Wallace,Ronald Murray,Stephen Jackson,2,0:30,MIL,foul,,,,,,,,Ronald Murray,,Michael Redd,,,,,,offensive,,
Andrew Bogut,Brandon Jennings,Jodie Meeks,Luc Richard Mbah a Moute,Michael Redd,Boris Diaw,D.J. Augustin,Gerald Wallace,Ronald Murray,Stephen Jackson,2,0:30,MIL,turnover,,,,,,,,,,Michael Redd,,,foul,,,,,
Andrew Bogut,Brandon Jennings,Jodie Meeks,Luc Richard Mbah a Moute,Michael Redd,Boris Diaw,D.J. Augustin,Gerald Wallace,Ronald Murray,Stephen Jackson,2,0:05,CHA,shot,,,,,,,,,,Ronald Murray,,,,missed,,3pt,2,8
Andrew Bogut,Brandon Jennings,Jodie Meeks,Luc Richard Mbah a Moute,Michael Redd,Boris Diaw,D.J. Augustin,Gerald Wallace,Ronald Murray,Stephen Jackson,2,0:03,CHA,rebound,,,,,,,,,,D.J. Augustin,,,,,,off,,
Andrew Bogut,Brandon Jennings,Jodie Meeks,Luc Richard Mbah a Moute,Michael Redd,Boris Diaw,D.J. Augustin,Gerald Wallace,Ronald Murray,Stephen Jackson,2,0:01,CHA,shot,,,,,,,,,,Stephen Jackson,,,,missed,,jump,41,21
Andrew Bogut,Brandon Jennings,Jodie Meeks,Luc Richard Mbah a Moute,Michael Redd,Boris Diaw,D.J. Augustin,Gerald Wallace,Ronald Murray,Stephen Jackson,2,0:00,CHA,rebound,,,,,,,,,,Gerald Wallace,,,,,,off,,
Andrew Bogut,Brandon Jennings,Jodie Meeks,Luc Richard Mbah a Moute,Michael Redd,Boris Diaw,D.J. Augustin,Gerald Wallace,Ronald Murray,Stephen Jackson,2,0:00,CHA,shot,,,,,,,,,,Gerald Wallace,,,,missed,,putback layup,25,6
Andrew Bogut,Brandon Jennings,Jodie Meeks,Luc Richard Mbah a Moute,Michael Redd,Boris Diaw,D.J. Augustin,Gerald Wallace,Ronald Murray,Stephen Jackson,2,0:00,CHA,rebound,,,,,,,,,,,,,,,,,,
Brandon Jennings,Ersan Ilyasova,Jodie Meeks,Kurt Thomas,Luc Richard Mbah a Moute,Boris Diaw,Gerald Wallace,Nazr Mohammed,Raymond Felton,Stephen Jackson,3,11:42,CHA,turnover,,,,,,,,,,Boris Diaw,,,bad pass,,Luc Richard Mbah a Moute,,,
Brandon Jennings,Ersan Ilyasova,Jodie Meeks,Kurt Thomas,Luc Richard Mbah a Moute,Boris Diaw,Gerald Wallace,Nazr Mohammed,Raymond Felton,Stephen Jackson,3,11:31,MIL,shot,,,,,,,,,,Jodie Meeks,,,,missed,,driving layup,25,6
Brandon Jennings,Ersan Ilyasova,Jodie Meeks,Kurt Thomas,Luc Richard Mbah a Moute,Boris Diaw,Gerald Wallace,Nazr Mohammed,Raymond Felton,Stephen Jackson,3,11:30,CHA,rebound,,,,,,,,,,Gerald Wallace,,,,,,def,,
Brandon Jennings,Ersan Ilyasova,Jodie Meeks,Kurt Thomas,Luc Richard Mbah a Moute,Boris Diaw,Gerald Wallace,Nazr Mohammed,Raymond Felton,Stephen Jackson,3,11:16,CHA,shot,,,,,,,,,,Nazr Mohammed,,,,missed,,jump,32,8
Brandon Jennings,Ersan Ilyasova,Jodie Meeks,Kurt Thomas,Luc Richard Mbah a Moute,Boris Diaw,Gerald Wallace,Nazr Mohammed,Raymond Felton,Stephen Jackson,3,11:15,MIL,rebound,,,,,,,,,,Jodie Meeks,,,,,,def,,
Brandon Jennings,Ersan Ilyasova,Jodie Meeks,Kurt Thomas,Luc Richard Mbah a Moute,Boris Diaw,Gerald Wallace,Nazr Mohammed,Raymond Felton,Stephen Jackson,3,10:57,MIL,shot,,,Nazr Mohammed,,,,,,,Luc Richard Mbah a Moute,,,,missed,,a moute layup,25,6
Brandon Jennings,Ersan Ilyasova,Jodie Meeks,Kurt Thomas,Luc Richard Mbah a Moute,Boris Diaw,Gerald Wallace,Nazr Mohammed,Raymond Felton,Stephen Jackson,3,10:54,MIL,rebound,,,,,,,,,,Luc Richard Mbah a Moute,,,,,,off,,
Brandon Jennings,Ersan Ilyasova,Jodie Meeks,Kurt Thomas,Luc Richard Mbah a Moute,Boris Diaw,Gerald Wallace,Nazr Mohammed,Raymond Felton,Stephen Jackson,3,10:54,MIL,shot,,,,,,,,,,Luc Richard Mbah a Moute,2,,,made,,a moute layup,25,6
Brandon Jennings,Ersan Ilyasova,Jodie Meeks,Kurt Thomas,Luc Richard Mbah a Moute,Boris Diaw,Gerald Wallace,Nazr Mohammed,Raymond Felton,Stephen Jackson,3,10:28,CHA,shot,,,,,,,,,,Boris Diaw,,,,missed,,3pt,3,21
Brandon Jennings,Ersan Ilyasova,Jodie Meeks,Kurt Thomas,Luc Richard Mbah a Moute,Boris Diaw,Gerald Wallace,Nazr Mohammed,Raymond Felton,Stephen Jackson,3,10:27,MIL,rebound,,,,,,,,,,Jodie Meeks,,,,,,def,,
Brandon Jennings,Ersan Ilyasova,Jodie Meeks,Kurt Thomas,Luc Richard Mbah a Moute,Boris Diaw,Gerald Wallace,Nazr Mohammed,Raymond Felton,Stephen Jackson,3,10:21,MIL,shot,,,,,,,,,,Brandon Jennings,2,,,made,,jump,17,23
Brandon Jennings,Ersan Ilyasova,Jodie Meeks,Kurt Thomas,Luc Richard Mbah a Moute,Boris Diaw,Gerald Wallace,Nazr Mohammed,Raymond Felton,Stephen Jackson,3,10:03,CHA,shot,Raymond Felton,,,,,,,,,Stephen Jackson,2,,,made,,jump,12,21
Brandon Jennings,Ersan Ilyasova,Jodie Meeks,Kurt Thomas,Luc Richard Mbah a Moute,Boris Diaw,Gerald Wallace,Nazr Mohammed,Raymond Felton,Stephen Jackson,3,9:40,MIL,shot,,,Nazr Mohammed,,,,,,,Brandon Jennings,,,,missed,,layup,25,6
Brandon Jennings,Ersan Ilyasova,Jodie Meeks,Kurt Thomas,Luc Richard Mbah a Moute,Boris Diaw,Gerald Wallace,Nazr Mohammed,Raymond Felton,Stephen Jackson,3,9:39,CHA,rebound,,,,,,,,,,Gerald Wallace,,,,,,def,,
Brandon Jennings,Ersan Ilyasova,Jodie Meeks,Kurt Thomas,Luc Richard Mbah a Moute,Boris Diaw,Gerald Wallace,Nazr Mohammed,Raymond Felton,Stephen Jackson,3,9:35,CHA,shot,Gerald Wallace,,,,,,,,,Boris Diaw,2,,,made,,layup,25,6
Brandon Jennings,Ersan Ilyasova,Jodie Meeks,Kurt Thomas,Luc Richard Mbah a Moute,Boris Diaw,Gerald Wallace,Nazr Mohammed,Raymond Felton,Stephen Jackson,3,9:16,MIL,shot,,,,,,,,,,Luc Richard Mbah a Moute,,,,missed,,a moute jump,35,24
Brandon Jennings,Ersan Ilyasova,Jodie Meeks,Kurt Thomas,Luc Richard Mbah a Moute,Boris Diaw,Gerald Wallace,Nazr Mohammed,Raymond Felton,Stephen Jackson,3,9:14,CHA,rebound,,,,,,,,,,Raymond Felton,,,,,,def,,
Brandon Jennings,Ersan Ilyasova,Jodie Meeks,Kurt Thomas,Luc Richard Mbah a Moute,Boris Diaw,Gerald Wallace,Nazr Mohammed,Raymond Felton,Stephen Jackson,3,9:06,CHA,shot,,,,,,,,,,Nazr Mohammed,,,,missed,,fade away jumper,23,13
Brandon Jennings,Ersan Ilyasova,Jodie Meeks,Kurt Thomas,Luc Richard Mbah a Moute,Boris Diaw,Gerald Wallace,Nazr Mohammed,Raymond Felton,Stephen Jackson,3,9:05,MIL,rebound,,,,,,,,,,Kurt Thomas,,,,,,def,,
Brandon Jennings,Ersan Ilyasova,Jodie Meeks,Kurt Thomas,Luc Richard Mbah a Moute,Boris Diaw,Gerald Wallace,Nazr Mohammed,Raymond Felton,Stephen Jackson,3,8:58,MIL,turnover,,,,,,,,,,Brandon Jennings,,,out of bounds lost ball turnover,,,,,
Brandon Jennings,Ersan Ilyasova,Jodie Meeks,Kurt Thomas,Luc Richard Mbah a Moute,Boris Diaw,Gerald Wallace,Nazr Mohammed,Raymond Felton,Stephen Jackson,3,8:34,CHA,shot,,,,,,,,,,Stephen Jackson,,,,missed,,jump,32,18
Brandon Jennings,Ersan Ilyasova,Jodie Meeks,Kurt Thomas,Luc Richard Mbah a Moute,Boris Diaw,Gerald Wallace,Nazr Mohammed,Raymond Felton,Stephen Jackson,3,8:33,MIL,rebound,,,,,,,,,,Luc Richard Mbah a Moute,,,,,,def,,
Brandon Jennings,Ersan Ilyasova,Jodie Meeks,Kurt Thomas,Luc Richard Mbah a Moute,Boris Diaw,Gerald Wallace,Nazr Mohammed,Raymond Felton,Stephen Jackson,3,8:16,MIL,shot,,,,,,,,,,Jodie Meeks,,,,missed,,3pt,38,27
Brandon Jennings,Ersan Ilyasova,Jodie Meeks,Kurt Thomas,Luc Richard Mbah a Moute,Boris Diaw,Gerald Wallace,Nazr Mohammed,Raymond Felton,Stephen Jackson,3,8:15,CHA,rebound,,,,,,,,,,Stephen Jackson,,,,,,def,,
Brandon Jennings,Ersan Ilyasova,Jodie Meeks,Kurt Thomas,Luc Richard Mbah a Moute,Boris Diaw,Gerald Wallace,Nazr Mohammed,Raymond Felton,Stephen Jackson,3,8:11,MIL,foul,,,,,,,,Raymond Felton,,Brandon Jennings,,,,,,personal,,
Brandon Jennings,Ersan Ilyasova,Jodie Meeks,Kurt Thomas,Luc Richard Mbah a Moute,Boris Diaw,Gerald Wallace,Nazr Mohammed,Raymond Felton,Stephen Jackson,3,7:57,CHA,shot,,,,,,,,,,Stephen Jackson,,,,missed,,jump,9,22
Brandon Jennings,Ersan Ilyasova,Jodie Meeks,Kurt Thomas,Luc Richard Mbah a Moute,Boris Diaw,Gerald Wallace,Nazr Mohammed,Raymond Felton,Stephen Jackson,3,7:55,MIL,rebound,,,,,,,,,,Ersan Ilyasova,,,,,,def,,
Brandon Jennings,Ersan Ilyasova,Jodie Meeks,Kurt Thomas,Luc Richard Mbah a Moute,Boris Diaw,Gerald Wallace,Nazr Mohammed,Raymond Felton,Stephen Jackson,3,7:38,MIL,shot,,,Nazr Mohammed,,,,,,,Kurt Thomas,,,,missed,,jump,18,10
Brandon Jennings,Ersan Ilyasova,Jodie Meeks,Kurt Thomas,Luc Richard Mbah a Moute,Boris Diaw,Gerald Wallace,Nazr Mohammed,Raymond Felton,Stephen Jackson,3,7:38,MIL,rebound,,,,,,,,,,,,,,,,,,
Brandon Jennings,Ersan Ilyasova,Jodie Meeks,Kurt Thomas,Luc Richard Mbah a Moute,Boris Diaw,Gerald Wallace,Nazr Mohammed,Raymond Felton,Stephen Jackson,3,7:34,MIL,shot,Luc Richard Mbah a Moute,,,,,,,,,Brandon Jennings,2,,,made,,layup,25,6
Brandon Jennings,Ersan Ilyasova,Jodie Meeks,Kurt Thomas,Luc Richard Mbah a Moute,Boris Diaw,Gerald Wallace,Nazr Mohammed,Raymond Felton,Stephen Jackson,3,7:15,MIL,foul,,,,,,,,Stephen Jackson,,Kurt Thomas,,,,,,shooting,,
Brandon Jennings,Ersan Ilyasova,Jodie Meeks,Kurt Thomas,Luc Richard Mbah a Moute,Boris Diaw,Gerald Wallace,Nazr Mohammed,Raymond Felton,Stephen Jackson,3,7:15,CHA,free throw,,,,,,,1,,2,Stephen Jackson,,,foul,made,,,,
Brandon Jennings,Ersan Ilyasova,Francisco Elson,Jodie Meeks,Luc Richard Mbah a Moute,Boris Diaw,Gerald Wallace,Nazr Mohammed,Raymond Felton,Stephen Jackson,3,7:15,MIL,sub,,,,Francisco Elson,,Kurt Thomas,,,,,,,,,,,,
Brandon Jennings,Ersan Ilyasova,Francisco Elson,Jodie Meeks,Luc Richard Mbah a Moute,Boris Diaw,Gerald Wallace,Nazr Mohammed,Raymond Felton,Stephen Jackson,3,7:15,CHA,free throw,,,,,,,2,,2,Stephen Jackson,,,foul,made,,,,
Brandon Jennings,Ersan Ilyasova,Francisco Elson,Jodie Meeks,Luc Richard Mbah a Moute,Boris Diaw,Gerald Wallace,Nazr Mohammed,Raymond Felton,Stephen Jackson,3,6:57,MIL,shot,,,,,,,,,,Jodie Meeks,,,,missed,,3pt,38,28
Brandon Jennings,Ersan Ilyasova,Francisco Elson,Jodie Meeks,Luc Richard Mbah a Moute,Boris Diaw,Gerald Wallace,Nazr Mohammed,Raymond Felton,Stephen Jackson,3,6:57,CHA,rebound,,,,,,,,,,,,,,,,,,
Brandon Jennings,Ersan Ilyasova,Francisco Elson,Jodie Meeks,Luc Richard Mbah a Moute,Boris Diaw,Gerald Wallace,Nazr Mohammed,Raymond Felton,Stephen Jackson,3,6:43,CHA,shot,,,,,,,,,,Nazr Mohammed,,,,missed,,layup,25,6
Brandon Jennings,Ersan Ilyasova,Francisco Elson,Jodie Meeks,Luc Richard Mbah a Moute,Boris Diaw,Gerald Wallace,Nazr Mohammed,Raymond Felton,Stephen Jackson,3,6:42,MIL,rebound,,,,,,,,,,Francisco Elson,,,,,,def,,
Brandon Jennings,Ersan Ilyasova,Francisco Elson,Jodie Meeks,Luc Richard Mbah a Moute,Boris Diaw,Gerald Wallace,Nazr Mohammed,Raymond Felton,Stephen Jackson,3,6:35,MIL,shot,,,,,,,,,,Brandon Jennings,3,,,made,,3pt,36,29
Brandon Jennings,Ersan Ilyasova,Francisco Elson,Jodie Meeks,Luc Richard Mbah a Moute,Boris Diaw,Gerald Wallace,Nazr Mohammed,Raymond Felton,Stephen Jackson,3,6:17,MIL,foul,,,,,,,,Gerald Wallace,,Luc Richard Mbah a Moute,,,,,,personal,,
Brandon Jennings,Ersan Ilyasova,Francisco Elson,Jodie Meeks,Luc Richard Mbah a Moute,Boris Diaw,Gerald Wallace,Nazr Mohammed,Raymond Felton,Stephen Jackson,3,6:14,MIL,foul,,,,,,,,Nazr Mohammed,,Ersan Ilyasova,,,,,,shooting,,
Brandon Jennings,Ersan Ilyasova,Francisco Elson,Jodie Meeks,Luc Richard Mbah a Moute,Boris Diaw,Gerald Wallace,Nazr Mohammed,Raymond Felton,Stephen Jackson,3,6:14,CHA,free throw,,,,,,,1,,2,Nazr Mohammed,,,foul,missed,,,,
Brandon Jennings,Ersan Ilyasova,Francisco Elson,Jodie Meeks,Luc Richard Mbah a Moute,Boris Diaw,Gerald Wallace,Nazr Mohammed,Raymond Felton,Stephen Jackson,3,6:14,CHA,rebound,,,,,,,,,,,,,,,,,,
Brandon Jennings,Ersan Ilyasova,Francisco Elson,Jodie Meeks,Luc Richard Mbah a Moute,Boris Diaw,Gerald Wallace,Nazr Mohammed,Raymond Felton,Stephen Jackson,3,6:14,CHA,free throw,,,,,,,2,,2,Nazr Mohammed,,,foul,made,,,,
Brandon Jennings,Ersan Ilyasova,Francisco Elson,Jodie Meeks,Luc Richard Mbah a Moute,Boris Diaw,Gerald Wallace,Nazr Mohammed,Raymond Felton,Stephen Jackson,3,6:00,MIL,shot,,,,,,,,,,Brandon Jennings,2,,,made,,floating jump,33,14
Brandon Jennings,Ersan Ilyasova,Francisco Elson,Jodie Meeks,Luc Richard Mbah a Moute,Boris Diaw,Gerald Wallace,Nazr Mohammed,Raymond Felton,Stephen Jackson,3,5:47,CHA,turnover,,,,,,,,,,Stephen Jackson,,,bad pass,,Francisco Elson,,,
Brandon Jennings,Ersan Ilyasova,Francisco Elson,Jodie Meeks,Luc Richard Mbah a Moute,Boris Diaw,Gerald Wallace,Nazr Mohammed,Raymond Felton,Stephen Jackson,3,5:42,MIL,shot,Brandon Jennings,,,,,,,,,Ersan Ilyasova,2,,,made,,alley oop layup,25,6
Brandon Jennings,Ersan Ilyasova,Francisco Elson,Jodie Meeks,Luc Richard Mbah a Moute,Boris Diaw,Gerald Wallace,Nazr Mohammed,Raymond Felton,Stephen Jackson,3,5:28,MIL,foul,,,,,,,,,,Francisco Elson,,,,,,defense 3 second,,
Brandon Jennings,Ersan Ilyasova,Francisco Elson,Jodie Meeks,Luc Richard Mbah a Moute,Boris Diaw,Gerald Wallace,Nazr Mohammed,Raymond Felton,Stephen Jackson,3,5:28,CHA,timeout,,,,,,,,,,,,,,,,regular,,
Brandon Jennings,Ersan Ilyasova,Francisco Elson,Jodie Meeks,Luc Richard Mbah a Moute,Boris Diaw,Gerald Wallace,Raymond Felton,Ronald Murray,Stephen Jackson,3,5:28,CHA,sub,,,,Ronald Murray,,Nazr Mohammed,,,,,,,,,,,,
Brandon Jennings,Ersan Ilyasova,Francisco Elson,Jodie Meeks,Luc Richard Mbah a Moute,Boris Diaw,Gerald Wallace,Raymond Felton,Ronald Murray,Stephen Jackson,3,5:28,CHA,free throw,,,,,,,1,,1,Raymond Felton,,,technical,made,,,,
Brandon Jennings,Ersan Ilyasova,Francisco Elson,Jodie Meeks,Luc Richard Mbah a Moute,Boris Diaw,Gerald Wallace,Raymond Felton,Ronald Murray,Stephen Jackson,3,5:24,CHA,foul,,,,,,,,Ersan Ilyasova,,Boris Diaw,,,,,,offensive,,
Brandon Jennings,Ersan Ilyasova,Francisco Elson,Jodie Meeks,Luc Richard Mbah a Moute,Boris Diaw,Gerald Wallace,Raymond Felton,Ronald Murray,Stephen Jackson,3,5:24,CHA,turnover,,,,,,,,,,Boris Diaw,,,foul,,,,,
Brandon Jennings,Ersan Ilyasova,Francisco Elson,Jodie Meeks,Luc Richard Mbah a Moute,Boris Diaw,Gerald Wallace,Raymond Felton,Ronald Murray,Stephen Jackson,3,5:08,MIL,shot,,,,,,,,,,Jodie Meeks,,,,missed,,jump,36,9
Brandon Jennings,Ersan Ilyasova,Francisco Elson,Jodie Meeks,Luc Richard Mbah a Moute,Boris Diaw,Gerald Wallace,Raymond Felton,Ronald Murray,Stephen Jackson,3,5:07,CHA,rebound,,,,,,,,,,Raymond Felton,,,,,,def,,
Brandon Jennings,Ersan Ilyasova,Francisco Elson,Jodie Meeks,Luc Richard Mbah a Moute,Boris Diaw,Gerald Wallace,Raymond Felton,Ronald Murray,Stephen Jackson,3,4:48,CHA,shot,,,,,,,,,,Raymond Felton,,,,missed,,3pt,48,16
Brandon Jennings,Ersan Ilyasova,Francisco Elson,Jodie Meeks,Luc Richard Mbah a Moute,Boris Diaw,Gerald Wallace,Raymond Felton,Ronald Murray,Stephen Jackson,3,4:47,MIL,rebound,,,,,,,,,,Francisco Elson,,,,,,def,,
Brandon Jennings,Ersan Ilyasova,Francisco Elson,Jodie Meeks,Luc Richard Mbah a Moute,Boris Diaw,Gerald Wallace,Raymond Felton,Ronald Murray,Stephen Jackson,3,4:39,MIL,shot,Brandon Jennings,,,,,,,,,Ersan Ilyasova,3,,,made,,3pt,13,29
Brandon Jennings,Ersan Ilyasova,Francisco Elson,Jodie Meeks,Luc Richard Mbah a Moute,Boris Diaw,Gerald Wallace,Raymond Felton,Ronald Murray,Stephen Jackson,3,4:19,CHA,shot,Boris Diaw,,,,,,,,,Gerald Wallace,2,,,made,,layup,25,6
Brandon Jennings,Ersan Ilyasova,Francisco Elson,Jodie Meeks,Luc Richard Mbah a Moute,Boris Diaw,Gerald Wallace,Raymond Felton,Ronald Murray,Stephen Jackson,3,4:19,MIL,foul,,,,,,,,Gerald Wallace,,Ersan Ilyasova,,,,,,shooting,,
Brandon Jennings,Ersan Ilyasova,Francisco Elson,Luc Richard Mbah a Moute,Luke Ridnour,Boris Diaw,Gerald Wallace,Raymond Felton,Ronald Murray,Stephen Jackson,3,4:19,MIL,sub,,,,Luke Ridnour,,Jodie Meeks,,,,,,,,,,,,
Brandon Jennings,Ersan Ilyasova,Francisco Elson,Luc Richard Mbah a Moute,Luke Ridnour,Boris Diaw,Gerald Wallace,Raymond Felton,Ronald Murray,Stephen Jackson,3,4:19,CHA,free throw,,,,,,,1,,1,Gerald Wallace,,,foul,made,,,,
Brandon Jennings,Ersan Ilyasova,Francisco Elson,Luc Richard Mbah a Moute,Luke Ridnour,Boris Diaw,Gerald Wallace,Raymond Felton,Ronald Murray,Stephen Jackson,3,4:06,MIL,shot,Brandon Jennings,,,,,,,,,Ersan Ilyasova,2,,,made,,jump,8,21
Brandon Jennings,Ersan Ilyasova,Francisco Elson,Luc Richard Mbah a Moute,Luke Ridnour,Boris Diaw,Gerald Wallace,Raymond Felton,Ronald Murray,Stephen Jackson,3,3:50,CHA,shot,Ronald Murray,,,,,,,,,Boris Diaw,2,,,made,,jump,21,21
Brandon Jennings,Ersan Ilyasova,Francisco Elson,Luc Richard Mbah a Moute,Luke Ridnour,Boris Diaw,Gerald Wallace,Raymond Felton,Ronald Murray,Stephen Jackson,3,3:36,MIL,shot,,,Gerald Wallace,,,,,,,Brandon Jennings,,,,missed,,layup,25,6
Brandon Jennings,Ersan Ilyasova,Francisco Elson,Luc Richard Mbah a Moute,Luke Ridnour,Boris Diaw,Gerald Wallace,Raymond Felton,Ronald Murray,Stephen Jackson,3,3:36,MIL,jump ball,,Brandon Jennings,,,Gerald Wallace,,,,,,,Luc Richard Mbah a Moute,,,,,,
Brandon Jennings,Ersan Ilyasova,Francisco Elson,Luc Richard Mbah a Moute,Luke Ridnour,Boris Diaw,Gerald Wallace,Raymond Felton,Ronald Murray,Stephen Jackson,3,3:36,MIL,rebound,,,,,,,,,,,,,,,,,,
Brandon Jennings,Ersan Ilyasova,Francisco Elson,Luc Richard Mbah a Moute,Luke Ridnour,Boris Diaw,Gerald Wallace,Raymond Felton,Ronald Murray,Stephen Jackson,3,3:27,MIL,shot,,,,,,,,,,Luc Richard Mbah a Moute,2,,,made,,a moute layup,25,6
Brandon Jennings,Ersan Ilyasova,Francisco Elson,Luc Richard Mbah a Moute,Luke Ridnour,Boris Diaw,Gerald Wallace,Raymond Felton,Ronald Murray,Stephen Jackson,3,3:14,MIL,foul,,,,,,,,Gerald Wallace,,Ersan Ilyasova,,,,,,shooting,,
Brandon Jennings,Ersan Ilyasova,Francisco Elson,Luc Richard Mbah a Moute,Luke Ridnour,Boris Diaw,Gerald Wallace,Raymond Felton,Ronald Murray,Stephen Jackson,3,3:14,CHA,free throw,,,,,,,1,,2,Gerald Wallace,,,foul,missed,,,,
Brandon Jennings,Ersan Ilyasova,Francisco Elson,Luc Richard Mbah a Moute,Luke Ridnour,Boris Diaw,Gerald Wallace,Raymond Felton,Ronald Murray,Stephen Jackson,3,3:14,CHA,rebound,,,,,,,,,,,,,,,,,,
Brandon Jennings,Francisco Elson,Hakim Warrick,Luc Richard Mbah a Moute,Luke Ridnour,Boris Diaw,Gerald Wallace,Raymond Felton,Ronald Murray,Stephen Jackson,3,3:14,MIL,sub,,,,Hakim Warrick,,Ersan Ilyasova,,,,,,,,,,,,
Brandon Jennings,Francisco Elson,Hakim Warrick,Luc Richard Mbah a Moute,Luke Ridnour,Boris Diaw,Gerald Wallace,Raymond Felton,Ronald Murray,Stephen Jackson,3,3:14,CHA,free throw,,,,,,,2,,2,Gerald Wallace,,,foul,made,,,,
Brandon Jennings,Francisco Elson,Hakim Warrick,Luc Richard Mbah a Moute,Luke Ridnour,Boris Diaw,Gerald Wallace,Raymond Felton,Ronald Murray,Stephen Jackson,3,2:53,MIL,shot,,,,,,,,,,Hakim Warrick,,,,missed,,jump,31,24
Brandon Jennings,Francisco Elson,Hakim Warrick,Luc Richard Mbah a Moute,Luke Ridnour,Boris Diaw,Gerald Wallace,Raymond Felton,Ronald Murray,Stephen Jackson,3,2:52,CHA,rebound,,,,,,,,,,Ronald Murray,,,,,,def,,
Brandon Jennings,Francisco Elson,Hakim Warrick,Luc Richard Mbah a Moute,Luke Ridnour,Boris Diaw,Gerald Wallace,Raymond Felton,Ronald Murray,Stephen Jackson,3,2:33,CHA,shot,,,,,,,,,,Ronald Murray,,,,missed,,jump,40,7
Brandon Jennings,Francisco Elson,Hakim Warrick,Luc Richard Mbah a Moute,Luke Ridnour,Boris Diaw,Gerald Wallace,Raymond Felton,Ronald Murray,Stephen Jackson,3,2:32,MIL,rebound,,,,,,,,,,Francisco Elson,,,,,,def,,
Brandon Jennings,Francisco Elson,Hakim Warrick,Luc Richard Mbah a Moute,Luke Ridnour,Boris Diaw,Gerald Wallace,Raymond Felton,Ronald Murray,Stephen Jackson,3,2:23,MIL,shot,Brandon Jennings,,,,,,,,,Luke Ridnour,3,,,made,,3pt,48,7
Brandon Jennings,Francisco Elson,Hakim Warrick,Luc Richard Mbah a Moute,Luke Ridnour,Boris Diaw,Gerald Wallace,Raymond Felton,Ronald Murray,Stephen Jackson,3,2:02,CHA,turnover,,,,,,,,,,Ronald Murray,,,lost ball,,Luke Ridnour,,,
Brandon Jennings,Francisco Elson,Hakim Warrick,Luc Richard Mbah a Moute,Luke Ridnour,Boris Diaw,Gerald Wallace,Raymond Felton,Ronald Murray,Stephen Jackson,3,1:57,MIL,turnover,,,,,,,,,,Luc Richard Mbah a Moute,,,bad pass,,Gerald Wallace,,,
Brandon Jennings,Francisco Elson,Hakim Warrick,Luc Richard Mbah a Moute,Luke Ridnour,Boris Diaw,Gerald Wallace,Raymond Felton,Ronald Murray,Stephen Jackson,3,1:41,CHA,shot,Ronald Murray,,,,,,,,,Boris Diaw,2,,,made,,driving layup,25,6
Brandon Jennings,Francisco Elson,Hakim Warrick,Luc Richard Mbah a Moute,Luke Ridnour,Boris Diaw,Gerald Wallace,Raymond Felton,Ronald Murray,Stephen Jackson,3,1:40,MIL,timeout,,,,,,,,,,,,,,,,regular,,
Brandon Jennings,Francisco Elson,Hakim Warrick,Luc Richard Mbah a Moute,Luke Ridnour,Boris Diaw,D.J. Augustin,Gerald Wallace,Raymond Felton,Ronald Murray,3,1:40,CHA,sub,,,,D.J. Augustin,,Stephen Jackson,,,,,,,,,,,,
Brandon Jennings,Francisco Elson,Hakim Warrick,Luc Richard Mbah a Moute,Luke Ridnour,Boris Diaw,D.J. Augustin,Gerald Wallace,Ronald Murray,Stephen Graham,3,1:40,CHA,sub,,,,Stephen Graham,,Raymond Felton,,,,,,,,,,,,
Brandon Jennings,Francisco Elson,Hakim Warrick,Luc Richard Mbah a Moute,Luke Ridnour,Boris Diaw,D.J. Augustin,Gerald Wallace,Ronald Murray,Stephen Graham,3,1:23,MIL,shot,Brandon Jennings,,,,,,,,,Luke Ridnour,3,,,made,,3pt,30,31
Brandon Jennings,Francisco Elson,Hakim Warrick,Luc Richard Mbah a Moute,Luke Ridnour,Boris Diaw,D.J. Augustin,Gerald Wallace,Ronald Murray,Stephen Graham,3,1:04,CHA,shot,,,,,,,,,,Boris Diaw,,,,missed,,jump,8,8
Brandon Jennings,Francisco Elson,Hakim Warrick,Luc Richard Mbah a Moute,Luke Ridnour,Boris Diaw,D.J. Augustin,Gerald Wallace,Ronald Murray,Stephen Graham,3,1:02,MIL,rebound,,,,,,,,,,Luc Richard Mbah a Moute,,,,,,def,,
Brandon Jennings,Francisco Elson,Hakim Warrick,Luc Richard Mbah a Moute,Luke Ridnour,Boris Diaw,D.J. Augustin,Gerald Wallace,Ronald Murray,Stephen Graham,3,0:48,MIL,shot,,,,,,,,,,Brandon Jennings,,,,missed,,jump,18,26
Brandon Jennings,Francisco Elson,Hakim Warrick,Luc Richard Mbah a Moute,Luke Ridnour,Boris Diaw,D.J. Augustin,Gerald Wallace,Ronald Murray,Stephen Graham,3,0:47,MIL,rebound,,,,,,,,,,Hakim Warrick,,,,,,off,,
Brandon Jennings,Francisco Elson,Hakim Warrick,Luc Richard Mbah a Moute,Luke Ridnour,Boris Diaw,D.J. Augustin,Gerald Wallace,Ronald Murray,Stephen Graham,3,0:42,MIL,shot,,,,,,,,,,Luke Ridnour,2,,,made,,jump,22,13
Brandon Jennings,Francisco Elson,Hakim Warrick,Luc Richard Mbah a Moute,Luke Ridnour,Boris Diaw,D.J. Augustin,Gerald Wallace,Ronald Murray,Stephen Graham,3,0:25,MIL,foul,,,,,,,,D.J. Augustin,,Luke Ridnour,,,,,,shooting,,
Brandon Jennings,Francisco Elson,Hakim Warrick,Luc Richard Mbah a Moute,Luke Ridnour,Boris Diaw,D.J. Augustin,Gerald Wallace,Ronald Murray,Stephen Graham,3,0:25,CHA,free throw,,,,,,,1,,2,D.J. Augustin,,,foul,made,,,,
Brandon Jennings,Francisco Elson,Hakim Warrick,Luc Richard Mbah a Moute,Luke Ridnour,Boris Diaw,D.J. Augustin,Gerald Wallace,Ronald Murray,Stephen Graham,3,0:25,CHA,free throw,,,,,,,2,,2,D.J. Augustin,,,foul,made,,,,
Brandon Jennings,Francisco Elson,Hakim Warrick,Luc Richard Mbah a Moute,Luke Ridnour,Boris Diaw,D.J. Augustin,Gerald Wallace,Ronald Murray,Stephen Graham,3,0:03,MIL,shot,,,,,,,,,,Luke Ridnour,,,,missed,,3pt,12,30
Brandon Jennings,Francisco Elson,Hakim Warrick,Luc Richard Mbah a Moute,Luke Ridnour,Boris Diaw,D.J. Augustin,Gerald Wallace,Ronald Murray,Stephen Graham,3,0:01,CHA,rebound,,,,,,,,,,,,,,,,,,
Brandon Jennings,Francisco Elson,Hakim Warrick,Luc Richard Mbah a Moute,Luke Ridnour,Boris Diaw,D.J. Augustin,Gerald Wallace,Ronald Murray,Stephen Graham,3,0:00,CHA,shot,,,,,,,,,,Ronald Murray,,,,missed,,3pt,9,62
Brandon Jennings,Francisco Elson,Hakim Warrick,Luc Richard Mbah a Moute,Luke Ridnour,Boris Diaw,D.J. Augustin,Gerald Wallace,Ronald Murray,Stephen Graham,3,0:00,CHA,rebound,,,,,,,,,,,,,,,,,,
Brandon Jennings,Francisco Elson,Hakim Warrick,Luc Richard Mbah a Moute,Luke Ridnour,Boris Diaw,D.J. Augustin,Gerald Wallace,Ronald Murray,Stephen Graham,4,11:38,MIL,shot,,,,,,,,,,Brandon Jennings,2,,,made,,driving layup,25,6
Brandon Jennings,Francisco Elson,Hakim Warrick,Luc Richard Mbah a Moute,Luke Ridnour,Boris Diaw,D.J. Augustin,Gerald Wallace,Ronald Murray,Stephen Graham,4,11:19,CHA,shot,,,,,,,,,,D.J. Augustin,,,,missed,,3pt,30,31
Brandon Jennings,Francisco Elson,Hakim Warrick,Luc Richard Mbah a Moute,Luke Ridnour,Boris Diaw,D.J. Augustin,Gerald Wallace,Ronald Murray,Stephen Graham,4,11:12,MIL,rebound,,,,,,,,,,Francisco Elson,,,,,,def,,
Brandon Jennings,Francisco Elson,Hakim Warrick,Luc Richard Mbah a Moute,Luke Ridnour,Boris Diaw,D.J. Augustin,Gerald Wallace,Ronald Murray,Stephen Graham,4,11:09,CHA,foul,,,,,,,,Brandon Jennings,,D.J. Augustin,,,,,,personal,,
Brandon Jennings,Francisco Elson,Hakim Warrick,Luc Richard Mbah a Moute,Luke Ridnour,Boris Diaw,D.J. Augustin,Gerald Wallace,Ronald Murray,Stephen Graham,4,11:04,MIL,turnover,,,,,,,,,,Luke Ridnour,,,bad pass,,,,,
Brandon Jennings,Francisco Elson,Hakim Warrick,Luc Richard Mbah a Moute,Luke Ridnour,Boris Diaw,D.J. Augustin,Gerald Wallace,Ronald Murray,Stephen Graham,4,10:51,CHA,shot,,,Luke Ridnour,,,,,,,Ronald Murray,,,,missed,,layup,25,6
Brandon Jennings,Francisco Elson,Hakim Warrick,Luc Richard Mbah a Moute,Luke Ridnour,Boris Diaw,D.J. Augustin,Gerald Wallace,Ronald Murray,Stephen Graham,4,10:48,MIL,rebound,,,,,,,,,,Luke Ridnour,,,,,,def,,
Brandon Jennings,Francisco Elson,Hakim Warrick,Luc Richard Mbah a Moute,Luke Ridnour,Boris Diaw,D.J. Augustin,Gerald Wallace,Ronald Murray,Stephen Graham,4,10:43,MIL,shot,,,,,,,,,,Brandon Jennings,,,,missed,,3pt,10,27
Brandon Jennings,Francisco Elson,Hakim Warrick,Luc Richard Mbah a Moute,Luke Ridnour,Boris Diaw,D.J. Augustin,Gerald Wallace,Ronald Murray,Stephen Graham,4,10:40,CHA,rebound,,,,,,,,,,D.J. Augustin,,,,,,def,,
Brandon Jennings,Francisco Elson,Hakim Warrick,Luc Richard Mbah a Moute,Luke Ridnour,Boris Diaw,D.J. Augustin,Gerald Wallace,Ronald Murray,Stephen Graham,4,10:39,CHA,shot,D.J. Augustin,,,,,,,,,Stephen Graham,2,,,made,,layup,25,6
Brandon Jennings,Francisco Elson,Hakim Warrick,Luc Richard Mbah a Moute,Luke Ridnour,Boris Diaw,D.J. Augustin,Gerald Wallace,Ronald Murray,Stephen Graham,4,10:39,MIL,foul,,,,,,,,Stephen Graham,,Francisco Elson,,,,,,shooting,,
Brandon Jennings,Francisco Elson,Hakim Warrick,Luc Richard Mbah a Moute,Luke Ridnour,Boris Diaw,D.J. Augustin,Gerald Wallace,Ronald Murray,Stephen Graham,4,10:39,CHA,free throw,,,,,,,1,,1,Stephen Graham,,,foul,made,,,,
Brandon Jennings,Francisco Elson,Hakim Warrick,Luc Richard Mbah a Moute,Luke Ridnour,Boris Diaw,D.J. Augustin,Gerald Wallace,Ronald Murray,Stephen Graham,4,10:37,MIL,turnover,,,,,,,,,,Luc Richard Mbah a Moute,,,bad pass,,Ronald Murray,,,
Brandon Jennings,Francisco Elson,Hakim Warrick,Luc Richard Mbah a Moute,Luke Ridnour,Boris Diaw,D.J. Augustin,Gerald Wallace,Ronald Murray,Stephen Graham,4,10:15,CHA,shot,,,,,,,,,,Ronald Murray,,,,missed,,3pt,49,9
Brandon Jennings,Francisco Elson,Hakim Warrick,Luc Richard Mbah a Moute,Luke Ridnour,Boris Diaw,D.J. Augustin,Gerald Wallace,Ronald Murray,Stephen Graham,4,10:15,MIL,rebound,,,,,,,,,,,,,,,,,,
Brandon Jennings,Francisco Elson,Hakim Warrick,Luc Richard Mbah a Moute,Luke Ridnour,Boris Diaw,D.J. Augustin,Gerald Wallace,Ronald Murray,Stephen Graham,4,10:15,CHA,foul,,,,,,,,Hakim Warrick,,Boris Diaw,,,,,,loose ball,,
Brandon Jennings,Francisco Elson,Hakim Warrick,Luc Richard Mbah a Moute,Luke Ridnour,D.J. Augustin,Gerald Wallace,Ronald Murray,Stephen Graham,Stephen Jackson,4,10:14,CHA,sub,,,,Stephen Jackson,,Boris Diaw,,,,,,,,,,,,
Brandon Jennings,Francisco Elson,Hakim Warrick,Luc Richard Mbah a Moute,Luke Ridnour,D.J. Augustin,Gerald Wallace,Ronald Murray,Stephen Graham,Stephen Jackson,4,10:00,MIL,shot,,,,,,,,,,Brandon Jennings,2,,,made,,step back jump,14,18
Brandon Jennings,Francisco Elson,Hakim Warrick,Luc Richard Mbah a Moute,Luke Ridnour,D.J. Augustin,Gerald Wallace,Ronald Murray,Stephen Graham,Stephen Jackson,4,9:39,CHA,shot,,,,,,,,,,D.J. Augustin,,,,missed,,3pt,8,25
Brandon Jennings,Francisco Elson,Hakim Warrick,Luc Richard Mbah a Moute,Luke Ridnour,D.J. Augustin,Gerald Wallace,Ronald Murray,Stephen Graham,Stephen Jackson,4,9:38,MIL,rebound,,,,,,,,,,Luc Richard Mbah a Moute,,,,,,def,,
Brandon Jennings,Francisco Elson,Hakim Warrick,Luc Richard Mbah a Moute,Luke Ridnour,D.J. Augustin,Gerald Wallace,Ronald Murray,Stephen Graham,Stephen Jackson,4,9:26,CHA,foul,,,,,,,,Hakim Warrick,,Stephen Jackson,,,,,,personal,,
Brandon Jennings,Francisco Elson,Hakim Warrick,Luc Richard Mbah a Moute,Luke Ridnour,D.J. Augustin,Gerald Wallace,Ronald Murray,Stephen Graham,Stephen Jackson,4,9:16,CHA,foul,,,,,,,,Luc Richard Mbah a Moute,,Stephen Graham,,,,,,shooting,,
Brandon Jennings,Francisco Elson,Hakim Warrick,Luc Richard Mbah a Moute,Luke Ridnour,D.J. Augustin,Gerald Wallace,Ronald Murray,Stephen Graham,Stephen Jackson,4,9:16,MIL,free throw,,,,,,,1,,2,Luc Richard Mbah a Moute,,,foul,made,,,,
Brandon Jennings,Francisco Elson,Hakim Warrick,Luc Richard Mbah a Moute,Luke Ridnour,D.J. Augustin,Gerald Wallace,Ronald Murray,Stephen Graham,Stephen Jackson,4,9:16,MIL,free throw,,,,,,,2,,2,Luc Richard Mbah a Moute,,,foul,missed,,,,
Brandon Jennings,Francisco Elson,Hakim Warrick,Luc Richard Mbah a Moute,Luke Ridnour,D.J. Augustin,Gerald Wallace,Ronald Murray,Stephen Graham,Stephen Jackson,4,9:14,CHA,rebound,,,,,,,,,,,,,,,,,,
Brandon Jennings,Francisco Elson,Hakim Warrick,Luc Richard Mbah a Moute,Luke Ridnour,D.J. Augustin,Gerald Wallace,Ronald Murray,Stephen Graham,Stephen Jackson,4,9:04,MIL,foul,,,,,,,,Gerald Wallace,,Francisco Elson,,,,,,personal,,
Brandon Jennings,Francisco Elson,Hakim Warrick,Luc Richard Mbah a Moute,Luke Ridnour,D.J. Augustin,Gerald Wallace,Ronald Murray,Stephen Graham,Stephen Jackson,4,8:53,CHA,shot,,,,,,,,,,Ronald Murray,,,,missed,,3pt,1,8
Brandon Jennings,Francisco Elson,Hakim Warrick,Luc Richard Mbah a Moute,Luke Ridnour,D.J. Augustin,Gerald Wallace,Ronald Murray,Stephen Graham,Stephen Jackson,4,8:52,CHA,rebound,,,,,,,,,,Gerald Wallace,,,,,,off,,
Brandon Jennings,Francisco Elson,Hakim Warrick,Luc Richard Mbah a Moute,Luke Ridnour,D.J. Augustin,Gerald Wallace,Ronald Murray,Stephen Graham,Stephen Jackson,4,8:36,CHA,shot,D.J. Augustin,,,,,,,,,Stephen Graham,2,,,made,,driving layup,25,6
Brandon Jennings,Francisco Elson,Hakim Warrick,Luc Richard Mbah a Moute,Luke Ridnour,D.J. Augustin,Gerald Wallace,Ronald Murray,Stephen Graham,Stephen Jackson,4,8:15,MIL,shot,,,,,,,,,,Brandon Jennings,,,,missed,,layup,25,6
Brandon Jennings,Francisco Elson,Hakim Warrick,Luc Richard Mbah a Moute,Luke Ridnour,D.J. Augustin,Gerald Wallace,Ronald Murray,Stephen Graham,Stephen Jackson,4,8:14,CHA,rebound,,,,,,,,,,Gerald Wallace,,,,,,def,,
Brandon Jennings,Francisco Elson,Hakim Warrick,Luc Richard Mbah a Moute,Luke Ridnour,D.J. Augustin,Gerald Wallace,Ronald Murray,Stephen Graham,Stephen Jackson,4,8:13,MIL,foul,,,,,,,,Stephen Graham,,Hakim Warrick,,,,,,shooting,,
Brandon Jennings,Francisco Elson,Hakim Warrick,Luc Richard Mbah a Moute,Luke Ridnour,D.J. Augustin,Gerald Wallace,Ronald Murray,Stephen Graham,Stephen Jackson,4,8:13,CHA,timeout,,,,,,,,,,,,,,,,official,,
Brandon Jennings,Francisco Elson,Hakim Warrick,Luc Richard Mbah a Moute,Luke Ridnour,Boris Diaw,D.J. Augustin,Ronald Murray,Stephen Graham,Stephen Jackson,4,8:13,CHA,sub,,,,Boris Diaw,,Gerald Wallace,,,,,,,,,,,,
Brandon Jennings,Francisco Elson,Hakim Warrick,Luc Richard Mbah a Moute,Luke Ridnour,Boris Diaw,Raymond Felton,Ronald Murray,Stephen Graham,Stephen Jackson,4,8:13,CHA,sub,,,,Raymond Felton,,D.J. Augustin,,,,,,,,,,,,
Brandon Jennings,Ersan Ilyasova,Hakim Warrick,Luc Richard Mbah a Moute,Luke Ridnour,Boris Diaw,Raymond Felton,Ronald Murray,Stephen Graham,Stephen Jackson,4,8:13,MIL,sub,,,,Ersan Ilyasova,,Francisco Elson,,,,,,,,,,,,
Brandon Jennings,Ersan Ilyasova,Hakim Warrick,Luc Richard Mbah a Moute,Luke Ridnour,Boris Diaw,Raymond Felton,Ronald Murray,Stephen Graham,Stephen Jackson,4,8:13,CHA,free throw,,,,,,,1,,2,Stephen Graham,,,foul,made,,,,
Brandon Jennings,Ersan Ilyasova,Hakim Warrick,Luc Richard Mbah a Moute,Luke Ridnour,Boris Diaw,Raymond Felton,Ronald Murray,Stephen Graham,Stephen Jackson,4,8:13,CHA,free throw,,,,,,,2,,2,Stephen Graham,,,foul,made,,,,
Brandon Jennings,Ersan Ilyasova,Hakim Warrick,Luc Richard Mbah a Moute,Luke Ridnour,Boris Diaw,Raymond Felton,Ronald Murray,Stephen Graham,Stephen Jackson,4,7:54,MIL,shot,,,,,,,,,,Luke Ridnour,,,,missed,,3pt,1,8
Brandon Jennings,Ersan Ilyasova,Hakim Warrick,Luc Richard Mbah a Moute,Luke Ridnour,Boris Diaw,Raymond Felton,Ronald Murray,Stephen Graham,Stephen Jackson,4,7:52,CHA,rebound,,,,,,,,,,Raymond Felton,,,,,,def,,
Brandon Jennings,Ersan Ilyasova,Hakim Warrick,Luc Richard Mbah a Moute,Luke Ridnour,Boris Diaw,Raymond Felton,Ronald Murray,Stephen Graham,Stephen Jackson,4,7:37,CHA,turnover,,,,,,,,,,Boris Diaw,,,bad pass,,Hakim Warrick,,,
Brandon Jennings,Ersan Ilyasova,Hakim Warrick,Luc Richard Mbah a Moute,Luke Ridnour,Boris Diaw,Raymond Felton,Ronald Murray,Stephen Graham,Stephen Jackson,4,7:29,CHA,foul,,,,,,,,Brandon Jennings,,Stephen Jackson,,,,,,shooting,,
Brandon Jennings,Ersan Ilyasova,Hakim Warrick,Luc Richard Mbah a Moute,Luke Ridnour,Boris Diaw,Raymond Felton,Ronald Murray,Stephen Graham,Stephen Jackson,4,7:29,MIL,free throw,,,,,,,1,,3,Brandon Jennings,,,foul,made,,,,
Brandon Jennings,Ersan Ilyasova,Hakim Warrick,Luc Richard Mbah a Moute,Luke Ridnour,Boris Diaw,Raymond Felton,Ronald Murray,Stephen Graham,Stephen Jackson,4,7:29,CHA,foul,,,,,,,,Brandon Jennings,,Stephen Jackson,,,,,,technical,,
Brandon Jennings,Ersan Ilyasova,Hakim Warrick,Luc Richard Mbah a Moute,Luke Ridnour,Boris Diaw,Raymond Felton,Ronald Murray,Stephen Graham,Stephen Jackson,4,7:29,MIL,free throw,,,,,,,1,,1,Brandon Jennings,,,technical,missed,,,,
Brandon Jennings,Ersan Ilyasova,Hakim Warrick,Luc Richard Mbah a Moute,Luke Ridnour,Boris Diaw,Raymond Felton,Ronald Murray,Stephen Graham,Stephen Jackson,4,7:29,MIL,rebound,,,,,,,,,,,,,,,,,,
Brandon Jennings,Ersan Ilyasova,Hakim Warrick,Luc Richard Mbah a Moute,Luke Ridnour,Boris Diaw,Raymond Felton,Ronald Murray,Stephen Graham,Stephen Jackson,4,7:29,MIL,free throw,,,,,,,2,,3,Brandon Jennings,,,foul,made,,,,
Brandon Jennings,Ersan Ilyasova,Hakim Warrick,Luc Richard Mbah a Moute,Luke Ridnour,Boris Diaw,Raymond Felton,Ronald Murray,Stephen Graham,Stephen Jackson,4,7:29,MIL,free throw,,,,,,,3,,3,Brandon Jennings,,,foul,missed,,,,
Brandon Jennings,Ersan Ilyasova,Hakim Warrick,Luc Richard Mbah a Moute,Luke Ridnour,Boris Diaw,Raymond Felton,Ronald Murray,Stephen Graham,Stephen Jackson,4,7:28,CHA,rebound,,,,,,,,,,Stephen Graham,,,,,,def,,
Brandon Jennings,Ersan Ilyasova,Hakim Warrick,Luc Richard Mbah a Moute,Luke Ridnour,Boris Diaw,Raymond Felton,Ronald Murray,Stephen Graham,Stephen Jackson,4,7:13,CHA,shot,Stephen Graham,,,,,,,,,Stephen Jackson,2,,,made,,layup,25,6
Brandon Jennings,Ersan Ilyasova,Hakim Warrick,Luc Richard Mbah a Moute,Luke Ridnour,Boris Diaw,Raymond Felton,Ronald Murray,Stephen Graham,Stephen Jackson,4,7:02,CHA,foul,,,,,,,,Luke Ridnour,,Stephen Jackson,,,,,,personal,,
Brandon Jennings,Ersan Ilyasova,Hakim Warrick,Luc Richard Mbah a Moute,Luke Ridnour,Boris Diaw,Raymond Felton,Ronald Murray,Stephen Graham,Stephen Jackson,4,7:02,MIL,free throw,,,,,,,1,,2,Luke Ridnour,,,foul,made,,,,
Brandon Jennings,Ersan Ilyasova,Hakim Warrick,Luc Richard Mbah a Moute,Luke Ridnour,Boris Diaw,Raymond Felton,Ronald Murray,Stephen Graham,Stephen Jackson,4,7:02,MIL,free throw,,,,,,,2,,2,Luke Ridnour,,,foul,made,,,,
Brandon Jennings,Ersan Ilyasova,Hakim Warrick,Luc Richard Mbah a Moute,Luke Ridnour,Boris Diaw,Raymond Felton,Ronald Murray,Stephen Graham,Stephen Jackson,4,6:52,CHA,foul,,,,,,,,Luc Richard Mbah a Moute,,Stephen Jackson,,,,,,offensive,,
Brandon Jennings,Ersan Ilyasova,Hakim Warrick,Luc Richard Mbah a Moute,Luke Ridnour,Boris Diaw,Raymond Felton,Ronald Murray,Stephen Graham,Stephen Jackson,4,6:52,CHA,turnover,,,,,,,,,,Stephen Jackson,,,foul,,,,,
Brandon Jennings,Ersan Ilyasova,Hakim Warrick,Luc Richard Mbah a Moute,Luke Ridnour,Boris Diaw,Gerald Wallace,Raymond Felton,Ronald Murray,Stephen Graham,4,6:50,CHA,sub,,,,Gerald Wallace,,Stephen Jackson,,,,,,,,,,,,
Brandon Jennings,Ersan Ilyasova,Hakim Warrick,Luc Richard Mbah a Moute,Luke Ridnour,Boris Diaw,Gerald Wallace,Raymond Felton,Ronald Murray,Stephen Graham,4,6:40,MIL,shot,,,Stephen Graham,,,,,,,Ersan Ilyasova,,,,missed,,layup,25,6
Brandon Jennings,Ersan Ilyasova,Hakim Warrick,Luc Richard Mbah a Moute,Luke Ridnour,Boris Diaw,Gerald Wallace,Raymond Felton,Ronald Murray,Stephen Graham,4,6:39,CHA,rebound,,,,,,,,,,Raymond Felton,,,,,,def,,
Brandon Jennings,Ersan Ilyasova,Hakim Warrick,Luc Richard Mbah a Moute,Luke Ridnour,Boris Diaw,Gerald Wallace,Raymond Felton,Ronald Murray,Stephen Graham,4,6:36,CHA,shot,Raymond Felton,,,,,,,,,Stephen Graham,2,,,made,,layup,25,6
Brandon Jennings,Ersan Ilyasova,Hakim Warrick,Luc Richard Mbah a Moute,Luke Ridnour,Boris Diaw,Gerald Wallace,Raymond Felton,Ronald Murray,Stephen Graham,4,6:25,MIL,foul,,,,,,,,Raymond Felton,,Luc Richard Mbah a Moute,,,,,,offensive,,
Brandon Jennings,Ersan Ilyasova,Hakim Warrick,Luc Richard Mbah a Moute,Luke Ridnour,Boris Diaw,Gerald Wallace,Raymond Felton,Ronald Murray,Stephen Graham,4,6:25,MIL,turnover,,,,,,,,,,Luc Richard Mbah a Moute,,,foul,,,,,
Brandon Jennings,Ersan Ilyasova,Hakim Warrick,Luc Richard Mbah a Moute,Luke Ridnour,Boris Diaw,Gerald Wallace,Raymond Felton,Ronald Murray,Stephen Graham,4,6:25,CHA,timeout,,,,,,,,,,,,,,,,regular,,
Brandon Jennings,Ersan Ilyasova,Hakim Warrick,Luc Richard Mbah a Moute,Luke Ridnour,Boris Diaw,Gerald Wallace,Raymond Felton,Ronald Murray,Stephen Graham,4,6:10,CHA,shot,,,,,,,,,,Ronald Murray,2,,,made,,jump,12,16
Brandon Jennings,Ersan Ilyasova,Hakim Warrick,Luc Richard Mbah a Moute,Luke Ridnour,Boris Diaw,Gerald Wallace,Raymond Felton,Ronald Murray,Stephen Graham,4,5:44,MIL,shot,,,,,,,,,,Hakim Warrick,,,,missed,,jump,12,13
Brandon Jennings,Ersan Ilyasova,Hakim Warrick,Luc Richard Mbah a Moute,Luke Ridnour,Boris Diaw,Gerald Wallace,Raymond Felton,Ronald Murray,Stephen Graham,4,5:43,MIL,rebound,,,,,,,,,,Ersan Ilyasova,,,,,,off,,
Brandon Jennings,Ersan Ilyasova,Hakim Warrick,Luc Richard Mbah a Moute,Luke Ridnour,Boris Diaw,Gerald Wallace,Raymond Felton,Ronald Murray,Stephen Graham,4,5:43,MIL,turnover,,,,,,,,,,,,,shot clock turnover,,,,,
Brandon Jennings,Ersan Ilyasova,Hakim Warrick,Luc Richard Mbah a Moute,Luke Ridnour,Boris Diaw,Gerald Wallace,Raymond Felton,Ronald Murray,Stephen Graham,4,5:30,MIL,foul,,,,,,,,,,Luc Richard Mbah a Moute,,,,,,defense 3 second,,
Brandon Jennings,Ersan Ilyasova,Hakim Warrick,Luc Richard Mbah a Moute,Luke Ridnour,Boris Diaw,Gerald Wallace,Raymond Felton,Ronald Murray,Stephen Graham,4,5:30,CHA,free throw,,,,,,,1,,1,Raymond Felton,,,technical,missed,,,,
Brandon Jennings,Ersan Ilyasova,Hakim Warrick,Luc Richard Mbah a Moute,Luke Ridnour,Boris Diaw,Gerald Wallace,Raymond Felton,Ronald Murray,Stephen Graham,4,5:30,CHA,rebound,,,,,,,,,,,,,,,,,,
Brandon Jennings,Ersan Ilyasova,Hakim Warrick,Luc Richard Mbah a Moute,Luke Ridnour,Boris Diaw,Gerald Wallace,Raymond Felton,Ronald Murray,Stephen Graham,4,5:17,CHA,shot,,,,,,,,,,Ronald Murray,,,,missed,,jump,41,9
Brandon Jennings,Ersan Ilyasova,Hakim Warrick,Luc Richard Mbah a Moute,Luke Ridnour,Boris Diaw,Gerald Wallace,Raymond Felton,Ronald Murray,Stephen Graham,4,5:14,CHA,rebound,,,,,,,,,,Boris Diaw,,,,,,off,,
Brandon Jennings,Hakim Warrick,Jodie Meeks,Luc Richard Mbah a Moute,Luke Ridnour,Boris Diaw,Gerald Wallace,Raymond Felton,Ronald Murray,Stephen Graham,4,4:59,MIL,sub,,,,Jodie Meeks,,Ersan Ilyasova,,,,,,,,,,,,
Brandon Jennings,Hakim Warrick,Jodie Meeks,Luc Richard Mbah a Moute,Luke Ridnour,Boris Diaw,Gerald Wallace,Raymond Felton,Ronald Murray,Stephen Graham,4,4:51,CHA,shot,Stephen Graham,,,,,,,,,Ronald Murray,2,,,made,,step back jump,13,15
Brandon Jennings,Hakim Warrick,Jodie Meeks,Luc Richard Mbah a Moute,Luke Ridnour,Boris Diaw,Gerald Wallace,Raymond Felton,Ronald Murray,Stephen Graham,4,4:45,MIL,shot,Brandon Jennings,,,,,,,,,Luke Ridnour,2,,,made,,driving layup,25,6
Brandon Jennings,Hakim Warrick,Jodie Meeks,Luc Richard Mbah a Moute,Luke Ridnour,Boris Diaw,Gerald Wallace,Raymond Felton,Ronald Murray,Stephen Graham,4,4:45,CHA,foul,,,,,,,,Luke Ridnour,,Stephen Graham,,,,,,shooting,,
Brandon Jennings,Hakim Warrick,Jodie Meeks,Luc Richard Mbah a Moute,Luke Ridnour,Boris Diaw,Gerald Wallace,Raymond Felton,Ronald Murray,Stephen Graham,4,4:45,MIL,free throw,,,,,,,1,,1,Luke Ridnour,,,foul,missed,,,,
Brandon Jennings,Hakim Warrick,Jodie Meeks,Luc Richard Mbah a Moute,Luke Ridnour,Boris Diaw,Gerald Wallace,Raymond Felton,Ronald Murray,Stephen Graham,4,4:45,CHA,rebound,,,,,,,,,,Gerald Wallace,,,,,,def,,
Brandon Jennings,Hakim Warrick,Jodie Meeks,Luc Richard Mbah a Moute,Luke Ridnour,Boris Diaw,Gerald Wallace,Raymond Felton,Ronald Murray,Stephen Graham,4,4:22,CHA,shot,,,,,,,,,,Ronald Murray,,,,missed,,3pt,42,25
Brandon Jennings,Hakim Warrick,Jodie Meeks,Luc Richard Mbah a Moute,Luke Ridnour,Boris Diaw,Gerald Wallace,Raymond Felton,Ronald Murray,Stephen Graham,4,4:20,CHA,rebound,,,,,,,,,,Stephen Graham,,,,,,off,,
Brandon Jennings,Hakim Warrick,Jodie Meeks,Luc Richard Mbah a Moute,Luke Ridnour,Boris Diaw,Gerald Wallace,Raymond Felton,Ronald Murray,Stephen Graham,4,4:01,CHA,shot,,,,,,,,,,Gerald Wallace,,,,missed,,reverse layup,25,6
Brandon Jennings,Hakim Warrick,Jodie Meeks,Luc Richard Mbah a Moute,Luke Ridnour,Boris Diaw,Gerald Wallace,Raymond Felton,Ronald Murray,Stephen Graham,4,4:00,MIL,rebound,,,,,,,,,,Luc Richard Mbah a Moute,,,,,,def,,
Brandon Jennings,Hakim Warrick,Jodie Meeks,Luc Richard Mbah a Moute,Luke Ridnour,Boris Diaw,Gerald Wallace,Raymond Felton,Ronald Murray,Stephen Graham,4,3:51,MIL,shot,,,,,,,,,,Brandon Jennings,,,,missed,,3pt,37,29
Brandon Jennings,Hakim Warrick,Jodie Meeks,Luc Richard Mbah a Moute,Luke Ridnour,Boris Diaw,Gerald Wallace,Raymond Felton,Ronald Murray,Stephen Graham,4,3:50,CHA,rebound,,,,,,,,,,Gerald Wallace,,,,,,def,,
Brandon Jennings,Hakim Warrick,Jodie Meeks,Luc Richard Mbah a Moute,Luke Ridnour,Boris Diaw,Gerald Wallace,Raymond Felton,Ronald Murray,Stephen Graham,4,3:26,CHA,shot,,,,,,,,,,Ronald Murray,,,,missed,,jump,43,13
Brandon Jennings,Hakim Warrick,Jodie Meeks,Luc Richard Mbah a Moute,Luke Ridnour,Boris Diaw,Gerald Wallace,Raymond Felton,Ronald Murray,Stephen Graham,4,3:25,MIL,rebound,,,,,,,,,,Jodie Meeks,,,,,,def,,
Brandon Jennings,Hakim Warrick,Jodie Meeks,Luc Richard Mbah a Moute,Luke Ridnour,Boris Diaw,Gerald Wallace,Raymond Felton,Ronald Murray,Stephen Graham,4,3:13,CHA,foul,,,,,,,,Hakim Warrick,,Gerald Wallace,,,,,,personal,,
Brandon Jennings,Hakim Warrick,Jodie Meeks,Luc Richard Mbah a Moute,Luke Ridnour,Boris Diaw,Gerald Wallace,Raymond Felton,Ronald Murray,Stephen Graham,4,3:13,MIL,free throw,,,,,,,1,,2,Hakim Warrick,,,foul,made,,,,
Brandon Jennings,Hakim Warrick,Jodie Meeks,Luc Richard Mbah a Moute,Luke Ridnour,Boris Diaw,Gerald Wallace,Raymond Felton,Ronald Murray,Stephen Graham,4,3:13,MIL,free throw,,,,,,,2,,2,Hakim Warrick,,,foul,made,,,,
Brandon Jennings,Hakim Warrick,Jodie Meeks,Luc Richard Mbah a Moute,Luke Ridnour,Boris Diaw,Gerald Wallace,Raymond Felton,Ronald Murray,Stephen Graham,4,2:51,CHA,shot,,,,,,,,,,Stephen Graham,,,,missed,,jump,9,10
Brandon Jennings,Hakim Warrick,Jodie Meeks,Luc Richard Mbah a Moute,Luke Ridnour,Boris Diaw,Gerald Wallace,Raymond Felton,Ronald Murray,Stephen Graham,4,2:49,MIL,rebound,,,,,,,,,,Jodie Meeks,,,,,,def,,
Brandon Jennings,Hakim Warrick,Jodie Meeks,Luc Richard Mbah a Moute,Luke Ridnour,Boris Diaw,Gerald Wallace,Raymond Felton,Ronald Murray,Stephen Graham,4,2:44,MIL,turnover,,,,,,,,,,Luke Ridnour,,,lost ball,,Stephen Graham,,,
Brandon Jennings,Hakim Warrick,Jodie Meeks,Luc Richard Mbah a Moute,Luke Ridnour,Boris Diaw,Gerald Wallace,Raymond Felton,Ronald Murray,Stephen Graham,4,2:42,MIL,foul,,,,,,,,Ronald Murray,,Brandon Jennings,,,,,,shooting,,
Brandon Jennings,Hakim Warrick,Jodie Meeks,Luc Richard Mbah a Moute,Luke Ridnour,Boris Diaw,Gerald Wallace,Raymond Felton,Ronald Murray,Stephen Graham,4,2:42,MIL,timeout,,,,,,,,,,,,,,,,regular,,
Brandon Jennings,Hakim Warrick,Jodie Meeks,Luc Richard Mbah a Moute,Luke Ridnour,Boris Diaw,Gerald Wallace,Raymond Felton,Ronald Murray,Stephen Graham,4,2:42,CHA,free throw,,,,,,,1,,2,Ronald Murray,,,foul,missed,,,,
Brandon Jennings,Hakim Warrick,Jodie Meeks,Luc Richard Mbah a Moute,Luke Ridnour,Boris Diaw,Gerald Wallace,Raymond Felton,Ronald Murray,Stephen Graham,4,2:42,CHA,rebound,,,,,,,,,,,,,,,,,,
Brandon Jennings,Hakim Warrick,Jodie Meeks,Luc Richard Mbah a Moute,Luke Ridnour,Boris Diaw,Gerald Wallace,Raymond Felton,Ronald Murray,Stephen Graham,4,2:42,CHA,free throw,,,,,,,2,,2,Ronald Murray,,,foul,made,,,,
Brandon Jennings,Hakim Warrick,Jodie Meeks,Luc Richard Mbah a Moute,Luke Ridnour,Boris Diaw,Gerald Wallace,Raymond Felton,Ronald Murray,Stephen Graham,4,2:34,MIL,turnover,,,,,,,,,,Brandon Jennings,,,out of bounds lost ball turnover,,,,,
Brandon Jennings,Hakim Warrick,Jodie Meeks,Luc Richard Mbah a Moute,Luke Ridnour,Boris Diaw,Gerald Wallace,Raymond Felton,Ronald Murray,Stephen Graham,4,2:13,CHA,shot,,,,,,,,,,Gerald Wallace,,,,missed,,layup,25,6
Brandon Jennings,Hakim Warrick,Jodie Meeks,Luc Richard Mbah a Moute,Luke Ridnour,Boris Diaw,Gerald Wallace,Raymond Felton,Ronald Murray,Stephen Graham,4,2:11,MIL,rebound,,,,,,,,,,Jodie Meeks,,,,,,def,,
Brandon Jennings,Hakim Warrick,Jodie Meeks,Luc Richard Mbah a Moute,Luke Ridnour,Boris Diaw,Gerald Wallace,Raymond Felton,Ronald Murray,Stephen Graham,4,2:09,CHA,foul,,,,,,,,Jodie Meeks,,Gerald Wallace,,,,,,personal,,
Brandon Jennings,Hakim Warrick,Jodie Meeks,Luc Richard Mbah a Moute,Luke Ridnour,Boris Diaw,Gerald Wallace,Raymond Felton,Ronald Murray,Stephen Graham,4,2:09,MIL,free throw,,,,,,,1,,2,Jodie Meeks,,,foul,made,,,,
Brandon Jennings,Hakim Warrick,Jodie Meeks,Luc Richard Mbah a Moute,Luke Ridnour,Boris Diaw,Gerald Wallace,Raymond Felton,Ronald Murray,Stephen Graham,4,2:09,MIL,free throw,,,,,,,2,,2,Jodie Meeks,,,foul,made,,,,
Brandon Jennings,Hakim Warrick,Jodie Meeks,Luc Richard Mbah a Moute,Luke Ridnour,Boris Diaw,Gerald Wallace,Raymond Felton,Ronald Murray,Stephen Graham,4,2:01,CHA,shot,Boris Diaw,,,,,,,,,Gerald Wallace,2,,,made,,layup,25,6
Brandon Jennings,Hakim Warrick,Jodie Meeks,Luc Richard Mbah a Moute,Luke Ridnour,Boris Diaw,Gerald Wallace,Raymond Felton,Ronald Murray,Stephen Graham,4,2:01,MIL,timeout,,,,,,,,,,,,,,,,short,,
Brandon Jennings,Hakim Warrick,Jodie Meeks,Luc Richard Mbah a Moute,Luke Ridnour,Boris Diaw,Gerald Wallace,Raymond Felton,Ronald Murray,Stephen Graham,4,1:51,MIL,shot,,,,,,,,,,Brandon Jennings,,,,missed,,layup,25,6
Brandon Jennings,Hakim Warrick,Jodie Meeks,Luc Richard Mbah a Moute,Luke Ridnour,Boris Diaw,Gerald Wallace,Raymond Felton,Ronald Murray,Stephen Graham,4,1:50,CHA,rebound,,,,,,,,,,,,,,,,,,
Brandon Jennings,Hakim Warrick,Jodie Meeks,Luc Richard Mbah a Moute,Luke Ridnour,Boris Diaw,Gerald Wallace,Raymond Felton,Ronald Murray,Stephen Graham,4,1:50,MIL,foul,,,,,,,,Gerald Wallace,,Hakim Warrick,,,,,,loose ball,,
Charlie Bell,Hakim Warrick,Jodie Meeks,Luc Richard Mbah a Moute,Luke Ridnour,Boris Diaw,Gerald Wallace,Raymond Felton,Ronald Murray,Stephen Graham,4,1:50,MIL,sub,,,,Charlie Bell,,Brandon Jennings,,,,,,,,,,,,
Charlie Bell,Hakim Warrick,Jodie Meeks,Luc Richard Mbah a Moute,Luke Ridnour,Acie Law,Boris Diaw,Gerald Wallace,Raymond Felton,Stephen Graham,4,1:50,CHA,sub,,,,Acie Law,,Ronald Murray,,,,,,,,,,,,
Charlie Bell,Hakim Warrick,Jodie Meeks,Luc Richard Mbah a Moute,Luke Ridnour,Acie Law,D.J. Augustin,Gerald Wallace,Raymond Felton,Stephen Graham,4,1:50,CHA,sub,,,,D.J. Augustin,,Boris Diaw,,,,,,,,,,,,
Charlie Bell,Hakim Warrick,Jodie Meeks,Luc Richard Mbah a Moute,Luke Ridnour,Acie Law,D.J. Augustin,Derrick Brown,Gerald Wallace,Stephen Graham,4,1:50,CHA,sub,,,,Derrick Brown,,Raymond Felton,,,,,,,,,,,,
Charlie Bell,Hakim Warrick,Jodie Meeks,Luc Richard Mbah a Moute,Luke Ridnour,Acie Law,D.J. Augustin,Derrick Brown,Gerald Henderson,Gerald Wallace,4,1:50,CHA,sub,,,,Gerald Henderson,,Stephen Graham,,,,,,,,,,,,
Charlie Bell,Hakim Warrick,Jodie Meeks,Luc Richard Mbah a Moute,Luke Ridnour,Acie Law,D.J. Augustin,Derrick Brown,Gerald Henderson,Gerald Wallace,4,1:50,MIL,free throw,,,,,,,1,,1,Luke Ridnour,,,technical,made,,,,
Charlie Bell,Hakim Warrick,Jodie Meeks,Luc Richard Mbah a Moute,Luke Ridnour,Acie Law,D.J. Augustin,Derrick Brown,Gerald Henderson,Gerald Wallace,4,1:50,CHA,free throw,,,,,,,1,,2,Gerald Wallace,,,foul,made,,,,
Charlie Bell,Hakim Warrick,Jodie Meeks,Luc Richard Mbah a Moute,Luke Ridnour,Acie Law,D.J. Augustin,Derrick Brown,Gerald Henderson,Gerald Wallace,4,1:50,CHA,free throw,,,,,,,2,,2,Gerald Wallace,,,foul,made,,,,
Charlie Bell,Hakim Warrick,Jodie Meeks,Luc Richard Mbah a Moute,Luke Ridnour,Acie Law,D.J. Augustin,Derrick Brown,Gerald Henderson,Gerald Wallace,4,1:34,CHA,violation,,,,,,,,,,Acie Law,,,,,,kicked ball,,
Charlie Bell,Hakim Warrick,Jodie Meeks,Luc Richard Mbah a Moute,Luke Ridnour,Acie Law,D.J. Augustin,Derrick Brown,Gerald Henderson,Gerald Wallace,4,1:28,MIL,shot,Jodie Meeks,,,,,,,,,Hakim Warrick,2,,,made,,jump,37,19
Charlie Bell,Hakim Warrick,Jodie Meeks,Luc Richard Mbah a Moute,Luke Ridnour,Acie Law,D.J. Augustin,Derrick Brown,Gerald Henderson,Gerald Wallace,4,1:08,CHA,shot,,,,,,,,,,Gerald Henderson,,,,missed,,jump,11,20
Charlie Bell,Hakim Warrick,Jodie Meeks,Luc Richard Mbah a Moute,Luke Ridnour,Acie Law,D.J. Augustin,Derrick Brown,Gerald Henderson,Gerald Wallace,4,1:06,MIL,rebound,,,,,,,,,,Luc Richard Mbah a Moute,,,,,,def,,
Charlie Bell,Hakim Warrick,Jodie Meeks,Luc Richard Mbah a Moute,Luke Ridnour,Acie Law,D.J. Augustin,Derrick Brown,Gerald Henderson,Gerald Wallace,4,0:55,MIL,shot,,,,,,,,,,Luc Richard Mbah a Moute,2,,,made,,a moute layup,25,6
Charlie Bell,Hakim Warrick,Jodie Meeks,Luc Richard Mbah a Moute,Luke Ridnour,Acie Law,D.J. Augustin,Derrick Brown,Gerald Henderson,Gerald Wallace,4,0:33,CHA,shot,,,Luc Richard Mbah a Moute,,,,,,,Acie Law,,,,missed,,layup,25,6
Charlie Bell,Hakim Warrick,Jodie Meeks,Luc Richard Mbah a Moute,Luke Ridnour,Acie Law,D.J. Augustin,Derrick Brown,Gerald Henderson,Gerald Wallace,4,0:31,CHA,rebound,,,,,,,,,,Gerald Henderson,,,,,,off,,
Charlie Bell,Hakim Warrick,Jodie Meeks,Luc Richard Mbah a Moute,Luke Ridnour,Acie Law,D.J. Augustin,Derrick Brown,Gerald Henderson,Gerald Wallace,4,0:31,CHA,turnover,,,,,,,,,,,,,shot clock turnover,,,,,
Charlie Bell,Hakim Warrick,Jodie Meeks,Luc Richard Mbah a Moute,Luke Ridnour,Acie Law,D.J. Augustin,Derrick Brown,Gerald Henderson,Gerald Wallace,4,0:20,MIL,shot,,,,,,,,,,Jodie Meeks,2,,,made,,running jump,25,14
