a1,a2,a3,a4,a5,h1,h2,h3,h4,h5,period,time,team,etype,assist,away,block,entered,home,left,num,opponent,outof,player,points,possession,reason,result,steal,type,x,y
Al Horford,Joe Johnson,Josh Smith,Marvin Williams,Mike Bibby,Andre Iguodala,Jason Smith,Jrue Holiday,Samuel Dalembert,Thaddeus Young,1,12:00,OFF,jump ball,,Josh Smith,,,Samuel Dalembert,,,,,,,Jason Smith,,,,,,
Al Horford,Joe Johnson,Josh Smith,Marvin Williams,Mike Bibby,Andre Iguodala,Jason Smith,Jrue Holiday,Samuel Dalembert,Thaddeus Young,1,11:44,PHI,shot,,,,,,,,,,Thaddeus Young,,,,missed,,hook,25,14
Al Horford,Joe Johnson,Josh Smith,Marvin Williams,Mike Bibby,Andre Iguodala,Jason Smith,Jrue Holiday,Samuel Dalembert,Thaddeus Young,1,11:42,ATL,rebound,,,,,,,,,,Al Horford,,,,,,def,,
Al Horford,Joe Johnson,Josh Smith,Marvin Williams,Mike Bibby,Andre Iguodala,Jason Smith,Jrue Holiday,Samuel Dalembert,Thaddeus Young,1,11:26,ATL,shot,,,,,,,,,,Joe Johnson,,,,missed,,jump,24,19
Al Horford,Joe Johnson,Josh Smith,Marvin Williams,Mike Bibby,Andre Iguodala,Jason Smith,Jrue Holiday,Samuel Dalembert,Thaddeus Young,1,11:25,PHI,rebound,,,,,,,,,,Andre Iguodala,,,,,,def,,
Al Horford,Joe Johnson,Josh Smith,Marvin Williams,Mike Bibby,Andre Iguodala,Jason Smith,Jrue Holiday,Samuel Dalembert,Thaddeus Young,1,11:20,PHI,shot,,,Josh Smith,,,,,,,Samuel Dalembert,,,,missed,,layup,25,6
Al Horford,Joe Johnson,Josh Smith,Marvin Williams,Mike Bibby,Andre Iguodala,Jason Smith,Jrue Holiday,Samuel Dalembert,Thaddeus Young,1,11:18,PHI,rebound,,,,,,,,,,Jason Smith,,,,,,off,,
Al Horford,Joe Johnson,Josh Smith,Marvin Williams,Mike Bibby,Andre Iguodala,Jason Smith,Jrue Holiday,Samuel Dalembert,Thaddeus Young,1,11:17,PHI,shot,,,,,,,,,,Jason Smith,2,,,made,,layup,25,6
Al Horford,Joe Johnson,Josh Smith,Marvin Williams,Mike Bibby,Andre Iguodala,Jason Smith,Jrue Holiday,Samuel Dalembert,Thaddeus Young,1,11:00,ATL,shot,Joe Johnson,,,,,,,,,Mike Bibby,2,,,made,,jump,46,4
Al Horford,Joe Johnson,Josh Smith,Marvin Williams,Mike Bibby,Andre Iguodala,Jason Smith,Jrue Holiday,Samuel Dalembert,Thaddeus Young,1,10:46,PHI,shot,,,,,,,,,,Jrue Holiday,,,,missed,,jump,35,19
Al Horford,Joe Johnson,Josh Smith,Marvin Williams,Mike Bibby,Andre Iguodala,Jason Smith,Jrue Holiday,Samuel Dalembert,Thaddeus Young,1,10:44,ATL,rebound,,,,,,,,,,Marvin Williams,,,,,,def,,
Al Horford,Joe Johnson,Josh Smith,Marvin Williams,Mike Bibby,Andre Iguodala,Jason Smith,Jrue Holiday,Samuel Dalembert,Thaddeus Young,1,10:33,ATL,shot,,,Samuel Dalembert,,,,,,,Josh Smith,,,,missed,,jump,37,6
Al Horford,Joe Johnson,Josh Smith,Marvin Williams,Mike Bibby,Andre Iguodala,Jason Smith,Jrue Holiday,Samuel Dalembert,Thaddeus Young,1,10:31,PHI,rebound,,,,,,,,,,Andre Iguodala,,,,,,def,,
Al Horford,Joe Johnson,Josh Smith,Marvin Williams,Mike Bibby,Andre Iguodala,Jason Smith,Jrue Holiday,Samuel Dalembert,Thaddeus Young,1,10:26,PHI,shot,,,,,,,,,,Andre Iguodala,2,,,made,,pullup jump,21,24
Al Horford,Joe Johnson,Josh Smith,Marvin Williams,Mike Bibby,Andre Iguodala,Jason Smith,Jrue Holiday,Samuel Dalembert,Thaddeus Young,1,10:04,ATL,turnover,,,,,,,,,,Al Horford,,,lost ball,,Jrue Holiday,,,
Al Horford,Joe Johnson,Josh Smith,Marvin Williams,Mike Bibby,Andre Iguodala,Jason Smith,Jrue Holiday,Samuel Dalembert,Thaddeus Young,1,9:59,PHI,shot,,,,,,,,,,Thaddeus Young,,,,missed,,layup,25,6
Al Horford,Joe Johnson,Josh Smith,Marvin Williams,Mike Bibby,Andre Iguodala,Jason Smith,Jrue Holiday,Samuel Dalembert,Thaddeus Young,1,9:56,ATL,rebound,,,,,,,,,,,,,,,,,,
Al Horford,Joe Johnson,Josh Smith,Marvin Williams,Mike Bibby,Andre Iguodala,Jason Smith,Jrue Holiday,Samuel Dalembert,Thaddeus Young,1,9:55,PHI,violation,,,,,,,,,,Andre Iguodala,,,,,,kicked ball,,
Al Horford,Joe Johnson,Josh Smith,Marvin Williams,Mike Bibby,Andre Iguodala,Jason Smith,Jrue Holiday,Samuel Dalembert,Thaddeus Young,1,9:44,ATL,foul,,,,,,,,Thaddeus Young,,Al Horford,,,,,,offensive,,
Al Horford,Joe Johnson,Josh Smith,Marvin Williams,Mike Bibby,Andre Iguodala,Jason Smith,Jrue Holiday,Samuel Dalembert,Thaddeus Young,1,9:44,ATL,turnover,,,,,,,,,,Al Horford,,,foul,,,,,
Al Horford,Joe Johnson,Josh Smith,Marvin Williams,Mike Bibby,Andre Iguodala,Jason Smith,Jrue Holiday,Samuel Dalembert,Thaddeus Young,1,9:32,ATL,foul,,,,,,,,Jrue Holiday,,Mike Bibby,,,,,,personal,,
Al Horford,Joe Johnson,Josh Smith,Marvin Williams,Mike Bibby,Andre Iguodala,Jason Smith,Jrue Holiday,Samuel Dalembert,Thaddeus Young,1,9:23,PHI,shot,,,,,,,,,,Andre Iguodala,,,,missed,,jump,13,14
Al Horford,Joe Johnson,Josh Smith,Marvin Williams,Mike Bibby,Andre Iguodala,Jason Smith,Jrue Holiday,Samuel Dalembert,Thaddeus Young,1,9:21,ATL,rebound,,,,,,,,,,Mike Bibby,,,,,,def,,
Al Horford,Joe Johnson,Josh Smith,Marvin Williams,Mike Bibby,Andre Iguodala,Jason Smith,Jrue Holiday,Samuel Dalembert,Thaddeus Young,1,9:13,ATL,shot,,,,,,,,,,Marvin Williams,,,,missed,,jump,38,17
Al Horford,Joe Johnson,Josh Smith,Marvin Williams,Mike Bibby,Andre Iguodala,Jason Smith,Jrue Holiday,Samuel Dalembert,Thaddeus Young,1,9:10,PHI,rebound,,,,,,,,,,Jason Smith,,,,,,def,,
Al Horford,Joe Johnson,Josh Smith,Marvin Williams,Mike Bibby,Andre Iguodala,Jason Smith,Jrue Holiday,Samuel Dalembert,Thaddeus Young,1,9:01,PHI,shot,,,Josh Smith,,,,,,,Jrue Holiday,,,,missed,,jump,14,10
Al Horford,Joe Johnson,Josh Smith,Marvin Williams,Mike Bibby,Andre Iguodala,Jason Smith,Jrue Holiday,Samuel Dalembert,Thaddeus Young,1,8:59,ATL,rebound,,,,,,,,,,Marvin Williams,,,,,,def,,
Al Horford,Joe Johnson,Josh Smith,Marvin Williams,Mike Bibby,Andre Iguodala,Jason Smith,Jrue Holiday,Samuel Dalembert,Thaddeus Young,1,8:51,ATL,shot,,,,,,,,,,Mike Bibby,2,,,made,,pullup jump,38,18
Al Horford,Joe Johnson,Josh Smith,Marvin Williams,Mike Bibby,Andre Iguodala,Jason Smith,Jrue Holiday,Samuel Dalembert,Thaddeus Young,1,8:32,ATL,foul,,,,,,,,Thaddeus Young,,Joe Johnson,,,,,,personal,,
Al Horford,Joe Johnson,Josh Smith,Marvin Williams,Mike Bibby,Andre Iguodala,Jason Smith,Jrue Holiday,Samuel Dalembert,Thaddeus Young,1,8:27,PHI,shot,Andre Iguodala,,,,,,,,,Jason Smith,2,,,made,,jump,33,21
Al Horford,Joe Johnson,Josh Smith,Marvin Williams,Mike Bibby,Andre Iguodala,Jason Smith,Jrue Holiday,Samuel Dalembert,Thaddeus Young,1,8:10,PHI,foul,,,,,,,,Josh Smith,,Jason Smith,,,,,,shooting,,
Al Horford,Joe Johnson,Josh Smith,Marvin Williams,Mike Bibby,Andre Iguodala,Jason Smith,Jrue Holiday,Samuel Dalembert,Thaddeus Young,1,8:10,ATL,free throw,,,,,,,1,,2,Josh Smith,,,foul,made,,,,
Al Horford,Joe Johnson,Josh Smith,Marvin Williams,Mike Bibby,Andre Iguodala,Jason Smith,Jrue Holiday,Samuel Dalembert,Thaddeus Young,1,8:10,ATL,free throw,,,,,,,2,,2,Josh Smith,,,foul,missed,,,,
Al Horford,Joe Johnson,Josh Smith,Marvin Williams,Mike Bibby,Andre Iguodala,Jason Smith,Jrue Holiday,Samuel Dalembert,Thaddeus Young,1,8:09,PHI,rebound,,,,,,,,,,Andre Iguodala,,,,,,def,,
Al Horford,Joe Johnson,Josh Smith,Marvin Williams,Mike Bibby,Andre Iguodala,Jason Smith,Jrue Holiday,Samuel Dalembert,Thaddeus Young,1,7:49,PHI,shot,,,,,,,,,,Jrue Holiday,,,,missed,,jump,34,16
Al Horford,Joe Johnson,Josh Smith,Marvin Williams,Mike Bibby,Andre Iguodala,Jason Smith,Jrue Holiday,Samuel Dalembert,Thaddeus Young,1,7:47,PHI,rebound,,,,,,,,,,Jrue Holiday,,,,,,off,,
Al Horford,Joe Johnson,Josh Smith,Marvin Williams,Mike Bibby,Andre Iguodala,Jason Smith,Jrue Holiday,Samuel Dalembert,Thaddeus Young,1,7:42,PHI,shot,Andre Iguodala,,,,,,,,,Jason Smith,2,,,made,,layup,25,6
Al Horford,Joe Johnson,Josh Smith,Marvin Williams,Mike Bibby,Andre Iguodala,Jason Smith,Jrue Holiday,Samuel Dalembert,Thaddeus Young,1,7:19,ATL,shot,,,,,,,,,,Marvin Williams,,,,missed,,3pt,5,20
Al Horford,Joe Johnson,Josh Smith,Marvin Williams,Mike Bibby,Andre Iguodala,Jason Smith,Jrue Holiday,Samuel Dalembert,Thaddeus Young,1,7:17,PHI,rebound,,,,,,,,,,Andre Iguodala,,,,,,def,,
Al Horford,Joe Johnson,Josh Smith,Marvin Williams,Mike Bibby,Andre Iguodala,Jason Smith,Jrue Holiday,Samuel Dalembert,Thaddeus Young,1,7:10,PHI,shot,,,,,,,,,,Jason Smith,,,,missed,,3pt,15,30
Al Horford,Joe Johnson,Josh Smith,Marvin Williams,Mike Bibby,Andre Iguodala,Jason Smith,Jrue Holiday,Samuel Dalembert,Thaddeus Young,1,7:08,ATL,rebound,,,,,,,,,,Marvin Williams,,,,,,def,,
Al Horford,Joe Johnson,Josh Smith,Marvin Williams,Mike Bibby,Andre Iguodala,Jason Smith,Jrue Holiday,Samuel Dalembert,Thaddeus Young,1,6:57,ATL,shot,,,,,,,,,,Josh Smith,2,,,made,,jump bank,38,15
Al Horford,Joe Johnson,Josh Smith,Marvin Williams,Mike Bibby,Andre Iguodala,Jason Smith,Jrue Holiday,Samuel Dalembert,Thaddeus Young,1,6:41,PHI,shot,,,,,,,,,,Samuel Dalembert,2,,,made,,step back jump,36,18
Al Horford,Joe Johnson,Josh Smith,Marvin Williams,Mike Bibby,Andre Iguodala,Jason Smith,Jrue Holiday,Samuel Dalembert,Thaddeus Young,1,6:28,ATL,shot,,,,,,,,,,Joe Johnson,2,,,made,,pullup jump,14,13
Al Horford,Joe Johnson,Josh Smith,Marvin Williams,Mike Bibby,Andre Iguodala,Jason Smith,Jrue Holiday,Samuel Dalembert,Thaddeus Young,1,6:04,PHI,shot,,,,,,,,,,Jason Smith,,,,missed,,3pt,4,19
Al Horford,Joe Johnson,Josh Smith,Marvin Williams,Mike Bibby,Andre Iguodala,Jason Smith,Jrue Holiday,Samuel Dalembert,Thaddeus Young,1,6:02,ATL,rebound,,,,,,,,,,Joe Johnson,,,,,,def,,
Al Horford,Joe Johnson,Josh Smith,Marvin Williams,Mike Bibby,Andre Iguodala,Jason Smith,Jrue Holiday,Samuel Dalembert,Thaddeus Young,1,5:59,ATL,shot,,,Andre Iguodala,,,,,,,Josh Smith,,,,missed,,layup,25,6
Al Horford,Joe Johnson,Josh Smith,Marvin Williams,Mike Bibby,Andre Iguodala,Jason Smith,Jrue Holiday,Samuel Dalembert,Thaddeus Young,1,5:55,PHI,rebound,,,,,,,,,,Jason Smith,,,,,,def,,
Al Horford,Joe Johnson,Josh Smith,Marvin Williams,Mike Bibby,Andre Iguodala,Jason Smith,Jrue Holiday,Samuel Dalembert,Thaddeus Young,1,5:51,PHI,turnover,,,,,,,,,,Andre Iguodala,,,bad pass,,Joe Johnson,,,
Al Horford,Joe Johnson,Josh Smith,Marvin Williams,Mike Bibby,Andre Iguodala,Jason Smith,Jrue Holiday,Samuel Dalembert,Thaddeus Young,1,5:46,PHI,timeout,,,,,,,,,,,,,,,,regular,,
Al Horford,Joe Johnson,Joe Smith,Josh Smith,Mike Bibby,Andre Iguodala,Jason Smith,Jrue Holiday,Samuel Dalembert,Thaddeus Young,1,5:46,ATL,sub,,,,Joe Smith,,Marvin Williams,,,,,,,,,,,,
Al Horford,Jamal Crawford,Joe Johnson,Joe Smith,Mike Bibby,Andre Iguodala,Jason Smith,Jrue Holiday,Samuel Dalembert,Thaddeus Young,1,5:46,ATL,sub,,,,Jamal Crawford,,Josh Smith,,,,,,,,,,,,
Al Horford,Jamal Crawford,Joe Johnson,Joe Smith,Mike Bibby,Andre Iguodala,Jason Smith,Jrue Holiday,Samuel Dalembert,Thaddeus Young,1,5:46,ATL,sub,,,,Joe Smith,,Marvin Williams,,,,,,,,,,,,
Al Horford,Jamal Crawford,Joe Johnson,Joe Smith,Mike Bibby,Andre Iguodala,Jason Smith,Jrue Holiday,Samuel Dalembert,Thaddeus Young,1,5:38,ATL,shot,Jamal Crawford,,,,,,,,,Mike Bibby,3,,,made,,3pt,46,21
Al Horford,Jamal Crawford,Joe Johnson,Joe Smith,Mike Bibby,Andre Iguodala,Jason Smith,Jrue Holiday,Samuel Dalembert,Thaddeus Young,1,5:13,PHI,shot,Jrue Holiday,,,,,,,,,Thaddeus Young,2,,,made,,jump,38,4
Al Horford,Jamal Crawford,Joe Johnson,Joe Smith,Mike Bibby,Andre Iguodala,Jason Smith,Jrue Holiday,Samuel Dalembert,Thaddeus Young,1,4:51,ATL,shot,,,,,,,,,,Al Horford,,,,missed,,jump,31,7
Al Horford,Jamal Crawford,Joe Johnson,Joe Smith,Mike Bibby,Andre Iguodala,Jason Smith,Jrue Holiday,Samuel Dalembert,Thaddeus Young,1,4:50,ATL,rebound,,,,,,,,,,Joe Johnson,,,,,,off,,
Al Horford,Jamal Crawford,Joe Johnson,Joe Smith,Mike Bibby,Andre Iguodala,Jason Smith,Jrue Holiday,Samuel Dalembert,Thaddeus Young,1,4:43,ATL,shot,,,,,,,,,,Jamal Crawford,,,,missed,,3pt,20,31
Al Horford,Jamal Crawford,Joe Johnson,Joe Smith,Mike Bibby,Andre Iguodala,Jason Smith,Jrue Holiday,Samuel Dalembert,Thaddeus Young,1,4:41,PHI,rebound,,,,,,,,,,Jason Smith,,,,,,def,,
Al Horford,Jamal Crawford,Joe Johnson,Joe Smith,Mike Bibby,Andre Iguodala,Jason Smith,Jrue Holiday,Samuel Dalembert,Thaddeus Young,1,4:25,PHI,shot,Jrue Holiday,,,,,,,,,Andre Iguodala,3,,,made,,3pt,39,27
Al Horford,Jamal Crawford,Joe Johnson,Joe Smith,Mike Bibby,Andre Iguodala,Jason Smith,Jrue Holiday,Samuel Dalembert,Thaddeus Young,1,4:02,ATL,turnover,,,,,,,,,,Joe Johnson,,,lost ball,,Andre Iguodala,,,
Al Horford,Jamal Crawford,Joe Johnson,Joe Smith,Mike Bibby,Andre Iguodala,Jason Smith,Jrue Holiday,Samuel Dalembert,Thaddeus Young,1,3:58,PHI,turnover,,,,,,,,,,Andre Iguodala,,,bad pass,,,,,
Al Horford,Jamal Crawford,Joe Johnson,Joe Smith,Mike Bibby,Andre Iguodala,Jason Smith,Jrue Holiday,Samuel Dalembert,Thaddeus Young,1,3:40,ATL,shot,,,,,,,,,,Al Horford,2,,,made,,layup,25,6
Al Horford,Jamal Crawford,Joe Johnson,Joe Smith,Mike Bibby,Andre Iguodala,Jason Smith,Jrue Holiday,Samuel Dalembert,Thaddeus Young,1,3:18,PHI,shot,,,,,,,,,,Andre Iguodala,,,,missed,,jump,42,5
Al Horford,Jamal Crawford,Joe Johnson,Joe Smith,Mike Bibby,Andre Iguodala,Jason Smith,Jrue Holiday,Samuel Dalembert,Thaddeus Young,1,3:16,ATL,rebound,,,,,,,,,,Joe Smith,,,,,,def,,
Al Horford,Jamal Crawford,Joe Johnson,Joe Smith,Mike Bibby,Andre Iguodala,Jason Smith,Jrue Holiday,Samuel Dalembert,Thaddeus Young,1,3:09,ATL,shot,Jamal Crawford,,,,,,,,,Mike Bibby,3,,,made,,3pt,13,28
Al Horford,Jamal Crawford,Joe Johnson,Joe Smith,Mike Bibby,Andre Iguodala,Jason Smith,Jrue Holiday,Samuel Dalembert,Thaddeus Young,1,2:53,PHI,shot,Andre Iguodala,,,,,,,,,Thaddeus Young,2,,,made,,turnaround jump,24,10
Al Horford,Jamal Crawford,Joe Johnson,Joe Smith,Mike Bibby,Andre Iguodala,Jason Smith,Jrue Holiday,Samuel Dalembert,Thaddeus Young,1,2:43,ATL,shot,,,,,,,,,,Mike Bibby,3,,,made,,3pt,9,24
Al Horford,Jamal Crawford,Joe Johnson,Joe Smith,Mike Bibby,Andre Iguodala,Jason Smith,Jrue Holiday,Samuel Dalembert,Thaddeus Young,1,2:27,ATL,foul,,,,,,,,Thaddeus Young,,Jamal Crawford,,,,,,shooting,,
Al Horford,Jamal Crawford,Joe Johnson,Joe Smith,Mike Bibby,Andre Iguodala,Jason Smith,Jrue Holiday,Samuel Dalembert,Thaddeus Young,1,2:27,ATL,timeout,,,,,,,,,,,,,,,,regular,,
Al Horford,Jamal Crawford,Joe Smith,Maurice Evans,Mike Bibby,Andre Iguodala,Jason Smith,Jrue Holiday,Samuel Dalembert,Thaddeus Young,1,2:27,ATL,sub,,,,Maurice Evans,,Joe Johnson,,,,,,,,,,,,
Al Horford,Jamal Crawford,Joe Smith,Maurice Evans,Mike Bibby,Andre Iguodala,Jason Smith,Jrue Holiday,Samuel Dalembert,Thaddeus Young,1,2:27,PHI,free throw,,,,,,,1,,2,Thaddeus Young,,,foul,made,,,,
Al Horford,Jamal Crawford,Joe Smith,Maurice Evans,Mike Bibby,Andre Iguodala,Jason Smith,Jrue Holiday,Samuel Dalembert,Thaddeus Young,1,2:27,PHI,free throw,,,,,,,2,,2,Thaddeus Young,,,foul,missed,,,,
Al Horford,Jamal Crawford,Joe Smith,Maurice Evans,Mike Bibby,Andre Iguodala,Jason Smith,Jrue Holiday,Samuel Dalembert,Thaddeus Young,1,2:25,ATL,rebound,,,,,,,,,,Maurice Evans,,,,,,def,,
Al Horford,Jamal Crawford,Joe Smith,Maurice Evans,Mike Bibby,Andre Iguodala,Jason Smith,Jrue Holiday,Samuel Dalembert,Thaddeus Young,1,2:06,ATL,shot,,,,,,,,,,Maurice Evans,,,,missed,,jump,41,4
Al Horford,Jamal Crawford,Joe Smith,Maurice Evans,Mike Bibby,Andre Iguodala,Jason Smith,Jrue Holiday,Samuel Dalembert,Thaddeus Young,1,2:05,PHI,rebound,,,,,,,,,,Samuel Dalembert,,,,,,def,,
Al Horford,Jamal Crawford,Joe Smith,Maurice Evans,Mike Bibby,Andre Iguodala,Jason Smith,Jrue Holiday,Samuel Dalembert,Thaddeus Young,1,1:56,PHI,shot,Andre Iguodala,,,,,,,,,Thaddeus Young,2,,,made,,jump hook,22,10
Al Horford,Jamal Crawford,Joe Smith,Maurice Evans,Mike Bibby,Andre Iguodala,Jason Smith,Jrue Holiday,Samuel Dalembert,Thaddeus Young,1,1:41,ATL,shot,,,,,,,,,,Jamal Crawford,2,,,made,,driving layup,25,6
Al Horford,Jamal Crawford,Joe Smith,Maurice Evans,Mike Bibby,Andre Iguodala,Jason Smith,Jrue Holiday,Samuel Dalembert,Thaddeus Young,1,1:18,PHI,shot,,,Al Horford,,,,,,,Jason Smith,,,,missed,,jump,24,17
Al Horford,Jamal Crawford,Joe Smith,Maurice Evans,Mike Bibby,Andre Iguodala,Jason Smith,Jrue Holiday,Samuel Dalembert,Thaddeus Young,1,1:16,ATL,rebound,,,,,,,,,,Al Horford,,,,,,def,,
Al Horford,Jamal Crawford,Joe Smith,Maurice Evans,Mike Bibby,Andre Iguodala,Jason Smith,Jrue Holiday,Samuel Dalembert,Thaddeus Young,1,1:06,ATL,shot,Mike Bibby,,,,,,,,,Joe Smith,2,,,made,,jump,15,20
Al Horford,Jamal Crawford,Joe Smith,Maurice Evans,Mike Bibby,Andre Iguodala,Jason Kapono,Jason Smith,Samuel Dalembert,Thaddeus Young,1,0:45,PHI,sub,,,,Jason Kapono,,Jrue Holiday,,,,,,,,,,,,
Al Horford,Jamal Crawford,Jeff Teague,Joe Smith,Maurice Evans,Andre Iguodala,Jason Kapono,Jason Smith,Samuel Dalembert,Thaddeus Young,1,0:45,ATL,sub,,,,Jeff Teague,,Mike Bibby,,,,,,,,,,,,
Al Horford,Jamal Crawford,Jeff Teague,Joe Smith,Maurice Evans,Andre Iguodala,Jason Kapono,Jason Smith,Thaddeus Young,Willie Green,1,0:45,PHI,sub,,,,Willie Green,,Samuel Dalembert,,,,,,,,,,,,
Al Horford,Jamal Crawford,Jeff Teague,Joe Smith,Maurice Evans,Andre Iguodala,Jason Kapono,Jason Smith,Thaddeus Young,Willie Green,1,0:40,PHI,shot,,,,,,,,,,Andre Iguodala,,,,missed,,3pt,49,7
Al Horford,Jamal Crawford,Jeff Teague,Joe Smith,Maurice Evans,Andre Iguodala,Jason Kapono,Jason Smith,Thaddeus Young,Willie Green,1,0:38,ATL,rebound,,,,,,,,,,Joe Smith,,,,,,def,,
Al Horford,Jamal Crawford,Jeff Teague,Joe Smith,Maurice Evans,Andre Iguodala,Jason Kapono,Jason Smith,Thaddeus Young,Willie Green,1,0:28,ATL,shot,Jamal Crawford,,,,,,,,,Jeff Teague,2,,,made,,floating jump,23,12
Al Horford,Jamal Crawford,Jeff Teague,Joe Smith,Maurice Evans,Andre Iguodala,Jason Kapono,Jason Smith,Thaddeus Young,Willie Green,1,0:21,PHI,shot,,,,,,,,,,Willie Green,,,,missed,,layup,25,6
Al Horford,Jamal Crawford,Jeff Teague,Joe Smith,Maurice Evans,Andre Iguodala,Jason Kapono,Jason Smith,Thaddeus Young,Willie Green,1,0:19,ATL,rebound,,,,,,,,,,Joe Smith,,,,,,def,,
Al Horford,Jamal Crawford,Jeff Teague,Joe Smith,Maurice Evans,Andre Iguodala,Jason Kapono,Jason Smith,Thaddeus Young,Willie Green,1,0:02,ATL,shot,,,,,,,,,,Jamal Crawford,,,,missed,,jump,32,13
Al Horford,Jamal Crawford,Jeff Teague,Joe Smith,Maurice Evans,Andre Iguodala,Jason Kapono,Jason Smith,Thaddeus Young,Willie Green,1,0:02,PHI,rebound,,,,,,,,,,Thaddeus Young,,,,,,def,,
Al Horford,Jamal Crawford,Jeff Teague,Joe Smith,Maurice Evans,Andre Iguodala,Jason Kapono,Jason Smith,Thaddeus Young,Willie Green,1,0:02,ATL,foul,,,,,,,,Thaddeus Young,,Jamal Crawford,,,,,,loose ball,,
Al Horford,Jamal Crawford,Jeff Teague,Joe Smith,Maurice Evans,Andre Iguodala,Jason Kapono,Jason Smith,Thaddeus Young,Willie Green,1,0:00,PHI,shot,,,,,,,,,,Willie Green,3,,,made,,3pt,30,49
Al Horford,Jamal Crawford,Jeff Teague,Joe Smith,Maurice Evans,Jason Kapono,Jason Smith,Rodney Carney,Thaddeus Young,Willie Green,2,11:40,ATL,shot,,,,,,,,,,Al Horford,2,,,made,,running hook,25,12
Al Horford,Jamal Crawford,Jeff Teague,Joe Smith,Maurice Evans,Jason Kapono,Jason Smith,Rodney Carney,Thaddeus Young,Willie Green,2,11:16,PHI,shot,Willie Green,,,,,,,,,Thaddeus Young,3,,,made,,3pt,34,30
Al Horford,Jamal Crawford,Jeff Teague,Joe Smith,Maurice Evans,Jason Kapono,Jason Smith,Rodney Carney,Thaddeus Young,Willie Green,2,10:47,ATL,shot,,,,,,,,,,Jeff Teague,,,,missed,,3pt,38,28
Al Horford,Jamal Crawford,Jeff Teague,Joe Smith,Maurice Evans,Jason Kapono,Jason Smith,Rodney Carney,Thaddeus Young,Willie Green,2,10:46,PHI,rebound,,,,,,,,,,Rodney Carney,,,,,,def,,
Al Horford,Jamal Crawford,Jeff Teague,Joe Smith,Maurice Evans,Jason Kapono,Jason Smith,Rodney Carney,Thaddeus Young,Willie Green,2,10:40,PHI,shot,,,,,,,,,,Willie Green,,,,missed,,layup,25,6
Al Horford,Jamal Crawford,Jeff Teague,Joe Smith,Maurice Evans,Jason Kapono,Jason Smith,Rodney Carney,Thaddeus Young,Willie Green,2,10:37,ATL,rebound,,,,,,,,,,Joe Smith,,,,,,def,,
Al Horford,Jamal Crawford,Jeff Teague,Joe Smith,Maurice Evans,Jason Kapono,Jason Smith,Rodney Carney,Thaddeus Young,Willie Green,2,10:32,ATL,shot,Jamal Crawford,,,,,,,,,Jeff Teague,2,,,made,,layup,25,6
Al Horford,Jamal Crawford,Jeff Teague,Joe Smith,Maurice Evans,Jason Kapono,Jason Smith,Rodney Carney,Thaddeus Young,Willie Green,2,10:15,ATL,foul,,,,,,,,Rodney Carney,,Maurice Evans,,,,,,shooting,,
Jamal Crawford,Jeff Teague,Joe Smith,Josh Smith,Maurice Evans,Jason Kapono,Jason Smith,Rodney Carney,Thaddeus Young,Willie Green,2,10:15,ATL,sub,,,,Josh Smith,,Al Horford,,,,,,,,,,,,
Jamal Crawford,Jeff Teague,Joe Smith,Josh Smith,Maurice Evans,Jason Kapono,Jason Smith,Rodney Carney,Thaddeus Young,Willie Green,2,10:15,PHI,free throw,,,,,,,1,,2,Rodney Carney,,,foul,made,,,,
Jamal Crawford,Jeff Teague,Joe Smith,Josh Smith,Maurice Evans,Jason Kapono,Jason Smith,Rodney Carney,Samuel Dalembert,Willie Green,2,10:15,PHI,sub,,,,Samuel Dalembert,,Thaddeus Young,,,,,,,,,,,,
Jamal Crawford,Jeff Teague,Joe Smith,Josh Smith,Maurice Evans,Jason Kapono,Jason Smith,Rodney Carney,Samuel Dalembert,Willie Green,2,10:15,PHI,free throw,,,,,,,2,,2,Rodney Carney,,,foul,made,,,,
Jamal Crawford,Jeff Teague,Joe Smith,Josh Smith,Maurice Evans,Jason Kapono,Jason Smith,Rodney Carney,Samuel Dalembert,Willie Green,2,9:53,ATL,turnover,,,,,,,,,,Josh Smith,,,bad pass,,Jason Kapono,,,
Jamal Crawford,Jeff Teague,Joe Smith,Josh Smith,Maurice Evans,Jason Kapono,Jason Smith,Rodney Carney,Samuel Dalembert,Willie Green,2,9:44,PHI,shot,,,,,,,,,,Jason Smith,,,,missed,,3pt,27,32
Jamal Crawford,Jeff Teague,Joe Smith,Josh Smith,Maurice Evans,Jason Kapono,Jason Smith,Rodney Carney,Samuel Dalembert,Willie Green,2,9:42,PHI,rebound,,,,,,,,,,Willie Green,,,,,,off,,
Jamal Crawford,Jeff Teague,Joe Smith,Josh Smith,Maurice Evans,Jason Kapono,Jason Smith,Rodney Carney,Samuel Dalembert,Willie Green,2,9:39,PHI,shot,,,,,,,,,,Willie Green,,,,missed,,3pt,40,28
Jamal Crawford,Jeff Teague,Joe Smith,Josh Smith,Maurice Evans,Jason Kapono,Jason Smith,Rodney Carney,Samuel Dalembert,Willie Green,2,9:39,ATL,rebound,,,,,,,,,,,,,,,,,,
Jamal Crawford,Jeff Teague,Joe Smith,Josh Smith,Maurice Evans,Jason Kapono,Jason Smith,Rodney Carney,Samuel Dalembert,Willie Green,2,9:29,PHI,foul,,,,,,,,,,Samuel Dalembert,,,,,,defense 3 second,,
Jamal Crawford,Jeff Teague,Joe Smith,Josh Smith,Maurice Evans,Jason Kapono,Jason Smith,Rodney Carney,Samuel Dalembert,Willie Green,2,9:29,ATL,free throw,,,,,,,1,,1,Jamal Crawford,,,technical,made,,,,
Jamal Crawford,Jeff Teague,Josh Smith,Maurice Evans,Zaza Pachulia,Jason Kapono,Jason Smith,Rodney Carney,Samuel Dalembert,Willie Green,2,9:29,ATL,sub,,,,Zaza Pachulia,,Joe Smith,,,,,,,,,,,,
Jamal Crawford,Jeff Teague,Josh Smith,Maurice Evans,Zaza Pachulia,Jason Kapono,Jason Smith,Rodney Carney,Samuel Dalembert,Willie Green,2,9:15,ATL,shot,Maurice Evans,,,,,,,,,Jamal Crawford,3,,,made,,3pt,42,28
Jamal Crawford,Jeff Teague,Josh Smith,Maurice Evans,Zaza Pachulia,Jason Kapono,Jason Smith,Rodney Carney,Samuel Dalembert,Willie Green,2,8:59,PHI,shot,,,,,,,,,,Jason Kapono,,,,missed,,jump,32,22
Jamal Crawford,Jeff Teague,Josh Smith,Maurice Evans,Zaza Pachulia,Jason Kapono,Jason Smith,Rodney Carney,Samuel Dalembert,Willie Green,2,8:59,ATL,rebound,,,,,,,,,,,,,,,,,,
Jamal Crawford,Jeff Teague,Josh Smith,Maurice Evans,Zaza Pachulia,Jason Kapono,Jason Smith,Rodney Carney,Samuel Dalembert,Willie Green,2,8:59,PHI,foul,,,,,,,,Jamal Crawford,,Jason Smith,,,,,,loose ball,,
Jamal Crawford,Jeff Teague,Josh Smith,Maurice Evans,Zaza Pachulia,Jason Kapono,Jason Smith,Rodney Carney,Samuel Dalembert,Willie Green,2,8:59,ATL,timeout,,,,,,,,,,,,,,,,official,,
Jamal Crawford,Jeff Teague,Josh Smith,Maurice Evans,Zaza Pachulia,Jason Kapono,Rodney Carney,Samuel Dalembert,Thaddeus Young,Willie Green,2,8:59,PHI,sub,,,,Thaddeus Young,,Jason Smith,,,,,,,,,,,,
Jamal Crawford,Jeff Teague,Josh Smith,Maurice Evans,Zaza Pachulia,Jason Kapono,Rodney Carney,Samuel Dalembert,Thaddeus Young,Willie Green,2,8:44,ATL,shot,,,Samuel Dalembert,,,,,,,Josh Smith,,,,missed,,layup,25,6
Jamal Crawford,Jeff Teague,Josh Smith,Maurice Evans,Zaza Pachulia,Jason Kapono,Rodney Carney,Samuel Dalembert,Thaddeus Young,Willie Green,2,8:42,ATL,rebound,,,,,,,,,,Josh Smith,,,,,,off,,
Jamal Crawford,Jeff Teague,Josh Smith,Maurice Evans,Zaza Pachulia,Jason Kapono,Rodney Carney,Samuel Dalembert,Thaddeus Young,Willie Green,2,8:42,PHI,foul,,,,,,,,Josh Smith,,Samuel Dalembert,,,,,,shooting,,
Jamal Crawford,Jeff Teague,Josh Smith,Maurice Evans,Zaza Pachulia,Jason Kapono,Rodney Carney,Samuel Dalembert,Thaddeus Young,Willie Green,2,8:42,ATL,free throw,,,,,,,1,,2,Josh Smith,,,foul,missed,,,,
Jamal Crawford,Jeff Teague,Josh Smith,Maurice Evans,Zaza Pachulia,Jason Kapono,Rodney Carney,Samuel Dalembert,Thaddeus Young,Willie Green,2,8:42,ATL,rebound,,,,,,,,,,,,,,,,,,
Jamal Crawford,Jeff Teague,Josh Smith,Maurice Evans,Zaza Pachulia,Jason Kapono,Rodney Carney,Samuel Dalembert,Thaddeus Young,Willie Green,2,8:42,ATL,free throw,,,,,,,2,,2,Josh Smith,,,foul,missed,,,,
Jamal Crawford,Jeff Teague,Josh Smith,Maurice Evans,Zaza Pachulia,Jason Kapono,Rodney Carney,Samuel Dalembert,Thaddeus Young,Willie Green,2,8:41,PHI,rebound,,,,,,,,,,Samuel Dalembert,,,,,,def,,
Jamal Crawford,Jeff Teague,Josh Smith,Maurice Evans,Zaza Pachulia,Jason Kapono,Rodney Carney,Samuel Dalembert,Thaddeus Young,Willie Green,2,8:26,PHI,shot,,,,,,,,,,Rodney Carney,,,,missed,,3pt,31,32
Jamal Crawford,Jeff Teague,Josh Smith,Maurice Evans,Zaza Pachulia,Jason Kapono,Rodney Carney,Samuel Dalembert,Thaddeus Young,Willie Green,2,8:24,ATL,rebound,,,,,,,,,,Jamal Crawford,,,,,,def,,
Jamal Crawford,Jeff Teague,Josh Smith,Maurice Evans,Zaza Pachulia,Jason Kapono,Rodney Carney,Samuel Dalembert,Thaddeus Young,Willie Green,2,8:15,ATL,shot,,,,,,,,,,Maurice Evans,,,,missed,,3pt,48,4
Jamal Crawford,Jeff Teague,Josh Smith,Maurice Evans,Zaza Pachulia,Jason Kapono,Rodney Carney,Samuel Dalembert,Thaddeus Young,Willie Green,2,8:15,PHI,rebound,,,,,,,,,,,,,,,,,,
Jamal Crawford,Jeff Teague,Joe Johnson,Josh Smith,Zaza Pachulia,Jason Kapono,Rodney Carney,Samuel Dalembert,Thaddeus Young,Willie Green,2,8:15,ATL,sub,,,,Joe Johnson,,Maurice Evans,,,,,,,,,,,,
Jamal Crawford,Jeff Teague,Joe Johnson,Josh Smith,Zaza Pachulia,Jason Kapono,Rodney Carney,Samuel Dalembert,Thaddeus Young,Willie Green,2,7:58,PHI,shot,Willie Green,,,,,,,,,Thaddeus Young,3,,,made,,3pt,49,5
Jamal Crawford,Jeff Teague,Joe Johnson,Josh Smith,Zaza Pachulia,Jason Kapono,Rodney Carney,Samuel Dalembert,Thaddeus Young,Willie Green,2,7:38,PHI,violation,,,,,,,,,,Samuel Dalembert,,,,,,defensive goaltending,,
Jamal Crawford,Jeff Teague,Joe Johnson,Josh Smith,Zaza Pachulia,Jason Kapono,Rodney Carney,Samuel Dalembert,Thaddeus Young,Willie Green,2,7:38,ATL,shot,,,,,,,,,,Josh Smith,2,,,made,,running jump,25,10
Jamal Crawford,Jeff Teague,Joe Johnson,Josh Smith,Zaza Pachulia,Jason Kapono,Rodney Carney,Samuel Dalembert,Thaddeus Young,Willie Green,2,7:38,PHI,foul,,,,,,,,Josh Smith,,Thaddeus Young,,,,,,shooting,,
Jamal Crawford,Joe Johnson,Josh Smith,Mike Bibby,Zaza Pachulia,Jason Kapono,Rodney Carney,Samuel Dalembert,Thaddeus Young,Willie Green,2,7:38,ATL,sub,,,,Mike Bibby,,Jeff Teague,,,,,,,,,,,,
Jamal Crawford,Joe Johnson,Josh Smith,Mike Bibby,Zaza Pachulia,Andre Iguodala,Jason Kapono,Rodney Carney,Samuel Dalembert,Thaddeus Young,2,7:38,PHI,sub,,,,Andre Iguodala,,Willie Green,,,,,,,,,,,,
Jamal Crawford,Joe Johnson,Josh Smith,Mike Bibby,Zaza Pachulia,Andre Iguodala,Jason Kapono,Rodney Carney,Samuel Dalembert,Thaddeus Young,2,7:38,ATL,free throw,,,,,,,1,,1,Josh Smith,,,foul,made,,,,
Jamal Crawford,Joe Johnson,Josh Smith,Mike Bibby,Zaza Pachulia,Andre Iguodala,Jason Kapono,Rodney Carney,Samuel Dalembert,Thaddeus Young,2,7:26,ATL,foul,,,,,,,,Rodney Carney,,Joe Johnson,,,,,,personal,,
Jamal Crawford,Joe Johnson,Josh Smith,Mike Bibby,Zaza Pachulia,Andre Iguodala,Jason Kapono,Rodney Carney,Samuel Dalembert,Thaddeus Young,2,7:11,PHI,shot,,,,,,,,,,Andre Iguodala,2,,,made,,step back jump,11,22
Jamal Crawford,Joe Johnson,Josh Smith,Mike Bibby,Zaza Pachulia,Andre Iguodala,Jason Kapono,Rodney Carney,Samuel Dalembert,Thaddeus Young,2,6:49,ATL,foul,,,,,,,,Thaddeus Young,,Joe Johnson,,,,,,offensive,,
Jamal Crawford,Joe Johnson,Josh Smith,Mike Bibby,Zaza Pachulia,Andre Iguodala,Jason Kapono,Rodney Carney,Samuel Dalembert,Thaddeus Young,2,6:49,ATL,turnover,,,,,,,,,,Joe Johnson,,,foul,,,,,
Jamal Crawford,Josh Smith,Marvin Williams,Mike Bibby,Zaza Pachulia,Andre Iguodala,Jason Kapono,Rodney Carney,Samuel Dalembert,Thaddeus Young,2,6:49,ATL,sub,,,,Marvin Williams,,Joe Johnson,,,,,,,,,,,,
Jamal Crawford,Josh Smith,Marvin Williams,Mike Bibby,Zaza Pachulia,Andre Iguodala,Jason Kapono,Rodney Carney,Samuel Dalembert,Thaddeus Young,2,6:36,PHI,shot,,,,,,,,,,Samuel Dalembert,,,,missed,,jump,25,25
Jamal Crawford,Josh Smith,Marvin Williams,Mike Bibby,Zaza Pachulia,Andre Iguodala,Jason Kapono,Rodney Carney,Samuel Dalembert,Thaddeus Young,2,6:34,ATL,rebound,,,,,,,,,,Josh Smith,,,,,,def,,
Jamal Crawford,Josh Smith,Marvin Williams,Mike Bibby,Zaza Pachulia,Andre Iguodala,Jason Kapono,Rodney Carney,Samuel Dalembert,Thaddeus Young,2,6:21,ATL,turnover,,,,,,,,,,Zaza Pachulia,,,traveling,,,,,
Jamal Crawford,Josh Smith,Marvin Williams,Mike Bibby,Zaza Pachulia,Andre Iguodala,Jason Kapono,Rodney Carney,Samuel Dalembert,Thaddeus Young,2,6:00,PHI,shot,,,,,,,,,,Andre Iguodala,,,,missed,,layup,25,6
Jamal Crawford,Josh Smith,Marvin Williams,Mike Bibby,Zaza Pachulia,Andre Iguodala,Jason Kapono,Rodney Carney,Samuel Dalembert,Thaddeus Young,2,5:58,PHI,rebound,,,,,,,,,,Samuel Dalembert,,,,,,off,,
Jamal Crawford,Josh Smith,Marvin Williams,Mike Bibby,Zaza Pachulia,Andre Iguodala,Jason Kapono,Rodney Carney,Samuel Dalembert,Thaddeus Young,2,5:56,PHI,shot,Samuel Dalembert,,,,,,,,,Thaddeus Young,2,,,made,,dunk,25,6
Jamal Crawford,Josh Smith,Marvin Williams,Mike Bibby,Zaza Pachulia,Andre Iguodala,Jason Kapono,Rodney Carney,Samuel Dalembert,Thaddeus Young,2,5:32,ATL,shot,,,,,,,,,,Josh Smith,,,,missed,,layup,25,6
Jamal Crawford,Josh Smith,Marvin Williams,Mike Bibby,Zaza Pachulia,Andre Iguodala,Jason Kapono,Rodney Carney,Samuel Dalembert,Thaddeus Young,2,5:31,PHI,rebound,,,,,,,,,,Andre Iguodala,,,,,,def,,
Jamal Crawford,Josh Smith,Marvin Williams,Mike Bibby,Zaza Pachulia,Andre Iguodala,Jason Kapono,Rodney Carney,Samuel Dalembert,Thaddeus Young,2,5:27,PHI,shot,Andre Iguodala,,,,,,,,,Rodney Carney,2,,,made,,driving layup,25,6
Jamal Crawford,Josh Smith,Marvin Williams,Mike Bibby,Zaza Pachulia,Andre Iguodala,Jason Kapono,Rodney Carney,Samuel Dalembert,Thaddeus Young,2,5:12,ATL,shot,,,,,,,,,,Jamal Crawford,,,,missed,,3pt,28,32
Jamal Crawford,Josh Smith,Marvin Williams,Mike Bibby,Zaza Pachulia,Andre Iguodala,Jason Kapono,Rodney Carney,Samuel Dalembert,Thaddeus Young,2,5:10,PHI,rebound,,,,,,,,,,Jason Kapono,,,,,,def,,
Jamal Crawford,Josh Smith,Marvin Williams,Mike Bibby,Zaza Pachulia,Andre Iguodala,Jason Kapono,Rodney Carney,Samuel Dalembert,Thaddeus Young,2,5:02,PHI,shot,Andre Iguodala,,,,,,,,,Samuel Dalembert,2,,,made,,layup,25,6
Jamal Crawford,Josh Smith,Marvin Williams,Mike Bibby,Zaza Pachulia,Andre Iguodala,Jason Kapono,Rodney Carney,Samuel Dalembert,Thaddeus Young,2,5:02,ATL,foul,,,,,,,,Samuel Dalembert,,Zaza Pachulia,,,,,,shooting,,
Jamal Crawford,Josh Smith,Marvin Williams,Mike Bibby,Zaza Pachulia,Andre Iguodala,Jason Kapono,Rodney Carney,Samuel Dalembert,Thaddeus Young,2,5:02,PHI,timeout,,,,,,,,,,,,,,,,regular,,
Jamal Crawford,Josh Smith,Marvin Williams,Mike Bibby,Zaza Pachulia,Andre Iguodala,Jason Kapono,Rodney Carney,Samuel Dalembert,Thaddeus Young,2,5:02,PHI,free throw,,,,,,,1,,1,Samuel Dalembert,,,foul,missed,,,,
Josh Smith,Marvin Williams,Maurice Evans,Mike Bibby,Zaza Pachulia,Andre Iguodala,Jason Kapono,Rodney Carney,Samuel Dalembert,Thaddeus Young,2,5:02,ATL,sub,,,,Maurice Evans,,Jamal Crawford,,,,,,,,,,,,
Al Horford,Josh Smith,Marvin Williams,Maurice Evans,Mike Bibby,Andre Iguodala,Jason Kapono,Rodney Carney,Samuel Dalembert,Thaddeus Young,2,5:02,ATL,sub,,,,Al Horford,,Zaza Pachulia,,,,,,,,,,,,
Al Horford,Josh Smith,Marvin Williams,Maurice Evans,Mike Bibby,Andre Iguodala,Jason Kapono,Rodney Carney,Samuel Dalembert,Thaddeus Young,2,5:00,ATL,rebound,,,,,,,,,,Marvin Williams,,,,,,def,,
Al Horford,Josh Smith,Marvin Williams,Maurice Evans,Mike Bibby,Andre Iguodala,Jason Kapono,Rodney Carney,Samuel Dalembert,Thaddeus Young,2,4:45,ATL,shot,,,,,,,,,,Mike Bibby,,,,missed,,jump,14,25
Al Horford,Josh Smith,Marvin Williams,Maurice Evans,Mike Bibby,Andre Iguodala,Jason Kapono,Rodney Carney,Samuel Dalembert,Thaddeus Young,2,4:44,PHI,rebound,,,,,,,,,,Rodney Carney,,,,,,def,,
Al Horford,Josh Smith,Marvin Williams,Maurice Evans,Mike Bibby,Andre Iguodala,Jason Kapono,Rodney Carney,Samuel Dalembert,Thaddeus Young,2,4:27,PHI,shot,Samuel Dalembert,,,,,,,,,Andre Iguodala,2,,,made,,running slam dunk,25,6
Al Horford,Josh Smith,Marvin Williams,Maurice Evans,Mike Bibby,Andre Iguodala,Jason Kapono,Rodney Carney,Samuel Dalembert,Thaddeus Young,2,4:02,ATL,shot,,,,,,,,,,Marvin Williams,2,,,made,,running hook,25,13
Al Horford,Josh Smith,Marvin Williams,Maurice Evans,Mike Bibby,Andre Iguodala,Jason Kapono,Rodney Carney,Samuel Dalembert,Thaddeus Young,2,3:42,PHI,turnover,,,,,,,,,,Samuel Dalembert,,,bad pass,,Josh Smith,,,
Al Horford,Josh Smith,Marvin Williams,Maurice Evans,Mike Bibby,Andre Iguodala,Jason Kapono,Rodney Carney,Samuel Dalembert,Thaddeus Young,2,3:34,ATL,shot,,,Samuel Dalembert,,,,,,,Al Horford,,,,missed,,layup,25,6
Al Horford,Josh Smith,Marvin Williams,Maurice Evans,Mike Bibby,Andre Iguodala,Jason Kapono,Rodney Carney,Samuel Dalembert,Thaddeus Young,2,3:31,ATL,rebound,,,,,,,,,,Josh Smith,,,,,,off,,
Al Horford,Josh Smith,Marvin Williams,Maurice Evans,Mike Bibby,Andre Iguodala,Jason Kapono,Rodney Carney,Samuel Dalembert,Thaddeus Young,2,3:27,ATL,shot,,,Samuel Dalembert,,,,,,,Marvin Williams,,,,missed,,layup,25,6
Al Horford,Josh Smith,Marvin Williams,Maurice Evans,Mike Bibby,Andre Iguodala,Jason Kapono,Rodney Carney,Samuel Dalembert,Thaddeus Young,2,3:27,ATL,rebound,,,,,,,,,,,,,,,,,,
Al Horford,Josh Smith,Marvin Williams,Maurice Evans,Mike Bibby,Andre Iguodala,Jason Kapono,Rodney Carney,Samuel Dalembert,Thaddeus Young,2,3:20,ATL,shot,Mike Bibby,,,,,,,,,Josh Smith,2,,,made,,running layup,25,6
Al Horford,Josh Smith,Marvin Williams,Maurice Evans,Mike Bibby,Andre Iguodala,Jason Kapono,Rodney Carney,Samuel Dalembert,Thaddeus Young,2,3:14,PHI,shot,,,Josh Smith,,,,,,,Andre Iguodala,,,,missed,,layup,25,6
Al Horford,Josh Smith,Marvin Williams,Maurice Evans,Mike Bibby,Andre Iguodala,Jason Kapono,Rodney Carney,Samuel Dalembert,Thaddeus Young,2,3:13,PHI,rebound,,,,,,,,,,,,,,,,,,
Al Horford,Josh Smith,Marvin Williams,Maurice Evans,Mike Bibby,Andre Iguodala,Jrue Holiday,Rodney Carney,Samuel Dalembert,Thaddeus Young,2,3:13,PHI,sub,,,,Jrue Holiday,,Jason Kapono,,,,,,,,,,,,
Al Horford,Josh Smith,Marvin Williams,Maurice Evans,Mike Bibby,Andre Iguodala,Jrue Holiday,Rodney Carney,Samuel Dalembert,Thaddeus Young,2,2:59,PHI,shot,,,,,,,,,,Jrue Holiday,,,,missed,,3pt,42,25
Al Horford,Josh Smith,Marvin Williams,Maurice Evans,Mike Bibby,Andre Iguodala,Jrue Holiday,Rodney Carney,Samuel Dalembert,Thaddeus Young,2,2:57,ATL,rebound,,,,,,,,,,Al Horford,,,,,,def,,
Al Horford,Josh Smith,Marvin Williams,Maurice Evans,Mike Bibby,Andre Iguodala,Jrue Holiday,Rodney Carney,Samuel Dalembert,Thaddeus Young,2,2:49,ATL,shot,Al Horford,,,,,,,,,Josh Smith,2,,,made,,slam dunk,25,6
Al Horford,Josh Smith,Marvin Williams,Maurice Evans,Mike Bibby,Andre Iguodala,Jrue Holiday,Rodney Carney,Samuel Dalembert,Thaddeus Young,2,2:40,PHI,timeout,,,,,,,,,,,,,,,,short,,
Al Horford,Josh Smith,Marvin Williams,Maurice Evans,Mike Bibby,Andre Iguodala,Jrue Holiday,Rodney Carney,Samuel Dalembert,Thaddeus Young,2,2:40,ATL,timeout,,,,,,,,,,,,,,,,regular,,
Al Horford,Josh Smith,Marvin Williams,Maurice Evans,Mike Bibby,Andre Iguodala,Jrue Holiday,Rodney Carney,Samuel Dalembert,Thaddeus Young,2,2:30,PHI,shot,,,,,,,,,,Rodney Carney,,,,missed,,layup,25,6
Al Horford,Josh Smith,Marvin Williams,Maurice Evans,Mike Bibby,Andre Iguodala,Jrue Holiday,Rodney Carney,Samuel Dalembert,Thaddeus Young,2,2:29,PHI,rebound,,,,,,,,,,Samuel Dalembert,,,,,,off,,
Al Horford,Josh Smith,Marvin Williams,Maurice Evans,Mike Bibby,Andre Iguodala,Jrue Holiday,Rodney Carney,Samuel Dalembert,Thaddeus Young,2,2:28,PHI,turnover,,,,,,,,,,Samuel Dalembert,,,traveling,,,,,
Al Horford,Josh Smith,Marvin Williams,Maurice Evans,Mike Bibby,Andre Iguodala,Jrue Holiday,Rodney Carney,Samuel Dalembert,Thaddeus Young,2,2:19,ATL,foul,,,,,,,,Jrue Holiday,,Al Horford,,,,,,offensive,,
Al Horford,Josh Smith,Marvin Williams,Maurice Evans,Mike Bibby,Andre Iguodala,Jrue Holiday,Rodney Carney,Samuel Dalembert,Thaddeus Young,2,2:19,ATL,turnover,,,,,,,,,,Al Horford,,,foul,,,,,
Al Horford,Josh Smith,Marvin Williams,Maurice Evans,Mike Bibby,Andre Iguodala,Jrue Holiday,Rodney Carney,Samuel Dalembert,Thaddeus Young,2,2:07,PHI,shot,,,,,,,,,,Andre Iguodala,,,,missed,,jump,38,15
Al Horford,Josh Smith,Marvin Williams,Maurice Evans,Mike Bibby,Andre Iguodala,Jrue Holiday,Rodney Carney,Samuel Dalembert,Thaddeus Young,2,2:05,ATL,rebound,,,,,,,,,,Marvin Williams,,,,,,def,,
Al Horford,Josh Smith,Marvin Williams,Maurice Evans,Mike Bibby,Andre Iguodala,Jrue Holiday,Rodney Carney,Samuel Dalembert,Thaddeus Young,2,1:55,PHI,foul,,,,,,,,Al Horford,,Jrue Holiday,,,,,,personal,,
Joe Smith,Josh Smith,Marvin Williams,Maurice Evans,Mike Bibby,Andre Iguodala,Jrue Holiday,Rodney Carney,Samuel Dalembert,Thaddeus Young,2,1:55,ATL,sub,,,,Joe Smith,,Al Horford,,,,,,,,,,,,
Joe Smith,Josh Smith,Marvin Williams,Maurice Evans,Mike Bibby,Andre Iguodala,Jrue Holiday,Rodney Carney,Samuel Dalembert,Thaddeus Young,2,1:44,ATL,shot,,,,,,,,,,Mike Bibby,,,,missed,,jump,18,18
Joe Smith,Josh Smith,Marvin Williams,Maurice Evans,Mike Bibby,Andre Iguodala,Jrue Holiday,Rodney Carney,Samuel Dalembert,Thaddeus Young,2,1:42,PHI,rebound,,,,,,,,,,,,,,,,,,
Joe Smith,Josh Smith,Marvin Williams,Maurice Evans,Mike Bibby,Andre Iguodala,Jrue Holiday,Rodney Carney,Samuel Dalembert,Thaddeus Young,2,1:22,PHI,turnover,,,,,,,,,,Andre Iguodala,,,bad pass,,Josh Smith,,,
Joe Smith,Josh Smith,Marvin Williams,Maurice Evans,Mike Bibby,Andre Iguodala,Jrue Holiday,Rodney Carney,Samuel Dalembert,Thaddeus Young,2,1:13,ATL,shot,,,Samuel Dalembert,,,,,,,Josh Smith,,,,missed,,layup,25,6
Joe Smith,Josh Smith,Marvin Williams,Maurice Evans,Mike Bibby,Andre Iguodala,Jrue Holiday,Rodney Carney,Samuel Dalembert,Thaddeus Young,2,1:11,PHI,rebound,,,,,,,,,,Samuel Dalembert,,,,,,def,,
Joe Smith,Josh Smith,Marvin Williams,Maurice Evans,Mike Bibby,Andre Iguodala,Jrue Holiday,Rodney Carney,Samuel Dalembert,Thaddeus Young,2,1:06,PHI,shot,,,,,,,,,,Rodney Carney,,,,missed,,3pt,43,24
Joe Smith,Josh Smith,Marvin Williams,Maurice Evans,Mike Bibby,Andre Iguodala,Jrue Holiday,Rodney Carney,Samuel Dalembert,Thaddeus Young,2,1:04,ATL,rebound,,,,,,,,,,Marvin Williams,,,,,,def,,
Joe Smith,Josh Smith,Marvin Williams,Maurice Evans,Mike Bibby,Andre Iguodala,Jrue Holiday,Rodney Carney,Samuel Dalembert,Thaddeus Young,2,0:55,ATL,shot,Mike Bibby,,,,,,,,,Josh Smith,2,,,made,,layup,25,6
Joe Smith,Josh Smith,Marvin Williams,Maurice Evans,Mike Bibby,Andre Iguodala,Jrue Holiday,Rodney Carney,Samuel Dalembert,Thaddeus Young,2,0:42,PHI,shot,,,,,,,,,,Thaddeus Young,,,,missed,,jump,41,5
Joe Smith,Josh Smith,Marvin Williams,Maurice Evans,Mike Bibby,Andre Iguodala,Jrue Holiday,Rodney Carney,Samuel Dalembert,Thaddeus Young,2,0:40,PHI,rebound,,,,,,,,,,Rodney Carney,,,,,,off,,
Joe Smith,Josh Smith,Marvin Williams,Maurice Evans,Mike Bibby,Andre Iguodala,Jrue Holiday,Rodney Carney,Samuel Dalembert,Thaddeus Young,2,0:37,PHI,shot,,,,,,,,,,Rodney Carney,,,,missed,,layup,25,6
Joe Smith,Josh Smith,Marvin Williams,Maurice Evans,Mike Bibby,Andre Iguodala,Jrue Holiday,Rodney Carney,Samuel Dalembert,Thaddeus Young,2,0:36,ATL,rebound,,,,,,,,,,Joe Smith,,,,,,def,,
Joe Smith,Josh Smith,Marvin Williams,Maurice Evans,Mike Bibby,Andre Iguodala,Jrue Holiday,Rodney Carney,Samuel Dalembert,Thaddeus Young,2,0:23,PHI,foul,,,,,,,,Maurice Evans,,Jrue Holiday,,,,,,shooting,,
Joe Smith,Josh Smith,Marvin Williams,Maurice Evans,Mike Bibby,Andre Iguodala,Jrue Holiday,Rodney Carney,Samuel Dalembert,Thaddeus Young,2,0:23,ATL,free throw,,,,,,,1,,2,Maurice Evans,,,foul,missed,,,,
Joe Smith,Josh Smith,Marvin Williams,Maurice Evans,Mike Bibby,Andre Iguodala,Jrue Holiday,Rodney Carney,Samuel Dalembert,Thaddeus Young,2,0:23,ATL,rebound,,,,,,,,,,,,,,,,,,
Joe Smith,Josh Smith,Marvin Williams,Maurice Evans,Mike Bibby,Andre Iguodala,Jrue Holiday,Rodney Carney,Samuel Dalembert,Thaddeus Young,2,0:23,ATL,free throw,,,,,,,2,,2,Maurice Evans,,,foul,made,,,,
Joe Smith,Josh Smith,Marvin Williams,Maurice Evans,Mike Bibby,Andre Iguodala,Jrue Holiday,Rodney Carney,Samuel Dalembert,Thaddeus Young,2,0:07,ATL,foul,,,,,,,,Andre Iguodala,,Maurice Evans,,,,,,personal,,
Joe Smith,Josh Smith,Marvin Williams,Maurice Evans,Mike Bibby,Andre Iguodala,Jason Kapono,Jrue Holiday,Rodney Carney,Thaddeus Young,2,0:07,PHI,sub,,,,Jason Kapono,,Samuel Dalembert,,,,,,,,,,,,
Jamal Crawford,Josh Smith,Marvin Williams,Maurice Evans,Mike Bibby,Andre Iguodala,Jason Kapono,Jrue Holiday,Rodney Carney,Thaddeus Young,2,0:07,ATL,sub,,,,Jamal Crawford,,Joe Smith,,,,,,,,,,,,
Jamal Crawford,Josh Smith,Marvin Williams,Maurice Evans,Mike Bibby,Andre Iguodala,Jason Kapono,Jrue Holiday,Rodney Carney,Thaddeus Young,2,0:04,ATL,violation,,,,,,,,,,Josh Smith,,,,,,kicked ball,,
Jeff Teague,Josh Smith,Marvin Williams,Maurice Evans,Mike Bibby,Andre Iguodala,Jason Kapono,Jrue Holiday,Rodney Carney,Thaddeus Young,2,0:04,ATL,sub,,,,Jeff Teague,,Jamal Crawford,,,,,,,,,,,,
Jeff Teague,Josh Smith,Marvin Williams,Maurice Evans,Mike Bibby,Andre Iguodala,Jason Kapono,Jrue Holiday,Rodney Carney,Thaddeus Young,2,0:01,PHI,shot,,,,,,,,,,Andre Iguodala,,,,missed,,3pt,41,25
Jeff Teague,Josh Smith,Marvin Williams,Maurice Evans,Mike Bibby,Andre Iguodala,Jason Kapono,Jrue Holiday,Rodney Carney,Thaddeus Young,2,0:00,ATL,rebound,,,,,,,,,,Jeff Teague,,,,,,def,,
Al Horford,Joe Johnson,Josh Smith,Marvin Williams,Mike Bibby,Andre Iguodala,Jason Smith,Jrue Holiday,Samuel Dalembert,Thaddeus Young,3,11:44,PHI,foul,,,,,,,,Al Horford,,Jason Smith,,,,,,shooting,,
Al Horford,Joe Johnson,Josh Smith,Marvin Williams,Mike Bibby,Andre Iguodala,Jason Smith,Jrue Holiday,Samuel Dalembert,Thaddeus Young,3,11:44,ATL,free throw,,,,,,,1,,2,Al Horford,,,foul,made,,,,
Al Horford,Joe Johnson,Josh Smith,Marvin Williams,Mike Bibby,Andre Iguodala,Jason Smith,Jrue Holiday,Samuel Dalembert,Thaddeus Young,3,11:44,ATL,free throw,,,,,,,2,,2,Al Horford,,,foul,missed,,,,
Al Horford,Joe Johnson,Josh Smith,Marvin Williams,Mike Bibby,Andre Iguodala,Jason Smith,Jrue Holiday,Samuel Dalembert,Thaddeus Young,3,11:42,PHI,rebound,,,,,,,,,,Samuel Dalembert,,,,,,def,,
Al Horford,Joe Johnson,Josh Smith,Marvin Williams,Mike Bibby,Andre Iguodala,Jason Smith,Jrue Holiday,Samuel Dalembert,Thaddeus Young,3,11:20,PHI,shot,,,,,,,,,,Andre Iguodala,,,,missed,,jump,40,9
Al Horford,Joe Johnson,Josh Smith,Marvin Williams,Mike Bibby,Andre Iguodala,Jason Smith,Jrue Holiday,Samuel Dalembert,Thaddeus Young,3,11:19,ATL,rebound,,,,,,,,,,Mike Bibby,,,,,,def,,
Al Horford,Joe Johnson,Josh Smith,Marvin Williams,Mike Bibby,Andre Iguodala,Jason Smith,Jrue Holiday,Samuel Dalembert,Thaddeus Young,3,11:07,ATL,shot,,,,,,,,,,Al Horford,,,,missed,,jump,11,11
Al Horford,Joe Johnson,Josh Smith,Marvin Williams,Mike Bibby,Andre Iguodala,Jason Smith,Jrue Holiday,Samuel Dalembert,Thaddeus Young,3,11:04,PHI,rebound,,,,,,,,,,Andre Iguodala,,,,,,def,,
Al Horford,Joe Johnson,Josh Smith,Marvin Williams,Mike Bibby,Andre Iguodala,Jason Smith,Jrue Holiday,Samuel Dalembert,Thaddeus Young,3,10:53,PHI,shot,Jrue Holiday,,,,,,,,,Thaddeus Young,2,,,made,,jump,39,6
Al Horford,Joe Johnson,Josh Smith,Marvin Williams,Mike Bibby,Andre Iguodala,Jason Smith,Jrue Holiday,Samuel Dalembert,Thaddeus Young,3,10:38,PHI,foul,,,,,,,,Josh Smith,,Jrue Holiday,,,,,,personal,,
Al Horford,Joe Johnson,Josh Smith,Marvin Williams,Mike Bibby,Andre Iguodala,Jason Smith,Jrue Holiday,Samuel Dalembert,Thaddeus Young,3,10:30,ATL,shot,,,,,,,,,,Al Horford,,,,missed,,layup,25,6
Al Horford,Joe Johnson,Josh Smith,Marvin Williams,Mike Bibby,Andre Iguodala,Jason Smith,Jrue Holiday,Samuel Dalembert,Thaddeus Young,3,10:28,ATL,rebound,,,,,,,,,,Al Horford,,,,,,off,,
Al Horford,Joe Johnson,Josh Smith,Marvin Williams,Mike Bibby,Andre Iguodala,Jason Smith,Jrue Holiday,Samuel Dalembert,Thaddeus Young,3,10:28,ATL,shot,,,,,,,,,,Al Horford,,,,missed,,tip,25,6
Al Horford,Joe Johnson,Josh Smith,Marvin Williams,Mike Bibby,Andre Iguodala,Jason Smith,Jrue Holiday,Samuel Dalembert,Thaddeus Young,3,10:27,PHI,rebound,,,,,,,,,,Andre Iguodala,,,,,,def,,
Al Horford,Joe Johnson,Josh Smith,Marvin Williams,Mike Bibby,Andre Iguodala,Jason Smith,Jrue Holiday,Samuel Dalembert,Thaddeus Young,3,10:21,PHI,shot,Andre Iguodala,,,,,,,,,Jason Smith,2,,,made,,layup,25,6
Al Horford,Joe Johnson,Josh Smith,Marvin Williams,Mike Bibby,Andre Iguodala,Jason Smith,Jrue Holiday,Samuel Dalembert,Thaddeus Young,3,9:53,ATL,shot,,,Jason Smith,,,,,,,Josh Smith,,,,missed,,layup,25,6
Al Horford,Joe Johnson,Josh Smith,Marvin Williams,Mike Bibby,Andre Iguodala,Jason Smith,Jrue Holiday,Samuel Dalembert,Thaddeus Young,3,9:51,PHI,rebound,,,,,,,,,,Andre Iguodala,,,,,,def,,
Al Horford,Joe Johnson,Josh Smith,Marvin Williams,Mike Bibby,Andre Iguodala,Jason Smith,Jrue Holiday,Samuel Dalembert,Thaddeus Young,3,9:48,PHI,turnover,,,,,,,,,,Andre Iguodala,,,bad pass,,,,,
Al Horford,Joe Johnson,Josh Smith,Marvin Williams,Mike Bibby,Andre Iguodala,Jason Smith,Jrue Holiday,Samuel Dalembert,Thaddeus Young,3,9:29,PHI,foul,,,,,,,,Joe Johnson,,Andre Iguodala,,,,,,personal,,
Al Horford,Joe Johnson,Josh Smith,Marvin Williams,Mike Bibby,Andre Iguodala,Jason Smith,Jrue Holiday,Samuel Dalembert,Thaddeus Young,3,9:29,ATL,free throw,,,,,,,1,,2,Joe Johnson,,,foul,made,,,,
Al Horford,Joe Johnson,Josh Smith,Marvin Williams,Mike Bibby,Andre Iguodala,Jason Smith,Jrue Holiday,Samuel Dalembert,Thaddeus Young,3,9:29,ATL,free throw,,,,,,,2,,2,Joe Johnson,,,foul,made,,,,
Al Horford,Joe Johnson,Josh Smith,Marvin Williams,Mike Bibby,Andre Iguodala,Jason Smith,Jrue Holiday,Samuel Dalembert,Thaddeus Young,3,9:19,PHI,shot,,,,,,,,,,Thaddeus Young,2,,,made,,running bank,33,9
Al Horford,Joe Johnson,Josh Smith,Marvin Williams,Mike Bibby,Andre Iguodala,Jason Smith,Jrue Holiday,Samuel Dalembert,Thaddeus Young,3,9:07,ATL,shot,Josh Smith,,,,,,,,,Al Horford,2,,,made,,jump,8,5
Al Horford,Joe Johnson,Josh Smith,Marvin Williams,Mike Bibby,Andre Iguodala,Jason Smith,Jrue Holiday,Samuel Dalembert,Thaddeus Young,3,8:43,PHI,shot,Thaddeus Young,,,,,,,,,Jason Smith,2,,,made,,driving layup,25,6
Al Horford,Joe Johnson,Josh Smith,Marvin Williams,Mike Bibby,Andre Iguodala,Jason Smith,Jrue Holiday,Samuel Dalembert,Thaddeus Young,3,8:31,ATL,turnover,,,,,,,,,,Mike Bibby,,,bad pass,,Jason Smith,,,
Al Horford,Joe Johnson,Josh Smith,Marvin Williams,Mike Bibby,Andre Iguodala,Jason Smith,Jrue Holiday,Samuel Dalembert,Thaddeus Young,3,8:25,PHI,turnover,,,,,,,,,,Andre Iguodala,,,bad pass,,Marvin Williams,,,
Al Horford,Joe Johnson,Josh Smith,Marvin Williams,Mike Bibby,Andre Iguodala,Jason Smith,Jrue Holiday,Samuel Dalembert,Thaddeus Young,3,8:21,ATL,turnover,,,,,,,,,,Al Horford,,,bad pass,,Jrue Holiday,,,
Al Horford,Joe Johnson,Josh Smith,Marvin Williams,Mike Bibby,Andre Iguodala,Jason Smith,Jrue Holiday,Samuel Dalembert,Thaddeus Young,3,8:15,PHI,turnover,,,,,,,,,,Samuel Dalembert,,,bad pass,,,,,
Al Horford,Jamal Crawford,Joe Johnson,Josh Smith,Mike Bibby,Andre Iguodala,Jason Smith,Jrue Holiday,Samuel Dalembert,Thaddeus Young,3,7:56,ATL,sub,,,,Jamal Crawford,,Marvin Williams,,,,,,,,,,,,
Al Horford,Jamal Crawford,Joe Johnson,Josh Smith,Mike Bibby,Andre Iguodala,Jason Smith,Jrue Holiday,Samuel Dalembert,Thaddeus Young,3,7:52,ATL,shot,,,,,,,,,,Mike Bibby,2,,,made,,pullup jump,17,19
Al Horford,Jamal Crawford,Joe Johnson,Josh Smith,Mike Bibby,Andre Iguodala,Jason Smith,Jrue Holiday,Samuel Dalembert,Thaddeus Young,3,7:26,PHI,shot,,,,,,,,,,Andre Iguodala,,,,missed,,jump,8,5
Al Horford,Jamal Crawford,Joe Johnson,Josh Smith,Mike Bibby,Andre Iguodala,Jason Smith,Jrue Holiday,Samuel Dalembert,Thaddeus Young,3,7:25,ATL,rebound,,,,,,,,,,Al Horford,,,,,,def,,
Al Horford,Jamal Crawford,Joe Johnson,Josh Smith,Mike Bibby,Andre Iguodala,Jason Smith,Jrue Holiday,Samuel Dalembert,Thaddeus Young,3,7:15,ATL,shot,,,,,,,,,,Joe Johnson,2,,,made,,hook,25,11
Al Horford,Jamal Crawford,Joe Johnson,Josh Smith,Mike Bibby,Andre Iguodala,Jason Smith,Jrue Holiday,Samuel Dalembert,Thaddeus Young,3,7:14,PHI,timeout,,,,,,,,,,,,,,,,regular,,
Al Horford,Jamal Crawford,Joe Johnson,Josh Smith,Mike Bibby,Andre Iguodala,Jason Smith,Jrue Holiday,Samuel Dalembert,Thaddeus Young,3,6:51,PHI,shot,Jrue Holiday,,,,,,,,,Jason Smith,2,,,made,,jump,24,18
Al Horford,Jamal Crawford,Joe Johnson,Josh Smith,Mike Bibby,Andre Iguodala,Jason Smith,Jrue Holiday,Samuel Dalembert,Thaddeus Young,3,6:34,ATL,shot,Mike Bibby,,,,,,,,,Josh Smith,2,,,made,,dunk,25,6
Al Horford,Jamal Crawford,Joe Johnson,Josh Smith,Mike Bibby,Andre Iguodala,Jason Smith,Jrue Holiday,Samuel Dalembert,Thaddeus Young,3,6:06,PHI,shot,Jrue Holiday,,,,,,,,,Jason Smith,2,,,made,,jump,30,7
Al Horford,Jamal Crawford,Joe Johnson,Josh Smith,Mike Bibby,Andre Iguodala,Jason Smith,Jrue Holiday,Samuel Dalembert,Thaddeus Young,3,5:40,ATL,shot,,,,,,,,,,Joe Johnson,,,,missed,,3pt,2,6
Al Horford,Jamal Crawford,Joe Johnson,Josh Smith,Mike Bibby,Andre Iguodala,Jason Smith,Jrue Holiday,Samuel Dalembert,Thaddeus Young,3,5:38,ATL,rebound,,,,,,,,,,Joe Johnson,,,,,,off,,
Al Horford,Jamal Crawford,Joe Johnson,Josh Smith,Mike Bibby,Andre Iguodala,Jason Smith,Jrue Holiday,Samuel Dalembert,Thaddeus Young,3,5:36,ATL,shot,,,Samuel Dalembert,,,,,,,Josh Smith,,,,missed,,layup,25,6
Al Horford,Jamal Crawford,Joe Johnson,Josh Smith,Mike Bibby,Andre Iguodala,Jason Smith,Jrue Holiday,Samuel Dalembert,Thaddeus Young,3,5:35,PHI,rebound,,,,,,,,,,Jason Smith,,,,,,def,,
Al Horford,Jamal Crawford,Joe Johnson,Josh Smith,Mike Bibby,Andre Iguodala,Jason Smith,Jrue Holiday,Samuel Dalembert,Thaddeus Young,3,5:30,PHI,shot,,,,,,,,,,Andre Iguodala,2,,,made,,jump,25,10
Al Horford,Jamal Crawford,Joe Johnson,Josh Smith,Mike Bibby,Andre Iguodala,Jason Smith,Jrue Holiday,Samuel Dalembert,Thaddeus Young,3,5:04,ATL,shot,,,,,,,,,,Jamal Crawford,,,,missed,,jump,5,6
Al Horford,Jamal Crawford,Joe Johnson,Josh Smith,Mike Bibby,Andre Iguodala,Jason Smith,Jrue Holiday,Samuel Dalembert,Thaddeus Young,3,5:02,PHI,rebound,,,,,,,,,,Samuel Dalembert,,,,,,def,,
Al Horford,Jamal Crawford,Joe Johnson,Josh Smith,Mike Bibby,Andre Iguodala,Jason Smith,Jrue Holiday,Samuel Dalembert,Thaddeus Young,3,4:48,PHI,shot,,,,,,,,,,Jrue Holiday,,,,missed,,jump,22,23
Al Horford,Jamal Crawford,Joe Johnson,Josh Smith,Mike Bibby,Andre Iguodala,Jason Smith,Jrue Holiday,Samuel Dalembert,Thaddeus Young,3,4:46,ATL,rebound,,,,,,,,,,Mike Bibby,,,,,,def,,
Al Horford,Jamal Crawford,Joe Johnson,Josh Smith,Mike Bibby,Andre Iguodala,Jason Smith,Jrue Holiday,Samuel Dalembert,Thaddeus Young,3,4:41,ATL,shot,Mike Bibby,,,,,,,,,Josh Smith,2,,,made,,alley oop layup,25,6
Al Horford,Jamal Crawford,Joe Johnson,Josh Smith,Mike Bibby,Andre Iguodala,Jason Smith,Jrue Holiday,Samuel Dalembert,Thaddeus Young,3,4:24,PHI,shot,,,,,,,,,,Jrue Holiday,,,,missed,,jump,25,14
Al Horford,Jamal Crawford,Joe Johnson,Josh Smith,Mike Bibby,Andre Iguodala,Jason Smith,Jrue Holiday,Samuel Dalembert,Thaddeus Young,3,4:22,ATL,rebound,,,,,,,,,,,,,,,,,,
Al Horford,Jamal Crawford,Joe Johnson,Joe Smith,Mike Bibby,Andre Iguodala,Jason Smith,Jrue Holiday,Samuel Dalembert,Thaddeus Young,3,4:22,ATL,sub,,,,Joe Smith,,Josh Smith,,,,,,,,,,,,
Al Horford,Jamal Crawford,Joe Johnson,Joe Smith,Mike Bibby,Andre Iguodala,Jason Smith,Samuel Dalembert,Thaddeus Young,Willie Green,3,4:22,PHI,sub,,,,Willie Green,,Jrue Holiday,,,,,,,,,,,,
Al Horford,Jamal Crawford,Joe Johnson,Joe Smith,Mike Bibby,Andre Iguodala,Jason Smith,Rodney Carney,Thaddeus Young,Willie Green,3,4:22,PHI,sub,,,,Rodney Carney,,Samuel Dalembert,,,,,,,,,,,,
Al Horford,Jamal Crawford,Joe Johnson,Joe Smith,Mike Bibby,Andre Iguodala,Jason Smith,Rodney Carney,Thaddeus Young,Willie Green,3,4:10,ATL,shot,,,,,,,,,,Jamal Crawford,2,,,made,,driving layup,25,6
Al Horford,Jamal Crawford,Joe Johnson,Joe Smith,Mike Bibby,Andre Iguodala,Jason Smith,Rodney Carney,Thaddeus Young,Willie Green,3,3:54,PHI,shot,,,,,,,,,,Rodney Carney,,,,missed,,layup,25,6
Al Horford,Jamal Crawford,Joe Johnson,Joe Smith,Mike Bibby,Andre Iguodala,Jason Smith,Rodney Carney,Thaddeus Young,Willie Green,3,3:53,ATL,rebound,,,,,,,,,,Al Horford,,,,,,def,,
Al Horford,Jamal Crawford,Joe Johnson,Joe Smith,Mike Bibby,Andre Iguodala,Jason Smith,Rodney Carney,Thaddeus Young,Willie Green,3,3:46,PHI,foul,,,,,,,,Al Horford,,Willie Green,,,,,,shooting,,
Al Horford,Jamal Crawford,Joe Johnson,Joe Smith,Mike Bibby,Andre Iguodala,Jason Smith,Rodney Carney,Thaddeus Young,Willie Green,3,3:46,ATL,free throw,,,,,,,1,,2,Al Horford,,,foul,made,,,,
Al Horford,Jamal Crawford,Joe Johnson,Joe Smith,Mike Bibby,Andre Iguodala,Jason Kapono,Jason Smith,Rodney Carney,Willie Green,3,3:46,PHI,sub,,,,Jason Kapono,,Thaddeus Young,,,,,,,,,,,,
Al Horford,Jamal Crawford,Joe Johnson,Joe Smith,Mike Bibby,Andre Iguodala,Jason Kapono,Rodney Carney,Samuel Dalembert,Willie Green,3,3:46,PHI,sub,,,,Samuel Dalembert,,Jason Smith,,,,,,,,,,,,
Al Horford,Jamal Crawford,Joe Johnson,Joe Smith,Mike Bibby,Andre Iguodala,Jason Kapono,Rodney Carney,Samuel Dalembert,Willie Green,3,3:46,ATL,free throw,,,,,,,2,,2,Al Horford,,,foul,made,,,,
Al Horford,Jamal Crawford,Joe Johnson,Joe Smith,Mike Bibby,Andre Iguodala,Jason Kapono,Rodney Carney,Samuel Dalembert,Willie Green,3,3:31,PHI,shot,Rodney Carney,,,,,,,,,Willie Green,2,,,made,,driving layup,25,6
Al Horford,Jamal Crawford,Joe Johnson,Joe Smith,Mike Bibby,Andre Iguodala,Jason Kapono,Rodney Carney,Samuel Dalembert,Willie Green,3,3:08,ATL,shot,Al Horford,,,,,,,,,Mike Bibby,3,,,made,,3pt,8,23
Al Horford,Jamal Crawford,Joe Johnson,Joe Smith,Mike Bibby,Andre Iguodala,Jason Kapono,Rodney Carney,Samuel Dalembert,Willie Green,3,2:58,PHI,shot,,,,,,,,,,Jason Kapono,,,,missed,,jump,7,17
Al Horford,Jamal Crawford,Joe Johnson,Joe Smith,Mike Bibby,Andre Iguodala,Jason Kapono,Rodney Carney,Samuel Dalembert,Willie Green,3,2:56,ATL,rebound,,,,,,,,,,Mike Bibby,,,,,,def,,
Al Horford,Jamal Crawford,Joe Johnson,Joe Smith,Mike Bibby,Andre Iguodala,Jason Kapono,Rodney Carney,Samuel Dalembert,Willie Green,3,2:39,ATL,turnover,,,,,,,,,,Joe Johnson,,,bad pass,,,,,
Al Horford,Jamal Crawford,Joe Johnson,Joe Smith,Mike Bibby,Andre Iguodala,Jason Kapono,Rodney Carney,Samuel Dalembert,Willie Green,3,2:39,ATL,timeout,,,,,,,,,,,,,,,,regular,,
Al Horford,Jamal Crawford,Joe Johnson,Joe Smith,Mike Bibby,Andre Iguodala,Jason Kapono,Rodney Carney,Samuel Dalembert,Willie Green,3,2:24,PHI,shot,,,,,,,,,,Jason Kapono,2,,,made,,pullup jump,23,23
Al Horford,Jamal Crawford,Joe Johnson,Joe Smith,Mike Bibby,Andre Iguodala,Jason Kapono,Rodney Carney,Samuel Dalembert,Willie Green,3,2:00,ATL,shot,,,,,,,,,,Joe Johnson,,,,missed,,jump,23,24
Al Horford,Jamal Crawford,Joe Johnson,Joe Smith,Mike Bibby,Andre Iguodala,Jason Kapono,Rodney Carney,Samuel Dalembert,Willie Green,3,1:58,PHI,rebound,,,,,,,,,,Samuel Dalembert,,,,,,def,,
Al Horford,Jamal Crawford,Joe Johnson,Joe Smith,Mike Bibby,Andre Iguodala,Jason Kapono,Rodney Carney,Samuel Dalembert,Willie Green,3,1:47,PHI,turnover,,,,,,,,,,Jason Kapono,,,bad pass,,Joe Johnson,,,
Al Horford,Jamal Crawford,Joe Johnson,Joe Smith,Mike Bibby,Andre Iguodala,Jason Kapono,Rodney Carney,Samuel Dalembert,Willie Green,3,1:40,ATL,shot,,,Andre Iguodala,,,,,,,Joe Johnson,,,,missed,,layup,25,6
Al Horford,Jamal Crawford,Joe Johnson,Joe Smith,Mike Bibby,Andre Iguodala,Jason Kapono,Rodney Carney,Samuel Dalembert,Willie Green,3,1:39,PHI,rebound,,,,,,,,,,Rodney Carney,,,,,,def,,
Al Horford,Jamal Crawford,Joe Johnson,Joe Smith,Mike Bibby,Andre Iguodala,Jason Kapono,Rodney Carney,Samuel Dalembert,Willie Green,3,1:35,PHI,shot,,,,,,,,,,Rodney Carney,2,,,made,,running dunk,25,6
Al Horford,Jamal Crawford,Joe Johnson,Joe Smith,Mike Bibby,Andre Iguodala,Jason Kapono,Rodney Carney,Samuel Dalembert,Willie Green,3,1:24,PHI,foul,,,,,,,,Al Horford,,Jason Kapono,,,,,,shooting,,
Al Horford,Jamal Crawford,Joe Johnson,Joe Smith,Mike Bibby,Andre Iguodala,Jason Kapono,Rodney Carney,Samuel Dalembert,Willie Green,3,1:24,ATL,free throw,,,,,,,1,,2,Al Horford,,,foul,made,,,,
Al Horford,Jamal Crawford,Joe Smith,Marvin Williams,Mike Bibby,Andre Iguodala,Jason Kapono,Rodney Carney,Samuel Dalembert,Willie Green,3,1:24,ATL,sub,,,,Marvin Williams,,Joe Johnson,,,,,,,,,,,,
Al Horford,Jamal Crawford,Joe Smith,Marvin Williams,Mike Bibby,Andre Iguodala,Jason Kapono,Rodney Carney,Samuel Dalembert,Willie Green,3,1:24,ATL,free throw,,,,,,,2,,2,Al Horford,,,foul,made,,,,
Al Horford,Jamal Crawford,Joe Smith,Marvin Williams,Mike Bibby,Andre Iguodala,Jason Kapono,Rodney Carney,Samuel Dalembert,Willie Green,3,1:12,PHI,shot,,,,,,,,,,Willie Green,,,,missed,,jump,16,22
Al Horford,Jamal Crawford,Joe Smith,Marvin Williams,Mike Bibby,Andre Iguodala,Jason Kapono,Rodney Carney,Samuel Dalembert,Willie Green,3,1:11,ATL,rebound,,,,,,,,,,Al Horford,,,,,,def,,
Al Horford,Jamal Crawford,Joe Smith,Marvin Williams,Mike Bibby,Andre Iguodala,Jason Kapono,Rodney Carney,Samuel Dalembert,Willie Green,3,1:00,ATL,shot,,,,,,,,,,Jamal Crawford,2,,,made,,driving finger roll layup,25,6
Al Horford,Jamal Crawford,Joe Smith,Marvin Williams,Mike Bibby,Andre Iguodala,Jason Kapono,Rodney Carney,Samuel Dalembert,Willie Green,3,0:57,ATL,foul,,,,,,,,Rodney Carney,,Joe Smith,,,,,,shooting,,
Al Horford,Jamal Crawford,Joe Smith,Marvin Williams,Mike Bibby,Andre Iguodala,Jason Kapono,Rodney Carney,Samuel Dalembert,Willie Green,3,0:57,PHI,free throw,,,,,,,1,,2,Rodney Carney,,,foul,made,,,,
Al Horford,Jamal Crawford,Joe Smith,Marvin Williams,Mike Bibby,Andre Iguodala,Jason Kapono,Rodney Carney,Samuel Dalembert,Willie Green,3,0:57,PHI,free throw,,,,,,,2,,2,Rodney Carney,,,foul,made,,,,
Al Horford,Jamal Crawford,Joe Smith,Marvin Williams,Mike Bibby,Andre Iguodala,Jason Kapono,Rodney Carney,Samuel Dalembert,Willie Green,3,0:41,ATL,shot,,,,,,,,,,Al Horford,2,,,made,,turnaround jump,26,21
Al Horford,Jamal Crawford,Joe Smith,Marvin Williams,Mike Bibby,Andre Iguodala,Jason Kapono,Rodney Carney,Samuel Dalembert,Willie Green,3,0:25,PHI,shot,Andre Iguodala,,,,,,,,,Rodney Carney,3,,,made,,3pt,2,7
Al Horford,Jamal Crawford,Joe Smith,Marvin Williams,Mike Bibby,Andre Iguodala,Jason Kapono,Rodney Carney,Samuel Dalembert,Willie Green,3,0:05,ATL,shot,,,,,,,,,,Jamal Crawford,3,,,made,,3pt,23,32
Al Horford,Jamal Crawford,Joe Smith,Marvin Williams,Mike Bibby,Andre Iguodala,Jason Kapono,Rodney Carney,Samuel Dalembert,Willie Green,3,0:01,PHI,turnover,,,,,,,,,,Willie Green,,,bad pass,,Jamal Crawford,,,
Al Horford,Jamal Crawford,Joe Smith,Marvin Williams,Mike Bibby,Andre Iguodala,Jason Kapono,Rodney Carney,Samuel Dalembert,Willie Green,3,0:01,ATL,shot,,,,,,,,,,Jamal Crawford,,,,missed,,3pt,43,44
Al Horford,Jamal Crawford,Joe Smith,Marvin Williams,Mike Bibby,Andre Iguodala,Jason Kapono,Rodney Carney,Samuel Dalembert,Willie Green,3,0:00,ATL,rebound,,,,,,,,,,,,,,,,,,
Al Horford,Jamal Crawford,Joe Johnson,Marvin Williams,Mike Bibby,Jason Kapono,Rodney Carney,Samuel Dalembert,Thaddeus Young,Willie Green,4,11:42,PHI,shot,,,,,,,,,,Willie Green,2,,,made,,driving layup,25,6
Al Horford,Jamal Crawford,Joe Johnson,Marvin Williams,Mike Bibby,Jason Kapono,Rodney Carney,Samuel Dalembert,Thaddeus Young,Willie Green,4,11:15,ATL,shot,,,,,,,,,,Mike Bibby,,,,missed,,3pt,40,26
Al Horford,Jamal Crawford,Joe Johnson,Marvin Williams,Mike Bibby,Jason Kapono,Rodney Carney,Samuel Dalembert,Thaddeus Young,Willie Green,4,11:13,PHI,rebound,,,,,,,,,,Jason Kapono,,,,,,def,,
Al Horford,Jamal Crawford,Joe Johnson,Marvin Williams,Mike Bibby,Jason Kapono,Rodney Carney,Samuel Dalembert,Thaddeus Young,Willie Green,4,11:06,PHI,shot,,,,,,,,,,Willie Green,,,,missed,,layup,25,6
Al Horford,Jamal Crawford,Joe Johnson,Marvin Williams,Mike Bibby,Jason Kapono,Rodney Carney,Samuel Dalembert,Thaddeus Young,Willie Green,4,11:05,ATL,rebound,,,,,,,,,,Joe Johnson,,,,,,def,,
Al Horford,Jamal Crawford,Joe Johnson,Marvin Williams,Mike Bibby,Jason Kapono,Rodney Carney,Samuel Dalembert,Thaddeus Young,Willie Green,4,10:44,ATL,shot,,,,,,,,,,Mike Bibby,,,,missed,,jump,23,28
Al Horford,Jamal Crawford,Joe Johnson,Marvin Williams,Mike Bibby,Jason Kapono,Rodney Carney,Samuel Dalembert,Thaddeus Young,Willie Green,4,10:40,ATL,rebound,,,,,,,,,,Jamal Crawford,,,,,,off,,
Al Horford,Jamal Crawford,Joe Johnson,Marvin Williams,Mike Bibby,Jason Kapono,Rodney Carney,Samuel Dalembert,Thaddeus Young,Willie Green,4,10:40,ATL,shot,,,,,,,,,,Jamal Crawford,2,,,made,,driving layup,25,6
Al Horford,Jamal Crawford,Joe Johnson,Marvin Williams,Mike Bibby,Jason Kapono,Rodney Carney,Samuel Dalembert,Thaddeus Young,Willie Green,4,10:16,PHI,shot,Willie Green,,,,,,,,,Jason Kapono,3,,,made,,3pt,49,7
Al Horford,Jamal Crawford,Joe Johnson,Marvin Williams,Mike Bibby,Jason Kapono,Jason Smith,Rodney Carney,Thaddeus Young,Willie Green,4,9:57,PHI,sub,,,,Jason Smith,,Samuel Dalembert,,,,,,,,,,,,
Al Horford,Jamal Crawford,Joe Johnson,Marvin Williams,Mike Bibby,Jason Kapono,Jason Smith,Rodney Carney,Thaddeus Young,Willie Green,4,9:57,ATL,timeout,,,,,,,,,,,,,,,,regular,,
Al Horford,Jamal Crawford,Joe Johnson,Josh Smith,Marvin Williams,Jason Kapono,Jason Smith,Rodney Carney,Thaddeus Young,Willie Green,4,9:57,ATL,sub,,,,Josh Smith,,Mike Bibby,,,,,,,,,,,,
Al Horford,Jamal Crawford,Joe Johnson,Josh Smith,Marvin Williams,Jason Kapono,Jason Smith,Rodney Carney,Thaddeus Young,Willie Green,4,9:53,PHI,foul,,,,,,,,Jamal Crawford,,Jason Kapono,,,,,,personal,,
Al Horford,Jamal Crawford,Joe Johnson,Josh Smith,Marvin Williams,Jason Kapono,Jason Smith,Rodney Carney,Thaddeus Young,Willie Green,4,9:41,ATL,turnover,,,,,,,,,,Al Horford,,,lost ball,,Rodney Carney,,,
Al Horford,Jamal Crawford,Joe Johnson,Josh Smith,Marvin Williams,Jason Kapono,Jason Smith,Rodney Carney,Thaddeus Young,Willie Green,4,9:35,PHI,shot,Rodney Carney,,,,,,,,,Jason Kapono,3,,,made,,3pt,34,31
Al Horford,Jamal Crawford,Joe Johnson,Josh Smith,Marvin Williams,Jason Kapono,Jason Smith,Rodney Carney,Thaddeus Young,Willie Green,4,9:08,ATL,shot,Al Horford,,,,,,,,,Joe Johnson,3,,,made,,3pt,39,28
Al Horford,Jamal Crawford,Joe Johnson,Josh Smith,Marvin Williams,Jason Kapono,Jason Smith,Rodney Carney,Thaddeus Young,Willie Green,4,8:47,PHI,shot,,,,,,,,,,Jason Kapono,,,,missed,,jump,28,14
Al Horford,Jamal Crawford,Joe Johnson,Josh Smith,Marvin Williams,Jason Kapono,Jason Smith,Rodney Carney,Thaddeus Young,Willie Green,4,8:45,ATL,rebound,,,,,,,,,,Jamal Crawford,,,,,,def,,
Al Horford,Jamal Crawford,Joe Johnson,Josh Smith,Marvin Williams,Jason Kapono,Jason Smith,Rodney Carney,Thaddeus Young,Willie Green,4,8:37,ATL,shot,,,,,,,,,,Jamal Crawford,2,,,made,,driving finger roll layup,25,6
Al Horford,Jamal Crawford,Joe Johnson,Josh Smith,Marvin Williams,Jason Kapono,Jason Smith,Rodney Carney,Thaddeus Young,Willie Green,4,8:23,PHI,shot,,,,,,,,,,Jason Smith,,,,missed,,jump,37,19
Al Horford,Jamal Crawford,Joe Johnson,Josh Smith,Marvin Williams,Jason Kapono,Jason Smith,Rodney Carney,Thaddeus Young,Willie Green,4,8:21,ATL,rebound,,,,,,,,,,Marvin Williams,,,,,,def,,
Al Horford,Jamal Crawford,Joe Johnson,Josh Smith,Marvin Williams,Jason Kapono,Jason Smith,Rodney Carney,Thaddeus Young,Willie Green,4,8:08,ATL,foul,,,,,,,,Jason Kapono,,Marvin Williams,,,,,,offensive,,
Al Horford,Jamal Crawford,Joe Johnson,Josh Smith,Marvin Williams,Jason Kapono,Jason Smith,Rodney Carney,Thaddeus Young,Willie Green,4,8:08,ATL,turnover,,,,,,,,,,Marvin Williams,,,foul,,,,,
Al Horford,Jamal Crawford,Joe Johnson,Josh Smith,Marvin Williams,Andre Iguodala,Jason Kapono,Jason Smith,Rodney Carney,Thaddeus Young,4,8:08,PHI,sub,,,,Andre Iguodala,,Willie Green,,,,,,,,,,,,
Al Horford,Jamal Crawford,Joe Johnson,Josh Smith,Marvin Williams,Andre Iguodala,Jason Kapono,Jason Smith,Rodney Carney,Thaddeus Young,4,7:49,PHI,turnover,,,,,,,,,,Andre Iguodala,,,traveling,,,,,
Al Horford,Jamal Crawford,Joe Johnson,Josh Smith,Marvin Williams,Andre Iguodala,Jason Kapono,Jason Smith,Rodney Carney,Thaddeus Young,4,7:34,ATL,shot,,,,,,,,,,Al Horford,2,,,made,,hook,24,12
Al Horford,Jamal Crawford,Joe Johnson,Josh Smith,Marvin Williams,Andre Iguodala,Jason Kapono,Jason Smith,Rodney Carney,Thaddeus Young,4,7:17,PHI,shot,Rodney Carney,,,,,,,,,Thaddeus Young,3,,,made,,3pt,23,31
Al Horford,Jamal Crawford,Joe Johnson,Josh Smith,Marvin Williams,Andre Iguodala,Jason Kapono,Jason Smith,Rodney Carney,Thaddeus Young,4,7:00,ATL,turnover,,,,,,,,,,Joe Johnson,,,bad pass,,Rodney Carney,,,
Al Horford,Jamal Crawford,Joe Johnson,Josh Smith,Marvin Williams,Andre Iguodala,Jason Kapono,Jason Smith,Rodney Carney,Thaddeus Young,4,6:57,ATL,foul,,,,,,,,Rodney Carney,,Joe Johnson,,,,,,shooting,,
Al Horford,Jamal Crawford,Joe Johnson,Josh Smith,Marvin Williams,Andre Iguodala,Jason Kapono,Jason Smith,Rodney Carney,Thaddeus Young,4,6:57,PHI,free throw,,,,,,,1,,2,Rodney Carney,,,foul,made,,,,
Al Horford,Jamal Crawford,Joe Johnson,Josh Smith,Marvin Williams,Andre Iguodala,Jason Kapono,Jason Smith,Rodney Carney,Thaddeus Young,4,6:57,PHI,free throw,,,,,,,2,,2,Rodney Carney,,,foul,made,,,,
Al Horford,Jamal Crawford,Joe Johnson,Josh Smith,Marvin Williams,Andre Iguodala,Jason Kapono,Jason Smith,Rodney Carney,Thaddeus Young,4,6:46,PHI,foul,,,,,,,,Marvin Williams,,Jason Kapono,,,,,,shooting,,
Al Horford,Jamal Crawford,Joe Johnson,Josh Smith,Marvin Williams,Andre Iguodala,Jason Kapono,Jason Smith,Rodney Carney,Thaddeus Young,4,6:46,ATL,free throw,,,,,,,1,,2,Marvin Williams,,,foul,made,,,,
Al Horford,Jamal Crawford,Joe Johnson,Josh Smith,Marvin Williams,Andre Iguodala,Jason Kapono,Jason Smith,Rodney Carney,Thaddeus Young,4,6:46,ATL,free throw,,,,,,,2,,2,Marvin Williams,,,foul,made,,,,
Al Horford,Jamal Crawford,Joe Johnson,Josh Smith,Marvin Williams,Andre Iguodala,Jason Kapono,Jason Smith,Rodney Carney,Thaddeus Young,4,6:30,PHI,shot,,,,,,,,,,Thaddeus Young,,,,missed,,hook,26,12
Al Horford,Jamal Crawford,Joe Johnson,Josh Smith,Marvin Williams,Andre Iguodala,Jason Kapono,Jason Smith,Rodney Carney,Thaddeus Young,4,6:29,ATL,rebound,,,,,,,,,,Marvin Williams,,,,,,def,,
Al Horford,Jamal Crawford,Joe Johnson,Josh Smith,Marvin Williams,Andre Iguodala,Jason Kapono,Jason Smith,Rodney Carney,Thaddeus Young,4,6:16,ATL,turnover,,,,,,,,,,Josh Smith,,,bad pass,,Andre Iguodala,,,
Al Horford,Jamal Crawford,Joe Johnson,Josh Smith,Marvin Williams,Andre Iguodala,Jason Kapono,Jason Smith,Rodney Carney,Thaddeus Young,4,6:13,ATL,foul,,,,,,,,Andre Iguodala,,Marvin Williams,,,,,,shooting,,
Al Horford,Jamal Crawford,Joe Johnson,Josh Smith,Marvin Williams,Andre Iguodala,Jason Kapono,Jason Smith,Rodney Carney,Thaddeus Young,4,6:13,PHI,free throw,,,,,,,1,,2,Andre Iguodala,,,foul,missed,,,,
Al Horford,Jamal Crawford,Joe Johnson,Josh Smith,Marvin Williams,Andre Iguodala,Jason Kapono,Jason Smith,Rodney Carney,Thaddeus Young,4,6:13,PHI,rebound,,,,,,,,,,,,,,,,,,
Al Horford,Jamal Crawford,Joe Johnson,Josh Smith,Marvin Williams,Andre Iguodala,Jason Kapono,Jason Smith,Rodney Carney,Thaddeus Young,4,6:13,PHI,free throw,,,,,,,2,,2,Andre Iguodala,,,foul,made,,,,
Al Horford,Jamal Crawford,Joe Johnson,Josh Smith,Marvin Williams,Andre Iguodala,Jason Kapono,Jason Smith,Rodney Carney,Thaddeus Young,4,5:56,ATL,shot,,,Jason Smith,,,,,,,Josh Smith,,,,missed,,layup,25,6
Al Horford,Jamal Crawford,Joe Johnson,Josh Smith,Marvin Williams,Andre Iguodala,Jason Kapono,Jason Smith,Rodney Carney,Thaddeus Young,4,5:53,ATL,rebound,,,,,,,,,,Josh Smith,,,,,,off,,
Al Horford,Jamal Crawford,Joe Johnson,Josh Smith,Marvin Williams,Andre Iguodala,Jason Kapono,Jason Smith,Rodney Carney,Thaddeus Young,4,5:53,ATL,shot,,,,,,,,,,Josh Smith,2,,,made,,slam dunk,25,6
Al Horford,Jamal Crawford,Joe Johnson,Josh Smith,Marvin Williams,Andre Iguodala,Jason Kapono,Jason Smith,Rodney Carney,Thaddeus Young,4,5:37,PHI,shot,,,,,,,,,,Jason Smith,,,,missed,,jump,22,11
Al Horford,Jamal Crawford,Joe Johnson,Josh Smith,Marvin Williams,Andre Iguodala,Jason Kapono,Jason Smith,Rodney Carney,Thaddeus Young,4,5:35,ATL,rebound,,,,,,,,,,Marvin Williams,,,,,,def,,
Al Horford,Jamal Crawford,Joe Johnson,Josh Smith,Marvin Williams,Andre Iguodala,Jason Kapono,Jason Smith,Rodney Carney,Thaddeus Young,4,5:27,PHI,foul,,,,,,,,Al Horford,,Jason Smith,,,,,,personal,,
Al Horford,Jamal Crawford,Joe Johnson,Josh Smith,Marvin Williams,Andre Iguodala,Jason Kapono,Jason Smith,Rodney Carney,Thaddeus Young,4,5:27,ATL,timeout,,,,,,,,,,,,,,,,official,,
Al Horford,Jamal Crawford,Joe Johnson,Josh Smith,Marvin Williams,Andre Iguodala,Jason Kapono,Rodney Carney,Samuel Dalembert,Thaddeus Young,4,5:27,PHI,sub,,,,Samuel Dalembert,,Jason Smith,,,,,,,,,,,,
Al Horford,Jamal Crawford,Joe Johnson,Josh Smith,Marvin Williams,Andre Iguodala,Jason Kapono,Rodney Carney,Samuel Dalembert,Thaddeus Young,4,5:12,ATL,shot,,,,,,,,,,Joe Johnson,,,,missed,,jump,27,24
Al Horford,Jamal Crawford,Joe Johnson,Josh Smith,Marvin Williams,Andre Iguodala,Jason Kapono,Rodney Carney,Samuel Dalembert,Thaddeus Young,4,5:12,ATL,rebound,,,,,,,,,,,,,,,,,,
Al Horford,Jamal Crawford,Joe Johnson,Josh Smith,Marvin Williams,Andre Iguodala,Jason Kapono,Rodney Carney,Samuel Dalembert,Thaddeus Young,4,5:12,ATL,turnover,,,,,,,,,,,,,shot clock turnover,,,,,
Al Horford,Jamal Crawford,Joe Johnson,Josh Smith,Marvin Williams,Andre Iguodala,Jason Kapono,Rodney Carney,Samuel Dalembert,Thaddeus Young,4,4:59,PHI,shot,,,,,,,,,,Andre Iguodala,2,,,made,,turnaround bank,26,16
Al Horford,Jamal Crawford,Joe Johnson,Josh Smith,Marvin Williams,Andre Iguodala,Jason Kapono,Rodney Carney,Samuel Dalembert,Thaddeus Young,4,4:41,ATL,shot,,,,,,,,,,Jamal Crawford,2,,,made,,fade away jumper,11,16
Al Horford,Jamal Crawford,Joe Johnson,Josh Smith,Marvin Williams,Andre Iguodala,Jason Kapono,Rodney Carney,Samuel Dalembert,Thaddeus Young,4,4:16,PHI,shot,,,Al Horford,,,,,,,Andre Iguodala,,,,missed,,layup,25,6
Al Horford,Jamal Crawford,Joe Johnson,Josh Smith,Marvin Williams,Andre Iguodala,Jason Kapono,Rodney Carney,Samuel Dalembert,Thaddeus Young,4,4:14,ATL,rebound,,,,,,,,,,Josh Smith,,,,,,def,,
Al Horford,Jamal Crawford,Joe Johnson,Josh Smith,Marvin Williams,Andre Iguodala,Jason Kapono,Rodney Carney,Samuel Dalembert,Thaddeus Young,4,4:02,ATL,shot,Joe Johnson,,,,,,,,,Josh Smith,2,,,made,,jump,8,18
Al Horford,Jamal Crawford,Joe Johnson,Josh Smith,Marvin Williams,Andre Iguodala,Jason Kapono,Rodney Carney,Samuel Dalembert,Thaddeus Young,4,3:50,ATL,foul,,,,,,,,Andre Iguodala,,Joe Johnson,,,,,,personal,,
Al Horford,Jamal Crawford,Josh Smith,Marvin Williams,Mike Bibby,Andre Iguodala,Jason Kapono,Rodney Carney,Samuel Dalembert,Thaddeus Young,4,3:50,ATL,sub,,,,Mike Bibby,,Joe Johnson,,,,,,,,,,,,
Al Horford,Jamal Crawford,Josh Smith,Marvin Williams,Mike Bibby,Andre Iguodala,Jason Kapono,Rodney Carney,Samuel Dalembert,Thaddeus Young,4,3:46,ATL,foul,,,,,,,,Andre Iguodala,,Josh Smith,,,,,,personal,,
Al Horford,Jamal Crawford,Josh Smith,Marvin Williams,Mike Bibby,Andre Iguodala,Jason Kapono,Rodney Carney,Samuel Dalembert,Thaddeus Young,4,3:42,PHI,turnover,,,,,,,,,,Jason Kapono,,,poss lost ball turnover,,,,,
Al Horford,Jamal Crawford,Josh Smith,Marvin Williams,Mike Bibby,Andre Iguodala,Jason Kapono,Rodney Carney,Samuel Dalembert,Thaddeus Young,4,3:19,ATL,shot,,,,,,,,,,Josh Smith,,,,missed,,jump,41,12
Al Horford,Jamal Crawford,Josh Smith,Marvin Williams,Mike Bibby,Andre Iguodala,Jason Kapono,Rodney Carney,Samuel Dalembert,Thaddeus Young,4,3:17,PHI,rebound,,,,,,,,,,Andre Iguodala,,,,,,def,,
Al Horford,Jamal Crawford,Josh Smith,Marvin Williams,Mike Bibby,Andre Iguodala,Jason Kapono,Rodney Carney,Samuel Dalembert,Thaddeus Young,4,3:07,PHI,turnover,,,,,,,,,,Jason Kapono,,,bad pass,,Marvin Williams,,,
Al Horford,Jamal Crawford,Josh Smith,Marvin Williams,Mike Bibby,Andre Iguodala,Jason Kapono,Rodney Carney,Samuel Dalembert,Thaddeus Young,4,2:52,PHI,foul,,,,,,,,Josh Smith,,Samuel Dalembert,,,,,,personal,,
Al Horford,Jamal Crawford,Josh Smith,Marvin Williams,Mike Bibby,Andre Iguodala,Jason Kapono,Rodney Carney,Samuel Dalembert,Thaddeus Young,4,2:52,PHI,timeout,,,,,,,,,,,,,,,,regular,,
Al Horford,Jamal Crawford,Josh Smith,Marvin Williams,Mike Bibby,Andre Iguodala,Jason Kapono,Jrue Holiday,Samuel Dalembert,Thaddeus Young,4,2:52,PHI,sub,,,,Jrue Holiday,,Rodney Carney,,,,,,,,,,,,
Al Horford,Jamal Crawford,Josh Smith,Marvin Williams,Mike Bibby,Andre Iguodala,Jason Kapono,Jrue Holiday,Samuel Dalembert,Thaddeus Young,4,2:43,ATL,shot,,,,,,,,,,Mike Bibby,,,,missed,,3pt,2,4
Al Horford,Jamal Crawford,Josh Smith,Marvin Williams,Mike Bibby,Andre Iguodala,Jason Kapono,Jrue Holiday,Samuel Dalembert,Thaddeus Young,4,2:41,ATL,rebound,,,,,,,,,,Jamal Crawford,,,,,,off,,
Al Horford,Jamal Crawford,Josh Smith,Marvin Williams,Mike Bibby,Andre Iguodala,Jason Kapono,Jrue Holiday,Samuel Dalembert,Thaddeus Young,4,2:21,PHI,foul,,,,,,,,Jamal Crawford,,Jrue Holiday,,,,,,shooting,,
Al Horford,Jamal Crawford,Josh Smith,Marvin Williams,Mike Bibby,Andre Iguodala,Jason Kapono,Jrue Holiday,Samuel Dalembert,Thaddeus Young,4,2:21,ATL,free throw,,,,,,,1,,2,Jamal Crawford,,,foul,made,,,,
Al Horford,Jamal Crawford,Josh Smith,Marvin Williams,Mike Bibby,Andre Iguodala,Jason Kapono,Jrue Holiday,Samuel Dalembert,Thaddeus Young,4,2:21,ATL,free throw,,,,,,,2,,2,Jamal Crawford,,,foul,made,,,,
Al Horford,Jamal Crawford,Josh Smith,Marvin Williams,Mike Bibby,Andre Iguodala,Jason Kapono,Jrue Holiday,Samuel Dalembert,Thaddeus Young,4,2:01,PHI,shot,Samuel Dalembert,,,,,,,,,Andre Iguodala,2,,,made,,driving slam dunk,25,6
Al Horford,Jamal Crawford,Josh Smith,Marvin Williams,Mike Bibby,Andre Iguodala,Jason Kapono,Jrue Holiday,Samuel Dalembert,Thaddeus Young,4,1:36,ATL,shot,Jamal Crawford,,,,,,,,,Mike Bibby,3,,,made,,3pt,41,30
Al Horford,Jamal Crawford,Josh Smith,Marvin Williams,Mike Bibby,Andre Iguodala,Jason Kapono,Jrue Holiday,Samuel Dalembert,Thaddeus Young,4,1:27,PHI,shot,,,,,,,,,,Jrue Holiday,2,,,made,,jump,44,17
Al Horford,Jamal Crawford,Josh Smith,Marvin Williams,Mike Bibby,Andre Iguodala,Jason Kapono,Jrue Holiday,Samuel Dalembert,Thaddeus Young,4,1:16,PHI,violation,,,,,,,,,,Andre Iguodala,,,,,,kicked ball,,
Al Horford,Jamal Crawford,Josh Smith,Marvin Williams,Mike Bibby,Andre Iguodala,Jason Kapono,Jrue Holiday,Samuel Dalembert,Thaddeus Young,4,1:03,ATL,shot,,,,,,,,,,Mike Bibby,,,,missed,,jump,12,19
Al Horford,Jamal Crawford,Josh Smith,Marvin Williams,Mike Bibby,Andre Iguodala,Jason Kapono,Jrue Holiday,Samuel Dalembert,Thaddeus Young,4,1:01,PHI,rebound,,,,,,,,,,Thaddeus Young,,,,,,def,,
Al Horford,Jamal Crawford,Josh Smith,Marvin Williams,Mike Bibby,Andre Iguodala,Jason Kapono,Jrue Holiday,Samuel Dalembert,Thaddeus Young,4,0:55,PHI,shot,,,,,,,,,,Andre Iguodala,,,,missed,,3pt,39,26
Al Horford,Jamal Crawford,Josh Smith,Marvin Williams,Mike Bibby,Andre Iguodala,Jason Kapono,Jrue Holiday,Samuel Dalembert,Thaddeus Young,4,0:53,ATL,rebound,,,,,,,,,,Al Horford,,,,,,def,,
Al Horford,Jamal Crawford,Josh Smith,Marvin Williams,Mike Bibby,Andre Iguodala,Jason Kapono,Jrue Holiday,Samuel Dalembert,Thaddeus Young,4,0:32,ATL,shot,,,,,,,,,,Jamal Crawford,3,,,made,,3pt,23,34
Al Horford,Jamal Crawford,Josh Smith,Marvin Williams,Mike Bibby,Andre Iguodala,Jason Kapono,Jrue Holiday,Samuel Dalembert,Thaddeus Young,4,0:24,PHI,shot,,,,,,,,,,Jrue Holiday,,,,missed,,jump,44,16
Al Horford,Jamal Crawford,Josh Smith,Marvin Williams,Mike Bibby,Andre Iguodala,Jason Kapono,Jrue Holiday,Samuel Dalembert,Thaddeus Young,4,0:22,ATL,rebound,,,,,,,,,,Josh Smith,,,,,,def,,
