a1,a2,a3,a4,a5,h1,h2,h3,h4,h5,period,time,team,etype,assist,away,block,entered,home,left,num,opponent,outof,player,points,possession,reason,result,steal,type,x,y
Al Horford,Joe Johnson,Josh Smith,Marvin Williams,Mike Bibby,Chris Duhon,Danilo Gallinari,David Lee,Toney Douglas,Wilson Chandler,1,12:00,OFF,jump ball,,Josh Smith,,,David Lee,,,,,,,Mike Bibby,,,,,,
Al Horford,Joe Johnson,Josh Smith,Marvin Williams,Mike Bibby,Chris Duhon,Danilo Gallinari,David Lee,Toney Douglas,Wilson Chandler,1,11:40,ATL,shot,,,,,,,,,,Joe Johnson,,,,missed,,jump,24,19
Al Horford,Joe Johnson,Josh Smith,Marvin Williams,Mike Bibby,Chris Duhon,Danilo Gallinari,David Lee,Toney Douglas,Wilson Chandler,1,11:39,NYK,rebound,,,,,,,,,,Toney Douglas,,,,,,def,,
Al Horford,Joe Johnson,Josh Smith,Marvin Williams,Mike Bibby,Chris Duhon,Danilo Gallinari,David Lee,Toney Douglas,Wilson Chandler,1,11:26,NYK,turnover,,,,,,,,,,Chris Duhon,,,bad pass,,Josh Smith,,,
Al Horford,Joe Johnson,Josh Smith,Marvin Williams,Mike Bibby,Chris Duhon,Danilo Gallinari,David Lee,Toney Douglas,Wilson Chandler,1,11:21,ATL,shot,,,,,,,,,,Josh Smith,2,,,made,,dunk,25,6
Al Horford,Joe Johnson,Josh Smith,Marvin Williams,Mike Bibby,Chris Duhon,Danilo Gallinari,David Lee,Toney Douglas,Wilson Chandler,1,11:11,NYK,turnover,,,,,,,,,,David Lee,,,bad pass,,,,,
Al Horford,Joe Johnson,Josh Smith,Marvin Williams,Mike Bibby,Chris Duhon,Danilo Gallinari,David Lee,Toney Douglas,Wilson Chandler,1,10:47,ATL,shot,,,,,,,,,,Joe Johnson,,,,missed,,layup,25,6
Al Horford,Joe Johnson,Josh Smith,Marvin Williams,Mike Bibby,Chris Duhon,Danilo Gallinari,David Lee,Toney Douglas,Wilson Chandler,1,10:46,NYK,rebound,,,,,,,,,,David Lee,,,,,,def,,
Al Horford,Joe Johnson,Josh Smith,Marvin Williams,Mike Bibby,Chris Duhon,Danilo Gallinari,David Lee,Toney Douglas,Wilson Chandler,1,10:36,NYK,shot,Danilo Gallinari,,,,,,,,,Toney Douglas,3,,,made,,3pt,8,24
Al Horford,Joe Johnson,Josh Smith,Marvin Williams,Mike Bibby,Chris Duhon,Danilo Gallinari,David Lee,Toney Douglas,Wilson Chandler,1,10:22,ATL,shot,,,,,,,,,,Josh Smith,2,,,made,,turnaround jump,21,12
Al Horford,Joe Johnson,Josh Smith,Marvin Williams,Mike Bibby,Chris Duhon,Danilo Gallinari,David Lee,Toney Douglas,Wilson Chandler,1,10:22,NYK,foul,,,,,,,,Josh Smith,,Wilson Chandler,,,,,,shooting,,
Al Horford,Joe Johnson,Josh Smith,Marvin Williams,Mike Bibby,Chris Duhon,Danilo Gallinari,David Lee,Toney Douglas,Wilson Chandler,1,10:22,ATL,free throw,,,,,,,1,,1,Josh Smith,,,foul,made,,,,
Al Horford,Joe Johnson,Josh Smith,Marvin Williams,Mike Bibby,Chris Duhon,Danilo Gallinari,David Lee,Toney Douglas,Wilson Chandler,1,10:10,NYK,turnover,,,,,,,,,,Chris Duhon,,,bad pass,,Al Horford,,,
Al Horford,Joe Johnson,Josh Smith,Marvin Williams,Mike Bibby,Chris Duhon,Danilo Gallinari,David Lee,Toney Douglas,Wilson Chandler,1,10:01,ATL,shot,,,,,,,,,,Marvin Williams,,,,missed,,layup,25,6
Al Horford,Joe Johnson,Josh Smith,Marvin Williams,Mike Bibby,Chris Duhon,Danilo Gallinari,David Lee,Toney Douglas,Wilson Chandler,1,10:00,ATL,rebound,,,,,,,,,,Al Horford,,,,,,off,,
Al Horford,Joe Johnson,Josh Smith,Marvin Williams,Mike Bibby,Chris Duhon,Danilo Gallinari,David Lee,Toney Douglas,Wilson Chandler,1,10:00,ATL,shot,,,,,,,,,,Al Horford,,,,missed,,tip,25,6
Al Horford,Joe Johnson,Josh Smith,Marvin Williams,Mike Bibby,Chris Duhon,Danilo Gallinari,David Lee,Toney Douglas,Wilson Chandler,1,9:57,NYK,rebound,,,,,,,,,,Toney Douglas,,,,,,def,,
Al Horford,Joe Johnson,Josh Smith,Marvin Williams,Mike Bibby,Chris Duhon,Danilo Gallinari,David Lee,Toney Douglas,Wilson Chandler,1,9:47,NYK,shot,,,,,,,,,,Toney Douglas,2,,,made,,jump,13,21
Al Horford,Joe Johnson,Josh Smith,Marvin Williams,Mike Bibby,Chris Duhon,Danilo Gallinari,David Lee,Toney Douglas,Wilson Chandler,1,9:32,ATL,shot,,,,,,,,,,Mike Bibby,,,,missed,,alley oop layup,25,6
Al Horford,Joe Johnson,Josh Smith,Marvin Williams,Mike Bibby,Chris Duhon,Danilo Gallinari,David Lee,Toney Douglas,Wilson Chandler,1,9:31,NYK,rebound,,,,,,,,,,Danilo Gallinari,,,,,,def,,
Al Horford,Joe Johnson,Josh Smith,Marvin Williams,Mike Bibby,Chris Duhon,Danilo Gallinari,David Lee,Toney Douglas,Wilson Chandler,1,9:16,NYK,shot,,,,,,,,,,Wilson Chandler,,,,missed,,3pt,48,8
Al Horford,Joe Johnson,Josh Smith,Marvin Williams,Mike Bibby,Chris Duhon,Danilo Gallinari,David Lee,Toney Douglas,Wilson Chandler,1,9:15,ATL,rebound,,,,,,,,,,Al Horford,,,,,,def,,
Al Horford,Joe Johnson,Josh Smith,Marvin Williams,Mike Bibby,Chris Duhon,Danilo Gallinari,David Lee,Toney Douglas,Wilson Chandler,1,9:07,ATL,shot,,,,,,,,,,Mike Bibby,2,,,made,,jump,8,18
Al Horford,Joe Johnson,Josh Smith,Marvin Williams,Mike Bibby,Chris Duhon,Danilo Gallinari,David Lee,Toney Douglas,Wilson Chandler,1,8:55,NYK,shot,Chris Duhon,,,,,,,,,Danilo Gallinari,3,,,made,,3pt,30,31
Al Horford,Joe Johnson,Josh Smith,Marvin Williams,Mike Bibby,Chris Duhon,Danilo Gallinari,David Lee,Toney Douglas,Wilson Chandler,1,8:33,ATL,shot,,,,,,,,,,Al Horford,,,,missed,,running hook,25,14
Al Horford,Joe Johnson,Josh Smith,Marvin Williams,Mike Bibby,Chris Duhon,Danilo Gallinari,David Lee,Toney Douglas,Wilson Chandler,1,8:31,NYK,rebound,,,,,,,,,,Chris Duhon,,,,,,def,,
Al Horford,Joe Johnson,Josh Smith,Marvin Williams,Mike Bibby,Chris Duhon,Danilo Gallinari,David Lee,Toney Douglas,Wilson Chandler,1,8:20,NYK,shot,,,,,,,,,,Chris Duhon,,,,missed,,jump,11,19
Al Horford,Joe Johnson,Josh Smith,Marvin Williams,Mike Bibby,Chris Duhon,Danilo Gallinari,David Lee,Toney Douglas,Wilson Chandler,1,8:19,ATL,rebound,,,,,,,,,,Marvin Williams,,,,,,def,,
Al Horford,Joe Johnson,Josh Smith,Marvin Williams,Mike Bibby,Chris Duhon,Danilo Gallinari,David Lee,Toney Douglas,Wilson Chandler,1,8:03,ATL,turnover,,,,,,,,,,Joe Johnson,,,bad pass,,Danilo Gallinari,,,
Al Horford,Joe Johnson,Josh Smith,Marvin Williams,Mike Bibby,Chris Duhon,Danilo Gallinari,David Lee,Toney Douglas,Wilson Chandler,1,7:59,NYK,shot,,,,,,,,,,Danilo Gallinari,2,,,made,,running dunk,25,6
Al Horford,Joe Johnson,Josh Smith,Marvin Williams,Mike Bibby,Chris Duhon,Danilo Gallinari,David Lee,Toney Douglas,Wilson Chandler,1,7:37,ATL,shot,,,,,,,,,,Al Horford,,,,missed,,jump hook,17,9
Al Horford,Joe Johnson,Josh Smith,Marvin Williams,Mike Bibby,Chris Duhon,Danilo Gallinari,David Lee,Toney Douglas,Wilson Chandler,1,7:35,NYK,rebound,,,,,,,,,,Danilo Gallinari,,,,,,def,,
Al Horford,Joe Johnson,Josh Smith,Marvin Williams,Mike Bibby,Chris Duhon,Danilo Gallinari,David Lee,Toney Douglas,Wilson Chandler,1,7:24,NYK,shot,,,,,,,,,,David Lee,2,,,made,,jump,31,20
Al Horford,Joe Johnson,Josh Smith,Marvin Williams,Mike Bibby,Chris Duhon,Danilo Gallinari,David Lee,Toney Douglas,Wilson Chandler,1,7:08,NYK,foul,,,,,,,,Mike Bibby,,Toney Douglas,,,,,,personal,,
Al Horford,Joe Johnson,Josh Smith,Marvin Williams,Mike Bibby,Chris Duhon,Danilo Gallinari,David Lee,Toney Douglas,Wilson Chandler,1,6:57,ATL,shot,,,,,,,,,,Marvin Williams,,,,missed,,3pt,1,12
Al Horford,Joe Johnson,Josh Smith,Marvin Williams,Mike Bibby,Chris Duhon,Danilo Gallinari,David Lee,Toney Douglas,Wilson Chandler,1,6:56,NYK,rebound,,,,,,,,,,,,,,,,,,
Al Horford,Joe Johnson,Josh Smith,Marvin Williams,Mike Bibby,Chris Duhon,Danilo Gallinari,David Lee,Toney Douglas,Wilson Chandler,1,6:34,NYK,turnover,,,,,,,,,,Toney Douglas,,,bad pass,,,,,
Al Horford,Joe Johnson,Josh Smith,Marvin Williams,Mike Bibby,Chris Duhon,Danilo Gallinari,David Lee,Toney Douglas,Wilson Chandler,1,6:13,ATL,shot,,,,,,,,,,Josh Smith,,,,missed,,layup,25,6
Al Horford,Joe Johnson,Josh Smith,Marvin Williams,Mike Bibby,Chris Duhon,Danilo Gallinari,David Lee,Toney Douglas,Wilson Chandler,1,6:12,NYK,rebound,,,,,,,,,,Danilo Gallinari,,,,,,def,,
Al Horford,Joe Johnson,Josh Smith,Marvin Williams,Mike Bibby,Chris Duhon,Danilo Gallinari,David Lee,Toney Douglas,Wilson Chandler,1,6:11,ATL,foul,,,,,,,,Danilo Gallinari,,Josh Smith,,,,,,personal,,
Al Horford,Joe Johnson,Josh Smith,Marvin Williams,Mike Bibby,Chris Duhon,Danilo Gallinari,David Lee,Toney Douglas,Wilson Chandler,1,6:00,NYK,shot,,,,,,,,,,David Lee,2,,,made,,driving layup,25,6
Al Horford,Joe Johnson,Josh Smith,Marvin Williams,Mike Bibby,Chris Duhon,Danilo Gallinari,David Lee,Toney Douglas,Wilson Chandler,1,5:53,NYK,foul,,,,,,,,Mike Bibby,,Toney Douglas,,,,,,personal,,
Al Horford,Joe Johnson,Josh Smith,Marvin Williams,Mike Bibby,Chris Duhon,Danilo Gallinari,David Lee,Toney Douglas,Wilson Chandler,1,5:53,NYK,timeout,,,,,,,,,,,,,,,,regular,,
Al Horford,Joe Johnson,Josh Smith,Marvin Williams,Mike Bibby,Al Harrington,Chris Duhon,David Lee,Toney Douglas,Wilson Chandler,1,5:53,NYK,sub,,,,Al Harrington,,Danilo Gallinari,,,,,,,,,,,,
Al Horford,Joe Johnson,Josh Smith,Marvin Williams,Mike Bibby,Al Harrington,Chris Duhon,David Lee,Larry Hughes,Wilson Chandler,1,5:53,NYK,sub,,,,Larry Hughes,,Toney Douglas,,,,,,,,,,,,
Al Horford,Joe Johnson,Josh Smith,Marvin Williams,Mike Bibby,Al Harrington,Chris Duhon,David Lee,Larry Hughes,Wilson Chandler,1,5:49,ATL,shot,,,,,,,,,,Joe Johnson,,,,missed,,running hook,21,12
Al Horford,Joe Johnson,Josh Smith,Marvin Williams,Mike Bibby,Al Harrington,Chris Duhon,David Lee,Larry Hughes,Wilson Chandler,1,5:48,ATL,rebound,,,,,,,,,,Josh Smith,,,,,,off,,
Al Horford,Joe Johnson,Josh Smith,Marvin Williams,Mike Bibby,Al Harrington,Chris Duhon,David Lee,Larry Hughes,Wilson Chandler,1,5:48,NYK,foul,,,,,,,,Josh Smith,,Al Harrington,,,,,,personal,,
Al Horford,Joe Johnson,Josh Smith,Marvin Williams,Mike Bibby,Al Harrington,Chris Duhon,David Lee,Larry Hughes,Wilson Chandler,1,5:39,ATL,shot,Joe Johnson,,,,,,,,,Mike Bibby,3,,,made,,3pt,2,6
Al Horford,Joe Johnson,Josh Smith,Marvin Williams,Mike Bibby,Al Harrington,Chris Duhon,David Lee,Larry Hughes,Wilson Chandler,1,5:18,NYK,shot,,,,,,,,,,Wilson Chandler,,,,missed,,jump,41,11
Al Horford,Joe Johnson,Josh Smith,Marvin Williams,Mike Bibby,Al Harrington,Chris Duhon,David Lee,Larry Hughes,Wilson Chandler,1,5:17,NYK,rebound,,,,,,,,,,Al Harrington,,,,,,off,,
Al Horford,Joe Johnson,Josh Smith,Marvin Williams,Mike Bibby,Al Harrington,Chris Duhon,David Lee,Larry Hughes,Wilson Chandler,1,5:11,NYK,shot,,,,,,,,,,Larry Hughes,,,,missed,,3pt,8,25
Al Horford,Joe Johnson,Josh Smith,Marvin Williams,Mike Bibby,Al Harrington,Chris Duhon,David Lee,Larry Hughes,Wilson Chandler,1,5:10,ATL,rebound,,,,,,,,,,Marvin Williams,,,,,,def,,
Al Horford,Joe Johnson,Josh Smith,Marvin Williams,Mike Bibby,Al Harrington,Chris Duhon,David Lee,Larry Hughes,Wilson Chandler,1,4:58,ATL,shot,,,,,,,,,,Josh Smith,2,,,made,,driving layup,25,6
Al Horford,Joe Johnson,Josh Smith,Marvin Williams,Mike Bibby,Al Harrington,Chris Duhon,David Lee,Larry Hughes,Wilson Chandler,1,4:31,NYK,shot,,,,,,,,,,Al Harrington,2,,,made,,fade away jumper,17,19
Al Horford,Joe Johnson,Josh Smith,Marvin Williams,Mike Bibby,Al Harrington,Chris Duhon,David Lee,Larry Hughes,Wilson Chandler,1,4:09,NYK,foul,,,,,,,,Joe Johnson,,Larry Hughes,,,,,,personal,,
Al Horford,Jamal Crawford,Joe Johnson,Josh Smith,Mike Bibby,Al Harrington,Chris Duhon,David Lee,Larry Hughes,Wilson Chandler,1,4:09,ATL,sub,,,,Jamal Crawford,,Marvin Williams,,,,,,,,,,,,
Al Horford,Jamal Crawford,Joe Johnson,Josh Smith,Mike Bibby,Al Harrington,Chris Duhon,Jared Jeffries,Larry Hughes,Wilson Chandler,1,4:09,NYK,sub,,,,Jared Jeffries,,David Lee,,,,,,,,,,,,
Al Horford,Jamal Crawford,Joe Johnson,Josh Smith,Mike Bibby,Al Harrington,Chris Duhon,Jared Jeffries,Larry Hughes,Wilson Chandler,1,4:09,ATL,free throw,,,,,,,1,,2,Joe Johnson,,,foul,made,,,,
Al Horford,Jamal Crawford,Joe Johnson,Josh Smith,Mike Bibby,Al Harrington,Chris Duhon,Jared Jeffries,Larry Hughes,Wilson Chandler,1,4:09,ATL,free throw,,,,,,,2,,2,Joe Johnson,,,foul,made,,,,
Al Horford,Jamal Crawford,Joe Johnson,Josh Smith,Mike Bibby,Al Harrington,Chris Duhon,Jared Jeffries,Larry Hughes,Wilson Chandler,1,3:51,NYK,turnover,,,,,,,,,,Chris Duhon,,,bad pass,,Mike Bibby,,,
Al Horford,Jamal Crawford,Joe Johnson,Josh Smith,Mike Bibby,Al Harrington,Chris Duhon,Jared Jeffries,Larry Hughes,Wilson Chandler,1,3:29,ATL,shot,,,,,,,,,,Joe Johnson,,,,missed,,jump,45,6
Al Horford,Jamal Crawford,Joe Johnson,Josh Smith,Mike Bibby,Al Harrington,Chris Duhon,Jared Jeffries,Larry Hughes,Wilson Chandler,1,3:28,ATL,rebound,,,,,,,,,,Al Horford,,,,,,off,,
Al Horford,Jamal Crawford,Joe Johnson,Josh Smith,Mike Bibby,Al Harrington,Chris Duhon,Jared Jeffries,Larry Hughes,Wilson Chandler,1,3:27,ATL,shot,,,,,,,,,,Al Horford,2,,,made,,jump,27,14
Al Horford,Jamal Crawford,Joe Johnson,Josh Smith,Mike Bibby,Al Harrington,Chris Duhon,Jared Jeffries,Larry Hughes,Wilson Chandler,1,3:19,ATL,foul,,,,,,,,Larry Hughes,,Joe Johnson,,,,,,personal,,
Al Horford,Jamal Crawford,Joe Johnson,Josh Smith,Mike Bibby,Al Harrington,Chris Duhon,Jared Jeffries,Larry Hughes,Wilson Chandler,1,3:04,NYK,shot,,,Josh Smith,,,,,,,Al Harrington,,,,missed,,layup,25,6
Al Horford,Jamal Crawford,Joe Johnson,Josh Smith,Mike Bibby,Al Harrington,Chris Duhon,Jared Jeffries,Larry Hughes,Wilson Chandler,1,3:03,NYK,rebound,,,,,,,,,,Al Harrington,,,,,,off,,
Al Horford,Jamal Crawford,Joe Johnson,Josh Smith,Mike Bibby,Al Harrington,Chris Duhon,Jared Jeffries,Larry Hughes,Wilson Chandler,1,3:02,NYK,shot,,,,,,,,,,Al Harrington,,,,missed,,layup,25,6
Al Horford,Jamal Crawford,Joe Johnson,Josh Smith,Mike Bibby,Al Harrington,Chris Duhon,Jared Jeffries,Larry Hughes,Wilson Chandler,1,3:01,NYK,rebound,,,,,,,,,,Jared Jeffries,,,,,,off,,
Al Horford,Jamal Crawford,Joe Johnson,Josh Smith,Mike Bibby,Al Harrington,Chris Duhon,Jared Jeffries,Larry Hughes,Wilson Chandler,1,3:00,NYK,turnover,,,,,,,,,,Jared Jeffries,,,bad pass,,,,,
Al Horford,Jamal Crawford,Joe Johnson,Josh Smith,Mike Bibby,Al Harrington,Chris Duhon,Jared Jeffries,Larry Hughes,Wilson Chandler,1,3:00,ATL,timeout,,,,,,,,,,,,,,,,regular,,
Al Horford,Jamal Crawford,Joe Johnson,Josh Smith,Mike Bibby,Al Harrington,Chris Duhon,Danilo Gallinari,Jared Jeffries,Larry Hughes,1,3:00,NYK,sub,,,,Danilo Gallinari,,Wilson Chandler,,,,,,,,,,,,
Al Horford,Jamal Crawford,Joe Johnson,Josh Smith,Mike Bibby,Al Harrington,Danilo Gallinari,Jared Jeffries,Larry Hughes,Toney Douglas,1,3:00,NYK,sub,,,,Toney Douglas,,Chris Duhon,,,,,,,,,,,,
Al Horford,Jamal Crawford,Joe Johnson,Josh Smith,Mike Bibby,Al Harrington,Danilo Gallinari,Jared Jeffries,Larry Hughes,Toney Douglas,1,2:50,ATL,shot,,,Jared Jeffries,,,,,,,Al Horford,,,,missed,,hook,18,9
Al Horford,Jamal Crawford,Joe Johnson,Josh Smith,Mike Bibby,Al Harrington,Danilo Gallinari,Jared Jeffries,Larry Hughes,Toney Douglas,1,2:47,NYK,rebound,,,,,,,,,,Al Harrington,,,,,,def,,
Al Horford,Jamal Crawford,Joe Johnson,Josh Smith,Mike Bibby,Al Harrington,Danilo Gallinari,Jared Jeffries,Larry Hughes,Toney Douglas,1,2:31,NYK,shot,Al Harrington,,,,,,,,,Larry Hughes,2,,,made,,jump,31,22
Al Horford,Jamal Crawford,Joe Johnson,Josh Smith,Mike Bibby,Al Harrington,Danilo Gallinari,Jared Jeffries,Larry Hughes,Toney Douglas,1,2:15,ATL,turnover,,,,,,,,,,Mike Bibby,,,bad pass,,Jared Jeffries,,,
Al Horford,Jamal Crawford,Joe Johnson,Josh Smith,Mike Bibby,Al Harrington,Danilo Gallinari,Jared Jeffries,Larry Hughes,Toney Douglas,1,2:05,NYK,shot,,,,,,,,,,Danilo Gallinari,,,,missed,,3pt,7,24
Al Horford,Jamal Crawford,Joe Johnson,Josh Smith,Mike Bibby,Al Harrington,Danilo Gallinari,Jared Jeffries,Larry Hughes,Toney Douglas,1,2:03,ATL,rebound,,,,,,,,,,Josh Smith,,,,,,def,,
Al Horford,Jamal Crawford,Joe Johnson,Josh Smith,Mike Bibby,Al Harrington,Danilo Gallinari,Jared Jeffries,Larry Hughes,Toney Douglas,1,1:58,ATL,shot,Josh Smith,,,,,,,,,Jamal Crawford,2,,,made,,jump,12,18
Al Horford,Jamal Crawford,Joe Johnson,Josh Smith,Mike Bibby,Al Harrington,Danilo Gallinari,Jared Jeffries,Larry Hughes,Toney Douglas,1,1:42,NYK,shot,,,,,,,,,,Larry Hughes,2,,,made,,jump,5,12
Al Horford,Jamal Crawford,Joe Johnson,Josh Smith,Mike Bibby,Al Harrington,Danilo Gallinari,Jared Jeffries,Larry Hughes,Toney Douglas,1,1:24,ATL,shot,,,,,,,,,,Jamal Crawford,,,,missed,,3pt,11,27
Al Horford,Jamal Crawford,Joe Johnson,Josh Smith,Mike Bibby,Al Harrington,Danilo Gallinari,Jared Jeffries,Larry Hughes,Toney Douglas,1,1:23,NYK,rebound,,,,,,,,,,Al Harrington,,,,,,def,,
Al Horford,Jamal Crawford,Joe Johnson,Josh Smith,Mike Bibby,Al Harrington,Danilo Gallinari,Jared Jeffries,Larry Hughes,Toney Douglas,1,1:12,NYK,shot,Larry Hughes,,,,,,,,,Jared Jeffries,2,,,made,,layup,25,6
Al Horford,Jamal Crawford,Joe Johnson,Josh Smith,Mike Bibby,Al Harrington,Danilo Gallinari,Jared Jeffries,Larry Hughes,Toney Douglas,1,0:52,ATL,turnover,,,,,,,,,,Al Horford,,,out of bounds lost ball turnover,,,,,
Al Horford,Jamal Crawford,Joe Johnson,Josh Smith,Maurice Evans,Al Harrington,Danilo Gallinari,Jared Jeffries,Larry Hughes,Toney Douglas,1,0:52,ATL,sub,,,,Maurice Evans,,Mike Bibby,,,,,,,,,,,,
Al Horford,Jamal Crawford,Joe Johnson,Josh Smith,Maurice Evans,Al Harrington,Danilo Gallinari,Jared Jeffries,Larry Hughes,Toney Douglas,1,0:38,NYK,shot,,,,,,,,,,Toney Douglas,,,,missed,,3pt,41,26
Al Horford,Jamal Crawford,Joe Johnson,Josh Smith,Maurice Evans,Al Harrington,Danilo Gallinari,Jared Jeffries,Larry Hughes,Toney Douglas,1,0:37,ATL,rebound,,,,,,,,,,Josh Smith,,,,,,def,,
Al Horford,Jamal Crawford,Joe Johnson,Josh Smith,Maurice Evans,Al Harrington,Danilo Gallinari,Jared Jeffries,Larry Hughes,Toney Douglas,1,0:34,ATL,shot,Josh Smith,,,,,,,,,Maurice Evans,2,,,made,,driving dunk,25,6
Al Horford,Jamal Crawford,Joe Johnson,Josh Smith,Maurice Evans,Al Harrington,Danilo Gallinari,Jared Jeffries,Larry Hughes,Toney Douglas,1,0:15,NYK,shot,,,,,,,,,,Al Harrington,2,,,made,,running jump,21,11
Al Horford,Jamal Crawford,Joe Johnson,Josh Smith,Maurice Evans,Al Harrington,Danilo Gallinari,Jared Jeffries,Larry Hughes,Toney Douglas,1,0:15,ATL,foul,,,,,,,,Al Harrington,,Jamal Crawford,,,,,,shooting,,
Al Horford,Jamal Crawford,Joe Johnson,Josh Smith,Maurice Evans,Al Harrington,Danilo Gallinari,Jared Jeffries,Larry Hughes,Toney Douglas,1,0:15,NYK,free throw,,,,,,,1,,1,Al Harrington,,,foul,made,,,,
Al Horford,Jamal Crawford,Joe Johnson,Josh Smith,Maurice Evans,Al Harrington,Danilo Gallinari,Jared Jeffries,Larry Hughes,Toney Douglas,1,0:04,ATL,shot,Jamal Crawford,,,,,,,,,Maurice Evans,3,,,made,,3pt,49,14
Jamal Crawford,Josh Smith,Marvin Williams,Maurice Evans,Zaza Pachulia,Al Harrington,Danilo Gallinari,Jared Jeffries,Larry Hughes,Toney Douglas,2,11:40,NYK,turnover,,,,,,,,,,Jared Jeffries,,,bad pass,,Maurice Evans,,,
Jamal Crawford,Josh Smith,Marvin Williams,Maurice Evans,Zaza Pachulia,Al Harrington,Danilo Gallinari,Jared Jeffries,Larry Hughes,Toney Douglas,2,11:36,NYK,foul,,,,,,,,Josh Smith,,Danilo Gallinari,,,,,,personal,,
Jamal Crawford,Josh Smith,Marvin Williams,Maurice Evans,Zaza Pachulia,Al Harrington,Danilo Gallinari,Jared Jeffries,Larry Hughes,Toney Douglas,2,11:18,ATL,shot,,,,,,,,,,Marvin Williams,2,,,made,,driving finger roll layup,25,6
Jamal Crawford,Josh Smith,Marvin Williams,Maurice Evans,Zaza Pachulia,Al Harrington,Danilo Gallinari,Jared Jeffries,Larry Hughes,Toney Douglas,2,11:09,NYK,shot,,,,,,,,,,Larry Hughes,2,,,made,,running jump,24,13
Jamal Crawford,Josh Smith,Marvin Williams,Maurice Evans,Zaza Pachulia,Al Harrington,Danilo Gallinari,Jared Jeffries,Larry Hughes,Toney Douglas,2,10:53,ATL,foul,,,,,,,,Jared Jeffries,,Marvin Williams,,,,,,offensive,,
Jamal Crawford,Josh Smith,Marvin Williams,Maurice Evans,Zaza Pachulia,Al Harrington,Danilo Gallinari,Jared Jeffries,Larry Hughes,Toney Douglas,2,10:53,ATL,turnover,,,,,,,,,,Marvin Williams,,,foul,,,,,
Jamal Crawford,Josh Smith,Marvin Williams,Maurice Evans,Zaza Pachulia,Al Harrington,Danilo Gallinari,Jared Jeffries,Larry Hughes,Toney Douglas,2,10:46,NYK,shot,,,,,,,,,,Larry Hughes,2,,,made,,driving reverse layup,25,6
Jamal Crawford,Josh Smith,Marvin Williams,Maurice Evans,Zaza Pachulia,Al Harrington,Danilo Gallinari,Jared Jeffries,Larry Hughes,Toney Douglas,2,10:46,ATL,foul,,,,,,,,Larry Hughes,,Jamal Crawford,,,,,,shooting,,
Jamal Crawford,Josh Smith,Marvin Williams,Maurice Evans,Zaza Pachulia,Al Harrington,Danilo Gallinari,Jared Jeffries,Larry Hughes,Toney Douglas,2,10:46,NYK,free throw,,,,,,,1,,1,Larry Hughes,,,foul,missed,,,,
Jamal Crawford,Josh Smith,Marvin Williams,Maurice Evans,Zaza Pachulia,Al Harrington,Danilo Gallinari,Jared Jeffries,Larry Hughes,Toney Douglas,2,10:44,ATL,rebound,,,,,,,,,,Marvin Williams,,,,,,def,,
Jamal Crawford,Josh Smith,Marvin Williams,Maurice Evans,Zaza Pachulia,Al Harrington,Danilo Gallinari,Jared Jeffries,Larry Hughes,Toney Douglas,2,10:27,ATL,shot,,,,,,,,,,Zaza Pachulia,2,,,made,,jump hook,32,9
Jamal Crawford,Josh Smith,Marvin Williams,Maurice Evans,Zaza Pachulia,Al Harrington,Danilo Gallinari,Jared Jeffries,Larry Hughes,Toney Douglas,2,10:13,NYK,shot,,,,,,,,,,Al Harrington,2,,,made,,driving layup,25,6
Jamal Crawford,Josh Smith,Marvin Williams,Maurice Evans,Zaza Pachulia,Al Harrington,Danilo Gallinari,Jared Jeffries,Larry Hughes,Toney Douglas,2,10:04,ATL,shot,,,,,,,,,,Marvin Williams,,,,missed,,jump,5,10
Jamal Crawford,Josh Smith,Marvin Williams,Maurice Evans,Zaza Pachulia,Al Harrington,Danilo Gallinari,Jared Jeffries,Larry Hughes,Toney Douglas,2,10:03,NYK,rebound,,,,,,,,,,Larry Hughes,,,,,,def,,
Jamal Crawford,Josh Smith,Marvin Williams,Maurice Evans,Zaza Pachulia,Al Harrington,Danilo Gallinari,Jared Jeffries,Larry Hughes,Toney Douglas,2,9:54,NYK,shot,Larry Hughes,,,,,,,,,Jared Jeffries,2,,,made,,layup,25,6
Jamal Crawford,Josh Smith,Marvin Williams,Maurice Evans,Zaza Pachulia,Al Harrington,Danilo Gallinari,Jared Jeffries,Larry Hughes,Toney Douglas,2,9:42,NYK,foul,,,,,,,,Jamal Crawford,,Jared Jeffries,,,,,,personal,,
Jamal Crawford,Joe Smith,Marvin Williams,Maurice Evans,Zaza Pachulia,Al Harrington,Danilo Gallinari,Jared Jeffries,Larry Hughes,Toney Douglas,2,9:42,ATL,sub,,,,Joe Smith,,Josh Smith,,,,,,,,,,,,
Joe Johnson,Joe Smith,Marvin Williams,Maurice Evans,Zaza Pachulia,Al Harrington,Danilo Gallinari,Jared Jeffries,Larry Hughes,Toney Douglas,2,9:42,ATL,sub,,,,Joe Johnson,,Jamal Crawford,,,,,,,,,,,,
Joe Johnson,Joe Smith,Marvin Williams,Maurice Evans,Zaza Pachulia,Al Harrington,Danilo Gallinari,Jared Jeffries,Larry Hughes,Toney Douglas,2,9:30,ATL,turnover,,,,,,,,,,Joe Johnson,,,traveling,,,,,
Joe Johnson,Joe Smith,Marvin Williams,Maurice Evans,Zaza Pachulia,Al Harrington,Danilo Gallinari,Jared Jeffries,Larry Hughes,Toney Douglas,2,9:14,NYK,shot,,,,,,,,,,Jared Jeffries,,,,missed,,layup,25,6
Joe Johnson,Joe Smith,Marvin Williams,Maurice Evans,Zaza Pachulia,Al Harrington,Danilo Gallinari,Jared Jeffries,Larry Hughes,Toney Douglas,2,9:13,ATL,rebound,,,,,,,,,,Joe Johnson,,,,,,def,,
Joe Johnson,Joe Smith,Marvin Williams,Maurice Evans,Zaza Pachulia,Al Harrington,Danilo Gallinari,Jared Jeffries,Larry Hughes,Toney Douglas,2,9:01,ATL,foul,,,,,,,,Jared Jeffries,,Joe Smith,,,,,,offensive,,
Joe Johnson,Joe Smith,Marvin Williams,Maurice Evans,Zaza Pachulia,Al Harrington,Danilo Gallinari,Jared Jeffries,Larry Hughes,Toney Douglas,2,9:01,ATL,turnover,,,,,,,,,,Joe Smith,,,foul,,,,,
Joe Johnson,Joe Smith,Marvin Williams,Maurice Evans,Zaza Pachulia,Al Harrington,Danilo Gallinari,Jared Jeffries,Larry Hughes,Toney Douglas,2,8:42,NYK,shot,,,,,,,,,,Al Harrington,2,,,made,,fade away jumper,18,11
Joe Johnson,Joe Smith,Marvin Williams,Maurice Evans,Zaza Pachulia,Al Harrington,Danilo Gallinari,Jared Jeffries,Larry Hughes,Toney Douglas,2,8:29,ATL,turnover,,,,,,,,,,Joe Johnson,,,bad pass,,Larry Hughes,,,
Joe Johnson,Joe Smith,Marvin Williams,Maurice Evans,Zaza Pachulia,Al Harrington,Danilo Gallinari,Jared Jeffries,Larry Hughes,Toney Douglas,2,8:24,NYK,shot,,,,,,,,,,Larry Hughes,,,,missed,,jump,21,18
Joe Johnson,Joe Smith,Marvin Williams,Maurice Evans,Zaza Pachulia,Al Harrington,Danilo Gallinari,Jared Jeffries,Larry Hughes,Toney Douglas,2,8:22,NYK,rebound,,,,,,,,,,Al Harrington,,,,,,off,,
Joe Johnson,Joe Smith,Marvin Williams,Maurice Evans,Zaza Pachulia,Al Harrington,Danilo Gallinari,Jared Jeffries,Larry Hughes,Toney Douglas,2,8:22,NYK,shot,,,,,,,,,,Al Harrington,2,,,made,,putback dunk,25,6
Joe Johnson,Joe Smith,Marvin Williams,Maurice Evans,Zaza Pachulia,Al Harrington,Danilo Gallinari,Jared Jeffries,Larry Hughes,Toney Douglas,2,8:11,ATL,timeout,,,,,,,,,,,,,,,,regular,,
Joe Johnson,Marvin Williams,Maurice Evans,Mike Bibby,Zaza Pachulia,Al Harrington,Danilo Gallinari,Jared Jeffries,Larry Hughes,Toney Douglas,2,8:11,ATL,sub,,,,Mike Bibby,,Joe Smith,,,,,,,,,,,,
Joe Johnson,Marvin Williams,Maurice Evans,Mike Bibby,Zaza Pachulia,Al Harrington,Danilo Gallinari,Jared Jeffries,Larry Hughes,Toney Douglas,2,8:02,ATL,turnover,,,,,,,,,,Zaza Pachulia,,,3 second violation,,,,,
Joe Johnson,Marvin Williams,Maurice Evans,Mike Bibby,Zaza Pachulia,Al Harrington,Danilo Gallinari,Jared Jeffries,Larry Hughes,Toney Douglas,2,8:02,NYK,free throw,,,,,,,1,,1,Danilo Gallinari,,,technical,missed,,,,
Joe Johnson,Marvin Williams,Maurice Evans,Mike Bibby,Zaza Pachulia,Al Harrington,Danilo Gallinari,Jared Jeffries,Larry Hughes,Toney Douglas,2,8:02,NYK,rebound,,,,,,,,,,,,,,,,,,
Joe Johnson,Marvin Williams,Maurice Evans,Mike Bibby,Zaza Pachulia,Al Harrington,Danilo Gallinari,Jared Jeffries,Larry Hughes,Toney Douglas,2,7:43,NYK,shot,,,,,,,,,,Toney Douglas,,,,missed,,3pt,9,28
Joe Johnson,Marvin Williams,Maurice Evans,Mike Bibby,Zaza Pachulia,Al Harrington,Danilo Gallinari,Jared Jeffries,Larry Hughes,Toney Douglas,2,7:41,ATL,rebound,,,,,,,,,,Zaza Pachulia,,,,,,def,,
Joe Johnson,Marvin Williams,Maurice Evans,Mike Bibby,Zaza Pachulia,Al Harrington,Danilo Gallinari,Jared Jeffries,Larry Hughes,Toney Douglas,2,7:23,ATL,shot,,,,,,,,,,Maurice Evans,,,,missed,,jump,39,3
Joe Johnson,Marvin Williams,Maurice Evans,Mike Bibby,Zaza Pachulia,Al Harrington,Danilo Gallinari,Jared Jeffries,Larry Hughes,Toney Douglas,2,7:21,ATL,rebound,,,,,,,,,,Zaza Pachulia,,,,,,off,,
Joe Johnson,Marvin Williams,Maurice Evans,Mike Bibby,Zaza Pachulia,Al Harrington,Danilo Gallinari,Jared Jeffries,Larry Hughes,Toney Douglas,2,7:15,ATL,shot,Mike Bibby,,,,,,,,,Joe Johnson,3,,,made,,3pt,13,28
Joe Johnson,Marvin Williams,Maurice Evans,Mike Bibby,Zaza Pachulia,Al Harrington,Danilo Gallinari,Jared Jeffries,Larry Hughes,Toney Douglas,2,7:05,NYK,shot,Larry Hughes,,,,,,,,,Toney Douglas,2,,,made,,layup,25,6
Joe Johnson,Marvin Williams,Maurice Evans,Mike Bibby,Zaza Pachulia,Al Harrington,Danilo Gallinari,Jared Jeffries,Larry Hughes,Toney Douglas,2,7:05,ATL,foul,,,,,,,,Toney Douglas,,Mike Bibby,,,,,,shooting,,
Joe Johnson,Marvin Williams,Maurice Evans,Mike Bibby,Zaza Pachulia,Al Harrington,Jared Jeffries,Larry Hughes,Toney Douglas,Wilson Chandler,2,7:05,NYK,sub,,,,Wilson Chandler,,Danilo Gallinari,,,,,,,,,,,,
Joe Johnson,Marvin Williams,Maurice Evans,Mike Bibby,Zaza Pachulia,Al Harrington,Chris Duhon,Jared Jeffries,Toney Douglas,Wilson Chandler,2,7:05,NYK,sub,,,,Chris Duhon,,Larry Hughes,,,,,,,,,,,,
Joe Johnson,Marvin Williams,Maurice Evans,Mike Bibby,Zaza Pachulia,Al Harrington,Chris Duhon,David Lee,Toney Douglas,Wilson Chandler,2,7:05,NYK,sub,,,,David Lee,,Jared Jeffries,,,,,,,,,,,,
Al Horford,Joe Johnson,Marvin Williams,Maurice Evans,Mike Bibby,Al Harrington,Chris Duhon,David Lee,Toney Douglas,Wilson Chandler,2,7:05,ATL,sub,,,,Al Horford,,Zaza Pachulia,,,,,,,,,,,,
Al Horford,Joe Johnson,Marvin Williams,Maurice Evans,Mike Bibby,Al Harrington,Chris Duhon,David Lee,Toney Douglas,Wilson Chandler,2,7:05,NYK,free throw,,,,,,,1,,1,Toney Douglas,,,foul,made,,,,
Al Horford,Joe Johnson,Marvin Williams,Maurice Evans,Mike Bibby,Al Harrington,Chris Duhon,David Lee,Toney Douglas,Wilson Chandler,2,6:45,ATL,shot,,,,,,,,,,Joe Johnson,,,,missed,,jump,35,8
Al Horford,Joe Johnson,Marvin Williams,Maurice Evans,Mike Bibby,Al Harrington,Chris Duhon,David Lee,Toney Douglas,Wilson Chandler,2,6:43,NYK,rebound,,,,,,,,,,Toney Douglas,,,,,,def,,
Al Horford,Joe Johnson,Marvin Williams,Maurice Evans,Mike Bibby,Al Harrington,Chris Duhon,David Lee,Toney Douglas,Wilson Chandler,2,6:38,NYK,shot,,,,,,,,,,Al Harrington,,,,missed,,layup,25,6
Al Horford,Joe Johnson,Marvin Williams,Maurice Evans,Mike Bibby,Al Harrington,Chris Duhon,David Lee,Toney Douglas,Wilson Chandler,2,6:37,ATL,rebound,,,,,,,,,,Maurice Evans,,,,,,def,,
Al Horford,Joe Johnson,Marvin Williams,Maurice Evans,Mike Bibby,Al Harrington,Chris Duhon,David Lee,Toney Douglas,Wilson Chandler,2,6:32,ATL,shot,,,,,,,,,,Joe Johnson,,,,missed,,jump,27,10
Al Horford,Joe Johnson,Marvin Williams,Maurice Evans,Mike Bibby,Al Harrington,Chris Duhon,David Lee,Toney Douglas,Wilson Chandler,2,6:32,ATL,rebound,,,,,,,,,,Al Horford,,,,,,off,,
Al Horford,Joe Johnson,Marvin Williams,Maurice Evans,Mike Bibby,Al Harrington,Chris Duhon,David Lee,Toney Douglas,Wilson Chandler,2,6:32,ATL,shot,,,,,,,,,,Al Horford,2,,,made,,tip,25,6
Al Horford,Joe Johnson,Marvin Williams,Maurice Evans,Mike Bibby,Al Harrington,Chris Duhon,David Lee,Toney Douglas,Wilson Chandler,2,6:26,ATL,foul,,,,,,,,Al Harrington,,Marvin Williams,,,,,,shooting,,
Al Horford,Joe Johnson,Josh Smith,Maurice Evans,Mike Bibby,Al Harrington,Chris Duhon,David Lee,Toney Douglas,Wilson Chandler,2,6:26,ATL,sub,,,,Josh Smith,,Marvin Williams,,,,,,,,,,,,
Al Horford,Joe Johnson,Josh Smith,Maurice Evans,Mike Bibby,Al Harrington,Chris Duhon,David Lee,Toney Douglas,Wilson Chandler,2,6:26,NYK,free throw,,,,,,,1,,2,Al Harrington,,,foul,made,,,,
Al Horford,Joe Johnson,Josh Smith,Maurice Evans,Mike Bibby,Al Harrington,Chris Duhon,David Lee,Toney Douglas,Wilson Chandler,2,6:26,NYK,free throw,,,,,,,2,,2,Al Harrington,,,foul,made,,,,
Al Horford,Joe Johnson,Josh Smith,Maurice Evans,Mike Bibby,Al Harrington,Chris Duhon,David Lee,Toney Douglas,Wilson Chandler,2,6:13,ATL,turnover,,,,,,,,,,Mike Bibby,,,bad pass,,,,,
Al Horford,Joe Johnson,Josh Smith,Maurice Evans,Mike Bibby,Al Harrington,Chris Duhon,David Lee,Toney Douglas,Wilson Chandler,2,5:50,NYK,shot,,,,,,,,,,Al Harrington,,,,missed,,3pt,14,30
Al Horford,Joe Johnson,Josh Smith,Maurice Evans,Mike Bibby,Al Harrington,Chris Duhon,David Lee,Toney Douglas,Wilson Chandler,2,5:50,NYK,rebound,,,,,,,,,,,,,,,,,,
Al Horford,Joe Johnson,Josh Smith,Maurice Evans,Mike Bibby,Al Harrington,Chris Duhon,David Lee,Toney Douglas,Wilson Chandler,2,5:50,NYK,timeout,,,,,,,,,,,,,,,,official,,
Al Horford,Joe Johnson,Josh Smith,Maurice Evans,Mike Bibby,Al Harrington,Chris Duhon,David Lee,Toney Douglas,Wilson Chandler,2,5:44,NYK,shot,Chris Duhon,,,,,,,,,Toney Douglas,2,,,made,,jump,19,11
Al Horford,Joe Johnson,Josh Smith,Maurice Evans,Mike Bibby,Al Harrington,Chris Duhon,David Lee,Toney Douglas,Wilson Chandler,2,5:29,ATL,shot,Josh Smith,,,,,,,,,Mike Bibby,3,,,made,,3pt,14,29
Al Horford,Joe Johnson,Josh Smith,Maurice Evans,Mike Bibby,Al Harrington,Chris Duhon,David Lee,Toney Douglas,Wilson Chandler,2,5:13,NYK,shot,,,,,,,,,,Chris Duhon,,,,missed,,3pt,7,23
Al Horford,Joe Johnson,Josh Smith,Maurice Evans,Mike Bibby,Al Harrington,Chris Duhon,David Lee,Toney Douglas,Wilson Chandler,2,5:11,ATL,rebound,,,,,,,,,,Maurice Evans,,,,,,def,,
Al Horford,Joe Johnson,Josh Smith,Maurice Evans,Mike Bibby,Al Harrington,Chris Duhon,David Lee,Toney Douglas,Wilson Chandler,2,5:02,ATL,shot,,,,,,,,,,Joe Johnson,,,,missed,,3pt,49,7
Al Horford,Joe Johnson,Josh Smith,Maurice Evans,Mike Bibby,Al Harrington,Chris Duhon,David Lee,Toney Douglas,Wilson Chandler,2,5:01,ATL,rebound,,,,,,,,,,Maurice Evans,,,,,,off,,
Al Horford,Joe Johnson,Josh Smith,Maurice Evans,Mike Bibby,Al Harrington,Chris Duhon,David Lee,Toney Douglas,Wilson Chandler,2,4:51,NYK,foul,,,,,,,,Josh Smith,,Chris Duhon,,,,,,personal,,
Al Horford,Joe Johnson,Josh Smith,Maurice Evans,Mike Bibby,Al Harrington,Chris Duhon,David Lee,Larry Hughes,Wilson Chandler,2,4:51,NYK,sub,,,,Larry Hughes,,Toney Douglas,,,,,,,,,,,,
Al Horford,Joe Johnson,Josh Smith,Maurice Evans,Mike Bibby,Al Harrington,Chris Duhon,David Lee,Larry Hughes,Wilson Chandler,2,4:41,ATL,shot,,,,,,,,,,Al Horford,,,,missed,,jump,10,8
Al Horford,Joe Johnson,Josh Smith,Maurice Evans,Mike Bibby,Al Harrington,Chris Duhon,David Lee,Larry Hughes,Wilson Chandler,2,4:40,ATL,rebound,,,,,,,,,,Joe Johnson,,,,,,off,,
Al Horford,Joe Johnson,Josh Smith,Maurice Evans,Mike Bibby,Al Harrington,Chris Duhon,David Lee,Larry Hughes,Wilson Chandler,2,4:35,ATL,turnover,,,,,,,,,,Joe Johnson,,,bad pass,,,,,
Al Horford,Joe Johnson,Josh Smith,Maurice Evans,Mike Bibby,Al Harrington,Chris Duhon,David Lee,Larry Hughes,Wilson Chandler,2,4:34,NYK,turnover,,,,,,,,,,Al Harrington,,,step out of bounds turnover,,,,,
Al Horford,Joe Johnson,Josh Smith,Maurice Evans,Mike Bibby,Al Harrington,Chris Duhon,David Lee,Larry Hughes,Wilson Chandler,2,4:21,ATL,shot,Mike Bibby,,,,,,,,,Josh Smith,2,,,made,,dunk,25,6
Al Horford,Joe Johnson,Josh Smith,Maurice Evans,Mike Bibby,Al Harrington,Chris Duhon,David Lee,Larry Hughes,Wilson Chandler,2,4:05,NYK,shot,,,,,,,,,,David Lee,,,,missed,,jump,6,7
Al Horford,Joe Johnson,Josh Smith,Maurice Evans,Mike Bibby,Al Harrington,Chris Duhon,David Lee,Larry Hughes,Wilson Chandler,2,4:04,ATL,rebound,,,,,,,,,,Josh Smith,,,,,,def,,
Al Horford,Joe Johnson,Josh Smith,Maurice Evans,Mike Bibby,Al Harrington,Chris Duhon,David Lee,Larry Hughes,Wilson Chandler,2,3:56,ATL,turnover,,,,,,,,,,Josh Smith,,,bad pass,,Chris Duhon,,,
Al Horford,Joe Johnson,Josh Smith,Maurice Evans,Mike Bibby,Al Harrington,Chris Duhon,David Lee,Larry Hughes,Wilson Chandler,2,3:38,NYK,shot,Larry Hughes,,,,,,,,,Wilson Chandler,3,,,made,,3pt,49,4
Al Horford,Joe Johnson,Josh Smith,Maurice Evans,Mike Bibby,Al Harrington,Chris Duhon,David Lee,Larry Hughes,Wilson Chandler,2,3:21,ATL,shot,,,,,,,,,,Josh Smith,,,,missed,,layup,25,6
Al Horford,Joe Johnson,Josh Smith,Maurice Evans,Mike Bibby,Al Harrington,Chris Duhon,David Lee,Larry Hughes,Wilson Chandler,2,3:20,NYK,rebound,,,,,,,,,,Al Harrington,,,,,,def,,
Al Horford,Joe Johnson,Josh Smith,Maurice Evans,Mike Bibby,Al Harrington,Chris Duhon,David Lee,Larry Hughes,Wilson Chandler,2,3:14,NYK,shot,Wilson Chandler,,,,,,,,,Al Harrington,2,,,made,,layup,25,6
Al Horford,Joe Johnson,Josh Smith,Maurice Evans,Mike Bibby,Al Harrington,Chris Duhon,David Lee,Larry Hughes,Wilson Chandler,2,2:58,NYK,foul,,,,,,,,Al Horford,,David Lee,,,,,,personal,,
Al Horford,Joe Johnson,Josh Smith,Maurice Evans,Mike Bibby,Al Harrington,Chris Duhon,David Lee,Larry Hughes,Wilson Chandler,2,2:58,NYK,timeout,,,,,,,,,,,,,,,,regular,,
Al Horford,Joe Johnson,Josh Smith,Maurice Evans,Mike Bibby,Al Harrington,Chris Duhon,David Lee,Larry Hughes,Wilson Chandler,2,2:53,ATL,shot,,,,,,,,,,Al Horford,,,,missed,,jump hook,27,9
Al Horford,Joe Johnson,Josh Smith,Maurice Evans,Mike Bibby,Al Harrington,Chris Duhon,David Lee,Larry Hughes,Wilson Chandler,2,2:52,NYK,rebound,,,,,,,,,,Chris Duhon,,,,,,def,,
Al Horford,Joe Johnson,Josh Smith,Maurice Evans,Mike Bibby,Al Harrington,Chris Duhon,David Lee,Larry Hughes,Wilson Chandler,2,2:30,NYK,shot,,,,,,,,,,Al Harrington,2,,,made,,fade away jumper,19,16
Al Horford,Joe Johnson,Josh Smith,Maurice Evans,Mike Bibby,Al Harrington,Chris Duhon,David Lee,Larry Hughes,Wilson Chandler,2,2:16,ATL,shot,,,,,,,,,,Joe Johnson,,,,missed,,layup,25,6
Al Horford,Joe Johnson,Josh Smith,Maurice Evans,Mike Bibby,Al Harrington,Chris Duhon,David Lee,Larry Hughes,Wilson Chandler,2,2:15,NYK,rebound,,,,,,,,,,David Lee,,,,,,def,,
Al Horford,Joe Johnson,Josh Smith,Maurice Evans,Mike Bibby,Al Harrington,Chris Duhon,David Lee,Larry Hughes,Wilson Chandler,2,2:07,NYK,shot,,,,,,,,,,Al Harrington,,,,missed,,3pt,2,7
Al Horford,Joe Johnson,Josh Smith,Maurice Evans,Mike Bibby,Al Harrington,Chris Duhon,David Lee,Larry Hughes,Wilson Chandler,2,2:06,ATL,rebound,,,,,,,,,,Joe Johnson,,,,,,def,,
Al Horford,Joe Johnson,Josh Smith,Maurice Evans,Mike Bibby,Al Harrington,Chris Duhon,David Lee,Larry Hughes,Wilson Chandler,2,2:01,ATL,shot,,,Wilson Chandler,,,,,,,Maurice Evans,,,,missed,,layup,25,6
Al Horford,Joe Johnson,Josh Smith,Maurice Evans,Mike Bibby,Al Harrington,Chris Duhon,David Lee,Larry Hughes,Wilson Chandler,2,2:01,ATL,rebound,,,,,,,,,,,,,,,,,,
Al Horford,Joe Johnson,Josh Smith,Maurice Evans,Mike Bibby,Al Harrington,Chris Duhon,David Lee,Larry Hughes,Wilson Chandler,2,1:52,ATL,shot,Joe Johnson,,,,,,,,,Josh Smith,2,,,made,,jump,11,23
Al Horford,Joe Johnson,Josh Smith,Maurice Evans,Mike Bibby,Al Harrington,Chris Duhon,David Lee,Larry Hughes,Wilson Chandler,2,1:42,NYK,shot,,,,,,,,,,Chris Duhon,,,,missed,,jump,15,20
Al Horford,Joe Johnson,Josh Smith,Maurice Evans,Mike Bibby,Al Harrington,Chris Duhon,David Lee,Larry Hughes,Wilson Chandler,2,1:41,ATL,rebound,,,,,,,,,,Al Horford,,,,,,def,,
Al Horford,Joe Johnson,Josh Smith,Maurice Evans,Mike Bibby,Al Harrington,Chris Duhon,David Lee,Larry Hughes,Wilson Chandler,2,1:36,NYK,foul,,,,,,,,Mike Bibby,,Chris Duhon,,,,,,personal,,
Al Horford,Joe Johnson,Josh Smith,Maurice Evans,Mike Bibby,Al Harrington,Chris Duhon,David Lee,Larry Hughes,Wilson Chandler,2,1:36,ATL,free throw,,,,,,,1,,2,Mike Bibby,,,foul,made,,,,
Al Horford,Joe Johnson,Josh Smith,Maurice Evans,Mike Bibby,Al Harrington,Chris Duhon,David Lee,Larry Hughes,Wilson Chandler,2,1:36,ATL,free throw,,,,,,,2,,2,Mike Bibby,,,foul,made,,,,
Al Horford,Joe Johnson,Josh Smith,Maurice Evans,Mike Bibby,Al Harrington,Chris Duhon,David Lee,Larry Hughes,Wilson Chandler,2,1:22,NYK,shot,Larry Hughes,,,,,,,,,David Lee,2,,,made,,layup,25,6
Al Horford,Joe Johnson,Josh Smith,Maurice Evans,Mike Bibby,Al Harrington,Chris Duhon,David Lee,Larry Hughes,Wilson Chandler,2,1:22,ATL,foul,,,,,,,,David Lee,,Maurice Evans,,,,,,shooting,,
Al Horford,Joe Johnson,Josh Smith,Maurice Evans,Mike Bibby,Al Harrington,Chris Duhon,David Lee,Larry Hughes,Wilson Chandler,2,1:22,NYK,free throw,,,,,,,1,,1,David Lee,,,foul,made,,,,
Al Horford,Joe Johnson,Josh Smith,Maurice Evans,Mike Bibby,Al Harrington,Chris Duhon,David Lee,Larry Hughes,Wilson Chandler,2,1:04,ATL,shot,,,,,,,,,,Joe Johnson,2,,,made,,running jump,20,12
Al Horford,Joe Johnson,Josh Smith,Maurice Evans,Mike Bibby,Al Harrington,Chris Duhon,David Lee,Larry Hughes,Wilson Chandler,2,0:53,NYK,shot,,,,,,,,,,Wilson Chandler,,,,missed,,3pt,7,25
Al Horford,Joe Johnson,Josh Smith,Maurice Evans,Mike Bibby,Al Harrington,Chris Duhon,David Lee,Larry Hughes,Wilson Chandler,2,0:52,ATL,rebound,,,,,,,,,,Mike Bibby,,,,,,def,,
Al Horford,Joe Johnson,Josh Smith,Maurice Evans,Mike Bibby,Al Harrington,Chris Duhon,David Lee,Larry Hughes,Wilson Chandler,2,0:47,ATL,shot,Mike Bibby,,,,,,,,,Maurice Evans,2,,,made,,jump,33,17
Al Horford,Joe Johnson,Josh Smith,Maurice Evans,Mike Bibby,Al Harrington,Chris Duhon,David Lee,Larry Hughes,Wilson Chandler,2,0:34,NYK,shot,,,,,,,,,,Al Harrington,,,,missed,,fade away jumper,32,15
Al Horford,Joe Johnson,Josh Smith,Maurice Evans,Mike Bibby,Al Harrington,Chris Duhon,David Lee,Larry Hughes,Wilson Chandler,2,0:33,ATL,rebound,,,,,,,,,,Josh Smith,,,,,,def,,
Al Horford,Joe Johnson,Josh Smith,Maurice Evans,Mike Bibby,Al Harrington,Chris Duhon,David Lee,Larry Hughes,Wilson Chandler,2,0:25,ATL,turnover,,,,,,,,,,Josh Smith,,,out of bounds lost ball turnover,,,,,
Al Horford,Joe Johnson,Josh Smith,Maurice Evans,Mike Bibby,Al Harrington,Chris Duhon,David Lee,Larry Hughes,Wilson Chandler,2,0:05,NYK,shot,,,,,,,,,,Chris Duhon,,,,missed,,3pt,17,31
Al Horford,Joe Johnson,Josh Smith,Maurice Evans,Mike Bibby,Al Harrington,Chris Duhon,David Lee,Larry Hughes,Wilson Chandler,2,0:04,ATL,rebound,,,,,,,,,,Joe Johnson,,,,,,def,,
Al Horford,Joe Johnson,Josh Smith,Maurice Evans,Mike Bibby,Al Harrington,Chris Duhon,David Lee,Larry Hughes,Wilson Chandler,2,0:00,ATL,shot,Joe Johnson,,,,,,,,,Maurice Evans,2,,,made,,running jump,11,17
Al Horford,Joe Johnson,Josh Smith,Marvin Williams,Mike Bibby,Chris Duhon,Danilo Gallinari,David Lee,Toney Douglas,Wilson Chandler,3,11:40,NYK,shot,,,,,,,,,,Danilo Gallinari,,,,missed,,fade away jumper,37,7
Al Horford,Joe Johnson,Josh Smith,Marvin Williams,Mike Bibby,Chris Duhon,Danilo Gallinari,David Lee,Toney Douglas,Wilson Chandler,3,11:38,ATL,rebound,,,,,,,,,,Josh Smith,,,,,,def,,
Al Horford,Joe Johnson,Josh Smith,Marvin Williams,Mike Bibby,Chris Duhon,Danilo Gallinari,David Lee,Toney Douglas,Wilson Chandler,3,11:16,ATL,shot,,,,,,,,,,Mike Bibby,,,,missed,,3pt,29,31
Al Horford,Joe Johnson,Josh Smith,Marvin Williams,Mike Bibby,Chris Duhon,Danilo Gallinari,David Lee,Toney Douglas,Wilson Chandler,3,11:15,NYK,rebound,,,,,,,,,,Wilson Chandler,,,,,,def,,
Al Horford,Joe Johnson,Josh Smith,Marvin Williams,Mike Bibby,Chris Duhon,Danilo Gallinari,David Lee,Toney Douglas,Wilson Chandler,3,11:04,NYK,shot,,,,,,,,,,Wilson Chandler,2,,,made,,turnaround jump,23,15
Al Horford,Joe Johnson,Josh Smith,Marvin Williams,Mike Bibby,Chris Duhon,Danilo Gallinari,David Lee,Toney Douglas,Wilson Chandler,3,10:44,ATL,shot,Mike Bibby,,,,,,,,,Joe Johnson,2,,,made,,jump,27,17
Al Horford,Joe Johnson,Josh Smith,Marvin Williams,Mike Bibby,Chris Duhon,Danilo Gallinari,David Lee,Toney Douglas,Wilson Chandler,3,10:33,NYK,shot,,,,,,,,,,Toney Douglas,,,,missed,,layup,25,6
Al Horford,Joe Johnson,Josh Smith,Marvin Williams,Mike Bibby,Chris Duhon,Danilo Gallinari,David Lee,Toney Douglas,Wilson Chandler,3,10:33,NYK,rebound,,,,,,,,,,,,,,,,,,
Al Horford,Joe Johnson,Josh Smith,Marvin Williams,Mike Bibby,Chris Duhon,Danilo Gallinari,David Lee,Toney Douglas,Wilson Chandler,3,10:33,ATL,foul,,,,,,,,David Lee,,Mike Bibby,,,,,,loose ball,,
Al Horford,Joe Johnson,Josh Smith,Marvin Williams,Mike Bibby,Chris Duhon,Danilo Gallinari,David Lee,Toney Douglas,Wilson Chandler,3,10:30,ATL,foul,,,,,,,,Danilo Gallinari,,Josh Smith,,,,,,shooting,,
Al Horford,Joe Johnson,Josh Smith,Marvin Williams,Mike Bibby,Chris Duhon,Danilo Gallinari,David Lee,Toney Douglas,Wilson Chandler,3,10:30,NYK,free throw,,,,,,,1,,2,Danilo Gallinari,,,foul,made,,,,
Al Horford,Joe Johnson,Josh Smith,Marvin Williams,Mike Bibby,Chris Duhon,Danilo Gallinari,David Lee,Toney Douglas,Wilson Chandler,3,10:30,NYK,free throw,,,,,,,2,,2,Danilo Gallinari,,,foul,made,,,,
Al Horford,Joe Johnson,Josh Smith,Marvin Williams,Mike Bibby,Chris Duhon,Danilo Gallinari,David Lee,Toney Douglas,Wilson Chandler,3,10:16,ATL,shot,Mike Bibby,,,,,,,,,Al Horford,2,,,made,,running jump,25,12
Al Horford,Joe Johnson,Josh Smith,Marvin Williams,Mike Bibby,Chris Duhon,Danilo Gallinari,David Lee,Toney Douglas,Wilson Chandler,3,10:16,NYK,foul,,,,,,,,Al Horford,,David Lee,,,,,,shooting,,
Al Horford,Joe Johnson,Josh Smith,Marvin Williams,Mike Bibby,Chris Duhon,Danilo Gallinari,David Lee,Toney Douglas,Wilson Chandler,3,10:16,ATL,free throw,,,,,,,1,,1,Al Horford,,,foul,made,,,,
Al Horford,Joe Johnson,Josh Smith,Marvin Williams,Mike Bibby,Chris Duhon,Danilo Gallinari,David Lee,Toney Douglas,Wilson Chandler,3,10:09,NYK,foul,,,,,,,,Mike Bibby,,David Lee,,,,,,offensive,,
Al Horford,Joe Johnson,Josh Smith,Marvin Williams,Mike Bibby,Chris Duhon,Danilo Gallinari,David Lee,Toney Douglas,Wilson Chandler,3,10:09,NYK,turnover,,,,,,,,,,David Lee,,,foul,,,,,
Al Horford,Joe Johnson,Josh Smith,Marvin Williams,Mike Bibby,Chris Duhon,Danilo Gallinari,David Lee,Toney Douglas,Wilson Chandler,3,9:55,NYK,foul,,,,,,,,Al Horford,,Danilo Gallinari,,,,,,personal,,
Al Horford,Joe Johnson,Josh Smith,Marvin Williams,Mike Bibby,Chris Duhon,Danilo Gallinari,David Lee,Toney Douglas,Wilson Chandler,3,9:45,ATL,shot,,,,,,,,,,Marvin Williams,,,,missed,,3pt,48,7
Al Horford,Joe Johnson,Josh Smith,Marvin Williams,Mike Bibby,Chris Duhon,Danilo Gallinari,David Lee,Toney Douglas,Wilson Chandler,3,9:45,NYK,rebound,,,,,,,,,,Chris Duhon,,,,,,def,,
Al Horford,Joe Johnson,Josh Smith,Marvin Williams,Mike Bibby,Chris Duhon,Danilo Gallinari,David Lee,Toney Douglas,Wilson Chandler,3,9:45,ATL,foul,,,,,,,,Chris Duhon,,Josh Smith,,,,,,personal,,
Al Horford,Joe Johnson,Josh Smith,Marvin Williams,Mike Bibby,Chris Duhon,Danilo Gallinari,David Lee,Toney Douglas,Wilson Chandler,3,9:35,NYK,shot,,,,,,,,,,Chris Duhon,,,,missed,,layup,25,6
Al Horford,Joe Johnson,Josh Smith,Marvin Williams,Mike Bibby,Chris Duhon,Danilo Gallinari,David Lee,Toney Douglas,Wilson Chandler,3,9:33,ATL,rebound,,,,,,,,,,Al Horford,,,,,,def,,
Al Horford,Joe Johnson,Josh Smith,Marvin Williams,Mike Bibby,Chris Duhon,Danilo Gallinari,David Lee,Toney Douglas,Wilson Chandler,3,9:27,ATL,shot,Al Horford,,,,,,,,,Mike Bibby,2,,,made,,jump,43,15
Al Horford,Joe Johnson,Josh Smith,Marvin Williams,Mike Bibby,Chris Duhon,Danilo Gallinari,David Lee,Toney Douglas,Wilson Chandler,3,9:16,NYK,shot,,,,,,,,,,Toney Douglas,,,,missed,,jump,38,23
Al Horford,Joe Johnson,Josh Smith,Marvin Williams,Mike Bibby,Chris Duhon,Danilo Gallinari,David Lee,Toney Douglas,Wilson Chandler,3,9:15,ATL,rebound,,,,,,,,,,Josh Smith,,,,,,def,,
Al Horford,Joe Johnson,Josh Smith,Marvin Williams,Mike Bibby,Chris Duhon,Danilo Gallinari,David Lee,Toney Douglas,Wilson Chandler,3,9:06,ATL,shot,,,,,,,,,,Josh Smith,,,,missed,,jump hook,18,8
Al Horford,Joe Johnson,Josh Smith,Marvin Williams,Mike Bibby,Chris Duhon,Danilo Gallinari,David Lee,Toney Douglas,Wilson Chandler,3,9:05,NYK,rebound,,,,,,,,,,Danilo Gallinari,,,,,,def,,
Al Horford,Joe Johnson,Josh Smith,Marvin Williams,Mike Bibby,Chris Duhon,Danilo Gallinari,David Lee,Toney Douglas,Wilson Chandler,3,9:02,NYK,turnover,,,,,,,,,,Wilson Chandler,,,palming turnover,,,,,
Al Horford,Joe Johnson,Josh Smith,Marvin Williams,Mike Bibby,Chris Duhon,Danilo Gallinari,David Lee,Toney Douglas,Wilson Chandler,3,8:44,ATL,shot,,,,,,,,,,Josh Smith,,,,missed,,jump,11,20
Al Horford,Joe Johnson,Josh Smith,Marvin Williams,Mike Bibby,Chris Duhon,Danilo Gallinari,David Lee,Toney Douglas,Wilson Chandler,3,8:43,NYK,rebound,,,,,,,,,,Toney Douglas,,,,,,def,,
Al Horford,Joe Johnson,Josh Smith,Marvin Williams,Mike Bibby,Chris Duhon,Danilo Gallinari,David Lee,Toney Douglas,Wilson Chandler,3,8:31,NYK,shot,,,,,,,,,,Wilson Chandler,2,,,made,,driving layup,25,6
Al Horford,Joe Johnson,Josh Smith,Marvin Williams,Mike Bibby,Chris Duhon,Danilo Gallinari,David Lee,Toney Douglas,Wilson Chandler,3,8:31,ATL,foul,,,,,,,,Wilson Chandler,,Marvin Williams,,,,,,shooting,,
Al Horford,Jamal Crawford,Joe Johnson,Josh Smith,Mike Bibby,Chris Duhon,Danilo Gallinari,David Lee,Toney Douglas,Wilson Chandler,3,8:31,ATL,sub,,,,Jamal Crawford,,Marvin Williams,,,,,,,,,,,,
Al Horford,Jamal Crawford,Joe Johnson,Josh Smith,Mike Bibby,Chris Duhon,Danilo Gallinari,David Lee,Toney Douglas,Wilson Chandler,3,8:31,NYK,free throw,,,,,,,1,,1,Wilson Chandler,,,foul,made,,,,
Al Horford,Jamal Crawford,Joe Johnson,Josh Smith,Mike Bibby,Chris Duhon,Danilo Gallinari,David Lee,Toney Douglas,Wilson Chandler,3,8:12,ATL,shot,,,,,,,,,,Joe Johnson,2,,,made,,running jump,32,8
Al Horford,Jamal Crawford,Joe Johnson,Josh Smith,Mike Bibby,Chris Duhon,Danilo Gallinari,David Lee,Toney Douglas,Wilson Chandler,3,7:52,NYK,turnover,,,,,,,,,,David Lee,,,bad pass,,Josh Smith,,,
Al Horford,Jamal Crawford,Joe Johnson,Josh Smith,Mike Bibby,Chris Duhon,Danilo Gallinari,David Lee,Toney Douglas,Wilson Chandler,3,7:49,ATL,shot,,,,,,,,,,Josh Smith,2,,,made,,layup,25,6
Al Horford,Jamal Crawford,Joe Johnson,Josh Smith,Mike Bibby,Chris Duhon,Danilo Gallinari,David Lee,Toney Douglas,Wilson Chandler,3,7:49,NYK,foul,,,,,,,,Josh Smith,,Wilson Chandler,,,,,,shooting,,
Al Horford,Jamal Crawford,Joe Johnson,Josh Smith,Mike Bibby,Danilo Gallinari,David Lee,Larry Hughes,Toney Douglas,Wilson Chandler,3,7:49,NYK,sub,,,,Larry Hughes,,Chris Duhon,,,,,,,,,,,,
Al Horford,Jamal Crawford,Joe Johnson,Josh Smith,Mike Bibby,Al Harrington,David Lee,Larry Hughes,Toney Douglas,Wilson Chandler,3,7:49,NYK,sub,,,,Al Harrington,,Danilo Gallinari,,,,,,,,,,,,
Al Horford,Jamal Crawford,Joe Johnson,Josh Smith,Mike Bibby,Al Harrington,David Lee,Larry Hughes,Toney Douglas,Wilson Chandler,3,7:49,ATL,free throw,,,,,,,1,,1,Josh Smith,,,foul,missed,,,,
Al Horford,Jamal Crawford,Joe Johnson,Josh Smith,Mike Bibby,Al Harrington,David Lee,Larry Hughes,Toney Douglas,Wilson Chandler,3,7:48,NYK,rebound,,,,,,,,,,Al Harrington,,,,,,def,,
Al Horford,Jamal Crawford,Joe Johnson,Josh Smith,Mike Bibby,Al Harrington,David Lee,Larry Hughes,Toney Douglas,Wilson Chandler,3,7:30,NYK,shot,,,,,,,,,,Al Harrington,,,,missed,,layup,25,6
Al Horford,Jamal Crawford,Joe Johnson,Josh Smith,Mike Bibby,Al Harrington,David Lee,Larry Hughes,Toney Douglas,Wilson Chandler,3,7:29,NYK,rebound,,,,,,,,,,David Lee,,,,,,off,,
Al Horford,Jamal Crawford,Joe Johnson,Josh Smith,Mike Bibby,Al Harrington,David Lee,Larry Hughes,Toney Douglas,Wilson Chandler,3,7:29,NYK,shot,,,,,,,,,,David Lee,,,,missed,,putback layup,25,6
Al Horford,Jamal Crawford,Joe Johnson,Josh Smith,Mike Bibby,Al Harrington,David Lee,Larry Hughes,Toney Douglas,Wilson Chandler,3,7:28,NYK,rebound,,,,,,,,,,David Lee,,,,,,off,,
Al Horford,Jamal Crawford,Joe Johnson,Josh Smith,Mike Bibby,Al Harrington,David Lee,Larry Hughes,Toney Douglas,Wilson Chandler,3,7:28,NYK,shot,,,,,,,,,,David Lee,,,,missed,,putback layup,25,6
Al Horford,Jamal Crawford,Joe Johnson,Josh Smith,Mike Bibby,Al Harrington,David Lee,Larry Hughes,Toney Douglas,Wilson Chandler,3,7:26,NYK,rebound,,,,,,,,,,David Lee,,,,,,off,,
Al Horford,Jamal Crawford,Joe Johnson,Josh Smith,Mike Bibby,Al Harrington,David Lee,Larry Hughes,Toney Douglas,Wilson Chandler,3,7:26,NYK,shot,,,Al Horford,,,,,,,David Lee,,,,missed,,putback layup,25,6
Al Horford,Jamal Crawford,Joe Johnson,Josh Smith,Mike Bibby,Al Harrington,David Lee,Larry Hughes,Toney Douglas,Wilson Chandler,3,7:26,NYK,rebound,,,,,,,,,,,,,,,,,,
Al Horford,Jamal Crawford,Joe Johnson,Josh Smith,Mike Bibby,Al Harrington,David Lee,Larry Hughes,Toney Douglas,Wilson Chandler,3,7:08,ATL,foul,,,,,,,,Wilson Chandler,,Joe Johnson,,,,,,shooting,,
Al Horford,Jamal Crawford,Joe Johnson,Josh Smith,Mike Bibby,Al Harrington,David Lee,Larry Hughes,Toney Douglas,Wilson Chandler,3,7:08,NYK,free throw,,,,,,,1,,2,Wilson Chandler,,,foul,made,,,,
Al Horford,Jamal Crawford,Joe Johnson,Josh Smith,Mike Bibby,Al Harrington,David Lee,Larry Hughes,Toney Douglas,Wilson Chandler,3,7:08,NYK,free throw,,,,,,,2,,2,Wilson Chandler,,,foul,made,,,,
Al Horford,Jamal Crawford,Joe Johnson,Josh Smith,Mike Bibby,Al Harrington,David Lee,Larry Hughes,Toney Douglas,Wilson Chandler,3,6:55,ATL,shot,,,,,,,,,,Al Horford,2,,,made,,slam dunk,25,6
Al Horford,Jamal Crawford,Joe Johnson,Josh Smith,Mike Bibby,Al Harrington,David Lee,Larry Hughes,Toney Douglas,Wilson Chandler,3,6:42,NYK,shot,,,,,,,,,,Toney Douglas,2,,,made,,jump bank,29,9
Al Horford,Jamal Crawford,Joe Johnson,Josh Smith,Mike Bibby,Al Harrington,David Lee,Larry Hughes,Toney Douglas,Wilson Chandler,3,6:29,NYK,foul,,,,,,,,Jamal Crawford,,Larry Hughes,,,,,,shooting,,
Al Horford,Jamal Crawford,Joe Johnson,Josh Smith,Mike Bibby,Al Harrington,David Lee,Larry Hughes,Toney Douglas,Wilson Chandler,3,6:29,ATL,free throw,,,,,,,1,,2,Jamal Crawford,,,foul,made,,,,
Al Horford,Jamal Crawford,Joe Johnson,Josh Smith,Mike Bibby,Al Harrington,David Lee,Larry Hughes,Toney Douglas,Wilson Chandler,3,6:29,ATL,free throw,,,,,,,2,,2,Jamal Crawford,,,foul,made,,,,
Al Horford,Jamal Crawford,Joe Johnson,Josh Smith,Mike Bibby,Al Harrington,David Lee,Larry Hughes,Toney Douglas,Wilson Chandler,3,6:20,NYK,turnover,,,,,,,,,,Toney Douglas,,,step out of bounds turnover,,,,,
Al Horford,Jamal Crawford,Joe Johnson,Josh Smith,Mike Bibby,Al Harrington,David Lee,Larry Hughes,Toney Douglas,Wilson Chandler,3,6:08,NYK,foul,,,,,,,,Al Horford,,David Lee,,,,,,shooting,,
Al Horford,Jamal Crawford,Joe Johnson,Josh Smith,Mike Bibby,Al Harrington,Jared Jeffries,Larry Hughes,Toney Douglas,Wilson Chandler,3,6:08,NYK,sub,,,,Jared Jeffries,,David Lee,,,,,,,,,,,,
Al Horford,Jamal Crawford,Joe Johnson,Josh Smith,Mike Bibby,Al Harrington,Jared Jeffries,Larry Hughes,Toney Douglas,Wilson Chandler,3,6:08,ATL,free throw,,,,,,,1,,2,Al Horford,,,foul,made,,,,
Al Horford,Jamal Crawford,Joe Johnson,Josh Smith,Mike Bibby,Al Harrington,Jared Jeffries,Larry Hughes,Toney Douglas,Wilson Chandler,3,6:08,ATL,free throw,,,,,,,2,,2,Al Horford,,,foul,made,,,,
Al Horford,Jamal Crawford,Joe Johnson,Josh Smith,Mike Bibby,Al Harrington,Jared Jeffries,Larry Hughes,Toney Douglas,Wilson Chandler,3,5:58,NYK,shot,,,,,,,,,,Toney Douglas,2,,,made,,jump,29,27
Al Horford,Jamal Crawford,Joe Johnson,Josh Smith,Mike Bibby,Al Harrington,Jared Jeffries,Larry Hughes,Toney Douglas,Wilson Chandler,3,5:42,ATL,shot,,,,,,,,,,Jamal Crawford,,,,missed,,jump,36,25
Al Horford,Jamal Crawford,Joe Johnson,Josh Smith,Mike Bibby,Al Harrington,Jared Jeffries,Larry Hughes,Toney Douglas,Wilson Chandler,3,5:41,NYK,rebound,,,,,,,,,,Al Harrington,,,,,,def,,
Al Horford,Jamal Crawford,Joe Johnson,Josh Smith,Mike Bibby,Al Harrington,Jared Jeffries,Larry Hughes,Toney Douglas,Wilson Chandler,3,5:26,NYK,shot,Jared Jeffries,,,,,,,,,Wilson Chandler,2,,,made,,dunk,25,6
Al Horford,Jamal Crawford,Joe Johnson,Josh Smith,Mike Bibby,Al Harrington,Jared Jeffries,Larry Hughes,Toney Douglas,Wilson Chandler,3,5:04,ATL,shot,Al Horford,,,,,,,,,Josh Smith,2,,,made,,reverse layup,25,6
Al Horford,Jamal Crawford,Joe Johnson,Josh Smith,Mike Bibby,Al Harrington,Jared Jeffries,Larry Hughes,Toney Douglas,Wilson Chandler,3,4:53,NYK,shot,,,,,,,,,,Toney Douglas,2,,,made,,jump,14,26
Al Horford,Jamal Crawford,Joe Johnson,Josh Smith,Mike Bibby,Al Harrington,Jared Jeffries,Larry Hughes,Toney Douglas,Wilson Chandler,3,4:51,ATL,timeout,,,,,,,,,,,,,,,,regular,,
Al Horford,Jamal Crawford,Joe Johnson,Josh Smith,Mike Bibby,Al Harrington,Jared Jeffries,Larry Hughes,Toney Douglas,Wilson Chandler,3,4:28,ATL,shot,,,,,,,,,,Joe Johnson,2,,,made,,turnaround fade away,16,10
Al Horford,Jamal Crawford,Joe Johnson,Josh Smith,Mike Bibby,Al Harrington,Jared Jeffries,Larry Hughes,Toney Douglas,Wilson Chandler,3,4:01,NYK,shot,,,,,,,,,,Al Harrington,,,,missed,,3pt,8,26
Al Horford,Jamal Crawford,Joe Johnson,Josh Smith,Mike Bibby,Al Harrington,Jared Jeffries,Larry Hughes,Toney Douglas,Wilson Chandler,3,4:00,ATL,rebound,,,,,,,,,,Josh Smith,,,,,,def,,
Al Horford,Jamal Crawford,Joe Johnson,Josh Smith,Mike Bibby,Al Harrington,Jared Jeffries,Larry Hughes,Toney Douglas,Wilson Chandler,3,3:57,ATL,shot,Josh Smith,,,,,,,,,Al Horford,2,,,made,,slam dunk,25,6
Al Horford,Jamal Crawford,Joe Johnson,Josh Smith,Mike Bibby,Al Harrington,Jared Jeffries,Larry Hughes,Toney Douglas,Wilson Chandler,3,3:57,NYK,foul,,,,,,,,Al Horford,,Toney Douglas,,,,,,shooting,,
Al Horford,Jamal Crawford,Joe Johnson,Josh Smith,Mike Bibby,Al Harrington,Jared Jeffries,Larry Hughes,Toney Douglas,Wilson Chandler,3,3:57,ATL,free throw,,,,,,,1,,1,Al Horford,,,foul,made,,,,
Al Horford,Jamal Crawford,Joe Johnson,Josh Smith,Mike Bibby,Al Harrington,Jared Jeffries,Larry Hughes,Toney Douglas,Wilson Chandler,3,3:52,NYK,shot,,,,,,,,,,Larry Hughes,,,,missed,,jump,42,6
Al Horford,Jamal Crawford,Joe Johnson,Josh Smith,Mike Bibby,Al Harrington,Jared Jeffries,Larry Hughes,Toney Douglas,Wilson Chandler,3,3:50,ATL,rebound,,,,,,,,,,Mike Bibby,,,,,,def,,
Al Horford,Jamal Crawford,Joe Johnson,Josh Smith,Mike Bibby,Al Harrington,Jared Jeffries,Larry Hughes,Toney Douglas,Wilson Chandler,3,3:46,ATL,shot,Mike Bibby,,,,,,,,,Al Horford,2,,,made,,driving layup,25,6
Al Horford,Jamal Crawford,Joe Johnson,Josh Smith,Mike Bibby,Al Harrington,Jared Jeffries,Larry Hughes,Toney Douglas,Wilson Chandler,3,3:46,NYK,foul,,,,,,,,Al Horford,,Wilson Chandler,,,,,,shooting,,
Al Horford,Jamal Crawford,Joe Johnson,Josh Smith,Mike Bibby,Al Harrington,Jared Jeffries,Larry Hughes,Toney Douglas,Wilson Chandler,3,3:46,NYK,timeout,,,,,,,,,,,,,,,,regular,,
Al Horford,Jamal Crawford,Joe Johnson,Josh Smith,Mike Bibby,Al Harrington,Jared Jeffries,Larry Hughes,Toney Douglas,Wilson Chandler,3,3:46,ATL,free throw,,,,,,,1,,1,Al Horford,,,foul,missed,,,,
Al Horford,Jamal Crawford,Joe Johnson,Josh Smith,Mike Bibby,Al Harrington,Jared Jeffries,Larry Hughes,Toney Douglas,Wilson Chandler,3,3:44,NYK,rebound,,,,,,,,,,Wilson Chandler,,,,,,def,,
Al Horford,Jamal Crawford,Joe Johnson,Josh Smith,Mike Bibby,Al Harrington,Jared Jeffries,Larry Hughes,Toney Douglas,Wilson Chandler,3,3:28,NYK,shot,,,,,,,,,,Toney Douglas,,,,missed,,3pt,43,24
Al Horford,Jamal Crawford,Joe Johnson,Josh Smith,Mike Bibby,Al Harrington,Jared Jeffries,Larry Hughes,Toney Douglas,Wilson Chandler,3,3:27,ATL,rebound,,,,,,,,,,Josh Smith,,,,,,def,,
Al Horford,Jamal Crawford,Joe Johnson,Josh Smith,Mike Bibby,Al Harrington,Jared Jeffries,Larry Hughes,Toney Douglas,Wilson Chandler,3,3:14,ATL,shot,,,,,,,,,,Mike Bibby,2,,,made,,jump,29,28
Al Horford,Jamal Crawford,Joe Johnson,Josh Smith,Mike Bibby,Al Harrington,Jared Jeffries,Larry Hughes,Toney Douglas,Wilson Chandler,3,3:00,NYK,turnover,,,,,,,,,,Toney Douglas,,,bad pass,,Mike Bibby,,,
Al Horford,Jamal Crawford,Joe Johnson,Josh Smith,Mike Bibby,Al Harrington,Jared Jeffries,Larry Hughes,Toney Douglas,Wilson Chandler,3,2:50,ATL,shot,Mike Bibby,,,,,,,,,Jamal Crawford,3,,,made,,3pt,7,25
Al Horford,Jamal Crawford,Joe Johnson,Josh Smith,Mike Bibby,Al Harrington,Jared Jeffries,Larry Hughes,Toney Douglas,Wilson Chandler,3,2:36,ATL,foul,,,,,,,,Larry Hughes,,Josh Smith,,,,,,personal,,
Al Horford,Jamal Crawford,Joe Johnson,Josh Smith,Mike Bibby,Al Harrington,Chris Duhon,Jared Jeffries,Larry Hughes,Wilson Chandler,3,2:36,NYK,sub,,,,Chris Duhon,,Toney Douglas,,,,,,,,,,,,
Al Horford,Jamal Crawford,Joe Johnson,Marvin Williams,Mike Bibby,Al Harrington,Chris Duhon,Jared Jeffries,Larry Hughes,Wilson Chandler,3,2:36,ATL,sub,,,,Marvin Williams,,Josh Smith,,,,,,,,,,,,
Al Horford,Jamal Crawford,Joe Johnson,Marvin Williams,Maurice Evans,Al Harrington,Chris Duhon,Jared Jeffries,Larry Hughes,Wilson Chandler,3,2:36,ATL,sub,,,,Maurice Evans,,Mike Bibby,,,,,,,,,,,,
Al Horford,Jamal Crawford,Joe Johnson,Marvin Williams,Maurice Evans,Al Harrington,Chris Duhon,Jared Jeffries,Larry Hughes,Wilson Chandler,3,2:36,NYK,free throw,,,,,,,1,,2,Larry Hughes,,,foul,made,,,,
Al Horford,Jamal Crawford,Joe Johnson,Marvin Williams,Maurice Evans,Al Harrington,Chris Duhon,Danilo Gallinari,Jared Jeffries,Larry Hughes,3,2:36,NYK,sub,,,,Danilo Gallinari,,Wilson Chandler,,,,,,,,,,,,
Al Horford,Jamal Crawford,Joe Johnson,Marvin Williams,Maurice Evans,Al Harrington,Chris Duhon,Danilo Gallinari,Jared Jeffries,Larry Hughes,3,2:36,NYK,free throw,,,,,,,2,,2,Larry Hughes,,,foul,made,,,,
Al Horford,Jamal Crawford,Joe Johnson,Marvin Williams,Maurice Evans,Al Harrington,Chris Duhon,Danilo Gallinari,Jared Jeffries,Larry Hughes,3,2:13,ATL,shot,,,,,,,,,,Jamal Crawford,2,,,made,,jump,27,17
Al Horford,Jamal Crawford,Joe Johnson,Marvin Williams,Maurice Evans,Al Harrington,Chris Duhon,Danilo Gallinari,Jared Jeffries,Larry Hughes,3,2:02,ATL,foul,,,,,,,,Larry Hughes,,Al Horford,,,,,,shooting,,
Al Horford,Jamal Crawford,Joe Johnson,Marvin Williams,Maurice Evans,Al Harrington,Chris Duhon,Danilo Gallinari,Jared Jeffries,Larry Hughes,3,2:02,NYK,free throw,,,,,,,1,,2,Larry Hughes,,,foul,made,,,,
Al Horford,Jamal Crawford,Joe Johnson,Marvin Williams,Maurice Evans,Al Harrington,Chris Duhon,Danilo Gallinari,Jared Jeffries,Larry Hughes,3,2:02,NYK,free throw,,,,,,,2,,2,Larry Hughes,,,foul,made,,,,
Al Horford,Jamal Crawford,Joe Johnson,Marvin Williams,Maurice Evans,Al Harrington,Chris Duhon,Danilo Gallinari,Jared Jeffries,Larry Hughes,3,1:35,ATL,turnover,,,,,,,,,,Al Horford,,,bad pass,,Al Harrington,,,
Al Horford,Jamal Crawford,Joe Johnson,Marvin Williams,Maurice Evans,Al Harrington,Chris Duhon,Danilo Gallinari,Jared Jeffries,Larry Hughes,3,1:31,NYK,shot,Larry Hughes,,,,,,,,,Al Harrington,2,,,made,,layup,25,6
Al Horford,Jamal Crawford,Joe Johnson,Marvin Williams,Maurice Evans,Al Harrington,Chris Duhon,Danilo Gallinari,Jared Jeffries,Larry Hughes,3,1:16,NYK,foul,,,,,,,,Al Horford,,Al Harrington,,,,,,shooting,,
Al Horford,Jamal Crawford,Joe Johnson,Marvin Williams,Maurice Evans,Al Harrington,Chris Duhon,Danilo Gallinari,Jared Jeffries,Larry Hughes,3,1:16,ATL,free throw,,,,,,,1,,2,Al Horford,,,foul,made,,,,
Al Horford,Jamal Crawford,Joe Johnson,Marvin Williams,Maurice Evans,Al Harrington,Chris Duhon,Danilo Gallinari,Jared Jeffries,Larry Hughes,3,1:16,ATL,free throw,,,,,,,2,,2,Al Horford,,,foul,made,,,,
Al Horford,Jamal Crawford,Joe Johnson,Marvin Williams,Maurice Evans,Al Harrington,Chris Duhon,Danilo Gallinari,Jared Jeffries,Larry Hughes,3,0:58,NYK,shot,,,,,,,,,,Larry Hughes,,,,missed,,3pt,44,24
Al Horford,Jamal Crawford,Joe Johnson,Marvin Williams,Maurice Evans,Al Harrington,Chris Duhon,Danilo Gallinari,Jared Jeffries,Larry Hughes,3,0:57,ATL,rebound,,,,,,,,,,Marvin Williams,,,,,,def,,
Al Horford,Jamal Crawford,Joe Johnson,Marvin Williams,Maurice Evans,Al Harrington,Chris Duhon,Danilo Gallinari,Jared Jeffries,Larry Hughes,3,0:43,ATL,shot,Jamal Crawford,,,,,,,,,Marvin Williams,2,,,made,,layup,25,6
Al Horford,Jamal Crawford,Joe Johnson,Marvin Williams,Maurice Evans,Al Harrington,Chris Duhon,Danilo Gallinari,Jared Jeffries,Larry Hughes,3,0:35,NYK,shot,,,,,,,,,,Al Harrington,,,,missed,,jump,19,21
Al Horford,Jamal Crawford,Joe Johnson,Marvin Williams,Maurice Evans,Al Harrington,Chris Duhon,Danilo Gallinari,Jared Jeffries,Larry Hughes,3,0:34,ATL,rebound,,,,,,,,,,Joe Johnson,,,,,,def,,
Al Horford,Jamal Crawford,Joe Johnson,Marvin Williams,Maurice Evans,Al Harrington,Chris Duhon,Danilo Gallinari,Jared Jeffries,Larry Hughes,3,0:13,ATL,shot,,,,,,,,,,Al Horford,,,,missed,,jump,14,10
Al Horford,Jamal Crawford,Joe Johnson,Marvin Williams,Maurice Evans,Al Harrington,Chris Duhon,Danilo Gallinari,Jared Jeffries,Larry Hughes,3,0:11,NYK,rebound,,,,,,,,,,Danilo Gallinari,,,,,,def,,
Al Horford,Jamal Crawford,Joe Johnson,Marvin Williams,Maurice Evans,Al Harrington,Chris Duhon,Danilo Gallinari,Jared Jeffries,Larry Hughes,3,0:00,NYK,shot,,,,,,,,,,Danilo Gallinari,,,,missed,,3pt,20,31
Al Horford,Jamal Crawford,Joe Johnson,Marvin Williams,Maurice Evans,Al Harrington,Chris Duhon,Danilo Gallinari,Jared Jeffries,Larry Hughes,3,0:00,ATL,rebound,,,,,,,,,,Al Horford,,,,,,def,,
Al Horford,Jamal Crawford,Joe Johnson,Marvin Williams,Maurice Evans,Al Harrington,Chris Duhon,Danilo Gallinari,David Lee,Larry Hughes,4,11:41,ATL,shot,,,,,,,,,,Joe Johnson,2,,,made,,jump,21,10
Al Horford,Jamal Crawford,Joe Johnson,Marvin Williams,Maurice Evans,Al Harrington,Chris Duhon,Danilo Gallinari,David Lee,Larry Hughes,4,11:21,NYK,shot,Al Harrington,,,,,,,,,David Lee,2,,,made,,jump bank,31,7
Al Horford,Jamal Crawford,Joe Johnson,Marvin Williams,Maurice Evans,Al Harrington,Chris Duhon,Danilo Gallinari,David Lee,Larry Hughes,4,11:07,ATL,shot,,,,,,,,,,Jamal Crawford,2,,,made,,jump,16,19
Al Horford,Jamal Crawford,Joe Johnson,Marvin Williams,Maurice Evans,Al Harrington,Chris Duhon,Danilo Gallinari,David Lee,Larry Hughes,4,10:45,NYK,turnover,,,,,,,,,,David Lee,,,traveling,,,,,
Al Horford,Jamal Crawford,Joe Johnson,Marvin Williams,Maurice Evans,Al Harrington,Chris Duhon,Danilo Gallinari,David Lee,Larry Hughes,4,10:30,ATL,shot,,,,,,,,,,Jamal Crawford,,,,missed,,jump,21,24
Al Horford,Jamal Crawford,Joe Johnson,Marvin Williams,Maurice Evans,Al Harrington,Chris Duhon,Danilo Gallinari,David Lee,Larry Hughes,4,10:29,NYK,rebound,,,,,,,,,,David Lee,,,,,,def,,
Al Horford,Jamal Crawford,Joe Johnson,Marvin Williams,Maurice Evans,Al Harrington,Chris Duhon,Danilo Gallinari,David Lee,Larry Hughes,4,10:20,NYK,shot,,,,,,,,,,Chris Duhon,,,,missed,,3pt,25,32
Al Horford,Jamal Crawford,Joe Johnson,Marvin Williams,Maurice Evans,Al Harrington,Chris Duhon,Danilo Gallinari,David Lee,Larry Hughes,4,10:19,ATL,rebound,,,,,,,,,,Joe Johnson,,,,,,def,,
Al Horford,Jamal Crawford,Joe Johnson,Marvin Williams,Maurice Evans,Al Harrington,Chris Duhon,Danilo Gallinari,David Lee,Larry Hughes,4,10:09,ATL,shot,,,,,,,,,,Marvin Williams,,,,missed,,jump,35,22
Al Horford,Jamal Crawford,Joe Johnson,Marvin Williams,Maurice Evans,Al Harrington,Chris Duhon,Danilo Gallinari,David Lee,Larry Hughes,4,10:08,ATL,rebound,,,,,,,,,,Joe Johnson,,,,,,off,,
Al Horford,Jamal Crawford,Joe Johnson,Marvin Williams,Maurice Evans,Al Harrington,Chris Duhon,Danilo Gallinari,David Lee,Larry Hughes,4,10:04,NYK,foul,,,,,,,,Joe Johnson,,Larry Hughes,,,,,,personal,,
Al Horford,Jamal Crawford,Joe Johnson,Marvin Williams,Maurice Evans,Al Harrington,Danilo Gallinari,David Lee,Larry Hughes,Toney Douglas,4,10:04,NYK,sub,,,,Toney Douglas,,Chris Duhon,,,,,,,,,,,,
Al Horford,Jamal Crawford,Joe Johnson,Marvin Williams,Maurice Evans,Al Harrington,Danilo Gallinari,David Lee,Jared Jeffries,Toney Douglas,4,10:04,NYK,sub,,,,Jared Jeffries,,Larry Hughes,,,,,,,,,,,,
Al Horford,Jamal Crawford,Joe Johnson,Marvin Williams,Maurice Evans,Al Harrington,Danilo Gallinari,David Lee,Jared Jeffries,Toney Douglas,4,9:54,ATL,shot,,,,,,,,,,Joe Johnson,,,,missed,,layup,25,6
Al Horford,Jamal Crawford,Joe Johnson,Marvin Williams,Maurice Evans,Al Harrington,Danilo Gallinari,David Lee,Jared Jeffries,Toney Douglas,4,9:52,ATL,rebound,,,,,,,,,,Al Horford,,,,,,off,,
Al Horford,Jamal Crawford,Joe Johnson,Marvin Williams,Maurice Evans,Al Harrington,Danilo Gallinari,David Lee,Jared Jeffries,Toney Douglas,4,9:52,ATL,shot,,,,,,,,,,Al Horford,2,,,made,,tip,25,6
Al Horford,Jamal Crawford,Joe Johnson,Marvin Williams,Maurice Evans,Al Harrington,Danilo Gallinari,David Lee,Jared Jeffries,Toney Douglas,4,9:43,ATL,foul,,,,,,,,Al Harrington,,Marvin Williams,,,,,,personal,,
Al Horford,Jamal Crawford,Joe Johnson,Marvin Williams,Maurice Evans,Al Harrington,Danilo Gallinari,David Lee,Jared Jeffries,Toney Douglas,4,9:36,ATL,foul,,,,,,,,Danilo Gallinari,,Marvin Williams,,,,,,shooting,,
Al Horford,Jamal Crawford,Joe Johnson,Josh Smith,Maurice Evans,Al Harrington,Danilo Gallinari,David Lee,Jared Jeffries,Toney Douglas,4,9:36,ATL,sub,,,,Josh Smith,,Marvin Williams,,,,,,,,,,,,
Al Horford,Jamal Crawford,Joe Johnson,Josh Smith,Maurice Evans,Al Harrington,Danilo Gallinari,David Lee,Jared Jeffries,Toney Douglas,4,9:36,NYK,free throw,,,,,,,1,,2,Danilo Gallinari,,,foul,made,,,,
Al Horford,Jamal Crawford,Joe Johnson,Josh Smith,Maurice Evans,Al Harrington,Danilo Gallinari,David Lee,Jared Jeffries,Toney Douglas,4,9:36,NYK,free throw,,,,,,,2,,2,Danilo Gallinari,,,foul,made,,,,
Al Horford,Jamal Crawford,Joe Johnson,Josh Smith,Maurice Evans,Al Harrington,Danilo Gallinari,David Lee,Jared Jeffries,Toney Douglas,4,9:16,ATL,shot,,,,,,,,,,Joe Johnson,2,,,made,,fade away jumper,9,17
Al Horford,Jamal Crawford,Joe Johnson,Josh Smith,Maurice Evans,Al Harrington,Danilo Gallinari,David Lee,Jared Jeffries,Toney Douglas,4,9:01,NYK,shot,Danilo Gallinari,,,,,,,,,Toney Douglas,3,,,made,,3pt,29,30
Al Horford,Jamal Crawford,Joe Johnson,Josh Smith,Maurice Evans,Al Harrington,Danilo Gallinari,David Lee,Jared Jeffries,Toney Douglas,4,8:42,ATL,shot,,,,,,,,,,Joe Johnson,,,,missed,,layup,25,6
Al Horford,Jamal Crawford,Joe Johnson,Josh Smith,Maurice Evans,Al Harrington,Danilo Gallinari,David Lee,Jared Jeffries,Toney Douglas,4,8:41,NYK,rebound,,,,,,,,,,David Lee,,,,,,def,,
Al Horford,Jamal Crawford,Joe Johnson,Josh Smith,Maurice Evans,Al Harrington,Danilo Gallinari,David Lee,Jared Jeffries,Toney Douglas,4,8:28,NYK,shot,,,,,,,,,,Toney Douglas,2,,,made,,jump,39,19
Al Horford,Jamal Crawford,Joe Johnson,Josh Smith,Maurice Evans,Al Harrington,Danilo Gallinari,David Lee,Jared Jeffries,Toney Douglas,4,8:04,ATL,shot,,,,,,,,,,Al Horford,2,,,made,,turnaround fade away,32,8
Al Horford,Jamal Crawford,Joe Johnson,Josh Smith,Maurice Evans,Al Harrington,Danilo Gallinari,David Lee,Jared Jeffries,Toney Douglas,4,7:50,NYK,shot,,,,,,,,,,David Lee,,,,missed,,jump,12,12
Al Horford,Jamal Crawford,Joe Johnson,Josh Smith,Maurice Evans,Al Harrington,Danilo Gallinari,David Lee,Jared Jeffries,Toney Douglas,4,7:49,ATL,rebound,,,,,,,,,,Maurice Evans,,,,,,def,,
Al Horford,Jamal Crawford,Joe Johnson,Josh Smith,Maurice Evans,Al Harrington,Danilo Gallinari,David Lee,Jared Jeffries,Toney Douglas,4,7:31,ATL,turnover,,,,,,,,,,Al Horford,,,lost ball,,Al Harrington,,,
Al Horford,Jamal Crawford,Joe Johnson,Josh Smith,Maurice Evans,Al Harrington,Danilo Gallinari,David Lee,Jared Jeffries,Toney Douglas,4,7:28,NYK,turnover,,,,,,,,,,Jared Jeffries,,,out of bounds lost ball turnover,,,,,
Al Horford,Jamal Crawford,Joe Johnson,Josh Smith,Maurice Evans,Al Harrington,Danilo Gallinari,Jared Jeffries,Toney Douglas,Wilson Chandler,4,7:28,NYK,sub,,,,Wilson Chandler,,David Lee,,,,,,,,,,,,
Al Horford,Jamal Crawford,Joe Johnson,Josh Smith,Maurice Evans,Al Harrington,Danilo Gallinari,Larry Hughes,Toney Douglas,Wilson Chandler,4,7:28,NYK,sub,,,,Larry Hughes,,Jared Jeffries,,,,,,,,,,,,
Al Horford,Jamal Crawford,Joe Johnson,Josh Smith,Mike Bibby,Al Harrington,Danilo Gallinari,Larry Hughes,Toney Douglas,Wilson Chandler,4,7:28,ATL,sub,,,,Mike Bibby,,Maurice Evans,,,,,,,,,,,,
Al Horford,Jamal Crawford,Joe Johnson,Josh Smith,Mike Bibby,Al Harrington,Danilo Gallinari,Larry Hughes,Toney Douglas,Wilson Chandler,4,7:06,NYK,foul,,,,,,,,Joe Johnson,,Toney Douglas,,,,,,personal,,
Al Horford,Jamal Crawford,Joe Johnson,Josh Smith,Mike Bibby,Al Harrington,Danilo Gallinari,Larry Hughes,Toney Douglas,Wilson Chandler,4,7:01,ATL,shot,Al Horford,,,,,,,,,Mike Bibby,3,,,made,,3pt,49,15
Al Horford,Jamal Crawford,Joe Johnson,Josh Smith,Mike Bibby,Al Harrington,Danilo Gallinari,Larry Hughes,Toney Douglas,Wilson Chandler,4,6:47,NYK,shot,Toney Douglas,,,,,,,,,Danilo Gallinari,3,,,made,,3pt,23,31
Al Horford,Jamal Crawford,Joe Johnson,Josh Smith,Mike Bibby,Al Harrington,Danilo Gallinari,Larry Hughes,Toney Douglas,Wilson Chandler,4,6:24,ATL,shot,Joe Johnson,,,,,,,,,Josh Smith,2,,,made,,layup,25,6
Al Horford,Jamal Crawford,Joe Johnson,Josh Smith,Mike Bibby,Al Harrington,Danilo Gallinari,Larry Hughes,Toney Douglas,Wilson Chandler,4,6:08,NYK,shot,,,Al Horford,,,,,,,Danilo Gallinari,,,,missed,,layup,25,6
Al Horford,Jamal Crawford,Joe Johnson,Josh Smith,Mike Bibby,Al Harrington,Danilo Gallinari,Larry Hughes,Toney Douglas,Wilson Chandler,4,6:07,NYK,rebound,,,,,,,,,,,,,,,,,,
Al Horford,Jamal Crawford,Joe Johnson,Josh Smith,Mike Bibby,Al Harrington,Danilo Gallinari,Larry Hughes,Toney Douglas,Wilson Chandler,4,6:04,NYK,shot,Larry Hughes,,,,,,,,,Toney Douglas,2,,,made,,layup,25,6
Al Horford,Jamal Crawford,Joe Johnson,Josh Smith,Mike Bibby,Al Harrington,Danilo Gallinari,Larry Hughes,Toney Douglas,Wilson Chandler,4,5:50,NYK,timeout,,,,,,,,,,,,,,,,regular,,
Al Horford,Jamal Crawford,Joe Johnson,Josh Smith,Mike Bibby,Al Harrington,Danilo Gallinari,Larry Hughes,Toney Douglas,Wilson Chandler,4,5:36,ATL,shot,,,,,,,,,,Joe Johnson,,,,missed,,3pt,42,25
Al Horford,Jamal Crawford,Joe Johnson,Josh Smith,Mike Bibby,Al Harrington,Danilo Gallinari,Larry Hughes,Toney Douglas,Wilson Chandler,4,5:35,NYK,rebound,,,,,,,,,,Al Harrington,,,,,,def,,
Al Horford,Jamal Crawford,Joe Johnson,Josh Smith,Mike Bibby,Al Harrington,Danilo Gallinari,Larry Hughes,Toney Douglas,Wilson Chandler,4,5:22,NYK,shot,,,,,,,,,,Toney Douglas,,,,missed,,jump,11,18
Al Horford,Jamal Crawford,Joe Johnson,Josh Smith,Mike Bibby,Al Harrington,Danilo Gallinari,Larry Hughes,Toney Douglas,Wilson Chandler,4,5:20,ATL,rebound,,,,,,,,,,Mike Bibby,,,,,,def,,
Al Horford,Jamal Crawford,Joe Johnson,Josh Smith,Mike Bibby,Al Harrington,Danilo Gallinari,Larry Hughes,Toney Douglas,Wilson Chandler,4,5:13,ATL,shot,Mike Bibby,,,,,,,,,Al Horford,2,,,made,,driving dunk,25,6
Al Horford,Jamal Crawford,Joe Johnson,Josh Smith,Mike Bibby,Al Harrington,Danilo Gallinari,Larry Hughes,Toney Douglas,Wilson Chandler,4,4:56,NYK,shot,,,,,,,,,,Al Harrington,2,,,made,,layup,25,6
Al Horford,Jamal Crawford,Joe Johnson,Josh Smith,Mike Bibby,Al Harrington,Danilo Gallinari,Larry Hughes,Toney Douglas,Wilson Chandler,4,4:40,ATL,shot,Mike Bibby,,,,,,,,,Josh Smith,2,,,made,,layup,25,6
Al Horford,Jamal Crawford,Joe Johnson,Josh Smith,Mike Bibby,Al Harrington,Danilo Gallinari,Larry Hughes,Toney Douglas,Wilson Chandler,4,4:40,NYK,foul,,,,,,,,Josh Smith,,Al Harrington,,,,,,shooting,,
Al Horford,Jamal Crawford,Joe Johnson,Josh Smith,Mike Bibby,Al Harrington,Danilo Gallinari,Larry Hughes,Toney Douglas,Wilson Chandler,4,4:40,ATL,free throw,,,,,,,1,,1,Josh Smith,,,foul,made,,,,
Al Horford,Jamal Crawford,Joe Johnson,Josh Smith,Mike Bibby,Al Harrington,Danilo Gallinari,Larry Hughes,Toney Douglas,Wilson Chandler,4,4:34,NYK,shot,,,,,,,,,,Toney Douglas,,,,missed,,jump,33,9
Al Horford,Jamal Crawford,Joe Johnson,Josh Smith,Mike Bibby,Al Harrington,Danilo Gallinari,Larry Hughes,Toney Douglas,Wilson Chandler,4,4:33,ATL,rebound,,,,,,,,,,Josh Smith,,,,,,def,,
Al Horford,Jamal Crawford,Joe Johnson,Josh Smith,Mike Bibby,Al Harrington,Danilo Gallinari,Larry Hughes,Toney Douglas,Wilson Chandler,4,4:28,ATL,shot,,,,,,,,,,Jamal Crawford,,,,missed,,layup,25,6
Al Horford,Jamal Crawford,Joe Johnson,Josh Smith,Mike Bibby,Al Harrington,Danilo Gallinari,Larry Hughes,Toney Douglas,Wilson Chandler,4,4:27,NYK,rebound,,,,,,,,,,Danilo Gallinari,,,,,,def,,
Al Horford,Jamal Crawford,Joe Johnson,Josh Smith,Mike Bibby,Al Harrington,Danilo Gallinari,Larry Hughes,Toney Douglas,Wilson Chandler,4,4:18,NYK,shot,,,,,,,,,,Al Harrington,,,,missed,,layup,25,6
Al Horford,Jamal Crawford,Joe Johnson,Josh Smith,Mike Bibby,Al Harrington,Danilo Gallinari,Larry Hughes,Toney Douglas,Wilson Chandler,4,4:16,ATL,rebound,,,,,,,,,,Josh Smith,,,,,,def,,
Al Horford,Jamal Crawford,Joe Johnson,Josh Smith,Mike Bibby,Al Harrington,Danilo Gallinari,Larry Hughes,Toney Douglas,Wilson Chandler,4,3:58,ATL,shot,,,,,,,,,,Josh Smith,,,,missed,,jump,9,17
Al Horford,Jamal Crawford,Joe Johnson,Josh Smith,Mike Bibby,Al Harrington,Danilo Gallinari,Larry Hughes,Toney Douglas,Wilson Chandler,4,3:57,NYK,rebound,,,,,,,,,,Al Harrington,,,,,,def,,
Al Horford,Jamal Crawford,Joe Johnson,Josh Smith,Mike Bibby,Al Harrington,Danilo Gallinari,Larry Hughes,Toney Douglas,Wilson Chandler,4,3:44,NYK,turnover,,,,,,,,,,Danilo Gallinari,,,lost ball,,Al Horford,,,
Al Horford,Jamal Crawford,Joe Johnson,Josh Smith,Mike Bibby,Al Harrington,Danilo Gallinari,Larry Hughes,Toney Douglas,Wilson Chandler,4,3:41,ATL,shot,Joe Johnson,,,,,,,,,Josh Smith,2,,,made,,driving layup,25,6
Al Horford,Jamal Crawford,Joe Johnson,Josh Smith,Mike Bibby,Al Harrington,Danilo Gallinari,Larry Hughes,Toney Douglas,Wilson Chandler,4,3:41,NYK,foul,,,,,,,,Josh Smith,,Wilson Chandler,,,,,,shooting,,
Al Horford,Jamal Crawford,Joe Johnson,Josh Smith,Mike Bibby,Al Harrington,Danilo Gallinari,Larry Hughes,Toney Douglas,Wilson Chandler,4,3:41,NYK,timeout,,,,,,,,,,,,,,,,regular,,
Al Horford,Jamal Crawford,Joe Johnson,Josh Smith,Mike Bibby,Al Harrington,Danilo Gallinari,Larry Hughes,Toney Douglas,Wilson Chandler,4,3:41,ATL,free throw,,,,,,,1,,1,Josh Smith,,,foul,missed,,,,
Al Horford,Jamal Crawford,Joe Johnson,Josh Smith,Mike Bibby,Al Harrington,Danilo Gallinari,Larry Hughes,Toney Douglas,Wilson Chandler,4,3:40,NYK,rebound,,,,,,,,,,Wilson Chandler,,,,,,def,,
Al Horford,Jamal Crawford,Joe Johnson,Josh Smith,Mike Bibby,Al Harrington,Danilo Gallinari,Larry Hughes,Toney Douglas,Wilson Chandler,4,3:25,NYK,shot,,,,,,,,,,Danilo Gallinari,,,,missed,,3pt,3,10
Al Horford,Jamal Crawford,Joe Johnson,Josh Smith,Mike Bibby,Al Harrington,Danilo Gallinari,Larry Hughes,Toney Douglas,Wilson Chandler,4,3:25,NYK,rebound,,,,,,,,,,Al Harrington,,,,,,off,,
Al Horford,Jamal Crawford,Joe Johnson,Josh Smith,Mike Bibby,Al Harrington,Danilo Gallinari,Larry Hughes,Toney Douglas,Wilson Chandler,4,3:25,ATL,foul,,,,,,,,Al Harrington,,Al Horford,,,,,,personal,,
Al Horford,Jamal Crawford,Joe Johnson,Josh Smith,Mike Bibby,Al Harrington,Danilo Gallinari,Larry Hughes,Toney Douglas,Wilson Chandler,4,3:15,NYK,shot,,,,,,,,,,Wilson Chandler,2,,,made,,turnaround fade away,10,10
Al Horford,Jamal Crawford,Joe Johnson,Josh Smith,Mike Bibby,Al Harrington,Danilo Gallinari,Larry Hughes,Toney Douglas,Wilson Chandler,4,2:49,ATL,shot,,,,,,,,,,Joe Johnson,2,,,made,,jump,33,24
Al Horford,Jamal Crawford,Joe Johnson,Josh Smith,Mike Bibby,Al Harrington,Danilo Gallinari,Larry Hughes,Toney Douglas,Wilson Chandler,4,2:38,NYK,shot,,,,,,,,,,Al Harrington,2,,,made,,driving layup,25,6
Al Horford,Jamal Crawford,Joe Johnson,Josh Smith,Mike Bibby,Al Harrington,Danilo Gallinari,Larry Hughes,Toney Douglas,Wilson Chandler,4,2:20,NYK,foul,,,,,,,,Al Horford,,Larry Hughes,,,,,,shooting,,
Al Horford,Jamal Crawford,Joe Johnson,Josh Smith,Mike Bibby,Al Harrington,Danilo Gallinari,Larry Hughes,Toney Douglas,Wilson Chandler,4,2:20,ATL,free throw,,,,,,,1,,2,Al Horford,,,foul,made,,,,
Al Horford,Jamal Crawford,Joe Johnson,Josh Smith,Mike Bibby,Al Harrington,Danilo Gallinari,Larry Hughes,Toney Douglas,Wilson Chandler,4,2:20,ATL,free throw,,,,,,,2,,2,Al Horford,,,foul,missed,,,,
Al Horford,Jamal Crawford,Joe Johnson,Josh Smith,Mike Bibby,Al Harrington,Danilo Gallinari,Larry Hughes,Toney Douglas,Wilson Chandler,4,2:19,NYK,rebound,,,,,,,,,,Danilo Gallinari,,,,,,def,,
Al Horford,Jamal Crawford,Joe Johnson,Josh Smith,Mike Bibby,Al Harrington,Danilo Gallinari,Larry Hughes,Toney Douglas,Wilson Chandler,4,1:55,NYK,shot,,,,,,,,,,Toney Douglas,,,,missed,,3pt,44,30
Al Horford,Jamal Crawford,Joe Johnson,Josh Smith,Mike Bibby,Al Harrington,Danilo Gallinari,Larry Hughes,Toney Douglas,Wilson Chandler,4,1:54,ATL,rebound,,,,,,,,,,Al Horford,,,,,,def,,
Al Horford,Jamal Crawford,Joe Johnson,Josh Smith,Mike Bibby,Al Harrington,Danilo Gallinari,Larry Hughes,Toney Douglas,Wilson Chandler,4,1:51,NYK,foul,,,,,,,,Mike Bibby,,Larry Hughes,,,,,,personal,,
Al Horford,Jamal Crawford,Joe Johnson,Josh Smith,Mike Bibby,Al Harrington,Danilo Gallinari,Larry Hughes,Toney Douglas,Wilson Chandler,4,1:51,ATL,free throw,,,,,,,1,,2,Mike Bibby,,,foul,made,,,,
Al Horford,Jamal Crawford,Josh Smith,Maurice Evans,Mike Bibby,Al Harrington,Danilo Gallinari,Larry Hughes,Toney Douglas,Wilson Chandler,4,1:51,ATL,sub,,,,Maurice Evans,,Joe Johnson,,,,,,,,,,,,
Al Horford,Jamal Crawford,Josh Smith,Maurice Evans,Mike Bibby,Al Harrington,Danilo Gallinari,Larry Hughes,Toney Douglas,Wilson Chandler,4,1:51,ATL,free throw,,,,,,,2,,2,Mike Bibby,,,foul,made,,,,
Al Horford,Jamal Crawford,Josh Smith,Maurice Evans,Mike Bibby,Al Harrington,Danilo Gallinari,Larry Hughes,Toney Douglas,Wilson Chandler,4,1:41,NYK,shot,,,,,,,,,,Toney Douglas,,,,missed,,layup,25,6
Al Horford,Jamal Crawford,Josh Smith,Maurice Evans,Mike Bibby,Al Harrington,Danilo Gallinari,Larry Hughes,Toney Douglas,Wilson Chandler,4,1:39,ATL,rebound,,,,,,,,,,Josh Smith,,,,,,def,,
Al Horford,Jamal Crawford,Josh Smith,Maurice Evans,Mike Bibby,Al Harrington,Danilo Gallinari,Larry Hughes,Toney Douglas,Wilson Chandler,4,1:34,ATL,timeout,,,,,,,,,,,,,,,,short,,
Al Horford,Jamal Crawford,Josh Smith,Maurice Evans,Mike Bibby,Al Harrington,Danilo Gallinari,Jordan Hill,Larry Hughes,Toney Douglas,4,1:34,NYK,sub,,,,Jordan Hill,,Wilson Chandler,,,,,,,,,,,,
Al Horford,Jamal Crawford,Josh Smith,Maurice Evans,Mike Bibby,Al Harrington,Jordan Hill,Larry Hughes,Marcus Landry,Toney Douglas,4,1:34,NYK,sub,,,,Marcus Landry,,Danilo Gallinari,,,,,,,,,,,,
Jamal Crawford,Jeff Teague,Josh Smith,Maurice Evans,Mike Bibby,Al Harrington,Jordan Hill,Larry Hughes,Marcus Landry,Toney Douglas,4,1:34,ATL,sub,,,,Jeff Teague,,Al Horford,,,,,,,,,,,,
Jamal Crawford,Jeff Teague,Josh Smith,Maurice Evans,Randolph Morris,Al Harrington,Jordan Hill,Larry Hughes,Marcus Landry,Toney Douglas,4,1:34,ATL,sub,,,,Randolph Morris,,Mike Bibby,,,,,,,,,,,,
Jamal Crawford,Jeff Teague,Josh Smith,Maurice Evans,Randolph Morris,Al Harrington,Jordan Hill,Larry Hughes,Marcus Landry,Toney Douglas,4,1:18,ATL,turnover,,,,,,,,,,Josh Smith,,,bad pass,,Al Harrington,,,
Jamal Crawford,Jeff Teague,Josh Smith,Maurice Evans,Randolph Morris,Al Harrington,Jordan Hill,Larry Hughes,Marcus Landry,Toney Douglas,4,1:13,NYK,shot,Larry Hughes,,,,,,,,,Jordan Hill,2,,,made,,slam dunk,25,6
Jamal Crawford,Jeff Teague,Josh Smith,Maurice Evans,Randolph Morris,Al Harrington,Jordan Hill,Larry Hughes,Marcus Landry,Toney Douglas,4,0:55,NYK,foul,,,,,,,,Maurice Evans,,Marcus Landry,,,,,,shooting,,
Jamal Crawford,Jeff Teague,Josh Smith,Maurice Evans,Randolph Morris,Al Harrington,Jordan Hill,Larry Hughes,Marcus Landry,Toney Douglas,4,0:55,ATL,free throw,,,,,,,1,,3,Maurice Evans,,,foul,made,,,,
Jamal Crawford,Jeff Teague,Josh Smith,Maurice Evans,Randolph Morris,Al Harrington,Jordan Hill,Larry Hughes,Marcus Landry,Toney Douglas,4,0:55,ATL,free throw,,,,,,,2,,3,Maurice Evans,,,foul,made,,,,
Jamal Crawford,Jeff Teague,Josh Smith,Maurice Evans,Randolph Morris,Al Harrington,Jordan Hill,Larry Hughes,Marcus Landry,Toney Douglas,4,0:55,ATL,free throw,,,,,,,3,,3,Maurice Evans,,,foul,made,,,,
Jamal Crawford,Jeff Teague,Josh Smith,Maurice Evans,Randolph Morris,Al Harrington,Jordan Hill,Larry Hughes,Marcus Landry,Toney Douglas,4,0:45,NYK,shot,,,,,,,,,,Al Harrington,,,,missed,,3pt,45,20
Jamal Crawford,Jeff Teague,Josh Smith,Maurice Evans,Randolph Morris,Al Harrington,Jordan Hill,Larry Hughes,Marcus Landry,Toney Douglas,4,0:44,NYK,rebound,,,,,,,,,,Marcus Landry,,,,,,off,,
Jamal Crawford,Jeff Teague,Josh Smith,Maurice Evans,Randolph Morris,Al Harrington,Jordan Hill,Larry Hughes,Marcus Landry,Toney Douglas,4,0:37,NYK,shot,,,,,,,,,,Marcus Landry,,,,missed,,3pt,1,11
Jamal Crawford,Jeff Teague,Josh Smith,Maurice Evans,Randolph Morris,Al Harrington,Jordan Hill,Larry Hughes,Marcus Landry,Toney Douglas,4,0:35,ATL,rebound,,,,,,,,,,Jamal Crawford,,,,,,def,,
Jamal Crawford,Jeff Teague,Josh Smith,Maurice Evans,Randolph Morris,Al Harrington,Jordan Hill,Larry Hughes,Marcus Landry,Toney Douglas,4,0:17,ATL,shot,,,,,,,,,,Jamal Crawford,,,,missed,,3pt,49,5
Jamal Crawford,Jeff Teague,Josh Smith,Maurice Evans,Randolph Morris,Al Harrington,Jordan Hill,Larry Hughes,Marcus Landry,Toney Douglas,4,0:15,NYK,rebound,,,,,,,,,,Al Harrington,,,,,,def,,
Jamal Crawford,Jeff Teague,Josh Smith,Maurice Evans,Randolph Morris,Al Harrington,Jordan Hill,Larry Hughes,Marcus Landry,Toney Douglas,4,0:12,NYK,shot,Al Harrington,,,,,,,,,Larry Hughes,2,,,made,,layup,25,6
