a1,a2,a3,a4,a5,h1,h2,h3,h4,h5,period,time,team,etype,assist,away,block,entered,home,left,num,opponent,outof,player,points,possession,reason,result,steal,type,x,y
Dirk Nowitzki,Drew Gooden,Jason Kidd,Rodrigue Beaubois,Shawn Marion,Anthony Parker,J.J. Hickson,LeBron James,Mo Williams,Shaquille O'Neal,1,12:00,OFF,jump ball,,Drew Gooden,,,Shaquille O'Neal,,,,,,,J.J. Hickson,,,,,,
Dirk Nowitzki,Drew Gooden,Jason Kidd,Rodrigue Beaubois,Shawn Marion,Anthony Parker,J.J. Hickson,LeBron James,Mo Williams,Shaquille O'Neal,1,11:38,CLE,turnover,,,,,,,,,,Mo Williams,,,bad pass,,Drew Gooden,,,
Dirk Nowitzki,Drew Gooden,Jason Kidd,Rodrigue Beaubois,Shawn Marion,Anthony Parker,J.J. Hickson,LeBron James,Mo Williams,Shaquille O'Neal,1,11:22,DAL,shot,Jason Kidd,,,,,,,,,Dirk Nowitzki,2,,,made,,jump,31,22
Dirk Nowitzki,Drew Gooden,Jason Kidd,Rodrigue Beaubois,Shawn Marion,Anthony Parker,J.J. Hickson,LeBron James,Mo Williams,Shaquille O'Neal,1,11:01,CLE,shot,LeBron James,,,,,,,,,Shaquille O'Neal,2,,,made,,running jump,27,13
Dirk Nowitzki,Drew Gooden,Jason Kidd,Rodrigue Beaubois,Shawn Marion,Anthony Parker,J.J. Hickson,LeBron James,Mo Williams,Shaquille O'Neal,1,10:46,DAL,shot,,,,,,,,,,Rodrigue Beaubois,,,,missed,,jump,36,26
Dirk Nowitzki,Drew Gooden,Jason Kidd,Rodrigue Beaubois,Shawn Marion,Anthony Parker,J.J. Hickson,LeBron James,Mo Williams,Shaquille O'Neal,1,10:45,CLE,rebound,,,,,,,,,,Mo Williams,,,,,,def,,
Dirk Nowitzki,Drew Gooden,Jason Kidd,Rodrigue Beaubois,Shawn Marion,Anthony Parker,J.J. Hickson,LeBron James,Mo Williams,Shaquille O'Neal,1,10:39,CLE,shot,LeBron James,,,,,,,,,Shaquille O'Neal,2,,,made,,driving dunk,25,7
Dirk Nowitzki,Drew Gooden,Jason Kidd,Rodrigue Beaubois,Shawn Marion,Anthony Parker,J.J. Hickson,LeBron James,Mo Williams,Shaquille O'Neal,1,10:20,DAL,shot,Jason Kidd,,,,,,,,,Drew Gooden,2,,,made,,jump,9,9
Dirk Nowitzki,Drew Gooden,Jason Kidd,Rodrigue Beaubois,Shawn Marion,Anthony Parker,J.J. Hickson,LeBron James,Mo Williams,Shaquille O'Neal,1,10:03,CLE,shot,,,,,,,,,,Anthony Parker,,,,missed,,jump,47,9
Dirk Nowitzki,Drew Gooden,Jason Kidd,Rodrigue Beaubois,Shawn Marion,Anthony Parker,J.J. Hickson,LeBron James,Mo Williams,Shaquille O'Neal,1,10:01,CLE,rebound,,,,,,,,,,Shaquille O'Neal,,,,,,off,,
Dirk Nowitzki,Drew Gooden,Jason Kidd,Rodrigue Beaubois,Shawn Marion,Anthony Parker,J.J. Hickson,LeBron James,Mo Williams,Shaquille O'Neal,1,9:47,DAL,foul,,,,,,,,Shaquille O'Neal,,Drew Gooden,,,,,,personal,,
Dirk Nowitzki,Drew Gooden,Jason Kidd,Rodrigue Beaubois,Shawn Marion,Anthony Parker,J.J. Hickson,LeBron James,Mo Williams,Shaquille O'Neal,1,9:38,CLE,shot,,,,,,,,,,Mo Williams,,,,missed,,floating jump,25,13
Dirk Nowitzki,Drew Gooden,Jason Kidd,Rodrigue Beaubois,Shawn Marion,Anthony Parker,J.J. Hickson,LeBron James,Mo Williams,Shaquille O'Neal,1,9:36,DAL,rebound,,,,,,,,,,Drew Gooden,,,,,,def,,
Dirk Nowitzki,Drew Gooden,Jason Kidd,Rodrigue Beaubois,Shawn Marion,Anthony Parker,J.J. Hickson,LeBron James,Mo Williams,Shaquille O'Neal,1,9:26,CLE,foul,,,,,,,,Shawn Marion,,Anthony Parker,,,,,,shooting,,
Dirk Nowitzki,Drew Gooden,Jason Kidd,Rodrigue Beaubois,Shawn Marion,Anthony Parker,J.J. Hickson,LeBron James,Mo Williams,Shaquille O'Neal,1,9:26,DAL,free throw,,,,,,,1,,2,Shawn Marion,,,foul,made,,,,
Dirk Nowitzki,Drew Gooden,Jason Kidd,Rodrigue Beaubois,Shawn Marion,Anthony Parker,J.J. Hickson,LeBron James,Mo Williams,Shaquille O'Neal,1,9:26,DAL,free throw,,,,,,,2,,2,Shawn Marion,,,foul,made,,,,
Dirk Nowitzki,Drew Gooden,Jason Kidd,Rodrigue Beaubois,Shawn Marion,Anthony Parker,J.J. Hickson,LeBron James,Mo Williams,Shaquille O'Neal,1,9:11,CLE,shot,,,,,,,,,,J.J. Hickson,,,,missed,,turnaround jump,18,14
Dirk Nowitzki,Drew Gooden,Jason Kidd,Rodrigue Beaubois,Shawn Marion,Anthony Parker,J.J. Hickson,LeBron James,Mo Williams,Shaquille O'Neal,1,9:09,DAL,rebound,,,,,,,,,,Shawn Marion,,,,,,def,,
Dirk Nowitzki,Drew Gooden,Jason Kidd,Rodrigue Beaubois,Shawn Marion,Anthony Parker,J.J. Hickson,LeBron James,Mo Williams,Shaquille O'Neal,1,9:00,DAL,shot,,,,,,,,,,Dirk Nowitzki,,,,missed,,jump,31,23
Dirk Nowitzki,Drew Gooden,Jason Kidd,Rodrigue Beaubois,Shawn Marion,Anthony Parker,J.J. Hickson,LeBron James,Mo Williams,Shaquille O'Neal,1,8:59,CLE,rebound,,,,,,,,,,LeBron James,,,,,,def,,
Dirk Nowitzki,Drew Gooden,Jason Kidd,Rodrigue Beaubois,Shawn Marion,Anthony Parker,J.J. Hickson,LeBron James,Mo Williams,Shaquille O'Neal,1,8:51,CLE,shot,LeBron James,,,,,,,,,Mo Williams,3,,,made,,3pt,41,26
Dirk Nowitzki,Drew Gooden,Jason Kidd,Rodrigue Beaubois,Shawn Marion,Anthony Parker,J.J. Hickson,LeBron James,Mo Williams,Shaquille O'Neal,1,8:40,DAL,shot,,,Mo Williams,,,,,,,Rodrigue Beaubois,,,,missed,,layup,25,7
Dirk Nowitzki,Drew Gooden,Jason Kidd,Rodrigue Beaubois,Shawn Marion,Anthony Parker,J.J. Hickson,LeBron James,Mo Williams,Shaquille O'Neal,1,8:40,CLE,rebound,,,,,,,,,,,,,,,,,,
Dirk Nowitzki,Drew Gooden,Jason Kidd,Rodrigue Beaubois,Shawn Marion,Anthony Parker,J.J. Hickson,LeBron James,Mo Williams,Shaquille O'Neal,1,8:16,CLE,shot,,,,,,,,,,LeBron James,,,,missed,,fade away jumper,19,22
Dirk Nowitzki,Drew Gooden,Jason Kidd,Rodrigue Beaubois,Shawn Marion,Anthony Parker,J.J. Hickson,LeBron James,Mo Williams,Shaquille O'Neal,1,8:13,CLE,rebound,,,,,,,,,,Shaquille O'Neal,,,,,,off,,
Dirk Nowitzki,Drew Gooden,Jason Kidd,Rodrigue Beaubois,Shawn Marion,Anthony Parker,J.J. Hickson,LeBron James,Mo Williams,Shaquille O'Neal,1,8:10,CLE,shot,Shaquille O'Neal,,,,,,,,,LeBron James,2,,,made,,driving dunk,25,6
Dirk Nowitzki,Drew Gooden,Jason Kidd,Rodrigue Beaubois,Shawn Marion,Anthony Parker,J.J. Hickson,LeBron James,Mo Williams,Shaquille O'Neal,1,8:00,DAL,shot,Jason Kidd,,,,,,,,,Shawn Marion,2,,,made,,layup,22,7
Dirk Nowitzki,Drew Gooden,Jason Kidd,Rodrigue Beaubois,Shawn Marion,Anthony Parker,J.J. Hickson,LeBron James,Mo Williams,Shaquille O'Neal,1,7:51,CLE,shot,,,,,,,,,,LeBron James,,,,missed,,layup,25,9
Dirk Nowitzki,Drew Gooden,Jason Kidd,Rodrigue Beaubois,Shawn Marion,Anthony Parker,J.J. Hickson,LeBron James,Mo Williams,Shaquille O'Neal,1,7:50,DAL,rebound,,,,,,,,,,Drew Gooden,,,,,,def,,
Dirk Nowitzki,Drew Gooden,Jason Kidd,Rodrigue Beaubois,Shawn Marion,Anthony Parker,J.J. Hickson,LeBron James,Mo Williams,Shaquille O'Neal,1,7:46,DAL,shot,Jason Kidd,,,,,,,,,Shawn Marion,2,,,made,,layup,26,6
Dirk Nowitzki,Drew Gooden,Jason Kidd,Rodrigue Beaubois,Shawn Marion,Anthony Parker,J.J. Hickson,LeBron James,Mo Williams,Shaquille O'Neal,1,7:35,CLE,shot,,,,,,,,,,Anthony Parker,,,,missed,,jump,39,15
Dirk Nowitzki,Drew Gooden,Jason Kidd,Rodrigue Beaubois,Shawn Marion,Anthony Parker,J.J. Hickson,LeBron James,Mo Williams,Shaquille O'Neal,1,7:31,CLE,rebound,,,,,,,,,,J.J. Hickson,,,,,,off,,
Dirk Nowitzki,Drew Gooden,Jason Kidd,Rodrigue Beaubois,Shawn Marion,Anthony Parker,J.J. Hickson,LeBron James,Mo Williams,Shaquille O'Neal,1,7:29,CLE,turnover,,,,,,,,,,J.J. Hickson,,,bad pass,,Dirk Nowitzki,,,
Dirk Nowitzki,Drew Gooden,Jason Kidd,Rodrigue Beaubois,Shawn Marion,Anthony Parker,J.J. Hickson,LeBron James,Mo Williams,Shaquille O'Neal,1,7:21,DAL,shot,,,,,,,,,,Dirk Nowitzki,2,,,made,,reverse layup,25,8
Dirk Nowitzki,Drew Gooden,Jason Kidd,Rodrigue Beaubois,Shawn Marion,Anthony Parker,J.J. Hickson,LeBron James,Mo Williams,Shaquille O'Neal,1,7:21,CLE,timeout,,,,,,,,,,,,,,,,regular,,
Dirk Nowitzki,Drew Gooden,Jason Kidd,Rodrigue Beaubois,Shawn Marion,Anthony Parker,J.J. Hickson,LeBron James,Mo Williams,Shaquille O'Neal,1,7:10,CLE,shot,LeBron James,,,,,,,,,Shaquille O'Neal,2,,,made,,alley oop dunk,25,6
Dirk Nowitzki,Drew Gooden,Jason Kidd,Rodrigue Beaubois,Shawn Marion,Anthony Parker,J.J. Hickson,LeBron James,Mo Williams,Shaquille O'Neal,1,6:48,DAL,shot,,,,,,,,,,Dirk Nowitzki,,,,missed,,jump,28,23
Dirk Nowitzki,Drew Gooden,Jason Kidd,Rodrigue Beaubois,Shawn Marion,Anthony Parker,J.J. Hickson,LeBron James,Mo Williams,Shaquille O'Neal,1,6:47,CLE,rebound,,,,,,,,,,LeBron James,,,,,,def,,
Dirk Nowitzki,Drew Gooden,Jason Kidd,Rodrigue Beaubois,Shawn Marion,Anthony Parker,J.J. Hickson,LeBron James,Mo Williams,Shaquille O'Neal,1,6:39,CLE,turnover,,,,,,,,,,Shaquille O'Neal,,,traveling,,,,,
Dirk Nowitzki,Drew Gooden,Jason Kidd,Rodrigue Beaubois,Shawn Marion,Anthony Parker,J.J. Hickson,LeBron James,Mo Williams,Shaquille O'Neal,1,6:30,DAL,shot,,,,,,,,,,Drew Gooden,,,,missed,,jump,28,26
Dirk Nowitzki,Drew Gooden,Jason Kidd,Rodrigue Beaubois,Shawn Marion,Anthony Parker,J.J. Hickson,LeBron James,Mo Williams,Shaquille O'Neal,1,6:29,CLE,rebound,,,,,,,,,,Shaquille O'Neal,,,,,,def,,
Dirk Nowitzki,Drew Gooden,Jason Kidd,Rodrigue Beaubois,Shawn Marion,Anthony Parker,J.J. Hickson,LeBron James,Mo Williams,Shaquille O'Neal,1,6:13,CLE,turnover,,,,,,,,,,Mo Williams,,,bad pass,,,,,
Dirk Nowitzki,Drew Gooden,Jason Kidd,Rodrigue Beaubois,Shawn Marion,Anthony Parker,J.J. Hickson,LeBron James,Mo Williams,Shaquille O'Neal,1,5:59,DAL,shot,,,,,,,,,,Jason Kidd,,,,missed,,3pt,48,9
Dirk Nowitzki,Drew Gooden,Jason Kidd,Rodrigue Beaubois,Shawn Marion,Anthony Parker,J.J. Hickson,LeBron James,Mo Williams,Shaquille O'Neal,1,5:58,CLE,rebound,,,,,,,,,,LeBron James,,,,,,def,,
Dirk Nowitzki,Drew Gooden,Jason Kidd,Rodrigue Beaubois,Shawn Marion,Anthony Parker,J.J. Hickson,LeBron James,Mo Williams,Shaquille O'Neal,1,5:49,CLE,shot,LeBron James,,,,,,,,,Anthony Parker,3,,,made,,3pt,2,7
Dirk Nowitzki,Drew Gooden,Jason Kidd,Rodrigue Beaubois,Shawn Marion,Anthony Parker,J.J. Hickson,LeBron James,Mo Williams,Shaquille O'Neal,1,5:39,DAL,shot,,,,,,,,,,Drew Gooden,,,,missed,,jump,41,10
Dirk Nowitzki,Drew Gooden,Jason Kidd,Rodrigue Beaubois,Shawn Marion,Anthony Parker,J.J. Hickson,LeBron James,Mo Williams,Shaquille O'Neal,1,5:38,CLE,rebound,,,,,,,,,,LeBron James,,,,,,def,,
Dirk Nowitzki,Drew Gooden,Jason Kidd,Rodrigue Beaubois,Shawn Marion,Anthony Parker,J.J. Hickson,LeBron James,Mo Williams,Shaquille O'Neal,1,5:33,DAL,foul,,,,,,,,LeBron James,,Shawn Marion,,,,,,shooting,,
Dirk Nowitzki,Drew Gooden,Jason Kidd,Rodrigue Beaubois,Shawn Marion,Anthony Parker,J.J. Hickson,LeBron James,Mo Williams,Shaquille O'Neal,1,5:33,CLE,free throw,,,,,,,1,,2,LeBron James,,,foul,made,,,,
Dirk Nowitzki,Drew Gooden,Jason Kidd,Jason Terry,Shawn Marion,Anthony Parker,J.J. Hickson,LeBron James,Mo Williams,Shaquille O'Neal,1,5:33,DAL,sub,,,,Jason Terry,,Rodrigue Beaubois,,,,,,,,,,,,
Dirk Nowitzki,Drew Gooden,Jason Kidd,Jason Terry,Shawn Marion,Anderson Varejao,Anthony Parker,J.J. Hickson,LeBron James,Mo Williams,1,5:33,CLE,sub,,,,Anderson Varejao,,Shaquille O'Neal,,,,,,,,,,,,
Dirk Nowitzki,Jason Kidd,Jason Terry,Shawn Marion,Tim Thomas,Anderson Varejao,Anthony Parker,J.J. Hickson,LeBron James,Mo Williams,1,5:33,DAL,sub,,,,Tim Thomas,,Drew Gooden,,,,,,,,,,,,
Dirk Nowitzki,Jason Kidd,Jason Terry,Shawn Marion,Tim Thomas,Anderson Varejao,Anthony Parker,J.J. Hickson,LeBron James,Mo Williams,1,5:33,CLE,free throw,,,,,,,2,,2,LeBron James,,,foul,made,,,,
Dirk Nowitzki,Jason Kidd,Jason Terry,Shawn Marion,Tim Thomas,Anderson Varejao,Anthony Parker,J.J. Hickson,LeBron James,Mo Williams,1,5:08,DAL,shot,,,,,,,,,,Tim Thomas,,,,missed,,jump,42,11
Dirk Nowitzki,Jason Kidd,Jason Terry,Shawn Marion,Tim Thomas,Anderson Varejao,Anthony Parker,J.J. Hickson,LeBron James,Mo Williams,1,5:08,DAL,rebound,,,,,,,,,,,,,,,,,,
Dirk Nowitzki,Jason Kidd,Jason Terry,Shawn Marion,Tim Thomas,Anderson Varejao,Anthony Parker,J.J. Hickson,LeBron James,Mo Williams,1,5:08,DAL,turnover,,,,,,,,,,,,,shot clock turnover,,,,,
Dirk Nowitzki,Jason Kidd,Jason Terry,Shawn Marion,Tim Thomas,Anderson Varejao,Anthony Parker,J.J. Hickson,LeBron James,Mo Williams,1,4:54,CLE,shot,,,,,,,,,,LeBron James,,,,missed,,3pt,1,8
Dirk Nowitzki,Jason Kidd,Jason Terry,Shawn Marion,Tim Thomas,Anderson Varejao,Anthony Parker,J.J. Hickson,LeBron James,Mo Williams,1,4:52,CLE,rebound,,,,,,,,,,Anderson Varejao,,,,,,off,,
Dirk Nowitzki,Jason Kidd,Jason Terry,Shawn Marion,Tim Thomas,Anderson Varejao,Anthony Parker,J.J. Hickson,LeBron James,Mo Williams,1,4:48,CLE,shot,Anthony Parker,,,,,,,,,Mo Williams,3,,,made,,3pt,27,30
Dirk Nowitzki,Jason Kidd,Jason Terry,Shawn Marion,Tim Thomas,Anderson Varejao,Anthony Parker,J.J. Hickson,LeBron James,Mo Williams,1,4:41,DAL,timeout,,,,,,,,,,,,,,,,regular,,
Dirk Nowitzki,Jason Kidd,Jason Terry,Shawn Marion,Tim Thomas,Anderson Varejao,Anthony Parker,J.J. Hickson,LeBron James,Mo Williams,1,4:26,DAL,shot,,,,,,,,,,Jason Terry,3,,,made,,3pt,36,28
Dirk Nowitzki,Jason Kidd,Jason Terry,Shawn Marion,Tim Thomas,Anderson Varejao,Anthony Parker,J.J. Hickson,LeBron James,Mo Williams,1,4:09,CLE,shot,Mo Williams,,,,,,,,,LeBron James,2,,,made,,layup,25,8
Dirk Nowitzki,Jason Kidd,Jason Terry,Shawn Marion,Tim Thomas,Anderson Varejao,Anthony Parker,J.J. Hickson,LeBron James,Mo Williams,1,3:52,CLE,foul,,,,,,,,Dirk Nowitzki,,J.J. Hickson,,,,,,personal,,
Dirk Nowitzki,Jason Kidd,Jason Terry,Shawn Marion,Tim Thomas,Anderson Varejao,Anthony Parker,J.J. Hickson,LeBron James,Mo Williams,1,3:46,DAL,shot,Jason Kidd,,,,,,,,,Jason Terry,3,,,made,,3pt,40,27
Dirk Nowitzki,Jason Kidd,Jason Terry,Shawn Marion,Tim Thomas,Anderson Varejao,Anthony Parker,J.J. Hickson,LeBron James,Mo Williams,1,3:18,CLE,shot,LeBron James,,,,,,,,,J.J. Hickson,2,,,made,,reverse layup,25,6
Dirk Nowitzki,Jason Kidd,Jason Terry,Shawn Marion,Tim Thomas,Anderson Varejao,Anthony Parker,J.J. Hickson,LeBron James,Mo Williams,1,3:02,DAL,shot,,,,,,,,,,Dirk Nowitzki,2,,,made,,finger roll layup,25,6
Dirk Nowitzki,Jason Kidd,Jason Terry,Shawn Marion,Tim Thomas,Anderson Varejao,Anthony Parker,J.J. Hickson,LeBron James,Mo Williams,1,2:50,CLE,turnover,,,,,,,,,,Mo Williams,,,bad pass,,,,,
Dirk Nowitzki,Jason Kidd,Jason Terry,Shawn Marion,Tim Thomas,Anderson Varejao,Anthony Parker,Daniel Gibson,J.J. Hickson,LeBron James,1,2:50,CLE,sub,,,,Daniel Gibson,,Mo Williams,,,,,,,,,,,,
Dirk Nowitzki,Jason Kidd,Jason Terry,Shawn Marion,Tim Thomas,Anderson Varejao,Anthony Parker,Daniel Gibson,Jamario Moon,LeBron James,1,2:50,CLE,sub,,,,Jamario Moon,,J.J. Hickson,,,,,,,,,,,,
Dirk Nowitzki,Jason Kidd,Jason Terry,Shawn Marion,Tim Thomas,Anderson Varejao,Anthony Parker,Daniel Gibson,Jamario Moon,LeBron James,1,2:40,DAL,shot,Jason Terry,,,,,,,,,Dirk Nowitzki,2,,,made,,jump,39,18
Dirk Nowitzki,Jason Kidd,Jason Terry,Shawn Marion,Tim Thomas,Anderson Varejao,Anthony Parker,Daniel Gibson,Jamario Moon,LeBron James,1,2:14,CLE,shot,LeBron James,,,,,,,,,Anthony Parker,2,,,made,,driving layup,25,6
Dirk Nowitzki,Jason Kidd,Jason Terry,Shawn Marion,Tim Thomas,Anderson Varejao,Anthony Parker,Daniel Gibson,Jamario Moon,LeBron James,1,2:14,DAL,foul,,,,,,,,Anthony Parker,,Jason Kidd,,,,,,shooting,,
Dirk Nowitzki,Jason Kidd,Jason Terry,Shawn Marion,Tim Thomas,Anderson Varejao,Anthony Parker,Daniel Gibson,Jamario Moon,LeBron James,1,2:14,CLE,free throw,,,,,,,1,,1,Anthony Parker,,,foul,made,,,,
Dirk Nowitzki,Jason Kidd,Jason Terry,Shawn Marion,Tim Thomas,Anderson Varejao,Anthony Parker,Daniel Gibson,Jamario Moon,LeBron James,1,2:00,CLE,foul,,,,,,,,Jason Terry,,Jamario Moon,,,,,,shooting,,
Dirk Nowitzki,Jason Kidd,Jason Terry,Shawn Marion,Tim Thomas,Anderson Varejao,Anthony Parker,Daniel Gibson,Jamario Moon,LeBron James,1,2:00,DAL,free throw,,,,,,,1,,2,Jason Terry,,,foul,missed,,,,
Dirk Nowitzki,Jason Kidd,Jason Terry,Shawn Marion,Tim Thomas,Anderson Varejao,Anthony Parker,Daniel Gibson,Jamario Moon,LeBron James,1,2:00,DAL,rebound,,,,,,,,,,,,,,,,,,
Dirk Nowitzki,Jason Kidd,Jason Terry,Shawn Marion,Tim Thomas,Anderson Varejao,Anthony Parker,Daniel Gibson,Jamario Moon,LeBron James,1,2:00,DAL,free throw,,,,,,,2,,2,Jason Terry,,,foul,missed,,,,
Dirk Nowitzki,Jason Kidd,Jason Terry,Shawn Marion,Tim Thomas,Anderson Varejao,Anthony Parker,Daniel Gibson,Jamario Moon,LeBron James,1,1:59,CLE,rebound,,,,,,,,,,Anderson Varejao,,,,,,def,,
Dirk Nowitzki,Jason Kidd,Jason Terry,Shawn Marion,Tim Thomas,Anderson Varejao,Anthony Parker,Daniel Gibson,Jamario Moon,LeBron James,1,1:40,CLE,shot,,,,,,,,,,LeBron James,2,,,made,,driving layup,25,7
Dirk Nowitzki,Jason Kidd,Jason Terry,Shawn Marion,Tim Thomas,Anderson Varejao,Anthony Parker,Daniel Gibson,Jamario Moon,LeBron James,1,1:40,DAL,foul,,,,,,,,LeBron James,,Jason Kidd,,,,,,shooting,,
Dirk Nowitzki,Jason Terry,Jose Juan Barea,Shawn Marion,Tim Thomas,Anderson Varejao,Anthony Parker,Daniel Gibson,Jamario Moon,LeBron James,1,1:40,DAL,sub,,,,Jose Juan Barea,,Jason Kidd,,,,,,,,,,,,
Dirk Nowitzki,Jason Terry,Jose Juan Barea,Shawn Marion,Tim Thomas,Anderson Varejao,Anthony Parker,Daniel Gibson,Jamario Moon,LeBron James,1,1:40,CLE,free throw,,,,,,,1,,1,LeBron James,,,foul,made,,,,
Dirk Nowitzki,Jason Terry,Jose Juan Barea,Shawn Marion,Tim Thomas,Anderson Varejao,Anthony Parker,Daniel Gibson,Jamario Moon,LeBron James,1,1:31,CLE,foul,,,,,,,,Dirk Nowitzki,,Anderson Varejao,,,,,,personal,,
Dirk Nowitzki,Jason Terry,Jose Juan Barea,Shawn Marion,Tim Thomas,Anderson Varejao,Anthony Parker,Daniel Gibson,Jamario Moon,LeBron James,1,1:31,DAL,free throw,,,,,,,1,,2,Dirk Nowitzki,,,foul,missed,,,,
Dirk Nowitzki,Jason Terry,Jose Juan Barea,Shawn Marion,Tim Thomas,Anderson Varejao,Anthony Parker,Daniel Gibson,Jamario Moon,LeBron James,1,1:31,DAL,rebound,,,,,,,,,,,,,,,,,,
Dirk Nowitzki,Jason Terry,Jose Juan Barea,Shawn Marion,Tim Thomas,Anderson Varejao,Daniel Gibson,Delonte West,Jamario Moon,LeBron James,1,1:31,CLE,sub,,,,Delonte West,,Anthony Parker,,,,,,,,,,,,
Dirk Nowitzki,Jason Terry,Jose Juan Barea,Shawn Marion,Tim Thomas,Anderson Varejao,Daniel Gibson,Delonte West,Jamario Moon,LeBron James,1,1:31,DAL,free throw,,,,,,,2,,2,Dirk Nowitzki,,,foul,made,,,,
Dirk Nowitzki,Jason Terry,Jose Juan Barea,Shawn Marion,Tim Thomas,Anderson Varejao,Daniel Gibson,Delonte West,Jamario Moon,LeBron James,1,1:16,CLE,shot,,,,,,,,,,Daniel Gibson,,,,missed,,jump,16,27
Dirk Nowitzki,Jason Terry,Jose Juan Barea,Shawn Marion,Tim Thomas,Anderson Varejao,Daniel Gibson,Delonte West,Jamario Moon,LeBron James,1,1:15,DAL,rebound,,,,,,,,,,Shawn Marion,,,,,,def,,
Dirk Nowitzki,Jason Terry,Jose Juan Barea,Shawn Marion,Tim Thomas,Anderson Varejao,Daniel Gibson,Delonte West,Jamario Moon,LeBron James,1,1:09,DAL,turnover,,,,,,,,,,Shawn Marion,,,out of bounds lost ball turnover,,,,,
Dirk Nowitzki,Jason Terry,Jose Juan Barea,Shawn Marion,Tim Thomas,Anderson Varejao,Daniel Gibson,Delonte West,Jamario Moon,LeBron James,1,0:57,CLE,shot,Delonte West,,,,,,,,,Anderson Varejao,2,,,made,,layup,25,7
Dirk Nowitzki,Jason Terry,Jose Juan Barea,Shawn Marion,Tim Thomas,Anderson Varejao,Daniel Gibson,Delonte West,Jamario Moon,LeBron James,1,0:45,DAL,foul,,,,,,,,Anderson Varejao,,Dirk Nowitzki,,,,,,offensive,,
Dirk Nowitzki,Jason Terry,Jose Juan Barea,Shawn Marion,Tim Thomas,Anderson Varejao,Daniel Gibson,Delonte West,Jamario Moon,LeBron James,1,0:45,DAL,turnover,,,,,,,,,,Dirk Nowitzki,,,foul,,,,,
Dirk Nowitzki,Jason Terry,Jose Juan Barea,Shawn Marion,Tim Thomas,Anderson Varejao,Daniel Gibson,Delonte West,Jamario Moon,LeBron James,1,0:34,CLE,shot,Delonte West,,,,,,,,,LeBron James,2,,,made,,alley oop layup,25,5
Dirk Nowitzki,Jason Terry,Jose Juan Barea,Shawn Marion,Tim Thomas,Anderson Varejao,Daniel Gibson,Delonte West,Jamario Moon,LeBron James,1,0:23,DAL,shot,,,,,,,,,,Jason Terry,3,,,made,,3pt,27,30
Dirk Nowitzki,Jason Terry,Jose Juan Barea,Shawn Marion,Tim Thomas,Anderson Varejao,Daniel Gibson,Delonte West,Jamario Moon,LeBron James,1,0:03,CLE,shot,LeBron James,,,,,,,,,Jamario Moon,2,,,made,,alley oop layup,25,7
Dirk Nowitzki,Jason Terry,Jose Juan Barea,Shawn Marion,Tim Thomas,Anderson Varejao,Daniel Gibson,Delonte West,Jamario Moon,LeBron James,1,0:00,DAL,shot,,,,,,,,,,Jason Terry,,,,missed,,3pt,16,37
Dirk Nowitzki,Jason Terry,Jose Juan Barea,Shawn Marion,Tim Thomas,Anderson Varejao,Daniel Gibson,Delonte West,Jamario Moon,LeBron James,1,0:00,DAL,rebound,,,,,,,,,,,,,,,,,,
Dirk Nowitzki,Jason Terry,Jose Juan Barea,Shawn Marion,Tim Thomas,Anderson Varejao,Daniel Gibson,Delonte West,Jamario Moon,Shaquille O'Neal,2,11:38,DAL,shot,,,,,,,,,,Dirk Nowitzki,2,,,made,,jump,13,8
Dirk Nowitzki,Jason Terry,Jose Juan Barea,Shawn Marion,Tim Thomas,Anderson Varejao,Daniel Gibson,Delonte West,Jamario Moon,Shaquille O'Neal,2,11:16,CLE,shot,,,,,,,,,,Shaquille O'Neal,,,,missed,,jump,34,12
Dirk Nowitzki,Jason Terry,Jose Juan Barea,Shawn Marion,Tim Thomas,Anderson Varejao,Daniel Gibson,Delonte West,Jamario Moon,Shaquille O'Neal,2,11:15,DAL,rebound,,,,,,,,,,Dirk Nowitzki,,,,,,def,,
Dirk Nowitzki,Jason Terry,Jose Juan Barea,Shawn Marion,Tim Thomas,Anderson Varejao,Daniel Gibson,Delonte West,Jamario Moon,Shaquille O'Neal,2,11:04,DAL,shot,,,,,,,,,,Tim Thomas,,,,missed,,3pt,40,27
Dirk Nowitzki,Jason Terry,Jose Juan Barea,Shawn Marion,Tim Thomas,Anderson Varejao,Daniel Gibson,Delonte West,Jamario Moon,Shaquille O'Neal,2,11:03,CLE,rebound,,,,,,,,,,Jamario Moon,,,,,,def,,
Dirk Nowitzki,Jason Terry,Jose Juan Barea,Shawn Marion,Tim Thomas,Anderson Varejao,Daniel Gibson,Delonte West,Jamario Moon,Shaquille O'Neal,2,10:53,DAL,foul,,,,,,,,Shaquille O'Neal,,Tim Thomas,,,,,,shooting,,
Dirk Nowitzki,Jason Terry,Jose Juan Barea,Shawn Marion,Tim Thomas,Anderson Varejao,Daniel Gibson,Delonte West,Jamario Moon,Shaquille O'Neal,2,10:53,CLE,free throw,,,,,,,1,,2,Shaquille O'Neal,,,foul,missed,,,,
Dirk Nowitzki,Jason Terry,Jose Juan Barea,Shawn Marion,Tim Thomas,Anderson Varejao,Daniel Gibson,Delonte West,Jamario Moon,Shaquille O'Neal,2,10:53,CLE,rebound,,,,,,,,,,,,,,,,,,
Dirk Nowitzki,Jason Kidd,Jason Terry,Jose Juan Barea,Tim Thomas,Anderson Varejao,Daniel Gibson,Delonte West,Jamario Moon,Shaquille O'Neal,2,10:53,DAL,sub,,,,Jason Kidd,,Shawn Marion,,,,,,,,,,,,
Jason Kidd,Jason Terry,Jose Juan Barea,Kris Humphries,Tim Thomas,Anderson Varejao,Daniel Gibson,Delonte West,Jamario Moon,Shaquille O'Neal,2,10:53,DAL,sub,,,,Kris Humphries,,Dirk Nowitzki,,,,,,,,,,,,
Jason Kidd,Jason Terry,Jose Juan Barea,Kris Humphries,Tim Thomas,Anderson Varejao,Daniel Gibson,Delonte West,Jamario Moon,Shaquille O'Neal,2,10:53,CLE,free throw,,,,,,,2,,2,Shaquille O'Neal,,,foul,made,,,,
Jason Kidd,Jason Terry,Jose Juan Barea,Kris Humphries,Tim Thomas,Anderson Varejao,Daniel Gibson,Delonte West,Jamario Moon,Shaquille O'Neal,2,10:40,DAL,shot,Jason Kidd,,,,,,,,,Jason Terry,2,,,made,,jump,37,21
Jason Kidd,Jason Terry,Jose Juan Barea,Kris Humphries,Tim Thomas,Anderson Varejao,Daniel Gibson,Delonte West,Jamario Moon,Shaquille O'Neal,2,10:27,CLE,shot,,,,,,,,,,Shaquille O'Neal,,,,missed,,jump,17,9
Jason Kidd,Jason Terry,Jose Juan Barea,Kris Humphries,Tim Thomas,Anderson Varejao,Daniel Gibson,Delonte West,Jamario Moon,Shaquille O'Neal,2,10:26,DAL,rebound,,,,,,,,,,Jason Kidd,,,,,,def,,
Jason Kidd,Jason Terry,Jose Juan Barea,Kris Humphries,Tim Thomas,Anderson Varejao,Daniel Gibson,Delonte West,Jamario Moon,Shaquille O'Neal,2,10:20,CLE,foul,,,,,,,,Jose Juan Barea,,Daniel Gibson,,,,,,personal,,
Jason Kidd,Jason Terry,Jose Juan Barea,Kris Humphries,Tim Thomas,Anderson Varejao,Daniel Gibson,Delonte West,Jamario Moon,Shaquille O'Neal,2,10:03,DAL,shot,,,,,,,,,,Kris Humphries,,,,missed,,jump,21,22
Jason Kidd,Jason Terry,Jose Juan Barea,Kris Humphries,Tim Thomas,Anderson Varejao,Daniel Gibson,Delonte West,Jamario Moon,Shaquille O'Neal,2,10:02,CLE,rebound,,,,,,,,,,Jamario Moon,,,,,,def,,
Jason Kidd,Jason Terry,Jose Juan Barea,Kris Humphries,Tim Thomas,Anderson Varejao,Daniel Gibson,Delonte West,Jamario Moon,Shaquille O'Neal,2,9:51,CLE,shot,Anderson Varejao,,,,,,,,,Jamario Moon,2,,,made,,jump,18,25
Jason Kidd,Jason Terry,Jose Juan Barea,Kris Humphries,Tim Thomas,Anderson Varejao,Daniel Gibson,Delonte West,Jamario Moon,Shaquille O'Neal,2,9:31,DAL,shot,Tim Thomas,,,,,,,,,Kris Humphries,2,,,made,,jump,7,7
Jason Kidd,Jason Terry,Jose Juan Barea,Kris Humphries,Tim Thomas,Anderson Varejao,Daniel Gibson,Delonte West,Jamario Moon,Shaquille O'Neal,2,9:12,CLE,shot,Daniel Gibson,,,,,,,,,Delonte West,2,,,made,,turnaround jump,16,11
Jason Kidd,Jason Terry,Jose Juan Barea,Kris Humphries,Tim Thomas,Anderson Varejao,Daniel Gibson,Delonte West,Jamario Moon,Shaquille O'Neal,2,9:00,DAL,shot,,,,,,,,,,Jason Terry,,,,missed,,jump,26,17
Jason Kidd,Jason Terry,Jose Juan Barea,Kris Humphries,Tim Thomas,Anderson Varejao,Daniel Gibson,Delonte West,Jamario Moon,Shaquille O'Neal,2,8:59,CLE,rebound,,,,,,,,,,Delonte West,,,,,,def,,
Jason Kidd,Jason Terry,Jose Juan Barea,Kris Humphries,Tim Thomas,Anderson Varejao,Daniel Gibson,Delonte West,Jamario Moon,Shaquille O'Neal,2,8:53,CLE,shot,,,,,,,,,,Delonte West,2,,,made,,driving layup,24,7
Jason Kidd,Jason Terry,Jose Juan Barea,Kris Humphries,Tim Thomas,Anderson Varejao,Daniel Gibson,Delonte West,Jamario Moon,Shaquille O'Neal,2,8:46,DAL,timeout,,,,,,,,,,,,,,,,regular,,
Jason Kidd,Jason Terry,Jose Juan Barea,Kris Humphries,Tim Thomas,Anderson Varejao,Delonte West,Jamario Moon,Mo Williams,Shaquille O'Neal,2,8:46,CLE,sub,,,,Mo Williams,,Daniel Gibson,,,,,,,,,,,,
Jason Kidd,Jason Terry,Jose Juan Barea,Kris Humphries,Tim Thomas,Anderson Varejao,Delonte West,Jamario Moon,Mo Williams,Shaquille O'Neal,2,8:27,DAL,shot,,,,,,,,,,Tim Thomas,,,,missed,,3pt,6,21
Jason Kidd,Jason Terry,Jose Juan Barea,Kris Humphries,Tim Thomas,Anderson Varejao,Delonte West,Jamario Moon,Mo Williams,Shaquille O'Neal,2,8:25,CLE,rebound,,,,,,,,,,Mo Williams,,,,,,def,,
Jason Kidd,Jason Terry,Jose Juan Barea,Kris Humphries,Tim Thomas,Anderson Varejao,Delonte West,Jamario Moon,Mo Williams,Shaquille O'Neal,2,8:10,CLE,shot,Shaquille O'Neal,,,,,,,,,Jamario Moon,2,,,made,,driving dunk,23,7
Jason Kidd,Jason Terry,Jose Juan Barea,Kris Humphries,Tim Thomas,Anderson Varejao,Delonte West,Jamario Moon,Mo Williams,Shaquille O'Neal,2,7:54,DAL,turnover,,,,,,,,,,Jason Terry,,,bad pass,,Anderson Varejao,,,
Jason Kidd,Jason Terry,Jose Juan Barea,Kris Humphries,Tim Thomas,Anderson Varejao,Delonte West,Jamario Moon,Mo Williams,Shaquille O'Neal,2,7:38,CLE,shot,,,,,,,,,,Delonte West,2,,,made,,turnaround jump,38,10
Jason Kidd,Jason Terry,Jose Juan Barea,Kris Humphries,Tim Thomas,Anderson Varejao,Delonte West,Jamario Moon,Mo Williams,Shaquille O'Neal,2,7:22,DAL,shot,,,,,,,,,,Jose Juan Barea,2,,,made,,driving layup,25,7
Jason Kidd,Jason Terry,Jose Juan Barea,Kris Humphries,Tim Thomas,Anderson Varejao,Delonte West,Jamario Moon,Mo Williams,Shaquille O'Neal,2,7:22,CLE,foul,,,,,,,,Jose Juan Barea,,Mo Williams,,,,,,shooting,,
Dirk Nowitzki,Jason Kidd,Jason Terry,Jose Juan Barea,Kris Humphries,Anderson Varejao,Delonte West,Jamario Moon,Mo Williams,Shaquille O'Neal,2,7:22,DAL,sub,,,,Dirk Nowitzki,,Tim Thomas,,,,,,,,,,,,
Dirk Nowitzki,Jason Kidd,Jason Terry,Jose Juan Barea,Kris Humphries,Anderson Varejao,Delonte West,Jamario Moon,Mo Williams,Shaquille O'Neal,2,7:22,DAL,free throw,,,,,,,1,,1,Jose Juan Barea,,,foul,made,,,,
Dirk Nowitzki,Jason Kidd,Jason Terry,Jose Juan Barea,Kris Humphries,Anderson Varejao,Delonte West,Jamario Moon,Mo Williams,Shaquille O'Neal,2,7:07,CLE,turnover,,,,,,,,,,Shaquille O'Neal,,,3 second violation,,,,,
Dirk Nowitzki,Jason Kidd,Jason Terry,Jose Juan Barea,Kris Humphries,Anderson Varejao,Delonte West,Jamario Moon,LeBron James,Mo Williams,2,7:07,CLE,sub,,,,LeBron James,,Shaquille O'Neal,,,,,,,,,,,,
Dirk Nowitzki,Jason Kidd,Jason Terry,Jose Juan Barea,Kris Humphries,Anderson Varejao,Delonte West,Jamario Moon,LeBron James,Mo Williams,2,6:54,DAL,shot,,,,,,,,,,Jose Juan Barea,2,,,made,,driving layup,27,8
Dirk Nowitzki,Jason Kidd,Jason Terry,Jose Juan Barea,Kris Humphries,Anderson Varejao,Delonte West,Jamario Moon,LeBron James,Mo Williams,2,6:36,CLE,shot,Delonte West,,,,,,,,,LeBron James,2,,,made,,layup,26,7
Dirk Nowitzki,Jason Kidd,Jason Terry,Jose Juan Barea,Kris Humphries,Anderson Varejao,Delonte West,Jamario Moon,LeBron James,Mo Williams,2,6:14,DAL,shot,Jason Kidd,,,,,,,,,Jose Juan Barea,2,,,made,,finger roll layup,25,7
Dirk Nowitzki,Jason Kidd,Jason Terry,Jose Juan Barea,Kris Humphries,Anderson Varejao,Delonte West,Jamario Moon,LeBron James,Mo Williams,2,6:14,CLE,timeout,,,,,,,,,,,,,,,,regular,,
Dirk Nowitzki,Jason Kidd,Jason Terry,Jose Juan Barea,Kris Humphries,Anderson Varejao,Delonte West,Jamario Moon,LeBron James,Mo Williams,2,5:53,CLE,shot,LeBron James,,,,,,,,,Jamario Moon,2,,,made,,jump,9,7
Dirk Nowitzki,Jason Kidd,Jason Terry,Jose Juan Barea,Kris Humphries,Anderson Varejao,Delonte West,Jamario Moon,LeBron James,Mo Williams,2,5:40,DAL,shot,,,,,,,,,,Kris Humphries,,,,missed,,jump,33,22
Dirk Nowitzki,Jason Kidd,Jason Terry,Jose Juan Barea,Kris Humphries,Anderson Varejao,Delonte West,Jamario Moon,LeBron James,Mo Williams,2,5:39,CLE,rebound,,,,,,,,,,Anderson Varejao,,,,,,def,,
Dirk Nowitzki,Jason Kidd,Jason Terry,Jose Juan Barea,Kris Humphries,Anderson Varejao,Delonte West,Jamario Moon,LeBron James,Mo Williams,2,5:30,CLE,shot,LeBron James,,,,,,,,,Mo Williams,2,,,made,,jump,3,8
Dirk Nowitzki,Jason Kidd,Jason Terry,Jose Juan Barea,Kris Humphries,Anderson Varejao,Delonte West,Jamario Moon,LeBron James,Mo Williams,2,5:11,CLE,foul,,,,,,,,Kris Humphries,,LeBron James,,,,,,personal,,
Dirk Nowitzki,Jason Terry,Jose Juan Barea,Kris Humphries,Shawn Marion,Anderson Varejao,Delonte West,Jamario Moon,LeBron James,Mo Williams,2,5:11,DAL,sub,,,,Shawn Marion,,Jason Kidd,,,,,,,,,,,,
Dirk Nowitzki,Jason Terry,Jose Juan Barea,Kris Humphries,Shawn Marion,Anderson Varejao,Delonte West,Jamario Moon,LeBron James,Mo Williams,2,4:59,DAL,shot,Dirk Nowitzki,,,,,,,,,Jason Terry,3,,,made,,3pt,49,7
Dirk Nowitzki,Jason Terry,Jose Juan Barea,Kris Humphries,Shawn Marion,Anderson Varejao,Delonte West,Jamario Moon,LeBron James,Mo Williams,2,4:39,CLE,shot,LeBron James,,,,,,,,,Mo Williams,3,,,made,,3pt,44,22
Dirk Nowitzki,Jason Terry,Jose Juan Barea,Kris Humphries,Shawn Marion,Anderson Varejao,Delonte West,Jamario Moon,LeBron James,Mo Williams,2,4:16,DAL,turnover,,,,,,,,,,Dirk Nowitzki,,,out of bounds lost ball turnover,,,,,
Dirk Nowitzki,Jason Terry,Jose Juan Barea,Kris Humphries,Shawn Marion,Anderson Varejao,Delonte West,Jamario Moon,LeBron James,Mo Williams,2,3:58,DAL,foul,,,,,,,,Delonte West,,Kris Humphries,,,,,,shooting,,
Dirk Nowitzki,Jason Terry,Jose Juan Barea,Kris Humphries,Shawn Marion,Anderson Varejao,Delonte West,Jamario Moon,LeBron James,Mo Williams,2,3:58,CLE,free throw,,,,,,,1,,2,Delonte West,,,foul,made,,,,
Dirk Nowitzki,Jason Terry,Jose Juan Barea,Kris Humphries,Shawn Marion,Anderson Varejao,Delonte West,Jamario Moon,LeBron James,Mo Williams,2,3:58,CLE,free throw,,,,,,,2,,2,Delonte West,,,foul,made,,,,
Dirk Nowitzki,Jason Terry,Jose Juan Barea,Kris Humphries,Shawn Marion,Anderson Varejao,Delonte West,Jamario Moon,LeBron James,Mo Williams,2,3:50,CLE,foul,,,,,,,,Dirk Nowitzki,,Anderson Varejao,,,,,,personal,,
Dirk Nowitzki,Jason Terry,Jose Juan Barea,Kris Humphries,Shawn Marion,Delonte West,J.J. Hickson,Jamario Moon,LeBron James,Mo Williams,2,3:50,CLE,sub,,,,J.J. Hickson,,Anderson Varejao,,,,,,,,,,,,
Dirk Nowitzki,Jason Terry,Jose Juan Barea,Kris Humphries,Shawn Marion,Delonte West,J.J. Hickson,Jamario Moon,LeBron James,Mo Williams,2,3:38,DAL,shot,,,,,,,,,,Dirk Nowitzki,,,,missed,,turnaround jump,10,12
Dirk Nowitzki,Jason Terry,Jose Juan Barea,Kris Humphries,Shawn Marion,Delonte West,J.J. Hickson,Jamario Moon,LeBron James,Mo Williams,2,3:36,CLE,rebound,,,,,,,,,,LeBron James,,,,,,def,,
Dirk Nowitzki,Jason Terry,Jose Juan Barea,Kris Humphries,Shawn Marion,Delonte West,J.J. Hickson,Jamario Moon,LeBron James,Mo Williams,2,3:30,CLE,shot,,,,,,,,,,Jamario Moon,,,,missed,,reverse layup,25,8
Dirk Nowitzki,Jason Terry,Jose Juan Barea,Kris Humphries,Shawn Marion,Delonte West,J.J. Hickson,Jamario Moon,LeBron James,Mo Williams,2,3:30,DAL,rebound,,,,,,,,,,Dirk Nowitzki,,,,,,def,,
Dirk Nowitzki,Jason Terry,Jose Juan Barea,Kris Humphries,Shawn Marion,Delonte West,J.J. Hickson,Jamario Moon,LeBron James,Mo Williams,2,3:30,CLE,foul,,,,,,,,Dirk Nowitzki,,J.J. Hickson,,,,,,personal,,
Dirk Nowitzki,Jason Terry,Jose Juan Barea,Kris Humphries,Shawn Marion,Delonte West,J.J. Hickson,Jamario Moon,LeBron James,Mo Williams,2,3:30,DAL,free throw,,,,,,,1,,2,Dirk Nowitzki,,,foul,missed,,,,
Dirk Nowitzki,Jason Terry,Jose Juan Barea,Kris Humphries,Shawn Marion,Delonte West,J.J. Hickson,Jamario Moon,LeBron James,Mo Williams,2,3:30,DAL,rebound,,,,,,,,,,,,,,,,,,
Dirk Nowitzki,Jason Kidd,Jason Terry,Jose Juan Barea,Shawn Marion,Delonte West,J.J. Hickson,Jamario Moon,LeBron James,Mo Williams,2,3:30,DAL,sub,,,,Jason Kidd,,Kris Humphries,,,,,,,,,,,,
Dirk Nowitzki,Jason Kidd,Jason Terry,Jose Juan Barea,Shawn Marion,Delonte West,J.J. Hickson,Jamario Moon,LeBron James,Mo Williams,2,3:30,DAL,free throw,,,,,,,2,,2,Dirk Nowitzki,,,foul,made,,,,
Dirk Nowitzki,Jason Kidd,Jason Terry,Jose Juan Barea,Shawn Marion,Delonte West,J.J. Hickson,Jamario Moon,LeBron James,Mo Williams,2,3:17,DAL,foul,,,,,,,,Jamario Moon,,Jose Juan Barea,,,,,,shooting,,
Dirk Nowitzki,Jason Kidd,Jason Terry,Jose Juan Barea,Shawn Marion,Delonte West,J.J. Hickson,Jamario Moon,LeBron James,Mo Williams,2,3:17,CLE,free throw,,,,,,,1,,2,Jamario Moon,,,foul,made,,,,
Dirk Nowitzki,Jason Kidd,Jason Terry,Jose Juan Barea,Shawn Marion,Delonte West,J.J. Hickson,Jamario Moon,LeBron James,Mo Williams,2,3:17,CLE,free throw,,,,,,,2,,2,Jamario Moon,,,foul,made,,,,
Dirk Nowitzki,Jason Kidd,Jason Terry,Jose Juan Barea,Shawn Marion,Delonte West,J.J. Hickson,Jamario Moon,LeBron James,Mo Williams,2,3:01,DAL,shot,,,Jamario Moon,,,,,,,Shawn Marion,,,,missed,,layup,26,7
Dirk Nowitzki,Jason Kidd,Jason Terry,Jose Juan Barea,Shawn Marion,Delonte West,J.J. Hickson,Jamario Moon,LeBron James,Mo Williams,2,3:00,DAL,rebound,,,,,,,,,,Shawn Marion,,,,,,off,,
Dirk Nowitzki,Jason Kidd,Jason Terry,Jose Juan Barea,Shawn Marion,Delonte West,J.J. Hickson,Jamario Moon,LeBron James,Mo Williams,2,3:00,CLE,violation,,,,,,,,,,LeBron James,,,,,,defensive goaltending,,
Dirk Nowitzki,Jason Kidd,Jason Terry,Jose Juan Barea,Shawn Marion,Delonte West,J.J. Hickson,Jamario Moon,LeBron James,Mo Williams,2,3:00,DAL,shot,,,,,,,,,,Shawn Marion,2,,,made,,layup,26,6
Dirk Nowitzki,Jason Kidd,Jason Terry,Jose Juan Barea,Shawn Marion,Delonte West,J.J. Hickson,Jamario Moon,LeBron James,Mo Williams,2,2:41,CLE,shot,Delonte West,,,,,,,,,Mo Williams,3,,,made,,3pt,39,27
Dirk Nowitzki,Jason Kidd,Jason Terry,Jose Juan Barea,Shawn Marion,Delonte West,J.J. Hickson,Jamario Moon,LeBron James,Mo Williams,2,2:20,CLE,foul,,,,,,,,Dirk Nowitzki,,J.J. Hickson,,,,,,shooting,,
Dirk Nowitzki,Jason Kidd,Jason Terry,Jose Juan Barea,Shawn Marion,Delonte West,J.J. Hickson,Jamario Moon,LeBron James,Mo Williams,2,2:20,DAL,timeout,,,,,,,,,,,,,,,,official,,
Dirk Nowitzki,Jason Kidd,Jason Terry,Jose Juan Barea,Shawn Marion,Delonte West,Jamario Moon,LeBron James,Mo Williams,Shaquille O'Neal,2,2:20,CLE,sub,,,,Shaquille O'Neal,,J.J. Hickson,,,,,,,,,,,,
Dirk Nowitzki,Jason Kidd,Jason Terry,Jose Juan Barea,Shawn Marion,Delonte West,Jamario Moon,LeBron James,Mo Williams,Shaquille O'Neal,2,2:20,DAL,free throw,,,,,,,1,,2,Dirk Nowitzki,,,foul,made,,,,
Dirk Nowitzki,Drew Gooden,Jason Kidd,Jason Terry,Shawn Marion,Delonte West,Jamario Moon,LeBron James,Mo Williams,Shaquille O'Neal,2,2:20,DAL,sub,,,,Drew Gooden,,Jose Juan Barea,,,,,,,,,,,,
Dirk Nowitzki,Drew Gooden,Jason Kidd,Jason Terry,Shawn Marion,Delonte West,Jamario Moon,LeBron James,Mo Williams,Shaquille O'Neal,2,2:20,DAL,free throw,,,,,,,2,,2,Dirk Nowitzki,,,foul,made,,,,
Dirk Nowitzki,Drew Gooden,Jason Kidd,Jason Terry,Shawn Marion,Delonte West,Jamario Moon,LeBron James,Mo Williams,Shaquille O'Neal,2,2:11,DAL,foul,,,,,,,,LeBron James,,Shawn Marion,,,,,,personal,,
Dirk Nowitzki,Drew Gooden,Jason Kidd,Jason Terry,Shawn Marion,Delonte West,Jamario Moon,LeBron James,Mo Williams,Shaquille O'Neal,2,1:58,CLE,shot,,,,,,,,,,Shaquille O'Neal,,,,missed,,alley oop layup,25,7
Dirk Nowitzki,Drew Gooden,Jason Kidd,Jason Terry,Shawn Marion,Delonte West,Jamario Moon,LeBron James,Mo Williams,Shaquille O'Neal,2,1:55,DAL,rebound,,,,,,,,,,Drew Gooden,,,,,,def,,
Dirk Nowitzki,Drew Gooden,Jason Kidd,Jason Terry,Shawn Marion,Delonte West,Jamario Moon,LeBron James,Mo Williams,Shaquille O'Neal,2,1:41,DAL,shot,,,,,,,,,,Shawn Marion,,,,missed,,turnaround jump,13,11
Dirk Nowitzki,Drew Gooden,Jason Kidd,Jason Terry,Shawn Marion,Delonte West,Jamario Moon,LeBron James,Mo Williams,Shaquille O'Neal,2,1:40,CLE,rebound,,,,,,,,,,Jamario Moon,,,,,,def,,
Dirk Nowitzki,Drew Gooden,Jason Kidd,Jason Terry,Shawn Marion,Delonte West,Jamario Moon,LeBron James,Mo Williams,Shaquille O'Neal,2,1:36,CLE,foul,,,,,,,,Dirk Nowitzki,,Shaquille O'Neal,,,,,,offensive,,
Dirk Nowitzki,Drew Gooden,Jason Kidd,Jason Terry,Shawn Marion,Delonte West,Jamario Moon,LeBron James,Mo Williams,Shaquille O'Neal,2,1:36,CLE,turnover,,,,,,,,,,Shaquille O'Neal,,,foul,,,,,
Dirk Nowitzki,Drew Gooden,Jason Kidd,Jason Terry,Shawn Marion,Delonte West,Jamario Moon,LeBron James,Mo Williams,Shaquille O'Neal,2,1:20,DAL,shot,,,,,,,,,,Jason Kidd,,,,missed,,jump,35,27
Dirk Nowitzki,Drew Gooden,Jason Kidd,Jason Terry,Shawn Marion,Delonte West,Jamario Moon,LeBron James,Mo Williams,Shaquille O'Neal,2,1:19,DAL,rebound,,,,,,,,,,Shawn Marion,,,,,,off,,
Dirk Nowitzki,Drew Gooden,Jason Kidd,Jason Terry,Shawn Marion,Delonte West,Jamario Moon,LeBron James,Mo Williams,Shaquille O'Neal,2,1:07,DAL,shot,,,,,,,,,,Jason Terry,2,,,made,,jump,37,18
Dirk Nowitzki,Drew Gooden,Jason Kidd,Jason Terry,Shawn Marion,Delonte West,Jamario Moon,LeBron James,Mo Williams,Shaquille O'Neal,2,1:00,DAL,foul,,,,,,,,Shaquille O'Neal,,Jason Terry,,,,,,personal,,
Dirk Nowitzki,Drew Gooden,Jason Kidd,Jason Terry,Shawn Marion,Delonte West,Jamario Moon,LeBron James,Mo Williams,Shaquille O'Neal,2,1:00,CLE,foul,,,,,,,,,,Shaquille O'Neal,,,,,,technical,,
Dirk Nowitzki,Drew Gooden,Jason Kidd,Jason Terry,Shawn Marion,Delonte West,Jamario Moon,LeBron James,Mo Williams,Shaquille O'Neal,2,1:00,DAL,free throw,,,,,,,1,,1,Dirk Nowitzki,,,technical,made,,,,
Dirk Nowitzki,Drew Gooden,Jason Kidd,Jason Terry,Shawn Marion,Delonte West,Jamario Moon,LeBron James,Mo Williams,Shaquille O'Neal,2,1:00,CLE,free throw,,,,,,,1,,2,Shaquille O'Neal,,,foul,missed,,,,
Dirk Nowitzki,Drew Gooden,Jason Kidd,Jason Terry,Shawn Marion,Delonte West,Jamario Moon,LeBron James,Mo Williams,Shaquille O'Neal,2,1:00,CLE,rebound,,,,,,,,,,,,,,,,,,
Dirk Nowitzki,Jason Kidd,Jason Terry,Kris Humphries,Shawn Marion,Delonte West,Jamario Moon,LeBron James,Mo Williams,Shaquille O'Neal,2,1:00,DAL,sub,,,,Kris Humphries,,Drew Gooden,,,,,,,,,,,,
Dirk Nowitzki,Jason Kidd,Jason Terry,Kris Humphries,Shawn Marion,Delonte West,Jamario Moon,LeBron James,Mo Williams,Shaquille O'Neal,2,1:00,CLE,free throw,,,,,,,2,,2,Shaquille O'Neal,,,foul,missed,,,,
Dirk Nowitzki,Jason Kidd,Jason Terry,Kris Humphries,Shawn Marion,Delonte West,Jamario Moon,LeBron James,Mo Williams,Shaquille O'Neal,2,1:00,CLE,rebound,,,,,,,,,,Jamario Moon,,,,,,off,,
Dirk Nowitzki,Jason Kidd,Jason Terry,Kris Humphries,Shawn Marion,Delonte West,Jamario Moon,LeBron James,Mo Williams,Shaquille O'Neal,2,0:57,CLE,timeout,,,,,,,,,,,,,,,,short,,
Dirk Nowitzki,Jason Kidd,Jason Terry,Kris Humphries,Shawn Marion,Anthony Parker,Delonte West,Jamario Moon,LeBron James,Mo Williams,2,0:57,CLE,sub,,,,Anthony Parker,,Shaquille O'Neal,,,,,,,,,,,,
Dirk Nowitzki,Jason Kidd,Jason Terry,Jose Juan Barea,Shawn Marion,Anthony Parker,Delonte West,Jamario Moon,LeBron James,Mo Williams,2,0:57,DAL,sub,,,,Jose Juan Barea,,Kris Humphries,,,,,,,,,,,,
Dirk Nowitzki,Jason Kidd,Jason Terry,Jose Juan Barea,Shawn Marion,Anthony Parker,Delonte West,Jamario Moon,LeBron James,Mo Williams,2,0:47,CLE,shot,Delonte West,,,,,,,,,Jamario Moon,3,,,made,,3pt,2,9
Dirk Nowitzki,Jason Kidd,Jason Terry,Jose Juan Barea,Shawn Marion,Anthony Parker,Delonte West,Jamario Moon,LeBron James,Mo Williams,2,0:32,DAL,shot,,,,,,,,,,Jason Terry,,,,missed,,3pt,9,26
Dirk Nowitzki,Jason Kidd,Jason Terry,Jose Juan Barea,Shawn Marion,Anthony Parker,Delonte West,Jamario Moon,LeBron James,Mo Williams,2,0:31,CLE,rebound,,,,,,,,,,Jamario Moon,,,,,,def,,
Dirk Nowitzki,Jason Kidd,Jason Terry,Jose Juan Barea,Shawn Marion,Anthony Parker,Delonte West,Jamario Moon,LeBron James,Mo Williams,2,0:09,CLE,shot,Jamario Moon,,,,,,,,,Mo Williams,3,,,made,,3pt,47,10
Dirk Nowitzki,Jason Kidd,Jason Terry,Jose Juan Barea,Shawn Marion,Anthony Parker,Delonte West,Jamario Moon,LeBron James,Mo Williams,2,0:04,DAL,shot,,,,,,,,,,Jason Terry,2,,,made,,jump,45,9
Dirk Nowitzki,Jason Kidd,Jason Terry,Jose Juan Barea,Shawn Marion,Anthony Parker,Delonte West,Jamario Moon,LeBron James,Mo Williams,2,0:02,CLE,turnover,,,,,,,,,,Mo Williams,,,bad pass,,Shawn Marion,,,
Dirk Nowitzki,Jason Kidd,Jason Terry,Jose Juan Barea,Shawn Marion,Anthony Parker,Delonte West,Jamario Moon,LeBron James,Mo Williams,2,0:00,DAL,shot,Shawn Marion,,,,,,,,,Jose Juan Barea,3,,,made,,3pt,6,38
Dirk Nowitzki,Drew Gooden,Jason Kidd,Jason Terry,Shawn Marion,Anthony Parker,J.J. Hickson,LeBron James,Mo Williams,Shaquille O'Neal,3,11:43,DAL,shot,Jason Terry,,,,,,,,,Shawn Marion,2,,,made,,jump hook,26,14
Dirk Nowitzki,Drew Gooden,Jason Kidd,Jason Terry,Shawn Marion,Anthony Parker,J.J. Hickson,LeBron James,Mo Williams,Shaquille O'Neal,3,11:23,CLE,turnover,,,,,,,,,,J.J. Hickson,,,lost ball,,Drew Gooden,,,
Dirk Nowitzki,Drew Gooden,Jason Kidd,Jason Terry,Shawn Marion,Anthony Parker,J.J. Hickson,LeBron James,Mo Williams,Shaquille O'Neal,3,11:14,DAL,shot,Jason Kidd,,,,,,,,,Dirk Nowitzki,2,,,made,,jump,31,20
Dirk Nowitzki,Drew Gooden,Jason Kidd,Jason Terry,Shawn Marion,Anthony Parker,J.J. Hickson,LeBron James,Mo Williams,Shaquille O'Neal,3,10:44,CLE,shot,,,,,,,,,,J.J. Hickson,,,,missed,,layup,26,8
Dirk Nowitzki,Drew Gooden,Jason Kidd,Jason Terry,Shawn Marion,Anthony Parker,J.J. Hickson,LeBron James,Mo Williams,Shaquille O'Neal,3,10:43,DAL,rebound,,,,,,,,,,Drew Gooden,,,,,,def,,
Dirk Nowitzki,Drew Gooden,Jason Kidd,Jason Terry,Shawn Marion,Anthony Parker,J.J. Hickson,LeBron James,Mo Williams,Shaquille O'Neal,3,10:27,DAL,shot,,,,,,,,,,Jason Terry,,,,missed,,jump,24,21
Dirk Nowitzki,Drew Gooden,Jason Kidd,Jason Terry,Shawn Marion,Anthony Parker,J.J. Hickson,LeBron James,Mo Williams,Shaquille O'Neal,3,10:26,CLE,rebound,,,,,,,,,,Shaquille O'Neal,,,,,,def,,
Dirk Nowitzki,Drew Gooden,Jason Kidd,Jason Terry,Shawn Marion,Anthony Parker,J.J. Hickson,LeBron James,Mo Williams,Shaquille O'Neal,3,10:12,CLE,shot,Anthony Parker,,,,,,,,,J.J. Hickson,2,,,made,,jump,6,6
Dirk Nowitzki,Drew Gooden,Jason Kidd,Jason Terry,Shawn Marion,Anthony Parker,J.J. Hickson,LeBron James,Mo Williams,Shaquille O'Neal,3,9:56,CLE,foul,,,,,,,,Drew Gooden,,Shaquille O'Neal,,,,,,shooting,,
Dirk Nowitzki,Drew Gooden,Jason Kidd,Jason Terry,Shawn Marion,Anthony Parker,J.J. Hickson,LeBron James,Mo Williams,Shaquille O'Neal,3,9:56,DAL,free throw,,,,,,,1,,2,Drew Gooden,,,foul,made,,,,
Dirk Nowitzki,Drew Gooden,Jason Kidd,Jason Terry,Shawn Marion,Anthony Parker,J.J. Hickson,LeBron James,Mo Williams,Shaquille O'Neal,3,9:56,DAL,free throw,,,,,,,2,,2,Drew Gooden,,,foul,made,,,,
Dirk Nowitzki,Drew Gooden,Jason Kidd,Jason Terry,Shawn Marion,Anthony Parker,J.J. Hickson,LeBron James,Mo Williams,Shaquille O'Neal,3,9:30,CLE,shot,,,,,,,,,,Mo Williams,,,,missed,,jump,38,17
Dirk Nowitzki,Drew Gooden,Jason Kidd,Jason Terry,Shawn Marion,Anthony Parker,J.J. Hickson,LeBron James,Mo Williams,Shaquille O'Neal,3,9:29,DAL,rebound,,,,,,,,,,Jason Kidd,,,,,,def,,
Dirk Nowitzki,Drew Gooden,Jason Kidd,Jason Terry,Shawn Marion,Anthony Parker,J.J. Hickson,LeBron James,Mo Williams,Shaquille O'Neal,3,9:24,DAL,turnover,,,,,,,,,,Jason Terry,,,bad pass,,Anthony Parker,,,
Dirk Nowitzki,Drew Gooden,Jason Kidd,Jason Terry,Shawn Marion,Anthony Parker,J.J. Hickson,LeBron James,Mo Williams,Shaquille O'Neal,3,9:20,CLE,turnover,,,,,,,,,,LeBron James,,,out of bounds lost ball turnover,,,,,
Dirk Nowitzki,Drew Gooden,Jason Kidd,Jason Terry,Shawn Marion,Anthony Parker,J.J. Hickson,LeBron James,Mo Williams,Shaquille O'Neal,3,9:02,DAL,shot,,,,,,,,,,Dirk Nowitzki,,,,missed,,jump,37,11
Dirk Nowitzki,Drew Gooden,Jason Kidd,Jason Terry,Shawn Marion,Anthony Parker,J.J. Hickson,LeBron James,Mo Williams,Shaquille O'Neal,3,9:01,CLE,rebound,,,,,,,,,,Anthony Parker,,,,,,def,,
Dirk Nowitzki,Drew Gooden,Jason Kidd,Jason Terry,Shawn Marion,Anthony Parker,J.J. Hickson,LeBron James,Mo Williams,Shaquille O'Neal,3,8:45,CLE,shot,,,,,,,,,,Shaquille O'Neal,,,,missed,,alley oop layup,25,7
Dirk Nowitzki,Drew Gooden,Jason Kidd,Jason Terry,Shawn Marion,Anthony Parker,J.J. Hickson,LeBron James,Mo Williams,Shaquille O'Neal,3,8:45,DAL,rebound,,,,,,,,,,,,,,,,,,
Dirk Nowitzki,Drew Gooden,Jason Kidd,Jason Terry,Shawn Marion,Anthony Parker,J.J. Hickson,LeBron James,Mo Williams,Shaquille O'Neal,3,8:31,DAL,shot,,,,,,,,,,Jason Terry,,,,missed,,jump,18,21
Dirk Nowitzki,Drew Gooden,Jason Kidd,Jason Terry,Shawn Marion,Anthony Parker,J.J. Hickson,LeBron James,Mo Williams,Shaquille O'Neal,3,8:30,CLE,rebound,,,,,,,,,,Anthony Parker,,,,,,def,,
Dirk Nowitzki,Drew Gooden,Jason Kidd,Jason Terry,Shawn Marion,Anthony Parker,J.J. Hickson,LeBron James,Mo Williams,Shaquille O'Neal,3,8:15,CLE,shot,,,Shawn Marion,,,,,,,Shaquille O'Neal,,,,missed,,jump,29,8
Dirk Nowitzki,Drew Gooden,Jason Kidd,Jason Terry,Shawn Marion,Anthony Parker,J.J. Hickson,LeBron James,Mo Williams,Shaquille O'Neal,3,8:15,CLE,rebound,,,,,,,,,,,,,,,,,,
Dirk Nowitzki,Drew Gooden,Jason Kidd,Jason Terry,Shawn Marion,Anderson Varejao,Anthony Parker,LeBron James,Mo Williams,Shaquille O'Neal,3,8:15,CLE,sub,,,,Anderson Varejao,,J.J. Hickson,,,,,,,,,,,,
Dirk Nowitzki,Drew Gooden,Jason Kidd,Jason Terry,Shawn Marion,Anderson Varejao,Anthony Parker,LeBron James,Mo Williams,Shaquille O'Neal,3,8:09,CLE,shot,LeBron James,,,,,,,,,Anthony Parker,2,,,made,,jump,10,24
Dirk Nowitzki,Drew Gooden,Jason Kidd,Jason Terry,Shawn Marion,Anderson Varejao,Anthony Parker,LeBron James,Mo Williams,Shaquille O'Neal,3,7:52,DAL,shot,Jason Kidd,,,,,,,,,Dirk Nowitzki,2,,,made,,jump,21,22
Dirk Nowitzki,Drew Gooden,Jason Kidd,Jason Terry,Shawn Marion,Anderson Varejao,Anthony Parker,LeBron James,Mo Williams,Shaquille O'Neal,3,7:25,CLE,shot,,,,,,,,,,LeBron James,,,,missed,,floating jump,26,9
Dirk Nowitzki,Drew Gooden,Jason Kidd,Jason Terry,Shawn Marion,Anderson Varejao,Anthony Parker,LeBron James,Mo Williams,Shaquille O'Neal,3,7:24,DAL,rebound,,,,,,,,,,Drew Gooden,,,,,,def,,
Dirk Nowitzki,Drew Gooden,Jason Kidd,Jason Terry,Shawn Marion,Anderson Varejao,Anthony Parker,LeBron James,Mo Williams,Shaquille O'Neal,3,7:20,CLE,foul,,,,,,,,Jason Terry,,Anthony Parker,,,,,,shooting,,
Dirk Nowitzki,Drew Gooden,Jason Kidd,Jason Terry,Shawn Marion,Anderson Varejao,Anthony Parker,LeBron James,Mo Williams,Shaquille O'Neal,3,7:20,DAL,free throw,,,,,,,1,,2,Jason Terry,,,foul,made,,,,
Dirk Nowitzki,Drew Gooden,Jason Kidd,Jason Terry,Shawn Marion,Anderson Varejao,Anthony Parker,LeBron James,Mo Williams,Shaquille O'Neal,3,7:20,DAL,free throw,,,,,,,2,,2,Jason Terry,,,foul,made,,,,
Dirk Nowitzki,Drew Gooden,Jason Kidd,Jason Terry,Shawn Marion,Anderson Varejao,Anthony Parker,LeBron James,Mo Williams,Shaquille O'Neal,3,6:54,CLE,shot,,,,,,,,,,Anderson Varejao,2,,,made,,layup,25,6
Dirk Nowitzki,Drew Gooden,Jason Kidd,Jason Terry,Shawn Marion,Anderson Varejao,Anthony Parker,LeBron James,Mo Williams,Shaquille O'Neal,3,6:39,DAL,shot,,,,,,,,,,Dirk Nowitzki,,,,missed,,jump,24,22
Dirk Nowitzki,Drew Gooden,Jason Kidd,Jason Terry,Shawn Marion,Anderson Varejao,Anthony Parker,LeBron James,Mo Williams,Shaquille O'Neal,3,6:38,CLE,rebound,,,,,,,,,,Shaquille O'Neal,,,,,,def,,
Dirk Nowitzki,Drew Gooden,Jason Kidd,Jason Terry,Shawn Marion,Anderson Varejao,Anthony Parker,LeBron James,Mo Williams,Shaquille O'Neal,3,6:29,CLE,shot,,,,,,,,,,Shaquille O'Neal,,,,missed,,jump,32,11
Dirk Nowitzki,Drew Gooden,Jason Kidd,Jason Terry,Shawn Marion,Anderson Varejao,Anthony Parker,LeBron James,Mo Williams,Shaquille O'Neal,3,6:27,CLE,rebound,,,,,,,,,,Anderson Varejao,,,,,,off,,
Dirk Nowitzki,Drew Gooden,Jason Kidd,Jason Terry,Shawn Marion,Anderson Varejao,Anthony Parker,LeBron James,Mo Williams,Shaquille O'Neal,3,6:27,CLE,shot,,,,,,,,,,Anderson Varejao,2,,,made,,tip,24,7
Dirk Nowitzki,Drew Gooden,Jason Kidd,Jason Terry,Shawn Marion,Anderson Varejao,Anthony Parker,LeBron James,Mo Williams,Shaquille O'Neal,3,6:12,CLE,foul,,,,,,,,Jason Terry,,Mo Williams,,,,,,shooting,,
Dirk Nowitzki,Drew Gooden,Jason Kidd,Jason Terry,Shawn Marion,Anderson Varejao,Anthony Parker,LeBron James,Mo Williams,Shaquille O'Neal,3,6:12,DAL,free throw,,,,,,,1,,2,Jason Terry,,,foul,made,,,,
Dirk Nowitzki,Drew Gooden,Jason Kidd,Jason Terry,Shawn Marion,Anderson Varejao,Anthony Parker,LeBron James,Mo Williams,Shaquille O'Neal,3,6:12,DAL,free throw,,,,,,,2,,2,Jason Terry,,,foul,made,,,,
Dirk Nowitzki,Drew Gooden,Jason Kidd,Jason Terry,Shawn Marion,Anderson Varejao,Anthony Parker,LeBron James,Mo Williams,Shaquille O'Neal,3,5:52,CLE,shot,,,,,,,,,,Anderson Varejao,2,,,made,,jump hook,25,13
Dirk Nowitzki,Drew Gooden,Jason Kidd,Jason Terry,Shawn Marion,Anderson Varejao,Anthony Parker,LeBron James,Mo Williams,Shaquille O'Neal,3,5:34,CLE,foul,,,,,,,,Jason Terry,,Mo Williams,,,,,,personal,,
Dirk Nowitzki,Drew Gooden,Jason Kidd,Jason Terry,Shawn Marion,Anderson Varejao,Anthony Parker,LeBron James,Mo Williams,Shaquille O'Neal,3,5:34,CLE,timeout,,,,,,,,,,,,,,,,regular,,
Dirk Nowitzki,Drew Gooden,Jason Kidd,Jason Terry,Shawn Marion,Anderson Varejao,Anthony Parker,LeBron James,Mo Williams,Shaquille O'Neal,3,5:26,DAL,shot,Jason Terry,,,,,,,,,Jason Kidd,3,,,made,,3pt,11,27
Dirk Nowitzki,Drew Gooden,Jason Kidd,Jason Terry,Shawn Marion,Anderson Varejao,Anthony Parker,LeBron James,Mo Williams,Shaquille O'Neal,3,5:05,CLE,shot,Shaquille O'Neal,,,,,,,,,Mo Williams,2,,,made,,jump,16,24
Dirk Nowitzki,Drew Gooden,Jason Kidd,Jason Terry,Shawn Marion,Anderson Varejao,Anthony Parker,LeBron James,Mo Williams,Shaquille O'Neal,3,4:48,CLE,foul,,,,,,,,Dirk Nowitzki,,Anderson Varejao,,,,,,shooting,,
Dirk Nowitzki,Drew Gooden,Jason Kidd,Jason Terry,Shawn Marion,Anderson Varejao,Anthony Parker,LeBron James,Mo Williams,Shaquille O'Neal,3,4:48,DAL,free throw,,,,,,,1,,2,Dirk Nowitzki,,,foul,made,,,,
Dirk Nowitzki,Drew Gooden,Jason Kidd,Jason Terry,Shawn Marion,Anderson Varejao,Anthony Parker,LeBron James,Mo Williams,Shaquille O'Neal,3,4:48,DAL,free throw,,,,,,,2,,2,Dirk Nowitzki,,,foul,made,,,,
Dirk Nowitzki,Drew Gooden,Jason Kidd,Jason Terry,Shawn Marion,Anderson Varejao,Anthony Parker,LeBron James,Mo Williams,Shaquille O'Neal,3,4:23,CLE,shot,,,,,,,,,,LeBron James,,,,missed,,3pt,29,31
Dirk Nowitzki,Drew Gooden,Jason Kidd,Jason Terry,Shawn Marion,Anderson Varejao,Anthony Parker,LeBron James,Mo Williams,Shaquille O'Neal,3,4:23,CLE,rebound,,,,,,,,,,,,,,,,,,
Dirk Nowitzki,Drew Gooden,Jason Kidd,Jason Terry,Shawn Marion,Anderson Varejao,Anthony Parker,LeBron James,Mo Williams,Shaquille O'Neal,3,4:23,CLE,turnover,,,,,,,,,,,,,shot clock turnover,,,,,
Dirk Nowitzki,Drew Gooden,Jason Kidd,Jose Juan Barea,Shawn Marion,Anderson Varejao,Anthony Parker,LeBron James,Mo Williams,Shaquille O'Neal,3,4:23,DAL,sub,,,,Jose Juan Barea,,Jason Terry,,,,,,,,,,,,
Dirk Nowitzki,Drew Gooden,Jason Kidd,Jose Juan Barea,Shawn Marion,Anderson Varejao,Anthony Parker,Jamario Moon,LeBron James,Mo Williams,3,4:23,CLE,sub,,,,Jamario Moon,,Shaquille O'Neal,,,,,,,,,,,,
Dirk Nowitzki,Drew Gooden,Jason Kidd,Jose Juan Barea,Shawn Marion,Anderson Varejao,Anthony Parker,Jamario Moon,LeBron James,Mo Williams,3,4:05,DAL,shot,,,,,,,,,,Dirk Nowitzki,,,,missed,,jump,26,12
Dirk Nowitzki,Drew Gooden,Jason Kidd,Jose Juan Barea,Shawn Marion,Anderson Varejao,Anthony Parker,Jamario Moon,LeBron James,Mo Williams,3,4:04,CLE,rebound,,,,,,,,,,Jamario Moon,,,,,,def,,
Dirk Nowitzki,Drew Gooden,Jason Kidd,Jose Juan Barea,Shawn Marion,Anderson Varejao,Anthony Parker,Jamario Moon,LeBron James,Mo Williams,3,3:57,CLE,shot,,,,,,,,,,LeBron James,2,,,made,,driving dunk,25,6
Dirk Nowitzki,Drew Gooden,Jason Kidd,Jose Juan Barea,Shawn Marion,Anderson Varejao,Anthony Parker,Jamario Moon,LeBron James,Mo Williams,3,3:57,DAL,foul,,,,,,,,LeBron James,,Shawn Marion,,,,,,shooting,,
Dirk Nowitzki,Drew Gooden,Jason Kidd,Jose Juan Barea,Shawn Marion,Anderson Varejao,Anthony Parker,Daniel Gibson,Jamario Moon,LeBron James,3,3:57,CLE,sub,,,,Daniel Gibson,,Mo Williams,,,,,,,,,,,,
Dirk Nowitzki,Drew Gooden,Jason Kidd,Jose Juan Barea,Shawn Marion,Anderson Varejao,Anthony Parker,Daniel Gibson,Jamario Moon,LeBron James,3,3:57,CLE,free throw,,,,,,,1,,1,LeBron James,,,foul,made,,,,
Dirk Nowitzki,Drew Gooden,Jason Kidd,Jose Juan Barea,Shawn Marion,Anderson Varejao,Anthony Parker,Daniel Gibson,Jamario Moon,LeBron James,3,3:38,DAL,turnover,,,,,,,,,,Drew Gooden,,,out of bounds lost ball turnover,,,,,
Dirk Nowitzki,Drew Gooden,Jason Kidd,Jose Juan Barea,Shawn Marion,Anderson Varejao,Anthony Parker,Daniel Gibson,Jamario Moon,LeBron James,3,3:20,CLE,shot,,,,,,,,,,Jamario Moon,,,,missed,,3pt,8,25
Dirk Nowitzki,Drew Gooden,Jason Kidd,Jose Juan Barea,Shawn Marion,Anderson Varejao,Anthony Parker,Daniel Gibson,Jamario Moon,LeBron James,3,3:18,CLE,rebound,,,,,,,,,,Anderson Varejao,,,,,,off,,
Dirk Nowitzki,Drew Gooden,Jason Kidd,Jose Juan Barea,Shawn Marion,Anderson Varejao,Anthony Parker,Daniel Gibson,Jamario Moon,LeBron James,3,3:05,CLE,shot,,,,,,,,,,Anthony Parker,,,,missed,,3pt,49,8
Dirk Nowitzki,Drew Gooden,Jason Kidd,Jose Juan Barea,Shawn Marion,Anderson Varejao,Anthony Parker,Daniel Gibson,Jamario Moon,LeBron James,3,3:04,CLE,rebound,,,,,,,,,,Anderson Varejao,,,,,,off,,
Dirk Nowitzki,Drew Gooden,Jason Kidd,Jose Juan Barea,Shawn Marion,Anderson Varejao,Anthony Parker,Daniel Gibson,Jamario Moon,LeBron James,3,2:55,CLE,shot,,,,,,,,,,Daniel Gibson,,,,missed,,layup,24,6
Dirk Nowitzki,Drew Gooden,Jason Kidd,Jose Juan Barea,Shawn Marion,Anderson Varejao,Anthony Parker,Daniel Gibson,Jamario Moon,LeBron James,3,2:55,CLE,rebound,,,,,,,,,,,,,,,,,,
Dirk Nowitzki,Drew Gooden,Jason Kidd,Jose Juan Barea,Shawn Marion,Anderson Varejao,Anthony Parker,Daniel Gibson,Jamario Moon,LeBron James,3,2:55,DAL,timeout,,,,,,,,,,,,,,,,regular,,
Dirk Nowitzki,Drew Gooden,Jason Kidd,Jose Juan Barea,Shawn Marion,Anderson Varejao,Daniel Gibson,Delonte West,Jamario Moon,LeBron James,3,2:55,CLE,sub,,,,Delonte West,,Anthony Parker,,,,,,,,,,,,
Dirk Nowitzki,James Singleton,Jason Kidd,Jose Juan Barea,Shawn Marion,Anderson Varejao,Daniel Gibson,Delonte West,Jamario Moon,LeBron James,3,2:55,DAL,sub,,,,James Singleton,,Drew Gooden,,,,,,,,,,,,
Dirk Nowitzki,James Singleton,Jason Kidd,Jose Juan Barea,Shawn Marion,Anderson Varejao,Daniel Gibson,Delonte West,Jamario Moon,LeBron James,3,2:45,CLE,shot,,,,,,,,,,Jamario Moon,,,,missed,,jump,28,23
Dirk Nowitzki,James Singleton,Jason Kidd,Jose Juan Barea,Shawn Marion,Anderson Varejao,Daniel Gibson,Delonte West,Jamario Moon,LeBron James,3,2:45,CLE,rebound,,,,,,,,,,,,,,,,,,
Dirk Nowitzki,James Singleton,Jason Kidd,Jose Juan Barea,Shawn Marion,Anderson Varejao,Daniel Gibson,Delonte West,Jamario Moon,LeBron James,3,2:45,DAL,foul,,,,,,,,Anderson Varejao,,Dirk Nowitzki,,,,,,loose ball,,
Dirk Nowitzki,James Singleton,Jason Kidd,Jose Juan Barea,Shawn Marion,Anderson Varejao,Daniel Gibson,Delonte West,Jamario Moon,LeBron James,3,2:37,CLE,shot,Delonte West,,,,,,,,,Anderson Varejao,2,,,made,,fade away jumper,18,11
Dirk Nowitzki,James Singleton,Jason Kidd,Jose Juan Barea,Shawn Marion,Anderson Varejao,Daniel Gibson,Delonte West,Jamario Moon,LeBron James,3,2:14,DAL,shot,Shawn Marion,,,,,,,,,Jason Kidd,3,,,made,,3pt,11,27
Dirk Nowitzki,James Singleton,Jason Kidd,Jose Juan Barea,Shawn Marion,Anderson Varejao,Daniel Gibson,Delonte West,Jamario Moon,LeBron James,3,1:45,CLE,shot,,,,,,,,,,Daniel Gibson,,,,missed,,jump,32,10
Dirk Nowitzki,James Singleton,Jason Kidd,Jose Juan Barea,Shawn Marion,Anderson Varejao,Daniel Gibson,Delonte West,Jamario Moon,LeBron James,3,1:44,DAL,rebound,,,,,,,,,,Dirk Nowitzki,,,,,,def,,
Dirk Nowitzki,James Singleton,Jason Kidd,Jose Juan Barea,Shawn Marion,Anderson Varejao,Daniel Gibson,Delonte West,Jamario Moon,LeBron James,3,1:38,DAL,shot,,,,,,,,,,Jose Juan Barea,,,,missed,,layup,25,6
Dirk Nowitzki,James Singleton,Jason Kidd,Jose Juan Barea,Shawn Marion,Anderson Varejao,Daniel Gibson,Delonte West,Jamario Moon,LeBron James,3,1:37,CLE,rebound,,,,,,,,,,Anderson Varejao,,,,,,def,,
Dirk Nowitzki,James Singleton,Jason Kidd,Jose Juan Barea,Shawn Marion,Anderson Varejao,Daniel Gibson,Delonte West,Jamario Moon,LeBron James,3,1:34,CLE,shot,Delonte West,,,,,,,,,LeBron James,2,,,made,,layup,26,7
Dirk Nowitzki,James Singleton,Jason Kidd,Jose Juan Barea,Shawn Marion,Anderson Varejao,Daniel Gibson,Delonte West,Jamario Moon,LeBron James,3,1:34,DAL,foul,,,,,,,,LeBron James,,Dirk Nowitzki,,,,,,shooting,,
Dirk Nowitzki,James Singleton,Jason Kidd,Jose Juan Barea,Shawn Marion,Anderson Varejao,Daniel Gibson,Delonte West,Jamario Moon,LeBron James,3,1:34,CLE,free throw,,,,,,,1,,1,LeBron James,,,foul,missed,,,,
Dirk Nowitzki,James Singleton,Jason Kidd,Jose Juan Barea,Shawn Marion,Anderson Varejao,Daniel Gibson,Delonte West,Jamario Moon,LeBron James,3,1:32,DAL,rebound,,,,,,,,,,Dirk Nowitzki,,,,,,def,,
Dirk Nowitzki,James Singleton,Jason Kidd,Jose Juan Barea,Shawn Marion,Anderson Varejao,Daniel Gibson,Delonte West,Jamario Moon,LeBron James,3,1:16,DAL,shot,Jose Juan Barea,,,,,,,,,Dirk Nowitzki,2,,,made,,jump,36,14
Dirk Nowitzki,James Singleton,Jason Kidd,Jose Juan Barea,Shawn Marion,Anderson Varejao,Daniel Gibson,Delonte West,Jamario Moon,LeBron James,3,0:59,CLE,shot,,,,,,,,,,Delonte West,,,,missed,,jump,37,10
Dirk Nowitzki,James Singleton,Jason Kidd,Jose Juan Barea,Shawn Marion,Anderson Varejao,Daniel Gibson,Delonte West,Jamario Moon,LeBron James,3,0:58,DAL,rebound,,,,,,,,,,Shawn Marion,,,,,,def,,
Dirk Nowitzki,James Singleton,Jason Kidd,Jose Juan Barea,Shawn Marion,Anderson Varejao,Daniel Gibson,Delonte West,Jamario Moon,LeBron James,3,0:45,DAL,shot,Jose Juan Barea,,,,,,,,,James Singleton,2,,,made,,jump,6,7
Dirk Nowitzki,James Singleton,Jason Kidd,Jose Juan Barea,Shawn Marion,Anderson Varejao,Daniel Gibson,Delonte West,Jamario Moon,LeBron James,3,0:24,CLE,turnover,,,,,,,,,,Anderson Varejao,,,out of bounds lost ball turnover,,,,,
Dirk Nowitzki,James Singleton,Jason Kidd,Jose Juan Barea,Shawn Marion,Anderson Varejao,Daniel Gibson,Delonte West,Jamario Moon,LeBron James,3,0:00,DAL,shot,,,,,,,,,,James Singleton,,,,missed,,3pt,1,9
Dirk Nowitzki,James Singleton,Jason Kidd,Jose Juan Barea,Shawn Marion,Anderson Varejao,Daniel Gibson,Delonte West,Jamario Moon,LeBron James,3,0:00,DAL,rebound,,,,,,,,,,Dirk Nowitzki,,,,,,off,,
Dirk Nowitzki,James Singleton,Jason Terry,Jose Juan Barea,Shawn Marion,Anderson Varejao,Delonte West,Jamario Moon,Mo Williams,Shaquille O'Neal,4,11:42,CLE,shot,Anderson Varejao,,,,,,,,,Delonte West,2,,,made,,layup,24,5
Dirk Nowitzki,James Singleton,Jason Terry,Jose Juan Barea,Shawn Marion,Anderson Varejao,Delonte West,Jamario Moon,Mo Williams,Shaquille O'Neal,4,11:18,DAL,shot,Jose Juan Barea,,,,,,,,,Shawn Marion,2,,,made,,jump hook,34,12
Dirk Nowitzki,James Singleton,Jason Terry,Jose Juan Barea,Shawn Marion,Anderson Varejao,Delonte West,Jamario Moon,Mo Williams,Shaquille O'Neal,4,11:03,CLE,foul,,,,,,,,James Singleton,,Shaquille O'Neal,,,,,,offensive,,
Dirk Nowitzki,James Singleton,Jason Terry,Jose Juan Barea,Shawn Marion,Anderson Varejao,Delonte West,Jamario Moon,Mo Williams,Shaquille O'Neal,4,11:03,CLE,turnover,,,,,,,,,,Shaquille O'Neal,,,foul,,,,,
Dirk Nowitzki,James Singleton,Jason Terry,Jose Juan Barea,Shawn Marion,Anderson Varejao,Delonte West,Jamario Moon,Mo Williams,Shaquille O'Neal,4,10:47,DAL,shot,,,,,,,,,,Dirk Nowitzki,,,,missed,,jump,25,21
Dirk Nowitzki,James Singleton,Jason Terry,Jose Juan Barea,Shawn Marion,Anderson Varejao,Delonte West,Jamario Moon,Mo Williams,Shaquille O'Neal,4,10:46,CLE,rebound,,,,,,,,,,Delonte West,,,,,,def,,
Dirk Nowitzki,James Singleton,Jason Terry,Jose Juan Barea,Shawn Marion,Anderson Varejao,Delonte West,Jamario Moon,Mo Williams,Shaquille O'Neal,4,10:32,CLE,shot,,,,,,,,,,Delonte West,,,,missed,,jump,12,11
Dirk Nowitzki,James Singleton,Jason Terry,Jose Juan Barea,Shawn Marion,Anderson Varejao,Delonte West,Jamario Moon,Mo Williams,Shaquille O'Neal,4,10:30,DAL,rebound,,,,,,,,,,Shawn Marion,,,,,,def,,
Dirk Nowitzki,James Singleton,Jason Terry,Jose Juan Barea,Shawn Marion,Anderson Varejao,Delonte West,Jamario Moon,Mo Williams,Shaquille O'Neal,4,10:10,DAL,shot,,,,,,,,,,James Singleton,,,,missed,,3pt,15,28
Dirk Nowitzki,James Singleton,Jason Terry,Jose Juan Barea,Shawn Marion,Anderson Varejao,Delonte West,Jamario Moon,Mo Williams,Shaquille O'Neal,4,10:09,CLE,rebound,,,,,,,,,,Jamario Moon,,,,,,def,,
Dirk Nowitzki,James Singleton,Jason Terry,Jose Juan Barea,Shawn Marion,Anderson Varejao,Delonte West,Jamario Moon,Mo Williams,Shaquille O'Neal,4,10:01,DAL,foul,,,,,,,,Shaquille O'Neal,,James Singleton,,,,,,personal,,
Dirk Nowitzki,Drew Gooden,James Singleton,Jason Terry,Jose Juan Barea,Anderson Varejao,Delonte West,Jamario Moon,Mo Williams,Shaquille O'Neal,4,10:01,DAL,sub,,,,Drew Gooden,,Shawn Marion,,,,,,,,,,,,
Dirk Nowitzki,Drew Gooden,James Singleton,Jason Terry,Jose Juan Barea,Anderson Varejao,Delonte West,Jamario Moon,Mo Williams,Shaquille O'Neal,4,9:55,DAL,foul,,,,,,,,Shaquille O'Neal,,Drew Gooden,,,,,,personal,,
Dirk Nowitzki,Drew Gooden,James Singleton,Jason Terry,Jose Juan Barea,Anderson Varejao,Delonte West,Jamario Moon,Mo Williams,Shaquille O'Neal,4,9:47,CLE,shot,Shaquille O'Neal,,,,,,,,,Mo Williams,3,,,made,,3pt,47,17
Dirk Nowitzki,Drew Gooden,James Singleton,Jason Terry,Jose Juan Barea,Anderson Varejao,Delonte West,Jamario Moon,Mo Williams,Shaquille O'Neal,4,9:25,CLE,foul,,,,,,,,Drew Gooden,,Shaquille O'Neal,,,,,,shooting,,
Dirk Nowitzki,Drew Gooden,James Singleton,Jason Terry,Jose Juan Barea,Anderson Varejao,Delonte West,Jamario Moon,Mo Williams,Shaquille O'Neal,4,9:25,DAL,free throw,,,,,,,1,,2,Drew Gooden,,,foul,made,,,,
Dirk Nowitzki,Drew Gooden,James Singleton,Jason Terry,Jose Juan Barea,Anderson Varejao,Delonte West,Jamario Moon,Mo Williams,Shaquille O'Neal,4,9:25,DAL,free throw,,,,,,,2,,2,Drew Gooden,,,foul,made,,,,
Dirk Nowitzki,Drew Gooden,James Singleton,Jason Terry,Jose Juan Barea,Anderson Varejao,Delonte West,Jamario Moon,Mo Williams,Shaquille O'Neal,4,9:14,DAL,foul,,,,,,,,Shaquille O'Neal,,Drew Gooden,,,,,,personal,,
Dirk Nowitzki,Drew Gooden,James Singleton,Jason Terry,Jose Juan Barea,Anderson Varejao,Delonte West,Jamario Moon,Mo Williams,Shaquille O'Neal,4,9:10,DAL,violation,,,,,,,,,,James Singleton,,,,,,defensive goaltending,,
Dirk Nowitzki,Drew Gooden,James Singleton,Jason Terry,Jose Juan Barea,Anderson Varejao,Delonte West,Jamario Moon,Mo Williams,Shaquille O'Neal,4,9:10,CLE,shot,,,,,,,,,,Shaquille O'Neal,2,,,made,,jump hook,27,14
Dirk Nowitzki,Drew Gooden,James Singleton,Jason Terry,Jose Juan Barea,Anderson Varejao,Delonte West,Jamario Moon,Mo Williams,Shaquille O'Neal,4,8:52,DAL,shot,,,,,,,,,,Jose Juan Barea,,,,missed,,3pt,41,31
Dirk Nowitzki,Drew Gooden,James Singleton,Jason Terry,Jose Juan Barea,Anderson Varejao,Delonte West,Jamario Moon,Mo Williams,Shaquille O'Neal,4,8:51,CLE,rebound,,,,,,,,,,Shaquille O'Neal,,,,,,def,,
Dirk Nowitzki,Drew Gooden,James Singleton,Jason Terry,Jose Juan Barea,Anderson Varejao,Delonte West,Jamario Moon,Mo Williams,Shaquille O'Neal,4,8:27,CLE,shot,,,,,,,,,,Mo Williams,,,,missed,,jump,29,25
Dirk Nowitzki,Drew Gooden,James Singleton,Jason Terry,Jose Juan Barea,Anderson Varejao,Delonte West,Jamario Moon,Mo Williams,Shaquille O'Neal,4,8:25,DAL,rebound,,,,,,,,,,James Singleton,,,,,,def,,
Dirk Nowitzki,Drew Gooden,James Singleton,Jason Terry,Jose Juan Barea,Anderson Varejao,Delonte West,Jamario Moon,Mo Williams,Shaquille O'Neal,4,8:15,DAL,shot,,,,,,,,,,Jason Terry,,,,missed,,jump,22,18
Dirk Nowitzki,Drew Gooden,James Singleton,Jason Terry,Jose Juan Barea,Anderson Varejao,Delonte West,Jamario Moon,Mo Williams,Shaquille O'Neal,4,8:13,CLE,rebound,,,,,,,,,,Delonte West,,,,,,def,,
Dirk Nowitzki,Drew Gooden,James Singleton,Jason Terry,Jose Juan Barea,Anderson Varejao,Delonte West,Jamario Moon,Mo Williams,Shaquille O'Neal,4,7:55,CLE,shot,Delonte West,,,,,,,,,Anderson Varejao,2,,,made,,layup,25,6
Dirk Nowitzki,Drew Gooden,James Singleton,Jason Terry,Jose Juan Barea,Anderson Varejao,Delonte West,Jamario Moon,Mo Williams,Shaquille O'Neal,4,7:55,DAL,timeout,,,,,,,,,,,,,,,,regular,,
Dirk Nowitzki,Drew Gooden,James Singleton,Jason Terry,Jose Juan Barea,Anderson Varejao,Delonte West,Jamario Moon,Mo Williams,Shaquille O'Neal,4,7:36,DAL,shot,,,,,,,,,,Dirk Nowitzki,,,,missed,,jump,33,23
Dirk Nowitzki,Drew Gooden,James Singleton,Jason Terry,Jose Juan Barea,Anderson Varejao,Delonte West,Jamario Moon,Mo Williams,Shaquille O'Neal,4,7:31,DAL,rebound,,,,,,,,,,Drew Gooden,,,,,,off,,
Dirk Nowitzki,Drew Gooden,James Singleton,Jason Terry,Jose Juan Barea,Anderson Varejao,Delonte West,Jamario Moon,Mo Williams,Shaquille O'Neal,4,7:31,DAL,shot,,,,,,,,,,Drew Gooden,,,,missed,,putback layup,24,6
Dirk Nowitzki,Drew Gooden,James Singleton,Jason Terry,Jose Juan Barea,Anderson Varejao,Delonte West,Jamario Moon,Mo Williams,Shaquille O'Neal,4,7:31,DAL,rebound,,,,,,,,,,,,,,,,,,
Dirk Nowitzki,Drew Gooden,James Singleton,Jason Terry,Jose Juan Barea,Anderson Varejao,Delonte West,Jamario Moon,Mo Williams,Shaquille O'Neal,4,7:31,CLE,foul,,,,,,,,Drew Gooden,,Anderson Varejao,,,,,,loose ball,,
Dirk Nowitzki,Drew Gooden,James Singleton,Jason Terry,Jose Juan Barea,Anderson Varejao,Delonte West,Jamario Moon,Mo Williams,Shaquille O'Neal,4,7:19,DAL,shot,,,,,,,,,,Dirk Nowitzki,2,,,made,,jump,10,14
Dirk Nowitzki,Drew Gooden,James Singleton,Jason Terry,Jose Juan Barea,Anderson Varejao,Delonte West,Jamario Moon,Mo Williams,Shaquille O'Neal,4,7:02,CLE,shot,Delonte West,,,,,,,,,Anderson Varejao,2,,,made,,layup,25,8
Dirk Nowitzki,Drew Gooden,James Singleton,Jason Terry,Jose Juan Barea,Anderson Varejao,Delonte West,Jamario Moon,Mo Williams,Shaquille O'Neal,4,7:02,DAL,foul,,,,,,,,Anderson Varejao,,Drew Gooden,,,,,,shooting,,
Dirk Nowitzki,Drew Gooden,James Singleton,Jason Terry,Jose Juan Barea,Anderson Varejao,Delonte West,Jamario Moon,LeBron James,Mo Williams,4,7:02,CLE,sub,,,,LeBron James,,Shaquille O'Neal,,,,,,,,,,,,
Dirk Nowitzki,Drew Gooden,Jason Terry,Jose Juan Barea,Shawn Marion,Anderson Varejao,Delonte West,Jamario Moon,LeBron James,Mo Williams,4,7:02,DAL,sub,,,,Shawn Marion,,James Singleton,,,,,,,,,,,,
Dirk Nowitzki,Drew Gooden,Jason Terry,Jose Juan Barea,Shawn Marion,Anderson Varejao,Delonte West,Jamario Moon,LeBron James,Mo Williams,4,7:02,CLE,free throw,,,,,,,1,,1,Anderson Varejao,,,foul,made,,,,
Dirk Nowitzki,Drew Gooden,Jason Terry,Jose Juan Barea,Shawn Marion,Anderson Varejao,Delonte West,Jamario Moon,LeBron James,Mo Williams,4,6:49,DAL,shot,,,,,,,,,,Dirk Nowitzki,,,,missed,,jump,42,8
Dirk Nowitzki,Drew Gooden,Jason Terry,Jose Juan Barea,Shawn Marion,Anderson Varejao,Delonte West,Jamario Moon,LeBron James,Mo Williams,4,6:49,DAL,rebound,,,,,,,,,,,,,,,,,,
Dirk Nowitzki,Drew Gooden,Jason Kidd,Jason Terry,Shawn Marion,Anderson Varejao,Delonte West,Jamario Moon,LeBron James,Mo Williams,4,6:49,DAL,sub,,,,Jason Kidd,,Jose Juan Barea,,,,,,,,,,,,
Dirk Nowitzki,Drew Gooden,Jason Kidd,Jason Terry,Shawn Marion,Anderson Varejao,Delonte West,Jamario Moon,LeBron James,Mo Williams,4,6:45,DAL,shot,Dirk Nowitzki,,,,,,,,,Jason Kidd,3,,,made,,3pt,19,29
Dirk Nowitzki,Drew Gooden,Jason Kidd,Jason Terry,Shawn Marion,Anderson Varejao,Delonte West,Jamario Moon,LeBron James,Mo Williams,4,6:25,CLE,shot,,,,,,,,,,LeBron James,,,,missed,,floating jump,17,12
Dirk Nowitzki,Drew Gooden,Jason Kidd,Jason Terry,Shawn Marion,Anderson Varejao,Delonte West,Jamario Moon,LeBron James,Mo Williams,4,6:22,DAL,rebound,,,,,,,,,,Dirk Nowitzki,,,,,,def,,
Dirk Nowitzki,Drew Gooden,Jason Kidd,Jason Terry,Shawn Marion,Anderson Varejao,Delonte West,Jamario Moon,LeBron James,Mo Williams,4,6:17,DAL,turnover,,,,,,,,,,Drew Gooden,,,out of bounds lost ball turnover,,,,,
Dirk Nowitzki,Drew Gooden,Jason Kidd,Jason Terry,Shawn Marion,Anderson Varejao,Delonte West,Jamario Moon,LeBron James,Mo Williams,4,5:57,CLE,shot,,,Dirk Nowitzki,,,,,,,Delonte West,,,,missed,,layup,27,7
Dirk Nowitzki,Drew Gooden,Jason Kidd,Jason Terry,Shawn Marion,Anderson Varejao,Delonte West,Jamario Moon,LeBron James,Mo Williams,4,5:57,CLE,rebound,,,,,,,,,,,,,,,,,,
Dirk Nowitzki,Drew Gooden,Jason Kidd,Jason Terry,Shawn Marion,Anderson Varejao,Delonte West,Jamario Moon,LeBron James,Mo Williams,4,5:57,CLE,timeout,,,,,,,,,,,,,,,,official,,
Dirk Nowitzki,Drew Gooden,Jason Kidd,Jason Terry,Shawn Marion,Anderson Varejao,Delonte West,Jamario Moon,LeBron James,Mo Williams,4,5:54,CLE,shot,Delonte West,,,,,,,,,LeBron James,2,,,made,,alley oop layup,25,7
Dirk Nowitzki,Drew Gooden,Jason Kidd,Jason Terry,Shawn Marion,Anderson Varejao,Delonte West,Jamario Moon,LeBron James,Mo Williams,4,5:42,DAL,shot,,,,,,,,,,Jason Kidd,,,,missed,,3pt,14,29
Dirk Nowitzki,Drew Gooden,Jason Kidd,Jason Terry,Shawn Marion,Anderson Varejao,Delonte West,Jamario Moon,LeBron James,Mo Williams,4,5:41,DAL,rebound,,,,,,,,,,Dirk Nowitzki,,,,,,off,,
Dirk Nowitzki,Drew Gooden,Jason Kidd,Jason Terry,Shawn Marion,Anderson Varejao,Delonte West,Jamario Moon,LeBron James,Mo Williams,4,5:37,DAL,shot,,,,,,,,,,Dirk Nowitzki,2,,,made,,layup,25,7
Dirk Nowitzki,Drew Gooden,Jason Kidd,Jason Terry,Shawn Marion,Anderson Varejao,Delonte West,Jamario Moon,LeBron James,Mo Williams,4,5:19,CLE,shot,,,,,,,,,,Mo Williams,3,,,made,,3pt,45,20
Dirk Nowitzki,Drew Gooden,Jason Kidd,Jason Terry,Shawn Marion,Anderson Varejao,Delonte West,Jamario Moon,LeBron James,Mo Williams,4,5:01,DAL,shot,,,,,,,,,,Jason Terry,2,,,made,,jump,18,11
Dirk Nowitzki,Drew Gooden,Jason Kidd,Jason Terry,Shawn Marion,Anderson Varejao,Delonte West,Jamario Moon,LeBron James,Mo Williams,4,5:01,CLE,foul,,,,,,,,Jason Terry,,Delonte West,,,,,,shooting,,
Dirk Nowitzki,Drew Gooden,Jason Kidd,Jason Terry,Shawn Marion,Anderson Varejao,Delonte West,Jamario Moon,LeBron James,Mo Williams,4,5:01,DAL,free throw,,,,,,,1,,1,Jason Terry,,,foul,made,,,,
Dirk Nowitzki,Drew Gooden,Jason Kidd,Jason Terry,Shawn Marion,Anderson Varejao,Delonte West,Jamario Moon,LeBron James,Mo Williams,4,4:44,CLE,shot,,,,,,,,,,LeBron James,,,,missed,,jump,36,23
Dirk Nowitzki,Drew Gooden,Jason Kidd,Jason Terry,Shawn Marion,Anderson Varejao,Delonte West,Jamario Moon,LeBron James,Mo Williams,4,4:43,DAL,rebound,,,,,,,,,,Dirk Nowitzki,,,,,,def,,
Dirk Nowitzki,Drew Gooden,Jason Kidd,Jason Terry,Shawn Marion,Anderson Varejao,Delonte West,Jamario Moon,LeBron James,Mo Williams,4,4:30,DAL,turnover,,,,,,,,,,Drew Gooden,,,out of bounds lost ball turnover,,,,,
Dirk Nowitzki,Drew Gooden,Jason Kidd,Jason Terry,Shawn Marion,Anderson Varejao,Delonte West,Jamario Moon,LeBron James,Mo Williams,4,4:06,CLE,shot,,,,,,,,,,LeBron James,2,,,made,,driving reverse layup,26,7
Dirk Nowitzki,Drew Gooden,Jason Kidd,Jason Terry,Shawn Marion,Anderson Varejao,Delonte West,Jamario Moon,LeBron James,Mo Williams,4,3:59,DAL,timeout,,,,,,,,,,,,,,,,regular,,
Dirk Nowitzki,Jason Kidd,Jason Terry,Jose Juan Barea,Shawn Marion,Anderson Varejao,Delonte West,Jamario Moon,LeBron James,Mo Williams,4,3:59,DAL,sub,,,,Jose Juan Barea,,Drew Gooden,,,,,,,,,,,,
Dirk Nowitzki,Jason Kidd,Jason Terry,Jose Juan Barea,Shawn Marion,Anderson Varejao,Delonte West,Jamario Moon,LeBron James,Mo Williams,4,3:54,DAL,shot,,,,,,,,,,Jason Terry,,,,missed,,3pt,43,27
Dirk Nowitzki,Jason Kidd,Jason Terry,Jose Juan Barea,Shawn Marion,Anderson Varejao,Delonte West,Jamario Moon,LeBron James,Mo Williams,4,3:52,CLE,rebound,,,,,,,,,,Anderson Varejao,,,,,,def,,
Dirk Nowitzki,Jason Kidd,Jason Terry,Jose Juan Barea,Shawn Marion,Anderson Varejao,Delonte West,Jamario Moon,LeBron James,Mo Williams,4,3:35,CLE,shot,,,,,,,,,,LeBron James,,,,missed,,jump,16,20
Dirk Nowitzki,Jason Kidd,Jason Terry,Jose Juan Barea,Shawn Marion,Anderson Varejao,Delonte West,Jamario Moon,LeBron James,Mo Williams,4,3:34,DAL,rebound,,,,,,,,,,Dirk Nowitzki,,,,,,def,,
Dirk Nowitzki,Jason Kidd,Jason Terry,Jose Juan Barea,Shawn Marion,Anderson Varejao,Delonte West,Jamario Moon,LeBron James,Mo Williams,4,3:24,DAL,shot,,,,,,,,,,Shawn Marion,,,,missed,,layup,27,8
Dirk Nowitzki,Jason Kidd,Jason Terry,Jose Juan Barea,Shawn Marion,Anderson Varejao,Delonte West,Jamario Moon,LeBron James,Mo Williams,4,3:23,CLE,rebound,,,,,,,,,,Delonte West,,,,,,def,,
Dirk Nowitzki,Jason Kidd,Jason Terry,Jose Juan Barea,Shawn Marion,Anderson Varejao,Delonte West,Jamario Moon,LeBron James,Mo Williams,4,3:00,CLE,shot,,,,,,,,,,LeBron James,2,,,made,,layup,24,6
Dirk Nowitzki,Jason Kidd,Jason Terry,Jose Juan Barea,Shawn Marion,Anderson Varejao,Delonte West,Jamario Moon,LeBron James,Mo Williams,4,2:51,DAL,shot,,,,,,,,,,Jose Juan Barea,,,,missed,,jump,12,22
Dirk Nowitzki,Jason Kidd,Jason Terry,Jose Juan Barea,Shawn Marion,Anderson Varejao,Delonte West,Jamario Moon,LeBron James,Mo Williams,4,2:49,CLE,rebound,,,,,,,,,,Jamario Moon,,,,,,def,,
Dirk Nowitzki,Jason Kidd,Jason Terry,Jose Juan Barea,Shawn Marion,Anderson Varejao,Delonte West,Jamario Moon,LeBron James,Mo Williams,4,2:47,CLE,timeout,,,,,,,,,,,,,,,,regular,,
Dirk Nowitzki,Jason Kidd,Jason Terry,Jose Juan Barea,Rodrigue Beaubois,Anderson Varejao,Delonte West,Jamario Moon,LeBron James,Mo Williams,4,2:47,DAL,sub,,,,Rodrigue Beaubois,,Shawn Marion,,,,,,,,,,,,
Jason Kidd,Jason Terry,Jose Juan Barea,Matt Carroll,Rodrigue Beaubois,Anderson Varejao,Delonte West,Jamario Moon,LeBron James,Mo Williams,4,2:47,DAL,sub,,,,Matt Carroll,,Dirk Nowitzki,,,,,,,,,,,,
James Singleton,Jason Terry,Jose Juan Barea,Matt Carroll,Rodrigue Beaubois,Anderson Varejao,Delonte West,Jamario Moon,LeBron James,Mo Williams,4,2:47,DAL,sub,,,,James Singleton,,Jason Kidd,,,,,,,,,,,,
James Singleton,Jose Juan Barea,Kris Humphries,Matt Carroll,Rodrigue Beaubois,Anderson Varejao,Delonte West,Jamario Moon,LeBron James,Mo Williams,4,2:47,DAL,sub,,,,Kris Humphries,,Jason Terry,,,,,,,,,,,,
James Singleton,Jose Juan Barea,Kris Humphries,Matt Carroll,Rodrigue Beaubois,Anderson Varejao,Daniel Gibson,Delonte West,Jamario Moon,LeBron James,4,2:47,CLE,sub,,,,Daniel Gibson,,Mo Williams,,,,,,,,,,,,
James Singleton,Jose Juan Barea,Kris Humphries,Matt Carroll,Rodrigue Beaubois,Anderson Varejao,Daniel Gibson,Delonte West,Jamario Moon,LeBron James,4,2:28,CLE,shot,,,,,,,,,,LeBron James,,,,missed,,jump,26,23
James Singleton,Jose Juan Barea,Kris Humphries,Matt Carroll,Rodrigue Beaubois,Anderson Varejao,Daniel Gibson,Delonte West,Jamario Moon,LeBron James,4,2:26,CLE,rebound,,,,,,,,,,Anderson Varejao,,,,,,off,,
James Singleton,Jose Juan Barea,Kris Humphries,Matt Carroll,Rodrigue Beaubois,Anderson Varejao,Daniel Gibson,Delonte West,Jamario Moon,LeBron James,4,2:04,CLE,shot,,,,,,,,,,LeBron James,,,,missed,,jump,17,25
James Singleton,Jose Juan Barea,Kris Humphries,Matt Carroll,Rodrigue Beaubois,Anderson Varejao,Daniel Gibson,Delonte West,Jamario Moon,LeBron James,4,2:03,CLE,rebound,,,,,,,,,,Jamario Moon,,,,,,off,,
James Singleton,Jose Juan Barea,Kris Humphries,Matt Carroll,Rodrigue Beaubois,Anderson Varejao,Daniel Gibson,Delonte West,Jamario Moon,LeBron James,4,1:49,DAL,foul,,,,,,,,LeBron James,,Kris Humphries,,,,,,personal,,
James Singleton,Jose Juan Barea,Kris Humphries,Matt Carroll,Rodrigue Beaubois,Anderson Varejao,Daniel Gibson,Delonte West,Jamario Moon,LeBron James,4,1:49,CLE,free throw,,,,,,,1,,2,LeBron James,,,foul,missed,,,,
James Singleton,Jose Juan Barea,Kris Humphries,Matt Carroll,Rodrigue Beaubois,Anderson Varejao,Daniel Gibson,Delonte West,Jamario Moon,LeBron James,4,1:49,CLE,rebound,,,,,,,,,,,,,,,,,,
James Singleton,Jose Juan Barea,Kris Humphries,Matt Carroll,Rodrigue Beaubois,Daniel Gibson,Darnell Jackson,Delonte West,Jamario Moon,LeBron James,4,1:49,CLE,sub,,,,Darnell Jackson,,Anderson Varejao,,,,,,,,,,,,
James Singleton,Jose Juan Barea,Kris Humphries,Matt Carroll,Rodrigue Beaubois,Daniel Gibson,Darnell Jackson,Delonte West,Jamario Moon,LeBron James,4,1:49,CLE,free throw,,,,,,,2,,2,LeBron James,,,foul,made,,,,
James Singleton,Jose Juan Barea,Kris Humphries,Matt Carroll,Rodrigue Beaubois,Daniel Gibson,Darnell Jackson,Delonte West,Jamario Moon,LeBron James,4,1:48,CLE,foul,,,,,,,,Jose Juan Barea,,LeBron James,,,,,,personal,,
James Singleton,Jose Juan Barea,Kris Humphries,Matt Carroll,Rodrigue Beaubois,Daniel Gibson,Darnell Jackson,Delonte West,Jamario Moon,Jawad Williams,4,1:48,CLE,sub,,,,Jawad Williams,,LeBron James,,,,,,,,,,,,
James Singleton,Jose Juan Barea,Kris Humphries,Matt Carroll,Rodrigue Beaubois,Daniel Gibson,Darnell Jackson,Delonte West,Jamario Moon,Jawad Williams,4,1:28,DAL,turnover,,,,,,,,,,Jose Juan Barea,,,out of bounds lost ball turnover,,,,,
James Singleton,Jose Juan Barea,Kris Humphries,Matt Carroll,Rodrigue Beaubois,Daniel Gibson,Darnell Jackson,Delonte West,Jamario Moon,Jawad Williams,4,1:12,CLE,turnover,,,,,,,,,,Darnell Jackson,,,lost ball,,James Singleton,,,
James Singleton,Jose Juan Barea,Kris Humphries,Matt Carroll,Rodrigue Beaubois,Daniel Gibson,Darnell Jackson,Delonte West,Jamario Moon,Jawad Williams,4,1:01,DAL,shot,,,,,,,,,,Kris Humphries,2,,,made,,driving dunk,25,5
James Singleton,Jose Juan Barea,Kris Humphries,Matt Carroll,Rodrigue Beaubois,Daniel Gibson,Darnell Jackson,Delonte West,Jamario Moon,Jawad Williams,4,1:01,CLE,foul,,,,,,,,Kris Humphries,,Darnell Jackson,,,,,,shooting,,
James Singleton,Jose Juan Barea,Kris Humphries,Matt Carroll,Rodrigue Beaubois,Daniel Gibson,Darnell Jackson,Delonte West,Jamario Moon,Jawad Williams,4,1:01,DAL,free throw,,,,,,,1,,1,Kris Humphries,,,foul,missed,,,,
James Singleton,Jose Juan Barea,Kris Humphries,Matt Carroll,Rodrigue Beaubois,Daniel Gibson,Darnell Jackson,Delonte West,Jamario Moon,Jawad Williams,4,0:59,CLE,rebound,,,,,,,,,,Darnell Jackson,,,,,,def,,
James Singleton,Jose Juan Barea,Kris Humphries,Matt Carroll,Rodrigue Beaubois,Daniel Gibson,Darnell Jackson,Delonte West,Jamario Moon,Jawad Williams,4,0:38,CLE,shot,,,,,,,,,,Daniel Gibson,2,,,made,,jump,35,24
James Singleton,Jose Juan Barea,Kris Humphries,Matt Carroll,Rodrigue Beaubois,Daniel Gibson,Darnell Jackson,Delonte West,Jamario Moon,Jawad Williams,4,0:23,DAL,shot,,,,,,,,,,Rodrigue Beaubois,,,,missed,,3pt,41,28
James Singleton,Jose Juan Barea,Kris Humphries,Matt Carroll,Rodrigue Beaubois,Daniel Gibson,Darnell Jackson,Delonte West,Jamario Moon,Jawad Williams,4,0:22,CLE,rebound,,,,,,,,,,,,,,,,,,
