a1,a2,a3,a4,a5,h1,h2,h3,h4,h5,period,time,team,etype,assist,away,block,entered,home,left,num,opponent,outof,player,points,possession,reason,result,steal,type,x,y
Marc Gasol,Mike Conley,O.J. Mayo,Rudy Gay,Zach Randolph,Andre Iguodala,Elton Brand,Lou Williams,Samuel Dalembert,Thaddeus Young,1,12:00,OFF,jump ball,,Marc Gasol,,,Samuel Dalembert,,,,,,,O.J. Mayo,,,,,,
Marc Gasol,Mike Conley,O.J. Mayo,Rudy Gay,Zach Randolph,Andre Iguodala,Elton Brand,Lou Williams,Samuel Dalembert,Thaddeus Young,1,11:48,MEM,turnover,,,,,,,,,,Mike Conley,,,bad pass,,Lou Williams,,,
Marc Gasol,Mike Conley,O.J. Mayo,Rudy Gay,Zach Randolph,Andre Iguodala,Elton Brand,Lou Williams,Samuel Dalembert,Thaddeus Young,1,11:43,PHI,shot,Andre Iguodala,,,,,,,,,Samuel Dalembert,2,,,made,,layup,25,6
Marc Gasol,Mike Conley,O.J. Mayo,Rudy Gay,Zach Randolph,Andre Iguodala,Elton Brand,Lou Williams,Samuel Dalembert,Thaddeus Young,1,11:26,MEM,shot,Marc Gasol,,,,,,,,,O.J. Mayo,2,,,made,,jump,39,23
Marc Gasol,Mike Conley,O.J. Mayo,Rudy Gay,Zach Randolph,Andre Iguodala,Elton Brand,Lou Williams,Samuel Dalembert,Thaddeus Young,1,11:11,PHI,turnover,,,,,,,,,,Elton Brand,,,lost ball,,Zach Randolph,,,
Marc Gasol,Mike Conley,O.J. Mayo,Rudy Gay,Zach Randolph,Andre Iguodala,Elton Brand,Lou Williams,Samuel Dalembert,Thaddeus Young,1,11:03,MEM,shot,O.J. Mayo,,,,,,,,,Zach Randolph,2,,,made,,jump,26,25
Marc Gasol,Mike Conley,O.J. Mayo,Rudy Gay,Zach Randolph,Andre Iguodala,Elton Brand,Lou Williams,Samuel Dalembert,Thaddeus Young,1,10:40,MEM,foul,,,,,,,,Thaddeus Young,,Mike Conley,,,,,,shooting,,
Marc Gasol,Mike Conley,O.J. Mayo,Rudy Gay,Zach Randolph,Andre Iguodala,Elton Brand,Lou Williams,Samuel Dalembert,Thaddeus Young,1,10:40,PHI,free throw,,,,,,,1,,2,Thaddeus Young,,,foul,missed,,,,
Marc Gasol,Mike Conley,O.J. Mayo,Rudy Gay,Zach Randolph,Andre Iguodala,Elton Brand,Lou Williams,Samuel Dalembert,Thaddeus Young,1,10:40,PHI,rebound,,,,,,,,,,,,,,,,,,
Marc Gasol,Mike Conley,O.J. Mayo,Rudy Gay,Zach Randolph,Andre Iguodala,Elton Brand,Lou Williams,Samuel Dalembert,Thaddeus Young,1,10:40,PHI,free throw,,,,,,,2,,2,Thaddeus Young,,,foul,made,,,,
Marc Gasol,Mike Conley,O.J. Mayo,Rudy Gay,Zach Randolph,Andre Iguodala,Elton Brand,Lou Williams,Samuel Dalembert,Thaddeus Young,1,10:21,MEM,shot,,,,,,,,,,Rudy Gay,,,,missed,,layup,25,6
Marc Gasol,Mike Conley,O.J. Mayo,Rudy Gay,Zach Randolph,Andre Iguodala,Elton Brand,Lou Williams,Samuel Dalembert,Thaddeus Young,1,10:20,PHI,rebound,,,,,,,,,,Elton Brand,,,,,,def,,
Marc Gasol,Mike Conley,O.J. Mayo,Rudy Gay,Zach Randolph,Andre Iguodala,Elton Brand,Lou Williams,Samuel Dalembert,Thaddeus Young,1,10:15,PHI,shot,Andre Iguodala,,,,,,,,,Lou Williams,2,,,made,,alley oop dunk,25,6
Marc Gasol,Mike Conley,O.J. Mayo,Rudy Gay,Zach Randolph,Andre Iguodala,Elton Brand,Lou Williams,Samuel Dalembert,Thaddeus Young,1,9:59,MEM,shot,Mike Conley,,,,,,,,,Marc Gasol,2,,,made,,turnaround hook,25,11
Marc Gasol,Mike Conley,O.J. Mayo,Rudy Gay,Zach Randolph,Andre Iguodala,Elton Brand,Lou Williams,Samuel Dalembert,Thaddeus Young,1,9:47,MEM,foul,,,,,,,,Lou Williams,,Marc Gasol,,,,,,personal,,
Marc Gasol,Mike Conley,O.J. Mayo,Rudy Gay,Zach Randolph,Andre Iguodala,Elton Brand,Lou Williams,Samuel Dalembert,Thaddeus Young,1,9:39,PHI,shot,Andre Iguodala,,,,,,,,,Lou Williams,3,,,made,,3pt,2,4
Marc Gasol,Mike Conley,O.J. Mayo,Rudy Gay,Zach Randolph,Andre Iguodala,Elton Brand,Lou Williams,Samuel Dalembert,Thaddeus Young,1,9:19,MEM,shot,,,,,,,,,,Zach Randolph,,,,missed,,jump,12,12
Marc Gasol,Mike Conley,O.J. Mayo,Rudy Gay,Zach Randolph,Andre Iguodala,Elton Brand,Lou Williams,Samuel Dalembert,Thaddeus Young,1,9:18,PHI,rebound,,,,,,,,,,Elton Brand,,,,,,def,,
Marc Gasol,Mike Conley,O.J. Mayo,Rudy Gay,Zach Randolph,Andre Iguodala,Elton Brand,Lou Williams,Samuel Dalembert,Thaddeus Young,1,9:11,PHI,turnover,,,,,,,,,,Samuel Dalembert,,,3 second violation,,,,,
Marc Gasol,Mike Conley,O.J. Mayo,Rudy Gay,Zach Randolph,Andre Iguodala,Elton Brand,Lou Williams,Samuel Dalembert,Thaddeus Young,1,8:51,MEM,shot,,,,,,,,,,Marc Gasol,2,,,made,,fade away jumper,34,5
Marc Gasol,Mike Conley,O.J. Mayo,Rudy Gay,Zach Randolph,Andre Iguodala,Elton Brand,Lou Williams,Samuel Dalembert,Thaddeus Young,1,8:37,PHI,turnover,,,,,,,,,,Andre Iguodala,,,traveling,,,,,
Marc Gasol,Mike Conley,O.J. Mayo,Rudy Gay,Zach Randolph,Andre Iguodala,Elton Brand,Lou Williams,Samuel Dalembert,Thaddeus Young,1,8:23,MEM,shot,,,,,,,,,,Zach Randolph,,,,missed,,layup,25,6
Marc Gasol,Mike Conley,O.J. Mayo,Rudy Gay,Zach Randolph,Andre Iguodala,Elton Brand,Lou Williams,Samuel Dalembert,Thaddeus Young,1,8:22,PHI,rebound,,,,,,,,,,Samuel Dalembert,,,,,,def,,
Marc Gasol,Mike Conley,O.J. Mayo,Rudy Gay,Zach Randolph,Andre Iguodala,Elton Brand,Lou Williams,Samuel Dalembert,Thaddeus Young,1,8:20,PHI,turnover,,,,,,,,,,Samuel Dalembert,,,bad pass,,O.J. Mayo,,,
Marc Gasol,Mike Conley,O.J. Mayo,Rudy Gay,Zach Randolph,Andre Iguodala,Elton Brand,Lou Williams,Samuel Dalembert,Thaddeus Young,1,8:16,MEM,shot,,,,,,,,,,Zach Randolph,2,,,made,,driving hook,26,9
Marc Gasol,Mike Conley,O.J. Mayo,Rudy Gay,Zach Randolph,Andre Iguodala,Elton Brand,Lou Williams,Samuel Dalembert,Thaddeus Young,1,8:02,PHI,shot,,,,,,,,,,Andre Iguodala,,,,missed,,jump,39,4
Marc Gasol,Mike Conley,O.J. Mayo,Rudy Gay,Zach Randolph,Andre Iguodala,Elton Brand,Lou Williams,Samuel Dalembert,Thaddeus Young,1,8:00,MEM,rebound,,,,,,,,,,Mike Conley,,,,,,def,,
Marc Gasol,Mike Conley,O.J. Mayo,Rudy Gay,Zach Randolph,Andre Iguodala,Elton Brand,Lou Williams,Samuel Dalembert,Thaddeus Young,1,7:55,MEM,shot,Mike Conley,,,,,,,,,Rudy Gay,2,,,made,,driving dunk,25,6
Marc Gasol,Mike Conley,O.J. Mayo,Rudy Gay,Zach Randolph,Andre Iguodala,Elton Brand,Lou Williams,Samuel Dalembert,Thaddeus Young,1,7:36,PHI,shot,Lou Williams,,,,,,,,,Andre Iguodala,3,,,made,,3pt,26,32
Marc Gasol,Mike Conley,O.J. Mayo,Rudy Gay,Zach Randolph,Andre Iguodala,Elton Brand,Lou Williams,Samuel Dalembert,Thaddeus Young,1,7:15,MEM,shot,,,,,,,,,,Rudy Gay,,,,missed,,jump,41,17
Marc Gasol,Mike Conley,O.J. Mayo,Rudy Gay,Zach Randolph,Andre Iguodala,Elton Brand,Lou Williams,Samuel Dalembert,Thaddeus Young,1,7:14,MEM,rebound,,,,,,,,,,,,,,,,,,
Marc Gasol,Mike Conley,O.J. Mayo,Rudy Gay,Zach Randolph,Andre Iguodala,Elton Brand,Lou Williams,Samuel Dalembert,Thaddeus Young,1,7:11,PHI,foul,,,,,,,,O.J. Mayo,,Andre Iguodala,,,,,,personal,,
Marc Gasol,Mike Conley,O.J. Mayo,Rudy Gay,Zach Randolph,Andre Iguodala,Elton Brand,Lou Williams,Samuel Dalembert,Thaddeus Young,1,6:59,MEM,shot,,,,,,,,,,Rudy Gay,,,,missed,,jump,40,5
Marc Gasol,Mike Conley,O.J. Mayo,Rudy Gay,Zach Randolph,Andre Iguodala,Elton Brand,Lou Williams,Samuel Dalembert,Thaddeus Young,1,6:57,PHI,rebound,,,,,,,,,,Elton Brand,,,,,,def,,
Marc Gasol,Mike Conley,O.J. Mayo,Rudy Gay,Zach Randolph,Andre Iguodala,Elton Brand,Lou Williams,Samuel Dalembert,Thaddeus Young,1,6:53,PHI,shot,,,Rudy Gay,,,,,,,Lou Williams,,,,missed,,layup,25,6
Marc Gasol,Mike Conley,O.J. Mayo,Rudy Gay,Zach Randolph,Andre Iguodala,Elton Brand,Lou Williams,Samuel Dalembert,Thaddeus Young,1,6:51,PHI,rebound,,,,,,,,,,,,,,,,,,
Marc Gasol,Mike Conley,O.J. Mayo,Rudy Gay,Zach Randolph,Andre Iguodala,Elton Brand,Lou Williams,Samuel Dalembert,Thaddeus Young,1,6:46,PHI,shot,Andre Iguodala,,,,,,,,,Lou Williams,3,,,made,,3pt,28,32
Marc Gasol,Mike Conley,O.J. Mayo,Rudy Gay,Zach Randolph,Andre Iguodala,Elton Brand,Lou Williams,Samuel Dalembert,Thaddeus Young,1,6:29,MEM,shot,,,,,,,,,,Mike Conley,,,,missed,,running jump,19,9
Marc Gasol,Mike Conley,O.J. Mayo,Rudy Gay,Zach Randolph,Andre Iguodala,Elton Brand,Lou Williams,Samuel Dalembert,Thaddeus Young,1,6:28,MEM,rebound,,,,,,,,,,,,,,,,,,
Marc Gasol,Mike Conley,O.J. Mayo,Rudy Gay,Zach Randolph,Andre Iguodala,Elton Brand,Lou Williams,Samuel Dalembert,Thaddeus Young,1,6:20,MEM,turnover,,,,,,,,,,O.J. Mayo,,,bad pass,,Elton Brand,,,
Marc Gasol,Mike Conley,O.J. Mayo,Rudy Gay,Zach Randolph,Andre Iguodala,Elton Brand,Lou Williams,Samuel Dalembert,Thaddeus Young,1,6:14,PHI,shot,Lou Williams,,,,,,,,,Elton Brand,2,,,made,,driving layup,25,6
Marc Gasol,Mike Conley,O.J. Mayo,Rudy Gay,Zach Randolph,Andre Iguodala,Elton Brand,Lou Williams,Samuel Dalembert,Thaddeus Young,1,5:53,MEM,shot,,,,,,,,,,Rudy Gay,2,,,made,,driving layup,25,6
Marc Gasol,Mike Conley,O.J. Mayo,Rudy Gay,Zach Randolph,Andre Iguodala,Elton Brand,Lou Williams,Samuel Dalembert,Thaddeus Young,1,5:35,PHI,shot,Andre Iguodala,,,,,,,,,Elton Brand,2,,,made,,jump,38,5
Marc Gasol,Mike Conley,O.J. Mayo,Rudy Gay,Zach Randolph,Andre Iguodala,Elton Brand,Lou Williams,Samuel Dalembert,Thaddeus Young,1,5:20,MEM,shot,Mike Conley,,,,,,,,,Zach Randolph,2,,,made,,jump,25,25
Marc Gasol,Mike Conley,O.J. Mayo,Rudy Gay,Zach Randolph,Andre Iguodala,Elton Brand,Lou Williams,Samuel Dalembert,Thaddeus Young,1,4:57,PHI,shot,,,,,,,,,,Thaddeus Young,,,,missed,,3pt,2,7
Marc Gasol,Mike Conley,O.J. Mayo,Rudy Gay,Zach Randolph,Andre Iguodala,Elton Brand,Lou Williams,Samuel Dalembert,Thaddeus Young,1,4:55,PHI,rebound,,,,,,,,,,,,,,,,,,
Marc Gasol,Mike Conley,O.J. Mayo,Rudy Gay,Zach Randolph,Andre Iguodala,Elton Brand,Lou Williams,Samuel Dalembert,Thaddeus Young,1,4:54,PHI,timeout,,,,,,,,,,,,,,,,regular,,
Marc Gasol,Mike Conley,O.J. Mayo,Rudy Gay,Zach Randolph,Andre Iguodala,Elton Brand,Lou Williams,Samuel Dalembert,Thaddeus Young,1,4:46,PHI,shot,,,,,,,,,,Andre Iguodala,,,,missed,,jump,41,19
Marc Gasol,Mike Conley,O.J. Mayo,Rudy Gay,Zach Randolph,Andre Iguodala,Elton Brand,Lou Williams,Samuel Dalembert,Thaddeus Young,1,4:44,MEM,rebound,,,,,,,,,,Marc Gasol,,,,,,def,,
Marc Gasol,Mike Conley,O.J. Mayo,Rudy Gay,Zach Randolph,Andre Iguodala,Elton Brand,Lou Williams,Samuel Dalembert,Thaddeus Young,1,4:29,MEM,shot,Zach Randolph,,,,,,,,,Marc Gasol,2,,,made,,layup,25,6
Marc Gasol,Mike Conley,O.J. Mayo,Rudy Gay,Zach Randolph,Andre Iguodala,Elton Brand,Lou Williams,Samuel Dalembert,Thaddeus Young,1,4:05,PHI,turnover,,,,,,,,,,Thaddeus Young,,,lost ball,,Rudy Gay,,,
Marc Gasol,Mike Conley,O.J. Mayo,Rudy Gay,Zach Randolph,Andre Iguodala,Elton Brand,Lou Williams,Samuel Dalembert,Thaddeus Young,1,4:00,MEM,shot,Rudy Gay,,,,,,,,,O.J. Mayo,2,,,made,,layup,25,6
Marc Gasol,Mike Conley,O.J. Mayo,Rudy Gay,Zach Randolph,Andre Iguodala,Elton Brand,Lou Williams,Samuel Dalembert,Thaddeus Young,1,3:45,PHI,turnover,,,,,,,,,,Lou Williams,,,bad pass,,Zach Randolph,,,
Marc Gasol,Mike Conley,O.J. Mayo,Rudy Gay,Zach Randolph,Andre Iguodala,Elton Brand,Lou Williams,Samuel Dalembert,Thaddeus Young,1,3:41,MEM,shot,,,Elton Brand,,,,,,,Zach Randolph,,,,missed,,layup,25,6
Marc Gasol,Mike Conley,O.J. Mayo,Rudy Gay,Zach Randolph,Andre Iguodala,Elton Brand,Lou Williams,Samuel Dalembert,Thaddeus Young,1,3:37,MEM,rebound,,,,,,,,,,Rudy Gay,,,,,,off,,
Marc Gasol,Mike Conley,O.J. Mayo,Rudy Gay,Zach Randolph,Andre Iguodala,Elton Brand,Lou Williams,Samuel Dalembert,Thaddeus Young,1,3:37,MEM,shot,,,,,,,,,,Rudy Gay,2,,,made,,reverse dunk,25,6
Marc Gasol,Mike Conley,O.J. Mayo,Rudy Gay,Zach Randolph,Andre Iguodala,Elton Brand,Lou Williams,Samuel Dalembert,Thaddeus Young,1,3:21,PHI,shot,Andre Iguodala,,,,,,,,,Elton Brand,2,,,made,,jump,25,25
Marc Gasol,Mike Conley,O.J. Mayo,Rudy Gay,Zach Randolph,Andre Iguodala,Elton Brand,Lou Williams,Samuel Dalembert,Thaddeus Young,1,3:00,MEM,shot,,,,,,,,,,Marc Gasol,,,,missed,,turnaround jump,16,9
Marc Gasol,Mike Conley,O.J. Mayo,Rudy Gay,Zach Randolph,Andre Iguodala,Elton Brand,Lou Williams,Samuel Dalembert,Thaddeus Young,1,2:57,MEM,rebound,,,,,,,,,,Zach Randolph,,,,,,off,,
Marc Gasol,Mike Conley,O.J. Mayo,Rudy Gay,Zach Randolph,Andre Iguodala,Elton Brand,Lou Williams,Samuel Dalembert,Thaddeus Young,1,2:57,MEM,shot,,,,,,,,,,Zach Randolph,2,,,made,,putback layup,25,6
Marc Gasol,Mike Conley,O.J. Mayo,Rudy Gay,Zach Randolph,Andre Iguodala,Elton Brand,Lou Williams,Samuel Dalembert,Thaddeus Young,1,2:42,PHI,shot,,,,,,,,,,Lou Williams,,,,missed,,3pt,40,29
Marc Gasol,Mike Conley,O.J. Mayo,Rudy Gay,Zach Randolph,Andre Iguodala,Elton Brand,Lou Williams,Samuel Dalembert,Thaddeus Young,1,2:40,PHI,rebound,,,,,,,,,,Samuel Dalembert,,,,,,off,,
Marc Gasol,Mike Conley,O.J. Mayo,Rudy Gay,Zach Randolph,Andre Iguodala,Elton Brand,Lou Williams,Samuel Dalembert,Thaddeus Young,1,2:38,PHI,shot,,,,,,,,,,Samuel Dalembert,,,,missed,,jump,17,5
Marc Gasol,Mike Conley,O.J. Mayo,Rudy Gay,Zach Randolph,Andre Iguodala,Elton Brand,Lou Williams,Samuel Dalembert,Thaddeus Young,1,2:36,MEM,rebound,,,,,,,,,,Rudy Gay,,,,,,def,,
Marc Gasol,Mike Conley,O.J. Mayo,Rudy Gay,Zach Randolph,Andre Iguodala,Elton Brand,Lou Williams,Samuel Dalembert,Thaddeus Young,1,2:30,MEM,shot,,,,,,,,,,O.J. Mayo,,,,missed,,3pt,41,28
Marc Gasol,Mike Conley,O.J. Mayo,Rudy Gay,Zach Randolph,Andre Iguodala,Elton Brand,Lou Williams,Samuel Dalembert,Thaddeus Young,1,2:27,PHI,rebound,,,,,,,,,,Thaddeus Young,,,,,,def,,
Marc Gasol,Mike Conley,O.J. Mayo,Rudy Gay,Zach Randolph,Andre Iguodala,Elton Brand,Lou Williams,Samuel Dalembert,Thaddeus Young,1,2:15,MEM,foul,,,,,,,,Lou Williams,,Mike Conley,,,,,,shooting,,
Marc Gasol,Mike Conley,O.J. Mayo,Rudy Gay,Zach Randolph,Andre Iguodala,Elton Brand,Lou Williams,Samuel Dalembert,Thaddeus Young,1,2:15,MEM,timeout,,,,,,,,,,,,,,,,regular,,
Jamaal Tinsley,Marc Gasol,O.J. Mayo,Rudy Gay,Zach Randolph,Andre Iguodala,Elton Brand,Lou Williams,Samuel Dalembert,Thaddeus Young,1,2:15,MEM,sub,,,,Jamaal Tinsley,,Mike Conley,,,,,,,,,,,,
Jamaal Tinsley,Marc Gasol,O.J. Mayo,Rudy Gay,Zach Randolph,Andre Iguodala,Elton Brand,Lou Williams,Samuel Dalembert,Thaddeus Young,1,2:15,PHI,free throw,,,,,,,1,,2,Lou Williams,,,foul,made,,,,
Jamaal Tinsley,Marc Gasol,O.J. Mayo,Rudy Gay,Zach Randolph,Andre Iguodala,Elton Brand,Lou Williams,Samuel Dalembert,Thaddeus Young,1,2:15,PHI,free throw,,,,,,,2,,2,Lou Williams,,,foul,made,,,,
Jamaal Tinsley,Marc Gasol,O.J. Mayo,Rudy Gay,Zach Randolph,Andre Iguodala,Elton Brand,Lou Williams,Samuel Dalembert,Thaddeus Young,1,2:06,MEM,turnover,,,,,,,,,,Rudy Gay,,,traveling,,,,,
Jamaal Tinsley,Marc Gasol,O.J. Mayo,Rudy Gay,Zach Randolph,Andre Iguodala,Elton Brand,Lou Williams,Samuel Dalembert,Thaddeus Young,1,1:47,PHI,shot,,,,,,,,,,Elton Brand,,,,missed,,jump,13,13
Jamaal Tinsley,Marc Gasol,O.J. Mayo,Rudy Gay,Zach Randolph,Andre Iguodala,Elton Brand,Lou Williams,Samuel Dalembert,Thaddeus Young,1,1:44,PHI,rebound,,,,,,,,,,Andre Iguodala,,,,,,off,,
Jamaal Tinsley,Marc Gasol,O.J. Mayo,Rudy Gay,Zach Randolph,Andre Iguodala,Elton Brand,Lou Williams,Samuel Dalembert,Thaddeus Young,1,1:44,PHI,shot,,,,,,,,,,Andre Iguodala,,,,missed,,tip,25,6
Jamaal Tinsley,Marc Gasol,O.J. Mayo,Rudy Gay,Zach Randolph,Andre Iguodala,Elton Brand,Lou Williams,Samuel Dalembert,Thaddeus Young,1,1:42,MEM,rebound,,,,,,,,,,Zach Randolph,,,,,,def,,
Jamaal Tinsley,Marc Gasol,O.J. Mayo,Rudy Gay,Zach Randolph,Andre Iguodala,Elton Brand,Lou Williams,Samuel Dalembert,Thaddeus Young,1,1:26,MEM,shot,,,,,,,,,,Marc Gasol,2,,,made,,step back jump,40,15
Jamaal Tinsley,Marc Gasol,O.J. Mayo,Rudy Gay,Zach Randolph,Andre Iguodala,Elton Brand,Lou Williams,Samuel Dalembert,Thaddeus Young,1,1:06,PHI,turnover,,,,,,,,,,Thaddeus Young,,,traveling,,,,,
Jamaal Tinsley,Marc Gasol,O.J. Mayo,Rudy Gay,Zach Randolph,Andre Iguodala,Elton Brand,Jason Smith,Lou Williams,Thaddeus Young,1,1:06,PHI,sub,,,,Jason Smith,,Samuel Dalembert,,,,,,,,,,,,
Jamaal Tinsley,Marc Gasol,O.J. Mayo,Rudy Gay,Zach Randolph,Andre Iguodala,Elton Brand,Jason Smith,Lou Williams,Thaddeus Young,1,0:58,MEM,shot,,,,,,,,,,Zach Randolph,,,,missed,,layup,25,6
Jamaal Tinsley,Marc Gasol,O.J. Mayo,Rudy Gay,Zach Randolph,Andre Iguodala,Elton Brand,Jason Smith,Lou Williams,Thaddeus Young,1,0:57,PHI,rebound,,,,,,,,,,Jason Smith,,,,,,def,,
Jamaal Tinsley,Marc Gasol,O.J. Mayo,Rudy Gay,Zach Randolph,Andre Iguodala,Elton Brand,Jason Smith,Lou Williams,Thaddeus Young,1,0:45,PHI,shot,,,,,,,,,,Jason Smith,,,,missed,,jump,34,24
Jamaal Tinsley,Marc Gasol,O.J. Mayo,Rudy Gay,Zach Randolph,Andre Iguodala,Elton Brand,Jason Smith,Lou Williams,Thaddeus Young,1,0:43,MEM,rebound,,,,,,,,,,Marc Gasol,,,,,,def,,
Jamaal Tinsley,Marc Gasol,O.J. Mayo,Rudy Gay,Zach Randolph,Andre Iguodala,Elton Brand,Jason Smith,Lou Williams,Thaddeus Young,1,0:37,MEM,shot,,,,,,,,,,Zach Randolph,2,,,made,,layup,25,6
Jamaal Tinsley,Marc Gasol,O.J. Mayo,Rudy Gay,Zach Randolph,Andre Iguodala,Elton Brand,Jason Smith,Lou Williams,Thaddeus Young,1,0:23,PHI,shot,,,,,,,,,,Andre Iguodala,,,,missed,,jump,7,16
Jamaal Tinsley,Marc Gasol,O.J. Mayo,Rudy Gay,Zach Randolph,Andre Iguodala,Elton Brand,Jason Smith,Lou Williams,Thaddeus Young,1,0:21,MEM,rebound,,,,,,,,,,Rudy Gay,,,,,,def,,
Jamaal Tinsley,Marc Gasol,O.J. Mayo,Rudy Gay,Zach Randolph,Andre Iguodala,Elton Brand,Jason Smith,Lou Williams,Thaddeus Young,1,0:03,PHI,foul,,,,,,,,O.J. Mayo,,Jason Smith,,,,,,personal,,
Jamaal Tinsley,Marc Gasol,O.J. Mayo,Rudy Gay,Zach Randolph,Andre Iguodala,Elton Brand,Jason Smith,Lou Williams,Thaddeus Young,1,0:00,MEM,shot,,,,,,,,,,Zach Randolph,,,,missed,,3pt,23,33
Jamaal Tinsley,Marc Gasol,O.J. Mayo,Rudy Gay,Zach Randolph,Andre Iguodala,Elton Brand,Jason Smith,Lou Williams,Thaddeus Young,1,0:00,MEM,rebound,,,,,,,,,,,,,,,,,,
Jamaal Tinsley,Marc Gasol,O.J. Mayo,Rudy Gay,Zach Randolph,Elton Brand,Jason Smith,Lou Williams,Thaddeus Young,Willie Green,2,11:46,PHI,shot,Lou Williams,,,,,,,,,Willie Green,3,,,made,,3pt,45,23
Jamaal Tinsley,Marc Gasol,O.J. Mayo,Rudy Gay,Zach Randolph,Elton Brand,Jason Smith,Lou Williams,Thaddeus Young,Willie Green,2,11:30,MEM,shot,,,Jason Smith,,,,,,,Zach Randolph,,,,missed,,layup,25,6
Jamaal Tinsley,Marc Gasol,O.J. Mayo,Rudy Gay,Zach Randolph,Elton Brand,Jason Smith,Lou Williams,Thaddeus Young,Willie Green,2,11:28,MEM,rebound,,,,,,,,,,,,,,,,,,
Jamaal Tinsley,Marc Gasol,Rudy Gay,Sam Young,Zach Randolph,Elton Brand,Jason Smith,Lou Williams,Thaddeus Young,Willie Green,2,11:27,MEM,sub,,,,Sam Young,,O.J. Mayo,,,,,,,,,,,,
Jamaal Tinsley,Marc Gasol,Rudy Gay,Sam Young,Zach Randolph,Elton Brand,Jason Smith,Lou Williams,Thaddeus Young,Willie Green,2,11:20,MEM,shot,,,,,,,,,,Rudy Gay,,,,missed,,jump,35,7
Jamaal Tinsley,Marc Gasol,Rudy Gay,Sam Young,Zach Randolph,Elton Brand,Jason Smith,Lou Williams,Thaddeus Young,Willie Green,2,11:18,PHI,rebound,,,,,,,,,,Lou Williams,,,,,,def,,
Jamaal Tinsley,Marc Gasol,Rudy Gay,Sam Young,Zach Randolph,Elton Brand,Jason Smith,Lou Williams,Thaddeus Young,Willie Green,2,11:13,PHI,shot,Lou Williams,,,,,,,,,Thaddeus Young,2,,,made,,layup,25,6
Jamaal Tinsley,Marc Gasol,Rudy Gay,Sam Young,Zach Randolph,Elton Brand,Jason Smith,Lou Williams,Thaddeus Young,Willie Green,2,10:53,MEM,turnover,,,,,,,,,,Sam Young,,,lost ball,,Jason Smith,,,
Jamaal Tinsley,Marc Gasol,Rudy Gay,Sam Young,Zach Randolph,Elton Brand,Jason Smith,Lou Williams,Thaddeus Young,Willie Green,2,10:53,MEM,foul,,,,,,,,Jason Smith,,Sam Young,,,,,,personal,,
Jamaal Tinsley,Marc Gasol,Rudy Gay,Sam Young,Zach Randolph,Elton Brand,Jason Smith,Lou Williams,Thaddeus Young,Willie Green,2,10:42,MEM,foul,,,,,,,,Elton Brand,,Jamaal Tinsley,,,,,,shooting,,
Jamaal Tinsley,Marc Gasol,Rudy Gay,Sam Young,Zach Randolph,Elton Brand,Jason Smith,Lou Williams,Thaddeus Young,Willie Green,2,10:42,PHI,free throw,,,,,,,1,,2,Elton Brand,,,foul,missed,,,,
Jamaal Tinsley,Marc Gasol,Rudy Gay,Sam Young,Zach Randolph,Elton Brand,Jason Smith,Lou Williams,Thaddeus Young,Willie Green,2,10:42,PHI,rebound,,,,,,,,,,,,,,,,,,
Hasheem Thabeet,Jamaal Tinsley,Rudy Gay,Sam Young,Zach Randolph,Elton Brand,Jason Smith,Lou Williams,Thaddeus Young,Willie Green,2,10:42,MEM,sub,,,,Hasheem Thabeet,,Marc Gasol,,,,,,,,,,,,
Hasheem Thabeet,Jamaal Tinsley,Rudy Gay,Sam Young,Zach Randolph,Elton Brand,Jason Smith,Lou Williams,Thaddeus Young,Willie Green,2,10:42,PHI,free throw,,,,,,,2,,2,Elton Brand,,,foul,made,,,,
Hasheem Thabeet,Jamaal Tinsley,Rudy Gay,Sam Young,Zach Randolph,Elton Brand,Jason Smith,Lou Williams,Thaddeus Young,Willie Green,2,10:24,PHI,foul,,,,,,,,Hasheem Thabeet,,Willie Green,,,,,,personal,,
Hasheem Thabeet,Jamaal Tinsley,Rudy Gay,Sam Young,Zach Randolph,Elton Brand,Jason Smith,Lou Williams,Thaddeus Young,Willie Green,2,10:17,MEM,shot,,,,,,,,,,Zach Randolph,2,,,made,,driving jump,30,7
Hasheem Thabeet,Jamaal Tinsley,Rudy Gay,Sam Young,Zach Randolph,Elton Brand,Jason Smith,Lou Williams,Thaddeus Young,Willie Green,2,10:17,PHI,foul,,,,,,,,Zach Randolph,,Jason Smith,,,,,,shooting,,
Hasheem Thabeet,Jamaal Tinsley,Rudy Gay,Sam Young,Zach Randolph,Jason Smith,Lou Williams,Primoz Brezec,Thaddeus Young,Willie Green,2,10:17,PHI,sub,,,,Primoz Brezec,,Elton Brand,,,,,,,,,,,,
Hasheem Thabeet,Jamaal Tinsley,Rudy Gay,Sam Young,Zach Randolph,Jason Smith,Lou Williams,Primoz Brezec,Thaddeus Young,Willie Green,2,10:17,MEM,free throw,,,,,,,1,,1,Zach Randolph,,,foul,made,,,,
Hasheem Thabeet,Jamaal Tinsley,Rudy Gay,Sam Young,Zach Randolph,Jason Smith,Lou Williams,Primoz Brezec,Thaddeus Young,Willie Green,2,10:03,PHI,turnover,,,,,,,,,,Lou Williams,,,bad pass,,Hasheem Thabeet,,,
Hasheem Thabeet,Jamaal Tinsley,Rudy Gay,Sam Young,Zach Randolph,Jason Smith,Lou Williams,Primoz Brezec,Thaddeus Young,Willie Green,2,9:56,MEM,shot,,,,,,,,,,Sam Young,,,,missed,,3pt,2,6
Hasheem Thabeet,Jamaal Tinsley,Rudy Gay,Sam Young,Zach Randolph,Jason Smith,Lou Williams,Primoz Brezec,Thaddeus Young,Willie Green,2,9:54,PHI,rebound,,,,,,,,,,Willie Green,,,,,,def,,
Hasheem Thabeet,Jamaal Tinsley,Rudy Gay,Sam Young,Zach Randolph,Jason Smith,Lou Williams,Primoz Brezec,Thaddeus Young,Willie Green,2,9:51,PHI,shot,Willie Green,,,,,,,,,Lou Williams,2,,,made,,driving layup,25,6
Hasheem Thabeet,Jamaal Tinsley,Rudy Gay,Sam Young,Zach Randolph,Jason Smith,Lou Williams,Primoz Brezec,Thaddeus Young,Willie Green,2,9:34,MEM,turnover,,,,,,,,,,Zach Randolph,,,bad pass,,Lou Williams,,,
Hasheem Thabeet,Jamaal Tinsley,Rudy Gay,Sam Young,Zach Randolph,Jason Smith,Lou Williams,Primoz Brezec,Thaddeus Young,Willie Green,2,9:30,PHI,shot,,,,,,,,,,Lou Williams,2,,,made,,driving layup,25,6
Hasheem Thabeet,Jamaal Tinsley,Rudy Gay,Sam Young,Zach Randolph,Jason Smith,Lou Williams,Primoz Brezec,Thaddeus Young,Willie Green,2,9:20,MEM,timeout,,,,,,,,,,,,,,,,regular,,
Hasheem Thabeet,Marcus Williams,Rudy Gay,Sam Young,Zach Randolph,Jason Smith,Lou Williams,Primoz Brezec,Thaddeus Young,Willie Green,2,9:20,MEM,sub,,,,Marcus Williams,,Jamaal Tinsley,,,,,,,,,,,,
Hasheem Thabeet,Marcus Williams,Rudy Gay,Sam Young,Zach Randolph,Andre Iguodala,Jason Smith,Lou Williams,Primoz Brezec,Willie Green,2,9:20,PHI,sub,,,,Andre Iguodala,,Thaddeus Young,,,,,,,,,,,,
Hasheem Thabeet,Marcus Williams,Rudy Gay,Sam Young,Zach Randolph,Andre Iguodala,Jason Smith,Jrue Holiday,Primoz Brezec,Willie Green,2,9:20,PHI,sub,,,,Jrue Holiday,,Lou Williams,,,,,,,,,,,,
Hasheem Thabeet,Marcus Williams,Rudy Gay,Sam Young,Zach Randolph,Andre Iguodala,Jason Smith,Jrue Holiday,Primoz Brezec,Willie Green,2,9:00,MEM,turnover,,,,,,,,,,,,,shot clock turnover,,,,,
Hasheem Thabeet,Marcus Williams,Rudy Gay,Sam Young,Zach Randolph,Andre Iguodala,Jason Smith,Jrue Holiday,Primoz Brezec,Willie Green,2,8:40,PHI,shot,Jrue Holiday,,,,,,,,,Jason Smith,3,,,made,,3pt,44,24
Hasheem Thabeet,Marcus Williams,Rudy Gay,Sam Young,Zach Randolph,Andre Iguodala,Jason Smith,Jrue Holiday,Primoz Brezec,Willie Green,2,8:23,PHI,foul,,,,,,,,Rudy Gay,,Willie Green,,,,,,shooting,,
Hasheem Thabeet,Marcus Williams,Rudy Gay,Sam Young,Zach Randolph,Andre Iguodala,Jason Smith,Jrue Holiday,Primoz Brezec,Willie Green,2,8:23,MEM,free throw,,,,,,,1,,2,Rudy Gay,,,foul,missed,,,,
Hasheem Thabeet,Marc Gasol,Marcus Williams,Rudy Gay,Sam Young,Andre Iguodala,Jason Smith,Jrue Holiday,Primoz Brezec,Willie Green,2,8:23,MEM,sub,,,,Marc Gasol,,Zach Randolph,,,,,,,,,,,,
Hasheem Thabeet,Marc Gasol,Marcus Williams,Rudy Gay,Sam Young,Andre Iguodala,Jason Smith,Jrue Holiday,Primoz Brezec,Willie Green,2,8:23,MEM,rebound,,,,,,,,,,,,,,,,,,
Hasheem Thabeet,Marc Gasol,Marcus Williams,Rudy Gay,Sam Young,Andre Iguodala,Jason Smith,Jrue Holiday,Primoz Brezec,Willie Green,2,8:23,MEM,free throw,,,,,,,2,,2,Rudy Gay,,,foul,made,,,,
Hasheem Thabeet,Marc Gasol,Marcus Williams,Rudy Gay,Sam Young,Andre Iguodala,Jason Smith,Jrue Holiday,Primoz Brezec,Willie Green,2,8:09,PHI,shot,,,,,,,,,,Jrue Holiday,,,,missed,,layup,25,6
Hasheem Thabeet,Marc Gasol,Marcus Williams,Rudy Gay,Sam Young,Andre Iguodala,Jason Smith,Jrue Holiday,Primoz Brezec,Willie Green,2,8:08,PHI,rebound,,,,,,,,,,Jason Smith,,,,,,off,,
Hasheem Thabeet,Marc Gasol,Marcus Williams,Rudy Gay,Sam Young,Andre Iguodala,Jason Smith,Jrue Holiday,Primoz Brezec,Willie Green,2,8:08,PHI,shot,,,,,,,,,,Primoz Brezec,,,,missed,,layup,25,6
Hasheem Thabeet,Marc Gasol,Marcus Williams,Rudy Gay,Sam Young,Andre Iguodala,Jason Smith,Jrue Holiday,Primoz Brezec,Willie Green,2,8:06,MEM,rebound,,,,,,,,,,Marc Gasol,,,,,,def,,
Hasheem Thabeet,Marc Gasol,Marcus Williams,Rudy Gay,Sam Young,Andre Iguodala,Jason Smith,Jrue Holiday,Primoz Brezec,Willie Green,2,7:58,MEM,shot,,,Primoz Brezec,,,,,,,Hasheem Thabeet,,,,missed,,layup,25,6
Hasheem Thabeet,Marc Gasol,Marcus Williams,Rudy Gay,Sam Young,Andre Iguodala,Jason Smith,Jrue Holiday,Primoz Brezec,Willie Green,2,7:52,MEM,rebound,,,,,,,,,,Hasheem Thabeet,,,,,,off,,
Hasheem Thabeet,Marc Gasol,Marcus Williams,Rudy Gay,Sam Young,Andre Iguodala,Jason Smith,Jrue Holiday,Primoz Brezec,Willie Green,2,7:52,MEM,shot,,,,,,,,,,Hasheem Thabeet,2,,,made,,layup,25,6
Hasheem Thabeet,Marc Gasol,Marcus Williams,Rudy Gay,Sam Young,Andre Iguodala,Jason Smith,Jrue Holiday,Primoz Brezec,Willie Green,2,7:37,PHI,shot,,,,,,,,,,Willie Green,,,,missed,,jump,10,14
Hasheem Thabeet,Marc Gasol,Marcus Williams,Rudy Gay,Sam Young,Andre Iguodala,Jason Smith,Jrue Holiday,Primoz Brezec,Willie Green,2,7:33,MEM,rebound,,,,,,,,,,Rudy Gay,,,,,,def,,
Hasheem Thabeet,Marc Gasol,Marcus Williams,Rudy Gay,Sam Young,Andre Iguodala,Jason Smith,Jrue Holiday,Primoz Brezec,Willie Green,2,7:24,MEM,shot,Sam Young,,,,,,,,,Marc Gasol,2,,,made,,running jump,25,16
Hasheem Thabeet,Marc Gasol,Marcus Williams,Rudy Gay,Sam Young,Andre Iguodala,Jason Smith,Jrue Holiday,Primoz Brezec,Willie Green,2,7:00,PHI,shot,,,,,,,,,,Jrue Holiday,,,,missed,,jump,24,12
Hasheem Thabeet,Marc Gasol,Marcus Williams,Rudy Gay,Sam Young,Andre Iguodala,Jason Smith,Jrue Holiday,Primoz Brezec,Willie Green,2,6:58,MEM,rebound,,,,,,,,,,Marcus Williams,,,,,,def,,
Hasheem Thabeet,Marc Gasol,Marcus Williams,Rudy Gay,Sam Young,Andre Iguodala,Jason Smith,Jrue Holiday,Primoz Brezec,Willie Green,2,6:38,MEM,shot,Marcus Williams,,,,,,,,,Hasheem Thabeet,2,,,made,,dunk,25,6
Hasheem Thabeet,Marc Gasol,Marcus Williams,Rudy Gay,Sam Young,Andre Iguodala,Jason Smith,Jrue Holiday,Primoz Brezec,Willie Green,2,6:18,PHI,shot,,,,,,,,,,Willie Green,,,,missed,,layup,25,6
Hasheem Thabeet,Marc Gasol,Marcus Williams,Rudy Gay,Sam Young,Andre Iguodala,Jason Smith,Jrue Holiday,Primoz Brezec,Willie Green,2,6:16,PHI,rebound,,,,,,,,,,Primoz Brezec,,,,,,off,,
Hasheem Thabeet,Marc Gasol,Marcus Williams,Rudy Gay,Sam Young,Andre Iguodala,Jason Smith,Jrue Holiday,Primoz Brezec,Willie Green,2,6:16,PHI,shot,,,,,,,,,,Primoz Brezec,,,,missed,,layup,25,6
Hasheem Thabeet,Marc Gasol,Marcus Williams,Rudy Gay,Sam Young,Andre Iguodala,Jason Smith,Jrue Holiday,Primoz Brezec,Willie Green,2,6:14,PHI,rebound,,,,,,,,,,Primoz Brezec,,,,,,off,,
Hasheem Thabeet,Marc Gasol,Marcus Williams,Rudy Gay,Sam Young,Andre Iguodala,Jason Smith,Jrue Holiday,Primoz Brezec,Willie Green,2,6:14,PHI,shot,,,Rudy Gay,,,,,,,Primoz Brezec,,,,missed,,layup,25,6
Hasheem Thabeet,Marc Gasol,Marcus Williams,Rudy Gay,Sam Young,Andre Iguodala,Jason Smith,Jrue Holiday,Primoz Brezec,Willie Green,2,6:13,MEM,rebound,,,,,,,,,,Hasheem Thabeet,,,,,,def,,
Hasheem Thabeet,Marc Gasol,Marcus Williams,Rudy Gay,Sam Young,Andre Iguodala,Jason Smith,Jrue Holiday,Primoz Brezec,Willie Green,2,6:08,MEM,shot,Marcus Williams,,,,,,,,,Rudy Gay,2,,,made,,driving layup,25,6
Hasheem Thabeet,Marc Gasol,Marcus Williams,Rudy Gay,Sam Young,Andre Iguodala,Jason Smith,Jrue Holiday,Primoz Brezec,Willie Green,2,6:00,PHI,timeout,,,,,,,,,,,,,,,,regular,,
DeMarre Carroll,Hasheem Thabeet,Marc Gasol,Marcus Williams,Sam Young,Andre Iguodala,Jason Smith,Jrue Holiday,Primoz Brezec,Willie Green,2,6:00,MEM,sub,,,,DeMarre Carroll,,Rudy Gay,,,,,,,,,,,,
DeMarre Carroll,Hasheem Thabeet,Marc Gasol,Marcus Williams,Sam Young,Andre Iguodala,Jrue Holiday,Primoz Brezec,Thaddeus Young,Willie Green,2,6:00,PHI,sub,,,,Thaddeus Young,,Jason Smith,,,,,,,,,,,,
DeMarre Carroll,Hasheem Thabeet,Marc Gasol,Marcus Williams,Sam Young,Andre Iguodala,Elton Brand,Jrue Holiday,Thaddeus Young,Willie Green,2,6:00,PHI,sub,,,,Elton Brand,,Primoz Brezec,,,,,,,,,,,,
DeMarre Carroll,Hasheem Thabeet,Marc Gasol,Marcus Williams,Sam Young,Andre Iguodala,Elton Brand,Jrue Holiday,Thaddeus Young,Willie Green,2,5:43,PHI,shot,,,,,,,,,,Jrue Holiday,,,,missed,,3pt,41,29
DeMarre Carroll,Hasheem Thabeet,Marc Gasol,Marcus Williams,Sam Young,Andre Iguodala,Elton Brand,Jrue Holiday,Thaddeus Young,Willie Green,2,5:41,MEM,rebound,,,,,,,,,,Sam Young,,,,,,def,,
DeMarre Carroll,Hasheem Thabeet,Marc Gasol,Marcus Williams,Sam Young,Andre Iguodala,Elton Brand,Jrue Holiday,Thaddeus Young,Willie Green,2,5:36,MEM,turnover,,,,,,,,,,Marcus Williams,,,lost ball,,Jrue Holiday,,,
DeMarre Carroll,Hasheem Thabeet,Marc Gasol,Marcus Williams,Sam Young,Andre Iguodala,Elton Brand,Jrue Holiday,Thaddeus Young,Willie Green,2,5:33,PHI,shot,,,,,,,,,,Jrue Holiday,2,,,made,,driving layup,25,6
DeMarre Carroll,Hasheem Thabeet,Marc Gasol,Marcus Williams,Sam Young,Andre Iguodala,Elton Brand,Jrue Holiday,Thaddeus Young,Willie Green,2,5:33,MEM,foul,,,,,,,,Jrue Holiday,,Marcus Williams,,,,,,shooting,,
DeMarre Carroll,Hasheem Thabeet,Marc Gasol,Marcus Williams,Sam Young,Andre Iguodala,Elton Brand,Jrue Holiday,Thaddeus Young,Willie Green,2,5:33,PHI,free throw,,,,,,,1,,1,Jrue Holiday,,,foul,missed,,,,
DeMarre Carroll,Hasheem Thabeet,Marc Gasol,Marcus Williams,Sam Young,Andre Iguodala,Elton Brand,Jrue Holiday,Thaddeus Young,Willie Green,2,5:30,MEM,rebound,,,,,,,,,,Marcus Williams,,,,,,def,,
DeMarre Carroll,Hasheem Thabeet,Marc Gasol,Marcus Williams,Sam Young,Andre Iguodala,Elton Brand,Jrue Holiday,Thaddeus Young,Willie Green,2,5:13,MEM,shot,Marcus Williams,,,,,,,,,Sam Young,2,,,made,,alley oop dunk,25,6
DeMarre Carroll,Hasheem Thabeet,Marc Gasol,Marcus Williams,Sam Young,Andre Iguodala,Elton Brand,Jrue Holiday,Thaddeus Young,Willie Green,2,4:56,PHI,shot,,,,,,,,,,Jrue Holiday,,,,missed,,layup,25,6
DeMarre Carroll,Hasheem Thabeet,Marc Gasol,Marcus Williams,Sam Young,Andre Iguodala,Elton Brand,Jrue Holiday,Thaddeus Young,Willie Green,2,4:55,MEM,rebound,,,,,,,,,,DeMarre Carroll,,,,,,def,,
DeMarre Carroll,Hasheem Thabeet,Marc Gasol,Marcus Williams,Sam Young,Andre Iguodala,Elton Brand,Jrue Holiday,Thaddeus Young,Willie Green,2,4:50,MEM,turnover,,,,,,,,,,Marcus Williams,,,bad pass,,Andre Iguodala,,,
DeMarre Carroll,Hasheem Thabeet,Marc Gasol,Marcus Williams,Sam Young,Andre Iguodala,Elton Brand,Jrue Holiday,Thaddeus Young,Willie Green,2,4:47,PHI,turnover,,,,,,,,,,Andre Iguodala,,,palming turnover,,,,,
DeMarre Carroll,Hasheem Thabeet,Marc Gasol,Marcus Williams,Sam Young,Andre Iguodala,Elton Brand,Lou Williams,Thaddeus Young,Willie Green,2,4:47,PHI,sub,,,,Lou Williams,,Jrue Holiday,,,,,,,,,,,,
DeMarre Carroll,Hasheem Thabeet,Marc Gasol,Marcus Williams,Sam Young,Andre Iguodala,Elton Brand,Lou Williams,Thaddeus Young,Willie Green,2,4:31,MEM,shot,,,,,,,,,,Marcus Williams,,,,missed,,layup,25,6
DeMarre Carroll,Hasheem Thabeet,Marc Gasol,Marcus Williams,Sam Young,Andre Iguodala,Elton Brand,Lou Williams,Thaddeus Young,Willie Green,2,4:31,MEM,rebound,,,,,,,,,,Hasheem Thabeet,,,,,,off,,
DeMarre Carroll,Hasheem Thabeet,Marc Gasol,Marcus Williams,Sam Young,Andre Iguodala,Elton Brand,Lou Williams,Thaddeus Young,Willie Green,2,4:31,PHI,foul,,,,,,,,Hasheem Thabeet,,Thaddeus Young,,,,,,loose ball,,
DeMarre Carroll,Hasheem Thabeet,Marc Gasol,Marcus Williams,O.J. Mayo,Andre Iguodala,Elton Brand,Lou Williams,Thaddeus Young,Willie Green,2,4:31,MEM,sub,,,,O.J. Mayo,,Sam Young,,,,,,,,,,,,
DeMarre Carroll,Hasheem Thabeet,Marc Gasol,Marcus Williams,O.J. Mayo,Andre Iguodala,Elton Brand,Lou Williams,Thaddeus Young,Willie Green,2,4:22,PHI,foul,,,,,,,,Marc Gasol,,Thaddeus Young,,,,,,personal,,
DeMarre Carroll,Hasheem Thabeet,Marc Gasol,Marcus Williams,O.J. Mayo,Andre Iguodala,Elton Brand,Lou Williams,Thaddeus Young,Willie Green,2,4:22,MEM,free throw,,,,,,,1,,2,Marc Gasol,,,foul,missed,,,,
DeMarre Carroll,Hasheem Thabeet,Marc Gasol,Marcus Williams,O.J. Mayo,Andre Iguodala,Elton Brand,Lou Williams,Thaddeus Young,Willie Green,2,4:22,MEM,rebound,,,,,,,,,,,,,,,,,,
DeMarre Carroll,Hasheem Thabeet,Marc Gasol,Marcus Williams,O.J. Mayo,Andre Iguodala,Elton Brand,Lou Williams,Samuel Dalembert,Thaddeus Young,2,4:22,PHI,sub,,,,Samuel Dalembert,,Willie Green,,,,,,,,,,,,
DeMarre Carroll,Hasheem Thabeet,Marc Gasol,Marcus Williams,O.J. Mayo,Andre Iguodala,Elton Brand,Lou Williams,Samuel Dalembert,Thaddeus Young,2,4:22,MEM,free throw,,,,,,,2,,2,Marc Gasol,,,foul,made,,,,
DeMarre Carroll,Hasheem Thabeet,Marc Gasol,Marcus Williams,O.J. Mayo,Andre Iguodala,Elton Brand,Lou Williams,Samuel Dalembert,Thaddeus Young,2,4:06,PHI,shot,,,,,,,,,,Lou Williams,2,,,made,,driving finger roll layup,25,6
DeMarre Carroll,Hasheem Thabeet,Marc Gasol,Marcus Williams,O.J. Mayo,Andre Iguodala,Elton Brand,Lou Williams,Samuel Dalembert,Thaddeus Young,2,3:57,PHI,foul,,,,,,,,Marc Gasol,,Thaddeus Young,,,,,,shooting,,
DeMarre Carroll,Hasheem Thabeet,Marc Gasol,Marcus Williams,O.J. Mayo,Andre Iguodala,Elton Brand,Lou Williams,Samuel Dalembert,Thaddeus Young,2,3:57,MEM,free throw,,,,,,,1,,2,Marc Gasol,,,foul,made,,,,
DeMarre Carroll,Hasheem Thabeet,Marc Gasol,Marcus Williams,O.J. Mayo,Andre Iguodala,Elton Brand,Lou Williams,Rodney Carney,Samuel Dalembert,2,3:57,PHI,sub,,,,Rodney Carney,,Thaddeus Young,,,,,,,,,,,,
DeMarre Carroll,Hasheem Thabeet,Marc Gasol,Marcus Williams,O.J. Mayo,Andre Iguodala,Elton Brand,Lou Williams,Rodney Carney,Samuel Dalembert,2,3:57,MEM,free throw,,,,,,,2,,2,Marc Gasol,,,foul,made,,,,
DeMarre Carroll,Hasheem Thabeet,Marc Gasol,Marcus Williams,O.J. Mayo,Andre Iguodala,Elton Brand,Lou Williams,Rodney Carney,Samuel Dalembert,2,3:39,PHI,shot,Andre Iguodala,,,,,,,,,Rodney Carney,3,,,made,,3pt,2,5
DeMarre Carroll,Hasheem Thabeet,Marc Gasol,Marcus Williams,O.J. Mayo,Andre Iguodala,Elton Brand,Lou Williams,Rodney Carney,Samuel Dalembert,2,3:21,MEM,shot,,,,,,,,,,DeMarre Carroll,,,,missed,,jump,10,7
DeMarre Carroll,Hasheem Thabeet,Marc Gasol,Marcus Williams,O.J. Mayo,Andre Iguodala,Elton Brand,Lou Williams,Rodney Carney,Samuel Dalembert,2,3:20,PHI,rebound,,,,,,,,,,Elton Brand,,,,,,def,,
DeMarre Carroll,Hasheem Thabeet,Marc Gasol,Marcus Williams,O.J. Mayo,Andre Iguodala,Elton Brand,Lou Williams,Rodney Carney,Samuel Dalembert,2,3:11,MEM,foul,,,,,,,,Andre Iguodala,,DeMarre Carroll,,,,,,shooting,,
DeMarre Carroll,Hasheem Thabeet,Marc Gasol,Marcus Williams,O.J. Mayo,Andre Iguodala,Elton Brand,Lou Williams,Rodney Carney,Samuel Dalembert,2,3:11,PHI,free throw,,,,,,,1,,2,Andre Iguodala,,,foul,made,,,,
Hasheem Thabeet,Marc Gasol,Marcus Williams,O.J. Mayo,Zach Randolph,Andre Iguodala,Elton Brand,Lou Williams,Rodney Carney,Samuel Dalembert,2,3:11,MEM,sub,,,,Zach Randolph,,DeMarre Carroll,,,,,,,,,,,,
Marc Gasol,Marcus Williams,O.J. Mayo,Rudy Gay,Zach Randolph,Andre Iguodala,Elton Brand,Lou Williams,Rodney Carney,Samuel Dalembert,2,3:11,MEM,sub,,,,Rudy Gay,,Hasheem Thabeet,,,,,,,,,,,,
Marc Gasol,Mike Conley,O.J. Mayo,Rudy Gay,Zach Randolph,Andre Iguodala,Elton Brand,Lou Williams,Rodney Carney,Samuel Dalembert,2,3:11,MEM,sub,,,,Mike Conley,,Marcus Williams,,,,,,,,,,,,
Marc Gasol,Mike Conley,O.J. Mayo,Rudy Gay,Zach Randolph,Andre Iguodala,Elton Brand,Lou Williams,Rodney Carney,Samuel Dalembert,2,3:11,PHI,free throw,,,,,,,2,,2,Andre Iguodala,,,foul,made,,,,
Marc Gasol,Mike Conley,O.J. Mayo,Rudy Gay,Zach Randolph,Andre Iguodala,Elton Brand,Lou Williams,Rodney Carney,Samuel Dalembert,2,2:50,MEM,shot,,,,,,,,,,Mike Conley,,,,missed,,jump,25,14
Marc Gasol,Mike Conley,O.J. Mayo,Rudy Gay,Zach Randolph,Andre Iguodala,Elton Brand,Lou Williams,Rodney Carney,Samuel Dalembert,2,2:48,MEM,rebound,,,,,,,,,,Mike Conley,,,,,,off,,
Marc Gasol,Mike Conley,O.J. Mayo,Rudy Gay,Zach Randolph,Andre Iguodala,Elton Brand,Lou Williams,Rodney Carney,Samuel Dalembert,2,2:35,MEM,shot,,,Elton Brand,,,,,,,Marc Gasol,,,,missed,,layup,25,6
Marc Gasol,Mike Conley,O.J. Mayo,Rudy Gay,Zach Randolph,Andre Iguodala,Elton Brand,Lou Williams,Rodney Carney,Samuel Dalembert,2,2:33,PHI,rebound,,,,,,,,,,Andre Iguodala,,,,,,def,,
Marc Gasol,Mike Conley,O.J. Mayo,Rudy Gay,Zach Randolph,Andre Iguodala,Elton Brand,Lou Williams,Rodney Carney,Samuel Dalembert,2,2:30,MEM,foul,,,,,,,,Andre Iguodala,,Rudy Gay,,,,,,shooting,,
Marc Gasol,Mike Conley,O.J. Mayo,Rudy Gay,Zach Randolph,Andre Iguodala,Elton Brand,Lou Williams,Rodney Carney,Samuel Dalembert,2,2:30,PHI,timeout,,,,,,,,,,,,,,,,official,,
Marc Gasol,Mike Conley,O.J. Mayo,Rudy Gay,Zach Randolph,Andre Iguodala,Elton Brand,Lou Williams,Rodney Carney,Samuel Dalembert,2,2:30,PHI,free throw,,,,,,,1,,2,Andre Iguodala,,,foul,made,,,,
Marc Gasol,Mike Conley,O.J. Mayo,Rudy Gay,Zach Randolph,Andre Iguodala,Elton Brand,Lou Williams,Rodney Carney,Samuel Dalembert,2,2:30,PHI,free throw,,,,,,,2,,2,Andre Iguodala,,,foul,made,,,,
Marc Gasol,Mike Conley,O.J. Mayo,Rudy Gay,Zach Randolph,Andre Iguodala,Elton Brand,Lou Williams,Rodney Carney,Samuel Dalembert,2,2:15,MEM,turnover,,,,,,,,,,Mike Conley,,,bad pass,,Elton Brand,,,
Marc Gasol,Mike Conley,O.J. Mayo,Rudy Gay,Zach Randolph,Andre Iguodala,Elton Brand,Lou Williams,Rodney Carney,Samuel Dalembert,2,1:57,PHI,shot,,,,,,,,,,Elton Brand,,,,missed,,jump,19,13
Marc Gasol,Mike Conley,O.J. Mayo,Rudy Gay,Zach Randolph,Andre Iguodala,Elton Brand,Lou Williams,Rodney Carney,Samuel Dalembert,2,1:55,PHI,rebound,,,,,,,,,,Samuel Dalembert,,,,,,off,,
Marc Gasol,Mike Conley,O.J. Mayo,Rudy Gay,Zach Randolph,Andre Iguodala,Elton Brand,Lou Williams,Rodney Carney,Samuel Dalembert,2,1:55,PHI,shot,,,,,,,,,,Samuel Dalembert,2,,,made,,putback dunk,25,6
Marc Gasol,Mike Conley,O.J. Mayo,Rudy Gay,Zach Randolph,Andre Iguodala,Elton Brand,Lou Williams,Rodney Carney,Samuel Dalembert,2,1:39,MEM,shot,,,,,,,,,,O.J. Mayo,,,,missed,,jump,24,23
Marc Gasol,Mike Conley,O.J. Mayo,Rudy Gay,Zach Randolph,Andre Iguodala,Elton Brand,Lou Williams,Rodney Carney,Samuel Dalembert,2,1:38,MEM,rebound,,,,,,,,,,Marc Gasol,,,,,,off,,
Marc Gasol,Mike Conley,O.J. Mayo,Rudy Gay,Zach Randolph,Andre Iguodala,Elton Brand,Lou Williams,Rodney Carney,Samuel Dalembert,2,1:37,PHI,foul,,,,,,,,Marc Gasol,,Elton Brand,,,,,,shooting,,
Marc Gasol,Mike Conley,O.J. Mayo,Rudy Gay,Zach Randolph,Andre Iguodala,Elton Brand,Lou Williams,Rodney Carney,Samuel Dalembert,2,1:37,MEM,free throw,,,,,,,1,,2,Marc Gasol,,,foul,made,,,,
Marc Gasol,Mike Conley,O.J. Mayo,Rudy Gay,Zach Randolph,Andre Iguodala,Elton Brand,Lou Williams,Rodney Carney,Samuel Dalembert,2,1:37,MEM,free throw,,,,,,,2,,2,Marc Gasol,,,foul,made,,,,
Marc Gasol,Mike Conley,O.J. Mayo,Rudy Gay,Zach Randolph,Andre Iguodala,Elton Brand,Lou Williams,Rodney Carney,Samuel Dalembert,2,1:13,PHI,shot,,,,,,,,,,Andre Iguodala,,,,missed,,jump,25,20
Marc Gasol,Mike Conley,O.J. Mayo,Rudy Gay,Zach Randolph,Andre Iguodala,Elton Brand,Lou Williams,Rodney Carney,Samuel Dalembert,2,1:12,MEM,rebound,,,,,,,,,,,,,,,,,,
Marc Gasol,Mike Conley,O.J. Mayo,Rudy Gay,Zach Randolph,Andre Iguodala,Elton Brand,Lou Williams,Rodney Carney,Samuel Dalembert,2,1:12,PHI,foul,,,,,,,,Marc Gasol,,Samuel Dalembert,,,,,,loose ball,,
Marc Gasol,Mike Conley,O.J. Mayo,Rudy Gay,Zach Randolph,Andre Iguodala,Elton Brand,Jason Smith,Lou Williams,Rodney Carney,2,1:12,PHI,sub,,,,Jason Smith,,Samuel Dalembert,,,,,,,,,,,,
Marc Gasol,Mike Conley,O.J. Mayo,Rudy Gay,Zach Randolph,Andre Iguodala,Elton Brand,Jason Smith,Lou Williams,Rodney Carney,2,1:12,MEM,free throw,,,,,,,1,,2,Marc Gasol,,,foul,missed,,,,
Marc Gasol,Mike Conley,O.J. Mayo,Rudy Gay,Zach Randolph,Andre Iguodala,Elton Brand,Jason Smith,Lou Williams,Rodney Carney,2,1:12,MEM,rebound,,,,,,,,,,,,,,,,,,
Marc Gasol,Mike Conley,O.J. Mayo,Rudy Gay,Zach Randolph,Andre Iguodala,Elton Brand,Jason Smith,Lou Williams,Rodney Carney,2,1:12,MEM,free throw,,,,,,,2,,2,Marc Gasol,,,foul,missed,,,,
Marc Gasol,Mike Conley,O.J. Mayo,Rudy Gay,Zach Randolph,Andre Iguodala,Elton Brand,Jason Smith,Lou Williams,Rodney Carney,2,1:11,PHI,rebound,,,,,,,,,,Jason Smith,,,,,,def,,
Marc Gasol,Mike Conley,O.J. Mayo,Rudy Gay,Zach Randolph,Andre Iguodala,Elton Brand,Jason Smith,Lou Williams,Rodney Carney,2,1:06,PHI,turnover,,,,,,,,,,Lou Williams,,,bad pass,,Zach Randolph,,,
Marc Gasol,Mike Conley,O.J. Mayo,Rudy Gay,Zach Randolph,Andre Iguodala,Elton Brand,Jason Smith,Lou Williams,Rodney Carney,2,0:55,MEM,shot,,,,,,,,,,Rudy Gay,2,,,made,,pullup jump,45,4
Marc Gasol,Mike Conley,O.J. Mayo,Rudy Gay,Zach Randolph,Andre Iguodala,Elton Brand,Jason Smith,Lou Williams,Rodney Carney,2,0:36,PHI,shot,,,,,,,,,,Andre Iguodala,,,,missed,,jump,5,3
Marc Gasol,Mike Conley,O.J. Mayo,Rudy Gay,Zach Randolph,Andre Iguodala,Elton Brand,Jason Smith,Lou Williams,Rodney Carney,2,0:33,MEM,rebound,,,,,,,,,,Zach Randolph,,,,,,def,,
Marc Gasol,Mike Conley,O.J. Mayo,Rudy Gay,Zach Randolph,Andre Iguodala,Elton Brand,Jason Smith,Lou Williams,Rodney Carney,2,0:12,MEM,turnover,,,,,,,,,,Rudy Gay,,,bad pass,,Jason Smith,,,
Marc Gasol,Mike Conley,O.J. Mayo,Rudy Gay,Zach Randolph,Andre Iguodala,Elton Brand,Jason Smith,Lou Williams,Rodney Carney,2,0:08,PHI,shot,Jason Smith,,,,,,,,,Rodney Carney,2,,,made,,driving layup,25,6
Marc Gasol,Mike Conley,O.J. Mayo,Rudy Gay,Zach Randolph,Andre Iguodala,Elton Brand,Jason Smith,Lou Williams,Rodney Carney,2,0:01,MEM,shot,,,,,,,,,,O.J. Mayo,,,,missed,,3pt,19,32
Marc Gasol,Mike Conley,O.J. Mayo,Rudy Gay,Zach Randolph,Andre Iguodala,Elton Brand,Jason Smith,Lou Williams,Rodney Carney,2,0:00,MEM,rebound,,,,,,,,,,Rudy Gay,,,,,,off,,
Marc Gasol,Mike Conley,O.J. Mayo,Rudy Gay,Zach Randolph,Andre Iguodala,Elton Brand,Lou Williams,Samuel Dalembert,Thaddeus Young,3,11:45,PHI,shot,,,,,,,,,,Elton Brand,2,,,made,,turnaround hook,36,5
Marc Gasol,Mike Conley,O.J. Mayo,Rudy Gay,Zach Randolph,Andre Iguodala,Elton Brand,Lou Williams,Samuel Dalembert,Thaddeus Young,3,11:27,MEM,shot,Marc Gasol,,,,,,,,,Rudy Gay,3,,,made,,3pt,2,5
Marc Gasol,Mike Conley,O.J. Mayo,Rudy Gay,Zach Randolph,Andre Iguodala,Elton Brand,Lou Williams,Samuel Dalembert,Thaddeus Young,3,11:07,PHI,shot,Thaddeus Young,,,,,,,,,Elton Brand,2,,,made,,running jump,24,12
Marc Gasol,Mike Conley,O.J. Mayo,Rudy Gay,Zach Randolph,Andre Iguodala,Elton Brand,Lou Williams,Samuel Dalembert,Thaddeus Young,3,11:07,MEM,foul,,,,,,,,Elton Brand,,Zach Randolph,,,,,,shooting,,
Marc Gasol,Mike Conley,O.J. Mayo,Rudy Gay,Zach Randolph,Andre Iguodala,Elton Brand,Lou Williams,Samuel Dalembert,Thaddeus Young,3,11:07,PHI,free throw,,,,,,,1,,1,Elton Brand,,,foul,made,,,,
Marc Gasol,Mike Conley,O.J. Mayo,Rudy Gay,Zach Randolph,Andre Iguodala,Elton Brand,Lou Williams,Samuel Dalembert,Thaddeus Young,3,10:44,MEM,shot,,,,,,,,,,Zach Randolph,,,,missed,,jump,37,12
Marc Gasol,Mike Conley,O.J. Mayo,Rudy Gay,Zach Randolph,Andre Iguodala,Elton Brand,Lou Williams,Samuel Dalembert,Thaddeus Young,3,10:42,PHI,rebound,,,,,,,,,,Andre Iguodala,,,,,,def,,
Marc Gasol,Mike Conley,O.J. Mayo,Rudy Gay,Zach Randolph,Andre Iguodala,Elton Brand,Lou Williams,Samuel Dalembert,Thaddeus Young,3,10:36,PHI,shot,,,,,,,,,,Elton Brand,,,,missed,,jump,37,15
Marc Gasol,Mike Conley,O.J. Mayo,Rudy Gay,Zach Randolph,Andre Iguodala,Elton Brand,Lou Williams,Samuel Dalembert,Thaddeus Young,3,10:34,MEM,rebound,,,,,,,,,,Mike Conley,,,,,,def,,
Marc Gasol,Mike Conley,O.J. Mayo,Rudy Gay,Zach Randolph,Andre Iguodala,Elton Brand,Lou Williams,Samuel Dalembert,Thaddeus Young,3,10:29,MEM,turnover,,,,,,,,,,Mike Conley,,,bad pass,,Lou Williams,,,
Marc Gasol,Mike Conley,O.J. Mayo,Rudy Gay,Zach Randolph,Andre Iguodala,Elton Brand,Lou Williams,Samuel Dalembert,Thaddeus Young,3,10:25,PHI,shot,Lou Williams,,,,,,,,,Andre Iguodala,2,,,made,,dunk,25,6
Marc Gasol,Mike Conley,O.J. Mayo,Rudy Gay,Zach Randolph,Andre Iguodala,Elton Brand,Lou Williams,Samuel Dalembert,Thaddeus Young,3,10:04,MEM,shot,,,,,,,,,,O.J. Mayo,,,,missed,,jump,8,6
Marc Gasol,Mike Conley,O.J. Mayo,Rudy Gay,Zach Randolph,Andre Iguodala,Elton Brand,Lou Williams,Samuel Dalembert,Thaddeus Young,3,10:04,MEM,rebound,,,,,,,,,,,,,,,,,,
Marc Gasol,Mike Conley,O.J. Mayo,Rudy Gay,Zach Randolph,Andre Iguodala,Elton Brand,Lou Williams,Samuel Dalembert,Thaddeus Young,3,10:04,PHI,foul,,,,,,,,Zach Randolph,,Samuel Dalembert,,,,,,loose ball,,
Marc Gasol,Mike Conley,O.J. Mayo,Rudy Gay,Zach Randolph,Andre Iguodala,Elton Brand,Lou Williams,Samuel Dalembert,Thaddeus Young,3,9:52,MEM,shot,,,,,,,,,,Rudy Gay,,,,missed,,3pt,2,8
Marc Gasol,Mike Conley,O.J. Mayo,Rudy Gay,Zach Randolph,Andre Iguodala,Elton Brand,Lou Williams,Samuel Dalembert,Thaddeus Young,3,9:49,MEM,rebound,,,,,,,,,,Zach Randolph,,,,,,off,,
Marc Gasol,Mike Conley,O.J. Mayo,Rudy Gay,Zach Randolph,Andre Iguodala,Elton Brand,Lou Williams,Samuel Dalembert,Thaddeus Young,3,9:48,MEM,shot,,,Elton Brand,,,,,,,Zach Randolph,,,,missed,,layup,25,6
Marc Gasol,Mike Conley,O.J. Mayo,Rudy Gay,Zach Randolph,Andre Iguodala,Elton Brand,Lou Williams,Samuel Dalembert,Thaddeus Young,3,9:48,MEM,rebound,,,,,,,,,,Zach Randolph,,,,,,off,,
Marc Gasol,Mike Conley,O.J. Mayo,Rudy Gay,Zach Randolph,Andre Iguodala,Elton Brand,Lou Williams,Samuel Dalembert,Thaddeus Young,3,9:48,MEM,jump ball,,Zach Randolph,,,Elton Brand,,,,,,,Andre Iguodala,,,,,,
Marc Gasol,Mike Conley,O.J. Mayo,Rudy Gay,Zach Randolph,Andre Iguodala,Elton Brand,Lou Williams,Samuel Dalembert,Thaddeus Young,3,9:48,MEM,turnover,,,,,,,,,,Zach Randolph,,,lost ball,,Elton Brand,,,
Marc Gasol,Mike Conley,O.J. Mayo,Rudy Gay,Zach Randolph,Andre Iguodala,Elton Brand,Lou Williams,Samuel Dalembert,Thaddeus Young,3,9:43,MEM,foul,,,,,,,,Andre Iguodala,,Marc Gasol,,,,,,shooting,,
Marc Gasol,Mike Conley,O.J. Mayo,Rudy Gay,Zach Randolph,Andre Iguodala,Elton Brand,Lou Williams,Samuel Dalembert,Thaddeus Young,3,9:43,PHI,free throw,,,,,,,1,,2,Andre Iguodala,,,foul,missed,,,,
Marc Gasol,Mike Conley,O.J. Mayo,Rudy Gay,Zach Randolph,Andre Iguodala,Elton Brand,Lou Williams,Samuel Dalembert,Thaddeus Young,3,9:43,PHI,rebound,,,,,,,,,,,,,,,,,,
Marc Gasol,Mike Conley,O.J. Mayo,Rudy Gay,Zach Randolph,Andre Iguodala,Elton Brand,Lou Williams,Samuel Dalembert,Thaddeus Young,3,9:43,PHI,free throw,,,,,,,2,,2,Andre Iguodala,,,foul,missed,,,,
Marc Gasol,Mike Conley,O.J. Mayo,Rudy Gay,Zach Randolph,Andre Iguodala,Elton Brand,Lou Williams,Samuel Dalembert,Thaddeus Young,3,9:42,MEM,rebound,,,,,,,,,,Rudy Gay,,,,,,def,,
Marc Gasol,Mike Conley,O.J. Mayo,Rudy Gay,Zach Randolph,Andre Iguodala,Elton Brand,Lou Williams,Samuel Dalembert,Thaddeus Young,3,9:19,MEM,foul,,,,,,,,Andre Iguodala,,Marc Gasol,,,,,,offensive,,
Marc Gasol,Mike Conley,O.J. Mayo,Rudy Gay,Zach Randolph,Andre Iguodala,Elton Brand,Lou Williams,Samuel Dalembert,Thaddeus Young,3,9:19,MEM,turnover,,,,,,,,,,Marc Gasol,,,foul,,,,,
Marc Gasol,Mike Conley,O.J. Mayo,Rudy Gay,Zach Randolph,Andre Iguodala,Elton Brand,Lou Williams,Samuel Dalembert,Thaddeus Young,3,9:02,PHI,turnover,,,,,,,,,,Elton Brand,,,out of bounds lost ball turnover,,,,,
Marc Gasol,Mike Conley,O.J. Mayo,Rudy Gay,Zach Randolph,Andre Iguodala,Elton Brand,Lou Williams,Samuel Dalembert,Thaddeus Young,3,8:45,MEM,shot,,,,,,,,,,Rudy Gay,2,,,made,,pullup jump,34,23
Marc Gasol,Mike Conley,O.J. Mayo,Rudy Gay,Zach Randolph,Andre Iguodala,Elton Brand,Lou Williams,Samuel Dalembert,Thaddeus Young,3,8:18,PHI,shot,Samuel Dalembert,,,,,,,,,Lou Williams,2,,,made,,pullup jump,17,22
Marc Gasol,Mike Conley,O.J. Mayo,Rudy Gay,Zach Randolph,Andre Iguodala,Elton Brand,Lou Williams,Samuel Dalembert,Thaddeus Young,3,8:01,MEM,shot,,,,,,,,,,Mike Conley,,,,missed,,3pt,10,27
Marc Gasol,Mike Conley,O.J. Mayo,Rudy Gay,Zach Randolph,Andre Iguodala,Elton Brand,Lou Williams,Samuel Dalembert,Thaddeus Young,3,7:58,MEM,rebound,,,,,,,,,,Rudy Gay,,,,,,off,,
Marc Gasol,Mike Conley,O.J. Mayo,Rudy Gay,Zach Randolph,Andre Iguodala,Elton Brand,Lou Williams,Samuel Dalembert,Thaddeus Young,3,7:58,MEM,shot,,,,,,,,,,Rudy Gay,2,,,made,,putback dunk,25,6
Marc Gasol,Mike Conley,O.J. Mayo,Rudy Gay,Zach Randolph,Andre Iguodala,Elton Brand,Lou Williams,Samuel Dalembert,Thaddeus Young,3,7:35,PHI,shot,,,,,,,,,,Thaddeus Young,,,,missed,,jump,24,12
Marc Gasol,Mike Conley,O.J. Mayo,Rudy Gay,Zach Randolph,Andre Iguodala,Elton Brand,Lou Williams,Samuel Dalembert,Thaddeus Young,3,7:34,MEM,rebound,,,,,,,,,,Marc Gasol,,,,,,def,,
Marc Gasol,Mike Conley,O.J. Mayo,Rudy Gay,Zach Randolph,Andre Iguodala,Elton Brand,Lou Williams,Samuel Dalembert,Thaddeus Young,3,7:28,MEM,shot,O.J. Mayo,,,,,,,,,Rudy Gay,3,,,made,,3pt,43,25
Marc Gasol,Mike Conley,O.J. Mayo,Rudy Gay,Zach Randolph,Andre Iguodala,Elton Brand,Lou Williams,Samuel Dalembert,Thaddeus Young,3,7:26,PHI,timeout,,,,,,,,,,,,,,,,regular,,
Marc Gasol,Mike Conley,O.J. Mayo,Rudy Gay,Zach Randolph,Andre Iguodala,Elton Brand,Lou Williams,Samuel Dalembert,Thaddeus Young,3,7:15,PHI,shot,,,,,,,,,,Andre Iguodala,,,,missed,,layup,25,6
Marc Gasol,Mike Conley,O.J. Mayo,Rudy Gay,Zach Randolph,Andre Iguodala,Elton Brand,Lou Williams,Samuel Dalembert,Thaddeus Young,3,7:13,MEM,rebound,,,,,,,,,,Zach Randolph,,,,,,def,,
Marc Gasol,Mike Conley,O.J. Mayo,Rudy Gay,Zach Randolph,Andre Iguodala,Elton Brand,Lou Williams,Samuel Dalembert,Thaddeus Young,3,6:58,MEM,shot,,,,,,,,,,Mike Conley,,,,missed,,layup,25,6
Marc Gasol,Mike Conley,O.J. Mayo,Rudy Gay,Zach Randolph,Andre Iguodala,Elton Brand,Lou Williams,Samuel Dalembert,Thaddeus Young,3,6:56,MEM,rebound,,,,,,,,,,Marc Gasol,,,,,,off,,
Marc Gasol,Mike Conley,O.J. Mayo,Rudy Gay,Zach Randolph,Andre Iguodala,Elton Brand,Lou Williams,Samuel Dalembert,Thaddeus Young,3,6:56,PHI,foul,,,,,,,,Marc Gasol,,Elton Brand,,,,,,shooting,,
Marc Gasol,Mike Conley,O.J. Mayo,Rudy Gay,Zach Randolph,Andre Iguodala,Elton Brand,Lou Williams,Samuel Dalembert,Thaddeus Young,3,6:56,MEM,free throw,,,,,,,1,,2,Marc Gasol,,,foul,made,,,,
Marc Gasol,Mike Conley,O.J. Mayo,Rudy Gay,Zach Randolph,Andre Iguodala,Elton Brand,Lou Williams,Samuel Dalembert,Thaddeus Young,3,6:56,MEM,free throw,,,,,,,2,,2,Marc Gasol,,,foul,made,,,,
Marc Gasol,Mike Conley,O.J. Mayo,Rudy Gay,Zach Randolph,Andre Iguodala,Elton Brand,Lou Williams,Samuel Dalembert,Thaddeus Young,3,6:37,PHI,shot,,,,,,,,,,Andre Iguodala,,,,missed,,jump,9,9
Marc Gasol,Mike Conley,O.J. Mayo,Rudy Gay,Zach Randolph,Andre Iguodala,Elton Brand,Lou Williams,Samuel Dalembert,Thaddeus Young,3,6:35,PHI,rebound,,,,,,,,,,Samuel Dalembert,,,,,,off,,
Marc Gasol,Mike Conley,O.J. Mayo,Rudy Gay,Zach Randolph,Andre Iguodala,Elton Brand,Lou Williams,Samuel Dalembert,Thaddeus Young,3,6:32,PHI,shot,Samuel Dalembert,,,,,,,,,Lou Williams,3,,,made,,3pt,38,31
Marc Gasol,Mike Conley,O.J. Mayo,Rudy Gay,Zach Randolph,Andre Iguodala,Elton Brand,Lou Williams,Samuel Dalembert,Thaddeus Young,3,6:09,PHI,foul,,,,,,,,Zach Randolph,,Samuel Dalembert,,,,,,personal,,
Marc Gasol,Mike Conley,O.J. Mayo,Rudy Gay,Zach Randolph,Andre Iguodala,Elton Brand,Lou Williams,Rodney Carney,Samuel Dalembert,3,6:09,PHI,sub,,,,Rodney Carney,,Thaddeus Young,,,,,,,,,,,,
Marc Gasol,Mike Conley,O.J. Mayo,Rudy Gay,Zach Randolph,Andre Iguodala,Elton Brand,Lou Williams,Rodney Carney,Samuel Dalembert,3,6:04,PHI,foul,,,,,,,,Mike Conley,,Lou Williams,,,,,,shooting,,
Marc Gasol,Mike Conley,O.J. Mayo,Rudy Gay,Zach Randolph,Andre Iguodala,Elton Brand,Lou Williams,Rodney Carney,Samuel Dalembert,3,6:04,MEM,free throw,,,,,,,1,,2,Mike Conley,,,foul,made,,,,
Marc Gasol,Mike Conley,O.J. Mayo,Rudy Gay,Zach Randolph,Andre Iguodala,Elton Brand,Lou Williams,Rodney Carney,Samuel Dalembert,3,6:04,MEM,free throw,,,,,,,2,,2,Mike Conley,,,foul,missed,,,,
Marc Gasol,Mike Conley,O.J. Mayo,Rudy Gay,Zach Randolph,Andre Iguodala,Elton Brand,Lou Williams,Rodney Carney,Samuel Dalembert,3,6:03,PHI,rebound,,,,,,,,,,Samuel Dalembert,,,,,,def,,
Marc Gasol,Mike Conley,O.J. Mayo,Rudy Gay,Zach Randolph,Andre Iguodala,Elton Brand,Lou Williams,Rodney Carney,Samuel Dalembert,3,5:44,PHI,shot,,,,,,,,,,Andre Iguodala,,,,missed,,3pt,48,9
Marc Gasol,Mike Conley,O.J. Mayo,Rudy Gay,Zach Randolph,Andre Iguodala,Elton Brand,Lou Williams,Rodney Carney,Samuel Dalembert,3,5:42,MEM,rebound,,,,,,,,,,Marc Gasol,,,,,,def,,
Marc Gasol,Mike Conley,O.J. Mayo,Rudy Gay,Zach Randolph,Andre Iguodala,Elton Brand,Lou Williams,Rodney Carney,Samuel Dalembert,3,5:36,MEM,shot,Mike Conley,,,,,,,,,Zach Randolph,2,,,made,,layup,25,6
Marc Gasol,Mike Conley,O.J. Mayo,Rudy Gay,Zach Randolph,Andre Iguodala,Elton Brand,Lou Williams,Rodney Carney,Samuel Dalembert,3,5:19,PHI,shot,Andre Iguodala,,,,,,,,,Elton Brand,2,,,made,,layup,25,6
Marc Gasol,Mike Conley,O.J. Mayo,Rudy Gay,Zach Randolph,Andre Iguodala,Elton Brand,Lou Williams,Rodney Carney,Samuel Dalembert,3,5:19,MEM,foul,,,,,,,,Elton Brand,,Zach Randolph,,,,,,shooting,,
Marc Gasol,Mike Conley,O.J. Mayo,Rudy Gay,Zach Randolph,Andre Iguodala,Elton Brand,Lou Williams,Rodney Carney,Samuel Dalembert,3,5:19,PHI,free throw,,,,,,,1,,1,Elton Brand,,,foul,made,,,,
Marc Gasol,Mike Conley,O.J. Mayo,Rudy Gay,Zach Randolph,Andre Iguodala,Elton Brand,Jason Smith,Lou Williams,Rodney Carney,3,5:19,PHI,sub,,,,Jason Smith,,Samuel Dalembert,,,,,,,,,,,,
Marc Gasol,Mike Conley,O.J. Mayo,Rudy Gay,Zach Randolph,Andre Iguodala,Elton Brand,Jason Smith,Lou Williams,Rodney Carney,3,5:04,MEM,shot,,,,,,,,,,Mike Conley,,,,missed,,jump,24,13
Marc Gasol,Mike Conley,O.J. Mayo,Rudy Gay,Zach Randolph,Andre Iguodala,Elton Brand,Jason Smith,Lou Williams,Rodney Carney,3,5:01,MEM,rebound,,,,,,,,,,Marc Gasol,,,,,,off,,
Marc Gasol,Mike Conley,O.J. Mayo,Rudy Gay,Zach Randolph,Andre Iguodala,Elton Brand,Jason Smith,Lou Williams,Rodney Carney,3,5:01,MEM,shot,,,,,,,,,,Marc Gasol,2,,,made,,layup,25,6
Marc Gasol,Mike Conley,O.J. Mayo,Rudy Gay,Zach Randolph,Andre Iguodala,Elton Brand,Jason Smith,Lou Williams,Rodney Carney,3,4:34,PHI,turnover,,,,,,,,,,Jason Smith,,,bad pass,,Mike Conley,,,
Marc Gasol,Mike Conley,O.J. Mayo,Rudy Gay,Zach Randolph,Andre Iguodala,Elton Brand,Jason Smith,Lou Williams,Rodney Carney,3,4:30,MEM,shot,Mike Conley,,,,,,,,,O.J. Mayo,2,,,made,,jump,10,10
Marc Gasol,Mike Conley,O.J. Mayo,Rudy Gay,Zach Randolph,Andre Iguodala,Elton Brand,Jason Smith,Lou Williams,Rodney Carney,3,4:05,PHI,turnover,,,,,,,,,,Andre Iguodala,,,bad pass,,Marc Gasol,,,
Marc Gasol,Mike Conley,O.J. Mayo,Rudy Gay,Zach Randolph,Andre Iguodala,Elton Brand,Jason Smith,Lou Williams,Rodney Carney,3,4:03,MEM,shot,Mike Conley,,,,,,,,,O.J. Mayo,2,,,made,,layup,25,6
Marc Gasol,Mike Conley,O.J. Mayo,Rudy Gay,Zach Randolph,Andre Iguodala,Elton Brand,Jason Smith,Lou Williams,Rodney Carney,3,3:44,MEM,foul,,,,,,,,Elton Brand,,Marc Gasol,,,,,,shooting,,
Marc Gasol,Mike Conley,O.J. Mayo,Rudy Gay,Zach Randolph,Andre Iguodala,Elton Brand,Jason Smith,Lou Williams,Rodney Carney,3,3:44,PHI,free throw,,,,,,,1,,2,Elton Brand,,,foul,made,,,,
Marc Gasol,Mike Conley,O.J. Mayo,Rudy Gay,Zach Randolph,Andre Iguodala,Elton Brand,Jason Smith,Rodney Carney,Willie Green,3,3:44,PHI,sub,,,,Willie Green,,Lou Williams,,,,,,,,,,,,
Marc Gasol,Marcus Williams,O.J. Mayo,Rudy Gay,Zach Randolph,Andre Iguodala,Elton Brand,Jason Smith,Rodney Carney,Willie Green,3,3:44,MEM,sub,,,,Marcus Williams,,Mike Conley,,,,,,,,,,,,
Hasheem Thabeet,Marcus Williams,O.J. Mayo,Rudy Gay,Zach Randolph,Andre Iguodala,Elton Brand,Jason Smith,Rodney Carney,Willie Green,3,3:44,MEM,sub,,,,Hasheem Thabeet,,Marc Gasol,,,,,,,,,,,,
Hasheem Thabeet,Marcus Williams,O.J. Mayo,Rudy Gay,Zach Randolph,Andre Iguodala,Elton Brand,Jason Smith,Rodney Carney,Willie Green,3,3:44,PHI,free throw,,,,,,,2,,2,Elton Brand,,,foul,made,,,,
Hasheem Thabeet,Marcus Williams,O.J. Mayo,Rudy Gay,Zach Randolph,Andre Iguodala,Elton Brand,Jason Smith,Rodney Carney,Willie Green,3,3:16,MEM,shot,,,Jason Smith,,,,,,,Zach Randolph,,,,missed,,layup,25,6
Hasheem Thabeet,Marcus Williams,O.J. Mayo,Rudy Gay,Zach Randolph,Andre Iguodala,Elton Brand,Jason Smith,Rodney Carney,Willie Green,3,3:15,MEM,rebound,,,,,,,,,,Zach Randolph,,,,,,off,,
Hasheem Thabeet,Marcus Williams,O.J. Mayo,Rudy Gay,Zach Randolph,Andre Iguodala,Elton Brand,Jason Smith,Rodney Carney,Willie Green,3,3:15,MEM,shot,,,,,,,,,,Zach Randolph,2,,,made,,layup,25,6
Hasheem Thabeet,Marcus Williams,O.J. Mayo,Rudy Gay,Zach Randolph,Andre Iguodala,Elton Brand,Jason Smith,Rodney Carney,Willie Green,3,3:08,PHI,shot,,,,,,,,,,Elton Brand,,,,missed,,jump,23,22
Hasheem Thabeet,Marcus Williams,O.J. Mayo,Rudy Gay,Zach Randolph,Andre Iguodala,Elton Brand,Jason Smith,Rodney Carney,Willie Green,3,3:06,MEM,rebound,,,,,,,,,,Hasheem Thabeet,,,,,,def,,
Hasheem Thabeet,Marcus Williams,O.J. Mayo,Rudy Gay,Zach Randolph,Andre Iguodala,Elton Brand,Jason Smith,Rodney Carney,Willie Green,3,2:55,MEM,turnover,,,,,,,,,,Marcus Williams,,,bad pass,,Elton Brand,,,
Hasheem Thabeet,Marcus Williams,O.J. Mayo,Rudy Gay,Zach Randolph,Andre Iguodala,Elton Brand,Jason Smith,Rodney Carney,Willie Green,3,2:51,PHI,shot,Andre Iguodala,,,,,,,,,Jason Smith,2,,,made,,layup,25,6
Hasheem Thabeet,Marcus Williams,O.J. Mayo,Rudy Gay,Zach Randolph,Andre Iguodala,Elton Brand,Jason Smith,Rodney Carney,Willie Green,3,2:24,MEM,shot,,,,,,,,,,Rudy Gay,,,,missed,,jump,34,20
Hasheem Thabeet,Marcus Williams,O.J. Mayo,Rudy Gay,Zach Randolph,Andre Iguodala,Elton Brand,Jason Smith,Rodney Carney,Willie Green,3,2:22,MEM,rebound,,,,,,,,,,Zach Randolph,,,,,,off,,
Hasheem Thabeet,Marcus Williams,O.J. Mayo,Rudy Gay,Zach Randolph,Andre Iguodala,Elton Brand,Jason Smith,Rodney Carney,Willie Green,3,2:22,MEM,turnover,,,,,,,,,,,,,shot clock turnover,,,,,
Hasheem Thabeet,Marcus Williams,O.J. Mayo,Rudy Gay,Zach Randolph,Andre Iguodala,Elton Brand,Jason Smith,Rodney Carney,Willie Green,3,2:22,MEM,timeout,,,,,,,,,,,,,,,,regular,,
Hasheem Thabeet,Marcus Williams,O.J. Mayo,Rudy Gay,Zach Randolph,Andre Iguodala,Jason Kapono,Jason Smith,Rodney Carney,Willie Green,3,2:22,PHI,sub,,,,Jason Kapono,,Elton Brand,,,,,,,,,,,,
DeMarre Carroll,Hasheem Thabeet,Marcus Williams,O.J. Mayo,Zach Randolph,Andre Iguodala,Jason Kapono,Jason Smith,Rodney Carney,Willie Green,3,2:22,MEM,sub,,,,DeMarre Carroll,,Rudy Gay,,,,,,,,,,,,
DeMarre Carroll,Marcus Williams,O.J. Mayo,Sam Young,Zach Randolph,Andre Iguodala,Jason Kapono,Jason Smith,Rodney Carney,Willie Green,3,2:22,MEM,sub,,,,Sam Young,,Hasheem Thabeet,,,,,,,,,,,,
DeMarre Carroll,Marcus Williams,O.J. Mayo,Sam Young,Zach Randolph,Andre Iguodala,Jason Kapono,Jason Smith,Rodney Carney,Willie Green,3,2:09,PHI,shot,,,,,,,,,,Andre Iguodala,2,,,made,,pullup jump,36,20
DeMarre Carroll,Marcus Williams,O.J. Mayo,Sam Young,Zach Randolph,Andre Iguodala,Jason Kapono,Jason Smith,Rodney Carney,Willie Green,3,1:43,MEM,shot,Sam Young,,,,,,,,,O.J. Mayo,3,,,made,,3pt,43,30
DeMarre Carroll,Marcus Williams,O.J. Mayo,Sam Young,Zach Randolph,Andre Iguodala,Jason Kapono,Jason Smith,Rodney Carney,Willie Green,3,1:34,PHI,foul,,,,,,,,Sam Young,,Jason Smith,,,,,,offensive,,
DeMarre Carroll,Marcus Williams,O.J. Mayo,Sam Young,Zach Randolph,Andre Iguodala,Jason Kapono,Jason Smith,Rodney Carney,Willie Green,3,1:34,PHI,turnover,,,,,,,,,,Jason Smith,,,foul,,,,,
DeMarre Carroll,Marcus Williams,O.J. Mayo,Sam Young,Zach Randolph,Andre Iguodala,Jason Kapono,Jason Smith,Rodney Carney,Willie Green,3,1:15,PHI,foul,,,,,,,,Marcus Williams,,Jason Smith,,,,,,personal,,
DeMarre Carroll,Marcus Williams,O.J. Mayo,Sam Young,Zach Randolph,Andre Iguodala,Jason Kapono,Jason Smith,Rodney Carney,Willie Green,3,1:15,MEM,free throw,,,,,,,1,,2,Marcus Williams,,,foul,missed,,,,
DeMarre Carroll,Marcus Williams,O.J. Mayo,Sam Young,Zach Randolph,Andre Iguodala,Jason Kapono,Jason Smith,Rodney Carney,Willie Green,3,1:15,MEM,rebound,,,,,,,,,,,,,,,,,,
DeMarre Carroll,Marcus Williams,O.J. Mayo,Sam Young,Zach Randolph,Andre Iguodala,Jason Kapono,Jason Smith,Rodney Carney,Willie Green,3,1:15,MEM,free throw,,,,,,,2,,2,Marcus Williams,,,foul,made,,,,
DeMarre Carroll,Marcus Williams,O.J. Mayo,Sam Young,Zach Randolph,Andre Iguodala,Jason Kapono,Jason Smith,Rodney Carney,Willie Green,3,1:03,PHI,shot,,,,,,,,,,Jason Smith,,,,missed,,jump,31,22
DeMarre Carroll,Marcus Williams,O.J. Mayo,Sam Young,Zach Randolph,Andre Iguodala,Jason Kapono,Jason Smith,Rodney Carney,Willie Green,3,1:01,MEM,rebound,,,,,,,,,,Sam Young,,,,,,def,,
DeMarre Carroll,Marcus Williams,O.J. Mayo,Sam Young,Zach Randolph,Andre Iguodala,Jason Kapono,Jason Smith,Rodney Carney,Willie Green,3,0:42,MEM,shot,,,,,,,,,,Marcus Williams,2,,,made,,driving finger roll layup,25,6
DeMarre Carroll,Marcus Williams,O.J. Mayo,Sam Young,Zach Randolph,Andre Iguodala,Jason Kapono,Jason Smith,Rodney Carney,Willie Green,3,0:30,PHI,shot,,,,,,,,,,Willie Green,,,,missed,,jump,29,26
DeMarre Carroll,Marcus Williams,O.J. Mayo,Sam Young,Zach Randolph,Andre Iguodala,Jason Kapono,Jason Smith,Rodney Carney,Willie Green,3,0:28,MEM,rebound,,,,,,,,,,Zach Randolph,,,,,,def,,
DeMarre Carroll,Marcus Williams,O.J. Mayo,Sam Young,Zach Randolph,Andre Iguodala,Jason Kapono,Jason Smith,Rodney Carney,Willie Green,3,0:06,MEM,shot,,,,,,,,,,O.J. Mayo,,,,missed,,jump,37,13
DeMarre Carroll,Marcus Williams,O.J. Mayo,Sam Young,Zach Randolph,Andre Iguodala,Jason Kapono,Jason Smith,Rodney Carney,Willie Green,3,0:05,PHI,rebound,,,,,,,,,,Andre Iguodala,,,,,,def,,
DeMarre Carroll,Marcus Williams,O.J. Mayo,Sam Young,Zach Randolph,Andre Iguodala,Jason Kapono,Jason Smith,Rodney Carney,Willie Green,3,0:00,PHI,shot,,,,,,,,,,Andre Iguodala,,,,missed,,3pt,27,34
DeMarre Carroll,Marcus Williams,O.J. Mayo,Sam Young,Zach Randolph,Andre Iguodala,Jason Kapono,Jason Smith,Rodney Carney,Willie Green,3,0:00,MEM,rebound,,,,,,,,,,DeMarre Carroll,,,,,,def,,
DeMarre Carroll,Marcus Williams,O.J. Mayo,Sam Young,Zach Randolph,Jason Kapono,Jason Smith,Lou Williams,Rodney Carney,Willie Green,4,11:39,MEM,shot,Sam Young,,,,,,,,,Zach Randolph,2,,,made,,jump,40,6
DeMarre Carroll,Marcus Williams,O.J. Mayo,Sam Young,Zach Randolph,Jason Kapono,Jason Smith,Lou Williams,Rodney Carney,Willie Green,4,11:16,PHI,shot,Willie Green,,,,,,,,,Jason Kapono,3,,,made,,3pt,2,8
DeMarre Carroll,Marcus Williams,O.J. Mayo,Sam Young,Zach Randolph,Jason Kapono,Jason Smith,Lou Williams,Rodney Carney,Willie Green,4,10:55,MEM,turnover,,,,,,,,,,O.J. Mayo,,,bad pass,,,,,
DeMarre Carroll,Marcus Williams,O.J. Mayo,Sam Young,Zach Randolph,Jason Kapono,Jason Smith,Lou Williams,Rodney Carney,Willie Green,4,10:37,PHI,shot,,,,,,,,,,Jason Kapono,,,,missed,,jump,27,27
DeMarre Carroll,Marcus Williams,O.J. Mayo,Sam Young,Zach Randolph,Jason Kapono,Jason Smith,Lou Williams,Rodney Carney,Willie Green,4,10:34,MEM,rebound,,,,,,,,,,Sam Young,,,,,,def,,
DeMarre Carroll,Marcus Williams,O.J. Mayo,Sam Young,Zach Randolph,Jason Kapono,Jason Smith,Lou Williams,Rodney Carney,Willie Green,4,10:28,MEM,shot,,,,,,,,,,O.J. Mayo,,,,missed,,3pt,43,24
DeMarre Carroll,Marcus Williams,O.J. Mayo,Sam Young,Zach Randolph,Jason Kapono,Jason Smith,Lou Williams,Rodney Carney,Willie Green,4,10:26,PHI,rebound,,,,,,,,,,Rodney Carney,,,,,,def,,
DeMarre Carroll,Marcus Williams,O.J. Mayo,Sam Young,Zach Randolph,Jason Kapono,Jason Smith,Lou Williams,Rodney Carney,Willie Green,4,10:16,PHI,shot,,,,,,,,,,Willie Green,,,,missed,,layup,25,6
DeMarre Carroll,Marcus Williams,O.J. Mayo,Sam Young,Zach Randolph,Jason Kapono,Jason Smith,Lou Williams,Rodney Carney,Willie Green,4,10:15,MEM,rebound,,,,,,,,,,Zach Randolph,,,,,,def,,
DeMarre Carroll,Marcus Williams,O.J. Mayo,Sam Young,Zach Randolph,Jason Kapono,Jason Smith,Lou Williams,Rodney Carney,Willie Green,4,10:02,MEM,turnover,,,,,,,,,,Marcus Williams,,,backcourt turnover,,,,,
DeMarre Carroll,Marcus Williams,O.J. Mayo,Sam Young,Zach Randolph,Andre Iguodala,Jason Kapono,Jason Smith,Lou Williams,Rodney Carney,4,10:02,PHI,sub,,,,Andre Iguodala,,Willie Green,,,,,,,,,,,,
DeMarre Carroll,Marcus Williams,Rudy Gay,Sam Young,Zach Randolph,Andre Iguodala,Jason Kapono,Jason Smith,Lou Williams,Rodney Carney,4,10:02,MEM,sub,,,,Rudy Gay,,O.J. Mayo,,,,,,,,,,,,
DeMarre Carroll,Marcus Williams,Rudy Gay,Sam Young,Zach Randolph,Andre Iguodala,Jason Kapono,Jason Smith,Lou Williams,Rodney Carney,4,9:58,PHI,shot,,,,,,,,,,Lou Williams,2,,,made,,driving layup,25,6
DeMarre Carroll,Marcus Williams,Rudy Gay,Sam Young,Zach Randolph,Andre Iguodala,Jason Kapono,Jason Smith,Lou Williams,Rodney Carney,4,9:58,MEM,foul,,,,,,,,Lou Williams,,DeMarre Carroll,,,,,,shooting,,
DeMarre Carroll,Marcus Williams,Rudy Gay,Sam Young,Zach Randolph,Andre Iguodala,Jason Kapono,Jason Smith,Lou Williams,Rodney Carney,4,9:58,PHI,free throw,,,,,,,1,,1,Lou Williams,,,foul,made,,,,
DeMarre Carroll,Marcus Williams,Rudy Gay,Sam Young,Zach Randolph,Andre Iguodala,Jason Kapono,Jason Smith,Lou Williams,Rodney Carney,4,9:35,MEM,shot,Marcus Williams,,,,,,,,,Rudy Gay,2,,,made,,turnaround jump,40,7
DeMarre Carroll,Marcus Williams,Rudy Gay,Sam Young,Zach Randolph,Andre Iguodala,Jason Kapono,Jason Smith,Lou Williams,Rodney Carney,4,9:15,PHI,shot,,,,,,,,,,Jason Kapono,,,,missed,,3pt,2,6
DeMarre Carroll,Marcus Williams,Rudy Gay,Sam Young,Zach Randolph,Andre Iguodala,Jason Kapono,Jason Smith,Lou Williams,Rodney Carney,4,9:14,MEM,rebound,,,,,,,,,,Rudy Gay,,,,,,def,,
DeMarre Carroll,Marcus Williams,Rudy Gay,Sam Young,Zach Randolph,Andre Iguodala,Jason Kapono,Jason Smith,Lou Williams,Rodney Carney,4,9:02,MEM,shot,DeMarre Carroll,,,,,,,,,Rudy Gay,2,,,made,,turnaround jump,8,6
DeMarre Carroll,Marcus Williams,Rudy Gay,Sam Young,Zach Randolph,Andre Iguodala,Jason Kapono,Jason Smith,Lou Williams,Rodney Carney,4,8:48,MEM,violation,,,,,,,,,,Rudy Gay,,,,,,defensive goaltending,,
DeMarre Carroll,Marcus Williams,Rudy Gay,Sam Young,Zach Randolph,Andre Iguodala,Jason Kapono,Jason Smith,Lou Williams,Rodney Carney,4,8:48,PHI,shot,,,,,,,,,,Lou Williams,2,,,made,,driving layup,25,6
DeMarre Carroll,Marcus Williams,Rudy Gay,Sam Young,Zach Randolph,Andre Iguodala,Jason Kapono,Jason Smith,Lou Williams,Rodney Carney,4,8:29,PHI,foul,,,,,,,,Zach Randolph,,Jason Smith,,,,,,shooting,,
DeMarre Carroll,Marcus Williams,Rudy Gay,Sam Young,Zach Randolph,Andre Iguodala,Jason Kapono,Jason Smith,Lou Williams,Rodney Carney,4,8:29,MEM,timeout,,,,,,,,,,,,,,,,official,,
DeMarre Carroll,Marcus Williams,Rudy Gay,Sam Young,Zach Randolph,Andre Iguodala,Elton Brand,Jason Kapono,Lou Williams,Rodney Carney,4,8:29,PHI,sub,,,,Elton Brand,,Jason Smith,,,,,,,,,,,,
DeMarre Carroll,Marcus Williams,Rudy Gay,Sam Young,Zach Randolph,Andre Iguodala,Elton Brand,Jason Kapono,Lou Williams,Rodney Carney,4,8:29,MEM,free throw,,,,,,,1,,2,Zach Randolph,,,foul,made,,,,
DeMarre Carroll,Marcus Williams,Rudy Gay,Sam Young,Zach Randolph,Andre Iguodala,Elton Brand,Jason Kapono,Lou Williams,Rodney Carney,4,8:29,MEM,free throw,,,,,,,2,,2,Zach Randolph,,,foul,made,,,,
DeMarre Carroll,Marcus Williams,Rudy Gay,Sam Young,Zach Randolph,Andre Iguodala,Elton Brand,Jason Kapono,Lou Williams,Rodney Carney,4,8:15,PHI,turnover,,,,,,,,,,Jason Kapono,,,traveling,,,,,
DeMarre Carroll,Marcus Williams,Rudy Gay,Sam Young,Zach Randolph,Andre Iguodala,Elton Brand,Jason Kapono,Lou Williams,Rodney Carney,4,7:57,MEM,shot,,,,,,,,,,Rudy Gay,2,,,made,,jump,42,20
DeMarre Carroll,Marcus Williams,Rudy Gay,Sam Young,Zach Randolph,Andre Iguodala,Elton Brand,Jason Kapono,Lou Williams,Rodney Carney,4,7:33,PHI,shot,,,,,,,,,,Elton Brand,,,,missed,,layup,25,6
DeMarre Carroll,Marcus Williams,Rudy Gay,Sam Young,Zach Randolph,Andre Iguodala,Elton Brand,Jason Kapono,Lou Williams,Rodney Carney,4,7:32,PHI,rebound,,,,,,,,,,Elton Brand,,,,,,off,,
DeMarre Carroll,Marcus Williams,Rudy Gay,Sam Young,Zach Randolph,Andre Iguodala,Elton Brand,Jason Kapono,Lou Williams,Rodney Carney,4,7:32,PHI,shot,,,,,,,,,,Elton Brand,2,,,made,,layup,25,6
DeMarre Carroll,Marcus Williams,Rudy Gay,Sam Young,Zach Randolph,Andre Iguodala,Elton Brand,Jason Kapono,Lou Williams,Rodney Carney,4,7:32,MEM,foul,,,,,,,,Elton Brand,,Zach Randolph,,,,,,shooting,,
DeMarre Carroll,Marc Gasol,Marcus Williams,Rudy Gay,Sam Young,Andre Iguodala,Elton Brand,Jason Kapono,Lou Williams,Rodney Carney,4,7:32,MEM,sub,,,,Marc Gasol,,Zach Randolph,,,,,,,,,,,,
DeMarre Carroll,Marc Gasol,Marcus Williams,Rudy Gay,Sam Young,Andre Iguodala,Elton Brand,Jason Kapono,Lou Williams,Rodney Carney,4,7:32,PHI,free throw,,,,,,,1,,1,Elton Brand,,,foul,made,,,,
DeMarre Carroll,Marc Gasol,Marcus Williams,Rudy Gay,Sam Young,Andre Iguodala,Elton Brand,Jason Kapono,Lou Williams,Rodney Carney,4,7:13,MEM,shot,,,,,,,,,,Sam Young,2,,,made,,driving slam dunk,25,6
DeMarre Carroll,Marc Gasol,Marcus Williams,Rudy Gay,Sam Young,Andre Iguodala,Elton Brand,Jason Kapono,Lou Williams,Rodney Carney,4,6:52,PHI,shot,,,Marc Gasol,,,,,,,Elton Brand,,,,missed,,layup,25,6
DeMarre Carroll,Marc Gasol,Marcus Williams,Rudy Gay,Sam Young,Andre Iguodala,Elton Brand,Jason Kapono,Lou Williams,Rodney Carney,4,6:48,MEM,rebound,,,,,,,,,,Marcus Williams,,,,,,def,,
DeMarre Carroll,Marc Gasol,Marcus Williams,Rudy Gay,Sam Young,Andre Iguodala,Elton Brand,Jason Kapono,Lou Williams,Rodney Carney,4,6:39,MEM,shot,,,,,,,,,,Marcus Williams,,,,missed,,layup,25,6
DeMarre Carroll,Marc Gasol,Marcus Williams,Rudy Gay,Sam Young,Andre Iguodala,Elton Brand,Jason Kapono,Lou Williams,Rodney Carney,4,6:38,PHI,rebound,,,,,,,,,,Lou Williams,,,,,,def,,
DeMarre Carroll,Marc Gasol,Marcus Williams,Rudy Gay,Sam Young,Andre Iguodala,Elton Brand,Jason Kapono,Lou Williams,Rodney Carney,4,6:34,PHI,shot,,,,,,,,,,Lou Williams,2,,,made,,driving layup,25,6
DeMarre Carroll,Marc Gasol,Marcus Williams,Rudy Gay,Sam Young,Andre Iguodala,Elton Brand,Jason Kapono,Lou Williams,Rodney Carney,4,6:15,MEM,shot,,,Elton Brand,,,,,,,Rudy Gay,,,,missed,,layup,25,6
DeMarre Carroll,Marc Gasol,Marcus Williams,Rudy Gay,Sam Young,Andre Iguodala,Elton Brand,Jason Kapono,Lou Williams,Rodney Carney,4,6:15,MEM,rebound,,,,,,,,,,,,,,,,,,
DeMarre Carroll,Marc Gasol,Marcus Williams,Rudy Gay,Sam Young,Andre Iguodala,Elton Brand,Jason Kapono,Lou Williams,Rodney Carney,4,6:10,PHI,foul,,,,,,,,Rudy Gay,,Elton Brand,,,,,,shooting,,
DeMarre Carroll,Marc Gasol,Marcus Williams,Rudy Gay,Sam Young,Andre Iguodala,Elton Brand,Jason Kapono,Lou Williams,Rodney Carney,4,6:10,MEM,free throw,,,,,,,1,,2,Rudy Gay,,,foul,made,,,,
DeMarre Carroll,Marc Gasol,Marcus Williams,Rudy Gay,Sam Young,Andre Iguodala,Elton Brand,Jason Kapono,Lou Williams,Rodney Carney,4,6:10,MEM,free throw,,,,,,,2,,2,Rudy Gay,,,foul,made,,,,
DeMarre Carroll,Marc Gasol,Marcus Williams,Rudy Gay,Sam Young,Andre Iguodala,Elton Brand,Jason Kapono,Lou Williams,Rodney Carney,4,5:59,PHI,shot,,,,,,,,,,Jason Kapono,,,,missed,,3pt,2,7
DeMarre Carroll,Marc Gasol,Marcus Williams,Rudy Gay,Sam Young,Andre Iguodala,Elton Brand,Jason Kapono,Lou Williams,Rodney Carney,4,5:58,MEM,rebound,,,,,,,,,,Marcus Williams,,,,,,def,,
DeMarre Carroll,Marc Gasol,Marcus Williams,Rudy Gay,Sam Young,Andre Iguodala,Elton Brand,Jason Kapono,Lou Williams,Rodney Carney,4,5:43,PHI,timeout,,,,,,,,,,,,,,,,regular,,
DeMarre Carroll,Marc Gasol,Marcus Williams,Rudy Gay,Sam Young,Andre Iguodala,Elton Brand,Lou Williams,Rodney Carney,Thaddeus Young,4,5:43,PHI,sub,,,,Thaddeus Young,,Jason Kapono,,,,,,,,,,,,
DeMarre Carroll,Marc Gasol,Marcus Williams,Rudy Gay,Sam Young,Andre Iguodala,Elton Brand,Lou Williams,Rodney Carney,Thaddeus Young,4,5:33,MEM,shot,,,,,,,,,,Marcus Williams,,,,missed,,3pt,28,33
DeMarre Carroll,Marc Gasol,Marcus Williams,Rudy Gay,Sam Young,Andre Iguodala,Elton Brand,Lou Williams,Rodney Carney,Thaddeus Young,4,5:33,MEM,rebound,,,,,,,,,,,,,,,,,,
DeMarre Carroll,Marc Gasol,Marcus Williams,Rudy Gay,Sam Young,Andre Iguodala,Elton Brand,Lou Williams,Rodney Carney,Thaddeus Young,4,5:33,MEM,turnover,,,,,,,,,,,,,shot clock turnover,,,,,
DeMarre Carroll,Marc Gasol,Marcus Williams,Rudy Gay,Sam Young,Andre Iguodala,Elton Brand,Lou Williams,Rodney Carney,Thaddeus Young,4,5:19,PHI,shot,,,,,,,,,,Andre Iguodala,2,,,made,,pullup jump,15,22
DeMarre Carroll,Marc Gasol,Marcus Williams,Rudy Gay,Sam Young,Andre Iguodala,Elton Brand,Lou Williams,Rodney Carney,Thaddeus Young,4,5:00,MEM,turnover,,,,,,,,,,Marcus Williams,,,lost ball,,Lou Williams,,,
DeMarre Carroll,Marc Gasol,Marcus Williams,Rudy Gay,Sam Young,Andre Iguodala,Elton Brand,Lou Williams,Rodney Carney,Thaddeus Young,4,4:55,PHI,turnover,,,,,,,,,,Lou Williams,,,bad pass,,Rudy Gay,,,
DeMarre Carroll,Marc Gasol,Marcus Williams,Rudy Gay,Sam Young,Andre Iguodala,Elton Brand,Lou Williams,Rodney Carney,Thaddeus Young,4,4:39,MEM,shot,,,,,,,,,,Marcus Williams,2,,,made,,pullup jump,17,20
DeMarre Carroll,Marc Gasol,Marcus Williams,Rudy Gay,Sam Young,Andre Iguodala,Elton Brand,Lou Williams,Rodney Carney,Thaddeus Young,4,4:11,PHI,turnover,,,,,,,,,,Elton Brand,,,lost ball,,Marcus Williams,,,
DeMarre Carroll,Marc Gasol,Marcus Williams,Rudy Gay,Sam Young,Andre Iguodala,Elton Brand,Lou Williams,Rodney Carney,Thaddeus Young,4,4:07,MEM,shot,Marcus Williams,,,,,,,,,Rudy Gay,2,,,made,,layup,25,6
DeMarre Carroll,Marc Gasol,Marcus Williams,Rudy Gay,Sam Young,Andre Iguodala,Elton Brand,Lou Williams,Rodney Carney,Thaddeus Young,4,4:07,PHI,timeout,,,,,,,,,,,,,,,,regular,,
DeMarre Carroll,Marc Gasol,Marcus Williams,Rudy Gay,Sam Young,Andre Iguodala,Elton Brand,Lou Williams,Rodney Carney,Thaddeus Young,4,3:49,PHI,shot,,,,,,,,,,Andre Iguodala,,,,missed,,jump,14,19
DeMarre Carroll,Marc Gasol,Marcus Williams,Rudy Gay,Sam Young,Andre Iguodala,Elton Brand,Lou Williams,Rodney Carney,Thaddeus Young,4,3:47,MEM,rebound,,,,,,,,,,Rudy Gay,,,,,,def,,
DeMarre Carroll,Marc Gasol,Marcus Williams,Rudy Gay,Sam Young,Andre Iguodala,Elton Brand,Lou Williams,Rodney Carney,Thaddeus Young,4,3:34,MEM,turnover,,,,,,,,,,Marcus Williams,,,bad pass,,Rodney Carney,,,
DeMarre Carroll,Marc Gasol,Marcus Williams,Rudy Gay,Sam Young,Andre Iguodala,Elton Brand,Lou Williams,Rodney Carney,Thaddeus Young,4,3:33,MEM,foul,,,,,,,,Andre Iguodala,,Sam Young,,,,,,personal,,
DeMarre Carroll,Marc Gasol,Marcus Williams,Rudy Gay,Sam Young,Andre Iguodala,Elton Brand,Lou Williams,Rodney Carney,Thaddeus Young,4,3:24,PHI,shot,,,,,,,,,,Rodney Carney,,,,missed,,3pt,41,26
DeMarre Carroll,Marc Gasol,Marcus Williams,Rudy Gay,Sam Young,Andre Iguodala,Elton Brand,Lou Williams,Rodney Carney,Thaddeus Young,4,3:22,PHI,rebound,,,,,,,,,,Thaddeus Young,,,,,,off,,
DeMarre Carroll,Marc Gasol,Marcus Williams,Rudy Gay,Sam Young,Andre Iguodala,Elton Brand,Lou Williams,Rodney Carney,Thaddeus Young,4,3:19,PHI,shot,Thaddeus Young,,,,,,,,,Lou Williams,3,,,made,,3pt,3,8
DeMarre Carroll,Marc Gasol,Marcus Williams,Rudy Gay,Sam Young,Andre Iguodala,Elton Brand,Lou Williams,Rodney Carney,Thaddeus Young,4,3:09,MEM,timeout,,,,,,,,,,,,,,,,regular,,
DeMarre Carroll,Marc Gasol,Mike Conley,Rudy Gay,Sam Young,Andre Iguodala,Elton Brand,Lou Williams,Rodney Carney,Thaddeus Young,4,3:09,MEM,sub,,,,Mike Conley,,Marcus Williams,,,,,,,,,,,,
DeMarre Carroll,Marc Gasol,Mike Conley,O.J. Mayo,Rudy Gay,Andre Iguodala,Elton Brand,Lou Williams,Rodney Carney,Thaddeus Young,4,3:09,MEM,sub,,,,O.J. Mayo,,Sam Young,,,,,,,,,,,,
DeMarre Carroll,Marc Gasol,Mike Conley,O.J. Mayo,Rudy Gay,Andre Iguodala,Elton Brand,Lou Williams,Rodney Carney,Thaddeus Young,4,3:01,MEM,turnover,,,,,,,,,,Marc Gasol,,,lost ball,,Lou Williams,,,
DeMarre Carroll,Marc Gasol,Mike Conley,O.J. Mayo,Rudy Gay,Andre Iguodala,Elton Brand,Lou Williams,Rodney Carney,Thaddeus Young,4,3:00,MEM,foul,,,,,,,,Lou Williams,,Marc Gasol,,,,,,personal,,
DeMarre Carroll,Mike Conley,O.J. Mayo,Rudy Gay,Zach Randolph,Andre Iguodala,Elton Brand,Lou Williams,Rodney Carney,Thaddeus Young,4,3:00,MEM,sub,,,,Zach Randolph,,Marc Gasol,,,,,,,,,,,,
DeMarre Carroll,Mike Conley,O.J. Mayo,Rudy Gay,Zach Randolph,Andre Iguodala,Elton Brand,Lou Williams,Rodney Carney,Thaddeus Young,4,2:47,PHI,shot,,,,,,,,,,Thaddeus Young,,,,missed,,jump,33,19
DeMarre Carroll,Mike Conley,O.J. Mayo,Rudy Gay,Zach Randolph,Andre Iguodala,Elton Brand,Lou Williams,Rodney Carney,Thaddeus Young,4,2:45,MEM,rebound,,,,,,,,,,Mike Conley,,,,,,def,,
DeMarre Carroll,Mike Conley,O.J. Mayo,Rudy Gay,Zach Randolph,Andre Iguodala,Elton Brand,Lou Williams,Rodney Carney,Thaddeus Young,4,2:32,MEM,turnover,,,,,,,,,,O.J. Mayo,,,traveling,,,,,
DeMarre Carroll,Mike Conley,O.J. Mayo,Rudy Gay,Zach Randolph,Andre Iguodala,Elton Brand,Lou Williams,Rodney Carney,Thaddeus Young,4,2:10,PHI,shot,,,,,,,,,,Elton Brand,2,,,made,,turnaround jump,37,6
DeMarre Carroll,Mike Conley,O.J. Mayo,Rudy Gay,Zach Randolph,Andre Iguodala,Elton Brand,Lou Williams,Rodney Carney,Thaddeus Young,4,1:52,MEM,shot,,,,,,,,,,Mike Conley,2,,,made,,driving layup,25,6
DeMarre Carroll,Mike Conley,O.J. Mayo,Rudy Gay,Zach Randolph,Andre Iguodala,Elton Brand,Lou Williams,Rodney Carney,Thaddeus Young,4,1:39,PHI,shot,,,,,,,,,,Rodney Carney,,,,missed,,3pt,27,32
DeMarre Carroll,Mike Conley,O.J. Mayo,Rudy Gay,Zach Randolph,Andre Iguodala,Elton Brand,Lou Williams,Rodney Carney,Thaddeus Young,4,1:39,PHI,rebound,,,,,,,,,,Thaddeus Young,,,,,,off,,
DeMarre Carroll,Mike Conley,O.J. Mayo,Rudy Gay,Zach Randolph,Andre Iguodala,Elton Brand,Lou Williams,Rodney Carney,Thaddeus Young,4,1:39,PHI,shot,,,,,,,,,,Thaddeus Young,2,,,made,,putback dunk,25,6
DeMarre Carroll,Mike Conley,O.J. Mayo,Rudy Gay,Zach Randolph,Andre Iguodala,Elton Brand,Lou Williams,Rodney Carney,Thaddeus Young,4,1:16,MEM,shot,,,,,,,,,,Rudy Gay,,,,missed,,jump,35,21
DeMarre Carroll,Mike Conley,O.J. Mayo,Rudy Gay,Zach Randolph,Andre Iguodala,Elton Brand,Lou Williams,Rodney Carney,Thaddeus Young,4,1:14,MEM,rebound,,,,,,,,,,DeMarre Carroll,,,,,,off,,
DeMarre Carroll,Mike Conley,O.J. Mayo,Rudy Gay,Zach Randolph,Andre Iguodala,Elton Brand,Lou Williams,Rodney Carney,Thaddeus Young,4,1:08,MEM,timeout,,,,,,,,,,,,,,,,short,,
DeMarre Carroll,Mike Conley,O.J. Mayo,Rudy Gay,Zach Randolph,Andre Iguodala,Elton Brand,Lou Williams,Rodney Carney,Thaddeus Young,4,0:54,MEM,shot,,,,,,,,,,O.J. Mayo,,,,missed,,jump,13,21
DeMarre Carroll,Mike Conley,O.J. Mayo,Rudy Gay,Zach Randolph,Andre Iguodala,Elton Brand,Lou Williams,Rodney Carney,Thaddeus Young,4,0:51,MEM,rebound,,,,,,,,,,Zach Randolph,,,,,,off,,
DeMarre Carroll,Mike Conley,O.J. Mayo,Rudy Gay,Zach Randolph,Andre Iguodala,Elton Brand,Lou Williams,Rodney Carney,Thaddeus Young,4,0:51,MEM,shot,,,,,,,,,,Zach Randolph,,,,missed,,layup,25,6
DeMarre Carroll,Mike Conley,O.J. Mayo,Rudy Gay,Zach Randolph,Andre Iguodala,Elton Brand,Lou Williams,Rodney Carney,Thaddeus Young,4,0:49,MEM,rebound,,,,,,,,,,DeMarre Carroll,,,,,,off,,
DeMarre Carroll,Mike Conley,O.J. Mayo,Rudy Gay,Zach Randolph,Andre Iguodala,Elton Brand,Lou Williams,Rodney Carney,Thaddeus Young,4,0:48,MEM,turnover,,,,,,,,,,DeMarre Carroll,,,bad pass,,Lou Williams,,,
DeMarre Carroll,Mike Conley,O.J. Mayo,Rudy Gay,Zach Randolph,Andre Iguodala,Elton Brand,Lou Williams,Rodney Carney,Thaddeus Young,4,0:43,PHI,shot,,,,,,,,,,Lou Williams,,,,missed,,3pt,26,32
DeMarre Carroll,Mike Conley,O.J. Mayo,Rudy Gay,Zach Randolph,Andre Iguodala,Elton Brand,Lou Williams,Rodney Carney,Thaddeus Young,4,0:43,PHI,rebound,,,,,,,,,,Andre Iguodala,,,,,,off,,
DeMarre Carroll,Mike Conley,O.J. Mayo,Rudy Gay,Zach Randolph,Andre Iguodala,Elton Brand,Lou Williams,Rodney Carney,Thaddeus Young,4,0:43,PHI,shot,,,,,,,,,,Andre Iguodala,2,,,made,,putback dunk,25,6
DeMarre Carroll,Mike Conley,O.J. Mayo,Rudy Gay,Zach Randolph,Andre Iguodala,Elton Brand,Lou Williams,Rodney Carney,Thaddeus Young,4,0:19,MEM,shot,O.J. Mayo,,,,,,,,,Rudy Gay,2,,,made,,jump,14,24
DeMarre Carroll,Mike Conley,O.J. Mayo,Rudy Gay,Zach Randolph,Andre Iguodala,Elton Brand,Lou Williams,Rodney Carney,Thaddeus Young,4,0:19,PHI,timeout,,,,,,,,,,,,,,,,regular,,
DeMarre Carroll,Marc Gasol,Mike Conley,O.J. Mayo,Rudy Gay,Andre Iguodala,Elton Brand,Lou Williams,Rodney Carney,Thaddeus Young,4,0:19,MEM,sub,,,,Marc Gasol,,Zach Randolph,,,,,,,,,,,,
DeMarre Carroll,Marc Gasol,Mike Conley,O.J. Mayo,Rudy Gay,Andre Iguodala,Elton Brand,Lou Williams,Rodney Carney,Thaddeus Young,4,0:13,PHI,shot,,,,,,,,,,Andre Iguodala,,,,missed,,3pt,42,27
DeMarre Carroll,Marc Gasol,Mike Conley,O.J. Mayo,Rudy Gay,Andre Iguodala,Elton Brand,Lou Williams,Rodney Carney,Thaddeus Young,4,0:11,MEM,rebound,,,,,,,,,,Rudy Gay,,,,,,def,,
DeMarre Carroll,Marc Gasol,Mike Conley,O.J. Mayo,Rudy Gay,Andre Iguodala,Elton Brand,Lou Williams,Rodney Carney,Thaddeus Young,4,0:11,PHI,foul,,,,,,,,Rudy Gay,,Thaddeus Young,,,,,,personal,,
DeMarre Carroll,Marc Gasol,Mike Conley,O.J. Mayo,Rudy Gay,Andre Iguodala,Elton Brand,Lou Williams,Rodney Carney,Thaddeus Young,4,0:09,PHI,foul,,,,,,,,O.J. Mayo,,Rodney Carney,,,,,,personal,,
DeMarre Carroll,Marc Gasol,Mike Conley,O.J. Mayo,Rudy Gay,Andre Iguodala,Elton Brand,Lou Williams,Rodney Carney,Thaddeus Young,4,0:09,MEM,free throw,,,,,,,1,,2,O.J. Mayo,,,foul,missed,,,,
DeMarre Carroll,Marc Gasol,Mike Conley,O.J. Mayo,Rudy Gay,Andre Iguodala,Elton Brand,Lou Williams,Rodney Carney,Thaddeus Young,4,0:09,MEM,rebound,,,,,,,,,,,,,,,,,,
DeMarre Carroll,Marc Gasol,Mike Conley,O.J. Mayo,Rudy Gay,Andre Iguodala,Elton Brand,Lou Williams,Rodney Carney,Thaddeus Young,4,0:09,MEM,free throw,,,,,,,2,,2,O.J. Mayo,,,foul,made,,,,
DeMarre Carroll,Marc Gasol,Mike Conley,O.J. Mayo,Rudy Gay,Andre Iguodala,Elton Brand,Lou Williams,Rodney Carney,Thaddeus Young,4,0:09,PHI,timeout,,,,,,,,,,,,,,,,short,,
DeMarre Carroll,Marc Gasol,Mike Conley,O.J. Mayo,Rudy Gay,Andre Iguodala,Elton Brand,Lou Williams,Rodney Carney,Thaddeus Young,4,0:07,PHI,shot,Thaddeus Young,,,,,,,,,Rodney Carney,2,,,made,,driving layup,25,6
DeMarre Carroll,Marc Gasol,Mike Conley,O.J. Mayo,Rudy Gay,Andre Iguodala,Elton Brand,Lou Williams,Rodney Carney,Thaddeus Young,4,0:05,PHI,foul,,,,,,,,Mike Conley,,Rodney Carney,,,,,,personal,,
DeMarre Carroll,Marc Gasol,Mike Conley,O.J. Mayo,Rudy Gay,Andre Iguodala,Elton Brand,Lou Williams,Rodney Carney,Thaddeus Young,4,0:05,MEM,free throw,,,,,,,1,,2,Mike Conley,,,foul,made,,,,
DeMarre Carroll,Marc Gasol,Mike Conley,O.J. Mayo,Rudy Gay,Andre Iguodala,Elton Brand,Lou Williams,Rodney Carney,Thaddeus Young,4,0:05,MEM,free throw,,,,,,,2,,2,Mike Conley,,,foul,missed,,,,
DeMarre Carroll,Marc Gasol,Mike Conley,O.J. Mayo,Rudy Gay,Andre Iguodala,Elton Brand,Lou Williams,Rodney Carney,Thaddeus Young,4,0:04,PHI,rebound,,,,,,,,,,Elton Brand,,,,,,def,,
DeMarre Carroll,Marc Gasol,Mike Conley,O.J. Mayo,Rudy Gay,Andre Iguodala,Elton Brand,Lou Williams,Rodney Carney,Thaddeus Young,4,0:01,PHI,shot,,,,,,,,,,Lou Williams,,,,missed,,3pt,37,30
DeMarre Carroll,Marc Gasol,Mike Conley,O.J. Mayo,Rudy Gay,Andre Iguodala,Elton Brand,Lou Williams,Rodney Carney,Thaddeus Young,4,0:00,PHI,rebound,,,,,,,,,,,,,,,,,,
