a1,a2,a3,a4,a5,h1,h2,h3,h4,h5,period,time,team,etype,assist,away,block,entered,home,left,num,opponent,outof,player,points,possession,reason,result,steal,type,x,y
Andre Iguodala,Elton Brand,Lou Williams,Samuel Dalembert,Thaddeus Young,Anthony Parker,J.J. Hickson,LeBron James,Mo Williams,Zydrunas Ilgauskas,1,12:00,OFF,jump ball,,Samuel Dalembert,,,Zydrunas Ilgauskas,,,,,,,Lou Williams,,,,,,
Andre Iguodala,Elton Brand,Lou Williams,Samuel Dalembert,Thaddeus Young,Anthony Parker,J.J. Hickson,LeBron James,Mo Williams,Zydrunas Ilgauskas,1,11:43,PHI,shot,,,,,,,,,,Samuel Dalembert,,,,missed,,jump,41,11
Andre Iguodala,Elton Brand,Lou Williams,Samuel Dalembert,Thaddeus Young,Anthony Parker,J.J. Hickson,LeBron James,Mo Williams,Zydrunas Ilgauskas,1,11:42,PHI,rebound,,,,,,,,,,Elton Brand,,,,,,off,,
Andre Iguodala,Elton Brand,Lou Williams,Samuel Dalembert,Thaddeus Young,Anthony Parker,J.J. Hickson,LeBron James,Mo Williams,Zydrunas Ilgauskas,1,11:35,PHI,turnover,,,,,,,,,,Elton Brand,,,bad pass,,,,,
Andre Iguodala,Elton Brand,Lou Williams,Samuel Dalembert,Thaddeus Young,Anthony Parker,J.J. Hickson,LeBron James,Mo Williams,Zydrunas Ilgauskas,1,11:17,CLE,shot,,,,,,,,,,Mo Williams,,,,missed,,3pt,8,25
Andre Iguodala,Elton Brand,Lou Williams,Samuel Dalembert,Thaddeus Young,Anthony Parker,J.J. Hickson,LeBron James,Mo Williams,Zydrunas Ilgauskas,1,11:16,CLE,rebound,,,,,,,,,,Zydrunas Ilgauskas,,,,,,off,,
Andre Iguodala,Elton Brand,Lou Williams,Samuel Dalembert,Thaddeus Young,Anthony Parker,J.J. Hickson,LeBron James,Mo Williams,Zydrunas Ilgauskas,1,11:07,CLE,shot,Mo Williams,,,,,,,,,Zydrunas Ilgauskas,2,,,made,,jump,42,14
Andre Iguodala,Elton Brand,Lou Williams,Samuel Dalembert,Thaddeus Young,Anthony Parker,J.J. Hickson,LeBron James,Mo Williams,Zydrunas Ilgauskas,1,10:47,PHI,shot,,,,,,,,,,Andre Iguodala,,,,missed,,jump,22,21
Andre Iguodala,Elton Brand,Lou Williams,Samuel Dalembert,Thaddeus Young,Anthony Parker,J.J. Hickson,LeBron James,Mo Williams,Zydrunas Ilgauskas,1,10:46,CLE,rebound,,,,,,,,,,Mo Williams,,,,,,def,,
Andre Iguodala,Elton Brand,Lou Williams,Samuel Dalembert,Thaddeus Young,Anthony Parker,J.J. Hickson,LeBron James,Mo Williams,Zydrunas Ilgauskas,1,10:37,CLE,shot,,,,,,,,,,J.J. Hickson,,,,missed,,layup,25,6
Andre Iguodala,Elton Brand,Lou Williams,Samuel Dalembert,Thaddeus Young,Anthony Parker,J.J. Hickson,LeBron James,Mo Williams,Zydrunas Ilgauskas,1,10:36,PHI,rebound,,,,,,,,,,Samuel Dalembert,,,,,,def,,
Andre Iguodala,Elton Brand,Lou Williams,Samuel Dalembert,Thaddeus Young,Anthony Parker,J.J. Hickson,LeBron James,Mo Williams,Zydrunas Ilgauskas,1,10:24,PHI,shot,Lou Williams,,,,,,,,,Elton Brand,2,,,made,,jump,39,16
Andre Iguodala,Elton Brand,Lou Williams,Samuel Dalembert,Thaddeus Young,Anthony Parker,J.J. Hickson,LeBron James,Mo Williams,Zydrunas Ilgauskas,1,10:04,CLE,shot,LeBron James,,,,,,,,,Mo Williams,3,,,made,,3pt,8,25
Andre Iguodala,Elton Brand,Lou Williams,Samuel Dalembert,Thaddeus Young,Anthony Parker,J.J. Hickson,LeBron James,Mo Williams,Zydrunas Ilgauskas,1,9:44,PHI,shot,,,,,,,,,,Lou Williams,,,,missed,,jump,11,9
Andre Iguodala,Elton Brand,Lou Williams,Samuel Dalembert,Thaddeus Young,Anthony Parker,J.J. Hickson,LeBron James,Mo Williams,Zydrunas Ilgauskas,1,9:42,CLE,rebound,,,,,,,,,,Mo Williams,,,,,,def,,
Andre Iguodala,Elton Brand,Lou Williams,Samuel Dalembert,Thaddeus Young,Anthony Parker,J.J. Hickson,LeBron James,Mo Williams,Zydrunas Ilgauskas,1,9:33,PHI,foul,,,,,,,,,,Samuel Dalembert,,,,,,defense 3 second,,
Andre Iguodala,Elton Brand,Lou Williams,Samuel Dalembert,Thaddeus Young,Anthony Parker,J.J. Hickson,LeBron James,Mo Williams,Zydrunas Ilgauskas,1,9:33,CLE,free throw,,,,,,,1,,1,Mo Williams,,,technical,made,,,,
Andre Iguodala,Elton Brand,Lou Williams,Samuel Dalembert,Thaddeus Young,Anthony Parker,J.J. Hickson,LeBron James,Mo Williams,Zydrunas Ilgauskas,1,9:14,CLE,shot,,,,,,,,,,LeBron James,2,,,made,,jump,38,24
Andre Iguodala,Elton Brand,Lou Williams,Samuel Dalembert,Thaddeus Young,Anthony Parker,J.J. Hickson,LeBron James,Mo Williams,Zydrunas Ilgauskas,1,9:02,PHI,shot,,,,,,,,,,Elton Brand,,,,missed,,jump,38,13
Andre Iguodala,Elton Brand,Lou Williams,Samuel Dalembert,Thaddeus Young,Anthony Parker,J.J. Hickson,LeBron James,Mo Williams,Zydrunas Ilgauskas,1,9:01,CLE,rebound,,,,,,,,,,LeBron James,,,,,,def,,
Andre Iguodala,Elton Brand,Lou Williams,Samuel Dalembert,Thaddeus Young,Anthony Parker,J.J. Hickson,LeBron James,Mo Williams,Zydrunas Ilgauskas,1,8:50,CLE,shot,LeBron James,,,,,,,,,J.J. Hickson,2,,,made,,jump,29,24
Andre Iguodala,Elton Brand,Lou Williams,Samuel Dalembert,Thaddeus Young,Anthony Parker,J.J. Hickson,LeBron James,Mo Williams,Zydrunas Ilgauskas,1,8:48,PHI,timeout,,,,,,,,,,,,,,,,regular,,
Andre Iguodala,Elton Brand,Lou Williams,Samuel Dalembert,Thaddeus Young,Anthony Parker,J.J. Hickson,LeBron James,Mo Williams,Zydrunas Ilgauskas,1,8:36,PHI,shot,,,,,,,,,,Thaddeus Young,2,,,made,,driving layup,24,8
Andre Iguodala,Elton Brand,Lou Williams,Samuel Dalembert,Thaddeus Young,Anthony Parker,J.J. Hickson,LeBron James,Mo Williams,Zydrunas Ilgauskas,1,8:17,CLE,shot,,,,,,,,,,Zydrunas Ilgauskas,,,,missed,,jump,43,12
Andre Iguodala,Elton Brand,Lou Williams,Samuel Dalembert,Thaddeus Young,Anthony Parker,J.J. Hickson,LeBron James,Mo Williams,Zydrunas Ilgauskas,1,8:15,PHI,rebound,,,,,,,,,,Andre Iguodala,,,,,,def,,
Andre Iguodala,Elton Brand,Lou Williams,Samuel Dalembert,Thaddeus Young,Anthony Parker,J.J. Hickson,LeBron James,Mo Williams,Zydrunas Ilgauskas,1,8:11,PHI,turnover,,,,,,,,,,Andre Iguodala,,,lost ball,,Mo Williams,,,
Andre Iguodala,Elton Brand,Lou Williams,Samuel Dalembert,Thaddeus Young,Anthony Parker,J.J. Hickson,LeBron James,Mo Williams,Zydrunas Ilgauskas,1,8:05,CLE,shot,LeBron James,,,,,,,,,J.J. Hickson,2,,,made,,dunk,25,7
Andre Iguodala,Elton Brand,Lou Williams,Samuel Dalembert,Thaddeus Young,Anthony Parker,J.J. Hickson,LeBron James,Mo Williams,Zydrunas Ilgauskas,1,7:49,PHI,shot,,,,,,,,,,Andre Iguodala,,,,missed,,3pt,12,28
Andre Iguodala,Elton Brand,Lou Williams,Samuel Dalembert,Thaddeus Young,Anthony Parker,J.J. Hickson,LeBron James,Mo Williams,Zydrunas Ilgauskas,1,7:48,CLE,rebound,,,,,,,,,,Zydrunas Ilgauskas,,,,,,def,,
Andre Iguodala,Elton Brand,Lou Williams,Samuel Dalembert,Thaddeus Young,Anthony Parker,J.J. Hickson,LeBron James,Mo Williams,Zydrunas Ilgauskas,1,7:36,PHI,foul,,,,,,,,J.J. Hickson,,Samuel Dalembert,,,,,,personal,,
Andre Iguodala,Elton Brand,Lou Williams,Samuel Dalembert,Thaddeus Young,Anthony Parker,J.J. Hickson,LeBron James,Mo Williams,Zydrunas Ilgauskas,1,7:20,CLE,shot,LeBron James,,,,,,,,,Zydrunas Ilgauskas,3,,,made,,3pt,40,26
Andre Iguodala,Elton Brand,Lou Williams,Samuel Dalembert,Thaddeus Young,Anthony Parker,J.J. Hickson,LeBron James,Mo Williams,Zydrunas Ilgauskas,1,6:59,PHI,shot,,,,,,,,,,Samuel Dalembert,,,,missed,,hook,18,10
Andre Iguodala,Elton Brand,Lou Williams,Samuel Dalembert,Thaddeus Young,Anthony Parker,J.J. Hickson,LeBron James,Mo Williams,Zydrunas Ilgauskas,1,6:57,CLE,rebound,,,,,,,,,,J.J. Hickson,,,,,,def,,
Andre Iguodala,Elton Brand,Lou Williams,Samuel Dalembert,Thaddeus Young,Anthony Parker,J.J. Hickson,LeBron James,Mo Williams,Zydrunas Ilgauskas,1,6:45,CLE,shot,Zydrunas Ilgauskas,,,,,,,,,LeBron James,2,,,made,,alley oop dunk,25,6
Andre Iguodala,Elton Brand,Lou Williams,Samuel Dalembert,Thaddeus Young,Anthony Parker,J.J. Hickson,LeBron James,Mo Williams,Zydrunas Ilgauskas,1,6:28,PHI,shot,,,,,,,,,,Lou Williams,,,,missed,,jump,23,12
Andre Iguodala,Elton Brand,Lou Williams,Samuel Dalembert,Thaddeus Young,Anthony Parker,J.J. Hickson,LeBron James,Mo Williams,Zydrunas Ilgauskas,1,6:27,CLE,rebound,,,,,,,,,,Anthony Parker,,,,,,def,,
Andre Iguodala,Elton Brand,Lou Williams,Samuel Dalembert,Thaddeus Young,Anthony Parker,J.J. Hickson,LeBron James,Mo Williams,Zydrunas Ilgauskas,1,6:20,CLE,shot,Mo Williams,,,,,,,,,LeBron James,3,,,made,,3pt,42,25
Andre Iguodala,Elton Brand,Lou Williams,Samuel Dalembert,Thaddeus Young,Anthony Parker,J.J. Hickson,LeBron James,Mo Williams,Zydrunas Ilgauskas,1,6:06,CLE,foul,,,,,,,,Andre Iguodala,,Anthony Parker,,,,,,personal,,
Andre Iguodala,Elton Brand,Lou Williams,Samuel Dalembert,Thaddeus Young,Anthony Parker,J.J. Hickson,LeBron James,Mo Williams,Zydrunas Ilgauskas,1,5:54,PHI,shot,Elton Brand,,,,,,,,,Thaddeus Young,3,,,made,,3pt,14,29
Andre Iguodala,Elton Brand,Lou Williams,Samuel Dalembert,Thaddeus Young,Anthony Parker,J.J. Hickson,LeBron James,Mo Williams,Zydrunas Ilgauskas,1,5:37,CLE,shot,,,,,,,,,,LeBron James,,,,missed,,3pt,24,31
Andre Iguodala,Elton Brand,Lou Williams,Samuel Dalembert,Thaddeus Young,Anthony Parker,J.J. Hickson,LeBron James,Mo Williams,Zydrunas Ilgauskas,1,5:36,PHI,rebound,,,,,,,,,,Samuel Dalembert,,,,,,def,,
Andre Iguodala,Elton Brand,Lou Williams,Samuel Dalembert,Thaddeus Young,Anthony Parker,J.J. Hickson,LeBron James,Mo Williams,Zydrunas Ilgauskas,1,5:28,PHI,shot,,,,,,,,,,Andre Iguodala,2,,,made,,jump,19,26
Andre Iguodala,Elton Brand,Lou Williams,Samuel Dalembert,Thaddeus Young,Anthony Parker,J.J. Hickson,LeBron James,Mo Williams,Zydrunas Ilgauskas,1,5:11,CLE,shot,Anthony Parker,,,,,,,,,Mo Williams,3,,,made,,3pt,3,9
Andre Iguodala,Elton Brand,Lou Williams,Samuel Dalembert,Thaddeus Young,Anthony Parker,J.J. Hickson,LeBron James,Mo Williams,Zydrunas Ilgauskas,1,4:57,PHI,foul,,,,,,,,Anthony Parker,,Elton Brand,,,,,,offensive,,
Andre Iguodala,Elton Brand,Lou Williams,Samuel Dalembert,Thaddeus Young,Anthony Parker,J.J. Hickson,LeBron James,Mo Williams,Zydrunas Ilgauskas,1,4:57,PHI,turnover,,,,,,,,,,Elton Brand,,,foul,,,,,
Andre Iguodala,Elton Brand,Lou Williams,Samuel Dalembert,Thaddeus Young,Anthony Parker,J.J. Hickson,LeBron James,Mo Williams,Zydrunas Ilgauskas,1,4:44,CLE,turnover,,,,,,,,,,Anthony Parker,,,bad pass,,Andre Iguodala,,,
Andre Iguodala,Elton Brand,Lou Williams,Samuel Dalembert,Thaddeus Young,Anthony Parker,J.J. Hickson,LeBron James,Mo Williams,Zydrunas Ilgauskas,1,4:39,PHI,shot,,,J.J. Hickson,,,,,,,Andre Iguodala,,,,missed,,layup,25,6
Andre Iguodala,Elton Brand,Lou Williams,Samuel Dalembert,Thaddeus Young,Anthony Parker,J.J. Hickson,LeBron James,Mo Williams,Zydrunas Ilgauskas,1,4:38,PHI,rebound,,,,,,,,,,,,,,,,,,
Andre Iguodala,Elton Brand,Lou Williams,Samuel Dalembert,Thaddeus Young,Anthony Parker,J.J. Hickson,LeBron James,Mo Williams,Zydrunas Ilgauskas,1,4:32,PHI,shot,,,,,,,,,,Lou Williams,2,,,made,,driving layup,24,7
Andre Iguodala,Elton Brand,Lou Williams,Samuel Dalembert,Thaddeus Young,Anthony Parker,J.J. Hickson,LeBron James,Mo Williams,Zydrunas Ilgauskas,1,4:15,CLE,shot,Anthony Parker,,,,,,,,,LeBron James,2,,,made,,jump,40,22
Andre Iguodala,Elton Brand,Lou Williams,Samuel Dalembert,Thaddeus Young,Anthony Parker,J.J. Hickson,LeBron James,Mo Williams,Zydrunas Ilgauskas,1,3:55,PHI,shot,,,,,,,,,,Samuel Dalembert,,,,missed,,jump,29,22
Andre Iguodala,Elton Brand,Lou Williams,Samuel Dalembert,Thaddeus Young,Anthony Parker,J.J. Hickson,LeBron James,Mo Williams,Zydrunas Ilgauskas,1,3:54,CLE,rebound,,,,,,,,,,LeBron James,,,,,,def,,
Andre Iguodala,Elton Brand,Lou Williams,Samuel Dalembert,Thaddeus Young,Anthony Parker,J.J. Hickson,LeBron James,Mo Williams,Zydrunas Ilgauskas,1,3:46,CLE,shot,,,,,,,,,,LeBron James,,,,missed,,jump,17,20
Andre Iguodala,Elton Brand,Lou Williams,Samuel Dalembert,Thaddeus Young,Anthony Parker,J.J. Hickson,LeBron James,Mo Williams,Zydrunas Ilgauskas,1,3:45,CLE,rebound,,,,,,,,,,J.J. Hickson,,,,,,off,,
Andre Iguodala,Elton Brand,Lou Williams,Samuel Dalembert,Thaddeus Young,Anthony Parker,J.J. Hickson,LeBron James,Mo Williams,Zydrunas Ilgauskas,1,3:40,CLE,shot,,,,,,,,,,J.J. Hickson,,,,missed,,hook,25,10
Andre Iguodala,Elton Brand,Lou Williams,Samuel Dalembert,Thaddeus Young,Anthony Parker,J.J. Hickson,LeBron James,Mo Williams,Zydrunas Ilgauskas,1,3:36,PHI,rebound,,,,,,,,,,Thaddeus Young,,,,,,def,,
Andre Iguodala,Elton Brand,Lou Williams,Samuel Dalembert,Thaddeus Young,Anthony Parker,J.J. Hickson,LeBron James,Mo Williams,Zydrunas Ilgauskas,1,3:33,PHI,shot,Andre Iguodala,,,,,,,,,Lou Williams,2,,,made,,driving layup,23,5
Andre Iguodala,Elton Brand,Lou Williams,Samuel Dalembert,Thaddeus Young,Anthony Parker,J.J. Hickson,LeBron James,Mo Williams,Zydrunas Ilgauskas,1,3:15,CLE,shot,Zydrunas Ilgauskas,,,,,,,,,Mo Williams,3,,,made,,3pt,28,30
Andre Iguodala,Elton Brand,Lou Williams,Samuel Dalembert,Thaddeus Young,Anthony Parker,J.J. Hickson,LeBron James,Mo Williams,Zydrunas Ilgauskas,1,2:52,PHI,shot,Samuel Dalembert,,,,,,,,,Andre Iguodala,2,,,made,,driving layup,25,7
Andre Iguodala,Elton Brand,Lou Williams,Samuel Dalembert,Thaddeus Young,Anthony Parker,J.J. Hickson,LeBron James,Mo Williams,Zydrunas Ilgauskas,1,2:52,CLE,foul,,,,,,,,Andre Iguodala,,Zydrunas Ilgauskas,,,,,,shooting,,
Andre Iguodala,Elton Brand,Lou Williams,Samuel Dalembert,Thaddeus Young,Anthony Parker,J.J. Hickson,LeBron James,Mo Williams,Zydrunas Ilgauskas,1,2:52,CLE,timeout,,,,,,,,,,,,,,,,regular,,
Andre Iguodala,Elton Brand,Lou Williams,Samuel Dalembert,Thaddeus Young,Anderson Varejao,Anthony Parker,J.J. Hickson,LeBron James,Mo Williams,1,2:52,CLE,sub,,,,Anderson Varejao,,Zydrunas Ilgauskas,,,,,,,,,,,,
Andre Iguodala,Elton Brand,Lou Williams,Samuel Dalembert,Thaddeus Young,Anderson Varejao,Anthony Parker,J.J. Hickson,LeBron James,Mo Williams,1,2:52,PHI,free throw,,,,,,,1,,1,Andre Iguodala,,,foul,missed,,,,
Andre Iguodala,Elton Brand,Lou Williams,Samuel Dalembert,Thaddeus Young,Anderson Varejao,Anthony Parker,J.J. Hickson,LeBron James,Mo Williams,1,2:50,PHI,rebound,,,,,,,,,,Elton Brand,,,,,,off,,
Andre Iguodala,Elton Brand,Lou Williams,Samuel Dalembert,Thaddeus Young,Anderson Varejao,Anthony Parker,J.J. Hickson,LeBron James,Mo Williams,1,2:47,PHI,shot,,,,,,,,,,Elton Brand,2,,,made,,putback layup,25,6
Andre Iguodala,Elton Brand,Lou Williams,Samuel Dalembert,Thaddeus Young,Anderson Varejao,Anthony Parker,J.J. Hickson,LeBron James,Mo Williams,1,2:29,CLE,shot,LeBron James,,,,,,,,,Anthony Parker,2,,,made,,jump,11,12
Andre Iguodala,Elton Brand,Lou Williams,Samuel Dalembert,Thaddeus Young,Anderson Varejao,Anthony Parker,J.J. Hickson,LeBron James,Mo Williams,1,2:16,PHI,shot,Lou Williams,,,,,,,,,Thaddeus Young,2,,,made,,jump,41,11
Andre Iguodala,Elton Brand,Lou Williams,Samuel Dalembert,Thaddeus Young,Anderson Varejao,Anthony Parker,J.J. Hickson,LeBron James,Mo Williams,1,2:00,CLE,shot,,,,,,,,,,J.J. Hickson,2,,,made,,jump,18,22
Andre Iguodala,Elton Brand,Lou Williams,Samuel Dalembert,Thaddeus Young,Anderson Varejao,Anthony Parker,J.J. Hickson,LeBron James,Mo Williams,1,1:39,PHI,shot,,,,,,,,,,Lou Williams,,,,missed,,3pt,36,29
Andre Iguodala,Elton Brand,Lou Williams,Samuel Dalembert,Thaddeus Young,Anderson Varejao,Anthony Parker,J.J. Hickson,LeBron James,Mo Williams,1,1:38,PHI,rebound,,,,,,,,,,Elton Brand,,,,,,off,,
Andre Iguodala,Elton Brand,Lou Williams,Samuel Dalembert,Thaddeus Young,Anderson Varejao,Anthony Parker,J.J. Hickson,LeBron James,Mo Williams,1,1:36,PHI,shot,,,,,,,,,,Elton Brand,2,,,made,,dunk,25,6
Andre Iguodala,Elton Brand,Lou Williams,Samuel Dalembert,Thaddeus Young,Anderson Varejao,Anthony Parker,J.J. Hickson,LeBron James,Mo Williams,1,1:16,CLE,shot,,,,,,,,,,Mo Williams,,,,missed,,jump,31,24
Andre Iguodala,Elton Brand,Lou Williams,Samuel Dalembert,Thaddeus Young,Anderson Varejao,Anthony Parker,J.J. Hickson,LeBron James,Mo Williams,1,1:15,CLE,rebound,,,,,,,,,,Anderson Varejao,,,,,,off,,
Andre Iguodala,Elton Brand,Lou Williams,Samuel Dalembert,Thaddeus Young,Anderson Varejao,Anthony Parker,J.J. Hickson,LeBron James,Mo Williams,1,1:11,CLE,shot,LeBron James,,,,,,,,,J.J. Hickson,2,,,made,,alley oop dunk,25,7
Andre Iguodala,Elton Brand,Lou Williams,Samuel Dalembert,Thaddeus Young,Anderson Varejao,Anthony Parker,J.J. Hickson,LeBron James,Mo Williams,1,0:45,PHI,shot,Samuel Dalembert,,,,,,,,,Lou Williams,2,,,made,,layup,23,6
Andre Iguodala,Elton Brand,Lou Williams,Samuel Dalembert,Thaddeus Young,Anderson Varejao,Anthony Parker,J.J. Hickson,LeBron James,Mo Williams,1,0:29,CLE,shot,,,,,,,,,,LeBron James,2,,,made,,floating jump,16,8
Andre Iguodala,Elton Brand,Lou Williams,Samuel Dalembert,Thaddeus Young,Anderson Varejao,Anthony Parker,J.J. Hickson,LeBron James,Mo Williams,1,0:02,PHI,shot,,,,,,,,,,Andre Iguodala,,,,missed,,3pt,39,27
Andre Iguodala,Elton Brand,Lou Williams,Samuel Dalembert,Thaddeus Young,Anderson Varejao,Anthony Parker,J.J. Hickson,LeBron James,Mo Williams,1,0:01,CLE,rebound,,,,,,,,,,Anderson Varejao,,,,,,def,,
Andre Iguodala,Elton Brand,Lou Williams,Rodney Carney,Thaddeus Young,Anderson Varejao,Daniel Gibson,Delonte West,Jamario Moon,Zydrunas Ilgauskas,2,11:37,CLE,shot,,,,,,,,,,Anderson Varejao,,,,missed,,layup,23,6
Andre Iguodala,Elton Brand,Lou Williams,Rodney Carney,Thaddeus Young,Anderson Varejao,Daniel Gibson,Delonte West,Jamario Moon,Zydrunas Ilgauskas,2,11:36,PHI,rebound,,,,,,,,,,Elton Brand,,,,,,def,,
Andre Iguodala,Elton Brand,Lou Williams,Rodney Carney,Thaddeus Young,Anderson Varejao,Daniel Gibson,Delonte West,Jamario Moon,Zydrunas Ilgauskas,2,11:27,PHI,shot,Elton Brand,,,,,,,,,Rodney Carney,3,,,made,,3pt,4,19
Andre Iguodala,Elton Brand,Lou Williams,Rodney Carney,Thaddeus Young,Anderson Varejao,Daniel Gibson,Delonte West,Jamario Moon,Zydrunas Ilgauskas,2,11:04,CLE,shot,,,,,,,,,,Anderson Varejao,,,,missed,,jump,42,9
Andre Iguodala,Elton Brand,Lou Williams,Rodney Carney,Thaddeus Young,Anderson Varejao,Daniel Gibson,Delonte West,Jamario Moon,Zydrunas Ilgauskas,2,11:03,PHI,rebound,,,,,,,,,,Andre Iguodala,,,,,,def,,
Andre Iguodala,Elton Brand,Lou Williams,Rodney Carney,Thaddeus Young,Anderson Varejao,Daniel Gibson,Delonte West,Jamario Moon,Zydrunas Ilgauskas,2,10:53,PHI,shot,,,Anderson Varejao,,,,,,,Elton Brand,,,,missed,,layup,24,8
Andre Iguodala,Elton Brand,Lou Williams,Rodney Carney,Thaddeus Young,Anderson Varejao,Daniel Gibson,Delonte West,Jamario Moon,Zydrunas Ilgauskas,2,10:52,PHI,rebound,,,,,,,,,,Elton Brand,,,,,,off,,
Andre Iguodala,Elton Brand,Lou Williams,Rodney Carney,Thaddeus Young,Anderson Varejao,Daniel Gibson,Delonte West,Jamario Moon,Zydrunas Ilgauskas,2,10:51,CLE,foul,,,,,,,,Elton Brand,,Jamario Moon,,,,,,shooting,,
Andre Iguodala,Elton Brand,Lou Williams,Rodney Carney,Thaddeus Young,Anderson Varejao,Daniel Gibson,Delonte West,Jamario Moon,Zydrunas Ilgauskas,2,10:51,PHI,free throw,,,,,,,1,,2,Elton Brand,,,foul,made,,,,
Andre Iguodala,Elton Brand,Lou Williams,Rodney Carney,Thaddeus Young,Anderson Varejao,Daniel Gibson,Delonte West,Jamario Moon,Zydrunas Ilgauskas,2,10:51,PHI,free throw,,,,,,,2,,2,Elton Brand,,,foul,made,,,,
Andre Iguodala,Elton Brand,Lou Williams,Rodney Carney,Thaddeus Young,Anderson Varejao,Daniel Gibson,Delonte West,Jamario Moon,Zydrunas Ilgauskas,2,10:46,PHI,violation,,,,,,,,,,Lou Williams,,,,,,kicked ball,,
Andre Iguodala,Elton Brand,Lou Williams,Rodney Carney,Thaddeus Young,Anderson Varejao,Daniel Gibson,Delonte West,Jamario Moon,Zydrunas Ilgauskas,2,10:31,CLE,shot,,,,,,,,,,Jamario Moon,,,,missed,,3pt,1,7
Andre Iguodala,Elton Brand,Lou Williams,Rodney Carney,Thaddeus Young,Anderson Varejao,Daniel Gibson,Delonte West,Jamario Moon,Zydrunas Ilgauskas,2,10:30,PHI,rebound,,,,,,,,,,Elton Brand,,,,,,def,,
Andre Iguodala,Elton Brand,Lou Williams,Rodney Carney,Thaddeus Young,Anderson Varejao,Daniel Gibson,Delonte West,Jamario Moon,Zydrunas Ilgauskas,2,10:24,PHI,shot,Andre Iguodala,,,,,,,,,Lou Williams,2,,,made,,layup,24,8
Andre Iguodala,Elton Brand,Lou Williams,Rodney Carney,Thaddeus Young,Anderson Varejao,Daniel Gibson,Delonte West,Jamario Moon,Zydrunas Ilgauskas,2,10:19,CLE,timeout,,,,,,,,,,,,,,,,regular,,
Andre Iguodala,Elton Brand,Lou Williams,Rodney Carney,Thaddeus Young,Anderson Varejao,Daniel Gibson,Delonte West,Jamario Moon,Zydrunas Ilgauskas,2,10:09,CLE,shot,,,Elton Brand,,,,,,,Delonte West,,,,missed,,layup,24,6
Andre Iguodala,Elton Brand,Lou Williams,Rodney Carney,Thaddeus Young,Anderson Varejao,Daniel Gibson,Delonte West,Jamario Moon,Zydrunas Ilgauskas,2,10:08,PHI,rebound,,,,,,,,,,Rodney Carney,,,,,,def,,
Andre Iguodala,Elton Brand,Lou Williams,Rodney Carney,Thaddeus Young,Anderson Varejao,Daniel Gibson,Delonte West,Jamario Moon,Zydrunas Ilgauskas,2,10:06,PHI,shot,Rodney Carney,,,,,,,,,Andre Iguodala,2,,,made,,layup,24,6
Andre Iguodala,Elton Brand,Lou Williams,Rodney Carney,Thaddeus Young,Anderson Varejao,Daniel Gibson,Delonte West,Jamario Moon,Zydrunas Ilgauskas,2,10:06,CLE,foul,,,,,,,,Andre Iguodala,,Daniel Gibson,,,,,,shooting,,
Andre Iguodala,Elton Brand,Lou Williams,Rodney Carney,Thaddeus Young,Anderson Varejao,Daniel Gibson,Delonte West,Jamario Moon,Zydrunas Ilgauskas,2,10:06,PHI,free throw,,,,,,,1,,1,Andre Iguodala,,,foul,missed,,,,
Andre Iguodala,Elton Brand,Lou Williams,Rodney Carney,Thaddeus Young,Anderson Varejao,Daniel Gibson,Delonte West,Jamario Moon,Zydrunas Ilgauskas,2,10:05,CLE,rebound,,,,,,,,,,Jamario Moon,,,,,,def,,
Andre Iguodala,Elton Brand,Lou Williams,Rodney Carney,Thaddeus Young,Anderson Varejao,Daniel Gibson,Delonte West,Jamario Moon,Zydrunas Ilgauskas,2,9:57,CLE,shot,,,,,,,,,,Anderson Varejao,,,,missed,,layup,26,7
Andre Iguodala,Elton Brand,Lou Williams,Rodney Carney,Thaddeus Young,Anderson Varejao,Daniel Gibson,Delonte West,Jamario Moon,Zydrunas Ilgauskas,2,9:55,PHI,rebound,,,,,,,,,,Elton Brand,,,,,,def,,
Andre Iguodala,Elton Brand,Lou Williams,Rodney Carney,Thaddeus Young,Anderson Varejao,Daniel Gibson,Delonte West,Jamario Moon,Zydrunas Ilgauskas,2,9:47,PHI,shot,,,,,,,,,,Andre Iguodala,,,,missed,,jump,30,26
Andre Iguodala,Elton Brand,Lou Williams,Rodney Carney,Thaddeus Young,Anderson Varejao,Daniel Gibson,Delonte West,Jamario Moon,Zydrunas Ilgauskas,2,9:46,CLE,rebound,,,,,,,,,,Anderson Varejao,,,,,,def,,
Andre Iguodala,Elton Brand,Lou Williams,Rodney Carney,Thaddeus Young,Anderson Varejao,Daniel Gibson,Delonte West,Jamario Moon,Zydrunas Ilgauskas,2,9:34,CLE,shot,Delonte West,,,,,,,,,Zydrunas Ilgauskas,2,,,made,,jump,43,14
Andre Iguodala,Elton Brand,Lou Williams,Rodney Carney,Thaddeus Young,Anderson Varejao,Daniel Gibson,Delonte West,Jamario Moon,Zydrunas Ilgauskas,2,9:10,PHI,shot,,,,,,,,,,Thaddeus Young,2,,,made,,driving layup,26,6
Andre Iguodala,Elton Brand,Lou Williams,Rodney Carney,Thaddeus Young,Anderson Varejao,Daniel Gibson,Delonte West,Jamario Moon,Zydrunas Ilgauskas,2,8:54,CLE,shot,,,,,,,,,,Anderson Varejao,,,,missed,,fade away jumper,37,12
Andre Iguodala,Elton Brand,Lou Williams,Rodney Carney,Thaddeus Young,Anderson Varejao,Daniel Gibson,Delonte West,Jamario Moon,Zydrunas Ilgauskas,2,8:53,PHI,rebound,,,,,,,,,,Andre Iguodala,,,,,,def,,
Andre Iguodala,Elton Brand,Lou Williams,Rodney Carney,Thaddeus Young,Anderson Varejao,Daniel Gibson,Delonte West,Jamario Moon,Zydrunas Ilgauskas,2,8:52,CLE,foul,,,,,,,,Andre Iguodala,,Anderson Varejao,,,,,,personal,,
Andre Iguodala,Elton Brand,Rodney Carney,Thaddeus Young,Willie Green,Anderson Varejao,Daniel Gibson,Delonte West,Jamario Moon,Zydrunas Ilgauskas,2,8:52,PHI,sub,,,,Willie Green,,Lou Williams,,,,,,,,,,,,
Andre Iguodala,Jason Smith,Rodney Carney,Thaddeus Young,Willie Green,Anderson Varejao,Daniel Gibson,Delonte West,Jamario Moon,Zydrunas Ilgauskas,2,8:52,PHI,sub,,,,Jason Smith,,Elton Brand,,,,,,,,,,,,
Andre Iguodala,Jason Smith,Rodney Carney,Thaddeus Young,Willie Green,Anderson Varejao,Daniel Gibson,Delonte West,Jamario Moon,Zydrunas Ilgauskas,2,8:35,PHI,shot,,,Zydrunas Ilgauskas,,,,,,,Andre Iguodala,,,,missed,,layup,25,8
Andre Iguodala,Jason Smith,Rodney Carney,Thaddeus Young,Willie Green,Anderson Varejao,Daniel Gibson,Delonte West,Jamario Moon,Zydrunas Ilgauskas,2,8:34,PHI,rebound,,,,,,,,,,Jason Smith,,,,,,off,,
Andre Iguodala,Jason Smith,Rodney Carney,Thaddeus Young,Willie Green,Anderson Varejao,Daniel Gibson,Delonte West,Jamario Moon,Zydrunas Ilgauskas,2,8:28,PHI,shot,,,,,,,,,,Rodney Carney,,,,missed,,3pt,11,26
Andre Iguodala,Jason Smith,Rodney Carney,Thaddeus Young,Willie Green,Anderson Varejao,Daniel Gibson,Delonte West,Jamario Moon,Zydrunas Ilgauskas,2,8:26,CLE,rebound,,,,,,,,,,Delonte West,,,,,,def,,
Andre Iguodala,Jason Smith,Rodney Carney,Thaddeus Young,Willie Green,Anderson Varejao,Daniel Gibson,Delonte West,Jamario Moon,Zydrunas Ilgauskas,2,8:21,CLE,turnover,,,,,,,,,,Zydrunas Ilgauskas,,,lost ball,,Willie Green,,,
Andre Iguodala,Jason Smith,Rodney Carney,Thaddeus Young,Willie Green,Anderson Varejao,Daniel Gibson,Delonte West,Jamario Moon,Zydrunas Ilgauskas,2,8:15,PHI,shot,Willie Green,,,,,,,,,Rodney Carney,2,,,made,,layup,25,6
Andre Iguodala,Jason Smith,Rodney Carney,Thaddeus Young,Willie Green,Anderson Varejao,Daniel Gibson,Delonte West,Jamario Moon,Zydrunas Ilgauskas,2,8:02,PHI,foul,,,,,,,,Zydrunas Ilgauskas,,Jason Smith,,,,,,personal,,
Andre Iguodala,Jason Smith,Rodney Carney,Thaddeus Young,Willie Green,Anderson Varejao,Daniel Gibson,Delonte West,Jamario Moon,Zydrunas Ilgauskas,2,7:57,PHI,foul,,,,,,,,Delonte West,,Rodney Carney,,,,,,personal,,
Andre Iguodala,Jason Smith,Rodney Carney,Thaddeus Young,Willie Green,Anderson Varejao,Daniel Gibson,Delonte West,Jamario Moon,Zydrunas Ilgauskas,2,7:50,CLE,turnover,,,,,,,,,,Delonte West,,,lost ball,,Andre Iguodala,,,
Andre Iguodala,Jason Smith,Rodney Carney,Thaddeus Young,Willie Green,Anderson Varejao,Daniel Gibson,Delonte West,Jamario Moon,Zydrunas Ilgauskas,2,7:50,CLE,foul,,,,,,,,Andre Iguodala,,Delonte West,,,,,,personal,,
Andre Iguodala,Jason Smith,Rodney Carney,Thaddeus Young,Willie Green,Anderson Varejao,Daniel Gibson,Delonte West,J.J. Hickson,Jamario Moon,2,7:50,CLE,sub,,,,J.J. Hickson,,Zydrunas Ilgauskas,,,,,,,,,,,,
Andre Iguodala,Jason Smith,Rodney Carney,Thaddeus Young,Willie Green,Anderson Varejao,Daniel Gibson,Delonte West,J.J. Hickson,LeBron James,2,7:50,CLE,sub,,,,LeBron James,,Jamario Moon,,,,,,,,,,,,
Andre Iguodala,Jason Smith,Rodney Carney,Thaddeus Young,Willie Green,Anderson Varejao,Daniel Gibson,J.J. Hickson,LeBron James,Mo Williams,2,7:50,CLE,sub,,,,Mo Williams,,Delonte West,,,,,,,,,,,,
Andre Iguodala,Jason Smith,Rodney Carney,Thaddeus Young,Willie Green,Anderson Varejao,Daniel Gibson,J.J. Hickson,LeBron James,Mo Williams,2,7:32,PHI,shot,,,,,,,,,,Thaddeus Young,,,,missed,,layup,24,8
Andre Iguodala,Jason Smith,Rodney Carney,Thaddeus Young,Willie Green,Anderson Varejao,Daniel Gibson,J.J. Hickson,LeBron James,Mo Williams,2,7:31,CLE,rebound,,,,,,,,,,LeBron James,,,,,,def,,
Andre Iguodala,Jason Smith,Rodney Carney,Thaddeus Young,Willie Green,Anderson Varejao,Daniel Gibson,J.J. Hickson,LeBron James,Mo Williams,2,7:12,CLE,turnover,,,,,,,,,,LeBron James,,,bad pass,,Thaddeus Young,,,
Andre Iguodala,Jason Smith,Rodney Carney,Thaddeus Young,Willie Green,Anderson Varejao,Daniel Gibson,J.J. Hickson,LeBron James,Mo Williams,2,7:07,PHI,shot,,,,,,,,,,Willie Green,,,,missed,,layup,26,6
Andre Iguodala,Jason Smith,Rodney Carney,Thaddeus Young,Willie Green,Anderson Varejao,Daniel Gibson,J.J. Hickson,LeBron James,Mo Williams,2,7:06,CLE,rebound,,,,,,,,,,Anderson Varejao,,,,,,def,,
Andre Iguodala,Jason Smith,Rodney Carney,Thaddeus Young,Willie Green,Anderson Varejao,Daniel Gibson,J.J. Hickson,LeBron James,Mo Williams,2,6:44,CLE,shot,Anderson Varejao,,,,,,,,,Daniel Gibson,3,,,made,,3pt,48,16
Andre Iguodala,Jason Smith,Rodney Carney,Thaddeus Young,Willie Green,Anderson Varejao,Daniel Gibson,J.J. Hickson,LeBron James,Mo Williams,2,6:23,PHI,shot,Andre Iguodala,,,,,,,,,Thaddeus Young,2,,,made,,layup,25,7
Andre Iguodala,Jason Smith,Rodney Carney,Thaddeus Young,Willie Green,Anderson Varejao,Daniel Gibson,J.J. Hickson,LeBron James,Mo Williams,2,6:00,CLE,shot,,,,,,,,,,Daniel Gibson,,,,missed,,3pt,49,12
Andre Iguodala,Jason Smith,Rodney Carney,Thaddeus Young,Willie Green,Anderson Varejao,Daniel Gibson,J.J. Hickson,LeBron James,Mo Williams,2,5:59,PHI,rebound,,,,,,,,,,Rodney Carney,,,,,,def,,
Andre Iguodala,Jason Smith,Rodney Carney,Thaddeus Young,Willie Green,Anderson Varejao,Daniel Gibson,J.J. Hickson,LeBron James,Mo Williams,2,5:52,PHI,shot,,,,,,,,,,Andre Iguodala,,,,missed,,layup,24,7
Andre Iguodala,Jason Smith,Rodney Carney,Thaddeus Young,Willie Green,Anderson Varejao,Daniel Gibson,J.J. Hickson,LeBron James,Mo Williams,2,5:51,CLE,rebound,,,,,,,,,,J.J. Hickson,,,,,,def,,
Andre Iguodala,Jason Smith,Rodney Carney,Thaddeus Young,Willie Green,Anderson Varejao,Daniel Gibson,J.J. Hickson,LeBron James,Mo Williams,2,5:33,PHI,foul,,,,,,,,LeBron James,,Jason Smith,,,,,,shooting,,
Andre Iguodala,Jason Smith,Rodney Carney,Thaddeus Young,Willie Green,Anderson Varejao,Daniel Gibson,J.J. Hickson,LeBron James,Mo Williams,2,5:33,CLE,timeout,,,,,,,,,,,,,,,,official,,
Andre Iguodala,Jason Smith,Lou Williams,Rodney Carney,Willie Green,Anderson Varejao,Daniel Gibson,J.J. Hickson,LeBron James,Mo Williams,2,5:33,PHI,sub,,,,Lou Williams,,Thaddeus Young,,,,,,,,,,,,
Andre Iguodala,Jason Smith,Lou Williams,Rodney Carney,Willie Green,Anderson Varejao,Daniel Gibson,J.J. Hickson,LeBron James,Mo Williams,2,5:33,CLE,free throw,,,,,,,1,,2,LeBron James,,,foul,made,,,,
Andre Iguodala,Jason Smith,Lou Williams,Rodney Carney,Willie Green,Anderson Varejao,Daniel Gibson,J.J. Hickson,LeBron James,Mo Williams,2,5:33,CLE,free throw,,,,,,,2,,2,LeBron James,,,foul,made,,,,
Andre Iguodala,Jason Smith,Lou Williams,Rodney Carney,Willie Green,Anderson Varejao,Daniel Gibson,J.J. Hickson,LeBron James,Mo Williams,2,5:11,PHI,shot,Andre Iguodala,,,,,,,,,Jason Smith,2,,,made,,jump,39,9
Andre Iguodala,Jason Smith,Lou Williams,Rodney Carney,Willie Green,Anderson Varejao,Daniel Gibson,J.J. Hickson,LeBron James,Mo Williams,2,4:43,CLE,shot,,,,,,,,,,Daniel Gibson,,,,missed,,3pt,48,9
Andre Iguodala,Jason Smith,Lou Williams,Rodney Carney,Willie Green,Anderson Varejao,Daniel Gibson,J.J. Hickson,LeBron James,Mo Williams,2,4:42,PHI,rebound,,,,,,,,,,Willie Green,,,,,,def,,
Andre Iguodala,Jason Smith,Lou Williams,Rodney Carney,Willie Green,Anderson Varejao,Daniel Gibson,J.J. Hickson,LeBron James,Mo Williams,2,4:31,PHI,shot,,,,,,,,,,Willie Green,,,,missed,,layup,26,6
Andre Iguodala,Jason Smith,Lou Williams,Rodney Carney,Willie Green,Anderson Varejao,Daniel Gibson,J.J. Hickson,LeBron James,Mo Williams,2,4:30,CLE,rebound,,,,,,,,,,LeBron James,,,,,,def,,
Andre Iguodala,Jason Smith,Lou Williams,Rodney Carney,Willie Green,Anderson Varejao,Daniel Gibson,J.J. Hickson,LeBron James,Mo Williams,2,4:23,CLE,shot,,,,,,,,,,LeBron James,2,,,made,,driving layup,25,8
Andre Iguodala,Jason Smith,Lou Williams,Rodney Carney,Willie Green,Anderson Varejao,Daniel Gibson,J.J. Hickson,LeBron James,Mo Williams,2,4:07,CLE,foul,,,,,,,,Lou Williams,,Mo Williams,,,,,,personal,,
Andre Iguodala,Jason Smith,Lou Williams,Rodney Carney,Willie Green,Daniel Gibson,J.J. Hickson,LeBron James,Mo Williams,Zydrunas Ilgauskas,2,4:07,CLE,sub,,,,Zydrunas Ilgauskas,,Anderson Varejao,,,,,,,,,,,,
Andre Iguodala,Jason Smith,Lou Williams,Rodney Carney,Willie Green,Anthony Parker,J.J. Hickson,LeBron James,Mo Williams,Zydrunas Ilgauskas,2,4:07,CLE,sub,,,,Anthony Parker,,Daniel Gibson,,,,,,,,,,,,
Andre Iguodala,Jason Smith,Lou Williams,Rodney Carney,Willie Green,Anthony Parker,J.J. Hickson,LeBron James,Mo Williams,Zydrunas Ilgauskas,2,4:07,PHI,free throw,,,,,,,1,,2,Lou Williams,,,foul,made,,,,
Andre Iguodala,Jason Smith,Lou Williams,Rodney Carney,Willie Green,Anthony Parker,J.J. Hickson,LeBron James,Mo Williams,Zydrunas Ilgauskas,2,4:07,PHI,free throw,,,,,,,2,,2,Lou Williams,,,foul,made,,,,
Andre Iguodala,Jason Smith,Lou Williams,Rodney Carney,Willie Green,Anthony Parker,J.J. Hickson,LeBron James,Mo Williams,Zydrunas Ilgauskas,2,3:54,CLE,foul,,,,,,,,Andre Iguodala,,J.J. Hickson,,,,,,offensive,,
Andre Iguodala,Jason Smith,Lou Williams,Rodney Carney,Willie Green,Anthony Parker,J.J. Hickson,LeBron James,Mo Williams,Zydrunas Ilgauskas,2,3:54,CLE,turnover,,,,,,,,,,J.J. Hickson,,,foul,,,,,
Jason Smith,Lou Williams,Rodney Carney,Thaddeus Young,Willie Green,Anthony Parker,J.J. Hickson,LeBron James,Mo Williams,Zydrunas Ilgauskas,2,3:54,PHI,sub,,,,Thaddeus Young,,Andre Iguodala,,,,,,,,,,,,
Jason Smith,Lou Williams,Rodney Carney,Thaddeus Young,Willie Green,Anthony Parker,J.J. Hickson,LeBron James,Mo Williams,Zydrunas Ilgauskas,2,3:44,CLE,foul,,,,,,,,Thaddeus Young,,LeBron James,,,,,,shooting,,
Jason Smith,Lou Williams,Rodney Carney,Thaddeus Young,Willie Green,Anthony Parker,J.J. Hickson,LeBron James,Mo Williams,Zydrunas Ilgauskas,2,3:44,PHI,free throw,,,,,,,1,,2,Thaddeus Young,,,foul,made,,,,
Jason Smith,Lou Williams,Rodney Carney,Thaddeus Young,Willie Green,Anthony Parker,J.J. Hickson,LeBron James,Mo Williams,Zydrunas Ilgauskas,2,3:44,PHI,free throw,,,,,,,2,,2,Thaddeus Young,,,foul,missed,,,,
Jason Smith,Lou Williams,Rodney Carney,Thaddeus Young,Willie Green,Anthony Parker,J.J. Hickson,LeBron James,Mo Williams,Zydrunas Ilgauskas,2,3:43,CLE,rebound,,,,,,,,,,J.J. Hickson,,,,,,def,,
Jason Smith,Lou Williams,Rodney Carney,Thaddeus Young,Willie Green,Anthony Parker,J.J. Hickson,LeBron James,Mo Williams,Zydrunas Ilgauskas,2,3:23,CLE,shot,,,,,,,,,,Anthony Parker,,,,missed,,jump,4,13
Jason Smith,Lou Williams,Rodney Carney,Thaddeus Young,Willie Green,Anthony Parker,J.J. Hickson,LeBron James,Mo Williams,Zydrunas Ilgauskas,2,3:22,CLE,rebound,,,,,,,,,,,,,,,,,,
Jason Smith,Lou Williams,Rodney Carney,Thaddeus Young,Willie Green,Anthony Parker,J.J. Hickson,LeBron James,Mo Williams,Zydrunas Ilgauskas,2,3:15,CLE,shot,,,,,,,,,,Zydrunas Ilgauskas,,,,missed,,jump,43,12
Jason Smith,Lou Williams,Rodney Carney,Thaddeus Young,Willie Green,Anthony Parker,J.J. Hickson,LeBron James,Mo Williams,Zydrunas Ilgauskas,2,3:14,CLE,rebound,,,,,,,,,,Zydrunas Ilgauskas,,,,,,off,,
Jason Smith,Lou Williams,Rodney Carney,Thaddeus Young,Willie Green,Anthony Parker,J.J. Hickson,LeBron James,Mo Williams,Zydrunas Ilgauskas,2,3:09,CLE,shot,,,Jason Smith,,,,,,,Zydrunas Ilgauskas,,,,missed,,layup,24,7
Jason Smith,Lou Williams,Rodney Carney,Thaddeus Young,Willie Green,Anthony Parker,J.J. Hickson,LeBron James,Mo Williams,Zydrunas Ilgauskas,2,3:07,PHI,rebound,,,,,,,,,,Rodney Carney,,,,,,def,,
Elton Brand,Jason Smith,Lou Williams,Rodney Carney,Thaddeus Young,Anthony Parker,J.J. Hickson,LeBron James,Mo Williams,Zydrunas Ilgauskas,2,3:01,PHI,sub,,,,Elton Brand,,Willie Green,,,,,,,,,,,,
Elton Brand,Jason Smith,Lou Williams,Rodney Carney,Thaddeus Young,Anthony Parker,J.J. Hickson,LeBron James,Mo Williams,Zydrunas Ilgauskas,2,2:57,PHI,shot,,,,,,,,,,Lou Williams,3,,,made,,3pt,17,30
Elton Brand,Jason Smith,Lou Williams,Rodney Carney,Thaddeus Young,Anthony Parker,J.J. Hickson,LeBron James,Mo Williams,Zydrunas Ilgauskas,2,2:40,CLE,shot,,,,,,,,,,LeBron James,3,,,made,,3pt,48,7
Elton Brand,Jason Smith,Lou Williams,Rodney Carney,Thaddeus Young,Anthony Parker,J.J. Hickson,LeBron James,Mo Williams,Zydrunas Ilgauskas,2,2:23,PHI,shot,,,,,,,,,,Lou Williams,,,,missed,,3pt,15,29
Elton Brand,Jason Smith,Lou Williams,Rodney Carney,Thaddeus Young,Anthony Parker,J.J. Hickson,LeBron James,Mo Williams,Zydrunas Ilgauskas,2,2:22,CLE,rebound,,,,,,,,,,LeBron James,,,,,,def,,
Elton Brand,Jason Smith,Lou Williams,Rodney Carney,Thaddeus Young,Anthony Parker,J.J. Hickson,LeBron James,Mo Williams,Zydrunas Ilgauskas,2,2:15,CLE,shot,,,,,,,,,,LeBron James,,,,missed,,3pt,29,31
Elton Brand,Jason Smith,Lou Williams,Rodney Carney,Thaddeus Young,Anthony Parker,J.J. Hickson,LeBron James,Mo Williams,Zydrunas Ilgauskas,2,2:13,PHI,rebound,,,,,,,,,,Elton Brand,,,,,,def,,
Elton Brand,Jason Smith,Lou Williams,Rodney Carney,Thaddeus Young,Anthony Parker,J.J. Hickson,LeBron James,Mo Williams,Zydrunas Ilgauskas,2,2:03,PHI,shot,,,,,,,,,,Lou Williams,,,,missed,,3pt,9,24
Elton Brand,Jason Smith,Lou Williams,Rodney Carney,Thaddeus Young,Anthony Parker,J.J. Hickson,LeBron James,Mo Williams,Zydrunas Ilgauskas,2,2:02,CLE,rebound,,,,,,,,,,Mo Williams,,,,,,def,,
Elton Brand,Jason Smith,Lou Williams,Rodney Carney,Thaddeus Young,Anthony Parker,J.J. Hickson,LeBron James,Mo Williams,Zydrunas Ilgauskas,2,1:46,CLE,shot,Mo Williams,,,,,,,,,J.J. Hickson,2,,,made,,jump,23,9
Elton Brand,Jason Smith,Lou Williams,Rodney Carney,Thaddeus Young,Anthony Parker,J.J. Hickson,LeBron James,Mo Williams,Zydrunas Ilgauskas,2,1:45,PHI,timeout,,,,,,,,,,,,,,,,regular,,
Elton Brand,Jason Smith,Lou Williams,Rodney Carney,Thaddeus Young,Anthony Parker,J.J. Hickson,LeBron James,Mo Williams,Zydrunas Ilgauskas,2,1:29,PHI,shot,,,,,,,,,,Elton Brand,,,,missed,,jump,38,9
Elton Brand,Jason Smith,Lou Williams,Rodney Carney,Thaddeus Young,Anthony Parker,J.J. Hickson,LeBron James,Mo Williams,Zydrunas Ilgauskas,2,1:28,CLE,rebound,,,,,,,,,,LeBron James,,,,,,def,,
Elton Brand,Jason Smith,Lou Williams,Rodney Carney,Thaddeus Young,Anthony Parker,J.J. Hickson,LeBron James,Mo Williams,Zydrunas Ilgauskas,2,1:16,CLE,turnover,,,,,,,,,,LeBron James,,,bad pass,,Rodney Carney,,,
Elton Brand,Jason Smith,Lou Williams,Rodney Carney,Thaddeus Young,Anthony Parker,J.J. Hickson,LeBron James,Mo Williams,Zydrunas Ilgauskas,2,1:12,CLE,foul,,,,,,,,Lou Williams,,Mo Williams,,,,,,personal,,
Elton Brand,Jason Smith,Lou Williams,Rodney Carney,Thaddeus Young,Anthony Parker,J.J. Hickson,LeBron James,Mo Williams,Zydrunas Ilgauskas,2,1:12,PHI,free throw,,,,,,,1,,2,Lou Williams,,,foul,made,,,,
Andre Iguodala,Elton Brand,Lou Williams,Rodney Carney,Thaddeus Young,Anthony Parker,J.J. Hickson,LeBron James,Mo Williams,Zydrunas Ilgauskas,2,1:12,PHI,sub,,,,Andre Iguodala,,Jason Smith,,,,,,,,,,,,
Andre Iguodala,Elton Brand,Lou Williams,Rodney Carney,Thaddeus Young,Anthony Parker,J.J. Hickson,LeBron James,Mo Williams,Zydrunas Ilgauskas,2,1:12,PHI,free throw,,,,,,,2,,2,Lou Williams,,,foul,made,,,,
Andre Iguodala,Elton Brand,Lou Williams,Rodney Carney,Thaddeus Young,Anthony Parker,J.J. Hickson,LeBron James,Mo Williams,Zydrunas Ilgauskas,2,0:52,CLE,shot,,,,,,,,,,Mo Williams,2,,,made,,floating jump,23,11
Andre Iguodala,Elton Brand,Lou Williams,Rodney Carney,Thaddeus Young,Anthony Parker,J.J. Hickson,LeBron James,Mo Williams,Zydrunas Ilgauskas,2,0:38,PHI,shot,Andre Iguodala,,,,,,,,,Rodney Carney,3,,,made,,3pt,43,23
Andre Iguodala,Elton Brand,Lou Williams,Rodney Carney,Thaddeus Young,Anthony Parker,J.J. Hickson,LeBron James,Mo Williams,Zydrunas Ilgauskas,2,0:20,PHI,foul,,,,,,,,Mo Williams,,Elton Brand,,,,,,personal,,
Andre Iguodala,Elton Brand,Lou Williams,Rodney Carney,Thaddeus Young,Anthony Parker,Daniel Gibson,J.J. Hickson,LeBron James,Zydrunas Ilgauskas,2,0:20,CLE,sub,,,,Daniel Gibson,,Mo Williams,,,,,,,,,,,,
Andre Iguodala,Elton Brand,Lou Williams,Rodney Carney,Thaddeus Young,Anthony Parker,Daniel Gibson,J.J. Hickson,LeBron James,Zydrunas Ilgauskas,2,0:11,CLE,shot,Zydrunas Ilgauskas,,,,,,,,,LeBron James,2,,,made,,driving layup,25,6
Andre Iguodala,Elton Brand,Lou Williams,Rodney Carney,Thaddeus Young,Anthony Parker,Daniel Gibson,J.J. Hickson,LeBron James,Zydrunas Ilgauskas,2,0:00,PHI,shot,,,,,,,,,,Andre Iguodala,,,,missed,,3pt,37,28
Andre Iguodala,Elton Brand,Lou Williams,Rodney Carney,Thaddeus Young,Anthony Parker,Daniel Gibson,J.J. Hickson,LeBron James,Zydrunas Ilgauskas,2,0:00,CLE,rebound,,,,,,,,,,Anthony Parker,,,,,,def,,
Andre Iguodala,Elton Brand,Lou Williams,Samuel Dalembert,Thaddeus Young,Anthony Parker,J.J. Hickson,LeBron James,Mo Williams,Zydrunas Ilgauskas,3,11:38,CLE,shot,LeBron James,,,,,,,,,Zydrunas Ilgauskas,2,,,made,,jump,20,23
Andre Iguodala,Elton Brand,Lou Williams,Samuel Dalembert,Thaddeus Young,Anthony Parker,J.J. Hickson,LeBron James,Mo Williams,Zydrunas Ilgauskas,3,11:25,PHI,shot,,,,,,,,,,Thaddeus Young,2,,,made,,layup,25,7
Andre Iguodala,Elton Brand,Lou Williams,Samuel Dalembert,Thaddeus Young,Anthony Parker,J.J. Hickson,LeBron James,Mo Williams,Zydrunas Ilgauskas,3,11:03,PHI,foul,,,,,,,,Anthony Parker,,Andre Iguodala,,,,,,shooting,,
Andre Iguodala,Elton Brand,Lou Williams,Samuel Dalembert,Thaddeus Young,Anthony Parker,J.J. Hickson,LeBron James,Mo Williams,Zydrunas Ilgauskas,3,11:03,CLE,free throw,,,,,,,1,,2,Anthony Parker,,,foul,made,,,,
Andre Iguodala,Elton Brand,Lou Williams,Samuel Dalembert,Thaddeus Young,Anthony Parker,J.J. Hickson,LeBron James,Mo Williams,Zydrunas Ilgauskas,3,11:03,CLE,free throw,,,,,,,2,,2,Anthony Parker,,,foul,made,,,,
Andre Iguodala,Elton Brand,Lou Williams,Samuel Dalembert,Thaddeus Young,Anthony Parker,J.J. Hickson,LeBron James,Mo Williams,Zydrunas Ilgauskas,3,10:49,PHI,shot,Andre Iguodala,,,,,,,,,Samuel Dalembert,2,,,made,,alley oop dunk,25,7
Andre Iguodala,Elton Brand,Lou Williams,Samuel Dalembert,Thaddeus Young,Anthony Parker,J.J. Hickson,LeBron James,Mo Williams,Zydrunas Ilgauskas,3,10:32,PHI,foul,,,,,,,,J.J. Hickson,,Elton Brand,,,,,,shooting,,
Andre Iguodala,Elton Brand,Lou Williams,Samuel Dalembert,Thaddeus Young,Anthony Parker,J.J. Hickson,LeBron James,Mo Williams,Zydrunas Ilgauskas,3,10:32,CLE,free throw,,,,,,,1,,2,J.J. Hickson,,,foul,made,,,,
Andre Iguodala,Elton Brand,Lou Williams,Samuel Dalembert,Thaddeus Young,Anthony Parker,J.J. Hickson,LeBron James,Mo Williams,Zydrunas Ilgauskas,3,10:32,CLE,free throw,,,,,,,2,,2,J.J. Hickson,,,foul,missed,,,,
Andre Iguodala,Elton Brand,Lou Williams,Samuel Dalembert,Thaddeus Young,Anthony Parker,J.J. Hickson,LeBron James,Mo Williams,Zydrunas Ilgauskas,3,10:31,PHI,rebound,,,,,,,,,,Samuel Dalembert,,,,,,def,,
Andre Iguodala,Elton Brand,Lou Williams,Samuel Dalembert,Thaddeus Young,Anthony Parker,J.J. Hickson,LeBron James,Mo Williams,Zydrunas Ilgauskas,3,10:17,PHI,foul,,,,,,,,Anthony Parker,,Samuel Dalembert,,,,,,offensive,,
Andre Iguodala,Elton Brand,Lou Williams,Samuel Dalembert,Thaddeus Young,Anthony Parker,J.J. Hickson,LeBron James,Mo Williams,Zydrunas Ilgauskas,3,10:17,PHI,turnover,,,,,,,,,,Samuel Dalembert,,,foul,,,,,
Andre Iguodala,Elton Brand,Lou Williams,Samuel Dalembert,Thaddeus Young,Anthony Parker,J.J. Hickson,LeBron James,Mo Williams,Zydrunas Ilgauskas,3,10:05,PHI,foul,,,,,,,,LeBron James,,Thaddeus Young,,,,,,personal,,
Andre Iguodala,Elton Brand,Lou Williams,Samuel Dalembert,Thaddeus Young,Anthony Parker,J.J. Hickson,LeBron James,Mo Williams,Zydrunas Ilgauskas,3,9:56,CLE,shot,,,,,,,,,,LeBron James,,,,missed,,fade away jumper,23,15
Andre Iguodala,Elton Brand,Lou Williams,Samuel Dalembert,Thaddeus Young,Anthony Parker,J.J. Hickson,LeBron James,Mo Williams,Zydrunas Ilgauskas,3,9:53,PHI,rebound,,,,,,,,,,Andre Iguodala,,,,,,def,,
Andre Iguodala,Elton Brand,Lou Williams,Samuel Dalembert,Thaddeus Young,Anthony Parker,J.J. Hickson,LeBron James,Mo Williams,Zydrunas Ilgauskas,3,9:49,PHI,shot,,,J.J. Hickson,,,,,,,Thaddeus Young,,,,missed,,layup,26,7
Andre Iguodala,Elton Brand,Lou Williams,Samuel Dalembert,Thaddeus Young,Anthony Parker,J.J. Hickson,LeBron James,Mo Williams,Zydrunas Ilgauskas,3,9:48,CLE,rebound,,,,,,,,,,Anthony Parker,,,,,,def,,
Andre Iguodala,Elton Brand,Lou Williams,Samuel Dalembert,Thaddeus Young,Anthony Parker,J.J. Hickson,LeBron James,Mo Williams,Zydrunas Ilgauskas,3,9:45,CLE,shot,Anthony Parker,,,,,,,,,LeBron James,2,,,made,,slam dunk,24,7
Andre Iguodala,Elton Brand,Lou Williams,Samuel Dalembert,Thaddeus Young,Anthony Parker,J.J. Hickson,LeBron James,Mo Williams,Zydrunas Ilgauskas,3,9:33,PHI,shot,Lou Williams,,,,,,,,,Samuel Dalembert,2,,,made,,alley oop layup,25,8
Andre Iguodala,Elton Brand,Lou Williams,Samuel Dalembert,Thaddeus Young,Anthony Parker,J.J. Hickson,LeBron James,Mo Williams,Zydrunas Ilgauskas,3,9:19,CLE,shot,,,Andre Iguodala,,,,,,,J.J. Hickson,,,,missed,,layup,24,7
Andre Iguodala,Elton Brand,Lou Williams,Samuel Dalembert,Thaddeus Young,Anthony Parker,J.J. Hickson,LeBron James,Mo Williams,Zydrunas Ilgauskas,3,9:19,CLE,rebound,,,,,,,,,,J.J. Hickson,,,,,,off,,
Andre Iguodala,Elton Brand,Lou Williams,Samuel Dalembert,Thaddeus Young,Anthony Parker,J.J. Hickson,LeBron James,Mo Williams,Zydrunas Ilgauskas,3,9:19,CLE,jump ball,,Elton Brand,,,J.J. Hickson,,,,,,,Thaddeus Young,,,,,,
Andre Iguodala,Elton Brand,Lou Williams,Samuel Dalembert,Thaddeus Young,Anthony Parker,J.J. Hickson,LeBron James,Mo Williams,Zydrunas Ilgauskas,3,9:19,CLE,turnover,,,,,,,,,,J.J. Hickson,,,lost ball,,Elton Brand,,,
Andre Iguodala,Elton Brand,Lou Williams,Samuel Dalembert,Thaddeus Young,Anthony Parker,J.J. Hickson,LeBron James,Mo Williams,Zydrunas Ilgauskas,3,9:06,PHI,turnover,,,,,,,,,,Thaddeus Young,,,lost ball,,Mo Williams,,,
Andre Iguodala,Elton Brand,Lou Williams,Samuel Dalembert,Thaddeus Young,Anthony Parker,J.J. Hickson,LeBron James,Mo Williams,Zydrunas Ilgauskas,3,9:01,CLE,shot,,,,,,,,,,LeBron James,,,,missed,,layup,24,7
Andre Iguodala,Elton Brand,Lou Williams,Samuel Dalembert,Thaddeus Young,Anthony Parker,J.J. Hickson,LeBron James,Mo Williams,Zydrunas Ilgauskas,3,9:01,PHI,rebound,,,,,,,,,,,,,,,,,,
Andre Iguodala,Elton Brand,Lou Williams,Samuel Dalembert,Thaddeus Young,Anthony Parker,J.J. Hickson,LeBron James,Mo Williams,Zydrunas Ilgauskas,3,8:47,PHI,shot,,,,,,,,,,Andre Iguodala,2,,,made,,turnaround jump,8,7
Andre Iguodala,Elton Brand,Lou Williams,Samuel Dalembert,Thaddeus Young,Anthony Parker,J.J. Hickson,LeBron James,Mo Williams,Zydrunas Ilgauskas,3,8:30,CLE,shot,,,,,,,,,,Mo Williams,,,,missed,,jump,13,19
Andre Iguodala,Elton Brand,Lou Williams,Samuel Dalembert,Thaddeus Young,Anthony Parker,J.J. Hickson,LeBron James,Mo Williams,Zydrunas Ilgauskas,3,8:29,PHI,rebound,,,,,,,,,,Elton Brand,,,,,,def,,
Andre Iguodala,Elton Brand,Lou Williams,Samuel Dalembert,Thaddeus Young,Anthony Parker,J.J. Hickson,LeBron James,Mo Williams,Zydrunas Ilgauskas,3,8:23,PHI,shot,,,,,,,,,,Elton Brand,2,,,made,,jump,19,19
Andre Iguodala,Elton Brand,Lou Williams,Samuel Dalembert,Thaddeus Young,Anthony Parker,J.J. Hickson,LeBron James,Mo Williams,Zydrunas Ilgauskas,3,8:02,CLE,shot,,,,,,,,,,LeBron James,2,,,made,,driving layup,24,6
Andre Iguodala,Elton Brand,Lou Williams,Samuel Dalembert,Thaddeus Young,Anthony Parker,J.J. Hickson,LeBron James,Mo Williams,Zydrunas Ilgauskas,3,7:40,PHI,shot,,,,,,,,,,Andre Iguodala,,,,missed,,jump,7,8
Andre Iguodala,Elton Brand,Lou Williams,Samuel Dalembert,Thaddeus Young,Anthony Parker,J.J. Hickson,LeBron James,Mo Williams,Zydrunas Ilgauskas,3,7:39,CLE,rebound,,,,,,,,,,Mo Williams,,,,,,def,,
Andre Iguodala,Elton Brand,Lou Williams,Samuel Dalembert,Thaddeus Young,Anthony Parker,J.J. Hickson,LeBron James,Mo Williams,Zydrunas Ilgauskas,3,7:21,CLE,shot,,,,,,,,,,Mo Williams,,,,missed,,jump,11,21
Andre Iguodala,Elton Brand,Lou Williams,Samuel Dalembert,Thaddeus Young,Anthony Parker,J.J. Hickson,LeBron James,Mo Williams,Zydrunas Ilgauskas,3,7:20,PHI,rebound,,,,,,,,,,Thaddeus Young,,,,,,def,,
Andre Iguodala,Elton Brand,Lou Williams,Samuel Dalembert,Thaddeus Young,Anthony Parker,J.J. Hickson,LeBron James,Mo Williams,Zydrunas Ilgauskas,3,7:13,PHI,shot,Andre Iguodala,,,,,,,,,Elton Brand,2,,,made,,jump,11,8
Andre Iguodala,Elton Brand,Lou Williams,Samuel Dalembert,Thaddeus Young,Anthony Parker,J.J. Hickson,LeBron James,Mo Williams,Zydrunas Ilgauskas,3,6:43,CLE,shot,,,,,,,,,,Anthony Parker,,,,missed,,3pt,41,26
Andre Iguodala,Elton Brand,Lou Williams,Samuel Dalembert,Thaddeus Young,Anthony Parker,J.J. Hickson,LeBron James,Mo Williams,Zydrunas Ilgauskas,3,6:42,PHI,rebound,,,,,,,,,,Samuel Dalembert,,,,,,def,,
Andre Iguodala,Elton Brand,Lou Williams,Samuel Dalembert,Thaddeus Young,Anthony Parker,J.J. Hickson,LeBron James,Mo Williams,Zydrunas Ilgauskas,3,6:33,PHI,shot,Lou Williams,,,,,,,,,Thaddeus Young,2,,,made,,jump,16,11
Andre Iguodala,Elton Brand,Lou Williams,Samuel Dalembert,Thaddeus Young,Anthony Parker,J.J. Hickson,LeBron James,Mo Williams,Zydrunas Ilgauskas,3,6:11,CLE,shot,Zydrunas Ilgauskas,,,,,,,,,LeBron James,2,,,made,,alley oop layup,26,6
Andre Iguodala,Elton Brand,Lou Williams,Samuel Dalembert,Thaddeus Young,Anthony Parker,J.J. Hickson,LeBron James,Mo Williams,Zydrunas Ilgauskas,3,6:01,PHI,timeout,,,,,,,,,,,,,,,,regular,,
Andre Iguodala,Elton Brand,Lou Williams,Samuel Dalembert,Thaddeus Young,Anthony Parker,J.J. Hickson,LeBron James,Mo Williams,Zydrunas Ilgauskas,3,5:52,PHI,shot,,,,,,,,,,Lou Williams,,,,missed,,jump,44,16
Andre Iguodala,Elton Brand,Lou Williams,Samuel Dalembert,Thaddeus Young,Anthony Parker,J.J. Hickson,LeBron James,Mo Williams,Zydrunas Ilgauskas,3,5:51,CLE,rebound,,,,,,,,,,LeBron James,,,,,,def,,
Andre Iguodala,Elton Brand,Lou Williams,Samuel Dalembert,Thaddeus Young,Anthony Parker,J.J. Hickson,LeBron James,Mo Williams,Zydrunas Ilgauskas,3,5:29,CLE,shot,,,,,,,,,,J.J. Hickson,,,,missed,,jump,13,10
Andre Iguodala,Elton Brand,Lou Williams,Samuel Dalembert,Thaddeus Young,Anthony Parker,J.J. Hickson,LeBron James,Mo Williams,Zydrunas Ilgauskas,3,5:28,PHI,rebound,,,,,,,,,,Samuel Dalembert,,,,,,def,,
Andre Iguodala,Elton Brand,Lou Williams,Samuel Dalembert,Thaddeus Young,Anthony Parker,J.J. Hickson,LeBron James,Mo Williams,Zydrunas Ilgauskas,3,5:14,PHI,shot,,,,,,,,,,Andre Iguodala,,,,missed,,layup,25,7
Andre Iguodala,Elton Brand,Lou Williams,Samuel Dalembert,Thaddeus Young,Anthony Parker,J.J. Hickson,LeBron James,Mo Williams,Zydrunas Ilgauskas,3,5:14,CLE,rebound,,,,,,,,,,,,,,,,,,
Andre Iguodala,Elton Brand,Lou Williams,Samuel Dalembert,Thaddeus Young,Anthony Parker,J.J. Hickson,LeBron James,Mo Williams,Zydrunas Ilgauskas,3,5:02,CLE,shot,,,,,,,,,,Mo Williams,,,,missed,,jump,15,21
Andre Iguodala,Elton Brand,Lou Williams,Samuel Dalembert,Thaddeus Young,Anthony Parker,J.J. Hickson,LeBron James,Mo Williams,Zydrunas Ilgauskas,3,5:01,PHI,rebound,,,,,,,,,,Andre Iguodala,,,,,,def,,
Andre Iguodala,Elton Brand,Lou Williams,Samuel Dalembert,Thaddeus Young,Anthony Parker,J.J. Hickson,LeBron James,Mo Williams,Zydrunas Ilgauskas,3,4:48,PHI,shot,,,,,,,,,,Elton Brand,2,,,made,,layup,25,7
Andre Iguodala,Elton Brand,Lou Williams,Samuel Dalembert,Thaddeus Young,Anthony Parker,J.J. Hickson,LeBron James,Mo Williams,Zydrunas Ilgauskas,3,4:31,CLE,shot,,,,,,,,,,Anthony Parker,,,,missed,,3pt,48,7
Andre Iguodala,Elton Brand,Lou Williams,Samuel Dalembert,Thaddeus Young,Anthony Parker,J.J. Hickson,LeBron James,Mo Williams,Zydrunas Ilgauskas,3,4:30,PHI,rebound,,,,,,,,,,Thaddeus Young,,,,,,def,,
Andre Iguodala,Elton Brand,Lou Williams,Samuel Dalembert,Thaddeus Young,Anthony Parker,J.J. Hickson,LeBron James,Mo Williams,Zydrunas Ilgauskas,3,4:21,CLE,foul,,,,,,,,Thaddeus Young,,LeBron James,,,,,,shooting,,
Andre Iguodala,Elton Brand,Lou Williams,Samuel Dalembert,Thaddeus Young,Anthony Parker,J.J. Hickson,LeBron James,Mo Williams,Zydrunas Ilgauskas,3,4:21,PHI,free throw,,,,,,,1,,2,Thaddeus Young,,,foul,missed,,,,
Andre Iguodala,Elton Brand,Lou Williams,Samuel Dalembert,Thaddeus Young,Anthony Parker,J.J. Hickson,LeBron James,Mo Williams,Zydrunas Ilgauskas,3,4:21,PHI,rebound,,,,,,,,,,,,,,,,,,
Andre Iguodala,Elton Brand,Lou Williams,Samuel Dalembert,Thaddeus Young,Anderson Varejao,Anthony Parker,J.J. Hickson,LeBron James,Mo Williams,3,4:21,CLE,sub,,,,Anderson Varejao,,Zydrunas Ilgauskas,,,,,,,,,,,,
Andre Iguodala,Elton Brand,Lou Williams,Samuel Dalembert,Thaddeus Young,Anderson Varejao,Anthony Parker,J.J. Hickson,LeBron James,Mo Williams,3,4:21,PHI,free throw,,,,,,,2,,2,Thaddeus Young,,,foul,made,,,,
Andre Iguodala,Elton Brand,Lou Williams,Samuel Dalembert,Thaddeus Young,Anderson Varejao,Anthony Parker,J.J. Hickson,LeBron James,Mo Williams,3,4:02,CLE,shot,Anderson Varejao,,,,,,,,,J.J. Hickson,2,,,made,,reverse dunk,25,6
Andre Iguodala,Elton Brand,Lou Williams,Samuel Dalembert,Thaddeus Young,Anderson Varejao,Anthony Parker,J.J. Hickson,LeBron James,Mo Williams,3,3:41,PHI,shot,,,,,,,,,,Thaddeus Young,,,,missed,,3pt,41,25
Andre Iguodala,Elton Brand,Lou Williams,Samuel Dalembert,Thaddeus Young,Anderson Varejao,Anthony Parker,J.J. Hickson,LeBron James,Mo Williams,3,3:41,PHI,rebound,,,,,,,,,,,,,,,,,,
Andre Iguodala,Elton Brand,Lou Williams,Samuel Dalembert,Thaddeus Young,Anderson Varejao,Anthony Parker,J.J. Hickson,LeBron James,Mo Williams,3,3:41,CLE,foul,,,,,,,,Samuel Dalembert,,Anderson Varejao,,,,,,loose ball,,
Andre Iguodala,Elton Brand,Lou Williams,Samuel Dalembert,Thaddeus Young,Anderson Varejao,Anthony Parker,J.J. Hickson,LeBron James,Mo Williams,3,3:35,PHI,shot,,,,,,,,,,Elton Brand,,,,missed,,jump,15,12
Andre Iguodala,Elton Brand,Lou Williams,Samuel Dalembert,Thaddeus Young,Anderson Varejao,Anthony Parker,J.J. Hickson,LeBron James,Mo Williams,3,3:34,PHI,rebound,,,,,,,,,,Andre Iguodala,,,,,,off,,
Andre Iguodala,Elton Brand,Lou Williams,Samuel Dalembert,Thaddeus Young,Anderson Varejao,Anthony Parker,J.J. Hickson,LeBron James,Mo Williams,3,3:33,PHI,shot,,,,,,,,,,Andre Iguodala,2,,,made,,putback layup,25,6
Andre Iguodala,Elton Brand,Lou Williams,Samuel Dalembert,Thaddeus Young,Anderson Varejao,Anthony Parker,J.J. Hickson,LeBron James,Mo Williams,3,3:11,PHI,foul,,,,,,,,J.J. Hickson,,Elton Brand,,,,,,shooting,,
Andre Iguodala,Elton Brand,Lou Williams,Samuel Dalembert,Thaddeus Young,Anderson Varejao,Anthony Parker,J.J. Hickson,LeBron James,Mo Williams,3,3:11,CLE,free throw,,,,,,,1,,2,J.J. Hickson,,,foul,missed,,,,
Andre Iguodala,Elton Brand,Lou Williams,Samuel Dalembert,Thaddeus Young,Anderson Varejao,Anthony Parker,J.J. Hickson,LeBron James,Mo Williams,3,3:11,CLE,rebound,,,,,,,,,,,,,,,,,,
Andre Iguodala,Jason Smith,Lou Williams,Samuel Dalembert,Thaddeus Young,Anderson Varejao,Anthony Parker,J.J. Hickson,LeBron James,Mo Williams,3,3:11,PHI,sub,,,,Jason Smith,,Elton Brand,,,,,,,,,,,,
Andre Iguodala,Jason Smith,Lou Williams,Samuel Dalembert,Thaddeus Young,Anderson Varejao,J.J. Hickson,Jamario Moon,LeBron James,Mo Williams,3,3:11,CLE,sub,,,,Jamario Moon,,Anthony Parker,,,,,,,,,,,,
Andre Iguodala,Jason Smith,Lou Williams,Samuel Dalembert,Thaddeus Young,Anderson Varejao,J.J. Hickson,Jamario Moon,LeBron James,Mo Williams,3,3:11,CLE,free throw,,,,,,,2,,2,J.J. Hickson,,,foul,made,,,,
Andre Iguodala,Jason Smith,Lou Williams,Samuel Dalembert,Thaddeus Young,Anderson Varejao,J.J. Hickson,Jamario Moon,LeBron James,Mo Williams,3,2:56,PHI,turnover,,,,,,,,,,Thaddeus Young,,,traveling,,,,,
Andre Iguodala,Jason Smith,Lou Williams,Samuel Dalembert,Thaddeus Young,Anderson Varejao,J.J. Hickson,Jamario Moon,LeBron James,Mo Williams,3,2:56,CLE,timeout,,,,,,,,,,,,,,,,regular,,
Andre Iguodala,Jason Smith,Lou Williams,Samuel Dalembert,Thaddeus Young,Anderson Varejao,J.J. Hickson,Jamario Moon,LeBron James,Mo Williams,3,2:44,CLE,shot,LeBron James,,,,,,,,,Jamario Moon,3,,,made,,3pt,1,7
Andre Iguodala,Jason Smith,Lou Williams,Samuel Dalembert,Thaddeus Young,Anderson Varejao,J.J. Hickson,Jamario Moon,LeBron James,Mo Williams,3,2:23,PHI,shot,,,,,,,,,,Thaddeus Young,,,,missed,,jump,24,11
Andre Iguodala,Jason Smith,Lou Williams,Samuel Dalembert,Thaddeus Young,Anderson Varejao,J.J. Hickson,Jamario Moon,LeBron James,Mo Williams,3,2:22,PHI,rebound,,,,,,,,,,Thaddeus Young,,,,,,off,,
Andre Iguodala,Jason Smith,Lou Williams,Samuel Dalembert,Thaddeus Young,Anderson Varejao,J.J. Hickson,Jamario Moon,LeBron James,Mo Williams,3,2:20,PHI,shot,,,,,,,,,,Thaddeus Young,2,,,made,,putback layup,25,5
Andre Iguodala,Jason Smith,Lou Williams,Samuel Dalembert,Thaddeus Young,Anderson Varejao,J.J. Hickson,Jamario Moon,LeBron James,Mo Williams,3,2:09,PHI,foul,,,,,,,,Anderson Varejao,,Jason Smith,,,,,,shooting,,
Andre Iguodala,Jason Smith,Lou Williams,Samuel Dalembert,Thaddeus Young,Anderson Varejao,Daniel Gibson,J.J. Hickson,Jamario Moon,LeBron James,3,2:09,CLE,sub,,,,Daniel Gibson,,Mo Williams,,,,,,,,,,,,
Andre Iguodala,Jason Smith,Lou Williams,Samuel Dalembert,Thaddeus Young,Anderson Varejao,Daniel Gibson,J.J. Hickson,Jamario Moon,LeBron James,3,2:09,CLE,free throw,,,,,,,1,,2,Anderson Varejao,,,foul,made,,,,
Andre Iguodala,Jason Smith,Lou Williams,Rodney Carney,Thaddeus Young,Anderson Varejao,Daniel Gibson,J.J. Hickson,Jamario Moon,LeBron James,3,2:09,PHI,sub,,,,Rodney Carney,,Samuel Dalembert,,,,,,,,,,,,
Andre Iguodala,Jason Smith,Lou Williams,Rodney Carney,Thaddeus Young,Anderson Varejao,Daniel Gibson,J.J. Hickson,Jamario Moon,LeBron James,3,2:09,CLE,free throw,,,,,,,2,,2,Anderson Varejao,,,foul,made,,,,
Andre Iguodala,Jason Smith,Lou Williams,Rodney Carney,Thaddeus Young,Anderson Varejao,Daniel Gibson,J.J. Hickson,Jamario Moon,LeBron James,3,1:50,PHI,shot,Lou Williams,,,,,,,,,Rodney Carney,2,,,made,,jump,9,21
Andre Iguodala,Jason Smith,Lou Williams,Rodney Carney,Thaddeus Young,Anderson Varejao,Daniel Gibson,J.J. Hickson,Jamario Moon,LeBron James,3,1:35,CLE,turnover,,,,,,,,,,LeBron James,,,bad pass,,Lou Williams,,,
Andre Iguodala,Jason Smith,Lou Williams,Rodney Carney,Thaddeus Young,Anderson Varejao,Daniel Gibson,J.J. Hickson,Jamario Moon,LeBron James,3,1:30,PHI,shot,,,,,,,,,,Lou Williams,2,,,made,,driving layup,25,6
Andre Iguodala,Jason Smith,Lou Williams,Rodney Carney,Thaddeus Young,Anderson Varejao,Daniel Gibson,J.J. Hickson,Jamario Moon,LeBron James,3,1:06,CLE,shot,,,,,,,,,,Daniel Gibson,,,,missed,,jump,18,24
Andre Iguodala,Jason Smith,Lou Williams,Rodney Carney,Thaddeus Young,Anderson Varejao,Daniel Gibson,J.J. Hickson,Jamario Moon,LeBron James,3,1:05,PHI,rebound,,,,,,,,,,Andre Iguodala,,,,,,def,,
Andre Iguodala,Jason Smith,Lou Williams,Rodney Carney,Thaddeus Young,Anderson Varejao,Daniel Gibson,J.J. Hickson,Jamario Moon,LeBron James,3,0:59,PHI,shot,Jason Smith,,,,,,,,,Lou Williams,3,,,made,,3pt,47,8
Andre Iguodala,Jason Smith,Lou Williams,Rodney Carney,Thaddeus Young,Anderson Varejao,Daniel Gibson,J.J. Hickson,Jamario Moon,LeBron James,3,0:42,CLE,shot,,,Jason Smith,,,,,,,LeBron James,,,,missed,,layup,26,8
Andre Iguodala,Jason Smith,Lou Williams,Rodney Carney,Thaddeus Young,Anderson Varejao,Daniel Gibson,J.J. Hickson,Jamario Moon,LeBron James,3,0:41,PHI,rebound,,,,,,,,,,Thaddeus Young,,,,,,def,,
Andre Iguodala,Jason Smith,Lou Williams,Rodney Carney,Thaddeus Young,Anderson Varejao,Daniel Gibson,J.J. Hickson,Jamario Moon,LeBron James,3,0:37,PHI,shot,,,,,,,,,,Rodney Carney,,,,missed,,layup,25,8
Andre Iguodala,Jason Smith,Lou Williams,Rodney Carney,Thaddeus Young,Anderson Varejao,Daniel Gibson,J.J. Hickson,Jamario Moon,LeBron James,3,0:35,PHI,rebound,,,,,,,,,,Rodney Carney,,,,,,off,,
Andre Iguodala,Jason Smith,Lou Williams,Rodney Carney,Thaddeus Young,Anderson Varejao,Daniel Gibson,J.J. Hickson,Jamario Moon,LeBron James,3,0:33,PHI,shot,,,Anderson Varejao,,,,,,,Rodney Carney,,,,missed,,layup,25,6
Andre Iguodala,Jason Smith,Lou Williams,Rodney Carney,Thaddeus Young,Anderson Varejao,Daniel Gibson,J.J. Hickson,Jamario Moon,LeBron James,3,0:30,CLE,rebound,,,,,,,,,,Anderson Varejao,,,,,,def,,
Andre Iguodala,Jason Smith,Lou Williams,Rodney Carney,Thaddeus Young,Anderson Varejao,Daniel Gibson,J.J. Hickson,Jamario Moon,LeBron James,3,0:20,PHI,foul,,,,,,,,Daniel Gibson,,Lou Williams,,,,,,personal,,
Andre Iguodala,Jason Smith,Lou Williams,Rodney Carney,Thaddeus Young,Anderson Varejao,Anthony Parker,Daniel Gibson,Jamario Moon,LeBron James,3,0:20,CLE,sub,,,,Anthony Parker,,J.J. Hickson,,,,,,,,,,,,
Andre Iguodala,Jason Smith,Lou Williams,Rodney Carney,Thaddeus Young,Anderson Varejao,Anthony Parker,Daniel Gibson,Jamario Moon,LeBron James,3,0:20,CLE,free throw,,,,,,,1,,2,Daniel Gibson,,,foul,made,,,,
Andre Iguodala,Jason Smith,Lou Williams,Rodney Carney,Thaddeus Young,Anderson Varejao,Anthony Parker,Daniel Gibson,Jamario Moon,LeBron James,3,0:20,CLE,free throw,,,,,,,2,,2,Daniel Gibson,,,foul,made,,,,
Andre Iguodala,Jason Smith,Lou Williams,Rodney Carney,Thaddeus Young,Anderson Varejao,Anthony Parker,Daniel Gibson,Jamario Moon,LeBron James,3,0:15,CLE,foul,,,,,,,,Lou Williams,,Daniel Gibson,,,,,,shooting,,
Andre Iguodala,Jason Smith,Lou Williams,Rodney Carney,Thaddeus Young,Anderson Varejao,Anthony Parker,Daniel Gibson,Jamario Moon,LeBron James,3,0:15,PHI,free throw,,,,,,,1,,2,Lou Williams,,,foul,made,,,,
Andre Iguodala,Jason Smith,Lou Williams,Rodney Carney,Thaddeus Young,Anderson Varejao,Anthony Parker,Daniel Gibson,Jamario Moon,LeBron James,3,0:15,PHI,free throw,,,,,,,2,,2,Lou Williams,,,foul,made,,,,
Andre Iguodala,Jason Smith,Lou Williams,Rodney Carney,Thaddeus Young,Anderson Varejao,Anthony Parker,Daniel Gibson,Jamario Moon,LeBron James,3,0:04,CLE,turnover,,,,,,,,,,LeBron James,,,bad pass,,Jason Smith,,,
Andre Iguodala,Jason Smith,Lou Williams,Rodney Carney,Thaddeus Young,Anderson Varejao,Anthony Parker,Daniel Gibson,Jamario Moon,LeBron James,3,0:01,PHI,turnover,,,,,,,,,,Lou Williams,,,step out of bounds turnover,,,,,
Andre Iguodala,Jason Smith,Rodney Carney,Royal Ivey,Thaddeus Young,Anderson Varejao,Daniel Gibson,Jamario Moon,Mo Williams,Zydrunas Ilgauskas,4,11:42,PHI,shot,,,,,,,,,,Rodney Carney,,,,missed,,turnaround jump,27,10
Andre Iguodala,Jason Smith,Rodney Carney,Royal Ivey,Thaddeus Young,Anderson Varejao,Daniel Gibson,Jamario Moon,Mo Williams,Zydrunas Ilgauskas,4,11:41,CLE,rebound,,,,,,,,,,Anderson Varejao,,,,,,def,,
Andre Iguodala,Jason Smith,Rodney Carney,Royal Ivey,Thaddeus Young,Anderson Varejao,Daniel Gibson,Jamario Moon,Mo Williams,Zydrunas Ilgauskas,4,11:29,PHI,foul,,,,,,,,Mo Williams,,Thaddeus Young,,,,,,personal,,
Andre Iguodala,Jason Smith,Rodney Carney,Royal Ivey,Thaddeus Young,Anderson Varejao,Daniel Gibson,Jamario Moon,Mo Williams,Zydrunas Ilgauskas,4,11:29,CLE,free throw,,,,,,,1,,2,Mo Williams,,,foul,made,,,,
Andre Iguodala,Jason Smith,Rodney Carney,Royal Ivey,Thaddeus Young,Anderson Varejao,Daniel Gibson,Jamario Moon,Mo Williams,Zydrunas Ilgauskas,4,11:29,CLE,free throw,,,,,,,2,,2,Mo Williams,,,foul,made,,,,
Andre Iguodala,Jason Smith,Rodney Carney,Royal Ivey,Thaddeus Young,Anderson Varejao,Daniel Gibson,Jamario Moon,Mo Williams,Zydrunas Ilgauskas,4,11:17,PHI,shot,,,,,,,,,,Andre Iguodala,2,,,made,,jump,34,23
Andre Iguodala,Jason Smith,Rodney Carney,Royal Ivey,Thaddeus Young,Anderson Varejao,Daniel Gibson,Jamario Moon,Mo Williams,Zydrunas Ilgauskas,4,10:54,CLE,shot,,,,,,,,,,Mo Williams,,,,missed,,jump,34,24
Andre Iguodala,Jason Smith,Rodney Carney,Royal Ivey,Thaddeus Young,Anderson Varejao,Daniel Gibson,Jamario Moon,Mo Williams,Zydrunas Ilgauskas,4,10:53,CLE,rebound,,,,,,,,,,Zydrunas Ilgauskas,,,,,,off,,
Andre Iguodala,Jason Smith,Rodney Carney,Royal Ivey,Thaddeus Young,Anderson Varejao,Daniel Gibson,Jamario Moon,Mo Williams,Zydrunas Ilgauskas,4,10:47,PHI,foul,,,,,,,,Anderson Varejao,,Rodney Carney,,,,,,shooting,,
Andre Iguodala,Jason Smith,Rodney Carney,Royal Ivey,Thaddeus Young,Anderson Varejao,Daniel Gibson,Jamario Moon,Mo Williams,Zydrunas Ilgauskas,4,10:47,CLE,free throw,,,,,,,1,,2,Anderson Varejao,,,foul,made,,,,
Andre Iguodala,Jason Smith,Rodney Carney,Royal Ivey,Thaddeus Young,Anderson Varejao,Daniel Gibson,Jamario Moon,Mo Williams,Zydrunas Ilgauskas,4,10:47,CLE,free throw,,,,,,,2,,2,Anderson Varejao,,,foul,made,,,,
Andre Iguodala,Jason Smith,Rodney Carney,Royal Ivey,Thaddeus Young,Anderson Varejao,Daniel Gibson,Jamario Moon,Mo Williams,Zydrunas Ilgauskas,4,10:35,CLE,foul,,,,,,,,Thaddeus Young,,Zydrunas Ilgauskas,,,,,,personal,,
Andre Iguodala,Jason Smith,Rodney Carney,Royal Ivey,Thaddeus Young,Anderson Varejao,Daniel Gibson,Jamario Moon,Mo Williams,Zydrunas Ilgauskas,4,10:25,PHI,shot,,,,,,,,,,Rodney Carney,,,,missed,,jump,4,7
Andre Iguodala,Jason Smith,Rodney Carney,Royal Ivey,Thaddeus Young,Anderson Varejao,Daniel Gibson,Jamario Moon,Mo Williams,Zydrunas Ilgauskas,4,10:23,CLE,rebound,,,,,,,,,,Mo Williams,,,,,,def,,
Andre Iguodala,Jason Smith,Rodney Carney,Royal Ivey,Thaddeus Young,Anderson Varejao,Daniel Gibson,Jamario Moon,Mo Williams,Zydrunas Ilgauskas,4,10:13,CLE,shot,Mo Williams,,,,,,,,,Zydrunas Ilgauskas,2,,,made,,layup,24,7
Andre Iguodala,Jason Smith,Rodney Carney,Royal Ivey,Thaddeus Young,Anderson Varejao,Daniel Gibson,Jamario Moon,Mo Williams,Zydrunas Ilgauskas,4,9:57,PHI,shot,,,Zydrunas Ilgauskas,,,,,,,Jason Smith,,,,missed,,layup,24,8
Andre Iguodala,Jason Smith,Rodney Carney,Royal Ivey,Thaddeus Young,Anderson Varejao,Daniel Gibson,Jamario Moon,Mo Williams,Zydrunas Ilgauskas,4,9:55,PHI,rebound,,,,,,,,,,Jason Smith,,,,,,off,,
Andre Iguodala,Jason Smith,Rodney Carney,Royal Ivey,Thaddeus Young,Anderson Varejao,Daniel Gibson,Jamario Moon,Mo Williams,Zydrunas Ilgauskas,4,9:53,PHI,shot,,,,,,,,,,Jason Smith,,,,missed,,layup,25,7
Andre Iguodala,Jason Smith,Rodney Carney,Royal Ivey,Thaddeus Young,Anderson Varejao,Daniel Gibson,Jamario Moon,Mo Williams,Zydrunas Ilgauskas,4,9:52,CLE,rebound,,,,,,,,,,Daniel Gibson,,,,,,def,,
Andre Iguodala,Jason Smith,Rodney Carney,Royal Ivey,Thaddeus Young,Anderson Varejao,Daniel Gibson,Jamario Moon,Mo Williams,Zydrunas Ilgauskas,4,9:42,CLE,turnover,,,,,,,,,,Mo Williams,,,palming turnover,,,,,
Andre Iguodala,Jason Smith,Rodney Carney,Royal Ivey,Thaddeus Young,Anderson Varejao,Daniel Gibson,Jamario Moon,Mo Williams,Zydrunas Ilgauskas,4,9:20,PHI,shot,,,,,,,,,,Andre Iguodala,,,,missed,,jump,5,17
Andre Iguodala,Jason Smith,Rodney Carney,Royal Ivey,Thaddeus Young,Anderson Varejao,Daniel Gibson,Jamario Moon,Mo Williams,Zydrunas Ilgauskas,4,9:18,CLE,rebound,,,,,,,,,,Zydrunas Ilgauskas,,,,,,def,,
Andre Iguodala,Jason Smith,Rodney Carney,Royal Ivey,Thaddeus Young,Anderson Varejao,Daniel Gibson,Jamario Moon,Mo Williams,Zydrunas Ilgauskas,4,9:03,CLE,shot,,,,,,,,,,Zydrunas Ilgauskas,,,,missed,,jump,8,19
Andre Iguodala,Jason Smith,Rodney Carney,Royal Ivey,Thaddeus Young,Anderson Varejao,Daniel Gibson,Jamario Moon,Mo Williams,Zydrunas Ilgauskas,4,9:02,PHI,rebound,,,,,,,,,,Andre Iguodala,,,,,,def,,
Andre Iguodala,Jason Smith,Rodney Carney,Royal Ivey,Thaddeus Young,Anderson Varejao,Daniel Gibson,Jamario Moon,Mo Williams,Zydrunas Ilgauskas,4,8:49,PHI,shot,,,,,,,,,,Andre Iguodala,,,,missed,,hook,21,13
Andre Iguodala,Jason Smith,Rodney Carney,Royal Ivey,Thaddeus Young,Anderson Varejao,Daniel Gibson,Jamario Moon,Mo Williams,Zydrunas Ilgauskas,4,8:46,CLE,rebound,,,,,,,,,,Zydrunas Ilgauskas,,,,,,def,,
Andre Iguodala,Jason Smith,Rodney Carney,Royal Ivey,Thaddeus Young,Anderson Varejao,Daniel Gibson,Jamario Moon,Mo Williams,Zydrunas Ilgauskas,4,8:42,CLE,shot,,,,,,,,,,Mo Williams,2,,,made,,jump,21,19
Andre Iguodala,Jason Smith,Rodney Carney,Royal Ivey,Thaddeus Young,Anderson Varejao,Daniel Gibson,Jamario Moon,Mo Williams,Zydrunas Ilgauskas,4,8:19,PHI,shot,,,,,,,,,,Royal Ivey,,,,missed,,3pt,9,24
Andre Iguodala,Jason Smith,Rodney Carney,Royal Ivey,Thaddeus Young,Anderson Varejao,Daniel Gibson,Jamario Moon,Mo Williams,Zydrunas Ilgauskas,4,8:18,CLE,rebound,,,,,,,,,,Jamario Moon,,,,,,def,,
Andre Iguodala,Jason Smith,Rodney Carney,Royal Ivey,Thaddeus Young,Anderson Varejao,Daniel Gibson,Jamario Moon,Mo Williams,Zydrunas Ilgauskas,4,8:03,CLE,shot,,,,,,,,,,Mo Williams,2,,,made,,jump,15,20
Andre Iguodala,Jason Smith,Rodney Carney,Royal Ivey,Thaddeus Young,Anderson Varejao,Daniel Gibson,Jamario Moon,Mo Williams,Zydrunas Ilgauskas,4,7:55,PHI,timeout,,,,,,,,,,,,,,,,regular,,
Andre Iguodala,Lou Williams,Rodney Carney,Royal Ivey,Thaddeus Young,Anderson Varejao,Daniel Gibson,Jamario Moon,Mo Williams,Zydrunas Ilgauskas,4,7:55,PHI,sub,,,,Lou Williams,,Jason Smith,,,,,,,,,,,,
Andre Iguodala,Elton Brand,Lou Williams,Rodney Carney,Thaddeus Young,Anderson Varejao,Daniel Gibson,Jamario Moon,Mo Williams,Zydrunas Ilgauskas,4,7:55,PHI,sub,,,,Elton Brand,,Royal Ivey,,,,,,,,,,,,
Andre Iguodala,Elton Brand,Lou Williams,Rodney Carney,Thaddeus Young,Anderson Varejao,Daniel Gibson,Jamario Moon,Mo Williams,Zydrunas Ilgauskas,4,7:46,PHI,shot,,,,,,,,,,Thaddeus Young,,,,missed,,3pt,2,9
Andre Iguodala,Elton Brand,Lou Williams,Rodney Carney,Thaddeus Young,Anderson Varejao,Daniel Gibson,Jamario Moon,Mo Williams,Zydrunas Ilgauskas,4,7:44,PHI,rebound,,,,,,,,,,Elton Brand,,,,,,off,,
Andre Iguodala,Elton Brand,Lou Williams,Rodney Carney,Thaddeus Young,Anderson Varejao,Daniel Gibson,Jamario Moon,Mo Williams,Zydrunas Ilgauskas,4,7:35,PHI,shot,,,,,,,,,,Elton Brand,,,,missed,,turnaround jump,11,10
Andre Iguodala,Elton Brand,Lou Williams,Rodney Carney,Thaddeus Young,Anderson Varejao,Daniel Gibson,Jamario Moon,Mo Williams,Zydrunas Ilgauskas,4,7:33,PHI,rebound,,,,,,,,,,Rodney Carney,,,,,,off,,
Andre Iguodala,Elton Brand,Lou Williams,Rodney Carney,Thaddeus Young,Anderson Varejao,Daniel Gibson,Jamario Moon,Mo Williams,Zydrunas Ilgauskas,4,7:33,PHI,shot,,,,,,,,,,Rodney Carney,2,,,made,,tip,24,6
Andre Iguodala,Elton Brand,Lou Williams,Rodney Carney,Thaddeus Young,Anderson Varejao,Daniel Gibson,Jamario Moon,Mo Williams,Zydrunas Ilgauskas,4,7:15,CLE,shot,,,,,,,,,,Mo Williams,,,,missed,,jump,41,13
Andre Iguodala,Elton Brand,Lou Williams,Rodney Carney,Thaddeus Young,Anderson Varejao,Daniel Gibson,Jamario Moon,Mo Williams,Zydrunas Ilgauskas,4,7:14,PHI,rebound,,,,,,,,,,Elton Brand,,,,,,def,,
Andre Iguodala,Elton Brand,Lou Williams,Rodney Carney,Thaddeus Young,Anderson Varejao,Daniel Gibson,Jamario Moon,Mo Williams,Zydrunas Ilgauskas,4,6:58,PHI,shot,,,,,,,,,,Andre Iguodala,,,,missed,,jump,17,22
Andre Iguodala,Elton Brand,Lou Williams,Rodney Carney,Thaddeus Young,Anderson Varejao,Daniel Gibson,Jamario Moon,Mo Williams,Zydrunas Ilgauskas,4,6:57,CLE,rebound,,,,,,,,,,Mo Williams,,,,,,def,,
Andre Iguodala,Elton Brand,Lou Williams,Rodney Carney,Thaddeus Young,Anderson Varejao,Daniel Gibson,Jamario Moon,Mo Williams,Zydrunas Ilgauskas,4,6:43,CLE,shot,,,,,,,,,,Daniel Gibson,,,,missed,,3pt,45,21
Andre Iguodala,Elton Brand,Lou Williams,Rodney Carney,Thaddeus Young,Anderson Varejao,Daniel Gibson,Jamario Moon,Mo Williams,Zydrunas Ilgauskas,4,6:42,PHI,rebound,,,,,,,,,,,,,,,,,,
Andre Iguodala,Elton Brand,Lou Williams,Rodney Carney,Thaddeus Young,Anderson Varejao,Daniel Gibson,Jamario Moon,Mo Williams,Zydrunas Ilgauskas,4,6:42,CLE,foul,,,,,,,,Elton Brand,,Zydrunas Ilgauskas,,,,,,loose ball,,
Andre Iguodala,Elton Brand,Lou Williams,Rodney Carney,Thaddeus Young,Anderson Varejao,Jamario Moon,LeBron James,Mo Williams,Zydrunas Ilgauskas,4,6:42,CLE,sub,,,,LeBron James,,Daniel Gibson,,,,,,,,,,,,
Andre Iguodala,Elton Brand,Lou Williams,Rodney Carney,Thaddeus Young,Anderson Varejao,Jamario Moon,LeBron James,Mo Williams,Zydrunas Ilgauskas,4,6:33,PHI,shot,,,,,,,,,,Lou Williams,,,,missed,,jump,42,15
Andre Iguodala,Elton Brand,Lou Williams,Rodney Carney,Thaddeus Young,Anderson Varejao,Jamario Moon,LeBron James,Mo Williams,Zydrunas Ilgauskas,4,6:32,CLE,rebound,,,,,,,,,,Zydrunas Ilgauskas,,,,,,def,,
Andre Iguodala,Elton Brand,Lou Williams,Rodney Carney,Thaddeus Young,Anderson Varejao,Jamario Moon,LeBron James,Mo Williams,Zydrunas Ilgauskas,4,6:12,CLE,shot,,,,,,,,,,Mo Williams,,,,missed,,jump,23,24
Andre Iguodala,Elton Brand,Lou Williams,Rodney Carney,Thaddeus Young,Anderson Varejao,Jamario Moon,LeBron James,Mo Williams,Zydrunas Ilgauskas,4,6:10,CLE,rebound,,,,,,,,,,Zydrunas Ilgauskas,,,,,,off,,
Andre Iguodala,Elton Brand,Lou Williams,Rodney Carney,Thaddeus Young,Anderson Varejao,Jamario Moon,LeBron James,Mo Williams,Zydrunas Ilgauskas,4,6:10,CLE,shot,,,,,,,,,,Zydrunas Ilgauskas,2,,,made,,putback layup,25,7
Andre Iguodala,Elton Brand,Lou Williams,Rodney Carney,Thaddeus Young,Anderson Varejao,Jamario Moon,LeBron James,Mo Williams,Zydrunas Ilgauskas,4,5:50,PHI,turnover,,,,,,,,,,Andre Iguodala,,,bad pass,,,,,
Andre Iguodala,Elton Brand,Lou Williams,Rodney Carney,Thaddeus Young,Anderson Varejao,Jamario Moon,LeBron James,Mo Williams,Zydrunas Ilgauskas,4,5:50,CLE,timeout,,,,,,,,,,,,,,,,official,,
Andre Iguodala,Elton Brand,Lou Williams,Rodney Carney,Thaddeus Young,Anderson Varejao,Jamario Moon,LeBron James,Mo Williams,Zydrunas Ilgauskas,4,5:37,CLE,shot,,,,,,,,,,LeBron James,,,,missed,,layup,25,7
Andre Iguodala,Elton Brand,Lou Williams,Rodney Carney,Thaddeus Young,Anderson Varejao,Jamario Moon,LeBron James,Mo Williams,Zydrunas Ilgauskas,4,5:36,PHI,rebound,,,,,,,,,,Thaddeus Young,,,,,,def,,
Andre Iguodala,Elton Brand,Lou Williams,Rodney Carney,Thaddeus Young,Anderson Varejao,Jamario Moon,LeBron James,Mo Williams,Zydrunas Ilgauskas,4,5:26,PHI,shot,,,,,,,,,,Lou Williams,,,,missed,,3pt,48,9
Andre Iguodala,Elton Brand,Lou Williams,Rodney Carney,Thaddeus Young,Anderson Varejao,Jamario Moon,LeBron James,Mo Williams,Zydrunas Ilgauskas,4,5:25,CLE,rebound,,,,,,,,,,Anderson Varejao,,,,,,def,,
Andre Iguodala,Elton Brand,Lou Williams,Rodney Carney,Thaddeus Young,Anderson Varejao,Jamario Moon,LeBron James,Mo Williams,Zydrunas Ilgauskas,4,5:02,CLE,shot,LeBron James,,,,,,,,,Jamario Moon,2,,,made,,layup,25,7
Andre Iguodala,Elton Brand,Lou Williams,Rodney Carney,Thaddeus Young,Anderson Varejao,Jamario Moon,LeBron James,Mo Williams,Zydrunas Ilgauskas,4,4:40,PHI,turnover,,,,,,,,,,Lou Williams,,,lost ball,,Mo Williams,,,
Andre Iguodala,Elton Brand,Lou Williams,Rodney Carney,Thaddeus Young,Anderson Varejao,Jamario Moon,LeBron James,Mo Williams,Zydrunas Ilgauskas,4,4:35,CLE,shot,Mo Williams,,,,,,,,,Jamario Moon,2,,,made,,dunk,24,7
Andre Iguodala,Elton Brand,Lou Williams,Rodney Carney,Thaddeus Young,Anderson Varejao,Jamario Moon,LeBron James,Mo Williams,Zydrunas Ilgauskas,4,4:12,PHI,shot,,,,,,,,,,Lou Williams,,,,missed,,3pt,37,28
Andre Iguodala,Elton Brand,Lou Williams,Rodney Carney,Thaddeus Young,Anderson Varejao,Jamario Moon,LeBron James,Mo Williams,Zydrunas Ilgauskas,4,4:11,CLE,rebound,,,,,,,,,,Jamario Moon,,,,,,def,,
Andre Iguodala,Elton Brand,Lou Williams,Rodney Carney,Thaddeus Young,Anderson Varejao,Jamario Moon,LeBron James,Mo Williams,Zydrunas Ilgauskas,4,3:53,CLE,shot,,,,,,,,,,LeBron James,2,,,made,,driving layup,25,6
Andre Iguodala,Elton Brand,Lou Williams,Rodney Carney,Thaddeus Young,Anderson Varejao,Jamario Moon,LeBron James,Mo Williams,Zydrunas Ilgauskas,4,3:43,PHI,shot,Elton Brand,,,,,,,,,Thaddeus Young,2,,,made,,driving finger roll layup,25,7
Andre Iguodala,Elton Brand,Lou Williams,Rodney Carney,Thaddeus Young,Anderson Varejao,Jamario Moon,LeBron James,Mo Williams,Zydrunas Ilgauskas,4,3:25,CLE,shot,,,,,,,,,,Mo Williams,,,,missed,,3pt,43,23
Andre Iguodala,Elton Brand,Lou Williams,Rodney Carney,Thaddeus Young,Anderson Varejao,Jamario Moon,LeBron James,Mo Williams,Zydrunas Ilgauskas,4,3:24,PHI,rebound,,,,,,,,,,Rodney Carney,,,,,,def,,
Andre Iguodala,Elton Brand,Lou Williams,Rodney Carney,Thaddeus Young,Anderson Varejao,Jamario Moon,LeBron James,Mo Williams,Zydrunas Ilgauskas,4,3:16,PHI,shot,,,,,,,,,,Thaddeus Young,,,,missed,,jump,14,12
Andre Iguodala,Elton Brand,Lou Williams,Rodney Carney,Thaddeus Young,Anderson Varejao,Jamario Moon,LeBron James,Mo Williams,Zydrunas Ilgauskas,4,3:15,PHI,rebound,,,,,,,,,,Elton Brand,,,,,,off,,
Andre Iguodala,Elton Brand,Lou Williams,Rodney Carney,Thaddeus Young,Anderson Varejao,Jamario Moon,LeBron James,Mo Williams,Zydrunas Ilgauskas,4,3:15,PHI,shot,,,,,,,,,,Elton Brand,2,,,made,,putback layup,24,5
Andre Iguodala,Elton Brand,Lou Williams,Rodney Carney,Thaddeus Young,Anderson Varejao,Jamario Moon,LeBron James,Mo Williams,Zydrunas Ilgauskas,4,3:06,CLE,timeout,,,,,,,,,,,,,,,,regular,,
Andre Iguodala,Elton Brand,Lou Williams,Rodney Carney,Thaddeus Young,Anderson Varejao,Anthony Parker,Jamario Moon,LeBron James,Mo Williams,4,3:06,CLE,sub,,,,Anthony Parker,,Zydrunas Ilgauskas,,,,,,,,,,,,
Andre Iguodala,Elton Brand,Lou Williams,Rodney Carney,Thaddeus Young,Anderson Varejao,Anthony Parker,Jamario Moon,LeBron James,Mo Williams,4,2:59,CLE,shot,,,,,,,,,,Jamario Moon,,,,missed,,3pt,14,28
Andre Iguodala,Elton Brand,Lou Williams,Rodney Carney,Thaddeus Young,Anderson Varejao,Anthony Parker,Jamario Moon,LeBron James,Mo Williams,4,2:57,CLE,rebound,,,,,,,,,,Anthony Parker,,,,,,off,,
Andre Iguodala,Elton Brand,Lou Williams,Rodney Carney,Thaddeus Young,Anderson Varejao,Anthony Parker,Jamario Moon,LeBron James,Mo Williams,4,2:41,CLE,shot,,,,,,,,,,LeBron James,2,,,made,,driving dunk,24,7
Andre Iguodala,Elton Brand,Lou Williams,Rodney Carney,Thaddeus Young,Anderson Varejao,Anthony Parker,Jamario Moon,LeBron James,Mo Williams,4,2:13,PHI,shot,,,,,,,,,,Andre Iguodala,,,,missed,,jump,35,21
Andre Iguodala,Elton Brand,Lou Williams,Rodney Carney,Thaddeus Young,Anderson Varejao,Anthony Parker,Jamario Moon,LeBron James,Mo Williams,4,2:12,CLE,rebound,,,,,,,,,,Mo Williams,,,,,,def,,
Andre Iguodala,Elton Brand,Lou Williams,Rodney Carney,Thaddeus Young,Anderson Varejao,Anthony Parker,Jamario Moon,LeBron James,Mo Williams,4,1:58,PHI,foul,,,,,,,,LeBron James,,Elton Brand,,,,,,personal,,
Andre Iguodala,Elton Brand,Lou Williams,Rodney Carney,Thaddeus Young,Anderson Varejao,Anthony Parker,Jamario Moon,LeBron James,Mo Williams,4,1:47,CLE,shot,,,,,,,,,,Anthony Parker,,,,missed,,3pt,48,13
Andre Iguodala,Elton Brand,Lou Williams,Rodney Carney,Thaddeus Young,Anderson Varejao,Anthony Parker,Jamario Moon,LeBron James,Mo Williams,4,1:47,PHI,rebound,,,,,,,,,,,,,,,,,,
Andre Iguodala,Elton Brand,Lou Williams,Rodney Carney,Thaddeus Young,Anderson Varejao,Anthony Parker,Jamario Moon,LeBron James,Mo Williams,4,1:47,CLE,foul,,,,,,,,Rodney Carney,,Jamario Moon,,,,,,loose ball,,
Andre Iguodala,Elton Brand,Lou Williams,Rodney Carney,Thaddeus Young,Anderson Varejao,Anthony Parker,Jamario Moon,LeBron James,Mo Williams,4,1:29,PHI,turnover,,,,,,,,,,Andre Iguodala,,,bad pass,,,,,
Andre Iguodala,Elton Brand,Lou Williams,Rodney Carney,Thaddeus Young,Anderson Varejao,Anthony Parker,Jamario Moon,LeBron James,Mo Williams,4,1:10,CLE,foul,,,,,,,,Thaddeus Young,,LeBron James,,,,,,offensive,,
Andre Iguodala,Elton Brand,Lou Williams,Rodney Carney,Thaddeus Young,Anderson Varejao,Anthony Parker,Jamario Moon,LeBron James,Mo Williams,4,1:10,CLE,turnover,,,,,,,,,,LeBron James,,,foul,,,,,
Andre Iguodala,Elton Brand,Lou Williams,Rodney Carney,Thaddeus Young,Anderson Varejao,Anthony Parker,Jamario Moon,LeBron James,Mo Williams,4,1:10,PHI,timeout,,,,,,,,,,,,,,,,regular,,
Andre Iguodala,Elton Brand,Lou Williams,Rodney Carney,Thaddeus Young,Anderson Varejao,Anthony Parker,Jamario Moon,LeBron James,Mo Williams,4,0:53,PHI,shot,,,,,,,,,,Andre Iguodala,,,,missed,,jump,13,14
Andre Iguodala,Elton Brand,Lou Williams,Rodney Carney,Thaddeus Young,Anderson Varejao,Anthony Parker,Jamario Moon,LeBron James,Mo Williams,4,0:50,PHI,rebound,,,,,,,,,,Elton Brand,,,,,,off,,
Andre Iguodala,Elton Brand,Lou Williams,Rodney Carney,Thaddeus Young,Anderson Varejao,Anthony Parker,Jamario Moon,LeBron James,Mo Williams,4,0:50,PHI,shot,,,,,,,,,,Elton Brand,,,,missed,,putback layup,25,7
Andre Iguodala,Elton Brand,Lou Williams,Rodney Carney,Thaddeus Young,Anderson Varejao,Anthony Parker,Jamario Moon,LeBron James,Mo Williams,4,0:49,CLE,rebound,,,,,,,,,,Mo Williams,,,,,,def,,
Andre Iguodala,Elton Brand,Lou Williams,Rodney Carney,Thaddeus Young,Anderson Varejao,Anthony Parker,Jamario Moon,LeBron James,Mo Williams,4,0:36,PHI,foul,,,,,,,,LeBron James,,Thaddeus Young,,,,,,shooting,,
Andre Iguodala,Elton Brand,Lou Williams,Rodney Carney,Thaddeus Young,Anderson Varejao,Anthony Parker,Jamario Moon,LeBron James,Mo Williams,4,0:36,CLE,free throw,,,,,,,1,,2,LeBron James,,,foul,made,,,,
Andre Iguodala,Elton Brand,Lou Williams,Rodney Carney,Thaddeus Young,Anderson Varejao,Anthony Parker,Jamario Moon,LeBron James,Mo Williams,4,0:36,CLE,free throw,,,,,,,2,,2,LeBron James,,,foul,missed,,,,
Andre Iguodala,Elton Brand,Lou Williams,Rodney Carney,Thaddeus Young,Anderson Varejao,Anthony Parker,Jamario Moon,LeBron James,Mo Williams,4,0:34,PHI,rebound,,,,,,,,,,Elton Brand,,,,,,def,,
Andre Iguodala,Elton Brand,Lou Williams,Rodney Carney,Thaddeus Young,Anderson Varejao,Anthony Parker,Jamario Moon,LeBron James,Mo Williams,4,0:28,PHI,shot,,,,,,,,,,Lou Williams,,,,missed,,3pt,9,24
Andre Iguodala,Elton Brand,Lou Williams,Rodney Carney,Thaddeus Young,Anderson Varejao,Anthony Parker,Jamario Moon,LeBron James,Mo Williams,4,0:27,PHI,rebound,,,,,,,,,,,,,,,,,,
Andre Iguodala,Elton Brand,Lou Williams,Rodney Carney,Thaddeus Young,Anderson Varejao,Anthony Parker,Jamario Moon,LeBron James,Mo Williams,4,0:27,PHI,timeout,,,,,,,,,,,,,,,,short,,
Andre Iguodala,Elton Brand,Lou Williams,Rodney Carney,Thaddeus Young,Anderson Varejao,Anthony Parker,Jamario Moon,LeBron James,Mo Williams,4,0:24,CLE,foul,,,,,,,,Elton Brand,,Anderson Varejao,,,,,,shooting,,
Andre Iguodala,Elton Brand,Lou Williams,Rodney Carney,Thaddeus Young,Anderson Varejao,Anthony Parker,Jamario Moon,LeBron James,Mo Williams,4,0:24,PHI,free throw,,,,,,,1,,2,Elton Brand,,,foul,made,,,,
Andre Iguodala,Elton Brand,Lou Williams,Rodney Carney,Thaddeus Young,Anderson Varejao,Jamario Moon,LeBron James,Mo Williams,Zydrunas Ilgauskas,4,0:24,CLE,sub,,,,Zydrunas Ilgauskas,,Anthony Parker,,,,,,,,,,,,
Andre Iguodala,Elton Brand,Lou Williams,Rodney Carney,Thaddeus Young,Anderson Varejao,Jamario Moon,LeBron James,Mo Williams,Zydrunas Ilgauskas,4,0:24,PHI,free throw,,,,,,,2,,2,Elton Brand,,,foul,made,,,,
Andre Iguodala,Elton Brand,Lou Williams,Rodney Carney,Thaddeus Young,Anderson Varejao,Jamario Moon,LeBron James,Mo Williams,Zydrunas Ilgauskas,4,0:24,CLE,timeout,,,,,,,,,,,,,,,,short,,
Andre Iguodala,Elton Brand,Lou Williams,Rodney Carney,Thaddeus Young,Anthony Parker,Jamario Moon,LeBron James,Mo Williams,Zydrunas Ilgauskas,4,0:24,CLE,sub,,,,Anthony Parker,,Anderson Varejao,,,,,,,,,,,,
Andre Iguodala,Elton Brand,Lou Williams,Rodney Carney,Thaddeus Young,Anthony Parker,Jamario Moon,LeBron James,Mo Williams,Zydrunas Ilgauskas,4,0:21,PHI,foul,,,,,,,,LeBron James,,Andre Iguodala,,,,,,personal,,
Andre Iguodala,Elton Brand,Lou Williams,Rodney Carney,Thaddeus Young,Anthony Parker,Jamario Moon,LeBron James,Mo Williams,Zydrunas Ilgauskas,4,0:21,CLE,free throw,,,,,,,1,,2,LeBron James,,,foul,missed,,,,
Andre Iguodala,Elton Brand,Lou Williams,Rodney Carney,Thaddeus Young,Anthony Parker,Jamario Moon,LeBron James,Mo Williams,Zydrunas Ilgauskas,4,0:21,CLE,rebound,,,,,,,,,,,,,,,,,,
Andre Iguodala,Elton Brand,Lou Williams,Rodney Carney,Thaddeus Young,Anderson Varejao,Anthony Parker,Jamario Moon,LeBron James,Mo Williams,4,0:21,CLE,sub,,,,Anderson Varejao,,Zydrunas Ilgauskas,,,,,,,,,,,,
Andre Iguodala,Elton Brand,Lou Williams,Rodney Carney,Thaddeus Young,Anderson Varejao,Anthony Parker,Jamario Moon,LeBron James,Mo Williams,4,0:21,CLE,free throw,,,,,,,2,,2,LeBron James,,,foul,made,,,,
Andre Iguodala,Elton Brand,Lou Williams,Rodney Carney,Thaddeus Young,Anderson Varejao,Anthony Parker,Jamario Moon,LeBron James,Mo Williams,4,0:21,PHI,timeout,,,,,,,,,,,,,,,,short,,
Andre Iguodala,Elton Brand,Lou Williams,Rodney Carney,Thaddeus Young,Anderson Varejao,Anthony Parker,Jamario Moon,LeBron James,Mo Williams,4,0:15,PHI,shot,,,,,,,,,,Andre Iguodala,,,,missed,,3pt,10,27
Andre Iguodala,Elton Brand,Lou Williams,Rodney Carney,Thaddeus Young,Anderson Varejao,Anthony Parker,Jamario Moon,LeBron James,Mo Williams,4,0:14,CLE,rebound,,,,,,,,,,Jamario Moon,,,,,,def,,
