a1,a2,a3,a4,a5,h1,h2,h3,h4,h5,period,time,team,etype,assist,away,block,entered,home,left,num,opponent,outof,player,points,possession,reason,result,steal,type,x,y
Brandon Roy,Greg Oden,LaMarcus Aldridge,Martell Webster,Steve Blake,Jeff Green,Kevin Durant,Nenad Krstic,Russell Westbrook,Thabo Sefolosha,1,12:00,OFF,jump ball,,Greg Oden,,,Jeff Green,,,,,,,Steve Blake,,,,,,
Brandon Roy,Greg Oden,LaMarcus Aldridge,Martell Webster,Steve Blake,Jeff Green,Kevin Durant,Nenad Krstic,Russell Westbrook,Thabo Sefolosha,1,11:44,POR,shot,,,,,,,,,,Greg Oden,2,,,made,,layup,25,6
Brandon Roy,Greg Oden,LaMarcus Aldridge,Martell Webster,Steve Blake,Jeff Green,Kevin Durant,Nenad Krstic,Russell Westbrook,Thabo Sefolosha,1,11:27,OKC,shot,,,,,,,,,,Nenad Krstic,,,,missed,,jump,16,21
Brandon Roy,Greg Oden,LaMarcus Aldridge,Martell Webster,Steve Blake,Jeff Green,Kevin Durant,Nenad Krstic,Russell Westbrook,Thabo Sefolosha,1,11:26,POR,rebound,,,,,,,,,,Steve Blake,,,,,,def,,
Brandon Roy,Greg Oden,LaMarcus Aldridge,Martell Webster,Steve Blake,Jeff Green,Kevin Durant,Nenad Krstic,Russell Westbrook,Thabo Sefolosha,1,11:23,OKC,foul,,,,,,,,Greg Oden,,Nenad Krstic,,,,,,personal,,
Brandon Roy,Greg Oden,LaMarcus Aldridge,Martell Webster,Steve Blake,Jeff Green,Kevin Durant,Nenad Krstic,Russell Westbrook,Thabo Sefolosha,1,11:08,POR,shot,,,,,,,,,,Brandon Roy,,,,missed,,3pt,26,31
Brandon Roy,Greg Oden,LaMarcus Aldridge,Martell Webster,Steve Blake,Jeff Green,Kevin Durant,Nenad Krstic,Russell Westbrook,Thabo Sefolosha,1,11:07,OKC,rebound,,,,,,,,,,Jeff Green,,,,,,def,,
Brandon Roy,Greg Oden,LaMarcus Aldridge,Martell Webster,Steve Blake,Jeff Green,Kevin Durant,Nenad Krstic,Russell Westbrook,Thabo Sefolosha,1,10:51,OKC,shot,,,,,,,,,,Jeff Green,2,,,made,,driving layup,25,6
Brandon Roy,Greg Oden,LaMarcus Aldridge,Martell Webster,Steve Blake,Jeff Green,Kevin Durant,Nenad Krstic,Russell Westbrook,Thabo Sefolosha,1,10:26,POR,shot,Brandon Roy,,,,,,,,,Steve Blake,3,,,made,,3pt,48,7
Brandon Roy,Greg Oden,LaMarcus Aldridge,Martell Webster,Steve Blake,Jeff Green,Kevin Durant,Nenad Krstic,Russell Westbrook,Thabo Sefolosha,1,10:16,OKC,foul,,,,,,,,Steve Blake,,Russell Westbrook,,,,,,offensive,,
Brandon Roy,Greg Oden,LaMarcus Aldridge,Martell Webster,Steve Blake,Jeff Green,Kevin Durant,Nenad Krstic,Russell Westbrook,Thabo Sefolosha,1,10:16,OKC,turnover,,,,,,,,,,Russell Westbrook,,,foul,,,,,
Brandon Roy,Greg Oden,LaMarcus Aldridge,Martell Webster,Steve Blake,Jeff Green,Kevin Durant,Nenad Krstic,Russell Westbrook,Thabo Sefolosha,1,10:02,POR,shot,,,Kevin Durant,,,,,,,LaMarcus Aldridge,,,,missed,,layup,25,6
Brandon Roy,Greg Oden,LaMarcus Aldridge,Martell Webster,Steve Blake,Jeff Green,Kevin Durant,Nenad Krstic,Russell Westbrook,Thabo Sefolosha,1,10:00,POR,rebound,,,,,,,,,,LaMarcus Aldridge,,,,,,off,,
Brandon Roy,Greg Oden,LaMarcus Aldridge,Martell Webster,Steve Blake,Jeff Green,Kevin Durant,Nenad Krstic,Russell Westbrook,Thabo Sefolosha,1,9:58,POR,shot,,,,,,,,,,LaMarcus Aldridge,,,,missed,,jump,21,11
Brandon Roy,Greg Oden,LaMarcus Aldridge,Martell Webster,Steve Blake,Jeff Green,Kevin Durant,Nenad Krstic,Russell Westbrook,Thabo Sefolosha,1,9:57,POR,rebound,,,,,,,,,,LaMarcus Aldridge,,,,,,off,,
Brandon Roy,Greg Oden,LaMarcus Aldridge,Martell Webster,Steve Blake,Jeff Green,Kevin Durant,Nenad Krstic,Russell Westbrook,Thabo Sefolosha,1,9:49,POR,turnover,,,,,,,,,,Greg Oden,,,3 second violation,,,,,
Brandon Roy,Greg Oden,LaMarcus Aldridge,Martell Webster,Steve Blake,Jeff Green,Kevin Durant,Nenad Krstic,Russell Westbrook,Thabo Sefolosha,1,9:31,OKC,shot,,,,,,,,,,Kevin Durant,,,,missed,,jump,11,15
Brandon Roy,Greg Oden,LaMarcus Aldridge,Martell Webster,Steve Blake,Jeff Green,Kevin Durant,Nenad Krstic,Russell Westbrook,Thabo Sefolosha,1,9:29,POR,rebound,,,,,,,,,,LaMarcus Aldridge,,,,,,def,,
Brandon Roy,Greg Oden,LaMarcus Aldridge,Martell Webster,Steve Blake,Jeff Green,Kevin Durant,Nenad Krstic,Russell Westbrook,Thabo Sefolosha,1,9:17,POR,shot,,,,,,,,,,Greg Oden,2,,,made,,layup,25,6
Brandon Roy,Greg Oden,LaMarcus Aldridge,Martell Webster,Steve Blake,Jeff Green,Kevin Durant,Nenad Krstic,Russell Westbrook,Thabo Sefolosha,1,9:04,OKC,shot,,,,,,,,,,Russell Westbrook,2,,,made,,finger roll layup,25,6
Brandon Roy,Greg Oden,LaMarcus Aldridge,Martell Webster,Steve Blake,Jeff Green,Kevin Durant,Nenad Krstic,Russell Westbrook,Thabo Sefolosha,1,8:37,POR,shot,,,,,,,,,,Steve Blake,2,,,made,,turnaround fade away,16,7
Brandon Roy,Greg Oden,LaMarcus Aldridge,Martell Webster,Steve Blake,Jeff Green,Kevin Durant,Nenad Krstic,Russell Westbrook,Thabo Sefolosha,1,8:24,OKC,shot,,,,,,,,,,Jeff Green,,,,missed,,3pt,15,29
Brandon Roy,Greg Oden,LaMarcus Aldridge,Martell Webster,Steve Blake,Jeff Green,Kevin Durant,Nenad Krstic,Russell Westbrook,Thabo Sefolosha,1,8:22,POR,rebound,,,,,,,,,,Brandon Roy,,,,,,def,,
Brandon Roy,Greg Oden,LaMarcus Aldridge,Martell Webster,Steve Blake,Jeff Green,Kevin Durant,Nenad Krstic,Russell Westbrook,Thabo Sefolosha,1,8:13,POR,shot,,,,,,,,,,Brandon Roy,,,,missed,,jump,11,13
Brandon Roy,Greg Oden,LaMarcus Aldridge,Martell Webster,Steve Blake,Jeff Green,Kevin Durant,Nenad Krstic,Russell Westbrook,Thabo Sefolosha,1,8:12,OKC,rebound,,,,,,,,,,Nenad Krstic,,,,,,def,,
Brandon Roy,Greg Oden,LaMarcus Aldridge,Martell Webster,Steve Blake,Jeff Green,Kevin Durant,Nenad Krstic,Russell Westbrook,Thabo Sefolosha,1,8:02,OKC,shot,,,,,,,,,,Kevin Durant,,,,missed,,jump,39,12
Brandon Roy,Greg Oden,LaMarcus Aldridge,Martell Webster,Steve Blake,Jeff Green,Kevin Durant,Nenad Krstic,Russell Westbrook,Thabo Sefolosha,1,8:01,POR,rebound,,,,,,,,,,Brandon Roy,,,,,,def,,
Brandon Roy,Greg Oden,LaMarcus Aldridge,Martell Webster,Steve Blake,Jeff Green,Kevin Durant,Nenad Krstic,Russell Westbrook,Thabo Sefolosha,1,7:48,OKC,foul,,,,,,,,Greg Oden,,Jeff Green,,,,,,shooting,,
Brandon Roy,Greg Oden,LaMarcus Aldridge,Martell Webster,Steve Blake,Jeff Green,Kevin Durant,Nenad Krstic,Russell Westbrook,Thabo Sefolosha,1,7:48,POR,free throw,,,,,,,1,,2,Greg Oden,,,foul,made,,,,
Brandon Roy,Greg Oden,LaMarcus Aldridge,Martell Webster,Steve Blake,Jeff Green,Kevin Durant,Nenad Krstic,Russell Westbrook,Thabo Sefolosha,1,7:48,POR,free throw,,,,,,,2,,2,Greg Oden,,,foul,made,,,,
Brandon Roy,Greg Oden,LaMarcus Aldridge,Martell Webster,Steve Blake,Jeff Green,Kevin Durant,Nenad Krstic,Russell Westbrook,Thabo Sefolosha,1,7:42,OKC,timeout,,,,,,,,,,,,,,,,regular,,
Brandon Roy,Greg Oden,LaMarcus Aldridge,Martell Webster,Steve Blake,Jeff Green,Kevin Durant,Nenad Krstic,Russell Westbrook,Thabo Sefolosha,1,7:34,OKC,shot,,,Greg Oden,,,,,,,Jeff Green,,,,missed,,layup,25,6
Brandon Roy,Greg Oden,LaMarcus Aldridge,Martell Webster,Steve Blake,Jeff Green,Kevin Durant,Nenad Krstic,Russell Westbrook,Thabo Sefolosha,1,7:32,POR,rebound,,,,,,,,,,LaMarcus Aldridge,,,,,,def,,
Brandon Roy,Greg Oden,LaMarcus Aldridge,Martell Webster,Steve Blake,Jeff Green,Kevin Durant,Nenad Krstic,Russell Westbrook,Thabo Sefolosha,1,7:27,POR,shot,,,,,,,,,,Martell Webster,,,,missed,,3pt,42,23
Brandon Roy,Greg Oden,LaMarcus Aldridge,Martell Webster,Steve Blake,Jeff Green,Kevin Durant,Nenad Krstic,Russell Westbrook,Thabo Sefolosha,1,7:26,OKC,rebound,,,,,,,,,,Thabo Sefolosha,,,,,,def,,
Brandon Roy,Greg Oden,LaMarcus Aldridge,Martell Webster,Steve Blake,Jeff Green,Kevin Durant,Nenad Krstic,Russell Westbrook,Thabo Sefolosha,1,7:20,OKC,turnover,,,,,,,,,,Russell Westbrook,,,bad pass,,Martell Webster,,,
Brandon Roy,Greg Oden,LaMarcus Aldridge,Martell Webster,Steve Blake,Jeff Green,Kevin Durant,Nenad Krstic,Russell Westbrook,Thabo Sefolosha,1,7:14,POR,shot,,,Russell Westbrook,,,,,,,LaMarcus Aldridge,,,,missed,,layup,25,6
Brandon Roy,Greg Oden,LaMarcus Aldridge,Martell Webster,Steve Blake,Jeff Green,Kevin Durant,Nenad Krstic,Russell Westbrook,Thabo Sefolosha,1,7:13,OKC,rebound,,,,,,,,,,Kevin Durant,,,,,,def,,
Brandon Roy,Greg Oden,LaMarcus Aldridge,Martell Webster,Steve Blake,Jeff Green,Kevin Durant,Nenad Krstic,Russell Westbrook,Thabo Sefolosha,1,6:49,OKC,shot,,,,,,,,,,Jeff Green,2,,,made,,fade away jumper,11,7
Brandon Roy,Greg Oden,LaMarcus Aldridge,Martell Webster,Steve Blake,Jeff Green,Kevin Durant,Nenad Krstic,Russell Westbrook,Thabo Sefolosha,1,6:34,POR,shot,LaMarcus Aldridge,,,,,,,,,Steve Blake,2,,,made,,layup,25,6
Brandon Roy,Greg Oden,LaMarcus Aldridge,Martell Webster,Steve Blake,Jeff Green,Kevin Durant,Nenad Krstic,Russell Westbrook,Thabo Sefolosha,1,6:23,OKC,turnover,,,,,,,,,,Russell Westbrook,,,bad pass,,Brandon Roy,,,
Brandon Roy,Greg Oden,LaMarcus Aldridge,Martell Webster,Steve Blake,Jeff Green,Kevin Durant,Nenad Krstic,Russell Westbrook,Thabo Sefolosha,1,6:18,POR,shot,,,,,,,,,,Brandon Roy,2,,,made,,layup,25,6
Brandon Roy,Greg Oden,LaMarcus Aldridge,Martell Webster,Steve Blake,Jeff Green,Kevin Durant,Nenad Krstic,Russell Westbrook,Thabo Sefolosha,1,6:01,OKC,foul,,,,,,,,Steve Blake,,Russell Westbrook,,,,,,offensive,,
Brandon Roy,Greg Oden,LaMarcus Aldridge,Martell Webster,Steve Blake,Jeff Green,Kevin Durant,Nenad Krstic,Russell Westbrook,Thabo Sefolosha,1,6:01,OKC,turnover,,,,,,,,,,Russell Westbrook,,,foul,,,,,
Brandon Roy,Greg Oden,LaMarcus Aldridge,Martell Webster,Steve Blake,Jeff Green,Kevin Durant,Kevin Ollie,Nenad Krstic,Thabo Sefolosha,1,6:01,OKC,sub,,,,Kevin Ollie,,Russell Westbrook,,,,,,,,,,,,
Brandon Roy,Joel Przybilla,LaMarcus Aldridge,Martell Webster,Steve Blake,Jeff Green,Kevin Durant,Kevin Ollie,Nenad Krstic,Thabo Sefolosha,1,6:01,POR,sub,,,,Joel Przybilla,,Greg Oden,,,,,,,,,,,,
Brandon Roy,Joel Przybilla,LaMarcus Aldridge,Martell Webster,Steve Blake,Jeff Green,Kevin Durant,Kevin Ollie,Nenad Krstic,Thabo Sefolosha,1,5:48,OKC,timeout,,,,,,,,,,,,,,,,regular,,
Brandon Roy,Joel Przybilla,LaMarcus Aldridge,Martell Webster,Steve Blake,Jeff Green,Kevin Durant,Kevin Ollie,Nenad Krstic,Thabo Sefolosha,1,5:37,POR,shot,,,,,,,,,,Steve Blake,,,,missed,,3pt,21,30
Brandon Roy,Joel Przybilla,LaMarcus Aldridge,Martell Webster,Steve Blake,Jeff Green,Kevin Durant,Kevin Ollie,Nenad Krstic,Thabo Sefolosha,1,5:37,OKC,rebound,,,,,,,,,,,,,,,,,,
Brandon Roy,Joel Przybilla,LaMarcus Aldridge,Martell Webster,Steve Blake,Jeff Green,Kevin Durant,Kevin Ollie,Nenad Krstic,Thabo Sefolosha,1,5:37,POR,foul,,,,,,,,Jeff Green,,Joel Przybilla,,,,,,loose ball,,
Brandon Roy,Joel Przybilla,LaMarcus Aldridge,Martell Webster,Steve Blake,Jeff Green,Kevin Durant,Kevin Ollie,Nenad Krstic,Thabo Sefolosha,1,5:20,OKC,shot,,,,,,,,,,Kevin Durant,,,,missed,,jump,20,22
Brandon Roy,Joel Przybilla,LaMarcus Aldridge,Martell Webster,Steve Blake,Jeff Green,Kevin Durant,Kevin Ollie,Nenad Krstic,Thabo Sefolosha,1,5:19,POR,rebound,,,,,,,,,,Martell Webster,,,,,,def,,
Andre Miller,Brandon Roy,Joel Przybilla,LaMarcus Aldridge,Martell Webster,Jeff Green,Kevin Durant,Kevin Ollie,Nenad Krstic,Thabo Sefolosha,1,5:06,POR,sub,,,,Andre Miller,,Steve Blake,,,,,,,,,,,,
Andre Miller,Brandon Roy,Joel Przybilla,LaMarcus Aldridge,Martell Webster,Etan Thomas,Jeff Green,Kevin Durant,Kevin Ollie,Thabo Sefolosha,1,5:06,OKC,sub,,,,Etan Thomas,,Nenad Krstic,,,,,,,,,,,,
Andre Miller,Brandon Roy,Joel Przybilla,LaMarcus Aldridge,Martell Webster,Etan Thomas,Jeff Green,Kevin Durant,Kevin Ollie,Thabo Sefolosha,1,5:06,OKC,violation,,,,,,,,,,Thabo Sefolosha,,,,,,kicked ball,,
Andre Miller,Brandon Roy,Joel Przybilla,LaMarcus Aldridge,Martell Webster,Etan Thomas,Jeff Green,Kevin Durant,Kevin Ollie,Thabo Sefolosha,1,4:56,POR,shot,,,,,,,,,,Martell Webster,,,,missed,,3pt,2,7
Andre Miller,Brandon Roy,Joel Przybilla,LaMarcus Aldridge,Martell Webster,Etan Thomas,Jeff Green,Kevin Durant,Kevin Ollie,Thabo Sefolosha,1,4:56,OKC,rebound,,,,,,,,,,,,,,,,,,
Andre Miller,Brandon Roy,Joel Przybilla,LaMarcus Aldridge,Martell Webster,Etan Thomas,Jeff Green,Kevin Durant,Kevin Ollie,Thabo Sefolosha,1,4:37,OKC,shot,,,,,,,,,,Kevin Durant,,,,missed,,jump,42,8
Andre Miller,Brandon Roy,Joel Przybilla,LaMarcus Aldridge,Martell Webster,Etan Thomas,Jeff Green,Kevin Durant,Kevin Ollie,Thabo Sefolosha,1,4:36,OKC,rebound,,,,,,,,,,Etan Thomas,,,,,,off,,
Andre Miller,Brandon Roy,Joel Przybilla,LaMarcus Aldridge,Martell Webster,Etan Thomas,Jeff Green,Kevin Durant,Kevin Ollie,Thabo Sefolosha,1,4:36,OKC,shot,,,,,,,,,,Etan Thomas,2,,,made,,putback layup,25,6
Andre Miller,Brandon Roy,Joel Przybilla,LaMarcus Aldridge,Martell Webster,Etan Thomas,Jeff Green,Kevin Durant,Kevin Ollie,Thabo Sefolosha,1,4:16,OKC,foul,,,,,,,,LaMarcus Aldridge,,Thabo Sefolosha,,,,,,shooting,,
Andre Miller,Brandon Roy,Joel Przybilla,LaMarcus Aldridge,Martell Webster,Etan Thomas,Jeff Green,Kevin Durant,Kevin Ollie,Thabo Sefolosha,1,4:16,POR,free throw,,,,,,,1,,2,LaMarcus Aldridge,,,foul,made,,,,
Andre Miller,Brandon Roy,Joel Przybilla,LaMarcus Aldridge,Rudy Fernandez,Etan Thomas,Jeff Green,Kevin Durant,Kevin Ollie,Thabo Sefolosha,1,4:16,POR,sub,,,,Rudy Fernandez,,Martell Webster,,,,,,,,,,,,
Andre Miller,Brandon Roy,Joel Przybilla,LaMarcus Aldridge,Rudy Fernandez,Etan Thomas,Jeff Green,Kevin Durant,Kevin Ollie,Thabo Sefolosha,1,4:16,POR,free throw,,,,,,,2,,2,LaMarcus Aldridge,,,foul,made,,,,
Andre Miller,Brandon Roy,Joel Przybilla,LaMarcus Aldridge,Rudy Fernandez,Etan Thomas,Jeff Green,Kevin Durant,Kevin Ollie,Thabo Sefolosha,1,3:56,POR,foul,,,,,,,,Kevin Durant,,Brandon Roy,,,,,,shooting,,
Andre Miller,Brandon Roy,Joel Przybilla,LaMarcus Aldridge,Rudy Fernandez,Etan Thomas,Jeff Green,Kevin Durant,Kevin Ollie,Thabo Sefolosha,1,3:56,OKC,free throw,,,,,,,1,,3,Kevin Durant,,,foul,missed,,,,
Andre Miller,Brandon Roy,Joel Przybilla,LaMarcus Aldridge,Rudy Fernandez,Etan Thomas,Jeff Green,Kevin Durant,Kevin Ollie,Thabo Sefolosha,1,3:56,OKC,rebound,,,,,,,,,,,,,,,,,,
Andre Miller,Brandon Roy,Joel Przybilla,LaMarcus Aldridge,Rudy Fernandez,Etan Thomas,Jeff Green,Kevin Durant,Kevin Ollie,Thabo Sefolosha,1,3:56,OKC,free throw,,,,,,,2,,3,Kevin Durant,,,foul,made,,,,
Andre Miller,Brandon Roy,Joel Przybilla,LaMarcus Aldridge,Rudy Fernandez,Etan Thomas,Jeff Green,Kevin Durant,Kevin Ollie,Thabo Sefolosha,1,3:56,OKC,free throw,,,,,,,3,,3,Kevin Durant,,,foul,missed,,,,
Andre Miller,Brandon Roy,Joel Przybilla,LaMarcus Aldridge,Rudy Fernandez,Etan Thomas,Jeff Green,Kevin Durant,Kevin Ollie,Thabo Sefolosha,1,3:54,OKC,rebound,,,,,,,,,,Kevin Durant,,,,,,off,,
Andre Miller,Brandon Roy,Joel Przybilla,LaMarcus Aldridge,Rudy Fernandez,Etan Thomas,Jeff Green,Kevin Durant,Kevin Ollie,Thabo Sefolosha,1,3:42,OKC,shot,,,,,,,,,,Kevin Durant,2,,,made,,jump,17,6
Andre Miller,Brandon Roy,Joel Przybilla,LaMarcus Aldridge,Rudy Fernandez,Etan Thomas,Jeff Green,Kevin Durant,Kevin Ollie,Thabo Sefolosha,1,3:28,OKC,foul,,,,,,,,Brandon Roy,,Etan Thomas,,,,,,personal,,
Andre Miller,Brandon Roy,Joel Przybilla,LaMarcus Aldridge,Rudy Fernandez,Etan Thomas,James Harden,Jeff Green,Kevin Durant,Kevin Ollie,1,3:28,OKC,sub,,,,James Harden,,Thabo Sefolosha,,,,,,,,,,,,
Andre Miller,Brandon Roy,Joel Przybilla,LaMarcus Aldridge,Rudy Fernandez,Etan Thomas,James Harden,Jeff Green,Kevin Durant,Kevin Ollie,1,3:16,POR,shot,,,,,,,,,,Brandon Roy,,,,missed,,jump,42,15
Andre Miller,Brandon Roy,Joel Przybilla,LaMarcus Aldridge,Rudy Fernandez,Etan Thomas,James Harden,Jeff Green,Kevin Durant,Kevin Ollie,1,3:15,POR,rebound,,,,,,,,,,LaMarcus Aldridge,,,,,,off,,
Andre Miller,Brandon Roy,Joel Przybilla,LaMarcus Aldridge,Rudy Fernandez,Etan Thomas,James Harden,Jeff Green,Kevin Durant,Kevin Ollie,1,3:14,POR,shot,,,,,,,,,,LaMarcus Aldridge,2,,,made,,putback dunk,25,6
Andre Miller,Brandon Roy,Joel Przybilla,LaMarcus Aldridge,Rudy Fernandez,Etan Thomas,James Harden,Jeff Green,Kevin Durant,Kevin Ollie,1,2:53,OKC,shot,,,,,,,,,,Kevin Durant,,,,missed,,jump,14,12
Andre Miller,Brandon Roy,Joel Przybilla,LaMarcus Aldridge,Rudy Fernandez,Etan Thomas,James Harden,Jeff Green,Kevin Durant,Kevin Ollie,1,2:52,POR,rebound,,,,,,,,,,Andre Miller,,,,,,def,,
Andre Miller,Brandon Roy,Joel Przybilla,LaMarcus Aldridge,Rudy Fernandez,Etan Thomas,James Harden,Jeff Green,Kevin Durant,Kevin Ollie,1,2:38,POR,shot,LaMarcus Aldridge,,,,,,,,,Joel Przybilla,2,,,made,,dunk,25,6
Andre Miller,Brandon Roy,Joel Przybilla,LaMarcus Aldridge,Rudy Fernandez,Etan Thomas,James Harden,Jeff Green,Kevin Durant,Kevin Ollie,1,2:30,OKC,timeout,,,,,,,,,,,,,,,,short,,
Andre Miller,Brandon Roy,Joel Przybilla,LaMarcus Aldridge,Rudy Fernandez,Etan Thomas,James Harden,Jeff Green,Kevin Durant,Kevin Ollie,1,2:30,POR,timeout,,,,,,,,,,,,,,,,regular,,
Andre Miller,Brandon Roy,Joel Przybilla,LaMarcus Aldridge,Rudy Fernandez,Etan Thomas,James Harden,Jeff Green,Kevin Durant,Kevin Ollie,1,2:19,OKC,shot,,,,,,,,,,Etan Thomas,,,,missed,,jump,24,20
Andre Miller,Brandon Roy,Joel Przybilla,LaMarcus Aldridge,Rudy Fernandez,Etan Thomas,James Harden,Jeff Green,Kevin Durant,Kevin Ollie,1,2:18,OKC,rebound,,,,,,,,,,,,,,,,,,
Andre Miller,Brandon Roy,Joel Przybilla,LaMarcus Aldridge,Rudy Fernandez,Etan Thomas,James Harden,Jeff Green,Kevin Durant,Kevin Ollie,1,2:18,POR,foul,,,,,,,,Kevin Durant,,Brandon Roy,,,,,,loose ball,,
Andre Miller,Joel Przybilla,LaMarcus Aldridge,Rudy Fernandez,Travis Outlaw,Etan Thomas,James Harden,Jeff Green,Kevin Durant,Kevin Ollie,1,2:18,POR,sub,,,,Travis Outlaw,,Brandon Roy,,,,,,,,,,,,
Andre Miller,Joel Przybilla,LaMarcus Aldridge,Rudy Fernandez,Travis Outlaw,Etan Thomas,James Harden,Jeff Green,Kevin Durant,Kevin Ollie,1,1:54,OKC,shot,,,LaMarcus Aldridge,,,,,,,James Harden,,,,missed,,jump,32,9
Andre Miller,Joel Przybilla,LaMarcus Aldridge,Rudy Fernandez,Travis Outlaw,Etan Thomas,James Harden,Jeff Green,Kevin Durant,Kevin Ollie,1,1:52,OKC,rebound,,,,,,,,,,James Harden,,,,,,off,,
Andre Miller,Joel Przybilla,LaMarcus Aldridge,Rudy Fernandez,Travis Outlaw,Etan Thomas,James Harden,Jeff Green,Kevin Durant,Kevin Ollie,1,1:51,OKC,shot,,,,,,,,,,James Harden,,,,missed,,layup,25,6
Andre Miller,Joel Przybilla,LaMarcus Aldridge,Rudy Fernandez,Travis Outlaw,Etan Thomas,James Harden,Jeff Green,Kevin Durant,Kevin Ollie,1,1:50,OKC,rebound,,,,,,,,,,Jeff Green,,,,,,off,,
Andre Miller,Joel Przybilla,LaMarcus Aldridge,Rudy Fernandez,Travis Outlaw,Etan Thomas,James Harden,Jeff Green,Kevin Durant,Kevin Ollie,1,1:50,OKC,shot,,,,,,,,,,Jeff Green,2,,,made,,putback layup,25,6
Andre Miller,Joel Przybilla,LaMarcus Aldridge,Rudy Fernandez,Travis Outlaw,Etan Thomas,James Harden,Jeff Green,Kevin Durant,Kevin Ollie,1,1:25,POR,shot,,,,,,,,,,Rudy Fernandez,,,,missed,,3pt,10,26
Andre Miller,Joel Przybilla,LaMarcus Aldridge,Rudy Fernandez,Travis Outlaw,Etan Thomas,James Harden,Jeff Green,Kevin Durant,Kevin Ollie,1,1:24,OKC,rebound,,,,,,,,,,,,,,,,,,
Andre Miller,Joel Przybilla,LaMarcus Aldridge,Rudy Fernandez,Travis Outlaw,Etan Thomas,James Harden,Jeff Green,Kevin Durant,Kevin Ollie,1,1:00,OKC,shot,,,,,,,,,,Jeff Green,,,,missed,,jump,6,7
Andre Miller,Joel Przybilla,LaMarcus Aldridge,Rudy Fernandez,Travis Outlaw,Etan Thomas,James Harden,Jeff Green,Kevin Durant,Kevin Ollie,1,1:00,OKC,rebound,,,,,,,,,,,,,,,,,,
Andre Miller,Joel Przybilla,LaMarcus Aldridge,Rudy Fernandez,Travis Outlaw,Etan Thomas,James Harden,Jeff Green,Kevin Durant,Kevin Ollie,1,1:00,OKC,turnover,,,,,,,,,,,,,shot clock turnover,,,,,
Andre Miller,Joel Przybilla,LaMarcus Aldridge,Rudy Fernandez,Travis Outlaw,Etan Thomas,James Harden,Jeff Green,Kevin Durant,Kevin Ollie,1,0:45,POR,shot,Rudy Fernandez,,,,,,,,,LaMarcus Aldridge,2,,,made,,alley oop dunk,25,6
Andre Miller,Joel Przybilla,LaMarcus Aldridge,Rudy Fernandez,Travis Outlaw,Etan Thomas,James Harden,Jeff Green,Kevin Durant,Kevin Ollie,1,0:28,OKC,turnover,,,,,,,,,,Jeff Green,,,lost ball,,Travis Outlaw,,,
Andre Miller,Joel Przybilla,LaMarcus Aldridge,Rudy Fernandez,Travis Outlaw,Etan Thomas,James Harden,Jeff Green,Kevin Durant,Kevin Ollie,1,0:08,POR,shot,LaMarcus Aldridge,,,,,,,,,Travis Outlaw,2,,,made,,jump,40,6
Andre Miller,Joel Przybilla,LaMarcus Aldridge,Rudy Fernandez,Travis Outlaw,Etan Thomas,James Harden,Jeff Green,Kevin Durant,Kevin Ollie,1,0:04,POR,foul,,,,,,,,Kevin Durant,,Andre Miller,,,,,,personal,,
Andre Miller,Joel Przybilla,Martell Webster,Rudy Fernandez,Travis Outlaw,Etan Thomas,James Harden,Jeff Green,Kevin Durant,Kevin Ollie,1,0:04,POR,sub,,,,Martell Webster,,LaMarcus Aldridge,,,,,,,,,,,,
Andre Miller,Joel Przybilla,Martell Webster,Rudy Fernandez,Travis Outlaw,Etan Thomas,James Harden,Jeff Green,Kevin Durant,Kevin Ollie,1,0:01,OKC,shot,,,,,,,,,,Kevin Durant,,,,missed,,3pt,11,27
Andre Miller,Joel Przybilla,Martell Webster,Rudy Fernandez,Travis Outlaw,Etan Thomas,James Harden,Jeff Green,Kevin Durant,Kevin Ollie,1,0:01,OKC,rebound,,,,,,,,,,Jeff Green,,,,,,off,,
Andre Miller,Joel Przybilla,Martell Webster,Rudy Fernandez,Travis Outlaw,Etan Thomas,James Harden,Jeff Green,Kevin Durant,Kevin Ollie,1,0:01,OKC,shot,,,,,,,,,,Jeff Green,2,,,made,,putback dunk,25,6
Andre Miller,Greg Oden,Martell Webster,Rudy Fernandez,Travis Outlaw,Etan Thomas,James Harden,Kevin Durant,Kevin Ollie,Nick Collison,2,11:44,OKC,shot,James Harden,,,,,,,,,Kevin Ollie,2,,,made,,jump,12,19
Andre Miller,Greg Oden,Martell Webster,Rudy Fernandez,Travis Outlaw,Etan Thomas,James Harden,Kevin Durant,Kevin Ollie,Nick Collison,2,11:28,POR,foul,,,,,,,,Etan Thomas,,Greg Oden,,,,,,offensive,,
Andre Miller,Greg Oden,Martell Webster,Rudy Fernandez,Travis Outlaw,Etan Thomas,James Harden,Kevin Durant,Kevin Ollie,Nick Collison,2,11:28,POR,turnover,,,,,,,,,,Greg Oden,,,foul,,,,,
Andre Miller,Greg Oden,Martell Webster,Rudy Fernandez,Travis Outlaw,Etan Thomas,James Harden,Kevin Durant,Kevin Ollie,Nick Collison,2,11:12,OKC,shot,,,,,,,,,,Kevin Durant,,,,missed,,jump,19,16
Andre Miller,Greg Oden,Martell Webster,Rudy Fernandez,Travis Outlaw,Etan Thomas,James Harden,Kevin Durant,Kevin Ollie,Nick Collison,2,11:11,POR,rebound,,,,,,,,,,Greg Oden,,,,,,def,,
Andre Miller,Greg Oden,Martell Webster,Rudy Fernandez,Travis Outlaw,Etan Thomas,James Harden,Kevin Durant,Kevin Ollie,Nick Collison,2,11:02,POR,shot,,,,,,,,,,Travis Outlaw,,,,missed,,3pt,43,22
Andre Miller,Greg Oden,Martell Webster,Rudy Fernandez,Travis Outlaw,Etan Thomas,James Harden,Kevin Durant,Kevin Ollie,Nick Collison,2,11:01,OKC,rebound,,,,,,,,,,Etan Thomas,,,,,,def,,
Andre Miller,Greg Oden,Martell Webster,Rudy Fernandez,Travis Outlaw,Etan Thomas,James Harden,Kevin Durant,Kevin Ollie,Nick Collison,2,10:49,OKC,shot,,,,,,,,,,Kevin Durant,2,,,made,,driving layup,25,6
Andre Miller,Greg Oden,Martell Webster,Rudy Fernandez,Travis Outlaw,Etan Thomas,James Harden,Kevin Durant,Kevin Ollie,Nick Collison,2,10:25,OKC,foul,,,,,,,,Rudy Fernandez,,James Harden,,,,,,shooting,,
Andre Miller,Greg Oden,Martell Webster,Rudy Fernandez,Travis Outlaw,Etan Thomas,James Harden,Kevin Durant,Kevin Ollie,Nick Collison,2,10:25,POR,free throw,,,,,,,1,,2,Rudy Fernandez,,,foul,missed,,,,
Andre Miller,Greg Oden,Martell Webster,Rudy Fernandez,Travis Outlaw,Etan Thomas,James Harden,Kevin Durant,Kevin Ollie,Nick Collison,2,10:25,POR,rebound,,,,,,,,,,,,,,,,,,
Andre Miller,Greg Oden,Martell Webster,Rudy Fernandez,Travis Outlaw,Etan Thomas,James Harden,Kevin Durant,Kevin Ollie,Nick Collison,2,10:25,POR,free throw,,,,,,,2,,2,Rudy Fernandez,,,foul,made,,,,
Andre Miller,Greg Oden,Martell Webster,Rudy Fernandez,Travis Outlaw,Etan Thomas,James Harden,Kevin Durant,Kevin Ollie,Nick Collison,2,10:04,POR,foul,,,,,,,,Kevin Durant,,Greg Oden,,,,,,shooting,,
Andre Miller,Greg Oden,Martell Webster,Rudy Fernandez,Travis Outlaw,Etan Thomas,James Harden,Kevin Durant,Kevin Ollie,Nick Collison,2,10:04,OKC,free throw,,,,,,,1,,2,Kevin Durant,,,foul,made,,,,
Andre Miller,Greg Oden,Martell Webster,Rudy Fernandez,Travis Outlaw,Etan Thomas,James Harden,Kevin Durant,Kevin Ollie,Nick Collison,2,10:04,OKC,free throw,,,,,,,2,,2,Kevin Durant,,,foul,made,,,,
Andre Miller,Greg Oden,Martell Webster,Rudy Fernandez,Travis Outlaw,Etan Thomas,James Harden,Kevin Durant,Kevin Ollie,Nick Collison,2,9:45,POR,turnover,,,,,,,,,,Rudy Fernandez,,,bad pass,,James Harden,,,
Andre Miller,Greg Oden,Martell Webster,Rudy Fernandez,Travis Outlaw,Etan Thomas,James Harden,Kevin Durant,Kevin Ollie,Nick Collison,2,9:39,OKC,shot,,,,,,,,,,James Harden,,,,missed,,layup,25,6
Andre Miller,Greg Oden,Martell Webster,Rudy Fernandez,Travis Outlaw,Etan Thomas,James Harden,Kevin Durant,Kevin Ollie,Nick Collison,2,9:38,OKC,rebound,,,,,,,,,,Etan Thomas,,,,,,off,,
Andre Miller,Greg Oden,Martell Webster,Rudy Fernandez,Travis Outlaw,Etan Thomas,James Harden,Kevin Durant,Kevin Ollie,Nick Collison,2,9:38,OKC,shot,,,,,,,,,,Etan Thomas,2,,,made,,tip,25,6
Andre Miller,Greg Oden,Martell Webster,Rudy Fernandez,Travis Outlaw,Etan Thomas,James Harden,Kevin Durant,Kevin Ollie,Nick Collison,2,9:18,POR,turnover,,,,,,,,,,Martell Webster,,,traveling,,,,,
Andre Miller,Greg Oden,Martell Webster,Rudy Fernandez,Travis Outlaw,Etan Thomas,James Harden,Jeff Green,Kevin Ollie,Nick Collison,2,9:18,OKC,sub,,,,Jeff Green,,Kevin Durant,,,,,,,,,,,,
Andre Miller,Greg Oden,Martell Webster,Rudy Fernandez,Travis Outlaw,Etan Thomas,James Harden,Jeff Green,Kevin Ollie,Nick Collison,2,8:53,OKC,turnover,,,,,,,,,,,,,shot clock turnover,,,,,
Andre Miller,Greg Oden,Martell Webster,Rudy Fernandez,Travis Outlaw,Etan Thomas,James Harden,Jeff Green,Kevin Ollie,Nick Collison,2,8:53,POR,timeout,,,,,,,,,,,,,,,,official,,
Andre Miller,Greg Oden,Martell Webster,Rudy Fernandez,Travis Outlaw,Etan Thomas,James Harden,Jeff Green,Kevin Ollie,Nick Collison,2,8:41,POR,turnover,,,,,,,,,,Travis Outlaw,,,traveling,,,,,
Andre Miller,Greg Oden,Martell Webster,Steve Blake,Travis Outlaw,Etan Thomas,James Harden,Jeff Green,Kevin Ollie,Nick Collison,2,8:41,POR,sub,,,,Steve Blake,,Rudy Fernandez,,,,,,,,,,,,
Andre Miller,Brandon Roy,Greg Oden,Steve Blake,Travis Outlaw,Etan Thomas,James Harden,Jeff Green,Kevin Ollie,Nick Collison,2,8:41,POR,sub,,,,Brandon Roy,,Martell Webster,,,,,,,,,,,,
Andre Miller,Brandon Roy,Greg Oden,Steve Blake,Travis Outlaw,Etan Thomas,James Harden,Jeff Green,Kevin Ollie,Nick Collison,2,8:27,OKC,shot,,,,,,,,,,James Harden,,,,missed,,layup,25,6
Andre Miller,Brandon Roy,Greg Oden,Steve Blake,Travis Outlaw,Etan Thomas,James Harden,Jeff Green,Kevin Ollie,Nick Collison,2,8:25,POR,rebound,,,,,,,,,,Travis Outlaw,,,,,,def,,
Andre Miller,Brandon Roy,Greg Oden,Steve Blake,Travis Outlaw,Etan Thomas,James Harden,Jeff Green,Kevin Ollie,Nick Collison,2,8:22,OKC,foul,,,,,,,,Andre Miller,,Kevin Ollie,,,,,,personal,,
Andre Miller,Brandon Roy,Greg Oden,Steve Blake,Travis Outlaw,Etan Thomas,James Harden,Jeff Green,Nick Collison,Russell Westbrook,2,8:22,OKC,sub,,,,Russell Westbrook,,Kevin Ollie,,,,,,,,,,,,
Andre Miller,Brandon Roy,Greg Oden,Steve Blake,Travis Outlaw,Etan Thomas,James Harden,Jeff Green,Nick Collison,Russell Westbrook,2,8:14,POR,turnover,,,,,,,,,,Greg Oden,,,traveling,,,,,
Andre Miller,Brandon Roy,Greg Oden,Steve Blake,Travis Outlaw,Etan Thomas,James Harden,Jeff Green,Nick Collison,Russell Westbrook,2,8:00,OKC,shot,,,,,,,,,,Jeff Green,,,,missed,,layup,25,6
Andre Miller,Brandon Roy,Greg Oden,Steve Blake,Travis Outlaw,Etan Thomas,James Harden,Jeff Green,Nick Collison,Russell Westbrook,2,7:59,OKC,rebound,,,,,,,,,,Nick Collison,,,,,,off,,
Andre Miller,Brandon Roy,Greg Oden,Steve Blake,Travis Outlaw,Etan Thomas,James Harden,Jeff Green,Nick Collison,Russell Westbrook,2,7:58,OKC,shot,,,Travis Outlaw,,,,,,,Nick Collison,,,,missed,,layup,25,6
Andre Miller,Brandon Roy,Greg Oden,Steve Blake,Travis Outlaw,Etan Thomas,James Harden,Jeff Green,Nick Collison,Russell Westbrook,2,7:56,POR,rebound,,,,,,,,,,Andre Miller,,,,,,def,,
Andre Miller,Brandon Roy,Greg Oden,Steve Blake,Travis Outlaw,Etan Thomas,James Harden,Jeff Green,Nick Collison,Russell Westbrook,2,7:43,POR,shot,Travis Outlaw,,,,,,,,,Brandon Roy,3,,,made,,3pt,13,27
Andre Miller,Brandon Roy,Greg Oden,Steve Blake,Travis Outlaw,Etan Thomas,James Harden,Jeff Green,Nick Collison,Russell Westbrook,2,7:16,OKC,shot,,,,,,,,,,James Harden,,,,missed,,jump,41,6
Andre Miller,Brandon Roy,Greg Oden,Steve Blake,Travis Outlaw,Etan Thomas,James Harden,Jeff Green,Nick Collison,Russell Westbrook,2,7:16,POR,rebound,,,,,,,,,,Greg Oden,,,,,,def,,
Andre Miller,Brandon Roy,Greg Oden,Steve Blake,Travis Outlaw,Etan Thomas,James Harden,Jeff Green,Nick Collison,Russell Westbrook,2,7:03,POR,shot,,,,,,,,,,Brandon Roy,,,,missed,,jump,32,22
Andre Miller,Brandon Roy,Greg Oden,Steve Blake,Travis Outlaw,Etan Thomas,James Harden,Jeff Green,Nick Collison,Russell Westbrook,2,7:03,OKC,rebound,,,,,,,,,,Jeff Green,,,,,,def,,
Andre Miller,Brandon Roy,Greg Oden,Steve Blake,Travis Outlaw,Etan Thomas,James Harden,Jeff Green,Nick Collison,Russell Westbrook,2,6:50,POR,foul,,,,,,,,Russell Westbrook,,Steve Blake,,,,,,shooting,,
Andre Miller,Brandon Roy,Greg Oden,Steve Blake,Travis Outlaw,Etan Thomas,James Harden,Jeff Green,Nick Collison,Russell Westbrook,2,6:50,OKC,free throw,,,,,,,1,,2,Russell Westbrook,,,foul,missed,,,,
Andre Miller,Brandon Roy,Greg Oden,Steve Blake,Travis Outlaw,Etan Thomas,James Harden,Jeff Green,Nick Collison,Russell Westbrook,2,6:50,OKC,rebound,,,,,,,,,,,,,,,,,,
Andre Miller,Brandon Roy,Joel Przybilla,Steve Blake,Travis Outlaw,Etan Thomas,James Harden,Jeff Green,Nick Collison,Russell Westbrook,2,6:50,POR,sub,,,,Joel Przybilla,,Greg Oden,,,,,,,,,,,,
Andre Miller,Brandon Roy,Joel Przybilla,Steve Blake,Travis Outlaw,Etan Thomas,James Harden,Jeff Green,Nick Collison,Russell Westbrook,2,6:50,OKC,free throw,,,,,,,2,,2,Russell Westbrook,,,foul,made,,,,
Andre Miller,Brandon Roy,Joel Przybilla,Steve Blake,Travis Outlaw,Etan Thomas,James Harden,Jeff Green,Nick Collison,Russell Westbrook,2,6:39,POR,foul,,,,,,,,Nick Collison,,Joel Przybilla,,,,,,offensive,,
Andre Miller,Brandon Roy,Joel Przybilla,Steve Blake,Travis Outlaw,Etan Thomas,James Harden,Jeff Green,Nick Collison,Russell Westbrook,2,6:39,POR,turnover,,,,,,,,,,Joel Przybilla,,,foul,,,,,
Andre Miller,Brandon Roy,Joel Przybilla,Steve Blake,Travis Outlaw,Etan Thomas,James Harden,Jeff Green,Nick Collison,Russell Westbrook,2,6:24,OKC,shot,Russell Westbrook,,,,,,,,,James Harden,3,,,made,,3pt,9,25
Andre Miller,Brandon Roy,Joel Przybilla,Steve Blake,Travis Outlaw,Etan Thomas,James Harden,Jeff Green,Nick Collison,Russell Westbrook,2,6:12,POR,turnover,,,,,,,,,,Travis Outlaw,,,traveling,,,,,
Andre Miller,Brandon Roy,Joel Przybilla,Steve Blake,Travis Outlaw,Etan Thomas,James Harden,Jeff Green,Nick Collison,Russell Westbrook,2,5:48,OKC,shot,Jeff Green,,,,,,,,,James Harden,3,,,made,,3pt,2,8
Andre Miller,Brandon Roy,Joel Przybilla,Steve Blake,Travis Outlaw,Etan Thomas,James Harden,Jeff Green,Nick Collison,Russell Westbrook,2,5:46,POR,timeout,,,,,,,,,,,,,,,,regular,,
Brandon Roy,Joel Przybilla,Juwan Howard,Steve Blake,Travis Outlaw,Etan Thomas,James Harden,Jeff Green,Nick Collison,Russell Westbrook,2,5:46,POR,sub,,,,Juwan Howard,,Andre Miller,,,,,,,,,,,,
Brandon Roy,Joel Przybilla,Juwan Howard,Martell Webster,Steve Blake,Etan Thomas,James Harden,Jeff Green,Nick Collison,Russell Westbrook,2,5:46,POR,sub,,,,Martell Webster,,Travis Outlaw,,,,,,,,,,,,
Brandon Roy,Joel Przybilla,Juwan Howard,Martell Webster,Steve Blake,Etan Thomas,James Harden,Jeff Green,Nick Collison,Russell Westbrook,2,5:24,POR,shot,Brandon Roy,,,,,,,,,Juwan Howard,2,,,made,,jump,30,20
Brandon Roy,Joel Przybilla,Juwan Howard,Martell Webster,Steve Blake,Etan Thomas,James Harden,Jeff Green,Nick Collison,Russell Westbrook,2,5:05,OKC,shot,,,,,,,,,,Russell Westbrook,2,,,made,,turnaround jump,32,11
Brandon Roy,Joel Przybilla,Juwan Howard,Martell Webster,Steve Blake,Etan Thomas,James Harden,Jeff Green,Nick Collison,Russell Westbrook,2,4:53,POR,shot,Steve Blake,,,,,,,,,Brandon Roy,2,,,made,,jump,29,16
Brandon Roy,Joel Przybilla,Juwan Howard,Martell Webster,Steve Blake,Etan Thomas,James Harden,Jeff Green,Nick Collison,Russell Westbrook,2,4:40,POR,foul,,,,,,,,Russell Westbrook,,Steve Blake,,,,,,personal,,
Brandon Roy,Joel Przybilla,Juwan Howard,Martell Webster,Steve Blake,James Harden,Jeff Green,Kevin Durant,Nick Collison,Russell Westbrook,2,4:40,OKC,sub,,,,Kevin Durant,,Etan Thomas,,,,,,,,,,,,
Brandon Roy,Joel Przybilla,Juwan Howard,Martell Webster,Steve Blake,James Harden,Jeff Green,Kevin Durant,Nick Collison,Russell Westbrook,2,4:30,OKC,shot,,,,,,,,,,Russell Westbrook,,,,missed,,jump,31,16
Brandon Roy,Joel Przybilla,Juwan Howard,Martell Webster,Steve Blake,James Harden,Jeff Green,Kevin Durant,Nick Collison,Russell Westbrook,2,4:29,POR,rebound,,,,,,,,,,Joel Przybilla,,,,,,def,,
Brandon Roy,Joel Przybilla,Juwan Howard,Martell Webster,Steve Blake,James Harden,Jeff Green,Kevin Durant,Nick Collison,Russell Westbrook,2,4:24,POR,timeout,,,,,,,,,,,,,,,,short,,
Brandon Roy,Joel Przybilla,Juwan Howard,Martell Webster,Steve Blake,James Harden,Jeff Green,Kevin Durant,Nick Collison,Russell Westbrook,2,4:09,POR,shot,,,,,,,,,,Juwan Howard,,,,missed,,jump,40,14
Brandon Roy,Joel Przybilla,Juwan Howard,Martell Webster,Steve Blake,James Harden,Jeff Green,Kevin Durant,Nick Collison,Russell Westbrook,2,4:08,POR,rebound,,,,,,,,,,Joel Przybilla,,,,,,off,,
Brandon Roy,Joel Przybilla,Juwan Howard,Martell Webster,Steve Blake,James Harden,Jeff Green,Kevin Durant,Nick Collison,Russell Westbrook,2,3:54,POR,shot,,,Nick Collison,,,,,,,Joel Przybilla,,,,missed,,jump,31,9
Brandon Roy,Joel Przybilla,Juwan Howard,Martell Webster,Steve Blake,James Harden,Jeff Green,Kevin Durant,Nick Collison,Russell Westbrook,2,3:52,OKC,rebound,,,,,,,,,,James Harden,,,,,,def,,
Brandon Roy,Joel Przybilla,Juwan Howard,Martell Webster,Steve Blake,James Harden,Jeff Green,Kevin Durant,Nick Collison,Russell Westbrook,2,3:33,OKC,shot,,,,,,,,,,Kevin Durant,,,,missed,,3pt,47,7
Brandon Roy,Joel Przybilla,Juwan Howard,Martell Webster,Steve Blake,James Harden,Jeff Green,Kevin Durant,Nick Collison,Russell Westbrook,2,3:32,POR,rebound,,,,,,,,,,Steve Blake,,,,,,def,,
Brandon Roy,Joel Przybilla,Juwan Howard,Martell Webster,Steve Blake,James Harden,Jeff Green,Kevin Durant,Nick Collison,Russell Westbrook,2,3:23,POR,shot,,,,,,,,,,Brandon Roy,,,,missed,,3pt,19,30
Brandon Roy,Joel Przybilla,Juwan Howard,Martell Webster,Steve Blake,James Harden,Jeff Green,Kevin Durant,Nick Collison,Russell Westbrook,2,3:22,OKC,rebound,,,,,,,,,,Kevin Durant,,,,,,def,,
Brandon Roy,Joel Przybilla,Juwan Howard,Martell Webster,Steve Blake,James Harden,Jeff Green,Kevin Durant,Nick Collison,Russell Westbrook,2,3:12,POR,foul,,,,,,,,Jeff Green,,Joel Przybilla,,,,,,shooting,,
Brandon Roy,Joel Przybilla,Juwan Howard,Martell Webster,Steve Blake,Jeff Green,Kevin Durant,Nick Collison,Russell Westbrook,Thabo Sefolosha,2,3:12,OKC,sub,,,,Thabo Sefolosha,,James Harden,,,,,,,,,,,,
Brandon Roy,Joel Przybilla,Juwan Howard,Martell Webster,Steve Blake,Jeff Green,Kevin Durant,Nenad Krstic,Russell Westbrook,Thabo Sefolosha,2,3:12,OKC,sub,,,,Nenad Krstic,,Nick Collison,,,,,,,,,,,,
Brandon Roy,Joel Przybilla,Juwan Howard,Martell Webster,Steve Blake,Jeff Green,Kevin Durant,Nenad Krstic,Russell Westbrook,Thabo Sefolosha,2,3:12,OKC,free throw,,,,,,,1,,2,Jeff Green,,,foul,made,,,,
Brandon Roy,Greg Oden,Juwan Howard,Martell Webster,Steve Blake,Jeff Green,Kevin Durant,Nenad Krstic,Russell Westbrook,Thabo Sefolosha,2,3:12,POR,sub,,,,Greg Oden,,Joel Przybilla,,,,,,,,,,,,
Brandon Roy,Greg Oden,Juwan Howard,Martell Webster,Steve Blake,Jeff Green,Kevin Durant,Nenad Krstic,Russell Westbrook,Thabo Sefolosha,2,3:12,OKC,free throw,,,,,,,2,,2,Jeff Green,,,foul,missed,,,,
Brandon Roy,Greg Oden,Juwan Howard,Martell Webster,Steve Blake,Jeff Green,Kevin Durant,Nenad Krstic,Russell Westbrook,Thabo Sefolosha,2,3:11,POR,rebound,,,,,,,,,,Greg Oden,,,,,,def,,
Brandon Roy,Greg Oden,Juwan Howard,Martell Webster,Steve Blake,Jeff Green,Kevin Durant,Nenad Krstic,Russell Westbrook,Thabo Sefolosha,2,2:52,POR,shot,,,,,,,,,,Brandon Roy,,,,missed,,layup,25,6
Brandon Roy,Greg Oden,Juwan Howard,Martell Webster,Steve Blake,Jeff Green,Kevin Durant,Nenad Krstic,Russell Westbrook,Thabo Sefolosha,2,2:51,OKC,rebound,,,,,,,,,,Jeff Green,,,,,,def,,
Brandon Roy,Greg Oden,Juwan Howard,Martell Webster,Steve Blake,Jeff Green,Kevin Durant,Nenad Krstic,Russell Westbrook,Thabo Sefolosha,2,2:44,OKC,turnover,,,,,,,,,,Russell Westbrook,,,lost ball,,Martell Webster,,,
Brandon Roy,Greg Oden,Juwan Howard,Martell Webster,Steve Blake,Jeff Green,Kevin Durant,Nenad Krstic,Russell Westbrook,Thabo Sefolosha,2,2:32,POR,turnover,,,,,,,,,,Steve Blake,,,bad pass,,Thabo Sefolosha,,,
Brandon Roy,Greg Oden,Juwan Howard,Martell Webster,Steve Blake,Jeff Green,Kevin Durant,Nenad Krstic,Russell Westbrook,Thabo Sefolosha,2,2:25,OKC,timeout,,,,,,,,,,,,,,,,regular,,
Brandon Roy,Juwan Howard,Martell Webster,Steve Blake,Travis Outlaw,Jeff Green,Kevin Durant,Nenad Krstic,Russell Westbrook,Thabo Sefolosha,2,2:25,POR,sub,,,,Travis Outlaw,,Greg Oden,,,,,,,,,,,,
Brandon Roy,Juwan Howard,Martell Webster,Steve Blake,Travis Outlaw,Jeff Green,Kevin Durant,Nenad Krstic,Russell Westbrook,Thabo Sefolosha,2,2:22,POR,foul,,,,,,,,Kevin Durant,,Martell Webster,,,,,,personal,,
Brandon Roy,Juwan Howard,Martell Webster,Steve Blake,Travis Outlaw,Jeff Green,Kevin Durant,Nenad Krstic,Russell Westbrook,Thabo Sefolosha,2,2:22,OKC,free throw,,,,,,,1,,2,Kevin Durant,,,foul,made,,,,
Brandon Roy,Juwan Howard,Martell Webster,Steve Blake,Travis Outlaw,Jeff Green,Kevin Durant,Nenad Krstic,Russell Westbrook,Thabo Sefolosha,2,2:22,OKC,free throw,,,,,,,2,,2,Kevin Durant,,,foul,missed,,,,
Brandon Roy,Juwan Howard,Martell Webster,Steve Blake,Travis Outlaw,Jeff Green,Kevin Durant,Nenad Krstic,Russell Westbrook,Thabo Sefolosha,2,2:20,POR,rebound,,,,,,,,,,Travis Outlaw,,,,,,def,,
Brandon Roy,Juwan Howard,Martell Webster,Steve Blake,Travis Outlaw,Jeff Green,Kevin Durant,Nenad Krstic,Russell Westbrook,Thabo Sefolosha,2,2:02,POR,shot,Martell Webster,,,,,,,,,Travis Outlaw,3,,,made,,3pt,3,8
Brandon Roy,Juwan Howard,Martell Webster,Steve Blake,Travis Outlaw,Jeff Green,Kevin Durant,Nenad Krstic,Russell Westbrook,Thabo Sefolosha,2,1:34,OKC,shot,,,,,,,,,,Jeff Green,,,,missed,,3pt,37,27
Brandon Roy,Juwan Howard,Martell Webster,Steve Blake,Travis Outlaw,Jeff Green,Kevin Durant,Nenad Krstic,Russell Westbrook,Thabo Sefolosha,2,1:32,POR,rebound,,,,,,,,,,,,,,,,,,
Brandon Roy,Juwan Howard,Martell Webster,Steve Blake,Travis Outlaw,Jeff Green,Kevin Durant,Kevin Ollie,Nenad Krstic,Thabo Sefolosha,2,1:32,OKC,sub,,,,Kevin Ollie,,Russell Westbrook,,,,,,,,,,,,
Brandon Roy,Juwan Howard,Martell Webster,Steve Blake,Travis Outlaw,Jeff Green,Kevin Durant,Kevin Ollie,Nenad Krstic,Thabo Sefolosha,2,1:14,POR,shot,Brandon Roy,,,,,,,,,Steve Blake,3,,,made,,3pt,21,30
Brandon Roy,Juwan Howard,Martell Webster,Steve Blake,Travis Outlaw,Jeff Green,Kevin Durant,Kevin Ollie,Nenad Krstic,Thabo Sefolosha,2,0:56,POR,foul,,,,,,,,Kevin Durant,,Juwan Howard,,,,,,personal,,
Brandon Roy,Juwan Howard,Martell Webster,Steve Blake,Travis Outlaw,Jeff Green,Kevin Durant,Kevin Ollie,Nenad Krstic,Thabo Sefolosha,2,0:56,OKC,free throw,,,,,,,1,,2,Kevin Durant,,,foul,made,,,,
Brandon Roy,Juwan Howard,Martell Webster,Steve Blake,Travis Outlaw,Jeff Green,Kevin Durant,Kevin Ollie,Nenad Krstic,Thabo Sefolosha,2,0:56,OKC,free throw,,,,,,,2,,2,Kevin Durant,,,foul,made,,,,
Brandon Roy,Juwan Howard,Martell Webster,Steve Blake,Travis Outlaw,Jeff Green,Kevin Durant,Kevin Ollie,Nenad Krstic,Thabo Sefolosha,2,0:39,POR,shot,,,Nenad Krstic,,,,,,,Brandon Roy,,,,missed,,layup,25,6
Brandon Roy,Juwan Howard,Martell Webster,Steve Blake,Travis Outlaw,Jeff Green,Kevin Durant,Kevin Ollie,Nenad Krstic,Thabo Sefolosha,2,0:38,OKC,rebound,,,,,,,,,,Jeff Green,,,,,,def,,
Brandon Roy,Juwan Howard,Martell Webster,Steve Blake,Travis Outlaw,Jeff Green,Kevin Durant,Kevin Ollie,Nenad Krstic,Thabo Sefolosha,2,0:38,OKC,free throw,,,,,,,1,,1,Kevin Durant,,,technical,made,,,,
Brandon Roy,Juwan Howard,Martell Webster,Steve Blake,Travis Outlaw,Jeff Green,Kevin Durant,Kevin Ollie,Nenad Krstic,Thabo Sefolosha,2,0:22,OKC,turnover,,,,,,,,,,Kevin Durant,,,lost ball,,Steve Blake,,,
Brandon Roy,Juwan Howard,Martell Webster,Steve Blake,Travis Outlaw,Jeff Green,Kevin Durant,Kevin Ollie,Nenad Krstic,Thabo Sefolosha,2,0:04,POR,shot,,,,,,,,,,Brandon Roy,,,,missed,,3pt,24,33
Brandon Roy,Juwan Howard,Martell Webster,Steve Blake,Travis Outlaw,Jeff Green,Kevin Durant,Kevin Ollie,Nenad Krstic,Thabo Sefolosha,2,0:02,OKC,rebound,,,,,,,,,,Kevin Durant,,,,,,def,,
Brandon Roy,Juwan Howard,Martell Webster,Steve Blake,Travis Outlaw,Jeff Green,Kevin Durant,Kevin Ollie,Nenad Krstic,Thabo Sefolosha,2,0:00,OKC,shot,,,,,,,,,,Kevin Ollie,,,,missed,,layup,25,6
Brandon Roy,Juwan Howard,Martell Webster,Steve Blake,Travis Outlaw,Jeff Green,Kevin Durant,Kevin Ollie,Nenad Krstic,Thabo Sefolosha,2,0:00,OKC,rebound,,,,,,,,,,,,,,,,,,
Brandon Roy,Greg Oden,Juwan Howard,Martell Webster,Steve Blake,Jeff Green,Kevin Durant,Nenad Krstic,Russell Westbrook,Thabo Sefolosha,3,11:41,OKC,turnover,,,,,,,,,,Thabo Sefolosha,,,out of bounds lost ball turnover,,,,,
Brandon Roy,Greg Oden,Juwan Howard,Martell Webster,Steve Blake,Jeff Green,Kevin Durant,Nenad Krstic,Russell Westbrook,Thabo Sefolosha,3,11:19,POR,shot,,,,,,,,,,Juwan Howard,,,,missed,,jump,41,10
Brandon Roy,Greg Oden,Juwan Howard,Martell Webster,Steve Blake,Jeff Green,Kevin Durant,Nenad Krstic,Russell Westbrook,Thabo Sefolosha,3,11:17,POR,rebound,,,,,,,,,,Martell Webster,,,,,,off,,
Brandon Roy,Greg Oden,Juwan Howard,Martell Webster,Steve Blake,Jeff Green,Kevin Durant,Nenad Krstic,Russell Westbrook,Thabo Sefolosha,3,11:13,POR,shot,,,,,,,,,,Martell Webster,,,,missed,,jump,34,9
Brandon Roy,Greg Oden,Juwan Howard,Martell Webster,Steve Blake,Jeff Green,Kevin Durant,Nenad Krstic,Russell Westbrook,Thabo Sefolosha,3,11:13,POR,rebound,,,,,,,,,,Greg Oden,,,,,,off,,
Brandon Roy,Greg Oden,Juwan Howard,Martell Webster,Steve Blake,Jeff Green,Kevin Durant,Nenad Krstic,Russell Westbrook,Thabo Sefolosha,3,11:13,POR,shot,,,,,,,,,,Greg Oden,2,,,made,,tip,25,6
Brandon Roy,Greg Oden,Juwan Howard,Martell Webster,Steve Blake,Jeff Green,Kevin Durant,Nenad Krstic,Russell Westbrook,Thabo Sefolosha,3,11:13,POR,violation,,,,,,,,,,,,,,,,delay of game,,
Brandon Roy,Greg Oden,Juwan Howard,Martell Webster,Steve Blake,Jeff Green,Kevin Durant,Nenad Krstic,Russell Westbrook,Thabo Sefolosha,3,10:52,OKC,turnover,,,,,,,,,,Thabo Sefolosha,,,3 second violation,,,,,
Brandon Roy,Greg Oden,Juwan Howard,Martell Webster,Steve Blake,Jeff Green,Kevin Durant,Nenad Krstic,Russell Westbrook,Thabo Sefolosha,3,10:34,POR,shot,,,,,,,,,,Greg Oden,,,,missed,,hook,32,12
Brandon Roy,Greg Oden,Juwan Howard,Martell Webster,Steve Blake,Jeff Green,Kevin Durant,Nenad Krstic,Russell Westbrook,Thabo Sefolosha,3,10:33,OKC,rebound,,,,,,,,,,Kevin Durant,,,,,,def,,
Brandon Roy,Greg Oden,Juwan Howard,Martell Webster,Steve Blake,Jeff Green,Kevin Durant,Nenad Krstic,Russell Westbrook,Thabo Sefolosha,3,10:20,POR,foul,,,,,,,,Jeff Green,,Juwan Howard,,,,,,shooting,,
Brandon Roy,Greg Oden,Juwan Howard,Martell Webster,Steve Blake,Jeff Green,Kevin Durant,Nenad Krstic,Russell Westbrook,Thabo Sefolosha,3,10:20,OKC,free throw,,,,,,,1,,2,Jeff Green,,,foul,made,,,,
Brandon Roy,Greg Oden,Juwan Howard,Martell Webster,Steve Blake,Jeff Green,Kevin Durant,Nenad Krstic,Russell Westbrook,Thabo Sefolosha,3,10:20,OKC,free throw,,,,,,,2,,2,Jeff Green,,,foul,made,,,,
Brandon Roy,Greg Oden,Juwan Howard,Martell Webster,Steve Blake,Jeff Green,Kevin Durant,Nenad Krstic,Russell Westbrook,Thabo Sefolosha,3,9:57,POR,turnover,,,,,,,,,,Brandon Roy,,,lost ball,,Russell Westbrook,,,
Brandon Roy,Greg Oden,Juwan Howard,Martell Webster,Steve Blake,Jeff Green,Kevin Durant,Nenad Krstic,Russell Westbrook,Thabo Sefolosha,3,9:52,OKC,turnover,,,,,,,,,,Russell Westbrook,,,lost ball,,Martell Webster,,,
Brandon Roy,Greg Oden,Juwan Howard,Martell Webster,Steve Blake,Jeff Green,Kevin Durant,Nenad Krstic,Russell Westbrook,Thabo Sefolosha,3,9:47,POR,shot,,,,,,,,,,Martell Webster,,,,missed,,slam dunk,25,6
Brandon Roy,Greg Oden,Juwan Howard,Martell Webster,Steve Blake,Jeff Green,Kevin Durant,Nenad Krstic,Russell Westbrook,Thabo Sefolosha,3,9:46,OKC,rebound,,,,,,,,,,,,,,,,,,
Brandon Roy,Greg Oden,Juwan Howard,Martell Webster,Steve Blake,Jeff Green,Kevin Durant,Nenad Krstic,Russell Westbrook,Thabo Sefolosha,3,9:28,POR,foul,,,,,,,,Russell Westbrook,,Juwan Howard,,,,,,shooting,,
Brandon Roy,Greg Oden,Juwan Howard,Martell Webster,Steve Blake,Jeff Green,Kevin Durant,Nenad Krstic,Russell Westbrook,Thabo Sefolosha,3,9:28,OKC,free throw,,,,,,,1,,2,Russell Westbrook,,,foul,missed,,,,
Brandon Roy,Greg Oden,Juwan Howard,Martell Webster,Steve Blake,Jeff Green,Kevin Durant,Nenad Krstic,Russell Westbrook,Thabo Sefolosha,3,9:28,OKC,rebound,,,,,,,,,,,,,,,,,,
Brandon Roy,Greg Oden,Juwan Howard,Martell Webster,Steve Blake,Jeff Green,Kevin Durant,Nenad Krstic,Russell Westbrook,Thabo Sefolosha,3,9:28,OKC,free throw,,,,,,,2,,2,Russell Westbrook,,,foul,made,,,,
Brandon Roy,Greg Oden,Juwan Howard,Martell Webster,Steve Blake,Jeff Green,Kevin Durant,Nenad Krstic,Russell Westbrook,Thabo Sefolosha,3,9:08,POR,shot,,,,,,,,,,Brandon Roy,,,,missed,,fade away jumper,33,14
Brandon Roy,Greg Oden,Juwan Howard,Martell Webster,Steve Blake,Jeff Green,Kevin Durant,Nenad Krstic,Russell Westbrook,Thabo Sefolosha,3,9:07,OKC,rebound,,,,,,,,,,Jeff Green,,,,,,def,,
Brandon Roy,Greg Oden,Juwan Howard,Martell Webster,Steve Blake,Jeff Green,Kevin Durant,Nenad Krstic,Russell Westbrook,Thabo Sefolosha,3,8:57,OKC,shot,,,,,,,,,,Russell Westbrook,2,,,made,,driving layup,25,6
Brandon Roy,Greg Oden,Juwan Howard,Martell Webster,Steve Blake,Jeff Green,Kevin Durant,Nenad Krstic,Russell Westbrook,Thabo Sefolosha,3,8:39,POR,turnover,,,,,,,,,,Juwan Howard,,,bad pass,,Jeff Green,,,
Brandon Roy,Greg Oden,Juwan Howard,Martell Webster,Steve Blake,Jeff Green,Kevin Durant,Nenad Krstic,Russell Westbrook,Thabo Sefolosha,3,8:36,OKC,shot,,,,,,,,,,Kevin Durant,2,,,made,,slam dunk,25,6
Brandon Roy,Greg Oden,Juwan Howard,Martell Webster,Steve Blake,Jeff Green,Kevin Durant,Nenad Krstic,Russell Westbrook,Thabo Sefolosha,3,8:33,POR,timeout,,,,,,,,,,,,,,,,regular,,
Brandon Roy,Greg Oden,Martell Webster,Steve Blake,Travis Outlaw,Jeff Green,Kevin Durant,Nenad Krstic,Russell Westbrook,Thabo Sefolosha,3,8:33,POR,sub,,,,Travis Outlaw,,Juwan Howard,,,,,,,,,,,,
Brandon Roy,Greg Oden,Martell Webster,Steve Blake,Travis Outlaw,Jeff Green,Kevin Durant,Nenad Krstic,Russell Westbrook,Thabo Sefolosha,3,8:13,POR,turnover,,,,,,,,,,Travis Outlaw,,,lost ball,,Russell Westbrook,,,
Brandon Roy,Greg Oden,Martell Webster,Steve Blake,Travis Outlaw,Jeff Green,Kevin Durant,Nenad Krstic,Russell Westbrook,Thabo Sefolosha,3,8:12,POR,foul,,,,,,,,Russell Westbrook,,Steve Blake,,,,,,personal,,
Brandon Roy,Greg Oden,Martell Webster,Steve Blake,Travis Outlaw,Jeff Green,Kevin Durant,Nenad Krstic,Russell Westbrook,Thabo Sefolosha,3,8:03,OKC,shot,,,,,,,,,,Kevin Durant,,,,missed,,3pt,28,31
Brandon Roy,Greg Oden,Martell Webster,Steve Blake,Travis Outlaw,Jeff Green,Kevin Durant,Nenad Krstic,Russell Westbrook,Thabo Sefolosha,3,8:02,OKC,rebound,,,,,,,,,,Nenad Krstic,,,,,,off,,
Brandon Roy,Greg Oden,Martell Webster,Steve Blake,Travis Outlaw,Jeff Green,Kevin Durant,Nenad Krstic,Russell Westbrook,Thabo Sefolosha,3,8:00,POR,foul,,,,,,,,Kevin Durant,,Martell Webster,,,,,,shooting,,
Brandon Roy,Greg Oden,Martell Webster,Steve Blake,Travis Outlaw,Jeff Green,Kevin Durant,Nenad Krstic,Russell Westbrook,Thabo Sefolosha,3,8:00,OKC,free throw,,,,,,,1,,2,Kevin Durant,,,foul,made,,,,
Brandon Roy,Greg Oden,Martell Webster,Steve Blake,Travis Outlaw,Jeff Green,Kevin Durant,Nenad Krstic,Russell Westbrook,Thabo Sefolosha,3,8:00,OKC,free throw,,,,,,,2,,2,Kevin Durant,,,foul,missed,,,,
Brandon Roy,Greg Oden,Martell Webster,Steve Blake,Travis Outlaw,Jeff Green,Kevin Durant,Nenad Krstic,Russell Westbrook,Thabo Sefolosha,3,7:58,POR,rebound,,,,,,,,,,Travis Outlaw,,,,,,def,,
Brandon Roy,Greg Oden,Martell Webster,Steve Blake,Travis Outlaw,Jeff Green,Kevin Durant,Nenad Krstic,Russell Westbrook,Thabo Sefolosha,3,7:45,POR,shot,Greg Oden,,,,,,,,,Steve Blake,3,,,made,,3pt,48,7
Brandon Roy,Greg Oden,Martell Webster,Steve Blake,Travis Outlaw,Jeff Green,Kevin Durant,Nenad Krstic,Russell Westbrook,Thabo Sefolosha,3,7:30,OKC,foul,,,,,,,,Steve Blake,,Russell Westbrook,,,,,,offensive,,
Brandon Roy,Greg Oden,Martell Webster,Steve Blake,Travis Outlaw,Jeff Green,Kevin Durant,Nenad Krstic,Russell Westbrook,Thabo Sefolosha,3,7:30,OKC,turnover,,,,,,,,,,Russell Westbrook,,,foul,,,,,
Brandon Roy,Greg Oden,Martell Webster,Steve Blake,Travis Outlaw,Jeff Green,Kevin Durant,Nenad Krstic,Russell Westbrook,Thabo Sefolosha,3,7:12,POR,shot,Steve Blake,,,,,,,,,Travis Outlaw,3,,,made,,3pt,16,29
Brandon Roy,Greg Oden,Martell Webster,Steve Blake,Travis Outlaw,Jeff Green,Kevin Durant,Nenad Krstic,Russell Westbrook,Thabo Sefolosha,3,6:53,OKC,shot,,,,,,,,,,Russell Westbrook,,,,missed,,jump,29,10
Brandon Roy,Greg Oden,Martell Webster,Steve Blake,Travis Outlaw,Jeff Green,Kevin Durant,Nenad Krstic,Russell Westbrook,Thabo Sefolosha,3,6:51,OKC,rebound,,,,,,,,,,Nenad Krstic,,,,,,off,,
Brandon Roy,Greg Oden,Martell Webster,Steve Blake,Travis Outlaw,Jeff Green,Kevin Durant,Nenad Krstic,Russell Westbrook,Thabo Sefolosha,3,6:49,OKC,shot,,,Martell Webster,,,,,,,Nenad Krstic,,,,missed,,layup,25,6
Brandon Roy,Greg Oden,Martell Webster,Steve Blake,Travis Outlaw,Jeff Green,Kevin Durant,Nenad Krstic,Russell Westbrook,Thabo Sefolosha,3,6:47,POR,rebound,,,,,,,,,,Greg Oden,,,,,,def,,
Brandon Roy,Greg Oden,Martell Webster,Steve Blake,Travis Outlaw,Jeff Green,Kevin Durant,Nenad Krstic,Russell Westbrook,Thabo Sefolosha,3,6:34,POR,shot,,,,,,,,,,Steve Blake,,,,missed,,jump,18,10
Brandon Roy,Greg Oden,Martell Webster,Steve Blake,Travis Outlaw,Jeff Green,Kevin Durant,Nenad Krstic,Russell Westbrook,Thabo Sefolosha,3,6:34,OKC,rebound,,,,,,,,,,,,,,,,,,
Brandon Roy,Greg Oden,Martell Webster,Steve Blake,Travis Outlaw,Jeff Green,Kevin Durant,Nenad Krstic,Russell Westbrook,Thabo Sefolosha,3,6:34,POR,foul,,,,,,,,Jeff Green,,Greg Oden,,,,,,loose ball,,
Brandon Roy,Greg Oden,Martell Webster,Steve Blake,Travis Outlaw,Jeff Green,Kevin Durant,Nenad Krstic,Russell Westbrook,Thabo Sefolosha,3,6:34,OKC,free throw,,,,,,,1,,2,Jeff Green,,,foul,made,,,,
Brandon Roy,Greg Oden,Martell Webster,Steve Blake,Travis Outlaw,Jeff Green,Kevin Durant,Nenad Krstic,Russell Westbrook,Thabo Sefolosha,3,6:34,OKC,free throw,,,,,,,2,,2,Jeff Green,,,foul,made,,,,
Brandon Roy,Greg Oden,Martell Webster,Steve Blake,Travis Outlaw,Jeff Green,Kevin Durant,Nenad Krstic,Russell Westbrook,Thabo Sefolosha,3,6:21,OKC,foul,,,,,,,,Brandon Roy,,Thabo Sefolosha,,,,,,personal,,
Brandon Roy,Greg Oden,Martell Webster,Steve Blake,Travis Outlaw,Jeff Green,Kevin Durant,Nenad Krstic,Russell Westbrook,Thabo Sefolosha,3,6:09,POR,shot,,,,,,,,,,Martell Webster,2,,,made,,jump,43,7
Brandon Roy,Greg Oden,Martell Webster,Steve Blake,Travis Outlaw,Jeff Green,Kevin Durant,Nenad Krstic,Russell Westbrook,Thabo Sefolosha,3,5:54,OKC,shot,,,,,,,,,,Kevin Durant,,,,missed,,jump,12,11
Brandon Roy,Greg Oden,Martell Webster,Steve Blake,Travis Outlaw,Jeff Green,Kevin Durant,Nenad Krstic,Russell Westbrook,Thabo Sefolosha,3,5:52,POR,rebound,,,,,,,,,,Greg Oden,,,,,,def,,
Brandon Roy,Greg Oden,Martell Webster,Steve Blake,Travis Outlaw,Jeff Green,Kevin Durant,Nenad Krstic,Russell Westbrook,Thabo Sefolosha,3,5:35,POR,shot,Brandon Roy,,,,,,,,,Martell Webster,3,,,made,,3pt,7,23
Brandon Roy,Greg Oden,Martell Webster,Steve Blake,Travis Outlaw,Jeff Green,Kevin Durant,Nenad Krstic,Russell Westbrook,Thabo Sefolosha,3,5:34,OKC,timeout,,,,,,,,,,,,,,,,regular,,
Brandon Roy,Greg Oden,Martell Webster,Steve Blake,Travis Outlaw,Etan Thomas,Jeff Green,Kevin Durant,Russell Westbrook,Thabo Sefolosha,3,5:34,OKC,sub,,,,Etan Thomas,,Nenad Krstic,,,,,,,,,,,,
Brandon Roy,Greg Oden,Martell Webster,Steve Blake,Travis Outlaw,Etan Thomas,Jeff Green,Kevin Durant,Russell Westbrook,Thabo Sefolosha,3,5:21,OKC,shot,,,,,,,,,,Thabo Sefolosha,,,,missed,,jump,35,20
Brandon Roy,Greg Oden,Martell Webster,Steve Blake,Travis Outlaw,Etan Thomas,Jeff Green,Kevin Durant,Russell Westbrook,Thabo Sefolosha,3,5:19,POR,rebound,,,,,,,,,,Greg Oden,,,,,,def,,
Brandon Roy,Greg Oden,Martell Webster,Steve Blake,Travis Outlaw,Etan Thomas,Jeff Green,Kevin Durant,Russell Westbrook,Thabo Sefolosha,3,4:56,POR,shot,,,,,,,,,,Martell Webster,2,,,made,,driving slam dunk,25,6
Brandon Roy,Greg Oden,Martell Webster,Steve Blake,Travis Outlaw,Etan Thomas,Jeff Green,Kevin Durant,Russell Westbrook,Thabo Sefolosha,3,4:33,OKC,shot,,,,,,,,,,Jeff Green,,,,missed,,jump,10,10
Brandon Roy,Greg Oden,Martell Webster,Steve Blake,Travis Outlaw,Etan Thomas,Jeff Green,Kevin Durant,Russell Westbrook,Thabo Sefolosha,3,4:33,POR,rebound,,,,,,,,,,Martell Webster,,,,,,def,,
Brandon Roy,Greg Oden,Martell Webster,Steve Blake,Travis Outlaw,Etan Thomas,Jeff Green,Kevin Durant,Russell Westbrook,Thabo Sefolosha,3,4:17,POR,shot,,,,,,,,,,Travis Outlaw,,,,missed,,3pt,3,8
Brandon Roy,Greg Oden,Martell Webster,Steve Blake,Travis Outlaw,Etan Thomas,Jeff Green,Kevin Durant,Russell Westbrook,Thabo Sefolosha,3,4:16,OKC,rebound,,,,,,,,,,Etan Thomas,,,,,,def,,
Brandon Roy,Greg Oden,Martell Webster,Steve Blake,Travis Outlaw,Etan Thomas,Jeff Green,Kevin Durant,Russell Westbrook,Thabo Sefolosha,3,4:06,OKC,shot,,,,,,,,,,Russell Westbrook,2,,,made,,jump,29,20
Brandon Roy,Greg Oden,Martell Webster,Steve Blake,Travis Outlaw,Etan Thomas,Jeff Green,Kevin Durant,Russell Westbrook,Thabo Sefolosha,3,3:40,POR,shot,,,,,,,,,,Brandon Roy,2,,,made,,fade away jumper,13,8
Brandon Roy,Greg Oden,Martell Webster,Steve Blake,Travis Outlaw,Etan Thomas,Jeff Green,Kevin Durant,Russell Westbrook,Thabo Sefolosha,3,3:22,OKC,shot,,,,,,,,,,Russell Westbrook,2,,,made,,driving layup,25,6
Brandon Roy,Greg Oden,Martell Webster,Steve Blake,Travis Outlaw,Etan Thomas,Jeff Green,Kevin Durant,Russell Westbrook,Thabo Sefolosha,3,2:55,POR,shot,,,,,,,,,,Steve Blake,,,,missed,,layup,25,6
Brandon Roy,Greg Oden,Martell Webster,Steve Blake,Travis Outlaw,Etan Thomas,Jeff Green,Kevin Durant,Russell Westbrook,Thabo Sefolosha,3,2:54,OKC,rebound,,,,,,,,,,Etan Thomas,,,,,,def,,
Brandon Roy,Greg Oden,Martell Webster,Steve Blake,Travis Outlaw,Etan Thomas,Jeff Green,Kevin Durant,Russell Westbrook,Thabo Sefolosha,3,2:50,OKC,shot,Russell Westbrook,,,,,,,,,Thabo Sefolosha,2,,,made,,layup,25,6
Brandon Roy,Greg Oden,Martell Webster,Steve Blake,Travis Outlaw,Etan Thomas,Jeff Green,Kevin Durant,Russell Westbrook,Thabo Sefolosha,3,2:28,POR,shot,,,,,,,,,,Martell Webster,,,,missed,,layup,25,6
Brandon Roy,Greg Oden,Martell Webster,Steve Blake,Travis Outlaw,Etan Thomas,Jeff Green,Kevin Durant,Russell Westbrook,Thabo Sefolosha,3,2:27,POR,rebound,,,,,,,,,,Greg Oden,,,,,,off,,
Brandon Roy,Greg Oden,Martell Webster,Steve Blake,Travis Outlaw,Etan Thomas,Jeff Green,Kevin Durant,Russell Westbrook,Thabo Sefolosha,3,2:27,POR,shot,,,,,,,,,,Greg Oden,2,,,made,,putback dunk,25,6
Brandon Roy,Greg Oden,Martell Webster,Steve Blake,Travis Outlaw,Etan Thomas,Jeff Green,Kevin Durant,Russell Westbrook,Thabo Sefolosha,3,2:09,OKC,shot,,,,,,,,,,Russell Westbrook,2,,,made,,jump,11,6
Brandon Roy,Greg Oden,Martell Webster,Steve Blake,Travis Outlaw,Etan Thomas,Jeff Green,Kevin Durant,Russell Westbrook,Thabo Sefolosha,3,1:53,POR,shot,,,,,,,,,,Brandon Roy,,,,missed,,layup,25,6
Brandon Roy,Greg Oden,Martell Webster,Steve Blake,Travis Outlaw,Etan Thomas,Jeff Green,Kevin Durant,Russell Westbrook,Thabo Sefolosha,3,1:52,OKC,rebound,,,,,,,,,,Jeff Green,,,,,,def,,
Brandon Roy,Greg Oden,Martell Webster,Steve Blake,Travis Outlaw,Etan Thomas,Jeff Green,Kevin Durant,Russell Westbrook,Thabo Sefolosha,3,1:52,POR,foul,,,,,,,,Jeff Green,,Greg Oden,,,,,,personal,,
Brandon Roy,Joel Przybilla,Martell Webster,Steve Blake,Travis Outlaw,Etan Thomas,Jeff Green,Kevin Durant,Russell Westbrook,Thabo Sefolosha,3,1:52,POR,sub,,,,Joel Przybilla,,Greg Oden,,,,,,,,,,,,
Andre Miller,Brandon Roy,Joel Przybilla,Martell Webster,Travis Outlaw,Etan Thomas,Jeff Green,Kevin Durant,Russell Westbrook,Thabo Sefolosha,3,1:52,POR,sub,,,,Andre Miller,,Steve Blake,,,,,,,,,,,,
Andre Miller,Brandon Roy,Joel Przybilla,Martell Webster,Travis Outlaw,Etan Thomas,James Harden,Jeff Green,Kevin Durant,Russell Westbrook,3,1:52,OKC,sub,,,,James Harden,,Thabo Sefolosha,,,,,,,,,,,,
Andre Miller,Brandon Roy,Joel Przybilla,Martell Webster,Travis Outlaw,Etan Thomas,James Harden,Jeff Green,Kevin Durant,Russell Westbrook,3,1:52,OKC,free throw,,,,,,,1,,2,Jeff Green,,,foul,missed,,,,
Andre Miller,Brandon Roy,Joel Przybilla,Martell Webster,Travis Outlaw,Etan Thomas,James Harden,Jeff Green,Kevin Durant,Russell Westbrook,3,1:52,OKC,rebound,,,,,,,,,,,,,,,,,,
Andre Miller,Brandon Roy,Joel Przybilla,Martell Webster,Travis Outlaw,Etan Thomas,James Harden,Jeff Green,Kevin Durant,Russell Westbrook,3,1:52,POR,violation,,,,,,,,,,Andre Miller,,,,,,lane,,
Andre Miller,Brandon Roy,Joel Przybilla,Martell Webster,Travis Outlaw,Etan Thomas,James Harden,Jeff Green,Kevin Durant,Russell Westbrook,3,1:52,OKC,free throw,,,,,,,2,,2,Jeff Green,,,foul,made,,,,
Andre Miller,Brandon Roy,Joel Przybilla,Martell Webster,Travis Outlaw,Etan Thomas,James Harden,Kevin Durant,Nick Collison,Russell Westbrook,3,1:41,OKC,sub,,,,Nick Collison,,Jeff Green,,,,,,,,,,,,
Andre Miller,Brandon Roy,Joel Przybilla,Martell Webster,Travis Outlaw,Etan Thomas,James Harden,Kevin Durant,Nick Collison,Russell Westbrook,3,1:39,POR,shot,,,,,,,,,,Travis Outlaw,,,,missed,,jump,11,11
Andre Miller,Brandon Roy,Joel Przybilla,Martell Webster,Travis Outlaw,Etan Thomas,James Harden,Kevin Durant,Nick Collison,Russell Westbrook,3,1:37,OKC,rebound,,,,,,,,,,Etan Thomas,,,,,,def,,
Andre Miller,Brandon Roy,Joel Przybilla,Martell Webster,Travis Outlaw,Etan Thomas,James Harden,Kevin Durant,Nick Collison,Russell Westbrook,3,1:18,OKC,shot,,,,,,,,,,James Harden,,,,missed,,3pt,41,24
Andre Miller,Brandon Roy,Joel Przybilla,Martell Webster,Travis Outlaw,Etan Thomas,James Harden,Kevin Durant,Nick Collison,Russell Westbrook,3,1:17,POR,rebound,,,,,,,,,,Joel Przybilla,,,,,,def,,
Andre Miller,Brandon Roy,Joel Przybilla,Martell Webster,Travis Outlaw,Etan Thomas,James Harden,Kevin Durant,Nick Collison,Russell Westbrook,3,0:57,POR,shot,,,,,,,,,,Martell Webster,,,,missed,,3pt,43,22
Andre Miller,Brandon Roy,Joel Przybilla,Martell Webster,Travis Outlaw,Etan Thomas,James Harden,Kevin Durant,Nick Collison,Russell Westbrook,3,0:57,OKC,rebound,,,,,,,,,,Russell Westbrook,,,,,,def,,
Andre Miller,Brandon Roy,Joel Przybilla,Martell Webster,Travis Outlaw,Etan Thomas,James Harden,Kevin Durant,Nick Collison,Russell Westbrook,3,0:50,OKC,shot,,,,,,,,,,Russell Westbrook,,,,missed,,jump,37,19
Andre Miller,Brandon Roy,Joel Przybilla,Martell Webster,Travis Outlaw,Etan Thomas,James Harden,Kevin Durant,Nick Collison,Russell Westbrook,3,0:49,POR,rebound,,,,,,,,,,Joel Przybilla,,,,,,def,,
Andre Miller,Brandon Roy,Joel Przybilla,Martell Webster,Travis Outlaw,Etan Thomas,James Harden,Kevin Durant,Nick Collison,Russell Westbrook,3,0:37,POR,shot,,,,,,,,,,Brandon Roy,,,,missed,,jump,32,12
Andre Miller,Brandon Roy,Joel Przybilla,Martell Webster,Travis Outlaw,Etan Thomas,James Harden,Kevin Durant,Nick Collison,Russell Westbrook,3,0:37,POR,rebound,,,,,,,,,,,,,,,,,,
Andre Miller,Brandon Roy,Joel Przybilla,Martell Webster,Travis Outlaw,Etan Thomas,James Harden,Kevin Durant,Nick Collison,Russell Westbrook,3,0:37,OKC,foul,,,,,,,,Joel Przybilla,,Etan Thomas,,,,,,loose ball,,
Andre Miller,Joel Przybilla,Martell Webster,Rudy Fernandez,Travis Outlaw,Etan Thomas,James Harden,Kevin Durant,Nick Collison,Russell Westbrook,3,0:37,POR,sub,,,,Rudy Fernandez,,Brandon Roy,,,,,,,,,,,,
Andre Miller,Joel Przybilla,Martell Webster,Rudy Fernandez,Travis Outlaw,Etan Thomas,James Harden,Kevin Durant,Kevin Ollie,Nick Collison,3,0:37,OKC,sub,,,,Kevin Ollie,,Russell Westbrook,,,,,,,,,,,,
Andre Miller,Joel Przybilla,Martell Webster,Rudy Fernandez,Travis Outlaw,Etan Thomas,James Harden,Kevin Durant,Kevin Ollie,Nick Collison,3,0:25,POR,shot,,,,,,,,,,Joel Przybilla,,,,missed,,layup,25,6
Andre Miller,Joel Przybilla,Martell Webster,Rudy Fernandez,Travis Outlaw,Etan Thomas,James Harden,Kevin Durant,Kevin Ollie,Nick Collison,3,0:24,POR,rebound,,,,,,,,,,Joel Przybilla,,,,,,off,,
Andre Miller,Joel Przybilla,Martell Webster,Rudy Fernandez,Travis Outlaw,Etan Thomas,James Harden,Kevin Durant,Kevin Ollie,Nick Collison,3,0:23,POR,shot,,,,,,,,,,Joel Przybilla,,,,missed,,layup,25,6
Andre Miller,Joel Przybilla,Martell Webster,Rudy Fernandez,Travis Outlaw,Etan Thomas,James Harden,Kevin Durant,Kevin Ollie,Nick Collison,3,0:23,POR,rebound,,,,,,,,,,,,,,,,,,
Andre Miller,Joel Przybilla,Martell Webster,Rudy Fernandez,Travis Outlaw,Etan Thomas,James Harden,Kevin Durant,Kevin Ollie,Nick Collison,3,0:02,OKC,foul,,,,,,,,Andre Miller,,Nick Collison,,,,,,shooting,,
Andre Miller,Joel Przybilla,Martell Webster,Rudy Fernandez,Travis Outlaw,Etan Thomas,James Harden,Kevin Durant,Kevin Ollie,Nick Collison,3,0:02,POR,free throw,,,,,,,1,,2,Andre Miller,,,foul,made,,,,
Andre Miller,Joel Przybilla,Martell Webster,Rudy Fernandez,Travis Outlaw,Etan Thomas,James Harden,Kevin Durant,Kevin Ollie,Nick Collison,3,0:02,POR,free throw,,,,,,,2,,2,Andre Miller,,,foul,made,,,,
Andre Miller,Joel Przybilla,Martell Webster,Rudy Fernandez,Travis Outlaw,Etan Thomas,James Harden,Kevin Durant,Kevin Ollie,Nick Collison,3,0:00,OKC,turnover,,,,,,,,,,James Harden,,,lost ball,,Rudy Fernandez,,,
Andre Miller,Joel Przybilla,Martell Webster,Rudy Fernandez,Travis Outlaw,Etan Thomas,James Harden,Kevin Durant,Kevin Ollie,Nick Collison,4,11:41,POR,shot,,,James Harden,,,,,,,Rudy Fernandez,,,,missed,,jump,42,7
Andre Miller,Joel Przybilla,Martell Webster,Rudy Fernandez,Travis Outlaw,Etan Thomas,James Harden,Kevin Durant,Kevin Ollie,Nick Collison,4,11:40,POR,rebound,,,,,,,,,,Andre Miller,,,,,,off,,
Andre Miller,Joel Przybilla,Martell Webster,Rudy Fernandez,Travis Outlaw,Etan Thomas,James Harden,Kevin Durant,Kevin Ollie,Nick Collison,4,11:40,POR,turnover,,,,,,,,,,Andre Miller,,,bad pass,,,,,
Andre Miller,Joel Przybilla,Martell Webster,Rudy Fernandez,Travis Outlaw,Etan Thomas,James Harden,Kevin Durant,Kevin Ollie,Nick Collison,4,11:24,OKC,shot,,,,,,,,,,Kevin Durant,,,,missed,,jump,29,20
Andre Miller,Joel Przybilla,Martell Webster,Rudy Fernandez,Travis Outlaw,Etan Thomas,James Harden,Kevin Durant,Kevin Ollie,Nick Collison,4,11:22,POR,rebound,,,,,,,,,,Martell Webster,,,,,,def,,
Andre Miller,Joel Przybilla,Martell Webster,Rudy Fernandez,Travis Outlaw,Etan Thomas,James Harden,Kevin Durant,Kevin Ollie,Nick Collison,4,10:59,POR,shot,,,,,,,,,,Travis Outlaw,,,,missed,,jump,10,15
Andre Miller,Joel Przybilla,Martell Webster,Rudy Fernandez,Travis Outlaw,Etan Thomas,James Harden,Kevin Durant,Kevin Ollie,Nick Collison,4,10:58,OKC,rebound,,,,,,,,,,James Harden,,,,,,def,,
Andre Miller,Joel Przybilla,Martell Webster,Rudy Fernandez,Travis Outlaw,Etan Thomas,James Harden,Kevin Durant,Kevin Ollie,Nick Collison,4,10:56,POR,foul,,,,,,,,James Harden,,Andre Miller,,,,,,personal,,
Andre Miller,Joel Przybilla,Martell Webster,Rudy Fernandez,Travis Outlaw,Etan Thomas,James Harden,Jeff Green,Kevin Ollie,Nick Collison,4,10:56,OKC,sub,,,,Jeff Green,,Kevin Durant,,,,,,,,,,,,
Andre Miller,Joel Przybilla,Martell Webster,Rudy Fernandez,Travis Outlaw,Etan Thomas,James Harden,Jeff Green,Kevin Ollie,Nick Collison,4,10:42,OKC,turnover,,,,,,,,,,Jeff Green,,,traveling,,,,,
Andre Miller,Joel Przybilla,Martell Webster,Rudy Fernandez,Travis Outlaw,Etan Thomas,James Harden,Jeff Green,Kevin Ollie,Nick Collison,4,10:20,POR,shot,Travis Outlaw,,,,,,,,,Martell Webster,2,,,made,,jump,4,7
Andre Miller,Joel Przybilla,Martell Webster,Rudy Fernandez,Travis Outlaw,Etan Thomas,James Harden,Jeff Green,Kevin Ollie,Nick Collison,4,9:53,OKC,shot,,,,,,,,,,James Harden,,,,missed,,layup,25,6
Andre Miller,Joel Przybilla,Martell Webster,Rudy Fernandez,Travis Outlaw,Etan Thomas,James Harden,Jeff Green,Kevin Ollie,Nick Collison,4,9:52,OKC,rebound,,,,,,,,,,,,,,,,,,
Andre Miller,Joel Przybilla,Martell Webster,Rudy Fernandez,Travis Outlaw,Etan Thomas,James Harden,Jeff Green,Kevin Ollie,Nick Collison,4,9:52,OKC,turnover,,,,,,,,,,,,,shot clock turnover,,,,,
Andre Miller,Joel Przybilla,Martell Webster,Rudy Fernandez,Travis Outlaw,Etan Thomas,James Harden,Jeff Green,Kevin Ollie,Nick Collison,4,9:29,POR,shot,,,,,,,,,,Rudy Fernandez,,,,missed,,3pt,6,22
Andre Miller,Joel Przybilla,Martell Webster,Rudy Fernandez,Travis Outlaw,Etan Thomas,James Harden,Jeff Green,Kevin Ollie,Nick Collison,4,9:28,OKC,rebound,,,,,,,,,,Etan Thomas,,,,,,def,,
Andre Miller,Joel Przybilla,Martell Webster,Rudy Fernandez,Travis Outlaw,Etan Thomas,James Harden,Jeff Green,Kevin Ollie,Nick Collison,4,9:08,OKC,turnover,,,,,,,,,,Jeff Green,,,bad pass,,Rudy Fernandez,,,
Andre Miller,Joel Przybilla,Martell Webster,Rudy Fernandez,Travis Outlaw,Etan Thomas,James Harden,Jeff Green,Kevin Ollie,Nick Collison,4,8:48,POR,foul,,,,,,,,Kevin Ollie,,Joel Przybilla,,,,,,offensive,,
Andre Miller,Joel Przybilla,Martell Webster,Rudy Fernandez,Travis Outlaw,Etan Thomas,James Harden,Jeff Green,Kevin Ollie,Nick Collison,4,8:48,POR,turnover,,,,,,,,,,Joel Przybilla,,,foul,,,,,
Andre Miller,Joel Przybilla,Martell Webster,Rudy Fernandez,Travis Outlaw,Etan Thomas,James Harden,Jeff Green,Kevin Ollie,Nick Collison,4,8:48,OKC,timeout,,,,,,,,,,,,,,,,official,,
Andre Miller,Brandon Roy,Joel Przybilla,Rudy Fernandez,Travis Outlaw,Etan Thomas,James Harden,Jeff Green,Kevin Ollie,Nick Collison,4,8:48,POR,sub,,,,Brandon Roy,,Martell Webster,,,,,,,,,,,,
Andre Miller,Brandon Roy,Joel Przybilla,Rudy Fernandez,Travis Outlaw,Etan Thomas,James Harden,Jeff Green,Kevin Ollie,Nick Collison,4,8:28,OKC,shot,James Harden,,,,,,,,,Kevin Ollie,2,,,made,,jump,44,15
Andre Miller,Brandon Roy,Joel Przybilla,Rudy Fernandez,Travis Outlaw,Etan Thomas,James Harden,Jeff Green,Kevin Ollie,Nick Collison,4,8:16,OKC,foul,,,,,,,,Andre Miller,,James Harden,,,,,,personal,,
Andre Miller,Brandon Roy,Joel Przybilla,Rudy Fernandez,Travis Outlaw,Etan Thomas,James Harden,Jeff Green,Nick Collison,Russell Westbrook,4,8:16,OKC,sub,,,,Russell Westbrook,,Kevin Ollie,,,,,,,,,,,,
Andre Miller,Brandon Roy,Joel Przybilla,Rudy Fernandez,Travis Outlaw,Etan Thomas,Jeff Green,Kevin Durant,Nick Collison,Russell Westbrook,4,8:16,OKC,sub,,,,Kevin Durant,,James Harden,,,,,,,,,,,,
Andre Miller,Brandon Roy,Joel Przybilla,Rudy Fernandez,Travis Outlaw,Etan Thomas,Jeff Green,Kevin Durant,Nick Collison,Russell Westbrook,4,8:06,POR,shot,,,Etan Thomas,,,,,,,Travis Outlaw,,,,missed,,layup,25,6
Andre Miller,Brandon Roy,Joel Przybilla,Rudy Fernandez,Travis Outlaw,Etan Thomas,Jeff Green,Kevin Durant,Nick Collison,Russell Westbrook,4,8:04,OKC,rebound,,,,,,,,,,Nick Collison,,,,,,def,,
Andre Miller,Brandon Roy,Joel Przybilla,Rudy Fernandez,Travis Outlaw,Etan Thomas,Jeff Green,Kevin Durant,Nick Collison,Russell Westbrook,4,7:57,OKC,shot,,,,,,,,,,Kevin Durant,,,,missed,,jump,34,12
Andre Miller,Brandon Roy,Joel Przybilla,Rudy Fernandez,Travis Outlaw,Etan Thomas,Jeff Green,Kevin Durant,Nick Collison,Russell Westbrook,4,7:56,OKC,rebound,,,,,,,,,,,,,,,,,,
Andre Miller,Brandon Roy,Joel Przybilla,Rudy Fernandez,Travis Outlaw,Etan Thomas,Jeff Green,Kevin Durant,Nick Collison,Russell Westbrook,4,7:44,OKC,shot,,,,,,,,,,Kevin Durant,,,,missed,,3pt,2,8
Andre Miller,Brandon Roy,Joel Przybilla,Rudy Fernandez,Travis Outlaw,Etan Thomas,Jeff Green,Kevin Durant,Nick Collison,Russell Westbrook,4,7:43,POR,rebound,,,,,,,,,,Travis Outlaw,,,,,,def,,
Andre Miller,Brandon Roy,Joel Przybilla,Rudy Fernandez,Travis Outlaw,Etan Thomas,Jeff Green,Kevin Durant,Nick Collison,Russell Westbrook,4,7:36,POR,shot,,,,,,,,,,Andre Miller,2,,,made,,driving layup,25,6
Andre Miller,Brandon Roy,Joel Przybilla,Rudy Fernandez,Travis Outlaw,Etan Thomas,Jeff Green,Kevin Durant,Nick Collison,Russell Westbrook,4,7:14,OKC,shot,,,,,,,,,,Kevin Durant,,,,missed,,jump,32,14
Andre Miller,Brandon Roy,Joel Przybilla,Rudy Fernandez,Travis Outlaw,Etan Thomas,Jeff Green,Kevin Durant,Nick Collison,Russell Westbrook,4,7:11,OKC,rebound,,,,,,,,,,Jeff Green,,,,,,off,,
Andre Miller,Brandon Roy,Joel Przybilla,Rudy Fernandez,Travis Outlaw,Etan Thomas,Jeff Green,Kevin Durant,Nick Collison,Russell Westbrook,4,7:08,POR,foul,,,,,,,,Kevin Durant,,Travis Outlaw,,,,,,shooting,,
Andre Miller,Brandon Roy,Joel Przybilla,Rudy Fernandez,Travis Outlaw,Etan Thomas,Jeff Green,Kevin Durant,Nick Collison,Russell Westbrook,4,7:08,OKC,free throw,,,,,,,1,,2,Kevin Durant,,,foul,made,,,,
Andre Miller,Brandon Roy,Joel Przybilla,Rudy Fernandez,Travis Outlaw,Etan Thomas,Jeff Green,Kevin Durant,Nick Collison,Russell Westbrook,4,7:08,OKC,free throw,,,,,,,2,,2,Kevin Durant,,,foul,made,,,,
Andre Miller,Brandon Roy,Joel Przybilla,Rudy Fernandez,Travis Outlaw,Etan Thomas,Jeff Green,Kevin Durant,Nick Collison,Russell Westbrook,4,6:56,OKC,foul,,,,,,,,Travis Outlaw,,Nick Collison,,,,,,personal,,
Andre Miller,Brandon Roy,Joel Przybilla,Rudy Fernandez,Travis Outlaw,Etan Thomas,Jeff Green,Kevin Durant,Nick Collison,Russell Westbrook,4,6:48,OKC,foul,,,,,,,,Rudy Fernandez,,Kevin Durant,,,,,,personal,,
Andre Miller,Brandon Roy,Greg Oden,Rudy Fernandez,Travis Outlaw,Etan Thomas,Jeff Green,Kevin Durant,Nick Collison,Russell Westbrook,4,6:48,POR,sub,,,,Greg Oden,,Joel Przybilla,,,,,,,,,,,,
Andre Miller,Brandon Roy,Greg Oden,Rudy Fernandez,Travis Outlaw,Etan Thomas,Jeff Green,Kevin Durant,Nick Collison,Russell Westbrook,4,6:36,POR,shot,,,,,,,,,,Brandon Roy,,,,missed,,3pt,34,28
Andre Miller,Brandon Roy,Greg Oden,Rudy Fernandez,Travis Outlaw,Etan Thomas,Jeff Green,Kevin Durant,Nick Collison,Russell Westbrook,4,6:35,OKC,rebound,,,,,,,,,,,,,,,,,,
Andre Miller,Brandon Roy,Greg Oden,Rudy Fernandez,Travis Outlaw,Etan Thomas,Jeff Green,Kevin Durant,Nick Collison,Russell Westbrook,4,6:35,POR,foul,,,,,,,,Nick Collison,,Andre Miller,,,,,,loose ball,,
Andre Miller,Brandon Roy,Greg Oden,Rudy Fernandez,Travis Outlaw,Etan Thomas,Jeff Green,Kevin Durant,Nick Collison,Russell Westbrook,4,6:25,POR,foul,,,,,,,,Kevin Durant,,Rudy Fernandez,,,,,,personal,,
Andre Miller,Brandon Roy,Greg Oden,Martell Webster,Travis Outlaw,Etan Thomas,Jeff Green,Kevin Durant,Nick Collison,Russell Westbrook,4,6:25,POR,sub,,,,Martell Webster,,Rudy Fernandez,,,,,,,,,,,,
Andre Miller,Brandon Roy,Greg Oden,Martell Webster,Travis Outlaw,Etan Thomas,Jeff Green,Kevin Durant,Nick Collison,Russell Westbrook,4,6:18,OKC,turnover,,,,,,,,,,Russell Westbrook,,,lost ball,,Martell Webster,,,
Andre Miller,Brandon Roy,Greg Oden,Martell Webster,Travis Outlaw,Etan Thomas,Jeff Green,Kevin Durant,Nick Collison,Russell Westbrook,4,6:18,OKC,foul,,,,,,,,Martell Webster,,Russell Westbrook,,,,,,loose ball,,
Andre Miller,Brandon Roy,Greg Oden,Martell Webster,Travis Outlaw,Etan Thomas,Jeff Green,Kevin Durant,Nick Collison,Russell Westbrook,4,5:58,POR,shot,,,,,,,,,,Martell Webster,,,,missed,,3pt,40,25
Andre Miller,Brandon Roy,Greg Oden,Martell Webster,Travis Outlaw,Etan Thomas,Jeff Green,Kevin Durant,Nick Collison,Russell Westbrook,4,5:56,POR,rebound,,,,,,,,,,Travis Outlaw,,,,,,off,,
Andre Miller,Brandon Roy,Greg Oden,Martell Webster,Travis Outlaw,Etan Thomas,Jeff Green,Kevin Durant,Nick Collison,Russell Westbrook,4,5:48,OKC,foul,,,,,,,,Brandon Roy,,Jeff Green,,,,,,personal,,
Andre Miller,Brandon Roy,Greg Oden,Martell Webster,Travis Outlaw,Etan Thomas,Jeff Green,Kevin Durant,Russell Westbrook,Thabo Sefolosha,4,5:48,OKC,sub,,,,Thabo Sefolosha,,Nick Collison,,,,,,,,,,,,
Andre Miller,Brandon Roy,Greg Oden,Martell Webster,Travis Outlaw,Etan Thomas,Jeff Green,Kevin Durant,Russell Westbrook,Thabo Sefolosha,4,5:48,POR,free throw,,,,,,,1,,2,Brandon Roy,,,foul,made,,,,
Andre Miller,Brandon Roy,Greg Oden,Martell Webster,Travis Outlaw,Etan Thomas,Jeff Green,Kevin Durant,Russell Westbrook,Thabo Sefolosha,4,5:48,POR,free throw,,,,,,,2,,2,Brandon Roy,,,foul,missed,,,,
Andre Miller,Brandon Roy,Greg Oden,Martell Webster,Travis Outlaw,Etan Thomas,Jeff Green,Kevin Durant,Russell Westbrook,Thabo Sefolosha,4,5:46,OKC,rebound,,,,,,,,,,Etan Thomas,,,,,,def,,
Andre Miller,Brandon Roy,Greg Oden,Martell Webster,Travis Outlaw,Etan Thomas,Jeff Green,Kevin Durant,Russell Westbrook,Thabo Sefolosha,4,5:28,POR,foul,,,,,,,,Russell Westbrook,,Andre Miller,,,,,,shooting,,
Andre Miller,Brandon Roy,Greg Oden,Martell Webster,Travis Outlaw,Etan Thomas,Jeff Green,Kevin Durant,Russell Westbrook,Thabo Sefolosha,4,5:28,OKC,free throw,,,,,,,1,,2,Russell Westbrook,,,foul,made,,,,
Andre Miller,Brandon Roy,Greg Oden,Martell Webster,Travis Outlaw,Etan Thomas,Jeff Green,Kevin Durant,Russell Westbrook,Thabo Sefolosha,4,5:28,OKC,free throw,,,,,,,2,,2,Russell Westbrook,,,foul,made,,,,
Andre Miller,Brandon Roy,Greg Oden,Martell Webster,Travis Outlaw,Etan Thomas,Jeff Green,Kevin Durant,Russell Westbrook,Thabo Sefolosha,4,5:11,OKC,foul,,,,,,,,Brandon Roy,,Thabo Sefolosha,,,,,,shooting,,
Brandon Roy,Greg Oden,Martell Webster,Steve Blake,Travis Outlaw,Etan Thomas,Jeff Green,Kevin Durant,Russell Westbrook,Thabo Sefolosha,4,5:11,POR,sub,,,,Steve Blake,,Andre Miller,,,,,,,,,,,,
Brandon Roy,Greg Oden,Martell Webster,Steve Blake,Travis Outlaw,Etan Thomas,Jeff Green,Kevin Durant,Russell Westbrook,Thabo Sefolosha,4,5:11,POR,free throw,,,,,,,1,,2,Brandon Roy,,,foul,missed,,,,
Brandon Roy,Greg Oden,Martell Webster,Steve Blake,Travis Outlaw,Etan Thomas,Jeff Green,Kevin Durant,Russell Westbrook,Thabo Sefolosha,4,5:11,POR,rebound,,,,,,,,,,,,,,,,,,
Brandon Roy,Greg Oden,Martell Webster,Steve Blake,Travis Outlaw,Etan Thomas,Jeff Green,Kevin Durant,Russell Westbrook,Thabo Sefolosha,4,5:11,POR,free throw,,,,,,,2,,2,Brandon Roy,,,foul,made,,,,
Brandon Roy,Greg Oden,Martell Webster,Steve Blake,Travis Outlaw,Etan Thomas,Jeff Green,Kevin Durant,Russell Westbrook,Thabo Sefolosha,4,4:54,OKC,shot,,,,,,,,,,Jeff Green,,,,missed,,jump,25,11
Brandon Roy,Greg Oden,Martell Webster,Steve Blake,Travis Outlaw,Etan Thomas,Jeff Green,Kevin Durant,Russell Westbrook,Thabo Sefolosha,4,4:53,OKC,rebound,,,,,,,,,,Etan Thomas,,,,,,off,,
Brandon Roy,Greg Oden,Martell Webster,Steve Blake,Travis Outlaw,Etan Thomas,Jeff Green,Kevin Durant,Russell Westbrook,Thabo Sefolosha,4,4:52,OKC,shot,,,,,,,,,,Etan Thomas,,,,missed,,layup,25,6
Brandon Roy,Greg Oden,Martell Webster,Steve Blake,Travis Outlaw,Etan Thomas,Jeff Green,Kevin Durant,Russell Westbrook,Thabo Sefolosha,4,4:51,POR,rebound,,,,,,,,,,Greg Oden,,,,,,def,,
Brandon Roy,Greg Oden,Martell Webster,Steve Blake,Travis Outlaw,Etan Thomas,Jeff Green,Kevin Durant,Russell Westbrook,Thabo Sefolosha,4,4:33,OKC,foul,,,,,,,,Martell Webster,,Kevin Durant,,,,,,shooting,,
Brandon Roy,Greg Oden,Martell Webster,Steve Blake,Travis Outlaw,Etan Thomas,Jeff Green,Kevin Durant,Russell Westbrook,Thabo Sefolosha,4,4:33,POR,free throw,,,,,,,1,,2,Martell Webster,,,foul,made,,,,
Brandon Roy,Greg Oden,Martell Webster,Steve Blake,Travis Outlaw,Etan Thomas,Jeff Green,Kevin Durant,Russell Westbrook,Thabo Sefolosha,4,4:33,POR,free throw,,,,,,,2,,2,Martell Webster,,,foul,missed,,,,
Brandon Roy,Greg Oden,Martell Webster,Steve Blake,Travis Outlaw,Etan Thomas,Jeff Green,Kevin Durant,Russell Westbrook,Thabo Sefolosha,4,4:32,OKC,rebound,,,,,,,,,,Jeff Green,,,,,,def,,
Brandon Roy,Greg Oden,Martell Webster,Steve Blake,Travis Outlaw,Etan Thomas,Jeff Green,Kevin Durant,Russell Westbrook,Thabo Sefolosha,4,4:13,OKC,shot,,,,,,,,,,Kevin Durant,,,,missed,,jump,19,12
Brandon Roy,Greg Oden,Martell Webster,Steve Blake,Travis Outlaw,Etan Thomas,Jeff Green,Kevin Durant,Russell Westbrook,Thabo Sefolosha,4,4:10,POR,rebound,,,,,,,,,,Steve Blake,,,,,,def,,
Brandon Roy,Greg Oden,Martell Webster,Steve Blake,Travis Outlaw,Etan Thomas,Jeff Green,Kevin Durant,Russell Westbrook,Thabo Sefolosha,4,3:59,POR,shot,,,,,,,,,,Brandon Roy,2,,,made,,layup,25,6
Brandon Roy,Greg Oden,Martell Webster,Steve Blake,Travis Outlaw,Etan Thomas,Jeff Green,Kevin Durant,Russell Westbrook,Thabo Sefolosha,4,3:59,OKC,foul,,,,,,,,Brandon Roy,,Thabo Sefolosha,,,,,,shooting,,
Brandon Roy,Greg Oden,Martell Webster,Steve Blake,Travis Outlaw,Jeff Green,Kevin Durant,Nenad Krstic,Russell Westbrook,Thabo Sefolosha,4,3:59,OKC,sub,,,,Nenad Krstic,,Etan Thomas,,,,,,,,,,,,
Brandon Roy,Greg Oden,Martell Webster,Steve Blake,Travis Outlaw,Jeff Green,Kevin Durant,Nenad Krstic,Russell Westbrook,Thabo Sefolosha,4,3:59,POR,free throw,,,,,,,1,,1,Brandon Roy,,,foul,made,,,,
Brandon Roy,Greg Oden,Martell Webster,Steve Blake,Travis Outlaw,Jeff Green,Kevin Durant,Nenad Krstic,Russell Westbrook,Thabo Sefolosha,4,3:46,POR,foul,,,,,,,,Russell Westbrook,,Steve Blake,,,,,,shooting,,
Brandon Roy,Greg Oden,Martell Webster,Steve Blake,Travis Outlaw,Jeff Green,Kevin Durant,Nenad Krstic,Russell Westbrook,Thabo Sefolosha,4,3:46,OKC,free throw,,,,,,,1,,2,Russell Westbrook,,,foul,made,,,,
Brandon Roy,Greg Oden,Martell Webster,Steve Blake,Travis Outlaw,Jeff Green,Kevin Durant,Nenad Krstic,Russell Westbrook,Thabo Sefolosha,4,3:46,OKC,free throw,,,,,,,2,,2,Russell Westbrook,,,foul,made,,,,
Brandon Roy,Greg Oden,Martell Webster,Steve Blake,Travis Outlaw,Jeff Green,Kevin Durant,Nenad Krstic,Russell Westbrook,Thabo Sefolosha,4,3:33,OKC,foul,,,,,,,,Brandon Roy,,Jeff Green,,,,,,shooting,,
Brandon Roy,Greg Oden,Martell Webster,Steve Blake,Travis Outlaw,Jeff Green,Kevin Durant,Nenad Krstic,Russell Westbrook,Thabo Sefolosha,4,3:33,POR,free throw,,,,,,,1,,2,Brandon Roy,,,foul,made,,,,
Brandon Roy,Greg Oden,Martell Webster,Steve Blake,Travis Outlaw,Jeff Green,Kevin Durant,Nenad Krstic,Russell Westbrook,Thabo Sefolosha,4,3:33,POR,free throw,,,,,,,2,,2,Brandon Roy,,,foul,made,,,,
Brandon Roy,Greg Oden,Martell Webster,Steve Blake,Travis Outlaw,Jeff Green,Kevin Durant,Nenad Krstic,Russell Westbrook,Thabo Sefolosha,4,3:21,OKC,shot,,,,,,,,,,Kevin Durant,,,,missed,,3pt,48,9
Brandon Roy,Greg Oden,Martell Webster,Steve Blake,Travis Outlaw,Jeff Green,Kevin Durant,Nenad Krstic,Russell Westbrook,Thabo Sefolosha,4,3:19,POR,rebound,,,,,,,,,,Brandon Roy,,,,,,def,,
Brandon Roy,Greg Oden,Martell Webster,Steve Blake,Travis Outlaw,Jeff Green,Kevin Durant,Nenad Krstic,Russell Westbrook,Thabo Sefolosha,4,2:59,POR,shot,,,,,,,,,,Travis Outlaw,,,,missed,,jump,26,11
Brandon Roy,Greg Oden,Martell Webster,Steve Blake,Travis Outlaw,Jeff Green,Kevin Durant,Nenad Krstic,Russell Westbrook,Thabo Sefolosha,4,2:58,OKC,rebound,,,,,,,,,,Nenad Krstic,,,,,,def,,
Brandon Roy,Greg Oden,Martell Webster,Steve Blake,Travis Outlaw,Jeff Green,Kevin Durant,Nenad Krstic,Russell Westbrook,Thabo Sefolosha,4,2:54,OKC,shot,,,,,,,,,,Russell Westbrook,2,,,made,,driving layup,25,6
Brandon Roy,Greg Oden,Martell Webster,Steve Blake,Travis Outlaw,Jeff Green,Kevin Durant,Nenad Krstic,Russell Westbrook,Thabo Sefolosha,4,2:53,POR,timeout,,,,,,,,,,,,,,,,regular,,
Brandon Roy,Greg Oden,Martell Webster,Steve Blake,Travis Outlaw,Jeff Green,Kevin Durant,Nenad Krstic,Russell Westbrook,Thabo Sefolosha,4,2:32,POR,shot,,,Kevin Durant,,,,,,,Martell Webster,,,,missed,,jump,15,11
Brandon Roy,Greg Oden,Martell Webster,Steve Blake,Travis Outlaw,Jeff Green,Kevin Durant,Nenad Krstic,Russell Westbrook,Thabo Sefolosha,4,2:30,OKC,rebound,,,,,,,,,,Russell Westbrook,,,,,,def,,
Brandon Roy,Greg Oden,Martell Webster,Steve Blake,Travis Outlaw,Jeff Green,Kevin Durant,Nenad Krstic,Russell Westbrook,Thabo Sefolosha,4,2:26,OKC,turnover,,,,,,,,,,Russell Westbrook,,,out of bounds lost ball turnover,,,,,
Brandon Roy,Greg Oden,Martell Webster,Steve Blake,Travis Outlaw,Jeff Green,Kevin Durant,Nenad Krstic,Russell Westbrook,Thabo Sefolosha,4,2:03,POR,shot,Steve Blake,,,,,,,,,Travis Outlaw,2,,,made,,jump,27,10
Brandon Roy,Greg Oden,Martell Webster,Steve Blake,Travis Outlaw,Jeff Green,Kevin Durant,Nenad Krstic,Russell Westbrook,Thabo Sefolosha,4,1:51,OKC,shot,,,,,,,,,,Jeff Green,2,,,made,,driving layup,25,6
Brandon Roy,Greg Oden,Martell Webster,Steve Blake,Travis Outlaw,Jeff Green,Kevin Durant,Nenad Krstic,Russell Westbrook,Thabo Sefolosha,4,1:30,POR,shot,Brandon Roy,,,,,,,,,Steve Blake,3,,,made,,3pt,48,8
Brandon Roy,Greg Oden,Martell Webster,Steve Blake,Travis Outlaw,Jeff Green,Kevin Durant,Nenad Krstic,Russell Westbrook,Thabo Sefolosha,4,1:30,OKC,timeout,,,,,,,,,,,,,,,,short,,
Brandon Roy,Greg Oden,Martell Webster,Steve Blake,Travis Outlaw,Jeff Green,Kevin Durant,Nenad Krstic,Russell Westbrook,Thabo Sefolosha,4,1:24,OKC,shot,,,,,,,,,,Kevin Durant,,,,missed,,jump,17,22
Brandon Roy,Greg Oden,Martell Webster,Steve Blake,Travis Outlaw,Jeff Green,Kevin Durant,Nenad Krstic,Russell Westbrook,Thabo Sefolosha,4,1:22,OKC,rebound,,,,,,,,,,Jeff Green,,,,,,off,,
Brandon Roy,Greg Oden,Martell Webster,Steve Blake,Travis Outlaw,Jeff Green,Kevin Durant,Nenad Krstic,Russell Westbrook,Thabo Sefolosha,4,1:18,OKC,shot,,,,,,,,,,Nenad Krstic,,,,missed,,jump,35,24
Brandon Roy,Greg Oden,Martell Webster,Steve Blake,Travis Outlaw,Jeff Green,Kevin Durant,Nenad Krstic,Russell Westbrook,Thabo Sefolosha,4,1:17,OKC,rebound,,,,,,,,,,,,,,,,,,
Brandon Roy,Greg Oden,Martell Webster,Steve Blake,Travis Outlaw,Jeff Green,Kevin Durant,Nenad Krstic,Russell Westbrook,Thabo Sefolosha,4,1:17,POR,foul,,,,,,,,Russell Westbrook,,Steve Blake,,,,,,loose ball,,
Brandon Roy,Greg Oden,Martell Webster,Steve Blake,Travis Outlaw,Jeff Green,Kevin Durant,Nenad Krstic,Russell Westbrook,Thabo Sefolosha,4,1:17,OKC,free throw,,,,,,,1,,2,Russell Westbrook,,,foul,made,,,,
Brandon Roy,Greg Oden,Martell Webster,Steve Blake,Travis Outlaw,Etan Thomas,Jeff Green,Kevin Durant,Russell Westbrook,Thabo Sefolosha,4,1:17,OKC,sub,,,,Etan Thomas,,Nenad Krstic,,,,,,,,,,,,
Brandon Roy,Greg Oden,Martell Webster,Steve Blake,Travis Outlaw,Etan Thomas,Jeff Green,Kevin Durant,Russell Westbrook,Thabo Sefolosha,4,1:17,OKC,free throw,,,,,,,2,,2,Russell Westbrook,,,foul,missed,,,,
Brandon Roy,Greg Oden,Martell Webster,Steve Blake,Travis Outlaw,Etan Thomas,Jeff Green,Kevin Durant,Russell Westbrook,Thabo Sefolosha,4,1:13,POR,rebound,,,,,,,,,,Martell Webster,,,,,,def,,
Brandon Roy,Greg Oden,Martell Webster,Steve Blake,Travis Outlaw,Etan Thomas,Jeff Green,Kevin Durant,Russell Westbrook,Thabo Sefolosha,4,1:02,OKC,foul,,,,,,,,Greg Oden,,Etan Thomas,,,,,,personal,,
Brandon Roy,Greg Oden,Martell Webster,Steve Blake,Travis Outlaw,Etan Thomas,Jeff Green,Kevin Durant,Russell Westbrook,Thabo Sefolosha,4,1:02,POR,free throw,,,,,,,1,,2,Greg Oden,,,foul,made,,,,
Brandon Roy,Greg Oden,Martell Webster,Steve Blake,Travis Outlaw,Etan Thomas,Jeff Green,Kevin Durant,Russell Westbrook,Thabo Sefolosha,4,1:02,POR,free throw,,,,,,,2,,2,Greg Oden,,,foul,made,,,,
Brandon Roy,Greg Oden,Martell Webster,Steve Blake,Travis Outlaw,Etan Thomas,Jeff Green,Kevin Durant,Russell Westbrook,Thabo Sefolosha,4,1:02,OKC,timeout,,,,,,,,,,,,,,,,regular,,
Brandon Roy,Greg Oden,Martell Webster,Steve Blake,Travis Outlaw,Jeff Green,Kevin Durant,Nenad Krstic,Russell Westbrook,Thabo Sefolosha,4,1:02,OKC,sub,,,,Nenad Krstic,,Etan Thomas,,,,,,,,,,,,
Brandon Roy,Greg Oden,Martell Webster,Steve Blake,Travis Outlaw,Jeff Green,Kevin Durant,Nenad Krstic,Russell Westbrook,Thabo Sefolosha,4,0:59,OKC,shot,Thabo Sefolosha,,,,,,,,,Jeff Green,3,,,made,,3pt,40,25
Brandon Roy,Greg Oden,Martell Webster,Steve Blake,Travis Outlaw,Jeff Green,Kevin Durant,Nenad Krstic,Russell Westbrook,Thabo Sefolosha,4,0:53,OKC,foul,,,,,,,,Travis Outlaw,,Kevin Durant,,,,,,personal,,
Brandon Roy,Greg Oden,Martell Webster,Steve Blake,Travis Outlaw,Jeff Green,Kevin Durant,Nenad Krstic,Russell Westbrook,Thabo Sefolosha,4,0:53,POR,free throw,,,,,,,1,,2,Travis Outlaw,,,foul,missed,,,,
Brandon Roy,Greg Oden,Martell Webster,Steve Blake,Travis Outlaw,Jeff Green,Kevin Durant,Nenad Krstic,Russell Westbrook,Thabo Sefolosha,4,0:53,POR,rebound,,,,,,,,,,,,,,,,,,
Brandon Roy,Greg Oden,Martell Webster,Steve Blake,Travis Outlaw,Jeff Green,Kevin Durant,Nenad Krstic,Russell Westbrook,Thabo Sefolosha,4,0:53,POR,free throw,,,,,,,2,,2,Travis Outlaw,,,foul,made,,,,
Brandon Roy,Greg Oden,Martell Webster,Steve Blake,Travis Outlaw,Jeff Green,Kevin Durant,Nenad Krstic,Russell Westbrook,Thabo Sefolosha,4,0:41,OKC,shot,,,,,,,,,,Jeff Green,,,,missed,,3pt,44,23
Brandon Roy,Greg Oden,Martell Webster,Steve Blake,Travis Outlaw,Jeff Green,Kevin Durant,Nenad Krstic,Russell Westbrook,Thabo Sefolosha,4,0:39,OKC,rebound,,,,,,,,,,Russell Westbrook,,,,,,off,,
Brandon Roy,Greg Oden,Martell Webster,Steve Blake,Travis Outlaw,Jeff Green,Kevin Durant,Nenad Krstic,Russell Westbrook,Thabo Sefolosha,4,0:36,OKC,shot,,,,,,,,,,Russell Westbrook,,,,missed,,3pt,5,21
Brandon Roy,Greg Oden,Martell Webster,Steve Blake,Travis Outlaw,Jeff Green,Kevin Durant,Nenad Krstic,Russell Westbrook,Thabo Sefolosha,4,0:34,POR,rebound,,,,,,,,,,Travis Outlaw,,,,,,def,,
Brandon Roy,Greg Oden,Martell Webster,Steve Blake,Travis Outlaw,Jeff Green,Kevin Durant,Nenad Krstic,Russell Westbrook,Thabo Sefolosha,4,0:34,OKC,foul,,,,,,,,Travis Outlaw,,Russell Westbrook,,,,,,personal,,
Brandon Roy,Greg Oden,Martell Webster,Steve Blake,Travis Outlaw,Jeff Green,Kevin Durant,Nenad Krstic,Russell Westbrook,Thabo Sefolosha,4,0:34,POR,free throw,,,,,,,1,,2,Travis Outlaw,,,foul,missed,,,,
Brandon Roy,Greg Oden,Martell Webster,Steve Blake,Travis Outlaw,Jeff Green,Kevin Durant,Nenad Krstic,Russell Westbrook,Thabo Sefolosha,4,0:34,POR,rebound,,,,,,,,,,,,,,,,,,
Brandon Roy,Greg Oden,Martell Webster,Steve Blake,Travis Outlaw,Jeff Green,Kevin Durant,Nenad Krstic,Russell Westbrook,Thabo Sefolosha,4,0:34,POR,free throw,,,,,,,2,,2,Travis Outlaw,,,foul,made,,,,
Brandon Roy,Greg Oden,Martell Webster,Steve Blake,Travis Outlaw,Jeff Green,Kevin Durant,Nenad Krstic,Russell Westbrook,Thabo Sefolosha,4,0:34,OKC,timeout,,,,,,,,,,,,,,,,short,,
Brandon Roy,Greg Oden,Martell Webster,Steve Blake,Travis Outlaw,Jeff Green,Kevin Durant,Nenad Krstic,Russell Westbrook,Thabo Sefolosha,4,0:29,OKC,shot,,,,,,,,,,Kevin Durant,,,,missed,,slam dunk,25,6
Brandon Roy,Greg Oden,Martell Webster,Steve Blake,Travis Outlaw,Jeff Green,Kevin Durant,Nenad Krstic,Russell Westbrook,Thabo Sefolosha,4,0:28,OKC,rebound,,,,,,,,,,Russell Westbrook,,,,,,off,,
Brandon Roy,Greg Oden,Martell Webster,Steve Blake,Travis Outlaw,Jeff Green,Kevin Durant,Nenad Krstic,Russell Westbrook,Thabo Sefolosha,4,0:27,OKC,shot,,,,,,,,,,Russell Westbrook,2,,,made,,putback layup,25,6
Brandon Roy,Greg Oden,Martell Webster,Steve Blake,Travis Outlaw,Jeff Green,Kevin Durant,Nenad Krstic,Russell Westbrook,Thabo Sefolosha,4,0:26,OKC,foul,,,,,,,,Steve Blake,,Russell Westbrook,,,,,,personal,,
Brandon Roy,Greg Oden,Martell Webster,Steve Blake,Travis Outlaw,Jeff Green,Kevin Durant,Kevin Ollie,Nenad Krstic,Thabo Sefolosha,4,0:26,OKC,sub,,,,Kevin Ollie,,Russell Westbrook,,,,,,,,,,,,
Brandon Roy,Greg Oden,Martell Webster,Steve Blake,Travis Outlaw,Jeff Green,Kevin Durant,Kevin Ollie,Nenad Krstic,Thabo Sefolosha,4,0:26,POR,free throw,,,,,,,1,,2,Steve Blake,,,foul,made,,,,
Brandon Roy,Greg Oden,Martell Webster,Steve Blake,Travis Outlaw,Jeff Green,Kevin Durant,Kevin Ollie,Nenad Krstic,Thabo Sefolosha,4,0:26,POR,free throw,,,,,,,2,,2,Steve Blake,,,foul,made,,,,
Brandon Roy,Greg Oden,Martell Webster,Steve Blake,Travis Outlaw,Jeff Green,Kevin Durant,Kevin Ollie,Nenad Krstic,Thabo Sefolosha,4,0:16,OKC,shot,,,,,,,,,,Nenad Krstic,,,,missed,,3pt,21,30
Brandon Roy,Greg Oden,Martell Webster,Steve Blake,Travis Outlaw,Jeff Green,Kevin Durant,Kevin Ollie,Nenad Krstic,Thabo Sefolosha,4,0:15,POR,rebound,,,,,,,,,,Greg Oden,,,,,,def,,
