a1,a2,a3,a4,a5,h1,h2,h3,h4,h5,period,time,team,etype,assist,away,block,entered,home,left,num,opponent,outof,player,points,possession,reason,result,steal,type,x,y
Anthony Parker,J.J. Hickson,LeBron James,Mo Williams,Shaquille O'Neal,Brandon Bass,Dwight Howard,Jameer Nelson,Matt Barnes,Vince Carter,1,12:00,OFF,jump ball,,Shaquille O'Neal,,,Dwight Howard,,,,,,,Mo Williams,,,,,,
Anthony Parker,J.J. Hickson,LeBron James,Mo Williams,Shaquille O'Neal,Brandon Bass,Dwight Howard,Jameer Nelson,Matt Barnes,Vince Carter,1,11:41,CLE,shot,,,,,,,,,,Mo Williams,2,,,made,,jump,37,23
Anthony Parker,J.J. Hickson,LeBron James,Mo Williams,Shaquille O'Neal,Brandon Bass,Dwight Howard,Jameer Nelson,Matt Barnes,Vince Carter,1,11:28,ORL,shot,,,,,,,,,,Jameer Nelson,2,,,made,,jump,16,23
Anthony Parker,J.J. Hickson,LeBron James,Mo Williams,Shaquille O'Neal,Brandon Bass,Dwight Howard,Jameer Nelson,Matt Barnes,Vince Carter,1,11:07,CLE,shot,,,,,,,,,,LeBron James,2,,,made,,jump,7,16
Anthony Parker,J.J. Hickson,LeBron James,Mo Williams,Shaquille O'Neal,Brandon Bass,Dwight Howard,Jameer Nelson,Matt Barnes,Vince Carter,1,10:59,CLE,foul,,,,,,,,Dwight Howard,,Shaquille O'Neal,,,,,,personal,,
Anthony Parker,J.J. Hickson,LeBron James,Mo Williams,Shaquille O'Neal,Brandon Bass,Dwight Howard,Jameer Nelson,Matt Barnes,Vince Carter,1,10:51,ORL,shot,,,,,,,,,,Vince Carter,2,,,made,,jump,31,22
Anthony Parker,J.J. Hickson,LeBron James,Mo Williams,Shaquille O'Neal,Brandon Bass,Dwight Howard,Jameer Nelson,Matt Barnes,Vince Carter,1,10:38,ORL,foul,,,,,,,,Shaquille O'Neal,,Dwight Howard,,,,,,personal,,
Anthony Parker,J.J. Hickson,LeBron James,Mo Williams,Shaquille O'Neal,Brandon Bass,Dwight Howard,Jameer Nelson,Matt Barnes,Vince Carter,1,10:27,CLE,shot,,,,,,,,,,Shaquille O'Neal,,,,missed,,jump,28,13
Anthony Parker,J.J. Hickson,LeBron James,Mo Williams,Shaquille O'Neal,Brandon Bass,Dwight Howard,Jameer Nelson,Matt Barnes,Vince Carter,1,10:26,ORL,rebound,,,,,,,,,,Jameer Nelson,,,,,,def,,
Anthony Parker,J.J. Hickson,LeBron James,Mo Williams,Shaquille O'Neal,Brandon Bass,Dwight Howard,Jameer Nelson,Matt Barnes,Vince Carter,1,10:17,ORL,shot,,,,,,,,,,Jameer Nelson,,,,missed,,running jump,26,21
Anthony Parker,J.J. Hickson,LeBron James,Mo Williams,Shaquille O'Neal,Brandon Bass,Dwight Howard,Jameer Nelson,Matt Barnes,Vince Carter,1,10:15,CLE,rebound,,,,,,,,,,J.J. Hickson,,,,,,def,,
Anthony Parker,J.J. Hickson,LeBron James,Mo Williams,Shaquille O'Neal,Brandon Bass,Dwight Howard,Jameer Nelson,Matt Barnes,Vince Carter,1,10:10,CLE,shot,,,,,,,,,,Mo Williams,2,,,made,,driving layup,25,6
Anthony Parker,J.J. Hickson,LeBron James,Mo Williams,Shaquille O'Neal,Brandon Bass,Dwight Howard,Jameer Nelson,Matt Barnes,Vince Carter,1,9:55,CLE,foul,,,,,,,,Dwight Howard,,Anthony Parker,,,,,,shooting,,
Anthony Parker,J.J. Hickson,LeBron James,Mo Williams,Shaquille O'Neal,Brandon Bass,Dwight Howard,Jameer Nelson,Matt Barnes,Vince Carter,1,9:55,ORL,free throw,,,,,,,1,,2,Dwight Howard,,,foul,missed,,,,
Anthony Parker,J.J. Hickson,LeBron James,Mo Williams,Shaquille O'Neal,Brandon Bass,Dwight Howard,Jameer Nelson,Matt Barnes,Vince Carter,1,9:55,ORL,rebound,,,,,,,,,,,,,,,,,,
Anthony Parker,J.J. Hickson,LeBron James,Mo Williams,Shaquille O'Neal,Brandon Bass,Dwight Howard,Jameer Nelson,Matt Barnes,Vince Carter,1,9:55,ORL,free throw,,,,,,,2,,2,Dwight Howard,,,foul,made,,,,
Anthony Parker,J.J. Hickson,LeBron James,Mo Williams,Shaquille O'Neal,Brandon Bass,Dwight Howard,Jameer Nelson,Matt Barnes,Vince Carter,1,9:42,ORL,foul,,,,,,,,Shaquille O'Neal,,Dwight Howard,,,,,,shooting,,
Anthony Parker,J.J. Hickson,LeBron James,Mo Williams,Shaquille O'Neal,Brandon Bass,Jameer Nelson,Marcin Gortat,Matt Barnes,Vince Carter,1,9:42,ORL,sub,,,,Marcin Gortat,,Dwight Howard,,,,,,,,,,,,
Anthony Parker,J.J. Hickson,LeBron James,Mo Williams,Shaquille O'Neal,Brandon Bass,Jameer Nelson,Marcin Gortat,Matt Barnes,Vince Carter,1,9:42,CLE,free throw,,,,,,,1,,2,Shaquille O'Neal,,,foul,made,,,,
Anthony Parker,J.J. Hickson,LeBron James,Mo Williams,Shaquille O'Neal,Brandon Bass,Jameer Nelson,Marcin Gortat,Matt Barnes,Vince Carter,1,9:42,CLE,free throw,,,,,,,2,,2,Shaquille O'Neal,,,foul,missed,,,,
Anthony Parker,J.J. Hickson,LeBron James,Mo Williams,Shaquille O'Neal,Brandon Bass,Jameer Nelson,Marcin Gortat,Matt Barnes,Vince Carter,1,9:41,ORL,rebound,,,,,,,,,,Brandon Bass,,,,,,def,,
Anthony Parker,J.J. Hickson,LeBron James,Mo Williams,Shaquille O'Neal,Brandon Bass,Jameer Nelson,Marcin Gortat,Matt Barnes,Vince Carter,1,9:27,ORL,shot,,,,,,,,,,Vince Carter,2,,,made,,driving layup,25,6
Anthony Parker,J.J. Hickson,LeBron James,Mo Williams,Shaquille O'Neal,Brandon Bass,Jameer Nelson,Marcin Gortat,Matt Barnes,Vince Carter,1,9:12,CLE,shot,,,,,,,,,,Shaquille O'Neal,,,,missed,,jump,34,10
Anthony Parker,J.J. Hickson,LeBron James,Mo Williams,Shaquille O'Neal,Brandon Bass,Jameer Nelson,Marcin Gortat,Matt Barnes,Vince Carter,1,9:10,ORL,rebound,,,,,,,,,,Jameer Nelson,,,,,,def,,
Anthony Parker,J.J. Hickson,LeBron James,Mo Williams,Shaquille O'Neal,Brandon Bass,Jameer Nelson,Marcin Gortat,Matt Barnes,Vince Carter,1,8:59,ORL,shot,Jameer Nelson,,,,,,,,,Brandon Bass,2,,,made,,jump,34,16
Anthony Parker,J.J. Hickson,LeBron James,Mo Williams,Shaquille O'Neal,Brandon Bass,Jameer Nelson,Marcin Gortat,Matt Barnes,Vince Carter,1,8:36,CLE,shot,,,,,,,,,,Mo Williams,3,,,made,,3pt,4,19
Anthony Parker,J.J. Hickson,LeBron James,Mo Williams,Shaquille O'Neal,Brandon Bass,Jameer Nelson,Marcin Gortat,Matt Barnes,Vince Carter,1,8:21,ORL,shot,,,,,,,,,,Vince Carter,,,,missed,,3pt,45,22
Anthony Parker,J.J. Hickson,LeBron James,Mo Williams,Shaquille O'Neal,Brandon Bass,Jameer Nelson,Marcin Gortat,Matt Barnes,Vince Carter,1,8:20,CLE,rebound,,,,,,,,,,LeBron James,,,,,,def,,
Anthony Parker,J.J. Hickson,LeBron James,Mo Williams,Shaquille O'Neal,Brandon Bass,Jameer Nelson,Marcin Gortat,Matt Barnes,Vince Carter,1,8:14,CLE,shot,,,,,,,,,,LeBron James,,,,missed,,jump,14,23
Anthony Parker,J.J. Hickson,LeBron James,Mo Williams,Shaquille O'Neal,Brandon Bass,Jameer Nelson,Marcin Gortat,Matt Barnes,Vince Carter,1,8:12,CLE,rebound,,,,,,,,,,LeBron James,,,,,,off,,
Anthony Parker,J.J. Hickson,LeBron James,Mo Williams,Shaquille O'Neal,Brandon Bass,Jameer Nelson,Marcin Gortat,Matt Barnes,Vince Carter,1,8:05,CLE,shot,Mo Williams,,,,,,,,,LeBron James,2,,,made,,dunk,25,6
Anthony Parker,J.J. Hickson,LeBron James,Mo Williams,Shaquille O'Neal,Brandon Bass,Jameer Nelson,Marcin Gortat,Matt Barnes,Vince Carter,1,7:47,ORL,shot,,,Shaquille O'Neal,,,,,,,Vince Carter,,,,missed,,jump,17,16
Anthony Parker,J.J. Hickson,LeBron James,Mo Williams,Shaquille O'Neal,Brandon Bass,Jameer Nelson,Marcin Gortat,Matt Barnes,Vince Carter,1,7:45,CLE,rebound,,,,,,,,,,LeBron James,,,,,,def,,
Anthony Parker,J.J. Hickson,LeBron James,Mo Williams,Shaquille O'Neal,Brandon Bass,Jameer Nelson,Marcin Gortat,Matt Barnes,Vince Carter,1,7:44,CLE,shot,,,,,,,,,,LeBron James,2,,,made,,layup,25,6
Anthony Parker,J.J. Hickson,LeBron James,Mo Williams,Shaquille O'Neal,Brandon Bass,Jameer Nelson,Marcin Gortat,Matt Barnes,Vince Carter,1,7:44,ORL,foul,,,,,,,,LeBron James,,Matt Barnes,,,,,,shooting,,
Anthony Parker,J.J. Hickson,LeBron James,Mo Williams,Shaquille O'Neal,Brandon Bass,Jameer Nelson,Marcin Gortat,Matt Barnes,Vince Carter,1,7:44,ORL,timeout,,,,,,,,,,,,,,,,regular,,
Anthony Parker,J.J. Hickson,LeBron James,Mo Williams,Shaquille O'Neal,Brandon Bass,Jameer Nelson,Marcin Gortat,Matt Barnes,Vince Carter,1,7:44,CLE,free throw,,,,,,,1,,1,LeBron James,,,foul,made,,,,
Anthony Parker,J.J. Hickson,LeBron James,Mo Williams,Shaquille O'Neal,Brandon Bass,Jameer Nelson,Marcin Gortat,Matt Barnes,Vince Carter,1,7:31,ORL,turnover,,,,,,,,,,Brandon Bass,,,bad pass,,Mo Williams,,,
Anthony Parker,J.J. Hickson,LeBron James,Mo Williams,Shaquille O'Neal,Brandon Bass,Jameer Nelson,Marcin Gortat,Matt Barnes,Vince Carter,1,7:15,CLE,shot,,,,,,,,,,J.J. Hickson,2,,,made,,jump hook,27,9
Anthony Parker,J.J. Hickson,LeBron James,Mo Williams,Shaquille O'Neal,Brandon Bass,Jameer Nelson,Marcin Gortat,Matt Barnes,Vince Carter,1,6:59,ORL,shot,,,,,,,,,,Vince Carter,3,,,made,,3pt,27,32
Anthony Parker,J.J. Hickson,LeBron James,Mo Williams,Shaquille O'Neal,Brandon Bass,Jameer Nelson,Marcin Gortat,Matt Barnes,Vince Carter,1,6:39,CLE,shot,,,,,,,,,,Shaquille O'Neal,2,,,made,,jump hook,31,15
Anthony Parker,J.J. Hickson,LeBron James,Mo Williams,Shaquille O'Neal,Brandon Bass,Jameer Nelson,Marcin Gortat,Matt Barnes,Vince Carter,1,6:28,ORL,shot,,,,,,,,,,Jameer Nelson,2,,,made,,jump,29,23
Anthony Parker,J.J. Hickson,LeBron James,Mo Williams,Shaquille O'Neal,Brandon Bass,Jameer Nelson,Marcin Gortat,Matt Barnes,Vince Carter,1,6:08,CLE,shot,Shaquille O'Neal,,,,,,,,,LeBron James,2,,,made,,layup,25,6
Anthony Parker,J.J. Hickson,LeBron James,Mo Williams,Shaquille O'Neal,Brandon Bass,Jameer Nelson,Marcin Gortat,Matt Barnes,Vince Carter,1,5:55,ORL,shot,Jameer Nelson,,,,,,,,,Brandon Bass,2,,,made,,jump,19,24
Anthony Parker,J.J. Hickson,LeBron James,Mo Williams,Shaquille O'Neal,Brandon Bass,Jameer Nelson,Marcin Gortat,Matt Barnes,Vince Carter,1,5:32,CLE,shot,,,,,,,,,,LeBron James,,,,missed,,3pt,30,31
Anthony Parker,J.J. Hickson,LeBron James,Mo Williams,Shaquille O'Neal,Brandon Bass,Jameer Nelson,Marcin Gortat,Matt Barnes,Vince Carter,1,5:30,CLE,rebound,,,,,,,,,,J.J. Hickson,,,,,,off,,
Anthony Parker,J.J. Hickson,LeBron James,Mo Williams,Shaquille O'Neal,Brandon Bass,Jameer Nelson,Marcin Gortat,Matt Barnes,Vince Carter,1,5:25,CLE,foul,,,,,,,,Marcin Gortat,,Anthony Parker,,,,,,offensive,,
Anthony Parker,J.J. Hickson,LeBron James,Mo Williams,Shaquille O'Neal,Brandon Bass,Jameer Nelson,Marcin Gortat,Matt Barnes,Vince Carter,1,5:25,CLE,turnover,,,,,,,,,,Anthony Parker,,,foul,,,,,
J.J. Hickson,Jamario Moon,LeBron James,Mo Williams,Shaquille O'Neal,Brandon Bass,Jameer Nelson,Marcin Gortat,Matt Barnes,Vince Carter,1,5:25,CLE,sub,,,,Jamario Moon,,Anthony Parker,,,,,,,,,,,,
Anderson Varejao,J.J. Hickson,Jamario Moon,LeBron James,Mo Williams,Brandon Bass,Jameer Nelson,Marcin Gortat,Matt Barnes,Vince Carter,1,5:25,CLE,sub,,,,Anderson Varejao,,Shaquille O'Neal,,,,,,,,,,,,
Anderson Varejao,J.J. Hickson,Jamario Moon,LeBron James,Mo Williams,Brandon Bass,Jameer Nelson,Marcin Gortat,Mickael Pietrus,Vince Carter,1,5:25,ORL,sub,,,,Mickael Pietrus,,Matt Barnes,,,,,,,,,,,,
Anderson Varejao,J.J. Hickson,Jamario Moon,LeBron James,Mo Williams,Brandon Bass,Jameer Nelson,Marcin Gortat,Mickael Pietrus,Vince Carter,1,5:12,CLE,foul,,,,,,,,Vince Carter,,Jamario Moon,,,,,,shooting,,
Anderson Varejao,J.J. Hickson,Jamario Moon,LeBron James,Mo Williams,Brandon Bass,Jameer Nelson,Marcin Gortat,Mickael Pietrus,Vince Carter,1,5:12,ORL,free throw,,,,,,,1,,2,Vince Carter,,,foul,missed,,,,
Anderson Varejao,J.J. Hickson,Jamario Moon,LeBron James,Mo Williams,Brandon Bass,Jameer Nelson,Marcin Gortat,Mickael Pietrus,Vince Carter,1,5:12,ORL,rebound,,,,,,,,,,,,,,,,,,
Anderson Varejao,J.J. Hickson,Jamario Moon,LeBron James,Mo Williams,Brandon Bass,Jameer Nelson,Marcin Gortat,Mickael Pietrus,Vince Carter,1,5:12,ORL,free throw,,,,,,,2,,2,Vince Carter,,,foul,made,,,,
Anderson Varejao,J.J. Hickson,Jamario Moon,LeBron James,Mo Williams,Brandon Bass,Jameer Nelson,Marcin Gortat,Mickael Pietrus,Vince Carter,1,4:53,CLE,shot,Mo Williams,,,,,,,,,Anderson Varejao,2,,,made,,dunk,25,6
Anderson Varejao,J.J. Hickson,Jamario Moon,LeBron James,Mo Williams,Brandon Bass,Jameer Nelson,Marcin Gortat,Mickael Pietrus,Vince Carter,1,4:44,ORL,shot,,,,,,,,,,Jameer Nelson,3,,,made,,3pt,23,32
Anderson Varejao,J.J. Hickson,Jamario Moon,LeBron James,Mo Williams,Brandon Bass,Jameer Nelson,Marcin Gortat,Mickael Pietrus,Vince Carter,1,4:28,CLE,shot,,,,,,,,,,J.J. Hickson,,,,missed,,layup,25,6
Anderson Varejao,J.J. Hickson,Jamario Moon,LeBron James,Mo Williams,Brandon Bass,Jameer Nelson,Marcin Gortat,Mickael Pietrus,Vince Carter,1,4:25,ORL,rebound,,,,,,,,,,Brandon Bass,,,,,,def,,
Anderson Varejao,J.J. Hickson,Jamario Moon,LeBron James,Mo Williams,Brandon Bass,Jameer Nelson,Marcin Gortat,Mickael Pietrus,Vince Carter,1,4:17,ORL,shot,,,,,,,,,,Vince Carter,,,,missed,,3pt,45,22
Anderson Varejao,J.J. Hickson,Jamario Moon,LeBron James,Mo Williams,Brandon Bass,Jameer Nelson,Marcin Gortat,Mickael Pietrus,Vince Carter,1,4:16,CLE,rebound,,,,,,,,,,J.J. Hickson,,,,,,def,,
Anderson Varejao,J.J. Hickson,Jamario Moon,LeBron James,Mo Williams,Brandon Bass,Jameer Nelson,Marcin Gortat,Mickael Pietrus,Vince Carter,1,3:59,CLE,shot,Mo Williams,,,,,,,,,LeBron James,2,,,made,,driving layup,25,6
Anderson Varejao,J.J. Hickson,Jamario Moon,LeBron James,Mo Williams,Brandon Bass,Jameer Nelson,Marcin Gortat,Mickael Pietrus,Vince Carter,1,3:47,ORL,shot,,,,,,,,,,Brandon Bass,,,,missed,,jump,34,23
Anderson Varejao,J.J. Hickson,Jamario Moon,LeBron James,Mo Williams,Brandon Bass,Jameer Nelson,Marcin Gortat,Mickael Pietrus,Vince Carter,1,3:45,CLE,rebound,,,,,,,,,,LeBron James,,,,,,def,,
Anderson Varejao,J.J. Hickson,Jamario Moon,LeBron James,Mo Williams,Brandon Bass,Jameer Nelson,Marcin Gortat,Mickael Pietrus,Vince Carter,1,3:38,CLE,turnover,,,,,,,,,,LeBron James,,,bad pass,,Jameer Nelson,,,
Anderson Varejao,J.J. Hickson,Jamario Moon,LeBron James,Mo Williams,Brandon Bass,Jameer Nelson,Marcin Gortat,Mickael Pietrus,Vince Carter,1,3:34,ORL,shot,,,,,,,,,,Jameer Nelson,2,,,made,,layup,25,6
Anderson Varejao,J.J. Hickson,Jamario Moon,LeBron James,Mo Williams,Brandon Bass,Jameer Nelson,Marcin Gortat,Mickael Pietrus,Vince Carter,1,3:27,CLE,shot,,,,,,,,,,Mo Williams,2,,,made,,jump,29,15
Anderson Varejao,J.J. Hickson,Jamario Moon,LeBron James,Mo Williams,Brandon Bass,Jameer Nelson,Marcin Gortat,Mickael Pietrus,Vince Carter,1,3:13,ORL,shot,,,,,,,,,,Jameer Nelson,,,,missed,,3pt,14,29
Anderson Varejao,J.J. Hickson,Jamario Moon,LeBron James,Mo Williams,Brandon Bass,Jameer Nelson,Marcin Gortat,Mickael Pietrus,Vince Carter,1,3:13,ORL,rebound,,,,,,,,,,,,,,,,,,
Anderson Varejao,J.J. Hickson,Jamario Moon,LeBron James,Mo Williams,Brandon Bass,Jameer Nelson,Marcin Gortat,Mickael Pietrus,Vince Carter,1,3:13,CLE,timeout,,,,,,,,,,,,,,,,regular,,
Anderson Varejao,Daniel Gibson,Jamario Moon,LeBron James,Mo Williams,Brandon Bass,Jameer Nelson,Marcin Gortat,Mickael Pietrus,Vince Carter,1,3:13,CLE,sub,,,,Daniel Gibson,,J.J. Hickson,,,,,,,,,,,,
Anderson Varejao,Daniel Gibson,Jamario Moon,LeBron James,Zydrunas Ilgauskas,Brandon Bass,Jameer Nelson,Marcin Gortat,Mickael Pietrus,Vince Carter,1,3:13,CLE,sub,,,,Zydrunas Ilgauskas,,Mo Williams,,,,,,,,,,,,
Anderson Varejao,Daniel Gibson,Jamario Moon,LeBron James,Zydrunas Ilgauskas,Brandon Bass,Jameer Nelson,Marcin Gortat,Mickael Pietrus,Vince Carter,1,3:05,ORL,shot,,,,,,,,,,Vince Carter,,,,missed,,jump,6,17
Anderson Varejao,Daniel Gibson,Jamario Moon,LeBron James,Zydrunas Ilgauskas,Brandon Bass,Jameer Nelson,Marcin Gortat,Mickael Pietrus,Vince Carter,1,3:04,CLE,rebound,,,,,,,,,,Anderson Varejao,,,,,,def,,
Anderson Varejao,Daniel Gibson,Jamario Moon,LeBron James,Zydrunas Ilgauskas,Brandon Bass,Jameer Nelson,Marcin Gortat,Mickael Pietrus,Vince Carter,1,2:41,CLE,shot,,,,,,,,,,Anderson Varejao,,,,missed,,jump,38,10
Anderson Varejao,Daniel Gibson,Jamario Moon,LeBron James,Zydrunas Ilgauskas,Brandon Bass,Jameer Nelson,Marcin Gortat,Mickael Pietrus,Vince Carter,1,2:40,CLE,rebound,,,,,,,,,,Zydrunas Ilgauskas,,,,,,off,,
Anderson Varejao,Daniel Gibson,Jamario Moon,LeBron James,Zydrunas Ilgauskas,Brandon Bass,Jameer Nelson,Marcin Gortat,Mickael Pietrus,Vince Carter,1,2:40,ORL,foul,,,,,,,,Zydrunas Ilgauskas,,Brandon Bass,,,,,,shooting,,
Anderson Varejao,Daniel Gibson,Jamario Moon,LeBron James,Zydrunas Ilgauskas,Brandon Bass,Jameer Nelson,Marcin Gortat,Mickael Pietrus,Vince Carter,1,2:40,CLE,free throw,,,,,,,1,,2,Zydrunas Ilgauskas,,,foul,made,,,,
Anderson Varejao,Daniel Gibson,Jamario Moon,LeBron James,Zydrunas Ilgauskas,Brandon Bass,Jameer Nelson,Marcin Gortat,Mickael Pietrus,Vince Carter,1,2:40,CLE,free throw,,,,,,,2,,2,Zydrunas Ilgauskas,,,foul,made,,,,
Anderson Varejao,Daniel Gibson,Jamario Moon,LeBron James,Zydrunas Ilgauskas,Brandon Bass,Jameer Nelson,Marcin Gortat,Mickael Pietrus,Vince Carter,1,2:20,ORL,shot,,,,,,,,,,Vince Carter,2,,,made,,jump hook,31,14
Anderson Varejao,Daniel Gibson,Jamario Moon,LeBron James,Zydrunas Ilgauskas,Brandon Bass,Jameer Nelson,Marcin Gortat,Mickael Pietrus,Vince Carter,1,2:03,ORL,foul,,,,,,,,LeBron James,,Vince Carter,,,,,,shooting,,
Anderson Varejao,Daniel Gibson,Jamario Moon,LeBron James,Zydrunas Ilgauskas,Brandon Bass,Jameer Nelson,Marcin Gortat,Mickael Pietrus,Vince Carter,1,2:03,CLE,free throw,,,,,,,1,,2,LeBron James,,,foul,made,,,,
Anderson Varejao,Daniel Gibson,Jamario Moon,LeBron James,Zydrunas Ilgauskas,Brandon Bass,Jameer Nelson,Marcin Gortat,Mickael Pietrus,Vince Carter,1,2:03,CLE,free throw,,,,,,,2,,2,LeBron James,,,foul,made,,,,
Anderson Varejao,Daniel Gibson,Jamario Moon,LeBron James,Zydrunas Ilgauskas,Brandon Bass,Jameer Nelson,Marcin Gortat,Mickael Pietrus,Vince Carter,1,1:47,ORL,shot,,,,,,,,,,Vince Carter,,,,missed,,driving layup,25,6
Anderson Varejao,Daniel Gibson,Jamario Moon,LeBron James,Zydrunas Ilgauskas,Brandon Bass,Jameer Nelson,Marcin Gortat,Mickael Pietrus,Vince Carter,1,1:45,ORL,rebound,,,,,,,,,,Marcin Gortat,,,,,,off,,
Anderson Varejao,Daniel Gibson,Jamario Moon,LeBron James,Zydrunas Ilgauskas,Brandon Bass,Jameer Nelson,Marcin Gortat,Mickael Pietrus,Vince Carter,1,1:45,ORL,shot,,,,,,,,,,Marcin Gortat,2,,,made,,tip,25,6
Anderson Varejao,Daniel Gibson,Jamario Moon,LeBron James,Zydrunas Ilgauskas,Brandon Bass,Jameer Nelson,Marcin Gortat,Mickael Pietrus,Vince Carter,1,1:29,CLE,shot,Jamario Moon,,,,,,,,,Daniel Gibson,3,,,made,,3pt,48,12
Anderson Varejao,Daniel Gibson,Jamario Moon,LeBron James,Zydrunas Ilgauskas,Brandon Bass,Jameer Nelson,Marcin Gortat,Mickael Pietrus,Vince Carter,1,1:12,ORL,shot,,,,,,,,,,Jameer Nelson,,,,missed,,3pt,37,29
Anderson Varejao,Daniel Gibson,Jamario Moon,LeBron James,Zydrunas Ilgauskas,Brandon Bass,Jameer Nelson,Marcin Gortat,Mickael Pietrus,Vince Carter,1,1:11,CLE,rebound,,,,,,,,,,Jamario Moon,,,,,,def,,
Anderson Varejao,Daniel Gibson,Jamario Moon,LeBron James,Zydrunas Ilgauskas,Brandon Bass,Jameer Nelson,Marcin Gortat,Mickael Pietrus,Vince Carter,1,0:58,ORL,foul,,,,,,,,Anderson Varejao,,Marcin Gortat,,,,,,shooting,,
Anderson Varejao,Daniel Gibson,Jamario Moon,LeBron James,Zydrunas Ilgauskas,Brandon Bass,Jameer Nelson,Marcin Gortat,Mickael Pietrus,Vince Carter,1,0:58,CLE,free throw,,,,,,,1,,2,Anderson Varejao,,,foul,missed,,,,
Anderson Varejao,Daniel Gibson,Jamario Moon,LeBron James,Zydrunas Ilgauskas,Brandon Bass,Jameer Nelson,Marcin Gortat,Mickael Pietrus,Vince Carter,1,0:58,CLE,rebound,,,,,,,,,,,,,,,,,,
Anderson Varejao,Daniel Gibson,Jamario Moon,LeBron James,Zydrunas Ilgauskas,Brandon Bass,Jameer Nelson,Marcin Gortat,Mickael Pietrus,Vince Carter,1,0:58,CLE,free throw,,,,,,,2,,2,Anderson Varejao,,,foul,made,,,,
Anderson Varejao,Daniel Gibson,Jamario Moon,LeBron James,Zydrunas Ilgauskas,Brandon Bass,Jameer Nelson,Marcin Gortat,Mickael Pietrus,Vince Carter,1,0:38,CLE,foul,,,,,,,,Brandon Bass,,Anderson Varejao,,,,,,personal,,
Anderson Varejao,Daniel Gibson,Jamario Moon,LeBron James,Zydrunas Ilgauskas,Brandon Bass,Jameer Nelson,Marcin Gortat,Mickael Pietrus,Vince Carter,1,0:25,ORL,shot,,,,,,,,,,Jameer Nelson,2,,,made,,fade away jumper,36,25
Anderson Varejao,Daniel Gibson,Jamario Moon,LeBron James,Zydrunas Ilgauskas,Brandon Bass,Jameer Nelson,Marcin Gortat,Mickael Pietrus,Vince Carter,1,0:01,CLE,shot,,,,,,,,,,LeBron James,,,,missed,,jump,31,26
Anderson Varejao,Daniel Gibson,Jamario Moon,LeBron James,Zydrunas Ilgauskas,Brandon Bass,Jameer Nelson,Marcin Gortat,Mickael Pietrus,Vince Carter,1,0:00,CLE,rebound,,,,,,,,,,,,,,,,,,
Anderson Varejao,Daniel Gibson,Jamario Moon,Mo Williams,Zydrunas Ilgauskas,Dwight Howard,J.J. Redick,Jason Williams,Marcin Gortat,Mickael Pietrus,2,11:48,ORL,turnover,,,,,,,,,,Dwight Howard,,,bad pass,,,,,
Anderson Varejao,Daniel Gibson,Jamario Moon,Mo Williams,Zydrunas Ilgauskas,Dwight Howard,J.J. Redick,Jason Williams,Marcin Gortat,Mickael Pietrus,2,11:36,CLE,shot,,,,,,,,,,Zydrunas Ilgauskas,,,,missed,,jump,41,18
Anderson Varejao,Daniel Gibson,Jamario Moon,Mo Williams,Zydrunas Ilgauskas,Dwight Howard,J.J. Redick,Jason Williams,Marcin Gortat,Mickael Pietrus,2,11:35,CLE,rebound,,,,,,,,,,Jamario Moon,,,,,,off,,
Anderson Varejao,Daniel Gibson,Jamario Moon,Mo Williams,Zydrunas Ilgauskas,Dwight Howard,J.J. Redick,Jason Williams,Marcin Gortat,Mickael Pietrus,2,11:22,CLE,shot,,,,,,,,,,Mo Williams,3,,,made,,3pt,34,30
Anderson Varejao,Daniel Gibson,Jamario Moon,Mo Williams,Zydrunas Ilgauskas,Dwight Howard,J.J. Redick,Jason Williams,Marcin Gortat,Mickael Pietrus,2,11:06,ORL,shot,,,,,,,,,,J.J. Redick,,,,missed,,3pt,40,27
Anderson Varejao,Daniel Gibson,Jamario Moon,Mo Williams,Zydrunas Ilgauskas,Dwight Howard,J.J. Redick,Jason Williams,Marcin Gortat,Mickael Pietrus,2,11:05,CLE,rebound,,,,,,,,,,Jamario Moon,,,,,,def,,
Anderson Varejao,Daniel Gibson,Jamario Moon,Mo Williams,Zydrunas Ilgauskas,Dwight Howard,J.J. Redick,Jason Williams,Marcin Gortat,Mickael Pietrus,2,10:59,CLE,shot,,,,,,,,,,Mo Williams,3,,,made,,3pt,38,29
Anderson Varejao,Daniel Gibson,Jamario Moon,Mo Williams,Zydrunas Ilgauskas,Dwight Howard,J.J. Redick,Jason Williams,Marcin Gortat,Mickael Pietrus,2,10:50,ORL,timeout,,,,,,,,,,,,,,,,regular,,
Anderson Varejao,Daniel Gibson,Jamario Moon,Mo Williams,Zydrunas Ilgauskas,Dwight Howard,J.J. Redick,Jason Williams,Marcin Gortat,Mickael Pietrus,2,10:33,ORL,shot,,,,,,,,,,Jason Williams,2,,,made,,driving finger roll layup,25,6
Anderson Varejao,Daniel Gibson,Jamario Moon,Mo Williams,Zydrunas Ilgauskas,Dwight Howard,J.J. Redick,Jason Williams,Marcin Gortat,Mickael Pietrus,2,10:18,ORL,foul,,,,,,,,Mo Williams,,Dwight Howard,,,,,,personal,,
Anderson Varejao,Daniel Gibson,Jamario Moon,Mo Williams,Zydrunas Ilgauskas,Dwight Howard,J.J. Redick,Jason Williams,Marcin Gortat,Mickael Pietrus,2,10:09,CLE,shot,,,,,,,,,,Anderson Varejao,,,,missed,,hook,22,13
Anderson Varejao,Daniel Gibson,Jamario Moon,Mo Williams,Zydrunas Ilgauskas,Dwight Howard,J.J. Redick,Jason Williams,Marcin Gortat,Mickael Pietrus,2,10:09,ORL,rebound,,,,,,,,,,,,,,,,,,
Anderson Varejao,Daniel Gibson,Jamario Moon,Mo Williams,Zydrunas Ilgauskas,Dwight Howard,J.J. Redick,Jason Williams,Marcin Gortat,Mickael Pietrus,2,10:09,CLE,foul,,,,,,,,Mickael Pietrus,,Zydrunas Ilgauskas,,,,,,loose ball,,
Anderson Varejao,Daniel Gibson,Jamario Moon,Mo Williams,Zydrunas Ilgauskas,Dwight Howard,J.J. Redick,Jason Williams,Marcin Gortat,Mickael Pietrus,2,10:02,ORL,shot,Jason Williams,,,,,,,,,J.J. Redick,2,,,made,,layup,25,6
Anderson Varejao,Daniel Gibson,Jamario Moon,Mo Williams,Zydrunas Ilgauskas,Dwight Howard,J.J. Redick,Jason Williams,Marcin Gortat,Mickael Pietrus,2,9:44,CLE,turnover,,,,,,,,,,Zydrunas Ilgauskas,,,3 second violation,,,,,
Anderson Varejao,Daniel Gibson,Jamario Moon,Mo Williams,Zydrunas Ilgauskas,Dwight Howard,J.J. Redick,Jason Williams,Marcin Gortat,Mickael Pietrus,2,9:30,ORL,turnover,,,,,,,,,,Marcin Gortat,,,lost ball,,Jamario Moon,,,
Anderson Varejao,Daniel Gibson,Jamario Moon,Mo Williams,Zydrunas Ilgauskas,Dwight Howard,J.J. Redick,Jason Williams,Marcin Gortat,Mickael Pietrus,2,9:24,CLE,turnover,,,,,,,,,,Mo Williams,,,step out of bounds turnover,,,,,
Daniel Gibson,Jamario Moon,Mo Williams,Shaquille O'Neal,Zydrunas Ilgauskas,Dwight Howard,J.J. Redick,Jason Williams,Marcin Gortat,Mickael Pietrus,2,9:24,CLE,sub,,,,Shaquille O'Neal,,Anderson Varejao,,,,,,,,,,,,
Daniel Gibson,Jamario Moon,Mo Williams,Shaquille O'Neal,Zydrunas Ilgauskas,Dwight Howard,J.J. Redick,Jason Williams,Marcin Gortat,Mickael Pietrus,2,9:13,CLE,foul,,,,,,,,Dwight Howard,,Jamario Moon,,,,,,shooting,,
Daniel Gibson,Jamario Moon,Mo Williams,Shaquille O'Neal,Zydrunas Ilgauskas,Dwight Howard,J.J. Redick,Jason Williams,Marcin Gortat,Mickael Pietrus,2,9:13,ORL,free throw,,,,,,,1,,2,Dwight Howard,,,foul,missed,,,,
Daniel Gibson,Jamario Moon,Mo Williams,Shaquille O'Neal,Zydrunas Ilgauskas,Dwight Howard,J.J. Redick,Jason Williams,Marcin Gortat,Mickael Pietrus,2,9:13,ORL,rebound,,,,,,,,,,,,,,,,,,
Daniel Gibson,Jamario Moon,Mo Williams,Shaquille O'Neal,Zydrunas Ilgauskas,Dwight Howard,J.J. Redick,Jason Williams,Marcin Gortat,Mickael Pietrus,2,9:13,ORL,free throw,,,,,,,2,,2,Dwight Howard,,,foul,missed,,,,
Daniel Gibson,Jamario Moon,Mo Williams,Shaquille O'Neal,Zydrunas Ilgauskas,Dwight Howard,J.J. Redick,Jason Williams,Marcin Gortat,Mickael Pietrus,2,9:12,CLE,rebound,,,,,,,,,,Shaquille O'Neal,,,,,,def,,
Daniel Gibson,Jamario Moon,Mo Williams,Shaquille O'Neal,Zydrunas Ilgauskas,Dwight Howard,J.J. Redick,Jason Williams,Marcin Gortat,Mickael Pietrus,2,8:55,CLE,shot,,,,,,,,,,Daniel Gibson,,,,missed,,3pt,2,10
Daniel Gibson,Jamario Moon,Mo Williams,Shaquille O'Neal,Zydrunas Ilgauskas,Dwight Howard,J.J. Redick,Jason Williams,Marcin Gortat,Mickael Pietrus,2,8:54,ORL,rebound,,,,,,,,,,Dwight Howard,,,,,,def,,
Daniel Gibson,Jamario Moon,Mo Williams,Shaquille O'Neal,Zydrunas Ilgauskas,Dwight Howard,J.J. Redick,Jason Williams,Marcin Gortat,Mickael Pietrus,2,8:42,ORL,shot,,,,,,,,,,J.J. Redick,,,,missed,,jump,16,21
Daniel Gibson,Jamario Moon,Mo Williams,Shaquille O'Neal,Zydrunas Ilgauskas,Dwight Howard,J.J. Redick,Jason Williams,Marcin Gortat,Mickael Pietrus,2,8:41,ORL,rebound,,,,,,,,,,Dwight Howard,,,,,,off,,
Daniel Gibson,Jamario Moon,Mo Williams,Shaquille O'Neal,Zydrunas Ilgauskas,Dwight Howard,J.J. Redick,Jason Williams,Marcin Gortat,Mickael Pietrus,2,8:41,ORL,shot,,,,,,,,,,Dwight Howard,2,,,made,,layup,25,6
Daniel Gibson,Jamario Moon,Mo Williams,Shaquille O'Neal,Zydrunas Ilgauskas,Dwight Howard,J.J. Redick,Jason Williams,Marcin Gortat,Mickael Pietrus,2,8:41,CLE,foul,,,,,,,,Dwight Howard,,Daniel Gibson,,,,,,shooting,,
Daniel Gibson,Jamario Moon,Mo Williams,Shaquille O'Neal,Zydrunas Ilgauskas,Dwight Howard,J.J. Redick,Jason Williams,Marcin Gortat,Mickael Pietrus,2,8:41,ORL,free throw,,,,,,,1,,1,Dwight Howard,,,foul,made,,,,
Daniel Gibson,Jamario Moon,Mo Williams,Shaquille O'Neal,Zydrunas Ilgauskas,Dwight Howard,J.J. Redick,Jason Williams,Marcin Gortat,Mickael Pietrus,2,8:32,CLE,shot,,,,,,,,,,Mo Williams,3,,,made,,3pt,41,26
Daniel Gibson,Jamario Moon,Mo Williams,Shaquille O'Neal,Zydrunas Ilgauskas,Dwight Howard,J.J. Redick,Jason Williams,Marcin Gortat,Mickael Pietrus,2,8:20,CLE,foul,,,,,,,,Dwight Howard,,Zydrunas Ilgauskas,,,,,,personal,,
Daniel Gibson,LeBron James,Mo Williams,Shaquille O'Neal,Zydrunas Ilgauskas,Dwight Howard,J.J. Redick,Jason Williams,Marcin Gortat,Mickael Pietrus,2,8:20,CLE,sub,,,,LeBron James,,Jamario Moon,,,,,,,,,,,,
Daniel Gibson,LeBron James,Mo Williams,Shaquille O'Neal,Zydrunas Ilgauskas,Dwight Howard,J.J. Redick,Jason Williams,Marcin Gortat,Mickael Pietrus,2,8:11,ORL,shot,,,,,,,,,,Dwight Howard,2,,,made,,jump hook,32,10
Daniel Gibson,LeBron James,Mo Williams,Shaquille O'Neal,Zydrunas Ilgauskas,Dwight Howard,J.J. Redick,Jason Williams,Marcin Gortat,Mickael Pietrus,2,7:59,CLE,shot,,,,,,,,,,Shaquille O'Neal,2,,,made,,jump hook,28,16
Daniel Gibson,LeBron James,Mo Williams,Shaquille O'Neal,Zydrunas Ilgauskas,Dwight Howard,J.J. Redick,Jason Williams,Marcin Gortat,Mickael Pietrus,2,7:48,ORL,shot,Jason Williams,,,,,,,,,Marcin Gortat,2,,,made,,jump,28,24
Daniel Gibson,LeBron James,Mo Williams,Shaquille O'Neal,Zydrunas Ilgauskas,Dwight Howard,J.J. Redick,Jason Williams,Marcin Gortat,Mickael Pietrus,2,7:28,ORL,foul,,,,,,,,Shaquille O'Neal,,Marcin Gortat,,,,,,shooting,,
Daniel Gibson,LeBron James,Mo Williams,Shaquille O'Neal,Zydrunas Ilgauskas,Dwight Howard,J.J. Redick,Jason Williams,Marcin Gortat,Mickael Pietrus,2,7:28,CLE,free throw,,,,,,,1,,2,Shaquille O'Neal,,,foul,made,,,,
Daniel Gibson,LeBron James,Mo Williams,Shaquille O'Neal,Zydrunas Ilgauskas,Dwight Howard,J.J. Redick,Jason Williams,Marcin Gortat,Mickael Pietrus,2,7:28,CLE,free throw,,,,,,,2,,2,Shaquille O'Neal,,,foul,missed,,,,
Daniel Gibson,LeBron James,Mo Williams,Shaquille O'Neal,Zydrunas Ilgauskas,Dwight Howard,J.J. Redick,Jason Williams,Marcin Gortat,Mickael Pietrus,2,7:26,ORL,rebound,,,,,,,,,,Mickael Pietrus,,,,,,def,,
Daniel Gibson,LeBron James,Mo Williams,Shaquille O'Neal,Zydrunas Ilgauskas,Dwight Howard,J.J. Redick,Jason Williams,Marcin Gortat,Mickael Pietrus,2,7:14,ORL,shot,,,,,,,,,,Jason Williams,,,,missed,,jump,39,10
Daniel Gibson,LeBron James,Mo Williams,Shaquille O'Neal,Zydrunas Ilgauskas,Dwight Howard,J.J. Redick,Jason Williams,Marcin Gortat,Mickael Pietrus,2,7:13,CLE,rebound,,,,,,,,,,Shaquille O'Neal,,,,,,def,,
Daniel Gibson,LeBron James,Mo Williams,Shaquille O'Neal,Zydrunas Ilgauskas,Dwight Howard,J.J. Redick,Jason Williams,Marcin Gortat,Mickael Pietrus,2,6:57,CLE,shot,,,,,,,,,,Zydrunas Ilgauskas,,,,missed,,jump,38,22
Daniel Gibson,LeBron James,Mo Williams,Shaquille O'Neal,Zydrunas Ilgauskas,Dwight Howard,J.J. Redick,Jason Williams,Marcin Gortat,Mickael Pietrus,2,6:55,ORL,rebound,,,,,,,,,,Jason Williams,,,,,,def,,
Daniel Gibson,LeBron James,Mo Williams,Shaquille O'Neal,Zydrunas Ilgauskas,Dwight Howard,J.J. Redick,Jason Williams,Marcin Gortat,Mickael Pietrus,2,6:41,CLE,foul,,,,,,,,Dwight Howard,,Shaquille O'Neal,,,,,,shooting,,
Daniel Gibson,LeBron James,Mo Williams,Shaquille O'Neal,Zydrunas Ilgauskas,Dwight Howard,J.J. Redick,Jason Williams,Marcin Gortat,Mickael Pietrus,2,6:41,ORL,free throw,,,,,,,1,,2,Dwight Howard,,,foul,missed,,,,
Daniel Gibson,LeBron James,Mo Williams,Shaquille O'Neal,Zydrunas Ilgauskas,Dwight Howard,J.J. Redick,Jason Williams,Marcin Gortat,Mickael Pietrus,2,6:41,ORL,rebound,,,,,,,,,,,,,,,,,,
Daniel Gibson,LeBron James,Mo Williams,Shaquille O'Neal,Zydrunas Ilgauskas,Dwight Howard,J.J. Redick,Jason Williams,Marcin Gortat,Mickael Pietrus,2,6:41,ORL,free throw,,,,,,,2,,2,Dwight Howard,,,foul,made,,,,
Daniel Gibson,LeBron James,Mo Williams,Shaquille O'Neal,Zydrunas Ilgauskas,Dwight Howard,J.J. Redick,Jason Williams,Marcin Gortat,Mickael Pietrus,2,6:28,CLE,shot,,,,,,,,,,Mo Williams,2,,,made,,turnaround jump,32,24
Daniel Gibson,LeBron James,Mo Williams,Shaquille O'Neal,Zydrunas Ilgauskas,Dwight Howard,J.J. Redick,Jason Williams,Marcin Gortat,Mickael Pietrus,2,6:15,ORL,shot,,,,,,,,,,J.J. Redick,,,,missed,,3pt,31,30
Daniel Gibson,LeBron James,Mo Williams,Shaquille O'Neal,Zydrunas Ilgauskas,Dwight Howard,J.J. Redick,Jason Williams,Marcin Gortat,Mickael Pietrus,2,6:13,CLE,rebound,,,,,,,,,,Mo Williams,,,,,,def,,
Daniel Gibson,LeBron James,Mo Williams,Shaquille O'Neal,Zydrunas Ilgauskas,Dwight Howard,J.J. Redick,Jason Williams,Marcin Gortat,Mickael Pietrus,2,6:04,CLE,shot,,,,,,,,,,LeBron James,,,,missed,,turnaround fade away,19,25
Daniel Gibson,LeBron James,Mo Williams,Shaquille O'Neal,Zydrunas Ilgauskas,Dwight Howard,J.J. Redick,Jason Williams,Marcin Gortat,Mickael Pietrus,2,6:03,CLE,rebound,,,,,,,,,,Zydrunas Ilgauskas,,,,,,off,,
Daniel Gibson,LeBron James,Mo Williams,Shaquille O'Neal,Zydrunas Ilgauskas,Dwight Howard,J.J. Redick,Jason Williams,Marcin Gortat,Mickael Pietrus,2,6:03,CLE,shot,,,,,,,,,,Zydrunas Ilgauskas,,,,missed,,layup,25,6
Daniel Gibson,LeBron James,Mo Williams,Shaquille O'Neal,Zydrunas Ilgauskas,Dwight Howard,J.J. Redick,Jason Williams,Marcin Gortat,Mickael Pietrus,2,6:03,CLE,rebound,,,,,,,,,,,,,,,,,,
Daniel Gibson,LeBron James,Mo Williams,Shaquille O'Neal,Zydrunas Ilgauskas,Dwight Howard,J.J. Redick,Jameer Nelson,Marcin Gortat,Mickael Pietrus,2,6:03,ORL,sub,,,,Jameer Nelson,,Jason Williams,,,,,,,,,,,,
Daniel Gibson,LeBron James,Mo Williams,Shaquille O'Neal,Zydrunas Ilgauskas,Dwight Howard,J.J. Redick,Jameer Nelson,Marcin Gortat,Mickael Pietrus,2,5:42,CLE,shot,,,,,,,,,,Mo Williams,2,,,made,,driving layup,25,6
Daniel Gibson,LeBron James,Mo Williams,Shaquille O'Neal,Zydrunas Ilgauskas,Dwight Howard,J.J. Redick,Jameer Nelson,Marcin Gortat,Mickael Pietrus,2,5:41,CLE,violation,,,,,,,,,,,,,,,,delay of game,,
Daniel Gibson,LeBron James,Mo Williams,Shaquille O'Neal,Zydrunas Ilgauskas,Dwight Howard,J.J. Redick,Jameer Nelson,Marcin Gortat,Mickael Pietrus,2,5:21,ORL,shot,,,,,,,,,,Mickael Pietrus,,,,missed,,3pt,6,22
Daniel Gibson,LeBron James,Mo Williams,Shaquille O'Neal,Zydrunas Ilgauskas,Dwight Howard,J.J. Redick,Jameer Nelson,Marcin Gortat,Mickael Pietrus,2,5:20,CLE,rebound,,,,,,,,,,Zydrunas Ilgauskas,,,,,,def,,
Daniel Gibson,LeBron James,Mo Williams,Shaquille O'Neal,Zydrunas Ilgauskas,Dwight Howard,J.J. Redick,Jameer Nelson,Marcin Gortat,Mickael Pietrus,2,5:07,CLE,shot,,,,,,,,,,Shaquille O'Neal,2,,,made,,jump bank hook,19,11
Daniel Gibson,LeBron James,Mo Williams,Shaquille O'Neal,Zydrunas Ilgauskas,Dwight Howard,J.J. Redick,Jameer Nelson,Marcin Gortat,Mickael Pietrus,2,4:53,ORL,shot,,,,,,,,,,Mickael Pietrus,,,,missed,,layup,25,6
Daniel Gibson,LeBron James,Mo Williams,Shaquille O'Neal,Zydrunas Ilgauskas,Dwight Howard,J.J. Redick,Jameer Nelson,Marcin Gortat,Mickael Pietrus,2,4:52,CLE,rebound,,,,,,,,,,Zydrunas Ilgauskas,,,,,,def,,
Daniel Gibson,LeBron James,Mo Williams,Shaquille O'Neal,Zydrunas Ilgauskas,Dwight Howard,J.J. Redick,Jameer Nelson,Marcin Gortat,Mickael Pietrus,2,4:47,CLE,shot,,,,,,,,,,Shaquille O'Neal,,,,missed,,layup,25,6
Daniel Gibson,LeBron James,Mo Williams,Shaquille O'Neal,Zydrunas Ilgauskas,Dwight Howard,J.J. Redick,Jameer Nelson,Marcin Gortat,Mickael Pietrus,2,4:45,CLE,rebound,,,,,,,,,,LeBron James,,,,,,off,,
Daniel Gibson,LeBron James,Mo Williams,Shaquille O'Neal,Zydrunas Ilgauskas,Dwight Howard,J.J. Redick,Jameer Nelson,Marcin Gortat,Mickael Pietrus,2,4:45,CLE,shot,,,,,,,,,,LeBron James,2,,,made,,layup,25,6
Daniel Gibson,LeBron James,Mo Williams,Shaquille O'Neal,Zydrunas Ilgauskas,Dwight Howard,J.J. Redick,Jameer Nelson,Marcin Gortat,Mickael Pietrus,2,4:37,ORL,timeout,,,,,,,,,,,,,,,,short,,
Daniel Gibson,LeBron James,Mo Williams,Shaquille O'Neal,Zydrunas Ilgauskas,Dwight Howard,J.J. Redick,Jameer Nelson,Marcin Gortat,Mickael Pietrus,2,4:37,ORL,timeout,,,,,,,,,,,,,,,,official,,
Daniel Gibson,LeBron James,Mo Williams,Shaquille O'Neal,Zydrunas Ilgauskas,Dwight Howard,J.J. Redick,Jameer Nelson,Marcin Gortat,Vince Carter,2,4:37,ORL,sub,,,,Vince Carter,,Mickael Pietrus,,,,,,,,,,,,
Daniel Gibson,LeBron James,Mo Williams,Shaquille O'Neal,Zydrunas Ilgauskas,Dwight Howard,Jameer Nelson,Marcin Gortat,Matt Barnes,Vince Carter,2,4:37,ORL,sub,,,,Matt Barnes,,J.J. Redick,,,,,,,,,,,,
Anthony Parker,Daniel Gibson,LeBron James,Mo Williams,Zydrunas Ilgauskas,Dwight Howard,Jameer Nelson,Marcin Gortat,Matt Barnes,Vince Carter,2,4:37,CLE,sub,,,,Anthony Parker,,Shaquille O'Neal,,,,,,,,,,,,
Anderson Varejao,Anthony Parker,LeBron James,Mo Williams,Zydrunas Ilgauskas,Dwight Howard,Jameer Nelson,Marcin Gortat,Matt Barnes,Vince Carter,2,4:37,CLE,sub,,,,Anderson Varejao,,Daniel Gibson,,,,,,,,,,,,
Anderson Varejao,Anthony Parker,LeBron James,Mo Williams,Zydrunas Ilgauskas,Dwight Howard,Jameer Nelson,Marcin Gortat,Matt Barnes,Vince Carter,2,4:26,ORL,shot,,,,,,,,,,Vince Carter,2,,,made,,jump,21,24
Anderson Varejao,Anthony Parker,LeBron James,Mo Williams,Zydrunas Ilgauskas,Dwight Howard,Jameer Nelson,Marcin Gortat,Matt Barnes,Vince Carter,2,4:08,CLE,shot,Mo Williams,,,,,,,,,LeBron James,2,,,made,,dunk,25,6
Anderson Varejao,Anthony Parker,LeBron James,Mo Williams,Zydrunas Ilgauskas,Dwight Howard,Jameer Nelson,Marcin Gortat,Matt Barnes,Vince Carter,2,3:53,ORL,shot,,,,,,,,,,Marcin Gortat,,,,missed,,jump,22,21
Anderson Varejao,Anthony Parker,LeBron James,Mo Williams,Zydrunas Ilgauskas,Dwight Howard,Jameer Nelson,Marcin Gortat,Matt Barnes,Vince Carter,2,3:52,CLE,rebound,,,,,,,,,,Anderson Varejao,,,,,,def,,
Anderson Varejao,Anthony Parker,LeBron James,Mo Williams,Zydrunas Ilgauskas,Dwight Howard,Jameer Nelson,Marcin Gortat,Matt Barnes,Vince Carter,2,3:35,CLE,turnover,,,,,,,,,,Zydrunas Ilgauskas,,,3 second violation,,,,,
Anderson Varejao,Anthony Parker,LeBron James,Mo Williams,Zydrunas Ilgauskas,Dwight Howard,Jameer Nelson,Matt Barnes,Mickael Pietrus,Vince Carter,2,3:35,ORL,sub,,,,Mickael Pietrus,,Marcin Gortat,,,,,,,,,,,,
Anderson Varejao,Anthony Parker,LeBron James,Mo Williams,Zydrunas Ilgauskas,Dwight Howard,Jameer Nelson,Matt Barnes,Mickael Pietrus,Vince Carter,2,3:18,ORL,shot,,,,,,,,,,Vince Carter,2,,,made,,fade away jumper,17,11
Anderson Varejao,Anthony Parker,LeBron James,Mo Williams,Zydrunas Ilgauskas,Dwight Howard,Jameer Nelson,Matt Barnes,Mickael Pietrus,Vince Carter,2,2:55,CLE,shot,,,,,,,,,,LeBron James,,,,missed,,jump,24,11
Anderson Varejao,Anthony Parker,LeBron James,Mo Williams,Zydrunas Ilgauskas,Dwight Howard,Jameer Nelson,Matt Barnes,Mickael Pietrus,Vince Carter,2,2:55,ORL,rebound,,,,,,,,,,,,,,,,,,
Anderson Varejao,Anthony Parker,LeBron James,Mo Williams,Zydrunas Ilgauskas,Dwight Howard,Jameer Nelson,Matt Barnes,Mickael Pietrus,Vince Carter,2,2:55,CLE,foul,,,,,,,,Dwight Howard,,Zydrunas Ilgauskas,,,,,,loose ball,,
Anderson Varejao,Anthony Parker,LeBron James,Mo Williams,Zydrunas Ilgauskas,Dwight Howard,Jameer Nelson,Matt Barnes,Mickael Pietrus,Vince Carter,2,2:55,CLE,timeout,,,,,,,,,,,,,,,,regular,,
Anderson Varejao,Anthony Parker,LeBron James,Mo Williams,Shaquille O'Neal,Dwight Howard,Jameer Nelson,Matt Barnes,Mickael Pietrus,Vince Carter,2,2:55,CLE,sub,,,,Shaquille O'Neal,,Zydrunas Ilgauskas,,,,,,,,,,,,
Anderson Varejao,Anthony Parker,LeBron James,Mo Williams,Shaquille O'Neal,Dwight Howard,Jameer Nelson,Matt Barnes,Mickael Pietrus,Vince Carter,2,2:55,ORL,free throw,,,,,,,1,,2,Dwight Howard,,,foul,missed,,,,
Anderson Varejao,Anthony Parker,LeBron James,Mo Williams,Shaquille O'Neal,Dwight Howard,Jameer Nelson,Matt Barnes,Mickael Pietrus,Vince Carter,2,2:55,ORL,rebound,,,,,,,,,,,,,,,,,,
Anderson Varejao,Anthony Parker,LeBron James,Mo Williams,Shaquille O'Neal,Dwight Howard,Jameer Nelson,Matt Barnes,Mickael Pietrus,Vince Carter,2,2:55,ORL,free throw,,,,,,,2,,2,Dwight Howard,,,foul,made,,,,
Anderson Varejao,Anthony Parker,LeBron James,Mo Williams,Shaquille O'Neal,Dwight Howard,Jameer Nelson,Matt Barnes,Mickael Pietrus,Vince Carter,2,2:53,ORL,foul,,,,,,,,Mo Williams,,Jameer Nelson,,,,,,personal,,
Anderson Varejao,Anthony Parker,LeBron James,Mo Williams,Shaquille O'Neal,Jameer Nelson,Marcin Gortat,Matt Barnes,Mickael Pietrus,Vince Carter,2,2:53,ORL,sub,,,,Marcin Gortat,,Dwight Howard,,,,,,,,,,,,
Anderson Varejao,Anthony Parker,LeBron James,Mo Williams,Shaquille O'Neal,Jameer Nelson,Marcin Gortat,Matt Barnes,Mickael Pietrus,Vince Carter,2,2:40,CLE,turnover,,,,,,,,,,Shaquille O'Neal,,,discontinue dribble,,,,,
Anderson Varejao,Anthony Parker,LeBron James,Mo Williams,Shaquille O'Neal,Jameer Nelson,Marcin Gortat,Matt Barnes,Mickael Pietrus,Vince Carter,2,2:15,ORL,shot,Mickael Pietrus,,,,,,,,,Matt Barnes,2,,,made,,turnaround bank hook,20,8
Anderson Varejao,Anthony Parker,LeBron James,Mo Williams,Shaquille O'Neal,Jameer Nelson,Marcin Gortat,Matt Barnes,Mickael Pietrus,Vince Carter,2,2:01,CLE,shot,,,,,,,,,,Anderson Varejao,,,,missed,,hook,21,11
Anderson Varejao,Anthony Parker,LeBron James,Mo Williams,Shaquille O'Neal,Jameer Nelson,Marcin Gortat,Matt Barnes,Mickael Pietrus,Vince Carter,2,1:57,ORL,rebound,,,,,,,,,,Matt Barnes,,,,,,def,,
Anderson Varejao,Anthony Parker,LeBron James,Mo Williams,Shaquille O'Neal,Jameer Nelson,Marcin Gortat,Matt Barnes,Mickael Pietrus,Vince Carter,2,1:52,ORL,shot,,,,,,,,,,Vince Carter,,,,missed,,3pt,40,26
Anderson Varejao,Anthony Parker,LeBron James,Mo Williams,Shaquille O'Neal,Jameer Nelson,Marcin Gortat,Matt Barnes,Mickael Pietrus,Vince Carter,2,1:51,CLE,rebound,,,,,,,,,,Anderson Varejao,,,,,,def,,
Anderson Varejao,Anthony Parker,LeBron James,Mo Williams,Shaquille O'Neal,Jameer Nelson,Marcin Gortat,Matt Barnes,Mickael Pietrus,Vince Carter,2,1:44,CLE,foul,,,,,,,,Mickael Pietrus,,Shaquille O'Neal,,,,,,offensive,,
Anderson Varejao,Anthony Parker,LeBron James,Mo Williams,Shaquille O'Neal,Jameer Nelson,Marcin Gortat,Matt Barnes,Mickael Pietrus,Vince Carter,2,1:44,CLE,turnover,,,,,,,,,,Shaquille O'Neal,,,foul,,,,,
Anderson Varejao,Anthony Parker,J.J. Hickson,LeBron James,Mo Williams,Jameer Nelson,Marcin Gortat,Matt Barnes,Mickael Pietrus,Vince Carter,2,1:44,CLE,sub,,,,J.J. Hickson,,Shaquille O'Neal,,,,,,,,,,,,
Anderson Varejao,Anthony Parker,J.J. Hickson,LeBron James,Mo Williams,Jameer Nelson,Marcin Gortat,Matt Barnes,Mickael Pietrus,Vince Carter,2,1:33,ORL,shot,,,,,,,,,,Vince Carter,2,,,made,,jump,13,17
Anderson Varejao,Anthony Parker,J.J. Hickson,LeBron James,Mo Williams,Jameer Nelson,Marcin Gortat,Matt Barnes,Mickael Pietrus,Vince Carter,2,1:25,CLE,timeout,,,,,,,,,,,,,,,,short,,
Anderson Varejao,Anthony Parker,J.J. Hickson,LeBron James,Mo Williams,Jameer Nelson,Marcin Gortat,Matt Barnes,Mickael Pietrus,Vince Carter,2,1:18,ORL,foul,,,,,,,,LeBron James,,Matt Barnes,,,,,,shooting,,
Anderson Varejao,Anthony Parker,J.J. Hickson,LeBron James,Mo Williams,Jameer Nelson,Marcin Gortat,Matt Barnes,Mickael Pietrus,Vince Carter,2,1:18,CLE,free throw,,,,,,,1,,2,LeBron James,,,foul,made,,,,
Anderson Varejao,Anthony Parker,J.J. Hickson,LeBron James,Mo Williams,Jameer Nelson,Marcin Gortat,Matt Barnes,Mickael Pietrus,Vince Carter,2,1:18,CLE,free throw,,,,,,,2,,2,LeBron James,,,foul,made,,,,
Anderson Varejao,Anthony Parker,J.J. Hickson,LeBron James,Mo Williams,Jameer Nelson,Marcin Gortat,Matt Barnes,Mickael Pietrus,Vince Carter,2,1:16,ORL,turnover,,,,,,,,,,Jameer Nelson,,,bad pass,,Anthony Parker,,,
Anderson Varejao,Anthony Parker,J.J. Hickson,LeBron James,Mo Williams,Jameer Nelson,Marcin Gortat,Matt Barnes,Mickael Pietrus,Vince Carter,2,1:08,ORL,foul,,,,,,,,LeBron James,,Mickael Pietrus,,,,,,shooting,,
Anderson Varejao,Anthony Parker,J.J. Hickson,LeBron James,Mo Williams,Jameer Nelson,Marcin Gortat,Matt Barnes,Mickael Pietrus,Vince Carter,2,1:08,CLE,free throw,,,,,,,1,,2,LeBron James,,,foul,made,,,,
Anderson Varejao,Anthony Parker,J.J. Hickson,LeBron James,Mo Williams,Jameer Nelson,Marcin Gortat,Matt Barnes,Mickael Pietrus,Vince Carter,2,1:08,CLE,free throw,,,,,,,2,,2,LeBron James,,,foul,missed,,,,
Anderson Varejao,Anthony Parker,J.J. Hickson,LeBron James,Mo Williams,Jameer Nelson,Marcin Gortat,Matt Barnes,Mickael Pietrus,Vince Carter,2,1:07,CLE,rebound,,,,,,,,,,,,,,,,,,
Anderson Varejao,Anthony Parker,J.J. Hickson,LeBron James,Mo Williams,Jameer Nelson,Marcin Gortat,Matt Barnes,Mickael Pietrus,Vince Carter,2,1:05,ORL,foul,,,,,,,,J.J. Hickson,,Mickael Pietrus,,,,,,loose ball,,
Anderson Varejao,Anthony Parker,J.J. Hickson,LeBron James,Mo Williams,Jameer Nelson,Marcin Gortat,Matt Barnes,Mickael Pietrus,Vince Carter,2,1:05,CLE,free throw,,,,,,,1,,2,J.J. Hickson,,,foul,made,,,,
Anderson Varejao,Anthony Parker,J.J. Hickson,LeBron James,Mo Williams,Jameer Nelson,Marcin Gortat,Matt Barnes,Mickael Pietrus,Vince Carter,2,1:05,CLE,free throw,,,,,,,2,,2,J.J. Hickson,,,foul,made,,,,
Anderson Varejao,Anthony Parker,J.J. Hickson,LeBron James,Mo Williams,Jameer Nelson,Marcin Gortat,Matt Barnes,Mickael Pietrus,Vince Carter,2,0:49,ORL,shot,,,,,,,,,,Matt Barnes,,,,missed,,3pt,48,11
Anderson Varejao,Anthony Parker,J.J. Hickson,LeBron James,Mo Williams,Jameer Nelson,Marcin Gortat,Matt Barnes,Mickael Pietrus,Vince Carter,2,0:48,CLE,rebound,,,,,,,,,,LeBron James,,,,,,def,,
Anderson Varejao,Anthony Parker,J.J. Hickson,LeBron James,Mo Williams,Jameer Nelson,Marcin Gortat,Matt Barnes,Mickael Pietrus,Vince Carter,2,0:43,CLE,shot,,,,,,,,,,LeBron James,,,,missed,,jump,19,27
Anderson Varejao,Anthony Parker,J.J. Hickson,LeBron James,Mo Williams,Jameer Nelson,Marcin Gortat,Matt Barnes,Mickael Pietrus,Vince Carter,2,0:43,CLE,rebound,,,,,,,,,,,,,,,,,,
Anderson Varejao,Anthony Parker,J.J. Hickson,LeBron James,Mo Williams,Jameer Nelson,Marcin Gortat,Matt Barnes,Mickael Pietrus,Vince Carter,2,0:43,ORL,foul,,,,,,,,J.J. Hickson,,Matt Barnes,,,,,,loose ball,,
Anderson Varejao,Anthony Parker,J.J. Hickson,LeBron James,Mo Williams,Jameer Nelson,Marcin Gortat,Matt Barnes,Mickael Pietrus,Vince Carter,2,0:43,CLE,free throw,,,,,,,1,,2,J.J. Hickson,,,foul,made,,,,
Anderson Varejao,J.J. Hickson,Jamario Moon,LeBron James,Mo Williams,Jameer Nelson,Marcin Gortat,Matt Barnes,Mickael Pietrus,Vince Carter,2,0:43,CLE,sub,,,,Jamario Moon,,Anthony Parker,,,,,,,,,,,,
Anderson Varejao,J.J. Hickson,Jamario Moon,LeBron James,Mo Williams,Brandon Bass,Jameer Nelson,Marcin Gortat,Mickael Pietrus,Vince Carter,2,0:43,ORL,sub,,,,Brandon Bass,,Matt Barnes,,,,,,,,,,,,
Anderson Varejao,J.J. Hickson,Jamario Moon,LeBron James,Mo Williams,Brandon Bass,Jameer Nelson,Marcin Gortat,Mickael Pietrus,Vince Carter,2,0:43,CLE,free throw,,,,,,,2,,2,J.J. Hickson,,,foul,missed,,,,
Anderson Varejao,J.J. Hickson,Jamario Moon,LeBron James,Mo Williams,Brandon Bass,Jameer Nelson,Marcin Gortat,Mickael Pietrus,Vince Carter,2,0:41,ORL,rebound,,,,,,,,,,Marcin Gortat,,,,,,def,,
Anderson Varejao,J.J. Hickson,Jamario Moon,LeBron James,Mo Williams,Brandon Bass,Jameer Nelson,Marcin Gortat,Mickael Pietrus,Vince Carter,2,0:24,ORL,shot,,,,,,,,,,Jameer Nelson,2,,,made,,jump,27,28
Anderson Varejao,J.J. Hickson,Jamario Moon,LeBron James,Mo Williams,Brandon Bass,Jameer Nelson,Marcin Gortat,Mickael Pietrus,Vince Carter,2,0:01,CLE,shot,,,,,,,,,,LeBron James,3,,,made,,3pt,20,32
Anthony Parker,J.J. Hickson,LeBron James,Mo Williams,Shaquille O'Neal,Dwight Howard,Jameer Nelson,Marcin Gortat,Matt Barnes,Vince Carter,3,11:48,ORL,shot,,,,,,,,,,Vince Carter,2,,,made,,fade away jumper,7,12
Anthony Parker,J.J. Hickson,LeBron James,Mo Williams,Shaquille O'Neal,Dwight Howard,Jameer Nelson,Marcin Gortat,Matt Barnes,Vince Carter,3,11:30,CLE,shot,LeBron James,,,,,,,,,Anthony Parker,3,,,made,,3pt,6,23
Anthony Parker,J.J. Hickson,LeBron James,Mo Williams,Shaquille O'Neal,Dwight Howard,Jameer Nelson,Marcin Gortat,Matt Barnes,Vince Carter,3,11:12,ORL,shot,,,Shaquille O'Neal,,,,,,,Matt Barnes,,,,missed,,layup,25,6
Anthony Parker,J.J. Hickson,LeBron James,Mo Williams,Shaquille O'Neal,Dwight Howard,Jameer Nelson,Marcin Gortat,Matt Barnes,Vince Carter,3,11:09,CLE,rebound,,,,,,,,,,J.J. Hickson,,,,,,def,,
Anthony Parker,J.J. Hickson,LeBron James,Mo Williams,Shaquille O'Neal,Dwight Howard,Jameer Nelson,Marcin Gortat,Matt Barnes,Vince Carter,3,11:04,CLE,shot,Mo Williams,,,,,,,,,Anthony Parker,3,,,made,,3pt,48,11
Anthony Parker,J.J. Hickson,LeBron James,Mo Williams,Shaquille O'Neal,Dwight Howard,Jameer Nelson,Marcin Gortat,Matt Barnes,Vince Carter,3,10:45,ORL,shot,,,,,,,,,,Matt Barnes,2,,,made,,layup,25,6
Anthony Parker,J.J. Hickson,LeBron James,Mo Williams,Shaquille O'Neal,Dwight Howard,Jameer Nelson,Marcin Gortat,Matt Barnes,Vince Carter,3,10:19,CLE,shot,,,,,,,,,,J.J. Hickson,,,,missed,,running jump,34,9
Anthony Parker,J.J. Hickson,LeBron James,Mo Williams,Shaquille O'Neal,Dwight Howard,Jameer Nelson,Marcin Gortat,Matt Barnes,Vince Carter,3,10:18,ORL,rebound,,,,,,,,,,Matt Barnes,,,,,,def,,
Anthony Parker,J.J. Hickson,LeBron James,Mo Williams,Shaquille O'Neal,Dwight Howard,Jameer Nelson,Marcin Gortat,Matt Barnes,Vince Carter,3,10:10,ORL,shot,,,,,,,,,,Jameer Nelson,,,,missed,,jump,9,21
Anthony Parker,J.J. Hickson,LeBron James,Mo Williams,Shaquille O'Neal,Dwight Howard,Jameer Nelson,Marcin Gortat,Matt Barnes,Vince Carter,3,10:09,CLE,rebound,,,,,,,,,,Shaquille O'Neal,,,,,,def,,
Anthony Parker,J.J. Hickson,LeBron James,Mo Williams,Shaquille O'Neal,Dwight Howard,Jameer Nelson,Marcin Gortat,Matt Barnes,Vince Carter,3,9:53,CLE,shot,,,,,,,,,,J.J. Hickson,,,,missed,,jump,28,23
Anthony Parker,J.J. Hickson,LeBron James,Mo Williams,Shaquille O'Neal,Dwight Howard,Jameer Nelson,Marcin Gortat,Matt Barnes,Vince Carter,3,9:51,ORL,rebound,,,,,,,,,,Marcin Gortat,,,,,,def,,
Anthony Parker,J.J. Hickson,LeBron James,Mo Williams,Shaquille O'Neal,Dwight Howard,Jameer Nelson,Marcin Gortat,Matt Barnes,Vince Carter,3,9:37,ORL,shot,,,Mo Williams,,,,,,,Jameer Nelson,,,,missed,,jump,23,24
Anthony Parker,J.J. Hickson,LeBron James,Mo Williams,Shaquille O'Neal,Dwight Howard,Jameer Nelson,Marcin Gortat,Matt Barnes,Vince Carter,3,9:37,ORL,rebound,,,,,,,,,,,,,,,,,,
Anthony Parker,J.J. Hickson,LeBron James,Mo Williams,Shaquille O'Neal,Dwight Howard,Jameer Nelson,Marcin Gortat,Matt Barnes,Vince Carter,3,9:34,ORL,shot,,,,,,,,,,Vince Carter,,,,missed,,jump,40,17
Anthony Parker,J.J. Hickson,LeBron James,Mo Williams,Shaquille O'Neal,Dwight Howard,Jameer Nelson,Marcin Gortat,Matt Barnes,Vince Carter,3,9:33,CLE,rebound,,,,,,,,,,Shaquille O'Neal,,,,,,def,,
Anthony Parker,J.J. Hickson,LeBron James,Mo Williams,Shaquille O'Neal,Dwight Howard,Jameer Nelson,Marcin Gortat,Matt Barnes,Vince Carter,3,9:12,CLE,shot,,,,,,,,,,Shaquille O'Neal,,,,missed,,turnaround bank,35,13
Anthony Parker,J.J. Hickson,LeBron James,Mo Williams,Shaquille O'Neal,Dwight Howard,Jameer Nelson,Marcin Gortat,Matt Barnes,Vince Carter,3,9:10,ORL,rebound,,,,,,,,,,Dwight Howard,,,,,,def,,
Anthony Parker,J.J. Hickson,LeBron James,Mo Williams,Shaquille O'Neal,Dwight Howard,Jameer Nelson,Marcin Gortat,Matt Barnes,Vince Carter,3,9:04,ORL,foul,,,,,,,,Anthony Parker,,Marcin Gortat,,,,,,offensive,,
Anthony Parker,J.J. Hickson,LeBron James,Mo Williams,Shaquille O'Neal,Dwight Howard,Jameer Nelson,Marcin Gortat,Matt Barnes,Vince Carter,3,9:04,ORL,turnover,,,,,,,,,,Marcin Gortat,,,foul,,,,,
Anthony Parker,J.J. Hickson,LeBron James,Mo Williams,Shaquille O'Neal,Dwight Howard,Jameer Nelson,Marcin Gortat,Matt Barnes,Vince Carter,3,8:45,CLE,shot,,,,,,,,,,Mo Williams,,,,missed,,3pt,34,30
Anthony Parker,J.J. Hickson,LeBron James,Mo Williams,Shaquille O'Neal,Dwight Howard,Jameer Nelson,Marcin Gortat,Matt Barnes,Vince Carter,3,8:43,ORL,rebound,,,,,,,,,,Dwight Howard,,,,,,def,,
Anthony Parker,J.J. Hickson,LeBron James,Mo Williams,Shaquille O'Neal,Dwight Howard,Jameer Nelson,Marcin Gortat,Matt Barnes,Vince Carter,3,8:33,ORL,shot,,,,,,,,,,Jameer Nelson,,,,missed,,layup,25,6
Anthony Parker,J.J. Hickson,LeBron James,Mo Williams,Shaquille O'Neal,Dwight Howard,Jameer Nelson,Marcin Gortat,Matt Barnes,Vince Carter,3,8:32,ORL,rebound,,,,,,,,,,Marcin Gortat,,,,,,off,,
Anthony Parker,J.J. Hickson,LeBron James,Mo Williams,Shaquille O'Neal,Dwight Howard,Jameer Nelson,Marcin Gortat,Matt Barnes,Vince Carter,3,8:32,ORL,shot,,,,,,,,,,Marcin Gortat,,,,missed,,tip,25,6
Anthony Parker,J.J. Hickson,LeBron James,Mo Williams,Shaquille O'Neal,Dwight Howard,Jameer Nelson,Marcin Gortat,Matt Barnes,Vince Carter,3,8:31,ORL,rebound,,,,,,,,,,Jameer Nelson,,,,,,off,,
Anthony Parker,J.J. Hickson,LeBron James,Mo Williams,Shaquille O'Neal,Dwight Howard,Jameer Nelson,Marcin Gortat,Matt Barnes,Vince Carter,3,8:25,ORL,shot,,,,,,,,,,Matt Barnes,,,,missed,,3pt,12,27
Anthony Parker,J.J. Hickson,LeBron James,Mo Williams,Shaquille O'Neal,Dwight Howard,Jameer Nelson,Marcin Gortat,Matt Barnes,Vince Carter,3,8:25,ORL,rebound,,,,,,,,,,Dwight Howard,,,,,,off,,
Anthony Parker,J.J. Hickson,LeBron James,Mo Williams,Shaquille O'Neal,Dwight Howard,Jameer Nelson,Marcin Gortat,Matt Barnes,Vince Carter,3,8:25,ORL,shot,,,,,,,,,,Dwight Howard,2,,,made,,layup,25,6
Anthony Parker,J.J. Hickson,LeBron James,Mo Williams,Shaquille O'Neal,Dwight Howard,Jameer Nelson,Marcin Gortat,Matt Barnes,Vince Carter,3,8:25,CLE,foul,,,,,,,,Dwight Howard,,Shaquille O'Neal,,,,,,shooting,,
Anthony Parker,J.J. Hickson,LeBron James,Mo Williams,Zydrunas Ilgauskas,Dwight Howard,Jameer Nelson,Marcin Gortat,Matt Barnes,Vince Carter,3,8:25,CLE,sub,,,,Zydrunas Ilgauskas,,Shaquille O'Neal,,,,,,,,,,,,
Anthony Parker,J.J. Hickson,LeBron James,Mo Williams,Zydrunas Ilgauskas,Dwight Howard,Jameer Nelson,Marcin Gortat,Matt Barnes,Vince Carter,3,8:25,ORL,free throw,,,,,,,1,,1,Dwight Howard,,,foul,made,,,,
Anthony Parker,J.J. Hickson,LeBron James,Mo Williams,Zydrunas Ilgauskas,Dwight Howard,Jameer Nelson,Marcin Gortat,Matt Barnes,Vince Carter,3,8:14,CLE,shot,,,,,,,,,,LeBron James,3,,,made,,3pt,12,28
Anthony Parker,J.J. Hickson,LeBron James,Mo Williams,Zydrunas Ilgauskas,Dwight Howard,Jameer Nelson,Marcin Gortat,Matt Barnes,Vince Carter,3,7:49,ORL,shot,Jameer Nelson,,,,,,,,,Vince Carter,2,,,made,,fade away jumper,40,18
Anthony Parker,J.J. Hickson,LeBron James,Mo Williams,Zydrunas Ilgauskas,Dwight Howard,Jameer Nelson,Marcin Gortat,Matt Barnes,Vince Carter,3,7:27,CLE,shot,,,,,,,,,,LeBron James,2,,,made,,fade away jumper,35,13
Anthony Parker,J.J. Hickson,LeBron James,Mo Williams,Zydrunas Ilgauskas,Dwight Howard,Jameer Nelson,Marcin Gortat,Matt Barnes,Vince Carter,3,7:16,ORL,shot,,,,,,,,,,Matt Barnes,,,,missed,,jump,24,14
Anthony Parker,J.J. Hickson,LeBron James,Mo Williams,Zydrunas Ilgauskas,Dwight Howard,Jameer Nelson,Marcin Gortat,Matt Barnes,Vince Carter,3,7:16,ORL,rebound,,,,,,,,,,Marcin Gortat,,,,,,off,,
Anthony Parker,J.J. Hickson,LeBron James,Mo Williams,Zydrunas Ilgauskas,Dwight Howard,Jameer Nelson,Marcin Gortat,Matt Barnes,Vince Carter,3,7:15,CLE,violation,,,,,,,,,,LeBron James,,,,,,defensive goaltending,,
Anthony Parker,J.J. Hickson,LeBron James,Mo Williams,Zydrunas Ilgauskas,Dwight Howard,Jameer Nelson,Marcin Gortat,Matt Barnes,Vince Carter,3,7:15,ORL,shot,,,,,,,,,,Marcin Gortat,2,,,made,,layup,25,6
Anthony Parker,J.J. Hickson,LeBron James,Mo Williams,Zydrunas Ilgauskas,Dwight Howard,Jameer Nelson,Marcin Gortat,Matt Barnes,Vince Carter,3,6:57,CLE,shot,,,,,,,,,,LeBron James,,,,missed,,jump,10,21
Anthony Parker,J.J. Hickson,LeBron James,Mo Williams,Zydrunas Ilgauskas,Dwight Howard,Jameer Nelson,Marcin Gortat,Matt Barnes,Vince Carter,3,6:55,ORL,rebound,,,,,,,,,,Dwight Howard,,,,,,def,,
Anthony Parker,J.J. Hickson,LeBron James,Mo Williams,Zydrunas Ilgauskas,Dwight Howard,Jameer Nelson,Marcin Gortat,Matt Barnes,Vince Carter,3,6:48,ORL,shot,,,,,,,,,,Jameer Nelson,2,,,made,,floating jump,21,9
Anthony Parker,J.J. Hickson,LeBron James,Mo Williams,Zydrunas Ilgauskas,Dwight Howard,Jameer Nelson,Marcin Gortat,Matt Barnes,Vince Carter,3,6:28,CLE,shot,,,,,,,,,,J.J. Hickson,,,,missed,,layup,25,6
Anthony Parker,J.J. Hickson,LeBron James,Mo Williams,Zydrunas Ilgauskas,Dwight Howard,Jameer Nelson,Marcin Gortat,Matt Barnes,Vince Carter,3,6:27,ORL,rebound,,,,,,,,,,Dwight Howard,,,,,,def,,
Anthony Parker,J.J. Hickson,LeBron James,Mo Williams,Zydrunas Ilgauskas,Dwight Howard,Jameer Nelson,Marcin Gortat,Matt Barnes,Vince Carter,3,6:18,ORL,shot,,,,,,,,,,Jameer Nelson,,,,missed,,layup,25,6
Anthony Parker,J.J. Hickson,LeBron James,Mo Williams,Zydrunas Ilgauskas,Dwight Howard,Jameer Nelson,Marcin Gortat,Matt Barnes,Vince Carter,3,6:17,CLE,rebound,,,,,,,,,,J.J. Hickson,,,,,,def,,
Anthony Parker,J.J. Hickson,LeBron James,Mo Williams,Zydrunas Ilgauskas,Dwight Howard,Jameer Nelson,Marcin Gortat,Matt Barnes,Vince Carter,3,6:04,CLE,shot,LeBron James,,,,,,,,,J.J. Hickson,2,,,made,,dunk,25,6
Anthony Parker,J.J. Hickson,LeBron James,Mo Williams,Zydrunas Ilgauskas,Dwight Howard,Jameer Nelson,Marcin Gortat,Matt Barnes,Vince Carter,3,5:36,ORL,shot,,,,,,,,,,Vince Carter,,,,missed,,3pt,22,32
Anthony Parker,J.J. Hickson,LeBron James,Mo Williams,Zydrunas Ilgauskas,Dwight Howard,Jameer Nelson,Marcin Gortat,Matt Barnes,Vince Carter,3,5:35,ORL,rebound,,,,,,,,,,,,,,,,,,
Anthony Parker,J.J. Hickson,LeBron James,Mo Williams,Zydrunas Ilgauskas,Dwight Howard,Jameer Nelson,Marcin Gortat,Matt Barnes,Vince Carter,3,5:35,CLE,foul,,,,,,,,Matt Barnes,,LeBron James,,,,,,loose ball,,
Anthony Parker,J.J. Hickson,LeBron James,Mo Williams,Zydrunas Ilgauskas,Dwight Howard,Jameer Nelson,Marcin Gortat,Matt Barnes,Vince Carter,3,5:35,ORL,timeout,,,,,,,,,,,,,,,,regular,,
Anthony Parker,J.J. Hickson,LeBron James,Mo Williams,Zydrunas Ilgauskas,Brandon Bass,Dwight Howard,Jameer Nelson,Matt Barnes,Vince Carter,3,5:35,ORL,sub,,,,Brandon Bass,,Marcin Gortat,,,,,,,,,,,,
Anthony Parker,J.J. Hickson,LeBron James,Mo Williams,Zydrunas Ilgauskas,Brandon Bass,Dwight Howard,Jameer Nelson,Mickael Pietrus,Vince Carter,3,5:29,ORL,sub,,,,Mickael Pietrus,,Matt Barnes,,,,,,,,,,,,
Anthony Parker,J.J. Hickson,LeBron James,Mo Williams,Zydrunas Ilgauskas,Brandon Bass,Dwight Howard,Jameer Nelson,Mickael Pietrus,Vince Carter,3,5:21,ORL,shot,,,,,,,,,,Vince Carter,,,,missed,,fade away jumper,8,10
Anthony Parker,J.J. Hickson,LeBron James,Mo Williams,Zydrunas Ilgauskas,Brandon Bass,Dwight Howard,Jameer Nelson,Mickael Pietrus,Vince Carter,3,5:20,CLE,rebound,,,,,,,,,,Zydrunas Ilgauskas,,,,,,def,,
Anthony Parker,J.J. Hickson,LeBron James,Mo Williams,Zydrunas Ilgauskas,Brandon Bass,Dwight Howard,Jameer Nelson,Mickael Pietrus,Vince Carter,3,4:57,CLE,shot,,,Dwight Howard,,,,,,,LeBron James,,,,missed,,layup,25,6
Anthony Parker,J.J. Hickson,LeBron James,Mo Williams,Zydrunas Ilgauskas,Brandon Bass,Dwight Howard,Jameer Nelson,Mickael Pietrus,Vince Carter,3,4:55,ORL,rebound,,,,,,,,,,Vince Carter,,,,,,def,,
Anthony Parker,J.J. Hickson,LeBron James,Mo Williams,Zydrunas Ilgauskas,Brandon Bass,Dwight Howard,Jameer Nelson,Mickael Pietrus,Vince Carter,3,4:52,ORL,turnover,,,,,,,,,,Vince Carter,,,lost ball,,LeBron James,,,
Anthony Parker,J.J. Hickson,LeBron James,Mo Williams,Zydrunas Ilgauskas,Brandon Bass,Dwight Howard,Jameer Nelson,Mickael Pietrus,Vince Carter,3,4:44,CLE,shot,,,,,,,,,,Zydrunas Ilgauskas,,,,missed,,jump,11,22
Anthony Parker,J.J. Hickson,LeBron James,Mo Williams,Zydrunas Ilgauskas,Brandon Bass,Dwight Howard,Jameer Nelson,Mickael Pietrus,Vince Carter,3,4:43,ORL,rebound,,,,,,,,,,Vince Carter,,,,,,def,,
Anthony Parker,J.J. Hickson,LeBron James,Mo Williams,Zydrunas Ilgauskas,Brandon Bass,Dwight Howard,Jameer Nelson,Mickael Pietrus,Vince Carter,3,4:35,ORL,turnover,,,,,,,,,,Mickael Pietrus,,,bad pass,,J.J. Hickson,,,
Anthony Parker,J.J. Hickson,LeBron James,Mo Williams,Zydrunas Ilgauskas,Brandon Bass,Dwight Howard,Jameer Nelson,Mickael Pietrus,Vince Carter,3,4:26,CLE,shot,,,,,,,,,,Mo Williams,2,,,made,,running jump,27,13
Anthony Parker,J.J. Hickson,LeBron James,Mo Williams,Zydrunas Ilgauskas,Brandon Bass,Dwight Howard,Jameer Nelson,Mickael Pietrus,Vince Carter,3,4:05,CLE,foul,,,,,,,,Vince Carter,,Mo Williams,,,,,,personal,,
Anthony Parker,J.J. Hickson,LeBron James,Mo Williams,Zydrunas Ilgauskas,Brandon Bass,Dwight Howard,Jameer Nelson,Mickael Pietrus,Vince Carter,3,3:50,ORL,shot,,,,,,,,,,Mickael Pietrus,,,,missed,,fade away jumper,37,18
Anthony Parker,J.J. Hickson,LeBron James,Mo Williams,Zydrunas Ilgauskas,Brandon Bass,Dwight Howard,Jameer Nelson,Mickael Pietrus,Vince Carter,3,3:49,CLE,rebound,,,,,,,,,,Zydrunas Ilgauskas,,,,,,def,,
Anthony Parker,J.J. Hickson,LeBron James,Mo Williams,Zydrunas Ilgauskas,Brandon Bass,Dwight Howard,Jameer Nelson,Mickael Pietrus,Vince Carter,3,3:31,CLE,shot,,,,,,,,,,Mo Williams,,,,missed,,jump,24,22
Anthony Parker,J.J. Hickson,LeBron James,Mo Williams,Zydrunas Ilgauskas,Brandon Bass,Dwight Howard,Jameer Nelson,Mickael Pietrus,Vince Carter,3,3:30,ORL,rebound,,,,,,,,,,Vince Carter,,,,,,def,,
Anthony Parker,J.J. Hickson,LeBron James,Mo Williams,Zydrunas Ilgauskas,Brandon Bass,Dwight Howard,Jameer Nelson,Mickael Pietrus,Vince Carter,3,3:17,ORL,turnover,,,,,,,,,,Jameer Nelson,,,lost ball,,Anthony Parker,,,
Anthony Parker,J.J. Hickson,LeBron James,Mo Williams,Zydrunas Ilgauskas,Brandon Bass,Dwight Howard,Jameer Nelson,Mickael Pietrus,Vince Carter,3,3:08,ORL,foul,,,,,,,,LeBron James,,Mickael Pietrus,,,,,,personal,,
Anderson Varejao,Anthony Parker,LeBron James,Mo Williams,Zydrunas Ilgauskas,Brandon Bass,Dwight Howard,Jameer Nelson,Mickael Pietrus,Vince Carter,3,3:08,CLE,sub,,,,Anderson Varejao,,J.J. Hickson,,,,,,,,,,,,
Anderson Varejao,Anthony Parker,Daniel Gibson,LeBron James,Zydrunas Ilgauskas,Brandon Bass,Dwight Howard,Jameer Nelson,Mickael Pietrus,Vince Carter,3,3:08,CLE,sub,,,,Daniel Gibson,,Mo Williams,,,,,,,,,,,,
Anderson Varejao,Anthony Parker,Daniel Gibson,LeBron James,Zydrunas Ilgauskas,Brandon Bass,Dwight Howard,Jameer Nelson,Mickael Pietrus,Vince Carter,3,3:06,CLE,turnover,,,,,,,,,,LeBron James,,,bad pass,,Vince Carter,,,
Anderson Varejao,Anthony Parker,Daniel Gibson,LeBron James,Zydrunas Ilgauskas,Brandon Bass,Dwight Howard,Jameer Nelson,Mickael Pietrus,Vince Carter,3,2:57,ORL,shot,Vince Carter,,,,,,,,,Brandon Bass,2,,,made,,jump,37,11
Anderson Varejao,Anthony Parker,Daniel Gibson,LeBron James,Zydrunas Ilgauskas,Brandon Bass,Dwight Howard,Jameer Nelson,Mickael Pietrus,Vince Carter,3,2:39,ORL,foul,,,,,,,,Zydrunas Ilgauskas,,Brandon Bass,,,,,,shooting,,
Anderson Varejao,Anthony Parker,Daniel Gibson,LeBron James,Zydrunas Ilgauskas,Brandon Bass,Dwight Howard,Jameer Nelson,Mickael Pietrus,Vince Carter,3,2:39,CLE,timeout,,,,,,,,,,,,,,,,regular,,
Anderson Varejao,Anthony Parker,Daniel Gibson,LeBron James,Zydrunas Ilgauskas,Brandon Bass,Dwight Howard,Jameer Nelson,Mickael Pietrus,Vince Carter,3,2:39,CLE,free throw,,,,,,,1,,2,Zydrunas Ilgauskas,,,foul,made,,,,
Anderson Varejao,Anthony Parker,Daniel Gibson,LeBron James,Zydrunas Ilgauskas,Brandon Bass,Dwight Howard,Jameer Nelson,Mickael Pietrus,Vince Carter,3,2:39,CLE,free throw,,,,,,,2,,2,Zydrunas Ilgauskas,,,foul,made,,,,
Anderson Varejao,Anthony Parker,Daniel Gibson,LeBron James,Zydrunas Ilgauskas,Brandon Bass,Dwight Howard,Jameer Nelson,Mickael Pietrus,Vince Carter,3,2:16,ORL,shot,,,,,,,,,,Vince Carter,,,,missed,,running jump,29,22
Anderson Varejao,Anthony Parker,Daniel Gibson,LeBron James,Zydrunas Ilgauskas,Brandon Bass,Dwight Howard,Jameer Nelson,Mickael Pietrus,Vince Carter,3,2:14,CLE,rebound,,,,,,,,,,LeBron James,,,,,,def,,
Anderson Varejao,Anthony Parker,Daniel Gibson,LeBron James,Zydrunas Ilgauskas,Brandon Bass,Dwight Howard,Jameer Nelson,Mickael Pietrus,Vince Carter,3,1:57,CLE,turnover,,,,,,,,,,Anthony Parker,,,bad pass,,Brandon Bass,,,
Anderson Varejao,Anthony Parker,Daniel Gibson,LeBron James,Zydrunas Ilgauskas,Brandon Bass,Dwight Howard,Jameer Nelson,Mickael Pietrus,Vince Carter,3,1:53,ORL,shot,,,,,,,,,,Brandon Bass,,,,missed,,layup,25,6
Anderson Varejao,Anthony Parker,Daniel Gibson,LeBron James,Zydrunas Ilgauskas,Brandon Bass,Dwight Howard,Jameer Nelson,Mickael Pietrus,Vince Carter,3,1:52,CLE,rebound,,,,,,,,,,Daniel Gibson,,,,,,def,,
Anderson Varejao,Anthony Parker,Daniel Gibson,LeBron James,Zydrunas Ilgauskas,Brandon Bass,Dwight Howard,Jameer Nelson,Mickael Pietrus,Vince Carter,3,1:34,CLE,shot,,,Vince Carter,,,,,,,Zydrunas Ilgauskas,,,,missed,,layup,25,6
Anderson Varejao,Anthony Parker,Daniel Gibson,LeBron James,Zydrunas Ilgauskas,Brandon Bass,Dwight Howard,Jameer Nelson,Mickael Pietrus,Vince Carter,3,1:34,CLE,rebound,,,,,,,,,,,,,,,,,,
Anderson Varejao,Anthony Parker,Daniel Gibson,LeBron James,Zydrunas Ilgauskas,Brandon Bass,Dwight Howard,Jameer Nelson,Mickael Pietrus,Vince Carter,3,1:32,CLE,shot,,,,,,,,,,Zydrunas Ilgauskas,,,,missed,,jump,38,13
Anderson Varejao,Anthony Parker,Daniel Gibson,LeBron James,Zydrunas Ilgauskas,Brandon Bass,Dwight Howard,Jameer Nelson,Mickael Pietrus,Vince Carter,3,1:31,ORL,rebound,,,,,,,,,,Vince Carter,,,,,,def,,
Anderson Varejao,Anthony Parker,Daniel Gibson,LeBron James,Zydrunas Ilgauskas,Brandon Bass,Dwight Howard,Jameer Nelson,Mickael Pietrus,Vince Carter,3,1:26,CLE,foul,,,,,,,,Dwight Howard,,Zydrunas Ilgauskas,,,,,,personal,,
Anderson Varejao,Anthony Parker,Daniel Gibson,LeBron James,Zydrunas Ilgauskas,Brandon Bass,Dwight Howard,Jason Williams,Mickael Pietrus,Vince Carter,3,1:26,ORL,sub,,,,Jason Williams,,Jameer Nelson,,,,,,,,,,,,
Anderson Varejao,Anthony Parker,Daniel Gibson,J.J. Hickson,LeBron James,Brandon Bass,Dwight Howard,Jason Williams,Mickael Pietrus,Vince Carter,3,1:26,CLE,sub,,,,J.J. Hickson,,Zydrunas Ilgauskas,,,,,,,,,,,,
Anderson Varejao,Anthony Parker,Daniel Gibson,J.J. Hickson,LeBron James,Brandon Bass,Dwight Howard,Jason Williams,Mickael Pietrus,Vince Carter,3,1:19,ORL,shot,,,,,,,,,,Brandon Bass,,,,missed,,jump,32,25
Anderson Varejao,Anthony Parker,Daniel Gibson,J.J. Hickson,LeBron James,Brandon Bass,Dwight Howard,Jason Williams,Mickael Pietrus,Vince Carter,3,1:18,CLE,rebound,,,,,,,,,,Daniel Gibson,,,,,,def,,
Anderson Varejao,Anthony Parker,Daniel Gibson,J.J. Hickson,LeBron James,Brandon Bass,Jason Williams,Marcin Gortat,Mickael Pietrus,Vince Carter,3,1:12,ORL,sub,,,,Marcin Gortat,,Dwight Howard,,,,,,,,,,,,
Anderson Varejao,Anthony Parker,Daniel Gibson,J.J. Hickson,LeBron James,Brandon Bass,Jason Williams,Marcin Gortat,Mickael Pietrus,Vince Carter,3,1:02,CLE,shot,LeBron James,,,,,,,,,Anthony Parker,3,,,made,,3pt,2,11
Anderson Varejao,Anthony Parker,Daniel Gibson,J.J. Hickson,LeBron James,Brandon Bass,Jason Williams,Marcin Gortat,Mickael Pietrus,Vince Carter,3,0:53,CLE,foul,,,,,,,,Vince Carter,,Anthony Parker,,,,,,personal,,
Anderson Varejao,Anthony Parker,Daniel Gibson,J.J. Hickson,LeBron James,Brandon Bass,Jason Williams,Marcin Gortat,Mickael Pietrus,Vince Carter,3,0:53,ORL,free throw,,,,,,,1,,2,Vince Carter,,,foul,made,,,,
Anderson Varejao,Anthony Parker,Daniel Gibson,J.J. Hickson,LeBron James,Brandon Bass,Jason Williams,Marcin Gortat,Mickael Pietrus,Vince Carter,3,0:53,ORL,free throw,,,,,,,2,,2,Vince Carter,,,foul,made,,,,
Anderson Varejao,Anthony Parker,Daniel Gibson,J.J. Hickson,LeBron James,Brandon Bass,Jason Williams,Marcin Gortat,Mickael Pietrus,Vince Carter,3,0:37,CLE,shot,LeBron James,,,,,,,,,J.J. Hickson,2,,,made,,alley oop layup,25,6
Anderson Varejao,Anthony Parker,Daniel Gibson,J.J. Hickson,LeBron James,Brandon Bass,Jason Williams,Marcin Gortat,Mickael Pietrus,Vince Carter,3,0:15,ORL,shot,,,,,,,,,,Vince Carter,,,,missed,,jump,43,19
Anderson Varejao,Anthony Parker,Daniel Gibson,J.J. Hickson,LeBron James,Brandon Bass,Jason Williams,Marcin Gortat,Mickael Pietrus,Vince Carter,3,0:14,CLE,rebound,,,,,,,,,,Anderson Varejao,,,,,,def,,
Anderson Varejao,Anthony Parker,Daniel Gibson,J.J. Hickson,LeBron James,Brandon Bass,Jason Williams,Marcin Gortat,Mickael Pietrus,Vince Carter,3,0:05,CLE,foul,,,,,,,,Marcin Gortat,,LeBron James,,,,,,offensive,,
Anderson Varejao,Anthony Parker,Daniel Gibson,J.J. Hickson,LeBron James,Brandon Bass,Jason Williams,Marcin Gortat,Mickael Pietrus,Vince Carter,3,0:05,CLE,turnover,,,,,,,,,,LeBron James,,,foul,,,,,
Anderson Varejao,Anthony Parker,Daniel Gibson,J.J. Hickson,Jamario Moon,Brandon Bass,Jason Williams,Marcin Gortat,Mickael Pietrus,Vince Carter,3,0:05,CLE,sub,,,,Jamario Moon,,LeBron James,,,,,,,,,,,,
Anderson Varejao,Anthony Parker,Daniel Gibson,J.J. Hickson,Jamario Moon,Brandon Bass,Jason Williams,Marcin Gortat,Mickael Pietrus,Vince Carter,3,0:05,ORL,turnover,,,,,,,,,,Jason Williams,,,bad pass,,Anthony Parker,,,
Anderson Varejao,Anthony Parker,Daniel Gibson,J.J. Hickson,Jamario Moon,Brandon Bass,Jason Williams,Marcin Gortat,Mickael Pietrus,Vince Carter,3,0:01,CLE,shot,,,,,,,,,,Jamario Moon,,,,missed,,dunk,25,6
Anderson Varejao,Anthony Parker,Daniel Gibson,J.J. Hickson,Jamario Moon,Brandon Bass,Jason Williams,Marcin Gortat,Mickael Pietrus,Vince Carter,3,0:00,ORL,rebound,,,,,,,,,,Vince Carter,,,,,,def,,
Anderson Varejao,Anthony Parker,Daniel Gibson,J.J. Hickson,Jamario Moon,Brandon Bass,Jason Williams,Marcin Gortat,Mickael Pietrus,Vince Carter,3,0:00,ORL,shot,,,,,,,,,,Vince Carter,,,,missed,,3pt,35,77
Anderson Varejao,Anthony Parker,Daniel Gibson,J.J. Hickson,Jamario Moon,Brandon Bass,Jason Williams,Marcin Gortat,Mickael Pietrus,Vince Carter,3,0:00,ORL,rebound,,,,,,,,,,,,,,,,,,
Anderson Varejao,Daniel Gibson,J.J. Hickson,Jamario Moon,Mo Williams,Brandon Bass,J.J. Redick,Jason Williams,Marcin Gortat,Mickael Pietrus,4,11:49,CLE,shot,,,,,,,,,,Mo Williams,,,,missed,,jump,9,14
Anderson Varejao,Daniel Gibson,J.J. Hickson,Jamario Moon,Mo Williams,Brandon Bass,J.J. Redick,Jason Williams,Marcin Gortat,Mickael Pietrus,4,11:47,ORL,rebound,,,,,,,,,,J.J. Redick,,,,,,def,,
Anderson Varejao,Daniel Gibson,J.J. Hickson,Jamario Moon,Mo Williams,Brandon Bass,J.J. Redick,Jason Williams,Marcin Gortat,Mickael Pietrus,4,11:36,ORL,shot,,,,,,,,,,Brandon Bass,,,,missed,,jump,38,14
Anderson Varejao,Daniel Gibson,J.J. Hickson,Jamario Moon,Mo Williams,Brandon Bass,J.J. Redick,Jason Williams,Marcin Gortat,Mickael Pietrus,4,11:35,CLE,rebound,,,,,,,,,,Jamario Moon,,,,,,def,,
Anderson Varejao,Daniel Gibson,J.J. Hickson,Jamario Moon,Mo Williams,Brandon Bass,J.J. Redick,Jason Williams,Marcin Gortat,Mickael Pietrus,4,11:16,CLE,shot,,,,,,,,,,Jamario Moon,,,,missed,,3pt,49,12
Anderson Varejao,Daniel Gibson,J.J. Hickson,Jamario Moon,Mo Williams,Brandon Bass,J.J. Redick,Jason Williams,Marcin Gortat,Mickael Pietrus,4,11:14,ORL,rebound,,,,,,,,,,J.J. Redick,,,,,,def,,
Anderson Varejao,Daniel Gibson,J.J. Hickson,Jamario Moon,Mo Williams,Brandon Bass,J.J. Redick,Jason Williams,Marcin Gortat,Mickael Pietrus,4,11:07,ORL,shot,,,,,,,,,,J.J. Redick,,,,missed,,jump,13,24
Anderson Varejao,Daniel Gibson,J.J. Hickson,Jamario Moon,Mo Williams,Brandon Bass,J.J. Redick,Jason Williams,Marcin Gortat,Mickael Pietrus,4,11:06,CLE,rebound,,,,,,,,,,J.J. Hickson,,,,,,def,,
Anderson Varejao,Daniel Gibson,J.J. Hickson,Jamario Moon,Mo Williams,Brandon Bass,J.J. Redick,Jason Williams,Marcin Gortat,Mickael Pietrus,4,10:45,CLE,shot,,,,,,,,,,J.J. Hickson,,,,missed,,running hook,22,15
Anderson Varejao,Daniel Gibson,J.J. Hickson,Jamario Moon,Mo Williams,Brandon Bass,J.J. Redick,Jason Williams,Marcin Gortat,Mickael Pietrus,4,10:43,ORL,rebound,,,,,,,,,,Marcin Gortat,,,,,,def,,
Anderson Varejao,Daniel Gibson,J.J. Hickson,Jamario Moon,Mo Williams,Brandon Bass,J.J. Redick,Jason Williams,Marcin Gortat,Mickael Pietrus,4,10:33,ORL,shot,,,,,,,,,,Brandon Bass,,,,missed,,jump,25,23
Anderson Varejao,Daniel Gibson,J.J. Hickson,Jamario Moon,Mo Williams,Brandon Bass,J.J. Redick,Jason Williams,Marcin Gortat,Mickael Pietrus,4,10:32,CLE,rebound,,,,,,,,,,Anderson Varejao,,,,,,def,,
Anderson Varejao,Daniel Gibson,J.J. Hickson,Jamario Moon,Mo Williams,Brandon Bass,J.J. Redick,Jason Williams,Marcin Gortat,Mickael Pietrus,4,10:18,CLE,shot,,,,,,,,,,Mo Williams,,,,missed,,layup,25,6
Anderson Varejao,Daniel Gibson,J.J. Hickson,Jamario Moon,Mo Williams,Brandon Bass,J.J. Redick,Jason Williams,Marcin Gortat,Mickael Pietrus,4,10:16,ORL,rebound,,,,,,,,,,Brandon Bass,,,,,,def,,
Anderson Varejao,Daniel Gibson,J.J. Hickson,Jamario Moon,Mo Williams,Brandon Bass,J.J. Redick,Jason Williams,Marcin Gortat,Mickael Pietrus,4,10:04,ORL,shot,,,,,,,,,,Marcin Gortat,,,,missed,,jump,38,12
Anderson Varejao,Daniel Gibson,J.J. Hickson,Jamario Moon,Mo Williams,Brandon Bass,J.J. Redick,Jason Williams,Marcin Gortat,Mickael Pietrus,4,10:02,ORL,rebound,,,,,,,,,,Brandon Bass,,,,,,off,,
Anderson Varejao,Daniel Gibson,J.J. Hickson,Jamario Moon,Mo Williams,Brandon Bass,J.J. Redick,Jason Williams,Marcin Gortat,Mickael Pietrus,4,10:02,ORL,shot,,,,,,,,,,Brandon Bass,2,,,made,,dunk,25,6
Anderson Varejao,Daniel Gibson,J.J. Hickson,Jamario Moon,Mo Williams,Brandon Bass,J.J. Redick,Jason Williams,Marcin Gortat,Mickael Pietrus,4,10:02,CLE,foul,,,,,,,,Brandon Bass,,J.J. Hickson,,,,,,shooting,,
Anderson Varejao,Daniel Gibson,Jamario Moon,Mo Williams,Zydrunas Ilgauskas,Brandon Bass,J.J. Redick,Jason Williams,Marcin Gortat,Mickael Pietrus,4,10:02,CLE,sub,,,,Zydrunas Ilgauskas,,J.J. Hickson,,,,,,,,,,,,
Anderson Varejao,Daniel Gibson,Jamario Moon,Mo Williams,Zydrunas Ilgauskas,Brandon Bass,J.J. Redick,Jason Williams,Marcin Gortat,Matt Barnes,4,10:02,ORL,sub,,,,Matt Barnes,,Mickael Pietrus,,,,,,,,,,,,
Anderson Varejao,Daniel Gibson,Jamario Moon,Mo Williams,Zydrunas Ilgauskas,Brandon Bass,J.J. Redick,Jason Williams,Marcin Gortat,Matt Barnes,4,10:02,ORL,free throw,,,,,,,1,,1,Brandon Bass,,,foul,missed,,,,
Anderson Varejao,Daniel Gibson,Jamario Moon,Mo Williams,Zydrunas Ilgauskas,Brandon Bass,J.J. Redick,Jason Williams,Marcin Gortat,Matt Barnes,4,10:01,CLE,rebound,,,,,,,,,,Jamario Moon,,,,,,def,,
Anderson Varejao,Daniel Gibson,Jamario Moon,Mo Williams,Zydrunas Ilgauskas,Brandon Bass,J.J. Redick,Jason Williams,Marcin Gortat,Matt Barnes,4,9:39,CLE,shot,,,,,,,,,,Mo Williams,,,,missed,,turnaround fade away,28,22
Anderson Varejao,Daniel Gibson,Jamario Moon,Mo Williams,Zydrunas Ilgauskas,Brandon Bass,J.J. Redick,Jason Williams,Marcin Gortat,Matt Barnes,4,9:38,ORL,rebound,,,,,,,,,,Matt Barnes,,,,,,def,,
Anderson Varejao,Daniel Gibson,Jamario Moon,Mo Williams,Zydrunas Ilgauskas,Brandon Bass,J.J. Redick,Jason Williams,Marcin Gortat,Matt Barnes,4,9:24,ORL,shot,,,Zydrunas Ilgauskas,,,,,,,Brandon Bass,,,,missed,,jump,27,13
Anderson Varejao,Daniel Gibson,Jamario Moon,Mo Williams,Zydrunas Ilgauskas,Brandon Bass,J.J. Redick,Jason Williams,Marcin Gortat,Matt Barnes,4,9:22,CLE,rebound,,,,,,,,,,Anderson Varejao,,,,,,def,,
Anderson Varejao,Daniel Gibson,Jamario Moon,Mo Williams,Zydrunas Ilgauskas,Brandon Bass,J.J. Redick,Jason Williams,Marcin Gortat,Matt Barnes,4,9:20,CLE,turnover,,,,,,,,,,Mo Williams,,,discontinue dribble,,,,,
Anderson Varejao,Daniel Gibson,Jamario Moon,Mo Williams,Zydrunas Ilgauskas,Dwight Howard,J.J. Redick,Jason Williams,Marcin Gortat,Matt Barnes,4,9:20,ORL,sub,,,,Dwight Howard,,Brandon Bass,,,,,,,,,,,,
Anderson Varejao,Daniel Gibson,Jamario Moon,Mo Williams,Zydrunas Ilgauskas,Dwight Howard,J.J. Redick,Jason Williams,Marcin Gortat,Matt Barnes,4,9:11,ORL,shot,,,,,,,,,,Jason Williams,,,,missed,,jump,16,16
Anderson Varejao,Daniel Gibson,Jamario Moon,Mo Williams,Zydrunas Ilgauskas,Dwight Howard,J.J. Redick,Jason Williams,Marcin Gortat,Matt Barnes,4,9:10,CLE,rebound,,,,,,,,,,Daniel Gibson,,,,,,def,,
Anderson Varejao,Daniel Gibson,Jamario Moon,Mo Williams,Zydrunas Ilgauskas,Dwight Howard,J.J. Redick,Jason Williams,Marcin Gortat,Matt Barnes,4,8:55,CLE,shot,,,,,,,,,,Mo Williams,2,,,made,,jump,19,25
Anderson Varejao,Daniel Gibson,Jamario Moon,Mo Williams,Zydrunas Ilgauskas,Dwight Howard,J.J. Redick,Jason Williams,Marcin Gortat,Matt Barnes,4,8:46,ORL,turnover,,,,,,,,,,Dwight Howard,,,lost ball,,Daniel Gibson,,,
Anderson Varejao,Daniel Gibson,Jamario Moon,Mo Williams,Zydrunas Ilgauskas,Dwight Howard,J.J. Redick,Jason Williams,Marcin Gortat,Matt Barnes,4,8:40,CLE,shot,,,,,,,,,,Mo Williams,2,,,made,,jump,29,28
Anderson Varejao,Daniel Gibson,Jamario Moon,Mo Williams,Zydrunas Ilgauskas,Dwight Howard,J.J. Redick,Jason Williams,Marcin Gortat,Matt Barnes,4,8:40,ORL,timeout,,,,,,,,,,,,,,,,regular,,
Anderson Varejao,Daniel Gibson,Jamario Moon,Mo Williams,Zydrunas Ilgauskas,Dwight Howard,J.J. Redick,Jason Williams,Marcin Gortat,Matt Barnes,4,8:28,ORL,shot,,,,,,,,,,Jason Williams,,,,missed,,3pt,14,30
Anderson Varejao,Daniel Gibson,Jamario Moon,Mo Williams,Zydrunas Ilgauskas,Dwight Howard,J.J. Redick,Jason Williams,Marcin Gortat,Matt Barnes,4,8:26,CLE,rebound,,,,,,,,,,Jamario Moon,,,,,,def,,
Anderson Varejao,Daniel Gibson,Jamario Moon,Mo Williams,Zydrunas Ilgauskas,Dwight Howard,J.J. Redick,Jason Williams,Marcin Gortat,Matt Barnes,4,8:10,CLE,shot,,,,,,,,,,Anderson Varejao,,,,missed,,floating jump,32,13
Anderson Varejao,Daniel Gibson,Jamario Moon,Mo Williams,Zydrunas Ilgauskas,Dwight Howard,J.J. Redick,Jason Williams,Marcin Gortat,Matt Barnes,4,8:09,ORL,rebound,,,,,,,,,,Marcin Gortat,,,,,,def,,
Anderson Varejao,Daniel Gibson,Jamario Moon,Mo Williams,Zydrunas Ilgauskas,Dwight Howard,J.J. Redick,Jason Williams,Marcin Gortat,Matt Barnes,4,7:52,ORL,shot,,,,,,,,,,Marcin Gortat,,,,missed,,turnaround hook,34,11
Anderson Varejao,Daniel Gibson,Jamario Moon,Mo Williams,Zydrunas Ilgauskas,Dwight Howard,J.J. Redick,Jason Williams,Marcin Gortat,Matt Barnes,4,7:50,CLE,rebound,,,,,,,,,,Jamario Moon,,,,,,def,,
Anderson Varejao,Daniel Gibson,Jamario Moon,Mo Williams,Zydrunas Ilgauskas,Dwight Howard,J.J. Redick,Jason Williams,Marcin Gortat,Matt Barnes,4,7:36,CLE,shot,,,,,,,,,,Mo Williams,,,,missed,,jump,41,18
Anderson Varejao,Daniel Gibson,Jamario Moon,Mo Williams,Zydrunas Ilgauskas,Dwight Howard,J.J. Redick,Jason Williams,Marcin Gortat,Matt Barnes,4,7:34,ORL,rebound,,,,,,,,,,Marcin Gortat,,,,,,def,,
Anderson Varejao,Daniel Gibson,Jamario Moon,Mo Williams,Zydrunas Ilgauskas,Dwight Howard,J.J. Redick,Jason Williams,Marcin Gortat,Matt Barnes,4,7:19,ORL,shot,,,,,,,,,,Matt Barnes,2,,,made,,running jump,18,10
Anderson Varejao,Daniel Gibson,Jamario Moon,Mo Williams,Zydrunas Ilgauskas,Dwight Howard,J.J. Redick,Jason Williams,Marcin Gortat,Matt Barnes,4,6:54,CLE,shot,,,,,,,,,,Mo Williams,,,,missed,,jump,35,16
Anderson Varejao,Daniel Gibson,Jamario Moon,Mo Williams,Zydrunas Ilgauskas,Dwight Howard,J.J. Redick,Jason Williams,Marcin Gortat,Matt Barnes,4,6:53,CLE,rebound,,,,,,,,,,,,,,,,,,
Anderson Varejao,Daniel Gibson,Jamario Moon,Mo Williams,Zydrunas Ilgauskas,Dwight Howard,J.J. Redick,Jason Williams,Marcin Gortat,Matt Barnes,4,6:53,CLE,turnover,,,,,,,,,,,,,shot clock turnover,,,,,
Anderson Varejao,Daniel Gibson,Jamario Moon,Mo Williams,Zydrunas Ilgauskas,Dwight Howard,J.J. Redick,Jason Williams,Matt Barnes,Vince Carter,4,6:53,ORL,sub,,,,Vince Carter,,Marcin Gortat,,,,,,,,,,,,
Anderson Varejao,Daniel Gibson,Jamario Moon,Mo Williams,Shaquille O'Neal,Dwight Howard,J.J. Redick,Jason Williams,Matt Barnes,Vince Carter,4,6:53,CLE,sub,,,,Shaquille O'Neal,,Zydrunas Ilgauskas,,,,,,,,,,,,
Anderson Varejao,Daniel Gibson,LeBron James,Mo Williams,Shaquille O'Neal,Dwight Howard,J.J. Redick,Jason Williams,Matt Barnes,Vince Carter,4,6:53,CLE,sub,,,,LeBron James,,Jamario Moon,,,,,,,,,,,,
Anderson Varejao,Daniel Gibson,LeBron James,Mo Williams,Shaquille O'Neal,Dwight Howard,J.J. Redick,Jason Williams,Matt Barnes,Vince Carter,4,6:36,CLE,foul,,,,,,,,J.J. Redick,,Mo Williams,,,,,,shooting,,
Anderson Varejao,Daniel Gibson,LeBron James,Mo Williams,Shaquille O'Neal,Dwight Howard,J.J. Redick,Jason Williams,Matt Barnes,Vince Carter,4,6:36,ORL,free throw,,,,,,,1,,3,J.J. Redick,,,foul,missed,,,,
Anderson Varejao,Daniel Gibson,LeBron James,Mo Williams,Shaquille O'Neal,Dwight Howard,J.J. Redick,Jason Williams,Matt Barnes,Vince Carter,4,6:36,ORL,rebound,,,,,,,,,,,,,,,,,,
Anderson Varejao,Daniel Gibson,LeBron James,Mo Williams,Shaquille O'Neal,Dwight Howard,J.J. Redick,Jason Williams,Matt Barnes,Vince Carter,4,6:36,ORL,free throw,,,,,,,2,,3,J.J. Redick,,,foul,made,,,,
Anderson Varejao,Daniel Gibson,LeBron James,Mo Williams,Shaquille O'Neal,Dwight Howard,J.J. Redick,Jameer Nelson,Matt Barnes,Vince Carter,4,6:36,ORL,sub,,,,Jameer Nelson,,Jason Williams,,,,,,,,,,,,
Anderson Varejao,Daniel Gibson,LeBron James,Mo Williams,Shaquille O'Neal,Dwight Howard,J.J. Redick,Jameer Nelson,Matt Barnes,Vince Carter,4,6:36,ORL,free throw,,,,,,,3,,3,J.J. Redick,,,foul,made,,,,
Anderson Varejao,Daniel Gibson,LeBron James,Mo Williams,Shaquille O'Neal,Dwight Howard,J.J. Redick,Jameer Nelson,Matt Barnes,Vince Carter,4,6:11,CLE,shot,,,,,,,,,,LeBron James,2,,,made,,fade away jumper,12,9
Anderson Varejao,Daniel Gibson,LeBron James,Mo Williams,Shaquille O'Neal,Dwight Howard,J.J. Redick,Jameer Nelson,Matt Barnes,Vince Carter,4,5:58,CLE,foul,,,,,,,,Vince Carter,,Shaquille O'Neal,,,,,,shooting,,
Anderson Varejao,Daniel Gibson,LeBron James,Mo Williams,Shaquille O'Neal,Dwight Howard,J.J. Redick,Jameer Nelson,Matt Barnes,Vince Carter,4,5:58,ORL,timeout,,,,,,,,,,,,,,,,official,,
Anderson Varejao,Daniel Gibson,LeBron James,Mo Williams,Zydrunas Ilgauskas,Dwight Howard,J.J. Redick,Jameer Nelson,Matt Barnes,Vince Carter,4,5:58,CLE,sub,,,,Zydrunas Ilgauskas,,Shaquille O'Neal,,,,,,,,,,,,
Anderson Varejao,Anthony Parker,LeBron James,Mo Williams,Zydrunas Ilgauskas,Dwight Howard,J.J. Redick,Jameer Nelson,Matt Barnes,Vince Carter,4,5:58,CLE,sub,,,,Anthony Parker,,Daniel Gibson,,,,,,,,,,,,
Anderson Varejao,Anthony Parker,LeBron James,Mo Williams,Zydrunas Ilgauskas,Dwight Howard,J.J. Redick,Jameer Nelson,Matt Barnes,Vince Carter,4,5:58,ORL,free throw,,,,,,,1,,2,Vince Carter,,,foul,made,,,,
Anderson Varejao,Anthony Parker,LeBron James,Mo Williams,Zydrunas Ilgauskas,Dwight Howard,J.J. Redick,Jameer Nelson,Matt Barnes,Vince Carter,4,5:58,ORL,free throw,,,,,,,2,,2,Vince Carter,,,foul,made,,,,
Anderson Varejao,Anthony Parker,LeBron James,Mo Williams,Zydrunas Ilgauskas,Dwight Howard,J.J. Redick,Jameer Nelson,Matt Barnes,Vince Carter,4,5:42,CLE,shot,,,,,,,,,,LeBron James,2,,,made,,jump,41,20
Anderson Varejao,Anthony Parker,LeBron James,Mo Williams,Zydrunas Ilgauskas,Dwight Howard,J.J. Redick,Jameer Nelson,Matt Barnes,Vince Carter,4,5:21,ORL,shot,,,,,,,,,,J.J. Redick,3,,,made,,3pt,26,32
Anderson Varejao,Anthony Parker,LeBron James,Mo Williams,Zydrunas Ilgauskas,Dwight Howard,J.J. Redick,Jameer Nelson,Matt Barnes,Vince Carter,4,5:04,CLE,foul,,,,,,,,Matt Barnes,,Zydrunas Ilgauskas,,,,,,offensive,,
Anderson Varejao,Anthony Parker,LeBron James,Mo Williams,Zydrunas Ilgauskas,Dwight Howard,J.J. Redick,Jameer Nelson,Matt Barnes,Vince Carter,4,5:04,CLE,turnover,,,,,,,,,,Zydrunas Ilgauskas,,,foul,,,,,
Anderson Varejao,Anthony Parker,LeBron James,Mo Williams,Zydrunas Ilgauskas,Dwight Howard,J.J. Redick,Jameer Nelson,Matt Barnes,Vince Carter,4,4:50,CLE,foul,,,,,,,,Dwight Howard,,Anderson Varejao,,,,,,shooting,,
Anderson Varejao,Anthony Parker,LeBron James,Mo Williams,Zydrunas Ilgauskas,Dwight Howard,J.J. Redick,Jameer Nelson,Matt Barnes,Vince Carter,4,4:50,ORL,free throw,,,,,,,1,,2,Dwight Howard,,,foul,missed,,,,
Anderson Varejao,Anthony Parker,LeBron James,Mo Williams,Zydrunas Ilgauskas,Dwight Howard,J.J. Redick,Jameer Nelson,Matt Barnes,Vince Carter,4,4:50,ORL,rebound,,,,,,,,,,,,,,,,,,
Anderson Varejao,Anthony Parker,Daniel Gibson,LeBron James,Mo Williams,Dwight Howard,J.J. Redick,Jameer Nelson,Matt Barnes,Vince Carter,4,4:50,CLE,sub,,,,Daniel Gibson,,Zydrunas Ilgauskas,,,,,,,,,,,,
Anderson Varejao,Anthony Parker,Daniel Gibson,LeBron James,Mo Williams,Dwight Howard,J.J. Redick,Jameer Nelson,Matt Barnes,Vince Carter,4,4:50,ORL,free throw,,,,,,,2,,2,Dwight Howard,,,foul,missed,,,,
Anderson Varejao,Anthony Parker,Daniel Gibson,LeBron James,Mo Williams,Dwight Howard,J.J. Redick,Jameer Nelson,Matt Barnes,Vince Carter,4,4:49,CLE,rebound,,,,,,,,,,LeBron James,,,,,,def,,
Anderson Varejao,Anthony Parker,Daniel Gibson,LeBron James,Mo Williams,Dwight Howard,J.J. Redick,Jameer Nelson,Matt Barnes,Vince Carter,4,4:36,ORL,foul,,,,,,,,LeBron James,,Matt Barnes,,,,,,personal,,
Anderson Varejao,Anthony Parker,Daniel Gibson,LeBron James,Mo Williams,Dwight Howard,J.J. Redick,Jameer Nelson,Matt Barnes,Vince Carter,4,4:31,CLE,turnover,,,,,,,,,,Mo Williams,,,lost ball,,Dwight Howard,,,
Anderson Varejao,Anthony Parker,Daniel Gibson,LeBron James,Mo Williams,Dwight Howard,J.J. Redick,Jameer Nelson,Matt Barnes,Vince Carter,4,4:23,ORL,shot,,,,,,,,,,J.J. Redick,2,,,made,,jump,30,22
Anderson Varejao,Anthony Parker,Daniel Gibson,LeBron James,Mo Williams,Dwight Howard,J.J. Redick,Jameer Nelson,Matt Barnes,Vince Carter,4,3:57,CLE,shot,,,,,,,,,,LeBron James,2,,,made,,fade away jumper,8,17
Anderson Varejao,Anthony Parker,Daniel Gibson,LeBron James,Mo Williams,Dwight Howard,J.J. Redick,Jameer Nelson,Matt Barnes,Vince Carter,4,3:36,ORL,shot,,,,,,,,,,Matt Barnes,,,,missed,,3pt,49,10
Anderson Varejao,Anthony Parker,Daniel Gibson,LeBron James,Mo Williams,Dwight Howard,J.J. Redick,Jameer Nelson,Matt Barnes,Vince Carter,4,3:35,CLE,rebound,,,,,,,,,,,,,,,,,,
Anderson Varejao,Anthony Parker,Daniel Gibson,LeBron James,Mo Williams,Dwight Howard,J.J. Redick,Jameer Nelson,Matt Barnes,Vince Carter,4,3:20,CLE,shot,,,,,,,,,,LeBron James,,,,missed,,jump,8,9
Anderson Varejao,Anthony Parker,Daniel Gibson,LeBron James,Mo Williams,Dwight Howard,J.J. Redick,Jameer Nelson,Matt Barnes,Vince Carter,4,3:19,ORL,rebound,,,,,,,,,,J.J. Redick,,,,,,def,,
Anderson Varejao,Anthony Parker,Daniel Gibson,LeBron James,Mo Williams,Dwight Howard,J.J. Redick,Jameer Nelson,Matt Barnes,Vince Carter,4,3:05,ORL,shot,Jameer Nelson,,,,,,,,,Vince Carter,2,,,made,,jump,4,11
Anderson Varejao,Anthony Parker,Daniel Gibson,LeBron James,Mo Williams,Dwight Howard,J.J. Redick,Jameer Nelson,Matt Barnes,Vince Carter,4,2:41,CLE,shot,,,,,,,,,,LeBron James,,,,missed,,fade away jumper,16,23
Anderson Varejao,Anthony Parker,Daniel Gibson,LeBron James,Mo Williams,Dwight Howard,J.J. Redick,Jameer Nelson,Matt Barnes,Vince Carter,4,2:40,ORL,rebound,,,,,,,,,,Jameer Nelson,,,,,,def,,
Anderson Varejao,Anthony Parker,Daniel Gibson,LeBron James,Mo Williams,Dwight Howard,J.J. Redick,Jameer Nelson,Matt Barnes,Vince Carter,4,2:33,CLE,foul,,,,,,,,Jameer Nelson,,Anderson Varejao,,,,,,shooting,,
Anderson Varejao,Anthony Parker,Daniel Gibson,LeBron James,Mo Williams,Dwight Howard,J.J. Redick,Jameer Nelson,Matt Barnes,Vince Carter,4,2:33,CLE,timeout,,,,,,,,,,,,,,,,regular,,
Anthony Parker,Daniel Gibson,LeBron James,Mo Williams,Shaquille O'Neal,Dwight Howard,J.J. Redick,Jameer Nelson,Matt Barnes,Vince Carter,4,2:33,CLE,sub,,,,Shaquille O'Neal,,Anderson Varejao,,,,,,,,,,,,
Anthony Parker,Daniel Gibson,LeBron James,Mo Williams,Shaquille O'Neal,Dwight Howard,J.J. Redick,Jameer Nelson,Matt Barnes,Vince Carter,4,2:33,ORL,free throw,,,,,,,1,,2,Jameer Nelson,,,foul,made,,,,
Anthony Parker,Daniel Gibson,LeBron James,Mo Williams,Shaquille O'Neal,Dwight Howard,J.J. Redick,Jameer Nelson,Matt Barnes,Vince Carter,4,2:33,ORL,free throw,,,,,,,2,,2,Jameer Nelson,,,foul,made,,,,
Anthony Parker,Daniel Gibson,LeBron James,Mo Williams,Shaquille O'Neal,Dwight Howard,J.J. Redick,Jameer Nelson,Matt Barnes,Vince Carter,4,2:16,CLE,shot,Mo Williams,,,,,,,,,Shaquille O'Neal,2,,,made,,finger roll layup,25,6
Anthony Parker,Daniel Gibson,LeBron James,Mo Williams,Shaquille O'Neal,Dwight Howard,J.J. Redick,Jameer Nelson,Matt Barnes,Vince Carter,4,2:05,CLE,foul,,,,,,,,,,Shaquille O'Neal,,,,,,defense 3 second,,
Anthony Parker,Daniel Gibson,LeBron James,Mo Williams,Shaquille O'Neal,Dwight Howard,J.J. Redick,Jameer Nelson,Matt Barnes,Vince Carter,4,2:05,ORL,free throw,,,,,,,1,,1,J.J. Redick,,,technical,made,,,,
Anthony Parker,Daniel Gibson,LeBron James,Mo Williams,Shaquille O'Neal,Dwight Howard,J.J. Redick,Jameer Nelson,Matt Barnes,Vince Carter,4,1:53,ORL,shot,,,,,,,,,,Matt Barnes,,,,missed,,jump,28,27
Anthony Parker,Daniel Gibson,LeBron James,Mo Williams,Shaquille O'Neal,Dwight Howard,J.J. Redick,Jameer Nelson,Matt Barnes,Vince Carter,4,1:52,CLE,rebound,,,,,,,,,,Anthony Parker,,,,,,def,,
Anthony Parker,Daniel Gibson,LeBron James,Mo Williams,Shaquille O'Neal,Dwight Howard,J.J. Redick,Jameer Nelson,Matt Barnes,Vince Carter,4,1:26,CLE,shot,,,,,,,,,,Mo Williams,,,,missed,,running jump,12,21
Anthony Parker,Daniel Gibson,LeBron James,Mo Williams,Shaquille O'Neal,Dwight Howard,J.J. Redick,Jameer Nelson,Matt Barnes,Vince Carter,4,1:25,ORL,rebound,,,,,,,,,,Matt Barnes,,,,,,def,,
Anthony Parker,Daniel Gibson,LeBron James,Mo Williams,Shaquille O'Neal,Dwight Howard,J.J. Redick,Jameer Nelson,Matt Barnes,Vince Carter,4,1:15,ORL,shot,Jameer Nelson,,,,,,,,,Vince Carter,3,,,made,,3pt,48,10
Anthony Parker,Daniel Gibson,LeBron James,Mo Williams,Shaquille O'Neal,Dwight Howard,J.J. Redick,Jameer Nelson,Matt Barnes,Vince Carter,4,0:51,ORL,foul,,,,,,,,LeBron James,,Dwight Howard,,,,,,shooting,,
Anthony Parker,Daniel Gibson,LeBron James,Mo Williams,Shaquille O'Neal,Dwight Howard,J.J. Redick,Jameer Nelson,Matt Barnes,Vince Carter,4,0:51,CLE,free throw,,,,,,,1,,2,LeBron James,,,foul,made,,,,
Anthony Parker,Daniel Gibson,LeBron James,Mo Williams,Shaquille O'Neal,Dwight Howard,J.J. Redick,Jameer Nelson,Matt Barnes,Vince Carter,4,0:51,CLE,free throw,,,,,,,2,,2,LeBron James,,,foul,made,,,,
Anthony Parker,Daniel Gibson,LeBron James,Mo Williams,Shaquille O'Neal,Dwight Howard,J.J. Redick,Jameer Nelson,Matt Barnes,Vince Carter,4,0:43,ORL,shot,,,,,,,,,,Jameer Nelson,2,,,made,,fade away jumper,35,14
Anthony Parker,Daniel Gibson,LeBron James,Mo Williams,Shaquille O'Neal,Dwight Howard,J.J. Redick,Jameer Nelson,Matt Barnes,Vince Carter,4,0:25,CLE,turnover,,,,,,,,,,LeBron James,,,lost ball,,Jameer Nelson,,,
Anthony Parker,Daniel Gibson,LeBron James,Mo Williams,Shaquille O'Neal,Dwight Howard,J.J. Redick,Jameer Nelson,Matt Barnes,Vince Carter,4,0:21,ORL,shot,,,,,,,,,,Matt Barnes,2,,,made,,layup,25,6
