a1,a2,a3,a4,a5,h1,h2,h3,h4,h5,period,time,team,etype,assist,away,block,entered,home,left,num,opponent,outof,player,points,possession,reason,result,steal,type,x,y
Al Horford,Joe Johnson,Josh Smith,Marvin Williams,Mike Bibby,Brandon Roy,Greg Oden,LaMarcus Aldridge,Martell Webster,Steve Blake,1,12:00,OFF,jump ball,,Josh Smith,,,Greg Oden,,,,,,,Joe Johnson,,,,,,
Al Horford,Joe Johnson,Josh Smith,Marvin Williams,Mike Bibby,Brandon Roy,Greg Oden,LaMarcus Aldridge,Martell Webster,Steve Blake,1,11:41,ATL,shot,,,,,,,,,,Joe Johnson,,,,missed,,jump,44,13
Al Horford,Joe Johnson,Josh Smith,Marvin Williams,Mike Bibby,Brandon Roy,Greg Oden,LaMarcus Aldridge,Martell Webster,Steve Blake,1,11:41,POR,rebound,,,,,,,,,,,,,,,,,,
Al Horford,Joe Johnson,Josh Smith,Marvin Williams,Mike Bibby,Brandon Roy,Greg Oden,LaMarcus Aldridge,Martell Webster,Steve Blake,1,11:23,POR,shot,,,,,,,,,,LaMarcus Aldridge,,,,missed,,jump,17,21
Al Horford,Joe Johnson,Josh Smith,Marvin Williams,Mike Bibby,Brandon Roy,Greg Oden,LaMarcus Aldridge,Martell Webster,Steve Blake,1,11:22,ATL,rebound,,,,,,,,,,Joe Johnson,,,,,,def,,
Al Horford,Joe Johnson,Josh Smith,Marvin Williams,Mike Bibby,Brandon Roy,Greg Oden,LaMarcus Aldridge,Martell Webster,Steve Blake,1,11:06,ATL,shot,,,,,,,,,,Mike Bibby,,,,missed,,jump,43,9
Al Horford,Joe Johnson,Josh Smith,Marvin Williams,Mike Bibby,Brandon Roy,Greg Oden,LaMarcus Aldridge,Martell Webster,Steve Blake,1,11:06,POR,rebound,,,,,,,,,,Greg Oden,,,,,,def,,
Al Horford,Joe Johnson,Josh Smith,Marvin Williams,Mike Bibby,Brandon Roy,Greg Oden,LaMarcus Aldridge,Martell Webster,Steve Blake,1,11:03,ATL,foul,,,,,,,,Steve Blake,,Mike Bibby,,,,,,personal,,
Al Horford,Joe Johnson,Josh Smith,Marvin Williams,Mike Bibby,Brandon Roy,Greg Oden,LaMarcus Aldridge,Martell Webster,Steve Blake,1,10:45,POR,shot,,,,,,,,,,Steve Blake,,,,missed,,turnaround fade away,32,11
Al Horford,Joe Johnson,Josh Smith,Marvin Williams,Mike Bibby,Brandon Roy,Greg Oden,LaMarcus Aldridge,Martell Webster,Steve Blake,1,10:44,ATL,rebound,,,,,,,,,,Marvin Williams,,,,,,def,,
Al Horford,Joe Johnson,Josh Smith,Marvin Williams,Mike Bibby,Brandon Roy,Greg Oden,LaMarcus Aldridge,Martell Webster,Steve Blake,1,10:29,ATL,shot,Mike Bibby,,,,,,,,,Marvin Williams,3,,,made,,3pt,29,30
Al Horford,Joe Johnson,Josh Smith,Marvin Williams,Mike Bibby,Brandon Roy,Greg Oden,LaMarcus Aldridge,Martell Webster,Steve Blake,1,10:10,POR,shot,,,,,,,,,,Brandon Roy,,,,missed,,3pt,47,5
Al Horford,Joe Johnson,Josh Smith,Marvin Williams,Mike Bibby,Brandon Roy,Greg Oden,LaMarcus Aldridge,Martell Webster,Steve Blake,1,10:09,POR,rebound,,,,,,,,,,Greg Oden,,,,,,off,,
Al Horford,Joe Johnson,Josh Smith,Marvin Williams,Mike Bibby,Brandon Roy,Greg Oden,LaMarcus Aldridge,Martell Webster,Steve Blake,1,9:54,POR,shot,,,,,,,,,,Brandon Roy,2,,,made,,jump,11,22
Al Horford,Joe Johnson,Josh Smith,Marvin Williams,Mike Bibby,Brandon Roy,Greg Oden,LaMarcus Aldridge,Martell Webster,Steve Blake,1,9:28,ATL,shot,,,,,,,,,,Al Horford,,,,missed,,running hook,20,11
Al Horford,Joe Johnson,Josh Smith,Marvin Williams,Mike Bibby,Brandon Roy,Greg Oden,LaMarcus Aldridge,Martell Webster,Steve Blake,1,9:27,POR,rebound,,,,,,,,,,LaMarcus Aldridge,,,,,,def,,
Al Horford,Joe Johnson,Josh Smith,Marvin Williams,Mike Bibby,Brandon Roy,Greg Oden,LaMarcus Aldridge,Martell Webster,Steve Blake,1,9:08,POR,shot,,,,,,,,,,Martell Webster,,,,missed,,driving layup,25,6
Al Horford,Joe Johnson,Josh Smith,Marvin Williams,Mike Bibby,Brandon Roy,Greg Oden,LaMarcus Aldridge,Martell Webster,Steve Blake,1,9:08,ATL,rebound,,,,,,,,,,Josh Smith,,,,,,def,,
Al Horford,Joe Johnson,Josh Smith,Marvin Williams,Mike Bibby,Brandon Roy,Greg Oden,LaMarcus Aldridge,Martell Webster,Steve Blake,1,9:01,ATL,shot,,,,,,,,,,Al Horford,,,,missed,,layup,25,6
Al Horford,Joe Johnson,Josh Smith,Marvin Williams,Mike Bibby,Brandon Roy,Greg Oden,LaMarcus Aldridge,Martell Webster,Steve Blake,1,9:00,ATL,rebound,,,,,,,,,,Marvin Williams,,,,,,off,,
Al Horford,Joe Johnson,Josh Smith,Marvin Williams,Mike Bibby,Brandon Roy,Greg Oden,LaMarcus Aldridge,Martell Webster,Steve Blake,1,8:58,POR,foul,,,,,,,,Josh Smith,,Greg Oden,,,,,,shooting,,
Al Horford,Joe Johnson,Josh Smith,Marvin Williams,Mike Bibby,Brandon Roy,Greg Oden,LaMarcus Aldridge,Martell Webster,Steve Blake,1,8:58,ATL,free throw,,,,,,,1,,2,Josh Smith,,,foul,missed,,,,
Al Horford,Joe Johnson,Josh Smith,Marvin Williams,Mike Bibby,Brandon Roy,Greg Oden,LaMarcus Aldridge,Martell Webster,Steve Blake,1,8:58,ATL,rebound,,,,,,,,,,,,,,,,,,
Al Horford,Joe Johnson,Josh Smith,Marvin Williams,Mike Bibby,Brandon Roy,Greg Oden,LaMarcus Aldridge,Martell Webster,Steve Blake,1,8:58,ATL,free throw,,,,,,,2,,2,Josh Smith,,,foul,missed,,,,
Al Horford,Joe Johnson,Josh Smith,Marvin Williams,Mike Bibby,Brandon Roy,Greg Oden,LaMarcus Aldridge,Martell Webster,Steve Blake,1,8:57,POR,rebound,,,,,,,,,,Greg Oden,,,,,,def,,
Al Horford,Joe Johnson,Josh Smith,Marvin Williams,Mike Bibby,Brandon Roy,Greg Oden,LaMarcus Aldridge,Martell Webster,Steve Blake,1,8:30,POR,shot,,,,,,,,,,Steve Blake,,,,missed,,jump,12,21
Al Horford,Joe Johnson,Josh Smith,Marvin Williams,Mike Bibby,Brandon Roy,Greg Oden,LaMarcus Aldridge,Martell Webster,Steve Blake,1,8:25,ATL,rebound,,,,,,,,,,Marvin Williams,,,,,,def,,
Al Horford,Joe Johnson,Josh Smith,Marvin Williams,Mike Bibby,Brandon Roy,Greg Oden,LaMarcus Aldridge,Martell Webster,Steve Blake,1,8:21,ATL,shot,,,,,,,,,,Marvin Williams,,,,missed,,driving dunk,25,6
Al Horford,Joe Johnson,Josh Smith,Marvin Williams,Mike Bibby,Brandon Roy,Greg Oden,LaMarcus Aldridge,Martell Webster,Steve Blake,1,8:20,POR,rebound,,,,,,,,,,Martell Webster,,,,,,def,,
Al Horford,Joe Johnson,Josh Smith,Marvin Williams,Mike Bibby,Brandon Roy,Greg Oden,LaMarcus Aldridge,Martell Webster,Steve Blake,1,8:12,POR,shot,Steve Blake,,,,,,,,,Greg Oden,2,,,made,,layup,25,6
Al Horford,Joe Johnson,Josh Smith,Marvin Williams,Mike Bibby,Brandon Roy,Greg Oden,LaMarcus Aldridge,Martell Webster,Steve Blake,1,8:12,ATL,foul,,,,,,,,Greg Oden,,Al Horford,,,,,,shooting,,
Al Horford,Joe Johnson,Josh Smith,Marvin Williams,Mike Bibby,Brandon Roy,Greg Oden,LaMarcus Aldridge,Martell Webster,Steve Blake,1,8:12,POR,free throw,,,,,,,1,,1,Greg Oden,,,foul,missed,,,,
Al Horford,Joe Johnson,Josh Smith,Marvin Williams,Mike Bibby,Brandon Roy,Greg Oden,LaMarcus Aldridge,Martell Webster,Steve Blake,1,8:11,ATL,rebound,,,,,,,,,,Marvin Williams,,,,,,def,,
Al Horford,Joe Johnson,Josh Smith,Marvin Williams,Mike Bibby,Brandon Roy,Greg Oden,LaMarcus Aldridge,Martell Webster,Steve Blake,1,7:51,ATL,shot,,,,,,,,,,Josh Smith,2,,,made,,jump,11,22
Al Horford,Joe Johnson,Josh Smith,Marvin Williams,Mike Bibby,Brandon Roy,Greg Oden,LaMarcus Aldridge,Martell Webster,Steve Blake,1,7:28,POR,turnover,,,,,,,,,,Greg Oden,,,lost ball,,Josh Smith,,,
Al Horford,Joe Johnson,Josh Smith,Marvin Williams,Mike Bibby,Brandon Roy,Greg Oden,LaMarcus Aldridge,Martell Webster,Steve Blake,1,7:22,ATL,shot,,,,,,,,,,Mike Bibby,,,,missed,,3pt,5,20
Al Horford,Joe Johnson,Josh Smith,Marvin Williams,Mike Bibby,Brandon Roy,Greg Oden,LaMarcus Aldridge,Martell Webster,Steve Blake,1,7:21,POR,rebound,,,,,,,,,,Greg Oden,,,,,,def,,
Al Horford,Joe Johnson,Josh Smith,Marvin Williams,Mike Bibby,Brandon Roy,Greg Oden,LaMarcus Aldridge,Martell Webster,Steve Blake,1,7:05,POR,shot,,,,,,,,,,LaMarcus Aldridge,2,,,made,,turnaround jump,14,13
Al Horford,Joe Johnson,Josh Smith,Marvin Williams,Mike Bibby,Brandon Roy,Greg Oden,LaMarcus Aldridge,Martell Webster,Steve Blake,1,6:53,POR,foul,,,,,,,,Al Horford,,Greg Oden,,,,,,personal,,
Al Horford,Joe Johnson,Josh Smith,Marvin Williams,Mike Bibby,Brandon Roy,Joel Przybilla,LaMarcus Aldridge,Martell Webster,Steve Blake,1,6:53,POR,sub,,,,Joel Przybilla,,Greg Oden,,,,,,,,,,,,
Al Horford,Joe Johnson,Josh Smith,Marvin Williams,Mike Bibby,Brandon Roy,Joel Przybilla,LaMarcus Aldridge,Martell Webster,Steve Blake,1,6:43,ATL,shot,,,,,,,,,,Al Horford,,,,missed,,turnaround jump,18,10
Al Horford,Joe Johnson,Josh Smith,Marvin Williams,Mike Bibby,Brandon Roy,Joel Przybilla,LaMarcus Aldridge,Martell Webster,Steve Blake,1,6:43,POR,rebound,,,,,,,,,,Joel Przybilla,,,,,,def,,
Al Horford,Joe Johnson,Josh Smith,Marvin Williams,Mike Bibby,Brandon Roy,Joel Przybilla,LaMarcus Aldridge,Martell Webster,Steve Blake,1,6:29,POR,shot,,,,,,,,,,Brandon Roy,,,,missed,,jump,35,21
Al Horford,Joe Johnson,Josh Smith,Marvin Williams,Mike Bibby,Brandon Roy,Joel Przybilla,LaMarcus Aldridge,Martell Webster,Steve Blake,1,6:28,ATL,rebound,,,,,,,,,,Mike Bibby,,,,,,def,,
Al Horford,Joe Johnson,Josh Smith,Marvin Williams,Mike Bibby,Brandon Roy,Joel Przybilla,LaMarcus Aldridge,Martell Webster,Steve Blake,1,6:19,ATL,shot,,,,,,,,,,Marvin Williams,,,,missed,,3pt,36,28
Al Horford,Joe Johnson,Josh Smith,Marvin Williams,Mike Bibby,Brandon Roy,Joel Przybilla,LaMarcus Aldridge,Martell Webster,Steve Blake,1,6:18,POR,rebound,,,,,,,,,,Brandon Roy,,,,,,def,,
Al Horford,Joe Johnson,Josh Smith,Marvin Williams,Mike Bibby,Brandon Roy,Joel Przybilla,LaMarcus Aldridge,Martell Webster,Steve Blake,1,6:02,ATL,foul,,,,,,,,LaMarcus Aldridge,,Josh Smith,,,,,,shooting,,
Al Horford,Joe Johnson,Josh Smith,Marvin Williams,Mike Bibby,Brandon Roy,Joel Przybilla,LaMarcus Aldridge,Martell Webster,Steve Blake,1,6:02,POR,free throw,,,,,,,1,,2,LaMarcus Aldridge,,,foul,made,,,,
Al Horford,Joe Johnson,Josh Smith,Marvin Williams,Mike Bibby,Brandon Roy,Joel Przybilla,LaMarcus Aldridge,Martell Webster,Steve Blake,1,6:02,POR,free throw,,,,,,,2,,2,LaMarcus Aldridge,,,foul,made,,,,
Al Horford,Joe Johnson,Josh Smith,Marvin Williams,Mike Bibby,Brandon Roy,Joel Przybilla,LaMarcus Aldridge,Martell Webster,Steve Blake,1,5:41,ATL,shot,,,,,,,,,,Josh Smith,,,,missed,,dunk,25,6
Al Horford,Joe Johnson,Josh Smith,Marvin Williams,Mike Bibby,Brandon Roy,Joel Przybilla,LaMarcus Aldridge,Martell Webster,Steve Blake,1,5:40,POR,rebound,,,,,,,,,,,,,,,,,,
Al Horford,Joe Johnson,Josh Smith,Marvin Williams,Mike Bibby,Brandon Roy,Joel Przybilla,LaMarcus Aldridge,Martell Webster,Steve Blake,1,5:40,ATL,foul,,,,,,,,Brandon Roy,,Josh Smith,,,,,,loose ball,,
Al Horford,Joe Johnson,Josh Smith,Marvin Williams,Mike Bibby,Brandon Roy,Joel Przybilla,LaMarcus Aldridge,Martell Webster,Steve Blake,1,5:40,POR,timeout,,,,,,,,,,,,,,,,regular,,
Al Horford,Joe Johnson,Marvin Williams,Mike Bibby,Zaza Pachulia,Brandon Roy,Joel Przybilla,LaMarcus Aldridge,Martell Webster,Steve Blake,1,5:40,ATL,sub,,,,Zaza Pachulia,,Josh Smith,,,,,,,,,,,,
Al Horford,Joe Johnson,Marvin Williams,Mike Bibby,Zaza Pachulia,Brandon Roy,Joel Przybilla,LaMarcus Aldridge,Martell Webster,Steve Blake,1,5:22,POR,shot,,,,,,,,,,LaMarcus Aldridge,,,,missed,,running jump,23,19
Al Horford,Joe Johnson,Marvin Williams,Mike Bibby,Zaza Pachulia,Brandon Roy,Joel Przybilla,LaMarcus Aldridge,Martell Webster,Steve Blake,1,5:21,ATL,rebound,,,,,,,,,,Al Horford,,,,,,def,,
Al Horford,Joe Johnson,Marvin Williams,Mike Bibby,Zaza Pachulia,Brandon Roy,Joel Przybilla,LaMarcus Aldridge,Martell Webster,Steve Blake,1,5:05,ATL,shot,,,,,,,,,,Mike Bibby,,,,missed,,running jump,29,11
Al Horford,Joe Johnson,Marvin Williams,Mike Bibby,Zaza Pachulia,Brandon Roy,Joel Przybilla,LaMarcus Aldridge,Martell Webster,Steve Blake,1,5:05,POR,rebound,,,,,,,,,,Joel Przybilla,,,,,,def,,
Al Horford,Joe Johnson,Marvin Williams,Mike Bibby,Zaza Pachulia,Brandon Roy,Joel Przybilla,LaMarcus Aldridge,Martell Webster,Steve Blake,1,4:41,POR,shot,Brandon Roy,,,,,,,,,Steve Blake,3,,,made,,3pt,38,27
Al Horford,Joe Johnson,Marvin Williams,Mike Bibby,Zaza Pachulia,Brandon Roy,Joel Przybilla,LaMarcus Aldridge,Martell Webster,Steve Blake,1,4:27,POR,foul,,,,,,,,Mike Bibby,,Martell Webster,,,,,,personal,,
Al Horford,Joe Johnson,Marvin Williams,Mike Bibby,Zaza Pachulia,Brandon Roy,Joel Przybilla,LaMarcus Aldridge,Rudy Fernandez,Steve Blake,1,4:27,POR,sub,,,,Rudy Fernandez,,Martell Webster,,,,,,,,,,,,
Al Horford,Joe Johnson,Marvin Williams,Mike Bibby,Zaza Pachulia,Brandon Roy,Joel Przybilla,LaMarcus Aldridge,Rudy Fernandez,Steve Blake,1,4:21,POR,foul,,,,,,,,Joe Johnson,,Joel Przybilla,,,,,,personal,,
Al Horford,Jamal Crawford,Joe Johnson,Marvin Williams,Zaza Pachulia,Brandon Roy,Joel Przybilla,LaMarcus Aldridge,Rudy Fernandez,Steve Blake,1,4:21,ATL,sub,,,,Jamal Crawford,,Mike Bibby,,,,,,,,,,,,
Al Horford,Jamal Crawford,Joe Johnson,Marvin Williams,Zaza Pachulia,Brandon Roy,Joel Przybilla,LaMarcus Aldridge,Rudy Fernandez,Steve Blake,1,4:13,ATL,shot,Marvin Williams,,,,,,,,,Zaza Pachulia,2,,,made,,layup,25,6
Al Horford,Jamal Crawford,Joe Johnson,Marvin Williams,Zaza Pachulia,Brandon Roy,Joel Przybilla,LaMarcus Aldridge,Rudy Fernandez,Steve Blake,1,3:49,POR,shot,,,,,,,,,,Brandon Roy,2,,,made,,pullup jump,35,21
Al Horford,Jamal Crawford,Joe Johnson,Marvin Williams,Zaza Pachulia,Brandon Roy,Joel Przybilla,LaMarcus Aldridge,Rudy Fernandez,Steve Blake,1,3:29,ATL,shot,,,,,,,,,,Joe Johnson,,,,missed,,jump,42,9
Al Horford,Jamal Crawford,Joe Johnson,Marvin Williams,Zaza Pachulia,Brandon Roy,Joel Przybilla,LaMarcus Aldridge,Rudy Fernandez,Steve Blake,1,3:27,ATL,rebound,,,,,,,,,,Marvin Williams,,,,,,off,,
Al Horford,Jamal Crawford,Joe Johnson,Marvin Williams,Zaza Pachulia,Brandon Roy,Joel Przybilla,LaMarcus Aldridge,Rudy Fernandez,Steve Blake,1,3:26,ATL,turnover,,,,,,,,,,Marvin Williams,,,lost ball,,LaMarcus Aldridge,,,
Al Horford,Jamal Crawford,Joe Johnson,Marvin Williams,Zaza Pachulia,Andre Miller,Brandon Roy,Joel Przybilla,LaMarcus Aldridge,Rudy Fernandez,1,3:23,POR,sub,,,,Andre Miller,,Steve Blake,,,,,,,,,,,,
Al Horford,Jamal Crawford,Joe Johnson,Marvin Williams,Zaza Pachulia,Andre Miller,Brandon Roy,Joel Przybilla,LaMarcus Aldridge,Rudy Fernandez,1,3:14,ATL,violation,,,,,,,,,,Al Horford,,,,,,kicked ball,,
Jamal Crawford,Joe Johnson,Joe Smith,Marvin Williams,Zaza Pachulia,Andre Miller,Brandon Roy,Joel Przybilla,LaMarcus Aldridge,Rudy Fernandez,1,3:14,ATL,sub,,,,Joe Smith,,Al Horford,,,,,,,,,,,,
Jamal Crawford,Joe Johnson,Joe Smith,Marvin Williams,Zaza Pachulia,Andre Miller,Brandon Roy,Joel Przybilla,LaMarcus Aldridge,Rudy Fernandez,1,3:08,POR,shot,Andre Miller,,,,,,,,,Brandon Roy,2,,,made,,jump,44,15
Jamal Crawford,Joe Johnson,Joe Smith,Marvin Williams,Zaza Pachulia,Andre Miller,Brandon Roy,Joel Przybilla,LaMarcus Aldridge,Rudy Fernandez,1,2:56,POR,foul,,,,,,,,Zaza Pachulia,,LaMarcus Aldridge,,,,,,shooting,,
Jamal Crawford,Joe Johnson,Joe Smith,Marvin Williams,Zaza Pachulia,Andre Miller,Brandon Roy,Joel Przybilla,LaMarcus Aldridge,Rudy Fernandez,1,2:56,ATL,timeout,,,,,,,,,,,,,,,,regular,,
Jamal Crawford,Joe Johnson,Joe Smith,Maurice Evans,Zaza Pachulia,Andre Miller,Brandon Roy,Joel Przybilla,LaMarcus Aldridge,Rudy Fernandez,1,2:56,ATL,sub,,,,Maurice Evans,,Marvin Williams,,,,,,,,,,,,
Jamal Crawford,Joe Johnson,Joe Smith,Maurice Evans,Zaza Pachulia,Andre Miller,Brandon Roy,Joel Przybilla,LaMarcus Aldridge,Rudy Fernandez,1,2:56,ATL,free throw,,,,,,,1,,2,Zaza Pachulia,,,foul,made,,,,
Jamal Crawford,Joe Johnson,Joe Smith,Maurice Evans,Zaza Pachulia,Andre Miller,Brandon Roy,Joel Przybilla,LaMarcus Aldridge,Rudy Fernandez,1,2:56,ATL,free throw,,,,,,,2,,2,Zaza Pachulia,,,foul,made,,,,
Jamal Crawford,Joe Johnson,Joe Smith,Maurice Evans,Zaza Pachulia,Andre Miller,Brandon Roy,Joel Przybilla,LaMarcus Aldridge,Rudy Fernandez,1,2:31,POR,shot,,,,,,,,,,Rudy Fernandez,,,,missed,,3pt,10,26
Jamal Crawford,Joe Johnson,Joe Smith,Maurice Evans,Zaza Pachulia,Andre Miller,Brandon Roy,Joel Przybilla,LaMarcus Aldridge,Rudy Fernandez,1,2:30,ATL,rebound,,,,,,,,,,Zaza Pachulia,,,,,,def,,
Jamal Crawford,Joe Johnson,Joe Smith,Maurice Evans,Zaza Pachulia,Andre Miller,Brandon Roy,Joel Przybilla,LaMarcus Aldridge,Rudy Fernandez,1,2:15,ATL,shot,,,,,,,,,,Joe Johnson,,,,missed,,jump,27,10
Jamal Crawford,Joe Johnson,Joe Smith,Maurice Evans,Zaza Pachulia,Andre Miller,Brandon Roy,Joel Przybilla,LaMarcus Aldridge,Rudy Fernandez,1,2:14,ATL,rebound,,,,,,,,,,Joe Johnson,,,,,,off,,
Jamal Crawford,Joe Johnson,Joe Smith,Maurice Evans,Zaza Pachulia,Andre Miller,Brandon Roy,Joel Przybilla,LaMarcus Aldridge,Rudy Fernandez,1,2:11,ATL,turnover,,,,,,,,,,Joe Johnson,,,lost ball,,LaMarcus Aldridge,,,
Jamal Crawford,Joe Johnson,Joe Smith,Maurice Evans,Zaza Pachulia,Andre Miller,Brandon Roy,Joel Przybilla,LaMarcus Aldridge,Rudy Fernandez,1,1:55,POR,shot,Andre Miller,,,,,,,,,LaMarcus Aldridge,2,,,made,,jump bank,19,9
Jamal Crawford,Joe Johnson,Joe Smith,Maurice Evans,Zaza Pachulia,Andre Miller,Brandon Roy,Joel Przybilla,LaMarcus Aldridge,Rudy Fernandez,1,1:45,ATL,shot,,,,,,,,,,Jamal Crawford,,,,missed,,jump,37,23
Jamal Crawford,Joe Johnson,Joe Smith,Maurice Evans,Zaza Pachulia,Andre Miller,Brandon Roy,Joel Przybilla,LaMarcus Aldridge,Rudy Fernandez,1,1:45,ATL,rebound,,,,,,,,,,Zaza Pachulia,,,,,,off,,
Jamal Crawford,Joe Johnson,Joe Smith,Maurice Evans,Zaza Pachulia,Andre Miller,Brandon Roy,Joel Przybilla,LaMarcus Aldridge,Rudy Fernandez,1,1:40,POR,foul,,,,,,,,Zaza Pachulia,,Joel Przybilla,,,,,,shooting,,
Jamal Crawford,Joe Johnson,Joe Smith,Maurice Evans,Zaza Pachulia,Andre Miller,Brandon Roy,LaMarcus Aldridge,Rudy Fernandez,Travis Outlaw,1,1:40,POR,sub,,,,Travis Outlaw,,Joel Przybilla,,,,,,,,,,,,
Jamal Crawford,Joe Johnson,Joe Smith,Maurice Evans,Zaza Pachulia,Andre Miller,Brandon Roy,LaMarcus Aldridge,Rudy Fernandez,Travis Outlaw,1,1:40,ATL,free throw,,,,,,,1,,2,Zaza Pachulia,,,foul,made,,,,
Jamal Crawford,Joe Johnson,Joe Smith,Maurice Evans,Zaza Pachulia,Andre Miller,Brandon Roy,LaMarcus Aldridge,Rudy Fernandez,Travis Outlaw,1,1:40,ATL,free throw,,,,,,,2,,2,Zaza Pachulia,,,foul,made,,,,
Jamal Crawford,Joe Johnson,Joe Smith,Maurice Evans,Zaza Pachulia,Andre Miller,Brandon Roy,LaMarcus Aldridge,Rudy Fernandez,Travis Outlaw,1,1:19,POR,shot,Andre Miller,,,,,,,,,LaMarcus Aldridge,2,,,made,,jump,13,10
Jamal Crawford,Joe Johnson,Joe Smith,Maurice Evans,Zaza Pachulia,Andre Miller,Brandon Roy,LaMarcus Aldridge,Rudy Fernandez,Travis Outlaw,1,0:59,ATL,shot,Zaza Pachulia,,,,,,,,,Jamal Crawford,2,,,made,,driving layup,25,6
Jamal Crawford,Joe Johnson,Joe Smith,Maurice Evans,Zaza Pachulia,Andre Miller,Brandon Roy,LaMarcus Aldridge,Rudy Fernandez,Travis Outlaw,1,0:48,POR,shot,,,,,,,,,,Brandon Roy,2,,,made,,driving layup,25,6
Jamal Crawford,Joe Johnson,Joe Smith,Maurice Evans,Zaza Pachulia,Andre Miller,Brandon Roy,LaMarcus Aldridge,Rudy Fernandez,Travis Outlaw,1,0:39,ATL,shot,,,,,,,,,,Joe Johnson,2,,,made,,jump,16,24
Jamal Crawford,Joe Johnson,Joe Smith,Marvin Williams,Maurice Evans,Andre Miller,Brandon Roy,LaMarcus Aldridge,Rudy Fernandez,Travis Outlaw,1,0:28,ATL,sub,,,,Marvin Williams,,Zaza Pachulia,,,,,,,,,,,,
Jamal Crawford,Joe Johnson,Joe Smith,Marvin Williams,Maurice Evans,Andre Miller,Brandon Roy,LaMarcus Aldridge,Rudy Fernandez,Travis Outlaw,1,0:26,ATL,foul,,,,,,,,Brandon Roy,,Maurice Evans,,,,,,personal,,
Jamal Crawford,Joe Johnson,Joe Smith,Marvin Williams,Maurice Evans,Andre Miller,Brandon Roy,LaMarcus Aldridge,Rudy Fernandez,Travis Outlaw,1,0:26,POR,free throw,,,,,,,1,,2,Brandon Roy,,,foul,made,,,,
Jamal Crawford,Joe Johnson,Joe Smith,Marvin Williams,Maurice Evans,Andre Miller,Brandon Roy,LaMarcus Aldridge,Rudy Fernandez,Travis Outlaw,1,0:26,POR,free throw,,,,,,,2,,2,Brandon Roy,,,foul,made,,,,
Jamal Crawford,Joe Johnson,Joe Smith,Marvin Williams,Maurice Evans,Andre Miller,Brandon Roy,LaMarcus Aldridge,Rudy Fernandez,Travis Outlaw,1,0:05,ATL,turnover,,,,,,,,,,Joe Johnson,,,lost ball,,Rudy Fernandez,,,
Jamal Crawford,Joe Johnson,Joe Smith,Marvin Williams,Maurice Evans,Andre Miller,Brandon Roy,LaMarcus Aldridge,Rudy Fernandez,Travis Outlaw,1,0:01,POR,shot,Rudy Fernandez,,,,,,,,,Brandon Roy,2,,,made,,driving dunk,25,6
Jamal Crawford,Joe Johnson,Joe Smith,Marvin Williams,Maurice Evans,Andre Miller,Brandon Roy,LaMarcus Aldridge,Rudy Fernandez,Travis Outlaw,1,0:00,ATL,shot,,,,,,,,,,Joe Johnson,,,,missed,,3pt,10,69
Jamal Crawford,Joe Johnson,Joe Smith,Marvin Williams,Maurice Evans,Andre Miller,Brandon Roy,LaMarcus Aldridge,Rudy Fernandez,Travis Outlaw,1,0:00,ATL,rebound,,,,,,,,,,,,,,,,,,
Jamal Crawford,Marvin Williams,Maurice Evans,Mike Bibby,Zaza Pachulia,Andre Miller,Greg Oden,Martell Webster,Rudy Fernandez,Travis Outlaw,2,11:43,POR,shot,,,,,,,,,,Martell Webster,,,,missed,,3pt,23,31
Jamal Crawford,Marvin Williams,Maurice Evans,Mike Bibby,Zaza Pachulia,Andre Miller,Greg Oden,Martell Webster,Rudy Fernandez,Travis Outlaw,2,11:41,POR,rebound,,,,,,,,,,Travis Outlaw,,,,,,off,,
Jamal Crawford,Marvin Williams,Maurice Evans,Mike Bibby,Zaza Pachulia,Andre Miller,Greg Oden,Martell Webster,Rudy Fernandez,Travis Outlaw,2,11:35,POR,shot,Andre Miller,,,,,,,,,Greg Oden,2,,,made,,alley oop dunk,25,6
Jamal Crawford,Marvin Williams,Maurice Evans,Mike Bibby,Zaza Pachulia,Andre Miller,Greg Oden,Martell Webster,Rudy Fernandez,Travis Outlaw,2,11:23,POR,foul,,,,,,,,Marvin Williams,,Travis Outlaw,,,,,,personal,,
Jamal Crawford,Marvin Williams,Maurice Evans,Mike Bibby,Zaza Pachulia,Andre Miller,Greg Oden,Martell Webster,Rudy Fernandez,Travis Outlaw,2,11:15,ATL,shot,,,,,,,,,,Jamal Crawford,3,,,made,,3pt,25,30
Jamal Crawford,Marvin Williams,Maurice Evans,Mike Bibby,Zaza Pachulia,Andre Miller,Greg Oden,Martell Webster,Rudy Fernandez,Travis Outlaw,2,10:54,POR,shot,,,Zaza Pachulia,,,,,,,Greg Oden,,,,missed,,layup,25,6
Jamal Crawford,Marvin Williams,Maurice Evans,Mike Bibby,Zaza Pachulia,Andre Miller,Greg Oden,Martell Webster,Rudy Fernandez,Travis Outlaw,2,10:54,POR,rebound,,,,,,,,,,,,,,,,,,
Jamal Crawford,Marvin Williams,Maurice Evans,Mike Bibby,Zaza Pachulia,Andre Miller,Greg Oden,Martell Webster,Rudy Fernandez,Travis Outlaw,2,10:54,ATL,timeout,,,,,,,,,,,,,,,,short,,
Jamal Crawford,Marvin Williams,Maurice Evans,Mike Bibby,Zaza Pachulia,Andre Miller,Greg Oden,Martell Webster,Rudy Fernandez,Travis Outlaw,2,10:49,POR,shot,,,,,,,,,,Rudy Fernandez,,,,missed,,3pt,2,8
Jamal Crawford,Marvin Williams,Maurice Evans,Mike Bibby,Zaza Pachulia,Andre Miller,Greg Oden,Martell Webster,Rudy Fernandez,Travis Outlaw,2,10:49,ATL,rebound,,,,,,,,,,Mike Bibby,,,,,,def,,
Jamal Crawford,Marvin Williams,Maurice Evans,Mike Bibby,Zaza Pachulia,Andre Miller,Greg Oden,Martell Webster,Rudy Fernandez,Travis Outlaw,2,10:44,POR,foul,,,,,,,,Jamal Crawford,,Rudy Fernandez,,,,,,shooting,,
Jamal Crawford,Marvin Williams,Maurice Evans,Mike Bibby,Zaza Pachulia,Andre Miller,Greg Oden,Martell Webster,Rudy Fernandez,Travis Outlaw,2,10:44,ATL,free throw,,,,,,,1,,3,Jamal Crawford,,,foul,made,,,,
Jamal Crawford,Marvin Williams,Maurice Evans,Mike Bibby,Zaza Pachulia,Andre Miller,Greg Oden,Martell Webster,Rudy Fernandez,Travis Outlaw,2,10:44,ATL,free throw,,,,,,,2,,3,Jamal Crawford,,,foul,made,,,,
Jamal Crawford,Marvin Williams,Maurice Evans,Mike Bibby,Zaza Pachulia,Andre Miller,Greg Oden,Martell Webster,Rudy Fernandez,Travis Outlaw,2,10:44,ATL,free throw,,,,,,,3,,3,Jamal Crawford,,,foul,made,,,,
Jamal Crawford,Marvin Williams,Maurice Evans,Mike Bibby,Zaza Pachulia,Andre Miller,Greg Oden,Martell Webster,Rudy Fernandez,Travis Outlaw,2,10:23,ATL,foul,,,,,,,,Greg Oden,,Maurice Evans,,,,,,personal,,
Jamal Crawford,Marvin Williams,Maurice Evans,Mike Bibby,Zaza Pachulia,Andre Miller,Greg Oden,Martell Webster,Rudy Fernandez,Travis Outlaw,2,10:14,POR,shot,,,,,,,,,,Travis Outlaw,,,,missed,,turnaround jump,17,9
Jamal Crawford,Marvin Williams,Maurice Evans,Mike Bibby,Zaza Pachulia,Andre Miller,Greg Oden,Martell Webster,Rudy Fernandez,Travis Outlaw,2,10:12,POR,rebound,,,,,,,,,,Greg Oden,,,,,,off,,
Jamal Crawford,Marvin Williams,Maurice Evans,Mike Bibby,Zaza Pachulia,Andre Miller,Greg Oden,Martell Webster,Rudy Fernandez,Travis Outlaw,2,10:08,POR,shot,,,,,,,,,,Greg Oden,2,,,made,,layup,25,6
Jamal Crawford,Marvin Williams,Maurice Evans,Mike Bibby,Zaza Pachulia,Andre Miller,Greg Oden,Martell Webster,Rudy Fernandez,Travis Outlaw,2,9:55,ATL,shot,,,,,,,,,,Zaza Pachulia,,,,missed,,jump,24,21
Jamal Crawford,Marvin Williams,Maurice Evans,Mike Bibby,Zaza Pachulia,Andre Miller,Greg Oden,Martell Webster,Rudy Fernandez,Travis Outlaw,2,9:54,POR,rebound,,,,,,,,,,Greg Oden,,,,,,def,,
Jamal Crawford,Marvin Williams,Maurice Evans,Mike Bibby,Zaza Pachulia,Andre Miller,Greg Oden,Martell Webster,Rudy Fernandez,Travis Outlaw,2,9:33,POR,turnover,,,,,,,,,,Greg Oden,,,3 second violation,,,,,
Jamal Crawford,Joe Johnson,Marvin Williams,Mike Bibby,Zaza Pachulia,Andre Miller,Greg Oden,Martell Webster,Rudy Fernandez,Travis Outlaw,2,9:33,ATL,sub,,,,Joe Johnson,,Maurice Evans,,,,,,,,,,,,
Jamal Crawford,Joe Johnson,Marvin Williams,Mike Bibby,Zaza Pachulia,Andre Miller,Greg Oden,Martell Webster,Rudy Fernandez,Travis Outlaw,2,9:24,ATL,turnover,,,,,,,,,,Zaza Pachulia,,,lost ball,,Rudy Fernandez,,,
Jamal Crawford,Joe Johnson,Marvin Williams,Mike Bibby,Zaza Pachulia,Andre Miller,Greg Oden,Martell Webster,Rudy Fernandez,Travis Outlaw,2,9:08,POR,shot,,,,,,,,,,Travis Outlaw,2,,,made,,pullup jump,42,9
Jamal Crawford,Joe Johnson,Marvin Williams,Mike Bibby,Zaza Pachulia,Andre Miller,Greg Oden,Martell Webster,Rudy Fernandez,Travis Outlaw,2,8:48,ATL,shot,,,,,,,,,,Jamal Crawford,,,,missed,,jump,43,9
Jamal Crawford,Joe Johnson,Marvin Williams,Mike Bibby,Zaza Pachulia,Andre Miller,Greg Oden,Martell Webster,Rudy Fernandez,Travis Outlaw,2,8:47,POR,rebound,,,,,,,,,,Greg Oden,,,,,,def,,
Jamal Crawford,Joe Johnson,Marvin Williams,Mike Bibby,Zaza Pachulia,Andre Miller,Greg Oden,Martell Webster,Rudy Fernandez,Travis Outlaw,2,8:25,POR,shot,Andre Miller,,,,,,,,,Travis Outlaw,2,,,made,,jump,38,20
Jamal Crawford,Joe Johnson,Marvin Williams,Mike Bibby,Zaza Pachulia,Andre Miller,Greg Oden,Martell Webster,Rudy Fernandez,Travis Outlaw,2,8:13,ATL,shot,Mike Bibby,,,,,,,,,Zaza Pachulia,2,,,made,,driving dunk,25,6
Jamal Crawford,Joe Johnson,Marvin Williams,Mike Bibby,Zaza Pachulia,Andre Miller,Greg Oden,Martell Webster,Rudy Fernandez,Travis Outlaw,2,7:49,POR,shot,,,Zaza Pachulia,,,,,,,Travis Outlaw,,,,missed,,layup,25,6
Jamal Crawford,Joe Johnson,Marvin Williams,Mike Bibby,Zaza Pachulia,Andre Miller,Greg Oden,Martell Webster,Rudy Fernandez,Travis Outlaw,2,7:48,ATL,rebound,,,,,,,,,,Joe Johnson,,,,,,def,,
Jamal Crawford,Joe Johnson,Marvin Williams,Mike Bibby,Zaza Pachulia,Andre Miller,Greg Oden,Martell Webster,Rudy Fernandez,Travis Outlaw,2,7:44,ATL,shot,Joe Johnson,,,,,,,,,Jamal Crawford,2,,,made,,layup,25,6
Jamal Crawford,Joe Johnson,Marvin Williams,Mike Bibby,Zaza Pachulia,Andre Miller,Greg Oden,Martell Webster,Rudy Fernandez,Travis Outlaw,2,7:31,POR,shot,,,,,,,,,,Rudy Fernandez,,,,missed,,3pt,3,18
Jamal Crawford,Joe Johnson,Marvin Williams,Mike Bibby,Zaza Pachulia,Andre Miller,Greg Oden,Martell Webster,Rudy Fernandez,Travis Outlaw,2,7:30,ATL,rebound,,,,,,,,,,Marvin Williams,,,,,,def,,
Jamal Crawford,Joe Johnson,Marvin Williams,Mike Bibby,Zaza Pachulia,Andre Miller,Greg Oden,Martell Webster,Rudy Fernandez,Travis Outlaw,2,7:24,POR,foul,,,,,,,,Jamal Crawford,,Greg Oden,,,,,,shooting,,
Jamal Crawford,Joe Johnson,Marvin Williams,Mike Bibby,Zaza Pachulia,Andre Miller,Greg Oden,Martell Webster,Rudy Fernandez,Travis Outlaw,2,7:24,ATL,timeout,,,,,,,,,,,,,,,,official,,
Jamal Crawford,Joe Johnson,Josh Smith,Mike Bibby,Zaza Pachulia,Andre Miller,Greg Oden,Martell Webster,Rudy Fernandez,Travis Outlaw,2,7:24,ATL,sub,,,,Josh Smith,,Marvin Williams,,,,,,,,,,,,
Jamal Crawford,Joe Johnson,Josh Smith,Mike Bibby,Zaza Pachulia,Andre Miller,Joel Przybilla,Martell Webster,Rudy Fernandez,Travis Outlaw,2,7:24,POR,sub,,,,Joel Przybilla,,Greg Oden,,,,,,,,,,,,
Jamal Crawford,Joe Johnson,Josh Smith,Mike Bibby,Zaza Pachulia,Andre Miller,Joel Przybilla,Rudy Fernandez,Steve Blake,Travis Outlaw,2,7:24,POR,sub,,,,Steve Blake,,Martell Webster,,,,,,,,,,,,
Jamal Crawford,Joe Johnson,Josh Smith,Mike Bibby,Zaza Pachulia,Andre Miller,Brandon Roy,Joel Przybilla,Steve Blake,Travis Outlaw,2,7:24,POR,sub,,,,Brandon Roy,,Rudy Fernandez,,,,,,,,,,,,
Jamal Crawford,Joe Johnson,Josh Smith,Mike Bibby,Zaza Pachulia,Andre Miller,Brandon Roy,Joel Przybilla,Steve Blake,Travis Outlaw,2,7:24,ATL,free throw,,,,,,,1,,2,Jamal Crawford,,,foul,made,,,,
Jamal Crawford,Joe Johnson,Josh Smith,Mike Bibby,Zaza Pachulia,Andre Miller,Brandon Roy,Joel Przybilla,Steve Blake,Travis Outlaw,2,7:24,ATL,free throw,,,,,,,2,,2,Jamal Crawford,,,foul,made,,,,
Jamal Crawford,Joe Johnson,Josh Smith,Mike Bibby,Zaza Pachulia,Andre Miller,Brandon Roy,Joel Przybilla,Steve Blake,Travis Outlaw,2,7:08,ATL,foul,,,,,,,,Travis Outlaw,,Zaza Pachulia,,,,,,shooting,,
Jamal Crawford,Joe Johnson,Josh Smith,Mike Bibby,Zaza Pachulia,Andre Miller,Brandon Roy,Joel Przybilla,Steve Blake,Travis Outlaw,2,7:08,POR,free throw,,,,,,,1,,2,Travis Outlaw,,,foul,made,,,,
Al Horford,Jamal Crawford,Joe Johnson,Josh Smith,Mike Bibby,Andre Miller,Brandon Roy,Joel Przybilla,Steve Blake,Travis Outlaw,2,7:08,ATL,sub,,,,Al Horford,,Zaza Pachulia,,,,,,,,,,,,
Al Horford,Jamal Crawford,Joe Johnson,Josh Smith,Mike Bibby,Andre Miller,Brandon Roy,Joel Przybilla,Steve Blake,Travis Outlaw,2,7:08,POR,free throw,,,,,,,2,,2,Travis Outlaw,,,foul,made,,,,
Al Horford,Jamal Crawford,Joe Johnson,Josh Smith,Mike Bibby,Andre Miller,Brandon Roy,Joel Przybilla,Steve Blake,Travis Outlaw,2,6:57,ATL,shot,,,,,,,,,,Jamal Crawford,,,,missed,,3pt,28,31
Al Horford,Jamal Crawford,Joe Johnson,Josh Smith,Mike Bibby,Andre Miller,Brandon Roy,Joel Przybilla,Steve Blake,Travis Outlaw,2,6:56,POR,rebound,,,,,,,,,,Steve Blake,,,,,,def,,
Al Horford,Jamal Crawford,Joe Johnson,Josh Smith,Mike Bibby,Andre Miller,Brandon Roy,Joel Przybilla,Steve Blake,Travis Outlaw,2,6:48,POR,shot,,,,,,,,,,Brandon Roy,,,,missed,,3pt,2,6
Al Horford,Jamal Crawford,Joe Johnson,Josh Smith,Mike Bibby,Andre Miller,Brandon Roy,Joel Przybilla,Steve Blake,Travis Outlaw,2,6:46,POR,rebound,,,,,,,,,,Joel Przybilla,,,,,,off,,
Al Horford,Jamal Crawford,Joe Johnson,Josh Smith,Mike Bibby,Andre Miller,Brandon Roy,Joel Przybilla,Steve Blake,Travis Outlaw,2,6:34,POR,shot,,,,,,,,,,Travis Outlaw,,,,missed,,3pt,18,30
Al Horford,Jamal Crawford,Joe Johnson,Josh Smith,Mike Bibby,Andre Miller,Brandon Roy,Joel Przybilla,Steve Blake,Travis Outlaw,2,6:32,ATL,rebound,,,,,,,,,,Al Horford,,,,,,def,,
Al Horford,Jamal Crawford,Joe Johnson,Josh Smith,Mike Bibby,Andre Miller,Brandon Roy,Joel Przybilla,Steve Blake,Travis Outlaw,2,6:23,ATL,shot,,,,,,,,,,Al Horford,,,,missed,,jump,8,11
Al Horford,Jamal Crawford,Joe Johnson,Josh Smith,Mike Bibby,Andre Miller,Brandon Roy,Joel Przybilla,Steve Blake,Travis Outlaw,2,6:22,POR,rebound,,,,,,,,,,Joel Przybilla,,,,,,def,,
Al Horford,Jamal Crawford,Joe Johnson,Josh Smith,Mike Bibby,Andre Miller,Brandon Roy,Joel Przybilla,Steve Blake,Travis Outlaw,2,6:15,POR,shot,,,,,,,,,,Andre Miller,2,,,made,,driving layup,25,6
Al Horford,Jamal Crawford,Joe Johnson,Josh Smith,Mike Bibby,Andre Miller,Brandon Roy,Joel Przybilla,Steve Blake,Travis Outlaw,2,5:50,ATL,shot,,,,,,,,,,Josh Smith,2,,,made,,turnaround hook,25,11
Al Horford,Jamal Crawford,Joe Johnson,Josh Smith,Mike Bibby,Andre Miller,Brandon Roy,Joel Przybilla,Steve Blake,Travis Outlaw,2,5:32,POR,turnover,,,,,,,,,,Steve Blake,,,bad pass,,Josh Smith,,,
Al Horford,Jamal Crawford,Joe Johnson,Josh Smith,Mike Bibby,Andre Miller,Brandon Roy,Joel Przybilla,Steve Blake,Travis Outlaw,2,5:32,POR,foul,,,,,,,,Josh Smith,,Andre Miller,,,,,,loose ball,,
Al Horford,Jamal Crawford,Joe Johnson,Josh Smith,Mike Bibby,Andre Miller,Brandon Roy,Joel Przybilla,Steve Blake,Travis Outlaw,2,5:32,POR,timeout,,,,,,,,,,,,,,,,regular,,
Al Horford,Jamal Crawford,Joe Johnson,Josh Smith,Mike Bibby,Andre Miller,Brandon Roy,Joel Przybilla,LaMarcus Aldridge,Steve Blake,2,5:32,POR,sub,,,,LaMarcus Aldridge,,Travis Outlaw,,,,,,,,,,,,
Al Horford,Jamal Crawford,Joe Johnson,Josh Smith,Mike Bibby,Andre Miller,Brandon Roy,Joel Przybilla,LaMarcus Aldridge,Steve Blake,2,5:13,ATL,shot,Joe Johnson,,,,,,,,,Jamal Crawford,3,,,made,,3pt,48,6
Al Horford,Jamal Crawford,Joe Johnson,Josh Smith,Mike Bibby,Andre Miller,Brandon Roy,Joel Przybilla,LaMarcus Aldridge,Steve Blake,2,4:58,POR,turnover,,,,,,,,,,Joel Przybilla,,,lost ball,,Al Horford,,,
Al Horford,Jamal Crawford,Joe Johnson,Josh Smith,Mike Bibby,Andre Miller,Brandon Roy,Joel Przybilla,LaMarcus Aldridge,Steve Blake,2,4:53,ATL,shot,Josh Smith,,,,,,,,,Mike Bibby,2,,,made,,driving reverse layup,25,6
Al Horford,Jamal Crawford,Joe Johnson,Josh Smith,Mike Bibby,Andre Miller,Brandon Roy,Joel Przybilla,LaMarcus Aldridge,Steve Blake,2,4:34,POR,shot,,,,,,,,,,LaMarcus Aldridge,2,,,made,,turnaround fade away,14,19
Al Horford,Jamal Crawford,Joe Johnson,Josh Smith,Mike Bibby,Andre Miller,Brandon Roy,Joel Przybilla,LaMarcus Aldridge,Steve Blake,2,4:17,ATL,shot,Mike Bibby,,,,,,,,,Al Horford,2,,,made,,jump,25,21
Al Horford,Jamal Crawford,Joe Johnson,Josh Smith,Mike Bibby,Andre Miller,Brandon Roy,Joel Przybilla,LaMarcus Aldridge,Steve Blake,2,4:00,POR,shot,,,,,,,,,,LaMarcus Aldridge,,,,missed,,jump,14,25
Al Horford,Jamal Crawford,Joe Johnson,Josh Smith,Mike Bibby,Andre Miller,Brandon Roy,Joel Przybilla,LaMarcus Aldridge,Steve Blake,2,3:57,ATL,rebound,,,,,,,,,,Al Horford,,,,,,def,,
Al Horford,Jamal Crawford,Joe Johnson,Josh Smith,Mike Bibby,Andre Miller,Brandon Roy,Joel Przybilla,LaMarcus Aldridge,Steve Blake,2,3:51,ATL,shot,,,,,,,,,,Jamal Crawford,,,,missed,,driving layup,25,6
Al Horford,Jamal Crawford,Joe Johnson,Josh Smith,Mike Bibby,Andre Miller,Brandon Roy,Joel Przybilla,LaMarcus Aldridge,Steve Blake,2,3:50,POR,rebound,,,,,,,,,,LaMarcus Aldridge,,,,,,def,,
Al Horford,Jamal Crawford,Joe Johnson,Josh Smith,Mike Bibby,Andre Miller,Brandon Roy,Joel Przybilla,LaMarcus Aldridge,Steve Blake,2,3:45,POR,shot,Andre Miller,,,,,,,,,LaMarcus Aldridge,2,,,made,,dunk,25,6
Al Horford,Jamal Crawford,Joe Johnson,Josh Smith,Mike Bibby,Andre Miller,Brandon Roy,Joel Przybilla,LaMarcus Aldridge,Steve Blake,2,3:26,ATL,shot,Mike Bibby,,,,,,,,,Josh Smith,2,,,made,,running jump,27,11
Al Horford,Jamal Crawford,Joe Johnson,Josh Smith,Mike Bibby,Andre Miller,Brandon Roy,Joel Przybilla,LaMarcus Aldridge,Steve Blake,2,3:06,POR,shot,Andre Miller,,,,,,,,,LaMarcus Aldridge,2,,,made,,layup,25,6
Al Horford,Jamal Crawford,Joe Johnson,Josh Smith,Mike Bibby,Andre Miller,Brandon Roy,Joel Przybilla,LaMarcus Aldridge,Steve Blake,2,2:48,ATL,shot,Josh Smith,,,,,,,,,Mike Bibby,3,,,made,,3pt,14,29
Al Horford,Jamal Crawford,Joe Johnson,Josh Smith,Mike Bibby,Andre Miller,Brandon Roy,Joel Przybilla,LaMarcus Aldridge,Steve Blake,2,2:38,POR,shot,,,,,,,,,,Andre Miller,,,,missed,,jump,34,20
Al Horford,Jamal Crawford,Joe Johnson,Josh Smith,Mike Bibby,Andre Miller,Brandon Roy,Joel Przybilla,LaMarcus Aldridge,Steve Blake,2,2:37,ATL,rebound,,,,,,,,,,Joe Johnson,,,,,,def,,
Al Horford,Jamal Crawford,Joe Johnson,Josh Smith,Mike Bibby,Andre Miller,Brandon Roy,Joel Przybilla,LaMarcus Aldridge,Steve Blake,2,2:29,ATL,shot,,,Joel Przybilla,,,,,,,Joe Johnson,,,,missed,,driving layup,25,6
Al Horford,Jamal Crawford,Joe Johnson,Josh Smith,Mike Bibby,Andre Miller,Brandon Roy,Joel Przybilla,LaMarcus Aldridge,Steve Blake,2,2:27,POR,rebound,,,,,,,,,,LaMarcus Aldridge,,,,,,def,,
Al Horford,Jamal Crawford,Joe Johnson,Josh Smith,Mike Bibby,Andre Miller,Brandon Roy,Joel Przybilla,LaMarcus Aldridge,Steve Blake,2,2:21,POR,shot,,,,,,,,,,Steve Blake,,,,missed,,jump,11,24
Al Horford,Jamal Crawford,Joe Johnson,Josh Smith,Mike Bibby,Andre Miller,Brandon Roy,Joel Przybilla,LaMarcus Aldridge,Steve Blake,2,2:20,ATL,rebound,,,,,,,,,,Al Horford,,,,,,def,,
Al Horford,Jamal Crawford,Joe Johnson,Josh Smith,Mike Bibby,Andre Miller,Brandon Roy,Joel Przybilla,LaMarcus Aldridge,Steve Blake,2,2:12,ATL,shot,,,,,,,,,,Joe Johnson,,,,missed,,3pt,2,6
Al Horford,Jamal Crawford,Joe Johnson,Josh Smith,Mike Bibby,Andre Miller,Brandon Roy,Joel Przybilla,LaMarcus Aldridge,Steve Blake,2,2:11,POR,rebound,,,,,,,,,,Joel Przybilla,,,,,,def,,
Al Horford,Jamal Crawford,Joe Johnson,Josh Smith,Mike Bibby,Andre Miller,Brandon Roy,Joel Przybilla,LaMarcus Aldridge,Steve Blake,2,2:04,POR,shot,Andre Miller,,,,,,,,,Brandon Roy,2,,,made,,running jump,32,9
Al Horford,Jamal Crawford,Joe Johnson,Josh Smith,Mike Bibby,Andre Miller,Brandon Roy,Joel Przybilla,LaMarcus Aldridge,Steve Blake,2,2:04,ATL,foul,,,,,,,,Brandon Roy,,Mike Bibby,,,,,,shooting,,
Al Horford,Jamal Crawford,Joe Johnson,Josh Smith,Mike Bibby,Andre Miller,Brandon Roy,Joel Przybilla,LaMarcus Aldridge,Steve Blake,2,2:04,ATL,timeout,,,,,,,,,,,,,,,,regular,,
Al Horford,Jamal Crawford,Joe Johnson,Josh Smith,Mike Bibby,Andre Miller,Brandon Roy,LaMarcus Aldridge,Steve Blake,Travis Outlaw,2,2:04,POR,sub,,,,Travis Outlaw,,Joel Przybilla,,,,,,,,,,,,
Al Horford,Jamal Crawford,Joe Johnson,Josh Smith,Mike Bibby,Andre Miller,Brandon Roy,LaMarcus Aldridge,Steve Blake,Travis Outlaw,2,2:04,POR,free throw,,,,,,,1,,1,Brandon Roy,,,foul,missed,,,,
Al Horford,Jamal Crawford,Joe Johnson,Josh Smith,Mike Bibby,Andre Miller,Brandon Roy,LaMarcus Aldridge,Steve Blake,Travis Outlaw,2,2:03,ATL,rebound,,,,,,,,,,Joe Johnson,,,,,,def,,
Al Horford,Jamal Crawford,Joe Johnson,Josh Smith,Mike Bibby,Andre Miller,Brandon Roy,LaMarcus Aldridge,Steve Blake,Travis Outlaw,2,1:50,ATL,shot,Jamal Crawford,,,,,,,,,Josh Smith,2,,,made,,alley oop layup,25,6
Al Horford,Jamal Crawford,Joe Johnson,Josh Smith,Mike Bibby,Andre Miller,Brandon Roy,LaMarcus Aldridge,Steve Blake,Travis Outlaw,2,1:27,POR,shot,Brandon Roy,,,,,,,,,Travis Outlaw,2,,,made,,driving dunk,25,6
Al Horford,Jamal Crawford,Joe Johnson,Josh Smith,Mike Bibby,Andre Miller,Brandon Roy,LaMarcus Aldridge,Steve Blake,Travis Outlaw,2,1:11,ATL,shot,,,,,,,,,,Joe Johnson,,,,missed,,3pt,2,7
Al Horford,Jamal Crawford,Joe Johnson,Josh Smith,Mike Bibby,Andre Miller,Brandon Roy,LaMarcus Aldridge,Steve Blake,Travis Outlaw,2,1:10,POR,rebound,,,,,,,,,,LaMarcus Aldridge,,,,,,def,,
Al Horford,Jamal Crawford,Joe Johnson,Josh Smith,Mike Bibby,Andre Miller,Brandon Roy,LaMarcus Aldridge,Steve Blake,Travis Outlaw,2,0:47,POR,shot,,,,,,,,,,Steve Blake,,,,missed,,3pt,18,30
Al Horford,Jamal Crawford,Joe Johnson,Josh Smith,Mike Bibby,Andre Miller,Brandon Roy,LaMarcus Aldridge,Steve Blake,Travis Outlaw,2,0:47,ATL,rebound,,,,,,,,,,,,,,,,,,
Al Horford,Jamal Crawford,Joe Johnson,Josh Smith,Mike Bibby,Andre Miller,Brandon Roy,LaMarcus Aldridge,Steve Blake,Travis Outlaw,2,0:47,POR,foul,,,,,,,,Jamal Crawford,,Andre Miller,,,,,,loose ball,,
Al Horford,Jamal Crawford,Joe Johnson,Marvin Williams,Mike Bibby,Andre Miller,Brandon Roy,LaMarcus Aldridge,Steve Blake,Travis Outlaw,2,0:47,ATL,sub,,,,Marvin Williams,,Josh Smith,,,,,,,,,,,,
Al Horford,Jamal Crawford,Joe Johnson,Marvin Williams,Mike Bibby,Andre Miller,Brandon Roy,LaMarcus Aldridge,Steve Blake,Travis Outlaw,2,0:47,ATL,free throw,,,,,,,1,,2,Jamal Crawford,,,foul,made,,,,
Al Horford,Jamal Crawford,Joe Johnson,Marvin Williams,Mike Bibby,Andre Miller,Brandon Roy,LaMarcus Aldridge,Steve Blake,Travis Outlaw,2,0:47,ATL,free throw,,,,,,,2,,2,Jamal Crawford,,,foul,made,,,,
Al Horford,Jamal Crawford,Joe Johnson,Marvin Williams,Mike Bibby,Andre Miller,Brandon Roy,LaMarcus Aldridge,Steve Blake,Travis Outlaw,2,0:28,ATL,foul,,,,,,,,Andre Miller,,Al Horford,,,,,,shooting,,
Al Horford,Jamal Crawford,Joe Johnson,Marvin Williams,Mike Bibby,Andre Miller,Brandon Roy,LaMarcus Aldridge,Steve Blake,Travis Outlaw,2,0:28,POR,free throw,,,,,,,1,,2,Andre Miller,,,foul,missed,,,,
Al Horford,Jamal Crawford,Joe Johnson,Marvin Williams,Mike Bibby,Andre Miller,Brandon Roy,LaMarcus Aldridge,Steve Blake,Travis Outlaw,2,0:28,POR,rebound,,,,,,,,,,,,,,,,,,
Jamal Crawford,Joe Johnson,Joe Smith,Marvin Williams,Mike Bibby,Andre Miller,Brandon Roy,LaMarcus Aldridge,Steve Blake,Travis Outlaw,2,0:28,ATL,sub,,,,Joe Smith,,Al Horford,,,,,,,,,,,,
Jamal Crawford,Joe Johnson,Joe Smith,Marvin Williams,Mike Bibby,Andre Miller,Brandon Roy,LaMarcus Aldridge,Steve Blake,Travis Outlaw,2,0:28,POR,free throw,,,,,,,2,,2,Andre Miller,,,foul,made,,,,
Jamal Crawford,Joe Johnson,Joe Smith,Marvin Williams,Mike Bibby,Andre Miller,Brandon Roy,LaMarcus Aldridge,Steve Blake,Travis Outlaw,2,0:11,ATL,shot,,,,,,,,,,Mike Bibby,,,,missed,,3pt,48,5
Jamal Crawford,Joe Johnson,Joe Smith,Marvin Williams,Mike Bibby,Andre Miller,Brandon Roy,LaMarcus Aldridge,Steve Blake,Travis Outlaw,2,0:11,ATL,rebound,,,,,,,,,,,,,,,,,,
Jamal Crawford,Joe Johnson,Joe Smith,Marvin Williams,Mike Bibby,Andre Miller,Brandon Roy,LaMarcus Aldridge,Steve Blake,Travis Outlaw,2,0:11,POR,foul,,,,,,,,Marvin Williams,,Travis Outlaw,,,,,,loose ball,,
Jamal Crawford,Joe Johnson,Joe Smith,Marvin Williams,Mike Bibby,Andre Miller,Brandon Roy,LaMarcus Aldridge,Steve Blake,Travis Outlaw,2,0:11,ATL,free throw,,,,,,,1,,2,Marvin Williams,,,foul,made,,,,
Jamal Crawford,Joe Johnson,Joe Smith,Marvin Williams,Mike Bibby,Andre Miller,Brandon Roy,LaMarcus Aldridge,Steve Blake,Travis Outlaw,2,0:11,POR,timeout,,,,,,,,,,,,,,,,short,,
Jamal Crawford,Joe Johnson,Joe Smith,Marvin Williams,Maurice Evans,Andre Miller,Brandon Roy,LaMarcus Aldridge,Steve Blake,Travis Outlaw,2,0:11,ATL,sub,,,,Maurice Evans,,Mike Bibby,,,,,,,,,,,,
Jamal Crawford,Joe Johnson,Joe Smith,Marvin Williams,Maurice Evans,Andre Miller,Brandon Roy,LaMarcus Aldridge,Steve Blake,Travis Outlaw,2,0:11,ATL,free throw,,,,,,,2,,2,Marvin Williams,,,foul,made,,,,
Jamal Crawford,Joe Johnson,Joe Smith,Marvin Williams,Maurice Evans,Andre Miller,Brandon Roy,LaMarcus Aldridge,Steve Blake,Travis Outlaw,2,0:00,POR,shot,,,,,,,,,,Travis Outlaw,,,,missed,,pullup jump,25,27
Jamal Crawford,Joe Johnson,Joe Smith,Marvin Williams,Maurice Evans,Andre Miller,Brandon Roy,LaMarcus Aldridge,Steve Blake,Travis Outlaw,2,0:00,ATL,rebound,,,,,,,,,,Jamal Crawford,,,,,,def,,
Al Horford,Joe Johnson,Josh Smith,Marvin Williams,Mike Bibby,Brandon Roy,Joel Przybilla,LaMarcus Aldridge,Martell Webster,Steve Blake,3,11:37,POR,shot,Steve Blake,,,,,,,,,Joel Przybilla,2,,,made,,alley oop dunk,25,6
Al Horford,Joe Johnson,Josh Smith,Marvin Williams,Mike Bibby,Brandon Roy,Joel Przybilla,LaMarcus Aldridge,Martell Webster,Steve Blake,3,11:17,ATL,shot,,,,,,,,,,Joe Johnson,2,,,made,,step back jump,33,20
Al Horford,Joe Johnson,Josh Smith,Marvin Williams,Mike Bibby,Brandon Roy,Joel Przybilla,LaMarcus Aldridge,Martell Webster,Steve Blake,3,10:59,POR,shot,Steve Blake,,,,,,,,,LaMarcus Aldridge,2,,,made,,jump,35,21
Al Horford,Joe Johnson,Josh Smith,Marvin Williams,Mike Bibby,Brandon Roy,Joel Przybilla,LaMarcus Aldridge,Martell Webster,Steve Blake,3,10:42,POR,foul,,,,,,,,Marvin Williams,,Brandon Roy,,,,,,shooting,,
Al Horford,Joe Johnson,Josh Smith,Marvin Williams,Mike Bibby,Brandon Roy,Joel Przybilla,LaMarcus Aldridge,Martell Webster,Steve Blake,3,10:42,ATL,free throw,,,,,,,1,,2,Marvin Williams,,,foul,made,,,,
Al Horford,Joe Johnson,Josh Smith,Marvin Williams,Mike Bibby,Brandon Roy,Joel Przybilla,LaMarcus Aldridge,Martell Webster,Steve Blake,3,10:42,ATL,free throw,,,,,,,2,,2,Marvin Williams,,,foul,made,,,,
Al Horford,Joe Johnson,Josh Smith,Marvin Williams,Mike Bibby,Brandon Roy,Joel Przybilla,LaMarcus Aldridge,Martell Webster,Steve Blake,3,10:20,POR,shot,,,,,,,,,,LaMarcus Aldridge,,,,missed,,turnaround jump,35,16
Al Horford,Joe Johnson,Josh Smith,Marvin Williams,Mike Bibby,Brandon Roy,Joel Przybilla,LaMarcus Aldridge,Martell Webster,Steve Blake,3,10:18,ATL,rebound,,,,,,,,,,Al Horford,,,,,,def,,
Al Horford,Joe Johnson,Josh Smith,Marvin Williams,Mike Bibby,Brandon Roy,Joel Przybilla,LaMarcus Aldridge,Martell Webster,Steve Blake,3,10:00,ATL,shot,,,,,,,,,,Joe Johnson,2,,,made,,running jump,25,14
Al Horford,Joe Johnson,Josh Smith,Marvin Williams,Mike Bibby,Brandon Roy,Joel Przybilla,LaMarcus Aldridge,Martell Webster,Steve Blake,3,9:40,POR,foul,,,,,,,,Josh Smith,,Brandon Roy,,,,,,offensive,,
Al Horford,Joe Johnson,Josh Smith,Marvin Williams,Mike Bibby,Brandon Roy,Joel Przybilla,LaMarcus Aldridge,Martell Webster,Steve Blake,3,9:40,POR,turnover,,,,,,,,,,Brandon Roy,,,foul,,,,,
Al Horford,Joe Johnson,Josh Smith,Marvin Williams,Mike Bibby,Brandon Roy,Joel Przybilla,LaMarcus Aldridge,Martell Webster,Steve Blake,3,9:15,ATL,shot,,,,,,,,,,Joe Johnson,,,,missed,,running jump,30,21
Al Horford,Joe Johnson,Josh Smith,Marvin Williams,Mike Bibby,Brandon Roy,Joel Przybilla,LaMarcus Aldridge,Martell Webster,Steve Blake,3,9:14,POR,rebound,,,,,,,,,,LaMarcus Aldridge,,,,,,def,,
Al Horford,Joe Johnson,Josh Smith,Marvin Williams,Mike Bibby,Brandon Roy,Joel Przybilla,LaMarcus Aldridge,Martell Webster,Steve Blake,3,9:00,POR,shot,,,,,,,,,,Steve Blake,,,,missed,,3pt,5,21
Al Horford,Joe Johnson,Josh Smith,Marvin Williams,Mike Bibby,Brandon Roy,Joel Przybilla,LaMarcus Aldridge,Martell Webster,Steve Blake,3,8:57,ATL,rebound,,,,,,,,,,Mike Bibby,,,,,,def,,
Al Horford,Joe Johnson,Josh Smith,Marvin Williams,Mike Bibby,Brandon Roy,Joel Przybilla,LaMarcus Aldridge,Martell Webster,Steve Blake,3,8:54,POR,foul,,,,,,,,Al Horford,,Steve Blake,,,,,,shooting,,
Al Horford,Joe Johnson,Josh Smith,Marvin Williams,Mike Bibby,Brandon Roy,Joel Przybilla,LaMarcus Aldridge,Martell Webster,Steve Blake,3,8:54,ATL,free throw,,,,,,,1,,2,Al Horford,,,foul,missed,,,,
Al Horford,Joe Johnson,Josh Smith,Marvin Williams,Mike Bibby,Brandon Roy,Joel Przybilla,LaMarcus Aldridge,Martell Webster,Steve Blake,3,8:54,ATL,rebound,,,,,,,,,,,,,,,,,,
Al Horford,Joe Johnson,Josh Smith,Marvin Williams,Mike Bibby,Brandon Roy,Joel Przybilla,LaMarcus Aldridge,Martell Webster,Steve Blake,3,8:54,ATL,free throw,,,,,,,2,,2,Al Horford,,,foul,made,,,,
Al Horford,Joe Johnson,Josh Smith,Marvin Williams,Mike Bibby,Brandon Roy,Joel Przybilla,LaMarcus Aldridge,Martell Webster,Steve Blake,3,8:35,POR,shot,,,,,,,,,,Brandon Roy,,,,missed,,step back jump,8,12
Al Horford,Joe Johnson,Josh Smith,Marvin Williams,Mike Bibby,Brandon Roy,Joel Przybilla,LaMarcus Aldridge,Martell Webster,Steve Blake,3,8:34,ATL,rebound,,,,,,,,,,Al Horford,,,,,,def,,
Al Horford,Joe Johnson,Josh Smith,Marvin Williams,Mike Bibby,Brandon Roy,Joel Przybilla,LaMarcus Aldridge,Martell Webster,Steve Blake,3,8:29,ATL,shot,,,,,,,,,,Josh Smith,,,,missed,,driving layup,25,6
Al Horford,Joe Johnson,Josh Smith,Marvin Williams,Mike Bibby,Brandon Roy,Joel Przybilla,LaMarcus Aldridge,Martell Webster,Steve Blake,3,8:28,ATL,rebound,,,,,,,,,,Joe Johnson,,,,,,off,,
Al Horford,Joe Johnson,Josh Smith,Marvin Williams,Mike Bibby,Brandon Roy,Joel Przybilla,LaMarcus Aldridge,Martell Webster,Steve Blake,3,8:28,ATL,shot,,,,,,,,,,Joe Johnson,2,,,made,,tip,25,6
Al Horford,Joe Johnson,Josh Smith,Marvin Williams,Mike Bibby,Brandon Roy,Joel Przybilla,LaMarcus Aldridge,Martell Webster,Steve Blake,3,8:26,POR,timeout,,,,,,,,,,,,,,,,regular,,
Al Horford,Joe Johnson,Josh Smith,Marvin Williams,Mike Bibby,Brandon Roy,Joel Przybilla,LaMarcus Aldridge,Martell Webster,Steve Blake,3,8:01,ATL,foul,,,,,,,,Martell Webster,,Al Horford,,,,,,shooting,,
Al Horford,Joe Johnson,Josh Smith,Marvin Williams,Mike Bibby,Brandon Roy,Joel Przybilla,LaMarcus Aldridge,Martell Webster,Steve Blake,3,8:01,POR,free throw,,,,,,,1,,2,Martell Webster,,,foul,made,,,,
Al Horford,Joe Johnson,Josh Smith,Marvin Williams,Mike Bibby,Brandon Roy,Joel Przybilla,LaMarcus Aldridge,Martell Webster,Steve Blake,3,8:01,POR,free throw,,,,,,,2,,2,Martell Webster,,,foul,made,,,,
Al Horford,Joe Johnson,Josh Smith,Marvin Williams,Mike Bibby,Brandon Roy,Joel Przybilla,LaMarcus Aldridge,Martell Webster,Steve Blake,3,7:47,ATL,shot,,,,,,,,,,Josh Smith,,,,missed,,jump,6,6
Al Horford,Joe Johnson,Josh Smith,Marvin Williams,Mike Bibby,Brandon Roy,Joel Przybilla,LaMarcus Aldridge,Martell Webster,Steve Blake,3,7:46,POR,rebound,,,,,,,,,,LaMarcus Aldridge,,,,,,def,,
Al Horford,Joe Johnson,Josh Smith,Marvin Williams,Mike Bibby,Brandon Roy,Joel Przybilla,LaMarcus Aldridge,Martell Webster,Steve Blake,3,7:27,POR,shot,Brandon Roy,,,,,,,,,Martell Webster,3,,,made,,3pt,42,24
Al Horford,Joe Johnson,Josh Smith,Marvin Williams,Mike Bibby,Brandon Roy,Joel Przybilla,LaMarcus Aldridge,Martell Webster,Steve Blake,3,7:15,ATL,shot,,,,,,,,,,Mike Bibby,,,,missed,,jump,45,6
Al Horford,Joe Johnson,Josh Smith,Marvin Williams,Mike Bibby,Brandon Roy,Joel Przybilla,LaMarcus Aldridge,Martell Webster,Steve Blake,3,7:13,ATL,rebound,,,,,,,,,,Al Horford,,,,,,off,,
Al Horford,Joe Johnson,Josh Smith,Marvin Williams,Mike Bibby,Brandon Roy,Joel Przybilla,LaMarcus Aldridge,Martell Webster,Steve Blake,3,7:11,ATL,shot,,,,,,,,,,Marvin Williams,,,,missed,,jump,8,8
Al Horford,Joe Johnson,Josh Smith,Marvin Williams,Mike Bibby,Brandon Roy,Joel Przybilla,LaMarcus Aldridge,Martell Webster,Steve Blake,3,7:10,ATL,rebound,,,,,,,,,,,,,,,,,,
Al Horford,Joe Johnson,Josh Smith,Marvin Williams,Mike Bibby,Brandon Roy,Joel Przybilla,LaMarcus Aldridge,Martell Webster,Steve Blake,3,6:55,ATL,turnover,,,,,,,,,,Al Horford,,,3 second violation,,,,,
Al Horford,Joe Johnson,Josh Smith,Marvin Williams,Mike Bibby,Brandon Roy,Joel Przybilla,LaMarcus Aldridge,Martell Webster,Steve Blake,3,6:34,POR,shot,,,,,,,,,,Martell Webster,3,,,made,,3pt,37,27
Al Horford,Joe Johnson,Josh Smith,Marvin Williams,Mike Bibby,Brandon Roy,Joel Przybilla,LaMarcus Aldridge,Martell Webster,Steve Blake,3,6:15,ATL,turnover,,,,,,,,,,Josh Smith,,,bad pass,,,,,
Al Horford,Joe Johnson,Josh Smith,Marvin Williams,Mike Bibby,Brandon Roy,Joel Przybilla,LaMarcus Aldridge,Martell Webster,Steve Blake,3,6:01,POR,shot,,,,,,,,,,Steve Blake,,,,missed,,driving finger roll layup,25,6
Al Horford,Joe Johnson,Josh Smith,Marvin Williams,Mike Bibby,Brandon Roy,Joel Przybilla,LaMarcus Aldridge,Martell Webster,Steve Blake,3,6:00,POR,rebound,,,,,,,,,,Joel Przybilla,,,,,,off,,
Al Horford,Joe Johnson,Josh Smith,Marvin Williams,Mike Bibby,Brandon Roy,Joel Przybilla,LaMarcus Aldridge,Martell Webster,Steve Blake,3,6:00,POR,shot,,,,,,,,,,Joel Przybilla,2,,,made,,tip,25,6
Al Horford,Joe Johnson,Josh Smith,Marvin Williams,Mike Bibby,Brandon Roy,Joel Przybilla,LaMarcus Aldridge,Martell Webster,Steve Blake,3,5:55,ATL,timeout,,,,,,,,,,,,,,,,regular,,
Al Horford,Jamal Crawford,Joe Johnson,Josh Smith,Mike Bibby,Brandon Roy,Joel Przybilla,LaMarcus Aldridge,Martell Webster,Steve Blake,3,5:55,ATL,sub,,,,Jamal Crawford,,Marvin Williams,,,,,,,,,,,,
Al Horford,Jamal Crawford,Joe Johnson,Josh Smith,Mike Bibby,Brandon Roy,Joel Przybilla,LaMarcus Aldridge,Martell Webster,Steve Blake,3,5:50,POR,foul,,,,,,,,Jamal Crawford,,LaMarcus Aldridge,,,,,,personal,,
Al Horford,Jamal Crawford,Joe Johnson,Josh Smith,Mike Bibby,Brandon Roy,Joel Przybilla,LaMarcus Aldridge,Martell Webster,Steve Blake,3,5:40,ATL,turnover,,,,,,,,,,Mike Bibby,,,bad pass,,Joel Przybilla,,,
Al Horford,Jamal Crawford,Joe Johnson,Josh Smith,Mike Bibby,Brandon Roy,Joel Przybilla,LaMarcus Aldridge,Martell Webster,Steve Blake,3,5:20,POR,shot,Brandon Roy,,,,,,,,,Steve Blake,2,,,made,,jump,15,6
Al Horford,Jamal Crawford,Joe Johnson,Josh Smith,Mike Bibby,Brandon Roy,Joel Przybilla,LaMarcus Aldridge,Martell Webster,Steve Blake,3,5:04,ATL,shot,Jamal Crawford,,,,,,,,,Joe Johnson,2,,,made,,jump,11,23
Al Horford,Jamal Crawford,Joe Johnson,Josh Smith,Mike Bibby,Brandon Roy,Joel Przybilla,LaMarcus Aldridge,Martell Webster,Steve Blake,3,4:42,POR,shot,,,,,,,,,,LaMarcus Aldridge,,,,missed,,turnaround jump,9,10
Al Horford,Jamal Crawford,Joe Johnson,Josh Smith,Mike Bibby,Brandon Roy,Joel Przybilla,LaMarcus Aldridge,Martell Webster,Steve Blake,3,4:42,ATL,rebound,,,,,,,,,,Al Horford,,,,,,def,,
Al Horford,Jamal Crawford,Joe Johnson,Josh Smith,Mike Bibby,Brandon Roy,Joel Przybilla,LaMarcus Aldridge,Martell Webster,Steve Blake,3,4:30,ATL,shot,,,Joel Przybilla,,,,,,,Josh Smith,,,,missed,,dunk,25,6
Al Horford,Jamal Crawford,Joe Johnson,Josh Smith,Mike Bibby,Brandon Roy,Joel Przybilla,LaMarcus Aldridge,Martell Webster,Steve Blake,3,4:29,POR,rebound,,,,,,,,,,,,,,,,,,
Al Horford,Jamal Crawford,Joe Johnson,Josh Smith,Mike Bibby,Brandon Roy,Joel Przybilla,LaMarcus Aldridge,Martell Webster,Steve Blake,3,4:14,POR,shot,,,,,,,,,,Brandon Roy,,,,missed,,jump,44,17
Al Horford,Jamal Crawford,Joe Johnson,Josh Smith,Mike Bibby,Brandon Roy,Joel Przybilla,LaMarcus Aldridge,Martell Webster,Steve Blake,3,4:11,ATL,rebound,,,,,,,,,,Al Horford,,,,,,def,,
Al Horford,Jamal Crawford,Joe Johnson,Josh Smith,Mike Bibby,Brandon Roy,Joel Przybilla,LaMarcus Aldridge,Martell Webster,Steve Blake,3,4:04,ATL,shot,,,,,,,,,,Jamal Crawford,,,,missed,,jump,34,25
Al Horford,Jamal Crawford,Joe Johnson,Josh Smith,Mike Bibby,Brandon Roy,Joel Przybilla,LaMarcus Aldridge,Martell Webster,Steve Blake,3,4:03,POR,rebound,,,,,,,,,,LaMarcus Aldridge,,,,,,def,,
Al Horford,Jamal Crawford,Joe Johnson,Josh Smith,Mike Bibby,Brandon Roy,Joel Przybilla,LaMarcus Aldridge,Martell Webster,Steve Blake,3,3:52,POR,shot,,,,,,,,,,Steve Blake,,,,missed,,jump,28,18
Al Horford,Jamal Crawford,Joe Johnson,Josh Smith,Mike Bibby,Brandon Roy,Joel Przybilla,LaMarcus Aldridge,Martell Webster,Steve Blake,3,3:52,ATL,rebound,,,,,,,,,,Josh Smith,,,,,,def,,
Al Horford,Jamal Crawford,Joe Johnson,Josh Smith,Mike Bibby,Brandon Roy,Joel Przybilla,LaMarcus Aldridge,Martell Webster,Steve Blake,3,3:48,ATL,shot,Josh Smith,,,,,,,,,Al Horford,2,,,made,,dunk,25,6
Al Horford,Jamal Crawford,Joe Johnson,Josh Smith,Mike Bibby,Brandon Roy,Joel Przybilla,LaMarcus Aldridge,Martell Webster,Steve Blake,3,3:19,POR,shot,,,Josh Smith,,,,,,,Brandon Roy,,,,missed,,driving layup,25,6
Al Horford,Jamal Crawford,Joe Johnson,Josh Smith,Mike Bibby,Brandon Roy,Joel Przybilla,LaMarcus Aldridge,Martell Webster,Steve Blake,3,3:19,POR,rebound,,,,,,,,,,,,,,,,,,
Al Horford,Jamal Crawford,Joe Johnson,Josh Smith,Mike Bibby,Brandon Roy,Joel Przybilla,LaMarcus Aldridge,Martell Webster,Steve Blake,3,3:19,POR,turnover,,,,,,,,,,,,,shot clock turnover,,,,,
Al Horford,Jamal Crawford,Joe Johnson,Josh Smith,Mike Bibby,Andre Miller,Brandon Roy,Joel Przybilla,LaMarcus Aldridge,Martell Webster,3,3:19,POR,sub,,,,Andre Miller,,Steve Blake,,,,,,,,,,,,
Al Horford,Jamal Crawford,Joe Johnson,Josh Smith,Mike Bibby,Andre Miller,Brandon Roy,Greg Oden,LaMarcus Aldridge,Martell Webster,3,3:19,POR,sub,,,,Greg Oden,,Joel Przybilla,,,,,,,,,,,,
Al Horford,Jamal Crawford,Joe Johnson,Josh Smith,Mike Bibby,Andre Miller,Brandon Roy,Greg Oden,LaMarcus Aldridge,Martell Webster,3,3:03,ATL,shot,,,,,,,,,,Al Horford,,,,missed,,running jump,26,15
Al Horford,Jamal Crawford,Joe Johnson,Josh Smith,Mike Bibby,Andre Miller,Brandon Roy,Greg Oden,LaMarcus Aldridge,Martell Webster,3,3:02,POR,rebound,,,,,,,,,,LaMarcus Aldridge,,,,,,def,,
Al Horford,Jamal Crawford,Joe Johnson,Josh Smith,Mike Bibby,Andre Miller,Brandon Roy,Greg Oden,LaMarcus Aldridge,Martell Webster,3,2:50,POR,turnover,,,,,,,,,,Greg Oden,,,lost ball,,Josh Smith,,,
Al Horford,Jamal Crawford,Joe Johnson,Josh Smith,Mike Bibby,Andre Miller,Brandon Roy,Greg Oden,LaMarcus Aldridge,Martell Webster,3,2:46,POR,violation,,,,,,,,,,Martell Webster,,,,,,defensive goaltending,,
Al Horford,Jamal Crawford,Joe Johnson,Josh Smith,Mike Bibby,Andre Miller,Brandon Roy,Greg Oden,LaMarcus Aldridge,Martell Webster,3,2:46,ATL,shot,Josh Smith,,,,,,,,,Jamal Crawford,2,,,made,,driving layup,25,6
Al Horford,Jamal Crawford,Joe Johnson,Josh Smith,Mike Bibby,Andre Miller,Brandon Roy,Greg Oden,LaMarcus Aldridge,Martell Webster,3,2:27,POR,shot,Andre Miller,,,,,,,,,Brandon Roy,3,,,made,,3pt,9,26
Al Horford,Jamal Crawford,Joe Johnson,Josh Smith,Mike Bibby,Andre Miller,Brandon Roy,Greg Oden,LaMarcus Aldridge,Martell Webster,3,2:16,ATL,shot,,,,,,,,,,Mike Bibby,2,,,made,,jump,45,13
Al Horford,Jamal Crawford,Joe Johnson,Josh Smith,Mike Bibby,Andre Miller,Brandon Roy,Greg Oden,LaMarcus Aldridge,Martell Webster,3,2:00,POR,shot,,,,,,,,,,Brandon Roy,,,,missed,,3pt,3,17
Al Horford,Jamal Crawford,Joe Johnson,Josh Smith,Mike Bibby,Andre Miller,Brandon Roy,Greg Oden,LaMarcus Aldridge,Martell Webster,3,1:57,POR,rebound,,,,,,,,,,Greg Oden,,,,,,off,,
Al Horford,Jamal Crawford,Joe Johnson,Josh Smith,Mike Bibby,Andre Miller,Brandon Roy,Greg Oden,LaMarcus Aldridge,Martell Webster,3,1:57,POR,shot,,,,,,,,,,Greg Oden,2,,,made,,layup,25,6
Al Horford,Jamal Crawford,Joe Johnson,Josh Smith,Mike Bibby,Andre Miller,Brandon Roy,Greg Oden,LaMarcus Aldridge,Martell Webster,3,1:40,ATL,shot,,,,,,,,,,Joe Johnson,2,,,made,,running jump,25,12
Al Horford,Jamal Crawford,Joe Johnson,Josh Smith,Mike Bibby,Andre Miller,Brandon Roy,Greg Oden,LaMarcus Aldridge,Martell Webster,3,1:16,POR,shot,,,,,,,,,,Brandon Roy,,,,missed,,driving layup,25,6
Al Horford,Jamal Crawford,Joe Johnson,Josh Smith,Mike Bibby,Andre Miller,Brandon Roy,Greg Oden,LaMarcus Aldridge,Martell Webster,3,1:14,ATL,rebound,,,,,,,,,,Joe Johnson,,,,,,def,,
Al Horford,Jamal Crawford,Joe Johnson,Josh Smith,Mike Bibby,Andre Miller,Brandon Roy,Greg Oden,LaMarcus Aldridge,Martell Webster,3,1:08,ATL,shot,,,,,,,,,,Mike Bibby,,,,missed,,3pt,48,17
Al Horford,Jamal Crawford,Joe Johnson,Josh Smith,Mike Bibby,Andre Miller,Brandon Roy,Greg Oden,LaMarcus Aldridge,Martell Webster,3,1:06,ATL,rebound,,,,,,,,,,Josh Smith,,,,,,off,,
Al Horford,Jamal Crawford,Joe Johnson,Josh Smith,Mike Bibby,Andre Miller,Brandon Roy,Greg Oden,LaMarcus Aldridge,Martell Webster,3,1:05,ATL,shot,,,,,,,,,,Josh Smith,2,,,made,,driving layup,25,6
Al Horford,Jamal Crawford,Joe Johnson,Josh Smith,Mike Bibby,Andre Miller,Brandon Roy,Greg Oden,LaMarcus Aldridge,Martell Webster,3,1:05,POR,foul,,,,,,,,Josh Smith,,Greg Oden,,,,,,shooting,,
Al Horford,Jamal Crawford,Joe Johnson,Josh Smith,Mike Bibby,Andre Miller,Brandon Roy,LaMarcus Aldridge,Martell Webster,Travis Outlaw,3,1:05,POR,sub,,,,Travis Outlaw,,Greg Oden,,,,,,,,,,,,
Al Horford,Jamal Crawford,Joe Johnson,Josh Smith,Marvin Williams,Andre Miller,Brandon Roy,LaMarcus Aldridge,Martell Webster,Travis Outlaw,3,1:05,ATL,sub,,,,Marvin Williams,,Mike Bibby,,,,,,,,,,,,
Jamal Crawford,Joe Johnson,Josh Smith,Marvin Williams,Zaza Pachulia,Andre Miller,Brandon Roy,LaMarcus Aldridge,Martell Webster,Travis Outlaw,3,1:05,ATL,sub,,,,Zaza Pachulia,,Al Horford,,,,,,,,,,,,
Jamal Crawford,Joe Johnson,Josh Smith,Marvin Williams,Zaza Pachulia,Andre Miller,Brandon Roy,LaMarcus Aldridge,Martell Webster,Travis Outlaw,3,1:05,ATL,free throw,,,,,,,1,,1,Josh Smith,,,foul,missed,,,,
Jamal Crawford,Joe Johnson,Josh Smith,Marvin Williams,Zaza Pachulia,Andre Miller,Brandon Roy,LaMarcus Aldridge,Martell Webster,Travis Outlaw,3,1:04,POR,rebound,,,,,,,,,,,,,,,,,,
Jamal Crawford,Joe Johnson,Josh Smith,Marvin Williams,Zaza Pachulia,Andre Miller,Brandon Roy,LaMarcus Aldridge,Martell Webster,Travis Outlaw,3,1:04,ATL,foul,,,,,,,,LaMarcus Aldridge,,Zaza Pachulia,,,,,,loose ball,,
Jamal Crawford,Joe Johnson,Josh Smith,Marvin Williams,Zaza Pachulia,Andre Miller,Brandon Roy,LaMarcus Aldridge,Martell Webster,Travis Outlaw,3,0:49,POR,shot,,,,,,,,,,Andre Miller,,,,missed,,jump,11,20
Jamal Crawford,Joe Johnson,Josh Smith,Marvin Williams,Zaza Pachulia,Andre Miller,Brandon Roy,LaMarcus Aldridge,Martell Webster,Travis Outlaw,3,0:48,ATL,rebound,,,,,,,,,,Jamal Crawford,,,,,,def,,
Jamal Crawford,Joe Johnson,Josh Smith,Marvin Williams,Zaza Pachulia,Andre Miller,Brandon Roy,LaMarcus Aldridge,Martell Webster,Travis Outlaw,3,0:44,ATL,shot,,,,,,,,,,Jamal Crawford,2,,,made,,driving layup,25,6
Jamal Crawford,Joe Johnson,Josh Smith,Marvin Williams,Zaza Pachulia,Andre Miller,Brandon Roy,LaMarcus Aldridge,Martell Webster,Travis Outlaw,3,0:31,POR,shot,,,,,,,,,,Travis Outlaw,,,,missed,,pullup jump,31,17
Jamal Crawford,Joe Johnson,Josh Smith,Marvin Williams,Zaza Pachulia,Andre Miller,Brandon Roy,LaMarcus Aldridge,Martell Webster,Travis Outlaw,3,0:29,ATL,rebound,,,,,,,,,,Josh Smith,,,,,,def,,
Jamal Crawford,Joe Johnson,Josh Smith,Marvin Williams,Zaza Pachulia,Andre Miller,Brandon Roy,LaMarcus Aldridge,Martell Webster,Travis Outlaw,3,0:06,ATL,shot,Jamal Crawford,,,,,,,,,Zaza Pachulia,2,,,made,,reverse layup,25,6
Jamal Crawford,Joe Johnson,Josh Smith,Marvin Williams,Zaza Pachulia,Andre Miller,Brandon Roy,LaMarcus Aldridge,Martell Webster,Travis Outlaw,3,0:00,POR,shot,,,,,,,,,,Brandon Roy,,,,missed,,3pt,30,33
Jamal Crawford,Joe Johnson,Josh Smith,Marvin Williams,Zaza Pachulia,Andre Miller,Brandon Roy,LaMarcus Aldridge,Martell Webster,Travis Outlaw,3,0:00,ATL,rebound,,,,,,,,,,Zaza Pachulia,,,,,,def,,
Jamal Crawford,Joe Johnson,Joe Smith,Marvin Williams,Zaza Pachulia,Andre Miller,LaMarcus Aldridge,Martell Webster,Rudy Fernandez,Travis Outlaw,4,11:45,ATL,shot,,,,,,,,,,Joe Johnson,2,,,made,,running hook,17,8
Jamal Crawford,Joe Johnson,Joe Smith,Marvin Williams,Zaza Pachulia,Andre Miller,LaMarcus Aldridge,Martell Webster,Rudy Fernandez,Travis Outlaw,4,11:18,POR,shot,,,,,,,,,,Andre Miller,,,,missed,,driving layup,25,6
Jamal Crawford,Joe Johnson,Joe Smith,Marvin Williams,Zaza Pachulia,Andre Miller,LaMarcus Aldridge,Martell Webster,Rudy Fernandez,Travis Outlaw,4,11:17,POR,rebound,,,,,,,,,,LaMarcus Aldridge,,,,,,off,,
Jamal Crawford,Joe Johnson,Joe Smith,Marvin Williams,Zaza Pachulia,Andre Miller,LaMarcus Aldridge,Martell Webster,Rudy Fernandez,Travis Outlaw,4,11:17,POR,shot,,,,,,,,,,LaMarcus Aldridge,,,,missed,,putback layup,25,6
Jamal Crawford,Joe Johnson,Joe Smith,Marvin Williams,Zaza Pachulia,Andre Miller,LaMarcus Aldridge,Martell Webster,Rudy Fernandez,Travis Outlaw,4,11:17,POR,rebound,,,,,,,,,,LaMarcus Aldridge,,,,,,off,,
Jamal Crawford,Joe Johnson,Joe Smith,Marvin Williams,Zaza Pachulia,Andre Miller,LaMarcus Aldridge,Martell Webster,Rudy Fernandez,Travis Outlaw,4,11:17,POR,shot,,,,,,,,,,LaMarcus Aldridge,2,,,made,,driving dunk,25,6
Jamal Crawford,Joe Johnson,Joe Smith,Marvin Williams,Zaza Pachulia,Andre Miller,LaMarcus Aldridge,Martell Webster,Rudy Fernandez,Travis Outlaw,4,11:00,ATL,shot,,,,,,,,,,Jamal Crawford,,,,missed,,jump,22,9
Jamal Crawford,Joe Johnson,Joe Smith,Marvin Williams,Zaza Pachulia,Andre Miller,LaMarcus Aldridge,Martell Webster,Rudy Fernandez,Travis Outlaw,4,10:58,ATL,rebound,,,,,,,,,,Joe Smith,,,,,,off,,
Jamal Crawford,Joe Johnson,Joe Smith,Marvin Williams,Zaza Pachulia,Andre Miller,LaMarcus Aldridge,Martell Webster,Rudy Fernandez,Travis Outlaw,4,10:55,ATL,shot,Jamal Crawford,,,,,,,,,Zaza Pachulia,2,,,made,,dunk,25,6
Jamal Crawford,Joe Johnson,Joe Smith,Marvin Williams,Zaza Pachulia,Andre Miller,LaMarcus Aldridge,Martell Webster,Rudy Fernandez,Travis Outlaw,4,10:35,ATL,foul,,,,,,,,Travis Outlaw,,Joe Smith,,,,,,shooting,,
Jamal Crawford,Joe Johnson,Joe Smith,Marvin Williams,Zaza Pachulia,Andre Miller,LaMarcus Aldridge,Martell Webster,Rudy Fernandez,Travis Outlaw,4,10:35,POR,free throw,,,,,,,1,,2,Travis Outlaw,,,foul,made,,,,
Jamal Crawford,Joe Johnson,Joe Smith,Marvin Williams,Zaza Pachulia,Andre Miller,Brandon Roy,LaMarcus Aldridge,Rudy Fernandez,Travis Outlaw,4,10:35,POR,sub,,,,Brandon Roy,,Martell Webster,,,,,,,,,,,,
Jamal Crawford,Joe Johnson,Joe Smith,Marvin Williams,Zaza Pachulia,Andre Miller,Brandon Roy,LaMarcus Aldridge,Rudy Fernandez,Travis Outlaw,4,10:35,POR,free throw,,,,,,,2,,2,Travis Outlaw,,,foul,made,,,,
Jamal Crawford,Joe Johnson,Joe Smith,Marvin Williams,Zaza Pachulia,Andre Miller,Brandon Roy,LaMarcus Aldridge,Rudy Fernandez,Travis Outlaw,4,10:11,ATL,shot,,,Travis Outlaw,,,,,,,Zaza Pachulia,,,,missed,,turnaround hook,30,6
Jamal Crawford,Joe Johnson,Joe Smith,Marvin Williams,Zaza Pachulia,Andre Miller,Brandon Roy,LaMarcus Aldridge,Rudy Fernandez,Travis Outlaw,4,10:08,ATL,rebound,,,,,,,,,,Joe Smith,,,,,,off,,
Jamal Crawford,Joe Johnson,Joe Smith,Marvin Williams,Zaza Pachulia,Andre Miller,Brandon Roy,LaMarcus Aldridge,Rudy Fernandez,Travis Outlaw,4,10:08,ATL,shot,,,,,,,,,,Joe Smith,2,,,made,,layup,25,6
Jamal Crawford,Joe Johnson,Joe Smith,Marvin Williams,Zaza Pachulia,Andre Miller,Brandon Roy,LaMarcus Aldridge,Rudy Fernandez,Travis Outlaw,4,9:50,POR,shot,Andre Miller,,,,,,,,,LaMarcus Aldridge,2,,,made,,dunk,25,6
Jamal Crawford,Joe Johnson,Joe Smith,Marvin Williams,Zaza Pachulia,Andre Miller,Brandon Roy,LaMarcus Aldridge,Rudy Fernandez,Travis Outlaw,4,9:31,ATL,shot,,,,,,,,,,Jamal Crawford,,,,missed,,pullup jump,31,21
Jamal Crawford,Joe Johnson,Joe Smith,Marvin Williams,Zaza Pachulia,Andre Miller,Brandon Roy,LaMarcus Aldridge,Rudy Fernandez,Travis Outlaw,4,9:31,POR,rebound,,,,,,,,,,LaMarcus Aldridge,,,,,,def,,
Jamal Crawford,Joe Johnson,Joe Smith,Marvin Williams,Zaza Pachulia,Andre Miller,Brandon Roy,LaMarcus Aldridge,Rudy Fernandez,Travis Outlaw,4,9:24,POR,shot,Andre Miller,,,,,,,,,Rudy Fernandez,3,,,made,,3pt,7,23
Jamal Crawford,Joe Johnson,Joe Smith,Marvin Williams,Zaza Pachulia,Andre Miller,Brandon Roy,LaMarcus Aldridge,Rudy Fernandez,Travis Outlaw,4,9:23,ATL,timeout,,,,,,,,,,,,,,,,regular,,
Jamal Crawford,Joe Johnson,Joe Smith,Josh Smith,Marvin Williams,Andre Miller,Brandon Roy,LaMarcus Aldridge,Rudy Fernandez,Travis Outlaw,4,9:23,ATL,sub,,,,Josh Smith,,Zaza Pachulia,,,,,,,,,,,,
Al Horford,Jamal Crawford,Joe Johnson,Josh Smith,Marvin Williams,Andre Miller,Brandon Roy,LaMarcus Aldridge,Rudy Fernandez,Travis Outlaw,4,9:23,ATL,sub,,,,Al Horford,,Joe Smith,,,,,,,,,,,,
Al Horford,Jamal Crawford,Joe Johnson,Josh Smith,Marvin Williams,Andre Miller,Brandon Roy,LaMarcus Aldridge,Rudy Fernandez,Travis Outlaw,4,9:02,ATL,shot,Jamal Crawford,,,,,,,,,Al Horford,2,,,made,,dunk,25,6
Al Horford,Jamal Crawford,Joe Johnson,Josh Smith,Marvin Williams,Andre Miller,Brandon Roy,LaMarcus Aldridge,Rudy Fernandez,Travis Outlaw,4,8:41,POR,turnover,,,,,,,,,,LaMarcus Aldridge,,,traveling,,,,,
Al Horford,Jamal Crawford,Joe Johnson,Josh Smith,Marvin Williams,Andre Miller,Brandon Roy,LaMarcus Aldridge,Rudy Fernandez,Travis Outlaw,4,8:25,ATL,shot,,,,,,,,,,Josh Smith,,,,missed,,jump,44,18
Al Horford,Jamal Crawford,Joe Johnson,Josh Smith,Marvin Williams,Andre Miller,Brandon Roy,LaMarcus Aldridge,Rudy Fernandez,Travis Outlaw,4,8:24,ATL,rebound,,,,,,,,,,Marvin Williams,,,,,,off,,
Al Horford,Jamal Crawford,Joe Johnson,Josh Smith,Marvin Williams,Andre Miller,Brandon Roy,LaMarcus Aldridge,Rudy Fernandez,Travis Outlaw,4,8:14,ATL,turnover,,,,,,,,,,Joe Johnson,,,bad pass,,,,,
Al Horford,Jamal Crawford,Joe Johnson,Josh Smith,Marvin Williams,Andre Miller,Brandon Roy,LaMarcus Aldridge,Rudy Fernandez,Travis Outlaw,4,7:57,POR,turnover,,,,,,,,,,Brandon Roy,,,palming turnover,,,,,
Al Horford,Jamal Crawford,Joe Johnson,Josh Smith,Marvin Williams,Andre Miller,Brandon Roy,LaMarcus Aldridge,Rudy Fernandez,Travis Outlaw,4,7:44,ATL,turnover,,,,,,,,,,Al Horford,,,bad pass,,,,,
Al Horford,Jamal Crawford,Joe Johnson,Josh Smith,Marvin Williams,Andre Miller,Brandon Roy,LaMarcus Aldridge,Rudy Fernandez,Travis Outlaw,4,7:28,POR,shot,,,,,,,,,,Brandon Roy,2,,,made,,step back jump,36,21
Al Horford,Jamal Crawford,Joe Johnson,Josh Smith,Marvin Williams,Andre Miller,Brandon Roy,LaMarcus Aldridge,Rudy Fernandez,Travis Outlaw,4,7:10,ATL,shot,,,,,,,,,,Josh Smith,2,,,made,,driving reverse layup,25,6
Al Horford,Jamal Crawford,Joe Johnson,Josh Smith,Marvin Williams,Andre Miller,Brandon Roy,LaMarcus Aldridge,Rudy Fernandez,Travis Outlaw,4,6:55,POR,shot,,,Al Horford,,,,,,,Brandon Roy,,,,missed,,driving layup,25,6
Al Horford,Jamal Crawford,Joe Johnson,Josh Smith,Marvin Williams,Andre Miller,Brandon Roy,LaMarcus Aldridge,Rudy Fernandez,Travis Outlaw,4,6:53,ATL,rebound,,,,,,,,,,Joe Johnson,,,,,,def,,
Al Horford,Jamal Crawford,Joe Johnson,Josh Smith,Marvin Williams,Andre Miller,Brandon Roy,LaMarcus Aldridge,Rudy Fernandez,Travis Outlaw,4,6:50,ATL,shot,Joe Johnson,,,,,,,,,Jamal Crawford,2,,,made,,driving layup,25,6
Al Horford,Jamal Crawford,Joe Johnson,Josh Smith,Marvin Williams,Andre Miller,Brandon Roy,LaMarcus Aldridge,Rudy Fernandez,Travis Outlaw,4,6:27,POR,shot,,,,,,,,,,LaMarcus Aldridge,,,,missed,,driving hook,22,10
Al Horford,Jamal Crawford,Joe Johnson,Josh Smith,Marvin Williams,Andre Miller,Brandon Roy,LaMarcus Aldridge,Rudy Fernandez,Travis Outlaw,4,6:26,ATL,rebound,,,,,,,,,,Josh Smith,,,,,,def,,
Al Horford,Jamal Crawford,Joe Johnson,Josh Smith,Marvin Williams,Andre Miller,Brandon Roy,LaMarcus Aldridge,Rudy Fernandez,Travis Outlaw,4,6:13,ATL,shot,,,,,,,,,,Joe Johnson,,,,missed,,3pt,47,13
Al Horford,Jamal Crawford,Joe Johnson,Josh Smith,Marvin Williams,Andre Miller,Brandon Roy,LaMarcus Aldridge,Rudy Fernandez,Travis Outlaw,4,6:13,POR,rebound,,,,,,,,,,LaMarcus Aldridge,,,,,,def,,
Al Horford,Jamal Crawford,Joe Johnson,Josh Smith,Marvin Williams,Andre Miller,Brandon Roy,LaMarcus Aldridge,Rudy Fernandez,Travis Outlaw,4,6:06,POR,shot,,,Marvin Williams,,,,,,,Andre Miller,,,,missed,,layup,25,6
Al Horford,Jamal Crawford,Joe Johnson,Josh Smith,Marvin Williams,Andre Miller,Brandon Roy,LaMarcus Aldridge,Rudy Fernandez,Travis Outlaw,4,6:04,ATL,rebound,,,,,,,,,,Josh Smith,,,,,,def,,
Al Horford,Jamal Crawford,Joe Johnson,Josh Smith,Marvin Williams,Andre Miller,Brandon Roy,LaMarcus Aldridge,Rudy Fernandez,Travis Outlaw,4,6:01,ATL,shot,Jamal Crawford,,,,,,,,,Al Horford,2,,,made,,layup,25,6
Al Horford,Jamal Crawford,Joe Johnson,Josh Smith,Marvin Williams,Andre Miller,Brandon Roy,LaMarcus Aldridge,Rudy Fernandez,Travis Outlaw,4,6:00,POR,timeout,,,,,,,,,,,,,,,,regular,,
Al Horford,Jamal Crawford,Joe Johnson,Josh Smith,Marvin Williams,Andre Miller,Brandon Roy,Greg Oden,Rudy Fernandez,Travis Outlaw,4,6:00,POR,sub,,,,Greg Oden,,LaMarcus Aldridge,,,,,,,,,,,,
Al Horford,Jamal Crawford,Joe Johnson,Josh Smith,Marvin Williams,Andre Miller,Brandon Roy,Greg Oden,Rudy Fernandez,Travis Outlaw,4,5:42,POR,shot,Rudy Fernandez,,,,,,,,,Travis Outlaw,2,,,made,,jump,11,22
Al Horford,Jamal Crawford,Joe Johnson,Josh Smith,Marvin Williams,Andre Miller,Brandon Roy,Greg Oden,Rudy Fernandez,Travis Outlaw,4,5:17,ATL,shot,,,Travis Outlaw,,,,,,,Joe Johnson,,,,missed,,driving layup,25,6
Al Horford,Jamal Crawford,Joe Johnson,Josh Smith,Marvin Williams,Andre Miller,Brandon Roy,Greg Oden,Rudy Fernandez,Travis Outlaw,4,5:16,ATL,rebound,,,,,,,,,,Al Horford,,,,,,off,,
Al Horford,Jamal Crawford,Joe Johnson,Josh Smith,Marvin Williams,Andre Miller,Brandon Roy,Greg Oden,Rudy Fernandez,Travis Outlaw,4,5:15,ATL,shot,,,,,,,,,,Al Horford,,,,missed,,layup,25,6
Al Horford,Jamal Crawford,Joe Johnson,Josh Smith,Marvin Williams,Andre Miller,Brandon Roy,Greg Oden,Rudy Fernandez,Travis Outlaw,4,5:13,POR,rebound,,,,,,,,,,Greg Oden,,,,,,def,,
Al Horford,Jamal Crawford,Joe Johnson,Josh Smith,Marvin Williams,Andre Miller,Brandon Roy,Greg Oden,Rudy Fernandez,Travis Outlaw,4,5:02,POR,shot,Brandon Roy,,,,,,,,,Travis Outlaw,3,,,made,,3pt,2,9
Al Horford,Jamal Crawford,Joe Johnson,Josh Smith,Marvin Williams,Andre Miller,Brandon Roy,Greg Oden,Rudy Fernandez,Travis Outlaw,4,4:42,ATL,shot,,,,,,,,,,Al Horford,,,,missed,,jump,19,19
Al Horford,Jamal Crawford,Joe Johnson,Josh Smith,Marvin Williams,Andre Miller,Brandon Roy,Greg Oden,Rudy Fernandez,Travis Outlaw,4,4:41,POR,rebound,,,,,,,,,,Travis Outlaw,,,,,,def,,
Al Horford,Jamal Crawford,Joe Johnson,Josh Smith,Marvin Williams,Andre Miller,Brandon Roy,Greg Oden,Rudy Fernandez,Travis Outlaw,4,4:26,POR,shot,,,,,,,,,,Rudy Fernandez,,,,missed,,3pt,14,29
Al Horford,Jamal Crawford,Joe Johnson,Josh Smith,Marvin Williams,Andre Miller,Brandon Roy,Greg Oden,Rudy Fernandez,Travis Outlaw,4,4:25,ATL,rebound,,,,,,,,,,,,,,,,,,
Al Horford,Jamal Crawford,Joe Johnson,Josh Smith,Marvin Williams,Andre Miller,Brandon Roy,Greg Oden,Rudy Fernandez,Travis Outlaw,4,4:25,POR,foul,,,,,,,,Josh Smith,,Greg Oden,,,,,,loose ball,,
Al Horford,Jamal Crawford,Joe Johnson,Josh Smith,Marvin Williams,Brandon Roy,Greg Oden,Rudy Fernandez,Steve Blake,Travis Outlaw,4,4:25,POR,sub,,,,Steve Blake,,Andre Miller,,,,,,,,,,,,
Al Horford,Jamal Crawford,Joe Johnson,Josh Smith,Marvin Williams,Brandon Roy,Greg Oden,Rudy Fernandez,Steve Blake,Travis Outlaw,4,4:25,ATL,timeout,,,,,,,,,,,,,,,,short,,
Al Horford,Jamal Crawford,Joe Johnson,Josh Smith,Marvin Williams,Brandon Roy,LaMarcus Aldridge,Rudy Fernandez,Steve Blake,Travis Outlaw,4,4:25,POR,sub,,,,LaMarcus Aldridge,,Greg Oden,,,,,,,,,,,,
Al Horford,Jamal Crawford,Joe Johnson,Josh Smith,Mike Bibby,Brandon Roy,LaMarcus Aldridge,Rudy Fernandez,Steve Blake,Travis Outlaw,4,4:25,ATL,sub,,,,Mike Bibby,,Marvin Williams,,,,,,,,,,,,
Al Horford,Jamal Crawford,Joe Johnson,Josh Smith,Mike Bibby,Brandon Roy,LaMarcus Aldridge,Martell Webster,Steve Blake,Travis Outlaw,4,4:25,POR,sub,,,,Martell Webster,,Rudy Fernandez,,,,,,,,,,,,
Al Horford,Jamal Crawford,Joe Johnson,Josh Smith,Mike Bibby,Brandon Roy,LaMarcus Aldridge,Martell Webster,Steve Blake,Travis Outlaw,4,4:01,ATL,shot,,,,,,,,,,Jamal Crawford,2,,,made,,jump,20,28
Al Horford,Jamal Crawford,Joe Johnson,Josh Smith,Mike Bibby,Brandon Roy,LaMarcus Aldridge,Martell Webster,Steve Blake,Travis Outlaw,4,3:44,ATL,foul,,,,,,,,Brandon Roy,,Joe Johnson,,,,,,personal,,
Al Horford,Jamal Crawford,Joe Johnson,Josh Smith,Mike Bibby,Brandon Roy,LaMarcus Aldridge,Martell Webster,Steve Blake,Travis Outlaw,4,3:34,POR,shot,,,,,,,,,,LaMarcus Aldridge,,,,missed,,jump,39,10
Al Horford,Jamal Crawford,Joe Johnson,Josh Smith,Mike Bibby,Brandon Roy,LaMarcus Aldridge,Martell Webster,Steve Blake,Travis Outlaw,4,3:33,POR,rebound,,,,,,,,,,Travis Outlaw,,,,,,off,,
Al Horford,Jamal Crawford,Joe Johnson,Josh Smith,Mike Bibby,Brandon Roy,LaMarcus Aldridge,Martell Webster,Steve Blake,Travis Outlaw,4,3:33,POR,shot,,,,,,,,,,Travis Outlaw,,,,missed,,tip,25,6
Al Horford,Jamal Crawford,Joe Johnson,Josh Smith,Mike Bibby,Brandon Roy,LaMarcus Aldridge,Martell Webster,Steve Blake,Travis Outlaw,4,3:31,ATL,rebound,,,,,,,,,,Al Horford,,,,,,def,,
Al Horford,Jamal Crawford,Joe Johnson,Josh Smith,Mike Bibby,Brandon Roy,LaMarcus Aldridge,Martell Webster,Steve Blake,Travis Outlaw,4,3:14,ATL,shot,,,,,,,,,,Josh Smith,,,,missed,,turnaround hook,27,11
Al Horford,Jamal Crawford,Joe Johnson,Josh Smith,Mike Bibby,Brandon Roy,LaMarcus Aldridge,Martell Webster,Steve Blake,Travis Outlaw,4,3:14,POR,rebound,,,,,,,,,,LaMarcus Aldridge,,,,,,def,,
Al Horford,Jamal Crawford,Joe Johnson,Josh Smith,Mike Bibby,Brandon Roy,LaMarcus Aldridge,Martell Webster,Steve Blake,Travis Outlaw,4,3:02,ATL,foul,,,,,,,,LaMarcus Aldridge,,Joe Johnson,,,,,,personal,,
Al Horford,Jamal Crawford,Joe Johnson,Josh Smith,Mike Bibby,Brandon Roy,Greg Oden,LaMarcus Aldridge,Steve Blake,Travis Outlaw,4,3:02,POR,sub,,,,Greg Oden,,Martell Webster,,,,,,,,,,,,
Al Horford,Jamal Crawford,Joe Johnson,Josh Smith,Mike Bibby,Brandon Roy,Greg Oden,LaMarcus Aldridge,Steve Blake,Travis Outlaw,4,2:52,POR,shot,,,Josh Smith,,,,,,,Greg Oden,,,,missed,,layup,25,6
Al Horford,Jamal Crawford,Joe Johnson,Josh Smith,Mike Bibby,Brandon Roy,Greg Oden,LaMarcus Aldridge,Steve Blake,Travis Outlaw,4,2:50,POR,rebound,,,,,,,,,,LaMarcus Aldridge,,,,,,off,,
Al Horford,Jamal Crawford,Joe Johnson,Josh Smith,Mike Bibby,Brandon Roy,Greg Oden,LaMarcus Aldridge,Steve Blake,Travis Outlaw,4,2:47,POR,shot,,,Joe Johnson,,,,,,,Travis Outlaw,,,,missed,,layup,25,6
Al Horford,Jamal Crawford,Joe Johnson,Josh Smith,Mike Bibby,Brandon Roy,Greg Oden,LaMarcus Aldridge,Steve Blake,Travis Outlaw,4,2:47,POR,rebound,,,,,,,,,,,,,,,,,,
Al Horford,Jamal Crawford,Joe Johnson,Josh Smith,Mike Bibby,Brandon Roy,Greg Oden,LaMarcus Aldridge,Steve Blake,Travis Outlaw,4,2:47,POR,turnover,,,,,,,,,,,,,shot clock turnover,,,,,
Al Horford,Jamal Crawford,Joe Johnson,Josh Smith,Mike Bibby,Brandon Roy,Greg Oden,LaMarcus Aldridge,Steve Blake,Travis Outlaw,4,2:47,ATL,timeout,,,,,,,,,,,,,,,,official,,
Al Horford,Jamal Crawford,Joe Johnson,Josh Smith,Mike Bibby,Andre Miller,Brandon Roy,Greg Oden,LaMarcus Aldridge,Travis Outlaw,4,2:47,POR,sub,,,,Andre Miller,,Steve Blake,,,,,,,,,,,,
Al Horford,Jamal Crawford,Joe Johnson,Josh Smith,Mike Bibby,Andre Miller,Brandon Roy,Greg Oden,LaMarcus Aldridge,Travis Outlaw,4,2:30,ATL,shot,,,,,,,,,,Mike Bibby,,,,missed,,jump,46,6
Al Horford,Jamal Crawford,Joe Johnson,Josh Smith,Mike Bibby,Andre Miller,Brandon Roy,Greg Oden,LaMarcus Aldridge,Travis Outlaw,4,2:30,POR,rebound,,,,,,,,,,Brandon Roy,,,,,,def,,
Al Horford,Jamal Crawford,Joe Johnson,Josh Smith,Mike Bibby,Andre Miller,Brandon Roy,Greg Oden,LaMarcus Aldridge,Travis Outlaw,4,2:09,POR,shot,,,,,,,,,,Travis Outlaw,2,,,made,,step back jump,24,23
Al Horford,Jamal Crawford,Joe Johnson,Josh Smith,Mike Bibby,Andre Miller,Brandon Roy,Greg Oden,LaMarcus Aldridge,Travis Outlaw,4,1:53,ATL,shot,Mike Bibby,,,,,,,,,Joe Johnson,3,,,made,,3pt,35,28
Al Horford,Jamal Crawford,Joe Johnson,Josh Smith,Mike Bibby,Andre Miller,Brandon Roy,Greg Oden,LaMarcus Aldridge,Travis Outlaw,4,1:42,ATL,foul,,,,,,,,Andre Miller,,Mike Bibby,,,,,,shooting,,
Al Horford,Jamal Crawford,Joe Johnson,Josh Smith,Mike Bibby,Andre Miller,Brandon Roy,Greg Oden,LaMarcus Aldridge,Travis Outlaw,4,1:42,POR,free throw,,,,,,,1,,2,Andre Miller,,,foul,made,,,,
Al Horford,Jamal Crawford,Joe Johnson,Josh Smith,Mike Bibby,Andre Miller,Brandon Roy,Greg Oden,LaMarcus Aldridge,Travis Outlaw,4,1:42,POR,free throw,,,,,,,2,,2,Andre Miller,,,foul,made,,,,
Al Horford,Jamal Crawford,Joe Johnson,Josh Smith,Mike Bibby,Andre Miller,Brandon Roy,Greg Oden,LaMarcus Aldridge,Travis Outlaw,4,1:30,ATL,shot,,,,,,,,,,Joe Johnson,2,,,made,,pullup jump,16,23
Al Horford,Jamal Crawford,Joe Johnson,Josh Smith,Mike Bibby,Andre Miller,Brandon Roy,Greg Oden,LaMarcus Aldridge,Travis Outlaw,4,1:11,POR,shot,,,,,,,,,,Travis Outlaw,,,,missed,,pullup jump,31,19
Al Horford,Jamal Crawford,Joe Johnson,Josh Smith,Mike Bibby,Andre Miller,Brandon Roy,Greg Oden,LaMarcus Aldridge,Travis Outlaw,4,1:10,ATL,rebound,,,,,,,,,,Mike Bibby,,,,,,def,,
Al Horford,Jamal Crawford,Joe Johnson,Josh Smith,Mike Bibby,Andre Miller,Brandon Roy,Greg Oden,LaMarcus Aldridge,Travis Outlaw,4,1:07,ATL,turnover,,,,,,,,,,Mike Bibby,,,bad pass,,Travis Outlaw,,,
Al Horford,Jamal Crawford,Joe Johnson,Josh Smith,Mike Bibby,Andre Miller,Brandon Roy,Greg Oden,LaMarcus Aldridge,Travis Outlaw,4,1:01,POR,shot,,,,,,,,,,Andre Miller,,,,missed,,driving layup,25,6
Al Horford,Jamal Crawford,Joe Johnson,Josh Smith,Mike Bibby,Andre Miller,Brandon Roy,Greg Oden,LaMarcus Aldridge,Travis Outlaw,4,1:00,ATL,rebound,,,,,,,,,,Josh Smith,,,,,,def,,
Al Horford,Jamal Crawford,Joe Johnson,Josh Smith,Mike Bibby,Andre Miller,Brandon Roy,Greg Oden,LaMarcus Aldridge,Travis Outlaw,4,0:56,ATL,shot,Jamal Crawford,,,,,,,,,Al Horford,2,,,made,,dunk,25,6
Al Horford,Jamal Crawford,Joe Johnson,Josh Smith,Mike Bibby,Andre Miller,Brandon Roy,Greg Oden,LaMarcus Aldridge,Travis Outlaw,4,0:56,POR,timeout,,,,,,,,,,,,,,,,regular,,
Al Horford,Jamal Crawford,Joe Johnson,Josh Smith,Mike Bibby,Andre Miller,Brandon Roy,LaMarcus Aldridge,Steve Blake,Travis Outlaw,4,0:56,POR,sub,,,,Steve Blake,,Greg Oden,,,,,,,,,,,,
Al Horford,Jamal Crawford,Joe Johnson,Josh Smith,Mike Bibby,Brandon Roy,LaMarcus Aldridge,Rudy Fernandez,Steve Blake,Travis Outlaw,4,0:56,POR,sub,,,,Rudy Fernandez,,Andre Miller,,,,,,,,,,,,
Al Horford,Jamal Crawford,Joe Johnson,Josh Smith,Mike Bibby,Brandon Roy,LaMarcus Aldridge,Rudy Fernandez,Steve Blake,Travis Outlaw,4,0:48,POR,shot,Brandon Roy,,,,,,,,,Travis Outlaw,2,,,made,,driving layup,25,6
Al Horford,Jamal Crawford,Joe Johnson,Josh Smith,Mike Bibby,Brandon Roy,LaMarcus Aldridge,Rudy Fernandez,Steve Blake,Travis Outlaw,4,0:24,ATL,shot,,,,,,,,,,Jamal Crawford,,,,missed,,3pt,48,6
Al Horford,Jamal Crawford,Joe Johnson,Josh Smith,Mike Bibby,Brandon Roy,LaMarcus Aldridge,Rudy Fernandez,Steve Blake,Travis Outlaw,4,0:24,ATL,rebound,,,,,,,,,,,,,,,,,,
Al Horford,Jamal Crawford,Joe Johnson,Josh Smith,Mike Bibby,Brandon Roy,LaMarcus Aldridge,Rudy Fernandez,Steve Blake,Travis Outlaw,4,0:24,ATL,turnover,,,,,,,,,,,,,shot clock turnover,,,,,
Al Horford,Jamal Crawford,Joe Johnson,Josh Smith,Mike Bibby,Brandon Roy,LaMarcus Aldridge,Rudy Fernandez,Steve Blake,Travis Outlaw,4,0:24,POR,timeout,,,,,,,,,,,,,,,,short,,
Al Horford,Jamal Crawford,Joe Johnson,Josh Smith,Mike Bibby,Brandon Roy,LaMarcus Aldridge,Rudy Fernandez,Steve Blake,Travis Outlaw,4,0:15,POR,shot,,,,,,,,,,Steve Blake,,,,missed,,3pt,48,8
Al Horford,Jamal Crawford,Joe Johnson,Josh Smith,Mike Bibby,Brandon Roy,LaMarcus Aldridge,Rudy Fernandez,Steve Blake,Travis Outlaw,4,0:14,ATL,rebound,,,,,,,,,,Al Horford,,,,,,def,,
Al Horford,Jamal Crawford,Joe Johnson,Josh Smith,Mike Bibby,Brandon Roy,LaMarcus Aldridge,Rudy Fernandez,Steve Blake,Travis Outlaw,4,0:14,POR,foul,,,,,,,,Al Horford,,LaMarcus Aldridge,,,,,,personal,,
Al Horford,Jamal Crawford,Joe Johnson,Josh Smith,Mike Bibby,Brandon Roy,LaMarcus Aldridge,Rudy Fernandez,Steve Blake,Travis Outlaw,4,0:14,ATL,timeout,,,,,,,,,,,,,,,,short,,
Al Horford,Jamal Crawford,Joe Johnson,Marvin Williams,Mike Bibby,Brandon Roy,LaMarcus Aldridge,Rudy Fernandez,Steve Blake,Travis Outlaw,4,0:14,ATL,sub,,,,Marvin Williams,,Josh Smith,,,,,,,,,,,,
Al Horford,Jamal Crawford,Joe Johnson,Marvin Williams,Mike Bibby,Brandon Roy,LaMarcus Aldridge,Rudy Fernandez,Steve Blake,Travis Outlaw,4,0:13,POR,foul,,,,,,,,Jamal Crawford,,Rudy Fernandez,,,,,,personal,,
Al Horford,Jamal Crawford,Joe Johnson,Marvin Williams,Mike Bibby,Brandon Roy,LaMarcus Aldridge,Rudy Fernandez,Steve Blake,Travis Outlaw,4,0:13,ATL,free throw,,,,,,,1,,2,Jamal Crawford,,,foul,made,,,,
Al Horford,Jamal Crawford,Joe Johnson,Marvin Williams,Maurice Evans,Brandon Roy,LaMarcus Aldridge,Rudy Fernandez,Steve Blake,Travis Outlaw,4,0:13,ATL,sub,,,,Maurice Evans,,Mike Bibby,,,,,,,,,,,,
Al Horford,Jamal Crawford,Joe Johnson,Josh Smith,Maurice Evans,Brandon Roy,LaMarcus Aldridge,Rudy Fernandez,Steve Blake,Travis Outlaw,4,0:13,ATL,sub,,,,Josh Smith,,Marvin Williams,,,,,,,,,,,,
Al Horford,Jamal Crawford,Joe Johnson,Josh Smith,Maurice Evans,Brandon Roy,LaMarcus Aldridge,Rudy Fernandez,Steve Blake,Travis Outlaw,4,0:13,ATL,free throw,,,,,,,2,,2,Jamal Crawford,,,foul,made,,,,
Al Horford,Jamal Crawford,Joe Johnson,Josh Smith,Maurice Evans,Brandon Roy,LaMarcus Aldridge,Rudy Fernandez,Steve Blake,Travis Outlaw,4,0:13,POR,timeout,,,,,,,,,,,,,,,,short,,
Al Horford,Jamal Crawford,Joe Johnson,Josh Smith,Maurice Evans,Brandon Roy,LaMarcus Aldridge,Martell Webster,Rudy Fernandez,Travis Outlaw,4,0:13,POR,sub,,,,Martell Webster,,Steve Blake,,,,,,,,,,,,
Al Horford,Jamal Crawford,Joe Johnson,Josh Smith,Maurice Evans,Brandon Roy,LaMarcus Aldridge,Martell Webster,Rudy Fernandez,Travis Outlaw,4,0:09,POR,shot,,,,,,,,,,Martell Webster,,,,missed,,3pt,33,30
Al Horford,Jamal Crawford,Joe Johnson,Josh Smith,Maurice Evans,Brandon Roy,LaMarcus Aldridge,Martell Webster,Rudy Fernandez,Travis Outlaw,4,0:09,ATL,rebound,,,,,,,,,,Al Horford,,,,,,def,,
Al Horford,Jamal Crawford,Joe Johnson,Josh Smith,Maurice Evans,Brandon Roy,LaMarcus Aldridge,Martell Webster,Rudy Fernandez,Travis Outlaw,4,0:03,ATL,turnover,,,,,,,,,,Joe Johnson,,,bad pass,,Martell Webster,,,
Al Horford,Jamal Crawford,Joe Johnson,Josh Smith,Maurice Evans,Brandon Roy,LaMarcus Aldridge,Martell Webster,Rudy Fernandez,Travis Outlaw,4,0:00,POR,shot,,,,,,,,,,Brandon Roy,,,,missed,,3pt,4,18
Al Horford,Jamal Crawford,Joe Johnson,Josh Smith,Maurice Evans,Brandon Roy,LaMarcus Aldridge,Martell Webster,Rudy Fernandez,Travis Outlaw,4,0:00,POR,rebound,,,,,,,,,,,,,,,,,,
