a1,a2,a3,a4,a5,h1,h2,h3,h4,h5,period,time,team,etype,assist,away,block,entered,home,left,num,opponent,outof,player,points,possession,reason,result,steal,type,x,y
Brandon Rush,Dahntay Jones,Danny Granger,Roy Hibbert,T.J. Ford,Chris Duhon,Danilo Gallinari,David Lee,Larry Hughes,Wilson Chandler,1,12:00,OFF,jump ball,,Roy Hibbert,,,David Lee,,,,,,,Indiana,,,,,,
Brandon Rush,Dahntay Jones,Danny Granger,Roy Hibbert,T.J. Ford,Chris Duhon,Danilo Gallinari,David Lee,Larry Hughes,Wilson Chandler,1,11:42,IND,shot,,,,,,,,,,Dahntay Jones,2,,,made,,jump,33,23
Brandon Rush,Dahntay Jones,Danny Granger,Roy Hibbert,T.J. Ford,Chris Duhon,Danilo Gallinari,David Lee,Larry Hughes,Wilson Chandler,1,11:24,NYK,shot,,,,,,,,,,Larry Hughes,,,,missed,,jump,40,10
Brandon Rush,Dahntay Jones,Danny Granger,Roy Hibbert,T.J. Ford,Chris Duhon,Danilo Gallinari,David Lee,Larry Hughes,Wilson Chandler,1,11:22,IND,rebound,,,,,,,,,,Roy Hibbert,,,,,,def,,
Brandon Rush,Dahntay Jones,Danny Granger,Roy Hibbert,T.J. Ford,Chris Duhon,Danilo Gallinari,David Lee,Larry Hughes,Wilson Chandler,1,11:12,IND,shot,,,,,,,,,,T.J. Ford,,,,missed,,3pt,17,31
Brandon Rush,Dahntay Jones,Danny Granger,Roy Hibbert,T.J. Ford,Chris Duhon,Danilo Gallinari,David Lee,Larry Hughes,Wilson Chandler,1,11:10,NYK,rebound,,,,,,,,,,David Lee,,,,,,def,,
Brandon Rush,Dahntay Jones,Danny Granger,Roy Hibbert,T.J. Ford,Chris Duhon,Danilo Gallinari,David Lee,Larry Hughes,Wilson Chandler,1,11:06,NYK,shot,,,,,,,,,,Danilo Gallinari,,,,missed,,layup,25,6
Brandon Rush,Dahntay Jones,Danny Granger,Roy Hibbert,T.J. Ford,Chris Duhon,Danilo Gallinari,David Lee,Larry Hughes,Wilson Chandler,1,11:04,NYK,rebound,,,,,,,,,,Danilo Gallinari,,,,,,off,,
Brandon Rush,Dahntay Jones,Danny Granger,Roy Hibbert,T.J. Ford,Chris Duhon,Danilo Gallinari,David Lee,Larry Hughes,Wilson Chandler,1,11:04,NYK,shot,,,,,,,,,,Danilo Gallinari,2,,,made,,tip,25,6
Brandon Rush,Dahntay Jones,Danny Granger,Roy Hibbert,T.J. Ford,Chris Duhon,Danilo Gallinari,David Lee,Larry Hughes,Wilson Chandler,1,10:52,IND,shot,,,,,,,,,,T.J. Ford,,,,missed,,layup,25,6
Brandon Rush,Dahntay Jones,Danny Granger,Roy Hibbert,T.J. Ford,Chris Duhon,Danilo Gallinari,David Lee,Larry Hughes,Wilson Chandler,1,10:51,IND,rebound,,,,,,,,,,Roy Hibbert,,,,,,off,,
Brandon Rush,Dahntay Jones,Danny Granger,Roy Hibbert,T.J. Ford,Chris Duhon,Danilo Gallinari,David Lee,Larry Hughes,Wilson Chandler,1,10:48,IND,turnover,,,,,,,,,,Roy Hibbert,,,lost ball,,David Lee,,,
Brandon Rush,Dahntay Jones,Danny Granger,Roy Hibbert,T.J. Ford,Chris Duhon,Danilo Gallinari,David Lee,Larry Hughes,Wilson Chandler,1,10:37,NYK,shot,,,,,,,,,,Larry Hughes,,,,missed,,3pt,27,33
Brandon Rush,Dahntay Jones,Danny Granger,Roy Hibbert,T.J. Ford,Chris Duhon,Danilo Gallinari,David Lee,Larry Hughes,Wilson Chandler,1,10:35,NYK,rebound,,,,,,,,,,David Lee,,,,,,off,,
Brandon Rush,Dahntay Jones,Danny Granger,Roy Hibbert,T.J. Ford,Chris Duhon,Danilo Gallinari,David Lee,Larry Hughes,Wilson Chandler,1,10:33,IND,foul,,,,,,,,David Lee,,Dahntay Jones,,,,,,shooting,,
Brandon Rush,Dahntay Jones,Danny Granger,Roy Hibbert,T.J. Ford,Chris Duhon,Danilo Gallinari,David Lee,Larry Hughes,Wilson Chandler,1,10:33,NYK,free throw,,,,,,,1,,2,David Lee,,,foul,made,,,,
Brandon Rush,Dahntay Jones,Danny Granger,Roy Hibbert,T.J. Ford,Chris Duhon,Danilo Gallinari,David Lee,Larry Hughes,Wilson Chandler,1,10:33,NYK,free throw,,,,,,,2,,2,David Lee,,,foul,made,,,,
Brandon Rush,Dahntay Jones,Danny Granger,Roy Hibbert,T.J. Ford,Chris Duhon,Danilo Gallinari,David Lee,Larry Hughes,Wilson Chandler,1,10:17,IND,shot,,,,,,,,,,Roy Hibbert,2,,,made,,jump hook,26,13
Brandon Rush,Dahntay Jones,Danny Granger,Roy Hibbert,T.J. Ford,Chris Duhon,Danilo Gallinari,David Lee,Larry Hughes,Wilson Chandler,1,10:04,NYK,shot,,,Roy Hibbert,,,,,,,Larry Hughes,,,,missed,,layup,25,6
Brandon Rush,Dahntay Jones,Danny Granger,Roy Hibbert,T.J. Ford,Chris Duhon,Danilo Gallinari,David Lee,Larry Hughes,Wilson Chandler,1,10:03,IND,rebound,,,,,,,,,,Roy Hibbert,,,,,,def,,
Brandon Rush,Dahntay Jones,Danny Granger,Roy Hibbert,T.J. Ford,Chris Duhon,Danilo Gallinari,David Lee,Larry Hughes,Wilson Chandler,1,9:55,IND,turnover,,,,,,,,,,Danny Granger,,,out of bounds lost ball turnover,,,,,
Brandon Rush,Dahntay Jones,Danny Granger,Roy Hibbert,T.J. Ford,Chris Duhon,Danilo Gallinari,David Lee,Larry Hughes,Wilson Chandler,1,9:44,NYK,shot,,,,,,,,,,David Lee,,,,missed,,jump,8,14
Brandon Rush,Dahntay Jones,Danny Granger,Roy Hibbert,T.J. Ford,Chris Duhon,Danilo Gallinari,David Lee,Larry Hughes,Wilson Chandler,1,9:43,IND,rebound,,,,,,,,,,Danny Granger,,,,,,def,,
Brandon Rush,Dahntay Jones,Danny Granger,Roy Hibbert,T.J. Ford,Chris Duhon,Danilo Gallinari,David Lee,Larry Hughes,Wilson Chandler,1,9:32,IND,shot,,,Wilson Chandler,,,,,,,Roy Hibbert,,,,missed,,layup,25,6
Brandon Rush,Dahntay Jones,Danny Granger,Roy Hibbert,T.J. Ford,Chris Duhon,Danilo Gallinari,David Lee,Larry Hughes,Wilson Chandler,1,9:31,IND,rebound,,,,,,,,,,T.J. Ford,,,,,,off,,
Brandon Rush,Dahntay Jones,Danny Granger,Roy Hibbert,T.J. Ford,Chris Duhon,Danilo Gallinari,David Lee,Larry Hughes,Wilson Chandler,1,9:30,IND,shot,,,,,,,,,,T.J. Ford,,,,missed,,layup,25,6
Brandon Rush,Dahntay Jones,Danny Granger,Roy Hibbert,T.J. Ford,Chris Duhon,Danilo Gallinari,David Lee,Larry Hughes,Wilson Chandler,1,9:29,NYK,rebound,,,,,,,,,,Larry Hughes,,,,,,def,,
Brandon Rush,Dahntay Jones,Danny Granger,Roy Hibbert,T.J. Ford,Chris Duhon,Danilo Gallinari,David Lee,Larry Hughes,Wilson Chandler,1,9:24,NYK,shot,Wilson Chandler,,,,,,,,,Chris Duhon,3,,,made,,3pt,2,12
Brandon Rush,Dahntay Jones,Danny Granger,Roy Hibbert,T.J. Ford,Chris Duhon,Danilo Gallinari,David Lee,Larry Hughes,Wilson Chandler,1,9:12,IND,turnover,,,,,,,,,,T.J. Ford,,,traveling,,,,,
Brandon Rush,Dahntay Jones,Danny Granger,Roy Hibbert,T.J. Ford,Chris Duhon,Danilo Gallinari,David Lee,Larry Hughes,Wilson Chandler,1,8:58,NYK,foul,,,,,,,,Dahntay Jones,,Larry Hughes,,,,,,offensive,,
Brandon Rush,Dahntay Jones,Danny Granger,Roy Hibbert,T.J. Ford,Chris Duhon,Danilo Gallinari,David Lee,Larry Hughes,Wilson Chandler,1,8:58,NYK,turnover,,,,,,,,,,Larry Hughes,,,foul,,,,,
Brandon Rush,Dahntay Jones,Danny Granger,Roy Hibbert,T.J. Ford,Chris Duhon,Danilo Gallinari,David Lee,Larry Hughes,Wilson Chandler,1,8:47,IND,shot,,,,,,,,,,Danny Granger,,,,missed,,layup,25,6
Brandon Rush,Dahntay Jones,Danny Granger,Roy Hibbert,T.J. Ford,Chris Duhon,Danilo Gallinari,David Lee,Larry Hughes,Wilson Chandler,1,8:46,NYK,rebound,,,,,,,,,,David Lee,,,,,,def,,
Brandon Rush,Dahntay Jones,Danny Granger,Roy Hibbert,T.J. Ford,Chris Duhon,Danilo Gallinari,David Lee,Larry Hughes,Wilson Chandler,1,8:35,NYK,shot,,,,,,,,,,Chris Duhon,,,,missed,,3pt,36,30
Brandon Rush,Dahntay Jones,Danny Granger,Roy Hibbert,T.J. Ford,Chris Duhon,Danilo Gallinari,David Lee,Larry Hughes,Wilson Chandler,1,8:33,IND,rebound,,,,,,,,,,Brandon Rush,,,,,,def,,
Brandon Rush,Dahntay Jones,Danny Granger,Roy Hibbert,T.J. Ford,Chris Duhon,Danilo Gallinari,David Lee,Larry Hughes,Wilson Chandler,1,8:23,IND,shot,,,,,,,,,,Danny Granger,,,,missed,,jump,38,17
Brandon Rush,Dahntay Jones,Danny Granger,Roy Hibbert,T.J. Ford,Chris Duhon,Danilo Gallinari,David Lee,Larry Hughes,Wilson Chandler,1,8:22,NYK,rebound,,,,,,,,,,Danilo Gallinari,,,,,,def,,
Brandon Rush,Dahntay Jones,Danny Granger,Roy Hibbert,T.J. Ford,Chris Duhon,Danilo Gallinari,David Lee,Larry Hughes,Wilson Chandler,1,8:11,NYK,shot,,,,,,,,,,David Lee,,,,missed,,jump,37,22
Brandon Rush,Dahntay Jones,Danny Granger,Roy Hibbert,T.J. Ford,Chris Duhon,Danilo Gallinari,David Lee,Larry Hughes,Wilson Chandler,1,8:09,IND,rebound,,,,,,,,,,Danny Granger,,,,,,def,,
Brandon Rush,Dahntay Jones,Danny Granger,Roy Hibbert,T.J. Ford,Chris Duhon,Danilo Gallinari,David Lee,Larry Hughes,Wilson Chandler,1,7:59,IND,turnover,,,,,,,,,,Dahntay Jones,,,bad pass,,David Lee,,,
Brandon Rush,Dahntay Jones,Danny Granger,Roy Hibbert,T.J. Ford,Chris Duhon,Danilo Gallinari,David Lee,Larry Hughes,Wilson Chandler,1,7:55,NYK,shot,Chris Duhon,,,,,,,,,Wilson Chandler,2,,,made,,driving layup,25,6
Brandon Rush,Dahntay Jones,Danny Granger,Roy Hibbert,T.J. Ford,Chris Duhon,Danilo Gallinari,David Lee,Larry Hughes,Wilson Chandler,1,7:41,IND,shot,Brandon Rush,,,,,,,,,Dahntay Jones,2,,,made,,driving dunk,25,6
Brandon Rush,Dahntay Jones,Danny Granger,Roy Hibbert,T.J. Ford,Chris Duhon,Danilo Gallinari,David Lee,Larry Hughes,Wilson Chandler,1,7:26,NYK,shot,Larry Hughes,,,,,,,,,Danilo Gallinari,2,,,made,,layup,25,6
Brandon Rush,Dahntay Jones,Danny Granger,Roy Hibbert,T.J. Ford,Chris Duhon,Danilo Gallinari,David Lee,Larry Hughes,Wilson Chandler,1,7:10,IND,shot,,,David Lee,,,,,,,T.J. Ford,,,,missed,,layup,25,6
Brandon Rush,Dahntay Jones,Danny Granger,Roy Hibbert,T.J. Ford,Chris Duhon,Danilo Gallinari,David Lee,Larry Hughes,Wilson Chandler,1,7:08,NYK,rebound,,,,,,,,,,David Lee,,,,,,def,,
Brandon Rush,Dahntay Jones,Danny Granger,Roy Hibbert,T.J. Ford,Chris Duhon,Danilo Gallinari,David Lee,Larry Hughes,Wilson Chandler,1,7:04,NYK,shot,,,,,,,,,,Wilson Chandler,2,,,made,,driving layup,25,6
Brandon Rush,Dahntay Jones,Danny Granger,Roy Hibbert,T.J. Ford,Chris Duhon,Danilo Gallinari,David Lee,Larry Hughes,Wilson Chandler,1,6:57,IND,turnover,,,,,,,,,,Brandon Rush,,,bad pass,,Wilson Chandler,,,
Brandon Rush,Dahntay Jones,Danny Granger,Roy Hibbert,T.J. Ford,Chris Duhon,Danilo Gallinari,David Lee,Larry Hughes,Wilson Chandler,1,6:43,NYK,shot,,,,,,,,,,Danilo Gallinari,,,,missed,,3pt,12,29
Brandon Rush,Dahntay Jones,Danny Granger,Roy Hibbert,T.J. Ford,Chris Duhon,Danilo Gallinari,David Lee,Larry Hughes,Wilson Chandler,1,6:41,IND,rebound,,,,,,,,,,Brandon Rush,,,,,,def,,
Brandon Rush,Dahntay Jones,Danny Granger,Roy Hibbert,T.J. Ford,Chris Duhon,Danilo Gallinari,David Lee,Larry Hughes,Wilson Chandler,1,6:35,IND,turnover,,,,,,,,,,Brandon Rush,,,bad pass,,,,,
Brandon Rush,Dahntay Jones,Danny Granger,Roy Hibbert,T.J. Ford,Chris Duhon,Danilo Gallinari,David Lee,Larry Hughes,Wilson Chandler,1,6:24,NYK,turnover,,,,,,,,,,Larry Hughes,,,bad pass,,Danny Granger,,,
Brandon Rush,Dahntay Jones,Danny Granger,Roy Hibbert,T.J. Ford,Chris Duhon,Danilo Gallinari,David Lee,Larry Hughes,Wilson Chandler,1,6:10,NYK,foul,,,,,,,,Brandon Rush,,Danilo Gallinari,,,,,,shooting,,
Brandon Rush,Dahntay Jones,Danny Granger,Roy Hibbert,T.J. Ford,Chris Duhon,Danilo Gallinari,David Lee,Larry Hughes,Wilson Chandler,1,6:10,IND,free throw,,,,,,,1,,2,Brandon Rush,,,foul,missed,,,,
Brandon Rush,Dahntay Jones,Danny Granger,Roy Hibbert,T.J. Ford,Chris Duhon,Danilo Gallinari,David Lee,Larry Hughes,Wilson Chandler,1,6:10,IND,rebound,,,,,,,,,,,,,,,,,,
Brandon Rush,Dahntay Jones,Danny Granger,Roy Hibbert,T.J. Ford,Chris Duhon,Danilo Gallinari,David Lee,Larry Hughes,Wilson Chandler,1,6:10,IND,free throw,,,,,,,2,,2,Brandon Rush,,,foul,made,,,,
Brandon Rush,Dahntay Jones,Danny Granger,Roy Hibbert,T.J. Ford,Chris Duhon,Danilo Gallinari,David Lee,Larry Hughes,Wilson Chandler,1,5:54,NYK,shot,Chris Duhon,,,,,,,,,David Lee,2,,,made,,layup,25,6
Brandon Rush,Dahntay Jones,Danny Granger,Roy Hibbert,T.J. Ford,Chris Duhon,Danilo Gallinari,David Lee,Larry Hughes,Wilson Chandler,1,5:42,IND,shot,,,,,,,,,,Danny Granger,,,,missed,,3pt,9,26
Brandon Rush,Dahntay Jones,Danny Granger,Roy Hibbert,T.J. Ford,Chris Duhon,Danilo Gallinari,David Lee,Larry Hughes,Wilson Chandler,1,5:41,NYK,rebound,,,,,,,,,,David Lee,,,,,,def,,
Brandon Rush,Dahntay Jones,Danny Granger,Roy Hibbert,T.J. Ford,Chris Duhon,Danilo Gallinari,David Lee,Larry Hughes,Wilson Chandler,1,5:30,NYK,shot,,,,,,,,,,Chris Duhon,,,,missed,,layup,25,6
Brandon Rush,Dahntay Jones,Danny Granger,Roy Hibbert,T.J. Ford,Chris Duhon,Danilo Gallinari,David Lee,Larry Hughes,Wilson Chandler,1,5:29,IND,rebound,,,,,,,,,,Dahntay Jones,,,,,,def,,
Brandon Rush,Dahntay Jones,Danny Granger,Roy Hibbert,T.J. Ford,Chris Duhon,Danilo Gallinari,David Lee,Larry Hughes,Wilson Chandler,1,5:13,IND,shot,,,,,,,,,,Danny Granger,2,,,made,,running layup,25,6
Brandon Rush,Dahntay Jones,Danny Granger,Roy Hibbert,T.J. Ford,Chris Duhon,Danilo Gallinari,David Lee,Larry Hughes,Wilson Chandler,1,5:13,NYK,foul,,,,,,,,Danny Granger,,Danilo Gallinari,,,,,,shooting,,
Brandon Rush,Dahntay Jones,Danny Granger,Roy Hibbert,T.J. Ford,Chris Duhon,Danilo Gallinari,David Lee,Larry Hughes,Wilson Chandler,1,5:13,NYK,timeout,,,,,,,,,,,,,,,,regular,,
Brandon Rush,Dahntay Jones,Danny Granger,Roy Hibbert,T.J. Ford,Chris Duhon,David Lee,Jared Jeffries,Larry Hughes,Wilson Chandler,1,5:13,NYK,sub,,,,Jared Jeffries,,Danilo Gallinari,,,,,,,,,,,,
Brandon Rush,Dahntay Jones,Danny Granger,Roy Hibbert,T.J. Ford,Al Harrington,Chris Duhon,David Lee,Jared Jeffries,Wilson Chandler,1,5:13,NYK,sub,,,,Al Harrington,,Larry Hughes,,,,,,,,,,,,
Brandon Rush,Danny Granger,Luther Head,Roy Hibbert,T.J. Ford,Al Harrington,Chris Duhon,David Lee,Jared Jeffries,Wilson Chandler,1,5:13,IND,sub,,,,Luther Head,,Dahntay Jones,,,,,,,,,,,,
Brandon Rush,Danny Granger,Earl Watson,Luther Head,T.J. Ford,Al Harrington,Chris Duhon,David Lee,Jared Jeffries,Wilson Chandler,1,5:13,IND,sub,,,,Earl Watson,,Roy Hibbert,,,,,,,,,,,,
Brandon Rush,Danny Granger,Earl Watson,Luther Head,Solomon Jones,Al Harrington,Chris Duhon,David Lee,Jared Jeffries,Wilson Chandler,1,5:13,IND,sub,,,,Solomon Jones,,T.J. Ford,,,,,,,,,,,,
Brandon Rush,Danny Granger,Earl Watson,Luther Head,Solomon Jones,Al Harrington,Chris Duhon,David Lee,Jared Jeffries,Wilson Chandler,1,5:13,IND,free throw,,,,,,,1,,1,Danny Granger,,,foul,missed,,,,
Brandon Rush,Danny Granger,Earl Watson,Luther Head,Solomon Jones,Al Harrington,Chris Duhon,David Lee,Jared Jeffries,Wilson Chandler,1,5:12,NYK,rebound,,,,,,,,,,David Lee,,,,,,def,,
Brandon Rush,Danny Granger,Earl Watson,Luther Head,Solomon Jones,Al Harrington,Chris Duhon,David Lee,Jared Jeffries,Wilson Chandler,1,5:04,NYK,shot,,,,,,,,,,David Lee,2,,,made,,driving layup,25,6
Brandon Rush,Danny Granger,Earl Watson,Luther Head,Solomon Jones,Al Harrington,Chris Duhon,David Lee,Jared Jeffries,Wilson Chandler,1,5:04,IND,foul,,,,,,,,David Lee,,Solomon Jones,,,,,,shooting,,
Brandon Rush,Danny Granger,Earl Watson,Luther Head,Solomon Jones,Al Harrington,Chris Duhon,David Lee,Jared Jeffries,Wilson Chandler,1,5:04,NYK,free throw,,,,,,,1,,1,David Lee,,,foul,missed,,,,
Brandon Rush,Danny Granger,Earl Watson,Luther Head,Solomon Jones,Al Harrington,Chris Duhon,David Lee,Jared Jeffries,Wilson Chandler,1,5:03,IND,rebound,,,,,,,,,,Danny Granger,,,,,,def,,
Brandon Rush,Danny Granger,Earl Watson,Luther Head,Solomon Jones,Al Harrington,Chris Duhon,David Lee,Jared Jeffries,Wilson Chandler,1,4:52,IND,turnover,,,,,,,,,,Solomon Jones,,,bad pass,,Wilson Chandler,,,
Brandon Rush,Danny Granger,Earl Watson,Luther Head,Solomon Jones,Al Harrington,Chris Duhon,David Lee,Jared Jeffries,Wilson Chandler,1,4:46,NYK,shot,,,,,,,,,,Al Harrington,,,,missed,,jump,42,6
Brandon Rush,Danny Granger,Earl Watson,Luther Head,Solomon Jones,Al Harrington,Chris Duhon,David Lee,Jared Jeffries,Wilson Chandler,1,4:44,IND,rebound,,,,,,,,,,Brandon Rush,,,,,,def,,
Brandon Rush,Danny Granger,Earl Watson,Luther Head,Solomon Jones,Al Harrington,Chris Duhon,David Lee,Jared Jeffries,Wilson Chandler,1,4:33,IND,shot,,,,,,,,,,Brandon Rush,,,,missed,,3pt,16,31
Brandon Rush,Danny Granger,Earl Watson,Luther Head,Solomon Jones,Al Harrington,Chris Duhon,David Lee,Jared Jeffries,Wilson Chandler,1,4:32,NYK,rebound,,,,,,,,,,Wilson Chandler,,,,,,def,,
Brandon Rush,Danny Granger,Earl Watson,Luther Head,Solomon Jones,Al Harrington,Chris Duhon,David Lee,Jared Jeffries,Wilson Chandler,1,4:19,NYK,shot,,,Luther Head,,,,,,,Chris Duhon,,,,missed,,jump,41,13
Brandon Rush,Danny Granger,Earl Watson,Luther Head,Solomon Jones,Al Harrington,Chris Duhon,David Lee,Jared Jeffries,Wilson Chandler,1,4:17,NYK,rebound,,,,,,,,,,Chris Duhon,,,,,,off,,
Brandon Rush,Danny Granger,Earl Watson,Luther Head,Solomon Jones,Al Harrington,Chris Duhon,David Lee,Jared Jeffries,Wilson Chandler,1,4:13,NYK,shot,,,Danny Granger,,,,,,,David Lee,,,,missed,,dunk,25,6
Brandon Rush,Danny Granger,Earl Watson,Luther Head,Solomon Jones,Al Harrington,Chris Duhon,David Lee,Jared Jeffries,Wilson Chandler,1,4:11,IND,rebound,,,,,,,,,,Earl Watson,,,,,,def,,
Brandon Rush,Danny Granger,Earl Watson,Luther Head,Solomon Jones,Al Harrington,Chris Duhon,David Lee,Jared Jeffries,Wilson Chandler,1,4:05,IND,shot,,,,,,,,,,Danny Granger,2,,,made,,layup,25,6
Brandon Rush,Danny Granger,Earl Watson,Luther Head,Solomon Jones,Al Harrington,Chris Duhon,David Lee,Jared Jeffries,Wilson Chandler,1,3:52,NYK,shot,,,,,,,,,,Chris Duhon,,,,missed,,layup,25,6
Brandon Rush,Danny Granger,Earl Watson,Luther Head,Solomon Jones,Al Harrington,Chris Duhon,David Lee,Jared Jeffries,Wilson Chandler,1,3:49,NYK,rebound,,,,,,,,,,David Lee,,,,,,off,,
Brandon Rush,Danny Granger,Earl Watson,Luther Head,Solomon Jones,Al Harrington,Chris Duhon,David Lee,Jared Jeffries,Wilson Chandler,1,3:49,NYK,shot,,,,,,,,,,David Lee,2,,,made,,putback layup,25,6
Brandon Rush,Danny Granger,Earl Watson,Luther Head,Solomon Jones,Al Harrington,Chris Duhon,David Lee,Jared Jeffries,Wilson Chandler,1,3:42,IND,shot,Earl Watson,,,,,,,,,Brandon Rush,3,,,made,,3pt,46,21
Brandon Rush,Danny Granger,Earl Watson,Luther Head,Solomon Jones,Al Harrington,Chris Duhon,David Lee,Jared Jeffries,Wilson Chandler,1,3:23,NYK,shot,,,,,,,,,,Wilson Chandler,,,,missed,,3pt,2,7
Brandon Rush,Danny Granger,Earl Watson,Luther Head,Solomon Jones,Al Harrington,Chris Duhon,David Lee,Jared Jeffries,Wilson Chandler,1,3:21,IND,rebound,,,,,,,,,,Luther Head,,,,,,def,,
Brandon Rush,Danny Granger,Earl Watson,Luther Head,Solomon Jones,Al Harrington,Chris Duhon,David Lee,Jared Jeffries,Wilson Chandler,1,3:14,IND,shot,,,,,,,,,,Brandon Rush,,,,missed,,3pt,39,30
Brandon Rush,Danny Granger,Earl Watson,Luther Head,Solomon Jones,Al Harrington,Chris Duhon,David Lee,Jared Jeffries,Wilson Chandler,1,3:12,NYK,rebound,,,,,,,,,,Al Harrington,,,,,,def,,
Brandon Rush,Danny Granger,Earl Watson,Luther Head,Solomon Jones,Al Harrington,Chris Duhon,David Lee,Jared Jeffries,Wilson Chandler,1,3:01,NYK,turnover,,,,,,,,,,Al Harrington,,,lost ball,,Brandon Rush,,,
Brandon Rush,Danny Granger,Earl Watson,Luther Head,Solomon Jones,Al Harrington,Chris Duhon,David Lee,Jared Jeffries,Wilson Chandler,1,2:57,IND,shot,,,,,,,,,,Luther Head,2,,,made,,pullup jump,43,13
Brandon Rush,Danny Granger,Earl Watson,Luther Head,Solomon Jones,Al Harrington,Chris Duhon,David Lee,Jared Jeffries,Wilson Chandler,1,2:40,NYK,shot,Wilson Chandler,,,,,,,,,David Lee,2,,,made,,jump,30,26
Brandon Rush,Danny Granger,Earl Watson,Luther Head,Solomon Jones,Al Harrington,Chris Duhon,David Lee,Jared Jeffries,Wilson Chandler,1,2:29,IND,shot,Danny Granger,,,,,,,,,Solomon Jones,2,,,made,,slam dunk,25,6
Brandon Rush,Danny Granger,Earl Watson,Luther Head,Solomon Jones,Al Harrington,Chris Duhon,David Lee,Jared Jeffries,Wilson Chandler,1,2:26,NYK,timeout,,,,,,,,,,,,,,,,short,,
Brandon Rush,Danny Granger,Earl Watson,Luther Head,Solomon Jones,Al Harrington,Chris Duhon,David Lee,Jared Jeffries,Wilson Chandler,1,2:26,IND,timeout,,,,,,,,,,,,,,,,regular,,
Brandon Rush,Danny Granger,Earl Watson,Luther Head,Solomon Jones,Al Harrington,Chris Duhon,Darko Milicic,Jared Jeffries,Wilson Chandler,1,2:26,NYK,sub,,,,Darko Milicic,,David Lee,,,,,,,,,,,,
Brandon Rush,Danny Granger,Earl Watson,Luther Head,Solomon Jones,Al Harrington,Chris Duhon,Darko Milicic,Jared Jeffries,Toney Douglas,1,2:26,NYK,sub,,,,Toney Douglas,,Wilson Chandler,,,,,,,,,,,,
Brandon Rush,Danny Granger,Earl Watson,Luther Head,Solomon Jones,Al Harrington,Darko Milicic,Jared Jeffries,Larry Hughes,Toney Douglas,1,2:26,NYK,sub,,,,Larry Hughes,,Chris Duhon,,,,,,,,,,,,
Brandon Rush,Dahntay Jones,Earl Watson,Luther Head,Solomon Jones,Al Harrington,Darko Milicic,Jared Jeffries,Larry Hughes,Toney Douglas,1,2:26,IND,sub,,,,Dahntay Jones,,Danny Granger,,,,,,,,,,,,
Brandon Rush,Dahntay Jones,Earl Watson,Luther Head,Solomon Jones,Al Harrington,Darko Milicic,Jared Jeffries,Larry Hughes,Toney Douglas,1,2:12,NYK,shot,,,,,,,,,,Jared Jeffries,,,,missed,,jump,18,25
Brandon Rush,Dahntay Jones,Earl Watson,Luther Head,Solomon Jones,Al Harrington,Darko Milicic,Jared Jeffries,Larry Hughes,Toney Douglas,1,2:11,IND,rebound,,,,,,,,,,Dahntay Jones,,,,,,def,,
Brandon Rush,Dahntay Jones,Earl Watson,Luther Head,Solomon Jones,Al Harrington,Darko Milicic,Jared Jeffries,Larry Hughes,Toney Douglas,1,1:56,IND,shot,,,,,,,,,,Dahntay Jones,,,,missed,,jump,42,11
Brandon Rush,Dahntay Jones,Earl Watson,Luther Head,Solomon Jones,Al Harrington,Darko Milicic,Jared Jeffries,Larry Hughes,Toney Douglas,1,1:55,NYK,rebound,,,,,,,,,,Darko Milicic,,,,,,def,,
Brandon Rush,Dahntay Jones,Earl Watson,Luther Head,Solomon Jones,Al Harrington,Darko Milicic,Jared Jeffries,Larry Hughes,Toney Douglas,1,1:52,IND,foul,,,,,,,,Darko Milicic,,Luther Head,,,,,,personal,,
Brandon Rush,Dahntay Jones,Earl Watson,Luther Head,Solomon Jones,Al Harrington,Darko Milicic,Jared Jeffries,Larry Hughes,Toney Douglas,1,1:46,NYK,turnover,,,,,,,,,,Larry Hughes,,,out of bounds lost ball turnover,,,,,
Brandon Rush,Dahntay Jones,Earl Watson,Luther Head,Solomon Jones,Al Harrington,Darko Milicic,Jared Jeffries,Larry Hughes,Toney Douglas,1,1:33,IND,shot,,,,,,,,,,Luther Head,,,,missed,,jump,19,28
Brandon Rush,Dahntay Jones,Earl Watson,Luther Head,Solomon Jones,Al Harrington,Darko Milicic,Jared Jeffries,Larry Hughes,Toney Douglas,1,1:31,NYK,rebound,,,,,,,,,,Toney Douglas,,,,,,def,,
Brandon Rush,Dahntay Jones,Earl Watson,Luther Head,Solomon Jones,Al Harrington,Darko Milicic,Jared Jeffries,Larry Hughes,Toney Douglas,1,1:22,NYK,shot,,,,,,,,,,Jared Jeffries,,,,missed,,layup,25,6
Brandon Rush,Dahntay Jones,Earl Watson,Luther Head,Solomon Jones,Al Harrington,Darko Milicic,Jared Jeffries,Larry Hughes,Toney Douglas,1,1:21,NYK,rebound,,,,,,,,,,Jared Jeffries,,,,,,off,,
Brandon Rush,Dahntay Jones,Earl Watson,Luther Head,Solomon Jones,Al Harrington,Darko Milicic,Jared Jeffries,Larry Hughes,Toney Douglas,1,1:20,NYK,shot,,,,,,,,,,Jared Jeffries,2,,,made,,layup,25,6
Brandon Rush,Dahntay Jones,Earl Watson,Luther Head,Solomon Jones,Al Harrington,Darko Milicic,Jared Jeffries,Larry Hughes,Toney Douglas,1,1:10,IND,shot,,,,,,,,,,Dahntay Jones,,,,missed,,jump,15,26
Brandon Rush,Dahntay Jones,Earl Watson,Luther Head,Solomon Jones,Al Harrington,Darko Milicic,Jared Jeffries,Larry Hughes,Toney Douglas,1,1:08,NYK,rebound,,,,,,,,,,Al Harrington,,,,,,def,,
Brandon Rush,Dahntay Jones,Earl Watson,Luther Head,Solomon Jones,Al Harrington,Darko Milicic,Jared Jeffries,Larry Hughes,Toney Douglas,1,0:59,NYK,shot,,,,,,,,,,Al Harrington,2,,,made,,driving layup,25,6
Brandon Rush,Dahntay Jones,Earl Watson,Luther Head,Solomon Jones,Al Harrington,Darko Milicic,Jared Jeffries,Larry Hughes,Toney Douglas,1,0:56,IND,shot,Luther Head,,,,,,,,,Dahntay Jones,2,,,made,,driving layup,25,6
Brandon Rush,Dahntay Jones,Earl Watson,Luther Head,Solomon Jones,Al Harrington,Darko Milicic,Jared Jeffries,Larry Hughes,Toney Douglas,1,0:56,NYK,foul,,,,,,,,Dahntay Jones,,Jared Jeffries,,,,,,shooting,,
Brandon Rush,Dahntay Jones,Earl Watson,Luther Head,Solomon Jones,Al Harrington,Darko Milicic,Jared Jeffries,Larry Hughes,Toney Douglas,1,0:56,IND,free throw,,,,,,,1,,1,Dahntay Jones,,,foul,made,,,,
Brandon Rush,Dahntay Jones,Earl Watson,Luther Head,Solomon Jones,Al Harrington,Darko Milicic,Jared Jeffries,Larry Hughes,Toney Douglas,1,0:44,NYK,shot,,,,,,,,,,Toney Douglas,,,,missed,,jump,45,11
Brandon Rush,Dahntay Jones,Earl Watson,Luther Head,Solomon Jones,Al Harrington,Darko Milicic,Jared Jeffries,Larry Hughes,Toney Douglas,1,0:42,IND,rebound,,,,,,,,,,Brandon Rush,,,,,,def,,
Brandon Rush,Dahntay Jones,Earl Watson,Luther Head,Solomon Jones,Al Harrington,Darko Milicic,Jared Jeffries,Larry Hughes,Toney Douglas,1,0:37,IND,shot,,,,,,,,,,Luther Head,,,,missed,,3pt,47,20
Brandon Rush,Dahntay Jones,Earl Watson,Luther Head,Solomon Jones,Al Harrington,Darko Milicic,Jared Jeffries,Larry Hughes,Toney Douglas,1,0:35,NYK,rebound,,,,,,,,,,Al Harrington,,,,,,def,,
Dahntay Jones,Danny Granger,Earl Watson,Luther Head,Solomon Jones,Al Harrington,Darko Milicic,Jared Jeffries,Larry Hughes,Toney Douglas,1,0:27,IND,sub,,,,Danny Granger,,Brandon Rush,,,,,,,,,,,,
Dahntay Jones,Danny Granger,Earl Watson,Luther Head,Solomon Jones,Al Harrington,Darko Milicic,Jared Jeffries,Larry Hughes,Toney Douglas,1,0:14,NYK,shot,,,,,,,,,,Toney Douglas,,,,missed,,3pt,37,28
Dahntay Jones,Danny Granger,Earl Watson,Luther Head,Solomon Jones,Al Harrington,Darko Milicic,Jared Jeffries,Larry Hughes,Toney Douglas,1,0:12,IND,rebound,,,,,,,,,,Luther Head,,,,,,def,,
Dahntay Jones,Danny Granger,Luther Head,Roy Hibbert,T.J. Ford,Al Harrington,Darko Milicic,Jared Jeffries,Larry Hughes,Toney Douglas,2,11:44,NYK,turnover,,,,,,,,,,Al Harrington,,,lost ball,,T.J. Ford,,,
Dahntay Jones,Danny Granger,Luther Head,Roy Hibbert,T.J. Ford,Al Harrington,Darko Milicic,Jared Jeffries,Larry Hughes,Toney Douglas,2,11:38,IND,shot,,,Jared Jeffries,,,,,,,Luther Head,,,,missed,,layup,25,6
Dahntay Jones,Danny Granger,Luther Head,Roy Hibbert,T.J. Ford,Al Harrington,Darko Milicic,Jared Jeffries,Larry Hughes,Toney Douglas,2,11:37,IND,rebound,,,,,,,,,,Roy Hibbert,,,,,,off,,
Dahntay Jones,Danny Granger,Luther Head,Roy Hibbert,T.J. Ford,Al Harrington,Darko Milicic,Jared Jeffries,Larry Hughes,Toney Douglas,2,11:26,IND,shot,,,,,,,,,,Luther Head,,,,missed,,layup,25,6
Dahntay Jones,Danny Granger,Luther Head,Roy Hibbert,T.J. Ford,Al Harrington,Darko Milicic,Jared Jeffries,Larry Hughes,Toney Douglas,2,11:25,IND,rebound,,,,,,,,,,Dahntay Jones,,,,,,off,,
Dahntay Jones,Danny Granger,Luther Head,Roy Hibbert,T.J. Ford,Al Harrington,Darko Milicic,Jared Jeffries,Larry Hughes,Toney Douglas,2,11:25,IND,shot,,,,,,,,,,Dahntay Jones,2,,,made,,tip,25,6
Dahntay Jones,Danny Granger,Luther Head,Roy Hibbert,T.J. Ford,Al Harrington,Darko Milicic,Jared Jeffries,Larry Hughes,Toney Douglas,2,11:25,NYK,foul,,,,,,,,Dahntay Jones,,Larry Hughes,,,,,,shooting,,
Dahntay Jones,Danny Granger,Luther Head,Roy Hibbert,T.J. Ford,Al Harrington,Darko Milicic,Jared Jeffries,Larry Hughes,Toney Douglas,2,11:25,IND,free throw,,,,,,,1,,1,Dahntay Jones,,,foul,missed,,,,
Dahntay Jones,Danny Granger,Luther Head,Roy Hibbert,T.J. Ford,Al Harrington,Darko Milicic,Jared Jeffries,Larry Hughes,Toney Douglas,2,11:24,NYK,rebound,,,,,,,,,,Darko Milicic,,,,,,def,,
Dahntay Jones,Danny Granger,Luther Head,Roy Hibbert,T.J. Ford,Al Harrington,Darko Milicic,Jared Jeffries,Larry Hughes,Toney Douglas,2,11:11,NYK,shot,Jared Jeffries,,,,,,,,,Al Harrington,2,,,made,,layup,25,6
Dahntay Jones,Danny Granger,Luther Head,Roy Hibbert,T.J. Ford,Al Harrington,Darko Milicic,Jared Jeffries,Larry Hughes,Toney Douglas,2,10:49,IND,shot,,,,,,,,,,Roy Hibbert,2,,,made,,hook,21,11
Dahntay Jones,Danny Granger,Luther Head,Roy Hibbert,T.J. Ford,Al Harrington,Darko Milicic,Jared Jeffries,Larry Hughes,Toney Douglas,2,10:34,NYK,shot,Al Harrington,,,,,,,,,Toney Douglas,2,,,made,,driving layup,25,6
Dahntay Jones,Danny Granger,Luther Head,Roy Hibbert,T.J. Ford,Al Harrington,Darko Milicic,Jared Jeffries,Larry Hughes,Toney Douglas,2,10:28,IND,turnover,,,,,,,,,,Roy Hibbert,,,bad pass,,Darko Milicic,,,
Dahntay Jones,Danny Granger,Luther Head,Roy Hibbert,T.J. Ford,Al Harrington,Darko Milicic,Jared Jeffries,Larry Hughes,Toney Douglas,2,10:25,NYK,shot,Larry Hughes,,,,,,,,,Al Harrington,3,,,made,,3pt,49,7
Dahntay Jones,Danny Granger,Luther Head,Roy Hibbert,T.J. Ford,Al Harrington,Darko Milicic,Jared Jeffries,Larry Hughes,Toney Douglas,2,10:25,IND,foul,,,,,,,,Al Harrington,,T.J. Ford,,,,,,shooting,,
Dahntay Jones,Danny Granger,Luther Head,Roy Hibbert,T.J. Ford,Al Harrington,Darko Milicic,Jared Jeffries,Larry Hughes,Toney Douglas,2,10:25,NYK,free throw,,,,,,,1,,1,Al Harrington,,,foul,made,,,,
Dahntay Jones,Danny Granger,Luther Head,Roy Hibbert,T.J. Ford,Al Harrington,Darko Milicic,Jared Jeffries,Larry Hughes,Toney Douglas,2,10:12,NYK,foul,,,,,,,,Dahntay Jones,,Al Harrington,,,,,,personal,,
Brandon Rush,Dahntay Jones,Danny Granger,Roy Hibbert,T.J. Ford,Al Harrington,Darko Milicic,Jared Jeffries,Larry Hughes,Toney Douglas,2,10:12,IND,sub,,,,Brandon Rush,,Luther Head,,,,,,,,,,,,
Brandon Rush,Dahntay Jones,Danny Granger,Roy Hibbert,T.J. Ford,Al Harrington,Darko Milicic,Jared Jeffries,Larry Hughes,Toney Douglas,2,10:04,IND,shot,,,,,,,,,,Danny Granger,,,,missed,,3pt,47,20
Brandon Rush,Dahntay Jones,Danny Granger,Roy Hibbert,T.J. Ford,Al Harrington,Darko Milicic,Jared Jeffries,Larry Hughes,Toney Douglas,2,10:03,IND,rebound,,,,,,,,,,Roy Hibbert,,,,,,off,,
Brandon Rush,Dahntay Jones,Danny Granger,Roy Hibbert,T.J. Ford,Al Harrington,Darko Milicic,Jared Jeffries,Larry Hughes,Toney Douglas,2,10:02,IND,shot,,,Darko Milicic,,,,,,,Roy Hibbert,,,,missed,,layup,25,6
Brandon Rush,Dahntay Jones,Danny Granger,Roy Hibbert,T.J. Ford,Al Harrington,Darko Milicic,Jared Jeffries,Larry Hughes,Toney Douglas,2,10:02,IND,rebound,,,,,,,,,,Roy Hibbert,,,,,,off,,
Brandon Rush,Dahntay Jones,Danny Granger,Roy Hibbert,T.J. Ford,Al Harrington,Darko Milicic,Jared Jeffries,Larry Hughes,Toney Douglas,2,10:01,IND,shot,,,,,,,,,,Roy Hibbert,2,,,made,,layup,25,6
Brandon Rush,Dahntay Jones,Danny Granger,Roy Hibbert,T.J. Ford,Al Harrington,Darko Milicic,Jared Jeffries,Larry Hughes,Toney Douglas,2,10:01,NYK,foul,,,,,,,,Roy Hibbert,,Jared Jeffries,,,,,,shooting,,
Brandon Rush,Dahntay Jones,Danny Granger,Roy Hibbert,T.J. Ford,Al Harrington,Darko Milicic,Jared Jeffries,Larry Hughes,Toney Douglas,2,10:01,IND,free throw,,,,,,,1,,1,Roy Hibbert,,,foul,missed,,,,
Brandon Rush,Dahntay Jones,Danny Granger,Roy Hibbert,T.J. Ford,Al Harrington,Darko Milicic,Jared Jeffries,Larry Hughes,Toney Douglas,2,10:00,NYK,rebound,,,,,,,,,,Al Harrington,,,,,,def,,
Brandon Rush,Dahntay Jones,Danny Granger,Roy Hibbert,T.J. Ford,Al Harrington,Darko Milicic,Jared Jeffries,Larry Hughes,Toney Douglas,2,9:41,NYK,shot,,,,,,,,,,Al Harrington,2,,,made,,jump,16,15
Brandon Rush,Dahntay Jones,Danny Granger,Roy Hibbert,T.J. Ford,Al Harrington,Darko Milicic,Jared Jeffries,Larry Hughes,Toney Douglas,2,9:21,IND,foul,,,,,,,,Toney Douglas,,Dahntay Jones,,,,,,offensive,,
Brandon Rush,Dahntay Jones,Danny Granger,Roy Hibbert,T.J. Ford,Al Harrington,Darko Milicic,Jared Jeffries,Larry Hughes,Toney Douglas,2,9:21,IND,turnover,,,,,,,,,,Dahntay Jones,,,foul,,,,,
Brandon Rush,Dahntay Jones,Danny Granger,Roy Hibbert,T.J. Ford,Al Harrington,Darko Milicic,Jared Jeffries,Larry Hughes,Toney Douglas,2,9:10,NYK,shot,,,,,,,,,,Al Harrington,,,,missed,,3pt,10,28
Brandon Rush,Dahntay Jones,Danny Granger,Roy Hibbert,T.J. Ford,Al Harrington,Darko Milicic,Jared Jeffries,Larry Hughes,Toney Douglas,2,9:09,IND,rebound,,,,,,,,,,Roy Hibbert,,,,,,def,,
Brandon Rush,Dahntay Jones,Danny Granger,Roy Hibbert,T.J. Ford,Al Harrington,Darko Milicic,Jared Jeffries,Larry Hughes,Toney Douglas,2,8:48,IND,shot,,,,,,,,,,Danny Granger,,,,missed,,3pt,44,25
Brandon Rush,Dahntay Jones,Danny Granger,Roy Hibbert,T.J. Ford,Al Harrington,Darko Milicic,Jared Jeffries,Larry Hughes,Toney Douglas,2,8:47,IND,rebound,,,,,,,,,,T.J. Ford,,,,,,off,,
Brandon Rush,Dahntay Jones,Danny Granger,Roy Hibbert,T.J. Ford,Al Harrington,Darko Milicic,Jared Jeffries,Larry Hughes,Toney Douglas,2,8:43,IND,shot,T.J. Ford,,,,,,,,,Brandon Rush,3,,,made,,3pt,12,28
Brandon Rush,Dahntay Jones,Danny Granger,Roy Hibbert,T.J. Ford,Al Harrington,Darko Milicic,Jared Jeffries,Larry Hughes,Toney Douglas,2,8:30,NYK,shot,,,,,,,,,,Al Harrington,,,,missed,,jump,33,19
Brandon Rush,Dahntay Jones,Danny Granger,Roy Hibbert,T.J. Ford,Al Harrington,Darko Milicic,Jared Jeffries,Larry Hughes,Toney Douglas,2,8:28,IND,rebound,,,,,,,,,,Dahntay Jones,,,,,,def,,
Brandon Rush,Dahntay Jones,Danny Granger,Roy Hibbert,T.J. Ford,Al Harrington,Darko Milicic,Jared Jeffries,Larry Hughes,Toney Douglas,2,8:15,IND,shot,,,,,,,,,,Danny Granger,,,,missed,,layup,25,6
Brandon Rush,Dahntay Jones,Danny Granger,Roy Hibbert,T.J. Ford,Al Harrington,Darko Milicic,Jared Jeffries,Larry Hughes,Toney Douglas,2,8:14,IND,rebound,,,,,,,,,,Roy Hibbert,,,,,,off,,
Brandon Rush,Dahntay Jones,Danny Granger,Roy Hibbert,T.J. Ford,Al Harrington,Darko Milicic,Jared Jeffries,Larry Hughes,Toney Douglas,2,8:14,IND,shot,,,,,,,,,,Roy Hibbert,2,,,made,,tip,25,6
Brandon Rush,Dahntay Jones,Danny Granger,Roy Hibbert,T.J. Ford,Al Harrington,Darko Milicic,Jared Jeffries,Larry Hughes,Toney Douglas,2,8:04,NYK,turnover,,,,,,,,,,Jared Jeffries,,,bad pass,,,,,
Brandon Rush,Dahntay Jones,Danny Granger,Roy Hibbert,T.J. Ford,Al Harrington,Darko Milicic,Jared Jeffries,Larry Hughes,Toney Douglas,2,8:04,IND,timeout,,,,,,,,,,,,,,,,official,,
Brandon Rush,Dahntay Jones,Danny Granger,Roy Hibbert,T.J. Ford,Al Harrington,Darko Milicic,David Lee,Jared Jeffries,Larry Hughes,2,8:04,NYK,sub,,,,David Lee,,Toney Douglas,,,,,,,,,,,,
Brandon Rush,Dahntay Jones,Danny Granger,Roy Hibbert,T.J. Ford,Al Harrington,Chris Duhon,David Lee,Jared Jeffries,Larry Hughes,2,8:04,NYK,sub,,,,Chris Duhon,,Darko Milicic,,,,,,,,,,,,
Brandon Rush,Danny Granger,Earl Watson,Roy Hibbert,T.J. Ford,Al Harrington,Chris Duhon,David Lee,Jared Jeffries,Larry Hughes,2,8:04,IND,sub,,,,Earl Watson,,Dahntay Jones,,,,,,,,,,,,
Brandon Rush,Danny Granger,Earl Watson,Roy Hibbert,T.J. Ford,Al Harrington,Chris Duhon,David Lee,Jared Jeffries,Larry Hughes,2,7:47,IND,shot,,,,,,,,,,Brandon Rush,2,,,made,,jump,13,24
Brandon Rush,Danny Granger,Earl Watson,Roy Hibbert,T.J. Ford,Al Harrington,Chris Duhon,David Lee,Jared Jeffries,Larry Hughes,2,7:21,NYK,shot,,,,,,,,,,Al Harrington,,,,missed,,jump,10,11
Brandon Rush,Danny Granger,Earl Watson,Roy Hibbert,T.J. Ford,Al Harrington,Chris Duhon,David Lee,Jared Jeffries,Larry Hughes,2,7:19,IND,rebound,,,,,,,,,,Danny Granger,,,,,,def,,
Brandon Rush,Danny Granger,Earl Watson,Roy Hibbert,T.J. Ford,Al Harrington,Chris Duhon,David Lee,Jared Jeffries,Larry Hughes,2,7:00,IND,shot,Danny Granger,,,,,,,,,Earl Watson,2,,,made,,jump,44,5
Brandon Rush,Danny Granger,Earl Watson,Roy Hibbert,T.J. Ford,Al Harrington,Chris Duhon,David Lee,Jared Jeffries,Larry Hughes,2,6:41,NYK,shot,Chris Duhon,,,,,,,,,David Lee,2,,,made,,jump,10,16
Brandon Rush,Danny Granger,Earl Watson,Roy Hibbert,T.J. Ford,Al Harrington,Chris Duhon,David Lee,Jared Jeffries,Larry Hughes,2,6:25,IND,turnover,,,,,,,,,,Roy Hibbert,,,traveling,,,,,
Brandon Rush,Danny Granger,Earl Watson,Roy Hibbert,T.J. Ford,Chris Duhon,David Lee,Jared Jeffries,Larry Hughes,Wilson Chandler,2,6:25,NYK,sub,,,,Wilson Chandler,,Al Harrington,,,,,,,,,,,,
Brandon Rush,Danny Granger,Earl Watson,Roy Hibbert,T.J. Ford,Chris Duhon,Danilo Gallinari,David Lee,Larry Hughes,Wilson Chandler,2,6:25,NYK,sub,,,,Danilo Gallinari,,Jared Jeffries,,,,,,,,,,,,
Brandon Rush,Danny Granger,Earl Watson,Solomon Jones,T.J. Ford,Chris Duhon,Danilo Gallinari,David Lee,Larry Hughes,Wilson Chandler,2,6:25,IND,sub,,,,Solomon Jones,,Roy Hibbert,,,,,,,,,,,,
Brandon Rush,Danny Granger,Earl Watson,Solomon Jones,T.J. Ford,Chris Duhon,Danilo Gallinari,David Lee,Larry Hughes,Wilson Chandler,2,6:10,NYK,turnover,,,,,,,,,,David Lee,,,lost ball,,Brandon Rush,,,
Brandon Rush,Danny Granger,Earl Watson,Solomon Jones,T.J. Ford,Chris Duhon,Danilo Gallinari,David Lee,Larry Hughes,Wilson Chandler,2,6:04,IND,shot,Earl Watson,,,,,,,,,T.J. Ford,2,,,made,,driving finger roll layup,25,6
Brandon Rush,Danny Granger,Earl Watson,Solomon Jones,T.J. Ford,Chris Duhon,Danilo Gallinari,David Lee,Larry Hughes,Wilson Chandler,2,5:51,NYK,shot,David Lee,,,,,,,,,Larry Hughes,3,,,made,,3pt,5,21
Brandon Rush,Danny Granger,Earl Watson,Solomon Jones,T.J. Ford,Chris Duhon,Danilo Gallinari,David Lee,Larry Hughes,Wilson Chandler,2,5:32,IND,shot,,,,,,,,,,T.J. Ford,2,,,made,,jump,36,20
Brandon Rush,Danny Granger,Earl Watson,Solomon Jones,T.J. Ford,Chris Duhon,Danilo Gallinari,David Lee,Larry Hughes,Wilson Chandler,2,5:20,NYK,shot,Chris Duhon,,,,,,,,,Wilson Chandler,3,,,made,,3pt,7,25
Brandon Rush,Danny Granger,Earl Watson,Solomon Jones,T.J. Ford,Chris Duhon,Danilo Gallinari,David Lee,Larry Hughes,Wilson Chandler,2,5:14,IND,foul,,,,,,,,Larry Hughes,,Solomon Jones,,,,,,offensive,,
Brandon Rush,Danny Granger,Earl Watson,Solomon Jones,T.J. Ford,Chris Duhon,Danilo Gallinari,David Lee,Larry Hughes,Wilson Chandler,2,5:14,IND,turnover,,,,,,,,,,Solomon Jones,,,foul,,,,,
Brandon Rush,Danny Granger,Earl Watson,Solomon Jones,T.J. Ford,Chris Duhon,Danilo Gallinari,David Lee,Larry Hughes,Wilson Chandler,2,5:14,NYK,timeout,,,,,,,,,,,,,,,,regular,,
Brandon Rush,Dahntay Jones,Earl Watson,Solomon Jones,T.J. Ford,Chris Duhon,Danilo Gallinari,David Lee,Larry Hughes,Wilson Chandler,2,5:14,IND,sub,,,,Dahntay Jones,,Danny Granger,,,,,,,,,,,,
Brandon Rush,Dahntay Jones,Earl Watson,Solomon Jones,T.J. Ford,Chris Duhon,Danilo Gallinari,David Lee,Larry Hughes,Wilson Chandler,2,5:05,NYK,shot,,,,,,,,,,Danilo Gallinari,,,,missed,,jump,11,21
Brandon Rush,Dahntay Jones,Earl Watson,Solomon Jones,T.J. Ford,Chris Duhon,Danilo Gallinari,David Lee,Larry Hughes,Wilson Chandler,2,5:03,IND,rebound,,,,,,,,,,Dahntay Jones,,,,,,def,,
Brandon Rush,Dahntay Jones,Earl Watson,Solomon Jones,T.J. Ford,Chris Duhon,Danilo Gallinari,David Lee,Larry Hughes,Wilson Chandler,2,4:57,IND,turnover,,,,,,,,,,Solomon Jones,,,out of bounds lost ball turnover,,,,,
Brandon Rush,Dahntay Jones,Earl Watson,Solomon Jones,T.J. Ford,Chris Duhon,Danilo Gallinari,David Lee,Larry Hughes,Wilson Chandler,2,4:47,IND,foul,,,,,,,,David Lee,,T.J. Ford,,,,,,personal,,
Brandon Rush,Dahntay Jones,Earl Watson,Solomon Jones,T.J. Ford,Chris Duhon,Danilo Gallinari,David Lee,Larry Hughes,Wilson Chandler,2,4:38,NYK,shot,,,,,,,,,,Larry Hughes,,,,missed,,3pt,48,18
Brandon Rush,Dahntay Jones,Earl Watson,Solomon Jones,T.J. Ford,Chris Duhon,Danilo Gallinari,David Lee,Larry Hughes,Wilson Chandler,2,4:36,NYK,rebound,,,,,,,,,,David Lee,,,,,,off,,
Brandon Rush,Dahntay Jones,Earl Watson,Solomon Jones,T.J. Ford,Chris Duhon,Danilo Gallinari,David Lee,Larry Hughes,Wilson Chandler,2,4:35,NYK,shot,,,,,,,,,,David Lee,2,,,made,,dunk,25,6
Brandon Rush,Dahntay Jones,Earl Watson,Solomon Jones,T.J. Ford,Chris Duhon,Danilo Gallinari,David Lee,Larry Hughes,Wilson Chandler,2,4:28,NYK,foul,,,,,,,,Dahntay Jones,,Larry Hughes,,,,,,personal,,
Brandon Rush,Dahntay Jones,Earl Watson,Solomon Jones,T.J. Ford,Chris Duhon,Danilo Gallinari,David Lee,Larry Hughes,Wilson Chandler,2,4:14,IND,shot,Brandon Rush,,,,,,,,,Earl Watson,3,,,made,,3pt,6,23
Brandon Rush,Dahntay Jones,Earl Watson,Solomon Jones,T.J. Ford,Chris Duhon,Danilo Gallinari,David Lee,Larry Hughes,Wilson Chandler,2,3:55,NYK,shot,,,,,,,,,,Wilson Chandler,2,,,made,,jump,18,26
Brandon Rush,Dahntay Jones,Earl Watson,Solomon Jones,T.J. Ford,Chris Duhon,Danilo Gallinari,David Lee,Larry Hughes,Wilson Chandler,2,3:38,IND,shot,,,,,,,,,,Brandon Rush,,,,missed,,3pt,49,5
Brandon Rush,Dahntay Jones,Earl Watson,Solomon Jones,T.J. Ford,Chris Duhon,Danilo Gallinari,David Lee,Larry Hughes,Wilson Chandler,2,3:35,NYK,rebound,,,,,,,,,,Larry Hughes,,,,,,def,,
Brandon Rush,Dahntay Jones,Earl Watson,Solomon Jones,T.J. Ford,Chris Duhon,Danilo Gallinari,David Lee,Larry Hughes,Wilson Chandler,2,3:21,NYK,shot,Larry Hughes,,,,,,,,,Chris Duhon,3,,,made,,3pt,39,28
Brandon Rush,Dahntay Jones,Earl Watson,Solomon Jones,T.J. Ford,Chris Duhon,Danilo Gallinari,David Lee,Larry Hughes,Wilson Chandler,2,3:00,IND,shot,,,,,,,,,,T.J. Ford,,,,missed,,jump,14,21
Brandon Rush,Dahntay Jones,Earl Watson,Solomon Jones,T.J. Ford,Chris Duhon,Danilo Gallinari,David Lee,Larry Hughes,Wilson Chandler,2,2:59,NYK,rebound,,,,,,,,,,David Lee,,,,,,def,,
Brandon Rush,Dahntay Jones,Earl Watson,Solomon Jones,T.J. Ford,Chris Duhon,Danilo Gallinari,David Lee,Larry Hughes,Wilson Chandler,2,2:53,NYK,shot,,,,,,,,,,Danilo Gallinari,,,,missed,,3pt,5,24
Brandon Rush,Dahntay Jones,Earl Watson,Solomon Jones,T.J. Ford,Chris Duhon,Danilo Gallinari,David Lee,Larry Hughes,Wilson Chandler,2,2:51,IND,rebound,,,,,,,,,,Dahntay Jones,,,,,,def,,
Brandon Rush,Dahntay Jones,Earl Watson,Solomon Jones,T.J. Ford,Chris Duhon,Danilo Gallinari,David Lee,Larry Hughes,Wilson Chandler,2,2:45,IND,timeout,,,,,,,,,,,,,,,,regular,,
Brandon Rush,Dahntay Jones,Earl Watson,Solomon Jones,T.J. Ford,Al Harrington,Chris Duhon,Danilo Gallinari,David Lee,Wilson Chandler,2,2:45,NYK,sub,,,,Al Harrington,,Larry Hughes,,,,,,,,,,,,
Brandon Rush,Dahntay Jones,Danny Granger,Earl Watson,Solomon Jones,Al Harrington,Chris Duhon,Danilo Gallinari,David Lee,Wilson Chandler,2,2:45,IND,sub,,,,Danny Granger,,T.J. Ford,,,,,,,,,,,,
Brandon Rush,Dahntay Jones,Danny Granger,Earl Watson,Solomon Jones,Al Harrington,Chris Duhon,Danilo Gallinari,David Lee,Wilson Chandler,2,2:32,IND,shot,,,,,,,,,,Danny Granger,2,,,made,,jump,41,15
Brandon Rush,Dahntay Jones,Danny Granger,Earl Watson,Solomon Jones,Al Harrington,Chris Duhon,Danilo Gallinari,David Lee,Wilson Chandler,2,2:13,NYK,shot,Al Harrington,,,,,,,,,David Lee,2,,,made,,layup,25,6
Brandon Rush,Dahntay Jones,Danny Granger,Earl Watson,Solomon Jones,Al Harrington,Chris Duhon,Danilo Gallinari,David Lee,Wilson Chandler,2,2:06,IND,shot,,,,,,,,,,Danny Granger,,,,missed,,3pt,35,30
Brandon Rush,Dahntay Jones,Danny Granger,Earl Watson,Solomon Jones,Al Harrington,Chris Duhon,Danilo Gallinari,David Lee,Wilson Chandler,2,2:02,IND,rebound,,,,,,,,,,Solomon Jones,,,,,,off,,
Brandon Rush,Dahntay Jones,Danny Granger,Earl Watson,Solomon Jones,Al Harrington,Chris Duhon,Danilo Gallinari,David Lee,Wilson Chandler,2,2:02,IND,shot,,,,,,,,,,Solomon Jones,2,,,made,,putback layup,25,6
Brandon Rush,Dahntay Jones,Danny Granger,Earl Watson,Solomon Jones,Al Harrington,Chris Duhon,Danilo Gallinari,David Lee,Wilson Chandler,2,1:53,NYK,shot,,,,,,,,,,Chris Duhon,,,,missed,,3pt,20,31
Brandon Rush,Dahntay Jones,Danny Granger,Earl Watson,Solomon Jones,Al Harrington,Chris Duhon,Danilo Gallinari,David Lee,Wilson Chandler,2,1:51,IND,rebound,,,,,,,,,,,,,,,,,,
Brandon Rush,Dahntay Jones,Danny Granger,Earl Watson,Solomon Jones,Al Harrington,Chris Duhon,Danilo Gallinari,David Lee,Wilson Chandler,2,1:33,NYK,foul,,,,,,,,Danny Granger,,Al Harrington,,,,,,shooting,,
Brandon Rush,Dahntay Jones,Danny Granger,Earl Watson,Solomon Jones,Al Harrington,Chris Duhon,Danilo Gallinari,David Lee,Wilson Chandler,2,1:33,IND,free throw,,,,,,,1,,3,Danny Granger,,,foul,made,,,,
Brandon Rush,Dahntay Jones,Danny Granger,Earl Watson,Solomon Jones,Al Harrington,Chris Duhon,Danilo Gallinari,David Lee,Wilson Chandler,2,1:33,IND,free throw,,,,,,,2,,3,Danny Granger,,,foul,made,,,,
Brandon Rush,Dahntay Jones,Danny Granger,Earl Watson,Roy Hibbert,Al Harrington,Chris Duhon,Danilo Gallinari,David Lee,Wilson Chandler,2,1:33,IND,sub,,,,Roy Hibbert,,Solomon Jones,,,,,,,,,,,,
Brandon Rush,Dahntay Jones,Danny Granger,Earl Watson,Roy Hibbert,Al Harrington,Chris Duhon,Danilo Gallinari,David Lee,Wilson Chandler,2,1:33,IND,free throw,,,,,,,3,,3,Danny Granger,,,foul,made,,,,
Brandon Rush,Dahntay Jones,Danny Granger,Earl Watson,Roy Hibbert,Al Harrington,Chris Duhon,Danilo Gallinari,David Lee,Wilson Chandler,2,1:23,NYK,turnover,,,,,,,,,,Danilo Gallinari,,,bad pass,,Danny Granger,,,
Brandon Rush,Dahntay Jones,Danny Granger,Earl Watson,Roy Hibbert,Al Harrington,Chris Duhon,Danilo Gallinari,David Lee,Wilson Chandler,2,1:15,IND,shot,,,,,,,,,,Brandon Rush,,,,missed,,3pt,13,27
Brandon Rush,Dahntay Jones,Danny Granger,Earl Watson,Roy Hibbert,Al Harrington,Chris Duhon,Danilo Gallinari,David Lee,Wilson Chandler,2,1:13,NYK,rebound,,,,,,,,,,David Lee,,,,,,def,,
Brandon Rush,Dahntay Jones,Danny Granger,Earl Watson,Roy Hibbert,Al Harrington,Chris Duhon,Danilo Gallinari,David Lee,Wilson Chandler,2,1:04,NYK,shot,Danilo Gallinari,,,,,,,,,Al Harrington,2,,,made,,layup,25,6
Brandon Rush,Dahntay Jones,Danny Granger,Earl Watson,Roy Hibbert,Al Harrington,Chris Duhon,Danilo Gallinari,David Lee,Wilson Chandler,2,0:50,IND,turnover,,,,,,,,,,Roy Hibbert,,,bad pass,,,,,
Brandon Rush,Dahntay Jones,Danny Granger,Earl Watson,Roy Hibbert,Al Harrington,Chris Duhon,Danilo Gallinari,David Lee,Wilson Chandler,2,0:33,NYK,shot,,,,,,,,,,Danilo Gallinari,,,,missed,,jump,45,7
Brandon Rush,Dahntay Jones,Danny Granger,Earl Watson,Roy Hibbert,Al Harrington,Chris Duhon,Danilo Gallinari,David Lee,Wilson Chandler,2,0:31,NYK,rebound,,,,,,,,,,Al Harrington,,,,,,off,,
Brandon Rush,Dahntay Jones,Danny Granger,Earl Watson,Roy Hibbert,Al Harrington,Chris Duhon,Danilo Gallinari,David Lee,Wilson Chandler,2,0:16,NYK,shot,Chris Duhon,,,,,,,,,David Lee,2,,,made,,layup,25,6
Brandon Rush,Dahntay Jones,Danny Granger,Earl Watson,Roy Hibbert,Al Harrington,Chris Duhon,Danilo Gallinari,David Lee,Wilson Chandler,2,0:00,IND,shot,,,,,,,,,,Danny Granger,,,,missed,,jump,36,16
Brandon Rush,Dahntay Jones,Danny Granger,Earl Watson,Roy Hibbert,Al Harrington,Chris Duhon,Danilo Gallinari,David Lee,Wilson Chandler,2,0:00,IND,rebound,,,,,,,,,,,,,,,,,,
Brandon Rush,Dahntay Jones,Danny Granger,Roy Hibbert,T.J. Ford,Chris Duhon,Danilo Gallinari,David Lee,Larry Hughes,Wilson Chandler,3,11:47,NYK,shot,,,Roy Hibbert,,,,,,,Larry Hughes,,,,missed,,layup,25,6
Brandon Rush,Dahntay Jones,Danny Granger,Roy Hibbert,T.J. Ford,Chris Duhon,Danilo Gallinari,David Lee,Larry Hughes,Wilson Chandler,3,11:44,IND,rebound,,,,,,,,,,Dahntay Jones,,,,,,def,,
Brandon Rush,Dahntay Jones,Danny Granger,Roy Hibbert,T.J. Ford,Chris Duhon,Danilo Gallinari,David Lee,Larry Hughes,Wilson Chandler,3,11:32,IND,shot,,,,,,,,,,Brandon Rush,,,,missed,,3pt,43,26
Brandon Rush,Dahntay Jones,Danny Granger,Roy Hibbert,T.J. Ford,Chris Duhon,Danilo Gallinari,David Lee,Larry Hughes,Wilson Chandler,3,11:31,NYK,rebound,,,,,,,,,,David Lee,,,,,,def,,
Brandon Rush,Dahntay Jones,Danny Granger,Roy Hibbert,T.J. Ford,Chris Duhon,Danilo Gallinari,David Lee,Larry Hughes,Wilson Chandler,3,11:22,NYK,shot,,,,,,,,,,David Lee,2,,,made,,driving layup,25,6
Brandon Rush,Dahntay Jones,Danny Granger,Roy Hibbert,T.J. Ford,Chris Duhon,Danilo Gallinari,David Lee,Larry Hughes,Wilson Chandler,3,11:04,IND,shot,,,,,,,,,,Roy Hibbert,2,,,made,,hook,26,12
Brandon Rush,Dahntay Jones,Danny Granger,Roy Hibbert,T.J. Ford,Chris Duhon,Danilo Gallinari,David Lee,Larry Hughes,Wilson Chandler,3,10:45,NYK,shot,David Lee,,,,,,,,,Larry Hughes,3,,,made,,3pt,2,7
Brandon Rush,Dahntay Jones,Danny Granger,Roy Hibbert,T.J. Ford,Chris Duhon,Danilo Gallinari,David Lee,Larry Hughes,Wilson Chandler,3,10:29,IND,shot,,,,,,,,,,T.J. Ford,2,,,made,,running jump,11,5
Brandon Rush,Dahntay Jones,Danny Granger,Roy Hibbert,T.J. Ford,Chris Duhon,Danilo Gallinari,David Lee,Larry Hughes,Wilson Chandler,3,10:15,NYK,shot,,,,,,,,,,Wilson Chandler,,,,missed,,jump,8,10
Brandon Rush,Dahntay Jones,Danny Granger,Roy Hibbert,T.J. Ford,Chris Duhon,Danilo Gallinari,David Lee,Larry Hughes,Wilson Chandler,3,10:13,IND,rebound,,,,,,,,,,Brandon Rush,,,,,,def,,
Brandon Rush,Dahntay Jones,Danny Granger,Roy Hibbert,T.J. Ford,Chris Duhon,Danilo Gallinari,David Lee,Larry Hughes,Wilson Chandler,3,10:05,NYK,foul,,,,,,,,T.J. Ford,,Larry Hughes,,,,,,shooting,,
Brandon Rush,Dahntay Jones,Danny Granger,Roy Hibbert,T.J. Ford,Chris Duhon,Danilo Gallinari,David Lee,Larry Hughes,Wilson Chandler,3,10:05,IND,free throw,,,,,,,1,,2,T.J. Ford,,,foul,made,,,,
Brandon Rush,Dahntay Jones,Danny Granger,Roy Hibbert,T.J. Ford,Al Harrington,Chris Duhon,Danilo Gallinari,David Lee,Wilson Chandler,3,10:05,NYK,sub,,,,Al Harrington,,Larry Hughes,,,,,,,,,,,,
Brandon Rush,Dahntay Jones,Danny Granger,Roy Hibbert,T.J. Ford,Al Harrington,Chris Duhon,Danilo Gallinari,David Lee,Wilson Chandler,3,10:05,IND,free throw,,,,,,,2,,2,T.J. Ford,,,foul,made,,,,
Brandon Rush,Dahntay Jones,Danny Granger,Roy Hibbert,T.J. Ford,Al Harrington,Chris Duhon,Danilo Gallinari,David Lee,Wilson Chandler,3,9:43,NYK,shot,Chris Duhon,,,,,,,,,Danilo Gallinari,3,,,made,,3pt,9,28
Brandon Rush,Dahntay Jones,Danny Granger,Roy Hibbert,T.J. Ford,Al Harrington,Chris Duhon,Danilo Gallinari,David Lee,Wilson Chandler,3,9:24,NYK,foul,,,,,,,,Danny Granger,,David Lee,,,,,,shooting,,
Brandon Rush,Dahntay Jones,Danny Granger,Roy Hibbert,T.J. Ford,Al Harrington,Chris Duhon,Danilo Gallinari,David Lee,Wilson Chandler,3,9:24,IND,free throw,,,,,,,1,,2,Danny Granger,,,foul,made,,,,
Brandon Rush,Dahntay Jones,Danny Granger,Roy Hibbert,T.J. Ford,Al Harrington,Chris Duhon,Danilo Gallinari,David Lee,Wilson Chandler,3,9:24,IND,free throw,,,,,,,2,,2,Danny Granger,,,foul,missed,,,,
Brandon Rush,Dahntay Jones,Danny Granger,Roy Hibbert,T.J. Ford,Al Harrington,Chris Duhon,Danilo Gallinari,David Lee,Wilson Chandler,3,9:22,NYK,rebound,,,,,,,,,,David Lee,,,,,,def,,
Brandon Rush,Dahntay Jones,Danny Granger,Roy Hibbert,T.J. Ford,Al Harrington,Chris Duhon,Danilo Gallinari,David Lee,Wilson Chandler,3,9:14,NYK,shot,,,,,,,,,,Chris Duhon,2,,,made,,running layup,25,6
Brandon Rush,Dahntay Jones,Danny Granger,Roy Hibbert,T.J. Ford,Al Harrington,Chris Duhon,Danilo Gallinari,David Lee,Wilson Chandler,3,8:56,IND,shot,Danny Granger,,,,,,,,,Dahntay Jones,2,,,made,,driving dunk,25,6
Brandon Rush,Dahntay Jones,Danny Granger,Roy Hibbert,T.J. Ford,Al Harrington,Chris Duhon,Danilo Gallinari,David Lee,Wilson Chandler,3,8:56,NYK,foul,,,,,,,,Dahntay Jones,,David Lee,,,,,,shooting,,
Brandon Rush,Dahntay Jones,Danny Granger,Roy Hibbert,T.J. Ford,Al Harrington,Chris Duhon,Danilo Gallinari,David Lee,Wilson Chandler,3,8:56,IND,free throw,,,,,,,1,,1,Dahntay Jones,,,foul,made,,,,
Brandon Rush,Dahntay Jones,Danny Granger,Roy Hibbert,T.J. Ford,Al Harrington,Chris Duhon,Danilo Gallinari,David Lee,Wilson Chandler,3,8:31,NYK,shot,David Lee,,,,,,,,,Danilo Gallinari,2,,,made,,jump,44,8
Brandon Rush,Dahntay Jones,Danny Granger,Roy Hibbert,T.J. Ford,Al Harrington,Chris Duhon,Danilo Gallinari,David Lee,Wilson Chandler,3,8:07,IND,shot,,,,,,,,,,Roy Hibbert,,,,missed,,layup,25,6
Brandon Rush,Dahntay Jones,Danny Granger,Roy Hibbert,T.J. Ford,Al Harrington,Chris Duhon,Danilo Gallinari,David Lee,Wilson Chandler,3,8:06,NYK,rebound,,,,,,,,,,David Lee,,,,,,def,,
Brandon Rush,Dahntay Jones,Danny Granger,Roy Hibbert,T.J. Ford,Al Harrington,Chris Duhon,Danilo Gallinari,David Lee,Wilson Chandler,3,8:02,NYK,turnover,,,,,,,,,,Wilson Chandler,,,palming turnover,,,,,
Brandon Rush,Dahntay Jones,Danny Granger,Roy Hibbert,T.J. Ford,Al Harrington,Chris Duhon,Danilo Gallinari,David Lee,Wilson Chandler,3,7:49,IND,shot,,,,,,,,,,Danny Granger,,,,missed,,3pt,29,31
Brandon Rush,Dahntay Jones,Danny Granger,Roy Hibbert,T.J. Ford,Al Harrington,Chris Duhon,Danilo Gallinari,David Lee,Wilson Chandler,3,7:47,NYK,rebound,,,,,,,,,,David Lee,,,,,,def,,
Brandon Rush,Dahntay Jones,Danny Granger,Roy Hibbert,T.J. Ford,Al Harrington,Chris Duhon,Danilo Gallinari,David Lee,Wilson Chandler,3,7:23,NYK,shot,,,,,,,,,,Al Harrington,,,,missed,,3pt,48,6
Brandon Rush,Dahntay Jones,Danny Granger,Roy Hibbert,T.J. Ford,Al Harrington,Chris Duhon,Danilo Gallinari,David Lee,Wilson Chandler,3,7:22,IND,rebound,,,,,,,,,,Roy Hibbert,,,,,,def,,
Brandon Rush,Dahntay Jones,Danny Granger,Roy Hibbert,T.J. Ford,Al Harrington,Chris Duhon,Danilo Gallinari,David Lee,Wilson Chandler,3,7:18,IND,shot,T.J. Ford,,,,,,,,,Dahntay Jones,2,,,made,,driving layup,25,6
Brandon Rush,Dahntay Jones,Danny Granger,Roy Hibbert,T.J. Ford,Al Harrington,Chris Duhon,Danilo Gallinari,David Lee,Wilson Chandler,3,7:18,NYK,foul,,,,,,,,Dahntay Jones,,Danilo Gallinari,,,,,,shooting,,
Brandon Rush,Dahntay Jones,Danny Granger,Solomon Jones,T.J. Ford,Al Harrington,Chris Duhon,Danilo Gallinari,David Lee,Wilson Chandler,3,7:18,IND,sub,,,,Solomon Jones,,Roy Hibbert,,,,,,,,,,,,
Brandon Rush,Dahntay Jones,Danny Granger,Solomon Jones,T.J. Ford,Al Harrington,Chris Duhon,Danilo Gallinari,David Lee,Wilson Chandler,3,7:18,IND,free throw,,,,,,,1,,1,Dahntay Jones,,,foul,made,,,,
Brandon Rush,Dahntay Jones,Danny Granger,Solomon Jones,T.J. Ford,Al Harrington,Chris Duhon,Danilo Gallinari,David Lee,Wilson Chandler,3,7:08,NYK,shot,,,,,,,,,,David Lee,,,,missed,,jump,15,25
Brandon Rush,Dahntay Jones,Danny Granger,Solomon Jones,T.J. Ford,Al Harrington,Chris Duhon,Danilo Gallinari,David Lee,Wilson Chandler,3,7:06,IND,rebound,,,,,,,,,,Dahntay Jones,,,,,,def,,
Brandon Rush,Dahntay Jones,Danny Granger,Solomon Jones,T.J. Ford,Al Harrington,Chris Duhon,Danilo Gallinari,David Lee,Wilson Chandler,3,6:44,IND,shot,,,,,,,,,,Dahntay Jones,2,,,made,,jump,9,18
Brandon Rush,Dahntay Jones,Danny Granger,Solomon Jones,T.J. Ford,Al Harrington,Chris Duhon,Danilo Gallinari,David Lee,Wilson Chandler,3,6:25,IND,foul,,,,,,,,Al Harrington,,Danny Granger,,,,,,personal,,
Brandon Rush,Dahntay Jones,Luther Head,Solomon Jones,T.J. Ford,Al Harrington,Chris Duhon,Danilo Gallinari,David Lee,Wilson Chandler,3,6:25,IND,sub,,,,Luther Head,,Danny Granger,,,,,,,,,,,,
Brandon Rush,Dahntay Jones,Luther Head,Solomon Jones,T.J. Ford,Al Harrington,Chris Duhon,Danilo Gallinari,David Lee,Wilson Chandler,3,6:11,NYK,turnover,,,,,,,,,,Danilo Gallinari,,,bad pass,,,,,
Brandon Rush,Dahntay Jones,Luther Head,Solomon Jones,T.J. Ford,Al Harrington,Chris Duhon,Danilo Gallinari,David Lee,Wilson Chandler,3,5:55,IND,shot,,,Al Harrington,,,,,,,Dahntay Jones,,,,missed,,layup,25,6
Brandon Rush,Dahntay Jones,Luther Head,Solomon Jones,T.J. Ford,Al Harrington,Chris Duhon,Danilo Gallinari,David Lee,Wilson Chandler,3,5:53,NYK,rebound,,,,,,,,,,Danilo Gallinari,,,,,,def,,
Brandon Rush,Dahntay Jones,Luther Head,Solomon Jones,T.J. Ford,Al Harrington,Chris Duhon,Danilo Gallinari,David Lee,Wilson Chandler,3,5:48,NYK,shot,,,Solomon Jones,,,,,,,Wilson Chandler,,,,missed,,layup,25,6
Brandon Rush,Dahntay Jones,Luther Head,Solomon Jones,T.J. Ford,Al Harrington,Chris Duhon,Danilo Gallinari,David Lee,Wilson Chandler,3,5:47,IND,rebound,,,,,,,,,,Dahntay Jones,,,,,,def,,
Brandon Rush,Dahntay Jones,Luther Head,Solomon Jones,T.J. Ford,Al Harrington,Chris Duhon,Danilo Gallinari,David Lee,Wilson Chandler,3,5:37,IND,shot,,,,,,,,,,Luther Head,,,,missed,,layup,25,6
Brandon Rush,Dahntay Jones,Luther Head,Solomon Jones,T.J. Ford,Al Harrington,Chris Duhon,Danilo Gallinari,David Lee,Wilson Chandler,3,5:35,IND,rebound,,,,,,,,,,Solomon Jones,,,,,,off,,
Brandon Rush,Dahntay Jones,Luther Head,Solomon Jones,T.J. Ford,Al Harrington,Chris Duhon,Danilo Gallinari,David Lee,Wilson Chandler,3,5:35,IND,shot,,,,,,,,,,Solomon Jones,2,,,made,,tip,25,6
Brandon Rush,Dahntay Jones,Luther Head,Solomon Jones,T.J. Ford,Al Harrington,Chris Duhon,Danilo Gallinari,David Lee,Wilson Chandler,3,5:26,NYK,shot,,,,,,,,,,Chris Duhon,2,,,made,,running jump,29,12
Brandon Rush,Dahntay Jones,Luther Head,Solomon Jones,T.J. Ford,Al Harrington,Chris Duhon,Danilo Gallinari,David Lee,Wilson Chandler,3,5:25,IND,turnover,,,,,,,,,,Solomon Jones,,,bad pass,,Chris Duhon,,,
Brandon Rush,Dahntay Jones,Luther Head,Solomon Jones,T.J. Ford,Al Harrington,Chris Duhon,Danilo Gallinari,David Lee,Wilson Chandler,3,5:24,NYK,turnover,,,,,,,,,,Chris Duhon,,,step out of bounds turnover,,,,,
Brandon Rush,Dahntay Jones,Luther Head,Solomon Jones,T.J. Ford,Al Harrington,Chris Duhon,Danilo Gallinari,David Lee,Wilson Chandler,3,5:24,NYK,timeout,,,,,,,,,,,,,,,,regular,,
Brandon Rush,Dahntay Jones,Luther Head,Solomon Jones,T.J. Ford,Al Harrington,Chris Duhon,Danilo Gallinari,Jared Jeffries,Wilson Chandler,3,5:24,NYK,sub,,,,Jared Jeffries,,David Lee,,,,,,,,,,,,
Brandon Rush,Dahntay Jones,Luther Head,Solomon Jones,T.J. Ford,Al Harrington,Chris Duhon,Danilo Gallinari,Jared Jeffries,Wilson Chandler,3,5:09,IND,turnover,,,,,,,,,,Luther Head,,,bad pass,,Al Harrington,,,
Brandon Rush,Dahntay Jones,Luther Head,Solomon Jones,T.J. Ford,Al Harrington,Chris Duhon,Danilo Gallinari,Jared Jeffries,Wilson Chandler,3,4:54,IND,foul,,,,,,,,Al Harrington,,Solomon Jones,,,,,,personal,,
Brandon Rush,Dahntay Jones,Luther Head,Solomon Jones,T.J. Ford,Al Harrington,Chris Duhon,Danilo Gallinari,Jared Jeffries,Wilson Chandler,3,4:42,NYK,shot,,,,,,,,,,Al Harrington,,,,missed,,jump,23,22
Brandon Rush,Dahntay Jones,Luther Head,Solomon Jones,T.J. Ford,Al Harrington,Chris Duhon,Danilo Gallinari,Jared Jeffries,Wilson Chandler,3,4:40,NYK,rebound,,,,,,,,,,Jared Jeffries,,,,,,off,,
Brandon Rush,Dahntay Jones,Luther Head,Solomon Jones,T.J. Ford,Al Harrington,Chris Duhon,Danilo Gallinari,Jared Jeffries,Wilson Chandler,3,4:38,NYK,shot,,,,,,,,,,Jared Jeffries,,,,missed,,layup,25,6
Brandon Rush,Dahntay Jones,Luther Head,Solomon Jones,T.J. Ford,Al Harrington,Chris Duhon,Danilo Gallinari,Jared Jeffries,Wilson Chandler,3,4:38,NYK,rebound,,,,,,,,,,Jared Jeffries,,,,,,off,,
Brandon Rush,Dahntay Jones,Luther Head,Solomon Jones,T.J. Ford,Al Harrington,Chris Duhon,Danilo Gallinari,Jared Jeffries,Wilson Chandler,3,4:36,NYK,shot,,,,,,,,,,Jared Jeffries,2,,,made,,layup,25,6
Brandon Rush,Dahntay Jones,Luther Head,Solomon Jones,T.J. Ford,Al Harrington,Chris Duhon,Danilo Gallinari,Jared Jeffries,Wilson Chandler,3,4:11,IND,shot,,,,,,,,,,Dahntay Jones,,,,missed,,jump,36,21
Brandon Rush,Dahntay Jones,Luther Head,Solomon Jones,T.J. Ford,Al Harrington,Chris Duhon,Danilo Gallinari,Jared Jeffries,Wilson Chandler,3,4:09,NYK,rebound,,,,,,,,,,Wilson Chandler,,,,,,def,,
Brandon Rush,Earl Watson,Luther Head,Solomon Jones,T.J. Ford,Al Harrington,Chris Duhon,Danilo Gallinari,Jared Jeffries,Wilson Chandler,3,4:01,IND,sub,,,,Earl Watson,,Dahntay Jones,,,,,,,,,,,,
Brandon Rush,Danny Granger,Earl Watson,Luther Head,Solomon Jones,Al Harrington,Chris Duhon,Danilo Gallinari,Jared Jeffries,Wilson Chandler,3,4:01,IND,sub,,,,Danny Granger,,T.J. Ford,,,,,,,,,,,,
Brandon Rush,Danny Granger,Earl Watson,Luther Head,Solomon Jones,Al Harrington,Chris Duhon,Danilo Gallinari,Jared Jeffries,Wilson Chandler,3,4:01,NYK,turnover,,,,,,,,,,Al Harrington,,,out of bounds lost ball turnover,,,,,
Brandon Rush,Danny Granger,Earl Watson,Luther Head,Solomon Jones,Al Harrington,Chris Duhon,Danilo Gallinari,Jared Jeffries,Wilson Chandler,3,3:50,IND,shot,,,,,,,,,,Luther Head,,,,missed,,3pt,8,25
Brandon Rush,Danny Granger,Earl Watson,Luther Head,Solomon Jones,Al Harrington,Chris Duhon,Danilo Gallinari,Jared Jeffries,Wilson Chandler,3,3:49,NYK,rebound,,,,,,,,,,Al Harrington,,,,,,def,,
Brandon Rush,Danny Granger,Earl Watson,Luther Head,Solomon Jones,Al Harrington,Chris Duhon,Danilo Gallinari,Jared Jeffries,Wilson Chandler,3,3:41,NYK,shot,,,,,,,,,,Danilo Gallinari,,,,missed,,3pt,11,26
Brandon Rush,Danny Granger,Earl Watson,Luther Head,Solomon Jones,Al Harrington,Chris Duhon,Danilo Gallinari,Jared Jeffries,Wilson Chandler,3,3:40,IND,rebound,,,,,,,,,,Brandon Rush,,,,,,def,,
Brandon Rush,Danny Granger,Earl Watson,Luther Head,Solomon Jones,Al Harrington,Chris Duhon,Danilo Gallinari,Jared Jeffries,Wilson Chandler,3,3:33,IND,shot,,,,,,,,,,Brandon Rush,,,,missed,,layup,25,6
Brandon Rush,Danny Granger,Earl Watson,Luther Head,Solomon Jones,Al Harrington,Chris Duhon,Danilo Gallinari,Jared Jeffries,Wilson Chandler,3,3:31,NYK,rebound,,,,,,,,,,Jared Jeffries,,,,,,def,,
Brandon Rush,Danny Granger,Earl Watson,Luther Head,Solomon Jones,Al Harrington,Chris Duhon,Danilo Gallinari,Jared Jeffries,Wilson Chandler,3,3:22,NYK,shot,,,Brandon Rush,,,,,,,Al Harrington,,,,missed,,layup,25,6
Brandon Rush,Danny Granger,Earl Watson,Luther Head,Solomon Jones,Al Harrington,Chris Duhon,Danilo Gallinari,Jared Jeffries,Wilson Chandler,3,3:21,IND,rebound,,,,,,,,,,Solomon Jones,,,,,,def,,
Brandon Rush,Danny Granger,Earl Watson,Luther Head,Solomon Jones,Al Harrington,Chris Duhon,Danilo Gallinari,Jared Jeffries,Wilson Chandler,3,3:14,IND,shot,,,,,,,,,,Brandon Rush,,,,missed,,3pt,48,16
Brandon Rush,Danny Granger,Earl Watson,Luther Head,Solomon Jones,Al Harrington,Chris Duhon,Danilo Gallinari,Jared Jeffries,Wilson Chandler,3,3:12,NYK,rebound,,,,,,,,,,Chris Duhon,,,,,,def,,
Brandon Rush,Danny Granger,Earl Watson,Luther Head,Solomon Jones,Al Harrington,Chris Duhon,Danilo Gallinari,Jared Jeffries,Wilson Chandler,3,2:57,NYK,shot,Wilson Chandler,,,,,,,,,Danilo Gallinari,2,,,made,,jump,43,7
Brandon Rush,Danny Granger,Earl Watson,Luther Head,Solomon Jones,Al Harrington,Chris Duhon,Danilo Gallinari,Jared Jeffries,Wilson Chandler,3,2:37,IND,foul,,,,,,,,Jared Jeffries,,Brandon Rush,,,,,,offensive,,
Brandon Rush,Danny Granger,Earl Watson,Luther Head,Solomon Jones,Al Harrington,Chris Duhon,Danilo Gallinari,Jared Jeffries,Wilson Chandler,3,2:37,IND,turnover,,,,,,,,,,Brandon Rush,,,foul,,,,,
Brandon Rush,Danny Granger,Earl Watson,Luther Head,Solomon Jones,Al Harrington,Chris Duhon,Danilo Gallinari,Jared Jeffries,Wilson Chandler,3,2:37,IND,timeout,,,,,,,,,,,,,,,,regular,,
Brandon Rush,Danny Granger,Earl Watson,Luther Head,Roy Hibbert,Al Harrington,Chris Duhon,Danilo Gallinari,Jared Jeffries,Wilson Chandler,3,2:37,IND,sub,,,,Roy Hibbert,,Solomon Jones,,,,,,,,,,,,
Brandon Rush,Danny Granger,Earl Watson,Luther Head,Roy Hibbert,Al Harrington,Chris Duhon,Danilo Gallinari,Jared Jeffries,Wilson Chandler,3,2:25,NYK,turnover,,,,,,,,,,Al Harrington,,,bad pass,,Luther Head,,,
Brandon Rush,Danny Granger,Earl Watson,Luther Head,Roy Hibbert,Al Harrington,Chris Duhon,Danilo Gallinari,Jared Jeffries,Wilson Chandler,3,2:24,NYK,violation,,,,,,,,,,Al Harrington,,,,,,kicked ball,,
Brandon Rush,Danny Granger,Earl Watson,Luther Head,Roy Hibbert,Al Harrington,Chris Duhon,Danilo Gallinari,Jared Jeffries,Wilson Chandler,3,2:08,IND,shot,,,,,,,,,,Danny Granger,,,,missed,,3pt,30,31
Brandon Rush,Danny Granger,Earl Watson,Luther Head,Roy Hibbert,Al Harrington,Chris Duhon,Danilo Gallinari,Jared Jeffries,Wilson Chandler,3,2:06,NYK,rebound,,,,,,,,,,Jared Jeffries,,,,,,def,,
Brandon Rush,Danny Granger,Earl Watson,Luther Head,Roy Hibbert,Al Harrington,Chris Duhon,Danilo Gallinari,Jared Jeffries,Wilson Chandler,3,2:00,NYK,turnover,,,,,,,,,,Chris Duhon,,,out of bounds lost ball turnover,,,,,
Brandon Rush,Danny Granger,Earl Watson,Luther Head,Roy Hibbert,Al Harrington,Chris Duhon,Danilo Gallinari,Jared Jeffries,Wilson Chandler,3,1:44,NYK,foul,,,,,,,,Danny Granger,,Wilson Chandler,,,,,,shooting,,
Brandon Rush,Danny Granger,Earl Watson,Luther Head,Roy Hibbert,Al Harrington,Chris Duhon,Danilo Gallinari,Jared Jeffries,Wilson Chandler,3,1:44,IND,free throw,,,,,,,1,,2,Danny Granger,,,foul,missed,,,,
Brandon Rush,Danny Granger,Earl Watson,Luther Head,Roy Hibbert,Al Harrington,Chris Duhon,Danilo Gallinari,Jared Jeffries,Wilson Chandler,3,1:44,IND,rebound,,,,,,,,,,,,,,,,,,
Brandon Rush,Danny Granger,Earl Watson,Luther Head,Roy Hibbert,Al Harrington,Chris Duhon,Danilo Gallinari,Jared Jeffries,Wilson Chandler,3,1:44,IND,free throw,,,,,,,2,,2,Danny Granger,,,foul,made,,,,
Brandon Rush,Danny Granger,Earl Watson,Luther Head,Roy Hibbert,Al Harrington,Chris Duhon,Danilo Gallinari,Jared Jeffries,Wilson Chandler,3,1:23,NYK,shot,,,,,,,,,,Wilson Chandler,,,,missed,,layup,25,6
Brandon Rush,Danny Granger,Earl Watson,Luther Head,Roy Hibbert,Al Harrington,Chris Duhon,Danilo Gallinari,Jared Jeffries,Wilson Chandler,3,1:21,IND,rebound,,,,,,,,,,Roy Hibbert,,,,,,def,,
Brandon Rush,Danny Granger,Earl Watson,Luther Head,Roy Hibbert,Al Harrington,Chris Duhon,Danilo Gallinari,Jared Jeffries,Wilson Chandler,3,1:15,IND,shot,Earl Watson,,,,,,,,,Danny Granger,3,,,made,,3pt,4,24
Brandon Rush,Danny Granger,Earl Watson,Luther Head,Roy Hibbert,Al Harrington,Chris Duhon,Danilo Gallinari,Jared Jeffries,Wilson Chandler,3,0:58,NYK,turnover,,,,,,,,,,Jared Jeffries,,,lost ball,,Danny Granger,,,
Brandon Rush,Danny Granger,Earl Watson,Luther Head,Roy Hibbert,Al Harrington,Chris Duhon,Danilo Gallinari,Jared Jeffries,Wilson Chandler,3,0:50,IND,shot,,,,,,,,,,Roy Hibbert,,,,missed,,layup,25,6
Brandon Rush,Danny Granger,Earl Watson,Luther Head,Roy Hibbert,Al Harrington,Chris Duhon,Danilo Gallinari,Jared Jeffries,Wilson Chandler,3,0:49,NYK,rebound,,,,,,,,,,Al Harrington,,,,,,def,,
Brandon Rush,Danny Granger,Earl Watson,Luther Head,Roy Hibbert,Al Harrington,Chris Duhon,Danilo Gallinari,Jared Jeffries,Wilson Chandler,3,0:28,NYK,shot,,,,,,,,,,Chris Duhon,,,,missed,,3pt,10,25
Brandon Rush,Danny Granger,Earl Watson,Luther Head,Roy Hibbert,Al Harrington,Chris Duhon,Danilo Gallinari,Jared Jeffries,Wilson Chandler,3,0:27,IND,rebound,,,,,,,,,,Brandon Rush,,,,,,def,,
Brandon Rush,Danny Granger,Earl Watson,Luther Head,Roy Hibbert,Al Harrington,Chris Duhon,Danilo Gallinari,Jared Jeffries,Wilson Chandler,3,0:05,NYK,foul,,,,,,,,Roy Hibbert,,Wilson Chandler,,,,,,shooting,,
Brandon Rush,Danny Granger,Earl Watson,Luther Head,Roy Hibbert,Al Harrington,Chris Duhon,Danilo Gallinari,Jared Jeffries,Wilson Chandler,3,0:05,IND,free throw,,,,,,,1,,2,Roy Hibbert,,,foul,made,,,,
Brandon Rush,Danny Granger,Earl Watson,Luther Head,Roy Hibbert,Al Harrington,Chris Duhon,Danilo Gallinari,Jared Jeffries,Wilson Chandler,3,0:05,IND,free throw,,,,,,,2,,2,Roy Hibbert,,,foul,missed,,,,
Brandon Rush,Danny Granger,Earl Watson,Luther Head,Roy Hibbert,Al Harrington,Chris Duhon,Danilo Gallinari,Jared Jeffries,Wilson Chandler,3,0:00,IND,rebound,,,,,,,,,,Danny Granger,,,,,,off,,
Brandon Rush,Danny Granger,Earl Watson,Luther Head,Roy Hibbert,Al Harrington,Chris Duhon,Danilo Gallinari,Jared Jeffries,Wilson Chandler,3,0:00,NYK,foul,,,,,,,,Brandon Rush,,Jared Jeffries,,,,,,shooting,,
Brandon Rush,Danny Granger,Earl Watson,Luther Head,Roy Hibbert,Al Harrington,Chris Duhon,Danilo Gallinari,Jared Jeffries,Wilson Chandler,3,0:00,IND,free throw,,,,,,,1,,2,Brandon Rush,,,foul,made,,,,
Brandon Rush,Danny Granger,Earl Watson,Luther Head,Roy Hibbert,Al Harrington,Chris Duhon,Danilo Gallinari,Jared Jeffries,Wilson Chandler,3,0:00,IND,free throw,,,,,,,2,,2,Brandon Rush,,,foul,missed,,,,
Brandon Rush,Danny Granger,Earl Watson,Luther Head,Roy Hibbert,Al Harrington,Chris Duhon,Danilo Gallinari,Jared Jeffries,Wilson Chandler,3,0:00,NYK,rebound,,,,,,,,,,Al Harrington,,,,,,def,,
Brandon Rush,Danny Granger,Earl Watson,Luther Head,Roy Hibbert,Al Harrington,Chris Duhon,Danilo Gallinari,Jared Jeffries,Wilson Chandler,3,0:00,NYK,rebound,,,,,,,,,,,,,,,,,,
Dahntay Jones,Danny Granger,Earl Watson,Luther Head,Roy Hibbert,Al Harrington,David Lee,Larry Hughes,Toney Douglas,Wilson Chandler,4,11:46,NYK,foul,,,,,,,,,,Toney Douglas,,,,,,defense 3 second,,
Dahntay Jones,Danny Granger,Earl Watson,Luther Head,Roy Hibbert,Al Harrington,David Lee,Larry Hughes,Toney Douglas,Wilson Chandler,4,11:46,IND,free throw,,,,,,,1,,1,Luther Head,,,technical,made,,,,
Dahntay Jones,Danny Granger,Earl Watson,Luther Head,Roy Hibbert,Al Harrington,David Lee,Larry Hughes,Toney Douglas,Wilson Chandler,4,11:31,IND,turnover,,,,,,,,,,,,,shot clock turnover,,,,,
Dahntay Jones,Danny Granger,Earl Watson,Luther Head,Roy Hibbert,Al Harrington,David Lee,Larry Hughes,Toney Douglas,Wilson Chandler,4,11:20,IND,foul,,,,,,,,Al Harrington,,Danny Granger,,,,,,personal,,
Dahntay Jones,Danny Granger,Earl Watson,Luther Head,Roy Hibbert,Al Harrington,David Lee,Larry Hughes,Toney Douglas,Wilson Chandler,4,11:06,NYK,shot,,,,,,,,,,Toney Douglas,2,,,made,,running jump,24,12
Dahntay Jones,Danny Granger,Earl Watson,Luther Head,Roy Hibbert,Al Harrington,David Lee,Larry Hughes,Toney Douglas,Wilson Chandler,4,10:48,IND,shot,,,,,,,,,,Dahntay Jones,,,,missed,,jump,10,10
Dahntay Jones,Danny Granger,Earl Watson,Luther Head,Roy Hibbert,Al Harrington,David Lee,Larry Hughes,Toney Douglas,Wilson Chandler,4,10:46,IND,rebound,,,,,,,,,,Roy Hibbert,,,,,,off,,
Dahntay Jones,Danny Granger,Earl Watson,Luther Head,Roy Hibbert,Al Harrington,David Lee,Larry Hughes,Toney Douglas,Wilson Chandler,4,10:46,IND,shot,,,,,,,,,,Roy Hibbert,2,,,made,,putback layup,25,6
Dahntay Jones,Danny Granger,Earl Watson,Luther Head,Roy Hibbert,Al Harrington,David Lee,Larry Hughes,Toney Douglas,Wilson Chandler,4,10:35,NYK,shot,,,,,,,,,,David Lee,,,,missed,,jump,16,20
Dahntay Jones,Danny Granger,Earl Watson,Luther Head,Roy Hibbert,Al Harrington,David Lee,Larry Hughes,Toney Douglas,Wilson Chandler,4,10:34,IND,rebound,,,,,,,,,,Dahntay Jones,,,,,,def,,
Dahntay Jones,Danny Granger,Earl Watson,Luther Head,Roy Hibbert,Al Harrington,David Lee,Larry Hughes,Toney Douglas,Wilson Chandler,4,10:23,IND,turnover,,,,,,,,,,Danny Granger,,,palming turnover,,,,,
Dahntay Jones,Danny Granger,Earl Watson,Luther Head,Roy Hibbert,Al Harrington,David Lee,Larry Hughes,Toney Douglas,Wilson Chandler,4,10:13,NYK,shot,,,,,,,,,,Wilson Chandler,,,,missed,,3pt,45,21
Dahntay Jones,Danny Granger,Earl Watson,Luther Head,Roy Hibbert,Al Harrington,David Lee,Larry Hughes,Toney Douglas,Wilson Chandler,4,10:11,NYK,rebound,,,,,,,,,,Larry Hughes,,,,,,off,,
Dahntay Jones,Danny Granger,Earl Watson,Luther Head,Roy Hibbert,Al Harrington,David Lee,Larry Hughes,Toney Douglas,Wilson Chandler,4,10:11,IND,foul,,,,,,,,Larry Hughes,,Earl Watson,,,,,,personal,,
Dahntay Jones,Danny Granger,Earl Watson,Luther Head,Roy Hibbert,Al Harrington,David Lee,Larry Hughes,Toney Douglas,Wilson Chandler,4,9:56,NYK,shot,,,,,,,,,,Larry Hughes,,,,missed,,3pt,45,19
Dahntay Jones,Danny Granger,Earl Watson,Luther Head,Roy Hibbert,Al Harrington,David Lee,Larry Hughes,Toney Douglas,Wilson Chandler,4,9:54,IND,rebound,,,,,,,,,,Dahntay Jones,,,,,,def,,
Dahntay Jones,Danny Granger,Earl Watson,Luther Head,Roy Hibbert,Al Harrington,David Lee,Larry Hughes,Toney Douglas,Wilson Chandler,4,9:36,IND,shot,Roy Hibbert,,,,,,,,,Danny Granger,3,,,made,,3pt,28,33
Dahntay Jones,Danny Granger,Earl Watson,Luther Head,Roy Hibbert,Al Harrington,David Lee,Larry Hughes,Toney Douglas,Wilson Chandler,4,9:21,NYK,shot,David Lee,,,,,,,,,Wilson Chandler,2,,,made,,jump,10,17
Dahntay Jones,Danny Granger,Earl Watson,Luther Head,Roy Hibbert,Al Harrington,David Lee,Larry Hughes,Toney Douglas,Wilson Chandler,4,9:04,NYK,foul,,,,,,,,Roy Hibbert,,Al Harrington,,,,,,personal,,
Dahntay Jones,Danny Granger,Earl Watson,Luther Head,Roy Hibbert,Al Harrington,David Lee,Larry Hughes,Toney Douglas,Wilson Chandler,4,8:57,IND,shot,Danny Granger,,,,,,,,,Roy Hibbert,2,,,made,,slam dunk,25,6
Dahntay Jones,Danny Granger,Earl Watson,Luther Head,Roy Hibbert,Al Harrington,David Lee,Larry Hughes,Toney Douglas,Wilson Chandler,4,8:46,NYK,shot,,,,,,,,,,Larry Hughes,,,,missed,,jump,25,17
Dahntay Jones,Danny Granger,Earl Watson,Luther Head,Roy Hibbert,Al Harrington,David Lee,Larry Hughes,Toney Douglas,Wilson Chandler,4,8:45,IND,rebound,,,,,,,,,,Roy Hibbert,,,,,,def,,
Dahntay Jones,Danny Granger,Earl Watson,Luther Head,Roy Hibbert,Al Harrington,David Lee,Larry Hughes,Toney Douglas,Wilson Chandler,4,8:34,IND,shot,,,David Lee,,,,,,,Roy Hibbert,,,,missed,,layup,25,6
Dahntay Jones,Danny Granger,Earl Watson,Luther Head,Roy Hibbert,Al Harrington,David Lee,Larry Hughes,Toney Douglas,Wilson Chandler,4,8:33,NYK,rebound,,,,,,,,,,Wilson Chandler,,,,,,def,,
Dahntay Jones,Danny Granger,Earl Watson,Luther Head,Roy Hibbert,Al Harrington,David Lee,Larry Hughes,Toney Douglas,Wilson Chandler,4,8:27,IND,foul,,,,,,,,Al Harrington,,Danny Granger,,,,,,shooting,,
Dahntay Jones,Danny Granger,Earl Watson,Luther Head,Roy Hibbert,Al Harrington,David Lee,Larry Hughes,Toney Douglas,Wilson Chandler,4,8:27,NYK,timeout,,,,,,,,,,,,,,,,official,,
Dahntay Jones,Danny Granger,Earl Watson,Luther Head,Solomon Jones,Al Harrington,David Lee,Larry Hughes,Toney Douglas,Wilson Chandler,4,8:27,IND,sub,,,,Solomon Jones,,Roy Hibbert,,,,,,,,,,,,
Brandon Rush,Dahntay Jones,Danny Granger,Earl Watson,Solomon Jones,Al Harrington,David Lee,Larry Hughes,Toney Douglas,Wilson Chandler,4,8:27,IND,sub,,,,Brandon Rush,,Luther Head,,,,,,,,,,,,
Brandon Rush,Dahntay Jones,Danny Granger,Earl Watson,Solomon Jones,Al Harrington,Chris Duhon,David Lee,Larry Hughes,Toney Douglas,4,8:27,NYK,sub,,,,Chris Duhon,,Wilson Chandler,,,,,,,,,,,,
Brandon Rush,Dahntay Jones,Danny Granger,Earl Watson,Solomon Jones,Al Harrington,Chris Duhon,David Lee,Larry Hughes,Toney Douglas,4,8:27,NYK,free throw,,,,,,,1,,2,Al Harrington,,,foul,missed,,,,
Brandon Rush,Dahntay Jones,Danny Granger,Earl Watson,Solomon Jones,Al Harrington,Chris Duhon,David Lee,Larry Hughes,Toney Douglas,4,8:27,NYK,rebound,,,,,,,,,,,,,,,,,,
Brandon Rush,Dahntay Jones,Danny Granger,Earl Watson,Solomon Jones,Al Harrington,Chris Duhon,David Lee,Larry Hughes,Toney Douglas,4,8:27,NYK,free throw,,,,,,,2,,2,Al Harrington,,,foul,made,,,,
Brandon Rush,Dahntay Jones,Danny Granger,Earl Watson,Solomon Jones,Al Harrington,Chris Duhon,David Lee,Larry Hughes,Toney Douglas,4,8:17,IND,turnover,,,,,,,,,,Danny Granger,,,bad pass,,,,,
Brandon Rush,Dahntay Jones,Danny Granger,Earl Watson,Solomon Jones,Al Harrington,Chris Duhon,David Lee,Larry Hughes,Toney Douglas,4,8:05,NYK,turnover,,,,,,,,,,David Lee,,,poss lost ball turnover,,Danny Granger,,,
Brandon Rush,Dahntay Jones,Danny Granger,Earl Watson,Solomon Jones,Al Harrington,Chris Duhon,David Lee,Larry Hughes,Toney Douglas,4,7:56,IND,turnover,,,,,,,,,,Danny Granger,,,lost ball,,Al Harrington,,,
Brandon Rush,Dahntay Jones,Danny Granger,Earl Watson,Solomon Jones,Al Harrington,Chris Duhon,David Lee,Larry Hughes,Toney Douglas,4,7:54,IND,foul,,,,,,,,Al Harrington,,Brandon Rush,,,,,,shooting,,
Brandon Rush,Dahntay Jones,Danny Granger,Earl Watson,Solomon Jones,Al Harrington,Chris Duhon,David Lee,Larry Hughes,Toney Douglas,4,7:54,NYK,free throw,,,,,,,1,,2,Al Harrington,,,foul,missed,,,,
Brandon Rush,Dahntay Jones,Danny Granger,Earl Watson,Solomon Jones,Al Harrington,Chris Duhon,David Lee,Larry Hughes,Toney Douglas,4,7:54,NYK,rebound,,,,,,,,,,,,,,,,,,
Brandon Rush,Dahntay Jones,Danny Granger,Earl Watson,Solomon Jones,Al Harrington,Chris Duhon,David Lee,Larry Hughes,Toney Douglas,4,7:54,NYK,free throw,,,,,,,2,,2,Al Harrington,,,foul,made,,,,
Brandon Rush,Dahntay Jones,Danny Granger,Earl Watson,Solomon Jones,Al Harrington,Chris Duhon,David Lee,Larry Hughes,Toney Douglas,4,7:32,NYK,violation,,,,,,,,,,David Lee,,,,,,defensive goaltending,,
Brandon Rush,Dahntay Jones,Danny Granger,Earl Watson,Solomon Jones,Al Harrington,Chris Duhon,David Lee,Larry Hughes,Toney Douglas,4,7:32,IND,shot,,,,,,,,,,Danny Granger,2,,,made,,driving layup,25,6
Brandon Rush,Dahntay Jones,Danny Granger,Earl Watson,Solomon Jones,Al Harrington,Chris Duhon,David Lee,Larry Hughes,Toney Douglas,4,7:17,IND,foul,,,,,,,,Al Harrington,,Danny Granger,,,,,,shooting,,
Brandon Rush,Dahntay Jones,Danny Granger,Earl Watson,Solomon Jones,Al Harrington,Chris Duhon,Danilo Gallinari,David Lee,Larry Hughes,4,7:17,NYK,sub,,,,Danilo Gallinari,,Toney Douglas,,,,,,,,,,,,
Brandon Rush,Dahntay Jones,Danny Granger,Earl Watson,Solomon Jones,Al Harrington,Chris Duhon,Danilo Gallinari,David Lee,Larry Hughes,4,7:17,NYK,free throw,,,,,,,1,,2,Al Harrington,,,foul,made,,,,
Brandon Rush,Dahntay Jones,Danny Granger,Earl Watson,Solomon Jones,Al Harrington,Chris Duhon,Danilo Gallinari,David Lee,Larry Hughes,4,7:17,NYK,free throw,,,,,,,2,,2,Al Harrington,,,foul,made,,,,
Brandon Rush,Dahntay Jones,Danny Granger,Earl Watson,Solomon Jones,Al Harrington,Chris Duhon,Danilo Gallinari,David Lee,Larry Hughes,4,7:04,IND,shot,,,,,,,,,,Earl Watson,,,,missed,,3pt,2,6
Brandon Rush,Dahntay Jones,Danny Granger,Earl Watson,Solomon Jones,Al Harrington,Chris Duhon,Danilo Gallinari,David Lee,Larry Hughes,4,7:02,IND,rebound,,,,,,,,,,,,,,,,,,
Brandon Rush,Dahntay Jones,Danny Granger,Earl Watson,Solomon Jones,Al Harrington,Chris Duhon,Danilo Gallinari,David Lee,Larry Hughes,4,6:58,IND,shot,Dahntay Jones,,,,,,,,,Brandon Rush,2,,,made,,layup,25,6
Brandon Rush,Dahntay Jones,Danny Granger,Earl Watson,Solomon Jones,Al Harrington,Chris Duhon,Danilo Gallinari,David Lee,Larry Hughes,4,6:48,IND,foul,,,,,,,,Larry Hughes,,Danny Granger,,,,,,shooting,,
Brandon Rush,Dahntay Jones,Danny Granger,Earl Watson,Solomon Jones,Al Harrington,Chris Duhon,Danilo Gallinari,David Lee,Larry Hughes,4,6:48,NYK,free throw,,,,,,,1,,2,Larry Hughes,,,foul,made,,,,
Brandon Rush,Dahntay Jones,Danny Granger,Earl Watson,Solomon Jones,Al Harrington,Chris Duhon,Danilo Gallinari,David Lee,Larry Hughes,4,6:48,NYK,free throw,,,,,,,2,,2,Larry Hughes,,,foul,missed,,,,
Brandon Rush,Dahntay Jones,Danny Granger,Earl Watson,Solomon Jones,Al Harrington,Chris Duhon,Danilo Gallinari,David Lee,Larry Hughes,4,6:47,IND,rebound,,,,,,,,,,Brandon Rush,,,,,,def,,
Brandon Rush,Dahntay Jones,Danny Granger,Earl Watson,Solomon Jones,Al Harrington,Chris Duhon,Danilo Gallinari,David Lee,Larry Hughes,4,6:28,IND,shot,,,,,,,,,,Danny Granger,2,,,made,,jump,11,11
Brandon Rush,Dahntay Jones,Danny Granger,Earl Watson,Solomon Jones,Al Harrington,Chris Duhon,Danilo Gallinari,David Lee,Larry Hughes,4,6:18,NYK,shot,,,Solomon Jones,,,,,,,Chris Duhon,,,,missed,,running jump,31,12
Brandon Rush,Dahntay Jones,Danny Granger,Earl Watson,Solomon Jones,Al Harrington,Chris Duhon,Danilo Gallinari,David Lee,Larry Hughes,4,6:17,NYK,rebound,,,,,,,,,,,,,,,,,,
Brandon Rush,Dahntay Jones,Danny Granger,Earl Watson,Solomon Jones,Al Harrington,Chris Duhon,Danilo Gallinari,David Lee,Larry Hughes,4,6:05,IND,foul,,,,,,,,Al Harrington,,Dahntay Jones,,,,,,personal,,
Brandon Rush,Dahntay Jones,Danny Granger,Earl Watson,Solomon Jones,Al Harrington,Chris Duhon,Danilo Gallinari,David Lee,Larry Hughes,4,6:05,NYK,free throw,,,,,,,1,,2,Al Harrington,,,foul,made,,,,
Brandon Rush,Dahntay Jones,Danny Granger,Earl Watson,Solomon Jones,Al Harrington,Chris Duhon,Danilo Gallinari,David Lee,Larry Hughes,4,6:05,NYK,free throw,,,,,,,2,,2,Al Harrington,,,foul,made,,,,
Brandon Rush,Dahntay Jones,Danny Granger,Earl Watson,Solomon Jones,Al Harrington,Chris Duhon,Danilo Gallinari,David Lee,Larry Hughes,4,5:52,IND,shot,,,,,,,,,,Earl Watson,2,,,made,,jump,34,18
Brandon Rush,Dahntay Jones,Danny Granger,Earl Watson,Solomon Jones,Al Harrington,Chris Duhon,Danilo Gallinari,David Lee,Larry Hughes,4,5:43,NYK,shot,,,,,,,,,,Chris Duhon,,,,missed,,3pt,15,33
Brandon Rush,Dahntay Jones,Danny Granger,Earl Watson,Solomon Jones,Al Harrington,Chris Duhon,Danilo Gallinari,David Lee,Larry Hughes,4,5:42,NYK,rebound,,,,,,,,,,David Lee,,,,,,off,,
Brandon Rush,Dahntay Jones,Danny Granger,Earl Watson,Solomon Jones,Al Harrington,Chris Duhon,Danilo Gallinari,David Lee,Larry Hughes,4,5:40,NYK,shot,,,Solomon Jones,,,,,,,David Lee,,,,missed,,layup,25,6
Brandon Rush,Dahntay Jones,Danny Granger,Earl Watson,Solomon Jones,Al Harrington,Chris Duhon,Danilo Gallinari,David Lee,Larry Hughes,4,5:38,NYK,rebound,,,,,,,,,,David Lee,,,,,,off,,
Brandon Rush,Dahntay Jones,Danny Granger,Earl Watson,Solomon Jones,Al Harrington,Chris Duhon,Danilo Gallinari,David Lee,Larry Hughes,4,5:35,IND,foul,,,,,,,,Al Harrington,,Solomon Jones,,,,,,shooting,,
Brandon Rush,Dahntay Jones,Danny Granger,Earl Watson,Solomon Jones,Al Harrington,Chris Duhon,Danilo Gallinari,David Lee,Larry Hughes,4,5:35,NYK,timeout,,,,,,,,,,,,,,,,regular,,
Brandon Rush,Dahntay Jones,Danny Granger,Earl Watson,Solomon Jones,Al Harrington,Chris Duhon,David Lee,Larry Hughes,Wilson Chandler,4,5:35,NYK,sub,,,,Wilson Chandler,,Danilo Gallinari,,,,,,,,,,,,
Brandon Rush,Dahntay Jones,Danny Granger,Earl Watson,Solomon Jones,Al Harrington,Chris Duhon,David Lee,Larry Hughes,Wilson Chandler,4,5:35,NYK,free throw,,,,,,,1,,2,Al Harrington,,,foul,made,,,,
Brandon Rush,Dahntay Jones,Danny Granger,Earl Watson,Solomon Jones,Al Harrington,Chris Duhon,David Lee,Larry Hughes,Wilson Chandler,4,5:35,NYK,free throw,,,,,,,2,,2,Al Harrington,,,foul,made,,,,
Brandon Rush,Dahntay Jones,Danny Granger,Earl Watson,Solomon Jones,Al Harrington,Chris Duhon,David Lee,Larry Hughes,Wilson Chandler,4,5:13,IND,shot,,,,,,,,,,Danny Granger,,,,missed,,jump,34,26
Brandon Rush,Dahntay Jones,Danny Granger,Earl Watson,Solomon Jones,Al Harrington,Chris Duhon,David Lee,Larry Hughes,Wilson Chandler,4,5:12,NYK,rebound,,,,,,,,,,Al Harrington,,,,,,def,,
Brandon Rush,Dahntay Jones,Danny Granger,Earl Watson,Solomon Jones,Al Harrington,Chris Duhon,David Lee,Larry Hughes,Wilson Chandler,4,4:48,NYK,turnover,,,,,,,,,,,,,shot clock turnover,,,,,
Brandon Rush,Dahntay Jones,Danny Granger,Earl Watson,Roy Hibbert,Al Harrington,Chris Duhon,David Lee,Larry Hughes,Wilson Chandler,4,4:48,IND,sub,,,,Roy Hibbert,,Solomon Jones,,,,,,,,,,,,
Brandon Rush,Dahntay Jones,Danny Granger,Earl Watson,Roy Hibbert,Al Harrington,Chris Duhon,David Lee,Larry Hughes,Wilson Chandler,4,4:34,IND,shot,Brandon Rush,,,,,,,,,Dahntay Jones,2,,,made,,jump,34,21
Brandon Rush,Dahntay Jones,Danny Granger,Earl Watson,Roy Hibbert,Al Harrington,Chris Duhon,David Lee,Larry Hughes,Wilson Chandler,4,4:22,NYK,shot,,,,,,,,,,Chris Duhon,,,,missed,,jump,40,8
Brandon Rush,Dahntay Jones,Danny Granger,Earl Watson,Roy Hibbert,Al Harrington,Chris Duhon,David Lee,Larry Hughes,Wilson Chandler,4,4:21,IND,rebound,,,,,,,,,,Roy Hibbert,,,,,,def,,
Brandon Rush,Dahntay Jones,Danny Granger,Earl Watson,Roy Hibbert,Al Harrington,Chris Duhon,David Lee,Larry Hughes,Wilson Chandler,4,4:16,NYK,foul,,,,,,,,Danny Granger,,David Lee,,,,,,personal,,
Brandon Rush,Dahntay Jones,Danny Granger,Earl Watson,Roy Hibbert,Al Harrington,Chris Duhon,David Lee,Larry Hughes,Wilson Chandler,4,4:00,IND,shot,,,Al Harrington,,,,,,,Dahntay Jones,,,,missed,,layup,25,6
Brandon Rush,Dahntay Jones,Danny Granger,Earl Watson,Roy Hibbert,Al Harrington,Chris Duhon,David Lee,Larry Hughes,Wilson Chandler,4,3:58,NYK,rebound,,,,,,,,,,David Lee,,,,,,def,,
Brandon Rush,Dahntay Jones,Danny Granger,Earl Watson,Roy Hibbert,Al Harrington,Chris Duhon,David Lee,Larry Hughes,Wilson Chandler,4,3:51,NYK,foul,,,,,,,,Earl Watson,,David Lee,,,,,,offensive,,
Brandon Rush,Dahntay Jones,Danny Granger,Earl Watson,Roy Hibbert,Al Harrington,Chris Duhon,David Lee,Larry Hughes,Wilson Chandler,4,3:51,NYK,turnover,,,,,,,,,,David Lee,,,foul,,,,,
Brandon Rush,Dahntay Jones,Danny Granger,Earl Watson,Roy Hibbert,Al Harrington,Chris Duhon,David Lee,Larry Hughes,Wilson Chandler,4,3:38,IND,foul,,,,,,,,Wilson Chandler,,Danny Granger,,,,,,offensive,,
Brandon Rush,Dahntay Jones,Danny Granger,Earl Watson,Roy Hibbert,Al Harrington,Chris Duhon,David Lee,Larry Hughes,Wilson Chandler,4,3:38,IND,turnover,,,,,,,,,,Danny Granger,,,foul,,,,,
Brandon Rush,Dahntay Jones,Earl Watson,Roy Hibbert,T.J. Ford,Al Harrington,Chris Duhon,David Lee,Larry Hughes,Wilson Chandler,4,3:38,IND,sub,,,,T.J. Ford,,Danny Granger,,,,,,,,,,,,
Brandon Rush,Dahntay Jones,Earl Watson,Roy Hibbert,T.J. Ford,Al Harrington,Chris Duhon,David Lee,Larry Hughes,Wilson Chandler,4,3:28,NYK,shot,,,,,,,,,,Al Harrington,,,,missed,,3pt,14,30
Brandon Rush,Dahntay Jones,Earl Watson,Roy Hibbert,T.J. Ford,Al Harrington,Chris Duhon,David Lee,Larry Hughes,Wilson Chandler,4,3:27,IND,rebound,,,,,,,,,,Brandon Rush,,,,,,def,,
Brandon Rush,Dahntay Jones,Earl Watson,Roy Hibbert,T.J. Ford,Al Harrington,Chris Duhon,David Lee,Larry Hughes,Wilson Chandler,4,3:12,IND,shot,,,,,,,,,,T.J. Ford,2,,,made,,jump,16,21
Brandon Rush,Dahntay Jones,Earl Watson,Roy Hibbert,T.J. Ford,Al Harrington,Chris Duhon,David Lee,Larry Hughes,Wilson Chandler,4,3:11,NYK,timeout,,,,,,,,,,,,,,,,regular,,
Brandon Rush,Dahntay Jones,Earl Watson,Roy Hibbert,T.J. Ford,Al Harrington,Chris Duhon,Danilo Gallinari,David Lee,Larry Hughes,4,3:11,NYK,sub,,,,Danilo Gallinari,,Wilson Chandler,,,,,,,,,,,,
Brandon Rush,Dahntay Jones,Earl Watson,Roy Hibbert,T.J. Ford,Al Harrington,Chris Duhon,Danilo Gallinari,David Lee,Larry Hughes,4,2:46,NYK,turnover,,,,,,,,,,Al Harrington,,,lost ball,,Roy Hibbert,,,
Brandon Rush,Dahntay Jones,Earl Watson,Roy Hibbert,T.J. Ford,Al Harrington,Chris Duhon,Danilo Gallinari,David Lee,Larry Hughes,4,2:45,IND,timeout,,,,,,,,,,,,,,,,regular,,
Brandon Rush,Dahntay Jones,Earl Watson,Roy Hibbert,T.J. Ford,Al Harrington,Chris Duhon,Danilo Gallinari,David Lee,Larry Hughes,4,2:27,IND,shot,,,,,,,,,,T.J. Ford,,,,missed,,jump,12,16
Brandon Rush,Dahntay Jones,Earl Watson,Roy Hibbert,T.J. Ford,Al Harrington,Chris Duhon,Danilo Gallinari,David Lee,Larry Hughes,4,2:26,IND,rebound,,,,,,,,,,,,,,,,,,
Brandon Rush,Dahntay Jones,Earl Watson,Roy Hibbert,T.J. Ford,Al Harrington,Chris Duhon,Danilo Gallinari,David Lee,Larry Hughes,4,2:13,NYK,foul,,,,,,,,T.J. Ford,,Chris Duhon,,,,,,shooting,,
Brandon Rush,Dahntay Jones,Earl Watson,Roy Hibbert,T.J. Ford,Al Harrington,Chris Duhon,Danilo Gallinari,David Lee,Larry Hughes,4,2:13,IND,free throw,,,,,,,1,,2,T.J. Ford,,,foul,made,,,,
Brandon Rush,Dahntay Jones,Earl Watson,Roy Hibbert,T.J. Ford,Al Harrington,Chris Duhon,Danilo Gallinari,David Lee,Larry Hughes,4,2:13,IND,free throw,,,,,,,2,,2,T.J. Ford,,,foul,made,,,,
Brandon Rush,Dahntay Jones,Earl Watson,Roy Hibbert,T.J. Ford,Al Harrington,Chris Duhon,Danilo Gallinari,David Lee,Larry Hughes,4,2:01,NYK,shot,,,,,,,,,,Danilo Gallinari,,,,missed,,layup,25,6
Brandon Rush,Dahntay Jones,Earl Watson,Roy Hibbert,T.J. Ford,Al Harrington,Chris Duhon,Danilo Gallinari,David Lee,Larry Hughes,4,1:59,NYK,rebound,,,,,,,,,,David Lee,,,,,,off,,
Brandon Rush,Dahntay Jones,Earl Watson,Roy Hibbert,T.J. Ford,Al Harrington,Chris Duhon,Danilo Gallinari,David Lee,Larry Hughes,4,1:59,NYK,shot,,,,,,,,,,David Lee,,,,missed,,tip,25,6
Brandon Rush,Dahntay Jones,Earl Watson,Roy Hibbert,T.J. Ford,Al Harrington,Chris Duhon,Danilo Gallinari,David Lee,Larry Hughes,4,1:58,IND,rebound,,,,,,,,,,Earl Watson,,,,,,def,,
Brandon Rush,Dahntay Jones,Earl Watson,Roy Hibbert,T.J. Ford,Al Harrington,Chris Duhon,Danilo Gallinari,David Lee,Larry Hughes,4,1:35,IND,shot,,,,,,,,,,Dahntay Jones,,,,missed,,jump,8,7
Brandon Rush,Dahntay Jones,Earl Watson,Roy Hibbert,T.J. Ford,Al Harrington,Chris Duhon,Danilo Gallinari,David Lee,Larry Hughes,4,1:33,NYK,rebound,,,,,,,,,,David Lee,,,,,,def,,
Brandon Rush,Dahntay Jones,Earl Watson,Roy Hibbert,T.J. Ford,Al Harrington,Chris Duhon,Danilo Gallinari,David Lee,Larry Hughes,4,1:30,IND,foul,,,,,,,,Al Harrington,,Earl Watson,,,,,,shooting,,
Brandon Rush,Dahntay Jones,Earl Watson,Roy Hibbert,T.J. Ford,Al Harrington,Chris Duhon,Danilo Gallinari,David Lee,Larry Hughes,4,1:30,NYK,free throw,,,,,,,1,,2,Al Harrington,,,foul,made,,,,
Brandon Rush,Dahntay Jones,Earl Watson,Roy Hibbert,T.J. Ford,Al Harrington,Chris Duhon,Danilo Gallinari,David Lee,Larry Hughes,4,1:30,NYK,free throw,,,,,,,2,,2,Al Harrington,,,foul,made,,,,
Brandon Rush,Dahntay Jones,Earl Watson,Roy Hibbert,T.J. Ford,Al Harrington,Chris Duhon,Danilo Gallinari,David Lee,Larry Hughes,4,1:21,IND,shot,,,,,,,,,,Brandon Rush,,,,missed,,layup,25,6
Brandon Rush,Dahntay Jones,Earl Watson,Roy Hibbert,T.J. Ford,Al Harrington,Chris Duhon,Danilo Gallinari,David Lee,Larry Hughes,4,1:20,IND,rebound,,,,,,,,,,Roy Hibbert,,,,,,off,,
Brandon Rush,Dahntay Jones,Earl Watson,Roy Hibbert,T.J. Ford,Al Harrington,Chris Duhon,Danilo Gallinari,David Lee,Larry Hughes,4,1:16,IND,turnover,,,,,,,,,,Roy Hibbert,,,out of bounds lost ball turnover,,,,,
Brandon Rush,Dahntay Jones,Earl Watson,Roy Hibbert,T.J. Ford,Al Harrington,Chris Duhon,Danilo Gallinari,David Lee,Larry Hughes,4,1:11,NYK,shot,,,,,,,,,,David Lee,,,,missed,,jump,15,24
Brandon Rush,Dahntay Jones,Earl Watson,Roy Hibbert,T.J. Ford,Al Harrington,Chris Duhon,Danilo Gallinari,David Lee,Larry Hughes,4,1:10,IND,rebound,,,,,,,,,,Brandon Rush,,,,,,def,,
Brandon Rush,Dahntay Jones,Earl Watson,Roy Hibbert,T.J. Ford,Al Harrington,Chris Duhon,Danilo Gallinari,David Lee,Larry Hughes,4,0:48,IND,shot,,,,,,,,,,T.J. Ford,2,,,made,,jump,36,11
Brandon Rush,Dahntay Jones,Earl Watson,Roy Hibbert,T.J. Ford,Al Harrington,Chris Duhon,Danilo Gallinari,David Lee,Larry Hughes,4,0:48,NYK,timeout,,,,,,,,,,,,,,,,regular,,
Brandon Rush,Dahntay Jones,Earl Watson,Roy Hibbert,T.J. Ford,Al Harrington,Chris Duhon,Danilo Gallinari,David Lee,Larry Hughes,4,0:39,NYK,shot,,,,,,,,,,Danilo Gallinari,,,,missed,,3pt,49,4
Brandon Rush,Dahntay Jones,Earl Watson,Roy Hibbert,T.J. Ford,Al Harrington,Chris Duhon,Danilo Gallinari,David Lee,Larry Hughes,4,0:37,IND,rebound,,,,,,,,,,Dahntay Jones,,,,,,def,,
Brandon Rush,Dahntay Jones,Earl Watson,Roy Hibbert,T.J. Ford,Al Harrington,Chris Duhon,Danilo Gallinari,David Lee,Larry Hughes,4,0:30,NYK,foul,,,,,,,,T.J. Ford,,David Lee,,,,,,personal,,
Brandon Rush,Dahntay Jones,Earl Watson,Roy Hibbert,T.J. Ford,Al Harrington,Chris Duhon,Danilo Gallinari,Larry Hughes,Toney Douglas,4,0:30,NYK,sub,,,,Toney Douglas,,David Lee,,,,,,,,,,,,
Brandon Rush,Dahntay Jones,Earl Watson,Roy Hibbert,T.J. Ford,Al Harrington,Chris Duhon,Larry Hughes,Toney Douglas,Wilson Chandler,4,0:30,NYK,sub,,,,Wilson Chandler,,Danilo Gallinari,,,,,,,,,,,,
Brandon Rush,Dahntay Jones,Earl Watson,Roy Hibbert,T.J. Ford,Chris Duhon,Jared Jeffries,Larry Hughes,Toney Douglas,Wilson Chandler,4,0:30,NYK,sub,,,,Jared Jeffries,,Al Harrington,,,,,,,,,,,,
Brandon Rush,Dahntay Jones,Earl Watson,Roy Hibbert,T.J. Ford,Chris Duhon,Jared Jeffries,Larry Hughes,Toney Douglas,Wilson Chandler,4,0:28,NYK,foul,,,,,,,,T.J. Ford,,Larry Hughes,,,,,,personal,,
Brandon Rush,Dahntay Jones,Earl Watson,Roy Hibbert,T.J. Ford,Chris Duhon,Jared Jeffries,Larry Hughes,Toney Douglas,Wilson Chandler,4,0:28,IND,free throw,,,,,,,1,,2,T.J. Ford,,,foul,made,,,,
Brandon Rush,Dahntay Jones,Earl Watson,Roy Hibbert,T.J. Ford,Chris Duhon,Jared Jeffries,Larry Hughes,Toney Douglas,Wilson Chandler,4,0:28,IND,free throw,,,,,,,2,,2,T.J. Ford,,,foul,made,,,,
Brandon Rush,Dahntay Jones,Earl Watson,Roy Hibbert,T.J. Ford,Chris Duhon,Jared Jeffries,Larry Hughes,Toney Douglas,Wilson Chandler,4,0:23,NYK,shot,,,,,,,,,,Larry Hughes,,,,missed,,3pt,7,25
Brandon Rush,Dahntay Jones,Earl Watson,Roy Hibbert,T.J. Ford,Chris Duhon,Jared Jeffries,Larry Hughes,Toney Douglas,Wilson Chandler,4,0:22,IND,rebound,,,,,,,,,,Earl Watson,,,,,,def,,
Brandon Rush,Dahntay Jones,Earl Watson,Roy Hibbert,T.J. Ford,Chris Duhon,Jared Jeffries,Larry Hughes,Toney Douglas,Wilson Chandler,4,0:21,NYK,foul,,,,,,,,Earl Watson,,Wilson Chandler,,,,,,personal,,
Brandon Rush,Dahntay Jones,Earl Watson,Luther Head,T.J. Ford,Chris Duhon,Jared Jeffries,Larry Hughes,Toney Douglas,Wilson Chandler,4,0:21,IND,sub,,,,Luther Head,,Roy Hibbert,,,,,,,,,,,,
Brandon Rush,Dahntay Jones,Earl Watson,Luther Head,T.J. Ford,Chris Duhon,Jared Jeffries,Larry Hughes,Toney Douglas,Wilson Chandler,4,0:21,IND,free throw,,,,,,,1,,2,Earl Watson,,,foul,made,,,,
Brandon Rush,Dahntay Jones,Earl Watson,Luther Head,T.J. Ford,Chris Duhon,Jared Jeffries,Larry Hughes,Toney Douglas,Wilson Chandler,4,0:21,IND,free throw,,,,,,,2,,2,Earl Watson,,,foul,made,,,,
Brandon Rush,Dahntay Jones,Earl Watson,Luther Head,T.J. Ford,Chris Duhon,Jared Jeffries,Larry Hughes,Toney Douglas,Wilson Chandler,4,0:06,NYK,shot,,,,,,,,,,Wilson Chandler,,,,missed,,3pt,36,32
Brandon Rush,Dahntay Jones,Earl Watson,Luther Head,T.J. Ford,Chris Duhon,Jared Jeffries,Larry Hughes,Toney Douglas,Wilson Chandler,4,0:04,IND,rebound,,,,,,,,,,T.J. Ford,,,,,,def,,
