a1,a2,a3,a4,a5,h1,h2,h3,h4,h5,period,time,team,etype,assist,away,block,entered,home,left,num,opponent,outof,player,points,possession,reason,result,steal,type,x,y
Dahntay Jones,Danny Granger,Roy Hibbert,T.J. Ford,Troy Murphy,Carlos Boozer,Deron Williams,Mehmet Okur,Ronnie Brewer,Wesley Matthews,1,12:00,OFF,jump ball,,Roy Hibbert,,,Mehmet Okur,,,,,,,Dahntay Jones,,,,,,
Dahntay Jones,Danny Granger,Roy Hibbert,T.J. Ford,Troy Murphy,Carlos Boozer,Deron Williams,Mehmet Okur,Ronnie Brewer,Wesley Matthews,1,11:43,IND,shot,,,Deron Williams,,,,,,,Roy Hibbert,,,,missed,,layup,25,6
Dahntay Jones,Danny Granger,Roy Hibbert,T.J. Ford,Troy Murphy,Carlos Boozer,Deron Williams,Mehmet Okur,Ronnie Brewer,Wesley Matthews,1,11:41,UTA,rebound,,,,,,,,,,Ronnie Brewer,,,,,,def,,
Dahntay Jones,Danny Granger,Roy Hibbert,T.J. Ford,Troy Murphy,Carlos Boozer,Deron Williams,Mehmet Okur,Ronnie Brewer,Wesley Matthews,1,11:29,UTA,shot,,,,,,,,,,Carlos Boozer,2,,,made,,layup,25,6
Dahntay Jones,Danny Granger,Roy Hibbert,T.J. Ford,Troy Murphy,Carlos Boozer,Deron Williams,Mehmet Okur,Ronnie Brewer,Wesley Matthews,1,11:04,IND,shot,,,Mehmet Okur,,,,,,,Roy Hibbert,,,,missed,,fade away jumper,41,9
Dahntay Jones,Danny Granger,Roy Hibbert,T.J. Ford,Troy Murphy,Carlos Boozer,Deron Williams,Mehmet Okur,Ronnie Brewer,Wesley Matthews,1,11:03,UTA,rebound,,,,,,,,,,Carlos Boozer,,,,,,def,,
Dahntay Jones,Danny Granger,Roy Hibbert,T.J. Ford,Troy Murphy,Carlos Boozer,Deron Williams,Mehmet Okur,Ronnie Brewer,Wesley Matthews,1,11:01,IND,foul,,,,,,,,Wesley Matthews,,T.J. Ford,,,,,,shooting,,
Dahntay Jones,Danny Granger,Roy Hibbert,T.J. Ford,Troy Murphy,Carlos Boozer,Deron Williams,Mehmet Okur,Ronnie Brewer,Wesley Matthews,1,11:01,UTA,free throw,,,,,,,1,,2,Wesley Matthews,,,foul,missed,,,,
Dahntay Jones,Danny Granger,Roy Hibbert,T.J. Ford,Troy Murphy,Carlos Boozer,Deron Williams,Mehmet Okur,Ronnie Brewer,Wesley Matthews,1,11:01,UTA,rebound,,,,,,,,,,,,,,,,,,
Dahntay Jones,Danny Granger,Roy Hibbert,T.J. Ford,Troy Murphy,Carlos Boozer,Deron Williams,Mehmet Okur,Ronnie Brewer,Wesley Matthews,1,11:01,UTA,free throw,,,,,,,2,,2,Wesley Matthews,,,foul,made,,,,
Dahntay Jones,Danny Granger,Roy Hibbert,T.J. Ford,Troy Murphy,Carlos Boozer,Deron Williams,Mehmet Okur,Ronnie Brewer,Wesley Matthews,1,10:50,IND,shot,Roy Hibbert,,,,,,,,,Danny Granger,3,,,made,,3pt,11,26
Dahntay Jones,Danny Granger,Roy Hibbert,T.J. Ford,Troy Murphy,Carlos Boozer,Deron Williams,Mehmet Okur,Ronnie Brewer,Wesley Matthews,1,10:26,UTA,shot,Mehmet Okur,,,,,,,,,Carlos Boozer,2,,,made,,slam dunk,25,6
Dahntay Jones,Danny Granger,Roy Hibbert,T.J. Ford,Troy Murphy,Carlos Boozer,Deron Williams,Mehmet Okur,Ronnie Brewer,Wesley Matthews,1,10:17,IND,shot,,,,,,,,,,Troy Murphy,,,,missed,,3pt,14,28
Dahntay Jones,Danny Granger,Roy Hibbert,T.J. Ford,Troy Murphy,Carlos Boozer,Deron Williams,Mehmet Okur,Ronnie Brewer,Wesley Matthews,1,10:15,UTA,rebound,,,,,,,,,,Mehmet Okur,,,,,,def,,
Dahntay Jones,Danny Granger,Roy Hibbert,T.J. Ford,Troy Murphy,Carlos Boozer,Deron Williams,Mehmet Okur,Ronnie Brewer,Wesley Matthews,1,10:08,UTA,shot,Deron Williams,,,,,,,,,Carlos Boozer,2,,,made,,layup,25,6
Dahntay Jones,Danny Granger,Roy Hibbert,T.J. Ford,Troy Murphy,Carlos Boozer,Deron Williams,Mehmet Okur,Ronnie Brewer,Wesley Matthews,1,10:02,UTA,foul,,,,,,,,T.J. Ford,,Deron Williams,,,,,,personal,,
Dahntay Jones,Danny Granger,Roy Hibbert,T.J. Ford,Troy Murphy,Carlos Boozer,Deron Williams,Mehmet Okur,Ronnie Brewer,Wesley Matthews,1,9:54,IND,turnover,,,,,,,,,,T.J. Ford,,,lost ball,,Ronnie Brewer,,,
Dahntay Jones,Danny Granger,Roy Hibbert,T.J. Ford,Troy Murphy,Carlos Boozer,Deron Williams,Mehmet Okur,Ronnie Brewer,Wesley Matthews,1,9:41,UTA,shot,,,,,,,,,,Deron Williams,,,,missed,,3pt,32,29
Dahntay Jones,Danny Granger,Roy Hibbert,T.J. Ford,Troy Murphy,Carlos Boozer,Deron Williams,Mehmet Okur,Ronnie Brewer,Wesley Matthews,1,9:40,IND,rebound,,,,,,,,,,Troy Murphy,,,,,,def,,
Dahntay Jones,Danny Granger,Roy Hibbert,T.J. Ford,Troy Murphy,Carlos Boozer,Deron Williams,Mehmet Okur,Ronnie Brewer,Wesley Matthews,1,9:17,IND,shot,,,,,,,,,,Dahntay Jones,,,,missed,,3pt,49,8
Dahntay Jones,Danny Granger,Roy Hibbert,T.J. Ford,Troy Murphy,Carlos Boozer,Deron Williams,Mehmet Okur,Ronnie Brewer,Wesley Matthews,1,9:16,UTA,rebound,,,,,,,,,,Mehmet Okur,,,,,,def,,
Dahntay Jones,Danny Granger,Roy Hibbert,T.J. Ford,Troy Murphy,Carlos Boozer,Deron Williams,Mehmet Okur,Ronnie Brewer,Wesley Matthews,1,9:05,UTA,shot,Ronnie Brewer,,,,,,,,,Carlos Boozer,2,,,made,,layup,25,6
Dahntay Jones,Danny Granger,Roy Hibbert,T.J. Ford,Troy Murphy,Carlos Boozer,Deron Williams,Mehmet Okur,Ronnie Brewer,Wesley Matthews,1,8:42,IND,shot,,,,,,,,,,Troy Murphy,,,,missed,,jump,43,14
Dahntay Jones,Danny Granger,Roy Hibbert,T.J. Ford,Troy Murphy,Carlos Boozer,Deron Williams,Mehmet Okur,Ronnie Brewer,Wesley Matthews,1,8:40,UTA,rebound,,,,,,,,,,Mehmet Okur,,,,,,def,,
Dahntay Jones,Danny Granger,Roy Hibbert,T.J. Ford,Troy Murphy,Carlos Boozer,Deron Williams,Mehmet Okur,Ronnie Brewer,Wesley Matthews,1,8:29,UTA,shot,,,,,,,,,,Wesley Matthews,,,,missed,,3pt,49,5
Dahntay Jones,Danny Granger,Roy Hibbert,T.J. Ford,Troy Murphy,Carlos Boozer,Deron Williams,Mehmet Okur,Ronnie Brewer,Wesley Matthews,1,8:25,UTA,rebound,,,,,,,,,,Wesley Matthews,,,,,,off,,
Dahntay Jones,Danny Granger,Roy Hibbert,T.J. Ford,Troy Murphy,Carlos Boozer,Deron Williams,Mehmet Okur,Ronnie Brewer,Wesley Matthews,1,8:25,UTA,shot,,,,,,,,,,Wesley Matthews,2,,,made,,reverse layup,25,6
Dahntay Jones,Danny Granger,Roy Hibbert,T.J. Ford,Troy Murphy,Carlos Boozer,Deron Williams,Mehmet Okur,Ronnie Brewer,Wesley Matthews,1,8:16,IND,shot,,,,,,,,,,Danny Granger,,,,missed,,driving layup,25,6
Dahntay Jones,Danny Granger,Roy Hibbert,T.J. Ford,Troy Murphy,Carlos Boozer,Deron Williams,Mehmet Okur,Ronnie Brewer,Wesley Matthews,1,8:15,UTA,rebound,,,,,,,,,,Carlos Boozer,,,,,,def,,
Dahntay Jones,Danny Granger,Roy Hibbert,T.J. Ford,Troy Murphy,Carlos Boozer,Deron Williams,Mehmet Okur,Ronnie Brewer,Wesley Matthews,1,7:57,UTA,shot,,,,,,,,,,Deron Williams,,,,missed,,3pt,10,26
Dahntay Jones,Danny Granger,Roy Hibbert,T.J. Ford,Troy Murphy,Carlos Boozer,Deron Williams,Mehmet Okur,Ronnie Brewer,Wesley Matthews,1,7:56,IND,rebound,,,,,,,,,,Troy Murphy,,,,,,def,,
Dahntay Jones,Danny Granger,Roy Hibbert,T.J. Ford,Troy Murphy,Carlos Boozer,Deron Williams,Mehmet Okur,Ronnie Brewer,Wesley Matthews,1,7:43,IND,shot,,,,,,,,,,Danny Granger,,,,missed,,3pt,41,25
Dahntay Jones,Danny Granger,Roy Hibbert,T.J. Ford,Troy Murphy,Carlos Boozer,Deron Williams,Mehmet Okur,Ronnie Brewer,Wesley Matthews,1,7:42,UTA,rebound,,,,,,,,,,Carlos Boozer,,,,,,def,,
Dahntay Jones,Danny Granger,Roy Hibbert,T.J. Ford,Troy Murphy,Carlos Boozer,Deron Williams,Mehmet Okur,Ronnie Brewer,Wesley Matthews,1,7:25,UTA,shot,Deron Williams,,,,,,,,,Mehmet Okur,2,,,made,,jump,13,14
Dahntay Jones,Danny Granger,Roy Hibbert,T.J. Ford,Troy Murphy,Carlos Boozer,Deron Williams,Mehmet Okur,Ronnie Brewer,Wesley Matthews,1,7:20,IND,timeout,,,,,,,,,,,,,,,,regular,,
Dahntay Jones,Danny Granger,Jeff Foster,T.J. Ford,Troy Murphy,Carlos Boozer,Deron Williams,Mehmet Okur,Ronnie Brewer,Wesley Matthews,1,7:20,IND,sub,,,,Jeff Foster,,Roy Hibbert,,,,,,,,,,,,
Dahntay Jones,Danny Granger,Jeff Foster,T.J. Ford,Troy Murphy,Carlos Boozer,Deron Williams,Mehmet Okur,Ronnie Brewer,Wesley Matthews,1,7:15,IND,turnover,,,,,,,,,,Jeff Foster,,,bad pass,,Ronnie Brewer,,,
Dahntay Jones,Danny Granger,Jeff Foster,T.J. Ford,Troy Murphy,Carlos Boozer,Deron Williams,Mehmet Okur,Ronnie Brewer,Wesley Matthews,1,6:55,UTA,turnover,,,,,,,,,,Carlos Boozer,,,bad pass,,,,,
Dahntay Jones,Danny Granger,Jeff Foster,T.J. Ford,Troy Murphy,Carlos Boozer,Deron Williams,Mehmet Okur,Ronnie Brewer,Wesley Matthews,1,6:47,IND,shot,,,,,,,,,,Danny Granger,,,,missed,,3pt,39,27
Dahntay Jones,Danny Granger,Jeff Foster,T.J. Ford,Troy Murphy,Carlos Boozer,Deron Williams,Mehmet Okur,Ronnie Brewer,Wesley Matthews,1,6:46,UTA,rebound,,,,,,,,,,Carlos Boozer,,,,,,def,,
Dahntay Jones,Danny Granger,Jeff Foster,T.J. Ford,Troy Murphy,Carlos Boozer,Deron Williams,Mehmet Okur,Ronnie Brewer,Wesley Matthews,1,6:25,UTA,shot,,,,,,,,,,Ronnie Brewer,,,,missed,,jump,24,26
Dahntay Jones,Danny Granger,Jeff Foster,T.J. Ford,Troy Murphy,Carlos Boozer,Deron Williams,Mehmet Okur,Ronnie Brewer,Wesley Matthews,1,6:23,UTA,rebound,,,,,,,,,,Carlos Boozer,,,,,,off,,
Dahntay Jones,Danny Granger,Jeff Foster,T.J. Ford,Troy Murphy,Carlos Boozer,Deron Williams,Mehmet Okur,Ronnie Brewer,Wesley Matthews,1,6:16,UTA,shot,Deron Williams,,,,,,,,,Carlos Boozer,2,,,made,,jump,18,22
Dahntay Jones,Danny Granger,Jeff Foster,T.J. Ford,Troy Murphy,Carlos Boozer,Deron Williams,Mehmet Okur,Ronnie Brewer,Wesley Matthews,1,6:01,IND,turnover,,,,,,,,,,Jeff Foster,,,traveling,,,,,
Dahntay Jones,Jeff Foster,Mike Dunleavy,T.J. Ford,Troy Murphy,Carlos Boozer,Deron Williams,Mehmet Okur,Ronnie Brewer,Wesley Matthews,1,6:01,IND,sub,,,,Mike Dunleavy,,Danny Granger,,,,,,,,,,,,
Dahntay Jones,Jeff Foster,Mike Dunleavy,T.J. Ford,Troy Murphy,Carlos Boozer,Deron Williams,Mehmet Okur,Ronnie Brewer,Wesley Matthews,1,5:40,UTA,shot,Ronnie Brewer,,,,,,,,,Wesley Matthews,3,,,made,,3pt,38,27
Dahntay Jones,Jeff Foster,Mike Dunleavy,T.J. Ford,Troy Murphy,Carlos Boozer,Deron Williams,Mehmet Okur,Ronnie Brewer,Wesley Matthews,1,5:24,IND,turnover,,,,,,,,,,T.J. Ford,,,bad pass,,Ronnie Brewer,,,
Dahntay Jones,Jeff Foster,Mike Dunleavy,T.J. Ford,Troy Murphy,Carlos Boozer,Deron Williams,Mehmet Okur,Ronnie Brewer,Wesley Matthews,1,5:04,UTA,shot,,,Jeff Foster,,,,,,,Carlos Boozer,,,,missed,,layup,25,6
Dahntay Jones,Jeff Foster,Mike Dunleavy,T.J. Ford,Troy Murphy,Carlos Boozer,Deron Williams,Mehmet Okur,Ronnie Brewer,Wesley Matthews,1,5:03,UTA,rebound,,,,,,,,,,Carlos Boozer,,,,,,off,,
Dahntay Jones,Jeff Foster,Mike Dunleavy,T.J. Ford,Troy Murphy,Carlos Boozer,Deron Williams,Mehmet Okur,Ronnie Brewer,Wesley Matthews,1,5:03,IND,foul,,,,,,,,Carlos Boozer,,Troy Murphy,,,,,,shooting,,
Dahntay Jones,Jeff Foster,Mike Dunleavy,T.J. Ford,Troy Murphy,Carlos Boozer,Deron Williams,Mehmet Okur,Ronnie Brewer,Wesley Matthews,1,5:03,UTA,free throw,,,,,,,1,,2,Carlos Boozer,,,foul,made,,,,
Dahntay Jones,Jeff Foster,Mike Dunleavy,T.J. Ford,Troy Murphy,Carlos Boozer,Deron Williams,Mehmet Okur,Ronnie Brewer,Wesley Matthews,1,5:03,UTA,free throw,,,,,,,2,,2,Carlos Boozer,,,foul,made,,,,
Dahntay Jones,Jeff Foster,Mike Dunleavy,T.J. Ford,Troy Murphy,Carlos Boozer,Deron Williams,Mehmet Okur,Ronnie Brewer,Wesley Matthews,1,4:47,IND,shot,,,,,,,,,,T.J. Ford,,,,missed,,3pt,25,31
Dahntay Jones,Jeff Foster,Mike Dunleavy,T.J. Ford,Troy Murphy,Carlos Boozer,Deron Williams,Mehmet Okur,Ronnie Brewer,Wesley Matthews,1,4:46,UTA,rebound,,,,,,,,,,Carlos Boozer,,,,,,def,,
Dahntay Jones,Jeff Foster,Mike Dunleavy,T.J. Ford,Troy Murphy,Carlos Boozer,Deron Williams,Mehmet Okur,Ronnie Brewer,Wesley Matthews,1,4:32,UTA,turnover,,,,,,,,,,Mehmet Okur,,,lost ball,,Mike Dunleavy,,,
Dahntay Jones,Jeff Foster,Mike Dunleavy,T.J. Ford,Troy Murphy,Carlos Boozer,Deron Williams,Mehmet Okur,Ronnie Brewer,Wesley Matthews,1,4:28,IND,turnover,,,,,,,,,,Dahntay Jones,,,lost ball,,Carlos Boozer,,,
Dahntay Jones,Jeff Foster,Mike Dunleavy,T.J. Ford,Troy Murphy,Carlos Boozer,Deron Williams,Mehmet Okur,Ronnie Brewer,Wesley Matthews,1,4:25,UTA,shot,Deron Williams,,,,,,,,,Ronnie Brewer,2,,,made,,slam dunk,25,6
Dahntay Jones,Jeff Foster,Mike Dunleavy,T.J. Ford,Troy Murphy,Carlos Boozer,Deron Williams,Mehmet Okur,Ronnie Brewer,Wesley Matthews,1,4:05,IND,shot,Mike Dunleavy,,,,,,,,,Jeff Foster,2,,,made,,running slam dunk,25,6
Dahntay Jones,Jeff Foster,Mike Dunleavy,T.J. Ford,Troy Murphy,Carlos Boozer,Deron Williams,Mehmet Okur,Ronnie Brewer,Wesley Matthews,1,3:34,UTA,shot,,,,,,,,,,Wesley Matthews,,,,missed,,3pt,19,34
Dahntay Jones,Jeff Foster,Mike Dunleavy,T.J. Ford,Troy Murphy,Carlos Boozer,Deron Williams,Mehmet Okur,Ronnie Brewer,Wesley Matthews,1,3:33,IND,rebound,,,,,,,,,,Troy Murphy,,,,,,def,,
Dahntay Jones,Jeff Foster,Mike Dunleavy,T.J. Ford,Troy Murphy,Carlos Boozer,Deron Williams,Mehmet Okur,Ronnie Brewer,Wesley Matthews,1,3:23,UTA,foul,,,,,,,,Mike Dunleavy,,Ronnie Brewer,,,,,,shooting,,
Dahntay Jones,Jeff Foster,Mike Dunleavy,T.J. Ford,Troy Murphy,Deron Williams,Mehmet Okur,Paul Millsap,Ronnie Brewer,Wesley Matthews,1,3:23,UTA,sub,,,,Paul Millsap,,Carlos Boozer,,,,,,,,,,,,
Brandon Rush,Jeff Foster,Mike Dunleavy,T.J. Ford,Troy Murphy,Deron Williams,Mehmet Okur,Paul Millsap,Ronnie Brewer,Wesley Matthews,1,3:23,IND,sub,,,,Brandon Rush,,Dahntay Jones,,,,,,,,,,,,
Brandon Rush,Earl Watson,Jeff Foster,Mike Dunleavy,Troy Murphy,Deron Williams,Mehmet Okur,Paul Millsap,Ronnie Brewer,Wesley Matthews,1,3:23,IND,sub,,,,Earl Watson,,T.J. Ford,,,,,,,,,,,,
Brandon Rush,Earl Watson,Jeff Foster,Mike Dunleavy,Troy Murphy,Deron Williams,Mehmet Okur,Paul Millsap,Ronnie Brewer,Wesley Matthews,1,3:23,IND,free throw,,,,,,,1,,3,Mike Dunleavy,,,foul,made,,,,
Brandon Rush,Earl Watson,Jeff Foster,Mike Dunleavy,Troy Murphy,Andrei Kirilenko,Deron Williams,Mehmet Okur,Paul Millsap,Wesley Matthews,1,3:23,UTA,sub,,,,Andrei Kirilenko,,Ronnie Brewer,,,,,,,,,,,,
Brandon Rush,Earl Watson,Jeff Foster,Mike Dunleavy,Tyler Hansbrough,Andrei Kirilenko,Deron Williams,Mehmet Okur,Paul Millsap,Wesley Matthews,1,3:23,IND,sub,,,,Tyler Hansbrough,,Troy Murphy,,,,,,,,,,,,
Brandon Rush,Earl Watson,Jeff Foster,Mike Dunleavy,Tyler Hansbrough,Andrei Kirilenko,Deron Williams,Mehmet Okur,Paul Millsap,Wesley Matthews,1,3:23,IND,free throw,,,,,,,2,,3,Mike Dunleavy,,,foul,missed,,,,
Brandon Rush,Earl Watson,Jeff Foster,Mike Dunleavy,Tyler Hansbrough,Andrei Kirilenko,Deron Williams,Mehmet Okur,Paul Millsap,Wesley Matthews,1,3:23,IND,rebound,,,,,,,,,,,,,,,,,,
Brandon Rush,Earl Watson,Jeff Foster,Mike Dunleavy,Tyler Hansbrough,Andrei Kirilenko,Deron Williams,Mehmet Okur,Paul Millsap,Wesley Matthews,1,3:23,IND,free throw,,,,,,,3,,3,Mike Dunleavy,,,foul,made,,,,
Brandon Rush,Earl Watson,Jeff Foster,Mike Dunleavy,Tyler Hansbrough,Andrei Kirilenko,Deron Williams,Mehmet Okur,Paul Millsap,Wesley Matthews,1,3:10,UTA,shot,,,,,,,,,,Deron Williams,,,,missed,,jump,36,21
Brandon Rush,Earl Watson,Jeff Foster,Mike Dunleavy,Tyler Hansbrough,Andrei Kirilenko,Deron Williams,Mehmet Okur,Paul Millsap,Wesley Matthews,1,3:09,UTA,rebound,,,,,,,,,,Mehmet Okur,,,,,,off,,
Brandon Rush,Earl Watson,Jeff Foster,Mike Dunleavy,Tyler Hansbrough,Andrei Kirilenko,Deron Williams,Mehmet Okur,Paul Millsap,Wesley Matthews,1,3:02,UTA,shot,,,,,,,,,,Mehmet Okur,,,,missed,,layup,25,6
Brandon Rush,Earl Watson,Jeff Foster,Mike Dunleavy,Tyler Hansbrough,Andrei Kirilenko,Deron Williams,Mehmet Okur,Paul Millsap,Wesley Matthews,1,3:00,UTA,rebound,,,,,,,,,,Paul Millsap,,,,,,off,,
Brandon Rush,Earl Watson,Jeff Foster,Mike Dunleavy,Tyler Hansbrough,Andrei Kirilenko,Deron Williams,Mehmet Okur,Paul Millsap,Wesley Matthews,1,2:49,UTA,shot,,,,,,,,,,Wesley Matthews,2,,,made,,jump,35,13
Brandon Rush,Earl Watson,Jeff Foster,Mike Dunleavy,Tyler Hansbrough,Andrei Kirilenko,Deron Williams,Mehmet Okur,Paul Millsap,Wesley Matthews,1,2:35,IND,shot,,,,,,,,,,Mike Dunleavy,,,,missed,,jump,5,6
Brandon Rush,Earl Watson,Jeff Foster,Mike Dunleavy,Tyler Hansbrough,Andrei Kirilenko,Deron Williams,Mehmet Okur,Paul Millsap,Wesley Matthews,1,2:33,UTA,rebound,,,,,,,,,,Paul Millsap,,,,,,def,,
Brandon Rush,Earl Watson,Jeff Foster,Mike Dunleavy,Tyler Hansbrough,Andrei Kirilenko,Deron Williams,Mehmet Okur,Paul Millsap,Wesley Matthews,1,2:24,UTA,shot,,,,,,,,,,Andrei Kirilenko,,,,missed,,jump,5,16
Brandon Rush,Earl Watson,Jeff Foster,Mike Dunleavy,Tyler Hansbrough,Andrei Kirilenko,Deron Williams,Mehmet Okur,Paul Millsap,Wesley Matthews,1,2:23,IND,rebound,,,,,,,,,,Brandon Rush,,,,,,def,,
Brandon Rush,Earl Watson,Jeff Foster,Mike Dunleavy,Tyler Hansbrough,Andrei Kirilenko,Deron Williams,Mehmet Okur,Paul Millsap,Wesley Matthews,1,2:10,IND,shot,,,,,,,,,,Mike Dunleavy,2,,,made,,running jump,26,16
Brandon Rush,Earl Watson,Jeff Foster,Mike Dunleavy,Tyler Hansbrough,Andrei Kirilenko,Deron Williams,Mehmet Okur,Paul Millsap,Wesley Matthews,1,1:52,UTA,shot,,,,,,,,,,Andrei Kirilenko,,,,missed,,jump,38,20
Brandon Rush,Earl Watson,Jeff Foster,Mike Dunleavy,Tyler Hansbrough,Andrei Kirilenko,Deron Williams,Mehmet Okur,Paul Millsap,Wesley Matthews,1,1:51,IND,rebound,,,,,,,,,,Brandon Rush,,,,,,def,,
Brandon Rush,Earl Watson,Jeff Foster,Mike Dunleavy,Tyler Hansbrough,Andrei Kirilenko,Deron Williams,Mehmet Okur,Paul Millsap,Wesley Matthews,1,1:40,IND,shot,,,,,,,,,,Mike Dunleavy,,,,missed,,3pt,39,28
Brandon Rush,Earl Watson,Jeff Foster,Mike Dunleavy,Tyler Hansbrough,Andrei Kirilenko,Deron Williams,Mehmet Okur,Paul Millsap,Wesley Matthews,1,1:39,UTA,rebound,,,,,,,,,,Deron Williams,,,,,,def,,
Brandon Rush,Earl Watson,Jeff Foster,Mike Dunleavy,Tyler Hansbrough,Andrei Kirilenko,Deron Williams,Mehmet Okur,Paul Millsap,Wesley Matthews,1,1:35,UTA,shot,Deron Williams,,,,,,,,,Paul Millsap,2,,,made,,slam dunk,25,6
Brandon Rush,Earl Watson,Jeff Foster,Mike Dunleavy,Tyler Hansbrough,Andrei Kirilenko,Deron Williams,Mehmet Okur,Paul Millsap,Wesley Matthews,1,1:15,IND,shot,,,,,,,,,,Earl Watson,,,,missed,,jump,28,25
Brandon Rush,Earl Watson,Jeff Foster,Mike Dunleavy,Tyler Hansbrough,Andrei Kirilenko,Deron Williams,Mehmet Okur,Paul Millsap,Wesley Matthews,1,1:13,UTA,rebound,,,,,,,,,,Wesley Matthews,,,,,,def,,
Brandon Rush,Earl Watson,Jeff Foster,Mike Dunleavy,Tyler Hansbrough,Andrei Kirilenko,Deron Williams,Mehmet Okur,Paul Millsap,Wesley Matthews,1,1:00,IND,foul,,,,,,,,Paul Millsap,,Tyler Hansbrough,,,,,,shooting,,
Brandon Rush,Earl Watson,Jeff Foster,Mike Dunleavy,Tyler Hansbrough,Andrei Kirilenko,Deron Williams,Mehmet Okur,Paul Millsap,Wesley Matthews,1,1:00,UTA,timeout,,,,,,,,,,,,,,,,regular,,
Brandon Rush,Earl Watson,Jeff Foster,Mike Dunleavy,Tyler Hansbrough,Andrei Kirilenko,Eric Maynor,Mehmet Okur,Paul Millsap,Wesley Matthews,1,1:00,UTA,sub,,,,Eric Maynor,,Deron Williams,,,,,,,,,,,,
Brandon Rush,Danny Granger,Earl Watson,Jeff Foster,Tyler Hansbrough,Andrei Kirilenko,Eric Maynor,Mehmet Okur,Paul Millsap,Wesley Matthews,1,1:00,IND,sub,,,,Danny Granger,,Mike Dunleavy,,,,,,,,,,,,
Brandon Rush,Danny Granger,Earl Watson,Roy Hibbert,Tyler Hansbrough,Andrei Kirilenko,Eric Maynor,Mehmet Okur,Paul Millsap,Wesley Matthews,1,1:00,IND,sub,,,,Roy Hibbert,,Jeff Foster,,,,,,,,,,,,
Brandon Rush,Danny Granger,Earl Watson,Roy Hibbert,Tyler Hansbrough,Andrei Kirilenko,Eric Maynor,Mehmet Okur,Paul Millsap,Wesley Matthews,1,1:00,UTA,free throw,,,,,,,1,,2,Paul Millsap,,,foul,made,,,,
Brandon Rush,Danny Granger,Earl Watson,Roy Hibbert,Tyler Hansbrough,Andrei Kirilenko,Eric Maynor,Mehmet Okur,Paul Millsap,Wesley Matthews,1,1:00,UTA,free throw,,,,,,,2,,2,Paul Millsap,,,foul,missed,,,,
Brandon Rush,Danny Granger,Earl Watson,Roy Hibbert,Tyler Hansbrough,Andrei Kirilenko,Eric Maynor,Mehmet Okur,Paul Millsap,Wesley Matthews,1,0:59,IND,rebound,,,,,,,,,,Brandon Rush,,,,,,def,,
Brandon Rush,Danny Granger,Earl Watson,Roy Hibbert,Tyler Hansbrough,Andrei Kirilenko,Eric Maynor,Mehmet Okur,Paul Millsap,Wesley Matthews,1,0:50,IND,shot,Tyler Hansbrough,,,,,,,,,Danny Granger,2,,,made,,layup,25,6
Brandon Rush,Danny Granger,Earl Watson,Roy Hibbert,Tyler Hansbrough,Andrei Kirilenko,Eric Maynor,Mehmet Okur,Paul Millsap,Wesley Matthews,1,0:50,UTA,foul,,,,,,,,Danny Granger,,Andrei Kirilenko,,,,,,shooting,,
Brandon Rush,Danny Granger,Earl Watson,Roy Hibbert,Tyler Hansbrough,Andrei Kirilenko,Eric Maynor,Mehmet Okur,Paul Millsap,Wesley Matthews,1,0:50,IND,free throw,,,,,,,1,,1,Danny Granger,,,foul,made,,,,
Brandon Rush,Danny Granger,Earl Watson,Roy Hibbert,Tyler Hansbrough,Andrei Kirilenko,Eric Maynor,Mehmet Okur,Paul Millsap,Wesley Matthews,1,0:34,UTA,shot,Andrei Kirilenko,,,,,,,,,Mehmet Okur,3,,,made,,3pt,41,25
Brandon Rush,Danny Granger,Earl Watson,Roy Hibbert,Tyler Hansbrough,Andrei Kirilenko,Eric Maynor,Mehmet Okur,Paul Millsap,Wesley Matthews,1,0:16,UTA,foul,,,,,,,,Earl Watson,,Wesley Matthews,,,,,,shooting,,
Brandon Rush,Danny Granger,Earl Watson,Roy Hibbert,Tyler Hansbrough,Andrei Kirilenko,Eric Maynor,Mehmet Okur,Paul Millsap,Wesley Matthews,1,0:16,IND,free throw,,,,,,,1,,2,Earl Watson,,,foul,made,,,,
Brandon Rush,Danny Granger,Earl Watson,Roy Hibbert,Tyler Hansbrough,Andrei Kirilenko,Eric Maynor,Mehmet Okur,Paul Millsap,Wesley Matthews,1,0:16,IND,free throw,,,,,,,2,,2,Earl Watson,,,foul,made,,,,
Brandon Rush,Danny Granger,Earl Watson,Roy Hibbert,Tyler Hansbrough,Andrei Kirilenko,Eric Maynor,Mehmet Okur,Paul Millsap,Wesley Matthews,1,0:01,UTA,shot,,,,,,,,,,Paul Millsap,,,,missed,,jump,32,23
Brandon Rush,Danny Granger,Earl Watson,Roy Hibbert,Tyler Hansbrough,Andrei Kirilenko,Eric Maynor,Mehmet Okur,Paul Millsap,Wesley Matthews,1,0:00,UTA,rebound,,,,,,,,,,Mehmet Okur,,,,,,off,,
Brandon Rush,Danny Granger,Earl Watson,Roy Hibbert,Tyler Hansbrough,Andrei Kirilenko,Eric Maynor,Mehmet Okur,Paul Millsap,Wesley Matthews,1,0:00,IND,foul,,,,,,,,Mehmet Okur,,Tyler Hansbrough,,,,,,shooting,,
Brandon Rush,Danny Granger,Earl Watson,Roy Hibbert,Tyler Hansbrough,Andrei Kirilenko,Eric Maynor,Mehmet Okur,Paul Millsap,Wesley Matthews,1,0:00,UTA,free throw,,,,,,,1,,2,Mehmet Okur,,,foul,made,,,,
Brandon Rush,Danny Granger,Earl Watson,Roy Hibbert,Tyler Hansbrough,Andrei Kirilenko,Eric Maynor,Mehmet Okur,Paul Millsap,Wesley Matthews,1,0:00,UTA,free throw,,,,,,,2,,2,Mehmet Okur,,,foul,made,,,,
Brandon Rush,Danny Granger,Earl Watson,Roy Hibbert,Tyler Hansbrough,Andrei Kirilenko,C.J. Miles,Carlos Boozer,Eric Maynor,Paul Millsap,2,11:35,UTA,shot,,,,,,,,,,C.J. Miles,,,,missed,,jump,41,13
Brandon Rush,Danny Granger,Earl Watson,Roy Hibbert,Tyler Hansbrough,Andrei Kirilenko,C.J. Miles,Carlos Boozer,Eric Maynor,Paul Millsap,2,11:34,IND,rebound,,,,,,,,,,Danny Granger,,,,,,def,,
Brandon Rush,Danny Granger,Earl Watson,Roy Hibbert,Tyler Hansbrough,Andrei Kirilenko,C.J. Miles,Carlos Boozer,Eric Maynor,Paul Millsap,2,11:17,IND,shot,Roy Hibbert,,,,,,,,,Tyler Hansbrough,2,,,made,,jump,19,19
Brandon Rush,Danny Granger,Earl Watson,Roy Hibbert,Tyler Hansbrough,Andrei Kirilenko,C.J. Miles,Carlos Boozer,Eric Maynor,Paul Millsap,2,10:54,UTA,shot,,,,,,,,,,Eric Maynor,,,,missed,,jump,30,19
Brandon Rush,Danny Granger,Earl Watson,Roy Hibbert,Tyler Hansbrough,Andrei Kirilenko,C.J. Miles,Carlos Boozer,Eric Maynor,Paul Millsap,2,10:53,UTA,rebound,,,,,,,,,,Paul Millsap,,,,,,off,,
Brandon Rush,Danny Granger,Earl Watson,Roy Hibbert,Tyler Hansbrough,Andrei Kirilenko,C.J. Miles,Carlos Boozer,Eric Maynor,Paul Millsap,2,10:40,UTA,shot,,,,,,,,,,Eric Maynor,,,,missed,,jump,46,13
Brandon Rush,Danny Granger,Earl Watson,Roy Hibbert,Tyler Hansbrough,Andrei Kirilenko,C.J. Miles,Carlos Boozer,Eric Maynor,Paul Millsap,2,10:39,IND,rebound,,,,,,,,,,,,,,,,,,
Brandon Rush,Danny Granger,Earl Watson,Roy Hibbert,Troy Murphy,Andrei Kirilenko,C.J. Miles,Carlos Boozer,Eric Maynor,Paul Millsap,2,10:39,IND,sub,,,,Troy Murphy,,Tyler Hansbrough,,,,,,,,,,,,
Brandon Rush,Danny Granger,Earl Watson,Roy Hibbert,Troy Murphy,Andrei Kirilenko,C.J. Miles,Carlos Boozer,Eric Maynor,Paul Millsap,2,10:29,UTA,foul,,,,,,,,Danny Granger,,Carlos Boozer,,,,,,shooting,,
Brandon Rush,Danny Granger,Earl Watson,Jeff Foster,Troy Murphy,Andrei Kirilenko,C.J. Miles,Carlos Boozer,Eric Maynor,Paul Millsap,2,10:29,IND,sub,,,,Jeff Foster,,Roy Hibbert,,,,,,,,,,,,
Brandon Rush,Danny Granger,Earl Watson,Jeff Foster,Troy Murphy,Andrei Kirilenko,C.J. Miles,Carlos Boozer,Eric Maynor,Paul Millsap,2,10:29,IND,free throw,,,,,,,1,,2,Danny Granger,,,foul,made,,,,
Brandon Rush,Danny Granger,Earl Watson,Jeff Foster,Troy Murphy,Andrei Kirilenko,C.J. Miles,Carlos Boozer,Eric Maynor,Paul Millsap,2,10:29,IND,free throw,,,,,,,2,,2,Danny Granger,,,foul,made,,,,
Brandon Rush,Danny Granger,Earl Watson,Jeff Foster,Troy Murphy,Andrei Kirilenko,C.J. Miles,Carlos Boozer,Eric Maynor,Paul Millsap,2,10:16,UTA,shot,,,,,,,,,,Paul Millsap,,,,missed,,jump,9,4
Brandon Rush,Danny Granger,Earl Watson,Jeff Foster,Troy Murphy,Andrei Kirilenko,C.J. Miles,Carlos Boozer,Eric Maynor,Paul Millsap,2,10:15,IND,rebound,,,,,,,,,,Danny Granger,,,,,,def,,
Brandon Rush,Danny Granger,Earl Watson,Jeff Foster,Troy Murphy,Andrei Kirilenko,C.J. Miles,Carlos Boozer,Eric Maynor,Paul Millsap,2,9:59,IND,shot,Troy Murphy,,,,,,,,,Danny Granger,2,,,made,,jump,21,21
Brandon Rush,Danny Granger,Earl Watson,Jeff Foster,Troy Murphy,Andrei Kirilenko,C.J. Miles,Carlos Boozer,Eric Maynor,Paul Millsap,2,9:42,UTA,shot,Eric Maynor,,,,,,,,,Andrei Kirilenko,2,,,made,,jump,4,9
Brandon Rush,Danny Granger,Earl Watson,Jeff Foster,Troy Murphy,Andrei Kirilenko,C.J. Miles,Carlos Boozer,Eric Maynor,Paul Millsap,2,9:29,IND,shot,,,,,,,,,,Troy Murphy,2,,,made,,running jump,25,10
Brandon Rush,Danny Granger,Earl Watson,Jeff Foster,Troy Murphy,Andrei Kirilenko,C.J. Miles,Carlos Boozer,Eric Maynor,Paul Millsap,2,9:15,UTA,shot,Eric Maynor,,,,,,,,,Carlos Boozer,2,,,made,,jump,32,23
Brandon Rush,Danny Granger,Earl Watson,Jeff Foster,Troy Murphy,Andrei Kirilenko,C.J. Miles,Carlos Boozer,Eric Maynor,Paul Millsap,2,9:08,UTA,foul,,,,,,,,Earl Watson,,Eric Maynor,,,,,,personal,,
Danny Granger,Earl Watson,Jeff Foster,Mike Dunleavy,Troy Murphy,Andrei Kirilenko,C.J. Miles,Carlos Boozer,Eric Maynor,Paul Millsap,2,9:08,IND,sub,,,,Mike Dunleavy,,Brandon Rush,,,,,,,,,,,,
Danny Granger,Earl Watson,Jeff Foster,Mike Dunleavy,Troy Murphy,Andrei Kirilenko,C.J. Miles,Carlos Boozer,Eric Maynor,Paul Millsap,2,9:04,UTA,foul,,,,,,,,Danny Granger,,Andrei Kirilenko,,,,,,personal,,
Danny Granger,Earl Watson,Jeff Foster,Mike Dunleavy,Troy Murphy,Andrei Kirilenko,C.J. Miles,Carlos Boozer,Eric Maynor,Paul Millsap,2,8:59,IND,turnover,,,,,,,,,,Danny Granger,,,lost ball,,C.J. Miles,,,
Danny Granger,Earl Watson,Jeff Foster,Mike Dunleavy,Troy Murphy,Andrei Kirilenko,C.J. Miles,Carlos Boozer,Eric Maynor,Paul Millsap,2,8:42,IND,foul,,,,,,,,Paul Millsap,,Danny Granger,,,,,,personal,,
Danny Granger,Earl Watson,Jeff Foster,Mike Dunleavy,Troy Murphy,Andrei Kirilenko,C.J. Miles,Carlos Boozer,Eric Maynor,Paul Millsap,2,8:42,UTA,timeout,,,,,,,,,,,,,,,,official,,
Danny Granger,Earl Watson,Jeff Foster,Mike Dunleavy,Troy Murphy,Andrei Kirilenko,C.J. Miles,Carlos Boozer,Eric Maynor,Paul Millsap,2,8:32,UTA,turnover,,,,,,,,,,Paul Millsap,,,lost ball,,Earl Watson,,,
Danny Granger,Earl Watson,Jeff Foster,Mike Dunleavy,Troy Murphy,Andrei Kirilenko,C.J. Miles,Carlos Boozer,Eric Maynor,Paul Millsap,2,8:26,IND,shot,Earl Watson,,,,,,,,,Danny Granger,2,,,made,,layup,25,6
Danny Granger,Earl Watson,Jeff Foster,Mike Dunleavy,Troy Murphy,Andrei Kirilenko,C.J. Miles,Carlos Boozer,Eric Maynor,Paul Millsap,2,8:10,UTA,shot,,,,,,,,,,C.J. Miles,,,,missed,,3pt,6,22
Danny Granger,Earl Watson,Jeff Foster,Mike Dunleavy,Troy Murphy,Andrei Kirilenko,C.J. Miles,Carlos Boozer,Eric Maynor,Paul Millsap,2,8:09,IND,rebound,,,,,,,,,,Earl Watson,,,,,,def,,
Danny Granger,Earl Watson,Jeff Foster,Mike Dunleavy,Troy Murphy,Andrei Kirilenko,C.J. Miles,Carlos Boozer,Eric Maynor,Paul Millsap,2,7:56,IND,shot,Mike Dunleavy,,,,,,,,,Earl Watson,3,,,made,,3pt,34,30
Danny Granger,Earl Watson,Jeff Foster,Mike Dunleavy,Troy Murphy,Andrei Kirilenko,C.J. Miles,Carlos Boozer,Eric Maynor,Paul Millsap,2,7:30,UTA,shot,,,,,,,,,,Carlos Boozer,,,,missed,,jump,14,17
Danny Granger,Earl Watson,Jeff Foster,Mike Dunleavy,Troy Murphy,Andrei Kirilenko,C.J. Miles,Carlos Boozer,Eric Maynor,Paul Millsap,2,7:29,IND,rebound,,,,,,,,,,Jeff Foster,,,,,,def,,
Danny Granger,Earl Watson,Jeff Foster,Mike Dunleavy,Troy Murphy,Andrei Kirilenko,C.J. Miles,Carlos Boozer,Eric Maynor,Paul Millsap,2,7:22,IND,turnover,,,,,,,,,,Earl Watson,,,bad pass,,Andrei Kirilenko,,,
Danny Granger,Earl Watson,Jeff Foster,Mike Dunleavy,Troy Murphy,Andrei Kirilenko,C.J. Miles,Carlos Boozer,Eric Maynor,Paul Millsap,2,7:14,UTA,shot,,,,,,,,,,Eric Maynor,2,,,made,,floating jump,29,12
Danny Granger,Earl Watson,Jeff Foster,Mike Dunleavy,Troy Murphy,Andrei Kirilenko,C.J. Miles,Carlos Boozer,Eric Maynor,Paul Millsap,2,6:57,IND,shot,Jeff Foster,,,,,,,,,Mike Dunleavy,3,,,made,,3pt,33,29
Danny Granger,Earl Watson,Jeff Foster,Mike Dunleavy,Troy Murphy,Andrei Kirilenko,C.J. Miles,Carlos Boozer,Eric Maynor,Paul Millsap,2,6:35,UTA,shot,Eric Maynor,,,,,,,,,Carlos Boozer,2,,,made,,running jump,26,12
Danny Granger,Earl Watson,Jeff Foster,Mike Dunleavy,Troy Murphy,Andrei Kirilenko,C.J. Miles,Carlos Boozer,Eric Maynor,Paul Millsap,2,6:34,UTA,violation,,,,,,,,,,,,,,,,delay of game,,
Danny Granger,Earl Watson,Jeff Foster,Mike Dunleavy,Troy Murphy,Andrei Kirilenko,C.J. Miles,Carlos Boozer,Eric Maynor,Paul Millsap,2,6:26,UTA,violation,,,,,,,,,,Paul Millsap,,,,,,kicked ball,,
Danny Granger,Earl Watson,Jeff Foster,Mike Dunleavy,Troy Murphy,Andrei Kirilenko,C.J. Miles,Carlos Boozer,Deron Williams,Paul Millsap,2,6:26,UTA,sub,,,,Deron Williams,,Eric Maynor,,,,,,,,,,,,
Danny Granger,Earl Watson,Jeff Foster,Mike Dunleavy,Troy Murphy,C.J. Miles,Carlos Boozer,Deron Williams,Paul Millsap,Ronnie Brewer,2,6:26,UTA,sub,,,,Ronnie Brewer,,Andrei Kirilenko,,,,,,,,,,,,
Danny Granger,Earl Watson,Jeff Foster,Mike Dunleavy,Troy Murphy,C.J. Miles,Carlos Boozer,Deron Williams,Paul Millsap,Ronnie Brewer,2,6:14,IND,foul,,,,,,,,Ronnie Brewer,,Troy Murphy,,,,,,offensive,,
Danny Granger,Earl Watson,Jeff Foster,Mike Dunleavy,Troy Murphy,C.J. Miles,Carlos Boozer,Deron Williams,Paul Millsap,Ronnie Brewer,2,6:14,IND,turnover,,,,,,,,,,Troy Murphy,,,foul,,,,,
Danny Granger,Earl Watson,Jeff Foster,Mike Dunleavy,Troy Murphy,C.J. Miles,Carlos Boozer,Deron Williams,Paul Millsap,Ronnie Brewer,2,6:05,IND,foul,,,,,,,,Carlos Boozer,,Jeff Foster,,,,,,personal,,
Danny Granger,Earl Watson,Jeff Foster,Mike Dunleavy,Troy Murphy,C.J. Miles,Carlos Boozer,Deron Williams,Paul Millsap,Ronnie Brewer,2,5:59,UTA,shot,,,,,,,,,,Carlos Boozer,,,,missed,,fade away jumper,26,15
Danny Granger,Earl Watson,Jeff Foster,Mike Dunleavy,Troy Murphy,C.J. Miles,Carlos Boozer,Deron Williams,Paul Millsap,Ronnie Brewer,2,5:57,IND,rebound,,,,,,,,,,Troy Murphy,,,,,,def,,
Danny Granger,Earl Watson,Jeff Foster,Mike Dunleavy,Troy Murphy,C.J. Miles,Carlos Boozer,Deron Williams,Paul Millsap,Ronnie Brewer,2,5:51,IND,shot,Earl Watson,,,,,,,,,Troy Murphy,3,,,made,,3pt,26,30
Danny Granger,Earl Watson,Jeff Foster,Mike Dunleavy,Troy Murphy,C.J. Miles,Carlos Boozer,Deron Williams,Paul Millsap,Ronnie Brewer,2,5:31,UTA,shot,Deron Williams,,,,,,,,,Paul Millsap,2,,,made,,running jump,26,15
Danny Granger,Earl Watson,Jeff Foster,Mike Dunleavy,Troy Murphy,C.J. Miles,Carlos Boozer,Deron Williams,Paul Millsap,Ronnie Brewer,2,5:21,IND,turnover,,,,,,,,,,Mike Dunleavy,,,lost ball,,Ronnie Brewer,,,
Danny Granger,Earl Watson,Jeff Foster,Mike Dunleavy,Troy Murphy,C.J. Miles,Carlos Boozer,Deron Williams,Paul Millsap,Ronnie Brewer,2,5:09,IND,foul,,,,,,,,Carlos Boozer,,Jeff Foster,,,,,,shooting,,
Danny Granger,Earl Watson,Jeff Foster,Mike Dunleavy,Troy Murphy,C.J. Miles,Carlos Boozer,Deron Williams,Paul Millsap,Ronnie Brewer,2,5:09,UTA,timeout,,,,,,,,,,,,,,,,regular,,
Danny Granger,Jeff Foster,Mike Dunleavy,T.J. Ford,Troy Murphy,C.J. Miles,Carlos Boozer,Deron Williams,Paul Millsap,Ronnie Brewer,2,5:09,IND,sub,,,,T.J. Ford,,Earl Watson,,,,,,,,,,,,
Dahntay Jones,Danny Granger,Jeff Foster,T.J. Ford,Troy Murphy,C.J. Miles,Carlos Boozer,Deron Williams,Paul Millsap,Ronnie Brewer,2,5:09,IND,sub,,,,Dahntay Jones,,Mike Dunleavy,,,,,,,,,,,,
Dahntay Jones,Danny Granger,Jeff Foster,T.J. Ford,Troy Murphy,Carlos Boozer,Deron Williams,Paul Millsap,Ronnie Brewer,Wesley Matthews,2,5:09,UTA,sub,,,,Wesley Matthews,,C.J. Miles,,,,,,,,,,,,
Dahntay Jones,Danny Granger,Jeff Foster,T.J. Ford,Troy Murphy,Carlos Boozer,Deron Williams,Paul Millsap,Ronnie Brewer,Wesley Matthews,2,5:09,UTA,free throw,,,,,,,1,,2,Carlos Boozer,,,foul,made,,,,
Dahntay Jones,Danny Granger,Jeff Foster,T.J. Ford,Troy Murphy,Carlos Boozer,Deron Williams,Paul Millsap,Ronnie Brewer,Wesley Matthews,2,5:09,UTA,free throw,,,,,,,2,,2,Carlos Boozer,,,foul,missed,,,,
Dahntay Jones,Danny Granger,Jeff Foster,T.J. Ford,Troy Murphy,Carlos Boozer,Deron Williams,Paul Millsap,Ronnie Brewer,Wesley Matthews,2,5:08,IND,rebound,,,,,,,,,,Jeff Foster,,,,,,def,,
Dahntay Jones,Danny Granger,Jeff Foster,T.J. Ford,Troy Murphy,Carlos Boozer,Deron Williams,Paul Millsap,Ronnie Brewer,Wesley Matthews,2,4:56,IND,turnover,,,,,,,,,,Dahntay Jones,,,lost ball,,Wesley Matthews,,,
Dahntay Jones,Danny Granger,Jeff Foster,T.J. Ford,Troy Murphy,Carlos Boozer,Deron Williams,Paul Millsap,Ronnie Brewer,Wesley Matthews,2,4:41,UTA,shot,,,,,,,,,,Ronnie Brewer,,,,missed,,jump,35,11
Dahntay Jones,Danny Granger,Jeff Foster,T.J. Ford,Troy Murphy,Carlos Boozer,Deron Williams,Paul Millsap,Ronnie Brewer,Wesley Matthews,2,4:40,IND,rebound,,,,,,,,,,T.J. Ford,,,,,,def,,
Dahntay Jones,Danny Granger,Jeff Foster,T.J. Ford,Troy Murphy,Carlos Boozer,Deron Williams,Paul Millsap,Ronnie Brewer,Wesley Matthews,2,4:35,UTA,violation,,,,,,,,,,Wesley Matthews,,,,,,defensive goaltending,,
Dahntay Jones,Danny Granger,Jeff Foster,T.J. Ford,Troy Murphy,Carlos Boozer,Deron Williams,Paul Millsap,Ronnie Brewer,Wesley Matthews,2,4:35,IND,shot,,,,,,,,,,T.J. Ford,2,,,made,,driving layup,25,6
Dahntay Jones,Danny Granger,Jeff Foster,T.J. Ford,Troy Murphy,Carlos Boozer,Deron Williams,Paul Millsap,Ronnie Brewer,Wesley Matthews,2,4:21,UTA,shot,,,,,,,,,,Deron Williams,,,,missed,,jump,33,26
Dahntay Jones,Danny Granger,Jeff Foster,T.J. Ford,Troy Murphy,Carlos Boozer,Deron Williams,Paul Millsap,Ronnie Brewer,Wesley Matthews,2,4:19,IND,rebound,,,,,,,,,,Troy Murphy,,,,,,def,,
Dahntay Jones,Danny Granger,Jeff Foster,T.J. Ford,Troy Murphy,Carlos Boozer,Deron Williams,Paul Millsap,Ronnie Brewer,Wesley Matthews,2,4:02,IND,shot,,,,,,,,,,Danny Granger,,,,missed,,jump,31,19
Dahntay Jones,Danny Granger,Jeff Foster,T.J. Ford,Troy Murphy,Carlos Boozer,Deron Williams,Paul Millsap,Ronnie Brewer,Wesley Matthews,2,4:00,UTA,rebound,,,,,,,,,,Deron Williams,,,,,,def,,
Dahntay Jones,Danny Granger,Jeff Foster,T.J. Ford,Troy Murphy,Carlos Boozer,Deron Williams,Paul Millsap,Ronnie Brewer,Wesley Matthews,2,3:47,UTA,shot,Deron Williams,,,,,,,,,Paul Millsap,2,,,made,,jump,10,15
Dahntay Jones,Danny Granger,Jeff Foster,T.J. Ford,Troy Murphy,Carlos Boozer,Deron Williams,Paul Millsap,Ronnie Brewer,Wesley Matthews,2,3:40,IND,timeout,,,,,,,,,,,,,,,,regular,,
Dahntay Jones,Danny Granger,Jeff Foster,T.J. Ford,Troy Murphy,Carlos Boozer,Deron Williams,Mehmet Okur,Ronnie Brewer,Wesley Matthews,2,3:40,UTA,sub,,,,Mehmet Okur,,Paul Millsap,,,,,,,,,,,,
Dahntay Jones,Danny Granger,Jeff Foster,T.J. Ford,Tyler Hansbrough,Carlos Boozer,Deron Williams,Mehmet Okur,Ronnie Brewer,Wesley Matthews,2,3:40,IND,sub,,,,Tyler Hansbrough,,Troy Murphy,,,,,,,,,,,,
Dahntay Jones,Danny Granger,Roy Hibbert,T.J. Ford,Tyler Hansbrough,Carlos Boozer,Deron Williams,Mehmet Okur,Ronnie Brewer,Wesley Matthews,2,3:40,IND,sub,,,,Roy Hibbert,,Jeff Foster,,,,,,,,,,,,
Dahntay Jones,Danny Granger,Roy Hibbert,T.J. Ford,Tyler Hansbrough,Carlos Boozer,Deron Williams,Mehmet Okur,Ronnie Brewer,Wesley Matthews,2,3:25,IND,shot,,,,,,,,,,Roy Hibbert,,,,missed,,jump hook,34,9
Dahntay Jones,Danny Granger,Roy Hibbert,T.J. Ford,Tyler Hansbrough,Carlos Boozer,Deron Williams,Mehmet Okur,Ronnie Brewer,Wesley Matthews,2,3:23,UTA,rebound,,,,,,,,,,Carlos Boozer,,,,,,def,,
Dahntay Jones,Danny Granger,Roy Hibbert,T.J. Ford,Tyler Hansbrough,Carlos Boozer,Deron Williams,Mehmet Okur,Ronnie Brewer,Wesley Matthews,2,3:14,IND,foul,,,,,,,,Deron Williams,,T.J. Ford,,,,,,personal,,
Dahntay Jones,Danny Granger,Roy Hibbert,T.J. Ford,Tyler Hansbrough,Carlos Boozer,Deron Williams,Mehmet Okur,Ronnie Brewer,Wesley Matthews,2,3:04,IND,foul,,,,,,,,Carlos Boozer,,Roy Hibbert,,,,,,shooting,,
Dahntay Jones,Danny Granger,Roy Hibbert,T.J. Ford,Tyler Hansbrough,Carlos Boozer,Deron Williams,Mehmet Okur,Ronnie Brewer,Wesley Matthews,2,3:04,UTA,free throw,,,,,,,1,,2,Carlos Boozer,,,foul,made,,,,
Dahntay Jones,Danny Granger,Roy Hibbert,T.J. Ford,Tyler Hansbrough,Carlos Boozer,Deron Williams,Mehmet Okur,Ronnie Brewer,Wesley Matthews,2,3:04,UTA,free throw,,,,,,,2,,2,Carlos Boozer,,,foul,made,,,,
Dahntay Jones,Danny Granger,Roy Hibbert,T.J. Ford,Tyler Hansbrough,Carlos Boozer,Deron Williams,Mehmet Okur,Ronnie Brewer,Wesley Matthews,2,2:42,IND,shot,Danny Granger,,,,,,,,,Tyler Hansbrough,2,,,made,,jump,36,7
Dahntay Jones,Danny Granger,Roy Hibbert,T.J. Ford,Tyler Hansbrough,Carlos Boozer,Deron Williams,Mehmet Okur,Ronnie Brewer,Wesley Matthews,2,2:30,UTA,shot,,,,,,,,,,Wesley Matthews,,,,missed,,layup,25,6
Dahntay Jones,Danny Granger,Roy Hibbert,T.J. Ford,Tyler Hansbrough,Carlos Boozer,Deron Williams,Mehmet Okur,Ronnie Brewer,Wesley Matthews,2,2:29,UTA,rebound,,,,,,,,,,Wesley Matthews,,,,,,off,,
Dahntay Jones,Danny Granger,Roy Hibbert,T.J. Ford,Tyler Hansbrough,Carlos Boozer,Deron Williams,Mehmet Okur,Ronnie Brewer,Wesley Matthews,2,2:25,UTA,turnover,,,,,,,,,,Ronnie Brewer,,,lost ball,,Danny Granger,,,
Dahntay Jones,Danny Granger,Roy Hibbert,T.J. Ford,Tyler Hansbrough,Carlos Boozer,Deron Williams,Mehmet Okur,Ronnie Brewer,Wesley Matthews,2,2:21,UTA,foul,,,,,,,,T.J. Ford,,Deron Williams,,,,,,shooting,,
Dahntay Jones,Danny Granger,Jeff Foster,T.J. Ford,Tyler Hansbrough,Carlos Boozer,Deron Williams,Mehmet Okur,Ronnie Brewer,Wesley Matthews,2,2:21,IND,sub,,,,Jeff Foster,,Roy Hibbert,,,,,,,,,,,,
Dahntay Jones,Danny Granger,Jeff Foster,T.J. Ford,Tyler Hansbrough,Carlos Boozer,Deron Williams,Mehmet Okur,Ronnie Brewer,Wesley Matthews,2,2:21,IND,free throw,,,,,,,1,,2,T.J. Ford,,,foul,missed,,,,
Dahntay Jones,Danny Granger,Jeff Foster,T.J. Ford,Tyler Hansbrough,Carlos Boozer,Deron Williams,Mehmet Okur,Ronnie Brewer,Wesley Matthews,2,2:21,IND,rebound,,,,,,,,,,,,,,,,,,
Dahntay Jones,Danny Granger,Jeff Foster,T.J. Ford,Tyler Hansbrough,Carlos Boozer,Deron Williams,Mehmet Okur,Ronnie Brewer,Wesley Matthews,2,2:21,IND,free throw,,,,,,,2,,2,T.J. Ford,,,foul,made,,,,
Dahntay Jones,Danny Granger,Jeff Foster,T.J. Ford,Tyler Hansbrough,Carlos Boozer,Deron Williams,Mehmet Okur,Ronnie Brewer,Wesley Matthews,2,2:04,UTA,turnover,,,,,,,,,,Carlos Boozer,,,poss lost ball turnover,,,,,
Dahntay Jones,Danny Granger,Jeff Foster,T.J. Ford,Tyler Hansbrough,Carlos Boozer,Deron Williams,Mehmet Okur,Ronnie Brewer,Wesley Matthews,2,2:04,UTA,foul,,,,,,,,Dahntay Jones,,Carlos Boozer,,,,,,loose ball,,
Dahntay Jones,Danny Granger,Jeff Foster,T.J. Ford,Tyler Hansbrough,Deron Williams,Mehmet Okur,Paul Millsap,Ronnie Brewer,Wesley Matthews,2,2:04,UTA,sub,,,,Paul Millsap,,Carlos Boozer,,,,,,,,,,,,
Dahntay Jones,Danny Granger,Jeff Foster,T.J. Ford,Tyler Hansbrough,Deron Williams,Mehmet Okur,Paul Millsap,Ronnie Brewer,Wesley Matthews,2,2:04,IND,free throw,,,,,,,1,,2,Dahntay Jones,,,foul,made,,,,
Dahntay Jones,Danny Granger,Jeff Foster,T.J. Ford,Tyler Hansbrough,Deron Williams,Mehmet Okur,Paul Millsap,Ronnie Brewer,Wesley Matthews,2,2:04,IND,free throw,,,,,,,2,,2,Dahntay Jones,,,foul,made,,,,
Dahntay Jones,Danny Granger,Jeff Foster,T.J. Ford,Tyler Hansbrough,Deron Williams,Mehmet Okur,Paul Millsap,Ronnie Brewer,Wesley Matthews,2,1:47,UTA,shot,Paul Millsap,,,,,,,,,Deron Williams,2,,,made,,jump,22,21
Dahntay Jones,Danny Granger,Jeff Foster,T.J. Ford,Tyler Hansbrough,Deron Williams,Mehmet Okur,Paul Millsap,Ronnie Brewer,Wesley Matthews,2,1:38,UTA,foul,,,,,,,,Tyler Hansbrough,,Paul Millsap,,,,,,personal,,
Dahntay Jones,Danny Granger,Jeff Foster,T.J. Ford,Tyler Hansbrough,Deron Williams,Mehmet Okur,Paul Millsap,Ronnie Brewer,Wesley Matthews,2,1:38,IND,free throw,,,,,,,1,,2,Tyler Hansbrough,,,foul,made,,,,
Dahntay Jones,Danny Granger,Jeff Foster,T.J. Ford,Tyler Hansbrough,Deron Williams,Mehmet Okur,Paul Millsap,Ronnie Brewer,Wesley Matthews,2,1:38,IND,free throw,,,,,,,2,,2,Tyler Hansbrough,,,foul,made,,,,
Dahntay Jones,Danny Granger,Jeff Foster,T.J. Ford,Tyler Hansbrough,Deron Williams,Mehmet Okur,Paul Millsap,Ronnie Brewer,Wesley Matthews,2,1:26,UTA,shot,Deron Williams,,,,,,,,,Wesley Matthews,2,,,made,,jump,45,6
Dahntay Jones,Danny Granger,Jeff Foster,T.J. Ford,Tyler Hansbrough,Deron Williams,Mehmet Okur,Paul Millsap,Ronnie Brewer,Wesley Matthews,2,1:20,UTA,foul,,,,,,,,T.J. Ford,,Deron Williams,,,,,,personal,,
Dahntay Jones,Danny Granger,Jeff Foster,T.J. Ford,Tyler Hansbrough,Eric Maynor,Mehmet Okur,Paul Millsap,Ronnie Brewer,Wesley Matthews,2,1:20,UTA,sub,,,,Eric Maynor,,Deron Williams,,,,,,,,,,,,
Dahntay Jones,Danny Granger,Jeff Foster,T.J. Ford,Tyler Hansbrough,Eric Maynor,Mehmet Okur,Paul Millsap,Ronnie Brewer,Wesley Matthews,2,1:20,IND,free throw,,,,,,,1,,2,T.J. Ford,,,foul,made,,,,
Dahntay Jones,Danny Granger,Jeff Foster,T.J. Ford,Tyler Hansbrough,Eric Maynor,Mehmet Okur,Paul Millsap,Ronnie Brewer,Wesley Matthews,2,1:20,IND,free throw,,,,,,,2,,2,T.J. Ford,,,foul,made,,,,
Dahntay Jones,Danny Granger,Jeff Foster,T.J. Ford,Tyler Hansbrough,Eric Maynor,Mehmet Okur,Paul Millsap,Ronnie Brewer,Wesley Matthews,2,1:08,UTA,shot,,,,,,,,,,Wesley Matthews,,,,missed,,3pt,2,9
Dahntay Jones,Danny Granger,Jeff Foster,T.J. Ford,Tyler Hansbrough,Eric Maynor,Mehmet Okur,Paul Millsap,Ronnie Brewer,Wesley Matthews,2,1:06,IND,rebound,,,,,,,,,,Danny Granger,,,,,,def,,
Dahntay Jones,Danny Granger,Jeff Foster,T.J. Ford,Tyler Hansbrough,Eric Maynor,Mehmet Okur,Paul Millsap,Ronnie Brewer,Wesley Matthews,2,1:00,IND,shot,,,,,,,,,,T.J. Ford,,,,missed,,jump,31,12
Dahntay Jones,Danny Granger,Jeff Foster,T.J. Ford,Tyler Hansbrough,Eric Maynor,Mehmet Okur,Paul Millsap,Ronnie Brewer,Wesley Matthews,2,0:59,IND,rebound,,,,,,,,,,Jeff Foster,,,,,,off,,
Dahntay Jones,Danny Granger,Jeff Foster,T.J. Ford,Tyler Hansbrough,Eric Maynor,Mehmet Okur,Paul Millsap,Ronnie Brewer,Wesley Matthews,2,0:59,IND,shot,,,,,,,,,,Jeff Foster,,,,missed,,tip,25,6
Dahntay Jones,Danny Granger,Jeff Foster,T.J. Ford,Tyler Hansbrough,Eric Maynor,Mehmet Okur,Paul Millsap,Ronnie Brewer,Wesley Matthews,2,0:58,UTA,rebound,,,,,,,,,,Paul Millsap,,,,,,def,,
Dahntay Jones,Danny Granger,Jeff Foster,T.J. Ford,Tyler Hansbrough,Eric Maynor,Mehmet Okur,Paul Millsap,Ronnie Brewer,Wesley Matthews,2,0:52,UTA,foul,,,,,,,,Jeff Foster,,Eric Maynor,,,,,,offensive,,
Dahntay Jones,Danny Granger,Jeff Foster,T.J. Ford,Tyler Hansbrough,Eric Maynor,Mehmet Okur,Paul Millsap,Ronnie Brewer,Wesley Matthews,2,0:52,UTA,turnover,,,,,,,,,,Eric Maynor,,,foul,,,,,
Dahntay Jones,Danny Granger,Jeff Foster,T.J. Ford,Tyler Hansbrough,Eric Maynor,Mehmet Okur,Paul Millsap,Ronnie Brewer,Wesley Matthews,2,0:40,IND,turnover,,,,,,,,,,Tyler Hansbrough,,,bad pass,,Ronnie Brewer,,,
Dahntay Jones,Danny Granger,Jeff Foster,T.J. Ford,Tyler Hansbrough,Eric Maynor,Mehmet Okur,Paul Millsap,Ronnie Brewer,Wesley Matthews,2,0:36,UTA,shot,Eric Maynor,,,,,,,,,Wesley Matthews,2,,,made,,layup,25,6
Dahntay Jones,Danny Granger,Jeff Foster,T.J. Ford,Tyler Hansbrough,Eric Maynor,Mehmet Okur,Paul Millsap,Ronnie Brewer,Wesley Matthews,2,0:36,IND,foul,,,,,,,,Wesley Matthews,,Jeff Foster,,,,,,shooting,,
Dahntay Jones,Danny Granger,T.J. Ford,Troy Murphy,Tyler Hansbrough,Eric Maynor,Mehmet Okur,Paul Millsap,Ronnie Brewer,Wesley Matthews,2,0:36,IND,sub,,,,Troy Murphy,,Jeff Foster,,,,,,,,,,,,
Dahntay Jones,Danny Granger,T.J. Ford,Troy Murphy,Tyler Hansbrough,Eric Maynor,Mehmet Okur,Paul Millsap,Ronnie Brewer,Wesley Matthews,2,0:36,UTA,free throw,,,,,,,1,,1,Wesley Matthews,,,foul,made,,,,
Dahntay Jones,Danny Granger,T.J. Ford,Troy Murphy,Tyler Hansbrough,Eric Maynor,Mehmet Okur,Paul Millsap,Ronnie Brewer,Wesley Matthews,2,0:28,IND,shot,,,,,,,,,,Troy Murphy,,,,missed,,3pt,19,30
Dahntay Jones,Danny Granger,T.J. Ford,Troy Murphy,Tyler Hansbrough,Eric Maynor,Mehmet Okur,Paul Millsap,Ronnie Brewer,Wesley Matthews,2,0:26,UTA,rebound,,,,,,,,,,Wesley Matthews,,,,,,def,,
Dahntay Jones,Danny Granger,T.J. Ford,Troy Murphy,Tyler Hansbrough,Eric Maynor,Mehmet Okur,Paul Millsap,Ronnie Brewer,Wesley Matthews,2,0:03,UTA,shot,Eric Maynor,,,,,,,,,Wesley Matthews,3,,,made,,3pt,39,26
Dahntay Jones,Danny Granger,T.J. Ford,Troy Murphy,Tyler Hansbrough,Eric Maynor,Mehmet Okur,Paul Millsap,Ronnie Brewer,Wesley Matthews,2,0:01,IND,turnover,,,,,,,,,,T.J. Ford,,,bad pass,,Ronnie Brewer,,,
Dahntay Jones,Danny Granger,Jeff Foster,T.J. Ford,Troy Murphy,Carlos Boozer,Deron Williams,Mehmet Okur,Ronnie Brewer,Wesley Matthews,3,11:49,UTA,shot,Ronnie Brewer,,,,,,,,,Deron Williams,2,,,made,,jump,44,5
Dahntay Jones,Danny Granger,Jeff Foster,T.J. Ford,Troy Murphy,Carlos Boozer,Deron Williams,Mehmet Okur,Ronnie Brewer,Wesley Matthews,3,11:37,IND,shot,,,,,,,,,,Troy Murphy,,,,missed,,3pt,41,25
Dahntay Jones,Danny Granger,Jeff Foster,T.J. Ford,Troy Murphy,Carlos Boozer,Deron Williams,Mehmet Okur,Ronnie Brewer,Wesley Matthews,3,11:34,UTA,rebound,,,,,,,,,,Ronnie Brewer,,,,,,def,,
Dahntay Jones,Danny Granger,Jeff Foster,T.J. Ford,Troy Murphy,Carlos Boozer,Deron Williams,Mehmet Okur,Ronnie Brewer,Wesley Matthews,3,11:22,IND,foul,,,,,,,,Ronnie Brewer,,T.J. Ford,,,,,,personal,,
Dahntay Jones,Danny Granger,Jeff Foster,T.J. Ford,Troy Murphy,Carlos Boozer,Deron Williams,Mehmet Okur,Ronnie Brewer,Wesley Matthews,3,11:13,IND,foul,,,,,,,,Carlos Boozer,,Jeff Foster,,,,,,personal,,
Dahntay Jones,Danny Granger,Jeff Foster,T.J. Ford,Troy Murphy,Carlos Boozer,Deron Williams,Mehmet Okur,Ronnie Brewer,Wesley Matthews,3,11:06,UTA,turnover,,,,,,,,,,Mehmet Okur,,,3 second violation,,,,,
Dahntay Jones,Danny Granger,Jeff Foster,T.J. Ford,Troy Murphy,Carlos Boozer,Deron Williams,Mehmet Okur,Ronnie Brewer,Wesley Matthews,3,10:45,IND,shot,T.J. Ford,,,,,,,,,Dahntay Jones,2,,,made,,jump,33,21
Dahntay Jones,Danny Granger,Jeff Foster,T.J. Ford,Troy Murphy,Carlos Boozer,Deron Williams,Mehmet Okur,Ronnie Brewer,Wesley Matthews,3,10:35,UTA,shot,,,,,,,,,,Carlos Boozer,2,,,made,,layup,25,6
Dahntay Jones,Danny Granger,Jeff Foster,T.J. Ford,Troy Murphy,Carlos Boozer,Deron Williams,Mehmet Okur,Ronnie Brewer,Wesley Matthews,3,10:35,IND,foul,,,,,,,,Carlos Boozer,,Dahntay Jones,,,,,,shooting,,
Dahntay Jones,Danny Granger,Jeff Foster,T.J. Ford,Troy Murphy,Carlos Boozer,Deron Williams,Mehmet Okur,Ronnie Brewer,Wesley Matthews,3,10:35,UTA,free throw,,,,,,,1,,1,Carlos Boozer,,,foul,missed,,,,
Dahntay Jones,Danny Granger,Jeff Foster,T.J. Ford,Troy Murphy,Carlos Boozer,Deron Williams,Mehmet Okur,Ronnie Brewer,Wesley Matthews,3,10:34,IND,rebound,,,,,,,,,,T.J. Ford,,,,,,def,,
Dahntay Jones,Danny Granger,Jeff Foster,T.J. Ford,Troy Murphy,Carlos Boozer,Deron Williams,Mehmet Okur,Ronnie Brewer,Wesley Matthews,3,10:24,IND,shot,,,,,,,,,,Dahntay Jones,,,,missed,,jump,38,13
Dahntay Jones,Danny Granger,Jeff Foster,T.J. Ford,Troy Murphy,Carlos Boozer,Deron Williams,Mehmet Okur,Ronnie Brewer,Wesley Matthews,3,10:23,UTA,rebound,,,,,,,,,,Carlos Boozer,,,,,,def,,
Dahntay Jones,Danny Granger,Jeff Foster,T.J. Ford,Troy Murphy,Carlos Boozer,Deron Williams,Mehmet Okur,Ronnie Brewer,Wesley Matthews,3,10:15,UTA,shot,Deron Williams,,,,,,,,,Carlos Boozer,2,,,made,,running layup,25,6
Dahntay Jones,Danny Granger,Jeff Foster,T.J. Ford,Troy Murphy,Carlos Boozer,Deron Williams,Mehmet Okur,Ronnie Brewer,Wesley Matthews,3,9:57,IND,shot,,,,,,,,,,Dahntay Jones,,,,missed,,turnaround jump,25,13
Dahntay Jones,Danny Granger,Jeff Foster,T.J. Ford,Troy Murphy,Carlos Boozer,Deron Williams,Mehmet Okur,Ronnie Brewer,Wesley Matthews,3,9:55,UTA,rebound,,,,,,,,,,Ronnie Brewer,,,,,,def,,
Dahntay Jones,Danny Granger,Jeff Foster,T.J. Ford,Troy Murphy,Carlos Boozer,Deron Williams,Mehmet Okur,Ronnie Brewer,Wesley Matthews,3,9:45,UTA,shot,,,,,,,,,,Ronnie Brewer,,,,missed,,jump,44,15
Dahntay Jones,Danny Granger,Jeff Foster,T.J. Ford,Troy Murphy,Carlos Boozer,Deron Williams,Mehmet Okur,Ronnie Brewer,Wesley Matthews,3,9:44,IND,rebound,,,,,,,,,,Troy Murphy,,,,,,def,,
Dahntay Jones,Danny Granger,Jeff Foster,T.J. Ford,Troy Murphy,Carlos Boozer,Deron Williams,Mehmet Okur,Ronnie Brewer,Wesley Matthews,3,9:35,IND,shot,T.J. Ford,,,,,,,,,Troy Murphy,3,,,made,,3pt,22,30
Dahntay Jones,Danny Granger,Jeff Foster,T.J. Ford,Troy Murphy,Carlos Boozer,Deron Williams,Mehmet Okur,Ronnie Brewer,Wesley Matthews,3,9:15,UTA,shot,Carlos Boozer,,,,,,,,,Mehmet Okur,3,,,made,,3pt,13,28
Dahntay Jones,Danny Granger,Jeff Foster,T.J. Ford,Troy Murphy,Carlos Boozer,Deron Williams,Mehmet Okur,Ronnie Brewer,Wesley Matthews,3,9:07,UTA,foul,,,,,,,,Danny Granger,,Mehmet Okur,,,,,,shooting,,
Dahntay Jones,Danny Granger,Jeff Foster,T.J. Ford,Troy Murphy,Carlos Boozer,Deron Williams,Mehmet Okur,Ronnie Brewer,Wesley Matthews,3,9:07,IND,free throw,,,,,,,1,,2,Danny Granger,,,foul,made,,,,
Dahntay Jones,Danny Granger,Jeff Foster,T.J. Ford,Troy Murphy,Carlos Boozer,Deron Williams,Mehmet Okur,Ronnie Brewer,Wesley Matthews,3,9:07,IND,free throw,,,,,,,2,,2,Danny Granger,,,foul,made,,,,
Dahntay Jones,Danny Granger,Jeff Foster,T.J. Ford,Troy Murphy,Carlos Boozer,Deron Williams,Mehmet Okur,Ronnie Brewer,Wesley Matthews,3,8:54,UTA,shot,Carlos Boozer,,,,,,,,,Deron Williams,2,,,made,,layup,25,6
Dahntay Jones,Danny Granger,Jeff Foster,T.J. Ford,Troy Murphy,Carlos Boozer,Deron Williams,Mehmet Okur,Ronnie Brewer,Wesley Matthews,3,8:32,IND,shot,,,,,,,,,,Danny Granger,,,,missed,,3pt,41,26
Dahntay Jones,Danny Granger,Jeff Foster,T.J. Ford,Troy Murphy,Carlos Boozer,Deron Williams,Mehmet Okur,Ronnie Brewer,Wesley Matthews,3,8:31,UTA,rebound,,,,,,,,,,,,,,,,,,
Dahntay Jones,Danny Granger,Jeff Foster,T.J. Ford,Troy Murphy,Carlos Boozer,Deron Williams,Mehmet Okur,Ronnie Brewer,Wesley Matthews,3,8:14,UTA,turnover,,,,,,,,,,Deron Williams,,,bad pass,,T.J. Ford,,,
Dahntay Jones,Danny Granger,Jeff Foster,T.J. Ford,Troy Murphy,Carlos Boozer,Deron Williams,Mehmet Okur,Ronnie Brewer,Wesley Matthews,3,8:05,IND,shot,Danny Granger,,,,,,,,,Troy Murphy,2,,,made,,driving layup,25,6
Dahntay Jones,Danny Granger,Jeff Foster,T.J. Ford,Troy Murphy,Carlos Boozer,Deron Williams,Mehmet Okur,Ronnie Brewer,Wesley Matthews,3,7:47,UTA,shot,,,,,,,,,,Deron Williams,,,,missed,,jump,32,24
Dahntay Jones,Danny Granger,Jeff Foster,T.J. Ford,Troy Murphy,Carlos Boozer,Deron Williams,Mehmet Okur,Ronnie Brewer,Wesley Matthews,3,7:46,IND,rebound,,,,,,,,,,Danny Granger,,,,,,def,,
Dahntay Jones,Danny Granger,Jeff Foster,T.J. Ford,Troy Murphy,Carlos Boozer,Deron Williams,Mehmet Okur,Ronnie Brewer,Wesley Matthews,3,7:38,IND,shot,,,,,,,,,,T.J. Ford,2,,,made,,driving layup,25,6
Dahntay Jones,Danny Granger,Jeff Foster,T.J. Ford,Troy Murphy,Carlos Boozer,Deron Williams,Mehmet Okur,Ronnie Brewer,Wesley Matthews,3,7:20,UTA,shot,Deron Williams,,,,,,,,,Carlos Boozer,2,,,made,,running jump,27,10
Dahntay Jones,Danny Granger,Jeff Foster,T.J. Ford,Troy Murphy,Carlos Boozer,Deron Williams,Mehmet Okur,Ronnie Brewer,Wesley Matthews,3,7:20,IND,foul,,,,,,,,Carlos Boozer,,Danny Granger,,,,,,shooting,,
Dahntay Jones,Danny Granger,Jeff Foster,T.J. Ford,Troy Murphy,Carlos Boozer,Deron Williams,Mehmet Okur,Ronnie Brewer,Wesley Matthews,3,7:20,UTA,free throw,,,,,,,1,,1,Carlos Boozer,,,foul,made,,,,
Dahntay Jones,Danny Granger,Jeff Foster,T.J. Ford,Troy Murphy,Carlos Boozer,Deron Williams,Mehmet Okur,Ronnie Brewer,Wesley Matthews,3,7:17,IND,timeout,,,,,,,,,,,,,,,,regular,,
Dahntay Jones,Danny Granger,Jeff Foster,T.J. Ford,Troy Murphy,Carlos Boozer,Deron Williams,Mehmet Okur,Ronnie Brewer,Wesley Matthews,3,7:08,UTA,foul,,,,,,,,Troy Murphy,,Ronnie Brewer,,,,,,personal,,
Dahntay Jones,Danny Granger,Jeff Foster,T.J. Ford,Troy Murphy,Carlos Boozer,Deron Williams,Mehmet Okur,Ronnie Brewer,Wesley Matthews,3,7:01,IND,shot,,,,,,,,,,T.J. Ford,2,,,made,,driving layup,25,6
Dahntay Jones,Danny Granger,Jeff Foster,T.J. Ford,Troy Murphy,Carlos Boozer,Deron Williams,Mehmet Okur,Ronnie Brewer,Wesley Matthews,3,6:45,UTA,foul,,,,,,,,Troy Murphy,,Mehmet Okur,,,,,,offensive,,
Dahntay Jones,Danny Granger,Jeff Foster,T.J. Ford,Troy Murphy,Carlos Boozer,Deron Williams,Mehmet Okur,Ronnie Brewer,Wesley Matthews,3,6:45,UTA,turnover,,,,,,,,,,Mehmet Okur,,,foul,,,,,
Dahntay Jones,Danny Granger,Jeff Foster,T.J. Ford,Troy Murphy,Carlos Boozer,Deron Williams,Mehmet Okur,Ronnie Brewer,Wesley Matthews,3,6:34,UTA,foul,,,,,,,,Danny Granger,,Wesley Matthews,,,,,,shooting,,
Dahntay Jones,Danny Granger,Jeff Foster,T.J. Ford,Troy Murphy,Carlos Boozer,Deron Williams,Mehmet Okur,Ronnie Brewer,Wesley Matthews,3,6:34,IND,free throw,,,,,,,1,,2,Danny Granger,,,foul,made,,,,
Dahntay Jones,Danny Granger,Jeff Foster,T.J. Ford,Troy Murphy,Carlos Boozer,Deron Williams,Mehmet Okur,Ronnie Brewer,Wesley Matthews,3,6:34,IND,free throw,,,,,,,2,,2,Danny Granger,,,foul,made,,,,
Dahntay Jones,Danny Granger,Jeff Foster,T.J. Ford,Troy Murphy,Carlos Boozer,Deron Williams,Mehmet Okur,Ronnie Brewer,Wesley Matthews,3,6:13,UTA,shot,,,Danny Granger,,,,,,,Ronnie Brewer,,,,missed,,layup,25,6
Dahntay Jones,Danny Granger,Jeff Foster,T.J. Ford,Troy Murphy,Carlos Boozer,Deron Williams,Mehmet Okur,Ronnie Brewer,Wesley Matthews,3,6:10,IND,rebound,,,,,,,,,,Dahntay Jones,,,,,,def,,
Dahntay Jones,Danny Granger,Jeff Foster,T.J. Ford,Troy Murphy,Carlos Boozer,Deron Williams,Mehmet Okur,Ronnie Brewer,Wesley Matthews,3,6:07,IND,turnover,,,,,,,,,,Dahntay Jones,,,bad pass,,,,,
Dahntay Jones,Danny Granger,Jeff Foster,T.J. Ford,Troy Murphy,Carlos Boozer,Deron Williams,Mehmet Okur,Ronnie Brewer,Wesley Matthews,3,5:57,UTA,foul,,,,,,,,T.J. Ford,,Wesley Matthews,,,,,,offensive,,
Dahntay Jones,Danny Granger,Jeff Foster,T.J. Ford,Troy Murphy,Carlos Boozer,Deron Williams,Mehmet Okur,Ronnie Brewer,Wesley Matthews,3,5:57,UTA,turnover,,,,,,,,,,Wesley Matthews,,,foul,,,,,
Dahntay Jones,Danny Granger,Jeff Foster,T.J. Ford,Troy Murphy,Carlos Boozer,Deron Williams,Mehmet Okur,Ronnie Brewer,Wesley Matthews,3,5:35,IND,foul,,,,,,,,Wesley Matthews,,Danny Granger,,,,,,offensive,,
Dahntay Jones,Danny Granger,Jeff Foster,T.J. Ford,Troy Murphy,Carlos Boozer,Deron Williams,Mehmet Okur,Ronnie Brewer,Wesley Matthews,3,5:35,IND,turnover,,,,,,,,,,Danny Granger,,,foul,,,,,
Dahntay Jones,Danny Granger,Jeff Foster,T.J. Ford,Troy Murphy,Carlos Boozer,Deron Williams,Mehmet Okur,Ronnie Brewer,Wesley Matthews,3,5:11,UTA,shot,,,,,,,,,,Deron Williams,,,,missed,,jump,13,20
Dahntay Jones,Danny Granger,Jeff Foster,T.J. Ford,Troy Murphy,Carlos Boozer,Deron Williams,Mehmet Okur,Ronnie Brewer,Wesley Matthews,3,5:09,UTA,rebound,,,,,,,,,,Mehmet Okur,,,,,,off,,
Dahntay Jones,Danny Granger,Jeff Foster,T.J. Ford,Troy Murphy,Carlos Boozer,Deron Williams,Mehmet Okur,Ronnie Brewer,Wesley Matthews,3,4:54,UTA,shot,,,,,,,,,,Mehmet Okur,,,,missed,,running bank,37,11
Dahntay Jones,Danny Granger,Jeff Foster,T.J. Ford,Troy Murphy,Carlos Boozer,Deron Williams,Mehmet Okur,Ronnie Brewer,Wesley Matthews,3,4:53,IND,rebound,,,,,,,,,,Danny Granger,,,,,,def,,
Dahntay Jones,Danny Granger,Jeff Foster,T.J. Ford,Troy Murphy,Carlos Boozer,Deron Williams,Mehmet Okur,Ronnie Brewer,Wesley Matthews,3,4:46,IND,shot,T.J. Ford,,,,,,,,,Troy Murphy,2,,,made,,layup,25,6
Dahntay Jones,Danny Granger,Jeff Foster,T.J. Ford,Troy Murphy,Carlos Boozer,Deron Williams,Mehmet Okur,Ronnie Brewer,Wesley Matthews,3,4:26,UTA,turnover,,,,,,,,,,Carlos Boozer,,,lost ball,,Dahntay Jones,,,
Dahntay Jones,Danny Granger,Jeff Foster,T.J. Ford,Troy Murphy,Carlos Boozer,Deron Williams,Mehmet Okur,Ronnie Brewer,Wesley Matthews,3,4:22,UTA,foul,,,,,,,,T.J. Ford,,Deron Williams,,,,,,shooting,,
Dahntay Jones,Danny Granger,Jeff Foster,T.J. Ford,Troy Murphy,Deron Williams,Mehmet Okur,Paul Millsap,Ronnie Brewer,Wesley Matthews,3,4:22,UTA,sub,,,,Paul Millsap,,Carlos Boozer,,,,,,,,,,,,
Dahntay Jones,Danny Granger,Jeff Foster,T.J. Ford,Troy Murphy,Eric Maynor,Mehmet Okur,Paul Millsap,Ronnie Brewer,Wesley Matthews,3,4:22,UTA,sub,,,,Eric Maynor,,Deron Williams,,,,,,,,,,,,
Dahntay Jones,Danny Granger,Jeff Foster,T.J. Ford,Troy Murphy,Eric Maynor,Mehmet Okur,Paul Millsap,Ronnie Brewer,Wesley Matthews,3,4:22,IND,free throw,,,,,,,1,,2,T.J. Ford,,,foul,made,,,,
Danny Granger,Earl Watson,Jeff Foster,T.J. Ford,Troy Murphy,Eric Maynor,Mehmet Okur,Paul Millsap,Ronnie Brewer,Wesley Matthews,3,4:22,IND,sub,,,,Earl Watson,,Dahntay Jones,,,,,,,,,,,,
Danny Granger,Earl Watson,Mike Dunleavy,T.J. Ford,Troy Murphy,Eric Maynor,Mehmet Okur,Paul Millsap,Ronnie Brewer,Wesley Matthews,3,4:22,IND,sub,,,,Mike Dunleavy,,Jeff Foster,,,,,,,,,,,,
Danny Granger,Earl Watson,Mike Dunleavy,T.J. Ford,Troy Murphy,Eric Maynor,Mehmet Okur,Paul Millsap,Ronnie Brewer,Wesley Matthews,3,4:22,IND,free throw,,,,,,,2,,2,T.J. Ford,,,foul,missed,,,,
Danny Granger,Earl Watson,Mike Dunleavy,T.J. Ford,Troy Murphy,Eric Maynor,Mehmet Okur,Paul Millsap,Ronnie Brewer,Wesley Matthews,3,4:20,UTA,rebound,,,,,,,,,,Paul Millsap,,,,,,def,,
Danny Granger,Earl Watson,Mike Dunleavy,T.J. Ford,Troy Murphy,Eric Maynor,Mehmet Okur,Paul Millsap,Ronnie Brewer,Wesley Matthews,3,4:03,UTA,shot,,,,,,,,,,Wesley Matthews,,,,missed,,3pt,2,12
Danny Granger,Earl Watson,Mike Dunleavy,T.J. Ford,Troy Murphy,Eric Maynor,Mehmet Okur,Paul Millsap,Ronnie Brewer,Wesley Matthews,3,4:02,IND,rebound,,,,,,,,,,T.J. Ford,,,,,,def,,
Danny Granger,Earl Watson,Mike Dunleavy,T.J. Ford,Troy Murphy,Eric Maynor,Mehmet Okur,Paul Millsap,Ronnie Brewer,Wesley Matthews,3,4:00,UTA,foul,,,,,,,,T.J. Ford,,Eric Maynor,,,,,,shooting,,
Danny Granger,Earl Watson,Mike Dunleavy,T.J. Ford,Troy Murphy,Eric Maynor,Mehmet Okur,Paul Millsap,Ronnie Brewer,Wesley Matthews,3,4:00,IND,free throw,,,,,,,1,,2,T.J. Ford,,,foul,made,,,,
Danny Granger,Earl Watson,Mike Dunleavy,T.J. Ford,Troy Murphy,Eric Maynor,Mehmet Okur,Paul Millsap,Ronnie Brewer,Wesley Matthews,3,4:00,IND,free throw,,,,,,,2,,2,T.J. Ford,,,foul,missed,,,,
Danny Granger,Earl Watson,Mike Dunleavy,T.J. Ford,Troy Murphy,Eric Maynor,Mehmet Okur,Paul Millsap,Ronnie Brewer,Wesley Matthews,3,3:58,UTA,rebound,,,,,,,,,,Mehmet Okur,,,,,,def,,
Danny Granger,Earl Watson,Mike Dunleavy,T.J. Ford,Troy Murphy,Eric Maynor,Mehmet Okur,Paul Millsap,Ronnie Brewer,Wesley Matthews,3,3:36,UTA,shot,Eric Maynor,,,,,,,,,Mehmet Okur,3,,,made,,3pt,38,27
Danny Granger,Earl Watson,Mike Dunleavy,T.J. Ford,Troy Murphy,Eric Maynor,Mehmet Okur,Paul Millsap,Ronnie Brewer,Wesley Matthews,3,3:32,IND,turnover,,,,,,,,,,Troy Murphy,,,bad pass,,Eric Maynor,,,
Danny Granger,Earl Watson,Mike Dunleavy,T.J. Ford,Troy Murphy,Eric Maynor,Mehmet Okur,Paul Millsap,Ronnie Brewer,Wesley Matthews,3,3:27,UTA,shot,,,,,,,,,,Eric Maynor,,,,missed,,jump,30,11
Danny Granger,Earl Watson,Mike Dunleavy,T.J. Ford,Troy Murphy,Eric Maynor,Mehmet Okur,Paul Millsap,Ronnie Brewer,Wesley Matthews,3,3:25,UTA,rebound,,,,,,,,,,Ronnie Brewer,,,,,,off,,
Danny Granger,Earl Watson,Mike Dunleavy,T.J. Ford,Troy Murphy,Eric Maynor,Mehmet Okur,Paul Millsap,Ronnie Brewer,Wesley Matthews,3,3:23,UTA,shot,,,,,,,,,,Ronnie Brewer,,,,missed,,layup,25,6
Danny Granger,Earl Watson,Mike Dunleavy,T.J. Ford,Troy Murphy,Eric Maynor,Mehmet Okur,Paul Millsap,Ronnie Brewer,Wesley Matthews,3,3:22,IND,rebound,,,,,,,,,,Troy Murphy,,,,,,def,,
Danny Granger,Earl Watson,Mike Dunleavy,T.J. Ford,Troy Murphy,Eric Maynor,Mehmet Okur,Paul Millsap,Ronnie Brewer,Wesley Matthews,3,3:16,IND,shot,,,,,,,,,,Danny Granger,,,,missed,,3pt,45,21
Danny Granger,Earl Watson,Mike Dunleavy,T.J. Ford,Troy Murphy,Eric Maynor,Mehmet Okur,Paul Millsap,Ronnie Brewer,Wesley Matthews,3,3:15,IND,rebound,,,,,,,,,,Mike Dunleavy,,,,,,off,,
Danny Granger,Earl Watson,Mike Dunleavy,T.J. Ford,Troy Murphy,Eric Maynor,Mehmet Okur,Paul Millsap,Ronnie Brewer,Wesley Matthews,3,3:11,UTA,foul,,,,,,,,Troy Murphy,,Paul Millsap,,,,,,shooting,,
Danny Granger,Earl Watson,Mike Dunleavy,T.J. Ford,Troy Murphy,Eric Maynor,Mehmet Okur,Paul Millsap,Ronnie Brewer,Wesley Matthews,3,3:11,IND,free throw,,,,,,,1,,2,Troy Murphy,,,foul,made,,,,
Dahntay Jones,Danny Granger,Earl Watson,Mike Dunleavy,Troy Murphy,Eric Maynor,Mehmet Okur,Paul Millsap,Ronnie Brewer,Wesley Matthews,3,3:11,IND,sub,,,,Dahntay Jones,,T.J. Ford,,,,,,,,,,,,
Brandon Rush,Dahntay Jones,Earl Watson,Mike Dunleavy,Troy Murphy,Eric Maynor,Mehmet Okur,Paul Millsap,Ronnie Brewer,Wesley Matthews,3,3:11,IND,sub,,,,Brandon Rush,,Danny Granger,,,,,,,,,,,,
Brandon Rush,Dahntay Jones,Earl Watson,Mike Dunleavy,Troy Murphy,C.J. Miles,Eric Maynor,Mehmet Okur,Paul Millsap,Ronnie Brewer,3,3:11,UTA,sub,,,,C.J. Miles,,Wesley Matthews,,,,,,,,,,,,
Brandon Rush,Dahntay Jones,Earl Watson,Mike Dunleavy,Troy Murphy,C.J. Miles,Eric Maynor,Mehmet Okur,Paul Millsap,Ronnie Brewer,3,3:11,IND,free throw,,,,,,,2,,2,Troy Murphy,,,foul,missed,,,,
Brandon Rush,Dahntay Jones,Earl Watson,Mike Dunleavy,Troy Murphy,C.J. Miles,Eric Maynor,Mehmet Okur,Paul Millsap,Ronnie Brewer,3,3:11,UTA,rebound,,,,,,,,,,Mehmet Okur,,,,,,def,,
Brandon Rush,Dahntay Jones,Earl Watson,Mike Dunleavy,Troy Murphy,C.J. Miles,Eric Maynor,Mehmet Okur,Paul Millsap,Ronnie Brewer,3,2:49,UTA,shot,,,,,,,,,,Mehmet Okur,,,,missed,,fade away jumper,40,7
Brandon Rush,Dahntay Jones,Earl Watson,Mike Dunleavy,Troy Murphy,C.J. Miles,Eric Maynor,Mehmet Okur,Paul Millsap,Ronnie Brewer,3,2:48,IND,rebound,,,,,,,,,,Earl Watson,,,,,,def,,
Brandon Rush,Dahntay Jones,Earl Watson,Mike Dunleavy,Troy Murphy,C.J. Miles,Eric Maynor,Mehmet Okur,Paul Millsap,Ronnie Brewer,3,2:39,IND,shot,Earl Watson,,,,,,,,,Troy Murphy,3,,,made,,3pt,34,30
Brandon Rush,Dahntay Jones,Earl Watson,Mike Dunleavy,Troy Murphy,C.J. Miles,Eric Maynor,Mehmet Okur,Paul Millsap,Ronnie Brewer,3,2:26,UTA,turnover,,,,,,,,,,Paul Millsap,,,traveling,,,,,
Brandon Rush,Dahntay Jones,Earl Watson,Mike Dunleavy,Troy Murphy,C.J. Miles,Eric Maynor,Mehmet Okur,Paul Millsap,Ronnie Brewer,3,2:26,UTA,timeout,,,,,,,,,,,,,,,,regular,,
Brandon Rush,Dahntay Jones,Earl Watson,Mike Dunleavy,Troy Murphy,Andrei Kirilenko,C.J. Miles,Eric Maynor,Mehmet Okur,Paul Millsap,3,2:26,UTA,sub,,,,Andrei Kirilenko,,Ronnie Brewer,,,,,,,,,,,,
Brandon Rush,Dahntay Jones,Earl Watson,Mike Dunleavy,Troy Murphy,Andrei Kirilenko,C.J. Miles,Eric Maynor,Mehmet Okur,Paul Millsap,3,2:18,IND,shot,,,,,,,,,,Dahntay Jones,,,,missed,,driving layup,25,6
Brandon Rush,Dahntay Jones,Earl Watson,Mike Dunleavy,Troy Murphy,Andrei Kirilenko,C.J. Miles,Eric Maynor,Mehmet Okur,Paul Millsap,3,2:17,UTA,rebound,,,,,,,,,,Andrei Kirilenko,,,,,,def,,
Brandon Rush,Dahntay Jones,Earl Watson,Mike Dunleavy,Troy Murphy,Andrei Kirilenko,C.J. Miles,Eric Maynor,Mehmet Okur,Paul Millsap,3,2:11,UTA,shot,Andrei Kirilenko,,,,,,,,,Eric Maynor,2,,,made,,jump,25,21
Brandon Rush,Dahntay Jones,Earl Watson,Mike Dunleavy,Troy Murphy,Andrei Kirilenko,C.J. Miles,Eric Maynor,Mehmet Okur,Paul Millsap,3,1:49,IND,shot,,,Paul Millsap,,,,,,,Mike Dunleavy,,,,missed,,layup,25,6
Brandon Rush,Dahntay Jones,Earl Watson,Mike Dunleavy,Troy Murphy,Andrei Kirilenko,C.J. Miles,Eric Maynor,Mehmet Okur,Paul Millsap,3,1:47,UTA,rebound,,,,,,,,,,C.J. Miles,,,,,,def,,
Brandon Rush,Dahntay Jones,Earl Watson,Mike Dunleavy,Troy Murphy,Andrei Kirilenko,C.J. Miles,Eric Maynor,Mehmet Okur,Paul Millsap,3,1:37,UTA,shot,,,,,,,,,,Eric Maynor,,,,missed,,running jump,26,14
Brandon Rush,Dahntay Jones,Earl Watson,Mike Dunleavy,Troy Murphy,Andrei Kirilenko,C.J. Miles,Eric Maynor,Mehmet Okur,Paul Millsap,3,1:36,IND,rebound,,,,,,,,,,Troy Murphy,,,,,,def,,
Brandon Rush,Dahntay Jones,Earl Watson,Mike Dunleavy,Troy Murphy,Andrei Kirilenko,C.J. Miles,Eric Maynor,Mehmet Okur,Paul Millsap,3,1:27,IND,shot,,,,,,,,,,Brandon Rush,,,,missed,,jump,42,14
Brandon Rush,Dahntay Jones,Earl Watson,Mike Dunleavy,Troy Murphy,Andrei Kirilenko,C.J. Miles,Eric Maynor,Mehmet Okur,Paul Millsap,3,1:26,UTA,rebound,,,,,,,,,,C.J. Miles,,,,,,def,,
Brandon Rush,Dahntay Jones,Earl Watson,Mike Dunleavy,Troy Murphy,Andrei Kirilenko,C.J. Miles,Eric Maynor,Mehmet Okur,Paul Millsap,3,1:17,IND,foul,,,,,,,,Paul Millsap,,Dahntay Jones,,,,,,personal,,
Brandon Rush,Dahntay Jones,Earl Watson,Mike Dunleavy,Troy Murphy,Andrei Kirilenko,C.J. Miles,Eric Maynor,Mehmet Okur,Paul Millsap,3,1:17,UTA,free throw,,,,,,,1,,2,Paul Millsap,,,foul,missed,,,,
Brandon Rush,Dahntay Jones,Earl Watson,Mike Dunleavy,Troy Murphy,Andrei Kirilenko,C.J. Miles,Eric Maynor,Mehmet Okur,Paul Millsap,3,1:17,UTA,rebound,,,,,,,,,,,,,,,,,,
Brandon Rush,Dahntay Jones,Earl Watson,Mike Dunleavy,Roy Hibbert,Andrei Kirilenko,C.J. Miles,Eric Maynor,Mehmet Okur,Paul Millsap,3,1:17,IND,sub,,,,Roy Hibbert,,Troy Murphy,,,,,,,,,,,,
Brandon Rush,Danny Granger,Earl Watson,Mike Dunleavy,Roy Hibbert,Andrei Kirilenko,C.J. Miles,Eric Maynor,Mehmet Okur,Paul Millsap,3,1:17,IND,sub,,,,Danny Granger,,Dahntay Jones,,,,,,,,,,,,
Brandon Rush,Danny Granger,Earl Watson,Mike Dunleavy,Roy Hibbert,Andrei Kirilenko,C.J. Miles,Eric Maynor,Mehmet Okur,Paul Millsap,3,1:17,UTA,free throw,,,,,,,2,,2,Paul Millsap,,,foul,made,,,,
Brandon Rush,Danny Granger,Earl Watson,Mike Dunleavy,Roy Hibbert,Andrei Kirilenko,C.J. Miles,Eric Maynor,Mehmet Okur,Paul Millsap,3,1:06,IND,shot,,,,,,,,,,Danny Granger,,,,missed,,jump,36,26
Brandon Rush,Danny Granger,Earl Watson,Mike Dunleavy,Roy Hibbert,Andrei Kirilenko,C.J. Miles,Eric Maynor,Mehmet Okur,Paul Millsap,3,1:05,UTA,rebound,,,,,,,,,,Paul Millsap,,,,,,def,,
Brandon Rush,Danny Granger,Earl Watson,Mike Dunleavy,Roy Hibbert,Andrei Kirilenko,C.J. Miles,Eric Maynor,Mehmet Okur,Paul Millsap,3,0:50,UTA,shot,,,,,,,,,,Paul Millsap,2,,,made,,fade away jumper,11,6
Brandon Rush,Danny Granger,Earl Watson,Mike Dunleavy,Roy Hibbert,Andrei Kirilenko,C.J. Miles,Eric Maynor,Mehmet Okur,Paul Millsap,3,0:45,IND,shot,,,,,,,,,,Earl Watson,2,,,made,,running jump,25,14
Brandon Rush,Danny Granger,Earl Watson,Mike Dunleavy,Roy Hibbert,Andrei Kirilenko,C.J. Miles,Eric Maynor,Mehmet Okur,Paul Millsap,3,0:32,UTA,shot,,,Roy Hibbert,,,,,,,Eric Maynor,,,,missed,,jump,20,8
Brandon Rush,Danny Granger,Earl Watson,Mike Dunleavy,Roy Hibbert,Andrei Kirilenko,C.J. Miles,Eric Maynor,Mehmet Okur,Paul Millsap,3,0:30,UTA,rebound,,,,,,,,,,,,,,,,,,
Brandon Rush,Danny Granger,Earl Watson,Mike Dunleavy,Roy Hibbert,Andrei Kirilenko,C.J. Miles,Eric Maynor,Mehmet Okur,Paul Millsap,3,0:28,UTA,shot,,,,,,,,,,C.J. Miles,,,,missed,,3pt,8,24
Brandon Rush,Danny Granger,Earl Watson,Mike Dunleavy,Roy Hibbert,Andrei Kirilenko,C.J. Miles,Eric Maynor,Mehmet Okur,Paul Millsap,3,0:26,IND,rebound,,,,,,,,,,Mike Dunleavy,,,,,,def,,
Brandon Rush,Danny Granger,Earl Watson,Mike Dunleavy,Roy Hibbert,Andrei Kirilenko,C.J. Miles,Eric Maynor,Mehmet Okur,Paul Millsap,3,0:23,UTA,foul,,,,,,,,Mike Dunleavy,,C.J. Miles,,,,,,shooting,,
Brandon Rush,Danny Granger,Earl Watson,Mike Dunleavy,Roy Hibbert,Andrei Kirilenko,C.J. Miles,Eric Maynor,Mehmet Okur,Paul Millsap,3,0:23,IND,free throw,,,,,,,1,,2,Mike Dunleavy,,,foul,missed,,,,
Brandon Rush,Danny Granger,Earl Watson,Mike Dunleavy,Roy Hibbert,Andrei Kirilenko,C.J. Miles,Eric Maynor,Mehmet Okur,Paul Millsap,3,0:23,IND,rebound,,,,,,,,,,,,,,,,,,
Brandon Rush,Danny Granger,Earl Watson,Mike Dunleavy,Roy Hibbert,Andrei Kirilenko,C.J. Miles,Eric Maynor,Mehmet Okur,Paul Millsap,3,0:23,IND,free throw,,,,,,,2,,2,Mike Dunleavy,,,foul,made,,,,
Brandon Rush,Danny Granger,Earl Watson,Mike Dunleavy,Roy Hibbert,Andrei Kirilenko,C.J. Miles,Eric Maynor,Mehmet Okur,Paul Millsap,3,0:01,UTA,shot,,,,,,,,,,Andrei Kirilenko,,,,missed,,3pt,8,24
Brandon Rush,Danny Granger,Earl Watson,Mike Dunleavy,Roy Hibbert,Andrei Kirilenko,C.J. Miles,Eric Maynor,Mehmet Okur,Paul Millsap,3,0:00,UTA,rebound,,,,,,,,,,,,,,,,,,
Brandon Rush,Danny Granger,Earl Watson,Mike Dunleavy,Roy Hibbert,Andrei Kirilenko,C.J. Miles,Carlos Boozer,Eric Maynor,Paul Millsap,4,11:45,IND,shot,,,,,,,,,,Danny Granger,,,,missed,,jump,17,23
Brandon Rush,Danny Granger,Earl Watson,Mike Dunleavy,Roy Hibbert,Andrei Kirilenko,C.J. Miles,Carlos Boozer,Eric Maynor,Paul Millsap,4,11:43,UTA,rebound,,,,,,,,,,Eric Maynor,,,,,,def,,
Brandon Rush,Danny Granger,Earl Watson,Mike Dunleavy,Roy Hibbert,Andrei Kirilenko,C.J. Miles,Carlos Boozer,Eric Maynor,Paul Millsap,4,11:31,UTA,shot,,,,,,,,,,Andrei Kirilenko,,,,missed,,jump,37,21
Brandon Rush,Danny Granger,Earl Watson,Mike Dunleavy,Roy Hibbert,Andrei Kirilenko,C.J. Miles,Carlos Boozer,Eric Maynor,Paul Millsap,4,11:29,IND,rebound,,,,,,,,,,Earl Watson,,,,,,def,,
Brandon Rush,Danny Granger,Earl Watson,Mike Dunleavy,Roy Hibbert,Andrei Kirilenko,C.J. Miles,Carlos Boozer,Eric Maynor,Paul Millsap,4,11:20,IND,shot,,,,,,,,,,Brandon Rush,,,,missed,,jump,22,19
Brandon Rush,Danny Granger,Earl Watson,Mike Dunleavy,Roy Hibbert,Andrei Kirilenko,C.J. Miles,Carlos Boozer,Eric Maynor,Paul Millsap,4,11:18,UTA,rebound,,,,,,,,,,Andrei Kirilenko,,,,,,def,,
Brandon Rush,Danny Granger,Earl Watson,Mike Dunleavy,Roy Hibbert,Andrei Kirilenko,C.J. Miles,Carlos Boozer,Eric Maynor,Paul Millsap,4,10:57,UTA,shot,,,,,,,,,,Eric Maynor,,,,missed,,3pt,44,23
Brandon Rush,Danny Granger,Earl Watson,Mike Dunleavy,Roy Hibbert,Andrei Kirilenko,C.J. Miles,Carlos Boozer,Eric Maynor,Paul Millsap,4,10:56,IND,rebound,,,,,,,,,,Danny Granger,,,,,,def,,
Brandon Rush,Danny Granger,Earl Watson,Mike Dunleavy,Roy Hibbert,Andrei Kirilenko,C.J. Miles,Carlos Boozer,Eric Maynor,Paul Millsap,4,10:52,UTA,foul,,,,,,,,Earl Watson,,Eric Maynor,,,,,,shooting,,
Brandon Rush,Danny Granger,Earl Watson,Mike Dunleavy,Roy Hibbert,Andrei Kirilenko,C.J. Miles,Carlos Boozer,Eric Maynor,Paul Millsap,4,10:52,IND,free throw,,,,,,,1,,2,Earl Watson,,,foul,missed,,,,
Brandon Rush,Danny Granger,Earl Watson,Mike Dunleavy,Roy Hibbert,Andrei Kirilenko,C.J. Miles,Carlos Boozer,Eric Maynor,Paul Millsap,4,10:52,IND,rebound,,,,,,,,,,,,,,,,,,
Brandon Rush,Danny Granger,Earl Watson,Mike Dunleavy,Roy Hibbert,Andrei Kirilenko,C.J. Miles,Carlos Boozer,Eric Maynor,Paul Millsap,4,10:52,IND,free throw,,,,,,,2,,2,Earl Watson,,,foul,missed,,,,
Brandon Rush,Danny Granger,Earl Watson,Mike Dunleavy,Roy Hibbert,Andrei Kirilenko,C.J. Miles,Carlos Boozer,Eric Maynor,Paul Millsap,4,10:50,UTA,rebound,,,,,,,,,,Carlos Boozer,,,,,,def,,
Brandon Rush,Danny Granger,Earl Watson,Mike Dunleavy,Roy Hibbert,Andrei Kirilenko,C.J. Miles,Carlos Boozer,Eric Maynor,Paul Millsap,4,10:40,UTA,foul,,,,,,,,Mike Dunleavy,,Eric Maynor,,,,,,offensive,,
Brandon Rush,Danny Granger,Earl Watson,Mike Dunleavy,Roy Hibbert,Andrei Kirilenko,C.J. Miles,Carlos Boozer,Eric Maynor,Paul Millsap,4,10:40,UTA,turnover,,,,,,,,,,Eric Maynor,,,foul,,,,,
Brandon Rush,Danny Granger,Earl Watson,Mike Dunleavy,Roy Hibbert,Andrei Kirilenko,C.J. Miles,Carlos Boozer,Deron Williams,Paul Millsap,4,10:40,UTA,sub,,,,Deron Williams,,Eric Maynor,,,,,,,,,,,,
Brandon Rush,Danny Granger,Earl Watson,Mike Dunleavy,Roy Hibbert,Andrei Kirilenko,C.J. Miles,Carlos Boozer,Deron Williams,Paul Millsap,4,10:31,IND,shot,,,,,,,,,,Earl Watson,,,,missed,,jump,18,9
Brandon Rush,Danny Granger,Earl Watson,Mike Dunleavy,Roy Hibbert,Andrei Kirilenko,C.J. Miles,Carlos Boozer,Deron Williams,Paul Millsap,4,10:31,UTA,rebound,,,,,,,,,,,,,,,,,,
Brandon Rush,Danny Granger,Earl Watson,Mike Dunleavy,Roy Hibbert,Andrei Kirilenko,C.J. Miles,Carlos Boozer,Deron Williams,Paul Millsap,4,10:31,IND,foul,,,,,,,,Paul Millsap,,Roy Hibbert,,,,,,loose ball,,
Brandon Rush,Danny Granger,Earl Watson,Mike Dunleavy,Roy Hibbert,Andrei Kirilenko,C.J. Miles,Carlos Boozer,Deron Williams,Paul Millsap,4,10:16,UTA,turnover,,,,,,,,,,Deron Williams,,,bad pass,,Mike Dunleavy,,,
Brandon Rush,Danny Granger,Earl Watson,Mike Dunleavy,Roy Hibbert,Andrei Kirilenko,C.J. Miles,Carlos Boozer,Deron Williams,Paul Millsap,4,10:12,IND,shot,Mike Dunleavy,,,,,,,,,Danny Granger,2,,,made,,dunk,25,6
Brandon Rush,Danny Granger,Earl Watson,Mike Dunleavy,Roy Hibbert,Andrei Kirilenko,C.J. Miles,Carlos Boozer,Deron Williams,Paul Millsap,4,10:06,UTA,timeout,,,,,,,,,,,,,,,,short,,
Brandon Rush,Danny Granger,Earl Watson,Mike Dunleavy,Roy Hibbert,Andrei Kirilenko,C.J. Miles,Carlos Boozer,Deron Williams,Paul Millsap,4,10:04,IND,foul,,,,,,,,Deron Williams,,Earl Watson,,,,,,personal,,
Brandon Rush,Danny Granger,Earl Watson,Mike Dunleavy,Roy Hibbert,Andrei Kirilenko,C.J. Miles,Carlos Boozer,Deron Williams,Paul Millsap,4,9:54,UTA,shot,,,,,,,,,,Carlos Boozer,,,,missed,,jump,28,23
Brandon Rush,Danny Granger,Earl Watson,Mike Dunleavy,Roy Hibbert,Andrei Kirilenko,C.J. Miles,Carlos Boozer,Deron Williams,Paul Millsap,4,9:52,UTA,rebound,,,,,,,,,,Paul Millsap,,,,,,off,,
Brandon Rush,Danny Granger,Earl Watson,Mike Dunleavy,Roy Hibbert,Andrei Kirilenko,C.J. Miles,Carlos Boozer,Deron Williams,Paul Millsap,4,9:43,UTA,shot,,,,,,,,,,Andrei Kirilenko,,,,missed,,jump,5,4
Brandon Rush,Danny Granger,Earl Watson,Mike Dunleavy,Roy Hibbert,Andrei Kirilenko,C.J. Miles,Carlos Boozer,Deron Williams,Paul Millsap,4,9:42,IND,rebound,,,,,,,,,,Earl Watson,,,,,,def,,
Brandon Rush,Danny Granger,Earl Watson,Mike Dunleavy,Roy Hibbert,Andrei Kirilenko,C.J. Miles,Carlos Boozer,Deron Williams,Paul Millsap,4,9:36,IND,shot,,,,,,,,,,Mike Dunleavy,,,,missed,,3pt,8,23
Brandon Rush,Danny Granger,Earl Watson,Mike Dunleavy,Roy Hibbert,Andrei Kirilenko,C.J. Miles,Carlos Boozer,Deron Williams,Paul Millsap,4,9:35,UTA,rebound,,,,,,,,,,Paul Millsap,,,,,,def,,
Brandon Rush,Danny Granger,Earl Watson,Mike Dunleavy,Roy Hibbert,Andrei Kirilenko,C.J. Miles,Carlos Boozer,Deron Williams,Paul Millsap,4,9:19,UTA,shot,,,,,,,,,,Paul Millsap,,,,missed,,jump,25,26
Brandon Rush,Danny Granger,Earl Watson,Mike Dunleavy,Roy Hibbert,Andrei Kirilenko,C.J. Miles,Carlos Boozer,Deron Williams,Paul Millsap,4,9:18,UTA,rebound,,,,,,,,,,Carlos Boozer,,,,,,off,,
Brandon Rush,Danny Granger,Earl Watson,Mike Dunleavy,Roy Hibbert,Andrei Kirilenko,C.J. Miles,Carlos Boozer,Deron Williams,Paul Millsap,4,9:18,UTA,shot,,,,,,,,,,Carlos Boozer,2,,,made,,layup,25,6
Brandon Rush,Danny Granger,Earl Watson,Mike Dunleavy,Roy Hibbert,Andrei Kirilenko,C.J. Miles,Carlos Boozer,Deron Williams,Paul Millsap,4,9:18,IND,foul,,,,,,,,Carlos Boozer,,Mike Dunleavy,,,,,,shooting,,
Brandon Rush,Danny Granger,Earl Watson,Mike Dunleavy,Roy Hibbert,C.J. Miles,Carlos Boozer,Deron Williams,Paul Millsap,Wesley Matthews,4,9:18,UTA,sub,,,,Wesley Matthews,,Andrei Kirilenko,,,,,,,,,,,,
Brandon Rush,Danny Granger,Earl Watson,Mike Dunleavy,Roy Hibbert,Carlos Boozer,Deron Williams,Paul Millsap,Ronnie Brewer,Wesley Matthews,4,9:18,UTA,sub,,,,Ronnie Brewer,,C.J. Miles,,,,,,,,,,,,
Brandon Rush,Danny Granger,Earl Watson,Mike Dunleavy,Roy Hibbert,Carlos Boozer,Deron Williams,Paul Millsap,Ronnie Brewer,Wesley Matthews,4,9:18,UTA,free throw,,,,,,,1,,1,Carlos Boozer,,,foul,made,,,,
Brandon Rush,Danny Granger,Earl Watson,Mike Dunleavy,Roy Hibbert,Carlos Boozer,Deron Williams,Paul Millsap,Ronnie Brewer,Wesley Matthews,4,9:08,IND,shot,Earl Watson,,,,,,,,,Danny Granger,3,,,made,,3pt,26,32
Brandon Rush,Danny Granger,Earl Watson,Mike Dunleavy,Roy Hibbert,Carlos Boozer,Deron Williams,Paul Millsap,Ronnie Brewer,Wesley Matthews,4,8:47,UTA,turnover,,,,,,,,,,Paul Millsap,,,bad pass,,Danny Granger,,,
Brandon Rush,Danny Granger,Earl Watson,Mike Dunleavy,Roy Hibbert,Carlos Boozer,Deron Williams,Paul Millsap,Ronnie Brewer,Wesley Matthews,4,8:36,IND,shot,Danny Granger,,,,,,,,,Brandon Rush,3,,,made,,3pt,2,6
Brandon Rush,Danny Granger,Earl Watson,Mike Dunleavy,Roy Hibbert,Carlos Boozer,Deron Williams,Paul Millsap,Ronnie Brewer,Wesley Matthews,4,8:23,UTA,timeout,,,,,,,,,,,,,,,,official,,
Brandon Rush,Danny Granger,Mike Dunleavy,Roy Hibbert,T.J. Ford,Carlos Boozer,Deron Williams,Paul Millsap,Ronnie Brewer,Wesley Matthews,4,8:23,IND,sub,,,,T.J. Ford,,Earl Watson,,,,,,,,,,,,
Brandon Rush,Danny Granger,Mike Dunleavy,Roy Hibbert,T.J. Ford,Carlos Boozer,Deron Williams,Paul Millsap,Ronnie Brewer,Wesley Matthews,4,8:14,UTA,shot,,,,,,,,,,Ronnie Brewer,,,,missed,,jump,14,17
Brandon Rush,Danny Granger,Mike Dunleavy,Roy Hibbert,T.J. Ford,Carlos Boozer,Deron Williams,Paul Millsap,Ronnie Brewer,Wesley Matthews,4,8:13,IND,rebound,,,,,,,,,,T.J. Ford,,,,,,def,,
Brandon Rush,Danny Granger,Mike Dunleavy,Roy Hibbert,T.J. Ford,Carlos Boozer,Deron Williams,Paul Millsap,Ronnie Brewer,Wesley Matthews,4,8:07,IND,shot,,,,,,,,,,Danny Granger,,,,missed,,3pt,19,30
Brandon Rush,Danny Granger,Mike Dunleavy,Roy Hibbert,T.J. Ford,Carlos Boozer,Deron Williams,Paul Millsap,Ronnie Brewer,Wesley Matthews,4,8:04,UTA,rebound,,,,,,,,,,Ronnie Brewer,,,,,,def,,
Brandon Rush,Danny Granger,Mike Dunleavy,Roy Hibbert,T.J. Ford,Carlos Boozer,Deron Williams,Paul Millsap,Ronnie Brewer,Wesley Matthews,4,7:49,UTA,shot,,,,,,,,,,Deron Williams,,,,missed,,jump,17,27
Brandon Rush,Danny Granger,Mike Dunleavy,Roy Hibbert,T.J. Ford,Carlos Boozer,Deron Williams,Paul Millsap,Ronnie Brewer,Wesley Matthews,4,7:48,UTA,rebound,,,,,,,,,,Paul Millsap,,,,,,off,,
Brandon Rush,Danny Granger,Mike Dunleavy,Roy Hibbert,T.J. Ford,Carlos Boozer,Deron Williams,Paul Millsap,Ronnie Brewer,Wesley Matthews,4,7:32,UTA,shot,,,,,,,,,,Carlos Boozer,,,,missed,,jump,25,10
Brandon Rush,Danny Granger,Mike Dunleavy,Roy Hibbert,T.J. Ford,Carlos Boozer,Deron Williams,Paul Millsap,Ronnie Brewer,Wesley Matthews,4,7:31,IND,rebound,,,,,,,,,,Roy Hibbert,,,,,,def,,
Brandon Rush,Danny Granger,Mike Dunleavy,Roy Hibbert,T.J. Ford,Carlos Boozer,Deron Williams,Paul Millsap,Ronnie Brewer,Wesley Matthews,4,7:23,IND,shot,,,,,,,,,,Brandon Rush,,,,missed,,3pt,49,7
Brandon Rush,Danny Granger,Mike Dunleavy,Roy Hibbert,T.J. Ford,Carlos Boozer,Deron Williams,Paul Millsap,Ronnie Brewer,Wesley Matthews,4,7:21,UTA,rebound,,,,,,,,,,,,,,,,,,
Brandon Rush,Danny Granger,Mike Dunleavy,Roy Hibbert,T.J. Ford,Carlos Boozer,Deron Williams,Paul Millsap,Ronnie Brewer,Wesley Matthews,4,7:05,IND,foul,,,,,,,,Wesley Matthews,,Brandon Rush,,,,,,personal,,
Brandon Rush,Danny Granger,Jeff Foster,Mike Dunleavy,T.J. Ford,Carlos Boozer,Deron Williams,Paul Millsap,Ronnie Brewer,Wesley Matthews,4,7:05,IND,sub,,,,Jeff Foster,,Roy Hibbert,,,,,,,,,,,,
Brandon Rush,Danny Granger,Jeff Foster,Mike Dunleavy,T.J. Ford,Carlos Boozer,Deron Williams,Paul Millsap,Ronnie Brewer,Wesley Matthews,4,6:56,UTA,turnover,,,,,,,,,,Paul Millsap,,,traveling,,,,,
Brandon Rush,Danny Granger,Jeff Foster,Mike Dunleavy,T.J. Ford,Carlos Boozer,Deron Williams,Paul Millsap,Ronnie Brewer,Wesley Matthews,4,6:43,IND,shot,,,,,,,,,,T.J. Ford,,,,missed,,jump,12,21
Brandon Rush,Danny Granger,Jeff Foster,Mike Dunleavy,T.J. Ford,Carlos Boozer,Deron Williams,Paul Millsap,Ronnie Brewer,Wesley Matthews,4,6:40,UTA,rebound,,,,,,,,,,Wesley Matthews,,,,,,def,,
Brandon Rush,Danny Granger,Jeff Foster,Mike Dunleavy,T.J. Ford,Carlos Boozer,Deron Williams,Paul Millsap,Ronnie Brewer,Wesley Matthews,4,6:32,UTA,shot,,,,,,,,,,Carlos Boozer,,,,missed,,jump,29,23
Brandon Rush,Danny Granger,Jeff Foster,Mike Dunleavy,T.J. Ford,Carlos Boozer,Deron Williams,Paul Millsap,Ronnie Brewer,Wesley Matthews,4,6:31,IND,rebound,,,,,,,,,,Danny Granger,,,,,,def,,
Brandon Rush,Danny Granger,Jeff Foster,Mike Dunleavy,T.J. Ford,Carlos Boozer,Deron Williams,Paul Millsap,Ronnie Brewer,Wesley Matthews,4,6:31,UTA,foul,,,,,,,,Danny Granger,,Paul Millsap,,,,,,personal,,
Brandon Rush,Danny Granger,Jeff Foster,Mike Dunleavy,T.J. Ford,Carlos Boozer,Deron Williams,Paul Millsap,Ronnie Brewer,Wesley Matthews,4,6:19,IND,shot,,,,,,,,,,Mike Dunleavy,,,,missed,,3pt,14,28
Brandon Rush,Danny Granger,Jeff Foster,Mike Dunleavy,T.J. Ford,Carlos Boozer,Deron Williams,Paul Millsap,Ronnie Brewer,Wesley Matthews,4,6:15,UTA,rebound,,,,,,,,,,Carlos Boozer,,,,,,def,,
Brandon Rush,Danny Granger,Jeff Foster,Mike Dunleavy,T.J. Ford,Carlos Boozer,Deron Williams,Paul Millsap,Ronnie Brewer,Wesley Matthews,4,6:02,UTA,shot,Deron Williams,,,,,,,,,Carlos Boozer,2,,,made,,layup,25,6
Brandon Rush,Danny Granger,Jeff Foster,Mike Dunleavy,T.J. Ford,Carlos Boozer,Deron Williams,Paul Millsap,Ronnie Brewer,Wesley Matthews,4,5:55,IND,shot,,,,,,,,,,Mike Dunleavy,2,,,made,,driving layup,25,6
Brandon Rush,Danny Granger,Jeff Foster,Mike Dunleavy,T.J. Ford,Carlos Boozer,Deron Williams,Paul Millsap,Ronnie Brewer,Wesley Matthews,4,5:36,IND,foul,,,,,,,,Paul Millsap,,Jeff Foster,,,,,,shooting,,
Brandon Rush,Danny Granger,Jeff Foster,Mike Dunleavy,T.J. Ford,Carlos Boozer,Deron Williams,Paul Millsap,Ronnie Brewer,Wesley Matthews,4,5:36,UTA,timeout,,,,,,,,,,,,,,,,regular,,
Brandon Rush,Danny Granger,Jeff Foster,T.J. Ford,Troy Murphy,Carlos Boozer,Deron Williams,Paul Millsap,Ronnie Brewer,Wesley Matthews,4,5:36,IND,sub,,,,Troy Murphy,,Mike Dunleavy,,,,,,,,,,,,
Brandon Rush,Dahntay Jones,Danny Granger,T.J. Ford,Troy Murphy,Carlos Boozer,Deron Williams,Paul Millsap,Ronnie Brewer,Wesley Matthews,4,5:36,IND,sub,,,,Dahntay Jones,,Jeff Foster,,,,,,,,,,,,
Brandon Rush,Dahntay Jones,Danny Granger,T.J. Ford,Troy Murphy,Carlos Boozer,Deron Williams,Paul Millsap,Ronnie Brewer,Wesley Matthews,4,5:36,UTA,free throw,,,,,,,1,,2,Paul Millsap,,,foul,missed,,,,
Brandon Rush,Dahntay Jones,Danny Granger,T.J. Ford,Troy Murphy,Carlos Boozer,Deron Williams,Paul Millsap,Ronnie Brewer,Wesley Matthews,4,5:36,UTA,rebound,,,,,,,,,,,,,,,,,,
Brandon Rush,Dahntay Jones,Danny Granger,T.J. Ford,Troy Murphy,Carlos Boozer,Deron Williams,Paul Millsap,Ronnie Brewer,Wesley Matthews,4,5:36,UTA,free throw,,,,,,,2,,2,Paul Millsap,,,foul,made,,,,
Brandon Rush,Dahntay Jones,Danny Granger,T.J. Ford,Troy Murphy,Carlos Boozer,Deron Williams,Paul Millsap,Ronnie Brewer,Wesley Matthews,4,5:14,IND,turnover,,,,,,,,,,Danny Granger,,,lost ball,,Wesley Matthews,,,
Brandon Rush,Dahntay Jones,Danny Granger,T.J. Ford,Troy Murphy,Carlos Boozer,Deron Williams,Paul Millsap,Ronnie Brewer,Wesley Matthews,4,5:05,UTA,shot,,,,,,,,,,Wesley Matthews,,,,missed,,3pt,48,7
Brandon Rush,Dahntay Jones,Danny Granger,T.J. Ford,Troy Murphy,Carlos Boozer,Deron Williams,Paul Millsap,Ronnie Brewer,Wesley Matthews,4,5:03,IND,rebound,,,,,,,,,,,,,,,,,,
Brandon Rush,Dahntay Jones,Danny Granger,T.J. Ford,Troy Murphy,Carlos Boozer,Deron Williams,Paul Millsap,Ronnie Brewer,Wesley Matthews,4,4:42,IND,shot,,,Wesley Matthews,,,,,,,Danny Granger,,,,missed,,jump,32,22
Brandon Rush,Dahntay Jones,Danny Granger,T.J. Ford,Troy Murphy,Carlos Boozer,Deron Williams,Paul Millsap,Ronnie Brewer,Wesley Matthews,4,4:40,UTA,rebound,,,,,,,,,,Paul Millsap,,,,,,def,,
Brandon Rush,Dahntay Jones,Danny Granger,T.J. Ford,Troy Murphy,Carlos Boozer,Deron Williams,Paul Millsap,Ronnie Brewer,Wesley Matthews,4,4:31,UTA,shot,,,,,,,,,,Ronnie Brewer,,,,missed,,reverse layup,25,6
Brandon Rush,Dahntay Jones,Danny Granger,T.J. Ford,Troy Murphy,Carlos Boozer,Deron Williams,Paul Millsap,Ronnie Brewer,Wesley Matthews,4,4:27,UTA,rebound,,,,,,,,,,Paul Millsap,,,,,,off,,
Brandon Rush,Dahntay Jones,Danny Granger,T.J. Ford,Troy Murphy,Carlos Boozer,Deron Williams,Paul Millsap,Ronnie Brewer,Wesley Matthews,4,4:19,IND,foul,,,,,,,,Deron Williams,,T.J. Ford,,,,,,personal,,
Brandon Rush,Dahntay Jones,Danny Granger,T.J. Ford,Troy Murphy,Carlos Boozer,Deron Williams,Paul Millsap,Ronnie Brewer,Wesley Matthews,4,4:19,UTA,free throw,,,,,,,1,,2,Deron Williams,,,foul,missed,,,,
Brandon Rush,Dahntay Jones,Danny Granger,T.J. Ford,Troy Murphy,Carlos Boozer,Deron Williams,Paul Millsap,Ronnie Brewer,Wesley Matthews,4,4:19,UTA,rebound,,,,,,,,,,,,,,,,,,
Brandon Rush,Dahntay Jones,Danny Granger,T.J. Ford,Troy Murphy,Carlos Boozer,Deron Williams,Paul Millsap,Ronnie Brewer,Wesley Matthews,4,4:19,UTA,free throw,,,,,,,2,,2,Deron Williams,,,foul,made,,,,
Brandon Rush,Dahntay Jones,Danny Granger,T.J. Ford,Troy Murphy,Carlos Boozer,Deron Williams,Paul Millsap,Ronnie Brewer,Wesley Matthews,4,4:07,IND,shot,,,,,,,,,,T.J. Ford,,,,missed,,driving layup,25,6
Brandon Rush,Dahntay Jones,Danny Granger,T.J. Ford,Troy Murphy,Carlos Boozer,Deron Williams,Paul Millsap,Ronnie Brewer,Wesley Matthews,4,4:06,UTA,rebound,,,,,,,,,,Paul Millsap,,,,,,def,,
Brandon Rush,Dahntay Jones,Danny Granger,T.J. Ford,Troy Murphy,Carlos Boozer,Deron Williams,Paul Millsap,Ronnie Brewer,Wesley Matthews,4,3:53,IND,violation,,,,,,,,,,Troy Murphy,,,,,,kicked ball,,
Brandon Rush,Dahntay Jones,Danny Granger,T.J. Ford,Troy Murphy,Carlos Boozer,Deron Williams,Paul Millsap,Ronnie Brewer,Wesley Matthews,4,3:45,UTA,shot,Deron Williams,,,,,,,,,Carlos Boozer,2,,,made,,jump,26,25
Brandon Rush,Dahntay Jones,Danny Granger,T.J. Ford,Troy Murphy,Carlos Boozer,Deron Williams,Paul Millsap,Ronnie Brewer,Wesley Matthews,4,3:43,IND,timeout,,,,,,,,,,,,,,,,regular,,
Brandon Rush,Dahntay Jones,Danny Granger,T.J. Ford,Troy Murphy,Carlos Boozer,Deron Williams,Paul Millsap,Ronnie Brewer,Wesley Matthews,4,3:30,UTA,foul,,,,,,,,Danny Granger,,Wesley Matthews,,,,,,shooting,,
Brandon Rush,Dahntay Jones,Danny Granger,T.J. Ford,Troy Murphy,Carlos Boozer,Deron Williams,Paul Millsap,Ronnie Brewer,Wesley Matthews,4,3:30,IND,free throw,,,,,,,1,,2,Danny Granger,,,foul,missed,,,,
Brandon Rush,Dahntay Jones,Danny Granger,T.J. Ford,Troy Murphy,Carlos Boozer,Deron Williams,Paul Millsap,Ronnie Brewer,Wesley Matthews,4,3:30,IND,rebound,,,,,,,,,,,,,,,,,,
Brandon Rush,Dahntay Jones,Danny Granger,T.J. Ford,Troy Murphy,Carlos Boozer,Deron Williams,Paul Millsap,Ronnie Brewer,Wesley Matthews,4,3:30,IND,free throw,,,,,,,2,,2,Danny Granger,,,foul,made,,,,
Brandon Rush,Dahntay Jones,Danny Granger,T.J. Ford,Troy Murphy,Carlos Boozer,Deron Williams,Paul Millsap,Ronnie Brewer,Wesley Matthews,4,3:10,UTA,shot,,,,,,,,,,Wesley Matthews,2,,,made,,running jump,24,13
Brandon Rush,Dahntay Jones,Danny Granger,T.J. Ford,Troy Murphy,Carlos Boozer,Deron Williams,Paul Millsap,Ronnie Brewer,Wesley Matthews,4,3:01,UTA,foul,,,,,,,,T.J. Ford,,Carlos Boozer,,,,,,personal,,
Brandon Rush,Dahntay Jones,Danny Granger,T.J. Ford,Troy Murphy,Carlos Boozer,Deron Williams,Paul Millsap,Ronnie Brewer,Wesley Matthews,4,2:52,IND,shot,Troy Murphy,,,,,,,,,Danny Granger,2,,,made,,jump,24,16
Brandon Rush,Dahntay Jones,Danny Granger,T.J. Ford,Troy Murphy,Carlos Boozer,Deron Williams,Paul Millsap,Ronnie Brewer,Wesley Matthews,4,2:33,UTA,shot,Deron Williams,,,,,,,,,Carlos Boozer,2,,,made,,jump,26,12
Brandon Rush,Dahntay Jones,Danny Granger,T.J. Ford,Troy Murphy,Carlos Boozer,Deron Williams,Paul Millsap,Ronnie Brewer,Wesley Matthews,4,2:33,IND,foul,,,,,,,,Carlos Boozer,,Dahntay Jones,,,,,,shooting,,
Brandon Rush,Dahntay Jones,Danny Granger,T.J. Ford,Troy Murphy,Carlos Boozer,Deron Williams,Paul Millsap,Ronnie Brewer,Wesley Matthews,4,2:33,UTA,free throw,,,,,,,1,,1,Carlos Boozer,,,foul,missed,,,,
Brandon Rush,Dahntay Jones,Danny Granger,T.J. Ford,Troy Murphy,Carlos Boozer,Deron Williams,Paul Millsap,Ronnie Brewer,Wesley Matthews,4,2:32,IND,rebound,,,,,,,,,,Danny Granger,,,,,,def,,
Brandon Rush,Dahntay Jones,Danny Granger,T.J. Ford,Troy Murphy,Carlos Boozer,Deron Williams,Paul Millsap,Ronnie Brewer,Wesley Matthews,4,2:25,UTA,foul,,,,,,,,Danny Granger,,Wesley Matthews,,,,,,personal,,
Brandon Rush,Dahntay Jones,Danny Granger,T.J. Ford,Troy Murphy,Carlos Boozer,Deron Williams,Paul Millsap,Ronnie Brewer,Wesley Matthews,4,2:25,IND,free throw,,,,,,,1,,2,Danny Granger,,,foul,made,,,,
Dahntay Jones,Danny Granger,Mike Dunleavy,T.J. Ford,Troy Murphy,Carlos Boozer,Deron Williams,Paul Millsap,Ronnie Brewer,Wesley Matthews,4,2:25,IND,sub,,,,Mike Dunleavy,,Brandon Rush,,,,,,,,,,,,
Dahntay Jones,Danny Granger,Mike Dunleavy,T.J. Ford,Troy Murphy,Carlos Boozer,Deron Williams,Paul Millsap,Ronnie Brewer,Wesley Matthews,4,2:25,IND,free throw,,,,,,,2,,2,Danny Granger,,,foul,made,,,,
Dahntay Jones,Danny Granger,Mike Dunleavy,T.J. Ford,Troy Murphy,Carlos Boozer,Deron Williams,Paul Millsap,Ronnie Brewer,Wesley Matthews,4,2:05,UTA,shot,,,,,,,,,,Carlos Boozer,,,,missed,,jump,19,24
Dahntay Jones,Danny Granger,Mike Dunleavy,T.J. Ford,Troy Murphy,Carlos Boozer,Deron Williams,Paul Millsap,Ronnie Brewer,Wesley Matthews,4,2:04,IND,rebound,,,,,,,,,,Dahntay Jones,,,,,,def,,
Dahntay Jones,Danny Granger,Mike Dunleavy,T.J. Ford,Troy Murphy,Carlos Boozer,Deron Williams,Paul Millsap,Ronnie Brewer,Wesley Matthews,4,1:54,IND,shot,Mike Dunleavy,,,,,,,,,T.J. Ford,2,,,made,,layup,25,6
Dahntay Jones,Danny Granger,Mike Dunleavy,T.J. Ford,Troy Murphy,Carlos Boozer,Deron Williams,Paul Millsap,Ronnie Brewer,Wesley Matthews,4,1:33,UTA,shot,Wesley Matthews,,,,,,,,,Deron Williams,2,,,made,,jump,45,5
Dahntay Jones,Danny Granger,Mike Dunleavy,T.J. Ford,Troy Murphy,Carlos Boozer,Deron Williams,Paul Millsap,Ronnie Brewer,Wesley Matthews,4,1:14,IND,shot,,,,,,,,,,Dahntay Jones,,,,missed,,3pt,2,7
Dahntay Jones,Danny Granger,Mike Dunleavy,T.J. Ford,Troy Murphy,Carlos Boozer,Deron Williams,Paul Millsap,Ronnie Brewer,Wesley Matthews,4,1:13,UTA,rebound,,,,,,,,,,Deron Williams,,,,,,def,,
Dahntay Jones,Danny Granger,Mike Dunleavy,T.J. Ford,Troy Murphy,Carlos Boozer,Deron Williams,Paul Millsap,Ronnie Brewer,Wesley Matthews,4,0:50,UTA,shot,,,,,,,,,,Ronnie Brewer,,,,missed,,jump,13,18
Dahntay Jones,Danny Granger,Mike Dunleavy,T.J. Ford,Troy Murphy,Carlos Boozer,Deron Williams,Paul Millsap,Ronnie Brewer,Wesley Matthews,4,0:49,IND,rebound,,,,,,,,,,Troy Murphy,,,,,,def,,
Dahntay Jones,Danny Granger,Mike Dunleavy,T.J. Ford,Troy Murphy,Carlos Boozer,Deron Williams,Paul Millsap,Ronnie Brewer,Wesley Matthews,4,0:49,IND,timeout,,,,,,,,,,,,,,,,regular,,
Dahntay Jones,Danny Granger,Mike Dunleavy,T.J. Ford,Troy Murphy,Carlos Boozer,Deron Williams,Paul Millsap,Ronnie Brewer,Wesley Matthews,4,0:45,IND,shot,,,,,,,,,,Danny Granger,,,,missed,,3pt,9,25
Dahntay Jones,Danny Granger,Mike Dunleavy,T.J. Ford,Troy Murphy,Carlos Boozer,Deron Williams,Paul Millsap,Ronnie Brewer,Wesley Matthews,4,0:43,UTA,rebound,,,,,,,,,,Carlos Boozer,,,,,,def,,
Dahntay Jones,Danny Granger,Mike Dunleavy,T.J. Ford,Troy Murphy,Carlos Boozer,Deron Williams,Paul Millsap,Ronnie Brewer,Wesley Matthews,4,0:43,IND,foul,,,,,,,,Carlos Boozer,,Mike Dunleavy,,,,,,personal,,
Dahntay Jones,Danny Granger,Mike Dunleavy,T.J. Ford,Troy Murphy,Carlos Boozer,Deron Williams,Paul Millsap,Ronnie Brewer,Wesley Matthews,4,0:43,UTA,free throw,,,,,,,1,,2,Carlos Boozer,,,foul,missed,,,,
Dahntay Jones,Danny Granger,Mike Dunleavy,T.J. Ford,Troy Murphy,Carlos Boozer,Deron Williams,Paul Millsap,Ronnie Brewer,Wesley Matthews,4,0:43,UTA,rebound,,,,,,,,,,,,,,,,,,
Dahntay Jones,Danny Granger,Mike Dunleavy,T.J. Ford,Troy Murphy,Carlos Boozer,Deron Williams,Paul Millsap,Ronnie Brewer,Wesley Matthews,4,0:43,UTA,free throw,,,,,,,2,,2,Carlos Boozer,,,foul,missed,,,,
Dahntay Jones,Danny Granger,Mike Dunleavy,T.J. Ford,Troy Murphy,Carlos Boozer,Deron Williams,Paul Millsap,Ronnie Brewer,Wesley Matthews,4,0:40,IND,rebound,,,,,,,,,,Mike Dunleavy,,,,,,def,,
Dahntay Jones,Danny Granger,Mike Dunleavy,T.J. Ford,Troy Murphy,Carlos Boozer,Deron Williams,Paul Millsap,Ronnie Brewer,Wesley Matthews,4,0:40,IND,timeout,,,,,,,,,,,,,,,,short,,
Brandon Rush,Danny Granger,Mike Dunleavy,T.J. Ford,Troy Murphy,Carlos Boozer,Deron Williams,Paul Millsap,Ronnie Brewer,Wesley Matthews,4,0:40,IND,sub,,,,Brandon Rush,,Dahntay Jones,,,,,,,,,,,,
Brandon Rush,Danny Granger,Mike Dunleavy,T.J. Ford,Troy Murphy,Carlos Boozer,Deron Williams,Paul Millsap,Ronnie Brewer,Wesley Matthews,4,0:36,IND,shot,,,,,,,,,,Mike Dunleavy,,,,missed,,3pt,10,30
Brandon Rush,Danny Granger,Mike Dunleavy,T.J. Ford,Troy Murphy,Carlos Boozer,Deron Williams,Paul Millsap,Ronnie Brewer,Wesley Matthews,4,0:34,UTA,rebound,,,,,,,,,,Deron Williams,,,,,,def,,
Brandon Rush,Danny Granger,Mike Dunleavy,T.J. Ford,Troy Murphy,Carlos Boozer,Deron Williams,Paul Millsap,Ronnie Brewer,Wesley Matthews,4,0:34,IND,foul,,,,,,,,Deron Williams,,T.J. Ford,,,,,,personal,,
Brandon Rush,Danny Granger,Mike Dunleavy,T.J. Ford,Troy Murphy,Carlos Boozer,Deron Williams,Paul Millsap,Ronnie Brewer,Wesley Matthews,4,0:34,UTA,free throw,,,,,,,1,,2,Deron Williams,,,foul,made,,,,
Brandon Rush,Danny Granger,Mike Dunleavy,T.J. Ford,Troy Murphy,Carlos Boozer,Deron Williams,Paul Millsap,Ronnie Brewer,Wesley Matthews,4,0:34,UTA,free throw,,,,,,,2,,2,Deron Williams,,,foul,made,,,,
Brandon Rush,Danny Granger,Mike Dunleavy,T.J. Ford,Troy Murphy,Carlos Boozer,Deron Williams,Paul Millsap,Ronnie Brewer,Wesley Matthews,4,0:22,IND,shot,,,,,,,,,,Danny Granger,,,,missed,,3pt,25,33
Brandon Rush,Danny Granger,Mike Dunleavy,T.J. Ford,Troy Murphy,Carlos Boozer,Deron Williams,Paul Millsap,Ronnie Brewer,Wesley Matthews,4,0:20,IND,rebound,,,,,,,,,,Troy Murphy,,,,,,off,,
Brandon Rush,Danny Granger,Mike Dunleavy,T.J. Ford,Troy Murphy,Carlos Boozer,Deron Williams,Paul Millsap,Ronnie Brewer,Wesley Matthews,4,0:17,IND,shot,,,,,,,,,,T.J. Ford,,,,missed,,3pt,2,7
Brandon Rush,Danny Granger,Mike Dunleavy,T.J. Ford,Troy Murphy,Carlos Boozer,Deron Williams,Paul Millsap,Ronnie Brewer,Wesley Matthews,4,0:15,UTA,rebound,,,,,,,,,,Ronnie Brewer,,,,,,def,,
