a1,a2,a3,a4,a5,h1,h2,h3,h4,h5,period,time,team,etype,assist,away,block,entered,home,left,num,opponent,outof,player,points,possession,reason,result,steal,type,x,y
Ben Wallace,Chucky Atkins,Jason Maxiell,Jonas Jerebko,Rodney Stuckey,Chris Paul,David West,Devin Brown,Emeka Okafor,Peja Stojakovic,1,12:00,OFF,jump ball,,Ben Wallace,,,Emeka Okafor,,,,,,,Jason Maxiell,,,,,,
Ben Wallace,Chucky Atkins,Jason Maxiell,Jonas Jerebko,Rodney Stuckey,Chris Paul,David West,Devin Brown,Emeka Okafor,Peja Stojakovic,1,11:44,DET,shot,,,,,,,,,,Ben Wallace,,,,missed,,jump,16,11
Ben Wallace,Chucky Atkins,Jason Maxiell,Jonas Jerebko,Rodney Stuckey,Chris Paul,David West,Devin Brown,Emeka Okafor,Peja Stojakovic,1,11:42,NOH,rebound,,,,,,,,,,David West,,,,,,def,,
Ben Wallace,Chucky Atkins,Jason Maxiell,Jonas Jerebko,Rodney Stuckey,Chris Paul,David West,Devin Brown,Emeka Okafor,Peja Stojakovic,1,11:29,NOH,shot,Chris Paul,,,,,,,,,Emeka Okafor,2,,,made,,layup,25,6
Ben Wallace,Chucky Atkins,Jason Maxiell,Jonas Jerebko,Rodney Stuckey,Chris Paul,David West,Devin Brown,Emeka Okafor,Peja Stojakovic,1,11:08,DET,shot,,,,,,,,,,Rodney Stuckey,,,,missed,,jump,26,22
Ben Wallace,Chucky Atkins,Jason Maxiell,Jonas Jerebko,Rodney Stuckey,Chris Paul,David West,Devin Brown,Emeka Okafor,Peja Stojakovic,1,11:07,NOH,rebound,,,,,,,,,,David West,,,,,,def,,
Ben Wallace,Chucky Atkins,Jason Maxiell,Jonas Jerebko,Rodney Stuckey,Chris Paul,David West,Devin Brown,Emeka Okafor,Peja Stojakovic,1,11:02,NOH,shot,Chris Paul,,,,,,,,,Devin Brown,2,,,made,,layup,25,6
Ben Wallace,Chucky Atkins,Jason Maxiell,Jonas Jerebko,Rodney Stuckey,Chris Paul,David West,Devin Brown,Emeka Okafor,Peja Stojakovic,1,10:48,NOH,foul,,,,,,,,Rodney Stuckey,,Devin Brown,,,,,,personal,,
Ben Wallace,Chucky Atkins,Jason Maxiell,Jonas Jerebko,Rodney Stuckey,Chris Paul,David West,Devin Brown,Emeka Okafor,Peja Stojakovic,1,10:38,DET,shot,,,,,,,,,,Rodney Stuckey,,,,missed,,layup,25,6
Ben Wallace,Chucky Atkins,Jason Maxiell,Jonas Jerebko,Rodney Stuckey,Chris Paul,David West,Devin Brown,Emeka Okafor,Peja Stojakovic,1,10:37,DET,rebound,,,,,,,,,,Jason Maxiell,,,,,,off,,
Ben Wallace,Chucky Atkins,Jason Maxiell,Jonas Jerebko,Rodney Stuckey,Chris Paul,David West,Devin Brown,Emeka Okafor,Peja Stojakovic,1,10:34,DET,shot,,,,,,,,,,Jason Maxiell,,,,missed,,layup,25,6
Ben Wallace,Chucky Atkins,Jason Maxiell,Jonas Jerebko,Rodney Stuckey,Chris Paul,David West,Devin Brown,Emeka Okafor,Peja Stojakovic,1,10:33,DET,rebound,,,,,,,,,,Chucky Atkins,,,,,,off,,
Ben Wallace,Chucky Atkins,Jason Maxiell,Jonas Jerebko,Rodney Stuckey,Chris Paul,David West,Devin Brown,Emeka Okafor,Peja Stojakovic,1,10:30,DET,shot,,,,,,,,,,Chucky Atkins,,,,missed,,layup,25,6
Ben Wallace,Chucky Atkins,Jason Maxiell,Jonas Jerebko,Rodney Stuckey,Chris Paul,David West,Devin Brown,Emeka Okafor,Peja Stojakovic,1,10:30,NOH,rebound,,,,,,,,,,,,,,,,,,
Ben Wallace,Chucky Atkins,Jason Maxiell,Jonas Jerebko,Rodney Stuckey,Chris Paul,David West,Devin Brown,Emeka Okafor,Peja Stojakovic,1,10:30,DET,foul,,,,,,,,Devin Brown,,Jason Maxiell,,,,,,loose ball,,
Ben Wallace,Chucky Atkins,Jason Maxiell,Jonas Jerebko,Rodney Stuckey,Chris Paul,David West,Devin Brown,Emeka Okafor,Peja Stojakovic,1,10:17,NOH,shot,,,,,,,,,,Peja Stojakovic,,,,missed,,jump,25,6
Ben Wallace,Chucky Atkins,Jason Maxiell,Jonas Jerebko,Rodney Stuckey,Chris Paul,David West,Devin Brown,Emeka Okafor,Peja Stojakovic,1,10:14,DET,rebound,,,,,,,,,,Jason Maxiell,,,,,,def,,
Ben Wallace,Chucky Atkins,Jason Maxiell,Jonas Jerebko,Rodney Stuckey,Chris Paul,David West,Devin Brown,Emeka Okafor,Peja Stojakovic,1,9:55,DET,shot,,,,,,,,,,Chucky Atkins,2,,,made,,layup,25,6
Ben Wallace,Chucky Atkins,Jason Maxiell,Jonas Jerebko,Rodney Stuckey,Chris Paul,David West,Devin Brown,Emeka Okafor,Peja Stojakovic,1,9:37,NOH,shot,,,,,,,,,,Peja Stojakovic,,,,missed,,3pt,2,11
Ben Wallace,Chucky Atkins,Jason Maxiell,Jonas Jerebko,Rodney Stuckey,Chris Paul,David West,Devin Brown,Emeka Okafor,Peja Stojakovic,1,9:35,DET,rebound,,,,,,,,,,Jason Maxiell,,,,,,def,,
Ben Wallace,Chucky Atkins,Jason Maxiell,Jonas Jerebko,Rodney Stuckey,Chris Paul,David West,Devin Brown,Emeka Okafor,Peja Stojakovic,1,9:19,DET,shot,,,,,,,,,,Chucky Atkins,2,,,made,,jump,8,18
Ben Wallace,Chucky Atkins,Jason Maxiell,Jonas Jerebko,Rodney Stuckey,Chris Paul,David West,Devin Brown,Emeka Okafor,Peja Stojakovic,1,9:07,NOH,turnover,,,,,,,,,,David West,,,bad pass,,,,,
Ben Wallace,Chucky Atkins,Jason Maxiell,Jonas Jerebko,Rodney Stuckey,Chris Paul,David West,Devin Brown,Emeka Okafor,Peja Stojakovic,1,8:50,DET,shot,Jonas Jerebko,,,,,,,,,Chucky Atkins,2,,,made,,jump,5,6
Ben Wallace,Chucky Atkins,Jason Maxiell,Jonas Jerebko,Rodney Stuckey,Chris Paul,David West,Devin Brown,Emeka Okafor,Peja Stojakovic,1,8:32,NOH,shot,,,,,,,,,,David West,2,,,made,,driving layup,25,6
Ben Wallace,Chucky Atkins,Jason Maxiell,Jonas Jerebko,Rodney Stuckey,Chris Paul,David West,Devin Brown,Emeka Okafor,Peja Stojakovic,1,8:07,DET,turnover,,,,,,,,,,Rodney Stuckey,,,bad pass,,,,,
Ben Wallace,Chucky Atkins,Jason Maxiell,Jonas Jerebko,Rodney Stuckey,Chris Paul,David West,Devin Brown,Emeka Okafor,Peja Stojakovic,1,7:58,NOH,turnover,,,,,,,,,,Chris Paul,,,bad pass,,,,,
Ben Wallace,Chucky Atkins,Jason Maxiell,Jonas Jerebko,Rodney Stuckey,Chris Paul,David West,Devin Brown,Emeka Okafor,Peja Stojakovic,1,7:35,DET,shot,Rodney Stuckey,,,,,,,,,Jonas Jerebko,2,,,made,,reverse layup,25,6
Ben Wallace,Chucky Atkins,Jason Maxiell,Jonas Jerebko,Rodney Stuckey,Chris Paul,David West,Devin Brown,Emeka Okafor,Peja Stojakovic,1,7:20,NOH,turnover,,,,,,,,,,David West,,,out of bounds lost ball turnover,,,,,
Ben Wallace,Chucky Atkins,Jason Maxiell,Jonas Jerebko,Rodney Stuckey,Chris Paul,David West,Devin Brown,Emeka Okafor,Peja Stojakovic,1,7:00,DET,shot,,,,,,,,,,Jason Maxiell,,,,missed,,layup,25,6
Ben Wallace,Chucky Atkins,Jason Maxiell,Jonas Jerebko,Rodney Stuckey,Chris Paul,David West,Devin Brown,Emeka Okafor,Peja Stojakovic,1,6:59,NOH,rebound,,,,,,,,,,Peja Stojakovic,,,,,,def,,
Ben Wallace,Chucky Atkins,Jason Maxiell,Jonas Jerebko,Rodney Stuckey,Chris Paul,David West,Devin Brown,Emeka Okafor,Peja Stojakovic,1,6:50,NOH,shot,Chris Paul,,,,,,,,,Devin Brown,3,,,made,,3pt,2,7
Ben Wallace,Chucky Atkins,Jason Maxiell,Jonas Jerebko,Rodney Stuckey,Chris Paul,David West,Devin Brown,Emeka Okafor,Peja Stojakovic,1,6:42,DET,shot,,,,,,,,,,Rodney Stuckey,2,,,made,,driving layup,25,6
Ben Wallace,Chucky Atkins,Jason Maxiell,Jonas Jerebko,Rodney Stuckey,Chris Paul,David West,Devin Brown,Emeka Okafor,Peja Stojakovic,1,6:26,NOH,turnover,,,,,,,,,,Devin Brown,,,bad pass,,,,,
Ben Wallace,Chucky Atkins,Jason Maxiell,Jonas Jerebko,Rodney Stuckey,Chris Paul,David West,Devin Brown,Emeka Okafor,Peja Stojakovic,1,6:14,DET,shot,Rodney Stuckey,,,,,,,,,Jonas Jerebko,2,,,made,,layup,25,6
Ben Wallace,Chucky Atkins,Jason Maxiell,Jonas Jerebko,Rodney Stuckey,Chris Paul,David West,Devin Brown,Emeka Okafor,Peja Stojakovic,1,5:52,NOH,shot,Peja Stojakovic,,,,,,,,,Devin Brown,3,,,made,,3pt,8,24
Ben Wallace,Chucky Atkins,Jason Maxiell,Jonas Jerebko,Rodney Stuckey,Chris Paul,David West,Devin Brown,Emeka Okafor,Peja Stojakovic,1,5:44,DET,turnover,,,,,,,,,,Chucky Atkins,,,bad pass,,,,,
Ben Wallace,Chucky Atkins,Jason Maxiell,Jonas Jerebko,Rodney Stuckey,Chris Paul,David West,Devin Brown,Emeka Okafor,Peja Stojakovic,1,5:44,NOH,timeout,,,,,,,,,,,,,,,,regular,,
Ben Wallace,Chucky Atkins,Jason Maxiell,Jonas Jerebko,Rodney Stuckey,Chris Paul,David West,Devin Brown,Emeka Okafor,Peja Stojakovic,1,5:31,NOH,turnover,,,,,,,,,,Devin Brown,,,bad pass,,Rodney Stuckey,,,
Ben Wallace,Chucky Atkins,Jason Maxiell,Jonas Jerebko,Rodney Stuckey,Chris Paul,David West,Devin Brown,Emeka Okafor,Peja Stojakovic,1,5:23,DET,shot,,,,,,,,,,Rodney Stuckey,2,,,made,,jump,19,13
Ben Wallace,Chucky Atkins,Jason Maxiell,Jonas Jerebko,Rodney Stuckey,Chris Paul,David West,Devin Brown,Emeka Okafor,Peja Stojakovic,1,5:04,NOH,shot,Chris Paul,,,,,,,,,David West,2,,,made,,layup,25,6
Ben Wallace,Chucky Atkins,Jason Maxiell,Jonas Jerebko,Rodney Stuckey,Chris Paul,David West,Devin Brown,Emeka Okafor,Peja Stojakovic,1,4:45,DET,shot,,,,,,,,,,Rodney Stuckey,2,,,made,,driving layup,25,6
Ben Wallace,Chucky Atkins,Jason Maxiell,Jonas Jerebko,Rodney Stuckey,Chris Paul,David West,Devin Brown,Emeka Okafor,Peja Stojakovic,1,4:29,NOH,turnover,,,,,,,,,,Devin Brown,,,lost ball,,Ben Wallace,,,
Ben Wallace,Chucky Atkins,Jason Maxiell,Jonas Jerebko,Rodney Stuckey,Chris Paul,David West,Devin Brown,Emeka Okafor,Peja Stojakovic,1,4:16,DET,shot,,,,,,,,,,Jason Maxiell,,,,missed,,hook,16,10
Ben Wallace,Chucky Atkins,Jason Maxiell,Jonas Jerebko,Rodney Stuckey,Chris Paul,David West,Devin Brown,Emeka Okafor,Peja Stojakovic,1,4:14,NOH,rebound,,,,,,,,,,David West,,,,,,def,,
Ben Wallace,Chucky Atkins,Jason Maxiell,Jonas Jerebko,Rodney Stuckey,Chris Paul,David West,Devin Brown,Emeka Okafor,Peja Stojakovic,1,4:08,DET,foul,,,,,,,,Emeka Okafor,,Rodney Stuckey,,,,,,shooting,,
Ben Wallace,Chucky Atkins,Jason Maxiell,Jonas Jerebko,Rodney Stuckey,Chris Paul,David West,Devin Brown,Emeka Okafor,Peja Stojakovic,1,4:08,NOH,free throw,,,,,,,1,,2,Emeka Okafor,,,foul,made,,,,
Ben Wallace,Chucky Atkins,Jason Maxiell,Jonas Jerebko,Rodney Stuckey,Chris Paul,David West,Emeka Okafor,Marcus Thornton,Peja Stojakovic,1,4:08,NOH,sub,,,,Marcus Thornton,,Devin Brown,,,,,,,,,,,,
Ben Wallace,Chucky Atkins,Jason Maxiell,Jonas Jerebko,Rodney Stuckey,Chris Paul,David West,Emeka Okafor,Marcus Thornton,Peja Stojakovic,1,4:08,NOH,free throw,,,,,,,2,,2,Emeka Okafor,,,foul,made,,,,
Ben Wallace,Chucky Atkins,Jason Maxiell,Jonas Jerebko,Rodney Stuckey,Chris Paul,David West,Emeka Okafor,Marcus Thornton,Peja Stojakovic,1,3:52,DET,shot,Ben Wallace,,,,,,,,,Chucky Atkins,2,,,made,,jump,39,19
Ben Wallace,Chucky Atkins,Jason Maxiell,Jonas Jerebko,Rodney Stuckey,Chris Paul,David West,Emeka Okafor,Marcus Thornton,Peja Stojakovic,1,3:38,NOH,shot,,,,,,,,,,Chris Paul,,,,missed,,jump,27,21
Ben Wallace,Chucky Atkins,Jason Maxiell,Jonas Jerebko,Rodney Stuckey,Chris Paul,David West,Emeka Okafor,Marcus Thornton,Peja Stojakovic,1,3:38,NOH,rebound,,,,,,,,,,Emeka Okafor,,,,,,off,,
Ben Wallace,Chucky Atkins,Jason Maxiell,Jonas Jerebko,Rodney Stuckey,Chris Paul,David West,Emeka Okafor,Marcus Thornton,Peja Stojakovic,1,3:38,DET,foul,,,,,,,,Emeka Okafor,,Jason Maxiell,,,,,,shooting,,
Ben Wallace,Jason Maxiell,Jonas Jerebko,Rodney Stuckey,Will Bynum,Chris Paul,David West,Emeka Okafor,Marcus Thornton,Peja Stojakovic,1,3:38,DET,sub,,,,Will Bynum,,Chucky Atkins,,,,,,,,,,,,
Ben Wallace,Jason Maxiell,Jonas Jerebko,Rodney Stuckey,Will Bynum,Chris Paul,David West,Emeka Okafor,Marcus Thornton,Peja Stojakovic,1,3:38,NOH,free throw,,,,,,,1,,2,Emeka Okafor,,,foul,made,,,,
Ben Wallace,Charlie Villanueva,Jonas Jerebko,Rodney Stuckey,Will Bynum,Chris Paul,David West,Emeka Okafor,Marcus Thornton,Peja Stojakovic,1,3:38,DET,sub,,,,Charlie Villanueva,,Jason Maxiell,,,,,,,,,,,,
Ben Wallace,Charlie Villanueva,Jonas Jerebko,Rodney Stuckey,Will Bynum,Chris Paul,David West,Emeka Okafor,Marcus Thornton,Peja Stojakovic,1,3:38,NOH,free throw,,,,,,,2,,2,Emeka Okafor,,,foul,made,,,,
Ben Wallace,Charlie Villanueva,Jonas Jerebko,Rodney Stuckey,Will Bynum,Chris Paul,David West,Emeka Okafor,Marcus Thornton,Peja Stojakovic,1,3:27,DET,shot,,,,,,,,,,Rodney Stuckey,,,,missed,,jump,44,8
Ben Wallace,Charlie Villanueva,Jonas Jerebko,Rodney Stuckey,Will Bynum,Chris Paul,David West,Emeka Okafor,Marcus Thornton,Peja Stojakovic,1,3:26,NOH,rebound,,,,,,,,,,Emeka Okafor,,,,,,def,,
Ben Wallace,Charlie Villanueva,Jonas Jerebko,Rodney Stuckey,Will Bynum,Chris Paul,David West,Emeka Okafor,Marcus Thornton,Peja Stojakovic,1,3:14,NOH,turnover,,,,,,,,,,Chris Paul,,,bad pass,,Charlie Villanueva,,,
Ben Wallace,Charlie Villanueva,Jonas Jerebko,Rodney Stuckey,Will Bynum,Chris Paul,David West,Emeka Okafor,Marcus Thornton,Peja Stojakovic,1,3:09,DET,shot,Charlie Villanueva,,,,,,,,,Jonas Jerebko,2,,,made,,layup,25,6
Ben Wallace,Charlie Villanueva,Jonas Jerebko,Rodney Stuckey,Will Bynum,Chris Paul,David West,Emeka Okafor,Marcus Thornton,Peja Stojakovic,1,2:52,NOH,shot,Chris Paul,,,,,,,,,Peja Stojakovic,3,,,made,,3pt,39,28
Ben Wallace,Charlie Villanueva,Jonas Jerebko,Rodney Stuckey,Will Bynum,Chris Paul,David West,Emeka Okafor,Marcus Thornton,Peja Stojakovic,1,2:33,DET,shot,,,,,,,,,,Rodney Stuckey,2,,,made,,driving layup,25,6
Ben Wallace,Charlie Villanueva,Jonas Jerebko,Rodney Stuckey,Will Bynum,Chris Paul,David West,Emeka Okafor,Marcus Thornton,Peja Stojakovic,1,2:19,NOH,foul,,,,,,,,Charlie Villanueva,,David West,,,,,,offensive,,
Ben Wallace,Charlie Villanueva,Jonas Jerebko,Rodney Stuckey,Will Bynum,Chris Paul,David West,Emeka Okafor,Marcus Thornton,Peja Stojakovic,1,2:19,NOH,turnover,,,,,,,,,,David West,,,foul,,,,,
Ben Wallace,Charlie Villanueva,Jonas Jerebko,Rodney Stuckey,Will Bynum,Chris Paul,David West,Emeka Okafor,Marcus Thornton,Peja Stojakovic,1,2:19,DET,timeout,,,,,,,,,,,,,,,,regular,,
Charlie Villanueva,Chris Wilcox,Jonas Jerebko,Rodney Stuckey,Will Bynum,Chris Paul,David West,Emeka Okafor,Marcus Thornton,Peja Stojakovic,1,2:19,DET,sub,,,,Chris Wilcox,,Ben Wallace,,,,,,,,,,,,
Charlie Villanueva,Chris Wilcox,Jonas Jerebko,Rodney Stuckey,Will Bynum,Chris Paul,David West,Emeka Okafor,Marcus Thornton,Peja Stojakovic,1,2:02,DET,shot,Rodney Stuckey,,,,,,,,,Charlie Villanueva,3,,,made,,3pt,7,23
Charlie Villanueva,Chris Wilcox,Jonas Jerebko,Rodney Stuckey,Will Bynum,Chris Paul,David West,Emeka Okafor,Marcus Thornton,Peja Stojakovic,1,1:40,NOH,shot,,,,,,,,,,David West,2,,,made,,jump,18,23
Charlie Villanueva,Chris Wilcox,Jonas Jerebko,Rodney Stuckey,Will Bynum,Chris Paul,David West,Emeka Okafor,Marcus Thornton,Peja Stojakovic,1,1:26,DET,shot,Will Bynum,,,,,,,,,Charlie Villanueva,3,,,made,,3pt,3,18
Charlie Villanueva,Chris Wilcox,Jonas Jerebko,Rodney Stuckey,Will Bynum,Chris Paul,David West,Emeka Okafor,Marcus Thornton,Peja Stojakovic,1,1:00,NOH,shot,,,,,,,,,,Peja Stojakovic,,,,missed,,3pt,2,13
Charlie Villanueva,Chris Wilcox,Jonas Jerebko,Rodney Stuckey,Will Bynum,Chris Paul,David West,Emeka Okafor,Marcus Thornton,Peja Stojakovic,1,0:58,DET,rebound,,,,,,,,,,Chris Wilcox,,,,,,def,,
Charlie Villanueva,Chris Wilcox,Jonas Jerebko,Rodney Stuckey,Will Bynum,Chris Paul,David West,Emeka Okafor,Marcus Thornton,Peja Stojakovic,1,0:46,DET,shot,,,,,,,,,,Charlie Villanueva,,,,missed,,3pt,37,29
Charlie Villanueva,Chris Wilcox,Jonas Jerebko,Rodney Stuckey,Will Bynum,Chris Paul,David West,Emeka Okafor,Marcus Thornton,Peja Stojakovic,1,0:45,NOH,rebound,,,,,,,,,,Emeka Okafor,,,,,,def,,
Charlie Villanueva,Chris Wilcox,Jonas Jerebko,Rodney Stuckey,Will Bynum,Chris Paul,David West,Emeka Okafor,Marcus Thornton,Peja Stojakovic,1,0:36,DET,foul,,,,,,,,David West,,Charlie Villanueva,,,,,,personal,,
Charlie Villanueva,Chris Wilcox,Jonas Jerebko,Rodney Stuckey,Will Bynum,Chris Paul,David West,Emeka Okafor,Marcus Thornton,Peja Stojakovic,1,0:30,NOH,shot,,,,,,,,,,David West,,,,missed,,layup,25,6
Charlie Villanueva,Chris Wilcox,Jonas Jerebko,Rodney Stuckey,Will Bynum,Chris Paul,David West,Emeka Okafor,Marcus Thornton,Peja Stojakovic,1,0:28,NOH,rebound,,,,,,,,,,David West,,,,,,off,,
Charlie Villanueva,Chris Wilcox,Jonas Jerebko,Rodney Stuckey,Will Bynum,Chris Paul,David West,Emeka Okafor,Marcus Thornton,Peja Stojakovic,1,0:28,NOH,shot,,,,,,,,,,David West,2,,,made,,reverse layup,25,6
Charlie Villanueva,Chris Wilcox,Jonas Jerebko,Rodney Stuckey,Will Bynum,Chris Paul,David West,Emeka Okafor,Marcus Thornton,Peja Stojakovic,1,0:04,DET,turnover,,,,,,,,,,Rodney Stuckey,,,traveling,,,,,
Charlie Villanueva,Chris Wilcox,Jonas Jerebko,Rodney Stuckey,Will Bynum,Chris Paul,David West,Emeka Okafor,Marcus Thornton,Peja Stojakovic,1,0:00,NOH,shot,,,,,,,,,,Chris Paul,,,,missed,,jump,11,14
Charlie Villanueva,Chris Wilcox,Jonas Jerebko,Rodney Stuckey,Will Bynum,Chris Paul,David West,Emeka Okafor,Marcus Thornton,Peja Stojakovic,1,0:00,NOH,rebound,,,,,,,,,,,,,,,,,,
Austin Daye,Charlie Villanueva,Chris Wilcox,Rodney Stuckey,Will Bynum,Darren Collison,David West,Emeka Okafor,James Posey,Marcus Thornton,2,11:39,NOH,shot,Emeka Okafor,,,,,,,,,David West,2,,,made,,layup,25,6
Austin Daye,Charlie Villanueva,Chris Wilcox,Rodney Stuckey,Will Bynum,Darren Collison,David West,Emeka Okafor,James Posey,Marcus Thornton,2,11:25,NOH,foul,,,,,,,,Austin Daye,,Marcus Thornton,,,,,,shooting,,
Austin Daye,Charlie Villanueva,Chris Wilcox,Rodney Stuckey,Will Bynum,Darren Collison,David West,Emeka Okafor,James Posey,Marcus Thornton,2,11:25,DET,free throw,,,,,,,1,,2,Austin Daye,,,foul,missed,,,,
Austin Daye,Charlie Villanueva,Chris Wilcox,Rodney Stuckey,Will Bynum,Darren Collison,David West,Emeka Okafor,James Posey,Marcus Thornton,2,11:25,DET,rebound,,,,,,,,,,,,,,,,,,
Austin Daye,Charlie Villanueva,Chris Wilcox,Rodney Stuckey,Will Bynum,Darren Collison,David West,Emeka Okafor,James Posey,Marcus Thornton,2,11:25,DET,free throw,,,,,,,2,,2,Austin Daye,,,foul,made,,,,
Austin Daye,Charlie Villanueva,Chris Wilcox,Rodney Stuckey,Will Bynum,Darren Collison,David West,Emeka Okafor,James Posey,Marcus Thornton,2,11:04,NOH,shot,,,,,,,,,,Darren Collison,,,,missed,,3pt,15,28
Austin Daye,Charlie Villanueva,Chris Wilcox,Rodney Stuckey,Will Bynum,Darren Collison,David West,Emeka Okafor,James Posey,Marcus Thornton,2,11:03,NOH,rebound,,,,,,,,,,Emeka Okafor,,,,,,off,,
Austin Daye,Charlie Villanueva,Chris Wilcox,Rodney Stuckey,Will Bynum,Darren Collison,David West,Emeka Okafor,James Posey,Marcus Thornton,2,11:02,NOH,shot,,,,,,,,,,Emeka Okafor,2,,,made,,layup,25,6
Austin Daye,Charlie Villanueva,Chris Wilcox,Rodney Stuckey,Will Bynum,Darren Collison,David West,Emeka Okafor,James Posey,Marcus Thornton,2,10:48,DET,shot,Will Bynum,,,,,,,,,Austin Daye,3,,,made,,3pt,48,6
Austin Daye,Charlie Villanueva,Chris Wilcox,Rodney Stuckey,Will Bynum,Darren Collison,David West,Emeka Okafor,James Posey,Marcus Thornton,2,10:22,NOH,shot,,,,,,,,,,Marcus Thornton,,,,missed,,jump,32,27
Austin Daye,Charlie Villanueva,Chris Wilcox,Rodney Stuckey,Will Bynum,Darren Collison,David West,Emeka Okafor,James Posey,Marcus Thornton,2,10:21,DET,rebound,,,,,,,,,,Austin Daye,,,,,,def,,
Austin Daye,Charlie Villanueva,Chris Wilcox,Rodney Stuckey,Will Bynum,Darren Collison,David West,Emeka Okafor,James Posey,Marcus Thornton,2,10:17,DET,shot,Will Bynum,,,,,,,,,Austin Daye,3,,,made,,3pt,42,26
Austin Daye,Charlie Villanueva,Chris Wilcox,Rodney Stuckey,Will Bynum,Darren Collison,David West,Emeka Okafor,James Posey,Marcus Thornton,2,10:03,NOH,turnover,,,,,,,,,,Darren Collison,,,lost ball,,Will Bynum,,,
Austin Daye,Charlie Villanueva,Chris Wilcox,Rodney Stuckey,Will Bynum,Darren Collison,David West,Emeka Okafor,James Posey,Marcus Thornton,2,9:58,DET,shot,Will Bynum,,,,,,,,,Rodney Stuckey,2,,,made,,layup,25,6
Austin Daye,Charlie Villanueva,Chris Wilcox,Rodney Stuckey,Will Bynum,Darren Collison,David West,Emeka Okafor,James Posey,Marcus Thornton,2,9:52,NOH,timeout,,,,,,,,,,,,,,,,regular,,
Austin Daye,Charlie Villanueva,Chris Wilcox,Rodney Stuckey,Will Bynum,Darius Songaila,Darren Collison,Emeka Okafor,James Posey,Marcus Thornton,2,9:52,NOH,sub,,,,Darius Songaila,,David West,,,,,,,,,,,,
Austin Daye,Charlie Villanueva,Chris Wilcox,Rodney Stuckey,Will Bynum,Darius Songaila,Darren Collison,Emeka Okafor,James Posey,Marcus Thornton,2,9:36,NOH,shot,,,Chris Wilcox,,,,,,,Marcus Thornton,,,,missed,,jump,9,8
Austin Daye,Charlie Villanueva,Chris Wilcox,Rodney Stuckey,Will Bynum,Darius Songaila,Darren Collison,Emeka Okafor,James Posey,Marcus Thornton,2,9:35,NOH,rebound,,,,,,,,,,Marcus Thornton,,,,,,off,,
Austin Daye,Charlie Villanueva,Chris Wilcox,Rodney Stuckey,Will Bynum,Darius Songaila,Darren Collison,Emeka Okafor,James Posey,Marcus Thornton,2,9:35,DET,foul,,,,,,,,Marcus Thornton,,Chris Wilcox,,,,,,shooting,,
Austin Daye,Charlie Villanueva,Chris Wilcox,Rodney Stuckey,Will Bynum,Darius Songaila,Darren Collison,Emeka Okafor,James Posey,Marcus Thornton,2,9:35,NOH,free throw,,,,,,,1,,2,Marcus Thornton,,,foul,missed,,,,
Austin Daye,Charlie Villanueva,Chris Wilcox,Rodney Stuckey,Will Bynum,Darius Songaila,Darren Collison,Emeka Okafor,James Posey,Marcus Thornton,2,9:35,NOH,rebound,,,,,,,,,,,,,,,,,,
Austin Daye,Charlie Villanueva,Chris Wilcox,Rodney Stuckey,Will Bynum,Darius Songaila,Darren Collison,Emeka Okafor,James Posey,Marcus Thornton,2,9:35,NOH,free throw,,,,,,,2,,2,Marcus Thornton,,,foul,missed,,,,
Austin Daye,Charlie Villanueva,Chris Wilcox,Rodney Stuckey,Will Bynum,Darius Songaila,Darren Collison,Emeka Okafor,James Posey,Marcus Thornton,2,9:34,DET,rebound,,,,,,,,,,,,,,,,,,
Austin Daye,Charlie Villanueva,Chris Wilcox,Rodney Stuckey,Will Bynum,Darius Songaila,Darren Collison,Emeka Okafor,James Posey,Marcus Thornton,2,9:20,DET,shot,Rodney Stuckey,,,,,,,,,Chris Wilcox,2,,,made,,jump,27,13
Austin Daye,Charlie Villanueva,Chris Wilcox,Rodney Stuckey,Will Bynum,Darius Songaila,Darren Collison,Emeka Okafor,James Posey,Marcus Thornton,2,9:00,NOH,shot,,,,,,,,,,Emeka Okafor,,,,missed,,hook,22,15
Austin Daye,Charlie Villanueva,Chris Wilcox,Rodney Stuckey,Will Bynum,Darius Songaila,Darren Collison,Emeka Okafor,James Posey,Marcus Thornton,2,8:59,DET,rebound,,,,,,,,,,Chris Wilcox,,,,,,def,,
Austin Daye,Charlie Villanueva,Chris Wilcox,Rodney Stuckey,Will Bynum,Darius Songaila,Darren Collison,Emeka Okafor,James Posey,Marcus Thornton,2,8:58,DET,turnover,,,,,,,,,,Will Bynum,,,traveling,,,,,
Austin Daye,Charlie Villanueva,Chris Wilcox,Chucky Atkins,Will Bynum,Darius Songaila,Darren Collison,Emeka Okafor,James Posey,Marcus Thornton,2,8:58,DET,sub,,,,Chucky Atkins,,Rodney Stuckey,,,,,,,,,,,,
Austin Daye,Charlie Villanueva,Chris Wilcox,Chucky Atkins,Will Bynum,Darius Songaila,Darren Collison,Emeka Okafor,James Posey,Marcus Thornton,2,8:56,DET,violation,,,,,,,,,,Chris Wilcox,,,,,,defensive goaltending,,
Austin Daye,Charlie Villanueva,Chris Wilcox,Chucky Atkins,Will Bynum,Darius Songaila,Darren Collison,Emeka Okafor,James Posey,Marcus Thornton,2,8:56,NOH,shot,James Posey,,,,,,,,,Marcus Thornton,2,,,made,,layup,25,6
Austin Daye,Charlie Villanueva,Chris Wilcox,Chucky Atkins,Will Bynum,Darius Songaila,Darren Collison,Emeka Okafor,James Posey,Marcus Thornton,2,8:46,DET,turnover,,,,,,,,,,Will Bynum,,,bad pass,,,,,
Austin Daye,Charlie Villanueva,Chris Wilcox,Chucky Atkins,Will Bynum,Darius Songaila,Darren Collison,Emeka Okafor,James Posey,Marcus Thornton,2,8:38,NOH,shot,Darren Collison,,,,,,,,,Darius Songaila,2,,,made,,jump,38,12
Austin Daye,Charlie Villanueva,Chris Wilcox,Chucky Atkins,Will Bynum,Darius Songaila,Darren Collison,Emeka Okafor,James Posey,Marcus Thornton,2,8:09,DET,shot,,,,,,,,,,Austin Daye,,,,missed,,3pt,42,24
Austin Daye,Charlie Villanueva,Chris Wilcox,Chucky Atkins,Will Bynum,Darius Songaila,Darren Collison,Emeka Okafor,James Posey,Marcus Thornton,2,8:08,NOH,rebound,,,,,,,,,,Emeka Okafor,,,,,,def,,
Austin Daye,Charlie Villanueva,Chris Wilcox,Chucky Atkins,Will Bynum,Darius Songaila,Darren Collison,Emeka Okafor,James Posey,Marcus Thornton,2,8:08,DET,foul,,,,,,,,Emeka Okafor,,Chris Wilcox,,,,,,loose ball,,
Austin Daye,Charlie Villanueva,Chris Wilcox,Chucky Atkins,Will Bynum,Darius Songaila,Darren Collison,Emeka Okafor,James Posey,Marcus Thornton,2,8:00,NOH,foul,,,,,,,,Chris Wilcox,,Emeka Okafor,,,,,,offensive,,
Austin Daye,Charlie Villanueva,Chris Wilcox,Chucky Atkins,Will Bynum,Darius Songaila,Darren Collison,Emeka Okafor,James Posey,Marcus Thornton,2,8:00,NOH,turnover,,,,,,,,,,Emeka Okafor,,,foul,,,,,
Austin Daye,Charlie Villanueva,Chris Wilcox,Chucky Atkins,Will Bynum,Darius Songaila,Darren Collison,Emeka Okafor,James Posey,Marcus Thornton,2,7:49,NOH,foul,,,,,,,,,,Bower,,,,,,technical,,
Austin Daye,Charlie Villanueva,Chris Wilcox,Chucky Atkins,Will Bynum,Darius Songaila,Darren Collison,Emeka Okafor,James Posey,Marcus Thornton,2,7:49,DET,free throw,,,,,,,1,,1,Chucky Atkins,,,technical,made,,,,
Austin Daye,Ben Wallace,Charlie Villanueva,Chucky Atkins,Will Bynum,Darius Songaila,Darren Collison,Emeka Okafor,James Posey,Marcus Thornton,2,7:49,DET,sub,,,,Ben Wallace,,Chris Wilcox,,,,,,,,,,,,
Austin Daye,Ben Wallace,Charlie Villanueva,Chucky Atkins,Will Bynum,Darius Songaila,Darren Collison,Emeka Okafor,James Posey,Marcus Thornton,2,7:37,DET,shot,Will Bynum,,,,,,,,,Charlie Villanueva,3,,,made,,3pt,43,24
Austin Daye,Ben Wallace,Charlie Villanueva,Chucky Atkins,Will Bynum,Darius Songaila,Darren Collison,Emeka Okafor,James Posey,Marcus Thornton,2,7:16,NOH,shot,,,,,,,,,,Marcus Thornton,,,,missed,,3pt,14,29
Austin Daye,Ben Wallace,Charlie Villanueva,Chucky Atkins,Will Bynum,Darius Songaila,Darren Collison,Emeka Okafor,James Posey,Marcus Thornton,2,7:15,DET,rebound,,,,,,,,,,Charlie Villanueva,,,,,,def,,
Austin Daye,Ben Wallace,Charlie Villanueva,Chucky Atkins,Will Bynum,Darius Songaila,Darren Collison,David West,James Posey,Marcus Thornton,2,7:01,NOH,sub,,,,David West,,Emeka Okafor,,,,,,,,,,,,
Austin Daye,Ben Wallace,Charlie Villanueva,Chucky Atkins,Will Bynum,Chris Paul,Darius Songaila,Darren Collison,David West,James Posey,2,7:01,NOH,sub,,,,Chris Paul,,Marcus Thornton,,,,,,,,,,,,
Austin Daye,Ben Wallace,Charlie Villanueva,Chucky Atkins,Will Bynum,Chris Paul,Darius Songaila,Darren Collison,David West,James Posey,2,6:54,DET,shot,,,,,,,,,,Will Bynum,,,,missed,,jump,27,27
Austin Daye,Ben Wallace,Charlie Villanueva,Chucky Atkins,Will Bynum,Chris Paul,Darius Songaila,Darren Collison,David West,James Posey,2,6:52,NOH,rebound,,,,,,,,,,Darius Songaila,,,,,,def,,
Austin Daye,Ben Wallace,Charlie Villanueva,Chucky Atkins,Will Bynum,Chris Paul,Darius Songaila,Darren Collison,David West,James Posey,2,6:40,NOH,shot,,,,,,,,,,David West,,,,missed,,jump,34,21
Austin Daye,Ben Wallace,Charlie Villanueva,Chucky Atkins,Will Bynum,Chris Paul,Darius Songaila,Darren Collison,David West,James Posey,2,6:39,DET,rebound,,,,,,,,,,Will Bynum,,,,,,def,,
Austin Daye,Ben Wallace,Charlie Villanueva,Chucky Atkins,Will Bynum,Chris Paul,Darius Songaila,Darren Collison,David West,James Posey,2,6:32,NOH,foul,,,,,,,,Will Bynum,,Darius Songaila,,,,,,personal,,
Austin Daye,Ben Wallace,Charlie Villanueva,Chucky Atkins,Will Bynum,Chris Paul,Darius Songaila,Darren Collison,David West,James Posey,2,6:23,DET,shot,Will Bynum,,,,,,,,,Charlie Villanueva,2,,,made,,jump,6,14
Austin Daye,Ben Wallace,Charlie Villanueva,Chucky Atkins,Will Bynum,Chris Paul,Darius Songaila,Darren Collison,David West,James Posey,2,6:01,NOH,turnover,,,,,,,,,,James Posey,,,bad pass,,Austin Daye,,,
Austin Daye,Ben Wallace,Charlie Villanueva,Chucky Atkins,Will Bynum,Chris Paul,Darius Songaila,Darren Collison,David West,James Posey,2,5:47,DET,shot,Will Bynum,,,,,,,,,Charlie Villanueva,2,,,made,,layup,25,6
Austin Daye,Ben Wallace,Charlie Villanueva,Chucky Atkins,Will Bynum,Chris Paul,Darius Songaila,Darren Collison,David West,James Posey,2,5:27,NOH,turnover,,,,,,,,,,Darren Collison,,,bad pass,,Will Bynum,,,
Austin Daye,Ben Wallace,Charlie Villanueva,Chucky Atkins,Will Bynum,Chris Paul,Darius Songaila,Darren Collison,David West,James Posey,2,5:23,DET,turnover,,,,,,,,,,Will Bynum,,,bad pass,,,,,
Austin Daye,Ben Wallace,Charlie Villanueva,Chucky Atkins,Will Bynum,Chris Paul,Darius Songaila,Darren Collison,David West,James Posey,2,5:23,NOH,timeout,,,,,,,,,,,,,,,,official,,
Austin Daye,Ben Wallace,Charlie Villanueva,Chucky Atkins,Will Bynum,Chris Paul,Darius Songaila,Darren Collison,David West,Peja Stojakovic,2,5:23,NOH,sub,,,,Peja Stojakovic,,James Posey,,,,,,,,,,,,
Austin Daye,Ben Wallace,Charlie Villanueva,Chucky Atkins,Rodney Stuckey,Chris Paul,Darius Songaila,Darren Collison,David West,Peja Stojakovic,2,5:23,DET,sub,,,,Rodney Stuckey,,Will Bynum,,,,,,,,,,,,
Austin Daye,Ben Wallace,Charlie Villanueva,Chucky Atkins,Rodney Stuckey,Chris Paul,Darius Songaila,Darren Collison,David West,Peja Stojakovic,2,5:08,NOH,shot,,,,,,,,,,Darius Songaila,,,,missed,,jump,42,6
Austin Daye,Ben Wallace,Charlie Villanueva,Chucky Atkins,Rodney Stuckey,Chris Paul,Darius Songaila,Darren Collison,David West,Peja Stojakovic,2,5:07,DET,rebound,,,,,,,,,,Austin Daye,,,,,,def,,
Austin Daye,Ben Wallace,Charlie Villanueva,Chucky Atkins,Rodney Stuckey,Chris Paul,Darius Songaila,Darren Collison,David West,Peja Stojakovic,2,4:50,DET,shot,,,,,,,,,,Rodney Stuckey,,,,missed,,jump,20,14
Austin Daye,Ben Wallace,Charlie Villanueva,Chucky Atkins,Rodney Stuckey,Chris Paul,Darius Songaila,Darren Collison,David West,Peja Stojakovic,2,4:49,NOH,rebound,,,,,,,,,,Darren Collison,,,,,,def,,
Austin Daye,Ben Wallace,Charlie Villanueva,Chucky Atkins,Rodney Stuckey,Chris Paul,Darius Songaila,Darren Collison,David West,Peja Stojakovic,2,4:36,NOH,turnover,,,,,,,,,,David West,,,bad pass,,Ben Wallace,,,
Austin Daye,Ben Wallace,Charlie Villanueva,Chucky Atkins,Rodney Stuckey,Chris Paul,Darius Songaila,Darren Collison,David West,Peja Stojakovic,2,4:29,DET,shot,,,,,,,,,,Charlie Villanueva,,,,missed,,3pt,2,6
Austin Daye,Ben Wallace,Charlie Villanueva,Chucky Atkins,Rodney Stuckey,Chris Paul,Darius Songaila,Darren Collison,David West,Peja Stojakovic,2,4:27,DET,rebound,,,,,,,,,,Charlie Villanueva,,,,,,off,,
Austin Daye,Ben Wallace,Charlie Villanueva,Chucky Atkins,Rodney Stuckey,Chris Paul,Darius Songaila,Darren Collison,David West,Peja Stojakovic,2,4:11,NOH,foul,,,,,,,,Chucky Atkins,,Darius Songaila,,,,,,personal,,
Austin Daye,Ben Wallace,Charlie Villanueva,Chucky Atkins,Rodney Stuckey,Chris Paul,Darius Songaila,Darren Collison,David West,Peja Stojakovic,2,4:02,DET,shot,Chucky Atkins,,,,,,,,,Rodney Stuckey,2,,,made,,layup,25,6
Austin Daye,Ben Wallace,Charlie Villanueva,Chucky Atkins,Rodney Stuckey,Chris Paul,Darius Songaila,Darren Collison,David West,Peja Stojakovic,2,3:50,NOH,shot,,,,,,,,,,David West,,,,missed,,jump,21,24
Austin Daye,Ben Wallace,Charlie Villanueva,Chucky Atkins,Rodney Stuckey,Chris Paul,Darius Songaila,Darren Collison,David West,Peja Stojakovic,2,3:49,DET,rebound,,,,,,,,,,Charlie Villanueva,,,,,,def,,
Austin Daye,Ben Wallace,Charlie Villanueva,Chucky Atkins,Rodney Stuckey,Chris Paul,Darius Songaila,Darren Collison,David West,Peja Stojakovic,2,3:35,DET,shot,,,,,,,,,,Chucky Atkins,,,,missed,,jump,25,21
Austin Daye,Ben Wallace,Charlie Villanueva,Chucky Atkins,Rodney Stuckey,Chris Paul,Darius Songaila,Darren Collison,David West,Peja Stojakovic,2,3:33,NOH,rebound,,,,,,,,,,Darius Songaila,,,,,,def,,
Austin Daye,Ben Wallace,Charlie Villanueva,Chucky Atkins,Rodney Stuckey,Chris Paul,Darius Songaila,Darren Collison,David West,Peja Stojakovic,2,3:29,DET,foul,,,,,,,,Chris Paul,,Chucky Atkins,,,,,,personal,,
Austin Daye,Ben Wallace,Charlie Villanueva,Chucky Atkins,Rodney Stuckey,Chris Paul,Darius Songaila,Darren Collison,David West,Peja Stojakovic,2,3:17,NOH,shot,,,,,,,,,,Darius Songaila,,,,missed,,layup,25,6
Austin Daye,Ben Wallace,Charlie Villanueva,Chucky Atkins,Rodney Stuckey,Chris Paul,Darius Songaila,Darren Collison,David West,Peja Stojakovic,2,3:16,DET,rebound,,,,,,,,,,Charlie Villanueva,,,,,,def,,
Austin Daye,Ben Wallace,Charlie Villanueva,Chucky Atkins,Rodney Stuckey,Chris Paul,Darius Songaila,Darren Collison,David West,Peja Stojakovic,2,2:58,DET,shot,,,,,,,,,,Rodney Stuckey,,,,missed,,jump,9,8
Austin Daye,Ben Wallace,Charlie Villanueva,Chucky Atkins,Rodney Stuckey,Chris Paul,Darius Songaila,Darren Collison,David West,Peja Stojakovic,2,2:57,NOH,rebound,,,,,,,,,,Chris Paul,,,,,,def,,
Austin Daye,Ben Wallace,Charlie Villanueva,Chucky Atkins,Rodney Stuckey,Chris Paul,Darius Songaila,Darren Collison,David West,Peja Stojakovic,2,2:52,NOH,shot,,,,,,,,,,Darren Collison,,,,missed,,layup,25,6
Austin Daye,Ben Wallace,Charlie Villanueva,Chucky Atkins,Rodney Stuckey,Chris Paul,Darius Songaila,Darren Collison,David West,Peja Stojakovic,2,2:48,NOH,rebound,,,,,,,,,,David West,,,,,,off,,
Austin Daye,Ben Wallace,Charlie Villanueva,Chucky Atkins,Rodney Stuckey,Chris Paul,Darius Songaila,Darren Collison,David West,Peja Stojakovic,2,2:48,NOH,shot,,,,,,,,,,David West,2,,,made,,putback layup,25,6
Austin Daye,Ben Wallace,Charlie Villanueva,Chucky Atkins,Rodney Stuckey,Chris Paul,Darius Songaila,Darren Collison,David West,Peja Stojakovic,2,2:40,DET,timeout,,,,,,,,,,,,,,,,regular,,
Austin Daye,Ben Wallace,Charlie Villanueva,Chucky Atkins,Rodney Stuckey,Chris Paul,Darius Songaila,David West,Marcus Thornton,Peja Stojakovic,2,2:40,NOH,sub,,,,Marcus Thornton,,Darren Collison,,,,,,,,,,,,
Austin Daye,Ben Wallace,Charlie Villanueva,Chucky Atkins,Rodney Stuckey,Chris Paul,Darius Songaila,David West,Marcus Thornton,Peja Stojakovic,2,2:40,NOH,foul,,,,,,,,Rodney Stuckey,,Marcus Thornton,,,,,,inbound,,
Austin Daye,Ben Wallace,Charlie Villanueva,Chucky Atkins,Rodney Stuckey,Chris Paul,Darius Songaila,David West,Marcus Thornton,Peja Stojakovic,2,2:40,DET,free throw,,,,,,,1,,2,Rodney Stuckey,,,foul,made,,,,
Austin Daye,Ben Wallace,Charlie Villanueva,Chucky Atkins,Rodney Stuckey,Chris Paul,Darius Songaila,David West,Marcus Thornton,Peja Stojakovic,2,2:40,DET,free throw,,,,,,,2,,2,Rodney Stuckey,,,foul,made,,,,
Austin Daye,Ben Wallace,Charlie Villanueva,Chucky Atkins,Rodney Stuckey,Chris Paul,Darius Songaila,David West,Marcus Thornton,Peja Stojakovic,2,2:25,NOH,shot,Chris Paul,,,,,,,,,David West,2,,,made,,jump,41,10
Austin Daye,Ben Wallace,Charlie Villanueva,Chucky Atkins,Rodney Stuckey,Chris Paul,Darius Songaila,David West,Marcus Thornton,Peja Stojakovic,2,2:08,DET,shot,Ben Wallace,,,,,,,,,Rodney Stuckey,2,,,made,,layup,25,6
Austin Daye,Ben Wallace,Charlie Villanueva,Chucky Atkins,Rodney Stuckey,Chris Paul,Darius Songaila,David West,Marcus Thornton,Peja Stojakovic,2,1:45,NOH,shot,David West,,,,,,,,,Peja Stojakovic,3,,,made,,3pt,48,7
Austin Daye,Ben Wallace,Charlie Villanueva,Chucky Atkins,Rodney Stuckey,Chris Paul,Darius Songaila,David West,Marcus Thornton,Peja Stojakovic,2,1:26,DET,shot,,,,,,,,,,Ben Wallace,,,,missed,,layup,25,6
Austin Daye,Ben Wallace,Charlie Villanueva,Chucky Atkins,Rodney Stuckey,Chris Paul,Darius Songaila,David West,Marcus Thornton,Peja Stojakovic,2,1:25,NOH,rebound,,,,,,,,,,Chris Paul,,,,,,def,,
Austin Daye,Ben Wallace,Charlie Villanueva,Chucky Atkins,Rodney Stuckey,Chris Paul,Darius Songaila,David West,Marcus Thornton,Peja Stojakovic,2,1:20,NOH,shot,,,,,,,,,,Marcus Thornton,,,,missed,,3pt,8,24
Austin Daye,Ben Wallace,Charlie Villanueva,Chucky Atkins,Rodney Stuckey,Chris Paul,Darius Songaila,David West,Marcus Thornton,Peja Stojakovic,2,1:18,DET,rebound,,,,,,,,,,Charlie Villanueva,,,,,,def,,
Austin Daye,Ben Wallace,Charlie Villanueva,Chucky Atkins,Rodney Stuckey,Chris Paul,Darius Songaila,David West,Marcus Thornton,Peja Stojakovic,2,1:03,DET,shot,,,,,,,,,,Rodney Stuckey,,,,missed,,layup,25,6
Austin Daye,Ben Wallace,Charlie Villanueva,Chucky Atkins,Rodney Stuckey,Chris Paul,Darius Songaila,David West,Marcus Thornton,Peja Stojakovic,2,1:02,DET,rebound,,,,,,,,,,Rodney Stuckey,,,,,,off,,
Austin Daye,Ben Wallace,Charlie Villanueva,Chucky Atkins,Rodney Stuckey,Chris Paul,Darius Songaila,David West,Marcus Thornton,Peja Stojakovic,2,1:02,DET,shot,,,,,,,,,,Rodney Stuckey,,,,missed,,tip,25,6
Austin Daye,Ben Wallace,Charlie Villanueva,Chucky Atkins,Rodney Stuckey,Chris Paul,Darius Songaila,David West,Marcus Thornton,Peja Stojakovic,2,0:59,NOH,rebound,,,,,,,,,,Marcus Thornton,,,,,,def,,
Austin Daye,Ben Wallace,Charlie Villanueva,Chucky Atkins,Rodney Stuckey,Chris Paul,Darius Songaila,David West,Marcus Thornton,Peja Stojakovic,2,0:55,NOH,turnover,,,,,,,,,,Chris Paul,,,out of bounds lost ball turnover,,,,,
Austin Daye,Ben Wallace,Charlie Villanueva,Chucky Atkins,Rodney Stuckey,Chris Paul,Darius Songaila,David West,Marcus Thornton,Peja Stojakovic,2,0:38,NOH,foul,,,,,,,,Chucky Atkins,,Chris Paul,,,,,,personal,,
Austin Daye,Ben Wallace,Charlie Villanueva,Chucky Atkins,Rodney Stuckey,Chris Paul,Darius Songaila,David West,Marcus Thornton,Peja Stojakovic,2,0:38,DET,free throw,,,,,,,1,,2,Chucky Atkins,,,foul,made,,,,
Austin Daye,Ben Wallace,Charlie Villanueva,Chucky Atkins,Rodney Stuckey,Chris Paul,Darius Songaila,David West,Marcus Thornton,Peja Stojakovic,2,0:38,DET,free throw,,,,,,,2,,2,Chucky Atkins,,,foul,made,,,,
Austin Daye,Ben Wallace,Charlie Villanueva,Chucky Atkins,Rodney Stuckey,Chris Paul,Darius Songaila,David West,Marcus Thornton,Peja Stojakovic,2,0:28,NOH,shot,,,,,,,,,,Chris Paul,2,,,made,,driving layup,25,6
Austin Daye,Ben Wallace,Charlie Villanueva,Chucky Atkins,Rodney Stuckey,Chris Paul,Darius Songaila,David West,Marcus Thornton,Peja Stojakovic,2,0:21,DET,timeout,,,,,,,,,,,,,,,,short,,
Austin Daye,Ben Wallace,Charlie Villanueva,Chucky Atkins,Rodney Stuckey,Chris Paul,Darius Songaila,David West,Marcus Thornton,Peja Stojakovic,2,0:03,DET,shot,,,,,,,,,,Austin Daye,,,,missed,,3pt,48,8
Austin Daye,Ben Wallace,Charlie Villanueva,Chucky Atkins,Rodney Stuckey,Chris Paul,Darius Songaila,David West,Marcus Thornton,Peja Stojakovic,2,0:02,DET,rebound,,,,,,,,,,Rodney Stuckey,,,,,,off,,
Austin Daye,Ben Wallace,Charlie Villanueva,Chucky Atkins,Rodney Stuckey,Chris Paul,Darius Songaila,David West,Marcus Thornton,Peja Stojakovic,2,0:01,DET,shot,,,,,,,,,,Rodney Stuckey,,,,missed,,jump,13,13
Austin Daye,Ben Wallace,Charlie Villanueva,Chucky Atkins,Rodney Stuckey,Chris Paul,Darius Songaila,David West,Marcus Thornton,Peja Stojakovic,2,0:00,NOH,rebound,,,,,,,,,,Darius Songaila,,,,,,def,,
Ben Wallace,Chucky Atkins,Jason Maxiell,Jonas Jerebko,Rodney Stuckey,Chris Paul,David West,Devin Brown,Emeka Okafor,Peja Stojakovic,3,11:49,NOH,shot,Chris Paul,,,,,,,,,Devin Brown,3,,,made,,3pt,37,27
Ben Wallace,Chucky Atkins,Jason Maxiell,Jonas Jerebko,Rodney Stuckey,Chris Paul,David West,Devin Brown,Emeka Okafor,Peja Stojakovic,3,11:27,DET,shot,,,,,,,,,,Jason Maxiell,,,,missed,,jump,25,17
Ben Wallace,Chucky Atkins,Jason Maxiell,Jonas Jerebko,Rodney Stuckey,Chris Paul,David West,Devin Brown,Emeka Okafor,Peja Stojakovic,3,11:26,NOH,rebound,,,,,,,,,,Emeka Okafor,,,,,,def,,
Ben Wallace,Chucky Atkins,Jason Maxiell,Jonas Jerebko,Rodney Stuckey,Chris Paul,David West,Devin Brown,Emeka Okafor,Peja Stojakovic,3,11:20,NOH,shot,,,,,,,,,,Devin Brown,,,,missed,,3pt,8,26
Ben Wallace,Chucky Atkins,Jason Maxiell,Jonas Jerebko,Rodney Stuckey,Chris Paul,David West,Devin Brown,Emeka Okafor,Peja Stojakovic,3,11:18,DET,rebound,,,,,,,,,,Jonas Jerebko,,,,,,def,,
Ben Wallace,Chucky Atkins,Jason Maxiell,Jonas Jerebko,Rodney Stuckey,Chris Paul,David West,Devin Brown,Emeka Okafor,Peja Stojakovic,3,11:03,DET,shot,Jonas Jerebko,,,,,,,,,Ben Wallace,2,,,made,,dunk,25,6
Ben Wallace,Chucky Atkins,Jason Maxiell,Jonas Jerebko,Rodney Stuckey,Chris Paul,David West,Devin Brown,Emeka Okafor,Peja Stojakovic,3,10:48,NOH,shot,,,,,,,,,,Peja Stojakovic,,,,missed,,3pt,43,24
Ben Wallace,Chucky Atkins,Jason Maxiell,Jonas Jerebko,Rodney Stuckey,Chris Paul,David West,Devin Brown,Emeka Okafor,Peja Stojakovic,3,10:46,DET,rebound,,,,,,,,,,Jason Maxiell,,,,,,def,,
Ben Wallace,Chucky Atkins,Jason Maxiell,Jonas Jerebko,Rodney Stuckey,Chris Paul,David West,Devin Brown,Emeka Okafor,Peja Stojakovic,3,10:31,DET,turnover,,,,,,,,,,Rodney Stuckey,,,lost ball,,Chris Paul,,,
Ben Wallace,Chucky Atkins,Jason Maxiell,Jonas Jerebko,Rodney Stuckey,Chris Paul,David West,Devin Brown,Emeka Okafor,Peja Stojakovic,3,10:25,NOH,shot,,,,,,,,,,Peja Stojakovic,,,,missed,,layup,25,6
Ben Wallace,Chucky Atkins,Jason Maxiell,Jonas Jerebko,Rodney Stuckey,Chris Paul,David West,Devin Brown,Emeka Okafor,Peja Stojakovic,3,10:24,DET,rebound,,,,,,,,,,Jonas Jerebko,,,,,,def,,
Ben Wallace,Chucky Atkins,Jason Maxiell,Jonas Jerebko,Rodney Stuckey,Chris Paul,David West,Devin Brown,Emeka Okafor,Peja Stojakovic,3,10:01,DET,shot,,,,,,,,,,Chucky Atkins,2,,,made,,floating jump,17,14
Ben Wallace,Chucky Atkins,Jason Maxiell,Jonas Jerebko,Rodney Stuckey,Chris Paul,David West,Devin Brown,Emeka Okafor,Peja Stojakovic,3,9:47,DET,foul,,,,,,,,,,Ben Wallace,,,,,,defense 3 second,,
Ben Wallace,Chucky Atkins,Jason Maxiell,Jonas Jerebko,Rodney Stuckey,Chris Paul,David West,Devin Brown,Emeka Okafor,Peja Stojakovic,3,9:47,NOH,free throw,,,,,,,1,,1,Peja Stojakovic,,,technical,made,,,,
Ben Wallace,Chucky Atkins,Jason Maxiell,Jonas Jerebko,Rodney Stuckey,Chris Paul,David West,Devin Brown,Emeka Okafor,Peja Stojakovic,3,9:36,NOH,shot,,,,,,,,,,David West,2,,,made,,fade away jumper,26,18
Ben Wallace,Chucky Atkins,Jason Maxiell,Jonas Jerebko,Rodney Stuckey,Chris Paul,David West,Devin Brown,Emeka Okafor,Peja Stojakovic,3,9:17,DET,turnover,,,,,,,,,,Rodney Stuckey,,,bad pass,,David West,,,
Ben Wallace,Chucky Atkins,Jason Maxiell,Jonas Jerebko,Rodney Stuckey,Chris Paul,David West,Devin Brown,Emeka Okafor,Peja Stojakovic,3,9:06,NOH,shot,,,,,,,,,,David West,2,,,made,,step back jump,20,22
Ben Wallace,Chucky Atkins,Jason Maxiell,Jonas Jerebko,Rodney Stuckey,Chris Paul,David West,Devin Brown,Emeka Okafor,Peja Stojakovic,3,8:39,DET,shot,,,,,,,,,,Chucky Atkins,,,,missed,,3pt,46,21
Ben Wallace,Chucky Atkins,Jason Maxiell,Jonas Jerebko,Rodney Stuckey,Chris Paul,David West,Devin Brown,Emeka Okafor,Peja Stojakovic,3,8:39,NOH,rebound,,,,,,,,,,Emeka Okafor,,,,,,def,,
Ben Wallace,Chucky Atkins,Jason Maxiell,Jonas Jerebko,Rodney Stuckey,Chris Paul,David West,Devin Brown,Emeka Okafor,Peja Stojakovic,3,8:39,DET,foul,,,,,,,,Emeka Okafor,,Ben Wallace,,,,,,personal,,
Ben Wallace,Chucky Atkins,Jason Maxiell,Jonas Jerebko,Rodney Stuckey,Chris Paul,David West,Devin Brown,Emeka Okafor,Peja Stojakovic,3,8:39,DET,foul,,,,,,,,Emeka Okafor,,Ben Wallace,,,,,,technical,,
Ben Wallace,Chucky Atkins,Jason Maxiell,Jonas Jerebko,Rodney Stuckey,Chris Paul,David West,Devin Brown,Emeka Okafor,Peja Stojakovic,3,8:39,NOH,free throw,,,,,,,1,,1,Peja Stojakovic,,,technical,made,,,,
Ben Wallace,Chucky Atkins,Jason Maxiell,Jonas Jerebko,Rodney Stuckey,Chris Paul,David West,Devin Brown,Emeka Okafor,Peja Stojakovic,3,8:26,DET,foul,,,,,,,,Emeka Okafor,,Jason Maxiell,,,,,,shooting,,
Ben Wallace,Chucky Atkins,Jason Maxiell,Jonas Jerebko,Rodney Stuckey,Chris Paul,David West,Devin Brown,Emeka Okafor,Peja Stojakovic,3,8:26,NOH,free throw,,,,,,,1,,2,Emeka Okafor,,,foul,missed,,,,
Ben Wallace,Chucky Atkins,Jason Maxiell,Jonas Jerebko,Rodney Stuckey,Chris Paul,David West,Devin Brown,Emeka Okafor,Peja Stojakovic,3,8:26,NOH,rebound,,,,,,,,,,,,,,,,,,
Ben Wallace,Chucky Atkins,Jason Maxiell,Jonas Jerebko,Rodney Stuckey,Chris Paul,David West,Devin Brown,Emeka Okafor,Peja Stojakovic,3,8:26,NOH,free throw,,,,,,,2,,2,Emeka Okafor,,,foul,made,,,,
Ben Wallace,Chucky Atkins,Jason Maxiell,Jonas Jerebko,Rodney Stuckey,Chris Paul,David West,Devin Brown,Emeka Okafor,Peja Stojakovic,3,8:05,DET,shot,Rodney Stuckey,,,,,,,,,Jason Maxiell,2,,,made,,layup,25,6
Ben Wallace,Chucky Atkins,Jason Maxiell,Jonas Jerebko,Rodney Stuckey,Chris Paul,David West,Devin Brown,Emeka Okafor,Peja Stojakovic,3,7:41,NOH,turnover,,,,,,,,,,David West,,,bad pass,,Jonas Jerebko,,,
Ben Wallace,Chucky Atkins,Jason Maxiell,Jonas Jerebko,Rodney Stuckey,Chris Paul,David West,Devin Brown,Emeka Okafor,Peja Stojakovic,3,7:33,DET,shot,,,,,,,,,,Chucky Atkins,,,,missed,,jump,43,6
Ben Wallace,Chucky Atkins,Jason Maxiell,Jonas Jerebko,Rodney Stuckey,Chris Paul,David West,Devin Brown,Emeka Okafor,Peja Stojakovic,3,7:32,NOH,rebound,,,,,,,,,,David West,,,,,,def,,
Ben Wallace,Chucky Atkins,Jason Maxiell,Jonas Jerebko,Rodney Stuckey,Chris Paul,David West,Devin Brown,Emeka Okafor,Peja Stojakovic,3,7:20,NOH,shot,,,,,,,,,,Devin Brown,,,,missed,,3pt,1,6
Ben Wallace,Chucky Atkins,Jason Maxiell,Jonas Jerebko,Rodney Stuckey,Chris Paul,David West,Devin Brown,Emeka Okafor,Peja Stojakovic,3,7:19,DET,rebound,,,,,,,,,,Ben Wallace,,,,,,def,,
Ben Wallace,Chucky Atkins,Jason Maxiell,Jonas Jerebko,Rodney Stuckey,Chris Paul,David West,Devin Brown,Emeka Okafor,Peja Stojakovic,3,6:59,DET,shot,Chucky Atkins,,,,,,,,,Rodney Stuckey,2,,,made,,jump,12,14
Ben Wallace,Chucky Atkins,Jason Maxiell,Jonas Jerebko,Rodney Stuckey,Chris Paul,David West,Devin Brown,Emeka Okafor,Peja Stojakovic,3,6:39,NOH,shot,Chris Paul,,,,,,,,,Emeka Okafor,2,,,made,,alley oop layup,25,6
Ben Wallace,Chucky Atkins,Jason Maxiell,Jonas Jerebko,Rodney Stuckey,Chris Paul,David West,Devin Brown,Emeka Okafor,Peja Stojakovic,3,6:18,DET,shot,,,,,,,,,,Rodney Stuckey,,,,missed,,layup,25,6
Ben Wallace,Chucky Atkins,Jason Maxiell,Jonas Jerebko,Rodney Stuckey,Chris Paul,David West,Devin Brown,Emeka Okafor,Peja Stojakovic,3,6:15,NOH,rebound,,,,,,,,,,,,,,,,,,
Ben Wallace,Chucky Atkins,Jason Maxiell,Jonas Jerebko,Rodney Stuckey,Chris Paul,David West,Devin Brown,Emeka Okafor,Peja Stojakovic,3,6:02,NOH,shot,,,,,,,,,,Chris Paul,2,,,made,,driving layup,25,6
Ben Wallace,Chucky Atkins,Jason Maxiell,Jonas Jerebko,Rodney Stuckey,Chris Paul,David West,Devin Brown,Emeka Okafor,Peja Stojakovic,3,5:38,NOH,foul,,,,,,,,Jason Maxiell,,Chris Paul,,,,,,shooting,,
Ben Wallace,Chucky Atkins,Jason Maxiell,Jonas Jerebko,Rodney Stuckey,Chris Paul,David West,Devin Brown,Emeka Okafor,Peja Stojakovic,3,5:38,NOH,timeout,,,,,,,,,,,,,,,,regular,,
Ben Wallace,Jason Maxiell,Jonas Jerebko,Rodney Stuckey,Will Bynum,Chris Paul,David West,Devin Brown,Emeka Okafor,Peja Stojakovic,3,5:38,DET,sub,,,,Will Bynum,,Chucky Atkins,,,,,,,,,,,,
Ben Wallace,Jason Maxiell,Jonas Jerebko,Rodney Stuckey,Will Bynum,Chris Paul,David West,Devin Brown,Emeka Okafor,Peja Stojakovic,3,5:38,DET,free throw,,,,,,,1,,2,Jason Maxiell,,,foul,made,,,,
Ben Wallace,Jason Maxiell,Jonas Jerebko,Rodney Stuckey,Will Bynum,Chris Paul,David West,Devin Brown,Emeka Okafor,Peja Stojakovic,3,5:38,DET,free throw,,,,,,,2,,2,Jason Maxiell,,,foul,missed,,,,
Ben Wallace,Jason Maxiell,Jonas Jerebko,Rodney Stuckey,Will Bynum,Chris Paul,David West,Devin Brown,Emeka Okafor,Peja Stojakovic,3,5:37,NOH,rebound,,,,,,,,,,Peja Stojakovic,,,,,,def,,
Ben Wallace,Jason Maxiell,Jonas Jerebko,Rodney Stuckey,Will Bynum,Chris Paul,David West,Devin Brown,Emeka Okafor,Peja Stojakovic,3,5:05,NOH,foul,,,,,,,,Jason Maxiell,,David West,,,,,,offensive,,
Ben Wallace,Jason Maxiell,Jonas Jerebko,Rodney Stuckey,Will Bynum,Chris Paul,David West,Devin Brown,Emeka Okafor,Peja Stojakovic,3,5:05,NOH,turnover,,,,,,,,,,David West,,,foul,,,,,
Ben Wallace,Jason Maxiell,Jonas Jerebko,Rodney Stuckey,Will Bynum,Chris Paul,David West,Devin Brown,Emeka Okafor,Peja Stojakovic,3,5:05,DET,turnover,,,,,,,,,,Jonas Jerebko,,,step out of bounds turnover,,,,,
Ben Wallace,Jason Maxiell,Jonas Jerebko,Rodney Stuckey,Will Bynum,Chris Paul,David West,Devin Brown,Emeka Okafor,Peja Stojakovic,3,4:50,NOH,shot,,,,,,,,,,Chris Paul,2,,,made,,driving layup,25,6
Ben Wallace,Jason Maxiell,Jonas Jerebko,Rodney Stuckey,Will Bynum,Chris Paul,David West,Devin Brown,Emeka Okafor,Peja Stojakovic,3,4:31,DET,turnover,,,,,,,,,,Rodney Stuckey,,,lost ball,,Devin Brown,,,
Ben Wallace,Jason Maxiell,Jonas Jerebko,Rodney Stuckey,Will Bynum,Chris Paul,David West,Devin Brown,Emeka Okafor,Peja Stojakovic,3,4:31,DET,foul,,,,,,,,Devin Brown,,Rodney Stuckey,,,,,,loose ball,,
Austin Daye,Ben Wallace,Jonas Jerebko,Rodney Stuckey,Will Bynum,Chris Paul,David West,Devin Brown,Emeka Okafor,Peja Stojakovic,3,4:31,DET,sub,,,,Austin Daye,,Jason Maxiell,,,,,,,,,,,,
Austin Daye,Ben Wallace,Charlie Villanueva,Jonas Jerebko,Will Bynum,Chris Paul,David West,Devin Brown,Emeka Okafor,Peja Stojakovic,3,4:31,DET,sub,,,,Charlie Villanueva,,Rodney Stuckey,,,,,,,,,,,,
Austin Daye,Ben Wallace,Charlie Villanueva,Jonas Jerebko,Will Bynum,Chris Paul,David West,Devin Brown,Emeka Okafor,Peja Stojakovic,3,4:18,NOH,shot,Peja Stojakovic,,,,,,,,,David West,2,,,made,,jump,8,13
Austin Daye,Ben Wallace,Charlie Villanueva,Jonas Jerebko,Will Bynum,Chris Paul,David West,Devin Brown,Emeka Okafor,Peja Stojakovic,3,4:03,NOH,foul,,,,,,,,Charlie Villanueva,,David West,,,,,,shooting,,
Austin Daye,Ben Wallace,Charlie Villanueva,Jonas Jerebko,Will Bynum,Chris Paul,David West,Devin Brown,Emeka Okafor,Peja Stojakovic,3,4:03,DET,free throw,,,,,,,1,,2,Charlie Villanueva,,,foul,made,,,,
Austin Daye,Ben Wallace,Charlie Villanueva,Jonas Jerebko,Will Bynum,Chris Paul,David West,Devin Brown,Emeka Okafor,Peja Stojakovic,3,4:03,DET,free throw,,,,,,,2,,2,Charlie Villanueva,,,foul,missed,,,,
Austin Daye,Ben Wallace,Charlie Villanueva,Jonas Jerebko,Will Bynum,Chris Paul,David West,Devin Brown,Emeka Okafor,Peja Stojakovic,3,4:01,NOH,rebound,,,,,,,,,,Peja Stojakovic,,,,,,def,,
Austin Daye,Ben Wallace,Charlie Villanueva,Jonas Jerebko,Will Bynum,Chris Paul,David West,Devin Brown,Emeka Okafor,Peja Stojakovic,3,3:49,NOH,shot,,,,,,,,,,David West,,,,missed,,jump,20,24
Austin Daye,Ben Wallace,Charlie Villanueva,Jonas Jerebko,Will Bynum,Chris Paul,David West,Devin Brown,Emeka Okafor,Peja Stojakovic,3,3:47,DET,rebound,,,,,,,,,,Charlie Villanueva,,,,,,def,,
Austin Daye,Ben Wallace,Charlie Villanueva,Jonas Jerebko,Will Bynum,Chris Paul,David West,Devin Brown,Emeka Okafor,Peja Stojakovic,3,3:34,DET,turnover,,,,,,,,,,Will Bynum,,,lost ball,,David West,,,
Austin Daye,Ben Wallace,Charlie Villanueva,Jonas Jerebko,Will Bynum,Chris Paul,David West,Devin Brown,Emeka Okafor,Peja Stojakovic,3,3:23,NOH,shot,,,,,,,,,,Devin Brown,,,,missed,,3pt,41,26
Austin Daye,Ben Wallace,Charlie Villanueva,Jonas Jerebko,Will Bynum,Chris Paul,David West,Devin Brown,Emeka Okafor,Peja Stojakovic,3,3:22,DET,rebound,,,,,,,,,,Ben Wallace,,,,,,def,,
Austin Daye,Ben Wallace,Charlie Villanueva,Jonas Jerebko,Will Bynum,Chris Paul,David West,Devin Brown,Emeka Okafor,Peja Stojakovic,3,3:18,DET,timeout,,,,,,,,,,,,,,,,regular,,
Austin Daye,Charlie Villanueva,Chris Wilcox,Jonas Jerebko,Will Bynum,Chris Paul,David West,Devin Brown,Emeka Okafor,Peja Stojakovic,3,3:18,DET,sub,,,,Chris Wilcox,,Ben Wallace,,,,,,,,,,,,
Austin Daye,Charlie Villanueva,Chris Wilcox,Jonas Jerebko,Will Bynum,Chris Paul,David West,Devin Brown,Emeka Okafor,Peja Stojakovic,3,3:01,DET,shot,Will Bynum,,,,,,,,,Charlie Villanueva,2,,,made,,jump,42,9
Austin Daye,Charlie Villanueva,Chris Wilcox,Jonas Jerebko,Will Bynum,Chris Paul,David West,Devin Brown,Emeka Okafor,Peja Stojakovic,3,2:39,NOH,shot,,,,,,,,,,David West,,,,missed,,jump,21,26
Austin Daye,Charlie Villanueva,Chris Wilcox,Jonas Jerebko,Will Bynum,Chris Paul,David West,Devin Brown,Emeka Okafor,Peja Stojakovic,3,2:38,DET,rebound,,,,,,,,,,Will Bynum,,,,,,def,,
Austin Daye,Charlie Villanueva,Chris Wilcox,Jonas Jerebko,Will Bynum,Chris Paul,David West,Devin Brown,Emeka Okafor,Peja Stojakovic,3,2:19,DET,shot,,,,,,,,,,Will Bynum,,,,missed,,jump,18,23
Austin Daye,Charlie Villanueva,Chris Wilcox,Jonas Jerebko,Will Bynum,Chris Paul,David West,Devin Brown,Emeka Okafor,Peja Stojakovic,3,2:16,DET,rebound,,,,,,,,,,Jonas Jerebko,,,,,,off,,
Austin Daye,Charlie Villanueva,Chris Wilcox,Jonas Jerebko,Will Bynum,Chris Paul,David West,Devin Brown,Emeka Okafor,Peja Stojakovic,3,2:03,DET,shot,,,,,,,,,,Charlie Villanueva,2,,,made,,jump,35,20
Austin Daye,Charlie Villanueva,Chris Wilcox,Jonas Jerebko,Will Bynum,Chris Paul,David West,Devin Brown,Emeka Okafor,Peja Stojakovic,3,1:44,NOH,shot,Peja Stojakovic,,,,,,,,,Emeka Okafor,2,,,made,,layup,25,6
Austin Daye,Charlie Villanueva,Chris Wilcox,Jonas Jerebko,Will Bynum,Chris Paul,David West,Devin Brown,Emeka Okafor,Peja Stojakovic,3,1:44,DET,foul,,,,,,,,Emeka Okafor,,Jonas Jerebko,,,,,,shooting,,
Austin Daye,Charlie Villanueva,Chris Wilcox,Jonas Jerebko,Will Bynum,Chris Paul,David West,Emeka Okafor,Marcus Thornton,Peja Stojakovic,3,1:44,NOH,sub,,,,Marcus Thornton,,Devin Brown,,,,,,,,,,,,
Austin Daye,Charlie Villanueva,Chris Wilcox,Jonas Jerebko,Will Bynum,Chris Paul,David West,Emeka Okafor,Marcus Thornton,Peja Stojakovic,3,1:44,NOH,free throw,,,,,,,1,,1,Emeka Okafor,,,foul,missed,,,,
Austin Daye,Charlie Villanueva,Chris Wilcox,Jonas Jerebko,Will Bynum,Chris Paul,David West,Emeka Okafor,Marcus Thornton,Peja Stojakovic,3,1:39,NOH,rebound,,,,,,,,,,David West,,,,,,off,,
Austin Daye,Charlie Villanueva,Chris Wilcox,Jonas Jerebko,Will Bynum,Chris Paul,David West,Emeka Okafor,Marcus Thornton,Peja Stojakovic,3,1:39,NOH,shot,,,,,,,,,,David West,2,,,made,,layup,25,6
Austin Daye,Charlie Villanueva,Chris Wilcox,Jonas Jerebko,Will Bynum,Chris Paul,David West,Emeka Okafor,Marcus Thornton,Peja Stojakovic,3,1:21,DET,shot,,,,,,,,,,Charlie Villanueva,,,,missed,,jump,41,17
Austin Daye,Charlie Villanueva,Chris Wilcox,Jonas Jerebko,Will Bynum,Chris Paul,David West,Emeka Okafor,Marcus Thornton,Peja Stojakovic,3,1:20,DET,rebound,,,,,,,,,,Chris Wilcox,,,,,,off,,
Austin Daye,Charlie Villanueva,Chris Wilcox,Jonas Jerebko,Will Bynum,Chris Paul,David West,Emeka Okafor,Marcus Thornton,Peja Stojakovic,3,1:16,DET,shot,,,,,,,,,,Charlie Villanueva,,,,missed,,layup,25,6
Austin Daye,Charlie Villanueva,Chris Wilcox,Jonas Jerebko,Will Bynum,Chris Paul,David West,Emeka Okafor,Marcus Thornton,Peja Stojakovic,3,1:15,NOH,rebound,,,,,,,,,,David West,,,,,,def,,
Austin Daye,Charlie Villanueva,Chris Wilcox,Jonas Jerebko,Will Bynum,Chris Paul,David West,Emeka Okafor,Marcus Thornton,Peja Stojakovic,3,0:57,DET,foul,,,,,,,,David West,,Chris Wilcox,,,,,,personal,,
Austin Daye,Charlie Villanueva,Chris Wilcox,Jonas Jerebko,Will Bynum,Chris Paul,David West,Emeka Okafor,Marcus Thornton,Peja Stojakovic,3,0:57,NOH,free throw,,,,,,,1,,2,David West,,,foul,made,,,,
Austin Daye,Charlie Villanueva,Chris Wilcox,Jonas Jerebko,Will Bynum,Chris Paul,David West,Emeka Okafor,Marcus Thornton,Peja Stojakovic,3,0:57,NOH,free throw,,,,,,,2,,2,David West,,,foul,made,,,,
Austin Daye,Charlie Villanueva,Chris Wilcox,Jonas Jerebko,Will Bynum,Chris Paul,David West,Emeka Okafor,Marcus Thornton,Peja Stojakovic,3,0:44,DET,shot,Will Bynum,,,,,,,,,Austin Daye,2,,,made,,alley oop dunk,25,6
Austin Daye,Charlie Villanueva,Chris Wilcox,Jonas Jerebko,Will Bynum,Chris Paul,David West,Emeka Okafor,Marcus Thornton,Peja Stojakovic,3,0:32,NOH,shot,,,,,,,,,,Chris Paul,,,,missed,,layup,25,6
Austin Daye,Charlie Villanueva,Chris Wilcox,Jonas Jerebko,Will Bynum,Chris Paul,David West,Emeka Okafor,Marcus Thornton,Peja Stojakovic,3,0:32,NOH,rebound,,,,,,,,,,Emeka Okafor,,,,,,off,,
Austin Daye,Charlie Villanueva,Chris Wilcox,Jonas Jerebko,Will Bynum,Chris Paul,David West,Emeka Okafor,Marcus Thornton,Peja Stojakovic,3,0:32,NOH,shot,,,,,,,,,,Emeka Okafor,2,,,made,,layup,25,6
Austin Daye,Charlie Villanueva,Chris Wilcox,Jonas Jerebko,Will Bynum,Chris Paul,David West,Emeka Okafor,Marcus Thornton,Peja Stojakovic,3,0:16,DET,shot,,,,,,,,,,Will Bynum,2,,,made,,driving layup,25,6
Austin Daye,Charlie Villanueva,Chris Wilcox,Jonas Jerebko,Will Bynum,Chris Paul,David West,Emeka Okafor,Marcus Thornton,Peja Stojakovic,3,0:00,DET,violation,,,,,,,,,,Chris Wilcox,,,,,,defensive goaltending,,
Austin Daye,Charlie Villanueva,Chris Wilcox,Jonas Jerebko,Will Bynum,Chris Paul,David West,Emeka Okafor,Marcus Thornton,Peja Stojakovic,3,0:00,NOH,shot,,,,,,,,,,Chris Paul,2,,,made,,driving layup,25,6
Austin Daye,Charlie Villanueva,Chris Wilcox,Rodney Stuckey,Will Bynum,Chris Paul,Darius Songaila,David West,James Posey,Marcus Thornton,4,11:38,DET,shot,,,,,,,,,,Austin Daye,,,,missed,,jump,40,5
Austin Daye,Charlie Villanueva,Chris Wilcox,Rodney Stuckey,Will Bynum,Chris Paul,Darius Songaila,David West,James Posey,Marcus Thornton,4,11:36,NOH,rebound,,,,,,,,,,Darius Songaila,,,,,,def,,
Austin Daye,Charlie Villanueva,Chris Wilcox,Rodney Stuckey,Will Bynum,Chris Paul,Darius Songaila,David West,James Posey,Marcus Thornton,4,11:18,NOH,shot,,,,,,,,,,Darius Songaila,,,,missed,,jump,11,12
Austin Daye,Charlie Villanueva,Chris Wilcox,Rodney Stuckey,Will Bynum,Chris Paul,Darius Songaila,David West,James Posey,Marcus Thornton,4,11:17,NOH,rebound,,,,,,,,,,David West,,,,,,off,,
Austin Daye,Charlie Villanueva,Chris Wilcox,Rodney Stuckey,Will Bynum,Chris Paul,Darius Songaila,David West,James Posey,Marcus Thornton,4,11:14,NOH,shot,,,,,,,,,,James Posey,,,,missed,,3pt,43,24
Austin Daye,Charlie Villanueva,Chris Wilcox,Rodney Stuckey,Will Bynum,Chris Paul,Darius Songaila,David West,James Posey,Marcus Thornton,4,11:14,DET,rebound,,,,,,,,,,,,,,,,,,
Austin Daye,Charlie Villanueva,Chris Wilcox,Rodney Stuckey,Will Bynum,Chris Paul,Darius Songaila,David West,James Posey,Marcus Thornton,4,10:55,DET,shot,,,,,,,,,,Rodney Stuckey,,,,missed,,jump,18,18
Austin Daye,Charlie Villanueva,Chris Wilcox,Rodney Stuckey,Will Bynum,Chris Paul,Darius Songaila,David West,James Posey,Marcus Thornton,4,10:53,NOH,rebound,,,,,,,,,,Darius Songaila,,,,,,def,,
Austin Daye,Charlie Villanueva,Chris Wilcox,Rodney Stuckey,Will Bynum,Chris Paul,Darius Songaila,David West,James Posey,Marcus Thornton,4,10:46,DET,foul,,,,,,,,Chris Paul,,Austin Daye,,,,,,shooting,,
Austin Daye,Charlie Villanueva,Chris Wilcox,Rodney Stuckey,Will Bynum,Chris Paul,Darius Songaila,David West,James Posey,Marcus Thornton,4,10:46,NOH,free throw,,,,,,,1,,2,Chris Paul,,,foul,made,,,,
Austin Daye,Charlie Villanueva,Chris Wilcox,Rodney Stuckey,Will Bynum,Chris Paul,Darius Songaila,David West,James Posey,Marcus Thornton,4,10:46,NOH,free throw,,,,,,,2,,2,Chris Paul,,,foul,made,,,,
Austin Daye,Charlie Villanueva,Chris Wilcox,Rodney Stuckey,Will Bynum,Chris Paul,Darius Songaila,David West,James Posey,Marcus Thornton,4,10:26,NOH,foul,,,,,,,,Austin Daye,,Darius Songaila,,,,,,personal,,
Austin Daye,Charlie Villanueva,Chris Wilcox,Rodney Stuckey,Will Bynum,Chris Paul,Darius Songaila,David West,James Posey,Marcus Thornton,4,10:24,DET,foul,,,,,,,,Chris Paul,,Charlie Villanueva,,,,,,offensive,,
Austin Daye,Charlie Villanueva,Chris Wilcox,Rodney Stuckey,Will Bynum,Chris Paul,Darius Songaila,David West,James Posey,Marcus Thornton,4,10:24,DET,turnover,,,,,,,,,,Charlie Villanueva,,,foul,,,,,
Austin Daye,Ben Wallace,Charlie Villanueva,Rodney Stuckey,Will Bynum,Chris Paul,Darius Songaila,David West,James Posey,Marcus Thornton,4,10:24,DET,sub,,,,Ben Wallace,,Chris Wilcox,,,,,,,,,,,,
Austin Daye,Ben Wallace,Charlie Villanueva,Rodney Stuckey,Will Bynum,Chris Paul,Darius Songaila,David West,James Posey,Marcus Thornton,4,10:07,NOH,shot,,,,,,,,,,Marcus Thornton,,,,missed,,3pt,3,20
Austin Daye,Ben Wallace,Charlie Villanueva,Rodney Stuckey,Will Bynum,Chris Paul,Darius Songaila,David West,James Posey,Marcus Thornton,4,10:06,DET,rebound,,,,,,,,,,Austin Daye,,,,,,def,,
Austin Daye,Ben Wallace,Charlie Villanueva,Rodney Stuckey,Will Bynum,Chris Paul,Darius Songaila,David West,James Posey,Marcus Thornton,4,10:01,NOH,foul,,,,,,,,Rodney Stuckey,,Marcus Thornton,,,,,,personal,,
Austin Daye,Ben Wallace,Charlie Villanueva,Rodney Stuckey,Will Bynum,Chris Paul,Darius Songaila,David West,James Posey,Marcus Thornton,4,9:52,DET,shot,,,Chris Paul,,,,,,,Rodney Stuckey,,,,missed,,layup,25,6
Austin Daye,Ben Wallace,Charlie Villanueva,Rodney Stuckey,Will Bynum,Chris Paul,Darius Songaila,David West,James Posey,Marcus Thornton,4,9:51,DET,rebound,,,,,,,,,,,,,,,,,,
Austin Daye,Ben Wallace,Charlie Villanueva,Rodney Stuckey,Will Bynum,Chris Paul,Darius Songaila,David West,James Posey,Marcus Thornton,4,9:44,DET,shot,,,,,,,,,,Rodney Stuckey,2,,,made,,jump,24,20
Austin Daye,Ben Wallace,Charlie Villanueva,Rodney Stuckey,Will Bynum,Chris Paul,Darius Songaila,David West,James Posey,Marcus Thornton,4,9:44,NOH,foul,,,,,,,,Rodney Stuckey,,Marcus Thornton,,,,,,shooting,,
Austin Daye,Ben Wallace,Charlie Villanueva,Rodney Stuckey,Will Bynum,Chris Paul,Darius Songaila,David West,Devin Brown,James Posey,4,9:44,NOH,sub,,,,Devin Brown,,Marcus Thornton,,,,,,,,,,,,
Austin Daye,Ben Wallace,Charlie Villanueva,Rodney Stuckey,Will Bynum,Chris Paul,Darius Songaila,David West,Devin Brown,James Posey,4,9:44,DET,free throw,,,,,,,1,,1,Rodney Stuckey,,,foul,missed,,,,
Austin Daye,Ben Wallace,Charlie Villanueva,Rodney Stuckey,Will Bynum,Chris Paul,Darius Songaila,David West,Devin Brown,James Posey,4,9:43,NOH,rebound,,,,,,,,,,James Posey,,,,,,def,,
Austin Daye,Ben Wallace,Charlie Villanueva,Rodney Stuckey,Will Bynum,Chris Paul,Darius Songaila,David West,Devin Brown,James Posey,4,9:29,NOH,shot,Chris Paul,,,,,,,,,David West,2,,,made,,driving dunk,25,6
Austin Daye,Ben Wallace,Charlie Villanueva,Rodney Stuckey,Will Bynum,Chris Paul,Darius Songaila,David West,Devin Brown,James Posey,4,9:05,DET,foul,,,,,,,,James Posey,,Ben Wallace,,,,,,offensive,,
Austin Daye,Ben Wallace,Charlie Villanueva,Rodney Stuckey,Will Bynum,Chris Paul,Darius Songaila,David West,Devin Brown,James Posey,4,9:05,DET,turnover,,,,,,,,,,Ben Wallace,,,foul,,,,,
Austin Daye,Ben Wallace,Charlie Villanueva,Chucky Atkins,Rodney Stuckey,Chris Paul,Darius Songaila,David West,Devin Brown,James Posey,4,9:05,DET,sub,,,,Chucky Atkins,,Will Bynum,,,,,,,,,,,,
Austin Daye,Ben Wallace,Charlie Villanueva,Chucky Atkins,Rodney Stuckey,Chris Paul,Darius Songaila,David West,Devin Brown,James Posey,4,8:46,NOH,shot,,,,,,,,,,David West,,,,missed,,jump,12,11
Austin Daye,Ben Wallace,Charlie Villanueva,Chucky Atkins,Rodney Stuckey,Chris Paul,Darius Songaila,David West,Devin Brown,James Posey,4,8:45,DET,rebound,,,,,,,,,,Ben Wallace,,,,,,def,,
Austin Daye,Ben Wallace,Charlie Villanueva,Chucky Atkins,Rodney Stuckey,Chris Paul,Darius Songaila,David West,Devin Brown,James Posey,4,8:23,DET,turnover,,,,,,,,,,,,,shot clock turnover,,,,,
Austin Daye,Ben Wallace,Charlie Villanueva,Chucky Atkins,Rodney Stuckey,Chris Paul,Darius Songaila,David West,Devin Brown,James Posey,4,8:23,NOH,timeout,,,,,,,,,,,,,,,,official,,
Austin Daye,Ben Wallace,Charlie Villanueva,Chucky Atkins,Rodney Stuckey,Chris Paul,Darius Songaila,David West,Devin Brown,James Posey,4,8:12,NOH,shot,,,,,,,,,,David West,2,,,made,,layup,25,6
Austin Daye,Ben Wallace,Charlie Villanueva,Chucky Atkins,Rodney Stuckey,Chris Paul,Darius Songaila,David West,Devin Brown,James Posey,4,7:57,NOH,foul,,,,,,,,Rodney Stuckey,,Darius Songaila,,,,,,personal,,
Austin Daye,Ben Wallace,Charlie Villanueva,Chucky Atkins,Rodney Stuckey,Chris Paul,Darius Songaila,David West,Devin Brown,James Posey,4,7:51,DET,foul,,,,,,,,Chris Paul,,Chucky Atkins,,,,,,offensive,,
Austin Daye,Ben Wallace,Charlie Villanueva,Chucky Atkins,Rodney Stuckey,Chris Paul,Darius Songaila,David West,Devin Brown,James Posey,4,7:51,DET,turnover,,,,,,,,,,Chucky Atkins,,,foul,,,,,
Austin Daye,Ben Wallace,Charlie Villanueva,Chucky Atkins,Rodney Stuckey,Chris Paul,Darius Songaila,David West,Devin Brown,James Posey,4,7:43,NOH,turnover,,,,,,,,,,Chris Paul,,,bad pass,,Ben Wallace,,,
Austin Daye,Ben Wallace,Charlie Villanueva,Chucky Atkins,Rodney Stuckey,Chris Paul,Darius Songaila,David West,Devin Brown,James Posey,4,7:21,DET,shot,,,,,,,,,,Rodney Stuckey,2,,,made,,jump,26,26
Austin Daye,Ben Wallace,Charlie Villanueva,Chucky Atkins,Rodney Stuckey,Chris Paul,Darius Songaila,David West,Devin Brown,James Posey,4,6:54,NOH,turnover,,,,,,,,,,Darius Songaila,,,lost ball,,Rodney Stuckey,,,
Austin Daye,Ben Wallace,Charlie Villanueva,Chucky Atkins,Rodney Stuckey,Chris Paul,Darius Songaila,David West,Devin Brown,James Posey,4,6:38,NOH,foul,,,,,,,,Rodney Stuckey,,Chris Paul,,,,,,shooting,,
Austin Daye,Ben Wallace,Charlie Villanueva,Chucky Atkins,Rodney Stuckey,Chris Paul,Darius Songaila,David West,Devin Brown,James Posey,4,6:38,DET,free throw,,,,,,,1,,2,Rodney Stuckey,,,foul,made,,,,
Austin Daye,Ben Wallace,Charlie Villanueva,Chucky Atkins,Rodney Stuckey,Chris Paul,Darius Songaila,David West,Devin Brown,James Posey,4,6:38,DET,free throw,,,,,,,2,,2,Rodney Stuckey,,,foul,made,,,,
Austin Daye,Ben Wallace,Charlie Villanueva,Chucky Atkins,Rodney Stuckey,Chris Paul,Darius Songaila,David West,Devin Brown,James Posey,4,6:20,NOH,shot,,,,,,,,,,David West,,,,missed,,jump,23,20
Austin Daye,Ben Wallace,Charlie Villanueva,Chucky Atkins,Rodney Stuckey,Chris Paul,Darius Songaila,David West,Devin Brown,James Posey,4,6:19,DET,rebound,,,,,,,,,,Charlie Villanueva,,,,,,def,,
Austin Daye,Ben Wallace,Charlie Villanueva,Chucky Atkins,Rodney Stuckey,Chris Paul,Darius Songaila,David West,Devin Brown,James Posey,4,6:01,DET,shot,,,,,,,,,,Charlie Villanueva,,,,missed,,jump,38,18
Austin Daye,Ben Wallace,Charlie Villanueva,Chucky Atkins,Rodney Stuckey,Chris Paul,Darius Songaila,David West,Devin Brown,James Posey,4,6:00,NOH,rebound,,,,,,,,,,David West,,,,,,def,,
Austin Daye,Ben Wallace,Charlie Villanueva,Chucky Atkins,Rodney Stuckey,Chris Paul,Darius Songaila,David West,Devin Brown,James Posey,4,5:49,NOH,shot,,,,,,,,,,Chris Paul,,,,missed,,layup,25,6
Austin Daye,Ben Wallace,Charlie Villanueva,Chucky Atkins,Rodney Stuckey,Chris Paul,Darius Songaila,David West,Devin Brown,James Posey,4,5:48,NOH,rebound,,,,,,,,,,Darius Songaila,,,,,,off,,
Austin Daye,Ben Wallace,Charlie Villanueva,Chucky Atkins,Rodney Stuckey,Chris Paul,Darius Songaila,David West,Devin Brown,James Posey,4,5:48,NOH,shot,,,,,,,,,,Darius Songaila,2,,,made,,putback layup,25,6
Austin Daye,Ben Wallace,Charlie Villanueva,Chucky Atkins,Rodney Stuckey,Chris Paul,Darius Songaila,David West,Devin Brown,James Posey,4,5:20,DET,shot,,,,,,,,,,Austin Daye,,,,missed,,3pt,11,27
Austin Daye,Ben Wallace,Charlie Villanueva,Chucky Atkins,Rodney Stuckey,Chris Paul,Darius Songaila,David West,Devin Brown,James Posey,4,5:19,DET,rebound,,,,,,,,,,Chucky Atkins,,,,,,off,,
Austin Daye,Ben Wallace,Charlie Villanueva,Chucky Atkins,Rodney Stuckey,Chris Paul,Darius Songaila,David West,Devin Brown,James Posey,4,5:03,DET,shot,,,,,,,,,,Charlie Villanueva,,,,missed,,3pt,22,31
Austin Daye,Ben Wallace,Charlie Villanueva,Chucky Atkins,Rodney Stuckey,Chris Paul,Darius Songaila,David West,Devin Brown,James Posey,4,5:01,NOH,rebound,,,,,,,,,,David West,,,,,,def,,
Austin Daye,Ben Wallace,Charlie Villanueva,Chucky Atkins,Rodney Stuckey,Chris Paul,Darius Songaila,David West,Devin Brown,James Posey,4,4:51,NOH,shot,,,,,,,,,,Devin Brown,,,,missed,,3pt,39,26
Austin Daye,Ben Wallace,Charlie Villanueva,Chucky Atkins,Rodney Stuckey,Chris Paul,Darius Songaila,David West,Devin Brown,James Posey,4,4:50,NOH,rebound,,,,,,,,,,David West,,,,,,off,,
Austin Daye,Ben Wallace,Charlie Villanueva,Chucky Atkins,Rodney Stuckey,Chris Paul,Darius Songaila,David West,Devin Brown,James Posey,4,4:42,NOH,shot,,,,,,,,,,Devin Brown,,,,missed,,3pt,34,29
Austin Daye,Ben Wallace,Charlie Villanueva,Chucky Atkins,Rodney Stuckey,Chris Paul,Darius Songaila,David West,Devin Brown,James Posey,4,4:41,DET,rebound,,,,,,,,,,Charlie Villanueva,,,,,,def,,
Austin Daye,Ben Wallace,Charlie Villanueva,Chucky Atkins,Rodney Stuckey,Chris Paul,Darius Songaila,David West,Devin Brown,James Posey,4,4:35,DET,timeout,,,,,,,,,,,,,,,,regular,,
Austin Daye,Ben Wallace,Charlie Villanueva,Rodney Stuckey,Will Bynum,Chris Paul,Darius Songaila,David West,Devin Brown,James Posey,4,4:35,DET,sub,,,,Will Bynum,,Chucky Atkins,,,,,,,,,,,,
Austin Daye,Ben Wallace,Charlie Villanueva,Rodney Stuckey,Will Bynum,Chris Paul,Darius Songaila,David West,James Posey,Peja Stojakovic,4,4:35,NOH,sub,,,,Peja Stojakovic,,Devin Brown,,,,,,,,,,,,
Austin Daye,Ben Wallace,Charlie Villanueva,Rodney Stuckey,Will Bynum,Chris Paul,Darius Songaila,David West,James Posey,Peja Stojakovic,4,4:35,NOH,timeout,,,,,,,,,,,,,,,,regular,,
Austin Daye,Ben Wallace,Charlie Villanueva,Rodney Stuckey,Will Bynum,Chris Paul,Darius Songaila,David West,James Posey,Peja Stojakovic,4,4:23,DET,shot,,,,,,,,,,Rodney Stuckey,,,,missed,,jump,15,24
Austin Daye,Ben Wallace,Charlie Villanueva,Rodney Stuckey,Will Bynum,Chris Paul,Darius Songaila,David West,James Posey,Peja Stojakovic,4,4:22,NOH,rebound,,,,,,,,,,Chris Paul,,,,,,def,,
Austin Daye,Ben Wallace,Charlie Villanueva,Rodney Stuckey,Will Bynum,Chris Paul,Darius Songaila,David West,James Posey,Peja Stojakovic,4,4:01,NOH,shot,,,,,,,,,,James Posey,,,,missed,,layup,25,6
Austin Daye,Ben Wallace,Charlie Villanueva,Rodney Stuckey,Will Bynum,Chris Paul,Darius Songaila,David West,James Posey,Peja Stojakovic,4,4:00,DET,rebound,,,,,,,,,,Ben Wallace,,,,,,def,,
Austin Daye,Ben Wallace,Charlie Villanueva,Rodney Stuckey,Will Bynum,Chris Paul,Darius Songaila,David West,James Posey,Peja Stojakovic,4,3:54,DET,shot,,,,,,,,,,Rodney Stuckey,2,,,made,,driving layup,25,6
Austin Daye,Ben Wallace,Charlie Villanueva,Rodney Stuckey,Will Bynum,Chris Paul,Darius Songaila,David West,James Posey,Peja Stojakovic,4,3:52,NOH,timeout,,,,,,,,,,,,,,,,short,,
Ben Wallace,Charlie Villanueva,Jonas Jerebko,Rodney Stuckey,Will Bynum,Chris Paul,Darius Songaila,David West,James Posey,Peja Stojakovic,4,3:52,DET,sub,,,,Jonas Jerebko,,Austin Daye,,,,,,,,,,,,
Ben Wallace,Charlie Villanueva,Jonas Jerebko,Rodney Stuckey,Will Bynum,Chris Paul,Darius Songaila,David West,James Posey,Peja Stojakovic,4,3:33,NOH,shot,,,,,,,,,,Peja Stojakovic,,,,missed,,3pt,2,9
Ben Wallace,Charlie Villanueva,Jonas Jerebko,Rodney Stuckey,Will Bynum,Chris Paul,Darius Songaila,David West,James Posey,Peja Stojakovic,4,3:32,NOH,rebound,,,,,,,,,,,,,,,,,,
Ben Wallace,Charlie Villanueva,Jonas Jerebko,Rodney Stuckey,Will Bynum,Chris Paul,Darius Songaila,David West,James Posey,Peja Stojakovic,4,3:23,NOH,shot,Chris Paul,,,,,,,,,Peja Stojakovic,3,,,made,,3pt,5,21
Ben Wallace,Charlie Villanueva,Jonas Jerebko,Rodney Stuckey,Will Bynum,Chris Paul,Darius Songaila,David West,James Posey,Peja Stojakovic,4,2:56,DET,shot,,,,,,,,,,Rodney Stuckey,,,,missed,,jump,15,24
Ben Wallace,Charlie Villanueva,Jonas Jerebko,Rodney Stuckey,Will Bynum,Chris Paul,Darius Songaila,David West,James Posey,Peja Stojakovic,4,2:55,NOH,rebound,,,,,,,,,,Peja Stojakovic,,,,,,def,,
Ben Wallace,Charlie Villanueva,Jonas Jerebko,Rodney Stuckey,Will Bynum,Chris Paul,Darius Songaila,David West,James Posey,Peja Stojakovic,4,2:32,NOH,shot,,,,,,,,,,Chris Paul,2,,,made,,jump,28,20
Ben Wallace,Charlie Villanueva,Jonas Jerebko,Rodney Stuckey,Will Bynum,Chris Paul,Darius Songaila,David West,James Posey,Peja Stojakovic,4,2:06,DET,shot,Charlie Villanueva,,,,,,,,,Ben Wallace,2,,,made,,reverse layup,25,6
Ben Wallace,Charlie Villanueva,Jonas Jerebko,Rodney Stuckey,Will Bynum,Chris Paul,Darius Songaila,David West,James Posey,Peja Stojakovic,4,1:54,NOH,shot,Chris Paul,,,,,,,,,David West,2,,,made,,layup,25,6
Ben Wallace,Charlie Villanueva,Jonas Jerebko,Rodney Stuckey,Will Bynum,Chris Paul,Darius Songaila,David West,James Posey,Peja Stojakovic,4,1:34,DET,turnover,,,,,,,,,,Rodney Stuckey,,,bad pass,,Darius Songaila,,,
Ben Wallace,Charlie Villanueva,Jonas Jerebko,Rodney Stuckey,Will Bynum,Chris Paul,Darius Songaila,David West,James Posey,Peja Stojakovic,4,1:25,NOH,shot,,,,,,,,,,James Posey,,,,missed,,3pt,5,22
Ben Wallace,Charlie Villanueva,Jonas Jerebko,Rodney Stuckey,Will Bynum,Chris Paul,Darius Songaila,David West,James Posey,Peja Stojakovic,4,1:23,NOH,rebound,,,,,,,,,,Darius Songaila,,,,,,off,,
Ben Wallace,Charlie Villanueva,Jonas Jerebko,Rodney Stuckey,Will Bynum,Chris Paul,Darius Songaila,David West,James Posey,Peja Stojakovic,4,1:03,NOH,shot,Chris Paul,,,,,,,,,David West,2,,,made,,jump,41,15
Ben Wallace,Charlie Villanueva,Jonas Jerebko,Rodney Stuckey,Will Bynum,Chris Paul,Darius Songaila,David West,James Posey,Peja Stojakovic,4,1:03,DET,timeout,,,,,,,,,,,,,,,,regular,,
Ben Wallace,Charlie Villanueva,Jonas Jerebko,Rodney Stuckey,Will Bynum,Chris Paul,Darius Songaila,David West,Devin Brown,James Posey,4,1:03,NOH,sub,,,,Devin Brown,,Peja Stojakovic,,,,,,,,,,,,
Ben Wallace,Charlie Villanueva,Jonas Jerebko,Rodney Stuckey,Will Bynum,Chris Paul,Darius Songaila,David West,Devin Brown,James Posey,4,0:56,DET,shot,,,,,,,,,,Rodney Stuckey,,,,missed,,layup,25,6
Ben Wallace,Charlie Villanueva,Jonas Jerebko,Rodney Stuckey,Will Bynum,Chris Paul,Darius Songaila,David West,Devin Brown,James Posey,4,0:55,DET,rebound,,,,,,,,,,Ben Wallace,,,,,,off,,
Ben Wallace,Charlie Villanueva,Jonas Jerebko,Rodney Stuckey,Will Bynum,Chris Paul,Darius Songaila,David West,Devin Brown,James Posey,4,0:52,DET,shot,,,,,,,,,,Ben Wallace,,,,missed,,layup,25,6
Ben Wallace,Charlie Villanueva,Jonas Jerebko,Rodney Stuckey,Will Bynum,Chris Paul,Darius Songaila,David West,Devin Brown,James Posey,4,0:50,NOH,rebound,,,,,,,,,,Darius Songaila,,,,,,def,,
Ben Wallace,Charlie Villanueva,Jonas Jerebko,Rodney Stuckey,Will Bynum,Chris Paul,Darius Songaila,David West,Devin Brown,James Posey,4,0:47,DET,foul,,,,,,,,James Posey,,Will Bynum,,,,,,shooting,,
Ben Wallace,Charlie Villanueva,Jonas Jerebko,Rodney Stuckey,Will Bynum,Chris Paul,Darius Songaila,David West,Devin Brown,James Posey,4,0:47,NOH,free throw,,,,,,,1,,2,James Posey,,,foul,made,,,,
Ben Wallace,Charlie Villanueva,Jonas Jerebko,Rodney Stuckey,Will Bynum,Chris Paul,Darius Songaila,David West,Devin Brown,James Posey,4,0:47,NOH,free throw,,,,,,,2,,2,James Posey,,,foul,made,,,,
Ben Wallace,Charlie Villanueva,Jonas Jerebko,Rodney Stuckey,Will Bynum,Chris Paul,Darius Songaila,David West,Devin Brown,James Posey,4,0:39,NOH,foul,,,,,,,,Will Bynum,,Darius Songaila,,,,,,personal,,
Ben Wallace,Charlie Villanueva,Jonas Jerebko,Rodney Stuckey,Will Bynum,Chris Paul,Darius Songaila,David West,Devin Brown,James Posey,4,0:39,DET,free throw,,,,,,,1,,2,Will Bynum,,,foul,made,,,,
Ben Wallace,Charlie Villanueva,Jonas Jerebko,Rodney Stuckey,Will Bynum,Chris Paul,Darius Songaila,David West,Devin Brown,James Posey,4,0:39,DET,free throw,,,,,,,2,,2,Will Bynum,,,foul,made,,,,
Ben Wallace,Charlie Villanueva,Jonas Jerebko,Rodney Stuckey,Will Bynum,Chris Paul,Darius Songaila,David West,Devin Brown,James Posey,4,0:31,DET,foul,,,,,,,,Chris Paul,,Ben Wallace,,,,,,personal,,
Ben Wallace,Charlie Villanueva,Jonas Jerebko,Rodney Stuckey,Will Bynum,Chris Paul,Darius Songaila,David West,Devin Brown,James Posey,4,0:31,NOH,free throw,,,,,,,1,,2,Chris Paul,,,foul,made,,,,
Ben Wallace,Charlie Villanueva,Jonas Jerebko,Rodney Stuckey,Will Bynum,Chris Paul,Darius Songaila,David West,Devin Brown,James Posey,4,0:31,NOH,free throw,,,,,,,2,,2,Chris Paul,,,foul,made,,,,
Ben Wallace,Charlie Villanueva,Jonas Jerebko,Rodney Stuckey,Will Bynum,Chris Paul,Darius Songaila,David West,Devin Brown,James Posey,4,0:31,DET,timeout,,,,,,,,,,,,,,,,short,,
Austin Daye,Ben Wallace,Charlie Villanueva,Rodney Stuckey,Will Bynum,Chris Paul,Darius Songaila,David West,Devin Brown,James Posey,4,0:31,DET,sub,,,,Austin Daye,,Jonas Jerebko,,,,,,,,,,,,
Austin Daye,Ben Wallace,Charlie Villanueva,Rodney Stuckey,Will Bynum,Chris Paul,Darius Songaila,David West,Devin Brown,James Posey,4,0:26,DET,shot,,,,,,,,,,Charlie Villanueva,,,,missed,,3pt,46,23
Austin Daye,Ben Wallace,Charlie Villanueva,Rodney Stuckey,Will Bynum,Chris Paul,Darius Songaila,David West,Devin Brown,James Posey,4,0:25,DET,rebound,,,,,,,,,,Ben Wallace,,,,,,off,,
Austin Daye,Ben Wallace,Charlie Villanueva,Rodney Stuckey,Will Bynum,Chris Paul,Darius Songaila,David West,Devin Brown,James Posey,4,0:20,DET,shot,,,,,,,,,,Will Bynum,,,,missed,,3pt,48,8
Austin Daye,Ben Wallace,Charlie Villanueva,Rodney Stuckey,Will Bynum,Chris Paul,Darius Songaila,David West,Devin Brown,James Posey,4,0:20,NOH,rebound,,,,,,,,,,Chris Paul,,,,,,def,,
Austin Daye,Ben Wallace,Charlie Villanueva,Rodney Stuckey,Will Bynum,Chris Paul,Darius Songaila,David West,Devin Brown,James Posey,4,0:20,DET,foul,,,,,,,,Chris Paul,,Ben Wallace,,,,,,personal,,
Austin Daye,Ben Wallace,Charlie Villanueva,Rodney Stuckey,Will Bynum,Chris Paul,Darius Songaila,David West,Devin Brown,James Posey,4,0:20,NOH,free throw,,,,,,,1,,2,Chris Paul,,,foul,made,,,,
Austin Daye,Ben Wallace,Charlie Villanueva,Rodney Stuckey,Will Bynum,Chris Paul,Darius Songaila,David West,Devin Brown,James Posey,4,0:20,NOH,free throw,,,,,,,2,,2,Chris Paul,,,foul,made,,,,
Austin Daye,Ben Wallace,Charlie Villanueva,Rodney Stuckey,Will Bynum,Chris Paul,Darius Songaila,David West,Devin Brown,James Posey,4,0:20,DET,timeout,,,,,,,,,,,,,,,,short,,
Austin Daye,Ben Wallace,Charlie Villanueva,Rodney Stuckey,Will Bynum,Chris Paul,Darius Songaila,David West,Devin Brown,James Posey,4,0:15,DET,shot,,,,,,,,,,Will Bynum,,,,missed,,layup,25,6
Austin Daye,Ben Wallace,Charlie Villanueva,Rodney Stuckey,Will Bynum,Chris Paul,Darius Songaila,David West,Devin Brown,James Posey,4,0:14,DET,rebound,,,,,,,,,,Rodney Stuckey,,,,,,off,,
Austin Daye,Ben Wallace,Charlie Villanueva,Rodney Stuckey,Will Bynum,Chris Paul,Darius Songaila,David West,Devin Brown,James Posey,4,0:14,DET,shot,,,,,,,,,,Rodney Stuckey,,,,missed,,tip,25,6
Austin Daye,Ben Wallace,Charlie Villanueva,Rodney Stuckey,Will Bynum,Chris Paul,Darius Songaila,David West,Devin Brown,James Posey,4,0:12,NOH,rebound,,,,,,,,,,Devin Brown,,,,,,def,,
Austin Daye,Ben Wallace,Charlie Villanueva,Rodney Stuckey,Will Bynum,Chris Paul,Darius Songaila,David West,Devin Brown,James Posey,4,0:12,DET,foul,,,,,,,,Devin Brown,,Will Bynum,,,,,,personal,,
Austin Daye,Ben Wallace,Charlie Villanueva,Rodney Stuckey,Will Bynum,Chris Paul,Darius Songaila,David West,Devin Brown,James Posey,4,0:12,NOH,free throw,,,,,,,1,,2,Devin Brown,,,foul,made,,,,
Austin Daye,Ben Wallace,Charlie Villanueva,Rodney Stuckey,Will Bynum,Chris Paul,Darius Songaila,David West,Devin Brown,James Posey,4,0:12,NOH,free throw,,,,,,,2,,2,Devin Brown,,,foul,made,,,,
Austin Daye,Ben Wallace,Charlie Villanueva,Rodney Stuckey,Will Bynum,Chris Paul,Darius Songaila,David West,Devin Brown,James Posey,4,0:03,DET,shot,,,,,,,,,,Austin Daye,,,,missed,,layup,25,6
Austin Daye,Ben Wallace,Charlie Villanueva,Rodney Stuckey,Will Bynum,Chris Paul,Darius Songaila,David West,Devin Brown,James Posey,4,0:03,DET,rebound,,,,,,,,,,Ben Wallace,,,,,,off,,
Austin Daye,Ben Wallace,Charlie Villanueva,Rodney Stuckey,Will Bynum,Chris Paul,Darius Songaila,David West,Devin Brown,James Posey,4,0:03,DET,shot,,,,,,,,,,Ben Wallace,2,,,made,,tip,25,6
