a1,a2,a3,a4,a5,h1,h2,h3,h4,h5,period,time,team,etype,assist,away,block,entered,home,left,num,opponent,outof,player,points,possession,reason,result,steal,type,x,y
Darren Collison,David West,Devin Brown,Emeka Okafor,Peja Stojakovic,Al Horford,Joe Johnson,Josh Smith,Marvin Williams,Mike Bibby,1,12:00,OFF,jump ball,,Emeka Okafor,,,Josh Smith,,,,,,,Darren Collison,,,,,,
Darren Collison,David West,Devin Brown,Emeka Okafor,Peja Stojakovic,Al Horford,Joe Johnson,Josh Smith,Marvin Williams,Mike Bibby,1,11:42,NOH,shot,Darren Collison,,,,,,,,,Peja Stojakovic,3,,,made,,3pt,19,30
Darren Collison,David West,Devin Brown,Emeka Okafor,Peja Stojakovic,Al Horford,Joe Johnson,Josh Smith,Marvin Williams,Mike Bibby,1,11:23,ATL,shot,,,,,,,,,,Joe Johnson,2,,,made,,driving layup,26,5
Darren Collison,David West,Devin Brown,Emeka Okafor,Peja Stojakovic,Al Horford,Joe Johnson,Josh Smith,Marvin Williams,Mike Bibby,1,11:10,NOH,shot,,,,,,,,,,Emeka Okafor,,,,missed,,hook,28,11
Darren Collison,David West,Devin Brown,Emeka Okafor,Peja Stojakovic,Al Horford,Joe Johnson,Josh Smith,Marvin Williams,Mike Bibby,1,11:08,ATL,rebound,,,,,,,,,,Marvin Williams,,,,,,def,,
Darren Collison,David West,Devin Brown,Emeka Okafor,Peja Stojakovic,Al Horford,Joe Johnson,Josh Smith,Marvin Williams,Mike Bibby,1,11:03,ATL,shot,Marvin Williams,,,,,,,,,Al Horford,2,,,made,,dunk,23,5
Darren Collison,David West,Devin Brown,Emeka Okafor,Peja Stojakovic,Al Horford,Joe Johnson,Josh Smith,Marvin Williams,Mike Bibby,1,11:03,NOH,foul,,,,,,,,Al Horford,,David West,,,,,,shooting,,
Darren Collison,David West,Devin Brown,Emeka Okafor,Peja Stojakovic,Al Horford,Joe Johnson,Josh Smith,Marvin Williams,Mike Bibby,1,11:03,ATL,free throw,,,,,,,1,,1,Al Horford,,,foul,missed,,,,
Darren Collison,David West,Devin Brown,Emeka Okafor,Peja Stojakovic,Al Horford,Joe Johnson,Josh Smith,Marvin Williams,Mike Bibby,1,11:02,NOH,rebound,,,,,,,,,,Emeka Okafor,,,,,,def,,
Darren Collison,David West,Devin Brown,Emeka Okafor,Peja Stojakovic,Al Horford,Joe Johnson,Josh Smith,Marvin Williams,Mike Bibby,1,10:46,NOH,shot,Darren Collison,,,,,,,,,Peja Stojakovic,2,,,made,,jump,9,15
Darren Collison,David West,Devin Brown,Emeka Okafor,Peja Stojakovic,Al Horford,Joe Johnson,Josh Smith,Marvin Williams,Mike Bibby,1,10:29,ATL,shot,,,,,,,,,,Mike Bibby,,,,missed,,jump,45,10
Darren Collison,David West,Devin Brown,Emeka Okafor,Peja Stojakovic,Al Horford,Joe Johnson,Josh Smith,Marvin Williams,Mike Bibby,1,10:28,NOH,rebound,,,,,,,,,,David West,,,,,,def,,
Darren Collison,David West,Devin Brown,Emeka Okafor,Peja Stojakovic,Al Horford,Joe Johnson,Josh Smith,Marvin Williams,Mike Bibby,1,10:24,ATL,foul,,,,,,,,Emeka Okafor,,Al Horford,,,,,,shooting,,
Darren Collison,David West,Devin Brown,Emeka Okafor,Peja Stojakovic,Al Horford,Joe Johnson,Josh Smith,Marvin Williams,Mike Bibby,1,10:24,NOH,free throw,,,,,,,1,,2,Emeka Okafor,,,foul,missed,,,,
Darren Collison,David West,Devin Brown,Emeka Okafor,Peja Stojakovic,Al Horford,Joe Johnson,Josh Smith,Marvin Williams,Mike Bibby,1,10:24,NOH,rebound,,,,,,,,,,,,,,,,,,
Darren Collison,David West,Devin Brown,Emeka Okafor,Peja Stojakovic,Al Horford,Joe Johnson,Josh Smith,Marvin Williams,Mike Bibby,1,10:24,NOH,free throw,,,,,,,2,,2,Emeka Okafor,,,foul,missed,,,,
Darren Collison,David West,Devin Brown,Emeka Okafor,Peja Stojakovic,Al Horford,Joe Johnson,Josh Smith,Marvin Williams,Mike Bibby,1,10:22,ATL,rebound,,,,,,,,,,Marvin Williams,,,,,,def,,
Darren Collison,David West,Devin Brown,Emeka Okafor,Peja Stojakovic,Al Horford,Joe Johnson,Josh Smith,Marvin Williams,Mike Bibby,1,10:06,ATL,shot,,,,,,,,,,Marvin Williams,,,,missed,,jump,5,13
Darren Collison,David West,Devin Brown,Emeka Okafor,Peja Stojakovic,Al Horford,Joe Johnson,Josh Smith,Marvin Williams,Mike Bibby,1,10:05,NOH,rebound,,,,,,,,,,Devin Brown,,,,,,def,,
Darren Collison,David West,Devin Brown,Emeka Okafor,Peja Stojakovic,Al Horford,Joe Johnson,Josh Smith,Marvin Williams,Mike Bibby,1,10:01,ATL,foul,,,,,,,,Devin Brown,,Josh Smith,,,,,,shooting,,
Darren Collison,David West,Devin Brown,Emeka Okafor,Peja Stojakovic,Al Horford,Joe Johnson,Josh Smith,Marvin Williams,Mike Bibby,1,10:01,NOH,free throw,,,,,,,1,,2,Devin Brown,,,foul,missed,,,,
Darren Collison,David West,Devin Brown,Emeka Okafor,Peja Stojakovic,Al Horford,Joe Johnson,Josh Smith,Marvin Williams,Mike Bibby,1,10:01,NOH,rebound,,,,,,,,,,,,,,,,,,
Darren Collison,David West,Devin Brown,Emeka Okafor,Peja Stojakovic,Al Horford,Joe Johnson,Josh Smith,Marvin Williams,Mike Bibby,1,10:01,NOH,free throw,,,,,,,2,,2,Devin Brown,,,foul,made,,,,
Darren Collison,David West,Devin Brown,Emeka Okafor,Peja Stojakovic,Al Horford,Joe Johnson,Josh Smith,Marvin Williams,Mike Bibby,1,9:50,ATL,shot,Mike Bibby,,,,,,,,,Josh Smith,2,,,made,,layup,23,6
Darren Collison,David West,Devin Brown,Emeka Okafor,Peja Stojakovic,Al Horford,Joe Johnson,Josh Smith,Marvin Williams,Mike Bibby,1,9:35,NOH,turnover,,,,,,,,,,Darren Collison,,,bad pass,,Josh Smith,,,
Darren Collison,David West,Devin Brown,Emeka Okafor,Peja Stojakovic,Al Horford,Joe Johnson,Josh Smith,Marvin Williams,Mike Bibby,1,9:30,ATL,shot,,,,,,,,,,Josh Smith,,,,missed,,layup,25,6
Darren Collison,David West,Devin Brown,Emeka Okafor,Peja Stojakovic,Al Horford,Joe Johnson,Josh Smith,Marvin Williams,Mike Bibby,1,9:26,ATL,rebound,,,,,,,,,,Joe Johnson,,,,,,off,,
Darren Collison,David West,Devin Brown,Emeka Okafor,Peja Stojakovic,Al Horford,Joe Johnson,Josh Smith,Marvin Williams,Mike Bibby,1,9:26,ATL,shot,,,,,,,,,,Joe Johnson,2,,,made,,tip,25,6
Darren Collison,David West,Devin Brown,Emeka Okafor,Peja Stojakovic,Al Horford,Joe Johnson,Josh Smith,Marvin Williams,Mike Bibby,1,9:13,NOH,shot,,,,,,,,,,David West,,,,missed,,layup,23,6
Darren Collison,David West,Devin Brown,Emeka Okafor,Peja Stojakovic,Al Horford,Joe Johnson,Josh Smith,Marvin Williams,Mike Bibby,1,9:11,ATL,rebound,,,,,,,,,,Josh Smith,,,,,,def,,
Darren Collison,David West,Devin Brown,Emeka Okafor,Peja Stojakovic,Al Horford,Joe Johnson,Josh Smith,Marvin Williams,Mike Bibby,1,9:07,ATL,shot,,,,,,,,,,Josh Smith,2,,,made,,running layup,27,6
Darren Collison,David West,Devin Brown,Emeka Okafor,Peja Stojakovic,Al Horford,Joe Johnson,Josh Smith,Marvin Williams,Mike Bibby,1,8:53,NOH,shot,Darren Collison,,,,,,,,,Peja Stojakovic,2,,,made,,jump,12,22
Darren Collison,David West,Devin Brown,Emeka Okafor,Peja Stojakovic,Al Horford,Joe Johnson,Josh Smith,Marvin Williams,Mike Bibby,1,8:46,NOH,foul,,,,,,,,Mike Bibby,,Peja Stojakovic,,,,,,shooting,,
Darren Collison,David West,Devin Brown,Emeka Okafor,Peja Stojakovic,Al Horford,Joe Johnson,Josh Smith,Marvin Williams,Mike Bibby,1,8:46,ATL,free throw,,,,,,,1,,2,Mike Bibby,,,foul,made,,,,
Darren Collison,David West,Devin Brown,Emeka Okafor,Peja Stojakovic,Al Horford,Joe Johnson,Josh Smith,Marvin Williams,Mike Bibby,1,8:46,ATL,free throw,,,,,,,2,,2,Mike Bibby,,,foul,made,,,,
Darren Collison,David West,Devin Brown,Emeka Okafor,Peja Stojakovic,Al Horford,Joe Johnson,Josh Smith,Marvin Williams,Mike Bibby,1,8:29,NOH,shot,Devin Brown,,,,,,,,,David West,2,,,made,,jump,41,8
Darren Collison,David West,Devin Brown,Emeka Okafor,Peja Stojakovic,Al Horford,Joe Johnson,Josh Smith,Marvin Williams,Mike Bibby,1,8:14,ATL,turnover,,,,,,,,,,Mike Bibby,,,bad pass,,Darren Collison,,,
Darren Collison,David West,Devin Brown,Emeka Okafor,Peja Stojakovic,Al Horford,Joe Johnson,Josh Smith,Marvin Williams,Mike Bibby,1,8:02,NOH,shot,,,,,,,,,,Darren Collison,,,,missed,,jump,30,15
Darren Collison,David West,Devin Brown,Emeka Okafor,Peja Stojakovic,Al Horford,Joe Johnson,Josh Smith,Marvin Williams,Mike Bibby,1,8:01,ATL,rebound,,,,,,,,,,Josh Smith,,,,,,def,,
Darren Collison,David West,Devin Brown,Emeka Okafor,Peja Stojakovic,Al Horford,Joe Johnson,Josh Smith,Marvin Williams,Mike Bibby,1,7:55,NOH,foul,,,,,,,,Marvin Williams,,Emeka Okafor,,,,,,shooting,,
Darren Collison,David West,Devin Brown,Emeka Okafor,Peja Stojakovic,Al Horford,Joe Johnson,Josh Smith,Marvin Williams,Mike Bibby,1,7:55,ATL,free throw,,,,,,,1,,2,Marvin Williams,,,foul,made,,,,
Darren Collison,David West,Devin Brown,Emeka Okafor,Peja Stojakovic,Al Horford,Joe Johnson,Josh Smith,Marvin Williams,Mike Bibby,1,7:55,ATL,free throw,,,,,,,2,,2,Marvin Williams,,,foul,made,,,,
Darren Collison,David West,Devin Brown,Emeka Okafor,Peja Stojakovic,Al Horford,Joe Johnson,Josh Smith,Marvin Williams,Mike Bibby,1,7:40,NOH,shot,David West,,,,,,,,,Darren Collison,2,,,made,,layup,26,6
Darren Collison,David West,Devin Brown,Emeka Okafor,Peja Stojakovic,Al Horford,Joe Johnson,Josh Smith,Marvin Williams,Mike Bibby,1,7:21,ATL,shot,Al Horford,,,,,,,,,Joe Johnson,3,,,made,,3pt,45,19
Darren Collison,David West,Devin Brown,Emeka Okafor,Peja Stojakovic,Al Horford,Joe Johnson,Josh Smith,Marvin Williams,Mike Bibby,1,7:11,NOH,shot,Darren Collison,,,,,,,,,Emeka Okafor,2,,,made,,layup,28,6
Darren Collison,David West,Devin Brown,Emeka Okafor,Peja Stojakovic,Al Horford,Joe Johnson,Josh Smith,Marvin Williams,Mike Bibby,1,7:11,ATL,shot,Mike Bibby,,,,,,,,,Al Horford,2,,,made,,dunk,25,6
Darren Collison,David West,Devin Brown,Emeka Okafor,Peja Stojakovic,Al Horford,Joe Johnson,Josh Smith,Marvin Williams,Mike Bibby,1,6:55,NOH,shot,,,,,,,,,,Devin Brown,,,,missed,,jump,41,17
Darren Collison,David West,Devin Brown,Emeka Okafor,Peja Stojakovic,Al Horford,Joe Johnson,Josh Smith,Marvin Williams,Mike Bibby,1,6:53,NOH,rebound,,,,,,,,,,David West,,,,,,off,,
Darren Collison,David West,Devin Brown,Emeka Okafor,Peja Stojakovic,Al Horford,Joe Johnson,Josh Smith,Marvin Williams,Mike Bibby,1,6:53,NOH,shot,,,,,,,,,,David West,,,,missed,,tip,25,6
Darren Collison,David West,Devin Brown,Emeka Okafor,Peja Stojakovic,Al Horford,Joe Johnson,Josh Smith,Marvin Williams,Mike Bibby,1,6:53,NOH,rebound,,,,,,,,,,Emeka Okafor,,,,,,off,,
Darren Collison,David West,Devin Brown,Emeka Okafor,Peja Stojakovic,Al Horford,Joe Johnson,Josh Smith,Marvin Williams,Mike Bibby,1,6:51,NOH,shot,,,,,,,,,,Emeka Okafor,,,,missed,,tip,25,6
Darren Collison,David West,Devin Brown,Emeka Okafor,Peja Stojakovic,Al Horford,Joe Johnson,Josh Smith,Marvin Williams,Mike Bibby,1,6:51,ATL,rebound,,,,,,,,,,Josh Smith,,,,,,def,,
Darren Collison,David West,Devin Brown,Emeka Okafor,Peja Stojakovic,Al Horford,Joe Johnson,Josh Smith,Marvin Williams,Mike Bibby,1,6:47,ATL,turnover,,,,,,,,,,Josh Smith,,,bad pass,,Devin Brown,,,
Darren Collison,David West,Devin Brown,Emeka Okafor,Peja Stojakovic,Al Horford,Joe Johnson,Josh Smith,Marvin Williams,Mike Bibby,1,6:42,NOH,shot,Devin Brown,,,,,,,,,Peja Stojakovic,2,,,made,,layup,23,6
Darren Collison,David West,Devin Brown,Emeka Okafor,Peja Stojakovic,Al Horford,Joe Johnson,Josh Smith,Marvin Williams,Mike Bibby,1,6:21,ATL,shot,Al Horford,,,,,,,,,Joe Johnson,2,,,made,,jump,38,19
Darren Collison,David West,Devin Brown,Emeka Okafor,Peja Stojakovic,Al Horford,Joe Johnson,Josh Smith,Marvin Williams,Mike Bibby,1,6:10,NOH,shot,,,,,,,,,,Darren Collison,,,,missed,,3pt,15,29
Darren Collison,David West,Devin Brown,Emeka Okafor,Peja Stojakovic,Al Horford,Joe Johnson,Josh Smith,Marvin Williams,Mike Bibby,1,6:09,ATL,rebound,,,,,,,,,,Al Horford,,,,,,def,,
Darren Collison,David West,Devin Brown,Emeka Okafor,Peja Stojakovic,Al Horford,Joe Johnson,Josh Smith,Marvin Williams,Mike Bibby,1,6:00,ATL,shot,,,,,,,,,,Joe Johnson,2,,,made,,jump,8,11
Darren Collison,David West,Devin Brown,Emeka Okafor,Peja Stojakovic,Al Horford,Joe Johnson,Josh Smith,Marvin Williams,Mike Bibby,1,5:34,NOH,turnover,,,,,,,,,,Darren Collison,,,bad pass,,Joe Johnson,,,
Darren Collison,David West,Devin Brown,Emeka Okafor,Peja Stojakovic,Al Horford,Joe Johnson,Josh Smith,Marvin Williams,Mike Bibby,1,5:29,ATL,shot,Joe Johnson,,,,,,,,,Mike Bibby,2,,,made,,layup,23,6
Darren Collison,David West,Devin Brown,Emeka Okafor,Peja Stojakovic,Al Horford,Joe Johnson,Josh Smith,Marvin Williams,Mike Bibby,1,5:23,NOH,timeout,,,,,,,,,,,,,,,,regular,,
Darren Collison,David West,Devin Brown,Emeka Okafor,Peja Stojakovic,Al Horford,Jamal Crawford,Joe Johnson,Josh Smith,Mike Bibby,1,5:23,ATL,sub,,,,Jamal Crawford,,Marvin Williams,,,,,,,,,,,,
Darren Collison,David West,Devin Brown,Emeka Okafor,Peja Stojakovic,Jamal Crawford,Joe Johnson,Josh Smith,Mike Bibby,Zaza Pachulia,1,5:23,ATL,sub,,,,Zaza Pachulia,,Al Horford,,,,,,,,,,,,
Darren Collison,David West,Devin Brown,Emeka Okafor,Peja Stojakovic,Jamal Crawford,Joe Johnson,Josh Smith,Mike Bibby,Zaza Pachulia,1,5:03,NOH,shot,,,,,,,,,,Peja Stojakovic,,,,missed,,3pt,3,19
Darren Collison,David West,Devin Brown,Emeka Okafor,Peja Stojakovic,Jamal Crawford,Joe Johnson,Josh Smith,Mike Bibby,Zaza Pachulia,1,5:02,ATL,rebound,,,,,,,,,,Joe Johnson,,,,,,def,,
Darren Collison,David West,Devin Brown,Emeka Okafor,Peja Stojakovic,Jamal Crawford,Joe Johnson,Josh Smith,Mike Bibby,Zaza Pachulia,1,4:45,ATL,shot,,,,,,,,,,Joe Johnson,,,,missed,,running jump,22,10
Darren Collison,David West,Devin Brown,Emeka Okafor,Peja Stojakovic,Jamal Crawford,Joe Johnson,Josh Smith,Mike Bibby,Zaza Pachulia,1,4:44,ATL,rebound,,,,,,,,,,Josh Smith,,,,,,off,,
Darren Collison,David West,Devin Brown,Emeka Okafor,Peja Stojakovic,Jamal Crawford,Joe Johnson,Josh Smith,Mike Bibby,Zaza Pachulia,1,4:44,ATL,shot,,,,,,,,,,Josh Smith,2,,,made,,tip,25,6
Darren Collison,David West,Devin Brown,Emeka Okafor,Peja Stojakovic,Jamal Crawford,Joe Johnson,Josh Smith,Mike Bibby,Zaza Pachulia,1,4:27,NOH,shot,,,,,,,,,,David West,,,,missed,,jump,24,24
Darren Collison,David West,Devin Brown,Emeka Okafor,Peja Stojakovic,Jamal Crawford,Joe Johnson,Josh Smith,Mike Bibby,Zaza Pachulia,1,4:26,ATL,rebound,,,,,,,,,,Josh Smith,,,,,,def,,
Darren Collison,David West,Devin Brown,Emeka Okafor,Peja Stojakovic,Jamal Crawford,Joe Johnson,Josh Smith,Mike Bibby,Zaza Pachulia,1,4:10,ATL,shot,,,,,,,,,,Mike Bibby,,,,missed,,3pt,24,31
Darren Collison,David West,Devin Brown,Emeka Okafor,Peja Stojakovic,Jamal Crawford,Joe Johnson,Josh Smith,Mike Bibby,Zaza Pachulia,1,4:08,NOH,rebound,,,,,,,,,,Peja Stojakovic,,,,,,def,,
Darren Collison,David West,Devin Brown,Emeka Okafor,Peja Stojakovic,Jamal Crawford,Joe Johnson,Josh Smith,Mike Bibby,Zaza Pachulia,1,3:56,NOH,shot,,,,,,,,,,David West,,,,missed,,driving jump,24,10
Darren Collison,David West,Devin Brown,Emeka Okafor,Peja Stojakovic,Jamal Crawford,Joe Johnson,Josh Smith,Mike Bibby,Zaza Pachulia,1,3:55,ATL,rebound,,,,,,,,,,Josh Smith,,,,,,def,,
Darren Collison,David West,Devin Brown,Emeka Okafor,Peja Stojakovic,Jamal Crawford,Joe Johnson,Josh Smith,Mike Bibby,Zaza Pachulia,1,3:52,NOH,foul,,,,,,,,Zaza Pachulia,,Emeka Okafor,,,,,,shooting,,
Darren Collison,David West,Devin Brown,Emeka Okafor,Peja Stojakovic,Jamal Crawford,Joe Johnson,Josh Smith,Mike Bibby,Zaza Pachulia,1,3:52,ATL,free throw,,,,,,,1,,2,Zaza Pachulia,,,foul,made,,,,
Bobby Brown,David West,Devin Brown,Emeka Okafor,Peja Stojakovic,Jamal Crawford,Joe Johnson,Josh Smith,Mike Bibby,Zaza Pachulia,1,3:52,NOH,sub,,,,Bobby Brown,,Darren Collison,,,,,,,,,,,,
Bobby Brown,David West,Emeka Okafor,James Posey,Peja Stojakovic,Jamal Crawford,Joe Johnson,Josh Smith,Mike Bibby,Zaza Pachulia,1,3:52,NOH,sub,,,,James Posey,,Devin Brown,,,,,,,,,,,,
Bobby Brown,David West,Emeka Okafor,James Posey,Peja Stojakovic,Jamal Crawford,Joe Johnson,Josh Smith,Maurice Evans,Zaza Pachulia,1,3:52,ATL,sub,,,,Maurice Evans,,Mike Bibby,,,,,,,,,,,,
Bobby Brown,David West,Emeka Okafor,James Posey,Peja Stojakovic,Jamal Crawford,Joe Johnson,Josh Smith,Maurice Evans,Zaza Pachulia,1,3:52,ATL,free throw,,,,,,,2,,2,Zaza Pachulia,,,foul,missed,,,,
Bobby Brown,David West,Emeka Okafor,James Posey,Peja Stojakovic,Jamal Crawford,Joe Johnson,Josh Smith,Maurice Evans,Zaza Pachulia,1,3:51,NOH,rebound,,,,,,,,,,David West,,,,,,def,,
Bobby Brown,David West,Emeka Okafor,James Posey,Peja Stojakovic,Jamal Crawford,Joe Johnson,Josh Smith,Maurice Evans,Zaza Pachulia,1,3:35,NOH,shot,,,,,,,,,,David West,,,,missed,,jump,26,10
Bobby Brown,David West,Emeka Okafor,James Posey,Peja Stojakovic,Jamal Crawford,Joe Johnson,Josh Smith,Maurice Evans,Zaza Pachulia,1,3:33,NOH,rebound,,,,,,,,,,David West,,,,,,off,,
Bobby Brown,David West,Emeka Okafor,James Posey,Peja Stojakovic,Jamal Crawford,Joe Johnson,Josh Smith,Maurice Evans,Zaza Pachulia,1,3:32,NOH,shot,,,,,,,,,,David West,,,,missed,,layup,25,6
Bobby Brown,David West,Emeka Okafor,James Posey,Peja Stojakovic,Jamal Crawford,Joe Johnson,Josh Smith,Maurice Evans,Zaza Pachulia,1,3:32,NOH,rebound,,,,,,,,,,Emeka Okafor,,,,,,off,,
Bobby Brown,David West,Emeka Okafor,James Posey,Peja Stojakovic,Jamal Crawford,Joe Johnson,Josh Smith,Maurice Evans,Zaza Pachulia,1,3:32,NOH,shot,,,,,,,,,,David West,,,,missed,,tip,25,6
Bobby Brown,David West,Emeka Okafor,James Posey,Peja Stojakovic,Jamal Crawford,Joe Johnson,Josh Smith,Maurice Evans,Zaza Pachulia,1,3:32,NOH,rebound,,,,,,,,,,Emeka Okafor,,,,,,off,,
Bobby Brown,David West,Emeka Okafor,James Posey,Peja Stojakovic,Jamal Crawford,Joe Johnson,Josh Smith,Maurice Evans,Zaza Pachulia,1,3:32,ATL,foul,,,,,,,,Emeka Okafor,,Maurice Evans,,,,,,shooting,,
Bobby Brown,David West,Emeka Okafor,James Posey,Peja Stojakovic,Jamal Crawford,Joe Johnson,Joe Smith,Maurice Evans,Zaza Pachulia,1,3:32,ATL,sub,,,,Joe Smith,,Josh Smith,,,,,,,,,,,,
Bobby Brown,David West,Emeka Okafor,James Posey,Peja Stojakovic,Jamal Crawford,Joe Johnson,Joe Smith,Maurice Evans,Zaza Pachulia,1,3:32,NOH,free throw,,,,,,,1,,2,Emeka Okafor,,,foul,missed,,,,
Bobby Brown,David West,Emeka Okafor,James Posey,Peja Stojakovic,Jamal Crawford,Joe Johnson,Joe Smith,Maurice Evans,Zaza Pachulia,1,3:32,NOH,rebound,,,,,,,,,,,,,,,,,,
Bobby Brown,David West,Emeka Okafor,James Posey,Peja Stojakovic,Jamal Crawford,Joe Johnson,Joe Smith,Maurice Evans,Zaza Pachulia,1,3:32,NOH,free throw,,,,,,,2,,2,Emeka Okafor,,,foul,missed,,,,
Bobby Brown,David West,Emeka Okafor,James Posey,Peja Stojakovic,Jamal Crawford,Joe Johnson,Joe Smith,Maurice Evans,Zaza Pachulia,1,3:27,ATL,rebound,,,,,,,,,,Zaza Pachulia,,,,,,def,,
Bobby Brown,David West,Emeka Okafor,James Posey,Peja Stojakovic,Jamal Crawford,Joe Johnson,Joe Smith,Maurice Evans,Zaza Pachulia,1,3:14,ATL,shot,,,,,,,,,,Maurice Evans,,,,missed,,3pt,17,31
Bobby Brown,David West,Emeka Okafor,James Posey,Peja Stojakovic,Jamal Crawford,Joe Johnson,Joe Smith,Maurice Evans,Zaza Pachulia,1,3:13,NOH,rebound,,,,,,,,,,David West,,,,,,def,,
Bobby Brown,David West,Emeka Okafor,James Posey,Peja Stojakovic,Jamal Crawford,Joe Johnson,Joe Smith,Maurice Evans,Zaza Pachulia,1,3:03,NOH,shot,,,,,,,,,,David West,,,,missed,,jump,39,17
Bobby Brown,David West,Emeka Okafor,James Posey,Peja Stojakovic,Jamal Crawford,Joe Johnson,Joe Smith,Maurice Evans,Zaza Pachulia,1,3:01,NOH,rebound,,,,,,,,,,Peja Stojakovic,,,,,,off,,
Bobby Brown,David West,Emeka Okafor,James Posey,Peja Stojakovic,Jamal Crawford,Joe Johnson,Joe Smith,Maurice Evans,Zaza Pachulia,1,3:01,NOH,shot,,,,,,,,,,Peja Stojakovic,,,,missed,,layup,25,6
Bobby Brown,David West,Emeka Okafor,James Posey,Peja Stojakovic,Jamal Crawford,Joe Johnson,Joe Smith,Maurice Evans,Zaza Pachulia,1,3:01,NOH,rebound,,,,,,,,,,Peja Stojakovic,,,,,,off,,
Bobby Brown,David West,Emeka Okafor,James Posey,Peja Stojakovic,Jamal Crawford,Joe Johnson,Joe Smith,Maurice Evans,Zaza Pachulia,1,3:01,NOH,shot,,,,,,,,,,Peja Stojakovic,2,,,made,,tip,25,6
Bobby Brown,David West,Emeka Okafor,James Posey,Peja Stojakovic,Jamal Crawford,Joe Johnson,Joe Smith,Maurice Evans,Zaza Pachulia,1,3:01,ATL,foul,,,,,,,,Peja Stojakovic,,Zaza Pachulia,,,,,,shooting,,
Bobby Brown,David West,Hilton Armstrong,James Posey,Peja Stojakovic,Jamal Crawford,Joe Johnson,Joe Smith,Maurice Evans,Zaza Pachulia,1,3:01,NOH,sub,,,,Hilton Armstrong,,Emeka Okafor,,,,,,,,,,,,
Bobby Brown,David West,Hilton Armstrong,James Posey,Peja Stojakovic,Jamal Crawford,Joe Johnson,Joe Smith,Maurice Evans,Zaza Pachulia,1,3:01,NOH,free throw,,,,,,,1,,1,Peja Stojakovic,,,foul,made,,,,
Bobby Brown,David West,Hilton Armstrong,James Posey,Peja Stojakovic,Jamal Crawford,Joe Johnson,Joe Smith,Maurice Evans,Zaza Pachulia,1,2:37,ATL,shot,,,,,,,,,,Jamal Crawford,,,,missed,,3pt,44,23
Bobby Brown,David West,Hilton Armstrong,James Posey,Peja Stojakovic,Jamal Crawford,Joe Johnson,Joe Smith,Maurice Evans,Zaza Pachulia,1,2:36,NOH,rebound,,,,,,,,,,Bobby Brown,,,,,,def,,
Bobby Brown,David West,Hilton Armstrong,James Posey,Peja Stojakovic,Jamal Crawford,Joe Johnson,Joe Smith,Maurice Evans,Zaza Pachulia,1,2:28,NOH,shot,,,,,,,,,,Bobby Brown,2,,,made,,jump,39,18
Bobby Brown,David West,Hilton Armstrong,James Posey,Peja Stojakovic,Jamal Crawford,Joe Johnson,Joe Smith,Maurice Evans,Zaza Pachulia,1,2:11,ATL,turnover,,,,,,,,,,Joe Johnson,,,lost ball,,James Posey,,,
Bobby Brown,David West,Hilton Armstrong,James Posey,Peja Stojakovic,Jamal Crawford,Joe Johnson,Joe Smith,Maurice Evans,Zaza Pachulia,1,2:06,NOH,shot,,,,,,,,,,Bobby Brown,,,,missed,,layup,25,5
Bobby Brown,David West,Hilton Armstrong,James Posey,Peja Stojakovic,Jamal Crawford,Joe Johnson,Joe Smith,Maurice Evans,Zaza Pachulia,1,2:05,ATL,rebound,,,,,,,,,,Joe Smith,,,,,,def,,
Bobby Brown,David West,Hilton Armstrong,James Posey,Peja Stojakovic,Jamal Crawford,Joe Johnson,Joe Smith,Maurice Evans,Zaza Pachulia,1,1:54,ATL,shot,Jamal Crawford,,,,,,,,,Joe Smith,2,,,made,,jump,10,20
Bobby Brown,David West,Hilton Armstrong,James Posey,Peja Stojakovic,Jamal Crawford,Joe Johnson,Joe Smith,Maurice Evans,Zaza Pachulia,1,1:33,NOH,shot,James Posey,,,,,,,,,Peja Stojakovic,3,,,made,,3pt,47,7
Bobby Brown,David West,Hilton Armstrong,James Posey,Peja Stojakovic,Jamal Crawford,Joe Johnson,Joe Smith,Maurice Evans,Zaza Pachulia,1,1:06,ATL,shot,Joe Johnson,,,,,,,,,Jamal Crawford,3,,,made,,3pt,48,13
Bobby Brown,David West,Hilton Armstrong,James Posey,Peja Stojakovic,Jamal Crawford,Joe Johnson,Joe Smith,Maurice Evans,Zaza Pachulia,1,0:45,NOH,shot,,,,,,,,,,Bobby Brown,2,,,made,,driving jump,28,9
Bobby Brown,David West,Hilton Armstrong,James Posey,Peja Stojakovic,Jamal Crawford,Joe Johnson,Joe Smith,Maurice Evans,Zaza Pachulia,1,0:34,ATL,shot,,,,,,,,,,Jamal Crawford,,,,missed,,3pt,28,32
Bobby Brown,David West,Hilton Armstrong,James Posey,Peja Stojakovic,Jamal Crawford,Joe Johnson,Joe Smith,Maurice Evans,Zaza Pachulia,1,0:32,ATL,rebound,,,,,,,,,,Joe Smith,,,,,,off,,
Bobby Brown,David West,Hilton Armstrong,James Posey,Peja Stojakovic,Jamal Crawford,Joe Johnson,Joe Smith,Maurice Evans,Zaza Pachulia,1,0:30,ATL,shot,,,,,,,,,,Joe Smith,,,,missed,,putback layup,25,6
Bobby Brown,David West,Hilton Armstrong,James Posey,Peja Stojakovic,Jamal Crawford,Joe Johnson,Joe Smith,Maurice Evans,Zaza Pachulia,1,0:30,ATL,rebound,,,,,,,,,,Zaza Pachulia,,,,,,off,,
Bobby Brown,David West,Hilton Armstrong,James Posey,Peja Stojakovic,Jamal Crawford,Joe Johnson,Joe Smith,Maurice Evans,Zaza Pachulia,1,0:30,ATL,shot,,,,,,,,,,Zaza Pachulia,2,,,made,,tip,25,6
Bobby Brown,David West,Hilton Armstrong,James Posey,Peja Stojakovic,Jamal Crawford,Joe Johnson,Joe Smith,Maurice Evans,Zaza Pachulia,1,0:11,NOH,shot,,,,,,,,,,Bobby Brown,2,,,made,,driving layup,23,6
Bobby Brown,David West,Hilton Armstrong,James Posey,Peja Stojakovic,Jamal Crawford,Joe Johnson,Joe Smith,Maurice Evans,Zaza Pachulia,1,0:03,NOH,foul,,,,,,,,Joe Johnson,,Peja Stojakovic,,,,,,shooting,,
Bobby Brown,David West,Hilton Armstrong,James Posey,Peja Stojakovic,Jamal Crawford,Joe Johnson,Joe Smith,Maurice Evans,Zaza Pachulia,1,0:03,ATL,timeout,,,,,,,,,,,,,,,,regular,,
Bobby Brown,David West,Hilton Armstrong,James Posey,Peja Stojakovic,Jamal Crawford,Joe Johnson,Joe Smith,Maurice Evans,Zaza Pachulia,1,0:03,ATL,free throw,,,,,,,1,,2,Joe Johnson,,,foul,made,,,,
Bobby Brown,David West,Hilton Armstrong,James Posey,Peja Stojakovic,Jamal Crawford,Joe Johnson,Joe Smith,Maurice Evans,Zaza Pachulia,1,0:03,ATL,free throw,,,,,,,2,,2,Joe Johnson,,,foul,made,,,,
Bobby Brown,David West,Hilton Armstrong,James Posey,Peja Stojakovic,Jamal Crawford,Joe Johnson,Joe Smith,Maurice Evans,Zaza Pachulia,1,0:00,NOH,shot,,,,,,,,,,Bobby Brown,,,,missed,,3pt,33,30
Bobby Brown,David West,Hilton Armstrong,James Posey,Peja Stojakovic,Jamal Crawford,Joe Johnson,Joe Smith,Maurice Evans,Zaza Pachulia,1,0:00,NOH,rebound,,,,,,,,,,,,,,,,,,
Bobby Brown,Darius Songaila,Hilton Armstrong,James Posey,Marcus Thornton,Jamal Crawford,Jeff Teague,Joe Smith,Maurice Evans,Zaza Pachulia,2,11:43,ATL,shot,,,,,,,,,,Jamal Crawford,,,,missed,,jump,23,25
Bobby Brown,Darius Songaila,Hilton Armstrong,James Posey,Marcus Thornton,Jamal Crawford,Jeff Teague,Joe Smith,Maurice Evans,Zaza Pachulia,2,11:42,ATL,rebound,,,,,,,,,,Maurice Evans,,,,,,off,,
Bobby Brown,Darius Songaila,Hilton Armstrong,James Posey,Marcus Thornton,Jamal Crawford,Jeff Teague,Joe Smith,Maurice Evans,Zaza Pachulia,2,11:36,NOH,foul,,,,,,,,Zaza Pachulia,,Hilton Armstrong,,,,,,shooting,,
Bobby Brown,Darius Songaila,Hilton Armstrong,James Posey,Marcus Thornton,Jamal Crawford,Jeff Teague,Joe Smith,Maurice Evans,Zaza Pachulia,2,11:36,ATL,free throw,,,,,,,1,,2,Zaza Pachulia,,,foul,made,,,,
Bobby Brown,Darius Songaila,Hilton Armstrong,James Posey,Marcus Thornton,Jamal Crawford,Jeff Teague,Joe Smith,Maurice Evans,Zaza Pachulia,2,11:36,ATL,free throw,,,,,,,2,,2,Zaza Pachulia,,,foul,made,,,,
Bobby Brown,Darius Songaila,Hilton Armstrong,James Posey,Marcus Thornton,Jamal Crawford,Jeff Teague,Joe Smith,Maurice Evans,Zaza Pachulia,2,11:24,NOH,shot,Bobby Brown,,,,,,,,,Marcus Thornton,3,,,made,,3pt,45,21
Bobby Brown,Darius Songaila,Hilton Armstrong,James Posey,Marcus Thornton,Jamal Crawford,Jeff Teague,Joe Smith,Maurice Evans,Zaza Pachulia,2,11:10,ATL,jump ball,,Darius Songaila,,,Zaza Pachulia,,,,,,,Maurice Evans,,,,,,
Bobby Brown,Darius Songaila,Hilton Armstrong,James Posey,Marcus Thornton,Jamal Crawford,Jeff Teague,Joe Smith,Maurice Evans,Zaza Pachulia,2,11:07,ATL,foul,,,,,,,,Hilton Armstrong,,Zaza Pachulia,,,,,,offensive,,
Bobby Brown,Darius Songaila,Hilton Armstrong,James Posey,Marcus Thornton,Jamal Crawford,Jeff Teague,Joe Smith,Maurice Evans,Zaza Pachulia,2,11:07,ATL,turnover,,,,,,,,,,Zaza Pachulia,,,foul,,,,,
Bobby Brown,Darius Songaila,Hilton Armstrong,James Posey,Marcus Thornton,Jamal Crawford,Jeff Teague,Joe Smith,Maurice Evans,Zaza Pachulia,2,10:56,ATL,foul,,,,,,,,Darius Songaila,,Jeff Teague,,,,,,personal,,
Bobby Brown,Darius Songaila,Hilton Armstrong,James Posey,Marcus Thornton,Jamal Crawford,Jeff Teague,Joe Smith,Maurice Evans,Zaza Pachulia,2,10:51,NOH,shot,,,,,,,,,,Marcus Thornton,,,,missed,,3pt,23,34
Bobby Brown,Darius Songaila,Hilton Armstrong,James Posey,Marcus Thornton,Jamal Crawford,Jeff Teague,Joe Smith,Maurice Evans,Zaza Pachulia,2,10:49,ATL,rebound,,,,,,,,,,Jeff Teague,,,,,,def,,
Bobby Brown,Darius Songaila,Hilton Armstrong,James Posey,Marcus Thornton,Jamal Crawford,Jeff Teague,Joe Smith,Maurice Evans,Zaza Pachulia,2,10:42,ATL,shot,,,,,,,,,,Maurice Evans,,,,missed,,3pt,48,11
Bobby Brown,Darius Songaila,Hilton Armstrong,James Posey,Marcus Thornton,Jamal Crawford,Jeff Teague,Joe Smith,Maurice Evans,Zaza Pachulia,2,10:40,ATL,rebound,,,,,,,,,,Zaza Pachulia,,,,,,off,,
Bobby Brown,Darius Songaila,Hilton Armstrong,James Posey,Marcus Thornton,Jamal Crawford,Jeff Teague,Joe Smith,Maurice Evans,Zaza Pachulia,2,10:29,ATL,shot,,,Darius Songaila,,,,,,,Jeff Teague,,,,missed,,driving layup,26,6
Bobby Brown,Darius Songaila,Hilton Armstrong,James Posey,Marcus Thornton,Jamal Crawford,Jeff Teague,Joe Smith,Maurice Evans,Zaza Pachulia,2,10:27,NOH,rebound,,,,,,,,,,Hilton Armstrong,,,,,,def,,
Bobby Brown,Darius Songaila,Hilton Armstrong,James Posey,Marcus Thornton,Jamal Crawford,Jeff Teague,Joe Smith,Maurice Evans,Zaza Pachulia,2,10:24,NOH,shot,Bobby Brown,,,,,,,,,Marcus Thornton,2,,,made,,running layup,25,6
Bobby Brown,Darius Songaila,Hilton Armstrong,James Posey,Marcus Thornton,Jamal Crawford,Jeff Teague,Joe Smith,Maurice Evans,Zaza Pachulia,2,10:09,ATL,shot,,,,,,,,,,Jamal Crawford,2,,,made,,driving jump,22,8
Bobby Brown,Darius Songaila,Hilton Armstrong,James Posey,Marcus Thornton,Jamal Crawford,Jeff Teague,Joe Smith,Maurice Evans,Zaza Pachulia,2,9:39,ATL,foul,,,,,,,,Hilton Armstrong,,Zaza Pachulia,,,,,,shooting,,
Bobby Brown,Darius Songaila,Hilton Armstrong,James Posey,Marcus Thornton,Al Horford,Jamal Crawford,Jeff Teague,Joe Smith,Maurice Evans,2,9:39,ATL,sub,,,,Al Horford,,Zaza Pachulia,,,,,,,,,,,,
Bobby Brown,Darius Songaila,Hilton Armstrong,James Posey,Marcus Thornton,Al Horford,Jamal Crawford,Jeff Teague,Joe Smith,Maurice Evans,2,9:39,NOH,free throw,,,,,,,1,,2,Hilton Armstrong,,,foul,missed,,,,
Bobby Brown,Darius Songaila,Hilton Armstrong,James Posey,Marcus Thornton,Al Horford,Jamal Crawford,Jeff Teague,Joe Smith,Maurice Evans,2,9:39,NOH,rebound,,,,,,,,,,,,,,,,,,
Bobby Brown,Darius Songaila,Hilton Armstrong,James Posey,Marcus Thornton,Al Horford,Jamal Crawford,Jeff Teague,Joe Smith,Maurice Evans,2,9:39,NOH,free throw,,,,,,,2,,2,Hilton Armstrong,,,foul,made,,,,
Bobby Brown,Darius Songaila,Hilton Armstrong,James Posey,Marcus Thornton,Al Horford,Jamal Crawford,Jeff Teague,Joe Smith,Maurice Evans,2,9:27,ATL,turnover,,,,,,,,,,Jamal Crawford,,,step out of bounds turnover,,,,,
Bobby Brown,Darius Songaila,Hilton Armstrong,James Posey,Marcus Thornton,Al Horford,Jamal Crawford,Jeff Teague,Joe Smith,Maurice Evans,2,9:18,NOH,shot,,,,,,,,,,Bobby Brown,,,,missed,,3pt,46,19
Bobby Brown,Darius Songaila,Hilton Armstrong,James Posey,Marcus Thornton,Al Horford,Jamal Crawford,Jeff Teague,Joe Smith,Maurice Evans,2,9:17,ATL,rebound,,,,,,,,,,Joe Smith,,,,,,def,,
Bobby Brown,Darius Songaila,Hilton Armstrong,James Posey,Marcus Thornton,Al Horford,Jamal Crawford,Jeff Teague,Joe Smith,Maurice Evans,2,9:13,NOH,foul,,,,,,,,Al Horford,,Darius Songaila,,,,,,personal,,
Bobby Brown,Darius Songaila,Hilton Armstrong,James Posey,Marcus Thornton,Al Horford,Jamal Crawford,Jeff Teague,Joe Smith,Maurice Evans,2,9:06,ATL,shot,,,,,,,,,,Joe Smith,,,,missed,,3pt,48,12
Bobby Brown,Darius Songaila,Hilton Armstrong,James Posey,Marcus Thornton,Al Horford,Jamal Crawford,Jeff Teague,Joe Smith,Maurice Evans,2,9:05,NOH,rebound,,,,,,,,,,James Posey,,,,,,def,,
Bobby Brown,Darius Songaila,Hilton Armstrong,James Posey,Marcus Thornton,Al Horford,Jamal Crawford,Jeff Teague,Joe Smith,Maurice Evans,2,9:00,NOH,shot,Marcus Thornton,,,,,,,,,Darius Songaila,2,,,made,,running layup,23,7
Bobby Brown,Darius Songaila,Hilton Armstrong,James Posey,Marcus Thornton,Al Horford,Jamal Crawford,Jeff Teague,Joe Smith,Maurice Evans,2,8:45,ATL,turnover,,,,,,,,,,Al Horford,,,traveling,,,,,
Bobby Brown,Darius Songaila,Hilton Armstrong,James Posey,Marcus Thornton,Al Horford,Jamal Crawford,Jeff Teague,Joe Smith,Maurice Evans,2,8:45,NOH,timeout,,,,,,,,,,,,,,,,official,,
Bobby Brown,Darius Songaila,Hilton Armstrong,James Posey,Marcus Thornton,Al Horford,Jamal Crawford,Jeff Teague,Joe Smith,Marvin Williams,2,8:45,ATL,sub,,,,Marvin Williams,,Maurice Evans,,,,,,,,,,,,
Bobby Brown,Darius Songaila,Hilton Armstrong,James Posey,Marcus Thornton,Al Horford,Jamal Crawford,Jeff Teague,Joe Smith,Marvin Williams,2,8:34,NOH,shot,,,Jamal Crawford,,,,,,,Marcus Thornton,,,,missed,,jump,20,10
Bobby Brown,Darius Songaila,Hilton Armstrong,James Posey,Marcus Thornton,Al Horford,Jamal Crawford,Jeff Teague,Joe Smith,Marvin Williams,2,8:34,NOH,rebound,,,,,,,,,,,,,,,,,,
Bobby Brown,Darius Songaila,Hilton Armstrong,James Posey,Marcus Thornton,Al Horford,Jamal Crawford,Jeff Teague,Joe Smith,Marvin Williams,2,8:27,NOH,shot,Bobby Brown,,,,,,,,,Hilton Armstrong,2,,,made,,slam dunk,25,6
Bobby Brown,Darius Songaila,Hilton Armstrong,James Posey,Marcus Thornton,Al Horford,Jamal Crawford,Jeff Teague,Joe Smith,Marvin Williams,2,8:08,ATL,shot,Marvin Williams,,,,,,,,,Jamal Crawford,3,,,made,,3pt,2,8
Bobby Brown,Darius Songaila,Hilton Armstrong,James Posey,Marcus Thornton,Al Horford,Jamal Crawford,Jeff Teague,Joe Smith,Marvin Williams,2,7:45,NOH,shot,,,,,,,,,,Bobby Brown,,,,missed,,3pt,1,12
Bobby Brown,Darius Songaila,Hilton Armstrong,James Posey,Marcus Thornton,Al Horford,Jamal Crawford,Jeff Teague,Joe Smith,Marvin Williams,2,7:43,ATL,rebound,,,,,,,,,,Jamal Crawford,,,,,,def,,
Bobby Brown,Darius Songaila,Hilton Armstrong,James Posey,Marcus Thornton,Al Horford,Jamal Crawford,Jeff Teague,Joe Smith,Marvin Williams,2,7:39,ATL,shot,Marvin Williams,,,,,,,,,Jeff Teague,2,,,made,,running layup,27,6
Bobby Brown,Darius Songaila,Hilton Armstrong,James Posey,Marcus Thornton,Al Horford,Jamal Crawford,Jeff Teague,Joe Smith,Marvin Williams,2,7:37,ATL,violation,,,,,,,,,,,,,,,,delay of game,,
Bobby Brown,Darius Songaila,Hilton Armstrong,James Posey,Marcus Thornton,Al Horford,Jamal Crawford,Jeff Teague,Joe Smith,Marvin Williams,2,7:26,ATL,foul,,,,,,,,Marcus Thornton,,Joe Smith,,,,,,shooting,,
Bobby Brown,Darius Songaila,Hilton Armstrong,James Posey,Marcus Thornton,Al Horford,Jamal Crawford,Joe Smith,Marvin Williams,Mike Bibby,2,7:26,ATL,sub,,,,Mike Bibby,,Jeff Teague,,,,,,,,,,,,
Bobby Brown,Darius Songaila,Hilton Armstrong,James Posey,Marcus Thornton,Al Horford,Jamal Crawford,Josh Smith,Marvin Williams,Mike Bibby,2,7:26,ATL,sub,,,,Josh Smith,,Joe Smith,,,,,,,,,,,,
Bobby Brown,Darius Songaila,Hilton Armstrong,James Posey,Marcus Thornton,Al Horford,Jamal Crawford,Josh Smith,Marvin Williams,Mike Bibby,2,7:26,NOH,free throw,,,,,,,1,,2,Marcus Thornton,,,foul,made,,,,
Bobby Brown,Darius Songaila,Hilton Armstrong,James Posey,Marcus Thornton,Al Horford,Jamal Crawford,Josh Smith,Marvin Williams,Mike Bibby,2,7:26,NOH,free throw,,,,,,,2,,2,Marcus Thornton,,,foul,made,,,,
Bobby Brown,Darius Songaila,Hilton Armstrong,James Posey,Marcus Thornton,Al Horford,Jamal Crawford,Josh Smith,Marvin Williams,Mike Bibby,2,7:08,ATL,turnover,,,,,,,,,,Josh Smith,,,lost ball,,James Posey,,,
Bobby Brown,Darius Songaila,Hilton Armstrong,James Posey,Marcus Thornton,Al Horford,Jamal Crawford,Josh Smith,Marvin Williams,Mike Bibby,2,7:01,NOH,shot,,,,,,,,,,James Posey,2,,,made,,running layup,27,6
Bobby Brown,Darius Songaila,Hilton Armstrong,James Posey,Marcus Thornton,Al Horford,Jamal Crawford,Josh Smith,Marvin Williams,Mike Bibby,2,6:43,ATL,shot,,,,,,,,,,Josh Smith,,,,missed,,jump,7,11
Bobby Brown,Darius Songaila,Hilton Armstrong,James Posey,Marcus Thornton,Al Horford,Jamal Crawford,Josh Smith,Marvin Williams,Mike Bibby,2,6:41,ATL,rebound,,,,,,,,,,Mike Bibby,,,,,,off,,
Bobby Brown,Darius Songaila,Hilton Armstrong,James Posey,Marcus Thornton,Al Horford,Jamal Crawford,Josh Smith,Marvin Williams,Mike Bibby,2,6:38,ATL,shot,,,,,,,,,,Jamal Crawford,,,,missed,,layup,25,6
Bobby Brown,Darius Songaila,Hilton Armstrong,James Posey,Marcus Thornton,Al Horford,Jamal Crawford,Josh Smith,Marvin Williams,Mike Bibby,2,6:34,ATL,rebound,,,,,,,,,,Marvin Williams,,,,,,off,,
Bobby Brown,Darius Songaila,Hilton Armstrong,James Posey,Marcus Thornton,Al Horford,Jamal Crawford,Josh Smith,Marvin Williams,Mike Bibby,2,6:34,ATL,shot,,,,,,,,,,Marvin Williams,,,,missed,,tip,25,6
Bobby Brown,Darius Songaila,Hilton Armstrong,James Posey,Marcus Thornton,Al Horford,Jamal Crawford,Josh Smith,Marvin Williams,Mike Bibby,2,6:33,ATL,rebound,,,,,,,,,,Marvin Williams,,,,,,off,,
Bobby Brown,Darius Songaila,Hilton Armstrong,James Posey,Marcus Thornton,Al Horford,Jamal Crawford,Josh Smith,Marvin Williams,Mike Bibby,2,6:33,ATL,shot,,,,,,,,,,Marvin Williams,2,,,made,,tip,25,6
Bobby Brown,Darius Songaila,Hilton Armstrong,James Posey,Marcus Thornton,Al Horford,Jamal Crawford,Josh Smith,Marvin Williams,Mike Bibby,2,6:22,NOH,shot,,,,,,,,,,Bobby Brown,,,,missed,,driving jump,27,10
Bobby Brown,Darius Songaila,Hilton Armstrong,James Posey,Marcus Thornton,Al Horford,Jamal Crawford,Josh Smith,Marvin Williams,Mike Bibby,2,6:21,ATL,rebound,,,,,,,,,,Josh Smith,,,,,,def,,
Bobby Brown,Darius Songaila,Hilton Armstrong,James Posey,Marcus Thornton,Al Horford,Jamal Crawford,Josh Smith,Marvin Williams,Mike Bibby,2,6:17,NOH,foul,,,,,,,,Marvin Williams,,James Posey,,,,,,shooting,,
Bobby Brown,Darius Songaila,Hilton Armstrong,James Posey,Marcus Thornton,Al Horford,Jamal Crawford,Josh Smith,Marvin Williams,Mike Bibby,2,6:17,ATL,free throw,,,,,,,1,,2,Marvin Williams,,,foul,made,,,,
Bobby Brown,Darius Songaila,Hilton Armstrong,James Posey,Marcus Thornton,Al Horford,Joe Johnson,Josh Smith,Marvin Williams,Mike Bibby,2,6:17,ATL,sub,,,,Joe Johnson,,Jamal Crawford,,,,,,,,,,,,
Darius Songaila,Hilton Armstrong,James Posey,Marcus Thornton,Peja Stojakovic,Al Horford,Joe Johnson,Josh Smith,Marvin Williams,Mike Bibby,2,6:17,NOH,sub,,,,Peja Stojakovic,,Bobby Brown,,,,,,,,,,,,
Darius Songaila,Emeka Okafor,Hilton Armstrong,Marcus Thornton,Peja Stojakovic,Al Horford,Joe Johnson,Josh Smith,Marvin Williams,Mike Bibby,2,6:17,NOH,sub,,,,Emeka Okafor,,James Posey,,,,,,,,,,,,
Darius Songaila,Darren Collison,Emeka Okafor,Marcus Thornton,Peja Stojakovic,Al Horford,Joe Johnson,Josh Smith,Marvin Williams,Mike Bibby,2,6:17,NOH,sub,,,,Darren Collison,,Hilton Armstrong,,,,,,,,,,,,
Darius Songaila,Darren Collison,Emeka Okafor,Marcus Thornton,Peja Stojakovic,Al Horford,Joe Johnson,Josh Smith,Marvin Williams,Mike Bibby,2,6:17,ATL,free throw,,,,,,,2,,2,Marvin Williams,,,foul,missed,,,,
Darius Songaila,Darren Collison,Emeka Okafor,Marcus Thornton,Peja Stojakovic,Al Horford,Joe Johnson,Josh Smith,Marvin Williams,Mike Bibby,2,6:15,NOH,rebound,,,,,,,,,,Darius Songaila,,,,,,def,,
Darius Songaila,Darren Collison,Emeka Okafor,Marcus Thornton,Peja Stojakovic,Al Horford,Joe Johnson,Josh Smith,Marvin Williams,Mike Bibby,2,5:58,NOH,shot,,,,,,,,,,Darius Songaila,2,,,made,,driving jump,26,10
Darius Songaila,Darren Collison,Emeka Okafor,Marcus Thornton,Peja Stojakovic,Al Horford,Joe Johnson,Josh Smith,Marvin Williams,Mike Bibby,2,5:36,ATL,shot,Al Horford,,,,,,,,,Mike Bibby,2,,,made,,driving reverse layup,23,6
Darius Songaila,Darren Collison,Emeka Okafor,Marcus Thornton,Peja Stojakovic,Al Horford,Joe Johnson,Josh Smith,Marvin Williams,Mike Bibby,2,5:20,NOH,shot,,,,,,,,,,Marcus Thornton,,,,missed,,3pt,2,19
Darius Songaila,Darren Collison,Emeka Okafor,Marcus Thornton,Peja Stojakovic,Al Horford,Joe Johnson,Josh Smith,Marvin Williams,Mike Bibby,2,5:19,ATL,rebound,,,,,,,,,,Josh Smith,,,,,,def,,
Darius Songaila,Darren Collison,Emeka Okafor,Marcus Thornton,Peja Stojakovic,Al Horford,Joe Johnson,Josh Smith,Marvin Williams,Mike Bibby,2,5:09,ATL,turnover,,,,,,,,,,Mike Bibby,,,bad pass,,Emeka Okafor,,,
Darius Songaila,Darren Collison,Emeka Okafor,Marcus Thornton,Peja Stojakovic,Al Horford,Joe Johnson,Josh Smith,Marvin Williams,Mike Bibby,2,5:08,NOH,turnover,,,,,,,,,,Emeka Okafor,,,bad pass,,Mike Bibby,,,
Darius Songaila,Darren Collison,Emeka Okafor,Marcus Thornton,Peja Stojakovic,Al Horford,Joe Johnson,Josh Smith,Marvin Williams,Mike Bibby,2,5:08,NOH,foul,,,,,,,,Mike Bibby,,Darren Collison,,,,,,personal,,
Darius Songaila,Darren Collison,Emeka Okafor,Marcus Thornton,Peja Stojakovic,Al Horford,Joe Johnson,Josh Smith,Marvin Williams,Mike Bibby,2,5:08,ATL,timeout,,,,,,,,,,,,,,,,regular,,
Darius Songaila,Darren Collison,David West,Emeka Okafor,Peja Stojakovic,Al Horford,Joe Johnson,Josh Smith,Marvin Williams,Mike Bibby,2,5:08,NOH,sub,,,,David West,,Marcus Thornton,,,,,,,,,,,,
Darren Collison,David West,Devin Brown,Emeka Okafor,Peja Stojakovic,Al Horford,Joe Johnson,Josh Smith,Marvin Williams,Mike Bibby,2,5:08,NOH,sub,,,,Devin Brown,,Darius Songaila,,,,,,,,,,,,
Darren Collison,David West,Devin Brown,Emeka Okafor,Peja Stojakovic,Al Horford,Joe Johnson,Josh Smith,Marvin Williams,Mike Bibby,2,5:00,ATL,shot,,,,,,,,,,Joe Johnson,,,,missed,,fade away jumper,23,17
Darren Collison,David West,Devin Brown,Emeka Okafor,Peja Stojakovic,Al Horford,Joe Johnson,Josh Smith,Marvin Williams,Mike Bibby,2,4:58,NOH,rebound,,,,,,,,,,Emeka Okafor,,,,,,def,,
Darren Collison,David West,Devin Brown,Emeka Okafor,Peja Stojakovic,Al Horford,Joe Johnson,Josh Smith,Marvin Williams,Mike Bibby,2,4:48,NOH,shot,,,,,,,,,,Peja Stojakovic,,,,missed,,jump,7,18
Darren Collison,David West,Devin Brown,Emeka Okafor,Peja Stojakovic,Al Horford,Joe Johnson,Josh Smith,Marvin Williams,Mike Bibby,2,4:46,ATL,rebound,,,,,,,,,,Joe Johnson,,,,,,def,,
Darren Collison,David West,Devin Brown,Emeka Okafor,Peja Stojakovic,Al Horford,Joe Johnson,Josh Smith,Marvin Williams,Mike Bibby,2,4:43,ATL,turnover,,,,,,,,,,Joe Johnson,,,bad pass,,Darren Collison,,,
Darren Collison,David West,Devin Brown,Emeka Okafor,Peja Stojakovic,Al Horford,Joe Johnson,Josh Smith,Marvin Williams,Mike Bibby,2,4:28,NOH,shot,,,,,,,,,,Devin Brown,,,,missed,,driving jump,24,12
Darren Collison,David West,Devin Brown,Emeka Okafor,Peja Stojakovic,Al Horford,Joe Johnson,Josh Smith,Marvin Williams,Mike Bibby,2,4:27,ATL,rebound,,,,,,,,,,Josh Smith,,,,,,def,,
Darren Collison,David West,Devin Brown,Emeka Okafor,Peja Stojakovic,Al Horford,Joe Johnson,Josh Smith,Marvin Williams,Mike Bibby,2,4:09,ATL,shot,,,,,,,,,,Marvin Williams,,,,missed,,driving layup,27,6
Darren Collison,David West,Devin Brown,Emeka Okafor,Peja Stojakovic,Al Horford,Joe Johnson,Josh Smith,Marvin Williams,Mike Bibby,2,4:08,NOH,rebound,,,,,,,,,,Emeka Okafor,,,,,,def,,
Darren Collison,David West,Devin Brown,Emeka Okafor,Peja Stojakovic,Al Horford,Joe Johnson,Josh Smith,Marvin Williams,Mike Bibby,2,3:54,NOH,shot,,,,,,,,,,Darren Collison,2,,,made,,driving layup,22,7
Darren Collison,David West,Devin Brown,Emeka Okafor,Peja Stojakovic,Al Horford,Joe Johnson,Josh Smith,Marvin Williams,Mike Bibby,2,3:28,NOH,foul,,,,,,,,Joe Johnson,,Devin Brown,,,,,,shooting,,
Darren Collison,David West,Devin Brown,Emeka Okafor,Peja Stojakovic,Al Horford,Joe Johnson,Josh Smith,Marvin Williams,Mike Bibby,2,3:28,ATL,free throw,,,,,,,1,,3,Joe Johnson,,,foul,missed,,,,
Darren Collison,David West,Devin Brown,Emeka Okafor,Peja Stojakovic,Al Horford,Joe Johnson,Josh Smith,Marvin Williams,Mike Bibby,2,3:28,ATL,rebound,,,,,,,,,,,,,,,,,,
Darren Collison,David West,Devin Brown,Emeka Okafor,Peja Stojakovic,Al Horford,Joe Johnson,Josh Smith,Marvin Williams,Mike Bibby,2,3:28,ATL,free throw,,,,,,,2,,3,Joe Johnson,,,foul,missed,,,,
Darren Collison,David West,Devin Brown,Emeka Okafor,Peja Stojakovic,Al Horford,Joe Johnson,Josh Smith,Marvin Williams,Mike Bibby,2,3:28,ATL,rebound,,,,,,,,,,,,,,,,,,
Darren Collison,David West,Devin Brown,Emeka Okafor,Peja Stojakovic,Al Horford,Joe Johnson,Josh Smith,Marvin Williams,Mike Bibby,2,3:28,ATL,free throw,,,,,,,3,,3,Joe Johnson,,,foul,made,,,,
Darren Collison,David West,Devin Brown,Emeka Okafor,Peja Stojakovic,Al Horford,Joe Johnson,Josh Smith,Marvin Williams,Mike Bibby,2,3:13,NOH,shot,,,,,,,,,,Peja Stojakovic,2,,,made,,jump,16,21
Darren Collison,David West,Devin Brown,Emeka Okafor,Peja Stojakovic,Al Horford,Joe Johnson,Josh Smith,Marvin Williams,Mike Bibby,2,3:00,ATL,shot,Josh Smith,,,,,,,,,Mike Bibby,3,,,made,,3pt,10,27
Darren Collison,David West,Devin Brown,Emeka Okafor,Peja Stojakovic,Al Horford,Joe Johnson,Josh Smith,Marvin Williams,Mike Bibby,2,2:46,NOH,shot,,,,,,,,,,Peja Stojakovic,,,,missed,,3pt,38,30
Darren Collison,David West,Devin Brown,Emeka Okafor,Peja Stojakovic,Al Horford,Joe Johnson,Josh Smith,Marvin Williams,Mike Bibby,2,2:43,ATL,rebound,,,,,,,,,,Josh Smith,,,,,,def,,
Darren Collison,David West,Devin Brown,Emeka Okafor,Peja Stojakovic,Al Horford,Joe Johnson,Josh Smith,Marvin Williams,Mike Bibby,2,2:39,ATL,shot,,,,,,,,,,Marvin Williams,,,,missed,,jump,21,7
Darren Collison,David West,Devin Brown,Emeka Okafor,Peja Stojakovic,Al Horford,Joe Johnson,Josh Smith,Marvin Williams,Mike Bibby,2,2:36,ATL,rebound,,,,,,,,,,Joe Johnson,,,,,,off,,
Darren Collison,David West,Devin Brown,Emeka Okafor,Peja Stojakovic,Al Horford,Joe Johnson,Josh Smith,Marvin Williams,Mike Bibby,2,2:36,ATL,shot,,,,,,,,,,Joe Johnson,2,,,made,,tip,25,6
Darren Collison,David West,Devin Brown,Emeka Okafor,Peja Stojakovic,Al Horford,Joe Johnson,Josh Smith,Marvin Williams,Mike Bibby,2,2:23,NOH,turnover,,,,,,,,,,Devin Brown,,,traveling,,,,,
Darren Collison,David West,Devin Brown,Emeka Okafor,Peja Stojakovic,Al Horford,Joe Johnson,Josh Smith,Marvin Williams,Mike Bibby,2,2:23,NOH,timeout,,,,,,,,,,,,,,,,regular,,
Darren Collison,David West,Devin Brown,Emeka Okafor,Peja Stojakovic,Al Horford,Joe Johnson,Josh Smith,Marvin Williams,Mike Bibby,2,2:14,ATL,shot,Joe Johnson,,,,,,,,,Josh Smith,2,,,made,,alley oop dunk,25,6
Darren Collison,David West,Devin Brown,Emeka Okafor,Peja Stojakovic,Al Horford,Joe Johnson,Josh Smith,Marvin Williams,Mike Bibby,2,1:56,NOH,shot,David West,,,,,,,,,Devin Brown,3,,,made,,3pt,14,29
Darren Collison,David West,Devin Brown,Emeka Okafor,Peja Stojakovic,Al Horford,Joe Johnson,Josh Smith,Marvin Williams,Mike Bibby,2,1:38,ATL,shot,Mike Bibby,,,,,,,,,Al Horford,2,,,made,,dunk,25,6
Darren Collison,David West,Devin Brown,Emeka Okafor,Peja Stojakovic,Al Horford,Joe Johnson,Josh Smith,Marvin Williams,Mike Bibby,2,1:18,NOH,shot,Devin Brown,,,,,,,,,David West,2,,,made,,layup,28,6
Darren Collison,David West,Devin Brown,Emeka Okafor,Peja Stojakovic,Al Horford,Joe Johnson,Josh Smith,Marvin Williams,Mike Bibby,2,1:16,ATL,turnover,,,,,,,,,,Mike Bibby,,,traveling,,,,,
Darren Collison,David West,Devin Brown,Emeka Okafor,Peja Stojakovic,Al Horford,Joe Johnson,Josh Smith,Marvin Williams,Mike Bibby,2,1:04,NOH,shot,,,,,,,,,,Devin Brown,,,,missed,,3pt,13,29
Darren Collison,David West,Devin Brown,Emeka Okafor,Peja Stojakovic,Al Horford,Joe Johnson,Josh Smith,Marvin Williams,Mike Bibby,2,1:02,ATL,rebound,,,,,,,,,,Josh Smith,,,,,,def,,
Darren Collison,David West,Devin Brown,Emeka Okafor,Peja Stojakovic,Al Horford,Joe Johnson,Josh Smith,Marvin Williams,Mike Bibby,2,0:59,ATL,shot,Joe Johnson,,,,,,,,,Marvin Williams,2,,,made,,alley oop dunk,25,6
Darren Collison,David West,Devin Brown,Emeka Okafor,Peja Stojakovic,Al Horford,Joe Johnson,Josh Smith,Marvin Williams,Mike Bibby,2,0:44,NOH,turnover,,,,,,,,,,Darren Collison,,,out of bounds lost ball turnover,,,,,
Darren Collison,David West,Devin Brown,Emeka Okafor,Peja Stojakovic,Al Horford,Joe Johnson,Josh Smith,Marvin Williams,Mike Bibby,2,0:29,ATL,shot,,,,,,,,,,Marvin Williams,,,,missed,,3pt,41,26
Darren Collison,David West,Devin Brown,Emeka Okafor,Peja Stojakovic,Al Horford,Joe Johnson,Josh Smith,Marvin Williams,Mike Bibby,2,0:28,NOH,rebound,,,,,,,,,,Devin Brown,,,,,,def,,
Darren Collison,David West,Devin Brown,Emeka Okafor,Peja Stojakovic,Al Horford,Joe Johnson,Josh Smith,Marvin Williams,Mike Bibby,2,0:04,NOH,shot,,,,,,,,,,Darren Collison,,,,missed,,jump,15,21
Darren Collison,David West,Devin Brown,Emeka Okafor,Peja Stojakovic,Al Horford,Joe Johnson,Josh Smith,Marvin Williams,Mike Bibby,2,0:04,NOH,rebound,,,,,,,,,,Emeka Okafor,,,,,,off,,
Darren Collison,David West,Devin Brown,Emeka Okafor,Peja Stojakovic,Al Horford,Joe Johnson,Josh Smith,Marvin Williams,Mike Bibby,2,0:04,NOH,shot,,,,,,,,,,Emeka Okafor,2,,,made,,tip,25,6
Darren Collison,David West,Devin Brown,Emeka Okafor,Peja Stojakovic,Al Horford,Joe Johnson,Josh Smith,Marvin Williams,Mike Bibby,2,0:02,ATL,shot,Joe Johnson,,,,,,,,,Al Horford,2,,,made,,dunk,25,6
Darren Collison,David West,Devin Brown,Emeka Okafor,Peja Stojakovic,Al Horford,Joe Johnson,Josh Smith,Marvin Williams,Mike Bibby,2,0:00,NOH,shot,,,,,,,,,,Devin Brown,,,,missed,,3pt,29,44
Darren Collison,David West,Devin Brown,Emeka Okafor,Peja Stojakovic,Al Horford,Joe Johnson,Josh Smith,Marvin Williams,Mike Bibby,2,0:00,NOH,rebound,,,,,,,,,,,,,,,,,,
Darren Collison,David West,Devin Brown,Emeka Okafor,Peja Stojakovic,Al Horford,Joe Johnson,Josh Smith,Marvin Williams,Mike Bibby,3,11:42,ATL,shot,,,,,,,,,,Joe Johnson,,,,missed,,jump,41,15
Darren Collison,David West,Devin Brown,Emeka Okafor,Peja Stojakovic,Al Horford,Joe Johnson,Josh Smith,Marvin Williams,Mike Bibby,3,11:39,ATL,rebound,,,,,,,,,,Al Horford,,,,,,off,,
Darren Collison,David West,Devin Brown,Emeka Okafor,Peja Stojakovic,Al Horford,Joe Johnson,Josh Smith,Marvin Williams,Mike Bibby,3,11:36,ATL,shot,,,,,,,,,,Mike Bibby,,,,missed,,3pt,26,31
Darren Collison,David West,Devin Brown,Emeka Okafor,Peja Stojakovic,Al Horford,Joe Johnson,Josh Smith,Marvin Williams,Mike Bibby,3,11:34,ATL,rebound,,,,,,,,,,Al Horford,,,,,,off,,
Darren Collison,David West,Devin Brown,Emeka Okafor,Peja Stojakovic,Al Horford,Joe Johnson,Josh Smith,Marvin Williams,Mike Bibby,3,11:30,ATL,shot,,,,,,,,,,Marvin Williams,,,,missed,,jump,17,8
Darren Collison,David West,Devin Brown,Emeka Okafor,Peja Stojakovic,Al Horford,Joe Johnson,Josh Smith,Marvin Williams,Mike Bibby,3,11:30,ATL,rebound,,,,,,,,,,Josh Smith,,,,,,off,,
Darren Collison,David West,Devin Brown,Emeka Okafor,Peja Stojakovic,Al Horford,Joe Johnson,Josh Smith,Marvin Williams,Mike Bibby,3,11:30,NOH,violation,,,,,,,,,,Emeka Okafor,,,,,,defensive goaltending,,
Darren Collison,David West,Devin Brown,Emeka Okafor,Peja Stojakovic,Al Horford,Joe Johnson,Josh Smith,Marvin Williams,Mike Bibby,3,11:30,ATL,shot,,,,,,,,,,Josh Smith,2,,,made,,putback layup,25,6
Darren Collison,David West,Devin Brown,Emeka Okafor,Peja Stojakovic,Al Horford,Joe Johnson,Josh Smith,Marvin Williams,Mike Bibby,3,11:05,NOH,shot,,,,,,,,,,Devin Brown,,,,missed,,3pt,6,25
Darren Collison,David West,Devin Brown,Emeka Okafor,Peja Stojakovic,Al Horford,Joe Johnson,Josh Smith,Marvin Williams,Mike Bibby,3,11:05,NOH,rebound,,,,,,,,,,,,,,,,,,
Darren Collison,David West,Devin Brown,Emeka Okafor,Peja Stojakovic,Al Horford,Joe Johnson,Josh Smith,Marvin Williams,Mike Bibby,3,11:05,NOH,turnover,,,,,,,,,,,,,shot clock turnover,,,,,
Darren Collison,David West,Devin Brown,Emeka Okafor,Peja Stojakovic,Al Horford,Joe Johnson,Josh Smith,Marvin Williams,Mike Bibby,3,10:46,ATL,shot,,,,,,,,,,Josh Smith,,,,missed,,jump,14,24
Darren Collison,David West,Devin Brown,Emeka Okafor,Peja Stojakovic,Al Horford,Joe Johnson,Josh Smith,Marvin Williams,Mike Bibby,3,10:44,NOH,rebound,,,,,,,,,,Peja Stojakovic,,,,,,def,,
Darren Collison,David West,Devin Brown,Emeka Okafor,Peja Stojakovic,Al Horford,Joe Johnson,Josh Smith,Marvin Williams,Mike Bibby,3,10:39,NOH,shot,,,Josh Smith,,,,,,,Darren Collison,,,,missed,,driving layup,27,6
Darren Collison,David West,Devin Brown,Emeka Okafor,Peja Stojakovic,Al Horford,Joe Johnson,Josh Smith,Marvin Williams,Mike Bibby,3,10:39,NOH,rebound,,,,,,,,,,,,,,,,,,
Darren Collison,David West,Devin Brown,Emeka Okafor,Peja Stojakovic,Al Horford,Joe Johnson,Josh Smith,Marvin Williams,Mike Bibby,3,10:34,NOH,foul,,,,,,,,Josh Smith,,David West,,,,,,offensive,,
Darren Collison,David West,Devin Brown,Emeka Okafor,Peja Stojakovic,Al Horford,Joe Johnson,Josh Smith,Marvin Williams,Mike Bibby,3,10:34,NOH,turnover,,,,,,,,,,David West,,,foul,,,,,
Darren Collison,David West,Devin Brown,Emeka Okafor,Peja Stojakovic,Al Horford,Joe Johnson,Josh Smith,Marvin Williams,Mike Bibby,3,10:19,ATL,shot,,,,,,,,,,Marvin Williams,,,,missed,,hook,30,8
Darren Collison,David West,Devin Brown,Emeka Okafor,Peja Stojakovic,Al Horford,Joe Johnson,Josh Smith,Marvin Williams,Mike Bibby,3,10:17,NOH,rebound,,,,,,,,,,David West,,,,,,def,,
Darren Collison,David West,Devin Brown,Emeka Okafor,Peja Stojakovic,Al Horford,Joe Johnson,Josh Smith,Marvin Williams,Mike Bibby,3,10:05,NOH,shot,,,,,,,,,,Emeka Okafor,,,,missed,,hook,23,10
Darren Collison,David West,Devin Brown,Emeka Okafor,Peja Stojakovic,Al Horford,Joe Johnson,Josh Smith,Marvin Williams,Mike Bibby,3,10:02,NOH,rebound,,,,,,,,,,Emeka Okafor,,,,,,off,,
Darren Collison,David West,Devin Brown,Emeka Okafor,Peja Stojakovic,Al Horford,Joe Johnson,Josh Smith,Marvin Williams,Mike Bibby,3,10:01,NOH,shot,,,,,,,,,,Emeka Okafor,2,,,made,,putback layup,25,6
Darren Collison,David West,Devin Brown,Emeka Okafor,Peja Stojakovic,Al Horford,Joe Johnson,Josh Smith,Marvin Williams,Mike Bibby,3,9:44,ATL,shot,Joe Johnson,,,,,,,,,Al Horford,2,,,made,,jump,20,17
Darren Collison,David West,Devin Brown,Emeka Okafor,Peja Stojakovic,Al Horford,Joe Johnson,Josh Smith,Marvin Williams,Mike Bibby,3,9:25,NOH,shot,,,,,,,,,,Darren Collison,,,,missed,,jump,24,22
Darren Collison,David West,Devin Brown,Emeka Okafor,Peja Stojakovic,Al Horford,Joe Johnson,Josh Smith,Marvin Williams,Mike Bibby,3,9:24,ATL,rebound,,,,,,,,,,Al Horford,,,,,,def,,
Darren Collison,David West,Devin Brown,Emeka Okafor,Peja Stojakovic,Al Horford,Joe Johnson,Josh Smith,Marvin Williams,Mike Bibby,3,9:15,ATL,shot,,,,,,,,,,Marvin Williams,,,,missed,,jump,16,21
Darren Collison,David West,Devin Brown,Emeka Okafor,Peja Stojakovic,Al Horford,Joe Johnson,Josh Smith,Marvin Williams,Mike Bibby,3,9:14,NOH,rebound,,,,,,,,,,Emeka Okafor,,,,,,def,,
Darren Collison,David West,Devin Brown,Emeka Okafor,Peja Stojakovic,Al Horford,Joe Johnson,Josh Smith,Marvin Williams,Mike Bibby,3,9:01,NOH,shot,,,,,,,,,,David West,,,,missed,,jump,41,9
Darren Collison,David West,Devin Brown,Emeka Okafor,Peja Stojakovic,Al Horford,Joe Johnson,Josh Smith,Marvin Williams,Mike Bibby,3,9:00,ATL,rebound,,,,,,,,,,Marvin Williams,,,,,,def,,
Darren Collison,David West,Devin Brown,Emeka Okafor,Peja Stojakovic,Al Horford,Joe Johnson,Josh Smith,Marvin Williams,Mike Bibby,3,8:51,NOH,foul,,,,,,,,Joe Johnson,,Devin Brown,,,,,,personal,,
Darren Collison,David West,Devin Brown,Emeka Okafor,Peja Stojakovic,Al Horford,Joe Johnson,Josh Smith,Marvin Williams,Mike Bibby,3,8:44,NOH,foul,,,,,,,,Joe Johnson,,Devin Brown,,,,,,shooting,,
Darren Collison,David West,Devin Brown,Emeka Okafor,Peja Stojakovic,Al Horford,Joe Johnson,Josh Smith,Marvin Williams,Mike Bibby,3,8:44,ATL,free throw,,,,,,,1,,2,Joe Johnson,,,foul,made,,,,
Darren Collison,David West,Devin Brown,Emeka Okafor,Peja Stojakovic,Al Horford,Joe Johnson,Josh Smith,Marvin Williams,Mike Bibby,3,8:44,ATL,free throw,,,,,,,2,,2,Joe Johnson,,,foul,missed,,,,
Darren Collison,David West,Devin Brown,Emeka Okafor,Peja Stojakovic,Al Horford,Joe Johnson,Josh Smith,Marvin Williams,Mike Bibby,3,8:43,NOH,rebound,,,,,,,,,,David West,,,,,,def,,
Darren Collison,David West,Devin Brown,Emeka Okafor,Peja Stojakovic,Al Horford,Joe Johnson,Josh Smith,Marvin Williams,Mike Bibby,3,8:23,NOH,shot,,,,,,,,,,Peja Stojakovic,2,,,made,,turnaround jump,35,25
Darren Collison,David West,Devin Brown,Emeka Okafor,Peja Stojakovic,Al Horford,Joe Johnson,Josh Smith,Marvin Williams,Mike Bibby,3,8:07,ATL,shot,,,Emeka Okafor,,,,,,,Joe Johnson,,,,missed,,jump,29,7
Darren Collison,David West,Devin Brown,Emeka Okafor,Peja Stojakovic,Al Horford,Joe Johnson,Josh Smith,Marvin Williams,Mike Bibby,3,8:05,ATL,rebound,,,,,,,,,,Marvin Williams,,,,,,off,,
Darren Collison,David West,Devin Brown,Emeka Okafor,Peja Stojakovic,Al Horford,Joe Johnson,Josh Smith,Marvin Williams,Mike Bibby,3,8:02,ATL,shot,,,,,,,,,,Al Horford,,,,missed,,jump,27,12
Darren Collison,David West,Devin Brown,Emeka Okafor,Peja Stojakovic,Al Horford,Joe Johnson,Josh Smith,Marvin Williams,Mike Bibby,3,8:01,NOH,rebound,,,,,,,,,,Emeka Okafor,,,,,,def,,
Darren Collison,David West,Devin Brown,Emeka Okafor,Peja Stojakovic,Al Horford,Joe Johnson,Josh Smith,Marvin Williams,Mike Bibby,3,7:52,NOH,foul,,,,,,,,Marvin Williams,,David West,,,,,,offensive,,
Darren Collison,David West,Devin Brown,Emeka Okafor,Peja Stojakovic,Al Horford,Joe Johnson,Josh Smith,Marvin Williams,Mike Bibby,3,7:52,NOH,turnover,,,,,,,,,,David West,,,foul,,,,,
Darren Collison,David West,Devin Brown,Emeka Okafor,Peja Stojakovic,Al Horford,Joe Johnson,Josh Smith,Marvin Williams,Mike Bibby,3,7:35,ATL,shot,,,,,,,,,,Joe Johnson,2,,,made,,jump,21,10
Darren Collison,David West,Devin Brown,Emeka Okafor,Peja Stojakovic,Al Horford,Joe Johnson,Josh Smith,Marvin Williams,Mike Bibby,3,7:20,NOH,shot,,,,,,,,,,Emeka Okafor,,,,missed,,hook,23,10
Darren Collison,David West,Devin Brown,Emeka Okafor,Peja Stojakovic,Al Horford,Joe Johnson,Josh Smith,Marvin Williams,Mike Bibby,3,7:18,NOH,rebound,,,,,,,,,,David West,,,,,,off,,
Darren Collison,David West,Devin Brown,Emeka Okafor,Peja Stojakovic,Al Horford,Joe Johnson,Josh Smith,Marvin Williams,Mike Bibby,3,7:18,NOH,shot,,,,,,,,,,David West,,,,missed,,tip,25,6
Darren Collison,David West,Devin Brown,Emeka Okafor,Peja Stojakovic,Al Horford,Joe Johnson,Josh Smith,Marvin Williams,Mike Bibby,3,7:17,ATL,rebound,,,,,,,,,,Josh Smith,,,,,,def,,
Darren Collison,David West,Devin Brown,Emeka Okafor,Peja Stojakovic,Al Horford,Joe Johnson,Josh Smith,Marvin Williams,Mike Bibby,3,7:09,ATL,shot,,,,,,,,,,Josh Smith,2,,,made,,running layup,25,6
Darren Collison,David West,Devin Brown,Emeka Okafor,Peja Stojakovic,Al Horford,Joe Johnson,Josh Smith,Marvin Williams,Mike Bibby,3,7:01,NOH,timeout,,,,,,,,,,,,,,,,regular,,
Darren Collison,David West,Devin Brown,Emeka Okafor,Peja Stojakovic,Al Horford,Jamal Crawford,Joe Johnson,Josh Smith,Mike Bibby,3,7:01,ATL,sub,,,,Jamal Crawford,,Marvin Williams,,,,,,,,,,,,
Darren Collison,David West,Devin Brown,Emeka Okafor,Peja Stojakovic,Al Horford,Jamal Crawford,Joe Johnson,Josh Smith,Mike Bibby,3,6:46,NOH,shot,David West,,,,,,,,,Peja Stojakovic,3,,,made,,3pt,33,30
Darren Collison,David West,Devin Brown,Emeka Okafor,Peja Stojakovic,Al Horford,Jamal Crawford,Joe Johnson,Josh Smith,Mike Bibby,3,6:24,ATL,shot,Josh Smith,,,,,,,,,Jamal Crawford,3,,,made,,3pt,2,14
Darren Collison,David West,Devin Brown,Emeka Okafor,Peja Stojakovic,Al Horford,Jamal Crawford,Joe Johnson,Josh Smith,Mike Bibby,3,6:07,NOH,turnover,,,,,,,,,,Emeka Okafor,,,3 second violation,,,,,
Darren Collison,David West,Devin Brown,Emeka Okafor,Peja Stojakovic,Al Horford,Jamal Crawford,Joe Johnson,Josh Smith,Mike Bibby,3,5:56,ATL,shot,Josh Smith,,,,,,,,,Joe Johnson,2,,,made,,running layup,25,6
Darren Collison,David West,Devin Brown,Emeka Okafor,Peja Stojakovic,Al Horford,Jamal Crawford,Joe Johnson,Josh Smith,Mike Bibby,3,5:44,NOH,shot,,,,,,,,,,Darren Collison,2,,,made,,jump,9,19
Darren Collison,David West,Devin Brown,Emeka Okafor,Peja Stojakovic,Al Horford,Jamal Crawford,Joe Johnson,Josh Smith,Mike Bibby,3,5:22,ATL,shot,,,,,,,,,,Mike Bibby,2,,,made,,running hook,26,11
Darren Collison,David West,Devin Brown,Emeka Okafor,Peja Stojakovic,Al Horford,Jamal Crawford,Joe Johnson,Josh Smith,Mike Bibby,3,5:03,NOH,shot,Devin Brown,,,,,,,,,Darren Collison,2,,,made,,jump,35,25
Darren Collison,David West,Devin Brown,Emeka Okafor,Peja Stojakovic,Al Horford,Jamal Crawford,Joe Johnson,Josh Smith,Mike Bibby,3,4:41,ATL,shot,,,,,,,,,,Jamal Crawford,,,,missed,,3pt,48,9
Darren Collison,David West,Devin Brown,Emeka Okafor,Peja Stojakovic,Al Horford,Jamal Crawford,Joe Johnson,Josh Smith,Mike Bibby,3,4:39,ATL,rebound,,,,,,,,,,,,,,,,,,
Darren Collison,David West,Devin Brown,Emeka Okafor,Peja Stojakovic,Al Horford,Jamal Crawford,Joe Johnson,Josh Smith,Maurice Evans,3,4:39,ATL,sub,,,,Maurice Evans,,Mike Bibby,,,,,,,,,,,,
Bobby Brown,Darren Collison,David West,Devin Brown,Emeka Okafor,Al Horford,Jamal Crawford,Joe Johnson,Josh Smith,Maurice Evans,3,4:39,NOH,sub,,,,Bobby Brown,,Peja Stojakovic,,,,,,,,,,,,
Bobby Brown,Darren Collison,David West,Emeka Okafor,Marcus Thornton,Al Horford,Jamal Crawford,Joe Johnson,Josh Smith,Maurice Evans,3,4:39,NOH,sub,,,,Marcus Thornton,,Devin Brown,,,,,,,,,,,,
Bobby Brown,David West,Emeka Okafor,James Posey,Marcus Thornton,Al Horford,Jamal Crawford,Joe Johnson,Josh Smith,Maurice Evans,3,4:39,NOH,sub,,,,James Posey,,Darren Collison,,,,,,,,,,,,
Bobby Brown,David West,Emeka Okafor,James Posey,Marcus Thornton,Al Horford,Jamal Crawford,Joe Johnson,Josh Smith,Maurice Evans,3,4:29,ATL,shot,,,,,,,,,,Joe Johnson,,,,missed,,fade away jumper,8,11
Bobby Brown,David West,Emeka Okafor,James Posey,Marcus Thornton,Al Horford,Jamal Crawford,Joe Johnson,Josh Smith,Maurice Evans,3,4:26,NOH,rebound,,,,,,,,,,Emeka Okafor,,,,,,def,,
Bobby Brown,David West,Emeka Okafor,James Posey,Marcus Thornton,Al Horford,Jamal Crawford,Joe Johnson,Josh Smith,Maurice Evans,3,4:19,NOH,shot,Marcus Thornton,,,,,,,,,Bobby Brown,3,,,made,,3pt,11,29
Bobby Brown,David West,Emeka Okafor,James Posey,Marcus Thornton,Al Horford,Jamal Crawford,Joe Johnson,Josh Smith,Maurice Evans,3,3:55,ATL,shot,Joe Johnson,,,,,,,,,Maurice Evans,2,,,made,,dunk,25,6
Bobby Brown,David West,Emeka Okafor,James Posey,Marcus Thornton,Al Horford,Jamal Crawford,Joe Johnson,Josh Smith,Maurice Evans,3,3:28,NOH,shot,,,,,,,,,,James Posey,,,,missed,,3pt,41,27
Bobby Brown,David West,Emeka Okafor,James Posey,Marcus Thornton,Al Horford,Jamal Crawford,Joe Johnson,Josh Smith,Maurice Evans,3,3:26,NOH,rebound,,,,,,,,,,David West,,,,,,off,,
Bobby Brown,David West,Emeka Okafor,James Posey,Marcus Thornton,Al Horford,Jamal Crawford,Joe Johnson,Josh Smith,Maurice Evans,3,3:12,NOH,shot,Bobby Brown,,,,,,,,,David West,2,,,made,,layup,27,6
Bobby Brown,David West,Emeka Okafor,James Posey,Marcus Thornton,Al Horford,Jamal Crawford,Joe Johnson,Josh Smith,Maurice Evans,3,2:54,ATL,timeout,,,,,,,,,,,,,,,,regular,,
Bobby Brown,David West,Emeka Okafor,James Posey,Marcus Thornton,Jamal Crawford,Jeff Teague,Joe Johnson,Josh Smith,Maurice Evans,3,2:54,ATL,sub,,,,Jeff Teague,,Al Horford,,,,,,,,,,,,
Bobby Brown,David West,Emeka Okafor,James Posey,Marcus Thornton,Jamal Crawford,Jeff Teague,Josh Smith,Maurice Evans,Zaza Pachulia,3,2:54,ATL,sub,,,,Zaza Pachulia,,Joe Johnson,,,,,,,,,,,,
Bobby Brown,David West,Emeka Okafor,James Posey,Marcus Thornton,Jamal Crawford,Jeff Teague,Josh Smith,Maurice Evans,Zaza Pachulia,3,2:46,ATL,shot,,,,,,,,,,Josh Smith,,,,missed,,driving jump,27,10
Bobby Brown,David West,Emeka Okafor,James Posey,Marcus Thornton,Jamal Crawford,Jeff Teague,Josh Smith,Maurice Evans,Zaza Pachulia,3,2:45,NOH,rebound,,,,,,,,,,David West,,,,,,def,,
Bobby Brown,David West,Emeka Okafor,James Posey,Marcus Thornton,Jamal Crawford,Jeff Teague,Josh Smith,Maurice Evans,Zaza Pachulia,3,2:33,NOH,turnover,,,,,,,,,,Bobby Brown,,,bad pass,,Josh Smith,,,
Bobby Brown,David West,Emeka Okafor,James Posey,Marcus Thornton,Jamal Crawford,Jeff Teague,Josh Smith,Maurice Evans,Zaza Pachulia,3,2:30,ATL,shot,Jamal Crawford,,,,,,,,,Josh Smith,2,,,made,,alley oop dunk,25,6
Bobby Brown,David West,Emeka Okafor,James Posey,Marcus Thornton,Jamal Crawford,Jeff Teague,Josh Smith,Maurice Evans,Zaza Pachulia,3,2:10,ATL,foul,,,,,,,,Bobby Brown,,Jeff Teague,,,,,,personal,,
Bobby Brown,David West,Emeka Okafor,James Posey,Marcus Thornton,Jamal Crawford,Jeff Teague,Josh Smith,Maurice Evans,Zaza Pachulia,3,2:06,ATL,foul,,,,,,,,Emeka Okafor,,Zaza Pachulia,,,,,,shooting,,
Bobby Brown,David West,Emeka Okafor,James Posey,Marcus Thornton,Jamal Crawford,Jeff Teague,Josh Smith,Maurice Evans,Zaza Pachulia,3,2:06,NOH,free throw,,,,,,,1,,2,Emeka Okafor,,,foul,made,,,,
Bobby Brown,David West,Emeka Okafor,James Posey,Marcus Thornton,Jamal Crawford,Jeff Teague,Josh Smith,Maurice Evans,Zaza Pachulia,3,2:06,NOH,free throw,,,,,,,2,,2,Emeka Okafor,,,foul,made,,,,
Bobby Brown,David West,Emeka Okafor,James Posey,Marcus Thornton,Jamal Crawford,Jeff Teague,Josh Smith,Maurice Evans,Zaza Pachulia,3,1:52,ATL,shot,,,,,,,,,,Maurice Evans,,,,missed,,3pt,47,11
Bobby Brown,David West,Emeka Okafor,James Posey,Marcus Thornton,Jamal Crawford,Jeff Teague,Josh Smith,Maurice Evans,Zaza Pachulia,3,1:48,NOH,rebound,,,,,,,,,,Bobby Brown,,,,,,def,,
Bobby Brown,David West,Emeka Okafor,James Posey,Marcus Thornton,Jamal Crawford,Jeff Teague,Josh Smith,Maurice Evans,Zaza Pachulia,3,1:46,NOH,shot,Bobby Brown,,,,,,,,,James Posey,2,,,made,,running layup,26,5
Bobby Brown,David West,Emeka Okafor,James Posey,Marcus Thornton,Jamal Crawford,Jeff Teague,Josh Smith,Maurice Evans,Zaza Pachulia,3,1:46,ATL,foul,,,,,,,,James Posey,,Jamal Crawford,,,,,,shooting,,
Bobby Brown,David West,Emeka Okafor,James Posey,Marcus Thornton,Jamal Crawford,Jeff Teague,Josh Smith,Maurice Evans,Zaza Pachulia,3,1:46,NOH,free throw,,,,,,,1,,1,James Posey,,,foul,made,,,,
Bobby Brown,Darius Songaila,Emeka Okafor,James Posey,Marcus Thornton,Jamal Crawford,Jeff Teague,Josh Smith,Maurice Evans,Zaza Pachulia,3,1:35,NOH,sub,,,,Darius Songaila,,David West,,,,,,,,,,,,
Bobby Brown,Darius Songaila,Emeka Okafor,James Posey,Marcus Thornton,Jamal Crawford,Jeff Teague,Josh Smith,Maurice Evans,Zaza Pachulia,3,1:30,ATL,shot,,,Emeka Okafor,,,,,,,Jeff Teague,,,,missed,,driving layup,26,6
Bobby Brown,Darius Songaila,Emeka Okafor,James Posey,Marcus Thornton,Jamal Crawford,Jeff Teague,Josh Smith,Maurice Evans,Zaza Pachulia,3,1:28,NOH,rebound,,,,,,,,,,Darius Songaila,,,,,,def,,
Bobby Brown,Darius Songaila,Emeka Okafor,James Posey,Marcus Thornton,Jamal Crawford,Jeff Teague,Josh Smith,Maurice Evans,Zaza Pachulia,3,1:16,NOH,shot,,,,,,,,,,Marcus Thornton,,,,missed,,3pt,2,18
Bobby Brown,Darius Songaila,Emeka Okafor,James Posey,Marcus Thornton,Jamal Crawford,Jeff Teague,Josh Smith,Maurice Evans,Zaza Pachulia,3,1:14,ATL,rebound,,,,,,,,,,Zaza Pachulia,,,,,,def,,
Bobby Brown,Darius Songaila,Emeka Okafor,James Posey,Marcus Thornton,Jamal Crawford,Jeff Teague,Josh Smith,Maurice Evans,Zaza Pachulia,3,1:09,ATL,foul,,,,,,,,James Posey,,Jeff Teague,,,,,,offensive,,
Bobby Brown,Darius Songaila,Emeka Okafor,James Posey,Marcus Thornton,Jamal Crawford,Jeff Teague,Josh Smith,Maurice Evans,Zaza Pachulia,3,1:09,ATL,turnover,,,,,,,,,,Jeff Teague,,,foul,,,,,
Bobby Brown,Darius Songaila,Emeka Okafor,James Posey,Marcus Thornton,Jamal Crawford,Jeff Teague,Josh Smith,Maurice Evans,Zaza Pachulia,3,0:58,NOH,shot,,,,,,,,,,Marcus Thornton,,,,missed,,layup,23,6
Bobby Brown,Darius Songaila,Emeka Okafor,James Posey,Marcus Thornton,Jamal Crawford,Jeff Teague,Josh Smith,Maurice Evans,Zaza Pachulia,3,0:56,ATL,rebound,,,,,,,,,,Zaza Pachulia,,,,,,def,,
Bobby Brown,Darius Songaila,Emeka Okafor,James Posey,Marcus Thornton,Jamal Crawford,Jeff Teague,Josh Smith,Maurice Evans,Zaza Pachulia,3,0:51,ATL,shot,Jeff Teague,,,,,,,,,Jamal Crawford,2,,,made,,jump,39,17
Bobby Brown,Darius Songaila,Emeka Okafor,James Posey,Marcus Thornton,Jamal Crawford,Jeff Teague,Josh Smith,Maurice Evans,Zaza Pachulia,3,0:41,NOH,turnover,,,,,,,,,,Bobby Brown,,,bad pass,,Jamal Crawford,,,
Bobby Brown,Darius Songaila,Emeka Okafor,James Posey,Marcus Thornton,Jamal Crawford,Jeff Teague,Josh Smith,Maurice Evans,Zaza Pachulia,3,0:38,ATL,shot,Jamal Crawford,,,,,,,,,Josh Smith,2,,,made,,running layup,27,6
Bobby Brown,Darius Songaila,Emeka Okafor,James Posey,Marcus Thornton,Jamal Crawford,Jeff Teague,Josh Smith,Maurice Evans,Zaza Pachulia,3,0:38,NOH,foul,,,,,,,,Josh Smith,,Darius Songaila,,,,,,shooting,,
Bobby Brown,Darius Songaila,Emeka Okafor,James Posey,Marcus Thornton,Jamal Crawford,Jeff Teague,Josh Smith,Maurice Evans,Zaza Pachulia,3,0:38,ATL,free throw,,,,,,,1,,1,Josh Smith,,,foul,missed,,,,
Bobby Brown,Darius Songaila,Emeka Okafor,James Posey,Marcus Thornton,Jamal Crawford,Jeff Teague,Josh Smith,Maurice Evans,Zaza Pachulia,3,0:37,NOH,rebound,,,,,,,,,,Emeka Okafor,,,,,,def,,
Bobby Brown,Darius Songaila,Emeka Okafor,James Posey,Marcus Thornton,Jamal Crawford,Jeff Teague,Josh Smith,Maurice Evans,Zaza Pachulia,3,0:21,NOH,shot,Marcus Thornton,,,,,,,,,Darius Songaila,2,,,made,,reverse layup,27,6
Bobby Brown,Darius Songaila,Emeka Okafor,James Posey,Marcus Thornton,Jamal Crawford,Jeff Teague,Josh Smith,Maurice Evans,Zaza Pachulia,3,0:03,ATL,shot,,,,,,,,,,Jamal Crawford,2,,,made,,driving layup,26,7
Bobby Brown,Darius Songaila,Emeka Okafor,James Posey,Marcus Thornton,Jamal Crawford,Jeff Teague,Josh Smith,Maurice Evans,Zaza Pachulia,3,0:00,NOH,shot,,,,,,,,,,Bobby Brown,,,,missed,,3pt,2,45
Bobby Brown,Darius Songaila,Emeka Okafor,James Posey,Marcus Thornton,Jamal Crawford,Jeff Teague,Josh Smith,Maurice Evans,Zaza Pachulia,3,0:00,NOH,rebound,,,,,,,,,,,,,,,,,,
Bobby Brown,Darius Songaila,David West,James Posey,Marcus Thornton,Jamal Crawford,Jeff Teague,Joe Smith,Maurice Evans,Zaza Pachulia,4,11:45,NOH,shot,Darius Songaila,,,,,,,,,David West,2,,,made,,running layup,27,6
Bobby Brown,Darius Songaila,David West,James Posey,Marcus Thornton,Jamal Crawford,Jeff Teague,Joe Smith,Maurice Evans,Zaza Pachulia,4,11:21,ATL,turnover,,,,,,,,,,Joe Smith,,,lost ball,,Darius Songaila,,,
Bobby Brown,Darius Songaila,David West,James Posey,Marcus Thornton,Jamal Crawford,Jeff Teague,Joe Smith,Maurice Evans,Zaza Pachulia,4,11:16,NOH,shot,Darius Songaila,,,,,,,,,Marcus Thornton,2,,,made,,running layup,25,6
Bobby Brown,Darius Songaila,David West,James Posey,Marcus Thornton,Jamal Crawford,Jeff Teague,Joe Smith,Maurice Evans,Zaza Pachulia,4,10:55,ATL,shot,,,,,,,,,,Joe Smith,,,,missed,,turnaround jump,27,12
Bobby Brown,Darius Songaila,David West,James Posey,Marcus Thornton,Jamal Crawford,Jeff Teague,Joe Smith,Maurice Evans,Zaza Pachulia,4,10:52,NOH,rebound,,,,,,,,,,James Posey,,,,,,def,,
Bobby Brown,Darius Songaila,David West,James Posey,Marcus Thornton,Jamal Crawford,Jeff Teague,Joe Smith,Maurice Evans,Zaza Pachulia,4,10:40,NOH,shot,Bobby Brown,,,,,,,,,Darius Songaila,2,,,made,,running layup,23,6
Bobby Brown,Darius Songaila,David West,James Posey,Marcus Thornton,Jamal Crawford,Jeff Teague,Joe Smith,Maurice Evans,Zaza Pachulia,4,10:21,ATL,shot,,,,,,,,,,Jamal Crawford,2,,,made,,turnaround jump,27,15
Bobby Brown,Darius Songaila,David West,James Posey,Marcus Thornton,Jamal Crawford,Jeff Teague,Joe Smith,Maurice Evans,Zaza Pachulia,4,10:21,NOH,foul,,,,,,,,Jamal Crawford,,Marcus Thornton,,,,,,shooting,,
Bobby Brown,Darius Songaila,David West,James Posey,Peja Stojakovic,Jamal Crawford,Jeff Teague,Joe Smith,Maurice Evans,Zaza Pachulia,4,10:21,NOH,sub,,,,Peja Stojakovic,,Marcus Thornton,,,,,,,,,,,,
Bobby Brown,Darius Songaila,David West,James Posey,Peja Stojakovic,Jamal Crawford,Jeff Teague,Joe Smith,Maurice Evans,Zaza Pachulia,4,10:21,ATL,free throw,,,,,,,1,,1,Jamal Crawford,,,foul,made,,,,
Bobby Brown,Darius Songaila,David West,James Posey,Peja Stojakovic,Jamal Crawford,Jeff Teague,Joe Smith,Maurice Evans,Zaza Pachulia,4,10:08,NOH,jump ball,,Darius Songaila,,,Joe Smith,,,,,,,David West,,,,,,
Bobby Brown,Darius Songaila,David West,James Posey,Peja Stojakovic,Jamal Crawford,Jeff Teague,Joe Smith,Maurice Evans,Zaza Pachulia,4,9:54,NOH,shot,,,,,,,,,,Peja Stojakovic,,,,missed,,3pt,26,34
Bobby Brown,Darius Songaila,David West,James Posey,Peja Stojakovic,Jamal Crawford,Jeff Teague,Joe Smith,Maurice Evans,Zaza Pachulia,4,9:52,NOH,rebound,,,,,,,,,,James Posey,,,,,,off,,
Bobby Brown,Darius Songaila,David West,James Posey,Peja Stojakovic,Jamal Crawford,Jeff Teague,Joe Smith,Maurice Evans,Zaza Pachulia,4,9:48,NOH,shot,,,,,,,,,,James Posey,,,,missed,,3pt,48,12
Bobby Brown,Darius Songaila,David West,James Posey,Peja Stojakovic,Jamal Crawford,Jeff Teague,Joe Smith,Maurice Evans,Zaza Pachulia,4,9:48,NOH,rebound,,,,,,,,,,,,,,,,,,
Bobby Brown,Darius Songaila,David West,James Posey,Peja Stojakovic,Jamal Crawford,Jeff Teague,Joe Smith,Maurice Evans,Zaza Pachulia,4,9:48,ATL,foul,,,,,,,,Peja Stojakovic,,Maurice Evans,,,,,,loose ball,,
Bobby Brown,Darius Songaila,David West,James Posey,Peja Stojakovic,Jamal Crawford,Jeff Teague,Joe Smith,Maurice Evans,Zaza Pachulia,4,9:42,NOH,turnover,,,,,,,,,,Darius Songaila,,,bad pass,,Jamal Crawford,,,
Bobby Brown,Darius Songaila,David West,James Posey,Peja Stojakovic,Jamal Crawford,Jeff Teague,Joe Smith,Maurice Evans,Zaza Pachulia,4,9:28,ATL,shot,,,,,,,,,,Jeff Teague,,,,missed,,jump,24,24
Bobby Brown,Darius Songaila,David West,James Posey,Peja Stojakovic,Jamal Crawford,Jeff Teague,Joe Smith,Maurice Evans,Zaza Pachulia,4,9:28,NOH,rebound,,,,,,,,,,,,,,,,,,
Bobby Brown,Darius Songaila,David West,James Posey,Peja Stojakovic,Jamal Crawford,Jeff Teague,Joe Smith,Maurice Evans,Zaza Pachulia,4,9:28,ATL,foul,,,,,,,,Bobby Brown,,Maurice Evans,,,,,,loose ball,,
Bobby Brown,Darius Songaila,David West,James Posey,Peja Stojakovic,Jamal Crawford,Jeff Teague,Joe Johnson,Joe Smith,Zaza Pachulia,4,9:28,ATL,sub,,,,Joe Johnson,,Maurice Evans,,,,,,,,,,,,
Bobby Brown,Darius Songaila,David West,James Posey,Peja Stojakovic,Jamal Crawford,Jeff Teague,Joe Johnson,Joe Smith,Zaza Pachulia,4,9:15,NOH,shot,,,,,,,,,,Bobby Brown,2,,,made,,jump,36,21
Bobby Brown,Darius Songaila,David West,James Posey,Peja Stojakovic,Jamal Crawford,Jeff Teague,Joe Johnson,Joe Smith,Zaza Pachulia,4,9:01,NOH,foul,,,,,,,,Jamal Crawford,,James Posey,,,,,,shooting,,
Bobby Brown,Darius Songaila,David West,James Posey,Peja Stojakovic,Jamal Crawford,Jeff Teague,Joe Johnson,Joe Smith,Zaza Pachulia,4,9:01,ATL,free throw,,,,,,,1,,2,Jamal Crawford,,,foul,made,,,,
Bobby Brown,Darius Songaila,David West,James Posey,Peja Stojakovic,Jamal Crawford,Joe Johnson,Joe Smith,Mike Bibby,Zaza Pachulia,4,9:01,ATL,sub,,,,Mike Bibby,,Jeff Teague,,,,,,,,,,,,
Bobby Brown,Darius Songaila,David West,James Posey,Peja Stojakovic,Jamal Crawford,Joe Johnson,Joe Smith,Mike Bibby,Zaza Pachulia,4,9:01,ATL,free throw,,,,,,,2,,2,Jamal Crawford,,,foul,missed,,,,
Bobby Brown,Darius Songaila,David West,James Posey,Peja Stojakovic,Jamal Crawford,Joe Johnson,Joe Smith,Mike Bibby,Zaza Pachulia,4,9:00,NOH,rebound,,,,,,,,,,James Posey,,,,,,def,,
Bobby Brown,Darius Songaila,David West,James Posey,Peja Stojakovic,Jamal Crawford,Joe Johnson,Joe Smith,Mike Bibby,Zaza Pachulia,4,8:47,NOH,shot,James Posey,,,,,,,,,Peja Stojakovic,3,,,made,,3pt,25,30
Bobby Brown,Darius Songaila,David West,James Posey,Peja Stojakovic,Jamal Crawford,Joe Johnson,Joe Smith,Mike Bibby,Zaza Pachulia,4,8:22,NOH,foul,,,,,,,,Mike Bibby,,David West,,,,,,shooting,,
Bobby Brown,Darius Songaila,David West,James Posey,Peja Stojakovic,Jamal Crawford,Joe Johnson,Joe Smith,Mike Bibby,Zaza Pachulia,4,8:22,ATL,timeout,,,,,,,,,,,,,,,,official,,
Bobby Brown,Darius Songaila,David West,James Posey,Peja Stojakovic,Jamal Crawford,Joe Johnson,Joe Smith,Mike Bibby,Zaza Pachulia,4,8:22,ATL,free throw,,,,,,,1,,2,Mike Bibby,,,foul,missed,,,,
Bobby Brown,Darius Songaila,David West,James Posey,Peja Stojakovic,Jamal Crawford,Joe Johnson,Joe Smith,Mike Bibby,Zaza Pachulia,4,8:22,ATL,rebound,,,,,,,,,,,,,,,,,,
Bobby Brown,Darius Songaila,David West,James Posey,Peja Stojakovic,Jamal Crawford,Joe Johnson,Joe Smith,Mike Bibby,Zaza Pachulia,4,8:22,ATL,free throw,,,,,,,2,,2,Mike Bibby,,,foul,made,,,,
Bobby Brown,Darius Songaila,David West,James Posey,Peja Stojakovic,Jamal Crawford,Joe Johnson,Joe Smith,Mike Bibby,Zaza Pachulia,4,8:08,ATL,foul,,,,,,,,David West,,Zaza Pachulia,,,,,,personal,,
Bobby Brown,Darius Songaila,David West,James Posey,Peja Stojakovic,Al Horford,Jamal Crawford,Joe Johnson,Joe Smith,Mike Bibby,4,8:08,ATL,sub,,,,Al Horford,,Zaza Pachulia,,,,,,,,,,,,
Bobby Brown,Darius Songaila,David West,James Posey,Peja Stojakovic,Al Horford,Jamal Crawford,Joe Johnson,Josh Smith,Mike Bibby,4,8:08,ATL,sub,,,,Josh Smith,,Joe Smith,,,,,,,,,,,,
Bobby Brown,Darius Songaila,David West,James Posey,Peja Stojakovic,Al Horford,Jamal Crawford,Joe Johnson,Josh Smith,Mike Bibby,4,7:57,NOH,turnover,,,,,,,,,,Bobby Brown,,,out of bounds lost ball turnover,,,,,
Bobby Brown,Darius Songaila,David West,James Posey,Peja Stojakovic,Al Horford,Jamal Crawford,Joe Johnson,Josh Smith,Mike Bibby,4,7:43,ATL,shot,,,,,,,,,,Jamal Crawford,,,,missed,,3pt,1,9
Bobby Brown,Darius Songaila,David West,James Posey,Peja Stojakovic,Al Horford,Jamal Crawford,Joe Johnson,Josh Smith,Mike Bibby,4,7:42,ATL,rebound,,,,,,,,,,Joe Johnson,,,,,,off,,
Bobby Brown,Darius Songaila,David West,James Posey,Peja Stojakovic,Al Horford,Jamal Crawford,Joe Johnson,Josh Smith,Mike Bibby,4,7:37,ATL,shot,,,,,,,,,,Joe Johnson,2,,,made,,jump,22,14
Bobby Brown,Darius Songaila,David West,James Posey,Peja Stojakovic,Al Horford,Jamal Crawford,Joe Johnson,Josh Smith,Mike Bibby,4,7:21,NOH,turnover,,,,,,,,,,Darius Songaila,,,bad pass,,Josh Smith,,,
Bobby Brown,Darius Songaila,David West,James Posey,Peja Stojakovic,Al Horford,Jamal Crawford,Joe Johnson,Josh Smith,Mike Bibby,4,7:15,ATL,shot,,,,,,,,,,Joe Johnson,,,,missed,,3pt,48,9
Bobby Brown,Darius Songaila,David West,James Posey,Peja Stojakovic,Al Horford,Jamal Crawford,Joe Johnson,Josh Smith,Mike Bibby,4,7:14,NOH,rebound,,,,,,,,,,,,,,,,,,
Bobby Brown,Darius Songaila,David West,James Posey,Peja Stojakovic,Al Horford,Jamal Crawford,Joe Johnson,Josh Smith,Mike Bibby,4,7:14,ATL,foul,,,,,,,,Bobby Brown,,Jamal Crawford,,,,,,loose ball,,
Darius Songaila,Darren Collison,David West,James Posey,Peja Stojakovic,Al Horford,Jamal Crawford,Joe Johnson,Josh Smith,Mike Bibby,4,7:14,NOH,sub,,,,Darren Collison,,Bobby Brown,,,,,,,,,,,,
Darius Songaila,Darren Collison,David West,James Posey,Peja Stojakovic,Al Horford,Jamal Crawford,Joe Johnson,Josh Smith,Mike Bibby,4,6:52,NOH,shot,,,Josh Smith,,,,,,,Darren Collison,,,,missed,,driving layup,26,6
Darius Songaila,Darren Collison,David West,James Posey,Peja Stojakovic,Al Horford,Jamal Crawford,Joe Johnson,Josh Smith,Mike Bibby,4,6:49,NOH,rebound,,,,,,,,,,David West,,,,,,off,,
Darius Songaila,Darren Collison,David West,James Posey,Peja Stojakovic,Al Horford,Jamal Crawford,Joe Johnson,Josh Smith,Mike Bibby,4,6:45,NOH,shot,,,,,,,,,,David West,,,,missed,,jump,39,18
Darius Songaila,Darren Collison,David West,James Posey,Peja Stojakovic,Al Horford,Jamal Crawford,Joe Johnson,Josh Smith,Mike Bibby,4,6:44,ATL,rebound,,,,,,,,,,Josh Smith,,,,,,def,,
Darius Songaila,Darren Collison,David West,James Posey,Peja Stojakovic,Al Horford,Jamal Crawford,Joe Johnson,Josh Smith,Mike Bibby,4,6:36,ATL,shot,,,,,,,,,,Jamal Crawford,,,,missed,,3pt,48,9
Darius Songaila,Darren Collison,David West,James Posey,Peja Stojakovic,Al Horford,Jamal Crawford,Joe Johnson,Josh Smith,Mike Bibby,4,6:34,ATL,rebound,,,,,,,,,,Al Horford,,,,,,off,,
Darius Songaila,Darren Collison,David West,James Posey,Peja Stojakovic,Al Horford,Jamal Crawford,Joe Johnson,Josh Smith,Mike Bibby,4,6:26,NOH,foul,,,,,,,,Al Horford,,Darius Songaila,,,,,,personal,,
Darius Songaila,Darren Collison,David West,James Posey,Peja Stojakovic,Al Horford,Jamal Crawford,Joe Johnson,Josh Smith,Mike Bibby,4,6:26,ATL,timeout,,,,,,,,,,,,,,,,regular,,
Darius Songaila,Darren Collison,David West,James Posey,Peja Stojakovic,Al Horford,Jamal Crawford,Joe Johnson,Josh Smith,Mike Bibby,4,6:21,ATL,shot,,,,,,,,,,Mike Bibby,2,,,made,,fade away jumper,40,10
Darius Songaila,Darren Collison,David West,James Posey,Peja Stojakovic,Al Horford,Jamal Crawford,Joe Johnson,Josh Smith,Mike Bibby,4,6:01,NOH,turnover,,,,,,,,,,David West,,,bad pass,,Jamal Crawford,,,
Darius Songaila,Darren Collison,David West,James Posey,Peja Stojakovic,Al Horford,Jamal Crawford,Joe Johnson,Josh Smith,Mike Bibby,4,5:55,ATL,shot,Jamal Crawford,,,,,,,,,Joe Johnson,3,,,made,,3pt,8,26
Darius Songaila,Darren Collison,David West,James Posey,Peja Stojakovic,Al Horford,Jamal Crawford,Joe Johnson,Josh Smith,Mike Bibby,4,5:28,NOH,shot,,,,,,,,,,Darren Collison,,,,missed,,layup,23,6
Darius Songaila,Darren Collison,David West,James Posey,Peja Stojakovic,Al Horford,Jamal Crawford,Joe Johnson,Josh Smith,Mike Bibby,4,5:26,ATL,rebound,,,,,,,,,,Josh Smith,,,,,,def,,
Darius Songaila,Darren Collison,David West,James Posey,Peja Stojakovic,Al Horford,Jamal Crawford,Joe Johnson,Josh Smith,Mike Bibby,4,5:23,ATL,shot,Mike Bibby,,,,,,,,,Al Horford,2,,,made,,jump,28,9
Darius Songaila,Darren Collison,David West,James Posey,Peja Stojakovic,Al Horford,Jamal Crawford,Joe Johnson,Josh Smith,Mike Bibby,4,5:23,NOH,foul,,,,,,,,Al Horford,,James Posey,,,,,,shooting,,
Darius Songaila,Darren Collison,David West,James Posey,Peja Stojakovic,Al Horford,Joe Johnson,Josh Smith,Marvin Williams,Mike Bibby,4,5:23,ATL,sub,,,,Marvin Williams,,Jamal Crawford,,,,,,,,,,,,
Darius Songaila,Darren Collison,David West,James Posey,Peja Stojakovic,Al Horford,Joe Johnson,Josh Smith,Marvin Williams,Mike Bibby,4,5:23,ATL,free throw,,,,,,,1,,1,Al Horford,,,foul,missed,,,,
Darius Songaila,Darren Collison,David West,James Posey,Peja Stojakovic,Al Horford,Joe Johnson,Josh Smith,Marvin Williams,Mike Bibby,4,5:22,NOH,rebound,,,,,,,,,,James Posey,,,,,,def,,
Darius Songaila,Darren Collison,David West,James Posey,Peja Stojakovic,Al Horford,Joe Johnson,Josh Smith,Marvin Williams,Mike Bibby,4,5:08,NOH,shot,,,,,,,,,,Peja Stojakovic,,,,missed,,3pt,47,18
Darius Songaila,Darren Collison,David West,James Posey,Peja Stojakovic,Al Horford,Joe Johnson,Josh Smith,Marvin Williams,Mike Bibby,4,5:06,ATL,rebound,,,,,,,,,,Josh Smith,,,,,,def,,
Darius Songaila,Darren Collison,David West,James Posey,Peja Stojakovic,Al Horford,Joe Johnson,Josh Smith,Marvin Williams,Mike Bibby,4,5:00,ATL,shot,Mike Bibby,,,,,,,,,Al Horford,2,,,made,,layup,23,6
Darius Songaila,Darren Collison,David West,James Posey,Peja Stojakovic,Al Horford,Joe Johnson,Josh Smith,Marvin Williams,Mike Bibby,4,4:39,NOH,shot,,,,,,,,,,David West,,,,missed,,driving jump,33,9
Darius Songaila,Darren Collison,David West,James Posey,Peja Stojakovic,Al Horford,Joe Johnson,Josh Smith,Marvin Williams,Mike Bibby,4,4:36,ATL,rebound,,,,,,,,,,Josh Smith,,,,,,def,,
Darius Songaila,Darren Collison,David West,James Posey,Peja Stojakovic,Al Horford,Joe Johnson,Josh Smith,Marvin Williams,Mike Bibby,4,4:25,ATL,shot,Josh Smith,,,,,,,,,Mike Bibby,3,,,made,,3pt,11,27
Darius Songaila,Darren Collison,David West,James Posey,Peja Stojakovic,Al Horford,Joe Johnson,Josh Smith,Marvin Williams,Mike Bibby,4,4:24,NOH,timeout,,,,,,,,,,,,,,,,regular,,
Darius Songaila,David West,James Posey,Marcus Thornton,Peja Stojakovic,Al Horford,Joe Johnson,Josh Smith,Marvin Williams,Mike Bibby,4,4:24,NOH,sub,,,,Marcus Thornton,,Darren Collison,,,,,,,,,,,,
Bobby Brown,David West,James Posey,Marcus Thornton,Peja Stojakovic,Al Horford,Joe Johnson,Josh Smith,Marvin Williams,Mike Bibby,4,4:24,NOH,sub,,,,Bobby Brown,,Darius Songaila,,,,,,,,,,,,
Bobby Brown,David West,James Posey,Marcus Thornton,Peja Stojakovic,Al Horford,Jeff Teague,Joe Johnson,Josh Smith,Marvin Williams,4,4:24,ATL,sub,,,,Jeff Teague,,Mike Bibby,,,,,,,,,,,,
Bobby Brown,David West,James Posey,Marcus Thornton,Peja Stojakovic,Al Horford,Jeff Teague,Joe Johnson,Josh Smith,Marvin Williams,4,4:03,NOH,shot,,,,,,,,,,Bobby Brown,,,,missed,,3pt,4,20
Bobby Brown,David West,James Posey,Marcus Thornton,Peja Stojakovic,Al Horford,Jeff Teague,Joe Johnson,Josh Smith,Marvin Williams,4,4:03,ATL,rebound,,,,,,,,,,,,,,,,,,
Bobby Brown,David West,James Posey,Marcus Thornton,Peja Stojakovic,Al Horford,Jeff Teague,Joe Johnson,Josh Smith,Marvin Williams,4,4:03,NOH,foul,,,,,,,,Josh Smith,,David West,,,,,,loose ball,,
Bobby Brown,David West,James Posey,Marcus Thornton,Peja Stojakovic,Al Horford,Jeff Teague,Joe Johnson,Josh Smith,Marvin Williams,4,4:03,ATL,free throw,,,,,,,1,,2,Josh Smith,,,foul,missed,,,,
Bobby Brown,David West,James Posey,Marcus Thornton,Peja Stojakovic,Al Horford,Jeff Teague,Joe Johnson,Josh Smith,Marvin Williams,4,4:03,ATL,rebound,,,,,,,,,,,,,,,,,,
Bobby Brown,David West,James Posey,Marcus Thornton,Peja Stojakovic,Jeff Teague,Joe Johnson,Josh Smith,Marvin Williams,Randolph Morris,4,4:03,ATL,sub,,,,Randolph Morris,,Al Horford,,,,,,,,,,,,
Bobby Brown,David West,James Posey,Marcus Thornton,Peja Stojakovic,Jeff Teague,Josh Smith,Marvin Williams,Maurice Evans,Randolph Morris,4,4:03,ATL,sub,,,,Maurice Evans,,Joe Johnson,,,,,,,,,,,,
Bobby Brown,David West,James Posey,Marcus Thornton,Peja Stojakovic,Jeff Teague,Josh Smith,Marvin Williams,Maurice Evans,Randolph Morris,4,4:03,ATL,free throw,,,,,,,2,,2,Josh Smith,,,foul,made,,,,
Bobby Brown,David West,James Posey,Marcus Thornton,Peja Stojakovic,Jeff Teague,Josh Smith,Marvin Williams,Maurice Evans,Randolph Morris,4,3:51,NOH,shot,,,,,,,,,,Bobby Brown,2,,,made,,driving layup,21,7
Bobby Brown,David West,James Posey,Marcus Thornton,Peja Stojakovic,Jeff Teague,Josh Smith,Marvin Williams,Maurice Evans,Randolph Morris,4,3:30,ATL,turnover,,,,,,,,,,Jeff Teague,,,discontinue dribble,,,,,
Bobby Brown,David West,James Posey,Marcus Thornton,Peja Stojakovic,Jamal Crawford,Jeff Teague,Marvin Williams,Maurice Evans,Randolph Morris,4,3:30,ATL,sub,,,,Jamal Crawford,,Josh Smith,,,,,,,,,,,,
Bobby Brown,David West,James Posey,Marcus Thornton,Peja Stojakovic,Jamal Crawford,Jeff Teague,Marvin Williams,Maurice Evans,Randolph Morris,4,3:20,NOH,shot,,,,,,,,,,David West,,,,missed,,jump,23,25
Bobby Brown,David West,James Posey,Marcus Thornton,Peja Stojakovic,Jamal Crawford,Jeff Teague,Marvin Williams,Maurice Evans,Randolph Morris,4,3:19,ATL,rebound,,,,,,,,,,Jamal Crawford,,,,,,def,,
Bobby Brown,David West,James Posey,Marcus Thornton,Peja Stojakovic,Jamal Crawford,Jeff Teague,Marvin Williams,Maurice Evans,Randolph Morris,4,3:03,ATL,shot,,,,,,,,,,Randolph Morris,2,,,made,,turnaround jump,17,9
Bobby Brown,David West,James Posey,Marcus Thornton,Peja Stojakovic,Jamal Crawford,Jeff Teague,Marvin Williams,Maurice Evans,Randolph Morris,4,2:52,NOH,shot,,,,,,,,,,Peja Stojakovic,,,,missed,,3pt,8,28
Bobby Brown,David West,James Posey,Marcus Thornton,Peja Stojakovic,Jamal Crawford,Jeff Teague,Marvin Williams,Maurice Evans,Randolph Morris,4,2:50,NOH,rebound,,,,,,,,,,David West,,,,,,off,,
Bobby Brown,David West,James Posey,Marcus Thornton,Peja Stojakovic,Jamal Crawford,Jeff Teague,Marvin Williams,Maurice Evans,Randolph Morris,4,2:48,NOH,turnover,,,,,,,,,,David West,,,lost ball,,Marvin Williams,,,
Bobby Brown,David West,James Posey,Marcus Thornton,Peja Stojakovic,Jamal Crawford,Jeff Teague,Marvin Williams,Maurice Evans,Randolph Morris,4,2:45,ATL,foul,,,,,,,,James Posey,,Jamal Crawford,,,,,,offensive,,
Bobby Brown,David West,James Posey,Marcus Thornton,Peja Stojakovic,Jamal Crawford,Jeff Teague,Marvin Williams,Maurice Evans,Randolph Morris,4,2:45,ATL,turnover,,,,,,,,,,Jamal Crawford,,,foul,,,,,
Bobby Brown,David West,James Posey,Marcus Thornton,Peja Stojakovic,Jamal Crawford,Jeff Teague,Marvin Williams,Maurice Evans,Randolph Morris,4,2:34,NOH,shot,Bobby Brown,,,,,,,,,Marcus Thornton,2,,,made,,running layup,27,6
Bobby Brown,David West,James Posey,Marcus Thornton,Peja Stojakovic,Jamal Crawford,Jeff Teague,Marvin Williams,Maurice Evans,Randolph Morris,4,2:07,ATL,shot,,,,,,,,,,Jeff Teague,,,,missed,,driving layup,28,6
Bobby Brown,David West,James Posey,Marcus Thornton,Peja Stojakovic,Jamal Crawford,Jeff Teague,Marvin Williams,Maurice Evans,Randolph Morris,4,2:05,ATL,rebound,,,,,,,,,,Randolph Morris,,,,,,off,,
Bobby Brown,David West,James Posey,Marcus Thornton,Peja Stojakovic,Jamal Crawford,Jeff Teague,Marvin Williams,Maurice Evans,Randolph Morris,4,2:05,ATL,shot,,,,,,,,,,Randolph Morris,2,,,made,,putback layup,25,6
Bobby Brown,David West,James Posey,Marcus Thornton,Peja Stojakovic,Jamal Crawford,Jeff Teague,Marvin Williams,Maurice Evans,Randolph Morris,4,1:51,ATL,foul,,,,,,,,Marcus Thornton,,Randolph Morris,,,,,,shooting,,
Bobby Brown,David West,James Posey,Julian Wright,Marcus Thornton,Jamal Crawford,Jeff Teague,Marvin Williams,Maurice Evans,Randolph Morris,4,1:51,NOH,sub,,,,Julian Wright,,Peja Stojakovic,,,,,,,,,,,,
Bobby Brown,James Posey,Julian Wright,Marcus Thornton,Sean Marks,Jamal Crawford,Jeff Teague,Marvin Williams,Maurice Evans,Randolph Morris,4,1:51,NOH,sub,,,,Sean Marks,,David West,,,,,,,,,,,,
Bobby Brown,James Posey,Julian Wright,Marcus Thornton,Sean Marks,Jamal Crawford,Jeff Teague,Marvin Williams,Maurice Evans,Randolph Morris,4,1:51,NOH,free throw,,,,,,,1,,2,Marcus Thornton,,,foul,missed,,,,
Bobby Brown,James Posey,Julian Wright,Marcus Thornton,Sean Marks,Jamal Crawford,Jeff Teague,Marvin Williams,Maurice Evans,Randolph Morris,4,1:51,NOH,rebound,,,,,,,,,,,,,,,,,,
Bobby Brown,James Posey,Julian Wright,Marcus Thornton,Sean Marks,Jamal Crawford,Jeff Teague,Marvin Williams,Maurice Evans,Randolph Morris,4,1:51,NOH,free throw,,,,,,,2,,2,Marcus Thornton,,,foul,made,,,,
Bobby Brown,James Posey,Julian Wright,Marcus Thornton,Sean Marks,Jamal Crawford,Jeff Teague,Marvin Williams,Maurice Evans,Randolph Morris,4,1:32,NOH,foul,,,,,,,,Jamal Crawford,,Sean Marks,,,,,,shooting,,
Bobby Brown,James Posey,Julian Wright,Marcus Thornton,Sean Marks,Jamal Crawford,Jeff Teague,Marvin Williams,Maurice Evans,Randolph Morris,4,1:32,ATL,free throw,,,,,,,1,,2,Jamal Crawford,,,foul,made,,,,
Bobby Brown,Darren Collison,Julian Wright,Marcus Thornton,Sean Marks,Jamal Crawford,Jeff Teague,Marvin Williams,Maurice Evans,Randolph Morris,4,1:32,NOH,sub,,,,Darren Collison,,James Posey,,,,,,,,,,,,
Bobby Brown,Darren Collison,Julian Wright,Marcus Thornton,Sean Marks,Jamal Crawford,Jeff Teague,Marvin Williams,Maurice Evans,Randolph Morris,4,1:32,ATL,free throw,,,,,,,2,,2,Jamal Crawford,,,foul,made,,,,
Bobby Brown,Darren Collison,Julian Wright,Marcus Thornton,Sean Marks,Jamal Crawford,Jeff Teague,Marvin Williams,Maurice Evans,Randolph Morris,4,1:16,NOH,shot,,,,,,,,,,Marcus Thornton,,,,missed,,3pt,48,15
Bobby Brown,Darren Collison,Julian Wright,Marcus Thornton,Sean Marks,Jamal Crawford,Jeff Teague,Marvin Williams,Maurice Evans,Randolph Morris,4,1:15,ATL,rebound,,,,,,,,,,Randolph Morris,,,,,,def,,
Bobby Brown,Darren Collison,Julian Wright,Marcus Thornton,Sean Marks,Jamal Crawford,Jeff Teague,Marvin Williams,Maurice Evans,Randolph Morris,4,0:59,ATL,shot,,,,,,,,,,Jeff Teague,2,,,made,,driving layup,26,7
Bobby Brown,Darren Collison,Julian Wright,Marcus Thornton,Sean Marks,Jamal Crawford,Jeff Teague,Marvin Williams,Maurice Evans,Randolph Morris,4,0:54,ATL,foul,,,,,,,,Darren Collison,,Randolph Morris,,,,,,shooting,,
Bobby Brown,Darren Collison,Julian Wright,Marcus Thornton,Sean Marks,Jamal Crawford,Jeff Teague,Marvin Williams,Maurice Evans,Randolph Morris,4,0:54,NOH,free throw,,,,,,,1,,2,Darren Collison,,,foul,made,,,,
Bobby Brown,Darren Collison,Julian Wright,Marcus Thornton,Sean Marks,Jamal Crawford,Jeff Teague,Marvin Williams,Maurice Evans,Randolph Morris,4,0:54,NOH,free throw,,,,,,,2,,2,Darren Collison,,,foul,made,,,,
Bobby Brown,Darren Collison,Julian Wright,Marcus Thornton,Sean Marks,Jamal Crawford,Jeff Teague,Marvin Williams,Maurice Evans,Randolph Morris,4,0:40,ATL,shot,,,,,,,,,,Randolph Morris,2,,,made,,turnaround jump,30,17
Bobby Brown,Darren Collison,Julian Wright,Marcus Thornton,Sean Marks,Jamal Crawford,Jeff Teague,Marvin Williams,Maurice Evans,Randolph Morris,4,0:37,NOH,turnover,,,,,,,,,,Darren Collison,,,bad pass,,Jeff Teague,,,
Bobby Brown,Darren Collison,Julian Wright,Marcus Thornton,Sean Marks,Jamal Crawford,Jeff Teague,Marvin Williams,Maurice Evans,Randolph Morris,4,0:28,ATL,shot,,,,,,,,,,Jeff Teague,,,,missed,,driving layup,26,6
Bobby Brown,Darren Collison,Julian Wright,Marcus Thornton,Sean Marks,Jamal Crawford,Jeff Teague,Marvin Williams,Maurice Evans,Randolph Morris,4,0:25,NOH,rebound,,,,,,,,,,Marcus Thornton,,,,,,def,,
Bobby Brown,Darren Collison,Julian Wright,Marcus Thornton,Sean Marks,Jamal Crawford,Jeff Teague,Marvin Williams,Maurice Evans,Randolph Morris,4,0:19,NOH,shot,,,,,,,,,,Julian Wright,2,,,made,,driving layup,25,6
