a1,a2,a3,a4,a5,h1,h2,h3,h4,h5,period,time,team,etype,assist,away,block,entered,home,left,num,opponent,outof,player,points,possession,reason,result,steal,type,x,y
Boris Diaw,Gerald Wallace,Raymond Felton,Stephen Jackson,Tyson Chandler,Dwight Howard,Jameer Nelson,Mickael Pietrus,Rashard Lewis,Vince Carter,1,12:00,OFF,jump ball,,Tyson Chandler,,,Dwight Howard,,,,,,,Jameer Nelson,,,,,,
Boris Diaw,Gerald Wallace,Raymond Felton,Stephen Jackson,Tyson Chandler,Dwight Howard,Jameer Nelson,Mickael Pietrus,Rashard Lewis,Vince Carter,1,11:40,ORL,shot,,,,,,,,,,Rashard Lewis,,,,missed,,jump,39,21
Boris Diaw,Gerald Wallace,Raymond Felton,Stephen Jackson,Tyson Chandler,Dwight Howard,Jameer Nelson,Mickael Pietrus,Rashard Lewis,Vince Carter,1,11:39,CHA,rebound,,,,,,,,,,Raymond Felton,,,,,,def,,
Boris Diaw,Gerald Wallace,Raymond Felton,Stephen Jackson,Tyson Chandler,Dwight Howard,Jameer Nelson,Mickael Pietrus,Rashard Lewis,Vince Carter,1,11:28,CHA,shot,,,Dwight Howard,,,,,,,Gerald Wallace,,,,missed,,hook,25,6
Boris Diaw,Gerald Wallace,Raymond Felton,Stephen Jackson,Tyson Chandler,Dwight Howard,Jameer Nelson,Mickael Pietrus,Rashard Lewis,Vince Carter,1,11:25,ORL,rebound,,,,,,,,,,Jameer Nelson,,,,,,def,,
Boris Diaw,Gerald Wallace,Raymond Felton,Stephen Jackson,Tyson Chandler,Dwight Howard,Jameer Nelson,Mickael Pietrus,Rashard Lewis,Vince Carter,1,11:08,ORL,shot,,,,,,,,,,Jameer Nelson,,,,missed,,jump,10,18
Boris Diaw,Gerald Wallace,Raymond Felton,Stephen Jackson,Tyson Chandler,Dwight Howard,Jameer Nelson,Mickael Pietrus,Rashard Lewis,Vince Carter,1,11:07,ORL,rebound,,,,,,,,,,Dwight Howard,,,,,,off,,
Boris Diaw,Gerald Wallace,Raymond Felton,Stephen Jackson,Tyson Chandler,Dwight Howard,Jameer Nelson,Mickael Pietrus,Rashard Lewis,Vince Carter,1,11:06,CHA,foul,,,,,,,,Dwight Howard,,Gerald Wallace,,,,,,shooting,,
Boris Diaw,Gerald Wallace,Raymond Felton,Stephen Jackson,Tyson Chandler,Dwight Howard,Jameer Nelson,Mickael Pietrus,Rashard Lewis,Vince Carter,1,11:06,ORL,free throw,,,,,,,1,,2,Dwight Howard,,,foul,missed,,,,
Boris Diaw,Gerald Wallace,Raymond Felton,Stephen Jackson,Tyson Chandler,Dwight Howard,Jameer Nelson,Mickael Pietrus,Rashard Lewis,Vince Carter,1,11:06,ORL,rebound,,,,,,,,,,,,,,,,,,
Boris Diaw,Gerald Wallace,Raymond Felton,Stephen Jackson,Tyson Chandler,Dwight Howard,Jameer Nelson,Mickael Pietrus,Rashard Lewis,Vince Carter,1,11:06,ORL,free throw,,,,,,,2,,2,Dwight Howard,,,foul,missed,,,,
Boris Diaw,Gerald Wallace,Raymond Felton,Stephen Jackson,Tyson Chandler,Dwight Howard,Jameer Nelson,Mickael Pietrus,Rashard Lewis,Vince Carter,1,11:05,CHA,rebound,,,,,,,,,,Tyson Chandler,,,,,,def,,
Boris Diaw,Gerald Wallace,Raymond Felton,Stephen Jackson,Tyson Chandler,Dwight Howard,Jameer Nelson,Mickael Pietrus,Rashard Lewis,Vince Carter,1,10:53,CHA,turnover,,,,,,,,,,Stephen Jackson,,,bad pass,,Vince Carter,,,
Boris Diaw,Gerald Wallace,Raymond Felton,Stephen Jackson,Tyson Chandler,Dwight Howard,Jameer Nelson,Mickael Pietrus,Rashard Lewis,Vince Carter,1,10:43,ORL,shot,Jameer Nelson,,,,,,,,,Vince Carter,3,,,made,,3pt,32,30
Boris Diaw,Gerald Wallace,Raymond Felton,Stephen Jackson,Tyson Chandler,Dwight Howard,Jameer Nelson,Mickael Pietrus,Rashard Lewis,Vince Carter,1,10:27,CHA,turnover,,,,,,,,,,Gerald Wallace,,,bad pass,,,,,
Boris Diaw,Gerald Wallace,Raymond Felton,Stephen Jackson,Tyson Chandler,Dwight Howard,Jameer Nelson,Mickael Pietrus,Rashard Lewis,Vince Carter,1,10:02,ORL,shot,,,,,,,,,,Jameer Nelson,,,,missed,,3pt,47,19
Boris Diaw,Gerald Wallace,Raymond Felton,Stephen Jackson,Tyson Chandler,Dwight Howard,Jameer Nelson,Mickael Pietrus,Rashard Lewis,Vince Carter,1,10:01,CHA,rebound,,,,,,,,,,Tyson Chandler,,,,,,def,,
Boris Diaw,Gerald Wallace,Raymond Felton,Stephen Jackson,Tyson Chandler,Dwight Howard,Jameer Nelson,Mickael Pietrus,Rashard Lewis,Vince Carter,1,9:50,CHA,shot,Raymond Felton,,,,,,,,,Stephen Jackson,3,,,made,,3pt,50,12
Boris Diaw,Gerald Wallace,Raymond Felton,Stephen Jackson,Tyson Chandler,Dwight Howard,Jameer Nelson,Mickael Pietrus,Rashard Lewis,Vince Carter,1,9:36,ORL,shot,,,,,,,,,,Vince Carter,,,,missed,,3pt,40,27
Boris Diaw,Gerald Wallace,Raymond Felton,Stephen Jackson,Tyson Chandler,Dwight Howard,Jameer Nelson,Mickael Pietrus,Rashard Lewis,Vince Carter,1,9:35,CHA,rebound,,,,,,,,,,Gerald Wallace,,,,,,def,,
Boris Diaw,Gerald Wallace,Raymond Felton,Stephen Jackson,Tyson Chandler,Dwight Howard,Jameer Nelson,Mickael Pietrus,Rashard Lewis,Vince Carter,1,9:18,CHA,shot,,,,,,,,,,Raymond Felton,,,,missed,,3pt,2,9
Boris Diaw,Gerald Wallace,Raymond Felton,Stephen Jackson,Tyson Chandler,Dwight Howard,Jameer Nelson,Mickael Pietrus,Rashard Lewis,Vince Carter,1,9:16,ORL,rebound,,,,,,,,,,Dwight Howard,,,,,,def,,
Boris Diaw,Gerald Wallace,Raymond Felton,Stephen Jackson,Tyson Chandler,Dwight Howard,Jameer Nelson,Mickael Pietrus,Rashard Lewis,Vince Carter,1,9:03,CHA,foul,,,,,,,,Dwight Howard,,Tyson Chandler,,,,,,shooting,,
Boris Diaw,Gerald Wallace,Raymond Felton,Stephen Jackson,Tyson Chandler,Dwight Howard,Jameer Nelson,Mickael Pietrus,Rashard Lewis,Vince Carter,1,9:03,ORL,free throw,,,,,,,1,,2,Dwight Howard,,,foul,made,,,,
Boris Diaw,Gerald Wallace,Raymond Felton,Stephen Jackson,Tyson Chandler,Dwight Howard,Jameer Nelson,Mickael Pietrus,Rashard Lewis,Vince Carter,1,9:03,ORL,free throw,,,,,,,2,,2,Dwight Howard,,,foul,missed,,,,
Boris Diaw,Gerald Wallace,Raymond Felton,Stephen Jackson,Tyson Chandler,Dwight Howard,Jameer Nelson,Mickael Pietrus,Rashard Lewis,Vince Carter,1,9:02,CHA,rebound,,,,,,,,,,Stephen Jackson,,,,,,def,,
Boris Diaw,Gerald Wallace,Raymond Felton,Stephen Jackson,Tyson Chandler,Dwight Howard,Jameer Nelson,Mickael Pietrus,Rashard Lewis,Vince Carter,1,8:50,ORL,foul,,,,,,,,Raymond Felton,,Dwight Howard,,,,,,personal,,
Boris Diaw,Gerald Wallace,Raymond Felton,Stephen Jackson,Tyson Chandler,Dwight Howard,Jameer Nelson,Mickael Pietrus,Rashard Lewis,Vince Carter,1,8:43,CHA,shot,,,,,,,,,,Boris Diaw,2,,,made,,driving finger roll layup,25,6
Boris Diaw,Gerald Wallace,Raymond Felton,Stephen Jackson,Tyson Chandler,Dwight Howard,Jameer Nelson,Mickael Pietrus,Rashard Lewis,Vince Carter,1,8:21,ORL,turnover,,,,,,,,,,Jameer Nelson,,,bad pass,,Raymond Felton,,,
Boris Diaw,Gerald Wallace,Raymond Felton,Stephen Jackson,Tyson Chandler,Dwight Howard,Jameer Nelson,Mickael Pietrus,Rashard Lewis,Vince Carter,1,8:19,ORL,foul,,,,,,,,Gerald Wallace,,Rashard Lewis,,,,,,shooting,,
Boris Diaw,Gerald Wallace,Raymond Felton,Stephen Jackson,Tyson Chandler,Dwight Howard,Jameer Nelson,Mickael Pietrus,Rashard Lewis,Vince Carter,1,8:19,CHA,free throw,,,,,,,1,,2,Gerald Wallace,,,foul,made,,,,
Boris Diaw,Gerald Wallace,Raymond Felton,Stephen Jackson,Tyson Chandler,Dwight Howard,Jameer Nelson,Mickael Pietrus,Rashard Lewis,Vince Carter,1,8:19,CHA,free throw,,,,,,,2,,2,Gerald Wallace,,,foul,made,,,,
Boris Diaw,Gerald Wallace,Raymond Felton,Stephen Jackson,Tyson Chandler,Dwight Howard,Jameer Nelson,Mickael Pietrus,Rashard Lewis,Vince Carter,1,8:00,ORL,shot,,,,,,,,,,Mickael Pietrus,,,,missed,,3pt,2,6
Boris Diaw,Gerald Wallace,Raymond Felton,Stephen Jackson,Tyson Chandler,Dwight Howard,Jameer Nelson,Mickael Pietrus,Rashard Lewis,Vince Carter,1,7:59,CHA,rebound,,,,,,,,,,Raymond Felton,,,,,,def,,
Boris Diaw,Gerald Wallace,Raymond Felton,Stephen Jackson,Tyson Chandler,Dwight Howard,Jameer Nelson,Mickael Pietrus,Rashard Lewis,Vince Carter,1,7:54,CHA,shot,,,,,,,,,,Raymond Felton,2,,,made,,jump,24,26
Boris Diaw,Gerald Wallace,Raymond Felton,Stephen Jackson,Tyson Chandler,Dwight Howard,Jameer Nelson,Mickael Pietrus,Rashard Lewis,Vince Carter,1,7:43,ORL,shot,,,,,,,,,,Rashard Lewis,,,,missed,,3pt,6,24
Boris Diaw,Gerald Wallace,Raymond Felton,Stephen Jackson,Tyson Chandler,Dwight Howard,Jameer Nelson,Mickael Pietrus,Rashard Lewis,Vince Carter,1,7:42,CHA,rebound,,,,,,,,,,Stephen Jackson,,,,,,def,,
Boris Diaw,Gerald Wallace,Raymond Felton,Stephen Jackson,Tyson Chandler,Dwight Howard,Jameer Nelson,Mickael Pietrus,Rashard Lewis,Vince Carter,1,7:27,CHA,turnover,,,,,,,,,,Raymond Felton,,,lost ball,,Dwight Howard,,,
Boris Diaw,Gerald Wallace,Raymond Felton,Stephen Jackson,Tyson Chandler,Dwight Howard,Jameer Nelson,Mickael Pietrus,Rashard Lewis,Vince Carter,1,7:23,ORL,shot,,,,,,,,,,Jameer Nelson,2,,,made,,driving layup,25,6
Boris Diaw,Gerald Wallace,Raymond Felton,Stephen Jackson,Tyson Chandler,Dwight Howard,Jameer Nelson,Mickael Pietrus,Rashard Lewis,Vince Carter,1,7:03,CHA,shot,,,,,,,,,,Raymond Felton,,,,missed,,jump,40,21
Boris Diaw,Gerald Wallace,Raymond Felton,Stephen Jackson,Tyson Chandler,Dwight Howard,Jameer Nelson,Mickael Pietrus,Rashard Lewis,Vince Carter,1,7:02,ORL,rebound,,,,,,,,,,Mickael Pietrus,,,,,,def,,
Boris Diaw,Gerald Wallace,Raymond Felton,Stephen Jackson,Tyson Chandler,Dwight Howard,Jameer Nelson,Mickael Pietrus,Rashard Lewis,Vince Carter,1,6:57,CHA,foul,,,,,,,,Jameer Nelson,,Raymond Felton,,,,,,shooting,,
Boris Diaw,Gerald Wallace,Raymond Felton,Stephen Jackson,Tyson Chandler,Dwight Howard,Jameer Nelson,Mickael Pietrus,Rashard Lewis,Vince Carter,1,6:57,ORL,free throw,,,,,,,1,,2,Jameer Nelson,,,foul,made,,,,
Boris Diaw,Gerald Wallace,Raymond Felton,Stephen Jackson,Tyson Chandler,Dwight Howard,Jameer Nelson,Mickael Pietrus,Rashard Lewis,Vince Carter,1,6:57,ORL,free throw,,,,,,,2,,2,Jameer Nelson,,,foul,made,,,,
Boris Diaw,Gerald Wallace,Raymond Felton,Stephen Jackson,Tyson Chandler,Dwight Howard,Jameer Nelson,Mickael Pietrus,Rashard Lewis,Vince Carter,1,6:37,CHA,shot,,,,,,,,,,Stephen Jackson,2,,,made,,layup,25,6
Boris Diaw,Gerald Wallace,Raymond Felton,Stephen Jackson,Tyson Chandler,Dwight Howard,Jameer Nelson,Mickael Pietrus,Rashard Lewis,Vince Carter,1,6:22,ORL,shot,,,,,,,,,,Vince Carter,,,,missed,,floating jump,37,7
Boris Diaw,Gerald Wallace,Raymond Felton,Stephen Jackson,Tyson Chandler,Dwight Howard,Jameer Nelson,Mickael Pietrus,Rashard Lewis,Vince Carter,1,6:21,CHA,rebound,,,,,,,,,,Gerald Wallace,,,,,,def,,
Boris Diaw,Gerald Wallace,Raymond Felton,Stephen Jackson,Tyson Chandler,Dwight Howard,Jameer Nelson,Mickael Pietrus,Rashard Lewis,Vince Carter,1,6:07,CHA,turnover,,,,,,,,,,Boris Diaw,,,3 second violation,,,,,
Boris Diaw,Gerald Wallace,Raymond Felton,Stephen Jackson,Tyson Chandler,Dwight Howard,Jameer Nelson,Mickael Pietrus,Rashard Lewis,Vince Carter,1,5:53,CHA,foul,,,,,,,,Vince Carter,,Tyson Chandler,,,,,,shooting,,
Boris Diaw,Gerald Wallace,Raymond Felton,Stephen Jackson,Tyson Chandler,Dwight Howard,Jameer Nelson,Mickael Pietrus,Rashard Lewis,Vince Carter,1,5:53,ORL,timeout,,,,,,,,,,,,,,,,regular,,
Boris Diaw,Gerald Wallace,Raymond Felton,Stephen Jackson,Tyson Chandler,Dwight Howard,Jameer Nelson,Mickael Pietrus,Ryan Anderson,Vince Carter,1,5:53,ORL,sub,,,,Ryan Anderson,,Rashard Lewis,,,,,,,,,,,,
Boris Diaw,Gerald Wallace,Nazr Mohammed,Raymond Felton,Stephen Jackson,Dwight Howard,Jameer Nelson,Mickael Pietrus,Ryan Anderson,Vince Carter,1,5:53,CHA,sub,,,,Nazr Mohammed,,Tyson Chandler,,,,,,,,,,,,
Boris Diaw,Gerald Wallace,Nazr Mohammed,Raymond Felton,Stephen Jackson,Dwight Howard,Jameer Nelson,Mickael Pietrus,Ryan Anderson,Vince Carter,1,5:53,ORL,free throw,,,,,,,1,,2,Dwight Howard,,,foul,made,,,,
Boris Diaw,Gerald Wallace,Nazr Mohammed,Raymond Felton,Stephen Jackson,Dwight Howard,Jameer Nelson,Mickael Pietrus,Ryan Anderson,Vince Carter,1,5:53,ORL,free throw,,,,,,,2,,2,Dwight Howard,,,foul,made,,,,
Boris Diaw,Gerald Wallace,Nazr Mohammed,Raymond Felton,Stephen Jackson,Dwight Howard,Jameer Nelson,Mickael Pietrus,Ryan Anderson,Vince Carter,1,5:43,CHA,shot,,,,,,,,,,Nazr Mohammed,2,,,made,,jump,27,13
Boris Diaw,Gerald Wallace,Nazr Mohammed,Raymond Felton,Stephen Jackson,Dwight Howard,Jameer Nelson,Mickael Pietrus,Ryan Anderson,Vince Carter,1,5:43,ORL,foul,,,,,,,,Nazr Mohammed,,Dwight Howard,,,,,,shooting,,
Boris Diaw,Gerald Wallace,Nazr Mohammed,Raymond Felton,Stephen Jackson,Brandon Bass,Jameer Nelson,Mickael Pietrus,Ryan Anderson,Vince Carter,1,5:43,ORL,sub,,,,Brandon Bass,,Dwight Howard,,,,,,,,,,,,
Boris Diaw,Gerald Wallace,Nazr Mohammed,Raymond Felton,Stephen Jackson,Brandon Bass,Jameer Nelson,Mickael Pietrus,Ryan Anderson,Vince Carter,1,5:43,CHA,free throw,,,,,,,1,,1,Nazr Mohammed,,,foul,made,,,,
Boris Diaw,Gerald Wallace,Nazr Mohammed,Raymond Felton,Stephen Jackson,Brandon Bass,Jameer Nelson,Mickael Pietrus,Ryan Anderson,Vince Carter,1,5:30,ORL,shot,Vince Carter,,,,,,,,,Brandon Bass,2,,,made,,dunk,25,6
Boris Diaw,Gerald Wallace,Nazr Mohammed,Raymond Felton,Stephen Jackson,Brandon Bass,Jameer Nelson,Mickael Pietrus,Ryan Anderson,Vince Carter,1,5:12,CHA,shot,,,,,,,,,,Stephen Jackson,,,,missed,,driving layup,25,6
Boris Diaw,Gerald Wallace,Nazr Mohammed,Raymond Felton,Stephen Jackson,Brandon Bass,Jameer Nelson,Mickael Pietrus,Ryan Anderson,Vince Carter,1,5:11,ORL,rebound,,,,,,,,,,Mickael Pietrus,,,,,,def,,
Boris Diaw,Gerald Wallace,Nazr Mohammed,Raymond Felton,Stephen Jackson,Brandon Bass,Jameer Nelson,Mickael Pietrus,Ryan Anderson,Vince Carter,1,5:00,ORL,shot,,,,,,,,,,Mickael Pietrus,,,,missed,,jump,9,18
Boris Diaw,Gerald Wallace,Nazr Mohammed,Raymond Felton,Stephen Jackson,Brandon Bass,Jameer Nelson,Mickael Pietrus,Ryan Anderson,Vince Carter,1,4:59,CHA,rebound,,,,,,,,,,Stephen Jackson,,,,,,def,,
Boris Diaw,Gerald Wallace,Nazr Mohammed,Raymond Felton,Stephen Jackson,Brandon Bass,Jameer Nelson,Mickael Pietrus,Ryan Anderson,Vince Carter,1,4:45,CHA,shot,,,,,,,,,,Nazr Mohammed,,,,missed,,turnaround jump,26,10
Boris Diaw,Gerald Wallace,Nazr Mohammed,Raymond Felton,Stephen Jackson,Brandon Bass,Jameer Nelson,Mickael Pietrus,Ryan Anderson,Vince Carter,1,4:45,CHA,rebound,,,,,,,,,,,,,,,,,,
Boris Diaw,Gerald Wallace,Raymond Felton,Ronald Murray,Stephen Jackson,Brandon Bass,Jameer Nelson,Mickael Pietrus,Ryan Anderson,Vince Carter,1,4:45,CHA,sub,,,,Ronald Murray,,Nazr Mohammed,,,,,,,,,,,,
Boris Diaw,Gerald Wallace,Raymond Felton,Ronald Murray,Stephen Jackson,Brandon Bass,Jameer Nelson,Mickael Pietrus,Ryan Anderson,Vince Carter,1,4:31,CHA,shot,,,,,,,,,,Ronald Murray,,,,missed,,3pt,2,5
Boris Diaw,Gerald Wallace,Raymond Felton,Ronald Murray,Stephen Jackson,Brandon Bass,Jameer Nelson,Mickael Pietrus,Ryan Anderson,Vince Carter,1,4:30,ORL,rebound,,,,,,,,,,Mickael Pietrus,,,,,,def,,
Boris Diaw,Gerald Wallace,Raymond Felton,Ronald Murray,Stephen Jackson,Brandon Bass,Jameer Nelson,Mickael Pietrus,Ryan Anderson,Vince Carter,1,4:18,CHA,foul,,,,,,,,Brandon Bass,,Stephen Jackson,,,,,,personal,,
Boris Diaw,Gerald Wallace,Raymond Felton,Ronald Murray,Stephen Jackson,Brandon Bass,Jameer Nelson,Mickael Pietrus,Ryan Anderson,Vince Carter,1,4:18,ORL,free throw,,,,,,,1,,2,Brandon Bass,,,foul,made,,,,
Boris Diaw,Gerald Wallace,Raymond Felton,Ronald Murray,Stephen Jackson,Brandon Bass,Jameer Nelson,Mickael Pietrus,Ryan Anderson,Vince Carter,1,4:18,ORL,free throw,,,,,,,2,,2,Brandon Bass,,,foul,made,,,,
Boris Diaw,Gerald Wallace,Raymond Felton,Ronald Murray,Stephen Jackson,Brandon Bass,Jameer Nelson,Mickael Pietrus,Ryan Anderson,Vince Carter,1,4:03,CHA,turnover,,,,,,,,,,Stephen Jackson,,,step out of bounds turnover,,,,,
Boris Diaw,Gerald Wallace,Raymond Felton,Ronald Murray,Stephen Jackson,Brandon Bass,Jameer Nelson,Mickael Pietrus,Ryan Anderson,Vince Carter,1,3:41,ORL,shot,,,,,,,,,,Brandon Bass,,,,missed,,turnaround jump,12,7
Boris Diaw,Gerald Wallace,Raymond Felton,Ronald Murray,Stephen Jackson,Brandon Bass,Jameer Nelson,Mickael Pietrus,Ryan Anderson,Vince Carter,1,3:40,CHA,rebound,,,,,,,,,,Gerald Wallace,,,,,,def,,
Boris Diaw,Gerald Wallace,Raymond Felton,Ronald Murray,Stephen Jackson,Brandon Bass,Jameer Nelson,Mickael Pietrus,Ryan Anderson,Vince Carter,1,3:30,CHA,shot,,,,,,,,,,Stephen Jackson,,,,missed,,3pt,14,29
Boris Diaw,Gerald Wallace,Raymond Felton,Ronald Murray,Stephen Jackson,Brandon Bass,Jameer Nelson,Mickael Pietrus,Ryan Anderson,Vince Carter,1,3:27,ORL,rebound,,,,,,,,,,Vince Carter,,,,,,def,,
Boris Diaw,Gerald Wallace,Raymond Felton,Ronald Murray,Stephen Jackson,Brandon Bass,Jameer Nelson,Mickael Pietrus,Ryan Anderson,Vince Carter,1,3:19,ORL,shot,,,,,,,,,,Ryan Anderson,,,,missed,,3pt,35,31
Boris Diaw,Gerald Wallace,Raymond Felton,Ronald Murray,Stephen Jackson,Brandon Bass,Jameer Nelson,Mickael Pietrus,Ryan Anderson,Vince Carter,1,3:18,CHA,rebound,,,,,,,,,,Raymond Felton,,,,,,def,,
Boris Diaw,Gerald Wallace,Raymond Felton,Ronald Murray,Stephen Jackson,Brandon Bass,Jameer Nelson,Mickael Pietrus,Ryan Anderson,Vince Carter,1,3:14,CHA,turnover,,,,,,,,,,Ronald Murray,,,bad pass,,Jameer Nelson,,,
Boris Diaw,Gerald Wallace,Raymond Felton,Ronald Murray,Stephen Jackson,Brandon Bass,Jameer Nelson,Mickael Pietrus,Ryan Anderson,Vince Carter,1,3:08,ORL,shot,,,,,,,,,,Vince Carter,,,,missed,,floating jump,25,12
Boris Diaw,Gerald Wallace,Raymond Felton,Ronald Murray,Stephen Jackson,Brandon Bass,Jameer Nelson,Mickael Pietrus,Ryan Anderson,Vince Carter,1,3:07,ORL,rebound,,,,,,,,,,Brandon Bass,,,,,,off,,
Boris Diaw,Gerald Wallace,Raymond Felton,Ronald Murray,Stephen Jackson,Brandon Bass,Jameer Nelson,Mickael Pietrus,Ryan Anderson,Vince Carter,1,3:07,ORL,shot,,,,,,,,,,Brandon Bass,,,,missed,,tip,25,6
Boris Diaw,Gerald Wallace,Raymond Felton,Ronald Murray,Stephen Jackson,Brandon Bass,Jameer Nelson,Mickael Pietrus,Ryan Anderson,Vince Carter,1,3:07,ORL,rebound,,,,,,,,,,Vince Carter,,,,,,off,,
Boris Diaw,Gerald Wallace,Raymond Felton,Ronald Murray,Stephen Jackson,Brandon Bass,Jameer Nelson,Mickael Pietrus,Ryan Anderson,Vince Carter,1,3:07,ORL,shot,,,,,,,,,,Vince Carter,,,,missed,,tip,25,6
Boris Diaw,Gerald Wallace,Raymond Felton,Ronald Murray,Stephen Jackson,Brandon Bass,Jameer Nelson,Mickael Pietrus,Ryan Anderson,Vince Carter,1,3:07,CHA,rebound,,,,,,,,,,,,,,,,,,
Boris Diaw,Gerald Wallace,Raymond Felton,Ronald Murray,Stephen Jackson,Brandon Bass,Jason Williams,Mickael Pietrus,Ryan Anderson,Vince Carter,1,3:07,ORL,sub,,,,Jason Williams,,Jameer Nelson,,,,,,,,,,,,
Boris Diaw,Gerald Wallace,Raymond Felton,Ronald Murray,Stephen Jackson,Brandon Bass,Jason Williams,Mickael Pietrus,Ryan Anderson,Vince Carter,1,3:05,CHA,timeout,,,,,,,,,,,,,,,,regular,,
Boris Diaw,Gerald Wallace,Raymond Felton,Ronald Murray,Stephen Jackson,Brandon Bass,Jason Williams,Rashard Lewis,Ryan Anderson,Vince Carter,1,3:05,ORL,sub,,,,Rashard Lewis,,Mickael Pietrus,,,,,,,,,,,,
Boris Diaw,Gerald Wallace,Raymond Felton,Ronald Murray,Stephen Jackson,Brandon Bass,Jason Williams,Rashard Lewis,Ryan Anderson,Vince Carter,1,3:02,ORL,foul,,,,,,,,Stephen Jackson,,Rashard Lewis,,,,,,personal,,
Boris Diaw,Gerald Wallace,Raymond Felton,Ronald Murray,Stephen Jackson,Brandon Bass,Jason Williams,Matt Barnes,Ryan Anderson,Vince Carter,1,3:02,ORL,sub,,,,Matt Barnes,,Rashard Lewis,,,,,,,,,,,,
Boris Diaw,Gerald Wallace,Raymond Felton,Ronald Murray,Stephen Jackson,Brandon Bass,Jason Williams,Matt Barnes,Ryan Anderson,Vince Carter,1,2:53,CHA,shot,,,,,,,,,,Stephen Jackson,,,,missed,,jump,8,15
Boris Diaw,Gerald Wallace,Raymond Felton,Ronald Murray,Stephen Jackson,Brandon Bass,Jason Williams,Matt Barnes,Ryan Anderson,Vince Carter,1,2:52,ORL,rebound,,,,,,,,,,Brandon Bass,,,,,,def,,
Boris Diaw,Gerald Wallace,Raymond Felton,Ronald Murray,Stephen Jackson,Brandon Bass,Jason Williams,Matt Barnes,Ryan Anderson,Vince Carter,1,2:41,ORL,shot,,,,,,,,,,Jason Williams,,,,missed,,jump,14,5
Boris Diaw,Gerald Wallace,Raymond Felton,Ronald Murray,Stephen Jackson,Brandon Bass,Jason Williams,Matt Barnes,Ryan Anderson,Vince Carter,1,2:40,ORL,rebound,,,,,,,,,,Brandon Bass,,,,,,off,,
Boris Diaw,Gerald Wallace,Raymond Felton,Ronald Murray,Stephen Jackson,Brandon Bass,Jason Williams,Matt Barnes,Ryan Anderson,Vince Carter,1,2:40,ORL,shot,,,,,,,,,,Brandon Bass,,,,missed,,tip,25,6
Boris Diaw,Gerald Wallace,Raymond Felton,Ronald Murray,Stephen Jackson,Brandon Bass,Jason Williams,Matt Barnes,Ryan Anderson,Vince Carter,1,2:38,ORL,rebound,,,,,,,,,,Brandon Bass,,,,,,off,,
Boris Diaw,Gerald Wallace,Raymond Felton,Ronald Murray,Stephen Jackson,Brandon Bass,Jason Williams,Matt Barnes,Ryan Anderson,Vince Carter,1,2:38,ORL,shot,,,,,,,,,,Brandon Bass,2,,,made,,tip,25,6
Boris Diaw,Gerald Wallace,Raymond Felton,Ronald Murray,Stephen Jackson,Brandon Bass,Jason Williams,Matt Barnes,Ryan Anderson,Vince Carter,1,2:19,CHA,shot,Raymond Felton,,,,,,,,,Ronald Murray,2,,,made,,driving layup,25,6
Boris Diaw,Gerald Wallace,Raymond Felton,Ronald Murray,Stephen Jackson,Brandon Bass,Jason Williams,Matt Barnes,Ryan Anderson,Vince Carter,1,2:06,ORL,shot,Jason Williams,,,,,,,,,Ryan Anderson,2,,,made,,driving layup,25,6
Boris Diaw,Gerald Wallace,Raymond Felton,Ronald Murray,Stephen Jackson,Brandon Bass,Jason Williams,Matt Barnes,Ryan Anderson,Vince Carter,1,1:42,CHA,shot,,,,,,,,,,Boris Diaw,2,,,made,,reverse layup,25,6
Boris Diaw,Gerald Wallace,Raymond Felton,Ronald Murray,Stephen Jackson,Brandon Bass,Jason Williams,Matt Barnes,Ryan Anderson,Vince Carter,1,1:29,ORL,turnover,,,,,,,,,,Vince Carter,,,bad pass,,Boris Diaw,,,
Boris Diaw,Gerald Wallace,Raymond Felton,Ronald Murray,Stephen Jackson,Brandon Bass,Jason Williams,Matt Barnes,Ryan Anderson,Vince Carter,1,1:24,ORL,foul,,,,,,,,Stephen Jackson,,Ryan Anderson,,,,,,shooting,,
Boris Diaw,Gerald Wallace,Raymond Felton,Ronald Murray,Stephen Jackson,Brandon Bass,Jason Williams,Matt Barnes,Ryan Anderson,Vince Carter,1,1:24,CHA,free throw,,,,,,,1,,2,Stephen Jackson,,,foul,missed,,,,
Boris Diaw,Gerald Wallace,Raymond Felton,Ronald Murray,Stephen Jackson,Brandon Bass,Jason Williams,Matt Barnes,Ryan Anderson,Vince Carter,1,1:24,CHA,rebound,,,,,,,,,,,,,,,,,,
Boris Diaw,D.J. Augustin,Gerald Wallace,Ronald Murray,Stephen Jackson,Brandon Bass,Jason Williams,Matt Barnes,Ryan Anderson,Vince Carter,1,1:24,CHA,sub,,,,D.J. Augustin,,Raymond Felton,,,,,,,,,,,,
Boris Diaw,D.J. Augustin,Gerald Wallace,Ronald Murray,Stephen Jackson,Brandon Bass,Jason Williams,Matt Barnes,Ryan Anderson,Vince Carter,1,1:24,CHA,free throw,,,,,,,2,,2,Stephen Jackson,,,foul,made,,,,
Boris Diaw,D.J. Augustin,Gerald Wallace,Ronald Murray,Stephen Jackson,Brandon Bass,Jason Williams,Matt Barnes,Ryan Anderson,Vince Carter,1,1:05,ORL,shot,,,,,,,,,,Vince Carter,2,,,made,,fade away jumper,40,13
Boris Diaw,D.J. Augustin,Gerald Wallace,Ronald Murray,Stephen Jackson,Brandon Bass,Jason Williams,Matt Barnes,Ryan Anderson,Vince Carter,1,0:43,CHA,turnover,,,,,,,,,,Ronald Murray,,,bad pass,,Ryan Anderson,,,
Boris Diaw,D.J. Augustin,Gerald Wallace,Ronald Murray,Stephen Jackson,Brandon Bass,Jason Williams,Matt Barnes,Ryan Anderson,Vince Carter,1,0:41,ORL,shot,Jason Williams,,,,,,,,,Brandon Bass,2,,,made,,layup,25,6
Boris Diaw,D.J. Augustin,Gerald Wallace,Ronald Murray,Stephen Jackson,Brandon Bass,Jason Williams,Matt Barnes,Ryan Anderson,Vince Carter,1,0:26,CHA,shot,,,,,,,,,,D.J. Augustin,2,,,made,,driving layup,25,6
Boris Diaw,D.J. Augustin,Gerald Wallace,Ronald Murray,Stephen Jackson,Brandon Bass,Jason Williams,Matt Barnes,Ryan Anderson,Vince Carter,1,0:14,ORL,shot,Ryan Anderson,,,,,,,,,Vince Carter,3,,,made,,3pt,35,30
Boris Diaw,D.J. Augustin,Gerald Wallace,Ronald Murray,Stephen Jackson,Brandon Bass,Jason Williams,Matt Barnes,Ryan Anderson,Vince Carter,1,0:01,CHA,shot,,,,,,,,,,D.J. Augustin,,,,missed,,fade away jumper,13,13
Boris Diaw,D.J. Augustin,Gerald Wallace,Ronald Murray,Stephen Jackson,Brandon Bass,Jason Williams,Matt Barnes,Ryan Anderson,Vince Carter,1,0:00,ORL,rebound,,,,,,,,,,Ryan Anderson,,,,,,def,,
D.J. Augustin,Gerald Wallace,Nazr Mohammed,Ronald Murray,Stephen Jackson,Dwight Howard,J.J. Redick,Jason Williams,Matt Barnes,Ryan Anderson,2,11:40,CHA,turnover,,,,,,,,,,D.J. Augustin,,,bad pass,,Ryan Anderson,,,
D.J. Augustin,Gerald Wallace,Nazr Mohammed,Ronald Murray,Stephen Jackson,Dwight Howard,J.J. Redick,Jason Williams,Matt Barnes,Ryan Anderson,2,11:33,ORL,shot,J.J. Redick,,,,,,,,,Jason Williams,3,,,made,,3pt,11,28
D.J. Augustin,Gerald Wallace,Nazr Mohammed,Ronald Murray,Stephen Jackson,Dwight Howard,J.J. Redick,Jason Williams,Matt Barnes,Ryan Anderson,2,11:12,CHA,shot,,,,,,,,,,Ronald Murray,2,,,made,,jump,20,25
D.J. Augustin,Gerald Wallace,Nazr Mohammed,Ronald Murray,Stephen Jackson,Dwight Howard,J.J. Redick,Jason Williams,Matt Barnes,Ryan Anderson,2,11:00,ORL,shot,Ryan Anderson,,,,,,,,,J.J. Redick,3,,,made,,3pt,49,7
D.J. Augustin,Gerald Wallace,Nazr Mohammed,Ronald Murray,Stephen Jackson,Dwight Howard,J.J. Redick,Jason Williams,Matt Barnes,Ryan Anderson,2,10:39,CHA,shot,,,,,,,,,,Nazr Mohammed,2,,,made,,fade away jumper,32,12
D.J. Augustin,Gerald Wallace,Nazr Mohammed,Ronald Murray,Stephen Jackson,Dwight Howard,J.J. Redick,Jason Williams,Matt Barnes,Ryan Anderson,2,10:27,CHA,foul,,,,,,,,Matt Barnes,,Nazr Mohammed,,,,,,shooting,,
D.J. Augustin,Gerald Wallace,Nazr Mohammed,Ronald Murray,Stephen Jackson,Dwight Howard,J.J. Redick,Jason Williams,Matt Barnes,Ryan Anderson,2,10:27,ORL,free throw,,,,,,,1,,2,Matt Barnes,,,foul,made,,,,
D.J. Augustin,Gerald Wallace,Nazr Mohammed,Ronald Murray,Stephen Jackson,Dwight Howard,J.J. Redick,Jason Williams,Matt Barnes,Ryan Anderson,2,10:27,ORL,free throw,,,,,,,2,,2,Matt Barnes,,,foul,made,,,,
D.J. Augustin,Gerald Wallace,Nazr Mohammed,Ronald Murray,Stephen Jackson,Dwight Howard,J.J. Redick,Jason Williams,Matt Barnes,Ryan Anderson,2,10:11,CHA,shot,,,,,,,,,,Ronald Murray,2,,,made,,jump,9,10
D.J. Augustin,Gerald Wallace,Nazr Mohammed,Ronald Murray,Stephen Jackson,Dwight Howard,J.J. Redick,Jason Williams,Matt Barnes,Ryan Anderson,2,9:58,ORL,shot,,,,,,,,,,Ryan Anderson,,,,missed,,3pt,38,29
D.J. Augustin,Gerald Wallace,Nazr Mohammed,Ronald Murray,Stephen Jackson,Dwight Howard,J.J. Redick,Jason Williams,Matt Barnes,Ryan Anderson,2,9:57,CHA,rebound,,,,,,,,,,Stephen Jackson,,,,,,def,,
D.J. Augustin,Gerald Wallace,Nazr Mohammed,Ronald Murray,Stephen Jackson,Dwight Howard,J.J. Redick,Jason Williams,Matt Barnes,Ryan Anderson,2,9:51,CHA,shot,Gerald Wallace,,,,,,,,,Ronald Murray,2,,,made,,pullup jump,15,16
D.J. Augustin,Gerald Wallace,Nazr Mohammed,Ronald Murray,Stephen Jackson,Dwight Howard,J.J. Redick,Jason Williams,Matt Barnes,Ryan Anderson,2,9:42,ORL,shot,,,,,,,,,,Matt Barnes,2,,,made,,jump,8,4
D.J. Augustin,Gerald Wallace,Nazr Mohammed,Ronald Murray,Stephen Jackson,Dwight Howard,J.J. Redick,Jason Williams,Matt Barnes,Ryan Anderson,2,9:19,CHA,shot,,,,,,,,,,Stephen Jackson,,,,missed,,jump,10,23
D.J. Augustin,Gerald Wallace,Nazr Mohammed,Ronald Murray,Stephen Jackson,Dwight Howard,J.J. Redick,Jason Williams,Matt Barnes,Ryan Anderson,2,9:18,ORL,rebound,,,,,,,,,,,,,,,,,,
D.J. Augustin,Gerald Wallace,Nazr Mohammed,Ronald Murray,Stephen Jackson,Dwight Howard,J.J. Redick,Jason Williams,Matt Barnes,Ryan Anderson,2,9:00,ORL,shot,,,,,,,,,,Matt Barnes,,,,missed,,3pt,2,3
D.J. Augustin,Gerald Wallace,Nazr Mohammed,Ronald Murray,Stephen Jackson,Dwight Howard,J.J. Redick,Jason Williams,Matt Barnes,Ryan Anderson,2,8:59,CHA,rebound,,,,,,,,,,D.J. Augustin,,,,,,def,,
D.J. Augustin,Gerald Wallace,Nazr Mohammed,Ronald Murray,Stephen Jackson,Dwight Howard,J.J. Redick,Jason Williams,Matt Barnes,Ryan Anderson,2,8:53,CHA,shot,D.J. Augustin,,,,,,,,,Gerald Wallace,2,,,made,,layup,25,6
D.J. Augustin,Gerald Wallace,Nazr Mohammed,Ronald Murray,Stephen Jackson,Dwight Howard,J.J. Redick,Jason Williams,Matt Barnes,Ryan Anderson,2,8:40,ORL,shot,Jason Williams,,,,,,,,,Ryan Anderson,3,,,made,,3pt,19,32
D.J. Augustin,Gerald Wallace,Nazr Mohammed,Ronald Murray,Stephen Jackson,Dwight Howard,J.J. Redick,Jason Williams,Matt Barnes,Ryan Anderson,2,8:24,CHA,shot,D.J. Augustin,,,,,,,,,Ronald Murray,2,,,made,,jump,10,18
D.J. Augustin,Gerald Wallace,Nazr Mohammed,Ronald Murray,Stephen Jackson,Dwight Howard,J.J. Redick,Jason Williams,Matt Barnes,Ryan Anderson,2,8:13,ORL,shot,,,,,,,,,,Dwight Howard,2,,,made,,slam dunk,25,6
D.J. Augustin,Gerald Wallace,Nazr Mohammed,Ronald Murray,Stephen Jackson,Dwight Howard,J.J. Redick,Jason Williams,Matt Barnes,Ryan Anderson,2,8:13,CHA,foul,,,,,,,,Dwight Howard,,Nazr Mohammed,,,,,,shooting,,
Boris Diaw,D.J. Augustin,Gerald Wallace,Nazr Mohammed,Ronald Murray,Dwight Howard,J.J. Redick,Jason Williams,Matt Barnes,Ryan Anderson,2,8:13,CHA,sub,,,,Boris Diaw,,Stephen Jackson,,,,,,,,,,,,
Boris Diaw,D.J. Augustin,Gerald Wallace,Nazr Mohammed,Ronald Murray,Dwight Howard,J.J. Redick,Jason Williams,Matt Barnes,Rashard Lewis,2,8:13,ORL,sub,,,,Rashard Lewis,,Ryan Anderson,,,,,,,,,,,,
Boris Diaw,D.J. Augustin,Gerald Wallace,Nazr Mohammed,Ronald Murray,Dwight Howard,J.J. Redick,Jason Williams,Matt Barnes,Rashard Lewis,2,8:13,ORL,free throw,,,,,,,1,,1,Dwight Howard,,,foul,missed,,,,
Boris Diaw,D.J. Augustin,Gerald Wallace,Nazr Mohammed,Ronald Murray,Dwight Howard,J.J. Redick,Jason Williams,Matt Barnes,Rashard Lewis,2,8:11,CHA,rebound,,,,,,,,,,Nazr Mohammed,,,,,,def,,
Boris Diaw,D.J. Augustin,Gerald Wallace,Nazr Mohammed,Ronald Murray,Dwight Howard,J.J. Redick,Jason Williams,Matt Barnes,Rashard Lewis,2,7:53,ORL,violation,,,,,,,,,,Dwight Howard,,,,,,defensive goaltending,,
Boris Diaw,D.J. Augustin,Gerald Wallace,Nazr Mohammed,Ronald Murray,Dwight Howard,J.J. Redick,Jason Williams,Matt Barnes,Rashard Lewis,2,7:53,CHA,shot,,,,,,,,,,Ronald Murray,2,,,made,,driving layup,25,6
Boris Diaw,D.J. Augustin,Gerald Wallace,Nazr Mohammed,Ronald Murray,Dwight Howard,J.J. Redick,Jason Williams,Matt Barnes,Rashard Lewis,2,7:39,ORL,turnover,,,,,,,,,,Matt Barnes,,,lost ball,,D.J. Augustin,,,
Boris Diaw,D.J. Augustin,Gerald Wallace,Nazr Mohammed,Ronald Murray,Dwight Howard,J.J. Redick,Jason Williams,Matt Barnes,Rashard Lewis,2,7:36,CHA,foul,,,,,,,,J.J. Redick,,D.J. Augustin,,,,,,offensive,,
Boris Diaw,D.J. Augustin,Gerald Wallace,Nazr Mohammed,Ronald Murray,Dwight Howard,J.J. Redick,Jason Williams,Matt Barnes,Rashard Lewis,2,7:36,CHA,turnover,,,,,,,,,,D.J. Augustin,,,foul,,,,,
Boris Diaw,Gerald Wallace,Nazr Mohammed,Raymond Felton,Ronald Murray,Dwight Howard,J.J. Redick,Jason Williams,Matt Barnes,Rashard Lewis,2,7:36,CHA,sub,,,,Raymond Felton,,D.J. Augustin,,,,,,,,,,,,
Boris Diaw,Gerald Wallace,Nazr Mohammed,Raymond Felton,Ronald Murray,Dwight Howard,J.J. Redick,Jason Williams,Matt Barnes,Rashard Lewis,2,7:16,ORL,shot,,,,,,,,,,Matt Barnes,,,,missed,,jump,28,7
Boris Diaw,Gerald Wallace,Nazr Mohammed,Raymond Felton,Ronald Murray,Dwight Howard,J.J. Redick,Jason Williams,Matt Barnes,Rashard Lewis,2,7:14,CHA,rebound,,,,,,,,,,Gerald Wallace,,,,,,def,,
Boris Diaw,Gerald Wallace,Nazr Mohammed,Raymond Felton,Ronald Murray,Dwight Howard,J.J. Redick,Jason Williams,Matt Barnes,Rashard Lewis,2,7:00,CHA,shot,,,,,,,,,,Ronald Murray,,,,missed,,jump,10,14
Boris Diaw,Gerald Wallace,Nazr Mohammed,Raymond Felton,Ronald Murray,Dwight Howard,J.J. Redick,Jason Williams,Matt Barnes,Rashard Lewis,2,6:59,CHA,rebound,,,,,,,,,,,,,,,,,,
Boris Diaw,Gerald Wallace,Nazr Mohammed,Raymond Felton,Ronald Murray,Dwight Howard,J.J. Redick,Jason Williams,Matt Barnes,Rashard Lewis,2,6:46,CHA,shot,Boris Diaw,,,,,,,,,Gerald Wallace,3,,,made,,3pt,1,6
Boris Diaw,Gerald Wallace,Nazr Mohammed,Raymond Felton,Ronald Murray,Dwight Howard,J.J. Redick,Jason Williams,Matt Barnes,Rashard Lewis,2,6:37,ORL,turnover,,,,,,,,,,Rashard Lewis,,,bad pass,,,,,
Boris Diaw,Gerald Wallace,Nazr Mohammed,Raymond Felton,Ronald Murray,Dwight Howard,J.J. Redick,Jameer Nelson,Matt Barnes,Rashard Lewis,2,6:37,ORL,sub,,,,Jameer Nelson,,Jason Williams,,,,,,,,,,,,
Boris Diaw,Gerald Wallace,Nazr Mohammed,Raymond Felton,Ronald Murray,Dwight Howard,J.J. Redick,Jameer Nelson,Matt Barnes,Rashard Lewis,2,6:16,CHA,shot,,,,,,,,,,Ronald Murray,,,,missed,,jump,46,7
Boris Diaw,Gerald Wallace,Nazr Mohammed,Raymond Felton,Ronald Murray,Dwight Howard,J.J. Redick,Jameer Nelson,Matt Barnes,Rashard Lewis,2,6:14,ORL,rebound,,,,,,,,,,Jameer Nelson,,,,,,def,,
Boris Diaw,Gerald Wallace,Nazr Mohammed,Raymond Felton,Ronald Murray,Dwight Howard,J.J. Redick,Jameer Nelson,Matt Barnes,Rashard Lewis,2,6:08,ORL,turnover,,,,,,,,,,Rashard Lewis,,,bad pass,,Nazr Mohammed,,,
Boris Diaw,Gerald Wallace,Nazr Mohammed,Raymond Felton,Ronald Murray,Dwight Howard,J.J. Redick,Jameer Nelson,Matt Barnes,Rashard Lewis,2,6:03,CHA,shot,Gerald Wallace,,,,,,,,,Raymond Felton,2,,,made,,layup,25,6
Boris Diaw,Gerald Wallace,Nazr Mohammed,Raymond Felton,Ronald Murray,Dwight Howard,J.J. Redick,Jameer Nelson,Matt Barnes,Rashard Lewis,2,5:56,ORL,timeout,,,,,,,,,,,,,,,,regular,,
Boris Diaw,Gerald Wallace,Nazr Mohammed,Raymond Felton,Ronald Murray,Dwight Howard,Jameer Nelson,Matt Barnes,Rashard Lewis,Vince Carter,2,5:56,ORL,sub,,,,Vince Carter,,J.J. Redick,,,,,,,,,,,,
Boris Diaw,Gerald Wallace,Nazr Mohammed,Raymond Felton,Ronald Murray,Dwight Howard,Jameer Nelson,Matt Barnes,Rashard Lewis,Vince Carter,2,5:49,ORL,shot,Vince Carter,,,,,,,,,Dwight Howard,2,,,made,,slam dunk,25,6
Boris Diaw,Gerald Wallace,Nazr Mohammed,Raymond Felton,Ronald Murray,Dwight Howard,Jameer Nelson,Matt Barnes,Rashard Lewis,Vince Carter,2,5:31,CHA,shot,Nazr Mohammed,,,,,,,,,Boris Diaw,2,,,made,,reverse layup,25,6
Boris Diaw,Gerald Wallace,Nazr Mohammed,Raymond Felton,Ronald Murray,Dwight Howard,Jameer Nelson,Matt Barnes,Rashard Lewis,Vince Carter,2,5:18,ORL,turnover,,,,,,,,,,Matt Barnes,,,bad pass,,Boris Diaw,,,
Boris Diaw,Gerald Wallace,Nazr Mohammed,Raymond Felton,Ronald Murray,Dwight Howard,Jameer Nelson,Matt Barnes,Rashard Lewis,Vince Carter,2,5:14,ORL,foul,,,,,,,,Gerald Wallace,,Matt Barnes,,,,,,personal,,
Boris Diaw,Nazr Mohammed,Raymond Felton,Ronald Murray,Stephen Jackson,Dwight Howard,Jameer Nelson,Matt Barnes,Rashard Lewis,Vince Carter,2,5:14,CHA,sub,,,,Stephen Jackson,,Gerald Wallace,,,,,,,,,,,,
Boris Diaw,Nazr Mohammed,Raymond Felton,Ronald Murray,Stephen Jackson,Dwight Howard,Jameer Nelson,Mickael Pietrus,Rashard Lewis,Vince Carter,2,5:14,ORL,sub,,,,Mickael Pietrus,,Matt Barnes,,,,,,,,,,,,
Boris Diaw,Nazr Mohammed,Raymond Felton,Ronald Murray,Stephen Jackson,Dwight Howard,Jameer Nelson,Mickael Pietrus,Rashard Lewis,Vince Carter,2,4:51,CHA,shot,Raymond Felton,,,,,,,,,Boris Diaw,2,,,made,,jump,24,29
Boris Diaw,Nazr Mohammed,Raymond Felton,Ronald Murray,Stephen Jackson,Dwight Howard,Jameer Nelson,Mickael Pietrus,Rashard Lewis,Vince Carter,2,4:39,ORL,shot,,,,,,,,,,Rashard Lewis,,,,missed,,3pt,37,30
Boris Diaw,Nazr Mohammed,Raymond Felton,Ronald Murray,Stephen Jackson,Dwight Howard,Jameer Nelson,Mickael Pietrus,Rashard Lewis,Vince Carter,2,4:37,ORL,jump ball,,Stephen Jackson,,,Dwight Howard,,,,,,,Nazr Mohammed,,,,,,
Boris Diaw,Nazr Mohammed,Raymond Felton,Ronald Murray,Stephen Jackson,Dwight Howard,Jameer Nelson,Mickael Pietrus,Rashard Lewis,Vince Carter,2,4:37,CHA,rebound,,,,,,,,,,,,,,,,,,
Boris Diaw,Nazr Mohammed,Raymond Felton,Ronald Murray,Stephen Jackson,Dwight Howard,Jameer Nelson,Mickael Pietrus,Rashard Lewis,Vince Carter,2,4:21,CHA,shot,,,,,,,,,,Ronald Murray,2,,,made,,jump,10,17
Boris Diaw,Nazr Mohammed,Raymond Felton,Ronald Murray,Stephen Jackson,Dwight Howard,Jameer Nelson,Mickael Pietrus,Rashard Lewis,Vince Carter,2,4:01,ORL,shot,,,,,,,,,,Jameer Nelson,2,,,made,,driving layup,25,6
Boris Diaw,Nazr Mohammed,Raymond Felton,Ronald Murray,Stephen Jackson,Dwight Howard,Jameer Nelson,Mickael Pietrus,Rashard Lewis,Vince Carter,2,3:48,CHA,shot,Raymond Felton,,,,,,,,,Boris Diaw,2,,,made,,layup,25,6
Boris Diaw,Nazr Mohammed,Raymond Felton,Ronald Murray,Stephen Jackson,Dwight Howard,Jameer Nelson,Mickael Pietrus,Rashard Lewis,Vince Carter,2,3:41,CHA,foul,,,,,,,,Dwight Howard,,Nazr Mohammed,,,,,,personal,,
Boris Diaw,Gerald Wallace,Raymond Felton,Ronald Murray,Stephen Jackson,Dwight Howard,Jameer Nelson,Mickael Pietrus,Rashard Lewis,Vince Carter,2,3:41,CHA,sub,,,,Gerald Wallace,,Nazr Mohammed,,,,,,,,,,,,
Boris Diaw,Gerald Wallace,Raymond Felton,Ronald Murray,Stephen Jackson,Dwight Howard,Jameer Nelson,Mickael Pietrus,Rashard Lewis,Vince Carter,2,3:33,CHA,foul,,,,,,,,Rashard Lewis,,Stephen Jackson,,,,,,personal,,
Boris Diaw,Gerald Wallace,Raymond Felton,Ronald Murray,Stephen Jackson,Dwight Howard,Jameer Nelson,Mickael Pietrus,Rashard Lewis,Vince Carter,2,3:19,ORL,shot,,,,,,,,,,Rashard Lewis,,,,missed,,turnaround jump,10,13
Boris Diaw,Gerald Wallace,Raymond Felton,Ronald Murray,Stephen Jackson,Dwight Howard,Jameer Nelson,Mickael Pietrus,Rashard Lewis,Vince Carter,2,3:17,ORL,rebound,,,,,,,,,,Dwight Howard,,,,,,off,,
Boris Diaw,Gerald Wallace,Raymond Felton,Ronald Murray,Stephen Jackson,Dwight Howard,Jameer Nelson,Mickael Pietrus,Rashard Lewis,Vince Carter,2,3:03,ORL,shot,,,,,,,,,,Vince Carter,,,,missed,,3pt,2,6
Boris Diaw,Gerald Wallace,Raymond Felton,Ronald Murray,Stephen Jackson,Dwight Howard,Jameer Nelson,Mickael Pietrus,Rashard Lewis,Vince Carter,2,3:03,CHA,rebound,,,,,,,,,,,,,,,,,,
Boris Diaw,Gerald Wallace,Raymond Felton,Ronald Murray,Stephen Jackson,Dwight Howard,Jameer Nelson,Mickael Pietrus,Rashard Lewis,Vince Carter,2,3:03,ORL,foul,,,,,,,,Gerald Wallace,,Dwight Howard,,,,,,loose ball,,
Boris Diaw,Gerald Wallace,Raymond Felton,Ronald Murray,Stephen Jackson,Brandon Bass,Jameer Nelson,Mickael Pietrus,Rashard Lewis,Vince Carter,2,3:03,ORL,sub,,,,Brandon Bass,,Dwight Howard,,,,,,,,,,,,
Boris Diaw,Gerald Wallace,Raymond Felton,Ronald Murray,Stephen Jackson,Brandon Bass,Jameer Nelson,Mickael Pietrus,Rashard Lewis,Vince Carter,2,3:03,CHA,timeout,,,,,,,,,,,,,,,,regular,,
Boris Diaw,Gerald Wallace,Raymond Felton,Ronald Murray,Stephen Jackson,Brandon Bass,Jameer Nelson,Mickael Pietrus,Rashard Lewis,Vince Carter,2,2:44,CHA,shot,,,,,,,,,,Ronald Murray,,,,missed,,driving layup,25,6
Boris Diaw,Gerald Wallace,Raymond Felton,Ronald Murray,Stephen Jackson,Brandon Bass,Jameer Nelson,Mickael Pietrus,Rashard Lewis,Vince Carter,2,2:42,ORL,rebound,,,,,,,,,,Rashard Lewis,,,,,,def,,
Boris Diaw,Gerald Wallace,Raymond Felton,Ronald Murray,Stephen Jackson,Brandon Bass,Jameer Nelson,Mickael Pietrus,Rashard Lewis,Vince Carter,2,2:31,CHA,foul,,,,,,,,Rashard Lewis,,Raymond Felton,,,,,,personal,,
Boris Diaw,Gerald Wallace,Raymond Felton,Ronald Murray,Stephen Jackson,Brandon Bass,Jameer Nelson,Mickael Pietrus,Rashard Lewis,Vince Carter,2,2:31,ORL,free throw,,,,,,,1,,2,Rashard Lewis,,,foul,made,,,,
Boris Diaw,D.J. Augustin,Gerald Wallace,Ronald Murray,Stephen Jackson,Brandon Bass,Jameer Nelson,Mickael Pietrus,Rashard Lewis,Vince Carter,2,2:31,CHA,sub,,,,D.J. Augustin,,Raymond Felton,,,,,,,,,,,,
Boris Diaw,D.J. Augustin,Gerald Wallace,Ronald Murray,Stephen Jackson,Brandon Bass,Jameer Nelson,Mickael Pietrus,Rashard Lewis,Vince Carter,2,2:31,ORL,free throw,,,,,,,2,,2,Rashard Lewis,,,foul,made,,,,
Boris Diaw,D.J. Augustin,Gerald Wallace,Ronald Murray,Stephen Jackson,Brandon Bass,Jameer Nelson,Mickael Pietrus,Rashard Lewis,Vince Carter,2,2:12,CHA,shot,,,,,,,,,,Ronald Murray,,,,missed,,3pt,13,27
Boris Diaw,D.J. Augustin,Gerald Wallace,Ronald Murray,Stephen Jackson,Brandon Bass,Jameer Nelson,Mickael Pietrus,Rashard Lewis,Vince Carter,2,2:10,CHA,rebound,,,,,,,,,,Stephen Jackson,,,,,,off,,
Boris Diaw,D.J. Augustin,Gerald Wallace,Ronald Murray,Stephen Jackson,Brandon Bass,Jameer Nelson,Mickael Pietrus,Rashard Lewis,Vince Carter,2,2:04,CHA,shot,,,,,,,,,,Stephen Jackson,,,,missed,,jump,29,25
Boris Diaw,D.J. Augustin,Gerald Wallace,Ronald Murray,Stephen Jackson,Brandon Bass,Jameer Nelson,Mickael Pietrus,Rashard Lewis,Vince Carter,2,2:02,ORL,rebound,,,,,,,,,,Brandon Bass,,,,,,def,,
Boris Diaw,D.J. Augustin,Gerald Wallace,Ronald Murray,Stephen Jackson,Brandon Bass,Jameer Nelson,Mickael Pietrus,Rashard Lewis,Vince Carter,2,1:50,ORL,shot,,,,,,,,,,Rashard Lewis,,,,missed,,running jump,22,10
Boris Diaw,D.J. Augustin,Gerald Wallace,Ronald Murray,Stephen Jackson,Brandon Bass,Jameer Nelson,Mickael Pietrus,Rashard Lewis,Vince Carter,2,1:48,CHA,rebound,,,,,,,,,,Boris Diaw,,,,,,def,,
Boris Diaw,D.J. Augustin,Gerald Wallace,Ronald Murray,Stephen Jackson,Brandon Bass,Jameer Nelson,Mickael Pietrus,Rashard Lewis,Vince Carter,2,1:36,ORL,foul,,,,,,,,,,Jameer Nelson,,,,,,defense 3 second,,
Boris Diaw,D.J. Augustin,Gerald Wallace,Ronald Murray,Stephen Jackson,Brandon Bass,Jameer Nelson,Mickael Pietrus,Rashard Lewis,Vince Carter,2,1:36,CHA,free throw,,,,,,,1,,1,D.J. Augustin,,,technical,missed,,,,
Boris Diaw,D.J. Augustin,Gerald Wallace,Ronald Murray,Stephen Jackson,Brandon Bass,Jameer Nelson,Mickael Pietrus,Rashard Lewis,Vince Carter,2,1:36,CHA,rebound,,,,,,,,,,,,,,,,,,
Boris Diaw,D.J. Augustin,Gerald Wallace,Ronald Murray,Stephen Jackson,Brandon Bass,Jameer Nelson,Matt Barnes,Mickael Pietrus,Vince Carter,2,1:36,ORL,sub,,,,Matt Barnes,,Rashard Lewis,,,,,,,,,,,,
Boris Diaw,D.J. Augustin,Gerald Wallace,Ronald Murray,Stephen Jackson,Brandon Bass,Jameer Nelson,Matt Barnes,Mickael Pietrus,Vince Carter,2,1:32,CHA,shot,D.J. Augustin,,,,,,,,,Boris Diaw,2,,,made,,layup,25,6
Boris Diaw,D.J. Augustin,Gerald Wallace,Ronald Murray,Stephen Jackson,Brandon Bass,Jameer Nelson,Matt Barnes,Mickael Pietrus,Vince Carter,2,1:12,ORL,shot,,,,,,,,,,Vince Carter,2,,,made,,driving finger roll layup,25,6
Boris Diaw,D.J. Augustin,Gerald Wallace,Ronald Murray,Stephen Jackson,Brandon Bass,Jameer Nelson,Matt Barnes,Mickael Pietrus,Vince Carter,2,0:55,CHA,shot,Ronald Murray,,,,,,,,,Boris Diaw,2,,,made,,layup,25,6
Boris Diaw,D.J. Augustin,Gerald Wallace,Ronald Murray,Stephen Jackson,Brandon Bass,Jameer Nelson,Matt Barnes,Mickael Pietrus,Vince Carter,2,0:41,ORL,shot,,,,,,,,,,Matt Barnes,,,,missed,,3pt,13,30
Boris Diaw,D.J. Augustin,Gerald Wallace,Ronald Murray,Stephen Jackson,Brandon Bass,Jameer Nelson,Matt Barnes,Mickael Pietrus,Vince Carter,2,0:40,ORL,rebound,,,,,,,,,,Mickael Pietrus,,,,,,off,,
Boris Diaw,D.J. Augustin,Gerald Wallace,Ronald Murray,Stephen Jackson,Brandon Bass,Jameer Nelson,Matt Barnes,Mickael Pietrus,Vince Carter,2,0:31,ORL,shot,Mickael Pietrus,,,,,,,,,Brandon Bass,2,,,made,,dunk,25,6
Boris Diaw,D.J. Augustin,Gerald Wallace,Ronald Murray,Stephen Jackson,Brandon Bass,Jameer Nelson,Matt Barnes,Mickael Pietrus,Vince Carter,2,0:06,CHA,shot,,,,,,,,,,Ronald Murray,,,,missed,,jump,12,12
Boris Diaw,D.J. Augustin,Gerald Wallace,Ronald Murray,Stephen Jackson,Brandon Bass,Jameer Nelson,Matt Barnes,Mickael Pietrus,Vince Carter,2,0:05,ORL,rebound,,,,,,,,,,Brandon Bass,,,,,,def,,
Boris Diaw,D.J. Augustin,Gerald Wallace,Ronald Murray,Stephen Jackson,Brandon Bass,Jameer Nelson,Matt Barnes,Mickael Pietrus,Vince Carter,2,0:01,ORL,shot,,,,,,,,,,Brandon Bass,,,,missed,,layup,25,6
Boris Diaw,D.J. Augustin,Gerald Wallace,Ronald Murray,Stephen Jackson,Brandon Bass,Jameer Nelson,Matt Barnes,Mickael Pietrus,Vince Carter,2,0:01,ORL,rebound,,,,,,,,,,Vince Carter,,,,,,off,,
Boris Diaw,D.J. Augustin,Gerald Wallace,Ronald Murray,Stephen Jackson,Brandon Bass,Jameer Nelson,Matt Barnes,Mickael Pietrus,Vince Carter,2,0:01,ORL,shot,,,,,,,,,,Vince Carter,,,,missed,,tip,25,6
Boris Diaw,D.J. Augustin,Gerald Wallace,Ronald Murray,Stephen Jackson,Brandon Bass,Jameer Nelson,Matt Barnes,Mickael Pietrus,Vince Carter,2,0:00,ORL,rebound,,,,,,,,,,,,,,,,,,
Boris Diaw,D.J. Augustin,Gerald Wallace,Ronald Murray,Stephen Jackson,Brandon Bass,Jameer Nelson,Matt Barnes,Mickael Pietrus,Vince Carter,2,0:00,ORL,timeout,,,,,,,,,,,,,,,,short,,
D.J. Augustin,Gerald Wallace,Ronald Murray,Stephen Graham,Stephen Jackson,Brandon Bass,Jameer Nelson,Matt Barnes,Mickael Pietrus,Vince Carter,2,0:00,CHA,sub,,,,Stephen Graham,,Boris Diaw,,,,,,,,,,,,
Gerald Wallace,Nazr Mohammed,Ronald Murray,Stephen Graham,Stephen Jackson,Brandon Bass,Jameer Nelson,Matt Barnes,Mickael Pietrus,Vince Carter,2,0:00,CHA,sub,,,,Nazr Mohammed,,D.J. Augustin,,,,,,,,,,,,
Boris Diaw,Gerald Wallace,Raymond Felton,Stephen Jackson,Tyson Chandler,Dwight Howard,Jameer Nelson,Mickael Pietrus,Rashard Lewis,Vince Carter,3,11:45,CHA,shot,,,,,,,,,,Tyson Chandler,,,,missed,,layup,25,6
Boris Diaw,Gerald Wallace,Raymond Felton,Stephen Jackson,Tyson Chandler,Dwight Howard,Jameer Nelson,Mickael Pietrus,Rashard Lewis,Vince Carter,3,11:44,ORL,rebound,,,,,,,,,,Jameer Nelson,,,,,,def,,
Boris Diaw,Gerald Wallace,Raymond Felton,Stephen Jackson,Tyson Chandler,Dwight Howard,Jameer Nelson,Mickael Pietrus,Rashard Lewis,Vince Carter,3,11:34,ORL,shot,Jameer Nelson,,,,,,,,,Mickael Pietrus,3,,,made,,3pt,11,27
Boris Diaw,Gerald Wallace,Raymond Felton,Stephen Jackson,Tyson Chandler,Dwight Howard,Jameer Nelson,Mickael Pietrus,Rashard Lewis,Vince Carter,3,11:13,CHA,shot,,,,,,,,,,Boris Diaw,,,,missed,,3pt,49,7
Boris Diaw,Gerald Wallace,Raymond Felton,Stephen Jackson,Tyson Chandler,Dwight Howard,Jameer Nelson,Mickael Pietrus,Rashard Lewis,Vince Carter,3,11:12,ORL,rebound,,,,,,,,,,Jameer Nelson,,,,,,def,,
Boris Diaw,Gerald Wallace,Raymond Felton,Stephen Jackson,Tyson Chandler,Dwight Howard,Jameer Nelson,Mickael Pietrus,Rashard Lewis,Vince Carter,3,10:50,ORL,turnover,,,,,,,,,,Mickael Pietrus,,,bad pass,,,,,
Boris Diaw,Gerald Wallace,Raymond Felton,Stephen Jackson,Tyson Chandler,Dwight Howard,Jameer Nelson,Mickael Pietrus,Rashard Lewis,Vince Carter,3,10:42,CHA,shot,,,,,,,,,,Raymond Felton,,,,missed,,jump,11,21
Boris Diaw,Gerald Wallace,Raymond Felton,Stephen Jackson,Tyson Chandler,Dwight Howard,Jameer Nelson,Mickael Pietrus,Rashard Lewis,Vince Carter,3,10:41,ORL,rebound,,,,,,,,,,Dwight Howard,,,,,,def,,
Boris Diaw,Gerald Wallace,Raymond Felton,Stephen Jackson,Tyson Chandler,Dwight Howard,Jameer Nelson,Mickael Pietrus,Rashard Lewis,Vince Carter,3,10:31,ORL,shot,,,,,,,,,,Dwight Howard,,,,missed,,hook,26,11
Boris Diaw,Gerald Wallace,Raymond Felton,Stephen Jackson,Tyson Chandler,Dwight Howard,Jameer Nelson,Mickael Pietrus,Rashard Lewis,Vince Carter,3,10:30,CHA,rebound,,,,,,,,,,Gerald Wallace,,,,,,def,,
Boris Diaw,Gerald Wallace,Raymond Felton,Stephen Jackson,Tyson Chandler,Dwight Howard,Jameer Nelson,Mickael Pietrus,Rashard Lewis,Vince Carter,3,10:24,CHA,turnover,,,,,,,,,,Raymond Felton,,,bad pass,,Jameer Nelson,,,
Boris Diaw,Gerald Wallace,Raymond Felton,Stephen Jackson,Tyson Chandler,Dwight Howard,Jameer Nelson,Mickael Pietrus,Rashard Lewis,Vince Carter,3,10:18,CHA,foul,,,,,,,,Jameer Nelson,,Raymond Felton,,,,,,personal,,
Boris Diaw,Gerald Wallace,Raymond Felton,Stephen Jackson,Tyson Chandler,Dwight Howard,Jameer Nelson,Mickael Pietrus,Rashard Lewis,Vince Carter,3,10:15,CHA,foul,,,,,,,,Jameer Nelson,,Raymond Felton,,,,,,personal,,
Boris Diaw,Gerald Wallace,Ronald Murray,Stephen Jackson,Tyson Chandler,Dwight Howard,Jameer Nelson,Mickael Pietrus,Rashard Lewis,Vince Carter,3,10:15,CHA,sub,,,,Ronald Murray,,Raymond Felton,,,,,,,,,,,,
Boris Diaw,Gerald Wallace,Ronald Murray,Stephen Jackson,Tyson Chandler,Dwight Howard,Jameer Nelson,Mickael Pietrus,Rashard Lewis,Vince Carter,3,10:02,ORL,shot,,,,,,,,,,Rashard Lewis,,,,missed,,3pt,2,6
Boris Diaw,Gerald Wallace,Ronald Murray,Stephen Jackson,Tyson Chandler,Dwight Howard,Jameer Nelson,Mickael Pietrus,Rashard Lewis,Vince Carter,3,10:01,CHA,rebound,,,,,,,,,,Ronald Murray,,,,,,def,,
Boris Diaw,Gerald Wallace,Ronald Murray,Stephen Jackson,Tyson Chandler,Dwight Howard,Jameer Nelson,Mickael Pietrus,Rashard Lewis,Vince Carter,3,9:49,ORL,foul,,,,,,,,Stephen Jackson,,Dwight Howard,,,,,,shooting,,
Boris Diaw,Gerald Wallace,Ronald Murray,Stephen Jackson,Tyson Chandler,Dwight Howard,Jameer Nelson,Mickael Pietrus,Rashard Lewis,Vince Carter,3,9:49,CHA,free throw,,,,,,,1,,2,Stephen Jackson,,,foul,missed,,,,
Boris Diaw,Gerald Wallace,Ronald Murray,Stephen Jackson,Tyson Chandler,Dwight Howard,Jameer Nelson,Mickael Pietrus,Rashard Lewis,Vince Carter,3,9:49,CHA,rebound,,,,,,,,,,,,,,,,,,
Boris Diaw,Gerald Wallace,Ronald Murray,Stephen Jackson,Tyson Chandler,Dwight Howard,Jameer Nelson,Mickael Pietrus,Rashard Lewis,Vince Carter,3,9:49,CHA,free throw,,,,,,,2,,2,Stephen Jackson,,,foul,made,,,,
Boris Diaw,Gerald Wallace,Ronald Murray,Stephen Jackson,Tyson Chandler,Dwight Howard,Jameer Nelson,Mickael Pietrus,Rashard Lewis,Vince Carter,3,9:27,ORL,shot,Dwight Howard,,,,,,,,,Jameer Nelson,3,,,made,,3pt,43,23
Boris Diaw,Gerald Wallace,Ronald Murray,Stephen Jackson,Tyson Chandler,Dwight Howard,Jameer Nelson,Mickael Pietrus,Rashard Lewis,Vince Carter,3,9:05,ORL,violation,,,,,,,,,,Dwight Howard,,,,,,defensive goaltending,,
Boris Diaw,Gerald Wallace,Ronald Murray,Stephen Jackson,Tyson Chandler,Dwight Howard,Jameer Nelson,Mickael Pietrus,Rashard Lewis,Vince Carter,3,9:05,CHA,shot,,,,,,,,,,Stephen Jackson,2,,,made,,layup,25,6
Boris Diaw,Gerald Wallace,Ronald Murray,Stephen Jackson,Tyson Chandler,Dwight Howard,Jameer Nelson,Mickael Pietrus,Rashard Lewis,Vince Carter,3,8:46,ORL,shot,Rashard Lewis,,,,,,,,,Jameer Nelson,3,,,made,,3pt,23,32
Boris Diaw,Gerald Wallace,Ronald Murray,Stephen Jackson,Tyson Chandler,Dwight Howard,Jameer Nelson,Mickael Pietrus,Rashard Lewis,Vince Carter,3,8:25,CHA,shot,,,,,,,,,,Ronald Murray,2,,,made,,pullup jump,37,15
Boris Diaw,Gerald Wallace,Ronald Murray,Stephen Jackson,Tyson Chandler,Dwight Howard,Jameer Nelson,Mickael Pietrus,Rashard Lewis,Vince Carter,3,8:07,ORL,shot,,,,,,,,,,Jameer Nelson,,,,missed,,3pt,25,31
Boris Diaw,Gerald Wallace,Ronald Murray,Stephen Jackson,Tyson Chandler,Dwight Howard,Jameer Nelson,Mickael Pietrus,Rashard Lewis,Vince Carter,3,8:06,CHA,rebound,,,,,,,,,,Gerald Wallace,,,,,,def,,
Boris Diaw,Gerald Wallace,Ronald Murray,Stephen Jackson,Tyson Chandler,Dwight Howard,Jameer Nelson,Mickael Pietrus,Rashard Lewis,Vince Carter,3,7:51,CHA,turnover,,,,,,,,,,Tyson Chandler,,,3 second violation,,,,,
Boris Diaw,Gerald Wallace,Ronald Murray,Stephen Jackson,Tyson Chandler,Dwight Howard,Jameer Nelson,Mickael Pietrus,Rashard Lewis,Vince Carter,3,7:42,CHA,foul,,,,,,,,Vince Carter,,Stephen Jackson,,,,,,personal,,
Boris Diaw,Gerald Wallace,Ronald Murray,Stephen Jackson,Tyson Chandler,Dwight Howard,Jameer Nelson,Mickael Pietrus,Rashard Lewis,Vince Carter,3,7:35,ORL,shot,,,,,,,,,,Rashard Lewis,,,,missed,,3pt,43,24
Boris Diaw,Gerald Wallace,Ronald Murray,Stephen Jackson,Tyson Chandler,Dwight Howard,Jameer Nelson,Mickael Pietrus,Rashard Lewis,Vince Carter,3,7:34,ORL,rebound,,,,,,,,,,Mickael Pietrus,,,,,,off,,
Boris Diaw,Gerald Wallace,Ronald Murray,Stephen Jackson,Tyson Chandler,Dwight Howard,Jameer Nelson,Mickael Pietrus,Rashard Lewis,Vince Carter,3,7:21,CHA,foul,,,,,,,,Dwight Howard,,Tyson Chandler,,,,,,shooting,,
Boris Diaw,Gerald Wallace,Ronald Murray,Stephen Jackson,Tyson Chandler,Dwight Howard,Jameer Nelson,Mickael Pietrus,Rashard Lewis,Vince Carter,3,7:21,ORL,free throw,,,,,,,1,,2,Dwight Howard,,,foul,missed,,,,
Boris Diaw,Gerald Wallace,Ronald Murray,Stephen Jackson,Tyson Chandler,Dwight Howard,Jameer Nelson,Mickael Pietrus,Rashard Lewis,Vince Carter,3,7:21,ORL,rebound,,,,,,,,,,,,,,,,,,
Boris Diaw,Gerald Wallace,Ronald Murray,Stephen Jackson,Tyson Chandler,Dwight Howard,Jameer Nelson,Mickael Pietrus,Rashard Lewis,Vince Carter,3,7:21,ORL,free throw,,,,,,,2,,2,Dwight Howard,,,foul,made,,,,
Boris Diaw,Gerald Wallace,Ronald Murray,Stephen Jackson,Tyson Chandler,Dwight Howard,Jameer Nelson,Mickael Pietrus,Rashard Lewis,Vince Carter,3,7:03,ORL,foul,,,,,,,,Tyson Chandler,,Vince Carter,,,,,,personal,,
Boris Diaw,Gerald Wallace,Ronald Murray,Stephen Jackson,Tyson Chandler,Dwight Howard,Jameer Nelson,Mickael Pietrus,Rashard Lewis,Vince Carter,3,6:57,CHA,shot,,,,,,,,,,Ronald Murray,2,,,made,,jump,25,23
Boris Diaw,Gerald Wallace,Ronald Murray,Stephen Jackson,Tyson Chandler,Dwight Howard,Jameer Nelson,Mickael Pietrus,Rashard Lewis,Vince Carter,3,6:36,ORL,turnover,,,,,,,,,,Dwight Howard,,,lost ball,,Stephen Jackson,,,
Boris Diaw,Gerald Wallace,Ronald Murray,Stephen Jackson,Tyson Chandler,Dwight Howard,Jameer Nelson,Mickael Pietrus,Rashard Lewis,Vince Carter,3,6:25,CHA,shot,Stephen Jackson,,,,,,,,,Ronald Murray,3,,,made,,3pt,49,11
Boris Diaw,Gerald Wallace,Ronald Murray,Stephen Jackson,Tyson Chandler,Dwight Howard,Jameer Nelson,Mickael Pietrus,Rashard Lewis,Vince Carter,3,6:06,ORL,shot,,,,,,,,,,Rashard Lewis,,,,missed,,jump,33,9
Boris Diaw,Gerald Wallace,Ronald Murray,Stephen Jackson,Tyson Chandler,Dwight Howard,Jameer Nelson,Mickael Pietrus,Rashard Lewis,Vince Carter,3,6:05,ORL,rebound,,,,,,,,,,Mickael Pietrus,,,,,,off,,
Boris Diaw,Gerald Wallace,Ronald Murray,Stephen Jackson,Tyson Chandler,Dwight Howard,Jameer Nelson,Mickael Pietrus,Rashard Lewis,Vince Carter,3,5:52,ORL,turnover,,,,,,,,,,Vince Carter,,,lost ball,,Stephen Jackson,,,
Boris Diaw,Gerald Wallace,Ronald Murray,Stephen Jackson,Tyson Chandler,Dwight Howard,Jameer Nelson,Mickael Pietrus,Rashard Lewis,Vince Carter,3,5:46,CHA,shot,,,,,,,,,,Stephen Jackson,,,,missed,,3pt,5,22
Boris Diaw,Gerald Wallace,Ronald Murray,Stephen Jackson,Tyson Chandler,Dwight Howard,Jameer Nelson,Mickael Pietrus,Rashard Lewis,Vince Carter,3,5:45,CHA,rebound,,,,,,,,,,Gerald Wallace,,,,,,off,,
Boris Diaw,Gerald Wallace,Ronald Murray,Stephen Jackson,Tyson Chandler,Dwight Howard,Jameer Nelson,Mickael Pietrus,Rashard Lewis,Vince Carter,3,5:37,CHA,shot,,,,,,,,,,Ronald Murray,,,,missed,,3pt,38,29
Boris Diaw,Gerald Wallace,Ronald Murray,Stephen Jackson,Tyson Chandler,Dwight Howard,Jameer Nelson,Mickael Pietrus,Rashard Lewis,Vince Carter,3,5:36,ORL,rebound,,,,,,,,,,Jameer Nelson,,,,,,def,,
Boris Diaw,Gerald Wallace,Ronald Murray,Stephen Jackson,Tyson Chandler,Dwight Howard,Jameer Nelson,Mickael Pietrus,Rashard Lewis,Vince Carter,3,5:28,ORL,shot,Jameer Nelson,,,,,,,,,Mickael Pietrus,3,,,made,,3pt,3,17
Boris Diaw,Gerald Wallace,Ronald Murray,Stephen Jackson,Tyson Chandler,Dwight Howard,Jameer Nelson,Mickael Pietrus,Rashard Lewis,Vince Carter,3,5:13,ORL,foul,,,,,,,,Stephen Jackson,,Vince Carter,,,,,,personal,,
Boris Diaw,Gerald Wallace,Ronald Murray,Stephen Jackson,Tyson Chandler,Dwight Howard,Jameer Nelson,Mickael Pietrus,Rashard Lewis,Vince Carter,3,5:13,ORL,timeout,,,,,,,,,,,,,,,,regular,,
Boris Diaw,Gerald Wallace,Ronald Murray,Stephen Jackson,Tyson Chandler,Dwight Howard,Jameer Nelson,Mickael Pietrus,Ryan Anderson,Vince Carter,3,5:13,ORL,sub,,,,Ryan Anderson,,Rashard Lewis,,,,,,,,,,,,
Boris Diaw,Gerald Wallace,Ronald Murray,Stephen Jackson,Tyson Chandler,Dwight Howard,Jameer Nelson,Mickael Pietrus,Ryan Anderson,Vince Carter,3,5:00,CHA,shot,,,,,,,,,,Tyson Chandler,,,,missed,,jump,32,20
Boris Diaw,Gerald Wallace,Ronald Murray,Stephen Jackson,Tyson Chandler,Dwight Howard,Jameer Nelson,Mickael Pietrus,Ryan Anderson,Vince Carter,3,4:58,ORL,rebound,,,,,,,,,,Dwight Howard,,,,,,def,,
Boris Diaw,Gerald Wallace,Ronald Murray,Stephen Jackson,Tyson Chandler,Dwight Howard,Jameer Nelson,Mickael Pietrus,Ryan Anderson,Vince Carter,3,4:47,ORL,shot,,,,,,,,,,Mickael Pietrus,,,,missed,,3pt,1,6
Boris Diaw,Gerald Wallace,Ronald Murray,Stephen Jackson,Tyson Chandler,Dwight Howard,Jameer Nelson,Mickael Pietrus,Ryan Anderson,Vince Carter,3,4:46,CHA,rebound,,,,,,,,,,Stephen Jackson,,,,,,def,,
Boris Diaw,Gerald Wallace,Ronald Murray,Stephen Jackson,Tyson Chandler,Dwight Howard,Jameer Nelson,Mickael Pietrus,Ryan Anderson,Vince Carter,3,4:25,CHA,shot,,,,,,,,,,Boris Diaw,,,,missed,,hook,22,13
Boris Diaw,Gerald Wallace,Ronald Murray,Stephen Jackson,Tyson Chandler,Dwight Howard,Jameer Nelson,Mickael Pietrus,Ryan Anderson,Vince Carter,3,4:24,ORL,rebound,,,,,,,,,,Dwight Howard,,,,,,def,,
Boris Diaw,Gerald Wallace,Ronald Murray,Stephen Jackson,Tyson Chandler,Dwight Howard,Jameer Nelson,Mickael Pietrus,Ryan Anderson,Vince Carter,3,4:15,ORL,turnover,,,,,,,,,,Jameer Nelson,,,lost ball,,Ronald Murray,,,
Boris Diaw,Gerald Wallace,Ronald Murray,Stephen Jackson,Tyson Chandler,Dwight Howard,Jameer Nelson,Mickael Pietrus,Ryan Anderson,Vince Carter,3,3:58,CHA,shot,,,,,,,,,,Stephen Jackson,,,,missed,,jump hook,18,8
Boris Diaw,Gerald Wallace,Ronald Murray,Stephen Jackson,Tyson Chandler,Dwight Howard,Jameer Nelson,Mickael Pietrus,Ryan Anderson,Vince Carter,3,3:57,ORL,rebound,,,,,,,,,,Dwight Howard,,,,,,def,,
Boris Diaw,Gerald Wallace,Ronald Murray,Stephen Jackson,Tyson Chandler,Dwight Howard,Jameer Nelson,Mickael Pietrus,Ryan Anderson,Vince Carter,3,3:44,ORL,shot,Jameer Nelson,,,,,,,,,Mickael Pietrus,3,,,made,,3pt,2,7
Boris Diaw,Gerald Wallace,Ronald Murray,Stephen Jackson,Tyson Chandler,Dwight Howard,Jameer Nelson,Mickael Pietrus,Ryan Anderson,Vince Carter,3,3:26,ORL,foul,,,,,,,,Gerald Wallace,,Jameer Nelson,,,,,,personal,,
Boris Diaw,Gerald Wallace,Ronald Murray,Stephen Jackson,Tyson Chandler,Dwight Howard,Jason Williams,Mickael Pietrus,Ryan Anderson,Vince Carter,3,3:26,ORL,sub,,,,Jason Williams,,Jameer Nelson,,,,,,,,,,,,
Boris Diaw,D.J. Augustin,Gerald Wallace,Stephen Jackson,Tyson Chandler,Dwight Howard,Jason Williams,Mickael Pietrus,Ryan Anderson,Vince Carter,3,3:26,CHA,sub,,,,D.J. Augustin,,Ronald Murray,,,,,,,,,,,,
Boris Diaw,D.J. Augustin,Gerald Wallace,Stephen Jackson,Tyson Chandler,Dwight Howard,Jason Williams,Mickael Pietrus,Ryan Anderson,Vince Carter,3,3:13,CHA,shot,D.J. Augustin,,,,,,,,,Stephen Jackson,2,,,made,,pullup jump,18,17
Boris Diaw,D.J. Augustin,Gerald Wallace,Stephen Jackson,Tyson Chandler,Dwight Howard,Jason Williams,Mickael Pietrus,Ryan Anderson,Vince Carter,3,2:49,ORL,shot,Dwight Howard,,,,,,,,,Ryan Anderson,2,,,made,,layup,25,6
Boris Diaw,D.J. Augustin,Gerald Wallace,Stephen Jackson,Tyson Chandler,Dwight Howard,Jason Williams,Mickael Pietrus,Ryan Anderson,Vince Carter,3,2:49,CHA,foul,,,,,,,,Ryan Anderson,,Gerald Wallace,,,,,,shooting,,
Boris Diaw,D.J. Augustin,Gerald Wallace,Stephen Jackson,Tyson Chandler,Dwight Howard,Jason Williams,Mickael Pietrus,Ryan Anderson,Vince Carter,3,2:49,CHA,timeout,,,,,,,,,,,,,,,,regular,,
Boris Diaw,D.J. Augustin,Gerald Wallace,Stephen Jackson,Tyson Chandler,Dwight Howard,Jason Williams,Mickael Pietrus,Rashard Lewis,Ryan Anderson,3,2:49,ORL,sub,,,,Rashard Lewis,,Vince Carter,,,,,,,,,,,,
Boris Diaw,D.J. Augustin,Gerald Wallace,Stephen Jackson,Tyson Chandler,Dwight Howard,Jason Williams,Mickael Pietrus,Rashard Lewis,Ryan Anderson,3,2:49,ORL,free throw,,,,,,,1,,1,Ryan Anderson,,,foul,made,,,,
Boris Diaw,D.J. Augustin,Gerald Wallace,Stephen Jackson,Tyson Chandler,Dwight Howard,Jason Williams,Mickael Pietrus,Rashard Lewis,Ryan Anderson,3,2:42,ORL,foul,,,,,,,,Gerald Wallace,,Rashard Lewis,,,,,,personal,,
Boris Diaw,D.J. Augustin,Gerald Wallace,Stephen Jackson,Tyson Chandler,Dwight Howard,Jason Williams,Mickael Pietrus,Rashard Lewis,Ryan Anderson,3,2:42,CHA,free throw,,,,,,,1,,2,Gerald Wallace,,,foul,made,,,,
Boris Diaw,D.J. Augustin,Gerald Wallace,Stephen Jackson,Tyson Chandler,Dwight Howard,Jason Williams,Mickael Pietrus,Rashard Lewis,Ryan Anderson,3,2:42,CHA,free throw,,,,,,,2,,2,Gerald Wallace,,,foul,made,,,,
Boris Diaw,D.J. Augustin,Gerald Wallace,Stephen Jackson,Tyson Chandler,Dwight Howard,Jason Williams,Mickael Pietrus,Rashard Lewis,Ryan Anderson,3,2:25,ORL,shot,,,,,,,,,,Rashard Lewis,2,,,made,,turnaround jump,38,6
Boris Diaw,D.J. Augustin,Gerald Wallace,Stephen Jackson,Tyson Chandler,Dwight Howard,Jason Williams,Mickael Pietrus,Rashard Lewis,Ryan Anderson,3,2:05,CHA,shot,,,,,,,,,,Boris Diaw,2,,,made,,jump,12,24
Boris Diaw,D.J. Augustin,Gerald Wallace,Stephen Jackson,Tyson Chandler,Dwight Howard,Jason Williams,Mickael Pietrus,Rashard Lewis,Ryan Anderson,3,1:47,ORL,shot,,,,,,,,,,Rashard Lewis,2,,,made,,driving layup,25,6
Boris Diaw,D.J. Augustin,Gerald Wallace,Stephen Jackson,Tyson Chandler,Dwight Howard,Jason Williams,Mickael Pietrus,Rashard Lewis,Ryan Anderson,3,1:26,CHA,shot,,,,,,,,,,D.J. Augustin,,,,missed,,jump,11,23
Boris Diaw,D.J. Augustin,Gerald Wallace,Stephen Jackson,Tyson Chandler,Dwight Howard,Jason Williams,Mickael Pietrus,Rashard Lewis,Ryan Anderson,3,1:25,ORL,rebound,,,,,,,,,,Dwight Howard,,,,,,def,,
Boris Diaw,D.J. Augustin,Gerald Wallace,Stephen Jackson,Tyson Chandler,Dwight Howard,Jason Williams,Mickael Pietrus,Rashard Lewis,Ryan Anderson,3,1:17,ORL,shot,,,,,,,,,,Rashard Lewis,,,,missed,,3pt,44,21
Boris Diaw,D.J. Augustin,Gerald Wallace,Stephen Jackson,Tyson Chandler,Dwight Howard,Jason Williams,Mickael Pietrus,Rashard Lewis,Ryan Anderson,3,1:16,CHA,rebound,,,,,,,,,,D.J. Augustin,,,,,,def,,
Boris Diaw,D.J. Augustin,Gerald Wallace,Stephen Jackson,Tyson Chandler,Dwight Howard,Jason Williams,Mickael Pietrus,Rashard Lewis,Ryan Anderson,3,1:01,CHA,turnover,,,,,,,,,,Stephen Jackson,,,bad pass,,,,,
Boris Diaw,D.J. Augustin,Gerald Wallace,Stephen Jackson,Tyson Chandler,Dwight Howard,Jason Williams,Mickael Pietrus,Rashard Lewis,Ryan Anderson,3,0:39,ORL,shot,,,,,,,,,,Mickael Pietrus,,,,missed,,3pt,47,8
Boris Diaw,D.J. Augustin,Gerald Wallace,Stephen Jackson,Tyson Chandler,Dwight Howard,Jason Williams,Mickael Pietrus,Rashard Lewis,Ryan Anderson,3,0:38,ORL,rebound,,,,,,,,,,Dwight Howard,,,,,,off,,
Boris Diaw,D.J. Augustin,Gerald Wallace,Stephen Jackson,Tyson Chandler,Dwight Howard,Jason Williams,Mickael Pietrus,Rashard Lewis,Ryan Anderson,3,0:35,CHA,foul,,,,,,,,Mickael Pietrus,,Tyson Chandler,,,,,,shooting,,
Boris Diaw,D.J. Augustin,Gerald Wallace,Stephen Jackson,Tyson Chandler,Dwight Howard,Jason Williams,Mickael Pietrus,Rashard Lewis,Ryan Anderson,3,0:35,ORL,free throw,,,,,,,1,,2,Mickael Pietrus,,,foul,missed,,,,
Boris Diaw,D.J. Augustin,Gerald Wallace,Stephen Jackson,Tyson Chandler,Dwight Howard,Jason Williams,Mickael Pietrus,Rashard Lewis,Ryan Anderson,3,0:35,ORL,rebound,,,,,,,,,,,,,,,,,,
Boris Diaw,D.J. Augustin,Gerald Wallace,Stephen Jackson,Tyson Chandler,Brandon Bass,Jason Williams,Mickael Pietrus,Rashard Lewis,Ryan Anderson,3,0:35,ORL,sub,,,,Brandon Bass,,Dwight Howard,,,,,,,,,,,,
Boris Diaw,D.J. Augustin,Gerald Wallace,Nazr Mohammed,Stephen Jackson,Brandon Bass,Jason Williams,Mickael Pietrus,Rashard Lewis,Ryan Anderson,3,0:35,CHA,sub,,,,Nazr Mohammed,,Tyson Chandler,,,,,,,,,,,,
Boris Diaw,D.J. Augustin,Gerald Wallace,Nazr Mohammed,Stephen Jackson,Brandon Bass,Jason Williams,Mickael Pietrus,Rashard Lewis,Ryan Anderson,3,0:35,ORL,free throw,,,,,,,2,,2,Mickael Pietrus,,,foul,made,,,,
Boris Diaw,D.J. Augustin,Gerald Wallace,Nazr Mohammed,Stephen Jackson,Brandon Bass,Jason Williams,Mickael Pietrus,Rashard Lewis,Ryan Anderson,3,0:28,CHA,shot,,,,,,,,,,Nazr Mohammed,,,,missed,,reverse layup,25,6
Boris Diaw,D.J. Augustin,Gerald Wallace,Nazr Mohammed,Stephen Jackson,Brandon Bass,Jason Williams,Mickael Pietrus,Rashard Lewis,Ryan Anderson,3,0:27,CHA,rebound,,,,,,,,,,Boris Diaw,,,,,,off,,
Boris Diaw,D.J. Augustin,Gerald Wallace,Nazr Mohammed,Stephen Jackson,Brandon Bass,Jason Williams,Mickael Pietrus,Rashard Lewis,Ryan Anderson,3,0:27,CHA,shot,,,,,,,,,,Nazr Mohammed,,,,missed,,tip,25,6
Boris Diaw,D.J. Augustin,Gerald Wallace,Nazr Mohammed,Stephen Jackson,Brandon Bass,Jason Williams,Mickael Pietrus,Rashard Lewis,Ryan Anderson,3,0:25,ORL,rebound,,,,,,,,,,Ryan Anderson,,,,,,def,,
Boris Diaw,D.J. Augustin,Gerald Wallace,Nazr Mohammed,Stephen Jackson,Brandon Bass,Jason Williams,Mickael Pietrus,Rashard Lewis,Ryan Anderson,3,0:03,ORL,shot,Mickael Pietrus,,,,,,,,,Rashard Lewis,2,,,made,,layup,25,6
Boris Diaw,D.J. Augustin,Gerald Wallace,Nazr Mohammed,Stephen Jackson,Brandon Bass,Jason Williams,Mickael Pietrus,Rashard Lewis,Ryan Anderson,3,0:00,CHA,shot,,,,,,,,,,D.J. Augustin,,,,missed,,3pt,9,36
Boris Diaw,D.J. Augustin,Gerald Wallace,Nazr Mohammed,Stephen Jackson,Brandon Bass,Jason Williams,Mickael Pietrus,Rashard Lewis,Ryan Anderson,3,0:00,CHA,rebound,,,,,,,,,,,,,,,,,,
Boris Diaw,D.J. Augustin,Gerald Wallace,Ronald Murray,Stephen Jackson,Brandon Bass,Jason Williams,Matt Barnes,Rashard Lewis,Ryan Anderson,4,11:40,ORL,shot,,,,,,,,,,Ryan Anderson,,,,missed,,layup,25,6
Boris Diaw,D.J. Augustin,Gerald Wallace,Ronald Murray,Stephen Jackson,Brandon Bass,Jason Williams,Matt Barnes,Rashard Lewis,Ryan Anderson,4,11:39,CHA,rebound,,,,,,,,,,D.J. Augustin,,,,,,def,,
Boris Diaw,D.J. Augustin,Gerald Wallace,Ronald Murray,Stephen Jackson,Brandon Bass,Jason Williams,Matt Barnes,Rashard Lewis,Ryan Anderson,4,11:18,CHA,shot,,,,,,,,,,Stephen Jackson,,,,missed,,3pt,36,30
Boris Diaw,D.J. Augustin,Gerald Wallace,Ronald Murray,Stephen Jackson,Brandon Bass,Jason Williams,Matt Barnes,Rashard Lewis,Ryan Anderson,4,11:17,ORL,rebound,,,,,,,,,,Jason Williams,,,,,,def,,
Boris Diaw,D.J. Augustin,Gerald Wallace,Ronald Murray,Stephen Jackson,Brandon Bass,Jason Williams,Matt Barnes,Rashard Lewis,Ryan Anderson,4,11:05,ORL,shot,Brandon Bass,,,,,,,,,Ryan Anderson,2,,,made,,dunk,25,6
Boris Diaw,D.J. Augustin,Gerald Wallace,Ronald Murray,Stephen Jackson,Brandon Bass,Jason Williams,Matt Barnes,Rashard Lewis,Ryan Anderson,4,10:49,CHA,foul,,,,,,,,Ryan Anderson,,Boris Diaw,,,,,,offensive,,
Boris Diaw,D.J. Augustin,Gerald Wallace,Ronald Murray,Stephen Jackson,Brandon Bass,Jason Williams,Matt Barnes,Rashard Lewis,Ryan Anderson,4,10:49,CHA,turnover,,,,,,,,,,Boris Diaw,,,foul,,,,,
Boris Diaw,Gerald Wallace,Raymond Felton,Ronald Murray,Stephen Jackson,Brandon Bass,Jason Williams,Matt Barnes,Rashard Lewis,Ryan Anderson,4,10:49,CHA,sub,,,,Raymond Felton,,D.J. Augustin,,,,,,,,,,,,
Boris Diaw,Gerald Wallace,Raymond Felton,Ronald Murray,Stephen Jackson,Brandon Bass,Jason Williams,Matt Barnes,Rashard Lewis,Ryan Anderson,4,10:28,ORL,shot,,,,,,,,,,Rashard Lewis,2,,,made,,jump,38,9
Boris Diaw,Gerald Wallace,Raymond Felton,Ronald Murray,Stephen Jackson,Brandon Bass,Jason Williams,Matt Barnes,Rashard Lewis,Ryan Anderson,4,10:03,ORL,foul,,,,,,,,Boris Diaw,,Brandon Bass,,,,,,shooting,,
Boris Diaw,Gerald Wallace,Raymond Felton,Ronald Murray,Stephen Jackson,Brandon Bass,Jason Williams,Matt Barnes,Rashard Lewis,Ryan Anderson,4,10:03,CHA,free throw,,,,,,,1,,2,Boris Diaw,,,foul,made,,,,
Boris Diaw,Gerald Wallace,Raymond Felton,Ronald Murray,Stephen Jackson,Brandon Bass,Jason Williams,Matt Barnes,Rashard Lewis,Ryan Anderson,4,10:03,CHA,free throw,,,,,,,2,,2,Boris Diaw,,,foul,missed,,,,
Boris Diaw,Gerald Wallace,Raymond Felton,Ronald Murray,Stephen Jackson,Brandon Bass,Jason Williams,Matt Barnes,Rashard Lewis,Ryan Anderson,4,10:03,CHA,rebound,,,,,,,,,,,,,,,,,,
Boris Diaw,Gerald Wallace,Raymond Felton,Ronald Murray,Stephen Jackson,Brandon Bass,Jason Williams,Matt Barnes,Rashard Lewis,Ryan Anderson,4,9:55,CHA,turnover,,,,,,,,,,Stephen Jackson,,,traveling,,,,,
Boris Diaw,Gerald Wallace,Raymond Felton,Ronald Murray,Stephen Jackson,Brandon Bass,Jason Williams,Matt Barnes,Rashard Lewis,Ryan Anderson,4,9:43,CHA,foul,,,,,,,,Rashard Lewis,,Stephen Jackson,,,,,,personal,,
Boris Diaw,Gerald Wallace,Raymond Felton,Ronald Murray,Stephen Jackson,Brandon Bass,Jason Williams,Matt Barnes,Rashard Lewis,Ryan Anderson,4,9:39,ORL,shot,,,,,,,,,,Matt Barnes,,,,missed,,layup,25,6
Boris Diaw,Gerald Wallace,Raymond Felton,Ronald Murray,Stephen Jackson,Brandon Bass,Jason Williams,Matt Barnes,Rashard Lewis,Ryan Anderson,4,9:37,CHA,rebound,,,,,,,,,,Boris Diaw,,,,,,def,,
Boris Diaw,Gerald Wallace,Raymond Felton,Ronald Murray,Stephen Jackson,Brandon Bass,Jason Williams,Matt Barnes,Rashard Lewis,Ryan Anderson,4,9:24,CHA,shot,Gerald Wallace,,,,,,,,,Boris Diaw,2,,,made,,jump hook,19,12
Boris Diaw,Gerald Wallace,Raymond Felton,Ronald Murray,Stephen Jackson,Brandon Bass,Jason Williams,Matt Barnes,Rashard Lewis,Ryan Anderson,4,9:08,ORL,shot,,,Boris Diaw,,,,,,,Ryan Anderson,,,,missed,,layup,25,6
Boris Diaw,Gerald Wallace,Raymond Felton,Ronald Murray,Stephen Jackson,Brandon Bass,Jason Williams,Matt Barnes,Rashard Lewis,Ryan Anderson,4,9:05,ORL,rebound,,,,,,,,,,Ryan Anderson,,,,,,off,,
Boris Diaw,Gerald Wallace,Raymond Felton,Ronald Murray,Stephen Jackson,Brandon Bass,Jason Williams,Matt Barnes,Rashard Lewis,Ryan Anderson,4,9:05,ORL,shot,,,,,,,,,,Ryan Anderson,2,,,made,,layup,25,6
Boris Diaw,Gerald Wallace,Raymond Felton,Ronald Murray,Stephen Jackson,Brandon Bass,Jason Williams,Matt Barnes,Rashard Lewis,Ryan Anderson,4,9:04,CHA,timeout,,,,,,,,,,,,,,,,regular,,
Boris Diaw,Gerald Wallace,Raymond Felton,Ronald Murray,Stephen Jackson,Brandon Bass,Jason Williams,Matt Barnes,Rashard Lewis,Ryan Anderson,4,8:52,CHA,shot,,,,,,,,,,Gerald Wallace,,,,missed,,alley oop layup,25,6
Boris Diaw,Gerald Wallace,Raymond Felton,Ronald Murray,Stephen Jackson,Brandon Bass,Jason Williams,Matt Barnes,Rashard Lewis,Ryan Anderson,4,8:50,ORL,rebound,,,,,,,,,,Matt Barnes,,,,,,def,,
Boris Diaw,Gerald Wallace,Raymond Felton,Ronald Murray,Stephen Jackson,Brandon Bass,Jason Williams,Matt Barnes,Rashard Lewis,Ryan Anderson,4,8:32,ORL,shot,,,,,,,,,,Jason Williams,,,,missed,,3pt,16,30
Boris Diaw,Gerald Wallace,Raymond Felton,Ronald Murray,Stephen Jackson,Brandon Bass,Jason Williams,Matt Barnes,Rashard Lewis,Ryan Anderson,4,8:31,CHA,rebound,,,,,,,,,,Gerald Wallace,,,,,,def,,
Boris Diaw,Gerald Wallace,Raymond Felton,Ronald Murray,Stephen Jackson,Brandon Bass,Jason Williams,Matt Barnes,Rashard Lewis,Ryan Anderson,4,8:21,CHA,shot,,,,,,,,,,Raymond Felton,2,,,made,,driving layup,25,6
Boris Diaw,Gerald Wallace,Raymond Felton,Ronald Murray,Stephen Jackson,Brandon Bass,Jason Williams,Matt Barnes,Rashard Lewis,Ryan Anderson,4,8:06,ORL,shot,,,,,,,,,,Matt Barnes,,,,missed,,jump,17,21
Boris Diaw,Gerald Wallace,Raymond Felton,Ronald Murray,Stephen Jackson,Brandon Bass,Jason Williams,Matt Barnes,Rashard Lewis,Ryan Anderson,4,8:06,CHA,rebound,,,,,,,,,,,,,,,,,,
Boris Diaw,Gerald Wallace,Raymond Felton,Ronald Murray,Stephen Jackson,Brandon Bass,Jason Williams,Matt Barnes,Rashard Lewis,Ryan Anderson,4,8:06,ORL,foul,,,,,,,,Gerald Wallace,,Brandon Bass,,,,,,loose ball,,
Boris Diaw,Gerald Wallace,Raymond Felton,Ronald Murray,Stephen Jackson,Brandon Bass,Jason Williams,Matt Barnes,Rashard Lewis,Ryan Anderson,4,7:56,CHA,shot,Stephen Jackson,,,,,,,,,Ronald Murray,3,,,made,,3pt,11,28
Boris Diaw,Gerald Wallace,Raymond Felton,Ronald Murray,Stephen Jackson,Brandon Bass,Jason Williams,Matt Barnes,Rashard Lewis,Ryan Anderson,4,7:38,ORL,foul,,,,,,,,Gerald Wallace,,Rashard Lewis,,,,,,offensive,,
Boris Diaw,Gerald Wallace,Raymond Felton,Ronald Murray,Stephen Jackson,Brandon Bass,Jason Williams,Matt Barnes,Rashard Lewis,Ryan Anderson,4,7:38,ORL,turnover,,,,,,,,,,Rashard Lewis,,,foul,,,,,
Boris Diaw,Gerald Wallace,Raymond Felton,Ronald Murray,Stephen Jackson,Brandon Bass,Jason Williams,Matt Barnes,Rashard Lewis,Vince Carter,4,7:38,ORL,sub,,,,Vince Carter,,Ryan Anderson,,,,,,,,,,,,
Boris Diaw,Gerald Wallace,Raymond Felton,Ronald Murray,Stephen Jackson,Jameer Nelson,Jason Williams,Matt Barnes,Rashard Lewis,Vince Carter,4,7:38,ORL,sub,,,,Jameer Nelson,,Brandon Bass,,,,,,,,,,,,
Boris Diaw,Gerald Wallace,Raymond Felton,Ronald Murray,Stephen Jackson,Dwight Howard,Jameer Nelson,Matt Barnes,Rashard Lewis,Vince Carter,4,7:38,ORL,sub,,,,Dwight Howard,,Jason Williams,,,,,,,,,,,,
Boris Diaw,Gerald Wallace,Ronald Murray,Stephen Jackson,Tyson Chandler,Dwight Howard,Jameer Nelson,Matt Barnes,Rashard Lewis,Vince Carter,4,7:38,CHA,sub,,,,Tyson Chandler,,Raymond Felton,,,,,,,,,,,,
Boris Diaw,Gerald Wallace,Ronald Murray,Stephen Jackson,Tyson Chandler,Dwight Howard,Jameer Nelson,Matt Barnes,Rashard Lewis,Vince Carter,4,7:29,ORL,foul,,,,,,,,Ronald Murray,,Dwight Howard,,,,,,shooting,,
Boris Diaw,Gerald Wallace,Ronald Murray,Stephen Jackson,Tyson Chandler,Dwight Howard,Jameer Nelson,Matt Barnes,Rashard Lewis,Vince Carter,4,7:29,CHA,free throw,,,,,,,1,,2,Ronald Murray,,,foul,missed,,,,
Boris Diaw,Gerald Wallace,Ronald Murray,Stephen Jackson,Tyson Chandler,Dwight Howard,Jameer Nelson,Matt Barnes,Rashard Lewis,Vince Carter,4,7:29,CHA,rebound,,,,,,,,,,,,,,,,,,
Boris Diaw,Gerald Wallace,Ronald Murray,Stephen Jackson,Tyson Chandler,Dwight Howard,Jameer Nelson,Matt Barnes,Rashard Lewis,Vince Carter,4,7:29,CHA,free throw,,,,,,,2,,2,Ronald Murray,,,foul,made,,,,
Boris Diaw,Gerald Wallace,Ronald Murray,Stephen Jackson,Tyson Chandler,Dwight Howard,Jameer Nelson,Matt Barnes,Rashard Lewis,Vince Carter,4,7:13,ORL,turnover,,,,,,,,,,Matt Barnes,,,bad pass,,Ronald Murray,,,
Boris Diaw,Gerald Wallace,Ronald Murray,Stephen Jackson,Tyson Chandler,Dwight Howard,Jameer Nelson,Matt Barnes,Rashard Lewis,Vince Carter,4,7:11,ORL,foul,,,,,,,,Ronald Murray,,Vince Carter,,,,,,clear path,,
Boris Diaw,Gerald Wallace,Ronald Murray,Stephen Jackson,Tyson Chandler,Dwight Howard,Jameer Nelson,Matt Barnes,Rashard Lewis,Vince Carter,4,7:11,CHA,free throw,,,,,,,1,,2,Ronald Murray,,,foul,missed,,,,
Boris Diaw,Gerald Wallace,Ronald Murray,Stephen Jackson,Tyson Chandler,Dwight Howard,Jameer Nelson,Matt Barnes,Rashard Lewis,Vince Carter,4,7:11,CHA,rebound,,,,,,,,,,,,,,,,,,
Boris Diaw,Gerald Wallace,Ronald Murray,Stephen Jackson,Tyson Chandler,Dwight Howard,Jameer Nelson,Matt Barnes,Rashard Lewis,Vince Carter,4,7:11,CHA,free throw,,,,,,,2,,2,Ronald Murray,,,foul,made,,,,
Boris Diaw,Gerald Wallace,Ronald Murray,Stephen Jackson,Tyson Chandler,Dwight Howard,Jameer Nelson,Matt Barnes,Rashard Lewis,Vince Carter,4,7:08,ORL,foul,,,,,,,,Ronald Murray,,Jameer Nelson,,,,,,shooting,,
Boris Diaw,Gerald Wallace,Ronald Murray,Stephen Jackson,Tyson Chandler,Dwight Howard,Jameer Nelson,Matt Barnes,Rashard Lewis,Vince Carter,4,7:08,CHA,free throw,,,,,,,1,,2,Ronald Murray,,,foul,missed,,,,
Boris Diaw,Gerald Wallace,Ronald Murray,Stephen Jackson,Tyson Chandler,Dwight Howard,Jameer Nelson,Matt Barnes,Rashard Lewis,Vince Carter,4,7:08,CHA,rebound,,,,,,,,,,,,,,,,,,
Boris Diaw,Gerald Wallace,Ronald Murray,Stephen Jackson,Tyson Chandler,Dwight Howard,Jameer Nelson,Matt Barnes,Rashard Lewis,Vince Carter,4,7:08,CHA,free throw,,,,,,,2,,2,Ronald Murray,,,foul,made,,,,
Boris Diaw,Gerald Wallace,Ronald Murray,Stephen Jackson,Tyson Chandler,Dwight Howard,Jameer Nelson,Matt Barnes,Rashard Lewis,Vince Carter,4,6:50,ORL,shot,,,,,,,,,,Matt Barnes,,,,missed,,3pt,2,9
Boris Diaw,Gerald Wallace,Ronald Murray,Stephen Jackson,Tyson Chandler,Dwight Howard,Jameer Nelson,Matt Barnes,Rashard Lewis,Vince Carter,4,6:49,CHA,rebound,,,,,,,,,,,,,,,,,,
Boris Diaw,Gerald Wallace,Ronald Murray,Stephen Jackson,Tyson Chandler,Dwight Howard,Jameer Nelson,Matt Barnes,Rashard Lewis,Vince Carter,4,6:32,CHA,shot,,,,,,,,,,Gerald Wallace,,,,missed,,running jump,38,6
Boris Diaw,Gerald Wallace,Ronald Murray,Stephen Jackson,Tyson Chandler,Dwight Howard,Jameer Nelson,Matt Barnes,Rashard Lewis,Vince Carter,4,6:31,ORL,rebound,,,,,,,,,,Jameer Nelson,,,,,,def,,
Boris Diaw,Gerald Wallace,Ronald Murray,Stephen Jackson,Tyson Chandler,Dwight Howard,Jameer Nelson,Matt Barnes,Rashard Lewis,Vince Carter,4,6:26,CHA,foul,,,,,,,,Jameer Nelson,,Gerald Wallace,,,,,,personal,,
Boris Diaw,Gerald Wallace,Ronald Murray,Stephen Jackson,Tyson Chandler,Dwight Howard,Jameer Nelson,Mickael Pietrus,Rashard Lewis,Vince Carter,4,6:26,ORL,sub,,,,Mickael Pietrus,,Matt Barnes,,,,,,,,,,,,
Boris Diaw,Gerald Wallace,Ronald Murray,Stephen Jackson,Tyson Chandler,Dwight Howard,Jameer Nelson,Mickael Pietrus,Rashard Lewis,Vince Carter,4,6:19,ORL,shot,Jameer Nelson,,,,,,,,,Dwight Howard,2,,,made,,slam dunk,25,6
Boris Diaw,Gerald Wallace,Ronald Murray,Stephen Jackson,Tyson Chandler,Dwight Howard,Jameer Nelson,Mickael Pietrus,Rashard Lewis,Vince Carter,4,6:02,CHA,shot,,,,,,,,,,Ronald Murray,2,,,made,,pullup jump,36,15
Boris Diaw,Gerald Wallace,Ronald Murray,Stephen Jackson,Tyson Chandler,Dwight Howard,Jameer Nelson,Mickael Pietrus,Rashard Lewis,Vince Carter,4,5:50,ORL,shot,,,,,,,,,,Rashard Lewis,,,,missed,,3pt,40,27
Boris Diaw,Gerald Wallace,Ronald Murray,Stephen Jackson,Tyson Chandler,Dwight Howard,Jameer Nelson,Mickael Pietrus,Rashard Lewis,Vince Carter,4,5:49,CHA,rebound,,,,,,,,,,Stephen Jackson,,,,,,def,,
Boris Diaw,Gerald Wallace,Ronald Murray,Stephen Jackson,Tyson Chandler,Dwight Howard,Jameer Nelson,Mickael Pietrus,Rashard Lewis,Vince Carter,4,5:31,CHA,shot,,,,,,,,,,Ronald Murray,,,,missed,,3pt,7,25
Boris Diaw,Gerald Wallace,Ronald Murray,Stephen Jackson,Tyson Chandler,Dwight Howard,Jameer Nelson,Mickael Pietrus,Rashard Lewis,Vince Carter,4,5:30,ORL,rebound,,,,,,,,,,Dwight Howard,,,,,,def,,
Boris Diaw,Gerald Wallace,Ronald Murray,Stephen Jackson,Tyson Chandler,Dwight Howard,Jameer Nelson,Mickael Pietrus,Rashard Lewis,Vince Carter,4,5:18,ORL,timeout,,,,,,,,,,,,,,,,official,,
Boris Diaw,Gerald Wallace,Ronald Murray,Stephen Jackson,Tyson Chandler,Dwight Howard,Jameer Nelson,Mickael Pietrus,Rashard Lewis,Vince Carter,4,5:10,ORL,shot,,,,,,,,,,Vince Carter,,,,missed,,jump,13,24
Boris Diaw,Gerald Wallace,Ronald Murray,Stephen Jackson,Tyson Chandler,Dwight Howard,Jameer Nelson,Mickael Pietrus,Rashard Lewis,Vince Carter,4,5:10,ORL,rebound,,,,,,,,,,Dwight Howard,,,,,,off,,
Boris Diaw,Gerald Wallace,Ronald Murray,Stephen Jackson,Tyson Chandler,Dwight Howard,Jameer Nelson,Mickael Pietrus,Rashard Lewis,Vince Carter,4,5:10,ORL,shot,,,,,,,,,,Dwight Howard,2,,,made,,tip,25,6
Boris Diaw,Gerald Wallace,Ronald Murray,Stephen Jackson,Tyson Chandler,Dwight Howard,Jameer Nelson,Mickael Pietrus,Rashard Lewis,Vince Carter,4,5:10,CHA,foul,,,,,,,,Dwight Howard,,Tyson Chandler,,,,,,shooting,,
Boris Diaw,Gerald Wallace,Ronald Murray,Stephen Jackson,Tyson Chandler,Dwight Howard,Jameer Nelson,Mickael Pietrus,Rashard Lewis,Vince Carter,4,5:10,ORL,free throw,,,,,,,1,,1,Dwight Howard,,,foul,missed,,,,
Boris Diaw,Gerald Wallace,Ronald Murray,Stephen Jackson,Tyson Chandler,Dwight Howard,Jameer Nelson,Mickael Pietrus,Rashard Lewis,Vince Carter,4,5:09,CHA,rebound,,,,,,,,,,Gerald Wallace,,,,,,def,,
Boris Diaw,Gerald Wallace,Ronald Murray,Stephen Jackson,Tyson Chandler,Dwight Howard,Jameer Nelson,Mickael Pietrus,Rashard Lewis,Vince Carter,4,4:46,CHA,shot,,,,,,,,,,Stephen Jackson,,,,missed,,jump,28,25
Boris Diaw,Gerald Wallace,Ronald Murray,Stephen Jackson,Tyson Chandler,Dwight Howard,Jameer Nelson,Mickael Pietrus,Rashard Lewis,Vince Carter,4,4:45,CHA,rebound,,,,,,,,,,Tyson Chandler,,,,,,off,,
Boris Diaw,Gerald Wallace,Ronald Murray,Stephen Jackson,Tyson Chandler,Dwight Howard,Jameer Nelson,Mickael Pietrus,Rashard Lewis,Vince Carter,4,4:45,CHA,shot,,,,,,,,,,Tyson Chandler,2,,,made,,tip,25,6
Boris Diaw,Gerald Wallace,Ronald Murray,Stephen Jackson,Tyson Chandler,Dwight Howard,Jameer Nelson,Mickael Pietrus,Rashard Lewis,Vince Carter,4,4:26,ORL,shot,,,,,,,,,,Jameer Nelson,,,,missed,,3pt,10,25
Boris Diaw,Gerald Wallace,Ronald Murray,Stephen Jackson,Tyson Chandler,Dwight Howard,Jameer Nelson,Mickael Pietrus,Rashard Lewis,Vince Carter,4,4:25,CHA,rebound,,,,,,,,,,Stephen Jackson,,,,,,def,,
Boris Diaw,Gerald Wallace,Ronald Murray,Stephen Jackson,Tyson Chandler,Dwight Howard,Jameer Nelson,Mickael Pietrus,Rashard Lewis,Vince Carter,4,4:10,ORL,foul,,,,,,,,Stephen Jackson,,Jameer Nelson,,,,,,personal,,
Boris Diaw,Gerald Wallace,Ronald Murray,Stephen Jackson,Tyson Chandler,Dwight Howard,Jameer Nelson,Mickael Pietrus,Rashard Lewis,Vince Carter,4,4:10,CHA,free throw,,,,,,,1,,2,Stephen Jackson,,,foul,missed,,,,
Boris Diaw,Gerald Wallace,Ronald Murray,Stephen Jackson,Tyson Chandler,Dwight Howard,Jameer Nelson,Mickael Pietrus,Rashard Lewis,Vince Carter,4,4:10,CHA,rebound,,,,,,,,,,,,,,,,,,
Boris Diaw,Gerald Wallace,Ronald Murray,Stephen Jackson,Tyson Chandler,Dwight Howard,Jameer Nelson,Mickael Pietrus,Rashard Lewis,Vince Carter,4,4:10,CHA,free throw,,,,,,,2,,2,Stephen Jackson,,,foul,missed,,,,
Boris Diaw,Gerald Wallace,Ronald Murray,Stephen Jackson,Tyson Chandler,Dwight Howard,Jameer Nelson,Mickael Pietrus,Rashard Lewis,Vince Carter,4,4:10,ORL,rebound,,,,,,,,,,Vince Carter,,,,,,def,,
Boris Diaw,Gerald Wallace,Ronald Murray,Stephen Jackson,Tyson Chandler,Dwight Howard,Jameer Nelson,Mickael Pietrus,Rashard Lewis,Vince Carter,4,3:49,CHA,foul,,,,,,,,Dwight Howard,,Ronald Murray,,,,,,shooting,,
Boris Diaw,Gerald Wallace,Ronald Murray,Stephen Jackson,Tyson Chandler,Dwight Howard,Jameer Nelson,Mickael Pietrus,Rashard Lewis,Vince Carter,4,3:49,ORL,free throw,,,,,,,1,,2,Dwight Howard,,,foul,made,,,,
Boris Diaw,Gerald Wallace,Ronald Murray,Stephen Jackson,Tyson Chandler,Dwight Howard,Jameer Nelson,Mickael Pietrus,Rashard Lewis,Vince Carter,4,3:49,ORL,free throw,,,,,,,2,,2,Dwight Howard,,,foul,missed,,,,
Boris Diaw,Gerald Wallace,Ronald Murray,Stephen Jackson,Tyson Chandler,Dwight Howard,Jameer Nelson,Mickael Pietrus,Rashard Lewis,Vince Carter,4,3:48,CHA,rebound,,,,,,,,,,Tyson Chandler,,,,,,def,,
Boris Diaw,Gerald Wallace,Ronald Murray,Stephen Jackson,Tyson Chandler,Dwight Howard,Jameer Nelson,Mickael Pietrus,Rashard Lewis,Vince Carter,4,3:36,CHA,shot,,,,,,,,,,Ronald Murray,2,,,made,,driving layup,25,6
Boris Diaw,Gerald Wallace,Ronald Murray,Stephen Jackson,Tyson Chandler,Dwight Howard,Jameer Nelson,Mickael Pietrus,Rashard Lewis,Vince Carter,4,3:25,CHA,foul,,,,,,,,Dwight Howard,,Gerald Wallace,,,,,,shooting,,
Boris Diaw,Gerald Wallace,Ronald Murray,Stephen Jackson,Tyson Chandler,Dwight Howard,Jameer Nelson,Mickael Pietrus,Rashard Lewis,Vince Carter,4,3:25,ORL,free throw,,,,,,,1,,2,Dwight Howard,,,foul,made,,,,
Boris Diaw,Gerald Wallace,Ronald Murray,Stephen Jackson,Tyson Chandler,Dwight Howard,Jameer Nelson,Mickael Pietrus,Rashard Lewis,Vince Carter,4,3:25,ORL,free throw,,,,,,,2,,2,Dwight Howard,,,foul,missed,,,,
Boris Diaw,Gerald Wallace,Ronald Murray,Stephen Jackson,Tyson Chandler,Dwight Howard,Jameer Nelson,Mickael Pietrus,Rashard Lewis,Vince Carter,4,3:25,CHA,rebound,,,,,,,,,,Stephen Jackson,,,,,,def,,
Boris Diaw,Gerald Wallace,Ronald Murray,Stephen Jackson,Tyson Chandler,Dwight Howard,Jameer Nelson,Mickael Pietrus,Rashard Lewis,Vince Carter,4,3:06,CHA,turnover,,,,,,,,,,Ronald Murray,,,lost ball,,Jameer Nelson,,,
Boris Diaw,Gerald Wallace,Ronald Murray,Stephen Jackson,Tyson Chandler,Dwight Howard,Jameer Nelson,Mickael Pietrus,Rashard Lewis,Vince Carter,4,3:04,CHA,foul,,,,,,,,Jameer Nelson,,Gerald Wallace,,,,,,clear path,,
Boris Diaw,Gerald Wallace,Ronald Murray,Stephen Jackson,Tyson Chandler,Dwight Howard,Jameer Nelson,Mickael Pietrus,Rashard Lewis,Vince Carter,4,3:04,ORL,free throw,,,,,,,1,,2,Jameer Nelson,,,foul,missed,,,,
Boris Diaw,Gerald Wallace,Ronald Murray,Stephen Jackson,Tyson Chandler,Dwight Howard,Jameer Nelson,Mickael Pietrus,Rashard Lewis,Vince Carter,4,3:04,ORL,rebound,,,,,,,,,,,,,,,,,,
Boris Diaw,Gerald Wallace,Ronald Murray,Stephen Jackson,Tyson Chandler,Dwight Howard,Jameer Nelson,Mickael Pietrus,Rashard Lewis,Vince Carter,4,3:04,ORL,free throw,,,,,,,2,,2,Jameer Nelson,,,foul,missed,,,,
Boris Diaw,Gerald Wallace,Ronald Murray,Stephen Jackson,Tyson Chandler,Dwight Howard,Jameer Nelson,Mickael Pietrus,Rashard Lewis,Vince Carter,4,3:04,ORL,rebound,,,,,,,,,,,,,,,,,,
Boris Diaw,Gerald Wallace,Ronald Murray,Stephen Jackson,Tyson Chandler,Dwight Howard,Jameer Nelson,Mickael Pietrus,Rashard Lewis,Vince Carter,4,2:59,ORL,shot,,,,,,,,,,Jameer Nelson,2,,,made,,driving layup,25,6
Boris Diaw,Gerald Wallace,Ronald Murray,Stephen Jackson,Tyson Chandler,Dwight Howard,Jameer Nelson,Mickael Pietrus,Rashard Lewis,Vince Carter,4,2:31,CHA,shot,,,Dwight Howard,,,,,,,Boris Diaw,,,,missed,,jump,36,9
Boris Diaw,Gerald Wallace,Ronald Murray,Stephen Jackson,Tyson Chandler,Dwight Howard,Jameer Nelson,Mickael Pietrus,Rashard Lewis,Vince Carter,4,2:31,CHA,rebound,,,,,,,,,,,,,,,,,,
Boris Diaw,Gerald Wallace,Ronald Murray,Stephen Jackson,Tyson Chandler,Dwight Howard,Jameer Nelson,Mickael Pietrus,Rashard Lewis,Vince Carter,4,2:31,CHA,turnover,,,,,,,,,,,,,shot clock turnover,,,,,
Boris Diaw,Gerald Wallace,Raymond Felton,Stephen Jackson,Tyson Chandler,Dwight Howard,Jameer Nelson,Mickael Pietrus,Rashard Lewis,Vince Carter,4,2:31,CHA,sub,,,,Raymond Felton,,Ronald Murray,,,,,,,,,,,,
Boris Diaw,Gerald Wallace,Raymond Felton,Stephen Jackson,Tyson Chandler,Dwight Howard,Jameer Nelson,Mickael Pietrus,Rashard Lewis,Vince Carter,4,2:12,ORL,shot,,,,,,,,,,Rashard Lewis,,,,missed,,jump,39,6
Boris Diaw,Gerald Wallace,Raymond Felton,Stephen Jackson,Tyson Chandler,Dwight Howard,Jameer Nelson,Mickael Pietrus,Rashard Lewis,Vince Carter,4,2:11,CHA,rebound,,,,,,,,,,Raymond Felton,,,,,,def,,
Boris Diaw,Gerald Wallace,Raymond Felton,Stephen Jackson,Tyson Chandler,Dwight Howard,Jameer Nelson,Mickael Pietrus,Rashard Lewis,Vince Carter,4,1:59,CHA,shot,Raymond Felton,,,,,,,,,Boris Diaw,2,,,made,,jump,14,5
Boris Diaw,Gerald Wallace,Raymond Felton,Stephen Jackson,Tyson Chandler,Dwight Howard,Jameer Nelson,Mickael Pietrus,Rashard Lewis,Vince Carter,4,1:37,ORL,turnover,,,,,,,,,,Mickael Pietrus,,,traveling,,,,,
Boris Diaw,Gerald Wallace,Raymond Felton,Stephen Jackson,Tyson Chandler,Dwight Howard,Jameer Nelson,Mickael Pietrus,Rashard Lewis,Vince Carter,4,1:15,CHA,turnover,,,,,,,,,,Raymond Felton,,,lost ball,,Rashard Lewis,,,
Boris Diaw,Gerald Wallace,Raymond Felton,Stephen Jackson,Tyson Chandler,Dwight Howard,Jameer Nelson,Mickael Pietrus,Rashard Lewis,Vince Carter,4,0:53,ORL,shot,,,,,,,,,,Vince Carter,3,,,made,,3pt,38,30
Boris Diaw,Gerald Wallace,Raymond Felton,Stephen Jackson,Tyson Chandler,Dwight Howard,Jameer Nelson,Mickael Pietrus,Rashard Lewis,Vince Carter,4,0:53,CHA,timeout,,,,,,,,,,,,,,,,short,,
Boris Diaw,Gerald Wallace,Raymond Felton,Ronald Murray,Stephen Jackson,Dwight Howard,Jameer Nelson,Mickael Pietrus,Rashard Lewis,Vince Carter,4,0:53,CHA,sub,,,,Ronald Murray,,Tyson Chandler,,,,,,,,,,,,
Boris Diaw,Gerald Wallace,Raymond Felton,Ronald Murray,Stephen Jackson,Dwight Howard,Jameer Nelson,Mickael Pietrus,Rashard Lewis,Vince Carter,4,0:47,ORL,foul,,,,,,,,Stephen Jackson,,Jameer Nelson,,,,,,shooting,,
Boris Diaw,Gerald Wallace,Raymond Felton,Ronald Murray,Stephen Jackson,Dwight Howard,Jameer Nelson,Mickael Pietrus,Rashard Lewis,Vince Carter,4,0:47,CHA,free throw,,,,,,,1,,2,Stephen Jackson,,,foul,made,,,,
Boris Diaw,Gerald Wallace,Raymond Felton,Ronald Murray,Stephen Jackson,Dwight Howard,Jameer Nelson,Mickael Pietrus,Rashard Lewis,Vince Carter,4,0:47,CHA,free throw,,,,,,,2,,2,Stephen Jackson,,,foul,made,,,,
Boris Diaw,Gerald Wallace,Raymond Felton,Ronald Murray,Stephen Jackson,Dwight Howard,Jameer Nelson,Mickael Pietrus,Rashard Lewis,Vince Carter,4,0:29,ORL,shot,,,,,,,,,,Jameer Nelson,,,,missed,,3pt,36,29
Boris Diaw,Gerald Wallace,Raymond Felton,Ronald Murray,Stephen Jackson,Dwight Howard,Jameer Nelson,Mickael Pietrus,Rashard Lewis,Vince Carter,4,0:29,CHA,rebound,,,,,,,,,,,,,,,,,,
Boris Diaw,Gerald Wallace,Raymond Felton,Ronald Murray,Stephen Jackson,Dwight Howard,Jameer Nelson,Mickael Pietrus,Rashard Lewis,Vince Carter,4,0:29,CHA,timeout,,,,,,,,,,,,,,,,regular,,
Boris Diaw,Gerald Wallace,Raymond Felton,Ronald Murray,Stephen Jackson,Dwight Howard,Jameer Nelson,Matt Barnes,Mickael Pietrus,Rashard Lewis,4,0:29,ORL,sub,,,,Matt Barnes,,Vince Carter,,,,,,,,,,,,
Boris Diaw,Gerald Wallace,Raymond Felton,Ronald Murray,Stephen Jackson,Dwight Howard,Jameer Nelson,Matt Barnes,Mickael Pietrus,Rashard Lewis,4,0:24,CHA,shot,,,,,,,,,,Stephen Jackson,,,,missed,,driving layup,25,6
Boris Diaw,Gerald Wallace,Raymond Felton,Ronald Murray,Stephen Jackson,Dwight Howard,Jameer Nelson,Matt Barnes,Mickael Pietrus,Rashard Lewis,4,0:23,ORL,rebound,,,,,,,,,,Rashard Lewis,,,,,,def,,
Boris Diaw,Gerald Wallace,Raymond Felton,Ronald Murray,Stephen Jackson,Dwight Howard,Jameer Nelson,Mickael Pietrus,Rashard Lewis,Vince Carter,4,0:23,ORL,sub,,,,Vince Carter,,Matt Barnes,,,,,,,,,,,,
Boris Diaw,Gerald Wallace,Raymond Felton,Ronald Murray,Stephen Jackson,Dwight Howard,Jameer Nelson,Mickael Pietrus,Rashard Lewis,Vince Carter,4,0:18,CHA,foul,,,,,,,,Vince Carter,,Boris Diaw,,,,,,personal,,
Boris Diaw,Gerald Wallace,Raymond Felton,Ronald Murray,Stephen Jackson,Dwight Howard,Jameer Nelson,Mickael Pietrus,Rashard Lewis,Vince Carter,4,0:18,ORL,free throw,,,,,,,1,,2,Vince Carter,,,foul,made,,,,
Boris Diaw,Gerald Wallace,Raymond Felton,Ronald Murray,Stephen Jackson,Dwight Howard,Jameer Nelson,Mickael Pietrus,Rashard Lewis,Vince Carter,4,0:18,ORL,free throw,,,,,,,2,,2,Vince Carter,,,foul,made,,,,
Boris Diaw,Gerald Wallace,Raymond Felton,Ronald Murray,Stephen Jackson,Dwight Howard,Jameer Nelson,Mickael Pietrus,Rashard Lewis,Vince Carter,4,0:18,CHA,timeout,,,,,,,,,,,,,,,,short,,
Boris Diaw,Gerald Wallace,Raymond Felton,Ronald Murray,Stephen Jackson,Jameer Nelson,Matt Barnes,Mickael Pietrus,Rashard Lewis,Vince Carter,4,0:18,ORL,sub,,,,Matt Barnes,,Dwight Howard,,,,,,,,,,,,
Boris Diaw,Gerald Wallace,Raymond Felton,Ronald Murray,Stephen Jackson,Jameer Nelson,Matt Barnes,Mickael Pietrus,Rashard Lewis,Vince Carter,4,0:15,ORL,foul,,,,,,,,Gerald Wallace,,Matt Barnes,,,,,,shooting,,
Boris Diaw,Gerald Wallace,Raymond Felton,Ronald Murray,Stephen Jackson,Dwight Howard,Jameer Nelson,Mickael Pietrus,Rashard Lewis,Vince Carter,4,0:15,ORL,sub,,,,Dwight Howard,,Matt Barnes,,,,,,,,,,,,
Boris Diaw,Gerald Wallace,Raymond Felton,Ronald Murray,Stephen Jackson,Dwight Howard,Jameer Nelson,Mickael Pietrus,Rashard Lewis,Vince Carter,4,0:15,CHA,free throw,,,,,,,1,,2,Gerald Wallace,,,foul,missed,,,,
Boris Diaw,Gerald Wallace,Raymond Felton,Ronald Murray,Stephen Jackson,Dwight Howard,Jameer Nelson,Mickael Pietrus,Rashard Lewis,Vince Carter,4,0:15,CHA,rebound,,,,,,,,,,,,,,,,,,
Boris Diaw,Gerald Wallace,Raymond Felton,Ronald Murray,Stephen Jackson,Dwight Howard,Jameer Nelson,Mickael Pietrus,Rashard Lewis,Vince Carter,4,0:15,CHA,free throw,,,,,,,2,,2,Gerald Wallace,,,foul,made,,,,
Boris Diaw,Gerald Wallace,Raymond Felton,Ronald Murray,Stephen Jackson,Dwight Howard,Jameer Nelson,Mickael Pietrus,Rashard Lewis,Vince Carter,4,0:14,CHA,foul,,,,,,,,Jameer Nelson,,Ronald Murray,,,,,,personal,,
Boris Diaw,Gerald Wallace,Raymond Felton,Ronald Murray,Stephen Jackson,Dwight Howard,Jameer Nelson,Mickael Pietrus,Rashard Lewis,Vince Carter,4,0:14,ORL,free throw,,,,,,,1,,2,Jameer Nelson,,,foul,made,,,,
Boris Diaw,Gerald Wallace,Raymond Felton,Ronald Murray,Stephen Jackson,Jameer Nelson,Matt Barnes,Mickael Pietrus,Rashard Lewis,Vince Carter,4,0:14,ORL,sub,,,,Matt Barnes,,Dwight Howard,,,,,,,,,,,,
Boris Diaw,Gerald Wallace,Raymond Felton,Ronald Murray,Stephen Jackson,Jameer Nelson,Matt Barnes,Mickael Pietrus,Rashard Lewis,Vince Carter,4,0:14,ORL,free throw,,,,,,,2,,2,Jameer Nelson,,,foul,made,,,,
Boris Diaw,Gerald Wallace,Raymond Felton,Ronald Murray,Stephen Jackson,Jameer Nelson,Matt Barnes,Mickael Pietrus,Rashard Lewis,Vince Carter,4,0:07,ORL,foul,,,,,,,,Gerald Wallace,,Rashard Lewis,,,,,,shooting,,
Boris Diaw,Gerald Wallace,Raymond Felton,Ronald Murray,Stephen Jackson,Jameer Nelson,Matt Barnes,Mickael Pietrus,Rashard Lewis,Vince Carter,4,0:07,CHA,free throw,,,,,,,1,,2,Gerald Wallace,,,foul,made,,,,
Boris Diaw,Gerald Wallace,Raymond Felton,Ronald Murray,Stephen Jackson,Dwight Howard,Jameer Nelson,Matt Barnes,Rashard Lewis,Vince Carter,4,0:07,ORL,sub,,,,Dwight Howard,,Mickael Pietrus,,,,,,,,,,,,
Boris Diaw,Gerald Wallace,Raymond Felton,Ronald Murray,Stephen Jackson,Dwight Howard,Jameer Nelson,Matt Barnes,Rashard Lewis,Vince Carter,4,0:07,CHA,free throw,,,,,,,2,,2,Gerald Wallace,,,foul,missed,,,,
Boris Diaw,Gerald Wallace,Raymond Felton,Ronald Murray,Stephen Jackson,Dwight Howard,Jameer Nelson,Matt Barnes,Rashard Lewis,Vince Carter,4,0:06,ORL,rebound,,,,,,,,,,Matt Barnes,,,,,,def,,
