a1,a2,a3,a4,a5,h1,h2,h3,h4,h5,period,time,team,etype,assist,away,block,entered,home,left,num,opponent,outof,player,points,possession,reason,result,steal,type,x,y
Chris Paul,David West,Devin Brown,Emeka Okafor,Peja Stojakovic,Al Jefferson,Corey Brewer,Damien Wilkins,Jonny Flynn,Ryan Gomes,1,12:00,OFF,jump ball,,Emeka Okafor,,,Al Jefferson,,,,,,,Corey Brewer,,,,,,
Chris Paul,David West,Devin Brown,Emeka Okafor,Peja Stojakovic,Al Jefferson,Corey Brewer,Damien Wilkins,Jonny Flynn,Ryan Gomes,1,11:44,MIN,shot,,,,,,,,,,Ryan Gomes,2,,,made,,pullup jump,42,11
Chris Paul,David West,Devin Brown,Emeka Okafor,Peja Stojakovic,Al Jefferson,Corey Brewer,Damien Wilkins,Jonny Flynn,Ryan Gomes,1,11:18,NOH,turnover,,,,,,,,,,David West,,,lost ball,,Al Jefferson,,,
Chris Paul,David West,Devin Brown,Emeka Okafor,Peja Stojakovic,Al Jefferson,Corey Brewer,Damien Wilkins,Jonny Flynn,Ryan Gomes,1,11:07,MIN,shot,,,,,,,,,,Corey Brewer,,,,missed,,layup,25,6
Chris Paul,David West,Devin Brown,Emeka Okafor,Peja Stojakovic,Al Jefferson,Corey Brewer,Damien Wilkins,Jonny Flynn,Ryan Gomes,1,11:05,NOH,rebound,,,,,,,,,,Chris Paul,,,,,,def,,
Chris Paul,David West,Devin Brown,Emeka Okafor,Peja Stojakovic,Al Jefferson,Corey Brewer,Damien Wilkins,Jonny Flynn,Ryan Gomes,1,11:01,NOH,shot,,,,,,,,,,Chris Paul,,,,missed,,pullup jump,26,18
Chris Paul,David West,Devin Brown,Emeka Okafor,Peja Stojakovic,Al Jefferson,Corey Brewer,Damien Wilkins,Jonny Flynn,Ryan Gomes,1,11:00,MIN,rebound,,,,,,,,,,Al Jefferson,,,,,,def,,
Chris Paul,David West,Devin Brown,Emeka Okafor,Peja Stojakovic,Al Jefferson,Corey Brewer,Damien Wilkins,Jonny Flynn,Ryan Gomes,1,10:55,MIN,shot,Jonny Flynn,,,,,,,,,Corey Brewer,2,,,made,,jump,42,15
Chris Paul,David West,Devin Brown,Emeka Okafor,Peja Stojakovic,Al Jefferson,Corey Brewer,Damien Wilkins,Jonny Flynn,Ryan Gomes,1,10:38,NOH,shot,Chris Paul,,,,,,,,,Emeka Okafor,2,,,made,,turnaround jump,25,9
Chris Paul,David West,Devin Brown,Emeka Okafor,Peja Stojakovic,Al Jefferson,Corey Brewer,Damien Wilkins,Jonny Flynn,Ryan Gomes,1,10:10,MIN,turnover,,,,,,,,,,Corey Brewer,,,lost ball,,Devin Brown,,,
Chris Paul,David West,Devin Brown,Emeka Okafor,Peja Stojakovic,Al Jefferson,Corey Brewer,Damien Wilkins,Jonny Flynn,Ryan Gomes,1,10:05,NOH,shot,Chris Paul,,,,,,,,,Peja Stojakovic,2,,,made,,layup,25,6
Chris Paul,David West,Devin Brown,Emeka Okafor,Peja Stojakovic,Al Jefferson,Corey Brewer,Damien Wilkins,Jonny Flynn,Ryan Gomes,1,9:47,MIN,shot,,,,,,,,,,Ryan Gomes,,,,missed,,jump,24,20
Chris Paul,David West,Devin Brown,Emeka Okafor,Peja Stojakovic,Al Jefferson,Corey Brewer,Damien Wilkins,Jonny Flynn,Ryan Gomes,1,9:46,MIN,rebound,,,,,,,,,,Damien Wilkins,,,,,,off,,
Chris Paul,David West,Devin Brown,Emeka Okafor,Peja Stojakovic,Al Jefferson,Corey Brewer,Damien Wilkins,Jonny Flynn,Ryan Gomes,1,9:42,MIN,shot,,,,,,,,,,Jonny Flynn,,,,missed,,3pt,45,21
Chris Paul,David West,Devin Brown,Emeka Okafor,Peja Stojakovic,Al Jefferson,Corey Brewer,Damien Wilkins,Jonny Flynn,Ryan Gomes,1,9:40,NOH,rebound,,,,,,,,,,David West,,,,,,def,,
Chris Paul,David West,Devin Brown,Emeka Okafor,Peja Stojakovic,Al Jefferson,Corey Brewer,Damien Wilkins,Jonny Flynn,Ryan Gomes,1,9:29,NOH,shot,,,,,,,,,,David West,2,,,made,,fade away jumper,40,9
Chris Paul,David West,Devin Brown,Emeka Okafor,Peja Stojakovic,Al Jefferson,Corey Brewer,Damien Wilkins,Jonny Flynn,Ryan Gomes,1,9:22,MIN,shot,,,,,,,,,,Corey Brewer,,,,missed,,layup,25,6
Chris Paul,David West,Devin Brown,Emeka Okafor,Peja Stojakovic,Al Jefferson,Corey Brewer,Damien Wilkins,Jonny Flynn,Ryan Gomes,1,9:20,NOH,rebound,,,,,,,,,,David West,,,,,,def,,
Chris Paul,David West,Devin Brown,Emeka Okafor,Peja Stojakovic,Al Jefferson,Corey Brewer,Damien Wilkins,Jonny Flynn,Ryan Gomes,1,9:13,MIN,foul,,,,,,,,Emeka Okafor,,Jonny Flynn,,,,,,personal,,
Chris Paul,David West,Devin Brown,Emeka Okafor,Peja Stojakovic,Al Jefferson,Corey Brewer,Damien Wilkins,Jonny Flynn,Ryan Gomes,1,9:08,NOH,shot,,,Al Jefferson,,,,,,,Emeka Okafor,,,,missed,,layup,25,6
Chris Paul,David West,Devin Brown,Emeka Okafor,Peja Stojakovic,Al Jefferson,Corey Brewer,Damien Wilkins,Jonny Flynn,Ryan Gomes,1,9:07,NOH,rebound,,,,,,,,,,,,,,,,,,
Chris Paul,David West,Devin Brown,Emeka Okafor,Peja Stojakovic,Al Jefferson,Corey Brewer,Damien Wilkins,Jonny Flynn,Ryan Gomes,1,9:04,NOH,shot,,,,,,,,,,David West,,,,missed,,jump,42,12
Chris Paul,David West,Devin Brown,Emeka Okafor,Peja Stojakovic,Al Jefferson,Corey Brewer,Damien Wilkins,Jonny Flynn,Ryan Gomes,1,9:03,MIN,rebound,,,,,,,,,,Al Jefferson,,,,,,def,,
Chris Paul,David West,Devin Brown,Emeka Okafor,Peja Stojakovic,Al Jefferson,Corey Brewer,Damien Wilkins,Jonny Flynn,Ryan Gomes,1,8:56,MIN,shot,,,,,,,,,,Ryan Gomes,,,,missed,,jump,41,8
Chris Paul,David West,Devin Brown,Emeka Okafor,Peja Stojakovic,Al Jefferson,Corey Brewer,Damien Wilkins,Jonny Flynn,Ryan Gomes,1,8:55,NOH,rebound,,,,,,,,,,Peja Stojakovic,,,,,,def,,
Chris Paul,David West,Devin Brown,Emeka Okafor,Peja Stojakovic,Al Jefferson,Corey Brewer,Damien Wilkins,Jonny Flynn,Ryan Gomes,1,8:48,NOH,turnover,,,,,,,,,,Chris Paul,,,bad pass,,Ryan Gomes,,,
Chris Paul,David West,Devin Brown,Emeka Okafor,Peja Stojakovic,Al Jefferson,Corey Brewer,Damien Wilkins,Jonny Flynn,Ryan Gomes,1,8:31,MIN,shot,,,,,,,,,,Damien Wilkins,2,,,made,,driving layup,25,6
Chris Paul,David West,Devin Brown,Emeka Okafor,Peja Stojakovic,Al Jefferson,Corey Brewer,Damien Wilkins,Jonny Flynn,Ryan Gomes,1,8:05,NOH,shot,Emeka Okafor,,,,,,,,,Peja Stojakovic,3,,,made,,3pt,5,21
Chris Paul,David West,Devin Brown,Emeka Okafor,Peja Stojakovic,Al Jefferson,Corey Brewer,Damien Wilkins,Jonny Flynn,Ryan Gomes,1,7:54,MIN,shot,Damien Wilkins,,,,,,,,,Al Jefferson,2,,,made,,jump,37,12
Chris Paul,David West,Devin Brown,Emeka Okafor,Peja Stojakovic,Al Jefferson,Corey Brewer,Damien Wilkins,Jonny Flynn,Ryan Gomes,1,7:43,NOH,shot,,,,,,,,,,Chris Paul,,,,missed,,jump,15,23
Chris Paul,David West,Devin Brown,Emeka Okafor,Peja Stojakovic,Al Jefferson,Corey Brewer,Damien Wilkins,Jonny Flynn,Ryan Gomes,1,7:42,MIN,rebound,,,,,,,,,,Al Jefferson,,,,,,def,,
Chris Paul,David West,Devin Brown,Emeka Okafor,Peja Stojakovic,Al Jefferson,Corey Brewer,Damien Wilkins,Jonny Flynn,Ryan Gomes,1,7:35,MIN,shot,,,,,,,,,,Jonny Flynn,2,,,made,,driving layup,25,6
Chris Paul,David West,Devin Brown,Emeka Okafor,Peja Stojakovic,Al Jefferson,Corey Brewer,Damien Wilkins,Jonny Flynn,Ryan Gomes,1,7:25,NOH,turnover,,,,,,,,,,Chris Paul,,,bad pass,,Corey Brewer,,,
Chris Paul,David West,Devin Brown,Emeka Okafor,Peja Stojakovic,Al Jefferson,Corey Brewer,Damien Wilkins,Jonny Flynn,Ryan Gomes,1,7:24,NOH,foul,,,,,,,,Corey Brewer,,Chris Paul,,,,,,personal,,
Chris Paul,David West,Devin Brown,Emeka Okafor,Peja Stojakovic,Al Jefferson,Corey Brewer,Damien Wilkins,Jonny Flynn,Ryan Gomes,1,7:11,MIN,shot,,,,,,,,,,Corey Brewer,,,,missed,,jump,14,19
Chris Paul,David West,Devin Brown,Emeka Okafor,Peja Stojakovic,Al Jefferson,Corey Brewer,Damien Wilkins,Jonny Flynn,Ryan Gomes,1,7:09,NOH,rebound,,,,,,,,,,Emeka Okafor,,,,,,def,,
Chris Paul,David West,Devin Brown,Emeka Okafor,Peja Stojakovic,Al Jefferson,Corey Brewer,Damien Wilkins,Jonny Flynn,Ryan Gomes,1,6:57,NOH,shot,Chris Paul,,,,,,,,,Peja Stojakovic,2,,,made,,jump bank,11,12
Chris Paul,David West,Devin Brown,Emeka Okafor,Peja Stojakovic,Al Jefferson,Corey Brewer,Damien Wilkins,Jonny Flynn,Ryan Gomes,1,6:42,MIN,shot,,,,,,,,,,Damien Wilkins,,,,missed,,jump,9,17
Chris Paul,David West,Devin Brown,Emeka Okafor,Peja Stojakovic,Al Jefferson,Corey Brewer,Damien Wilkins,Jonny Flynn,Ryan Gomes,1,6:41,NOH,rebound,,,,,,,,,,Chris Paul,,,,,,def,,
Chris Paul,David West,Devin Brown,Emeka Okafor,Peja Stojakovic,Al Jefferson,Corey Brewer,Damien Wilkins,Jonny Flynn,Ryan Gomes,1,6:24,NOH,shot,,,,,,,,,,Devin Brown,,,,missed,,3pt,44,22
Chris Paul,David West,Devin Brown,Emeka Okafor,Peja Stojakovic,Al Jefferson,Corey Brewer,Damien Wilkins,Jonny Flynn,Ryan Gomes,1,6:23,NOH,rebound,,,,,,,,,,,,,,,,,,
Chris Paul,David West,Devin Brown,Emeka Okafor,Peja Stojakovic,Al Jefferson,Corey Brewer,Damien Wilkins,Jonny Flynn,Ryan Gomes,1,6:23,MIN,foul,,,,,,,,Peja Stojakovic,,Corey Brewer,,,,,,loose ball,,
Chris Paul,David West,Devin Brown,Emeka Okafor,Peja Stojakovic,Al Jefferson,Corey Brewer,Damien Wilkins,Jonny Flynn,Ryan Gomes,1,6:17,NOH,shot,Chris Paul,,,,,,,,,David West,2,,,made,,turnaround jump,34,7
Chris Paul,David West,Devin Brown,Emeka Okafor,Peja Stojakovic,Al Jefferson,Corey Brewer,Damien Wilkins,Jonny Flynn,Ryan Gomes,1,5:58,MIN,shot,,,,,,,,,,Jonny Flynn,2,,,made,,step back jump,10,15
Chris Paul,David West,Devin Brown,Emeka Okafor,Peja Stojakovic,Al Jefferson,Corey Brewer,Damien Wilkins,Jonny Flynn,Ryan Gomes,1,5:49,NOH,shot,,,,,,,,,,Chris Paul,2,,,made,,floating jump,26,11
Chris Paul,David West,Devin Brown,Emeka Okafor,Peja Stojakovic,Al Jefferson,Corey Brewer,Damien Wilkins,Jonny Flynn,Ryan Gomes,1,5:35,MIN,shot,,,,,,,,,,Ryan Gomes,2,,,made,,driving layup,25,6
Chris Paul,David West,Devin Brown,Emeka Okafor,Peja Stojakovic,Al Jefferson,Corey Brewer,Damien Wilkins,Jonny Flynn,Ryan Gomes,1,5:24,NOH,shot,,,,,,,,,,Emeka Okafor,2,,,made,,jump,28,12
Chris Paul,David West,Devin Brown,Emeka Okafor,Peja Stojakovic,Al Jefferson,Corey Brewer,Damien Wilkins,Jonny Flynn,Ryan Gomes,1,5:06,MIN,turnover,,,,,,,,,,Ryan Gomes,,,3 second violation,,,,,
Chris Paul,David West,Devin Brown,Emeka Okafor,Peja Stojakovic,Al Jefferson,Corey Brewer,Damien Wilkins,Jonny Flynn,Ryan Gomes,1,5:06,MIN,timeout,,,,,,,,,,,,,,,,regular,,
Chris Paul,David West,Emeka Okafor,Marcus Thornton,Peja Stojakovic,Al Jefferson,Corey Brewer,Damien Wilkins,Jonny Flynn,Ryan Gomes,1,5:06,NOH,sub,,,,Marcus Thornton,,Devin Brown,,,,,,,,,,,,
Chris Paul,David West,Emeka Okafor,Marcus Thornton,Peja Stojakovic,Al Jefferson,Corey Brewer,Damien Wilkins,Jonny Flynn,Ryan Gomes,1,4:53,NOH,shot,Chris Paul,,,,,,,,,Peja Stojakovic,3,,,made,,3pt,26,34
Chris Paul,David West,Emeka Okafor,Marcus Thornton,Peja Stojakovic,Al Jefferson,Corey Brewer,Damien Wilkins,Jonny Flynn,Ryan Gomes,1,4:35,MIN,shot,,,Emeka Okafor,,,,,,,Al Jefferson,,,,missed,,dunk,25,6
Chris Paul,David West,Emeka Okafor,Marcus Thornton,Peja Stojakovic,Al Jefferson,Corey Brewer,Damien Wilkins,Jonny Flynn,Ryan Gomes,1,4:33,MIN,rebound,,,,,,,,,,Al Jefferson,,,,,,off,,
Chris Paul,David West,Emeka Okafor,Marcus Thornton,Peja Stojakovic,Al Jefferson,Corey Brewer,Damien Wilkins,Jonny Flynn,Ryan Gomes,1,4:32,MIN,shot,,,,,,,,,,Al Jefferson,2,,,made,,dunk,25,6
Chris Paul,David West,Emeka Okafor,Marcus Thornton,Peja Stojakovic,Al Jefferson,Corey Brewer,Damien Wilkins,Jonny Flynn,Ryan Gomes,1,4:24,NOH,shot,,,,,,,,,,Marcus Thornton,2,,,made,,jump,12,16
Chris Paul,David West,Emeka Okafor,Marcus Thornton,Peja Stojakovic,Al Jefferson,Corey Brewer,Damien Wilkins,Jonny Flynn,Ryan Gomes,1,4:08,MIN,shot,Damien Wilkins,,,,,,,,,Al Jefferson,2,,,made,,jump,14,19
Chris Paul,David West,Emeka Okafor,Marcus Thornton,Peja Stojakovic,Al Jefferson,Corey Brewer,Damien Wilkins,Jonny Flynn,Ryan Gomes,1,3:44,NOH,shot,,,,,,,,,,David West,,,,missed,,jump,21,5
Chris Paul,David West,Emeka Okafor,Marcus Thornton,Peja Stojakovic,Al Jefferson,Corey Brewer,Damien Wilkins,Jonny Flynn,Ryan Gomes,1,3:43,MIN,rebound,,,,,,,,,,Al Jefferson,,,,,,def,,
Chris Paul,David West,Emeka Okafor,Marcus Thornton,Peja Stojakovic,Al Jefferson,Corey Brewer,Damien Wilkins,Jonny Flynn,Ryan Gomes,1,3:38,MIN,shot,,,,,,,,,,Corey Brewer,,,,missed,,jump,41,17
Chris Paul,David West,Emeka Okafor,Marcus Thornton,Peja Stojakovic,Al Jefferson,Corey Brewer,Damien Wilkins,Jonny Flynn,Ryan Gomes,1,3:37,NOH,rebound,,,,,,,,,,Peja Stojakovic,,,,,,def,,
Chris Paul,David West,Emeka Okafor,Marcus Thornton,Peja Stojakovic,Al Jefferson,Corey Brewer,Damien Wilkins,Jonny Flynn,Ryan Gomes,1,3:30,NOH,shot,,,,,,,,,,Marcus Thornton,,,,missed,,jump,43,14
Chris Paul,David West,Emeka Okafor,Marcus Thornton,Peja Stojakovic,Al Jefferson,Corey Brewer,Damien Wilkins,Jonny Flynn,Ryan Gomes,1,3:29,MIN,rebound,,,,,,,,,,Al Jefferson,,,,,,def,,
Chris Paul,David West,Emeka Okafor,Marcus Thornton,Peja Stojakovic,Al Jefferson,Corey Brewer,Damien Wilkins,Jonny Flynn,Ryan Gomes,1,3:15,MIN,turnover,,,,,,,,,,Damien Wilkins,,,step out of bounds turnover,,,,,
Chris Paul,David West,Emeka Okafor,Marcus Thornton,Peja Stojakovic,Corey Brewer,Damien Wilkins,Jonny Flynn,Ryan Gomes,Ryan Hollins,1,3:15,MIN,sub,,,,Ryan Hollins,,Al Jefferson,,,,,,,,,,,,
Chris Paul,David West,Emeka Okafor,Marcus Thornton,Peja Stojakovic,Corey Brewer,Damien Wilkins,Jonny Flynn,Kevin Love,Ryan Hollins,1,3:15,MIN,sub,,,,Kevin Love,,Ryan Gomes,,,,,,,,,,,,
Chris Paul,David West,Emeka Okafor,Marcus Thornton,Peja Stojakovic,Damien Wilkins,Jonny Flynn,Kevin Love,Ryan Hollins,Wayne Ellington,1,3:15,MIN,sub,,,,Wayne Ellington,,Corey Brewer,,,,,,,,,,,,
Chris Paul,David West,Emeka Okafor,Marcus Thornton,Peja Stojakovic,Damien Wilkins,Jonny Flynn,Kevin Love,Ryan Hollins,Wayne Ellington,1,3:03,NOH,shot,,,,,,,,,,Chris Paul,2,,,made,,jump,25,13
Chris Paul,David West,Emeka Okafor,Marcus Thornton,Peja Stojakovic,Damien Wilkins,Jonny Flynn,Kevin Love,Ryan Hollins,Wayne Ellington,1,2:49,MIN,shot,,,,,,,,,,Ryan Hollins,,,,missed,,jump,26,13
Chris Paul,David West,Emeka Okafor,Marcus Thornton,Peja Stojakovic,Damien Wilkins,Jonny Flynn,Kevin Love,Ryan Hollins,Wayne Ellington,1,2:47,NOH,rebound,,,,,,,,,,David West,,,,,,def,,
Chris Paul,David West,Emeka Okafor,Marcus Thornton,Peja Stojakovic,Damien Wilkins,Jonny Flynn,Kevin Love,Ryan Hollins,Wayne Ellington,1,2:38,NOH,shot,,,Kevin Love,,,,,,,David West,,,,missed,,jump,33,14
Chris Paul,David West,Emeka Okafor,Marcus Thornton,Peja Stojakovic,Damien Wilkins,Jonny Flynn,Kevin Love,Ryan Hollins,Wayne Ellington,1,2:36,MIN,rebound,,,,,,,,,,Damien Wilkins,,,,,,def,,
Chris Paul,David West,Emeka Okafor,Marcus Thornton,Peja Stojakovic,Damien Wilkins,Jonny Flynn,Kevin Love,Ryan Hollins,Wayne Ellington,1,2:34,MIN,shot,Damien Wilkins,,,,,,,,,Jonny Flynn,2,,,made,,layup,25,6
Chris Paul,David West,Emeka Okafor,Marcus Thornton,Peja Stojakovic,Damien Wilkins,Jonny Flynn,Kevin Love,Ryan Hollins,Wayne Ellington,1,2:34,NOH,foul,,,,,,,,Jonny Flynn,,Chris Paul,,,,,,shooting,,
Chris Paul,David West,Emeka Okafor,Marcus Thornton,Peja Stojakovic,Damien Wilkins,Jonny Flynn,Kevin Love,Ryan Hollins,Wayne Ellington,1,2:34,NOH,timeout,,,,,,,,,,,,,,,,regular,,
Chris Paul,Darius Songaila,Emeka Okafor,Marcus Thornton,Peja Stojakovic,Damien Wilkins,Jonny Flynn,Kevin Love,Ryan Hollins,Wayne Ellington,1,2:34,NOH,sub,,,,Darius Songaila,,David West,,,,,,,,,,,,
Darius Songaila,Darren Collison,Emeka Okafor,Marcus Thornton,Peja Stojakovic,Damien Wilkins,Jonny Flynn,Kevin Love,Ryan Hollins,Wayne Ellington,1,2:34,NOH,sub,,,,Darren Collison,,Chris Paul,,,,,,,,,,,,
Darius Songaila,Darren Collison,Emeka Okafor,Marcus Thornton,Peja Stojakovic,Jonny Flynn,Kevin Love,Ryan Hollins,Sasha Pavlovic,Wayne Ellington,1,2:34,MIN,sub,,,,Sasha Pavlovic,,Damien Wilkins,,,,,,,,,,,,
Darius Songaila,Darren Collison,Emeka Okafor,Marcus Thornton,Peja Stojakovic,Jonny Flynn,Kevin Love,Ryan Hollins,Sasha Pavlovic,Wayne Ellington,1,2:34,MIN,free throw,,,,,,,1,,1,Jonny Flynn,,,foul,made,,,,
Darius Songaila,Darren Collison,Emeka Okafor,Marcus Thornton,Peja Stojakovic,Jonny Flynn,Kevin Love,Ryan Hollins,Sasha Pavlovic,Wayne Ellington,1,2:24,NOH,shot,,,,,,,,,,Darius Songaila,,,,missed,,jump,13,23
Darius Songaila,Darren Collison,Emeka Okafor,Marcus Thornton,Peja Stojakovic,Jonny Flynn,Kevin Love,Ryan Hollins,Sasha Pavlovic,Wayne Ellington,1,2:23,MIN,rebound,,,,,,,,,,Ryan Hollins,,,,,,def,,
Darius Songaila,Darren Collison,Emeka Okafor,Marcus Thornton,Peja Stojakovic,Jonny Flynn,Kevin Love,Ryan Hollins,Sasha Pavlovic,Wayne Ellington,1,2:13,MIN,shot,,,,,,,,,,Kevin Love,,,,missed,,jump,14,14
Darius Songaila,Darren Collison,Emeka Okafor,Marcus Thornton,Peja Stojakovic,Jonny Flynn,Kevin Love,Ryan Hollins,Sasha Pavlovic,Wayne Ellington,1,2:12,NOH,rebound,,,,,,,,,,Emeka Okafor,,,,,,def,,
Darius Songaila,Darren Collison,Emeka Okafor,Marcus Thornton,Peja Stojakovic,Jonny Flynn,Kevin Love,Ryan Hollins,Sasha Pavlovic,Wayne Ellington,1,1:59,NOH,shot,,,,,,,,,,Peja Stojakovic,,,,missed,,jump,43,14
Darius Songaila,Darren Collison,Emeka Okafor,Marcus Thornton,Peja Stojakovic,Jonny Flynn,Kevin Love,Ryan Hollins,Sasha Pavlovic,Wayne Ellington,1,1:56,MIN,rebound,,,,,,,,,,Jonny Flynn,,,,,,def,,
Darius Songaila,Darren Collison,Emeka Okafor,Marcus Thornton,Peja Stojakovic,Jonny Flynn,Kevin Love,Ryan Hollins,Sasha Pavlovic,Wayne Ellington,1,1:50,MIN,shot,Jonny Flynn,,,,,,,,,Wayne Ellington,2,,,made,,jump,7,20
Darius Songaila,Darren Collison,Emeka Okafor,Marcus Thornton,Peja Stojakovic,Jonny Flynn,Kevin Love,Ryan Hollins,Sasha Pavlovic,Wayne Ellington,1,1:34,NOH,shot,,,,,,,,,,Darren Collison,,,,missed,,3pt,11,27
Darius Songaila,Darren Collison,Emeka Okafor,Marcus Thornton,Peja Stojakovic,Jonny Flynn,Kevin Love,Ryan Hollins,Sasha Pavlovic,Wayne Ellington,1,1:33,MIN,rebound,,,,,,,,,,Kevin Love,,,,,,def,,
Darius Songaila,Darren Collison,Emeka Okafor,Marcus Thornton,Peja Stojakovic,Jonny Flynn,Kevin Love,Ryan Hollins,Sasha Pavlovic,Wayne Ellington,1,1:26,MIN,shot,Jonny Flynn,,,,,,,,,Ryan Hollins,2,,,made,,layup,25,6
Darius Songaila,Darren Collison,Emeka Okafor,Marcus Thornton,Peja Stojakovic,Jonny Flynn,Kevin Love,Ryan Hollins,Sasha Pavlovic,Wayne Ellington,1,1:07,NOH,shot,Darren Collison,,,,,,,,,Marcus Thornton,3,,,made,,3pt,48,13
Darius Songaila,Darren Collison,Emeka Okafor,Marcus Thornton,Peja Stojakovic,Jonny Flynn,Kevin Love,Ryan Hollins,Sasha Pavlovic,Wayne Ellington,1,0:54,MIN,turnover,,,,,,,,,,Wayne Ellington,,,bad pass,,Darius Songaila,,,
Darius Songaila,Darren Collison,Emeka Okafor,Marcus Thornton,Peja Stojakovic,Jonny Flynn,Kevin Love,Ryan Hollins,Sasha Pavlovic,Wayne Ellington,1,0:50,NOH,shot,Darren Collison,,,,,,,,,Marcus Thornton,2,,,made,,driving layup,25,6
Darius Songaila,Darren Collison,Emeka Okafor,Marcus Thornton,Peja Stojakovic,Jonny Flynn,Kevin Love,Ryan Hollins,Sasha Pavlovic,Wayne Ellington,1,0:32,MIN,shot,Jonny Flynn,,,,,,,,,Kevin Love,2,,,made,,layup,25,6
Darius Songaila,Darren Collison,Emeka Okafor,Marcus Thornton,Peja Stojakovic,Jonny Flynn,Kevin Love,Ryan Hollins,Sasha Pavlovic,Wayne Ellington,1,0:11,NOH,shot,,,,,,,,,,Darren Collison,,,,missed,,layup,25,6
Darius Songaila,Darren Collison,Emeka Okafor,Marcus Thornton,Peja Stojakovic,Jonny Flynn,Kevin Love,Ryan Hollins,Sasha Pavlovic,Wayne Ellington,1,0:10,MIN,rebound,,,,,,,,,,,,,,,,,,
Darius Songaila,Darren Collison,Emeka Okafor,Marcus Thornton,Peja Stojakovic,Jonny Flynn,Kevin Love,Ryan Hollins,Sasha Pavlovic,Wayne Ellington,1,0:10,NOH,foul,,,,,,,,Ryan Hollins,,Emeka Okafor,,,,,,loose ball,,
Darius Songaila,Darren Collison,Emeka Okafor,Marcus Thornton,Peja Stojakovic,Jonny Flynn,Kevin Love,Ryan Hollins,Sasha Pavlovic,Wayne Ellington,1,0:01,MIN,shot,Jonny Flynn,,,,,,,,,Ryan Hollins,2,,,made,,alley oop dunk,25,6
Darius Songaila,Darren Collison,Emeka Okafor,Marcus Thornton,Peja Stojakovic,Jonny Flynn,Kevin Love,Ryan Hollins,Sasha Pavlovic,Wayne Ellington,1,0:00,NOH,shot,,,,,,,,,,Marcus Thornton,,,,missed,,3pt,35,64
Darius Songaila,Darren Collison,Emeka Okafor,Marcus Thornton,Peja Stojakovic,Jonny Flynn,Kevin Love,Ryan Hollins,Sasha Pavlovic,Wayne Ellington,1,0:00,NOH,rebound,,,,,,,,,,,,,,,,,,
Darius Songaila,Darren Collison,Hilton Armstrong,James Posey,Marcus Thornton,Kevin Love,Ramon Sessions,Ryan Hollins,Sasha Pavlovic,Wayne Ellington,2,11:45,NOH,shot,,,,,,,,,,Marcus Thornton,2,,,made,,driving layup,25,6
Darius Songaila,Darren Collison,Hilton Armstrong,James Posey,Marcus Thornton,Kevin Love,Ramon Sessions,Ryan Hollins,Sasha Pavlovic,Wayne Ellington,2,11:24,NOH,foul,,,,,,,,Ryan Hollins,,Hilton Armstrong,,,,,,shooting,,
Darius Songaila,Darren Collison,Hilton Armstrong,James Posey,Marcus Thornton,Kevin Love,Ramon Sessions,Ryan Hollins,Sasha Pavlovic,Wayne Ellington,2,11:24,MIN,free throw,,,,,,,1,,2,Ryan Hollins,,,foul,made,,,,
Darius Songaila,Darren Collison,Hilton Armstrong,James Posey,Marcus Thornton,Kevin Love,Ramon Sessions,Ryan Hollins,Sasha Pavlovic,Wayne Ellington,2,11:24,MIN,free throw,,,,,,,2,,2,Ryan Hollins,,,foul,made,,,,
Darius Songaila,Darren Collison,Hilton Armstrong,James Posey,Marcus Thornton,Kevin Love,Ramon Sessions,Ryan Hollins,Sasha Pavlovic,Wayne Ellington,2,11:09,NOH,shot,,,,,,,,,,Darius Songaila,,,,missed,,jump,15,23
Darius Songaila,Darren Collison,Hilton Armstrong,James Posey,Marcus Thornton,Kevin Love,Ramon Sessions,Ryan Hollins,Sasha Pavlovic,Wayne Ellington,2,11:07,MIN,rebound,,,,,,,,,,Sasha Pavlovic,,,,,,def,,
Darius Songaila,Darren Collison,Hilton Armstrong,James Posey,Marcus Thornton,Kevin Love,Ramon Sessions,Ryan Hollins,Sasha Pavlovic,Wayne Ellington,2,11:03,MIN,turnover,,,,,,,,,,Ryan Hollins,,,out of bounds lost ball turnover,,,,,
Darius Songaila,Darren Collison,Hilton Armstrong,James Posey,Marcus Thornton,Kevin Love,Ramon Sessions,Ryan Hollins,Sasha Pavlovic,Wayne Ellington,2,10:51,NOH,turnover,,,,,,,,,,Darren Collison,,,bad pass,,Kevin Love,,,
Darius Songaila,Darren Collison,Hilton Armstrong,James Posey,Marcus Thornton,Kevin Love,Ramon Sessions,Ryan Hollins,Sasha Pavlovic,Wayne Ellington,2,10:45,NOH,foul,,,,,,,,Ryan Hollins,,Hilton Armstrong,,,,,,personal,,
Darius Songaila,Darren Collison,Hilton Armstrong,James Posey,Marcus Thornton,Kevin Love,Ramon Sessions,Ryan Hollins,Sasha Pavlovic,Wayne Ellington,2,10:31,MIN,shot,,,,,,,,,,Kevin Love,2,,,made,,step back jump,13,22
Darius Songaila,Darren Collison,Hilton Armstrong,James Posey,Marcus Thornton,Kevin Love,Ramon Sessions,Ryan Hollins,Sasha Pavlovic,Wayne Ellington,2,10:12,MIN,foul,,,,,,,,Hilton Armstrong,,Ryan Hollins,,,,,,personal,,
Darius Songaila,Darren Collison,Hilton Armstrong,James Posey,Marcus Thornton,Kevin Love,Ramon Sessions,Ryan Hollins,Sasha Pavlovic,Wayne Ellington,2,10:08,NOH,turnover,,,,,,,,,,Darren Collison,,,discontinue dribble,,,,,
Darius Songaila,Darren Collison,Hilton Armstrong,James Posey,Marcus Thornton,Kevin Love,Ramon Sessions,Ryan Hollins,Sasha Pavlovic,Wayne Ellington,2,9:58,MIN,shot,Ramon Sessions,,,,,,,,,Kevin Love,2,,,made,,layup,25,6
Darius Songaila,Darren Collison,Hilton Armstrong,James Posey,Marcus Thornton,Kevin Love,Ramon Sessions,Ryan Hollins,Sasha Pavlovic,Wayne Ellington,2,9:45,NOH,shot,,,,,,,,,,Darius Songaila,,,,missed,,finger roll layup,25,6
Darius Songaila,Darren Collison,Hilton Armstrong,James Posey,Marcus Thornton,Kevin Love,Ramon Sessions,Ryan Hollins,Sasha Pavlovic,Wayne Ellington,2,9:44,MIN,rebound,,,,,,,,,,Kevin Love,,,,,,def,,
Darius Songaila,Darren Collison,Hilton Armstrong,James Posey,Marcus Thornton,Kevin Love,Ramon Sessions,Ryan Hollins,Sasha Pavlovic,Wayne Ellington,2,9:39,MIN,shot,Wayne Ellington,,,,,,,,,Ryan Hollins,2,,,made,,layup,25,6
Darius Songaila,Darren Collison,Hilton Armstrong,James Posey,Marcus Thornton,Kevin Love,Ramon Sessions,Ryan Hollins,Sasha Pavlovic,Wayne Ellington,2,9:39,NOH,foul,,,,,,,,Ryan Hollins,,Darius Songaila,,,,,,shooting,,
Darius Songaila,Darren Collison,Hilton Armstrong,James Posey,Marcus Thornton,Kevin Love,Ramon Sessions,Ryan Hollins,Sasha Pavlovic,Wayne Ellington,2,9:39,MIN,free throw,,,,,,,1,,1,Ryan Hollins,,,foul,made,,,,
Darius Songaila,Darren Collison,Hilton Armstrong,James Posey,Marcus Thornton,Kevin Love,Ramon Sessions,Ryan Hollins,Sasha Pavlovic,Wayne Ellington,2,9:20,NOH,shot,,,,,,,,,,James Posey,,,,missed,,jump,13,7
Darius Songaila,Darren Collison,Hilton Armstrong,James Posey,Marcus Thornton,Kevin Love,Ramon Sessions,Ryan Hollins,Sasha Pavlovic,Wayne Ellington,2,9:19,MIN,rebound,,,,,,,,,,Wayne Ellington,,,,,,def,,
Darius Songaila,Darren Collison,Hilton Armstrong,James Posey,Marcus Thornton,Kevin Love,Ramon Sessions,Ryan Hollins,Sasha Pavlovic,Wayne Ellington,2,9:11,MIN,shot,,,,,,,,,,Ramon Sessions,,,,missed,,reverse layup,25,6
Darius Songaila,Darren Collison,Hilton Armstrong,James Posey,Marcus Thornton,Kevin Love,Ramon Sessions,Ryan Hollins,Sasha Pavlovic,Wayne Ellington,2,9:09,NOH,rebound,,,,,,,,,,Hilton Armstrong,,,,,,def,,
Darius Songaila,Darren Collison,Hilton Armstrong,James Posey,Marcus Thornton,Kevin Love,Ramon Sessions,Ryan Hollins,Sasha Pavlovic,Wayne Ellington,2,9:05,NOH,shot,Hilton Armstrong,,,,,,,,,Marcus Thornton,2,,,made,,driving layup,25,6
Darius Songaila,Darren Collison,Hilton Armstrong,James Posey,Marcus Thornton,Kevin Love,Ramon Sessions,Ryan Hollins,Sasha Pavlovic,Wayne Ellington,2,8:51,MIN,turnover,,,,,,,,,,Sasha Pavlovic,,,bad pass,,Marcus Thornton,,,
Darius Songaila,Darren Collison,Hilton Armstrong,James Posey,Marcus Thornton,Kevin Love,Ramon Sessions,Ryan Hollins,Sasha Pavlovic,Wayne Ellington,2,8:49,MIN,foul,,,,,,,,Marcus Thornton,,Wayne Ellington,,,,,,shooting,,
Darius Songaila,Darren Collison,Hilton Armstrong,James Posey,Marcus Thornton,Kevin Love,Ramon Sessions,Ryan Hollins,Sasha Pavlovic,Wayne Ellington,2,8:49,NOH,timeout,,,,,,,,,,,,,,,,,,
Darren Collison,David West,Hilton Armstrong,James Posey,Marcus Thornton,Kevin Love,Ramon Sessions,Ryan Hollins,Sasha Pavlovic,Wayne Ellington,2,8:49,NOH,sub,,,,David West,,Darius Songaila,,,,,,,,,,,,
Chris Paul,David West,Hilton Armstrong,James Posey,Marcus Thornton,Kevin Love,Ramon Sessions,Ryan Hollins,Sasha Pavlovic,Wayne Ellington,2,8:49,NOH,sub,,,,Chris Paul,,Darren Collison,,,,,,,,,,,,
Chris Paul,David West,Hilton Armstrong,James Posey,Marcus Thornton,Al Jefferson,Kevin Love,Ramon Sessions,Sasha Pavlovic,Wayne Ellington,2,8:49,MIN,sub,,,,Al Jefferson,,Ryan Hollins,,,,,,,,,,,,
Chris Paul,David West,Hilton Armstrong,James Posey,Marcus Thornton,Al Jefferson,Kevin Love,Ramon Sessions,Ryan Gomes,Wayne Ellington,2,8:49,MIN,sub,,,,Ryan Gomes,,Sasha Pavlovic,,,,,,,,,,,,
Chris Paul,David West,Hilton Armstrong,James Posey,Marcus Thornton,Al Jefferson,Kevin Love,Ramon Sessions,Ryan Gomes,Wayne Ellington,2,8:49,NOH,free throw,,,,,,,1,,2,Marcus Thornton,,,foul,made,,,,
Chris Paul,David West,Hilton Armstrong,James Posey,Marcus Thornton,Al Jefferson,Kevin Love,Ramon Sessions,Ryan Gomes,Wayne Ellington,2,8:49,NOH,free throw,,,,,,,2,,2,Marcus Thornton,,,foul,missed,,,,
Chris Paul,David West,Hilton Armstrong,James Posey,Marcus Thornton,Al Jefferson,Kevin Love,Ramon Sessions,Ryan Gomes,Wayne Ellington,2,8:46,MIN,rebound,,,,,,,,,,Wayne Ellington,,,,,,def,,
Chris Paul,David West,Hilton Armstrong,James Posey,Marcus Thornton,Al Jefferson,Kevin Love,Ramon Sessions,Ryan Gomes,Wayne Ellington,2,8:37,MIN,shot,,,,,,,,,,Wayne Ellington,,,,missed,,3pt,33,31
Chris Paul,David West,Hilton Armstrong,James Posey,Marcus Thornton,Al Jefferson,Kevin Love,Ramon Sessions,Ryan Gomes,Wayne Ellington,2,8:36,NOH,rebound,,,,,,,,,,James Posey,,,,,,def,,
Chris Paul,David West,Hilton Armstrong,James Posey,Marcus Thornton,Al Jefferson,Kevin Love,Ramon Sessions,Ryan Gomes,Wayne Ellington,2,8:19,NOH,shot,,,,,,,,,,Marcus Thornton,,,,missed,,jump,27,11
Chris Paul,David West,Hilton Armstrong,James Posey,Marcus Thornton,Al Jefferson,Kevin Love,Ramon Sessions,Ryan Gomes,Wayne Ellington,2,8:18,MIN,rebound,,,,,,,,,,Wayne Ellington,,,,,,def,,
Chris Paul,David West,Hilton Armstrong,James Posey,Marcus Thornton,Al Jefferson,Kevin Love,Ramon Sessions,Ryan Gomes,Wayne Ellington,2,8:08,MIN,shot,,,,,,,,,,Al Jefferson,2,,,made,,jump,26,14
Chris Paul,David West,Hilton Armstrong,James Posey,Marcus Thornton,Al Jefferson,Kevin Love,Ramon Sessions,Ryan Gomes,Wayne Ellington,2,7:52,NOH,shot,Marcus Thornton,,,,,,,,,David West,2,,,made,,fade away jumper,35,8
Chris Paul,David West,Hilton Armstrong,James Posey,Marcus Thornton,Al Jefferson,Kevin Love,Ramon Sessions,Ryan Gomes,Wayne Ellington,2,7:40,MIN,shot,,,Hilton Armstrong,,,,,,,Ramon Sessions,,,,missed,,layup,25,6
Chris Paul,David West,Hilton Armstrong,James Posey,Marcus Thornton,Al Jefferson,Kevin Love,Ramon Sessions,Ryan Gomes,Wayne Ellington,2,7:39,MIN,rebound,,,,,,,,,,,,,,,,,,
Chris Paul,David West,Hilton Armstrong,James Posey,Marcus Thornton,Al Jefferson,Kevin Love,Ramon Sessions,Ryan Gomes,Wayne Ellington,2,7:31,MIN,shot,,,,,,,,,,Wayne Ellington,,,,missed,,3pt,49,13
Chris Paul,David West,Hilton Armstrong,James Posey,Marcus Thornton,Al Jefferson,Kevin Love,Ramon Sessions,Ryan Gomes,Wayne Ellington,2,7:30,NOH,rebound,,,,,,,,,,Hilton Armstrong,,,,,,def,,
Chris Paul,David West,Hilton Armstrong,James Posey,Marcus Thornton,Al Jefferson,Kevin Love,Ramon Sessions,Ryan Gomes,Wayne Ellington,2,7:20,MIN,foul,,,,,,,,Chris Paul,,Wayne Ellington,,,,,,shooting,,
Chris Paul,David West,Hilton Armstrong,James Posey,Marcus Thornton,Al Jefferson,Kevin Love,Ramon Sessions,Ryan Gomes,Wayne Ellington,2,7:20,NOH,free throw,,,,,,,1,,2,Chris Paul,,,foul,made,,,,
Chris Paul,David West,Hilton Armstrong,James Posey,Marcus Thornton,Al Jefferson,Kevin Love,Ramon Sessions,Ryan Gomes,Wayne Ellington,2,7:20,NOH,free throw,,,,,,,2,,2,Chris Paul,,,foul,made,,,,
Chris Paul,David West,Hilton Armstrong,James Posey,Marcus Thornton,Al Jefferson,Kevin Love,Ramon Sessions,Ryan Gomes,Wayne Ellington,2,7:11,MIN,shot,,,,,,,,,,Ramon Sessions,2,,,made,,driving layup,25,6
Chris Paul,David West,Hilton Armstrong,James Posey,Marcus Thornton,Al Jefferson,Kevin Love,Ramon Sessions,Ryan Gomes,Wayne Ellington,2,6:56,NOH,foul,,,,,,,,Ramon Sessions,,Hilton Armstrong,,,,,,offensive,,
Chris Paul,David West,Hilton Armstrong,James Posey,Marcus Thornton,Al Jefferson,Kevin Love,Ramon Sessions,Ryan Gomes,Wayne Ellington,2,6:56,NOH,turnover,,,,,,,,,,Hilton Armstrong,,,foul,,,,,
Chris Paul,David West,Emeka Okafor,James Posey,Marcus Thornton,Al Jefferson,Kevin Love,Ramon Sessions,Ryan Gomes,Wayne Ellington,2,6:56,NOH,sub,,,,Emeka Okafor,,Hilton Armstrong,,,,,,,,,,,,
Chris Paul,David West,Emeka Okafor,James Posey,Marcus Thornton,Al Jefferson,Kevin Love,Ramon Sessions,Ryan Gomes,Wayne Ellington,2,6:49,NOH,foul,,,,,,,,Ramon Sessions,,Emeka Okafor,,,,,,personal,,
Chris Paul,David West,Emeka Okafor,James Posey,Marcus Thornton,Al Jefferson,Corey Brewer,Kevin Love,Ramon Sessions,Ryan Gomes,2,6:49,MIN,sub,,,,Corey Brewer,,Wayne Ellington,,,,,,,,,,,,
Chris Paul,David West,Emeka Okafor,James Posey,Marcus Thornton,Al Jefferson,Corey Brewer,Kevin Love,Ramon Sessions,Ryan Gomes,2,6:42,MIN,shot,,,,,,,,,,Corey Brewer,2,,,made,,running jump,28,11
Chris Paul,David West,Emeka Okafor,James Posey,Marcus Thornton,Al Jefferson,Corey Brewer,Kevin Love,Ramon Sessions,Ryan Gomes,2,6:32,NOH,shot,,,,,,,,,,David West,,,,missed,,jump,24,23
Chris Paul,David West,Emeka Okafor,James Posey,Marcus Thornton,Al Jefferson,Corey Brewer,Kevin Love,Ramon Sessions,Ryan Gomes,2,6:31,MIN,rebound,,,,,,,,,,Ramon Sessions,,,,,,def,,
Chris Paul,David West,Emeka Okafor,James Posey,Marcus Thornton,Al Jefferson,Corey Brewer,Kevin Love,Ramon Sessions,Ryan Gomes,2,6:24,NOH,foul,,,,,,,,Corey Brewer,,James Posey,,,,,,shooting,,
Chris Paul,David West,Emeka Okafor,James Posey,Marcus Thornton,Al Jefferson,Corey Brewer,Kevin Love,Ramon Sessions,Ryan Gomes,2,6:24,MIN,free throw,,,,,,,1,,2,Corey Brewer,,,foul,missed,,,,
Chris Paul,David West,Emeka Okafor,James Posey,Marcus Thornton,Al Jefferson,Corey Brewer,Kevin Love,Ramon Sessions,Ryan Gomes,2,6:24,MIN,rebound,,,,,,,,,,,,,,,,,,
Chris Paul,David West,Emeka Okafor,James Posey,Marcus Thornton,Al Jefferson,Corey Brewer,Jonny Flynn,Kevin Love,Ryan Gomes,2,6:24,MIN,sub,,,,Jonny Flynn,,Ramon Sessions,,,,,,,,,,,,
Chris Paul,David West,Emeka Okafor,James Posey,Marcus Thornton,Al Jefferson,Corey Brewer,Jonny Flynn,Kevin Love,Ryan Gomes,2,6:24,MIN,free throw,,,,,,,2,,2,Corey Brewer,,,foul,missed,,,,
Chris Paul,David West,Emeka Okafor,James Posey,Marcus Thornton,Al Jefferson,Corey Brewer,Jonny Flynn,Kevin Love,Ryan Gomes,2,6:23,NOH,rebound,,,,,,,,,,James Posey,,,,,,def,,
Chris Paul,David West,Emeka Okafor,James Posey,Marcus Thornton,Al Jefferson,Corey Brewer,Jonny Flynn,Kevin Love,Ryan Gomes,2,6:04,NOH,shot,,,,,,,,,,James Posey,,,,missed,,3pt,49,9
Chris Paul,David West,Emeka Okafor,James Posey,Marcus Thornton,Al Jefferson,Corey Brewer,Jonny Flynn,Kevin Love,Ryan Gomes,2,6:02,MIN,rebound,,,,,,,,,,Ryan Gomes,,,,,,def,,
Chris Paul,David West,Emeka Okafor,James Posey,Marcus Thornton,Al Jefferson,Corey Brewer,Jonny Flynn,Kevin Love,Ryan Gomes,2,5:52,MIN,shot,,,,,,,,,,Corey Brewer,,,,missed,,reverse layup,25,6
Chris Paul,David West,Emeka Okafor,James Posey,Marcus Thornton,Al Jefferson,Corey Brewer,Jonny Flynn,Kevin Love,Ryan Gomes,2,5:51,MIN,rebound,,,,,,,,,,Al Jefferson,,,,,,off,,
Chris Paul,David West,Emeka Okafor,James Posey,Marcus Thornton,Al Jefferson,Corey Brewer,Jonny Flynn,Kevin Love,Ryan Gomes,2,5:51,MIN,shot,,,,,,,,,,Al Jefferson,2,,,made,,putback dunk,25,6
Chris Paul,David West,Emeka Okafor,James Posey,Marcus Thornton,Al Jefferson,Corey Brewer,Jonny Flynn,Kevin Love,Ryan Gomes,2,5:33,NOH,shot,,,,,,,,,,David West,,,,missed,,jump,39,12
Chris Paul,David West,Emeka Okafor,James Posey,Marcus Thornton,Al Jefferson,Corey Brewer,Jonny Flynn,Kevin Love,Ryan Gomes,2,5:31,MIN,rebound,,,,,,,,,,Ryan Gomes,,,,,,def,,
Chris Paul,David West,Emeka Okafor,James Posey,Marcus Thornton,Al Jefferson,Corey Brewer,Jonny Flynn,Kevin Love,Ryan Gomes,2,5:25,MIN,shot,Jonny Flynn,,,,,,,,,Ryan Gomes,2,,,made,,alley oop layup,25,6
Chris Paul,David West,Emeka Okafor,James Posey,Marcus Thornton,Al Jefferson,Corey Brewer,Jonny Flynn,Kevin Love,Ryan Gomes,2,5:15,NOH,timeout,,,,,,,,,,,,,,,,regular,,
Chris Paul,David West,Devin Brown,Emeka Okafor,James Posey,Al Jefferson,Corey Brewer,Jonny Flynn,Kevin Love,Ryan Gomes,2,5:15,NOH,sub,,,,Devin Brown,,Marcus Thornton,,,,,,,,,,,,
Chris Paul,David West,Devin Brown,Emeka Okafor,James Posey,Al Jefferson,Corey Brewer,Jonny Flynn,Kevin Love,Ryan Gomes,2,4:53,NOH,shot,David West,,,,,,,,,Devin Brown,2,,,made,,fade away jumper,26,15
Chris Paul,David West,Devin Brown,Emeka Okafor,James Posey,Al Jefferson,Corey Brewer,Jonny Flynn,Kevin Love,Ryan Gomes,2,4:47,MIN,shot,Jonny Flynn,,,,,,,,,Ryan Gomes,2,,,made,,jump,37,20
Chris Paul,David West,Devin Brown,Emeka Okafor,James Posey,Al Jefferson,Corey Brewer,Jonny Flynn,Kevin Love,Ryan Gomes,2,4:28,NOH,shot,,,,,,,,,,Chris Paul,,,,missed,,3pt,46,19
Chris Paul,David West,Devin Brown,Emeka Okafor,James Posey,Al Jefferson,Corey Brewer,Jonny Flynn,Kevin Love,Ryan Gomes,2,4:25,MIN,rebound,,,,,,,,,,Kevin Love,,,,,,def,,
Chris Paul,David West,Devin Brown,Emeka Okafor,James Posey,Al Jefferson,Corey Brewer,Jonny Flynn,Kevin Love,Ryan Gomes,2,4:10,NOH,foul,,,,,,,,Corey Brewer,,David West,,,,,,shooting,,
Chris Paul,David West,Devin Brown,Emeka Okafor,James Posey,Al Jefferson,Corey Brewer,Jonny Flynn,Kevin Love,Ryan Gomes,2,4:10,MIN,free throw,,,,,,,1,,2,Corey Brewer,,,foul,missed,,,,
Chris Paul,David West,Devin Brown,Emeka Okafor,James Posey,Al Jefferson,Corey Brewer,Jonny Flynn,Kevin Love,Ryan Gomes,2,4:10,MIN,rebound,,,,,,,,,,,,,,,,,,
Chris Paul,David West,Devin Brown,Emeka Okafor,James Posey,Al Jefferson,Corey Brewer,Jonny Flynn,Kevin Love,Ryan Gomes,2,4:10,MIN,free throw,,,,,,,2,,2,Corey Brewer,,,foul,missed,,,,
Chris Paul,David West,Devin Brown,Emeka Okafor,James Posey,Al Jefferson,Corey Brewer,Jonny Flynn,Kevin Love,Ryan Gomes,2,4:08,NOH,rebound,,,,,,,,,,James Posey,,,,,,def,,
Chris Paul,David West,Devin Brown,Emeka Okafor,James Posey,Al Jefferson,Corey Brewer,Jonny Flynn,Kevin Love,Ryan Gomes,2,3:47,NOH,shot,,,,,,,,,,Chris Paul,3,,,made,,3pt,31,31
Chris Paul,David West,Devin Brown,Emeka Okafor,James Posey,Al Jefferson,Corey Brewer,Jonny Flynn,Kevin Love,Ryan Gomes,2,3:35,MIN,shot,Kevin Love,,,,,,,,,Corey Brewer,2,,,made,,slam dunk,25,6
Chris Paul,David West,Devin Brown,Emeka Okafor,James Posey,Al Jefferson,Corey Brewer,Jonny Flynn,Kevin Love,Ryan Gomes,2,3:17,NOH,shot,Chris Paul,,,,,,,,,David West,2,,,made,,jump,38,19
Chris Paul,David West,Devin Brown,Emeka Okafor,James Posey,Al Jefferson,Corey Brewer,Jonny Flynn,Kevin Love,Ryan Gomes,2,2:59,MIN,turnover,,,,,,,,,,Ryan Gomes,,,lost ball,,Emeka Okafor,,,
Chris Paul,David West,Devin Brown,Emeka Okafor,James Posey,Al Jefferson,Corey Brewer,Jonny Flynn,Kevin Love,Ryan Gomes,2,2:52,NOH,shot,,,,,,,,,,Devin Brown,,,,missed,,layup,25,6
Chris Paul,David West,Devin Brown,Emeka Okafor,James Posey,Al Jefferson,Corey Brewer,Jonny Flynn,Kevin Love,Ryan Gomes,2,2:51,MIN,rebound,,,,,,,,,,Kevin Love,,,,,,def,,
Chris Paul,David West,Devin Brown,Emeka Okafor,James Posey,Al Jefferson,Corey Brewer,Jonny Flynn,Kevin Love,Ryan Gomes,2,2:48,MIN,turnover,,,,,,,,,,Jonny Flynn,,,bad pass,,,,,
Chris Paul,David West,Devin Brown,Emeka Okafor,James Posey,Al Jefferson,Corey Brewer,Jonny Flynn,Kevin Love,Ryan Gomes,2,2:48,MIN,timeout,,,,,,,,,,,,,,,,regular,,
Chris Paul,David West,Devin Brown,Emeka Okafor,Peja Stojakovic,Al Jefferson,Corey Brewer,Jonny Flynn,Kevin Love,Ryan Gomes,2,2:48,NOH,sub,,,,Peja Stojakovic,,James Posey,,,,,,,,,,,,
Chris Paul,David West,Devin Brown,Emeka Okafor,Peja Stojakovic,Al Jefferson,Corey Brewer,Jonny Flynn,Kevin Love,Ryan Gomes,2,2:34,MIN,foul,,,,,,,,Emeka Okafor,,Jonny Flynn,,,,,,shooting,,
Chris Paul,David West,Devin Brown,Emeka Okafor,Peja Stojakovic,Al Jefferson,Corey Brewer,Kevin Love,Ramon Sessions,Ryan Gomes,2,2:34,MIN,sub,,,,Ramon Sessions,,Jonny Flynn,,,,,,,,,,,,
Chris Paul,David West,Devin Brown,Emeka Okafor,Peja Stojakovic,Al Jefferson,Corey Brewer,Kevin Love,Ramon Sessions,Ryan Gomes,2,2:34,NOH,free throw,,,,,,,1,,2,Emeka Okafor,,,foul,made,,,,
Chris Paul,David West,Devin Brown,Emeka Okafor,Peja Stojakovic,Al Jefferson,Corey Brewer,Kevin Love,Ramon Sessions,Ryan Gomes,2,2:34,NOH,free throw,,,,,,,2,,2,Emeka Okafor,,,foul,made,,,,
Chris Paul,David West,Devin Brown,Emeka Okafor,Peja Stojakovic,Al Jefferson,Corey Brewer,Kevin Love,Ramon Sessions,Ryan Gomes,2,2:18,MIN,shot,Ramon Sessions,,,,,,,,,Ryan Gomes,3,,,made,,3pt,33,30
Chris Paul,David West,Devin Brown,Emeka Okafor,Peja Stojakovic,Al Jefferson,Corey Brewer,Kevin Love,Ramon Sessions,Ryan Gomes,2,1:55,NOH,shot,,,,,,,,,,Devin Brown,,,,missed,,jump,29,7
Chris Paul,David West,Devin Brown,Emeka Okafor,Peja Stojakovic,Al Jefferson,Corey Brewer,Kevin Love,Ramon Sessions,Ryan Gomes,2,1:54,MIN,rebound,,,,,,,,,,Al Jefferson,,,,,,def,,
Chris Paul,David West,Devin Brown,Emeka Okafor,Peja Stojakovic,Al Jefferson,Corey Brewer,Kevin Love,Ramon Sessions,Ryan Gomes,2,1:49,MIN,shot,Ramon Sessions,,,,,,,,,Corey Brewer,2,,,made,,driving dunk,25,6
Chris Paul,David West,Devin Brown,Emeka Okafor,Peja Stojakovic,Al Jefferson,Corey Brewer,Kevin Love,Ramon Sessions,Ryan Gomes,2,1:32,NOH,shot,,,,,,,,,,Chris Paul,,,,missed,,3pt,43,25
Chris Paul,David West,Devin Brown,Emeka Okafor,Peja Stojakovic,Al Jefferson,Corey Brewer,Kevin Love,Ramon Sessions,Ryan Gomes,2,1:30,MIN,rebound,,,,,,,,,,Corey Brewer,,,,,,def,,
Chris Paul,David West,Devin Brown,Emeka Okafor,Peja Stojakovic,Al Jefferson,Corey Brewer,Kevin Love,Ramon Sessions,Ryan Gomes,2,1:18,MIN,shot,,,,,,,,,,Al Jefferson,2,,,made,,jump,15,10
Chris Paul,David West,Devin Brown,Emeka Okafor,Peja Stojakovic,Al Jefferson,Corey Brewer,Kevin Love,Ramon Sessions,Ryan Gomes,2,1:09,NOH,timeout,,,,,,,,,,,,,,,,short,,
Chris Paul,David West,Devin Brown,Emeka Okafor,Peja Stojakovic,Corey Brewer,Kevin Love,Ramon Sessions,Ryan Gomes,Ryan Hollins,2,1:09,MIN,sub,,,,Ryan Hollins,,Al Jefferson,,,,,,,,,,,,
Chris Paul,David West,Devin Brown,Emeka Okafor,Peja Stojakovic,Corey Brewer,Kevin Love,Ramon Sessions,Ryan Gomes,Ryan Hollins,2,0:55,NOH,shot,Chris Paul,,,,,,,,,Devin Brown,3,,,made,,3pt,16,30
Chris Paul,David West,Devin Brown,Emeka Okafor,Peja Stojakovic,Corey Brewer,Kevin Love,Ramon Sessions,Ryan Gomes,Ryan Hollins,2,0:41,MIN,shot,Ramon Sessions,,,,,,,,,Kevin Love,3,,,made,,3pt,12,27
Chris Paul,David West,Devin Brown,Emeka Okafor,Peja Stojakovic,Corey Brewer,Kevin Love,Ramon Sessions,Ryan Gomes,Ryan Hollins,2,0:31,NOH,shot,,,,,,,,,,Chris Paul,,,,missed,,jump,22,10
Chris Paul,David West,Devin Brown,Emeka Okafor,Peja Stojakovic,Corey Brewer,Kevin Love,Ramon Sessions,Ryan Gomes,Ryan Hollins,2,0:29,NOH,rebound,,,,,,,,,,Emeka Okafor,,,,,,off,,
Chris Paul,David West,Devin Brown,Emeka Okafor,Peja Stojakovic,Corey Brewer,Kevin Love,Ramon Sessions,Ryan Gomes,Ryan Hollins,2,0:28,NOH,shot,,,,,,,,,,Emeka Okafor,,,,missed,,layup,25,6
Chris Paul,David West,Devin Brown,Emeka Okafor,Peja Stojakovic,Corey Brewer,Kevin Love,Ramon Sessions,Ryan Gomes,Ryan Hollins,2,0:27,MIN,rebound,,,,,,,,,,Kevin Love,,,,,,def,,
Chris Paul,David West,Devin Brown,Emeka Okafor,Peja Stojakovic,Corey Brewer,Kevin Love,Ramon Sessions,Ryan Gomes,Ryan Hollins,2,0:08,MIN,shot,Ramon Sessions,,,,,,,,,Ryan Hollins,2,,,made,,layup,25,6
Chris Paul,David West,Devin Brown,Emeka Okafor,Peja Stojakovic,Corey Brewer,Kevin Love,Ramon Sessions,Ryan Gomes,Ryan Hollins,2,0:00,NOH,shot,Chris Paul,,,,,,,,,David West,3,,,made,,3pt,42,25
Chris Paul,David West,Devin Brown,Emeka Okafor,Peja Stojakovic,Al Jefferson,Corey Brewer,Damien Wilkins,Jonny Flynn,Ryan Gomes,3,11:47,NOH,shot,,,,,,,,,,Peja Stojakovic,,,,missed,,jump,24,24
Chris Paul,David West,Devin Brown,Emeka Okafor,Peja Stojakovic,Al Jefferson,Corey Brewer,Damien Wilkins,Jonny Flynn,Ryan Gomes,3,11:46,MIN,rebound,,,,,,,,,,Jonny Flynn,,,,,,def,,
Chris Paul,David West,Devin Brown,Emeka Okafor,Peja Stojakovic,Al Jefferson,Corey Brewer,Damien Wilkins,Jonny Flynn,Ryan Gomes,3,11:30,MIN,shot,Ryan Gomes,,,,,,,,,Jonny Flynn,3,,,made,,3pt,25,31
Chris Paul,David West,Devin Brown,Emeka Okafor,Peja Stojakovic,Al Jefferson,Corey Brewer,Damien Wilkins,Jonny Flynn,Ryan Gomes,3,11:02,NOH,shot,Chris Paul,,,,,,,,,David West,2,,,made,,jump,12,13
Chris Paul,David West,Devin Brown,Emeka Okafor,Peja Stojakovic,Al Jefferson,Corey Brewer,Damien Wilkins,Jonny Flynn,Ryan Gomes,3,10:44,MIN,shot,,,,,,,,,,Al Jefferson,,,,missed,,jump,36,19
Chris Paul,David West,Devin Brown,Emeka Okafor,Peja Stojakovic,Al Jefferson,Corey Brewer,Damien Wilkins,Jonny Flynn,Ryan Gomes,3,10:43,MIN,rebound,,,,,,,,,,,,,,,,,,
Chris Paul,David West,Devin Brown,Emeka Okafor,Peja Stojakovic,Al Jefferson,Corey Brewer,Damien Wilkins,Jonny Flynn,Ryan Gomes,3,10:34,MIN,shot,Jonny Flynn,,,,,,,,,Ryan Gomes,2,,,made,,jump,15,15
Chris Paul,David West,Devin Brown,Emeka Okafor,Peja Stojakovic,Al Jefferson,Corey Brewer,Damien Wilkins,Jonny Flynn,Ryan Gomes,3,10:11,NOH,shot,,,,,,,,,,David West,,,,missed,,jump,25,28
Chris Paul,David West,Devin Brown,Emeka Okafor,Peja Stojakovic,Al Jefferson,Corey Brewer,Damien Wilkins,Jonny Flynn,Ryan Gomes,3,10:10,MIN,rebound,,,,,,,,,,Al Jefferson,,,,,,def,,
Chris Paul,David West,Devin Brown,Emeka Okafor,Peja Stojakovic,Al Jefferson,Corey Brewer,Damien Wilkins,Jonny Flynn,Ryan Gomes,3,10:03,MIN,shot,,,,,,,,,,Ryan Gomes,2,,,made,,running jump,27,10
Chris Paul,David West,Devin Brown,Emeka Okafor,Peja Stojakovic,Al Jefferson,Corey Brewer,Damien Wilkins,Jonny Flynn,Ryan Gomes,3,9:42,NOH,shot,David West,,,,,,,,,Devin Brown,3,,,made,,3pt,8,26
Chris Paul,David West,Devin Brown,Emeka Okafor,Peja Stojakovic,Al Jefferson,Corey Brewer,Damien Wilkins,Jonny Flynn,Ryan Gomes,3,9:35,MIN,turnover,,,,,,,,,,Jonny Flynn,,,out of bounds lost ball turnover,,,,,
Chris Paul,David West,Devin Brown,Emeka Okafor,Peja Stojakovic,Al Jefferson,Corey Brewer,Damien Wilkins,Jonny Flynn,Ryan Gomes,3,9:19,NOH,shot,,,,,,,,,,Emeka Okafor,,,,missed,,jump,14,10
Chris Paul,David West,Devin Brown,Emeka Okafor,Peja Stojakovic,Al Jefferson,Corey Brewer,Damien Wilkins,Jonny Flynn,Ryan Gomes,3,9:18,MIN,rebound,,,,,,,,,,Ryan Gomes,,,,,,def,,
Chris Paul,David West,Devin Brown,Emeka Okafor,Peja Stojakovic,Al Jefferson,Corey Brewer,Damien Wilkins,Jonny Flynn,Ryan Gomes,3,9:05,MIN,shot,,,,,,,,,,Jonny Flynn,,,,missed,,3pt,4,19
Chris Paul,David West,Devin Brown,Emeka Okafor,Peja Stojakovic,Al Jefferson,Corey Brewer,Damien Wilkins,Jonny Flynn,Ryan Gomes,3,9:04,NOH,rebound,,,,,,,,,,Emeka Okafor,,,,,,def,,
Chris Paul,David West,Devin Brown,Emeka Okafor,Peja Stojakovic,Al Jefferson,Corey Brewer,Damien Wilkins,Jonny Flynn,Ryan Gomes,3,8:50,NOH,shot,,,,,,,,,,David West,,,,missed,,jump,31,10
Chris Paul,David West,Devin Brown,Emeka Okafor,Peja Stojakovic,Al Jefferson,Corey Brewer,Damien Wilkins,Jonny Flynn,Ryan Gomes,3,8:49,MIN,rebound,,,,,,,,,,Al Jefferson,,,,,,def,,
Chris Paul,David West,Devin Brown,Emeka Okafor,Peja Stojakovic,Al Jefferson,Corey Brewer,Damien Wilkins,Jonny Flynn,Ryan Gomes,3,8:34,MIN,shot,Corey Brewer,,,,,,,,,Ryan Gomes,2,,,made,,jump,25,25
Chris Paul,David West,Devin Brown,Emeka Okafor,Peja Stojakovic,Al Jefferson,Corey Brewer,Damien Wilkins,Jonny Flynn,Ryan Gomes,3,8:20,NOH,shot,,,,,,,,,,Chris Paul,2,,,made,,jump,25,24
Chris Paul,David West,Devin Brown,Emeka Okafor,Peja Stojakovic,Al Jefferson,Corey Brewer,Damien Wilkins,Jonny Flynn,Ryan Gomes,3,8:06,MIN,shot,,,,,,,,,,Corey Brewer,,,,missed,,layup,25,6
Chris Paul,David West,Devin Brown,Emeka Okafor,Peja Stojakovic,Al Jefferson,Corey Brewer,Damien Wilkins,Jonny Flynn,Ryan Gomes,3,8:04,MIN,rebound,,,,,,,,,,Al Jefferson,,,,,,off,,
Chris Paul,David West,Devin Brown,Emeka Okafor,Peja Stojakovic,Al Jefferson,Corey Brewer,Damien Wilkins,Jonny Flynn,Ryan Gomes,3,8:04,MIN,shot,,,,,,,,,,Al Jefferson,2,,,made,,tip,25,6
Chris Paul,David West,Devin Brown,Emeka Okafor,Peja Stojakovic,Al Jefferson,Corey Brewer,Damien Wilkins,Jonny Flynn,Ryan Gomes,3,7:56,NOH,timeout,,,,,,,,,,,,,,,,regular,,
Chris Paul,David West,Devin Brown,Emeka Okafor,Peja Stojakovic,Al Jefferson,Corey Brewer,Damien Wilkins,Jonny Flynn,Ryan Gomes,3,7:47,NOH,shot,Chris Paul,,,,,,,,,Peja Stojakovic,2,,,made,,jump,6,11
Chris Paul,David West,Devin Brown,Emeka Okafor,Peja Stojakovic,Al Jefferson,Corey Brewer,Damien Wilkins,Jonny Flynn,Ryan Gomes,3,7:25,MIN,shot,,,,,,,,,,Ryan Gomes,,,,missed,,jump,24,12
Chris Paul,David West,Devin Brown,Emeka Okafor,Peja Stojakovic,Al Jefferson,Corey Brewer,Damien Wilkins,Jonny Flynn,Ryan Gomes,3,7:23,NOH,rebound,,,,,,,,,,David West,,,,,,def,,
Chris Paul,David West,Devin Brown,Emeka Okafor,Peja Stojakovic,Al Jefferson,Corey Brewer,Damien Wilkins,Jonny Flynn,Ryan Gomes,3,7:18,NOH,turnover,,,,,,,,,,Chris Paul,,,lost ball,,Corey Brewer,,,
Chris Paul,David West,Devin Brown,Emeka Okafor,Peja Stojakovic,Al Jefferson,Corey Brewer,Damien Wilkins,Jonny Flynn,Ryan Gomes,3,7:12,MIN,shot,Jonny Flynn,,,,,,,,,Ryan Gomes,2,,,made,,layup,25,6
Chris Paul,David West,Devin Brown,Emeka Okafor,Peja Stojakovic,Al Jefferson,Corey Brewer,Damien Wilkins,Jonny Flynn,Ryan Gomes,3,6:52,NOH,shot,,,,,,,,,,Emeka Okafor,,,,missed,,jump,25,19
Chris Paul,David West,Devin Brown,Emeka Okafor,Peja Stojakovic,Al Jefferson,Corey Brewer,Damien Wilkins,Jonny Flynn,Ryan Gomes,3,6:51,NOH,rebound,,,,,,,,,,David West,,,,,,off,,
Chris Paul,David West,Devin Brown,Emeka Okafor,Peja Stojakovic,Al Jefferson,Corey Brewer,Damien Wilkins,Jonny Flynn,Ryan Gomes,3,6:50,NOH,shot,,,,,,,,,,David West,,,,missed,,layup,25,6
Chris Paul,David West,Devin Brown,Emeka Okafor,Peja Stojakovic,Al Jefferson,Corey Brewer,Damien Wilkins,Jonny Flynn,Ryan Gomes,3,6:49,MIN,rebound,,,,,,,,,,Damien Wilkins,,,,,,def,,
Chris Paul,David West,Devin Brown,Emeka Okafor,Peja Stojakovic,Al Jefferson,Corey Brewer,Damien Wilkins,Jonny Flynn,Ryan Gomes,3,6:32,NOH,foul,,,,,,,,Jonny Flynn,,Chris Paul,,,,,,shooting,,
Chris Paul,David West,Devin Brown,Emeka Okafor,Peja Stojakovic,Al Jefferson,Corey Brewer,Damien Wilkins,Jonny Flynn,Ryan Gomes,3,6:32,MIN,free throw,,,,,,,1,,2,Jonny Flynn,,,foul,missed,,,,
Chris Paul,David West,Devin Brown,Emeka Okafor,Peja Stojakovic,Al Jefferson,Corey Brewer,Damien Wilkins,Jonny Flynn,Ryan Gomes,3,6:32,MIN,rebound,,,,,,,,,,,,,,,,,,
Chris Paul,David West,Devin Brown,Emeka Okafor,Peja Stojakovic,Al Jefferson,Corey Brewer,Damien Wilkins,Jonny Flynn,Ryan Gomes,3,6:32,MIN,free throw,,,,,,,2,,2,Jonny Flynn,,,foul,made,,,,
Chris Paul,David West,Devin Brown,Emeka Okafor,Peja Stojakovic,Al Jefferson,Corey Brewer,Damien Wilkins,Jonny Flynn,Ryan Gomes,3,6:14,NOH,shot,,,,,,,,,,Chris Paul,,,,missed,,3pt,38,28
Chris Paul,David West,Devin Brown,Emeka Okafor,Peja Stojakovic,Al Jefferson,Corey Brewer,Damien Wilkins,Jonny Flynn,Ryan Gomes,3,6:13,MIN,rebound,,,,,,,,,,Ryan Gomes,,,,,,def,,
Chris Paul,David West,Devin Brown,Emeka Okafor,Peja Stojakovic,Al Jefferson,Corey Brewer,Damien Wilkins,Jonny Flynn,Ryan Gomes,3,5:58,MIN,shot,,,,,,,,,,Damien Wilkins,,,,missed,,jump,43,20
Chris Paul,David West,Devin Brown,Emeka Okafor,Peja Stojakovic,Al Jefferson,Corey Brewer,Damien Wilkins,Jonny Flynn,Ryan Gomes,3,5:57,NOH,rebound,,,,,,,,,,David West,,,,,,def,,
Chris Paul,David West,Devin Brown,Emeka Okafor,Peja Stojakovic,Al Jefferson,Corey Brewer,Damien Wilkins,Jonny Flynn,Ryan Gomes,3,5:49,NOH,shot,Chris Paul,,,,,,,,,Peja Stojakovic,3,,,made,,3pt,13,29
Chris Paul,David West,Devin Brown,Emeka Okafor,Peja Stojakovic,Al Jefferson,Corey Brewer,Damien Wilkins,Jonny Flynn,Ryan Gomes,3,5:30,MIN,shot,,,,,,,,,,Damien Wilkins,,,,missed,,jump,25,26
Chris Paul,David West,Devin Brown,Emeka Okafor,Peja Stojakovic,Al Jefferson,Corey Brewer,Damien Wilkins,Jonny Flynn,Ryan Gomes,3,5:29,NOH,rebound,,,,,,,,,,Chris Paul,,,,,,def,,
Chris Paul,David West,Devin Brown,Emeka Okafor,Peja Stojakovic,Al Jefferson,Corey Brewer,Damien Wilkins,Jonny Flynn,Ryan Gomes,3,5:20,NOH,turnover,,,,,,,,,,Emeka Okafor,,,3 second violation,,,,,
Chris Paul,David West,Devin Brown,Emeka Okafor,Peja Stojakovic,Al Jefferson,Corey Brewer,Damien Wilkins,Jonny Flynn,Ryan Gomes,3,5:20,MIN,timeout,,,,,,,,,,,,,,,,regular,,
Chris Paul,Darius Songaila,Devin Brown,Emeka Okafor,Peja Stojakovic,Al Jefferson,Corey Brewer,Damien Wilkins,Jonny Flynn,Ryan Gomes,3,5:20,NOH,sub,,,,Darius Songaila,,David West,,,,,,,,,,,,
Chris Paul,Darius Songaila,Emeka Okafor,Marcus Thornton,Peja Stojakovic,Al Jefferson,Corey Brewer,Damien Wilkins,Jonny Flynn,Ryan Gomes,3,5:20,NOH,sub,,,,Marcus Thornton,,Devin Brown,,,,,,,,,,,,
Chris Paul,Darius Songaila,Emeka Okafor,Marcus Thornton,Peja Stojakovic,Al Jefferson,Corey Brewer,Jonny Flynn,Kevin Love,Ryan Gomes,3,5:20,MIN,sub,,,,Kevin Love,,Damien Wilkins,,,,,,,,,,,,
Chris Paul,Darius Songaila,Emeka Okafor,Marcus Thornton,Peja Stojakovic,Corey Brewer,Jonny Flynn,Kevin Love,Ryan Gomes,Ryan Hollins,3,5:20,MIN,sub,,,,Ryan Hollins,,Al Jefferson,,,,,,,,,,,,
Chris Paul,Darius Songaila,Emeka Okafor,Marcus Thornton,Peja Stojakovic,Corey Brewer,Jonny Flynn,Kevin Love,Ryan Gomes,Ryan Hollins,3,5:04,MIN,timeout,,,,,,,,,,,,,,,,short,,
Chris Paul,Darius Songaila,Emeka Okafor,Marcus Thornton,Peja Stojakovic,Corey Brewer,Jonny Flynn,Kevin Love,Ryan Gomes,Ryan Hollins,3,4:59,MIN,turnover,,,,,,,,,,Kevin Love,,,bad pass,,Emeka Okafor,,,
Chris Paul,Darius Songaila,Emeka Okafor,Marcus Thornton,Peja Stojakovic,Corey Brewer,Jonny Flynn,Kevin Love,Ryan Gomes,Ryan Hollins,3,4:58,MIN,foul,,,,,,,,Emeka Okafor,,Kevin Love,,,,,,personal,,
Chris Paul,Darius Songaila,Emeka Okafor,Marcus Thornton,Peja Stojakovic,Corey Brewer,Jonny Flynn,Kevin Love,Ryan Gomes,Ryan Hollins,3,4:34,NOH,shot,,,,,,,,,,Marcus Thornton,3,,,made,,3pt,25,30
Chris Paul,Darius Songaila,Emeka Okafor,Marcus Thornton,Peja Stojakovic,Corey Brewer,Jonny Flynn,Kevin Love,Ryan Gomes,Ryan Hollins,3,4:20,MIN,shot,Ryan Hollins,,,,,,,,,Corey Brewer,2,,,made,,driving layup,25,6
Chris Paul,Darius Songaila,Emeka Okafor,Marcus Thornton,Peja Stojakovic,Corey Brewer,Jonny Flynn,Kevin Love,Ryan Gomes,Ryan Hollins,3,4:11,NOH,shot,,,,,,,,,,Chris Paul,2,,,made,,jump,25,22
Chris Paul,Darius Songaila,Emeka Okafor,Marcus Thornton,Peja Stojakovic,Corey Brewer,Jonny Flynn,Kevin Love,Ryan Gomes,Ryan Hollins,3,4:03,MIN,shot,,,,,,,,,,Jonny Flynn,,,,missed,,jump,25,27
Chris Paul,Darius Songaila,Emeka Okafor,Marcus Thornton,Peja Stojakovic,Corey Brewer,Jonny Flynn,Kevin Love,Ryan Gomes,Ryan Hollins,3,4:02,NOH,rebound,,,,,,,,,,Marcus Thornton,,,,,,def,,
Chris Paul,Darius Songaila,Emeka Okafor,Marcus Thornton,Peja Stojakovic,Corey Brewer,Jonny Flynn,Kevin Love,Ryan Gomes,Ryan Hollins,3,3:54,NOH,shot,,,,,,,,,,Chris Paul,,,,missed,,jump,27,25
Chris Paul,Darius Songaila,Emeka Okafor,Marcus Thornton,Peja Stojakovic,Corey Brewer,Jonny Flynn,Kevin Love,Ryan Gomes,Ryan Hollins,3,3:52,NOH,rebound,,,,,,,,,,Emeka Okafor,,,,,,off,,
Chris Paul,Darius Songaila,Emeka Okafor,Marcus Thornton,Peja Stojakovic,Corey Brewer,Jonny Flynn,Kevin Love,Ryan Gomes,Ryan Hollins,3,3:48,NOH,shot,Chris Paul,,,,,,,,,Peja Stojakovic,3,,,made,,3pt,38,26
Chris Paul,Darius Songaila,Emeka Okafor,Marcus Thornton,Peja Stojakovic,Corey Brewer,Jonny Flynn,Kevin Love,Ryan Gomes,Ryan Hollins,3,3:30,MIN,turnover,,,,,,,,,,Ryan Hollins,,,bad pass,,Peja Stojakovic,,,
Chris Paul,Darius Songaila,Emeka Okafor,Marcus Thornton,Peja Stojakovic,Corey Brewer,Jonny Flynn,Kevin Love,Ryan Gomes,Ryan Hollins,3,3:22,NOH,shot,,,,,,,,,,Peja Stojakovic,,,,missed,,3pt,9,29
Chris Paul,Darius Songaila,Emeka Okafor,Marcus Thornton,Peja Stojakovic,Corey Brewer,Jonny Flynn,Kevin Love,Ryan Gomes,Ryan Hollins,3,3:20,NOH,rebound,,,,,,,,,,Darius Songaila,,,,,,off,,
Chris Paul,Darius Songaila,Emeka Okafor,Marcus Thornton,Peja Stojakovic,Corey Brewer,Jonny Flynn,Kevin Love,Ryan Gomes,Ryan Hollins,3,3:19,NOH,shot,,,,,,,,,,Darius Songaila,2,,,made,,hook,26,10
Chris Paul,Darius Songaila,Emeka Okafor,Marcus Thornton,Peja Stojakovic,Corey Brewer,Jonny Flynn,Kevin Love,Ryan Gomes,Ryan Hollins,3,3:02,MIN,turnover,,,,,,,,,,Ryan Gomes,,,bad pass,,Darius Songaila,,,
Chris Paul,Darius Songaila,Emeka Okafor,Marcus Thornton,Peja Stojakovic,Corey Brewer,Jonny Flynn,Kevin Love,Ryan Gomes,Ryan Hollins,3,3:02,MIN,foul,,,,,,,,Darius Songaila,,Kevin Love,,,,,,personal,,
Chris Paul,Darius Songaila,Emeka Okafor,Marcus Thornton,Peja Stojakovic,Corey Brewer,Kevin Love,Ramon Sessions,Ryan Gomes,Ryan Hollins,3,3:02,MIN,sub,,,,Ramon Sessions,,Jonny Flynn,,,,,,,,,,,,
Chris Paul,Darius Songaila,Emeka Okafor,Marcus Thornton,Peja Stojakovic,Kevin Love,Ramon Sessions,Ryan Gomes,Ryan Hollins,Wayne Ellington,3,3:02,MIN,sub,,,,Wayne Ellington,,Corey Brewer,,,,,,,,,,,,
Chris Paul,Darius Songaila,Emeka Okafor,Marcus Thornton,Peja Stojakovic,Al Jefferson,Kevin Love,Ramon Sessions,Ryan Gomes,Wayne Ellington,3,3:02,MIN,sub,,,,Al Jefferson,,Ryan Hollins,,,,,,,,,,,,
Chris Paul,Darius Songaila,Emeka Okafor,Marcus Thornton,Peja Stojakovic,Al Jefferson,Kevin Love,Ramon Sessions,Ryan Gomes,Wayne Ellington,3,2:53,MIN,foul,,,,,,,,,,Kevin Love,,,,,,defense 3 second,,
Chris Paul,Darius Songaila,Emeka Okafor,Marcus Thornton,Peja Stojakovic,Al Jefferson,Kevin Love,Ramon Sessions,Ryan Gomes,Wayne Ellington,3,2:53,NOH,free throw,,,,,,,1,,1,Peja Stojakovic,,,technical,missed,,,,
Chris Paul,Darius Songaila,Emeka Okafor,Marcus Thornton,Peja Stojakovic,Al Jefferson,Kevin Love,Ramon Sessions,Ryan Gomes,Wayne Ellington,3,2:53,NOH,rebound,,,,,,,,,,,,,,,,,,
Chris Paul,Darius Songaila,Emeka Okafor,Marcus Thornton,Peja Stojakovic,Al Jefferson,Kevin Love,Ramon Sessions,Ryan Gomes,Wayne Ellington,3,2:43,NOH,turnover,,,,,,,,,,Chris Paul,,,bad pass,,Ryan Gomes,,,
Chris Paul,Darius Songaila,Emeka Okafor,Marcus Thornton,Peja Stojakovic,Al Jefferson,Kevin Love,Ramon Sessions,Ryan Gomes,Wayne Ellington,3,2:27,MIN,turnover,,,,,,,,,,Wayne Ellington,,,lost ball,,Marcus Thornton,,,
Chris Paul,Darius Songaila,Emeka Okafor,Marcus Thornton,Peja Stojakovic,Al Jefferson,Kevin Love,Ramon Sessions,Ryan Gomes,Wayne Ellington,3,2:21,NOH,turnover,,,,,,,,,,Marcus Thornton,,,bad pass,,,,,
Chris Paul,Darius Songaila,Emeka Okafor,Marcus Thornton,Peja Stojakovic,Al Jefferson,Kevin Love,Ramon Sessions,Ryan Gomes,Wayne Ellington,3,2:08,MIN,shot,,,,,,,,,,Ryan Gomes,,,,missed,,jump,14,18
Chris Paul,Darius Songaila,Emeka Okafor,Marcus Thornton,Peja Stojakovic,Al Jefferson,Kevin Love,Ramon Sessions,Ryan Gomes,Wayne Ellington,3,2:07,MIN,rebound,,,,,,,,,,Kevin Love,,,,,,off,,
Chris Paul,Darius Songaila,Emeka Okafor,Marcus Thornton,Peja Stojakovic,Al Jefferson,Kevin Love,Ramon Sessions,Ryan Gomes,Wayne Ellington,3,2:07,NOH,foul,,,,,,,,Kevin Love,,Emeka Okafor,,,,,,loose ball,,
Chris Paul,Darius Songaila,Emeka Okafor,Marcus Thornton,Peja Stojakovic,Al Jefferson,Damien Wilkins,Kevin Love,Ramon Sessions,Wayne Ellington,3,2:07,MIN,sub,,,,Damien Wilkins,,Ryan Gomes,,,,,,,,,,,,
Chris Paul,Darius Songaila,Emeka Okafor,Marcus Thornton,Peja Stojakovic,Al Jefferson,Damien Wilkins,Kevin Love,Ramon Sessions,Wayne Ellington,3,1:50,NOH,foul,,,,,,,,Al Jefferson,,Emeka Okafor,,,,,,personal,,
Chris Paul,Darius Songaila,Emeka Okafor,Marcus Thornton,Peja Stojakovic,Al Jefferson,Damien Wilkins,Kevin Love,Ramon Sessions,Wayne Ellington,3,1:40,MIN,turnover,,,,,,,,,,Ramon Sessions,,,bad pass,,Peja Stojakovic,,,
Chris Paul,Darius Songaila,Emeka Okafor,Marcus Thornton,Peja Stojakovic,Al Jefferson,Damien Wilkins,Kevin Love,Ramon Sessions,Wayne Ellington,3,1:36,NOH,shot,Peja Stojakovic,,,,,,,,,Marcus Thornton,2,,,made,,driving layup,25,6
Chris Paul,Darius Songaila,Emeka Okafor,Marcus Thornton,Peja Stojakovic,Al Jefferson,Damien Wilkins,Kevin Love,Ramon Sessions,Wayne Ellington,3,1:15,MIN,shot,,,,,,,,,,Kevin Love,,,,missed,,jump,26,11
Chris Paul,Darius Songaila,Emeka Okafor,Marcus Thornton,Peja Stojakovic,Al Jefferson,Damien Wilkins,Kevin Love,Ramon Sessions,Wayne Ellington,3,1:14,NOH,rebound,,,,,,,,,,Darius Songaila,,,,,,def,,
Chris Paul,Darius Songaila,Emeka Okafor,Marcus Thornton,Peja Stojakovic,Al Jefferson,Damien Wilkins,Kevin Love,Ramon Sessions,Wayne Ellington,3,1:04,NOH,turnover,,,,,,,,,,Chris Paul,,,bad pass,,Al Jefferson,,,
Chris Paul,Darius Songaila,Emeka Okafor,Marcus Thornton,Peja Stojakovic,Al Jefferson,Damien Wilkins,Kevin Love,Ramon Sessions,Wayne Ellington,3,0:58,MIN,shot,Ramon Sessions,,,,,,,,,Wayne Ellington,2,,,made,,jump,41,7
Chris Paul,Darius Songaila,Emeka Okafor,Marcus Thornton,Peja Stojakovic,Al Jefferson,Damien Wilkins,Kevin Love,Ramon Sessions,Wayne Ellington,3,0:34,NOH,shot,,,,,,,,,,Marcus Thornton,,,,missed,,3pt,8,24
Chris Paul,Darius Songaila,Emeka Okafor,Marcus Thornton,Peja Stojakovic,Al Jefferson,Damien Wilkins,Kevin Love,Ramon Sessions,Wayne Ellington,3,0:33,MIN,rebound,,,,,,,,,,Al Jefferson,,,,,,def,,
Chris Paul,Darius Songaila,Emeka Okafor,Marcus Thornton,Peja Stojakovic,Al Jefferson,Damien Wilkins,Kevin Love,Ramon Sessions,Wayne Ellington,3,0:25,NOH,foul,,,,,,,,Kevin Love,,Darius Songaila,,,,,,personal,,
Chris Paul,Darius Songaila,Emeka Okafor,Marcus Thornton,Peja Stojakovic,Al Jefferson,Corey Brewer,Damien Wilkins,Kevin Love,Ramon Sessions,3,0:25,MIN,sub,,,,Corey Brewer,,Wayne Ellington,,,,,,,,,,,,
Chris Paul,Darius Songaila,Emeka Okafor,Marcus Thornton,Peja Stojakovic,Al Jefferson,Corey Brewer,Damien Wilkins,Kevin Love,Ramon Sessions,3,0:25,MIN,free throw,,,,,,,1,,2,Kevin Love,,,foul,made,,,,
Chris Paul,Darius Songaila,Emeka Okafor,Marcus Thornton,Peja Stojakovic,Al Jefferson,Corey Brewer,Damien Wilkins,Kevin Love,Ramon Sessions,3,0:25,MIN,free throw,,,,,,,2,,2,Kevin Love,,,foul,missed,,,,
Chris Paul,Darius Songaila,Emeka Okafor,Marcus Thornton,Peja Stojakovic,Al Jefferson,Corey Brewer,Damien Wilkins,Kevin Love,Ramon Sessions,3,0:24,NOH,rebound,,,,,,,,,,Emeka Okafor,,,,,,def,,
Chris Paul,Darius Songaila,Emeka Okafor,Marcus Thornton,Peja Stojakovic,Al Jefferson,Corey Brewer,Damien Wilkins,Kevin Love,Ramon Sessions,3,0:06,MIN,foul,,,,,,,,Emeka Okafor,,Kevin Love,,,,,,shooting,,
Darius Songaila,Darren Collison,Emeka Okafor,Marcus Thornton,Peja Stojakovic,Al Jefferson,Corey Brewer,Damien Wilkins,Kevin Love,Ramon Sessions,3,0:06,NOH,sub,,,,Darren Collison,,Chris Paul,,,,,,,,,,,,
Darius Songaila,Darren Collison,Emeka Okafor,Marcus Thornton,Peja Stojakovic,Al Jefferson,Corey Brewer,Damien Wilkins,Kevin Love,Ramon Sessions,3,0:06,NOH,free throw,,,,,,,1,,2,Emeka Okafor,,,foul,made,,,,
Darius Songaila,Darren Collison,Emeka Okafor,Marcus Thornton,Peja Stojakovic,Al Jefferson,Corey Brewer,Kevin Love,Ramon Sessions,Wayne Ellington,3,0:06,MIN,sub,,,,Wayne Ellington,,Damien Wilkins,,,,,,,,,,,,
Darius Songaila,Darren Collison,Emeka Okafor,Marcus Thornton,Peja Stojakovic,Al Jefferson,Corey Brewer,Kevin Love,Ramon Sessions,Wayne Ellington,3,0:06,NOH,free throw,,,,,,,2,,2,Emeka Okafor,,,foul,missed,,,,
Darius Songaila,Darren Collison,Emeka Okafor,Marcus Thornton,Peja Stojakovic,Al Jefferson,Corey Brewer,Kevin Love,Ramon Sessions,Wayne Ellington,3,0:03,MIN,rebound,,,,,,,,,,Kevin Love,,,,,,def,,
Darius Songaila,Darren Collison,Emeka Okafor,Marcus Thornton,Peja Stojakovic,Al Jefferson,Corey Brewer,Kevin Love,Ramon Sessions,Wayne Ellington,3,0:01,MIN,shot,,,Emeka Okafor,,,,,,,Wayne Ellington,,,,missed,,layup,25,6
Darius Songaila,Darren Collison,Emeka Okafor,Marcus Thornton,Peja Stojakovic,Al Jefferson,Corey Brewer,Kevin Love,Ramon Sessions,Wayne Ellington,3,0:00,NOH,rebound,,,,,,,,,,Peja Stojakovic,,,,,,def,,
Darius Songaila,Darren Collison,James Posey,Marcus Thornton,Peja Stojakovic,Al Jefferson,Corey Brewer,Kevin Love,Ramon Sessions,Wayne Ellington,4,11:39,MIN,shot,Corey Brewer,,,,,,,,,Al Jefferson,2,,,made,,dunk,25,6
Darius Songaila,Darren Collison,James Posey,Marcus Thornton,Peja Stojakovic,Al Jefferson,Corey Brewer,Kevin Love,Ramon Sessions,Wayne Ellington,4,11:17,NOH,shot,Darren Collison,,,,,,,,,Peja Stojakovic,3,,,made,,3pt,7,26
Darius Songaila,Darren Collison,James Posey,Marcus Thornton,Peja Stojakovic,Al Jefferson,Corey Brewer,Kevin Love,Ramon Sessions,Wayne Ellington,4,11:17,MIN,foul,,,,,,,,James Posey,,Corey Brewer,,,,,,personal,,
Darius Songaila,Darren Collison,James Posey,Marcus Thornton,Peja Stojakovic,Al Jefferson,Corey Brewer,Kevin Love,Ramon Sessions,Wayne Ellington,4,11:17,NOH,free throw,,,,,,,1,,1,James Posey,,,foul,missed,,,,
Darius Songaila,Darren Collison,James Posey,Marcus Thornton,Peja Stojakovic,Al Jefferson,Corey Brewer,Kevin Love,Ramon Sessions,Wayne Ellington,4,11:16,MIN,rebound,,,,,,,,,,Wayne Ellington,,,,,,off,,
Darius Songaila,Darren Collison,James Posey,Marcus Thornton,Peja Stojakovic,Al Jefferson,Corey Brewer,Kevin Love,Ramon Sessions,Wayne Ellington,4,11:01,MIN,shot,Al Jefferson,,,,,,,,,Wayne Ellington,2,,,made,,layup,25,6
Darius Songaila,Darren Collison,James Posey,Marcus Thornton,Peja Stojakovic,Al Jefferson,Corey Brewer,Kevin Love,Ramon Sessions,Wayne Ellington,4,10:36,NOH,shot,,,,,,,,,,Peja Stojakovic,,,,missed,,jump,37,14
Darius Songaila,Darren Collison,James Posey,Marcus Thornton,Peja Stojakovic,Al Jefferson,Corey Brewer,Kevin Love,Ramon Sessions,Wayne Ellington,4,10:35,MIN,rebound,,,,,,,,,,Al Jefferson,,,,,,def,,
Darius Songaila,Darren Collison,James Posey,Marcus Thornton,Peja Stojakovic,Al Jefferson,Corey Brewer,Kevin Love,Ramon Sessions,Wayne Ellington,4,10:19,MIN,shot,,,,,,,,,,Al Jefferson,,,,missed,,jump,25,13
Darius Songaila,Darren Collison,James Posey,Marcus Thornton,Peja Stojakovic,Al Jefferson,Corey Brewer,Kevin Love,Ramon Sessions,Wayne Ellington,4,10:17,MIN,rebound,,,,,,,,,,Al Jefferson,,,,,,off,,
Darius Songaila,Darren Collison,James Posey,Marcus Thornton,Peja Stojakovic,Al Jefferson,Corey Brewer,Kevin Love,Ramon Sessions,Wayne Ellington,4,10:05,MIN,turnover,,,,,,,,,,Kevin Love,,,lost ball,,Darren Collison,,,
Darius Songaila,Darren Collison,James Posey,Marcus Thornton,Peja Stojakovic,Al Jefferson,Corey Brewer,Kevin Love,Ramon Sessions,Wayne Ellington,4,10:04,MIN,foul,,,,,,,,Darren Collison,,Ramon Sessions,,,,,,personal,,
Darius Songaila,Darren Collison,James Posey,Marcus Thornton,Peja Stojakovic,Al Jefferson,Corey Brewer,Kevin Love,Ramon Sessions,Wayne Ellington,4,9:50,NOH,shot,,,,,,,,,,Marcus Thornton,,,,missed,,jump,14,10
Darius Songaila,Darren Collison,James Posey,Marcus Thornton,Peja Stojakovic,Al Jefferson,Corey Brewer,Kevin Love,Ramon Sessions,Wayne Ellington,4,9:49,MIN,rebound,,,,,,,,,,Kevin Love,,,,,,def,,
Darius Songaila,Darren Collison,James Posey,Marcus Thornton,Peja Stojakovic,Al Jefferson,Corey Brewer,Kevin Love,Ramon Sessions,Wayne Ellington,4,9:41,MIN,shot,,,,,,,,,,Al Jefferson,,,,missed,,jump,38,14
Darius Songaila,Darren Collison,James Posey,Marcus Thornton,Peja Stojakovic,Al Jefferson,Corey Brewer,Kevin Love,Ramon Sessions,Wayne Ellington,4,9:40,MIN,rebound,,,,,,,,,,,,,,,,,,
Darius Songaila,Darren Collison,James Posey,Marcus Thornton,Peja Stojakovic,Al Jefferson,Corey Brewer,Kevin Love,Ramon Sessions,Wayne Ellington,4,9:40,NOH,foul,,,,,,,,Kevin Love,,James Posey,,,,,,personal,,
Darius Songaila,Darren Collison,James Posey,Marcus Thornton,Peja Stojakovic,Corey Brewer,Kevin Love,Ramon Sessions,Ryan Hollins,Wayne Ellington,4,9:40,MIN,sub,,,,Ryan Hollins,,Al Jefferson,,,,,,,,,,,,
Darius Songaila,Darren Collison,James Posey,Marcus Thornton,Peja Stojakovic,Corey Brewer,Kevin Love,Ramon Sessions,Ryan Hollins,Wayne Ellington,4,9:31,MIN,foul,,,,,,,,James Posey,,Ramon Sessions,,,,,,offensive,,
Darius Songaila,Darren Collison,James Posey,Marcus Thornton,Peja Stojakovic,Corey Brewer,Kevin Love,Ramon Sessions,Ryan Hollins,Wayne Ellington,4,9:31,MIN,turnover,,,,,,,,,,Ramon Sessions,,,foul,,,,,
Darius Songaila,Darren Collison,James Posey,Marcus Thornton,Peja Stojakovic,Corey Brewer,Kevin Love,Ramon Sessions,Ryan Hollins,Wayne Ellington,4,9:15,NOH,shot,Marcus Thornton,,,,,,,,,Darius Songaila,2,,,made,,jump,10,18
Darius Songaila,Darren Collison,James Posey,Marcus Thornton,Peja Stojakovic,Corey Brewer,Kevin Love,Ramon Sessions,Ryan Hollins,Wayne Ellington,4,8:55,MIN,shot,,,,,,,,,,Corey Brewer,,,,missed,,jump,4,12
Darius Songaila,Darren Collison,James Posey,Marcus Thornton,Peja Stojakovic,Corey Brewer,Kevin Love,Ramon Sessions,Ryan Hollins,Wayne Ellington,4,8:54,NOH,rebound,,,,,,,,,,Darius Songaila,,,,,,def,,
Darius Songaila,Darren Collison,James Posey,Marcus Thornton,Peja Stojakovic,Corey Brewer,Kevin Love,Ramon Sessions,Ryan Hollins,Wayne Ellington,4,8:39,MIN,foul,,,,,,,,Peja Stojakovic,,Ramon Sessions,,,,,,personal,,
Darius Songaila,Darren Collison,James Posey,Marcus Thornton,Peja Stojakovic,Corey Brewer,Kevin Love,Ramon Sessions,Ryan Hollins,Wayne Ellington,4,8:39,NOH,timeout,,,,,,,,,,,,,,,,,,
Chris Paul,Darius Songaila,Darren Collison,James Posey,Marcus Thornton,Corey Brewer,Kevin Love,Ramon Sessions,Ryan Hollins,Wayne Ellington,4,8:39,NOH,sub,,,,Chris Paul,,Peja Stojakovic,,,,,,,,,,,,
Chris Paul,Darius Songaila,Darren Collison,James Posey,Marcus Thornton,Corey Brewer,Jonny Flynn,Kevin Love,Ryan Hollins,Wayne Ellington,4,8:39,MIN,sub,,,,Jonny Flynn,,Ramon Sessions,,,,,,,,,,,,
Chris Paul,Darius Songaila,Darren Collison,James Posey,Marcus Thornton,Corey Brewer,Jonny Flynn,Kevin Love,Ryan Hollins,Wayne Ellington,4,8:25,NOH,shot,Chris Paul,,,,,,,,,Darius Songaila,2,,,made,,jump,24,13
Chris Paul,Darius Songaila,Darren Collison,James Posey,Marcus Thornton,Corey Brewer,Jonny Flynn,Kevin Love,Ryan Hollins,Wayne Ellington,4,8:10,MIN,foul,,,,,,,,James Posey,,Ryan Hollins,,,,,,offensive,,
Chris Paul,Darius Songaila,Darren Collison,James Posey,Marcus Thornton,Corey Brewer,Jonny Flynn,Kevin Love,Ryan Hollins,Wayne Ellington,4,8:10,MIN,turnover,,,,,,,,,,Ryan Hollins,,,foul,,,,,
Chris Paul,Darius Songaila,Darren Collison,James Posey,Marcus Thornton,Corey Brewer,Jonny Flynn,Kevin Love,Ryan Hollins,Wayne Ellington,4,8:00,NOH,shot,Chris Paul,,,,,,,,,James Posey,3,,,made,,3pt,49,12
Chris Paul,Darius Songaila,Darren Collison,James Posey,Marcus Thornton,Corey Brewer,Jonny Flynn,Kevin Love,Ryan Hollins,Wayne Ellington,4,7:42,MIN,shot,,,,,,,,,,Wayne Ellington,,,,missed,,jump,12,23
Chris Paul,Darius Songaila,Darren Collison,James Posey,Marcus Thornton,Corey Brewer,Jonny Flynn,Kevin Love,Ryan Hollins,Wayne Ellington,4,7:41,MIN,rebound,,,,,,,,,,Kevin Love,,,,,,off,,
Chris Paul,Darius Songaila,Darren Collison,James Posey,Marcus Thornton,Corey Brewer,Jonny Flynn,Kevin Love,Ryan Hollins,Wayne Ellington,4,7:41,NOH,foul,,,,,,,,Kevin Love,,James Posey,,,,,,loose ball,,
Chris Paul,Darius Songaila,Darren Collison,James Posey,Marcus Thornton,Corey Brewer,Jonny Flynn,Kevin Love,Ryan Gomes,Wayne Ellington,4,7:41,MIN,sub,,,,Ryan Gomes,,Ryan Hollins,,,,,,,,,,,,
Chris Paul,Darius Songaila,Darren Collison,James Posey,Marcus Thornton,Corey Brewer,Jonny Flynn,Kevin Love,Ryan Gomes,Wayne Ellington,4,7:23,MIN,foul,,,,,,,,James Posey,,Corey Brewer,,,,,,offensive,,
Chris Paul,Darius Songaila,Darren Collison,James Posey,Marcus Thornton,Corey Brewer,Jonny Flynn,Kevin Love,Ryan Gomes,Wayne Ellington,4,7:23,MIN,turnover,,,,,,,,,,Corey Brewer,,,foul,,,,,
Chris Paul,Darius Songaila,Darren Collison,James Posey,Marcus Thornton,Corey Brewer,Jonny Flynn,Kevin Love,Ryan Gomes,Wayne Ellington,4,7:04,NOH,shot,Darren Collison,,,,,,,,,Marcus Thornton,3,,,made,,3pt,3,18
Chris Paul,Darius Songaila,Darren Collison,James Posey,Marcus Thornton,Corey Brewer,Jonny Flynn,Kevin Love,Ryan Gomes,Wayne Ellington,4,7:03,MIN,timeout,,,,,,,,,,,,,,,,regular,,
Chris Paul,Darius Songaila,Darren Collison,James Posey,Marcus Thornton,Al Jefferson,Corey Brewer,Jonny Flynn,Ryan Gomes,Wayne Ellington,4,7:03,MIN,sub,,,,Al Jefferson,,Kevin Love,,,,,,,,,,,,
Chris Paul,Darius Songaila,Darren Collison,James Posey,Marcus Thornton,Al Jefferson,Corey Brewer,Jonny Flynn,Ryan Gomes,Wayne Ellington,4,6:49,MIN,shot,Corey Brewer,,,,,,,,,Ryan Gomes,2,,,made,,layup,25,6
Chris Paul,Darius Songaila,Darren Collison,James Posey,Marcus Thornton,Al Jefferson,Corey Brewer,Jonny Flynn,Ryan Gomes,Wayne Ellington,4,6:32,NOH,shot,,,,,,,,,,Darius Songaila,,,,missed,,jump,46,9
Chris Paul,Darius Songaila,Darren Collison,James Posey,Marcus Thornton,Al Jefferson,Corey Brewer,Jonny Flynn,Ryan Gomes,Wayne Ellington,4,6:31,MIN,rebound,,,,,,,,,,Corey Brewer,,,,,,def,,
Chris Paul,Darius Songaila,Darren Collison,James Posey,Marcus Thornton,Al Jefferson,Corey Brewer,Jonny Flynn,Ryan Gomes,Wayne Ellington,4,6:25,NOH,foul,,,,,,,,Jonny Flynn,,Darius Songaila,,,,,,shooting,,
Chris Paul,Darius Songaila,Darren Collison,James Posey,Marcus Thornton,Al Jefferson,Corey Brewer,Jonny Flynn,Ryan Gomes,Wayne Ellington,4,6:25,MIN,free throw,,,,,,,1,,2,Jonny Flynn,,,foul,missed,,,,
Chris Paul,Darius Songaila,Darren Collison,James Posey,Marcus Thornton,Al Jefferson,Corey Brewer,Jonny Flynn,Ryan Gomes,Wayne Ellington,4,6:25,MIN,rebound,,,,,,,,,,,,,,,,,,
Chris Paul,Darius Songaila,Darren Collison,James Posey,Marcus Thornton,Al Jefferson,Corey Brewer,Jonny Flynn,Ryan Gomes,Wayne Ellington,4,6:25,MIN,free throw,,,,,,,2,,2,Jonny Flynn,,,foul,made,,,,
Chris Paul,Darius Songaila,Darren Collison,James Posey,Marcus Thornton,Al Jefferson,Corey Brewer,Jonny Flynn,Ryan Gomes,Wayne Ellington,4,6:03,NOH,shot,,,,,,,,,,Chris Paul,,,,missed,,3pt,25,31
Chris Paul,Darius Songaila,Darren Collison,James Posey,Marcus Thornton,Al Jefferson,Corey Brewer,Jonny Flynn,Ryan Gomes,Wayne Ellington,4,6:01,MIN,rebound,,,,,,,,,,Ryan Gomes,,,,,,def,,
Chris Paul,Darius Songaila,Darren Collison,James Posey,Marcus Thornton,Al Jefferson,Corey Brewer,Jonny Flynn,Ryan Gomes,Wayne Ellington,4,5:48,MIN,shot,,,,,,,,,,Wayne Ellington,,,,missed,,3pt,16,30
Chris Paul,Darius Songaila,Darren Collison,James Posey,Marcus Thornton,Al Jefferson,Corey Brewer,Jonny Flynn,Ryan Gomes,Wayne Ellington,4,5:47,MIN,rebound,,,,,,,,,,Al Jefferson,,,,,,off,,
Chris Paul,Darius Songaila,Darren Collison,James Posey,Marcus Thornton,Al Jefferson,Corey Brewer,Jonny Flynn,Ryan Gomes,Wayne Ellington,4,5:30,NOH,foul,,,,,,,,Corey Brewer,,Marcus Thornton,,,,,,shooting,,
Chris Paul,Darius Songaila,Darren Collison,James Posey,Marcus Thornton,Al Jefferson,Corey Brewer,Jonny Flynn,Ryan Gomes,Wayne Ellington,4,5:30,MIN,free throw,,,,,,,1,,2,Corey Brewer,,,foul,missed,,,,
Chris Paul,Darius Songaila,Darren Collison,James Posey,Marcus Thornton,Al Jefferson,Corey Brewer,Jonny Flynn,Ryan Gomes,Wayne Ellington,4,5:30,MIN,rebound,,,,,,,,,,,,,,,,,,
Chris Paul,Darius Songaila,Darren Collison,James Posey,Peja Stojakovic,Al Jefferson,Corey Brewer,Jonny Flynn,Ryan Gomes,Wayne Ellington,4,5:30,NOH,sub,,,,Peja Stojakovic,,Marcus Thornton,,,,,,,,,,,,
Chris Paul,Darius Songaila,Darren Collison,James Posey,Peja Stojakovic,Al Jefferson,Corey Brewer,Jonny Flynn,Ryan Gomes,Wayne Ellington,4,5:30,MIN,free throw,,,,,,,2,,2,Corey Brewer,,,foul,made,,,,
Chris Paul,Darius Songaila,Darren Collison,James Posey,Peja Stojakovic,Al Jefferson,Corey Brewer,Jonny Flynn,Ryan Gomes,Wayne Ellington,4,5:18,NOH,shot,,,,,,,,,,Darren Collison,2,,,made,,floating jump,18,8
Chris Paul,Darius Songaila,Darren Collison,James Posey,Peja Stojakovic,Al Jefferson,Corey Brewer,Jonny Flynn,Ryan Gomes,Wayne Ellington,4,4:51,MIN,shot,,,,,,,,,,Corey Brewer,,,,missed,,jump,44,9
Chris Paul,Darius Songaila,Darren Collison,James Posey,Peja Stojakovic,Al Jefferson,Corey Brewer,Jonny Flynn,Ryan Gomes,Wayne Ellington,4,4:50,MIN,rebound,,,,,,,,,,Wayne Ellington,,,,,,off,,
Chris Paul,Darius Songaila,Darren Collison,James Posey,Peja Stojakovic,Al Jefferson,Corey Brewer,Jonny Flynn,Ryan Gomes,Wayne Ellington,4,4:25,MIN,turnover,,,,,,,,,,,,,shot clock turnover,,,,,
Chris Paul,Darius Songaila,Darren Collison,James Posey,Peja Stojakovic,Al Jefferson,Corey Brewer,Jonny Flynn,Ryan Gomes,Wayne Ellington,4,3:59,NOH,shot,,,,,,,,,,Darren Collison,2,,,made,,driving layup,25,6
Chris Paul,Darius Songaila,Darren Collison,James Posey,Peja Stojakovic,Al Jefferson,Corey Brewer,Jonny Flynn,Ryan Gomes,Wayne Ellington,4,3:39,NOH,foul,,,,,,,,Jonny Flynn,,Darius Songaila,,,,,,shooting,,
Chris Paul,Darius Songaila,Darren Collison,James Posey,Peja Stojakovic,Al Jefferson,Corey Brewer,Jonny Flynn,Ryan Gomes,Wayne Ellington,4,3:39,MIN,free throw,,,,,,,1,,2,Jonny Flynn,,,foul,made,,,,
Chris Paul,Darius Songaila,Darren Collison,James Posey,Peja Stojakovic,Al Jefferson,Corey Brewer,Jonny Flynn,Kevin Love,Ryan Gomes,4,3:39,MIN,sub,,,,Kevin Love,,Wayne Ellington,,,,,,,,,,,,
Chris Paul,Darren Collison,David West,James Posey,Peja Stojakovic,Al Jefferson,Corey Brewer,Jonny Flynn,Kevin Love,Ryan Gomes,4,3:39,NOH,sub,,,,David West,,Darius Songaila,,,,,,,,,,,,
Chris Paul,Darren Collison,David West,James Posey,Peja Stojakovic,Al Jefferson,Corey Brewer,Jonny Flynn,Kevin Love,Ryan Gomes,4,3:39,MIN,free throw,,,,,,,2,,2,Jonny Flynn,,,foul,made,,,,
Chris Paul,Darren Collison,David West,James Posey,Peja Stojakovic,Al Jefferson,Corey Brewer,Jonny Flynn,Kevin Love,Ryan Gomes,4,3:20,NOH,shot,,,,,,,,,,James Posey,,,,missed,,3pt,26,30
Chris Paul,Darren Collison,David West,James Posey,Peja Stojakovic,Al Jefferson,Corey Brewer,Jonny Flynn,Kevin Love,Ryan Gomes,4,3:19,NOH,rebound,,,,,,,,,,Darren Collison,,,,,,off,,
Chris Paul,Darren Collison,David West,James Posey,Peja Stojakovic,Al Jefferson,Corey Brewer,Jonny Flynn,Kevin Love,Ryan Gomes,4,3:07,NOH,shot,,,Kevin Love,,,,,,,Darren Collison,,,,missed,,layup,25,6
Chris Paul,Darren Collison,David West,James Posey,Peja Stojakovic,Al Jefferson,Corey Brewer,Jonny Flynn,Kevin Love,Ryan Gomes,4,3:06,MIN,rebound,,,,,,,,,,,,,,,,,,
Chris Paul,Darren Collison,David West,James Posey,Peja Stojakovic,Al Jefferson,Corey Brewer,Jonny Flynn,Kevin Love,Ryan Gomes,4,2:49,MIN,shot,,,,,,,,,,Ryan Gomes,,,,missed,,jump,28,9
Chris Paul,Darren Collison,David West,James Posey,Peja Stojakovic,Al Jefferson,Corey Brewer,Jonny Flynn,Kevin Love,Ryan Gomes,4,2:48,MIN,rebound,,,,,,,,,,Kevin Love,,,,,,off,,
Chris Paul,Darren Collison,David West,James Posey,Peja Stojakovic,Al Jefferson,Corey Brewer,Jonny Flynn,Kevin Love,Ryan Gomes,4,2:47,MIN,shot,,,,,,,,,,Kevin Love,2,,,made,,layup,25,6
Chris Paul,Darren Collison,David West,James Posey,Peja Stojakovic,Al Jefferson,Corey Brewer,Jonny Flynn,Kevin Love,Ryan Gomes,4,2:34,NOH,timeout,,,,,,,,,,,,,,,,regular,,
Chris Paul,Darren Collison,David West,James Posey,Peja Stojakovic,Al Jefferson,Corey Brewer,Jonny Flynn,Kevin Love,Ryan Gomes,4,2:23,NOH,shot,,,,,,,,,,David West,,,,missed,,jump,23,9
Chris Paul,Darren Collison,David West,James Posey,Peja Stojakovic,Al Jefferson,Corey Brewer,Jonny Flynn,Kevin Love,Ryan Gomes,4,2:22,MIN,rebound,,,,,,,,,,Al Jefferson,,,,,,def,,
Chris Paul,Darren Collison,David West,James Posey,Peja Stojakovic,Al Jefferson,Corey Brewer,Jonny Flynn,Kevin Love,Ryan Gomes,4,2:07,NOH,foul,,,,,,,,Al Jefferson,,David West,,,,,,shooting,,
Chris Paul,Darren Collison,David West,James Posey,Peja Stojakovic,Al Jefferson,Corey Brewer,Jonny Flynn,Kevin Love,Ryan Gomes,4,2:07,MIN,free throw,,,,,,,1,,2,Al Jefferson,,,foul,made,,,,
Chris Paul,David West,Emeka Okafor,James Posey,Peja Stojakovic,Al Jefferson,Corey Brewer,Jonny Flynn,Kevin Love,Ryan Gomes,4,2:07,NOH,sub,,,,Emeka Okafor,,Darren Collison,,,,,,,,,,,,
Chris Paul,David West,Emeka Okafor,James Posey,Peja Stojakovic,Al Jefferson,Corey Brewer,Jonny Flynn,Kevin Love,Ryan Gomes,4,2:07,MIN,free throw,,,,,,,2,,2,Al Jefferson,,,foul,missed,,,,
Chris Paul,David West,Emeka Okafor,James Posey,Peja Stojakovic,Al Jefferson,Corey Brewer,Jonny Flynn,Kevin Love,Ryan Gomes,4,2:05,MIN,rebound,,,,,,,,,,Kevin Love,,,,,,off,,
Chris Paul,David West,Emeka Okafor,James Posey,Peja Stojakovic,Al Jefferson,Corey Brewer,Jonny Flynn,Kevin Love,Ryan Gomes,4,1:47,MIN,turnover,,,,,,,,,,Corey Brewer,,,lost ball,,James Posey,,,
Chris Paul,David West,Emeka Okafor,James Posey,Peja Stojakovic,Al Jefferson,Corey Brewer,Jonny Flynn,Kevin Love,Ryan Gomes,4,1:42,NOH,turnover,,,,,,,,,,Peja Stojakovic,,,lost ball,,Jonny Flynn,,,
Chris Paul,David West,Emeka Okafor,James Posey,Peja Stojakovic,Al Jefferson,Corey Brewer,Jonny Flynn,Kevin Love,Ryan Gomes,4,1:18,MIN,shot,,,,,,,,,,Jonny Flynn,,,,missed,,jump,18,26
Chris Paul,David West,Emeka Okafor,James Posey,Peja Stojakovic,Al Jefferson,Corey Brewer,Jonny Flynn,Kevin Love,Ryan Gomes,4,1:17,MIN,rebound,,,,,,,,,,,,,,,,,,
Chris Paul,David West,Emeka Okafor,James Posey,Peja Stojakovic,Al Jefferson,Corey Brewer,Jonny Flynn,Kevin Love,Ryan Gomes,4,1:17,MIN,turnover,,,,,,,,,,,,,shot clock turnover,,,,,
Chris Paul,David West,Emeka Okafor,James Posey,Peja Stojakovic,Al Jefferson,Corey Brewer,Jonny Flynn,Kevin Love,Ryan Gomes,4,0:56,NOH,shot,,,,,,,,,,James Posey,,,,missed,,3pt,49,13
Chris Paul,David West,Emeka Okafor,James Posey,Peja Stojakovic,Al Jefferson,Corey Brewer,Jonny Flynn,Kevin Love,Ryan Gomes,4,0:55,MIN,rebound,,,,,,,,,,Corey Brewer,,,,,,def,,
Chris Paul,David West,Emeka Okafor,James Posey,Peja Stojakovic,Al Jefferson,Corey Brewer,Jonny Flynn,Kevin Love,Ryan Gomes,4,0:34,MIN,shot,,,,,,,,,,Jonny Flynn,,,,missed,,jump,17,10
Chris Paul,David West,Emeka Okafor,James Posey,Peja Stojakovic,Al Jefferson,Corey Brewer,Jonny Flynn,Kevin Love,Ryan Gomes,4,0:33,MIN,rebound,,,,,,,,,,Ryan Gomes,,,,,,off,,
Chris Paul,David West,Emeka Okafor,James Posey,Peja Stojakovic,Al Jefferson,Corey Brewer,Jonny Flynn,Kevin Love,Ryan Gomes,4,0:10,MIN,shot,,,,,,,,,,Ryan Gomes,,,,missed,,jump,20,10
Chris Paul,David West,Emeka Okafor,James Posey,Peja Stojakovic,Al Jefferson,Corey Brewer,Jonny Flynn,Kevin Love,Ryan Gomes,4,0:07,NOH,rebound,,,,,,,,,,James Posey,,,,,,def,,
Chris Paul,David West,Emeka Okafor,James Posey,Peja Stojakovic,Al Jefferson,Corey Brewer,Jonny Flynn,Kevin Love,Ryan Gomes,4,0:05,NOH,timeout,,,,,,,,,,,,,,,,regular,,
Chris Paul,David West,Emeka Okafor,James Posey,Peja Stojakovic,Al Jefferson,Corey Brewer,Jonny Flynn,Kevin Love,Ryan Gomes,4,0:05,NOH,timeout,,,,,,,,,,,,,,,,short,,
Chris Paul,David West,Emeka Okafor,James Posey,Peja Stojakovic,Corey Brewer,Damien Wilkins,Jonny Flynn,Kevin Love,Ryan Gomes,4,0:05,MIN,sub,,,,Damien Wilkins,,Al Jefferson,,,,,,,,,,,,
Chris Paul,David West,Emeka Okafor,James Posey,Peja Stojakovic,Corey Brewer,Damien Wilkins,Jonny Flynn,Kevin Love,Ryan Gomes,4,0:03,MIN,foul,,,,,,,,Chris Paul,,Ryan Gomes,,,,,,personal,,
Chris Paul,David West,Emeka Okafor,James Posey,Peja Stojakovic,Corey Brewer,Damien Wilkins,Jonny Flynn,Kevin Love,Ryan Gomes,4,0:03,NOH,timeout,,,,,,,,,,,,,,,,short,,
Chris Paul,David West,Emeka Okafor,James Posey,Peja Stojakovic,Corey Brewer,Damien Wilkins,Jonny Flynn,Kevin Love,Ryan Gomes,4,0:01,NOH,shot,David West,,,,,,,,,Chris Paul,2,,,made,,layup,25,6
Chris Paul,David West,Emeka Okafor,James Posey,Peja Stojakovic,Corey Brewer,Damien Wilkins,Jonny Flynn,Kevin Love,Ryan Gomes,4,0:01,MIN,timeout,,,,,,,,,,,,,,,,regular,,
Chris Paul,David West,Emeka Okafor,James Posey,Peja Stojakovic,Damien Wilkins,Jonny Flynn,Kevin Love,Ryan Gomes,Wayne Ellington,4,0:01,MIN,sub,,,,Wayne Ellington,,Corey Brewer,,,,,,,,,,,,
Chris Paul,Darren Collison,David West,Emeka Okafor,James Posey,Damien Wilkins,Jonny Flynn,Kevin Love,Ryan Gomes,Wayne Ellington,4,0:01,NOH,sub,,,,Darren Collison,,Peja Stojakovic,,,,,,,,,,,,
Chris Paul,Darius Songaila,Darren Collison,David West,James Posey,Damien Wilkins,Jonny Flynn,Kevin Love,Ryan Gomes,Wayne Ellington,4,0:01,NOH,sub,,,,Darius Songaila,,Emeka Okafor,,,,,,,,,,,,
Chris Paul,Darius Songaila,Darren Collison,David West,James Posey,Damien Wilkins,Jonny Flynn,Kevin Love,Ryan Gomes,Wayne Ellington,4,0:00,MIN,shot,,,,,,,,,,Wayne Ellington,,,,missed,,3pt,12,31
Chris Paul,Darius Songaila,Darren Collison,David West,James Posey,Damien Wilkins,Jonny Flynn,Kevin Love,Ryan Gomes,Wayne Ellington,4,0:00,MIN,rebound,,,,,,,,,,,,,,,,,,
