a1,a2,a3,a4,a5,h1,h2,h3,h4,h5,period,time,team,etype,assist,away,block,entered,home,left,num,opponent,outof,player,points,possession,reason,result,steal,type,x,y
Carlos Arroyo,Dwyane Wade,Jermaine O'Neal,Michael Beasley,Quentin Richardson,Chris Duhon,Danilo Gallinari,David Lee,Jared Jeffries,Wilson Chandler,1,12:00,OFF,jump ball,,Jermaine O'Neal,,,Jared Jeffries,,,,,,,David Lee,,,,,,
Carlos Arroyo,Dwyane Wade,Jermaine O'Neal,Michael Beasley,Quentin Richardson,Chris Duhon,Danilo Gallinari,David Lee,Jared Jeffries,Wilson Chandler,1,11:48,NYK,shot,,,,,,,,,,Danilo Gallinari,,,,missed,,3pt,10,26
Carlos Arroyo,Dwyane Wade,Jermaine O'Neal,Michael Beasley,Quentin Richardson,Chris Duhon,Danilo Gallinari,David Lee,Jared Jeffries,Wilson Chandler,1,11:46,MIA,rebound,,,,,,,,,,Carlos Arroyo,,,,,,def,,
Carlos Arroyo,Dwyane Wade,Jermaine O'Neal,Michael Beasley,Quentin Richardson,Chris Duhon,Danilo Gallinari,David Lee,Jared Jeffries,Wilson Chandler,1,11:32,MIA,shot,,,Jared Jeffries,,,,,,,Jermaine O'Neal,,,,missed,,jump,34,6
Carlos Arroyo,Dwyane Wade,Jermaine O'Neal,Michael Beasley,Quentin Richardson,Chris Duhon,Danilo Gallinari,David Lee,Jared Jeffries,Wilson Chandler,1,11:31,MIA,rebound,,,,,,,,,,,,,,,,,,
Carlos Arroyo,Dwyane Wade,Jermaine O'Neal,Michael Beasley,Quentin Richardson,Chris Duhon,Danilo Gallinari,David Lee,Jared Jeffries,Wilson Chandler,1,11:28,MIA,shot,,,,,,,,,,Dwyane Wade,,,,missed,,jump,43,2
Carlos Arroyo,Dwyane Wade,Jermaine O'Neal,Michael Beasley,Quentin Richardson,Chris Duhon,Danilo Gallinari,David Lee,Jared Jeffries,Wilson Chandler,1,11:26,NYK,rebound,,,,,,,,,,David Lee,,,,,,def,,
Carlos Arroyo,Dwyane Wade,Jermaine O'Neal,Michael Beasley,Quentin Richardson,Chris Duhon,Danilo Gallinari,David Lee,Jared Jeffries,Wilson Chandler,1,11:17,NYK,shot,,,,,,,,,,David Lee,2,,,made,,driving layup,25,6
Carlos Arroyo,Dwyane Wade,Jermaine O'Neal,Michael Beasley,Quentin Richardson,Chris Duhon,Danilo Gallinari,David Lee,Jared Jeffries,Wilson Chandler,1,10:57,MIA,shot,,,,,,,,,,Michael Beasley,,,,missed,,3pt,7,23
Carlos Arroyo,Dwyane Wade,Jermaine O'Neal,Michael Beasley,Quentin Richardson,Chris Duhon,Danilo Gallinari,David Lee,Jared Jeffries,Wilson Chandler,1,10:55,NYK,rebound,,,,,,,,,,David Lee,,,,,,def,,
Carlos Arroyo,Dwyane Wade,Jermaine O'Neal,Michael Beasley,Quentin Richardson,Chris Duhon,Danilo Gallinari,David Lee,Jared Jeffries,Wilson Chandler,1,10:53,NYK,turnover,,,,,,,,,,David Lee,,,lost ball,,Dwyane Wade,,,
Carlos Arroyo,Dwyane Wade,Jermaine O'Neal,Michael Beasley,Quentin Richardson,Chris Duhon,Danilo Gallinari,David Lee,Jared Jeffries,Wilson Chandler,1,10:35,MIA,shot,,,Jared Jeffries,,,,,,,Michael Beasley,,,,missed,,jump,14,4
Carlos Arroyo,Dwyane Wade,Jermaine O'Neal,Michael Beasley,Quentin Richardson,Chris Duhon,Danilo Gallinari,David Lee,Jared Jeffries,Wilson Chandler,1,10:33,NYK,rebound,,,,,,,,,,Danilo Gallinari,,,,,,def,,
Carlos Arroyo,Dwyane Wade,Jermaine O'Neal,Michael Beasley,Quentin Richardson,Chris Duhon,Danilo Gallinari,David Lee,Jared Jeffries,Wilson Chandler,1,10:17,NYK,foul,,,,,,,,Jermaine O'Neal,,Wilson Chandler,,,,,,offensive,,
Carlos Arroyo,Dwyane Wade,Jermaine O'Neal,Michael Beasley,Quentin Richardson,Chris Duhon,Danilo Gallinari,David Lee,Jared Jeffries,Wilson Chandler,1,10:17,NYK,turnover,,,,,,,,,,Wilson Chandler,,,foul,,,,,
Carlos Arroyo,Dwyane Wade,Jermaine O'Neal,Michael Beasley,Quentin Richardson,Chris Duhon,Danilo Gallinari,David Lee,Jared Jeffries,Wilson Chandler,1,10:04,MIA,shot,,,,,,,,,,Quentin Richardson,2,,,made,,layup,25,6
Carlos Arroyo,Dwyane Wade,Jermaine O'Neal,Michael Beasley,Quentin Richardson,Chris Duhon,Danilo Gallinari,David Lee,Jared Jeffries,Wilson Chandler,1,9:47,NYK,shot,,,,,,,,,,Danilo Gallinari,,,,missed,,3pt,5,20
Carlos Arroyo,Dwyane Wade,Jermaine O'Neal,Michael Beasley,Quentin Richardson,Chris Duhon,Danilo Gallinari,David Lee,Jared Jeffries,Wilson Chandler,1,9:45,MIA,rebound,,,,,,,,,,Carlos Arroyo,,,,,,def,,
Carlos Arroyo,Dwyane Wade,Jermaine O'Neal,Michael Beasley,Quentin Richardson,Chris Duhon,Danilo Gallinari,David Lee,Jared Jeffries,Wilson Chandler,1,9:33,MIA,shot,,,,,,,,,,Quentin Richardson,,,,missed,,3pt,48,7
Carlos Arroyo,Dwyane Wade,Jermaine O'Neal,Michael Beasley,Quentin Richardson,Chris Duhon,Danilo Gallinari,David Lee,Jared Jeffries,Wilson Chandler,1,9:31,NYK,rebound,,,,,,,,,,David Lee,,,,,,def,,
Carlos Arroyo,Dwyane Wade,Jermaine O'Neal,Michael Beasley,Quentin Richardson,Chris Duhon,Danilo Gallinari,David Lee,Jared Jeffries,Wilson Chandler,1,9:08,NYK,shot,,,,,,,,,,Wilson Chandler,,,,missed,,jump,41,9
Carlos Arroyo,Dwyane Wade,Jermaine O'Neal,Michael Beasley,Quentin Richardson,Chris Duhon,Danilo Gallinari,David Lee,Jared Jeffries,Wilson Chandler,1,9:06,NYK,rebound,,,,,,,,,,Jared Jeffries,,,,,,off,,
Carlos Arroyo,Dwyane Wade,Jermaine O'Neal,Michael Beasley,Quentin Richardson,Chris Duhon,Danilo Gallinari,David Lee,Jared Jeffries,Wilson Chandler,1,9:05,NYK,shot,,,,,,,,,,Jared Jeffries,2,,,made,,layup,25,6
Carlos Arroyo,Dwyane Wade,Jermaine O'Neal,Michael Beasley,Quentin Richardson,Chris Duhon,Danilo Gallinari,David Lee,Jared Jeffries,Wilson Chandler,1,9:05,MIA,foul,,,,,,,,Jared Jeffries,,Michael Beasley,,,,,,shooting,,
Carlos Arroyo,Dwyane Wade,Jermaine O'Neal,Michael Beasley,Quentin Richardson,Chris Duhon,Danilo Gallinari,David Lee,Jared Jeffries,Wilson Chandler,1,9:05,NYK,free throw,,,,,,,1,,1,Jared Jeffries,,,foul,missed,,,,
Carlos Arroyo,Dwyane Wade,Jermaine O'Neal,Michael Beasley,Quentin Richardson,Chris Duhon,Danilo Gallinari,David Lee,Jared Jeffries,Wilson Chandler,1,9:02,MIA,rebound,,,,,,,,,,Carlos Arroyo,,,,,,def,,
Carlos Arroyo,Dwyane Wade,Jermaine O'Neal,Michael Beasley,Quentin Richardson,Chris Duhon,Danilo Gallinari,David Lee,Jared Jeffries,Wilson Chandler,1,8:47,MIA,shot,Quentin Richardson,,,,,,,,,Michael Beasley,2,,,made,,layup,25,6
Carlos Arroyo,Dwyane Wade,Jermaine O'Neal,Michael Beasley,Quentin Richardson,Chris Duhon,Danilo Gallinari,David Lee,Jared Jeffries,Wilson Chandler,1,8:27,MIA,foul,,,,,,,,Jared Jeffries,,Jermaine O'Neal,,,,,,shooting,,
Carlos Arroyo,Dwyane Wade,Jermaine O'Neal,Michael Beasley,Quentin Richardson,Chris Duhon,Danilo Gallinari,David Lee,Jared Jeffries,Wilson Chandler,1,8:27,NYK,free throw,,,,,,,1,,2,Jared Jeffries,,,foul,missed,,,,
Carlos Arroyo,Dwyane Wade,Jermaine O'Neal,Michael Beasley,Quentin Richardson,Chris Duhon,Danilo Gallinari,David Lee,Jared Jeffries,Wilson Chandler,1,8:27,NYK,rebound,,,,,,,,,,,,,,,,,,
Carlos Arroyo,Dwyane Wade,Jermaine O'Neal,Michael Beasley,Quentin Richardson,Chris Duhon,Danilo Gallinari,David Lee,Jared Jeffries,Wilson Chandler,1,8:27,NYK,free throw,,,,,,,2,,2,Jared Jeffries,,,foul,made,,,,
Carlos Arroyo,Dwyane Wade,Jermaine O'Neal,Michael Beasley,Quentin Richardson,Chris Duhon,Danilo Gallinari,David Lee,Jared Jeffries,Wilson Chandler,1,8:17,MIA,shot,,,,,,,,,,Carlos Arroyo,,,,missed,,jump,11,18
Carlos Arroyo,Dwyane Wade,Jermaine O'Neal,Michael Beasley,Quentin Richardson,Chris Duhon,Danilo Gallinari,David Lee,Jared Jeffries,Wilson Chandler,1,8:15,NYK,rebound,,,,,,,,,,,,,,,,,,
Carlos Arroyo,Dwyane Wade,Jermaine O'Neal,Michael Beasley,Quentin Richardson,Chris Duhon,Danilo Gallinari,David Lee,Jared Jeffries,Wilson Chandler,1,8:04,NYK,shot,David Lee,,,,,,,,,Chris Duhon,3,,,made,,3pt,3,20
Carlos Arroyo,Dwyane Wade,Jermaine O'Neal,Michael Beasley,Quentin Richardson,Chris Duhon,Danilo Gallinari,David Lee,Jared Jeffries,Wilson Chandler,1,7:49,NYK,foul,,,,,,,,Jermaine O'Neal,,David Lee,,,,,,personal,,
Carlos Arroyo,Dwyane Wade,Jermaine O'Neal,Michael Beasley,Quentin Richardson,Chris Duhon,Danilo Gallinari,David Lee,Jared Jeffries,Wilson Chandler,1,7:42,MIA,shot,,,,,,,,,,Jermaine O'Neal,2,,,made,,jump,37,11
Carlos Arroyo,Dwyane Wade,Jermaine O'Neal,Michael Beasley,Quentin Richardson,Chris Duhon,Danilo Gallinari,David Lee,Jared Jeffries,Wilson Chandler,1,7:26,MIA,foul,,,,,,,,Danilo Gallinari,,Quentin Richardson,,,,,,personal,,
Carlos Arroyo,Dwyane Wade,Jermaine O'Neal,Michael Beasley,Quentin Richardson,Chris Duhon,Danilo Gallinari,David Lee,Jared Jeffries,Wilson Chandler,1,7:21,NYK,shot,,,,,,,,,,Danilo Gallinari,,,,missed,,3pt,43,22
Carlos Arroyo,Dwyane Wade,Jermaine O'Neal,Michael Beasley,Quentin Richardson,Chris Duhon,Danilo Gallinari,David Lee,Jared Jeffries,Wilson Chandler,1,7:19,MIA,rebound,,,,,,,,,,Michael Beasley,,,,,,def,,
Carlos Arroyo,Dwyane Wade,Jermaine O'Neal,Michael Beasley,Quentin Richardson,Chris Duhon,Danilo Gallinari,David Lee,Jared Jeffries,Wilson Chandler,1,7:05,MIA,shot,,,,,,,,,,Dwyane Wade,3,,,made,,3pt,40,26
Carlos Arroyo,Dwyane Wade,Jermaine O'Neal,Michael Beasley,Quentin Richardson,Chris Duhon,Danilo Gallinari,David Lee,Jared Jeffries,Wilson Chandler,1,6:49,NYK,shot,,,,,,,,,,David Lee,,,,missed,,jump,13,17
Carlos Arroyo,Dwyane Wade,Jermaine O'Neal,Michael Beasley,Quentin Richardson,Chris Duhon,Danilo Gallinari,David Lee,Jared Jeffries,Wilson Chandler,1,6:47,MIA,rebound,,,,,,,,,,Carlos Arroyo,,,,,,def,,
Carlos Arroyo,Dwyane Wade,Jermaine O'Neal,Michael Beasley,Quentin Richardson,Chris Duhon,Danilo Gallinari,David Lee,Jared Jeffries,Wilson Chandler,1,6:34,MIA,shot,,,,,,,,,,Quentin Richardson,,,,missed,,3pt,44,21
Carlos Arroyo,Dwyane Wade,Jermaine O'Neal,Michael Beasley,Quentin Richardson,Chris Duhon,Danilo Gallinari,David Lee,Jared Jeffries,Wilson Chandler,1,6:32,NYK,rebound,,,,,,,,,,Jared Jeffries,,,,,,def,,
Carlos Arroyo,Dwyane Wade,Jermaine O'Neal,Michael Beasley,Quentin Richardson,Chris Duhon,Danilo Gallinari,David Lee,Jared Jeffries,Wilson Chandler,1,6:12,NYK,turnover,,,,,,,,,,Chris Duhon,,,bad pass,,,,,
Carlos Arroyo,Dwyane Wade,Jermaine O'Neal,Michael Beasley,Quentin Richardson,Chris Duhon,Danilo Gallinari,David Lee,Jared Jeffries,Wilson Chandler,1,5:51,MIA,shot,Jermaine O'Neal,,,,,,,,,Carlos Arroyo,2,,,made,,jump,39,8
Carlos Arroyo,Dwyane Wade,Jermaine O'Neal,Michael Beasley,Quentin Richardson,Chris Duhon,Danilo Gallinari,David Lee,Jared Jeffries,Wilson Chandler,1,5:42,NYK,shot,,,,,,,,,,Chris Duhon,,,,missed,,3pt,44,21
Carlos Arroyo,Dwyane Wade,Jermaine O'Neal,Michael Beasley,Quentin Richardson,Chris Duhon,Danilo Gallinari,David Lee,Jared Jeffries,Wilson Chandler,1,5:40,MIA,rebound,,,,,,,,,,Jermaine O'Neal,,,,,,def,,
Carlos Arroyo,Dwyane Wade,Jermaine O'Neal,Michael Beasley,Quentin Richardson,Chris Duhon,Danilo Gallinari,David Lee,Jared Jeffries,Wilson Chandler,1,5:32,MIA,shot,,,,,,,,,,Dwyane Wade,,,,missed,,3pt,34,29
Carlos Arroyo,Dwyane Wade,Jermaine O'Neal,Michael Beasley,Quentin Richardson,Chris Duhon,Danilo Gallinari,David Lee,Jared Jeffries,Wilson Chandler,1,5:30,NYK,rebound,,,,,,,,,,David Lee,,,,,,def,,
Carlos Arroyo,Dwyane Wade,Jermaine O'Neal,Michael Beasley,Quentin Richardson,Chris Duhon,Danilo Gallinari,David Lee,Jared Jeffries,Wilson Chandler,1,5:20,NYK,shot,,,,,,,,,,David Lee,2,,,made,,jump,32,23
Carlos Arroyo,Dwyane Wade,Jermaine O'Neal,Michael Beasley,Quentin Richardson,Chris Duhon,Danilo Gallinari,David Lee,Jared Jeffries,Wilson Chandler,1,5:02,MIA,shot,,,,,,,,,,Quentin Richardson,,,,missed,,3pt,44,21
Carlos Arroyo,Dwyane Wade,Jermaine O'Neal,Michael Beasley,Quentin Richardson,Chris Duhon,Danilo Gallinari,David Lee,Jared Jeffries,Wilson Chandler,1,4:59,NYK,rebound,,,,,,,,,,David Lee,,,,,,def,,
Carlos Arroyo,Dwyane Wade,Jermaine O'Neal,Michael Beasley,Quentin Richardson,Chris Duhon,Danilo Gallinari,David Lee,Jared Jeffries,Wilson Chandler,1,4:45,NYK,shot,,,,,,,,,,Wilson Chandler,2,,,made,,fade away jumper,15,14
Carlos Arroyo,Dwyane Wade,Jermaine O'Neal,Michael Beasley,Quentin Richardson,Chris Duhon,Danilo Gallinari,David Lee,Jared Jeffries,Wilson Chandler,1,4:38,MIA,timeout,,,,,,,,,,,,,,,,regular,,
Carlos Arroyo,Dwyane Wade,Michael Beasley,Quentin Richardson,Udonis Haslem,Chris Duhon,Danilo Gallinari,David Lee,Jared Jeffries,Wilson Chandler,1,4:38,MIA,sub,,,,Udonis Haslem,,Jermaine O'Neal,,,,,,,,,,,,
Carlos Arroyo,Dwyane Wade,Michael Beasley,Quentin Richardson,Udonis Haslem,Al Harrington,Chris Duhon,David Lee,Jared Jeffries,Wilson Chandler,1,4:38,NYK,sub,,,,Al Harrington,,Danilo Gallinari,,,,,,,,,,,,
Carlos Arroyo,Dwyane Wade,Michael Beasley,Quentin Richardson,Udonis Haslem,Al Harrington,Chris Duhon,David Lee,Jared Jeffries,Wilson Chandler,1,4:27,MIA,turnover,,,,,,,,,,Carlos Arroyo,,,palming turnover,,,,,
Carlos Arroyo,Dwyane Wade,Michael Beasley,Quentin Richardson,Udonis Haslem,Al Harrington,Chris Duhon,David Lee,Jared Jeffries,Wilson Chandler,1,4:11,NYK,shot,,,,,,,,,,David Lee,2,,,made,,jump hook,33,8
Carlos Arroyo,Dwyane Wade,Michael Beasley,Quentin Richardson,Udonis Haslem,Al Harrington,Chris Duhon,David Lee,Jared Jeffries,Wilson Chandler,1,3:47,MIA,shot,,,,,,,,,,Michael Beasley,,,,missed,,jump,32,11
Carlos Arroyo,Dwyane Wade,Michael Beasley,Quentin Richardson,Udonis Haslem,Al Harrington,Chris Duhon,David Lee,Jared Jeffries,Wilson Chandler,1,3:45,NYK,rebound,,,,,,,,,,David Lee,,,,,,def,,
Carlos Arroyo,Dwyane Wade,Michael Beasley,Quentin Richardson,Udonis Haslem,Al Harrington,Chris Duhon,David Lee,Jared Jeffries,Wilson Chandler,1,3:32,NYK,shot,,,,,,,,,,Al Harrington,2,,,made,,fade away jumper,14,12
Carlos Arroyo,Dwyane Wade,Michael Beasley,Quentin Richardson,Udonis Haslem,Al Harrington,Chris Duhon,David Lee,Jared Jeffries,Wilson Chandler,1,3:14,MIA,shot,,,,,,,,,,Dwyane Wade,,,,missed,,jump,33,23
Carlos Arroyo,Dwyane Wade,Michael Beasley,Quentin Richardson,Udonis Haslem,Al Harrington,Chris Duhon,David Lee,Jared Jeffries,Wilson Chandler,1,3:12,MIA,rebound,,,,,,,,,,Quentin Richardson,,,,,,off,,
Carlos Arroyo,Dwyane Wade,Michael Beasley,Quentin Richardson,Udonis Haslem,Al Harrington,Chris Duhon,David Lee,Jared Jeffries,Wilson Chandler,1,3:05,MIA,shot,,,,,,,,,,Quentin Richardson,2,,,made,,driving dunk,25,6
Carlos Arroyo,Dwyane Wade,Michael Beasley,Quentin Richardson,Udonis Haslem,Al Harrington,Chris Duhon,David Lee,Jared Jeffries,Wilson Chandler,1,3:05,NYK,foul,,,,,,,,Quentin Richardson,,Wilson Chandler,,,,,,shooting,,
Carlos Arroyo,Dwyane Wade,Joel Anthony,Quentin Richardson,Udonis Haslem,Al Harrington,Chris Duhon,David Lee,Jared Jeffries,Wilson Chandler,1,3:05,MIA,sub,,,,Joel Anthony,,Michael Beasley,,,,,,,,,,,,
Carlos Arroyo,Dwyane Wade,Joel Anthony,Quentin Richardson,Udonis Haslem,Al Harrington,David Lee,Jared Jeffries,Larry Hughes,Wilson Chandler,1,3:05,NYK,sub,,,,Larry Hughes,,Chris Duhon,,,,,,,,,,,,
Dwyane Wade,Joel Anthony,Mario Chalmers,Quentin Richardson,Udonis Haslem,Al Harrington,David Lee,Jared Jeffries,Larry Hughes,Wilson Chandler,1,3:05,MIA,sub,,,,Mario Chalmers,,Carlos Arroyo,,,,,,,,,,,,
Dwyane Wade,Joel Anthony,Mario Chalmers,Quentin Richardson,Udonis Haslem,Al Harrington,David Lee,Jared Jeffries,Jonathan Bender,Larry Hughes,1,3:05,NYK,sub,,,,Jonathan Bender,,Wilson Chandler,,,,,,,,,,,,
Dwyane Wade,Joel Anthony,Mario Chalmers,Quentin Richardson,Udonis Haslem,Al Harrington,David Lee,Jared Jeffries,Jonathan Bender,Larry Hughes,1,3:05,MIA,free throw,,,,,,,1,,1,Quentin Richardson,,,foul,made,,,,
Dwyane Wade,Joel Anthony,Mario Chalmers,Quentin Richardson,Udonis Haslem,Al Harrington,David Lee,Jared Jeffries,Jonathan Bender,Larry Hughes,1,2:52,NYK,shot,,,,,,,,,,Al Harrington,,,,missed,,3pt,8,23
Dwyane Wade,Joel Anthony,Mario Chalmers,Quentin Richardson,Udonis Haslem,Al Harrington,David Lee,Jared Jeffries,Jonathan Bender,Larry Hughes,1,2:50,MIA,rebound,,,,,,,,,,Dwyane Wade,,,,,,def,,
Dwyane Wade,Joel Anthony,Mario Chalmers,Quentin Richardson,Udonis Haslem,Al Harrington,David Lee,Jared Jeffries,Jonathan Bender,Larry Hughes,1,2:39,MIA,shot,Dwyane Wade,,,,,,,,,Udonis Haslem,2,,,made,,jump,40,3
Dwyane Wade,Joel Anthony,Mario Chalmers,Quentin Richardson,Udonis Haslem,Al Harrington,David Lee,Jared Jeffries,Jonathan Bender,Larry Hughes,1,2:20,NYK,shot,,,,,,,,,,Jonathan Bender,,,,missed,,3pt,25,31
Dwyane Wade,Joel Anthony,Mario Chalmers,Quentin Richardson,Udonis Haslem,Al Harrington,David Lee,Jared Jeffries,Jonathan Bender,Larry Hughes,1,2:19,NYK,rebound,,,,,,,,,,Jared Jeffries,,,,,,off,,
Dwyane Wade,Joel Anthony,Mario Chalmers,Quentin Richardson,Udonis Haslem,Al Harrington,David Lee,Jared Jeffries,Jonathan Bender,Larry Hughes,1,2:18,NYK,shot,,,,,,,,,,Al Harrington,,,,missed,,3pt,47,20
Dwyane Wade,Joel Anthony,Mario Chalmers,Quentin Richardson,Udonis Haslem,Al Harrington,David Lee,Jared Jeffries,Jonathan Bender,Larry Hughes,1,2:13,MIA,rebound,,,,,,,,,,Udonis Haslem,,,,,,def,,
Dwyane Wade,Joel Anthony,Mario Chalmers,Quentin Richardson,Udonis Haslem,Al Harrington,David Lee,Jared Jeffries,Jonathan Bender,Larry Hughes,1,2:09,NYK,foul,,,,,,,,Dwyane Wade,,Al Harrington,,,,,,shooting,,
Dwyane Wade,Joel Anthony,Mario Chalmers,Quentin Richardson,Udonis Haslem,Al Harrington,David Lee,Jared Jeffries,Jonathan Bender,Larry Hughes,1,2:09,NYK,timeout,,,,,,,,,,,,,,,,regular,,
Dwyane Wade,Joel Anthony,Mario Chalmers,Quentin Richardson,Udonis Haslem,Al Harrington,David Lee,Jared Jeffries,Jonathan Bender,Larry Hughes,1,2:09,MIA,free throw,,,,,,,1,,2,Dwyane Wade,,,foul,missed,,,,
Dwyane Wade,Joel Anthony,Mario Chalmers,Quentin Richardson,Udonis Haslem,Al Harrington,David Lee,Jared Jeffries,Jonathan Bender,Larry Hughes,1,2:09,MIA,rebound,,,,,,,,,,,,,,,,,,
Dwyane Wade,Joel Anthony,Mario Chalmers,Quentin Richardson,Udonis Haslem,Al Harrington,David Lee,Jared Jeffries,Jonathan Bender,Larry Hughes,1,2:09,MIA,free throw,,,,,,,2,,2,Dwyane Wade,,,foul,made,,,,
Dwyane Wade,Joel Anthony,Mario Chalmers,Quentin Richardson,Udonis Haslem,Al Harrington,David Lee,Jared Jeffries,Jonathan Bender,Larry Hughes,1,1:59,NYK,foul,,,,,,,,Udonis Haslem,,Larry Hughes,,,,,,offensive,,
Dwyane Wade,Joel Anthony,Mario Chalmers,Quentin Richardson,Udonis Haslem,Al Harrington,David Lee,Jared Jeffries,Jonathan Bender,Larry Hughes,1,1:59,NYK,turnover,,,,,,,,,,Larry Hughes,,,foul,,,,,
Dorell Wright,Dwyane Wade,Joel Anthony,Mario Chalmers,Udonis Haslem,Al Harrington,David Lee,Jared Jeffries,Jonathan Bender,Larry Hughes,1,1:59,MIA,sub,,,,Dorell Wright,,Quentin Richardson,,,,,,,,,,,,
Dorell Wright,Dwyane Wade,Joel Anthony,Mario Chalmers,Udonis Haslem,Al Harrington,David Lee,Jared Jeffries,Jonathan Bender,Larry Hughes,1,1:48,MIA,shot,Mario Chalmers,,,,,,,,,Dwyane Wade,2,,,made,,driving layup,25,6
Dorell Wright,Dwyane Wade,Joel Anthony,Mario Chalmers,Udonis Haslem,Al Harrington,David Lee,Jared Jeffries,Jonathan Bender,Larry Hughes,1,1:35,NYK,shot,,,Joel Anthony,,,,,,,Jonathan Bender,,,,missed,,running jump,27,10
Dorell Wright,Dwyane Wade,Joel Anthony,Mario Chalmers,Udonis Haslem,Al Harrington,David Lee,Jared Jeffries,Jonathan Bender,Larry Hughes,1,1:34,NYK,rebound,,,,,,,,,,,,,,,,,,
Dorell Wright,Dwyane Wade,Joel Anthony,Mario Chalmers,Udonis Haslem,Al Harrington,Danilo Gallinari,David Lee,Jonathan Bender,Larry Hughes,1,1:34,NYK,sub,,,,Danilo Gallinari,,Jared Jeffries,,,,,,,,,,,,
Dorell Wright,Dwyane Wade,Joel Anthony,Mario Chalmers,Udonis Haslem,Al Harrington,Danilo Gallinari,David Lee,Jonathan Bender,Larry Hughes,1,1:26,NYK,shot,,,,,,,,,,Jonathan Bender,2,,,made,,jump,5,5
Dorell Wright,Dwyane Wade,Joel Anthony,Mario Chalmers,Udonis Haslem,Al Harrington,Danilo Gallinari,David Lee,Jonathan Bender,Larry Hughes,1,1:03,MIA,shot,,,,,,,,,,Udonis Haslem,,,,missed,,jump,42,4
Dorell Wright,Dwyane Wade,Joel Anthony,Mario Chalmers,Udonis Haslem,Al Harrington,Danilo Gallinari,David Lee,Jonathan Bender,Larry Hughes,1,1:01,NYK,rebound,,,,,,,,,,Larry Hughes,,,,,,def,,
Dorell Wright,Dwyane Wade,Joel Anthony,Mario Chalmers,Udonis Haslem,Al Harrington,Danilo Gallinari,David Lee,Jonathan Bender,Larry Hughes,1,0:53,MIA,foul,,,,,,,,Danilo Gallinari,,Joel Anthony,,,,,,shooting,,
Dorell Wright,Dwyane Wade,Joel Anthony,Mario Chalmers,Udonis Haslem,Al Harrington,Danilo Gallinari,David Lee,Jonathan Bender,Larry Hughes,1,0:53,NYK,free throw,,,,,,,1,,2,Danilo Gallinari,,,foul,made,,,,
Dorell Wright,Dwyane Wade,Joel Anthony,Mario Chalmers,Udonis Haslem,Al Harrington,Danilo Gallinari,David Lee,Jonathan Bender,Larry Hughes,1,0:53,NYK,free throw,,,,,,,2,,2,Danilo Gallinari,,,foul,made,,,,
Dorell Wright,Dwyane Wade,Joel Anthony,Mario Chalmers,Udonis Haslem,Al Harrington,Danilo Gallinari,David Lee,Jonathan Bender,Larry Hughes,1,0:42,MIA,shot,,,,,,,,,,Joel Anthony,,,,missed,,layup,25,6
Dorell Wright,Dwyane Wade,Joel Anthony,Mario Chalmers,Udonis Haslem,Al Harrington,Danilo Gallinari,David Lee,Jonathan Bender,Larry Hughes,1,0:40,NYK,rebound,,,,,,,,,,David Lee,,,,,,def,,
Dorell Wright,Dwyane Wade,Joel Anthony,Mario Chalmers,Udonis Haslem,Al Harrington,Danilo Gallinari,David Lee,Jonathan Bender,Larry Hughes,1,0:34,NYK,shot,Larry Hughes,,,,,,,,,Danilo Gallinari,3,,,made,,3pt,40,25
Dorell Wright,Dwyane Wade,Joel Anthony,Mario Chalmers,Udonis Haslem,Al Harrington,Danilo Gallinari,David Lee,Jonathan Bender,Larry Hughes,1,0:12,MIA,shot,,,,,,,,,,Dwyane Wade,2,,,made,,driving layup,25,6
Dorell Wright,Dwyane Wade,Joel Anthony,Mario Chalmers,Udonis Haslem,Al Harrington,Danilo Gallinari,David Lee,Jonathan Bender,Larry Hughes,1,0:03,NYK,shot,,,,,,,,,,Larry Hughes,,,,missed,,3pt,41,25
Dorell Wright,Dwyane Wade,Joel Anthony,Mario Chalmers,Udonis Haslem,Al Harrington,Danilo Gallinari,David Lee,Jonathan Bender,Larry Hughes,1,0:02,NYK,rebound,,,,,,,,,,Jonathan Bender,,,,,,off,,
Dorell Wright,Dwyane Wade,Joel Anthony,Mario Chalmers,Udonis Haslem,Al Harrington,Danilo Gallinari,David Lee,Jonathan Bender,Larry Hughes,1,0:00,NYK,shot,,,Joel Anthony,,,,,,,Jonathan Bender,,,,missed,,layup,25,6
Dorell Wright,Dwyane Wade,Joel Anthony,Mario Chalmers,Udonis Haslem,Al Harrington,Danilo Gallinari,David Lee,Jonathan Bender,Larry Hughes,1,0:00,NYK,rebound,,,,,,,,,,,,,,,,,,
Daequan Cook,Dorell Wright,Mario Chalmers,Michael Beasley,Udonis Haslem,Al Harrington,Danilo Gallinari,David Lee,Jonathan Bender,Larry Hughes,2,11:47,MIA,shot,Dorell Wright,,,,,,,,,Udonis Haslem,2,,,made,,driving layup,25,6
Daequan Cook,Dorell Wright,Mario Chalmers,Michael Beasley,Udonis Haslem,Al Harrington,Danilo Gallinari,David Lee,Jonathan Bender,Larry Hughes,2,11:32,NYK,turnover,,,,,,,,,,David Lee,,,bad pass,,Daequan Cook,,,
Daequan Cook,Dorell Wright,Mario Chalmers,Michael Beasley,Udonis Haslem,Al Harrington,Danilo Gallinari,David Lee,Jonathan Bender,Larry Hughes,2,11:24,MIA,shot,,,,,,,,,,Daequan Cook,,,,missed,,3pt,9,24
Daequan Cook,Dorell Wright,Mario Chalmers,Michael Beasley,Udonis Haslem,Al Harrington,Danilo Gallinari,David Lee,Jonathan Bender,Larry Hughes,2,11:23,MIA,rebound,,,,,,,,,,Dorell Wright,,,,,,off,,
Daequan Cook,Dorell Wright,Mario Chalmers,Michael Beasley,Udonis Haslem,Al Harrington,Danilo Gallinari,David Lee,Jonathan Bender,Larry Hughes,2,11:07,MIA,foul,,,,,,,,Al Harrington,,Mario Chalmers,,,,,,offensive,,
Daequan Cook,Dorell Wright,Mario Chalmers,Michael Beasley,Udonis Haslem,Al Harrington,Danilo Gallinari,David Lee,Jonathan Bender,Larry Hughes,2,11:07,MIA,turnover,,,,,,,,,,Mario Chalmers,,,foul,,,,,
Daequan Cook,Dorell Wright,Mario Chalmers,Michael Beasley,Udonis Haslem,Al Harrington,Danilo Gallinari,Jared Jeffries,Jonathan Bender,Larry Hughes,2,11:07,NYK,sub,,,,Jared Jeffries,,David Lee,,,,,,,,,,,,
Daequan Cook,Dorell Wright,Mario Chalmers,Michael Beasley,Udonis Haslem,Al Harrington,Danilo Gallinari,Jared Jeffries,Jonathan Bender,Larry Hughes,2,10:57,NYK,shot,,,,,,,,,,Larry Hughes,,,,missed,,3pt,43,22
Daequan Cook,Dorell Wright,Mario Chalmers,Michael Beasley,Udonis Haslem,Al Harrington,Danilo Gallinari,Jared Jeffries,Jonathan Bender,Larry Hughes,2,10:55,MIA,rebound,,,,,,,,,,Daequan Cook,,,,,,def,,
Daequan Cook,Dorell Wright,Mario Chalmers,Michael Beasley,Udonis Haslem,Al Harrington,Danilo Gallinari,Jared Jeffries,Jonathan Bender,Larry Hughes,2,10:41,MIA,shot,,,,,,,,,,Michael Beasley,2,,,made,,jump,21,28
Daequan Cook,Dorell Wright,Mario Chalmers,Michael Beasley,Udonis Haslem,Al Harrington,Danilo Gallinari,Jared Jeffries,Jonathan Bender,Larry Hughes,2,10:28,NYK,turnover,,,,,,,,,,Jonathan Bender,,,step out of bounds turnover,,,,,
Daequan Cook,Dorell Wright,Mario Chalmers,Michael Beasley,Udonis Haslem,Al Harrington,Danilo Gallinari,Jared Jeffries,Jonathan Bender,Larry Hughes,2,10:11,MIA,shot,,,,,,,,,,Mario Chalmers,,,,missed,,jump,29,27
Daequan Cook,Dorell Wright,Mario Chalmers,Michael Beasley,Udonis Haslem,Al Harrington,Danilo Gallinari,Jared Jeffries,Jonathan Bender,Larry Hughes,2,10:08,NYK,rebound,,,,,,,,,,Larry Hughes,,,,,,def,,
Daequan Cook,Dorell Wright,Mario Chalmers,Michael Beasley,Udonis Haslem,Al Harrington,Danilo Gallinari,Jared Jeffries,Jonathan Bender,Larry Hughes,2,10:00,NYK,turnover,,,,,,,,,,Jonathan Bender,,,lost ball,,Mario Chalmers,,,
Daequan Cook,Dorell Wright,Mario Chalmers,Michael Beasley,Udonis Haslem,Al Harrington,Danilo Gallinari,Jared Jeffries,Jonathan Bender,Larry Hughes,2,9:54,MIA,shot,,,,,,,,,,Dorell Wright,,,,missed,,jump,40,2
Daequan Cook,Dorell Wright,Mario Chalmers,Michael Beasley,Udonis Haslem,Al Harrington,Danilo Gallinari,Jared Jeffries,Jonathan Bender,Larry Hughes,2,9:53,MIA,rebound,,,,,,,,,,,,,,,,,,
Daequan Cook,Dorell Wright,Mario Chalmers,Michael Beasley,Udonis Haslem,Al Harrington,Danilo Gallinari,Jared Jeffries,Jonathan Bender,Larry Hughes,2,9:44,NYK,foul,,,,,,,,Michael Beasley,,Jonathan Bender,,,,,,shooting,,
Daequan Cook,Dorell Wright,Mario Chalmers,Michael Beasley,Udonis Haslem,Al Harrington,Danilo Gallinari,Jared Jeffries,Jonathan Bender,Larry Hughes,2,9:44,MIA,free throw,,,,,,,1,,2,Michael Beasley,,,foul,made,,,,
Daequan Cook,Dorell Wright,Mario Chalmers,Michael Beasley,Udonis Haslem,Al Harrington,Danilo Gallinari,Jared Jeffries,Jonathan Bender,Larry Hughes,2,9:44,MIA,free throw,,,,,,,2,,2,Michael Beasley,,,foul,made,,,,
Daequan Cook,Dorell Wright,Mario Chalmers,Michael Beasley,Udonis Haslem,Al Harrington,Danilo Gallinari,Jared Jeffries,Jonathan Bender,Larry Hughes,2,9:21,NYK,shot,,,,,,,,,,Al Harrington,2,,,made,,turnaround jump,37,13
Daequan Cook,Dorell Wright,Mario Chalmers,Michael Beasley,Udonis Haslem,Al Harrington,Danilo Gallinari,Jared Jeffries,Jonathan Bender,Larry Hughes,2,8:54,MIA,shot,Dorell Wright,,,,,,,,,Udonis Haslem,2,,,made,,driving dunk,25,6
Daequan Cook,Dorell Wright,Mario Chalmers,Michael Beasley,Udonis Haslem,Al Harrington,Danilo Gallinari,Jared Jeffries,Jonathan Bender,Larry Hughes,2,8:34,MIA,foul,,,,,,,,Danilo Gallinari,,Daequan Cook,,,,,,personal,,
Daequan Cook,Dorell Wright,Mario Chalmers,Michael Beasley,Udonis Haslem,Al Harrington,Danilo Gallinari,Jared Jeffries,Jonathan Bender,Larry Hughes,2,8:34,NYK,timeout,,,,,,,,,,,,,,,,official,,
Daequan Cook,Dorell Wright,Mario Chalmers,Michael Beasley,Udonis Haslem,Al Harrington,Danilo Gallinari,Jared Jeffries,Larry Hughes,Wilson Chandler,2,8:34,NYK,sub,,,,Wilson Chandler,,Jonathan Bender,,,,,,,,,,,,
Daequan Cook,Dorell Wright,Mario Chalmers,Michael Beasley,Udonis Haslem,Al Harrington,Danilo Gallinari,Jared Jeffries,Larry Hughes,Wilson Chandler,2,8:23,NYK,shot,,,,,,,,,,Al Harrington,,,,missed,,jump,37,10
Daequan Cook,Dorell Wright,Mario Chalmers,Michael Beasley,Udonis Haslem,Al Harrington,Danilo Gallinari,Jared Jeffries,Larry Hughes,Wilson Chandler,2,8:21,NYK,rebound,,,,,,,,,,Jared Jeffries,,,,,,off,,
Daequan Cook,Dorell Wright,Mario Chalmers,Michael Beasley,Udonis Haslem,Al Harrington,Danilo Gallinari,Jared Jeffries,Larry Hughes,Wilson Chandler,2,8:12,NYK,shot,,,,,,,,,,Al Harrington,2,,,made,,driving layup,25,6
Daequan Cook,Dorell Wright,Mario Chalmers,Michael Beasley,Udonis Haslem,Al Harrington,Danilo Gallinari,Jared Jeffries,Larry Hughes,Wilson Chandler,2,7:59,MIA,shot,,,,,,,,,,Michael Beasley,,,,missed,,jump,10,12
Daequan Cook,Dorell Wright,Mario Chalmers,Michael Beasley,Udonis Haslem,Al Harrington,Danilo Gallinari,Jared Jeffries,Larry Hughes,Wilson Chandler,2,7:57,NYK,rebound,,,,,,,,,,Al Harrington,,,,,,def,,
Daequan Cook,Dorell Wright,Mario Chalmers,Michael Beasley,Udonis Haslem,Al Harrington,Danilo Gallinari,Jared Jeffries,Larry Hughes,Wilson Chandler,2,7:48,NYK,shot,,,,,,,,,,Al Harrington,,,,missed,,layup,25,6
Daequan Cook,Dorell Wright,Mario Chalmers,Michael Beasley,Udonis Haslem,Al Harrington,Danilo Gallinari,Jared Jeffries,Larry Hughes,Wilson Chandler,2,7:47,MIA,rebound,,,,,,,,,,Mario Chalmers,,,,,,def,,
Daequan Cook,Dorell Wright,Mario Chalmers,Michael Beasley,Udonis Haslem,Al Harrington,Danilo Gallinari,Jared Jeffries,Larry Hughes,Wilson Chandler,2,7:29,MIA,shot,,,,,,,,,,Michael Beasley,,,,missed,,driving layup,25,6
Daequan Cook,Dorell Wright,Mario Chalmers,Michael Beasley,Udonis Haslem,Al Harrington,Danilo Gallinari,Jared Jeffries,Larry Hughes,Wilson Chandler,2,7:28,NYK,rebound,,,,,,,,,,Danilo Gallinari,,,,,,def,,
Daequan Cook,Dorell Wright,Mario Chalmers,Michael Beasley,Udonis Haslem,Al Harrington,Danilo Gallinari,Jared Jeffries,Larry Hughes,Wilson Chandler,2,7:16,NYK,shot,,,,,,,,,,Danilo Gallinari,2,,,made,,driving dunk,25,6
Daequan Cook,Dorell Wright,Mario Chalmers,Michael Beasley,Udonis Haslem,Al Harrington,Danilo Gallinari,Jared Jeffries,Larry Hughes,Wilson Chandler,2,6:51,MIA,shot,,,,,,,,,,Daequan Cook,,,,missed,,jump,41,19
Daequan Cook,Dorell Wright,Mario Chalmers,Michael Beasley,Udonis Haslem,Al Harrington,Danilo Gallinari,Jared Jeffries,Larry Hughes,Wilson Chandler,2,6:49,MIA,rebound,,,,,,,,,,Dorell Wright,,,,,,off,,
Daequan Cook,Dorell Wright,Mario Chalmers,Michael Beasley,Udonis Haslem,Al Harrington,Danilo Gallinari,Jared Jeffries,Larry Hughes,Wilson Chandler,2,6:37,NYK,foul,,,,,,,,Mario Chalmers,,Jared Jeffries,,,,,,shooting,,
Daequan Cook,Dorell Wright,Mario Chalmers,Michael Beasley,Udonis Haslem,Al Harrington,Chris Duhon,Danilo Gallinari,Jared Jeffries,Wilson Chandler,2,6:37,NYK,sub,,,,Chris Duhon,,Larry Hughes,,,,,,,,,,,,
Daequan Cook,Dorell Wright,Mario Chalmers,Michael Beasley,Udonis Haslem,Al Harrington,Chris Duhon,Danilo Gallinari,Jared Jeffries,Wilson Chandler,2,6:37,MIA,free throw,,,,,,,1,,2,Mario Chalmers,,,foul,made,,,,
Dorell Wright,Dwyane Wade,Mario Chalmers,Michael Beasley,Udonis Haslem,Al Harrington,Chris Duhon,Danilo Gallinari,Jared Jeffries,Wilson Chandler,2,6:37,MIA,sub,,,,Dwyane Wade,,Daequan Cook,,,,,,,,,,,,
Dorell Wright,Dwyane Wade,Mario Chalmers,Michael Beasley,Udonis Haslem,Al Harrington,Chris Duhon,Danilo Gallinari,Jared Jeffries,Wilson Chandler,2,6:37,MIA,free throw,,,,,,,2,,2,Mario Chalmers,,,foul,made,,,,
Dorell Wright,Dwyane Wade,Mario Chalmers,Michael Beasley,Udonis Haslem,Al Harrington,Chris Duhon,Danilo Gallinari,Jared Jeffries,Wilson Chandler,2,6:28,NYK,turnover,,,,,,,,,,Chris Duhon,,,bad pass,,Dorell Wright,,,
Dorell Wright,Dwyane Wade,Mario Chalmers,Michael Beasley,Udonis Haslem,Al Harrington,Chris Duhon,Danilo Gallinari,Jared Jeffries,Wilson Chandler,2,6:21,MIA,foul,,,,,,,,Jared Jeffries,,Dwyane Wade,,,,,,offensive,,
Dorell Wright,Dwyane Wade,Mario Chalmers,Michael Beasley,Udonis Haslem,Al Harrington,Chris Duhon,Danilo Gallinari,Jared Jeffries,Wilson Chandler,2,6:21,MIA,turnover,,,,,,,,,,Dwyane Wade,,,foul,,,,,
Dorell Wright,Dwyane Wade,Jermaine O'Neal,Mario Chalmers,Michael Beasley,Al Harrington,Chris Duhon,Danilo Gallinari,Jared Jeffries,Wilson Chandler,2,6:21,MIA,sub,,,,Jermaine O'Neal,,Udonis Haslem,,,,,,,,,,,,
Dorell Wright,Dwyane Wade,Jermaine O'Neal,Mario Chalmers,Michael Beasley,Al Harrington,Chris Duhon,Danilo Gallinari,Jared Jeffries,Wilson Chandler,2,6:06,NYK,shot,,,,,,,,,,Danilo Gallinari,,,,missed,,jump,38,4
Dorell Wright,Dwyane Wade,Jermaine O'Neal,Mario Chalmers,Michael Beasley,Al Harrington,Chris Duhon,Danilo Gallinari,Jared Jeffries,Wilson Chandler,2,6:04,MIA,rebound,,,,,,,,,,Dwyane Wade,,,,,,def,,
Dorell Wright,Dwyane Wade,Jermaine O'Neal,Mario Chalmers,Michael Beasley,Al Harrington,Chris Duhon,Danilo Gallinari,Jared Jeffries,Wilson Chandler,2,5:58,MIA,shot,,,,,,,,,,Michael Beasley,,,,missed,,jump,32,10
Dorell Wright,Dwyane Wade,Jermaine O'Neal,Mario Chalmers,Michael Beasley,Al Harrington,Chris Duhon,Danilo Gallinari,Jared Jeffries,Wilson Chandler,2,5:57,NYK,rebound,,,,,,,,,,,,,,,,,,
Dorell Wright,Dwyane Wade,Jermaine O'Neal,Mario Chalmers,Michael Beasley,Al Harrington,Chris Duhon,Danilo Gallinari,Jared Jeffries,Wilson Chandler,2,5:57,NYK,timeout,,,,,,,,,,,,,,,,regular,,
Dorell Wright,Dwyane Wade,Jermaine O'Neal,Mario Chalmers,Michael Beasley,Al Harrington,Chris Duhon,Danilo Gallinari,David Lee,Wilson Chandler,2,5:57,NYK,sub,,,,David Lee,,Jared Jeffries,,,,,,,,,,,,
Dorell Wright,Dwyane Wade,Jermaine O'Neal,Mario Chalmers,Michael Beasley,Al Harrington,Chris Duhon,Danilo Gallinari,David Lee,Wilson Chandler,2,5:47,NYK,shot,Danilo Gallinari,,,,,,,,,David Lee,2,,,made,,jump,11,15
Dorell Wright,Dwyane Wade,Jermaine O'Neal,Mario Chalmers,Michael Beasley,Al Harrington,Chris Duhon,Danilo Gallinari,David Lee,Wilson Chandler,2,5:24,MIA,turnover,,,,,,,,,,Dorell Wright,,,bad pass,,Al Harrington,,,
Dorell Wright,Dwyane Wade,Jermaine O'Neal,Mario Chalmers,Michael Beasley,Al Harrington,Chris Duhon,Danilo Gallinari,David Lee,Wilson Chandler,2,5:15,MIA,foul,,,,,,,,Al Harrington,,Mario Chalmers,,,,,,shooting,,
Dorell Wright,Dwyane Wade,Jermaine O'Neal,Mario Chalmers,Michael Beasley,Al Harrington,Chris Duhon,Danilo Gallinari,David Lee,Wilson Chandler,2,5:15,NYK,free throw,,,,,,,1,,2,Al Harrington,,,foul,made,,,,
Dwyane Wade,Jermaine O'Neal,Mario Chalmers,Michael Beasley,Quentin Richardson,Al Harrington,Chris Duhon,Danilo Gallinari,David Lee,Wilson Chandler,2,5:15,MIA,sub,,,,Quentin Richardson,,Dorell Wright,,,,,,,,,,,,
Dwyane Wade,Jermaine O'Neal,Mario Chalmers,Michael Beasley,Quentin Richardson,Al Harrington,Chris Duhon,Danilo Gallinari,David Lee,Wilson Chandler,2,5:15,NYK,free throw,,,,,,,2,,2,Al Harrington,,,foul,made,,,,
Dwyane Wade,Jermaine O'Neal,Mario Chalmers,Michael Beasley,Quentin Richardson,Al Harrington,Chris Duhon,Danilo Gallinari,David Lee,Wilson Chandler,2,5:00,NYK,foul,,,,,,,,,,Al Harrington,,,,,,defense 3 second,,
Dwyane Wade,Jermaine O'Neal,Mario Chalmers,Michael Beasley,Quentin Richardson,Al Harrington,Chris Duhon,Danilo Gallinari,David Lee,Wilson Chandler,2,5:00,MIA,free throw,,,,,,,1,,1,Mario Chalmers,,,technical,made,,,,
Dwyane Wade,Jermaine O'Neal,Mario Chalmers,Michael Beasley,Quentin Richardson,Al Harrington,Chris Duhon,Danilo Gallinari,David Lee,Wilson Chandler,2,4:48,MIA,shot,,,,,,,,,,Quentin Richardson,,,,missed,,driving layup,25,6
Dwyane Wade,Jermaine O'Neal,Mario Chalmers,Michael Beasley,Quentin Richardson,Al Harrington,Chris Duhon,Danilo Gallinari,David Lee,Wilson Chandler,2,4:47,NYK,rebound,,,,,,,,,,,,,,,,,,
Dwyane Wade,Jermaine O'Neal,Mario Chalmers,Michael Beasley,Quentin Richardson,Al Harrington,Chris Duhon,Danilo Gallinari,David Lee,Wilson Chandler,2,4:38,NYK,turnover,,,,,,,,,,David Lee,,,bad pass,,Mario Chalmers,,,
Dwyane Wade,Jermaine O'Neal,Mario Chalmers,Michael Beasley,Quentin Richardson,Al Harrington,Chris Duhon,Danilo Gallinari,David Lee,Wilson Chandler,2,4:30,MIA,shot,Dwyane Wade,,,,,,,,,Jermaine O'Neal,2,,,made,,dunk,25,6
Dwyane Wade,Jermaine O'Neal,Mario Chalmers,Michael Beasley,Quentin Richardson,Al Harrington,Chris Duhon,Danilo Gallinari,David Lee,Wilson Chandler,2,4:15,NYK,shot,,,,,,,,,,Danilo Gallinari,,,,missed,,3pt,9,26
Dwyane Wade,Jermaine O'Neal,Mario Chalmers,Michael Beasley,Quentin Richardson,Al Harrington,Chris Duhon,Danilo Gallinari,David Lee,Wilson Chandler,2,4:13,NYK,rebound,,,,,,,,,,Al Harrington,,,,,,off,,
Dwyane Wade,Jermaine O'Neal,Mario Chalmers,Michael Beasley,Quentin Richardson,Al Harrington,Chris Duhon,Danilo Gallinari,David Lee,Wilson Chandler,2,4:03,NYK,shot,,,,,,,,,,Al Harrington,,,,missed,,3pt,48,8
Dwyane Wade,Jermaine O'Neal,Mario Chalmers,Michael Beasley,Quentin Richardson,Al Harrington,Chris Duhon,Danilo Gallinari,David Lee,Wilson Chandler,2,4:01,MIA,rebound,,,,,,,,,,Dwyane Wade,,,,,,def,,
Dwyane Wade,Jermaine O'Neal,Mario Chalmers,Michael Beasley,Quentin Richardson,Al Harrington,Chris Duhon,Danilo Gallinari,David Lee,Wilson Chandler,2,3:47,MIA,shot,Dwyane Wade,,,,,,,,,Jermaine O'Neal,2,,,made,,layup,25,6
Dwyane Wade,Jermaine O'Neal,Mario Chalmers,Michael Beasley,Quentin Richardson,Al Harrington,Chris Duhon,Danilo Gallinari,David Lee,Wilson Chandler,2,3:30,NYK,shot,,,,,,,,,,Al Harrington,,,,missed,,jump,44,5
Dwyane Wade,Jermaine O'Neal,Mario Chalmers,Michael Beasley,Quentin Richardson,Al Harrington,Chris Duhon,Danilo Gallinari,David Lee,Wilson Chandler,2,3:30,MIA,rebound,,,,,,,,,,Dwyane Wade,,,,,,def,,
Dwyane Wade,Jermaine O'Neal,Mario Chalmers,Michael Beasley,Quentin Richardson,Al Harrington,Chris Duhon,Danilo Gallinari,David Lee,Wilson Chandler,2,3:30,MIA,shot,,,,,,,,,,Dwyane Wade,,,,missed,,jump,25,28
Dwyane Wade,Jermaine O'Neal,Mario Chalmers,Michael Beasley,Quentin Richardson,Al Harrington,Chris Duhon,Danilo Gallinari,David Lee,Wilson Chandler,2,3:26,NYK,rebound,,,,,,,,,,,,,,,,,,
Dwyane Wade,Jermaine O'Neal,Mario Chalmers,Michael Beasley,Quentin Richardson,Chris Duhon,Danilo Gallinari,David Lee,Jared Jeffries,Wilson Chandler,2,3:26,NYK,sub,,,,Jared Jeffries,,Al Harrington,,,,,,,,,,,,
Dwyane Wade,Jermaine O'Neal,Mario Chalmers,Michael Beasley,Quentin Richardson,Chris Duhon,Danilo Gallinari,David Lee,Jared Jeffries,Wilson Chandler,2,3:03,NYK,shot,,,,,,,,,,Wilson Chandler,2,,,made,,jump,8,9
Dwyane Wade,Jermaine O'Neal,Mario Chalmers,Michael Beasley,Quentin Richardson,Chris Duhon,Danilo Gallinari,David Lee,Jared Jeffries,Wilson Chandler,2,2:49,MIA,shot,,,,,,,,,,Mario Chalmers,,,,missed,,3pt,4,18
Dwyane Wade,Jermaine O'Neal,Mario Chalmers,Michael Beasley,Quentin Richardson,Chris Duhon,Danilo Gallinari,David Lee,Jared Jeffries,Wilson Chandler,2,2:47,MIA,rebound,,,,,,,,,,,,,,,,,,
Dwyane Wade,Jermaine O'Neal,Mario Chalmers,Michael Beasley,Quentin Richardson,Chris Duhon,Danilo Gallinari,David Lee,Jared Jeffries,Wilson Chandler,2,2:47,NYK,foul,,,,,,,,Dwyane Wade,,David Lee,,,,,,loose ball,,
Dwyane Wade,Jermaine O'Neal,Mario Chalmers,Michael Beasley,Quentin Richardson,Chris Duhon,Danilo Gallinari,David Lee,Jared Jeffries,Wilson Chandler,2,2:47,MIA,timeout,,,,,,,,,,,,,,,,regular,,
Carlos Arroyo,Dwyane Wade,Jermaine O'Neal,Mario Chalmers,Quentin Richardson,Chris Duhon,Danilo Gallinari,David Lee,Jared Jeffries,Wilson Chandler,2,2:47,MIA,sub,,,,Carlos Arroyo,,Michael Beasley,,,,,,,,,,,,
Carlos Arroyo,Dwyane Wade,Jermaine O'Neal,Quentin Richardson,Udonis Haslem,Chris Duhon,Danilo Gallinari,David Lee,Jared Jeffries,Wilson Chandler,2,2:47,MIA,sub,,,,Udonis Haslem,,Mario Chalmers,,,,,,,,,,,,
Carlos Arroyo,Dwyane Wade,Jermaine O'Neal,Quentin Richardson,Udonis Haslem,Chris Duhon,Danilo Gallinari,David Lee,Jared Jeffries,Wilson Chandler,2,2:37,MIA,turnover,,,,,,,,,,Jermaine O'Neal,,,traveling,,,,,
Carlos Arroyo,Dwyane Wade,Jermaine O'Neal,Quentin Richardson,Udonis Haslem,Chris Duhon,Danilo Gallinari,David Lee,Jared Jeffries,Wilson Chandler,2,2:28,NYK,turnover,,,,,,,,,,David Lee,,,bad pass,,Udonis Haslem,,,
Carlos Arroyo,Dwyane Wade,Jermaine O'Neal,Quentin Richardson,Udonis Haslem,Chris Duhon,Danilo Gallinari,David Lee,Jared Jeffries,Wilson Chandler,2,2:27,NYK,foul,,,,,,,,Udonis Haslem,,Jared Jeffries,,,,,,personal,,
Carlos Arroyo,Dwyane Wade,Jermaine O'Neal,Quentin Richardson,Udonis Haslem,Chris Duhon,Danilo Gallinari,David Lee,Jared Jeffries,Wilson Chandler,2,2:17,MIA,shot,,,,,,,,,,Udonis Haslem,,,,missed,,layup,25,6
Carlos Arroyo,Dwyane Wade,Jermaine O'Neal,Quentin Richardson,Udonis Haslem,Chris Duhon,Danilo Gallinari,David Lee,Jared Jeffries,Wilson Chandler,2,2:16,NYK,rebound,,,,,,,,,,Danilo Gallinari,,,,,,def,,
Carlos Arroyo,Dwyane Wade,Jermaine O'Neal,Quentin Richardson,Udonis Haslem,Chris Duhon,Danilo Gallinari,David Lee,Jared Jeffries,Wilson Chandler,2,2:09,NYK,shot,,,,,,,,,,Danilo Gallinari,,,,missed,,3pt,39,26
Carlos Arroyo,Dwyane Wade,Jermaine O'Neal,Quentin Richardson,Udonis Haslem,Chris Duhon,Danilo Gallinari,David Lee,Jared Jeffries,Wilson Chandler,2,2:06,MIA,rebound,,,,,,,,,,Jermaine O'Neal,,,,,,def,,
Carlos Arroyo,Dwyane Wade,Jermaine O'Neal,Quentin Richardson,Udonis Haslem,Chris Duhon,Danilo Gallinari,David Lee,Jared Jeffries,Wilson Chandler,2,2:02,MIA,foul,,,,,,,,Jared Jeffries,,Jermaine O'Neal,,,,,,offensive,,
Carlos Arroyo,Dwyane Wade,Jermaine O'Neal,Quentin Richardson,Udonis Haslem,Chris Duhon,Danilo Gallinari,David Lee,Jared Jeffries,Wilson Chandler,2,2:02,MIA,turnover,,,,,,,,,,Jermaine O'Neal,,,foul,,,,,
Carlos Arroyo,Dwyane Wade,Jermaine O'Neal,Quentin Richardson,Udonis Haslem,Chris Duhon,Danilo Gallinari,David Lee,Jared Jeffries,Wilson Chandler,2,1:53,NYK,turnover,,,,,,,,,,Jared Jeffries,,,bad pass,,Dwyane Wade,,,
Carlos Arroyo,Dwyane Wade,Jermaine O'Neal,Quentin Richardson,Udonis Haslem,Chris Duhon,Danilo Gallinari,David Lee,Jared Jeffries,Wilson Chandler,2,1:50,MIA,shot,,,,,,,,,,Dwyane Wade,2,,,made,,driving layup,25,6
Carlos Arroyo,Dwyane Wade,Jermaine O'Neal,Quentin Richardson,Udonis Haslem,Chris Duhon,Danilo Gallinari,David Lee,Jared Jeffries,Wilson Chandler,2,1:34,NYK,shot,,,,,,,,,,Danilo Gallinari,2,,,made,,fade away jumper,14,19
Carlos Arroyo,Dwyane Wade,Jermaine O'Neal,Quentin Richardson,Udonis Haslem,Chris Duhon,Danilo Gallinari,David Lee,Jared Jeffries,Wilson Chandler,2,1:16,MIA,turnover,,,,,,,,,,Dwyane Wade,,,bad pass,,Wilson Chandler,,,
Carlos Arroyo,Dwyane Wade,Jermaine O'Neal,Quentin Richardson,Udonis Haslem,Chris Duhon,Danilo Gallinari,David Lee,Jared Jeffries,Wilson Chandler,2,1:02,NYK,shot,,,,,,,,,,Wilson Chandler,,,,missed,,3pt,1,5
Carlos Arroyo,Dwyane Wade,Jermaine O'Neal,Quentin Richardson,Udonis Haslem,Chris Duhon,Danilo Gallinari,David Lee,Jared Jeffries,Wilson Chandler,2,1:00,NYK,rebound,,,,,,,,,,David Lee,,,,,,off,,
Carlos Arroyo,Dwyane Wade,Jermaine O'Neal,Quentin Richardson,Udonis Haslem,Chris Duhon,Danilo Gallinari,David Lee,Jared Jeffries,Wilson Chandler,2,0:51,NYK,shot,,,,,,,,,,Chris Duhon,,,,missed,,driving layup,25,6
Carlos Arroyo,Dwyane Wade,Jermaine O'Neal,Quentin Richardson,Udonis Haslem,Chris Duhon,Danilo Gallinari,David Lee,Jared Jeffries,Wilson Chandler,2,0:50,MIA,rebound,,,,,,,,,,Udonis Haslem,,,,,,def,,
Carlos Arroyo,Dwyane Wade,Jermaine O'Neal,Quentin Richardson,Udonis Haslem,Chris Duhon,Danilo Gallinari,David Lee,Jared Jeffries,Wilson Chandler,2,0:35,MIA,shot,Jermaine O'Neal,,,,,,,,,Quentin Richardson,3,,,made,,3pt,2,4
Carlos Arroyo,Dwyane Wade,Jermaine O'Neal,Quentin Richardson,Udonis Haslem,Chris Duhon,Danilo Gallinari,David Lee,Jared Jeffries,Wilson Chandler,2,0:23,MIA,foul,,,,,,,,Danilo Gallinari,,Quentin Richardson,,,,,,personal,,
Carlos Arroyo,Dwyane Wade,Joel Anthony,Quentin Richardson,Udonis Haslem,Chris Duhon,Danilo Gallinari,David Lee,Jared Jeffries,Wilson Chandler,2,0:23,MIA,sub,,,,Joel Anthony,,Jermaine O'Neal,,,,,,,,,,,,
Carlos Arroyo,Dwyane Wade,Joel Anthony,Quentin Richardson,Udonis Haslem,Chris Duhon,Danilo Gallinari,David Lee,Jared Jeffries,Wilson Chandler,2,0:09,NYK,shot,,,,,,,,,,Jared Jeffries,,,,missed,,3pt,48,3
Carlos Arroyo,Dwyane Wade,Joel Anthony,Quentin Richardson,Udonis Haslem,Chris Duhon,Danilo Gallinari,David Lee,Jared Jeffries,Wilson Chandler,2,0:07,MIA,rebound,,,,,,,,,,Joel Anthony,,,,,,def,,
Carlos Arroyo,Dwyane Wade,Joel Anthony,Quentin Richardson,Udonis Haslem,Chris Duhon,Danilo Gallinari,David Lee,Jared Jeffries,Wilson Chandler,2,0:02,MIA,shot,,,,,,,,,,Quentin Richardson,,,,missed,,3pt,6,23
Carlos Arroyo,Dwyane Wade,Joel Anthony,Quentin Richardson,Udonis Haslem,Chris Duhon,Danilo Gallinari,David Lee,Jared Jeffries,Wilson Chandler,2,0:00,MIA,rebound,,,,,,,,,,Carlos Arroyo,,,,,,off,,
Carlos Arroyo,Dwyane Wade,Jermaine O'Neal,Michael Beasley,Quentin Richardson,Chris Duhon,Danilo Gallinari,David Lee,Jared Jeffries,Wilson Chandler,3,11:36,MIA,shot,,,,,,,,,,Quentin Richardson,,,,missed,,3pt,4,18
Carlos Arroyo,Dwyane Wade,Jermaine O'Neal,Michael Beasley,Quentin Richardson,Chris Duhon,Danilo Gallinari,David Lee,Jared Jeffries,Wilson Chandler,3,11:34,NYK,rebound,,,,,,,,,,David Lee,,,,,,def,,
Carlos Arroyo,Dwyane Wade,Jermaine O'Neal,Michael Beasley,Quentin Richardson,Chris Duhon,Danilo Gallinari,David Lee,Jared Jeffries,Wilson Chandler,3,11:22,NYK,shot,,,,,,,,,,Danilo Gallinari,,,,missed,,3pt,40,25
Carlos Arroyo,Dwyane Wade,Jermaine O'Neal,Michael Beasley,Quentin Richardson,Chris Duhon,Danilo Gallinari,David Lee,Jared Jeffries,Wilson Chandler,3,11:20,MIA,rebound,,,,,,,,,,Jermaine O'Neal,,,,,,def,,
Carlos Arroyo,Dwyane Wade,Jermaine O'Neal,Michael Beasley,Quentin Richardson,Chris Duhon,Danilo Gallinari,David Lee,Jared Jeffries,Wilson Chandler,3,11:13,MIA,shot,,,Chris Duhon,,,,,,,Carlos Arroyo,,,,missed,,jump,16,13
Carlos Arroyo,Dwyane Wade,Jermaine O'Neal,Michael Beasley,Quentin Richardson,Chris Duhon,Danilo Gallinari,David Lee,Jared Jeffries,Wilson Chandler,3,11:11,NYK,rebound,,,,,,,,,,Chris Duhon,,,,,,def,,
Carlos Arroyo,Dwyane Wade,Jermaine O'Neal,Michael Beasley,Quentin Richardson,Chris Duhon,Danilo Gallinari,David Lee,Jared Jeffries,Wilson Chandler,3,10:52,NYK,shot,,,,,,,,,,Wilson Chandler,,,,missed,,3pt,9,25
Carlos Arroyo,Dwyane Wade,Jermaine O'Neal,Michael Beasley,Quentin Richardson,Chris Duhon,Danilo Gallinari,David Lee,Jared Jeffries,Wilson Chandler,3,10:50,MIA,rebound,,,,,,,,,,Jermaine O'Neal,,,,,,def,,
Carlos Arroyo,Dwyane Wade,Jermaine O'Neal,Michael Beasley,Quentin Richardson,Chris Duhon,Danilo Gallinari,David Lee,Jared Jeffries,Wilson Chandler,3,10:44,MIA,shot,,,,,,,,,,Michael Beasley,2,,,made,,jump bank,16,14
Carlos Arroyo,Dwyane Wade,Jermaine O'Neal,Michael Beasley,Quentin Richardson,Chris Duhon,Danilo Gallinari,David Lee,Jared Jeffries,Wilson Chandler,3,10:19,NYK,turnover,,,,,,,,,,Wilson Chandler,,,bad pass,,Carlos Arroyo,,,
Carlos Arroyo,Dwyane Wade,Jermaine O'Neal,Michael Beasley,Quentin Richardson,Chris Duhon,Danilo Gallinari,David Lee,Jared Jeffries,Wilson Chandler,3,10:14,MIA,shot,Carlos Arroyo,,,,,,,,,Dwyane Wade,2,,,made,,driving layup,25,6
Carlos Arroyo,Dwyane Wade,Jermaine O'Neal,Michael Beasley,Quentin Richardson,Chris Duhon,Danilo Gallinari,David Lee,Jared Jeffries,Wilson Chandler,3,9:58,NYK,turnover,,,,,,,,,,Chris Duhon,,,bad pass,,Dwyane Wade,,,
Carlos Arroyo,Dwyane Wade,Jermaine O'Neal,Michael Beasley,Quentin Richardson,Chris Duhon,Danilo Gallinari,David Lee,Jared Jeffries,Wilson Chandler,3,9:44,MIA,shot,,,,,,,,,,Dwyane Wade,2,,,made,,jump,15,21
Carlos Arroyo,Dwyane Wade,Jermaine O'Neal,Michael Beasley,Quentin Richardson,Chris Duhon,Danilo Gallinari,David Lee,Jared Jeffries,Wilson Chandler,3,9:24,NYK,shot,Jared Jeffries,,,,,,,,,Danilo Gallinari,2,,,made,,jump,46,4
Carlos Arroyo,Dwyane Wade,Jermaine O'Neal,Michael Beasley,Quentin Richardson,Chris Duhon,Danilo Gallinari,David Lee,Jared Jeffries,Wilson Chandler,3,9:00,NYK,foul,,,,,,,,Michael Beasley,,Jared Jeffries,,,,,,shooting,,
Carlos Arroyo,Dwyane Wade,Jermaine O'Neal,Michael Beasley,Quentin Richardson,Chris Duhon,Danilo Gallinari,David Lee,Jared Jeffries,Wilson Chandler,3,9:00,MIA,free throw,,,,,,,1,,2,Michael Beasley,,,foul,made,,,,
Carlos Arroyo,Dwyane Wade,Jermaine O'Neal,Michael Beasley,Quentin Richardson,Chris Duhon,Danilo Gallinari,David Lee,Jared Jeffries,Wilson Chandler,3,9:00,MIA,free throw,,,,,,,2,,2,Michael Beasley,,,foul,made,,,,
Carlos Arroyo,Dwyane Wade,Jermaine O'Neal,Michael Beasley,Quentin Richardson,Chris Duhon,Danilo Gallinari,David Lee,Jared Jeffries,Wilson Chandler,3,8:50,NYK,shot,,,,,,,,,,Chris Duhon,,,,missed,,jump,27,13
Carlos Arroyo,Dwyane Wade,Jermaine O'Neal,Michael Beasley,Quentin Richardson,Chris Duhon,Danilo Gallinari,David Lee,Jared Jeffries,Wilson Chandler,3,8:48,NYK,rebound,,,,,,,,,,Chris Duhon,,,,,,off,,
Carlos Arroyo,Dwyane Wade,Jermaine O'Neal,Michael Beasley,Quentin Richardson,Chris Duhon,Danilo Gallinari,David Lee,Jared Jeffries,Wilson Chandler,3,8:48,NYK,shot,,,,,,,,,,Chris Duhon,,,,missed,,tip,25,6
Carlos Arroyo,Dwyane Wade,Jermaine O'Neal,Michael Beasley,Quentin Richardson,Chris Duhon,Danilo Gallinari,David Lee,Jared Jeffries,Wilson Chandler,3,8:47,NYK,rebound,,,,,,,,,,David Lee,,,,,,off,,
Carlos Arroyo,Dwyane Wade,Jermaine O'Neal,Michael Beasley,Quentin Richardson,Chris Duhon,Danilo Gallinari,David Lee,Jared Jeffries,Wilson Chandler,3,8:45,NYK,shot,,,,,,,,,,David Lee,2,,,made,,slam dunk,25,6
Carlos Arroyo,Dwyane Wade,Jermaine O'Neal,Michael Beasley,Quentin Richardson,Chris Duhon,Danilo Gallinari,David Lee,Jared Jeffries,Wilson Chandler,3,8:29,MIA,shot,,,,,,,,,,Jermaine O'Neal,2,,,made,,layup,25,6
Carlos Arroyo,Dwyane Wade,Jermaine O'Neal,Michael Beasley,Quentin Richardson,Chris Duhon,Danilo Gallinari,David Lee,Jared Jeffries,Wilson Chandler,3,8:29,NYK,foul,,,,,,,,Jermaine O'Neal,,David Lee,,,,,,shooting,,
Carlos Arroyo,Dwyane Wade,Jermaine O'Neal,Michael Beasley,Quentin Richardson,Chris Duhon,Danilo Gallinari,David Lee,Jared Jeffries,Wilson Chandler,3,8:29,NYK,violation,,,,,,,,,,David Lee,,,,,,lane,,
Carlos Arroyo,Dwyane Wade,Jermaine O'Neal,Michael Beasley,Quentin Richardson,Chris Duhon,Danilo Gallinari,David Lee,Jared Jeffries,Wilson Chandler,3,8:29,MIA,free throw,,,,,,,1,,1,Jermaine O'Neal,,,foul,made,,,,
Carlos Arroyo,Dwyane Wade,Jermaine O'Neal,Michael Beasley,Quentin Richardson,Chris Duhon,Danilo Gallinari,David Lee,Jared Jeffries,Wilson Chandler,3,8:09,MIA,foul,,,,,,,,Danilo Gallinari,,Quentin Richardson,,,,,,personal,,
Carlos Arroyo,Dwyane Wade,Jermaine O'Neal,Michael Beasley,Quentin Richardson,Chris Duhon,Danilo Gallinari,David Lee,Jared Jeffries,Wilson Chandler,3,7:57,NYK,shot,,,,,,,,,,David Lee,2,,,made,,jump,15,9
Carlos Arroyo,Dwyane Wade,Jermaine O'Neal,Michael Beasley,Quentin Richardson,Chris Duhon,Danilo Gallinari,David Lee,Jared Jeffries,Wilson Chandler,3,7:33,MIA,shot,,,,,,,,,,Michael Beasley,,,,missed,,layup,25,6
Carlos Arroyo,Dwyane Wade,Jermaine O'Neal,Michael Beasley,Quentin Richardson,Chris Duhon,Danilo Gallinari,David Lee,Jared Jeffries,Wilson Chandler,3,7:32,MIA,rebound,,,,,,,,,,Michael Beasley,,,,,,off,,
Carlos Arroyo,Dwyane Wade,Jermaine O'Neal,Michael Beasley,Quentin Richardson,Chris Duhon,Danilo Gallinari,David Lee,Jared Jeffries,Wilson Chandler,3,7:32,NYK,foul,,,,,,,,Michael Beasley,,Jared Jeffries,,,,,,shooting,,
Carlos Arroyo,Dwyane Wade,Jermaine O'Neal,Michael Beasley,Quentin Richardson,Al Harrington,Chris Duhon,Danilo Gallinari,David Lee,Wilson Chandler,3,7:32,NYK,sub,,,,Al Harrington,,Jared Jeffries,,,,,,,,,,,,
Carlos Arroyo,Dwyane Wade,Jermaine O'Neal,Michael Beasley,Quentin Richardson,Al Harrington,Chris Duhon,Danilo Gallinari,David Lee,Wilson Chandler,3,7:32,MIA,free throw,,,,,,,1,,2,Michael Beasley,,,foul,missed,,,,
Carlos Arroyo,Dwyane Wade,Jermaine O'Neal,Michael Beasley,Quentin Richardson,Al Harrington,Chris Duhon,Danilo Gallinari,David Lee,Wilson Chandler,3,7:32,MIA,rebound,,,,,,,,,,,,,,,,,,
Carlos Arroyo,Dwyane Wade,Jermaine O'Neal,Michael Beasley,Quentin Richardson,Al Harrington,Chris Duhon,Danilo Gallinari,David Lee,Wilson Chandler,3,7:32,MIA,free throw,,,,,,,2,,2,Michael Beasley,,,foul,made,,,,
Carlos Arroyo,Dwyane Wade,Jermaine O'Neal,Michael Beasley,Quentin Richardson,Al Harrington,Chris Duhon,Danilo Gallinari,David Lee,Wilson Chandler,3,7:19,NYK,shot,,,,,,,,,,Chris Duhon,2,,,made,,floating jump,36,4
Carlos Arroyo,Dwyane Wade,Jermaine O'Neal,Michael Beasley,Quentin Richardson,Al Harrington,Chris Duhon,Danilo Gallinari,David Lee,Wilson Chandler,3,7:02,MIA,shot,,,,,,,,,,Jermaine O'Neal,,,,missed,,jump,38,17
Carlos Arroyo,Dwyane Wade,Jermaine O'Neal,Michael Beasley,Quentin Richardson,Al Harrington,Chris Duhon,Danilo Gallinari,David Lee,Wilson Chandler,3,7:01,NYK,rebound,,,,,,,,,,Danilo Gallinari,,,,,,def,,
Carlos Arroyo,Dwyane Wade,Jermaine O'Neal,Michael Beasley,Quentin Richardson,Al Harrington,Chris Duhon,Danilo Gallinari,David Lee,Wilson Chandler,3,6:54,MIA,foul,,,,,,,,Chris Duhon,,Carlos Arroyo,,,,,,shooting,,
Carlos Arroyo,Dwyane Wade,Jermaine O'Neal,Michael Beasley,Quentin Richardson,Al Harrington,Chris Duhon,Danilo Gallinari,David Lee,Wilson Chandler,3,6:54,NYK,free throw,,,,,,,1,,2,Chris Duhon,,,foul,made,,,,
Carlos Arroyo,Dwyane Wade,Jermaine O'Neal,Michael Beasley,Quentin Richardson,Al Harrington,Chris Duhon,Danilo Gallinari,David Lee,Wilson Chandler,3,6:54,NYK,free throw,,,,,,,2,,2,Chris Duhon,,,foul,made,,,,
Carlos Arroyo,Dwyane Wade,Jermaine O'Neal,Michael Beasley,Quentin Richardson,Al Harrington,Chris Duhon,Danilo Gallinari,David Lee,Wilson Chandler,3,6:38,MIA,shot,Jermaine O'Neal,,,,,,,,,Michael Beasley,2,,,made,,jump,25,12
Carlos Arroyo,Dwyane Wade,Jermaine O'Neal,Michael Beasley,Quentin Richardson,Al Harrington,Chris Duhon,Danilo Gallinari,David Lee,Wilson Chandler,3,6:21,NYK,shot,,,,,,,,,,Al Harrington,,,,missed,,3pt,47,18
Carlos Arroyo,Dwyane Wade,Jermaine O'Neal,Michael Beasley,Quentin Richardson,Al Harrington,Chris Duhon,Danilo Gallinari,David Lee,Wilson Chandler,3,6:19,NYK,rebound,,,,,,,,,,David Lee,,,,,,off,,
Carlos Arroyo,Dwyane Wade,Jermaine O'Neal,Michael Beasley,Quentin Richardson,Al Harrington,Chris Duhon,Danilo Gallinari,David Lee,Wilson Chandler,3,6:16,NYK,shot,,,,,,,,,,Al Harrington,,,,missed,,layup,25,6
Carlos Arroyo,Dwyane Wade,Jermaine O'Neal,Michael Beasley,Quentin Richardson,Al Harrington,Chris Duhon,Danilo Gallinari,David Lee,Wilson Chandler,3,6:15,NYK,rebound,,,,,,,,,,Danilo Gallinari,,,,,,off,,
Carlos Arroyo,Dwyane Wade,Jermaine O'Neal,Michael Beasley,Quentin Richardson,Al Harrington,Chris Duhon,Danilo Gallinari,David Lee,Wilson Chandler,3,6:15,NYK,shot,,,,,,,,,,Danilo Gallinari,2,,,made,,tip,25,6
Carlos Arroyo,Dwyane Wade,Jermaine O'Neal,Michael Beasley,Quentin Richardson,Al Harrington,Chris Duhon,Danilo Gallinari,David Lee,Wilson Chandler,3,5:56,MIA,shot,,,,,,,,,,Dwyane Wade,,,,missed,,jump,21,9
Carlos Arroyo,Dwyane Wade,Jermaine O'Neal,Michael Beasley,Quentin Richardson,Al Harrington,Chris Duhon,Danilo Gallinari,David Lee,Wilson Chandler,3,5:55,MIA,rebound,,,,,,,,,,Dwyane Wade,,,,,,off,,
Carlos Arroyo,Dwyane Wade,Jermaine O'Neal,Michael Beasley,Quentin Richardson,Al Harrington,Chris Duhon,Danilo Gallinari,David Lee,Wilson Chandler,3,5:55,MIA,shot,,,,,,,,,,Dwyane Wade,2,,,made,,tip,25,6
Carlos Arroyo,Dwyane Wade,Jermaine O'Neal,Michael Beasley,Quentin Richardson,Al Harrington,Chris Duhon,Danilo Gallinari,David Lee,Wilson Chandler,3,5:31,NYK,shot,,,,,,,,,,Al Harrington,,,,missed,,jump,16,9
Carlos Arroyo,Dwyane Wade,Jermaine O'Neal,Michael Beasley,Quentin Richardson,Al Harrington,Chris Duhon,Danilo Gallinari,David Lee,Wilson Chandler,3,5:29,MIA,rebound,,,,,,,,,,Jermaine O'Neal,,,,,,def,,
Carlos Arroyo,Dwyane Wade,Jermaine O'Neal,Michael Beasley,Quentin Richardson,Al Harrington,Chris Duhon,Danilo Gallinari,David Lee,Wilson Chandler,3,5:18,MIA,shot,,,,,,,,,,Dwyane Wade,,,,missed,,jump,19,24
Carlos Arroyo,Dwyane Wade,Jermaine O'Neal,Michael Beasley,Quentin Richardson,Al Harrington,Chris Duhon,Danilo Gallinari,David Lee,Wilson Chandler,3,5:16,NYK,rebound,,,,,,,,,,Danilo Gallinari,,,,,,def,,
Carlos Arroyo,Dwyane Wade,Jermaine O'Neal,Michael Beasley,Quentin Richardson,Al Harrington,Chris Duhon,Danilo Gallinari,David Lee,Wilson Chandler,3,5:12,NYK,turnover,,,,,,,,,,Chris Duhon,,,bad pass,,Dwyane Wade,,,
Carlos Arroyo,Dwyane Wade,Jermaine O'Neal,Michael Beasley,Quentin Richardson,Al Harrington,Chris Duhon,Danilo Gallinari,David Lee,Wilson Chandler,3,5:04,MIA,shot,,,,,,,,,,Carlos Arroyo,,,,missed,,jump,39,15
Carlos Arroyo,Dwyane Wade,Jermaine O'Neal,Michael Beasley,Quentin Richardson,Al Harrington,Chris Duhon,Danilo Gallinari,David Lee,Wilson Chandler,3,5:02,NYK,rebound,,,,,,,,,,Wilson Chandler,,,,,,def,,
Carlos Arroyo,Dwyane Wade,Jermaine O'Neal,Michael Beasley,Quentin Richardson,Al Harrington,Chris Duhon,Danilo Gallinari,David Lee,Wilson Chandler,3,4:42,NYK,shot,,,,,,,,,,Al Harrington,,,,missed,,3pt,35,29
Carlos Arroyo,Dwyane Wade,Jermaine O'Neal,Michael Beasley,Quentin Richardson,Al Harrington,Chris Duhon,Danilo Gallinari,David Lee,Wilson Chandler,3,4:40,NYK,rebound,,,,,,,,,,David Lee,,,,,,off,,
Carlos Arroyo,Dwyane Wade,Jermaine O'Neal,Michael Beasley,Quentin Richardson,Al Harrington,Chris Duhon,Danilo Gallinari,David Lee,Wilson Chandler,3,4:39,NYK,shot,,,,,,,,,,Danilo Gallinari,,,,missed,,layup,25,6
Carlos Arroyo,Dwyane Wade,Jermaine O'Neal,Michael Beasley,Quentin Richardson,Al Harrington,Chris Duhon,Danilo Gallinari,David Lee,Wilson Chandler,3,4:38,NYK,rebound,,,,,,,,,,Al Harrington,,,,,,off,,
Carlos Arroyo,Dwyane Wade,Jermaine O'Neal,Michael Beasley,Quentin Richardson,Al Harrington,Chris Duhon,Danilo Gallinari,David Lee,Wilson Chandler,3,4:38,NYK,shot,,,,,,,,,,Al Harrington,,,,missed,,putback slam dunk,25,6
Carlos Arroyo,Dwyane Wade,Jermaine O'Neal,Michael Beasley,Quentin Richardson,Al Harrington,Chris Duhon,Danilo Gallinari,David Lee,Wilson Chandler,3,4:37,MIA,rebound,,,,,,,,,,,,,,,,,,
Carlos Arroyo,Dwyane Wade,Jermaine O'Neal,Michael Beasley,Quentin Richardson,Al Harrington,Chris Duhon,Danilo Gallinari,David Lee,Wilson Chandler,3,4:37,NYK,foul,,,,,,,,Carlos Arroyo,,Al Harrington,,,,,,loose ball,,
Carlos Arroyo,Dwyane Wade,Jermaine O'Neal,Michael Beasley,Quentin Richardson,Al Harrington,Chris Duhon,Danilo Gallinari,David Lee,Wilson Chandler,3,4:37,NYK,timeout,,,,,,,,,,,,,,,,regular,,
Carlos Arroyo,Dwyane Wade,Jermaine O'Neal,Quentin Richardson,Udonis Haslem,Al Harrington,Chris Duhon,Danilo Gallinari,David Lee,Wilson Chandler,3,4:37,MIA,sub,,,,Udonis Haslem,,Michael Beasley,,,,,,,,,,,,
Carlos Arroyo,Dwyane Wade,Jermaine O'Neal,Quentin Richardson,Udonis Haslem,Al Harrington,Chris Duhon,Danilo Gallinari,David Lee,Wilson Chandler,3,4:22,MIA,turnover,,,,,,,,,,Dwyane Wade,,,lost ball,,Chris Duhon,,,
Carlos Arroyo,Dwyane Wade,Jermaine O'Neal,Quentin Richardson,Udonis Haslem,Al Harrington,Chris Duhon,Danilo Gallinari,David Lee,Wilson Chandler,3,3:58,NYK,turnover,,,,,,,,,,,,,shot clock turnover,,,,,
Carlos Arroyo,Dwyane Wade,Joel Anthony,Quentin Richardson,Udonis Haslem,Al Harrington,Chris Duhon,Danilo Gallinari,David Lee,Wilson Chandler,3,3:58,MIA,sub,,,,Joel Anthony,,Jermaine O'Neal,,,,,,,,,,,,
Carlos Arroyo,Dwyane Wade,Joel Anthony,Quentin Richardson,Udonis Haslem,Al Harrington,Danilo Gallinari,David Lee,Larry Hughes,Wilson Chandler,3,3:58,NYK,sub,,,,Larry Hughes,,Chris Duhon,,,,,,,,,,,,
Carlos Arroyo,Dwyane Wade,Joel Anthony,Quentin Richardson,Udonis Haslem,Al Harrington,Danilo Gallinari,David Lee,Larry Hughes,Wilson Chandler,3,3:37,MIA,turnover,,,,,,,,,,Quentin Richardson,,,lost ball,,Wilson Chandler,,,
Dwyane Wade,Joel Anthony,Mario Chalmers,Quentin Richardson,Udonis Haslem,Al Harrington,Danilo Gallinari,David Lee,Larry Hughes,Wilson Chandler,3,3:21,MIA,sub,,,,Mario Chalmers,,Carlos Arroyo,,,,,,,,,,,,
Dwyane Wade,Joel Anthony,Mario Chalmers,Quentin Richardson,Udonis Haslem,Al Harrington,Danilo Gallinari,David Lee,Larry Hughes,Wilson Chandler,3,3:18,NYK,shot,,,,,,,,,,David Lee,,,,missed,,jump,19,15
Dwyane Wade,Joel Anthony,Mario Chalmers,Quentin Richardson,Udonis Haslem,Al Harrington,Danilo Gallinari,David Lee,Larry Hughes,Wilson Chandler,3,3:16,MIA,rebound,,,,,,,,,,Dwyane Wade,,,,,,def,,
Dwyane Wade,Joel Anthony,Mario Chalmers,Quentin Richardson,Udonis Haslem,Al Harrington,Danilo Gallinari,David Lee,Larry Hughes,Wilson Chandler,3,3:08,MIA,shot,,,,,,,,,,Dwyane Wade,,,,missed,,jump,13,15
Dwyane Wade,Joel Anthony,Mario Chalmers,Quentin Richardson,Udonis Haslem,Al Harrington,Danilo Gallinari,David Lee,Larry Hughes,Wilson Chandler,3,3:06,NYK,rebound,,,,,,,,,,Danilo Gallinari,,,,,,def,,
Dwyane Wade,Joel Anthony,Mario Chalmers,Quentin Richardson,Udonis Haslem,Al Harrington,Danilo Gallinari,David Lee,Larry Hughes,Wilson Chandler,3,3:05,MIA,foul,,,,,,,,Larry Hughes,,Dwyane Wade,,,,,,personal,,
Dwyane Wade,Joel Anthony,Mario Chalmers,Quentin Richardson,Udonis Haslem,Al Harrington,Danilo Gallinari,David Lee,Larry Hughes,Wilson Chandler,3,2:55,NYK,shot,Danilo Gallinari,,,,,,,,,Wilson Chandler,2,,,made,,jump,20,23
Dwyane Wade,Joel Anthony,Mario Chalmers,Quentin Richardson,Udonis Haslem,Al Harrington,Danilo Gallinari,David Lee,Larry Hughes,Wilson Chandler,3,2:33,MIA,shot,,,,,,,,,,Udonis Haslem,,,,missed,,jump,37,21
Dwyane Wade,Joel Anthony,Mario Chalmers,Quentin Richardson,Udonis Haslem,Al Harrington,Danilo Gallinari,David Lee,Larry Hughes,Wilson Chandler,3,2:32,NYK,rebound,,,,,,,,,,Larry Hughes,,,,,,def,,
Dwyane Wade,Joel Anthony,Mario Chalmers,Quentin Richardson,Udonis Haslem,Al Harrington,Danilo Gallinari,David Lee,Larry Hughes,Wilson Chandler,3,2:26,NYK,shot,,,,,,,,,,Wilson Chandler,,,,missed,,jump,43,8
Dwyane Wade,Joel Anthony,Mario Chalmers,Quentin Richardson,Udonis Haslem,Al Harrington,Danilo Gallinari,David Lee,Larry Hughes,Wilson Chandler,3,2:24,MIA,rebound,,,,,,,,,,Udonis Haslem,,,,,,def,,
Dwyane Wade,Joel Anthony,Mario Chalmers,Quentin Richardson,Udonis Haslem,Al Harrington,Danilo Gallinari,David Lee,Larry Hughes,Wilson Chandler,3,2:22,NYK,foul,,,,,,,,Dwyane Wade,,Larry Hughes,,,,,,personal,,
Dwyane Wade,Joel Anthony,Mario Chalmers,Quentin Richardson,Udonis Haslem,Al Harrington,Danilo Gallinari,David Lee,Larry Hughes,Wilson Chandler,3,2:22,MIA,timeout,,,,,,,,,,,,,,,,regular,,
Dwyane Wade,Joel Anthony,Mario Chalmers,Quentin Richardson,Udonis Haslem,Al Harrington,David Lee,Jonathan Bender,Larry Hughes,Wilson Chandler,3,2:22,NYK,sub,,,,Jonathan Bender,,Danilo Gallinari,,,,,,,,,,,,
Dwyane Wade,Joel Anthony,Mario Chalmers,Quentin Richardson,Udonis Haslem,Al Harrington,David Lee,Jonathan Bender,Larry Hughes,Wilson Chandler,3,2:22,MIA,free throw,,,,,,,1,,2,Dwyane Wade,,,foul,made,,,,
Dwyane Wade,Joel Anthony,Mario Chalmers,Quentin Richardson,Udonis Haslem,Al Harrington,David Lee,Jonathan Bender,Larry Hughes,Wilson Chandler,3,2:22,MIA,free throw,,,,,,,2,,2,Dwyane Wade,,,foul,made,,,,
Dwyane Wade,Joel Anthony,Mario Chalmers,Quentin Richardson,Udonis Haslem,Al Harrington,David Lee,Jonathan Bender,Larry Hughes,Wilson Chandler,3,2:09,MIA,foul,,,,,,,,Larry Hughes,,Quentin Richardson,,,,,,personal,,
Dorell Wright,Dwyane Wade,Joel Anthony,Mario Chalmers,Udonis Haslem,Al Harrington,David Lee,Jonathan Bender,Larry Hughes,Wilson Chandler,3,2:09,MIA,sub,,,,Dorell Wright,,Quentin Richardson,,,,,,,,,,,,
Dorell Wright,Dwyane Wade,Joel Anthony,Mario Chalmers,Udonis Haslem,Al Harrington,David Lee,Jonathan Bender,Larry Hughes,Wilson Chandler,3,2:04,NYK,turnover,,,,,,,,,,Jonathan Bender,,,lost ball,,Mario Chalmers,,,
Dorell Wright,Dwyane Wade,Joel Anthony,Mario Chalmers,Udonis Haslem,Al Harrington,David Lee,Jonathan Bender,Larry Hughes,Wilson Chandler,3,2:01,MIA,turnover,,,,,,,,,,Mario Chalmers,,,bad pass,,,,,
Dorell Wright,Dwyane Wade,Joel Anthony,Mario Chalmers,Udonis Haslem,Al Harrington,David Lee,Jonathan Bender,Larry Hughes,Wilson Chandler,3,1:49,NYK,shot,,,,,,,,,,David Lee,,,,missed,,jump,9,6
Dorell Wright,Dwyane Wade,Joel Anthony,Mario Chalmers,Udonis Haslem,Al Harrington,David Lee,Jonathan Bender,Larry Hughes,Wilson Chandler,3,1:47,MIA,rebound,,,,,,,,,,Dorell Wright,,,,,,def,,
Dorell Wright,Dwyane Wade,Joel Anthony,Mario Chalmers,Udonis Haslem,Al Harrington,David Lee,Jonathan Bender,Larry Hughes,Wilson Chandler,3,1:25,MIA,shot,,,,,,,,,,Dwyane Wade,,,,missed,,jump,29,21
Dorell Wright,Dwyane Wade,Joel Anthony,Mario Chalmers,Udonis Haslem,Al Harrington,David Lee,Jonathan Bender,Larry Hughes,Wilson Chandler,3,1:23,NYK,rebound,,,,,,,,,,David Lee,,,,,,def,,
Dorell Wright,Dwyane Wade,Joel Anthony,Mario Chalmers,Udonis Haslem,Al Harrington,David Lee,Jonathan Bender,Larry Hughes,Wilson Chandler,3,1:17,MIA,foul,,,,,,,,Larry Hughes,,Joel Anthony,,,,,,shooting,,
Dorell Wright,Dwyane Wade,Joel Anthony,Mario Chalmers,Udonis Haslem,Al Harrington,David Lee,Jonathan Bender,Larry Hughes,Wilson Chandler,3,1:17,NYK,free throw,,,,,,,1,,2,Larry Hughes,,,foul,missed,,,,
Dorell Wright,Dwyane Wade,Joel Anthony,Mario Chalmers,Udonis Haslem,Al Harrington,David Lee,Jonathan Bender,Larry Hughes,Wilson Chandler,3,1:17,NYK,rebound,,,,,,,,,,,,,,,,,,
Dorell Wright,Dwyane Wade,Joel Anthony,Mario Chalmers,Udonis Haslem,Al Harrington,David Lee,Jonathan Bender,Larry Hughes,Wilson Chandler,3,1:17,NYK,free throw,,,,,,,2,,2,Larry Hughes,,,foul,made,,,,
Dorell Wright,Dwyane Wade,Joel Anthony,Mario Chalmers,Udonis Haslem,Al Harrington,David Lee,Jonathan Bender,Larry Hughes,Wilson Chandler,3,0:54,MIA,shot,Dwyane Wade,,,,,,,,,Udonis Haslem,2,,,made,,jump,11,11
Dorell Wright,Dwyane Wade,Joel Anthony,Mario Chalmers,Udonis Haslem,Al Harrington,David Lee,Jonathan Bender,Larry Hughes,Wilson Chandler,3,0:39,NYK,shot,,,,,,,,,,Al Harrington,,,,missed,,driving layup,25,6
Dorell Wright,Dwyane Wade,Joel Anthony,Mario Chalmers,Udonis Haslem,Al Harrington,David Lee,Jonathan Bender,Larry Hughes,Wilson Chandler,3,0:38,MIA,rebound,,,,,,,,,,Dwyane Wade,,,,,,def,,
Dorell Wright,Dwyane Wade,Joel Anthony,Mario Chalmers,Udonis Haslem,Al Harrington,David Lee,Jonathan Bender,Larry Hughes,Wilson Chandler,3,0:31,NYK,foul,,,,,,,,Mario Chalmers,,Larry Hughes,,,,,,personal,,
Dorell Wright,Dwyane Wade,Joel Anthony,Mario Chalmers,Udonis Haslem,Al Harrington,David Lee,Jonathan Bender,Larry Hughes,Wilson Chandler,3,0:31,MIA,free throw,,,,,,,1,,2,Mario Chalmers,,,foul,made,,,,
Dorell Wright,Dwyane Wade,Joel Anthony,Mario Chalmers,Udonis Haslem,Al Harrington,David Lee,Jonathan Bender,Larry Hughes,Wilson Chandler,3,0:31,MIA,free throw,,,,,,,2,,2,Mario Chalmers,,,foul,missed,,,,
Dorell Wright,Dwyane Wade,Joel Anthony,Mario Chalmers,Udonis Haslem,Al Harrington,David Lee,Jonathan Bender,Larry Hughes,Wilson Chandler,3,0:30,NYK,rebound,,,,,,,,,,Larry Hughes,,,,,,def,,
Dorell Wright,Dwyane Wade,Joel Anthony,Mario Chalmers,Udonis Haslem,Al Harrington,David Lee,Jonathan Bender,Larry Hughes,Wilson Chandler,3,0:19,MIA,foul,,,,,,,,Larry Hughes,,Joel Anthony,,,,,,shooting,,
Dorell Wright,Dwyane Wade,Joel Anthony,Mario Chalmers,Udonis Haslem,Al Harrington,David Lee,Jonathan Bender,Larry Hughes,Wilson Chandler,3,0:19,NYK,free throw,,,,,,,1,,2,Larry Hughes,,,foul,made,,,,
Dorell Wright,Dwyane Wade,Joel Anthony,Mario Chalmers,Udonis Haslem,Al Harrington,David Lee,Jonathan Bender,Larry Hughes,Wilson Chandler,3,0:19,NYK,free throw,,,,,,,2,,2,Larry Hughes,,,foul,made,,,,
Dorell Wright,Dwyane Wade,Joel Anthony,Mario Chalmers,Udonis Haslem,Al Harrington,David Lee,Jonathan Bender,Larry Hughes,Wilson Chandler,3,0:10,NYK,foul,,,,,,,,Dwyane Wade,,Larry Hughes,,,,,,personal,,
Dorell Wright,Dwyane Wade,Joel Anthony,Mario Chalmers,Udonis Haslem,Al Harrington,David Lee,Jonathan Bender,Larry Hughes,Wilson Chandler,3,0:10,MIA,free throw,,,,,,,1,,2,Dwyane Wade,,,foul,made,,,,
Dorell Wright,Dwyane Wade,Joel Anthony,Mario Chalmers,Udonis Haslem,Al Harrington,David Lee,Jonathan Bender,Larry Hughes,Wilson Chandler,3,0:10,MIA,free throw,,,,,,,2,,2,Dwyane Wade,,,foul,made,,,,
Dorell Wright,Dwyane Wade,Joel Anthony,Mario Chalmers,Udonis Haslem,Al Harrington,David Lee,Jonathan Bender,Larry Hughes,Wilson Chandler,3,0:02,NYK,shot,,,,,,,,,,Al Harrington,,,,missed,,3pt,5,22
Dorell Wright,Dwyane Wade,Joel Anthony,Mario Chalmers,Udonis Haslem,Al Harrington,David Lee,Jonathan Bender,Larry Hughes,Wilson Chandler,3,0:00,MIA,rebound,,,,,,,,,,Dwyane Wade,,,,,,def,,
Dorell Wright,Joel Anthony,Mario Chalmers,Michael Beasley,Udonis Haslem,Al Harrington,Chris Duhon,Danilo Gallinari,David Lee,Larry Hughes,4,11:44,NYK,shot,,,,,,,,,,Danilo Gallinari,,,,missed,,3pt,36,28
Dorell Wright,Joel Anthony,Mario Chalmers,Michael Beasley,Udonis Haslem,Al Harrington,Chris Duhon,Danilo Gallinari,David Lee,Larry Hughes,4,11:42,MIA,rebound,,,,,,,,,,Udonis Haslem,,,,,,def,,
Dorell Wright,Joel Anthony,Mario Chalmers,Michael Beasley,Udonis Haslem,Al Harrington,Chris Duhon,Danilo Gallinari,David Lee,Larry Hughes,4,11:29,NYK,foul,,,,,,,,Udonis Haslem,,Al Harrington,,,,,,shooting,,
Dorell Wright,Joel Anthony,Mario Chalmers,Michael Beasley,Udonis Haslem,Al Harrington,Chris Duhon,Danilo Gallinari,David Lee,Larry Hughes,4,11:29,MIA,free throw,,,,,,,1,,2,Udonis Haslem,,,foul,made,,,,
Dorell Wright,Joel Anthony,Mario Chalmers,Michael Beasley,Udonis Haslem,Al Harrington,Chris Duhon,Danilo Gallinari,David Lee,Larry Hughes,4,11:29,MIA,free throw,,,,,,,2,,2,Udonis Haslem,,,foul,made,,,,
Dorell Wright,Joel Anthony,Mario Chalmers,Michael Beasley,Udonis Haslem,Al Harrington,Chris Duhon,Danilo Gallinari,David Lee,Larry Hughes,4,11:13,NYK,shot,Chris Duhon,,,,,,,,,Danilo Gallinari,2,,,made,,jump bank,16,9
Dorell Wright,Joel Anthony,Mario Chalmers,Michael Beasley,Udonis Haslem,Al Harrington,Chris Duhon,Danilo Gallinari,David Lee,Larry Hughes,4,11:13,MIA,foul,,,,,,,,Danilo Gallinari,,Michael Beasley,,,,,,shooting,,
Daequan Cook,Dorell Wright,Mario Chalmers,Michael Beasley,Udonis Haslem,Al Harrington,Chris Duhon,Danilo Gallinari,David Lee,Larry Hughes,4,11:13,MIA,sub,,,,Daequan Cook,,Joel Anthony,,,,,,,,,,,,
Daequan Cook,Dorell Wright,Mario Chalmers,Michael Beasley,Udonis Haslem,Al Harrington,Chris Duhon,Danilo Gallinari,David Lee,Larry Hughes,4,11:13,NYK,free throw,,,,,,,1,,1,Danilo Gallinari,,,foul,made,,,,
Daequan Cook,Dorell Wright,Mario Chalmers,Michael Beasley,Udonis Haslem,Al Harrington,Chris Duhon,Danilo Gallinari,David Lee,Larry Hughes,4,10:50,MIA,shot,,,,,,,,,,Michael Beasley,2,,,made,,running jump,31,9
Daequan Cook,Dorell Wright,Mario Chalmers,Michael Beasley,Udonis Haslem,Al Harrington,Chris Duhon,Danilo Gallinari,David Lee,Larry Hughes,4,10:31,NYK,foul,,,,,,,,Dorell Wright,,Danilo Gallinari,,,,,,offensive,,
Daequan Cook,Dorell Wright,Mario Chalmers,Michael Beasley,Udonis Haslem,Al Harrington,Chris Duhon,Danilo Gallinari,David Lee,Larry Hughes,4,10:31,NYK,turnover,,,,,,,,,,Danilo Gallinari,,,foul,,,,,
Daequan Cook,Dorell Wright,Mario Chalmers,Michael Beasley,Udonis Haslem,Al Harrington,Chris Duhon,Danilo Gallinari,David Lee,Larry Hughes,4,10:13,MIA,shot,,,,,,,,,,Michael Beasley,,,,missed,,jump,7,11
Daequan Cook,Dorell Wright,Mario Chalmers,Michael Beasley,Udonis Haslem,Al Harrington,Chris Duhon,Danilo Gallinari,David Lee,Larry Hughes,4,10:11,NYK,rebound,,,,,,,,,,Larry Hughes,,,,,,def,,
Daequan Cook,Dorell Wright,Mario Chalmers,Michael Beasley,Udonis Haslem,Al Harrington,Chris Duhon,Danilo Gallinari,David Lee,Larry Hughes,4,10:04,MIA,foul,,,,,,,,David Lee,,Dorell Wright,,,,,,shooting,,
Daequan Cook,Dorell Wright,Mario Chalmers,Michael Beasley,Udonis Haslem,Al Harrington,Chris Duhon,Danilo Gallinari,David Lee,Larry Hughes,4,10:04,NYK,free throw,,,,,,,1,,2,David Lee,,,foul,made,,,,
Daequan Cook,Dorell Wright,Mario Chalmers,Michael Beasley,Udonis Haslem,Al Harrington,Chris Duhon,Danilo Gallinari,David Lee,Larry Hughes,4,10:04,NYK,free throw,,,,,,,2,,2,David Lee,,,foul,missed,,,,
Daequan Cook,Dorell Wright,Mario Chalmers,Michael Beasley,Udonis Haslem,Al Harrington,Chris Duhon,Danilo Gallinari,David Lee,Larry Hughes,4,10:03,MIA,rebound,,,,,,,,,,Dorell Wright,,,,,,def,,
Daequan Cook,Dorell Wright,Mario Chalmers,Michael Beasley,Udonis Haslem,Al Harrington,Chris Duhon,Danilo Gallinari,David Lee,Larry Hughes,4,9:39,MIA,shot,,,,,,,,,,Udonis Haslem,,,,missed,,jump,11,5
Daequan Cook,Dorell Wright,Mario Chalmers,Michael Beasley,Udonis Haslem,Al Harrington,Chris Duhon,Danilo Gallinari,David Lee,Larry Hughes,4,9:37,MIA,rebound,,,,,,,,,,Dorell Wright,,,,,,off,,
Daequan Cook,Dorell Wright,Mario Chalmers,Michael Beasley,Udonis Haslem,Al Harrington,Chris Duhon,Danilo Gallinari,David Lee,Larry Hughes,4,9:25,MIA,shot,,,,,,,,,,Mario Chalmers,2,,,made,,jump,36,15
Daequan Cook,Dorell Wright,Mario Chalmers,Michael Beasley,Udonis Haslem,Al Harrington,Chris Duhon,Danilo Gallinari,David Lee,Larry Hughes,4,9:07,NYK,shot,,,Dorell Wright,,,,,,,David Lee,,,,missed,,layup,25,6
Daequan Cook,Dorell Wright,Mario Chalmers,Michael Beasley,Udonis Haslem,Al Harrington,Chris Duhon,Danilo Gallinari,David Lee,Larry Hughes,4,9:06,MIA,rebound,,,,,,,,,,Udonis Haslem,,,,,,def,,
Daequan Cook,Dorell Wright,Mario Chalmers,Michael Beasley,Udonis Haslem,Al Harrington,Chris Duhon,Danilo Gallinari,David Lee,Larry Hughes,4,8:46,MIA,shot,,,,,,,,,,Michael Beasley,2,,,made,,jump,21,10
Daequan Cook,Dorell Wright,Mario Chalmers,Michael Beasley,Udonis Haslem,Al Harrington,Chris Duhon,Danilo Gallinari,David Lee,Larry Hughes,4,8:43,NYK,timeout,,,,,,,,,,,,,,,,regular,,
Daequan Cook,Dorell Wright,Mario Chalmers,Michael Beasley,Udonis Haslem,Al Harrington,Chris Duhon,Danilo Gallinari,Larry Hughes,Wilson Chandler,4,8:43,NYK,sub,,,,Wilson Chandler,,David Lee,,,,,,,,,,,,
Daequan Cook,Dorell Wright,Mario Chalmers,Michael Beasley,Udonis Haslem,Al Harrington,Chris Duhon,Danilo Gallinari,Larry Hughes,Wilson Chandler,4,8:25,NYK,shot,,,,,,,,,,Danilo Gallinari,3,,,made,,3pt,8,25
Daequan Cook,Dorell Wright,Mario Chalmers,Michael Beasley,Udonis Haslem,Al Harrington,Chris Duhon,Danilo Gallinari,Larry Hughes,Wilson Chandler,4,8:09,MIA,shot,,,,,,,,,,Michael Beasley,2,,,made,,driving layup,25,6
Daequan Cook,Dorell Wright,Mario Chalmers,Michael Beasley,Udonis Haslem,Al Harrington,Chris Duhon,Danilo Gallinari,Larry Hughes,Wilson Chandler,4,7:54,MIA,foul,,,,,,,,Danilo Gallinari,,Udonis Haslem,,,,,,shooting,,
Daequan Cook,Dorell Wright,Mario Chalmers,Michael Beasley,Udonis Haslem,Al Harrington,Chris Duhon,Danilo Gallinari,Larry Hughes,Wilson Chandler,4,7:54,NYK,free throw,,,,,,,1,,2,Danilo Gallinari,,,foul,made,,,,
Daequan Cook,Dorell Wright,Mario Chalmers,Michael Beasley,Udonis Haslem,Al Harrington,Chris Duhon,Danilo Gallinari,Larry Hughes,Wilson Chandler,4,7:54,NYK,free throw,,,,,,,2,,2,Danilo Gallinari,,,foul,made,,,,
Daequan Cook,Dorell Wright,Mario Chalmers,Michael Beasley,Udonis Haslem,Al Harrington,Chris Duhon,Danilo Gallinari,Larry Hughes,Wilson Chandler,4,7:39,MIA,shot,,,,,,,,,,Michael Beasley,,,,missed,,jump,7,7
Daequan Cook,Dorell Wright,Mario Chalmers,Michael Beasley,Udonis Haslem,Al Harrington,Chris Duhon,Danilo Gallinari,Larry Hughes,Wilson Chandler,4,7:37,NYK,rebound,,,,,,,,,,Al Harrington,,,,,,def,,
Daequan Cook,Dorell Wright,Mario Chalmers,Michael Beasley,Udonis Haslem,Al Harrington,Chris Duhon,Danilo Gallinari,Larry Hughes,Wilson Chandler,4,7:35,NYK,timeout,,,,,,,,,,,,,,,,short,,
Dorell Wright,Dwyane Wade,Mario Chalmers,Michael Beasley,Udonis Haslem,Al Harrington,Chris Duhon,Danilo Gallinari,Larry Hughes,Wilson Chandler,4,7:35,MIA,sub,,,,Dwyane Wade,,Daequan Cook,,,,,,,,,,,,
Dorell Wright,Dwyane Wade,Mario Chalmers,Michael Beasley,Udonis Haslem,Al Harrington,Chris Duhon,Danilo Gallinari,Larry Hughes,Wilson Chandler,4,7:22,NYK,turnover,,,,,,,,,,Danilo Gallinari,,,traveling,,,,,
Dorell Wright,Dwyane Wade,Mario Chalmers,Michael Beasley,Udonis Haslem,Al Harrington,Chris Duhon,Danilo Gallinari,Larry Hughes,Wilson Chandler,4,7:09,MIA,turnover,,,,,,,,,,Udonis Haslem,,,3 second violation,,,,,
Dorell Wright,Dwyane Wade,Mario Chalmers,Michael Beasley,Udonis Haslem,Al Harrington,Chris Duhon,Danilo Gallinari,Larry Hughes,Wilson Chandler,4,6:54,MIA,foul,,,,,,,,Wilson Chandler,,Dorell Wright,,,,,,shooting,,
Dorell Wright,Dwyane Wade,Mario Chalmers,Michael Beasley,Udonis Haslem,Al Harrington,Chris Duhon,Danilo Gallinari,Larry Hughes,Wilson Chandler,4,6:54,NYK,free throw,,,,,,,1,,2,Wilson Chandler,,,foul,made,,,,
Dorell Wright,Dwyane Wade,Mario Chalmers,Michael Beasley,Udonis Haslem,Al Harrington,Chris Duhon,Danilo Gallinari,Larry Hughes,Wilson Chandler,4,6:54,NYK,free throw,,,,,,,2,,2,Wilson Chandler,,,foul,made,,,,
Dorell Wright,Dwyane Wade,Mario Chalmers,Michael Beasley,Udonis Haslem,Al Harrington,Chris Duhon,Danilo Gallinari,Larry Hughes,Wilson Chandler,4,6:38,MIA,turnover,,,,,,,,,,Dwyane Wade,,,bad pass,,Chris Duhon,,,
Dorell Wright,Dwyane Wade,Mario Chalmers,Michael Beasley,Udonis Haslem,Al Harrington,Chris Duhon,Danilo Gallinari,Larry Hughes,Wilson Chandler,4,6:24,NYK,shot,,,,,,,,,,Larry Hughes,,,,missed,,jump,12,21
Dorell Wright,Dwyane Wade,Mario Chalmers,Michael Beasley,Udonis Haslem,Al Harrington,Chris Duhon,Danilo Gallinari,Larry Hughes,Wilson Chandler,4,6:22,MIA,rebound,,,,,,,,,,Dorell Wright,,,,,,def,,
Dorell Wright,Dwyane Wade,Mario Chalmers,Michael Beasley,Udonis Haslem,Al Harrington,Chris Duhon,Danilo Gallinari,Larry Hughes,Wilson Chandler,4,6:14,MIA,shot,,,,,,,,,,Mario Chalmers,,,,missed,,driving layup,25,6
Dorell Wright,Dwyane Wade,Mario Chalmers,Michael Beasley,Udonis Haslem,Al Harrington,Chris Duhon,Danilo Gallinari,Larry Hughes,Wilson Chandler,4,6:13,NYK,rebound,,,,,,,,,,Al Harrington,,,,,,def,,
Dorell Wright,Dwyane Wade,Mario Chalmers,Michael Beasley,Udonis Haslem,Al Harrington,Chris Duhon,Danilo Gallinari,Larry Hughes,Wilson Chandler,4,6:03,NYK,shot,,,,,,,,,,Al Harrington,2,,,made,,driving layup,25,6
Dorell Wright,Dwyane Wade,Mario Chalmers,Michael Beasley,Udonis Haslem,Al Harrington,Chris Duhon,Danilo Gallinari,Larry Hughes,Wilson Chandler,4,6:01,NYK,foul,,,,,,,,,,Al Harrington,,,,,,technical,,
Dorell Wright,Dwyane Wade,Mario Chalmers,Michael Beasley,Udonis Haslem,Al Harrington,Chris Duhon,Danilo Gallinari,Larry Hughes,Wilson Chandler,4,6:01,MIA,timeout,,,,,,,,,,,,,,,,regular,,
Dorell Wright,Dwyane Wade,Mario Chalmers,Michael Beasley,Udonis Haslem,Al Harrington,Chris Duhon,Danilo Gallinari,David Lee,Wilson Chandler,4,6:01,NYK,sub,,,,David Lee,,Larry Hughes,,,,,,,,,,,,
Dwyane Wade,Mario Chalmers,Michael Beasley,Quentin Richardson,Udonis Haslem,Al Harrington,Chris Duhon,Danilo Gallinari,David Lee,Wilson Chandler,4,6:01,MIA,sub,,,,Quentin Richardson,,Dorell Wright,,,,,,,,,,,,
Dwyane Wade,Mario Chalmers,Michael Beasley,Quentin Richardson,Udonis Haslem,Al Harrington,Chris Duhon,Danilo Gallinari,David Lee,Wilson Chandler,4,6:01,MIA,free throw,,,,,,,1,,1,Mario Chalmers,,,technical,made,,,,
Dwyane Wade,Mario Chalmers,Michael Beasley,Quentin Richardson,Udonis Haslem,Al Harrington,Chris Duhon,Danilo Gallinari,David Lee,Wilson Chandler,4,5:47,MIA,shot,,,,,,,,,,Dwyane Wade,2,,,made,,jump,33,25
Dwyane Wade,Mario Chalmers,Michael Beasley,Quentin Richardson,Udonis Haslem,Al Harrington,Chris Duhon,Danilo Gallinari,David Lee,Wilson Chandler,4,5:20,NYK,shot,,,,,,,,,,Al Harrington,,,,missed,,jump,21,24
Dwyane Wade,Mario Chalmers,Michael Beasley,Quentin Richardson,Udonis Haslem,Al Harrington,Chris Duhon,Danilo Gallinari,David Lee,Wilson Chandler,4,5:18,MIA,rebound,,,,,,,,,,Dwyane Wade,,,,,,def,,
Dwyane Wade,Mario Chalmers,Michael Beasley,Quentin Richardson,Udonis Haslem,Al Harrington,Chris Duhon,Danilo Gallinari,David Lee,Wilson Chandler,4,4:59,MIA,shot,,,,,,,,,,Udonis Haslem,,,,missed,,jump,41,5
Dwyane Wade,Mario Chalmers,Michael Beasley,Quentin Richardson,Udonis Haslem,Al Harrington,Chris Duhon,Danilo Gallinari,David Lee,Wilson Chandler,4,4:57,NYK,rebound,,,,,,,,,,Al Harrington,,,,,,def,,
Dwyane Wade,Mario Chalmers,Michael Beasley,Quentin Richardson,Udonis Haslem,Al Harrington,Chris Duhon,Danilo Gallinari,David Lee,Wilson Chandler,4,4:36,NYK,shot,Wilson Chandler,,,,,,,,,David Lee,2,,,made,,layup,25,6
Dwyane Wade,Mario Chalmers,Michael Beasley,Quentin Richardson,Udonis Haslem,Al Harrington,Chris Duhon,Danilo Gallinari,David Lee,Wilson Chandler,4,4:13,MIA,shot,,,,,,,,,,Dwyane Wade,2,,,made,,jump,38,22
Dwyane Wade,Mario Chalmers,Michael Beasley,Quentin Richardson,Udonis Haslem,Al Harrington,Chris Duhon,Danilo Gallinari,David Lee,Wilson Chandler,4,4:01,NYK,shot,,,,,,,,,,Al Harrington,,,,missed,,3pt,45,20
Dwyane Wade,Mario Chalmers,Michael Beasley,Quentin Richardson,Udonis Haslem,Al Harrington,Chris Duhon,Danilo Gallinari,David Lee,Wilson Chandler,4,3:59,NYK,rebound,,,,,,,,,,David Lee,,,,,,off,,
Dwyane Wade,Mario Chalmers,Michael Beasley,Quentin Richardson,Udonis Haslem,Al Harrington,Chris Duhon,Danilo Gallinari,David Lee,Wilson Chandler,4,3:59,NYK,shot,,,,,,,,,,David Lee,,,,missed,,tip,25,6
Dwyane Wade,Mario Chalmers,Michael Beasley,Quentin Richardson,Udonis Haslem,Al Harrington,Chris Duhon,Danilo Gallinari,David Lee,Wilson Chandler,4,3:58,NYK,rebound,,,,,,,,,,Wilson Chandler,,,,,,off,,
Dwyane Wade,Mario Chalmers,Michael Beasley,Quentin Richardson,Udonis Haslem,Al Harrington,Chris Duhon,Danilo Gallinari,David Lee,Wilson Chandler,4,3:53,NYK,shot,,,,,,,,,,Wilson Chandler,2,,,made,,jump,28,13
Dwyane Wade,Mario Chalmers,Michael Beasley,Quentin Richardson,Udonis Haslem,Al Harrington,Chris Duhon,Danilo Gallinari,David Lee,Wilson Chandler,4,3:29,MIA,shot,,,,,,,,,,Dwyane Wade,2,,,made,,driving slam dunk,25,6
Dwyane Wade,Mario Chalmers,Michael Beasley,Quentin Richardson,Udonis Haslem,Al Harrington,Chris Duhon,Danilo Gallinari,David Lee,Wilson Chandler,4,3:17,NYK,shot,Chris Duhon,,,,,,,,,Wilson Chandler,2,,,made,,driving reverse layup,25,6
Dwyane Wade,Mario Chalmers,Michael Beasley,Quentin Richardson,Udonis Haslem,Al Harrington,Chris Duhon,Danilo Gallinari,David Lee,Wilson Chandler,4,2:59,MIA,shot,,,,,,,,,,Dwyane Wade,,,,missed,,jump,37,21
Dwyane Wade,Mario Chalmers,Michael Beasley,Quentin Richardson,Udonis Haslem,Al Harrington,Chris Duhon,Danilo Gallinari,David Lee,Wilson Chandler,4,2:58,NYK,rebound,,,,,,,,,,Danilo Gallinari,,,,,,def,,
Dwyane Wade,Mario Chalmers,Michael Beasley,Quentin Richardson,Udonis Haslem,Al Harrington,Chris Duhon,Danilo Gallinari,David Lee,Wilson Chandler,4,2:46,NYK,shot,,,,,,,,,,Al Harrington,2,,,made,,driving layup,25,6
Dwyane Wade,Mario Chalmers,Michael Beasley,Quentin Richardson,Udonis Haslem,Al Harrington,Chris Duhon,Danilo Gallinari,David Lee,Wilson Chandler,4,2:46,MIA,foul,,,,,,,,Al Harrington,,Udonis Haslem,,,,,,shooting,,
Dwyane Wade,Mario Chalmers,Michael Beasley,Quentin Richardson,Udonis Haslem,Al Harrington,Chris Duhon,Danilo Gallinari,David Lee,Wilson Chandler,4,2:46,NYK,timeout,,,,,,,,,,,,,,,,official,,
Dwyane Wade,Jermaine O'Neal,Mario Chalmers,Quentin Richardson,Udonis Haslem,Al Harrington,Chris Duhon,Danilo Gallinari,David Lee,Wilson Chandler,4,2:46,MIA,sub,,,,Jermaine O'Neal,,Michael Beasley,,,,,,,,,,,,
Dwyane Wade,Jermaine O'Neal,Mario Chalmers,Quentin Richardson,Udonis Haslem,Al Harrington,Chris Duhon,Danilo Gallinari,David Lee,Wilson Chandler,4,2:46,NYK,free throw,,,,,,,1,,1,Al Harrington,,,foul,missed,,,,
Dwyane Wade,Jermaine O'Neal,Mario Chalmers,Quentin Richardson,Udonis Haslem,Al Harrington,Chris Duhon,Danilo Gallinari,David Lee,Wilson Chandler,4,2:45,MIA,rebound,,,,,,,,,,Jermaine O'Neal,,,,,,def,,
Dwyane Wade,Jermaine O'Neal,Mario Chalmers,Quentin Richardson,Udonis Haslem,Al Harrington,Chris Duhon,Danilo Gallinari,David Lee,Wilson Chandler,4,2:25,MIA,shot,,,,,,,,,,Dwyane Wade,2,,,made,,fade away jumper,43,2
Dwyane Wade,Jermaine O'Neal,Mario Chalmers,Quentin Richardson,Udonis Haslem,Al Harrington,Chris Duhon,Danilo Gallinari,David Lee,Wilson Chandler,4,2:05,NYK,shot,Al Harrington,,,,,,,,,Danilo Gallinari,3,,,made,,3pt,48,3
Dwyane Wade,Jermaine O'Neal,Mario Chalmers,Quentin Richardson,Udonis Haslem,Al Harrington,Chris Duhon,Danilo Gallinari,David Lee,Wilson Chandler,4,1:41,MIA,shot,,,,,,,,,,Dwyane Wade,,,,missed,,jump,36,21
Dwyane Wade,Jermaine O'Neal,Mario Chalmers,Quentin Richardson,Udonis Haslem,Al Harrington,Chris Duhon,Danilo Gallinari,David Lee,Wilson Chandler,4,1:39,NYK,rebound,,,,,,,,,,Al Harrington,,,,,,def,,
Dwyane Wade,Jermaine O'Neal,Mario Chalmers,Quentin Richardson,Udonis Haslem,Al Harrington,Chris Duhon,Danilo Gallinari,David Lee,Wilson Chandler,4,1:26,NYK,shot,,,,,,,,,,David Lee,2,,,made,,turnaround jump,13,5
Dwyane Wade,Jermaine O'Neal,Mario Chalmers,Quentin Richardson,Udonis Haslem,Al Harrington,Chris Duhon,Danilo Gallinari,David Lee,Wilson Chandler,4,1:26,MIA,timeout,,,,,,,,,,,,,,,,regular,,
Dwyane Wade,Jermaine O'Neal,Mario Chalmers,Quentin Richardson,Udonis Haslem,Al Harrington,Chris Duhon,Danilo Gallinari,David Lee,Wilson Chandler,4,1:08,MIA,shot,,,,,,,,,,Quentin Richardson,,,,missed,,3pt,48,6
Dwyane Wade,Jermaine O'Neal,Mario Chalmers,Quentin Richardson,Udonis Haslem,Al Harrington,Chris Duhon,Danilo Gallinari,David Lee,Wilson Chandler,4,1:07,MIA,rebound,,,,,,,,,,Jermaine O'Neal,,,,,,off,,
Dwyane Wade,Jermaine O'Neal,Mario Chalmers,Quentin Richardson,Udonis Haslem,Al Harrington,Chris Duhon,Danilo Gallinari,David Lee,Wilson Chandler,4,1:07,NYK,foul,,,,,,,,Jermaine O'Neal,,David Lee,,,,,,personal,,
Dwyane Wade,Jermaine O'Neal,Mario Chalmers,Quentin Richardson,Udonis Haslem,Al Harrington,Chris Duhon,Danilo Gallinari,David Lee,Wilson Chandler,4,0:51,MIA,shot,Dwyane Wade,,,,,,,,,Jermaine O'Neal,2,,,made,,jump,36,16
Dwyane Wade,Jermaine O'Neal,Mario Chalmers,Quentin Richardson,Udonis Haslem,Al Harrington,Chris Duhon,Danilo Gallinari,David Lee,Wilson Chandler,4,0:39,NYK,shot,,,,,,,,,,Wilson Chandler,,,,missed,,3pt,49,2
Dwyane Wade,Jermaine O'Neal,Mario Chalmers,Quentin Richardson,Udonis Haslem,Al Harrington,Chris Duhon,Danilo Gallinari,David Lee,Wilson Chandler,4,0:38,MIA,rebound,,,,,,,,,,Udonis Haslem,,,,,,def,,
Dwyane Wade,Jermaine O'Neal,Mario Chalmers,Quentin Richardson,Udonis Haslem,Al Harrington,Chris Duhon,Danilo Gallinari,David Lee,Wilson Chandler,4,0:37,NYK,foul,,,,,,,,Udonis Haslem,,Chris Duhon,,,,,,personal,,
Dwyane Wade,Jermaine O'Neal,Mario Chalmers,Quentin Richardson,Udonis Haslem,Al Harrington,Chris Duhon,Danilo Gallinari,David Lee,Wilson Chandler,4,0:37,MIA,free throw,,,,,,,1,,2,Udonis Haslem,,,foul,made,,,,
Dwyane Wade,Jermaine O'Neal,Mario Chalmers,Quentin Richardson,Udonis Haslem,Al Harrington,Chris Duhon,Danilo Gallinari,David Lee,Wilson Chandler,4,0:37,MIA,free throw,,,,,,,2,,2,Udonis Haslem,,,foul,made,,,,
Dwyane Wade,Jermaine O'Neal,Mario Chalmers,Quentin Richardson,Udonis Haslem,Al Harrington,Chris Duhon,Danilo Gallinari,David Lee,Wilson Chandler,4,0:37,NYK,timeout,,,,,,,,,,,,,,,,regular,,
Dwyane Wade,Jermaine O'Neal,Mario Chalmers,Quentin Richardson,Udonis Haslem,Al Harrington,Chris Duhon,Danilo Gallinari,David Lee,Wilson Chandler,4,0:35,MIA,foul,,,,,,,,Danilo Gallinari,,Quentin Richardson,,,,,,shooting,,
Dwyane Wade,Jermaine O'Neal,Mario Chalmers,Quentin Richardson,Udonis Haslem,Al Harrington,Chris Duhon,Danilo Gallinari,David Lee,Wilson Chandler,4,0:35,NYK,free throw,,,,,,,1,,2,Danilo Gallinari,,,foul,made,,,,
Dwyane Wade,Jermaine O'Neal,Mario Chalmers,Quentin Richardson,Udonis Haslem,Chris Duhon,Danilo Gallinari,David Lee,Jared Jeffries,Wilson Chandler,4,0:35,NYK,sub,,,,Jared Jeffries,,Al Harrington,,,,,,,,,,,,
Dwyane Wade,Jermaine O'Neal,Mario Chalmers,Quentin Richardson,Udonis Haslem,Chris Duhon,Danilo Gallinari,David Lee,Jared Jeffries,Wilson Chandler,4,0:35,NYK,free throw,,,,,,,2,,2,Danilo Gallinari,,,foul,made,,,,
Dwyane Wade,Jermaine O'Neal,Mario Chalmers,Quentin Richardson,Udonis Haslem,Chris Duhon,Danilo Gallinari,David Lee,Jared Jeffries,Wilson Chandler,4,0:33,NYK,foul,,,,,,,,Dwyane Wade,,Wilson Chandler,,,,,,personal,,
Dwyane Wade,Jermaine O'Neal,Mario Chalmers,Quentin Richardson,Udonis Haslem,Chris Duhon,Danilo Gallinari,David Lee,Jared Jeffries,Wilson Chandler,4,0:33,MIA,free throw,,,,,,,1,,2,Dwyane Wade,,,foul,made,,,,
Dwyane Wade,Jermaine O'Neal,Mario Chalmers,Quentin Richardson,Udonis Haslem,Chris Duhon,Danilo Gallinari,David Lee,Jared Jeffries,Wilson Chandler,4,0:33,MIA,free throw,,,,,,,2,,2,Dwyane Wade,,,foul,made,,,,
Dwyane Wade,Jermaine O'Neal,Mario Chalmers,Quentin Richardson,Udonis Haslem,Chris Duhon,Danilo Gallinari,David Lee,Jared Jeffries,Wilson Chandler,4,0:28,NYK,shot,,,,,,,,,,Danilo Gallinari,,,,missed,,3pt,11,28
Dwyane Wade,Jermaine O'Neal,Mario Chalmers,Quentin Richardson,Udonis Haslem,Chris Duhon,Danilo Gallinari,David Lee,Jared Jeffries,Wilson Chandler,4,0:26,MIA,rebound,,,,,,,,,,Jermaine O'Neal,,,,,,def,,
Dwyane Wade,Jermaine O'Neal,Mario Chalmers,Quentin Richardson,Udonis Haslem,Chris Duhon,Danilo Gallinari,David Lee,Jared Jeffries,Wilson Chandler,4,0:23,NYK,foul,,,,,,,,Mario Chalmers,,Danilo Gallinari,,,,,,personal,,
Dwyane Wade,Jermaine O'Neal,Mario Chalmers,Quentin Richardson,Udonis Haslem,Chris Duhon,Danilo Gallinari,David Lee,Jared Jeffries,Wilson Chandler,4,0:23,MIA,free throw,,,,,,,1,,2,Mario Chalmers,,,foul,made,,,,
Dwyane Wade,Jermaine O'Neal,Mario Chalmers,Quentin Richardson,Udonis Haslem,Chris Duhon,Danilo Gallinari,David Lee,Jared Jeffries,Wilson Chandler,4,0:23,MIA,free throw,,,,,,,2,,2,Mario Chalmers,,,foul,missed,,,,
Dwyane Wade,Jermaine O'Neal,Mario Chalmers,Quentin Richardson,Udonis Haslem,Chris Duhon,Danilo Gallinari,David Lee,Jared Jeffries,Wilson Chandler,4,0:22,NYK,rebound,,,,,,,,,,David Lee,,,,,,def,,
Dwyane Wade,Jermaine O'Neal,Mario Chalmers,Quentin Richardson,Udonis Haslem,Chris Duhon,Danilo Gallinari,David Lee,Jared Jeffries,Wilson Chandler,4,0:15,NYK,shot,Chris Duhon,,,,,,,,,David Lee,2,,,made,,driving layup,25,6
Dwyane Wade,Jermaine O'Neal,Mario Chalmers,Quentin Richardson,Udonis Haslem,Chris Duhon,Danilo Gallinari,David Lee,Jared Jeffries,Wilson Chandler,4,0:09,NYK,foul,,,,,,,,Mario Chalmers,,Chris Duhon,,,,,,personal,,
Dwyane Wade,Jermaine O'Neal,Mario Chalmers,Quentin Richardson,Udonis Haslem,Chris Duhon,Danilo Gallinari,David Lee,Jared Jeffries,Wilson Chandler,4,0:09,MIA,free throw,,,,,,,1,,2,Mario Chalmers,,,foul,made,,,,
Dwyane Wade,Jermaine O'Neal,Mario Chalmers,Quentin Richardson,Udonis Haslem,Chris Duhon,Danilo Gallinari,David Lee,Jared Jeffries,Wilson Chandler,4,0:09,MIA,free throw,,,,,,,2,,2,Mario Chalmers,,,foul,missed,,,,
Dwyane Wade,Jermaine O'Neal,Mario Chalmers,Quentin Richardson,Udonis Haslem,Chris Duhon,Danilo Gallinari,David Lee,Jared Jeffries,Wilson Chandler,4,0:08,NYK,rebound,,,,,,,,,,David Lee,,,,,,def,,
Dwyane Wade,Jermaine O'Neal,Mario Chalmers,Quentin Richardson,Udonis Haslem,Chris Duhon,Danilo Gallinari,David Lee,Jared Jeffries,Wilson Chandler,4,0:03,NYK,shot,Danilo Gallinari,,,,,,,,,Wilson Chandler,3,,,made,,3pt,47,11
Dwyane Wade,Jermaine O'Neal,Mario Chalmers,Quentin Richardson,Udonis Haslem,Chris Duhon,Danilo Gallinari,David Lee,Jared Jeffries,Wilson Chandler,4,0:02,NYK,foul,,,,,,,,Mario Chalmers,,David Lee,,,,,,personal,,
Dwyane Wade,Jermaine O'Neal,Mario Chalmers,Quentin Richardson,Udonis Haslem,Chris Duhon,Danilo Gallinari,David Lee,Jared Jeffries,Wilson Chandler,4,0:02,MIA,free throw,,,,,,,1,,2,Mario Chalmers,,,foul,made,,,,
Dwyane Wade,Jermaine O'Neal,Mario Chalmers,Quentin Richardson,Udonis Haslem,Chris Duhon,Danilo Gallinari,David Lee,Jared Jeffries,Wilson Chandler,4,0:02,MIA,free throw,,,,,,,2,,2,Mario Chalmers,,,foul,made,,,,
