a1,a2,a3,a4,a5,h1,h2,h3,h4,h5,period,time,team,etype,assist,away,block,entered,home,left,num,opponent,outof,player,points,possession,reason,result,steal,type,x,y
Andrea Bargnani,Chris Bosh,DeMar DeRozan,Hedo Turkoglu,Jarrett Jack,Ben Wallace,Chucky Atkins,Jason Maxiell,Jonas Jerebko,Rodney Stuckey,1,12:00,OFF,jump ball,,Chris Bosh,,,Ben Wallace,,,,,,,Jarrett Jack,,,,,,
Andrea Bargnani,Chris Bosh,DeMar DeRozan,Hedo Turkoglu,Jarrett Jack,Ben Wallace,Chucky Atkins,Jason Maxiell,Jonas Jerebko,Rodney Stuckey,1,11:43,TOR,shot,,,,,,,,,,DeMar DeRozan,,,,missed,,pullup jump,14,13
Andrea Bargnani,Chris Bosh,DeMar DeRozan,Hedo Turkoglu,Jarrett Jack,Ben Wallace,Chucky Atkins,Jason Maxiell,Jonas Jerebko,Rodney Stuckey,1,11:41,DET,rebound,,,,,,,,,,Ben Wallace,,,,,,def,,
Andrea Bargnani,Chris Bosh,DeMar DeRozan,Hedo Turkoglu,Jarrett Jack,Ben Wallace,Chucky Atkins,Jason Maxiell,Jonas Jerebko,Rodney Stuckey,1,11:25,DET,shot,,,,,,,,,,Rodney Stuckey,,,,missed,,pullup jump,39,13
Andrea Bargnani,Chris Bosh,DeMar DeRozan,Hedo Turkoglu,Jarrett Jack,Ben Wallace,Chucky Atkins,Jason Maxiell,Jonas Jerebko,Rodney Stuckey,1,11:24,TOR,rebound,,,,,,,,,,Hedo Turkoglu,,,,,,def,,
Andrea Bargnani,Chris Bosh,DeMar DeRozan,Hedo Turkoglu,Jarrett Jack,Ben Wallace,Chucky Atkins,Jason Maxiell,Jonas Jerebko,Rodney Stuckey,1,11:11,TOR,shot,Hedo Turkoglu,,,,,,,,,Andrea Bargnani,2,,,made,,jump,39,19
Andrea Bargnani,Chris Bosh,DeMar DeRozan,Hedo Turkoglu,Jarrett Jack,Ben Wallace,Chucky Atkins,Jason Maxiell,Jonas Jerebko,Rodney Stuckey,1,10:43,DET,shot,,,,,,,,,,Chucky Atkins,,,,missed,,reverse layup,25,6
Andrea Bargnani,Chris Bosh,DeMar DeRozan,Hedo Turkoglu,Jarrett Jack,Ben Wallace,Chucky Atkins,Jason Maxiell,Jonas Jerebko,Rodney Stuckey,1,10:42,DET,rebound,,,,,,,,,,Ben Wallace,,,,,,off,,
Andrea Bargnani,Chris Bosh,DeMar DeRozan,Hedo Turkoglu,Jarrett Jack,Ben Wallace,Chucky Atkins,Jason Maxiell,Jonas Jerebko,Rodney Stuckey,1,10:20,DET,shot,Chucky Atkins,,,,,,,,,Rodney Stuckey,2,,,made,,floating jump,14,10
Andrea Bargnani,Chris Bosh,DeMar DeRozan,Hedo Turkoglu,Jarrett Jack,Ben Wallace,Chucky Atkins,Jason Maxiell,Jonas Jerebko,Rodney Stuckey,1,10:07,TOR,turnover,,,,,,,,,,Chris Bosh,,,bad pass,,,,,
Andrea Bargnani,Chris Bosh,DeMar DeRozan,Hedo Turkoglu,Jarrett Jack,Ben Wallace,Chucky Atkins,Jason Maxiell,Jonas Jerebko,Rodney Stuckey,1,9:54,DET,shot,,,,,,,,,,Rodney Stuckey,,,,missed,,floating jump,24,13
Andrea Bargnani,Chris Bosh,DeMar DeRozan,Hedo Turkoglu,Jarrett Jack,Ben Wallace,Chucky Atkins,Jason Maxiell,Jonas Jerebko,Rodney Stuckey,1,9:53,TOR,rebound,,,,,,,,,,Jarrett Jack,,,,,,def,,
Andrea Bargnani,Chris Bosh,DeMar DeRozan,Hedo Turkoglu,Jarrett Jack,Ben Wallace,Chucky Atkins,Jason Maxiell,Jonas Jerebko,Rodney Stuckey,1,9:46,DET,foul,,,,,,,,DeMar DeRozan,,Chucky Atkins,,,,,,shooting,,
Andrea Bargnani,Chris Bosh,DeMar DeRozan,Hedo Turkoglu,Jarrett Jack,Ben Wallace,Chucky Atkins,Jason Maxiell,Jonas Jerebko,Rodney Stuckey,1,9:46,TOR,free throw,,,,,,,1,,2,DeMar DeRozan,,,foul,made,,,,
Andrea Bargnani,Chris Bosh,DeMar DeRozan,Hedo Turkoglu,Jarrett Jack,Ben Wallace,Chucky Atkins,Jason Maxiell,Jonas Jerebko,Rodney Stuckey,1,9:46,TOR,free throw,,,,,,,2,,2,DeMar DeRozan,,,foul,made,,,,
Andrea Bargnani,Chris Bosh,DeMar DeRozan,Hedo Turkoglu,Jarrett Jack,Ben Wallace,Chucky Atkins,Jason Maxiell,Jonas Jerebko,Rodney Stuckey,1,9:27,DET,shot,,,,,,,,,,Ben Wallace,,,,missed,,layup,25,6
Andrea Bargnani,Chris Bosh,DeMar DeRozan,Hedo Turkoglu,Jarrett Jack,Ben Wallace,Chucky Atkins,Jason Maxiell,Jonas Jerebko,Rodney Stuckey,1,9:26,DET,rebound,,,,,,,,,,Jason Maxiell,,,,,,off,,
Andrea Bargnani,Chris Bosh,DeMar DeRozan,Hedo Turkoglu,Jarrett Jack,Ben Wallace,Chucky Atkins,Jason Maxiell,Jonas Jerebko,Rodney Stuckey,1,9:24,DET,shot,,,,,,,,,,Jason Maxiell,,,,missed,,layup,25,6
Andrea Bargnani,Chris Bosh,DeMar DeRozan,Hedo Turkoglu,Jarrett Jack,Ben Wallace,Chucky Atkins,Jason Maxiell,Jonas Jerebko,Rodney Stuckey,1,9:23,DET,rebound,,,,,,,,,,Ben Wallace,,,,,,off,,
Andrea Bargnani,Chris Bosh,DeMar DeRozan,Hedo Turkoglu,Jarrett Jack,Ben Wallace,Chucky Atkins,Jason Maxiell,Jonas Jerebko,Rodney Stuckey,1,9:21,DET,shot,,,,,,,,,,Ben Wallace,2,,,made,,tip,25,6
Andrea Bargnani,Chris Bosh,DeMar DeRozan,Hedo Turkoglu,Jarrett Jack,Ben Wallace,Chucky Atkins,Jason Maxiell,Jonas Jerebko,Rodney Stuckey,1,9:05,TOR,turnover,,,,,,,,,,DeMar DeRozan,,,out of bounds lost ball turnover,,,,,
Andrea Bargnani,Chris Bosh,DeMar DeRozan,Hedo Turkoglu,Jarrett Jack,Ben Wallace,Chucky Atkins,Jason Maxiell,Jonas Jerebko,Rodney Stuckey,1,9:01,TOR,foul,,,,,,,,Rodney Stuckey,,Jarrett Jack,,,,,,shooting,,
Andrea Bargnani,Chris Bosh,DeMar DeRozan,Hedo Turkoglu,Jarrett Jack,Ben Wallace,Chucky Atkins,Jason Maxiell,Jonas Jerebko,Rodney Stuckey,1,9:01,DET,free throw,,,,,,,1,,2,Rodney Stuckey,,,foul,made,,,,
Andrea Bargnani,Chris Bosh,DeMar DeRozan,Hedo Turkoglu,Jarrett Jack,Ben Wallace,Chucky Atkins,Jason Maxiell,Jonas Jerebko,Rodney Stuckey,1,9:01,DET,free throw,,,,,,,2,,2,Rodney Stuckey,,,foul,made,,,,
Andrea Bargnani,Chris Bosh,DeMar DeRozan,Hedo Turkoglu,Jarrett Jack,Ben Wallace,Chucky Atkins,Jason Maxiell,Jonas Jerebko,Rodney Stuckey,1,8:48,TOR,shot,Jarrett Jack,,,,,,,,,Andrea Bargnani,2,,,made,,jump,41,15
Andrea Bargnani,Chris Bosh,DeMar DeRozan,Hedo Turkoglu,Jarrett Jack,Ben Wallace,Chucky Atkins,Jason Maxiell,Jonas Jerebko,Rodney Stuckey,1,8:36,DET,shot,,,,,,,,,,Rodney Stuckey,,,,missed,,layup,25,6
Andrea Bargnani,Chris Bosh,DeMar DeRozan,Hedo Turkoglu,Jarrett Jack,Ben Wallace,Chucky Atkins,Jason Maxiell,Jonas Jerebko,Rodney Stuckey,1,8:35,DET,rebound,,,,,,,,,,Jason Maxiell,,,,,,off,,
Andrea Bargnani,Chris Bosh,DeMar DeRozan,Hedo Turkoglu,Jarrett Jack,Ben Wallace,Chucky Atkins,Jason Maxiell,Jonas Jerebko,Rodney Stuckey,1,8:34,DET,shot,,,,,,,,,,Jason Maxiell,2,,,made,,putback layup,25,6
Andrea Bargnani,Chris Bosh,DeMar DeRozan,Hedo Turkoglu,Jarrett Jack,Ben Wallace,Chucky Atkins,Jason Maxiell,Jonas Jerebko,Rodney Stuckey,1,8:19,TOR,shot,,,,,,,,,,DeMar DeRozan,,,,missed,,jump,8,10
Andrea Bargnani,Chris Bosh,DeMar DeRozan,Hedo Turkoglu,Jarrett Jack,Ben Wallace,Chucky Atkins,Jason Maxiell,Jonas Jerebko,Rodney Stuckey,1,8:17,TOR,rebound,,,,,,,,,,Andrea Bargnani,,,,,,off,,
Andrea Bargnani,Chris Bosh,DeMar DeRozan,Hedo Turkoglu,Jarrett Jack,Ben Wallace,Chucky Atkins,Jason Maxiell,Jonas Jerebko,Rodney Stuckey,1,8:06,TOR,shot,,,,,,,,,,Jarrett Jack,,,,missed,,layup,25,6
Andrea Bargnani,Chris Bosh,DeMar DeRozan,Hedo Turkoglu,Jarrett Jack,Ben Wallace,Chucky Atkins,Jason Maxiell,Jonas Jerebko,Rodney Stuckey,1,8:05,DET,rebound,,,,,,,,,,Ben Wallace,,,,,,def,,
Andrea Bargnani,Chris Bosh,DeMar DeRozan,Hedo Turkoglu,Jarrett Jack,Ben Wallace,Chucky Atkins,Jason Maxiell,Jonas Jerebko,Rodney Stuckey,1,7:50,DET,shot,,,,,,,,,,Jonas Jerebko,,,,missed,,3pt,40,27
Andrea Bargnani,Chris Bosh,DeMar DeRozan,Hedo Turkoglu,Jarrett Jack,Ben Wallace,Chucky Atkins,Jason Maxiell,Jonas Jerebko,Rodney Stuckey,1,7:49,TOR,rebound,,,,,,,,,,Chris Bosh,,,,,,def,,
Andrea Bargnani,Chris Bosh,DeMar DeRozan,Hedo Turkoglu,Jarrett Jack,Ben Wallace,Chucky Atkins,Jason Maxiell,Jonas Jerebko,Rodney Stuckey,1,7:45,DET,foul,,,,,,,,Andrea Bargnani,,Ben Wallace,,,,,,shooting,,
Andrea Bargnani,Chris Bosh,DeMar DeRozan,Hedo Turkoglu,Jarrett Jack,Ben Wallace,Chucky Atkins,Jason Maxiell,Jonas Jerebko,Rodney Stuckey,1,7:45,TOR,free throw,,,,,,,1,,2,Andrea Bargnani,,,foul,missed,,,,
Andrea Bargnani,Chris Bosh,DeMar DeRozan,Hedo Turkoglu,Jarrett Jack,Ben Wallace,Chucky Atkins,Jason Maxiell,Jonas Jerebko,Rodney Stuckey,1,7:45,TOR,rebound,,,,,,,,,,,,,,,,,,
Andrea Bargnani,Chris Bosh,DeMar DeRozan,Hedo Turkoglu,Jarrett Jack,Ben Wallace,Chucky Atkins,Jason Maxiell,Jonas Jerebko,Rodney Stuckey,1,7:45,TOR,free throw,,,,,,,2,,2,Andrea Bargnani,,,foul,made,,,,
Andrea Bargnani,Chris Bosh,DeMar DeRozan,Hedo Turkoglu,Jarrett Jack,Ben Wallace,Chucky Atkins,Jason Maxiell,Jonas Jerebko,Rodney Stuckey,1,7:21,DET,shot,Rodney Stuckey,,,,,,,,,Jason Maxiell,2,,,made,,slam dunk,25,6
Andrea Bargnani,Chris Bosh,DeMar DeRozan,Hedo Turkoglu,Jarrett Jack,Ben Wallace,Chucky Atkins,Jason Maxiell,Jonas Jerebko,Rodney Stuckey,1,7:02,TOR,shot,,,,,,,,,,Jarrett Jack,,,,missed,,3pt,49,9
Andrea Bargnani,Chris Bosh,DeMar DeRozan,Hedo Turkoglu,Jarrett Jack,Ben Wallace,Chucky Atkins,Jason Maxiell,Jonas Jerebko,Rodney Stuckey,1,7:00,DET,rebound,,,,,,,,,,Jonas Jerebko,,,,,,def,,
Andrea Bargnani,Chris Bosh,DeMar DeRozan,Hedo Turkoglu,Jarrett Jack,Ben Wallace,Chucky Atkins,Jason Maxiell,Jonas Jerebko,Rodney Stuckey,1,6:55,DET,shot,,,,,,,,,,Chucky Atkins,,,,missed,,jump,9,11
Andrea Bargnani,Chris Bosh,DeMar DeRozan,Hedo Turkoglu,Jarrett Jack,Ben Wallace,Chucky Atkins,Jason Maxiell,Jonas Jerebko,Rodney Stuckey,1,6:54,DET,rebound,,,,,,,,,,Jason Maxiell,,,,,,off,,
Andrea Bargnani,Chris Bosh,DeMar DeRozan,Hedo Turkoglu,Jarrett Jack,Ben Wallace,Chucky Atkins,Jason Maxiell,Jonas Jerebko,Rodney Stuckey,1,6:53,DET,shot,,,,,,,,,,Jason Maxiell,2,,,made,,putback layup,25,6
Andrea Bargnani,Chris Bosh,DeMar DeRozan,Hedo Turkoglu,Jarrett Jack,Ben Wallace,Chucky Atkins,Jason Maxiell,Jonas Jerebko,Rodney Stuckey,1,6:35,DET,foul,,,,,,,,Jarrett Jack,,Ben Wallace,,,,,,shooting,,
Andrea Bargnani,Chris Bosh,DeMar DeRozan,Jarrett Jack,Sonny Weems,Ben Wallace,Chucky Atkins,Jason Maxiell,Jonas Jerebko,Rodney Stuckey,1,6:35,TOR,sub,,,,Sonny Weems,,Hedo Turkoglu,,,,,,,,,,,,
Andrea Bargnani,Chris Bosh,DeMar DeRozan,Jarrett Jack,Sonny Weems,Ben Wallace,Chucky Atkins,Jason Maxiell,Jonas Jerebko,Rodney Stuckey,1,6:35,TOR,free throw,,,,,,,1,,2,Jarrett Jack,,,foul,made,,,,
Andrea Bargnani,Chris Bosh,DeMar DeRozan,Jarrett Jack,Sonny Weems,Ben Wallace,Jason Maxiell,Jonas Jerebko,Rodney Stuckey,Will Bynum,1,6:35,DET,sub,,,,Will Bynum,,Chucky Atkins,,,,,,,,,,,,
Andrea Bargnani,Chris Bosh,DeMar DeRozan,Jarrett Jack,Sonny Weems,Ben Wallace,Jason Maxiell,Jonas Jerebko,Rodney Stuckey,Will Bynum,1,6:35,TOR,free throw,,,,,,,2,,2,Jarrett Jack,,,foul,made,,,,
Andrea Bargnani,Chris Bosh,DeMar DeRozan,Jarrett Jack,Sonny Weems,Ben Wallace,Jason Maxiell,Jonas Jerebko,Rodney Stuckey,Will Bynum,1,6:20,DET,shot,,,Chris Bosh,,,,,,,Jason Maxiell,,,,missed,,layup,25,6
Andrea Bargnani,Chris Bosh,DeMar DeRozan,Jarrett Jack,Sonny Weems,Ben Wallace,Jason Maxiell,Jonas Jerebko,Rodney Stuckey,Will Bynum,1,6:20,TOR,rebound,,,,,,,,,,,,,,,,,,
Andrea Bargnani,Chris Bosh,DeMar DeRozan,Jarrett Jack,Sonny Weems,Ben Wallace,Jason Maxiell,Jonas Jerebko,Rodney Stuckey,Will Bynum,1,6:09,DET,foul,,,,,,,,Andrea Bargnani,,Rodney Stuckey,,,,,,personal,,
Andrea Bargnani,Chris Bosh,DeMar DeRozan,Jarrett Jack,Sonny Weems,Ben Wallace,Jason Maxiell,Jonas Jerebko,Rodney Stuckey,Will Bynum,1,6:00,TOR,foul,,,,,,,,Jonas Jerebko,,Chris Bosh,,,,,,offensive,,
Andrea Bargnani,Chris Bosh,DeMar DeRozan,Jarrett Jack,Sonny Weems,Ben Wallace,Jason Maxiell,Jonas Jerebko,Rodney Stuckey,Will Bynum,1,6:00,TOR,turnover,,,,,,,,,,Chris Bosh,,,foul,,,,,
Andrea Bargnani,Chris Bosh,DeMar DeRozan,Jarrett Jack,Sonny Weems,Ben Wallace,Jason Maxiell,Jonas Jerebko,Rodney Stuckey,Will Bynum,1,6:00,DET,timeout,,,,,,,,,,,,,,,,regular,,
Andrea Bargnani,Chris Bosh,DeMar DeRozan,Jarrett Jack,Sonny Weems,Chris Wilcox,Jason Maxiell,Jonas Jerebko,Rodney Stuckey,Will Bynum,1,6:00,DET,sub,,,,Chris Wilcox,,Ben Wallace,,,,,,,,,,,,
Andrea Bargnani,Chris Bosh,DeMar DeRozan,Jarrett Jack,Sonny Weems,Chris Wilcox,Jason Maxiell,Jonas Jerebko,Rodney Stuckey,Will Bynum,1,5:42,DET,turnover,,,,,,,,,,Will Bynum,,,bad pass,,Sonny Weems,,,
Andrea Bargnani,Chris Bosh,DeMar DeRozan,Jarrett Jack,Sonny Weems,Chris Wilcox,Jason Maxiell,Jonas Jerebko,Rodney Stuckey,Will Bynum,1,5:39,DET,foul,,,,,,,,Jarrett Jack,,Will Bynum,,,,,,personal,,
Andrea Bargnani,Chris Bosh,DeMar DeRozan,Jarrett Jack,Sonny Weems,Chris Wilcox,Jason Maxiell,Jonas Jerebko,Rodney Stuckey,Will Bynum,1,5:39,TOR,free throw,,,,,,,1,,2,Jarrett Jack,,,foul,made,,,,
Andrea Bargnani,Chris Bosh,DeMar DeRozan,Jarrett Jack,Sonny Weems,Chris Wilcox,Jason Maxiell,Jonas Jerebko,Rodney Stuckey,Will Bynum,1,5:39,TOR,free throw,,,,,,,2,,2,Jarrett Jack,,,foul,made,,,,
Andrea Bargnani,Chris Bosh,DeMar DeRozan,Jarrett Jack,Sonny Weems,Chris Wilcox,Jason Maxiell,Jonas Jerebko,Rodney Stuckey,Will Bynum,1,5:25,DET,shot,,,,,,,,,,Will Bynum,2,,,made,,driving layup,25,6
Andrea Bargnani,Chris Bosh,DeMar DeRozan,Jarrett Jack,Sonny Weems,Chris Wilcox,Jason Maxiell,Jonas Jerebko,Rodney Stuckey,Will Bynum,1,5:06,TOR,shot,Jarrett Jack,,,,,,,,,Sonny Weems,2,,,made,,jump,43,9
Andrea Bargnani,Chris Bosh,DeMar DeRozan,Jarrett Jack,Sonny Weems,Chris Wilcox,Jason Maxiell,Jonas Jerebko,Rodney Stuckey,Will Bynum,1,4:49,DET,shot,,,,,,,,,,Jason Maxiell,,,,missed,,jump,26,22
Andrea Bargnani,Chris Bosh,DeMar DeRozan,Jarrett Jack,Sonny Weems,Chris Wilcox,Jason Maxiell,Jonas Jerebko,Rodney Stuckey,Will Bynum,1,4:48,DET,rebound,,,,,,,,,,Jonas Jerebko,,,,,,off,,
Andrea Bargnani,Chris Bosh,DeMar DeRozan,Jarrett Jack,Sonny Weems,Chris Wilcox,Jason Maxiell,Jonas Jerebko,Rodney Stuckey,Will Bynum,1,4:46,DET,shot,,,,,,,,,,Jonas Jerebko,,,,missed,,tip,25,6
Andrea Bargnani,Chris Bosh,DeMar DeRozan,Jarrett Jack,Sonny Weems,Chris Wilcox,Jason Maxiell,Jonas Jerebko,Rodney Stuckey,Will Bynum,1,4:44,TOR,rebound,,,,,,,,,,Chris Bosh,,,,,,def,,
Andrea Bargnani,Chris Bosh,DeMar DeRozan,Jarrett Jack,Sonny Weems,Chris Wilcox,Jason Maxiell,Jonas Jerebko,Rodney Stuckey,Will Bynum,1,4:43,DET,foul,,,,,,,,Chris Bosh,,Jason Maxiell,,,,,,personal,,
Andrea Bargnani,Chris Bosh,DeMar DeRozan,Jarrett Jack,Sonny Weems,Chris Wilcox,Jason Maxiell,Jonas Jerebko,Rodney Stuckey,Will Bynum,1,4:43,TOR,free throw,,,,,,,1,,2,Chris Bosh,,,foul,made,,,,
Amir Johnson,Chris Bosh,DeMar DeRozan,Jarrett Jack,Sonny Weems,Chris Wilcox,Jason Maxiell,Jonas Jerebko,Rodney Stuckey,Will Bynum,1,4:43,TOR,sub,,,,Amir Johnson,,Andrea Bargnani,,,,,,,,,,,,
Amir Johnson,Chris Bosh,DeMar DeRozan,Jarrett Jack,Sonny Weems,Chris Wilcox,Jason Maxiell,Jonas Jerebko,Rodney Stuckey,Will Bynum,1,4:43,TOR,free throw,,,,,,,2,,2,Chris Bosh,,,foul,made,,,,
Amir Johnson,Chris Bosh,DeMar DeRozan,Jarrett Jack,Sonny Weems,Chris Wilcox,Jason Maxiell,Jonas Jerebko,Rodney Stuckey,Will Bynum,1,4:21,DET,shot,,,,,,,,,,Rodney Stuckey,,,,missed,,fade away jumper,13,15
Amir Johnson,Chris Bosh,DeMar DeRozan,Jarrett Jack,Sonny Weems,Chris Wilcox,Jason Maxiell,Jonas Jerebko,Rodney Stuckey,Will Bynum,1,4:19,DET,rebound,,,,,,,,,,Jonas Jerebko,,,,,,off,,
Amir Johnson,Chris Bosh,DeMar DeRozan,Jarrett Jack,Sonny Weems,Chris Wilcox,Jason Maxiell,Jonas Jerebko,Rodney Stuckey,Will Bynum,1,4:18,DET,shot,,,Amir Johnson,,,,,,,Jonas Jerebko,,,,missed,,layup,25,6
Amir Johnson,Chris Bosh,DeMar DeRozan,Jarrett Jack,Sonny Weems,Chris Wilcox,Jason Maxiell,Jonas Jerebko,Rodney Stuckey,Will Bynum,1,4:16,DET,rebound,,,,,,,,,,Will Bynum,,,,,,off,,
Amir Johnson,Chris Bosh,DeMar DeRozan,Jarrett Jack,Sonny Weems,Chris Wilcox,Jason Maxiell,Jonas Jerebko,Rodney Stuckey,Will Bynum,1,4:04,DET,shot,,,,,,,,,,Will Bynum,2,,,made,,jump,20,22
Amir Johnson,Chris Bosh,DeMar DeRozan,Jarrett Jack,Sonny Weems,Chris Wilcox,Jason Maxiell,Jonas Jerebko,Rodney Stuckey,Will Bynum,1,3:49,DET,foul,,,,,,,,Chris Bosh,,Chris Wilcox,,,,,,personal,,
Amir Johnson,Chris Bosh,DeMar DeRozan,Jarrett Jack,Sonny Weems,Chris Wilcox,Jason Maxiell,Jonas Jerebko,Rodney Stuckey,Will Bynum,1,3:49,TOR,free throw,,,,,,,1,,2,Chris Bosh,,,foul,made,,,,
Amir Johnson,Chris Bosh,DeMar DeRozan,Jarrett Jack,Sonny Weems,Chris Wilcox,Jason Maxiell,Jonas Jerebko,Rodney Stuckey,Will Bynum,1,3:49,TOR,free throw,,,,,,,2,,2,Chris Bosh,,,foul,made,,,,
Amir Johnson,Chris Bosh,DeMar DeRozan,Jarrett Jack,Sonny Weems,Chris Wilcox,Jason Maxiell,Jonas Jerebko,Rodney Stuckey,Will Bynum,1,3:35,DET,turnover,,,,,,,,,,Will Bynum,,,bad pass,,DeMar DeRozan,,,
Amir Johnson,Chris Bosh,DeMar DeRozan,Jarrett Jack,Sonny Weems,Chris Wilcox,Jason Maxiell,Jonas Jerebko,Rodney Stuckey,Will Bynum,1,3:23,TOR,shot,Jarrett Jack,,,,,,,,,Chris Bosh,2,,,made,,dunk,25,6
Amir Johnson,Chris Bosh,DeMar DeRozan,Jarrett Jack,Sonny Weems,Chris Wilcox,Jason Maxiell,Jonas Jerebko,Rodney Stuckey,Will Bynum,1,3:04,DET,shot,,,Amir Johnson,,,,,,,Will Bynum,,,,missed,,layup,25,6
Amir Johnson,Chris Bosh,DeMar DeRozan,Jarrett Jack,Sonny Weems,Chris Wilcox,Jason Maxiell,Jonas Jerebko,Rodney Stuckey,Will Bynum,1,3:02,TOR,rebound,,,,,,,,,,Amir Johnson,,,,,,def,,
Amir Johnson,Chris Bosh,DeMar DeRozan,Jarrett Jack,Sonny Weems,Chris Wilcox,Jason Maxiell,Jonas Jerebko,Rodney Stuckey,Will Bynum,1,3:01,DET,foul,,,,,,,,Amir Johnson,,Jason Maxiell,,,,,,personal,,
Amir Johnson,Chris Bosh,DeMar DeRozan,Jarrett Jack,Sonny Weems,Chris Wilcox,Jason Maxiell,Jonas Jerebko,Rodney Stuckey,Will Bynum,1,3:01,TOR,free throw,,,,,,,1,,2,Amir Johnson,,,foul,missed,,,,
Amir Johnson,Chris Bosh,DeMar DeRozan,Jarrett Jack,Sonny Weems,Chris Wilcox,Jason Maxiell,Jonas Jerebko,Rodney Stuckey,Will Bynum,1,3:01,TOR,rebound,,,,,,,,,,,,,,,,,,
Amir Johnson,Chris Bosh,DeMar DeRozan,Jarrett Jack,Sonny Weems,Charlie Villanueva,Chris Wilcox,Jonas Jerebko,Rodney Stuckey,Will Bynum,1,3:01,DET,sub,,,,Charlie Villanueva,,Jason Maxiell,,,,,,,,,,,,
Amir Johnson,Chris Bosh,DeMar DeRozan,Marcus Banks,Sonny Weems,Charlie Villanueva,Chris Wilcox,Jonas Jerebko,Rodney Stuckey,Will Bynum,1,3:01,TOR,sub,,,,Marcus Banks,,Jarrett Jack,,,,,,,,,,,,
Amir Johnson,Chris Bosh,DeMar DeRozan,Marcus Banks,Sonny Weems,Charlie Villanueva,Chris Wilcox,Jonas Jerebko,Rodney Stuckey,Will Bynum,1,3:01,TOR,free throw,,,,,,,2,,2,Amir Johnson,,,foul,missed,,,,
Amir Johnson,Chris Bosh,DeMar DeRozan,Marcus Banks,Sonny Weems,Charlie Villanueva,Chris Wilcox,Jonas Jerebko,Rodney Stuckey,Will Bynum,1,3:00,DET,rebound,,,,,,,,,,Charlie Villanueva,,,,,,def,,
Amir Johnson,Chris Bosh,DeMar DeRozan,Marcus Banks,Sonny Weems,Charlie Villanueva,Chris Wilcox,Jonas Jerebko,Rodney Stuckey,Will Bynum,1,2:47,TOR,foul,,,,,,,,Chris Wilcox,,DeMar DeRozan,,,,,,personal,,
Amir Johnson,Chris Bosh,DeMar DeRozan,Marcus Banks,Sonny Weems,Charlie Villanueva,Chris Wilcox,Jonas Jerebko,Rodney Stuckey,Will Bynum,1,2:47,TOR,timeout,,,,,,,,,,,,,,,,regular,,
Amir Johnson,DeMar DeRozan,Hedo Turkoglu,Marcus Banks,Sonny Weems,Charlie Villanueva,Chris Wilcox,Jonas Jerebko,Rodney Stuckey,Will Bynum,1,2:47,TOR,sub,,,,Hedo Turkoglu,,Chris Bosh,,,,,,,,,,,,
Amir Johnson,Andrea Bargnani,Hedo Turkoglu,Marcus Banks,Sonny Weems,Charlie Villanueva,Chris Wilcox,Jonas Jerebko,Rodney Stuckey,Will Bynum,1,2:47,TOR,sub,,,,Andrea Bargnani,,DeMar DeRozan,,,,,,,,,,,,
Amir Johnson,Andrea Bargnani,Hedo Turkoglu,Marcus Banks,Sonny Weems,Charlie Villanueva,Chris Wilcox,Jonas Jerebko,Rodney Stuckey,Will Bynum,1,2:30,DET,shot,,,,,,,,,,Rodney Stuckey,,,,missed,,jump,21,27
Amir Johnson,Andrea Bargnani,Hedo Turkoglu,Marcus Banks,Sonny Weems,Charlie Villanueva,Chris Wilcox,Jonas Jerebko,Rodney Stuckey,Will Bynum,1,2:28,TOR,rebound,,,,,,,,,,Sonny Weems,,,,,,def,,
Amir Johnson,Andrea Bargnani,Hedo Turkoglu,Marcus Banks,Sonny Weems,Charlie Villanueva,Chris Wilcox,Jonas Jerebko,Rodney Stuckey,Will Bynum,1,2:26,TOR,shot,,,,,,,,,,Sonny Weems,,,,missed,,layup,25,6
Amir Johnson,Andrea Bargnani,Hedo Turkoglu,Marcus Banks,Sonny Weems,Charlie Villanueva,Chris Wilcox,Jonas Jerebko,Rodney Stuckey,Will Bynum,1,2:25,TOR,rebound,,,,,,,,,,Amir Johnson,,,,,,off,,
Amir Johnson,Andrea Bargnani,Hedo Turkoglu,Marcus Banks,Sonny Weems,Charlie Villanueva,Chris Wilcox,Jonas Jerebko,Rodney Stuckey,Will Bynum,1,2:24,TOR,shot,,,,,,,,,,Amir Johnson,2,,,made,,putback dunk,25,6
Amir Johnson,Andrea Bargnani,Hedo Turkoglu,Marcus Banks,Sonny Weems,Charlie Villanueva,Chris Wilcox,Jonas Jerebko,Rodney Stuckey,Will Bynum,1,2:11,DET,shot,,,,,,,,,,Chris Wilcox,,,,missed,,layup,25,6
Amir Johnson,Andrea Bargnani,Hedo Turkoglu,Marcus Banks,Sonny Weems,Charlie Villanueva,Chris Wilcox,Jonas Jerebko,Rodney Stuckey,Will Bynum,1,2:10,DET,rebound,,,,,,,,,,Chris Wilcox,,,,,,off,,
Amir Johnson,Andrea Bargnani,Hedo Turkoglu,Marcus Banks,Sonny Weems,Charlie Villanueva,Chris Wilcox,Jonas Jerebko,Rodney Stuckey,Will Bynum,1,2:10,TOR,foul,,,,,,,,Chris Wilcox,,Amir Johnson,,,,,,shooting,,
Amir Johnson,Andrea Bargnani,Hedo Turkoglu,Marcus Banks,Sonny Weems,Charlie Villanueva,Chris Wilcox,Jonas Jerebko,Rodney Stuckey,Will Bynum,1,2:10,DET,free throw,,,,,,,1,,2,Chris Wilcox,,,foul,missed,,,,
Amir Johnson,Andrea Bargnani,Hedo Turkoglu,Marcus Banks,Sonny Weems,Charlie Villanueva,Chris Wilcox,Jonas Jerebko,Rodney Stuckey,Will Bynum,1,2:10,DET,rebound,,,,,,,,,,,,,,,,,,
Amir Johnson,Andrea Bargnani,Hedo Turkoglu,Marcus Banks,Sonny Weems,Charlie Villanueva,Chris Wilcox,Jonas Jerebko,Rodney Stuckey,Will Bynum,1,2:10,DET,turnover,,,,,,,,,,Jonas Jerebko,,,lane violation,,,,,
Amir Johnson,Andrea Bargnani,Hedo Turkoglu,Marcus Banks,Sonny Weems,Charlie Villanueva,Chris Wilcox,Jonas Jerebko,Rodney Stuckey,Will Bynum,1,1:50,TOR,shot,,,,,,,,,,Hedo Turkoglu,,,,missed,,jump,42,12
Amir Johnson,Andrea Bargnani,Hedo Turkoglu,Marcus Banks,Sonny Weems,Charlie Villanueva,Chris Wilcox,Jonas Jerebko,Rodney Stuckey,Will Bynum,1,1:49,DET,rebound,,,,,,,,,,Chris Wilcox,,,,,,def,,
Amir Johnson,Andrea Bargnani,Hedo Turkoglu,Marcus Banks,Sonny Weems,Charlie Villanueva,Chris Wilcox,Jonas Jerebko,Rodney Stuckey,Will Bynum,1,1:25,DET,shot,,,Andrea Bargnani,,,,,,,Rodney Stuckey,,,,missed,,jump,10,15
Amir Johnson,Andrea Bargnani,Hedo Turkoglu,Marcus Banks,Sonny Weems,Charlie Villanueva,Chris Wilcox,Jonas Jerebko,Rodney Stuckey,Will Bynum,1,1:24,TOR,rebound,,,,,,,,,,Marcus Banks,,,,,,def,,
Amir Johnson,Andrea Bargnani,Hedo Turkoglu,Marcus Banks,Sonny Weems,Charlie Villanueva,Chris Wilcox,Jonas Jerebko,Rodney Stuckey,Will Bynum,1,1:23,TOR,turnover,,,,,,,,,,Marcus Banks,,,palming turnover,,,,,
Amir Johnson,Andrea Bargnani,Hedo Turkoglu,Marcus Banks,Sonny Weems,Charlie Villanueva,Chris Wilcox,Jonas Jerebko,Rodney Stuckey,Will Bynum,1,1:10,DET,shot,,,,,,,,,,Will Bynum,,,,missed,,pullup jump,9,14
Amir Johnson,Andrea Bargnani,Hedo Turkoglu,Marcus Banks,Sonny Weems,Charlie Villanueva,Chris Wilcox,Jonas Jerebko,Rodney Stuckey,Will Bynum,1,1:08,TOR,rebound,,,,,,,,,,Sonny Weems,,,,,,def,,
Amir Johnson,Andrea Bargnani,Hedo Turkoglu,Marcus Banks,Sonny Weems,Charlie Villanueva,Chris Wilcox,Jonas Jerebko,Rodney Stuckey,Will Bynum,1,0:54,TOR,shot,Hedo Turkoglu,,,,,,,,,Andrea Bargnani,3,,,made,,3pt,14,31
Amir Johnson,Andrea Bargnani,Hedo Turkoglu,Marcus Banks,Sonny Weems,Charlie Villanueva,Chris Wilcox,Jonas Jerebko,Rodney Stuckey,Will Bynum,1,0:38,DET,shot,,,,,,,,,,Chris Wilcox,2,,,made,,reverse dunk,25,6
Amir Johnson,Andrea Bargnani,Hedo Turkoglu,Marcus Banks,Sonny Weems,Charlie Villanueva,Chris Wilcox,Jonas Jerebko,Rodney Stuckey,Will Bynum,1,0:38,TOR,foul,,,,,,,,Chris Wilcox,,Amir Johnson,,,,,,shooting,,
Amir Johnson,Andrea Bargnani,Hedo Turkoglu,Marcus Banks,Sonny Weems,Charlie Villanueva,Chris Wilcox,Jonas Jerebko,Rodney Stuckey,Will Bynum,1,0:38,DET,free throw,,,,,,,1,,1,Chris Wilcox,,,foul,made,,,,
Amir Johnson,Andrea Bargnani,Hedo Turkoglu,Marcus Banks,Sonny Weems,Charlie Villanueva,Chris Wilcox,Jonas Jerebko,Rodney Stuckey,Will Bynum,1,0:30,DET,foul,,,,,,,,Marcus Banks,,Will Bynum,,,,,,personal,,
Andrea Bargnani,Chris Bosh,Hedo Turkoglu,Marcus Banks,Sonny Weems,Charlie Villanueva,Chris Wilcox,Jonas Jerebko,Rodney Stuckey,Will Bynum,1,0:30,TOR,sub,,,,Chris Bosh,,Amir Johnson,,,,,,,,,,,,
Andrea Bargnani,Chris Bosh,Hedo Turkoglu,Marcus Banks,Sonny Weems,Charlie Villanueva,Chris Wilcox,Jonas Jerebko,Rodney Stuckey,Will Bynum,1,0:30,TOR,free throw,,,,,,,1,,2,Marcus Banks,,,foul,missed,,,,
Andrea Bargnani,Chris Bosh,Hedo Turkoglu,Marcus Banks,Sonny Weems,Charlie Villanueva,Chris Wilcox,Jonas Jerebko,Rodney Stuckey,Will Bynum,1,0:30,TOR,rebound,,,,,,,,,,,,,,,,,,
Andrea Bargnani,Chris Bosh,Hedo Turkoglu,Marcus Banks,Sonny Weems,Charlie Villanueva,Chris Wilcox,Jonas Jerebko,Rodney Stuckey,Will Bynum,1,0:30,TOR,free throw,,,,,,,2,,2,Marcus Banks,,,foul,made,,,,
Andrea Bargnani,Chris Bosh,Hedo Turkoglu,Marcus Banks,Sonny Weems,Charlie Villanueva,Chris Wilcox,Jonas Jerebko,Rodney Stuckey,Will Bynum,1,0:22,DET,shot,Chris Wilcox,,,,,,,,,Will Bynum,2,,,made,,layup,25,6
Andrea Bargnani,Chris Bosh,Hedo Turkoglu,Marcus Banks,Sonny Weems,Charlie Villanueva,Chris Wilcox,Jonas Jerebko,Rodney Stuckey,Will Bynum,1,0:04,TOR,shot,,,,,,,,,,Hedo Turkoglu,,,,missed,,layup,25,6
Andrea Bargnani,Chris Bosh,Hedo Turkoglu,Marcus Banks,Sonny Weems,Charlie Villanueva,Chris Wilcox,Jonas Jerebko,Rodney Stuckey,Will Bynum,1,0:03,DET,rebound,,,,,,,,,,Will Bynum,,,,,,def,,
Andrea Bargnani,Chris Bosh,Hedo Turkoglu,Marcus Banks,Sonny Weems,Charlie Villanueva,Chris Wilcox,Jonas Jerebko,Rodney Stuckey,Will Bynum,1,0:00,DET,shot,,,,,,,,,,Will Bynum,,,,missed,,running bank,16,8
Andrea Bargnani,Chris Bosh,Hedo Turkoglu,Marcus Banks,Sonny Weems,Charlie Villanueva,Chris Wilcox,Jonas Jerebko,Rodney Stuckey,Will Bynum,1,0:00,DET,rebound,,,,,,,,,,,,,,,,,,
Andrea Bargnani,Chris Bosh,Hedo Turkoglu,Marco Belinelli,Marcus Banks,Austin Daye,Charlie Villanueva,Chris Wilcox,Jonas Jerebko,Will Bynum,2,11:43,DET,shot,Will Bynum,,,,,,,,,Chris Wilcox,2,,,made,,alley oop dunk,25,6
Andrea Bargnani,Chris Bosh,Hedo Turkoglu,Marco Belinelli,Marcus Banks,Austin Daye,Charlie Villanueva,Chris Wilcox,Jonas Jerebko,Will Bynum,2,11:34,TOR,foul,,,,,,,,Jonas Jerebko,,Marcus Banks,,,,,,offensive,,
Andrea Bargnani,Chris Bosh,Hedo Turkoglu,Marco Belinelli,Marcus Banks,Austin Daye,Charlie Villanueva,Chris Wilcox,Jonas Jerebko,Will Bynum,2,11:34,TOR,turnover,,,,,,,,,,Marcus Banks,,,foul,,,,,
Andrea Bargnani,Chris Bosh,Hedo Turkoglu,Marco Belinelli,Marcus Banks,Austin Daye,Charlie Villanueva,Chris Wilcox,Jonas Jerebko,Will Bynum,2,11:14,TOR,violation,,,,,,,,,,Chris Bosh,,,,,,defensive goaltending,,
Andrea Bargnani,Chris Bosh,Hedo Turkoglu,Marco Belinelli,Marcus Banks,Austin Daye,Charlie Villanueva,Chris Wilcox,Jonas Jerebko,Will Bynum,2,11:14,DET,shot,,,,,,,,,,Will Bynum,2,,,made,,layup,25,6
Andrea Bargnani,Chris Bosh,Hedo Turkoglu,Marco Belinelli,Marcus Banks,Austin Daye,Charlie Villanueva,Chris Wilcox,Jonas Jerebko,Will Bynum,2,11:00,TOR,shot,,,,,,,,,,Marco Belinelli,2,,,made,,layup,25,6
Andrea Bargnani,Chris Bosh,Hedo Turkoglu,Marco Belinelli,Marcus Banks,Austin Daye,Charlie Villanueva,Chris Wilcox,Jonas Jerebko,Will Bynum,2,10:46,DET,shot,,,,,,,,,,Chris Wilcox,,,,missed,,fade away jumper,10,12
Andrea Bargnani,Chris Bosh,Hedo Turkoglu,Marco Belinelli,Marcus Banks,Austin Daye,Charlie Villanueva,Chris Wilcox,Jonas Jerebko,Will Bynum,2,10:44,DET,rebound,,,,,,,,,,Jonas Jerebko,,,,,,off,,
Andrea Bargnani,Chris Bosh,Hedo Turkoglu,Marco Belinelli,Marcus Banks,Austin Daye,Charlie Villanueva,Chris Wilcox,Jonas Jerebko,Will Bynum,2,10:40,DET,shot,,,,,,,,,,Charlie Villanueva,,,,missed,,3pt,8,27
Andrea Bargnani,Chris Bosh,Hedo Turkoglu,Marco Belinelli,Marcus Banks,Austin Daye,Charlie Villanueva,Chris Wilcox,Jonas Jerebko,Will Bynum,2,10:39,DET,rebound,,,,,,,,,,Austin Daye,,,,,,off,,
Andrea Bargnani,Chris Bosh,Hedo Turkoglu,Marco Belinelli,Marcus Banks,Austin Daye,Charlie Villanueva,Chris Wilcox,Jonas Jerebko,Will Bynum,2,10:27,DET,shot,Charlie Villanueva,,,,,,,,,Austin Daye,2,,,made,,running jump,11,9
Andrea Bargnani,Chris Bosh,Hedo Turkoglu,Marco Belinelli,Marcus Banks,Austin Daye,Charlie Villanueva,Chris Wilcox,Jonas Jerebko,Will Bynum,2,10:05,TOR,shot,,,,,,,,,,Hedo Turkoglu,2,,,made,,driving layup,25,6
Andrea Bargnani,Chris Bosh,Hedo Turkoglu,Marco Belinelli,Marcus Banks,Austin Daye,Charlie Villanueva,Chris Wilcox,Jonas Jerebko,Will Bynum,2,9:43,TOR,foul,,,,,,,,Will Bynum,,Marcus Banks,,,,,,personal,,
Andrea Bargnani,Chris Bosh,Hedo Turkoglu,Marco Belinelli,Marcus Banks,Austin Daye,Charlie Villanueva,Chris Wilcox,DaJuan Summers,Will Bynum,2,9:43,DET,sub,,,,DaJuan Summers,,Jonas Jerebko,,,,,,,,,,,,
Andrea Bargnani,Chris Bosh,Hedo Turkoglu,Jarrett Jack,Marco Belinelli,Austin Daye,Charlie Villanueva,Chris Wilcox,DaJuan Summers,Will Bynum,2,9:43,TOR,sub,,,,Jarrett Jack,,Marcus Banks,,,,,,,,,,,,
Andrea Bargnani,Chris Bosh,Hedo Turkoglu,Jarrett Jack,Marco Belinelli,Austin Daye,Charlie Villanueva,Chris Wilcox,DaJuan Summers,Will Bynum,2,9:32,DET,shot,,,,,,,,,,Austin Daye,,,,missed,,running jump,14,6
Andrea Bargnani,Chris Bosh,Hedo Turkoglu,Jarrett Jack,Marco Belinelli,Austin Daye,Charlie Villanueva,Chris Wilcox,DaJuan Summers,Will Bynum,2,9:31,TOR,rebound,,,,,,,,,,Andrea Bargnani,,,,,,def,,
Andrea Bargnani,Chris Bosh,Hedo Turkoglu,Jarrett Jack,Marco Belinelli,Austin Daye,Charlie Villanueva,Chris Wilcox,DaJuan Summers,Will Bynum,2,9:18,TOR,shot,Hedo Turkoglu,,,,,,,,,Jarrett Jack,3,,,made,,3pt,2,7
Andrea Bargnani,Chris Bosh,Hedo Turkoglu,Jarrett Jack,Marco Belinelli,Austin Daye,Charlie Villanueva,Chris Wilcox,DaJuan Summers,Will Bynum,2,9:02,TOR,foul,,,,,,,,Chris Wilcox,,Marco Belinelli,,,,,,personal,,
Andrea Bargnani,Chris Bosh,Hedo Turkoglu,Jarrett Jack,Marco Belinelli,Austin Daye,Charlie Villanueva,Chris Wilcox,DaJuan Summers,Will Bynum,2,8:48,DET,shot,,,Andrea Bargnani,,,,,,,Austin Daye,,,,missed,,jump,14,9
Andrea Bargnani,Chris Bosh,Hedo Turkoglu,Jarrett Jack,Marco Belinelli,Austin Daye,Charlie Villanueva,Chris Wilcox,DaJuan Summers,Will Bynum,2,8:47,DET,rebound,,,,,,,,,,,,,,,,,,
Andrea Bargnani,Chris Bosh,Hedo Turkoglu,Jarrett Jack,Marco Belinelli,Austin Daye,Charlie Villanueva,Chris Wilcox,DaJuan Summers,Will Bynum,2,8:47,DET,turnover,,,,,,,,,,,,,shot clock turnover,,,,,
Andrea Bargnani,Chris Bosh,Hedo Turkoglu,Jarrett Jack,Marco Belinelli,Austin Daye,Charlie Villanueva,Chris Wilcox,DaJuan Summers,Will Bynum,2,8:47,TOR,timeout,,,,,,,,,,,,,,,,official,,
Andrea Bargnani,Chris Bosh,Hedo Turkoglu,Jarrett Jack,Marco Belinelli,Austin Daye,Charlie Villanueva,Chris Wilcox,DaJuan Summers,Will Bynum,2,8:34,TOR,shot,Hedo Turkoglu,,,,,,,,,Marco Belinelli,3,,,made,,3pt,50,8
Andrea Bargnani,Chris Bosh,Hedo Turkoglu,Jarrett Jack,Marco Belinelli,Austin Daye,Charlie Villanueva,Chris Wilcox,DaJuan Summers,Will Bynum,2,8:15,DET,shot,,,,,,,,,,Charlie Villanueva,,,,missed,,3pt,6,23
Andrea Bargnani,Chris Bosh,Hedo Turkoglu,Jarrett Jack,Marco Belinelli,Austin Daye,Charlie Villanueva,Chris Wilcox,DaJuan Summers,Will Bynum,2,8:14,TOR,rebound,,,,,,,,,,Jarrett Jack,,,,,,def,,
Andrea Bargnani,Chris Bosh,Hedo Turkoglu,Jarrett Jack,Marco Belinelli,Austin Daye,Charlie Villanueva,Chris Wilcox,DaJuan Summers,Will Bynum,2,7:59,TOR,shot,,,Chris Wilcox,,,,,,,Andrea Bargnani,,,,missed,,hook,19,8
Andrea Bargnani,Chris Bosh,Hedo Turkoglu,Jarrett Jack,Marco Belinelli,Austin Daye,Charlie Villanueva,Chris Wilcox,DaJuan Summers,Will Bynum,2,7:57,DET,rebound,,,,,,,,,,Austin Daye,,,,,,def,,
Andrea Bargnani,Chris Bosh,Hedo Turkoglu,Jarrett Jack,Marco Belinelli,Austin Daye,Charlie Villanueva,Chris Wilcox,DaJuan Summers,Will Bynum,2,7:49,DET,shot,,,,,,,,,,Charlie Villanueva,,,,missed,,hook,33,8
Andrea Bargnani,Chris Bosh,Hedo Turkoglu,Jarrett Jack,Marco Belinelli,Austin Daye,Charlie Villanueva,Chris Wilcox,DaJuan Summers,Will Bynum,2,7:48,TOR,rebound,,,,,,,,,,Chris Bosh,,,,,,def,,
Andrea Bargnani,Chris Bosh,Hedo Turkoglu,Jarrett Jack,Marco Belinelli,Austin Daye,Charlie Villanueva,Chris Wilcox,DaJuan Summers,Will Bynum,2,7:42,TOR,shot,,,,,,,,,,Hedo Turkoglu,,,,missed,,3pt,47,21
Andrea Bargnani,Chris Bosh,Hedo Turkoglu,Jarrett Jack,Marco Belinelli,Austin Daye,Charlie Villanueva,Chris Wilcox,DaJuan Summers,Will Bynum,2,7:41,DET,rebound,,,,,,,,,,DaJuan Summers,,,,,,def,,
Andrea Bargnani,Chris Bosh,Hedo Turkoglu,Jarrett Jack,Marco Belinelli,Austin Daye,Charlie Villanueva,Chris Wilcox,DaJuan Summers,Will Bynum,2,7:25,DET,shot,,,,,,,,,,Charlie Villanueva,,,,missed,,jump,39,14
Andrea Bargnani,Chris Bosh,Hedo Turkoglu,Jarrett Jack,Marco Belinelli,Austin Daye,Charlie Villanueva,Chris Wilcox,DaJuan Summers,Will Bynum,2,7:24,TOR,rebound,,,,,,,,,,Jarrett Jack,,,,,,def,,
Andrea Bargnani,Chris Bosh,Hedo Turkoglu,Jarrett Jack,Marco Belinelli,Austin Daye,Charlie Villanueva,Chris Wilcox,DaJuan Summers,Will Bynum,2,7:20,TOR,shot,Jarrett Jack,,,,,,,,,Marco Belinelli,2,,,made,,driving layup,25,6
Andrea Bargnani,Chris Bosh,Hedo Turkoglu,Jarrett Jack,Marco Belinelli,Austin Daye,Charlie Villanueva,Chris Wilcox,DaJuan Summers,Will Bynum,2,6:57,DET,shot,,,,,,,,,,DaJuan Summers,,,,missed,,3pt,48,9
Andrea Bargnani,Chris Bosh,Hedo Turkoglu,Jarrett Jack,Marco Belinelli,Austin Daye,Charlie Villanueva,Chris Wilcox,DaJuan Summers,Will Bynum,2,6:56,TOR,rebound,,,,,,,,,,Marco Belinelli,,,,,,def,,
Andrea Bargnani,Chris Bosh,Hedo Turkoglu,Jarrett Jack,Marco Belinelli,Austin Daye,Charlie Villanueva,Chris Wilcox,DaJuan Summers,Will Bynum,2,6:53,TOR,foul,,,,,,,,Charlie Villanueva,,Chris Bosh,,,,,,offensive,,
Andrea Bargnani,Chris Bosh,Hedo Turkoglu,Jarrett Jack,Marco Belinelli,Austin Daye,Charlie Villanueva,Chris Wilcox,DaJuan Summers,Will Bynum,2,6:53,TOR,turnover,,,,,,,,,,Chris Bosh,,,foul,,,,,
Andrea Bargnani,Chris Bosh,Hedo Turkoglu,Jarrett Jack,Marco Belinelli,Austin Daye,Charlie Villanueva,Chris Wilcox,DaJuan Summers,Jonas Jerebko,2,6:53,DET,sub,,,,Jonas Jerebko,,Will Bynum,,,,,,,,,,,,
Andrea Bargnani,Chris Bosh,Hedo Turkoglu,Jarrett Jack,Marco Belinelli,Austin Daye,Charlie Villanueva,DaJuan Summers,Jonas Jerebko,Rodney Stuckey,2,6:53,DET,sub,,,,Rodney Stuckey,,Chris Wilcox,,,,,,,,,,,,
Andrea Bargnani,Chris Bosh,Hedo Turkoglu,Jarrett Jack,Marco Belinelli,Austin Daye,Ben Wallace,DaJuan Summers,Jonas Jerebko,Rodney Stuckey,2,6:53,DET,sub,,,,Ben Wallace,,Charlie Villanueva,,,,,,,,,,,,
Andrea Bargnani,Chris Bosh,Hedo Turkoglu,Jarrett Jack,Marco Belinelli,Ben Wallace,DaJuan Summers,Jason Maxiell,Jonas Jerebko,Rodney Stuckey,2,6:53,DET,sub,,,,Jason Maxiell,,Austin Daye,,,,,,,,,,,,
Amir Johnson,Andrea Bargnani,Hedo Turkoglu,Jarrett Jack,Marco Belinelli,Ben Wallace,DaJuan Summers,Jason Maxiell,Jonas Jerebko,Rodney Stuckey,2,6:53,TOR,sub,,,,Amir Johnson,,Chris Bosh,,,,,,,,,,,,
Amir Johnson,Andrea Bargnani,Hedo Turkoglu,Jarrett Jack,Marco Belinelli,Ben Wallace,DaJuan Summers,Jason Maxiell,Jonas Jerebko,Rodney Stuckey,2,6:33,TOR,foul,,,,,,,,Jonas Jerebko,,Hedo Turkoglu,,,,,,shooting,,
Amir Johnson,Andrea Bargnani,Hedo Turkoglu,Jarrett Jack,Marco Belinelli,Ben Wallace,DaJuan Summers,Jason Maxiell,Jonas Jerebko,Rodney Stuckey,2,6:33,DET,free throw,,,,,,,1,,2,Jonas Jerebko,,,foul,made,,,,
Amir Johnson,Andrea Bargnani,Hedo Turkoglu,Jarrett Jack,Marco Belinelli,Ben Wallace,DaJuan Summers,Jason Maxiell,Jonas Jerebko,Rodney Stuckey,2,6:33,DET,free throw,,,,,,,2,,2,Jonas Jerebko,,,foul,made,,,,
Amir Johnson,Andrea Bargnani,Hedo Turkoglu,Jarrett Jack,Marco Belinelli,Ben Wallace,DaJuan Summers,Jason Maxiell,Jonas Jerebko,Rodney Stuckey,2,6:17,TOR,shot,,,,,,,,,,Marco Belinelli,,,,missed,,jump,11,16
Amir Johnson,Andrea Bargnani,Hedo Turkoglu,Jarrett Jack,Marco Belinelli,Ben Wallace,DaJuan Summers,Jason Maxiell,Jonas Jerebko,Rodney Stuckey,2,6:15,DET,rebound,,,,,,,,,,Ben Wallace,,,,,,def,,
Amir Johnson,Andrea Bargnani,Hedo Turkoglu,Jarrett Jack,Marco Belinelli,Ben Wallace,DaJuan Summers,Jason Maxiell,Jonas Jerebko,Rodney Stuckey,2,5:53,DET,shot,,,,,,,,,,Rodney Stuckey,,,,missed,,layup,25,6
Amir Johnson,Andrea Bargnani,Hedo Turkoglu,Jarrett Jack,Marco Belinelli,Ben Wallace,DaJuan Summers,Jason Maxiell,Jonas Jerebko,Rodney Stuckey,2,5:52,DET,rebound,,,,,,,,,,,,,,,,,,
Amir Johnson,Andrea Bargnani,Hedo Turkoglu,Jarrett Jack,Marco Belinelli,Ben Wallace,DaJuan Summers,Jason Maxiell,Jonas Jerebko,Rodney Stuckey,2,5:52,DET,turnover,,,,,,,,,,,,,shot clock turnover,,,,,
Amir Johnson,Andrea Bargnani,Hedo Turkoglu,Jarrett Jack,Marco Belinelli,Ben Wallace,DaJuan Summers,Jason Maxiell,Jonas Jerebko,Rodney Stuckey,2,5:52,DET,timeout,,,,,,,,,,,,,,,,regular,,
Amir Johnson,Andrea Bargnani,Hedo Turkoglu,Jarrett Jack,Marco Belinelli,Ben Wallace,DaJuan Summers,Jason Maxiell,Jonas Jerebko,Rodney Stuckey,2,5:41,TOR,shot,,,,,,,,,,Andrea Bargnani,,,,missed,,3pt,16,30
Amir Johnson,Andrea Bargnani,Hedo Turkoglu,Jarrett Jack,Marco Belinelli,Ben Wallace,DaJuan Summers,Jason Maxiell,Jonas Jerebko,Rodney Stuckey,2,5:40,TOR,rebound,,,,,,,,,,Jarrett Jack,,,,,,off,,
Amir Johnson,Andrea Bargnani,Hedo Turkoglu,Jarrett Jack,Marco Belinelli,Ben Wallace,DaJuan Summers,Jason Maxiell,Jonas Jerebko,Rodney Stuckey,2,5:27,TOR,shot,Hedo Turkoglu,,,,,,,,,Andrea Bargnani,2,,,made,,driving layup,25,6
Amir Johnson,Andrea Bargnani,Hedo Turkoglu,Jarrett Jack,Marco Belinelli,Ben Wallace,DaJuan Summers,Jason Maxiell,Jonas Jerebko,Rodney Stuckey,2,5:04,TOR,foul,,,,,,,,Rodney Stuckey,,Marco Belinelli,,,,,,personal,,
Amir Johnson,Andrea Bargnani,Hedo Turkoglu,Jarrett Jack,Marco Belinelli,Ben Wallace,DaJuan Summers,Jason Maxiell,Jonas Jerebko,Rodney Stuckey,2,4:48,DET,shot,,,,,,,,,,Rodney Stuckey,,,,missed,,jump,41,10
Amir Johnson,Andrea Bargnani,Hedo Turkoglu,Jarrett Jack,Marco Belinelli,Ben Wallace,DaJuan Summers,Jason Maxiell,Jonas Jerebko,Rodney Stuckey,2,4:47,TOR,rebound,,,,,,,,,,Andrea Bargnani,,,,,,def,,
Amir Johnson,Andrea Bargnani,Hedo Turkoglu,Jarrett Jack,Marco Belinelli,Ben Wallace,DaJuan Summers,Jason Maxiell,Jonas Jerebko,Rodney Stuckey,2,4:39,TOR,shot,Jarrett Jack,,,,,,,,,Andrea Bargnani,3,,,made,,3pt,28,33
Amir Johnson,Andrea Bargnani,Hedo Turkoglu,Jarrett Jack,Marco Belinelli,Ben Wallace,DaJuan Summers,Jason Maxiell,Jonas Jerebko,Rodney Stuckey,2,4:19,DET,shot,,,,,,,,,,DaJuan Summers,,,,missed,,jump,38,19
Amir Johnson,Andrea Bargnani,Hedo Turkoglu,Jarrett Jack,Marco Belinelli,Ben Wallace,DaJuan Summers,Jason Maxiell,Jonas Jerebko,Rodney Stuckey,2,4:18,DET,rebound,,,,,,,,,,Ben Wallace,,,,,,off,,
Amir Johnson,Andrea Bargnani,Hedo Turkoglu,Jarrett Jack,Marco Belinelli,Ben Wallace,DaJuan Summers,Jason Maxiell,Jonas Jerebko,Rodney Stuckey,2,4:13,DET,shot,Rodney Stuckey,,,,,,,,,DaJuan Summers,2,,,made,,jump,40,17
Andrea Bargnani,Chris Bosh,Hedo Turkoglu,Jarrett Jack,Marco Belinelli,Ben Wallace,DaJuan Summers,Jason Maxiell,Jonas Jerebko,Rodney Stuckey,2,3:53,TOR,sub,,,,Chris Bosh,,Amir Johnson,,,,,,,,,,,,
Andrea Bargnani,Chris Bosh,Hedo Turkoglu,Jarrett Jack,Marco Belinelli,Ben Wallace,DaJuan Summers,Jason Maxiell,Jonas Jerebko,Rodney Stuckey,2,3:43,TOR,shot,Hedo Turkoglu,,,,,,,,,Jarrett Jack,3,,,made,,3pt,49,8
Andrea Bargnani,Chris Bosh,Hedo Turkoglu,Jarrett Jack,Marco Belinelli,Ben Wallace,DaJuan Summers,Jason Maxiell,Jonas Jerebko,Rodney Stuckey,2,3:26,TOR,foul,,,,,,,,Jonas Jerebko,,Marco Belinelli,,,,,,personal,,
Andrea Bargnani,Chris Bosh,Hedo Turkoglu,Jarrett Jack,Marco Belinelli,Ben Wallace,DaJuan Summers,Jason Maxiell,Jonas Jerebko,Rodney Stuckey,2,3:26,DET,free throw,,,,,,,1,,2,Jonas Jerebko,,,foul,made,,,,
Andrea Bargnani,Chris Bosh,Hedo Turkoglu,Jarrett Jack,Marco Belinelli,Ben Wallace,Jason Maxiell,Jonas Jerebko,Rodney Stuckey,Will Bynum,2,3:26,DET,sub,,,,Will Bynum,,DaJuan Summers,,,,,,,,,,,,
Andrea Bargnani,Chris Bosh,Hedo Turkoglu,Jarrett Jack,Sonny Weems,Ben Wallace,Jason Maxiell,Jonas Jerebko,Rodney Stuckey,Will Bynum,2,3:26,TOR,sub,,,,Sonny Weems,,Marco Belinelli,,,,,,,,,,,,
Andrea Bargnani,Chris Bosh,Hedo Turkoglu,Jarrett Jack,Sonny Weems,Ben Wallace,Jason Maxiell,Jonas Jerebko,Rodney Stuckey,Will Bynum,2,3:26,DET,free throw,,,,,,,2,,2,Jonas Jerebko,,,foul,made,,,,
Andrea Bargnani,Chris Bosh,Hedo Turkoglu,Jarrett Jack,Sonny Weems,Ben Wallace,Jason Maxiell,Jonas Jerebko,Rodney Stuckey,Will Bynum,2,3:09,TOR,shot,,,,,,,,,,Chris Bosh,2,,,made,,hook,33,9
Andrea Bargnani,Chris Bosh,Hedo Turkoglu,Jarrett Jack,Sonny Weems,Ben Wallace,Jason Maxiell,Jonas Jerebko,Rodney Stuckey,Will Bynum,2,2:51,DET,shot,,,,,,,,,,Rodney Stuckey,,,,missed,,layup,25,6
Andrea Bargnani,Chris Bosh,Hedo Turkoglu,Jarrett Jack,Sonny Weems,Ben Wallace,Jason Maxiell,Jonas Jerebko,Rodney Stuckey,Will Bynum,2,2:50,TOR,rebound,,,,,,,,,,Chris Bosh,,,,,,def,,
Andrea Bargnani,Chris Bosh,Hedo Turkoglu,Jarrett Jack,Sonny Weems,Ben Wallace,Jason Maxiell,Jonas Jerebko,Rodney Stuckey,Will Bynum,2,2:48,TOR,turnover,,,,,,,,,,Sonny Weems,,,traveling,,,,,
Andrea Bargnani,Chris Bosh,Hedo Turkoglu,Jarrett Jack,Sonny Weems,Ben Wallace,Jason Maxiell,Jonas Jerebko,Rodney Stuckey,Will Bynum,2,2:48,TOR,timeout,,,,,,,,,,,,,,,,regular,,
Andrea Bargnani,Chris Bosh,Hedo Turkoglu,Jarrett Jack,Sonny Weems,Ben Wallace,Jason Maxiell,Jonas Jerebko,Rodney Stuckey,Will Bynum,2,2:29,DET,shot,,,,,,,,,,Jason Maxiell,,,,missed,,turnaround jump,39,12
Andrea Bargnani,Chris Bosh,Hedo Turkoglu,Jarrett Jack,Sonny Weems,Ben Wallace,Jason Maxiell,Jonas Jerebko,Rodney Stuckey,Will Bynum,2,2:28,DET,rebound,,,,,,,,,,Rodney Stuckey,,,,,,off,,
Andrea Bargnani,Chris Bosh,Hedo Turkoglu,Jarrett Jack,Sonny Weems,Ben Wallace,Jason Maxiell,Jonas Jerebko,Rodney Stuckey,Will Bynum,2,2:26,DET,shot,,,,,,,,,,Rodney Stuckey,,,,missed,,tip,25,6
Andrea Bargnani,Chris Bosh,Hedo Turkoglu,Jarrett Jack,Sonny Weems,Ben Wallace,Jason Maxiell,Jonas Jerebko,Rodney Stuckey,Will Bynum,2,2:24,DET,rebound,,,,,,,,,,Ben Wallace,,,,,,off,,
Andrea Bargnani,Chris Bosh,Hedo Turkoglu,Jarrett Jack,Sonny Weems,Ben Wallace,Jason Maxiell,Jonas Jerebko,Rodney Stuckey,Will Bynum,2,2:23,DET,shot,,,,,,,,,,Ben Wallace,2,,,made,,tip,25,6
Andrea Bargnani,Chris Bosh,Hedo Turkoglu,Jarrett Jack,Sonny Weems,Ben Wallace,Jason Maxiell,Jonas Jerebko,Rodney Stuckey,Will Bynum,2,2:08,TOR,shot,Hedo Turkoglu,,,,,,,,,Chris Bosh,2,,,made,,dunk,25,6
Andrea Bargnani,Chris Bosh,Hedo Turkoglu,Jarrett Jack,Sonny Weems,Ben Wallace,Jason Maxiell,Jonas Jerebko,Rodney Stuckey,Will Bynum,2,1:48,DET,turnover,,,,,,,,,,Rodney Stuckey,,,step out of bounds turnover,,,,,
Andrea Bargnani,Chris Bosh,Hedo Turkoglu,Jarrett Jack,Sonny Weems,Ben Wallace,Jason Maxiell,Jonas Jerebko,Rodney Stuckey,Will Bynum,2,1:29,DET,foul,,,,,,,,Chris Bosh,,Jonas Jerebko,,,,,,personal,,
Andrea Bargnani,Chris Bosh,Hedo Turkoglu,Jarrett Jack,Sonny Weems,Ben Wallace,Jason Maxiell,Jonas Jerebko,Rodney Stuckey,Will Bynum,2,1:20,TOR,shot,Jarrett Jack,,,,,,,,,Hedo Turkoglu,3,,,made,,3pt,9,26
Andrea Bargnani,Chris Bosh,Hedo Turkoglu,Jarrett Jack,Sonny Weems,Ben Wallace,Jason Maxiell,Jonas Jerebko,Rodney Stuckey,Will Bynum,2,0:59,DET,shot,,,,,,,,,,Jonas Jerebko,,,,missed,,3pt,21,32
Andrea Bargnani,Chris Bosh,Hedo Turkoglu,Jarrett Jack,Sonny Weems,Ben Wallace,Jason Maxiell,Jonas Jerebko,Rodney Stuckey,Will Bynum,2,0:58,TOR,rebound,,,,,,,,,,Sonny Weems,,,,,,def,,
Andrea Bargnani,Chris Bosh,Hedo Turkoglu,Jarrett Jack,Sonny Weems,Ben Wallace,Jason Maxiell,Jonas Jerebko,Rodney Stuckey,Will Bynum,2,0:51,TOR,shot,,,,,,,,,,Andrea Bargnani,,,,missed,,jump,6,10
Andrea Bargnani,Chris Bosh,Hedo Turkoglu,Jarrett Jack,Sonny Weems,Ben Wallace,Jason Maxiell,Jonas Jerebko,Rodney Stuckey,Will Bynum,2,0:50,DET,rebound,,,,,,,,,,Ben Wallace,,,,,,def,,
Andrea Bargnani,Chris Bosh,Hedo Turkoglu,Jarrett Jack,Sonny Weems,Ben Wallace,Jason Maxiell,Jonas Jerebko,Rodney Stuckey,Will Bynum,2,0:39,DET,shot,,,,,,,,,,Will Bynum,2,,,made,,pullup jump,8,13
Andrea Bargnani,Chris Bosh,Hedo Turkoglu,Jarrett Jack,Sonny Weems,Ben Wallace,Jason Maxiell,Jonas Jerebko,Rodney Stuckey,Will Bynum,2,0:22,TOR,shot,,,,,,,,,,Andrea Bargnani,,,,missed,,layup,25,6
Andrea Bargnani,Chris Bosh,Hedo Turkoglu,Jarrett Jack,Sonny Weems,Ben Wallace,Jason Maxiell,Jonas Jerebko,Rodney Stuckey,Will Bynum,2,0:21,TOR,rebound,,,,,,,,,,Sonny Weems,,,,,,off,,
Andrea Bargnani,Chris Bosh,Hedo Turkoglu,Jarrett Jack,Sonny Weems,Ben Wallace,Jason Maxiell,Jonas Jerebko,Rodney Stuckey,Will Bynum,2,0:20,TOR,shot,Sonny Weems,,,,,,,,,Andrea Bargnani,2,,,made,,jump,9,6
Andrea Bargnani,Chris Bosh,Hedo Turkoglu,Jarrett Jack,Sonny Weems,Ben Wallace,Jason Maxiell,Jonas Jerebko,Rodney Stuckey,Will Bynum,2,0:16,DET,timeout,,,,,,,,,,,,,,,,short,,
Andrea Bargnani,Hedo Turkoglu,Jarrett Jack,Pops Mensah-Bonsu,Sonny Weems,Ben Wallace,Jason Maxiell,Jonas Jerebko,Rodney Stuckey,Will Bynum,2,0:16,TOR,sub,,,,Pops Mensah-Bonsu,,Chris Bosh,,,,,,,,,,,,
Andrea Bargnani,Hedo Turkoglu,Jarrett Jack,Pops Mensah-Bonsu,Sonny Weems,Ben Wallace,DaJuan Summers,Jonas Jerebko,Rodney Stuckey,Will Bynum,2,0:16,DET,sub,,,,DaJuan Summers,,Jason Maxiell,,,,,,,,,,,,
Andrea Bargnani,Hedo Turkoglu,Jarrett Jack,Pops Mensah-Bonsu,Sonny Weems,Ben Wallace,DaJuan Summers,Jonas Jerebko,Rodney Stuckey,Will Bynum,2,0:02,TOR,foul,,,,,,,,Ben Wallace,,Pops Mensah-Bonsu,,,,,,shooting,,
Andrea Bargnani,Hedo Turkoglu,Jarrett Jack,Pops Mensah-Bonsu,Sonny Weems,Ben Wallace,DaJuan Summers,Jonas Jerebko,Rodney Stuckey,Will Bynum,2,0:02,DET,free throw,,,,,,,1,,2,Ben Wallace,,,foul,missed,,,,
Andrea Bargnani,Hedo Turkoglu,Jarrett Jack,Pops Mensah-Bonsu,Sonny Weems,Ben Wallace,DaJuan Summers,Jonas Jerebko,Rodney Stuckey,Will Bynum,2,0:02,DET,rebound,,,,,,,,,,,,,,,,,,
Andrea Bargnani,Hedo Turkoglu,Jarrett Jack,Pops Mensah-Bonsu,Sonny Weems,Ben Wallace,DaJuan Summers,Jonas Jerebko,Rodney Stuckey,Will Bynum,2,0:02,DET,free throw,,,,,,,2,,2,Ben Wallace,,,foul,missed,,,,
Andrea Bargnani,Hedo Turkoglu,Jarrett Jack,Pops Mensah-Bonsu,Sonny Weems,Ben Wallace,DaJuan Summers,Jonas Jerebko,Rodney Stuckey,Will Bynum,2,0:02,TOR,rebound,,,,,,,,,,,,,,,,,,
Andrea Bargnani,Hedo Turkoglu,Jarrett Jack,Pops Mensah-Bonsu,Sonny Weems,Ben Wallace,DaJuan Summers,Jonas Jerebko,Rodney Stuckey,Will Bynum,2,0:02,TOR,timeout,,,,,,,,,,,,,,,,short,,
Andrea Bargnani,Hedo Turkoglu,Jarrett Jack,Marco Belinelli,Sonny Weems,Ben Wallace,DaJuan Summers,Jonas Jerebko,Rodney Stuckey,Will Bynum,2,0:02,TOR,sub,,,,Marco Belinelli,,Pops Mensah-Bonsu,,,,,,,,,,,,
Andrea Bargnani,Hedo Turkoglu,Jarrett Jack,Marco Belinelli,Sonny Weems,Ben Wallace,DaJuan Summers,Jonas Jerebko,Rodney Stuckey,Will Bynum,2,0:01,TOR,shot,,,,,,,,,,Sonny Weems,,,,missed,,3pt,32,38
Andrea Bargnani,Hedo Turkoglu,Jarrett Jack,Marco Belinelli,Sonny Weems,Ben Wallace,DaJuan Summers,Jonas Jerebko,Rodney Stuckey,Will Bynum,2,0:00,TOR,rebound,,,,,,,,,,,,,,,,,,
Andrea Bargnani,Chris Bosh,DeMar DeRozan,Hedo Turkoglu,Jarrett Jack,Ben Wallace,Chucky Atkins,Jason Maxiell,Jonas Jerebko,Rodney Stuckey,3,11:43,DET,shot,,,,,,,,,,Jason Maxiell,,,,missed,,jump,36,10
Andrea Bargnani,Chris Bosh,DeMar DeRozan,Hedo Turkoglu,Jarrett Jack,Ben Wallace,Chucky Atkins,Jason Maxiell,Jonas Jerebko,Rodney Stuckey,3,11:40,TOR,rebound,,,,,,,,,,Hedo Turkoglu,,,,,,def,,
Andrea Bargnani,Chris Bosh,DeMar DeRozan,Hedo Turkoglu,Jarrett Jack,Ben Wallace,Chucky Atkins,Jason Maxiell,Jonas Jerebko,Rodney Stuckey,3,11:18,TOR,shot,,,,,,,,,,Hedo Turkoglu,3,,,made,,3pt,26,32
Andrea Bargnani,Chris Bosh,DeMar DeRozan,Hedo Turkoglu,Jarrett Jack,Ben Wallace,Chucky Atkins,Jason Maxiell,Jonas Jerebko,Rodney Stuckey,3,10:52,DET,shot,,,,,,,,,,Jonas Jerebko,,,,missed,,jump,23,18
Andrea Bargnani,Chris Bosh,DeMar DeRozan,Hedo Turkoglu,Jarrett Jack,Ben Wallace,Chucky Atkins,Jason Maxiell,Jonas Jerebko,Rodney Stuckey,3,10:51,TOR,rebound,,,,,,,,,,Chris Bosh,,,,,,def,,
Andrea Bargnani,Chris Bosh,DeMar DeRozan,Hedo Turkoglu,Jarrett Jack,Ben Wallace,Chucky Atkins,Jason Maxiell,Jonas Jerebko,Rodney Stuckey,3,10:41,TOR,shot,,,,,,,,,,Andrea Bargnani,,,,missed,,3pt,38,28
Andrea Bargnani,Chris Bosh,DeMar DeRozan,Hedo Turkoglu,Jarrett Jack,Ben Wallace,Chucky Atkins,Jason Maxiell,Jonas Jerebko,Rodney Stuckey,3,10:40,DET,rebound,,,,,,,,,,Ben Wallace,,,,,,def,,
Andrea Bargnani,Chris Bosh,DeMar DeRozan,Hedo Turkoglu,Jarrett Jack,Ben Wallace,Chucky Atkins,Jason Maxiell,Jonas Jerebko,Rodney Stuckey,3,10:33,TOR,foul,,,,,,,,Chucky Atkins,,DeMar DeRozan,,,,,,shooting,,
Andrea Bargnani,Chris Bosh,DeMar DeRozan,Hedo Turkoglu,Jarrett Jack,Ben Wallace,Chucky Atkins,Jason Maxiell,Jonas Jerebko,Rodney Stuckey,3,10:33,DET,free throw,,,,,,,1,,2,Chucky Atkins,,,foul,made,,,,
Andrea Bargnani,Chris Bosh,DeMar DeRozan,Hedo Turkoglu,Jarrett Jack,Ben Wallace,Chucky Atkins,Jason Maxiell,Jonas Jerebko,Rodney Stuckey,3,10:33,DET,free throw,,,,,,,2,,2,Chucky Atkins,,,foul,made,,,,
Andrea Bargnani,Chris Bosh,DeMar DeRozan,Hedo Turkoglu,Jarrett Jack,Ben Wallace,Chucky Atkins,Jason Maxiell,Jonas Jerebko,Rodney Stuckey,3,10:19,DET,foul,,,,,,,,Chris Bosh,,Ben Wallace,,,,,,personal,,
Andrea Bargnani,Chris Bosh,DeMar DeRozan,Hedo Turkoglu,Jarrett Jack,Ben Wallace,Chucky Atkins,Jason Maxiell,Jonas Jerebko,Rodney Stuckey,3,10:08,TOR,shot,Hedo Turkoglu,,,,,,,,,DeMar DeRozan,2,,,made,,jump,38,17
Andrea Bargnani,Chris Bosh,DeMar DeRozan,Hedo Turkoglu,Jarrett Jack,Ben Wallace,Chucky Atkins,Jason Maxiell,Jonas Jerebko,Rodney Stuckey,3,9:39,DET,shot,,,,,,,,,,Ben Wallace,,,,missed,,jump,41,9
Andrea Bargnani,Chris Bosh,DeMar DeRozan,Hedo Turkoglu,Jarrett Jack,Ben Wallace,Chucky Atkins,Jason Maxiell,Jonas Jerebko,Rodney Stuckey,3,9:38,DET,rebound,,,,,,,,,,Jonas Jerebko,,,,,,off,,
Andrea Bargnani,Chris Bosh,DeMar DeRozan,Hedo Turkoglu,Jarrett Jack,Ben Wallace,Chucky Atkins,Jason Maxiell,Jonas Jerebko,Rodney Stuckey,3,9:37,TOR,foul,,,,,,,,Jonas Jerebko,,Hedo Turkoglu,,,,,,shooting,,
Andrea Bargnani,Chris Bosh,DeMar DeRozan,Hedo Turkoglu,Jarrett Jack,Ben Wallace,Chucky Atkins,Jason Maxiell,Jonas Jerebko,Rodney Stuckey,3,9:37,DET,free throw,,,,,,,1,,2,Jonas Jerebko,,,foul,missed,,,,
Andrea Bargnani,Chris Bosh,DeMar DeRozan,Hedo Turkoglu,Jarrett Jack,Ben Wallace,Chucky Atkins,Jason Maxiell,Jonas Jerebko,Rodney Stuckey,3,9:37,DET,rebound,,,,,,,,,,,,,,,,,,
Andrea Bargnani,Chris Bosh,DeMar DeRozan,Hedo Turkoglu,Jarrett Jack,Ben Wallace,Chucky Atkins,Jason Maxiell,Jonas Jerebko,Rodney Stuckey,3,9:37,DET,free throw,,,,,,,2,,2,Jonas Jerebko,,,foul,made,,,,
Andrea Bargnani,Chris Bosh,DeMar DeRozan,Hedo Turkoglu,Jarrett Jack,Ben Wallace,Chucky Atkins,Jason Maxiell,Jonas Jerebko,Rodney Stuckey,3,9:15,TOR,shot,Hedo Turkoglu,,,,,,,,,Andrea Bargnani,2,,,made,,jump,22,27
Andrea Bargnani,Chris Bosh,DeMar DeRozan,Hedo Turkoglu,Jarrett Jack,Ben Wallace,Chucky Atkins,Jason Maxiell,Jonas Jerebko,Rodney Stuckey,3,8:54,DET,shot,,,,,,,,,,Chucky Atkins,,,,missed,,3pt,16,31
Andrea Bargnani,Chris Bosh,DeMar DeRozan,Hedo Turkoglu,Jarrett Jack,Ben Wallace,Chucky Atkins,Jason Maxiell,Jonas Jerebko,Rodney Stuckey,3,8:53,TOR,rebound,,,,,,,,,,Chris Bosh,,,,,,def,,
Andrea Bargnani,Chris Bosh,DeMar DeRozan,Hedo Turkoglu,Jarrett Jack,Ben Wallace,Chucky Atkins,Jason Maxiell,Jonas Jerebko,Rodney Stuckey,3,8:47,DET,foul,,,,,,,,Hedo Turkoglu,,Chucky Atkins,,,,,,personal,,
Andrea Bargnani,Chris Bosh,DeMar DeRozan,Hedo Turkoglu,Jarrett Jack,Ben Wallace,Chucky Atkins,Jason Maxiell,Jonas Jerebko,Rodney Stuckey,3,8:40,TOR,shot,,,,,,,,,,Hedo Turkoglu,,,,missed,,3pt,2,17
Andrea Bargnani,Chris Bosh,DeMar DeRozan,Hedo Turkoglu,Jarrett Jack,Ben Wallace,Chucky Atkins,Jason Maxiell,Jonas Jerebko,Rodney Stuckey,3,8:39,DET,rebound,,,,,,,,,,Jason Maxiell,,,,,,def,,
Andrea Bargnani,Chris Bosh,DeMar DeRozan,Hedo Turkoglu,Jarrett Jack,Ben Wallace,Chucky Atkins,Jason Maxiell,Jonas Jerebko,Rodney Stuckey,3,8:30,DET,shot,Rodney Stuckey,,,,,,,,,Jonas Jerebko,2,,,made,,jump,44,9
Andrea Bargnani,Chris Bosh,DeMar DeRozan,Hedo Turkoglu,Jarrett Jack,Ben Wallace,Chucky Atkins,Jason Maxiell,Jonas Jerebko,Rodney Stuckey,3,8:13,TOR,shot,,,,,,,,,,Jarrett Jack,,,,missed,,pullup jump,10,17
Andrea Bargnani,Chris Bosh,DeMar DeRozan,Hedo Turkoglu,Jarrett Jack,Ben Wallace,Chucky Atkins,Jason Maxiell,Jonas Jerebko,Rodney Stuckey,3,8:12,DET,rebound,,,,,,,,,,Jason Maxiell,,,,,,def,,
Andrea Bargnani,Chris Bosh,DeMar DeRozan,Hedo Turkoglu,Jarrett Jack,Ben Wallace,Chucky Atkins,Jason Maxiell,Jonas Jerebko,Rodney Stuckey,3,7:57,DET,turnover,,,,,,,,,,Chucky Atkins,,,lost ball,,DeMar DeRozan,,,
Andrea Bargnani,Chris Bosh,DeMar DeRozan,Hedo Turkoglu,Jarrett Jack,Ben Wallace,Chucky Atkins,Jason Maxiell,Jonas Jerebko,Rodney Stuckey,3,7:52,TOR,shot,,,,,,,,,,DeMar DeRozan,,,,missed,,layup,25,6
Andrea Bargnani,Chris Bosh,DeMar DeRozan,Hedo Turkoglu,Jarrett Jack,Ben Wallace,Chucky Atkins,Jason Maxiell,Jonas Jerebko,Rodney Stuckey,3,7:51,DET,rebound,,,,,,,,,,Jason Maxiell,,,,,,def,,
Andrea Bargnani,Chris Bosh,DeMar DeRozan,Hedo Turkoglu,Jarrett Jack,Ben Wallace,Chucky Atkins,Jason Maxiell,Jonas Jerebko,Rodney Stuckey,3,7:42,DET,foul,,,,,,,,DeMar DeRozan,,Rodney Stuckey,,,,,,offensive,,
Andrea Bargnani,Chris Bosh,DeMar DeRozan,Hedo Turkoglu,Jarrett Jack,Ben Wallace,Chucky Atkins,Jason Maxiell,Jonas Jerebko,Rodney Stuckey,3,7:42,DET,turnover,,,,,,,,,,Rodney Stuckey,,,foul,,,,,
Andrea Bargnani,Chris Bosh,DeMar DeRozan,Hedo Turkoglu,Jarrett Jack,Ben Wallace,Jason Maxiell,Jonas Jerebko,Rodney Stuckey,Will Bynum,3,7:42,DET,sub,,,,Will Bynum,,Chucky Atkins,,,,,,,,,,,,
Andrea Bargnani,Chris Bosh,DeMar DeRozan,Hedo Turkoglu,Jarrett Jack,Ben Wallace,Jason Maxiell,Jonas Jerebko,Rodney Stuckey,Will Bynum,3,7:29,TOR,shot,Hedo Turkoglu,,,,,,,,,Chris Bosh,2,,,made,,layup,25,6
Andrea Bargnani,Chris Bosh,DeMar DeRozan,Hedo Turkoglu,Jarrett Jack,Ben Wallace,Jason Maxiell,Jonas Jerebko,Rodney Stuckey,Will Bynum,3,7:04,DET,shot,,,,,,,,,,Jason Maxiell,2,,,made,,jump,26,18
Andrea Bargnani,Chris Bosh,DeMar DeRozan,Hedo Turkoglu,Jarrett Jack,Ben Wallace,Jason Maxiell,Jonas Jerebko,Rodney Stuckey,Will Bynum,3,6:45,DET,foul,,,,,,,,Andrea Bargnani,,Jason Maxiell,,,,,,personal,,
Andrea Bargnani,Chris Bosh,DeMar DeRozan,Jarrett Jack,Sonny Weems,Ben Wallace,Jason Maxiell,Jonas Jerebko,Rodney Stuckey,Will Bynum,3,6:45,TOR,sub,,,,Sonny Weems,,Hedo Turkoglu,,,,,,,,,,,,
Andrea Bargnani,Chris Bosh,DeMar DeRozan,Jarrett Jack,Sonny Weems,Ben Wallace,Jason Maxiell,Jonas Jerebko,Rodney Stuckey,Will Bynum,3,6:36,TOR,shot,,,,,,,,,,Jarrett Jack,2,,,made,,pullup jump,21,20
Andrea Bargnani,Chris Bosh,DeMar DeRozan,Jarrett Jack,Sonny Weems,Ben Wallace,Jason Maxiell,Jonas Jerebko,Rodney Stuckey,Will Bynum,3,6:17,DET,shot,,,,,,,,,,Will Bynum,,,,missed,,jump,17,21
Andrea Bargnani,Chris Bosh,DeMar DeRozan,Jarrett Jack,Sonny Weems,Ben Wallace,Jason Maxiell,Jonas Jerebko,Rodney Stuckey,Will Bynum,3,6:16,TOR,rebound,,,,,,,,,,Andrea Bargnani,,,,,,def,,
Andrea Bargnani,Chris Bosh,DeMar DeRozan,Jarrett Jack,Sonny Weems,Ben Wallace,Jason Maxiell,Jonas Jerebko,Rodney Stuckey,Will Bynum,3,6:04,TOR,shot,Sonny Weems,,,,,,,,,Andrea Bargnani,2,,,made,,jump,8,7
Andrea Bargnani,Chris Bosh,DeMar DeRozan,Jarrett Jack,Sonny Weems,Ben Wallace,Jason Maxiell,Jonas Jerebko,Rodney Stuckey,Will Bynum,3,6:04,DET,timeout,,,,,,,,,,,,,,,,regular,,
Andrea Bargnani,Chris Bosh,DeMar DeRozan,Jarrett Jack,Sonny Weems,Ben Wallace,Jason Maxiell,Jonas Jerebko,Rodney Stuckey,Will Bynum,3,5:41,DET,shot,,,,,,,,,,Jonas Jerebko,,,,missed,,3pt,48,18
Andrea Bargnani,Chris Bosh,DeMar DeRozan,Jarrett Jack,Sonny Weems,Ben Wallace,Jason Maxiell,Jonas Jerebko,Rodney Stuckey,Will Bynum,3,5:39,DET,rebound,,,,,,,,,,Will Bynum,,,,,,off,,
Andrea Bargnani,Chris Bosh,DeMar DeRozan,Jarrett Jack,Sonny Weems,Ben Wallace,Jason Maxiell,Jonas Jerebko,Rodney Stuckey,Will Bynum,3,5:24,DET,shot,Will Bynum,,,,,,,,,Rodney Stuckey,2,,,made,,floating jump,15,9
Andrea Bargnani,Chris Bosh,DeMar DeRozan,Jarrett Jack,Sonny Weems,Ben Wallace,Jason Maxiell,Jonas Jerebko,Rodney Stuckey,Will Bynum,3,5:01,TOR,turnover,,,,,,,,,,Chris Bosh,,,out of bounds lost ball turnover,,,,,
Andrea Bargnani,Chris Bosh,DeMar DeRozan,Jarrett Jack,Sonny Weems,Ben Wallace,Jason Maxiell,Jonas Jerebko,Rodney Stuckey,Will Bynum,3,4:39,DET,shot,,,,,,,,,,Ben Wallace,,,,missed,,layup,25,6
Andrea Bargnani,Chris Bosh,DeMar DeRozan,Jarrett Jack,Sonny Weems,Ben Wallace,Jason Maxiell,Jonas Jerebko,Rodney Stuckey,Will Bynum,3,4:38,DET,rebound,,,,,,,,,,Jonas Jerebko,,,,,,off,,
Andrea Bargnani,Chris Bosh,DeMar DeRozan,Jarrett Jack,Sonny Weems,Ben Wallace,Jason Maxiell,Jonas Jerebko,Rodney Stuckey,Will Bynum,3,4:33,DET,shot,,,,,,,,,,Jonas Jerebko,,,,missed,,hook,24,12
Andrea Bargnani,Chris Bosh,DeMar DeRozan,Jarrett Jack,Sonny Weems,Ben Wallace,Jason Maxiell,Jonas Jerebko,Rodney Stuckey,Will Bynum,3,4:32,TOR,rebound,,,,,,,,,,Sonny Weems,,,,,,def,,
Andrea Bargnani,Chris Bosh,DeMar DeRozan,Jarrett Jack,Sonny Weems,Ben Wallace,Jason Maxiell,Jonas Jerebko,Rodney Stuckey,Will Bynum,3,4:24,TOR,shot,Jarrett Jack,,,,,,,,,DeMar DeRozan,2,,,made,,layup,25,6
Andrea Bargnani,Chris Bosh,DeMar DeRozan,Jarrett Jack,Sonny Weems,Ben Wallace,Jason Maxiell,Jonas Jerebko,Rodney Stuckey,Will Bynum,3,4:05,TOR,foul,,,,,,,,Jonas Jerebko,,Jarrett Jack,,,,,,personal,,
Amir Johnson,Andrea Bargnani,DeMar DeRozan,Jarrett Jack,Sonny Weems,Ben Wallace,Jason Maxiell,Jonas Jerebko,Rodney Stuckey,Will Bynum,3,4:05,TOR,sub,,,,Amir Johnson,,Chris Bosh,,,,,,,,,,,,
Amir Johnson,Andrea Bargnani,DeMar DeRozan,Jarrett Jack,Sonny Weems,Ben Wallace,Charlie Villanueva,Jonas Jerebko,Rodney Stuckey,Will Bynum,3,4:05,DET,sub,,,,Charlie Villanueva,,Jason Maxiell,,,,,,,,,,,,
Amir Johnson,Andrea Bargnani,DeMar DeRozan,Jarrett Jack,Sonny Weems,Austin Daye,Ben Wallace,Charlie Villanueva,Jonas Jerebko,Will Bynum,3,4:05,DET,sub,,,,Austin Daye,,Rodney Stuckey,,,,,,,,,,,,
Amir Johnson,Andrea Bargnani,DeMar DeRozan,Jarrett Jack,Sonny Weems,Austin Daye,Ben Wallace,Charlie Villanueva,Jonas Jerebko,Will Bynum,3,3:51,DET,shot,,,Amir Johnson,,,,,,,Charlie Villanueva,,,,missed,,hook,30,9
Amir Johnson,Andrea Bargnani,DeMar DeRozan,Jarrett Jack,Sonny Weems,Austin Daye,Ben Wallace,Charlie Villanueva,Jonas Jerebko,Will Bynum,3,3:49,TOR,rebound,,,,,,,,,,Jarrett Jack,,,,,,def,,
Amir Johnson,Andrea Bargnani,DeMar DeRozan,Jarrett Jack,Sonny Weems,Austin Daye,Ben Wallace,Charlie Villanueva,Jonas Jerebko,Will Bynum,3,3:45,TOR,turnover,,,,,,,,,,DeMar DeRozan,,,lost ball,,Jonas Jerebko,,,
Amir Johnson,Andrea Bargnani,DeMar DeRozan,Jarrett Jack,Sonny Weems,Austin Daye,Ben Wallace,Charlie Villanueva,Jonas Jerebko,Will Bynum,3,3:38,TOR,foul,,,,,,,,Austin Daye,,DeMar DeRozan,,,,,,personal,,
Amir Johnson,Andrea Bargnani,DeMar DeRozan,Jarrett Jack,Sonny Weems,Austin Daye,Ben Wallace,Charlie Villanueva,Jonas Jerebko,Will Bynum,3,3:26,DET,shot,,,,,,,,,,Charlie Villanueva,,,,missed,,layup,25,6
Amir Johnson,Andrea Bargnani,DeMar DeRozan,Jarrett Jack,Sonny Weems,Austin Daye,Ben Wallace,Charlie Villanueva,Jonas Jerebko,Will Bynum,3,3:24,DET,rebound,,,,,,,,,,Ben Wallace,,,,,,off,,
Amir Johnson,Andrea Bargnani,DeMar DeRozan,Jarrett Jack,Sonny Weems,Austin Daye,Ben Wallace,Charlie Villanueva,Jonas Jerebko,Will Bynum,3,3:18,DET,shot,Ben Wallace,,,,,,,,,Jonas Jerebko,3,,,made,,3pt,46,22
Amir Johnson,Andrea Bargnani,DeMar DeRozan,Jarrett Jack,Sonny Weems,Austin Daye,Ben Wallace,Charlie Villanueva,Jonas Jerebko,Will Bynum,3,3:17,DET,foul,,,,,,,,Jarrett Jack,,Will Bynum,,,,,,personal,,
Amir Johnson,Andrea Bargnani,DeMar DeRozan,Jarrett Jack,Sonny Weems,Austin Daye,Ben Wallace,Charlie Villanueva,Jonas Jerebko,Will Bynum,3,3:05,TOR,shot,,,,,,,,,,Sonny Weems,,,,missed,,jump bank,10,11
Amir Johnson,Andrea Bargnani,DeMar DeRozan,Jarrett Jack,Sonny Weems,Austin Daye,Ben Wallace,Charlie Villanueva,Jonas Jerebko,Will Bynum,3,3:03,DET,rebound,,,,,,,,,,Austin Daye,,,,,,def,,
Amir Johnson,Andrea Bargnani,DeMar DeRozan,Jarrett Jack,Sonny Weems,Austin Daye,Ben Wallace,Charlie Villanueva,Jonas Jerebko,Will Bynum,3,2:58,DET,turnover,,,,,,,,,,Will Bynum,,,bad pass,,,,,
Amir Johnson,Andrea Bargnani,DeMar DeRozan,Jarrett Jack,Sonny Weems,Austin Daye,Ben Wallace,Charlie Villanueva,Jonas Jerebko,Will Bynum,3,2:58,TOR,timeout,,,,,,,,,,,,,,,,regular,,
Amir Johnson,Andrea Bargnani,Jarrett Jack,Marco Belinelli,Sonny Weems,Austin Daye,Ben Wallace,Charlie Villanueva,Jonas Jerebko,Will Bynum,3,2:58,TOR,sub,,,,Marco Belinelli,,DeMar DeRozan,,,,,,,,,,,,
Amir Johnson,Andrea Bargnani,Jarrett Jack,Marco Belinelli,Sonny Weems,Austin Daye,Ben Wallace,Charlie Villanueva,Jonas Jerebko,Will Bynum,3,2:43,TOR,shot,,,,,,,,,,Andrea Bargnani,,,,missed,,jump,7,8
Amir Johnson,Andrea Bargnani,Jarrett Jack,Marco Belinelli,Sonny Weems,Austin Daye,Ben Wallace,Charlie Villanueva,Jonas Jerebko,Will Bynum,3,2:42,DET,rebound,,,,,,,,,,Charlie Villanueva,,,,,,def,,
Amir Johnson,Andrea Bargnani,Jarrett Jack,Marco Belinelli,Sonny Weems,Austin Daye,Ben Wallace,Charlie Villanueva,Jonas Jerebko,Will Bynum,3,2:28,DET,shot,,,,,,,,,,Austin Daye,,,,missed,,turnaround jump,38,9
Amir Johnson,Andrea Bargnani,Jarrett Jack,Marco Belinelli,Sonny Weems,Austin Daye,Ben Wallace,Charlie Villanueva,Jonas Jerebko,Will Bynum,3,2:26,TOR,rebound,,,,,,,,,,Sonny Weems,,,,,,def,,
Amir Johnson,Andrea Bargnani,Jarrett Jack,Marco Belinelli,Sonny Weems,Austin Daye,Ben Wallace,Charlie Villanueva,Jonas Jerebko,Will Bynum,3,2:14,TOR,shot,Marco Belinelli,,,,,,,,,Andrea Bargnani,2,,,made,,reverse dunk,25,6
Amir Johnson,Andrea Bargnani,Jarrett Jack,Marco Belinelli,Sonny Weems,Austin Daye,Ben Wallace,Charlie Villanueva,Jonas Jerebko,Will Bynum,3,1:45,DET,shot,,,,,,,,,,Will Bynum,2,,,made,,driving reverse layup,25,6
Amir Johnson,Andrea Bargnani,Jarrett Jack,Marco Belinelli,Sonny Weems,Austin Daye,Ben Wallace,Charlie Villanueva,Jonas Jerebko,Will Bynum,3,1:25,TOR,shot,,,,,,,,,,Jarrett Jack,2,,,made,,running jump,15,12
Amir Johnson,Andrea Bargnani,Jarrett Jack,Marco Belinelli,Sonny Weems,Austin Daye,Ben Wallace,Charlie Villanueva,Jonas Jerebko,Will Bynum,3,1:05,DET,shot,,,,,,,,,,Austin Daye,,,,missed,,jump,39,11
Amir Johnson,Andrea Bargnani,Jarrett Jack,Marco Belinelli,Sonny Weems,Austin Daye,Ben Wallace,Charlie Villanueva,Jonas Jerebko,Will Bynum,3,1:04,TOR,rebound,,,,,,,,,,Amir Johnson,,,,,,def,,
Amir Johnson,Andrea Bargnani,Jarrett Jack,Marco Belinelli,Sonny Weems,Austin Daye,Ben Wallace,Charlie Villanueva,Jonas Jerebko,Will Bynum,3,0:57,TOR,shot,,,,,,,,,,Sonny Weems,,,,missed,,pullup jump,12,7
Amir Johnson,Andrea Bargnani,Jarrett Jack,Marco Belinelli,Sonny Weems,Austin Daye,Ben Wallace,Charlie Villanueva,Jonas Jerebko,Will Bynum,3,0:57,TOR,rebound,,,,,,,,,,Amir Johnson,,,,,,off,,
Amir Johnson,Andrea Bargnani,Jarrett Jack,Marco Belinelli,Sonny Weems,Austin Daye,Ben Wallace,Charlie Villanueva,Jonas Jerebko,Will Bynum,3,0:56,TOR,shot,,,,,,,,,,Amir Johnson,,,,missed,,layup,25,6
Amir Johnson,Andrea Bargnani,Jarrett Jack,Marco Belinelli,Sonny Weems,Austin Daye,Ben Wallace,Charlie Villanueva,Jonas Jerebko,Will Bynum,3,0:55,DET,rebound,,,,,,,,,,Jonas Jerebko,,,,,,def,,
Amir Johnson,Jarrett Jack,Marco Belinelli,Marcus Banks,Sonny Weems,Austin Daye,Ben Wallace,Charlie Villanueva,Jonas Jerebko,Will Bynum,3,0:44,TOR,sub,,,,Marcus Banks,,Andrea Bargnani,,,,,,,,,,,,
Amir Johnson,Chris Bosh,Marco Belinelli,Marcus Banks,Sonny Weems,Austin Daye,Ben Wallace,Charlie Villanueva,Jonas Jerebko,Will Bynum,3,0:44,TOR,sub,,,,Chris Bosh,,Jarrett Jack,,,,,,,,,,,,
Amir Johnson,Chris Bosh,Hedo Turkoglu,Marco Belinelli,Marcus Banks,Austin Daye,Ben Wallace,Charlie Villanueva,Jonas Jerebko,Will Bynum,3,0:44,TOR,sub,,,,Hedo Turkoglu,,Sonny Weems,,,,,,,,,,,,
Amir Johnson,Chris Bosh,Hedo Turkoglu,Marco Belinelli,Marcus Banks,Austin Daye,Ben Wallace,Charlie Villanueva,DaJuan Summers,Will Bynum,3,0:42,DET,sub,,,,DaJuan Summers,,Jonas Jerebko,,,,,,,,,,,,
Amir Johnson,Chris Bosh,Hedo Turkoglu,Marco Belinelli,Marcus Banks,Austin Daye,Charlie Villanueva,Chris Wilcox,DaJuan Summers,Will Bynum,3,0:38,DET,sub,,,,Chris Wilcox,,Ben Wallace,,,,,,,,,,,,
Amir Johnson,Chris Bosh,Hedo Turkoglu,Marco Belinelli,Marcus Banks,Austin Daye,Charlie Villanueva,Chris Wilcox,DaJuan Summers,Will Bynum,3,0:32,DET,shot,,,,,,,,,,Charlie Villanueva,,,,missed,,jump,23,12
Amir Johnson,Chris Bosh,Hedo Turkoglu,Marco Belinelli,Marcus Banks,Austin Daye,Charlie Villanueva,Chris Wilcox,DaJuan Summers,Will Bynum,3,0:30,TOR,rebound,,,,,,,,,,Chris Bosh,,,,,,def,,
Amir Johnson,Chris Bosh,Hedo Turkoglu,Marco Belinelli,Marcus Banks,Austin Daye,Charlie Villanueva,Chris Wilcox,DaJuan Summers,Will Bynum,3,0:24,TOR,shot,,,,,,,,,,Chris Bosh,,,,missed,,jump,40,16
Amir Johnson,Chris Bosh,Hedo Turkoglu,Marco Belinelli,Marcus Banks,Austin Daye,Charlie Villanueva,Chris Wilcox,DaJuan Summers,Will Bynum,3,0:24,TOR,rebound,,,,,,,,,,,,,,,,,,
Amir Johnson,Chris Bosh,Hedo Turkoglu,Marco Belinelli,Marcus Banks,Austin Daye,Charlie Villanueva,Chris Wilcox,DaJuan Summers,Will Bynum,3,0:24,DET,foul,,,,,,,,Amir Johnson,,Charlie Villanueva,,,,,,loose ball,,
Amir Johnson,Chris Bosh,Hedo Turkoglu,Marco Belinelli,Marcus Banks,Austin Daye,Charlie Villanueva,Chris Wilcox,DaJuan Summers,Will Bynum,3,0:24,TOR,free throw,,,,,,,1,,2,Amir Johnson,,,foul,missed,,,,
Amir Johnson,Chris Bosh,Hedo Turkoglu,Marco Belinelli,Marcus Banks,Austin Daye,Charlie Villanueva,Chris Wilcox,DaJuan Summers,Will Bynum,3,0:24,TOR,rebound,,,,,,,,,,,,,,,,,,
Amir Johnson,Chris Bosh,Marco Belinelli,Marcus Banks,Sonny Weems,Austin Daye,Charlie Villanueva,Chris Wilcox,DaJuan Summers,Will Bynum,3,0:24,TOR,sub,,,,Sonny Weems,,Hedo Turkoglu,,,,,,,,,,,,
Amir Johnson,Chris Bosh,DeMar DeRozan,Marcus Banks,Sonny Weems,Austin Daye,Charlie Villanueva,Chris Wilcox,DaJuan Summers,Will Bynum,3,0:24,TOR,sub,,,,DeMar DeRozan,,Marco Belinelli,,,,,,,,,,,,
Amir Johnson,Chris Bosh,DeMar DeRozan,Marcus Banks,Sonny Weems,Austin Daye,Charlie Villanueva,Chris Wilcox,DaJuan Summers,Will Bynum,3,0:24,TOR,free throw,,,,,,,2,,2,Amir Johnson,,,foul,made,,,,
Amir Johnson,Chris Bosh,DeMar DeRozan,Marcus Banks,Sonny Weems,Austin Daye,Charlie Villanueva,Chris Wilcox,DaJuan Summers,Will Bynum,3,0:00,DET,turnover,,,,,,,,,,,,,shot clock turnover,,,,,
Amir Johnson,Chris Bosh,Hedo Turkoglu,Marco Belinelli,Marcus Banks,Austin Daye,Chris Wilcox,Chucky Atkins,DaJuan Summers,Jason Maxiell,4,11:45,DET,foul,,,,,,,,Chris Bosh,,Chris Wilcox,,,,,,personal,,
Amir Johnson,Chris Bosh,Hedo Turkoglu,Marco Belinelli,Marcus Banks,Austin Daye,Chris Wilcox,Chucky Atkins,DaJuan Summers,Jason Maxiell,4,11:37,TOR,foul,,,,,,,,Chucky Atkins,,Amir Johnson,,,,,,offensive,,
Amir Johnson,Chris Bosh,Hedo Turkoglu,Marco Belinelli,Marcus Banks,Austin Daye,Chris Wilcox,Chucky Atkins,DaJuan Summers,Jason Maxiell,4,11:20,DET,shot,,,,,,,,,,Jason Maxiell,,,,missed,,jump,41,12
Amir Johnson,Chris Bosh,Hedo Turkoglu,Marco Belinelli,Marcus Banks,Austin Daye,Chris Wilcox,Chucky Atkins,DaJuan Summers,Jason Maxiell,4,11:17,DET,rebound,,,,,,,,,,Chris Wilcox,,,,,,off,,
Amir Johnson,Chris Bosh,Hedo Turkoglu,Marco Belinelli,Marcus Banks,Austin Daye,Chris Wilcox,Chucky Atkins,DaJuan Summers,Jason Maxiell,4,11:05,DET,shot,,,Amir Johnson,,,,,,,Jason Maxiell,,,,missed,,layup,25,6
Amir Johnson,Chris Bosh,Hedo Turkoglu,Marco Belinelli,Marcus Banks,Austin Daye,Chris Wilcox,Chucky Atkins,DaJuan Summers,Jason Maxiell,4,11:04,TOR,rebound,,,,,,,,,,Hedo Turkoglu,,,,,,def,,
Amir Johnson,Chris Bosh,Hedo Turkoglu,Marco Belinelli,Marcus Banks,Austin Daye,Chris Wilcox,Chucky Atkins,DaJuan Summers,Jason Maxiell,4,10:46,TOR,shot,Chris Bosh,,,,,,,,,Hedo Turkoglu,3,,,made,,3pt,4,19
Amir Johnson,Chris Bosh,Hedo Turkoglu,Marco Belinelli,Marcus Banks,Austin Daye,Chris Wilcox,Chucky Atkins,DaJuan Summers,Jason Maxiell,4,10:25,DET,shot,,,,,,,,,,DaJuan Summers,,,,missed,,jump,13,21
Amir Johnson,Chris Bosh,Hedo Turkoglu,Marco Belinelli,Marcus Banks,Austin Daye,Chris Wilcox,Chucky Atkins,DaJuan Summers,Jason Maxiell,4,10:24,DET,rebound,,,,,,,,,,,,,,,,,,
Amir Johnson,Chris Bosh,Hedo Turkoglu,Marco Belinelli,Marcus Banks,Austin Daye,Chris Wilcox,DaJuan Summers,Jason Maxiell,Rodney Stuckey,4,10:23,DET,sub,,,,Rodney Stuckey,,Chucky Atkins,,,,,,,,,,,,
Amir Johnson,Chris Bosh,Hedo Turkoglu,Marco Belinelli,Marcus Banks,Austin Daye,Chris Wilcox,DaJuan Summers,Jason Maxiell,Rodney Stuckey,4,9:58,DET,shot,,,,,,,,,,DaJuan Summers,,,,missed,,3pt,20,37
Amir Johnson,Chris Bosh,Hedo Turkoglu,Marco Belinelli,Marcus Banks,Austin Daye,Chris Wilcox,DaJuan Summers,Jason Maxiell,Rodney Stuckey,4,9:57,DET,rebound,,,,,,,,,,,,,,,,,,
Amir Johnson,Chris Bosh,Hedo Turkoglu,Marco Belinelli,Marcus Banks,Austin Daye,Chris Wilcox,DaJuan Summers,Jason Maxiell,Rodney Stuckey,4,9:57,DET,turnover,,,,,,,,,,,,,shot clock turnover,,,,,
Amir Johnson,Chris Bosh,Hedo Turkoglu,Marco Belinelli,Marcus Banks,Austin Daye,Chris Wilcox,DaJuan Summers,Jason Maxiell,Rodney Stuckey,4,9:45,DET,foul,,,,,,,,Chris Bosh,,Chris Wilcox,,,,,,personal,,
Amir Johnson,Chris Bosh,Hedo Turkoglu,Marco Belinelli,Marcus Banks,Chris Wilcox,DaJuan Summers,Jason Maxiell,Rodney Stuckey,Will Bynum,4,9:45,DET,sub,,,,Will Bynum,,Austin Daye,,,,,,,,,,,,
Amir Johnson,Chris Bosh,Hedo Turkoglu,Marco Belinelli,Marcus Banks,Chris Wilcox,DaJuan Summers,Jason Maxiell,Rodney Stuckey,Will Bynum,4,9:35,TOR,shot,,,,,,,,,,Hedo Turkoglu,,,,missed,,jump,31,26
Amir Johnson,Chris Bosh,Hedo Turkoglu,Marco Belinelli,Marcus Banks,Chris Wilcox,DaJuan Summers,Jason Maxiell,Rodney Stuckey,Will Bynum,4,9:34,DET,rebound,,,,,,,,,,Chris Wilcox,,,,,,def,,
Amir Johnson,Chris Bosh,Hedo Turkoglu,Marco Belinelli,Marcus Banks,Chris Wilcox,DaJuan Summers,Jason Maxiell,Rodney Stuckey,Will Bynum,4,9:14,DET,shot,,,,,,,,,,Rodney Stuckey,2,,,made,,pullup jump,42,14
Amir Johnson,Chris Bosh,Hedo Turkoglu,Marco Belinelli,Marcus Banks,Chris Wilcox,DaJuan Summers,Jason Maxiell,Rodney Stuckey,Will Bynum,4,8:58,TOR,shot,,,,,,,,,,Marco Belinelli,2,,,made,,pullup jump,30,24
Amir Johnson,Chris Bosh,Hedo Turkoglu,Marco Belinelli,Marcus Banks,Chris Wilcox,DaJuan Summers,Jason Maxiell,Rodney Stuckey,Will Bynum,4,8:39,DET,shot,,,,,,,,,,Will Bynum,,,,missed,,reverse layup,25,6
Amir Johnson,Chris Bosh,Hedo Turkoglu,Marco Belinelli,Marcus Banks,Chris Wilcox,DaJuan Summers,Jason Maxiell,Rodney Stuckey,Will Bynum,4,8:36,DET,rebound,,,,,,,,,,DaJuan Summers,,,,,,off,,
Amir Johnson,Chris Bosh,Hedo Turkoglu,Marco Belinelli,Marcus Banks,Chris Wilcox,DaJuan Summers,Jason Maxiell,Rodney Stuckey,Will Bynum,4,8:34,DET,shot,,,,,,,,,,DaJuan Summers,2,,,made,,putback dunk,25,6
Amir Johnson,Chris Bosh,Hedo Turkoglu,Marco Belinelli,Marcus Banks,Chris Wilcox,DaJuan Summers,Jason Maxiell,Rodney Stuckey,Will Bynum,4,8:25,TOR,shot,Hedo Turkoglu,,,,,,,,,Amir Johnson,2,,,made,,layup,25,6
Amir Johnson,Chris Bosh,Hedo Turkoglu,Marco Belinelli,Marcus Banks,Chris Wilcox,DaJuan Summers,Jason Maxiell,Rodney Stuckey,Will Bynum,4,8:11,TOR,foul,,,,,,,,Jason Maxiell,,Amir Johnson,,,,,,shooting,,
Amir Johnson,Chris Bosh,Hedo Turkoglu,Marco Belinelli,Marcus Banks,Chris Wilcox,DaJuan Summers,Jason Maxiell,Rodney Stuckey,Will Bynum,4,8:11,DET,timeout,,,,,,,,,,,,,,,,official,,
Amir Johnson,Chris Bosh,Hedo Turkoglu,Marco Belinelli,Marcus Banks,Chris Wilcox,DaJuan Summers,Jason Maxiell,Rodney Stuckey,Will Bynum,4,8:11,DET,free throw,,,,,,,1,,2,Jason Maxiell,,,foul,made,,,,
Amir Johnson,Chris Bosh,Hedo Turkoglu,Marco Belinelli,Marcus Banks,Chris Wilcox,DaJuan Summers,Jason Maxiell,Rodney Stuckey,Will Bynum,4,8:11,DET,free throw,,,,,,,2,,2,Jason Maxiell,,,foul,made,,,,
Amir Johnson,Chris Bosh,Hedo Turkoglu,Marco Belinelli,Marcus Banks,Chris Wilcox,DaJuan Summers,Jason Maxiell,Rodney Stuckey,Will Bynum,4,7:57,TOR,shot,,,,,,,,,,Marco Belinelli,,,,missed,,fade away jumper,37,18
Amir Johnson,Chris Bosh,Hedo Turkoglu,Marco Belinelli,Marcus Banks,Chris Wilcox,DaJuan Summers,Jason Maxiell,Rodney Stuckey,Will Bynum,4,7:55,DET,rebound,,,,,,,,,,Jason Maxiell,,,,,,def,,
Amir Johnson,Chris Bosh,Hedo Turkoglu,Marco Belinelli,Marcus Banks,Chris Wilcox,DaJuan Summers,Jason Maxiell,Rodney Stuckey,Will Bynum,4,7:36,DET,shot,,,,,,,,,,Jason Maxiell,,,,missed,,jump,42,11
Amir Johnson,Chris Bosh,Hedo Turkoglu,Marco Belinelli,Marcus Banks,Chris Wilcox,DaJuan Summers,Jason Maxiell,Rodney Stuckey,Will Bynum,4,7:34,TOR,rebound,,,,,,,,,,Marcus Banks,,,,,,def,,
Amir Johnson,Chris Bosh,Hedo Turkoglu,Marco Belinelli,Marcus Banks,Chris Wilcox,DaJuan Summers,Jason Maxiell,Rodney Stuckey,Will Bynum,4,7:24,TOR,shot,,,,,,,,,,Amir Johnson,,,,missed,,jump,37,16
Amir Johnson,Chris Bosh,Hedo Turkoglu,Marco Belinelli,Marcus Banks,Chris Wilcox,DaJuan Summers,Jason Maxiell,Rodney Stuckey,Will Bynum,4,7:23,DET,rebound,,,,,,,,,,Jason Maxiell,,,,,,def,,
Amir Johnson,Chris Bosh,Hedo Turkoglu,Marco Belinelli,Marcus Banks,Chris Wilcox,DaJuan Summers,Jason Maxiell,Rodney Stuckey,Will Bynum,4,7:08,DET,shot,,,,,,,,,,DaJuan Summers,,,,missed,,jump,18,24
Amir Johnson,Chris Bosh,Hedo Turkoglu,Marco Belinelli,Marcus Banks,Chris Wilcox,DaJuan Summers,Jason Maxiell,Rodney Stuckey,Will Bynum,4,7:07,TOR,rebound,,,,,,,,,,Chris Bosh,,,,,,def,,
Amir Johnson,Chris Bosh,Hedo Turkoglu,Marco Belinelli,Marcus Banks,Chris Wilcox,DaJuan Summers,Jason Maxiell,Rodney Stuckey,Will Bynum,4,6:54,TOR,turnover,,,,,,,,,,Hedo Turkoglu,,,bad pass,,Chris Wilcox,,,
Amir Johnson,Chris Bosh,Hedo Turkoglu,Marco Belinelli,Marcus Banks,Chris Wilcox,DaJuan Summers,Jason Maxiell,Rodney Stuckey,Will Bynum,4,6:49,DET,shot,,,,,,,,,,Chris Wilcox,,,,missed,,layup,25,6
Amir Johnson,Chris Bosh,Hedo Turkoglu,Marco Belinelli,Marcus Banks,Chris Wilcox,DaJuan Summers,Jason Maxiell,Rodney Stuckey,Will Bynum,4,6:48,TOR,rebound,,,,,,,,,,Chris Bosh,,,,,,def,,
Amir Johnson,Chris Bosh,Hedo Turkoglu,Marco Belinelli,Marcus Banks,Chris Wilcox,DaJuan Summers,Jason Maxiell,Rodney Stuckey,Will Bynum,4,6:38,TOR,shot,,,,,,,,,,Marcus Banks,,,,missed,,3pt,39,28
Amir Johnson,Chris Bosh,Hedo Turkoglu,Marco Belinelli,Marcus Banks,Chris Wilcox,DaJuan Summers,Jason Maxiell,Rodney Stuckey,Will Bynum,4,6:37,DET,rebound,,,,,,,,,,Jason Maxiell,,,,,,def,,
Amir Johnson,Chris Bosh,Hedo Turkoglu,Marco Belinelli,Marcus Banks,Chris Wilcox,DaJuan Summers,Jason Maxiell,Rodney Stuckey,Will Bynum,4,6:29,DET,shot,Will Bynum,,,,,,,,,Chris Wilcox,2,,,made,,alley oop layup,25,6
Amir Johnson,Chris Bosh,Hedo Turkoglu,Marco Belinelli,Marcus Banks,Chris Wilcox,DaJuan Summers,Jason Maxiell,Rodney Stuckey,Will Bynum,4,6:10,TOR,foul,,,,,,,,DaJuan Summers,,Hedo Turkoglu,,,,,,offensive,,
Amir Johnson,Chris Bosh,Hedo Turkoglu,Marco Belinelli,Marcus Banks,Chris Wilcox,DaJuan Summers,Jason Maxiell,Rodney Stuckey,Will Bynum,4,6:10,TOR,turnover,,,,,,,,,,Hedo Turkoglu,,,foul,,,,,
Amir Johnson,Chris Bosh,Hedo Turkoglu,Marco Belinelli,Marcus Banks,Chris Wilcox,DaJuan Summers,Kwame Brown,Rodney Stuckey,Will Bynum,4,6:10,DET,sub,,,,Kwame Brown,,Jason Maxiell,,,,,,,,,,,,
Amir Johnson,Chris Bosh,Hedo Turkoglu,Marco Belinelli,Marcus Banks,Chris Wilcox,DaJuan Summers,Kwame Brown,Rodney Stuckey,Will Bynum,4,5:51,DET,shot,,,,,,,,,,Chris Wilcox,,,,missed,,layup,25,6
Amir Johnson,Chris Bosh,Hedo Turkoglu,Marco Belinelli,Marcus Banks,Chris Wilcox,DaJuan Summers,Kwame Brown,Rodney Stuckey,Will Bynum,4,5:50,TOR,rebound,,,,,,,,,,,,,,,,,,
Amir Johnson,Chris Bosh,Hedo Turkoglu,Marco Belinelli,Marcus Banks,Chris Wilcox,DaJuan Summers,Kwame Brown,Rodney Stuckey,Will Bynum,4,5:50,DET,foul,,,,,,,,Chris Bosh,,Kwame Brown,,,,,,loose ball,,
Amir Johnson,Chris Bosh,Hedo Turkoglu,Marco Belinelli,Marcus Banks,Chris Wilcox,DaJuan Summers,Kwame Brown,Rodney Stuckey,Will Bynum,4,5:50,DET,timeout,,,,,,,,,,,,,,,,regular,,
Amir Johnson,Chris Bosh,Marco Belinelli,Marcus Banks,Sonny Weems,Chris Wilcox,DaJuan Summers,Kwame Brown,Rodney Stuckey,Will Bynum,4,5:50,TOR,sub,,,,Sonny Weems,,Hedo Turkoglu,,,,,,,,,,,,
Amir Johnson,Marco Belinelli,Marcus Banks,Pops Mensah-Bonsu,Sonny Weems,Chris Wilcox,DaJuan Summers,Kwame Brown,Rodney Stuckey,Will Bynum,4,5:50,TOR,sub,,,,Pops Mensah-Bonsu,,Chris Bosh,,,,,,,,,,,,
Amir Johnson,Marco Belinelli,Marcus Banks,Pops Mensah-Bonsu,Sonny Weems,Chris Wilcox,DaJuan Summers,Kwame Brown,Rodney Stuckey,Will Bynum,4,5:36,TOR,shot,,,,,,,,,,Marco Belinelli,,,,missed,,jump,33,22
Amir Johnson,Marco Belinelli,Marcus Banks,Pops Mensah-Bonsu,Sonny Weems,Chris Wilcox,DaJuan Summers,Kwame Brown,Rodney Stuckey,Will Bynum,4,5:35,TOR,rebound,,,,,,,,,,,,,,,,,,
Amir Johnson,Marco Belinelli,Marcus Banks,Pops Mensah-Bonsu,Sonny Weems,Chris Wilcox,DaJuan Summers,Kwame Brown,Rodney Stuckey,Will Bynum,4,5:23,TOR,shot,Amir Johnson,,,,,,,,,Marcus Banks,2,,,made,,jump,38,19
Amir Johnson,Marco Belinelli,Marcus Banks,Pops Mensah-Bonsu,Sonny Weems,Chris Wilcox,DaJuan Summers,Kwame Brown,Rodney Stuckey,Will Bynum,4,5:04,DET,shot,,,Pops Mensah-Bonsu,,,,,,,DaJuan Summers,,,,missed,,reverse layup,25,6
Amir Johnson,Marco Belinelli,Marcus Banks,Pops Mensah-Bonsu,Sonny Weems,Chris Wilcox,DaJuan Summers,Kwame Brown,Rodney Stuckey,Will Bynum,4,5:01,TOR,rebound,,,,,,,,,,Sonny Weems,,,,,,def,,
Amir Johnson,Marco Belinelli,Marcus Banks,Pops Mensah-Bonsu,Sonny Weems,Chris Wilcox,DaJuan Summers,Kwame Brown,Rodney Stuckey,Will Bynum,4,5:00,TOR,turnover,,,,,,,,,,Sonny Weems,,,bad pass,,,,,
Amir Johnson,Marco Belinelli,Marcus Banks,Pops Mensah-Bonsu,Sonny Weems,Chris Wilcox,DaJuan Summers,Jonas Jerebko,Kwame Brown,Will Bynum,4,5:00,DET,sub,,,,Jonas Jerebko,,Rodney Stuckey,,,,,,,,,,,,
Amir Johnson,Marco Belinelli,Marcus Banks,Pops Mensah-Bonsu,Sonny Weems,Chris Wilcox,DaJuan Summers,Jonas Jerebko,Kwame Brown,Will Bynum,4,4:45,DET,shot,,,,,,,,,,Will Bynum,,,,missed,,jump,38,17
Amir Johnson,Marco Belinelli,Marcus Banks,Pops Mensah-Bonsu,Sonny Weems,Chris Wilcox,DaJuan Summers,Jonas Jerebko,Kwame Brown,Will Bynum,4,4:44,TOR,rebound,,,,,,,,,,Amir Johnson,,,,,,def,,
Amir Johnson,Marco Belinelli,Marcus Banks,Pops Mensah-Bonsu,Sonny Weems,Chris Wilcox,DaJuan Summers,Jonas Jerebko,Kwame Brown,Will Bynum,4,4:39,TOR,shot,Marco Belinelli,,,,,,,,,Pops Mensah-Bonsu,2,,,made,,dunk,25,6
Amir Johnson,Marco Belinelli,Marcus Banks,Pops Mensah-Bonsu,Sonny Weems,Chris Wilcox,DaJuan Summers,Jonas Jerebko,Kwame Brown,Will Bynum,4,4:19,TOR,foul,,,,,,,,Will Bynum,,Marcus Banks,,,,,,shooting,,
Amir Johnson,Marco Belinelli,Marcus Banks,Pops Mensah-Bonsu,Sonny Weems,Chris Wilcox,DaJuan Summers,Jonas Jerebko,Kwame Brown,Will Bynum,4,4:19,DET,free throw,,,,,,,1,,2,Will Bynum,,,foul,missed,,,,
Amir Johnson,Marco Belinelli,Marcus Banks,Pops Mensah-Bonsu,Sonny Weems,Chris Wilcox,DaJuan Summers,Jonas Jerebko,Kwame Brown,Will Bynum,4,4:19,DET,rebound,,,,,,,,,,,,,,,,,,
Amir Johnson,Marco Belinelli,Marcus Banks,Pops Mensah-Bonsu,Sonny Weems,Chris Wilcox,DaJuan Summers,Jonas Jerebko,Kwame Brown,Will Bynum,4,4:19,DET,free throw,,,,,,,2,,2,Will Bynum,,,foul,missed,,,,
Amir Johnson,Marco Belinelli,Marcus Banks,Pops Mensah-Bonsu,Sonny Weems,Chris Wilcox,DaJuan Summers,Jonas Jerebko,Kwame Brown,Will Bynum,4,4:18,DET,rebound,,,,,,,,,,Kwame Brown,,,,,,off,,
Amir Johnson,Marco Belinelli,Marcus Banks,Pops Mensah-Bonsu,Sonny Weems,Chris Wilcox,DaJuan Summers,Jonas Jerebko,Kwame Brown,Will Bynum,4,4:11,DET,shot,,,,,,,,,,Will Bynum,,,,missed,,layup,25,6
Amir Johnson,Marco Belinelli,Marcus Banks,Pops Mensah-Bonsu,Sonny Weems,Chris Wilcox,DaJuan Summers,Jonas Jerebko,Kwame Brown,Will Bynum,4,4:09,DET,rebound,,,,,,,,,,Chris Wilcox,,,,,,off,,
Amir Johnson,Marco Belinelli,Marcus Banks,Pops Mensah-Bonsu,Sonny Weems,Chris Wilcox,DaJuan Summers,Jonas Jerebko,Kwame Brown,Will Bynum,4,4:07,DET,shot,,,,,,,,,,Chris Wilcox,2,,,made,,putback dunk,25,6
Amir Johnson,Marco Belinelli,Marcus Banks,Pops Mensah-Bonsu,Sonny Weems,Chris Wilcox,DaJuan Summers,Jonas Jerebko,Kwame Brown,Will Bynum,4,3:49,TOR,shot,,,,,,,,,,Sonny Weems,2,,,made,,jump,30,27
Amir Johnson,Marco Belinelli,Marcus Banks,Pops Mensah-Bonsu,Sonny Weems,Chris Wilcox,DaJuan Summers,Jonas Jerebko,Kwame Brown,Will Bynum,4,3:32,DET,shot,,,,,,,,,,Chris Wilcox,,,,missed,,fade away jumper,12,8
Amir Johnson,Marco Belinelli,Marcus Banks,Pops Mensah-Bonsu,Sonny Weems,Chris Wilcox,DaJuan Summers,Jonas Jerebko,Kwame Brown,Will Bynum,4,3:30,TOR,rebound,,,,,,,,,,Sonny Weems,,,,,,def,,
Amir Johnson,Marco Belinelli,Marcus Banks,Pops Mensah-Bonsu,Sonny Weems,Chris Wilcox,DaJuan Summers,Jonas Jerebko,Kwame Brown,Will Bynum,4,3:22,DET,foul,,,,,,,,Pops Mensah-Bonsu,,Will Bynum,,,,,,personal,,
Amir Johnson,Marco Belinelli,Marcus Banks,Pops Mensah-Bonsu,Sonny Weems,Chris Wilcox,DaJuan Summers,Jonas Jerebko,Kwame Brown,Will Bynum,4,3:11,TOR,shot,,,,,,,,,,Amir Johnson,,,,missed,,jump bank,23,12
Amir Johnson,Marco Belinelli,Marcus Banks,Pops Mensah-Bonsu,Sonny Weems,Chris Wilcox,DaJuan Summers,Jonas Jerebko,Kwame Brown,Will Bynum,4,3:09,DET,rebound,,,,,,,,,,Jonas Jerebko,,,,,,def,,
Amir Johnson,Marco Belinelli,Marcus Banks,Pops Mensah-Bonsu,Sonny Weems,Chris Wilcox,DaJuan Summers,Jonas Jerebko,Kwame Brown,Will Bynum,4,2:53,TOR,foul,,,,,,,,DaJuan Summers,,Amir Johnson,,,,,,shooting,,
Amir Johnson,Marco Belinelli,Marcus Banks,Pops Mensah-Bonsu,Sonny Weems,Chris Wilcox,DaJuan Summers,Jonas Jerebko,Kwame Brown,Will Bynum,4,2:53,TOR,timeout,,,,,,,,,,,,,,,,regular,,
Amir Johnson,Marco Belinelli,Marcus Banks,Pops Mensah-Bonsu,Sonny Weems,Chris Wilcox,DaJuan Summers,Jonas Jerebko,Kwame Brown,Will Bynum,4,2:53,DET,free throw,,,,,,,1,,2,DaJuan Summers,,,foul,missed,,,,
Amir Johnson,Marco Belinelli,Marcus Banks,Pops Mensah-Bonsu,Sonny Weems,Chris Wilcox,DaJuan Summers,Jonas Jerebko,Kwame Brown,Will Bynum,4,2:53,DET,rebound,,,,,,,,,,,,,,,,,,
Amir Johnson,Marco Belinelli,Marcus Banks,Pops Mensah-Bonsu,Sonny Weems,Chris Wilcox,DaJuan Summers,Jonas Jerebko,Kwame Brown,Will Bynum,4,2:53,DET,free throw,,,,,,,2,,2,DaJuan Summers,,,foul,made,,,,
Amir Johnson,Marco Belinelli,Marcus Banks,Pops Mensah-Bonsu,Sonny Weems,Chris Wilcox,DaJuan Summers,Jonas Jerebko,Kwame Brown,Will Bynum,4,2:29,TOR,shot,Sonny Weems,,,,,,,,,Amir Johnson,2,,,made,,jump,31,28
Amir Johnson,Marco Belinelli,Marcus Banks,Pops Mensah-Bonsu,Sonny Weems,Chris Wilcox,DaJuan Summers,Jonas Jerebko,Kwame Brown,Will Bynum,4,2:08,DET,shot,,,Sonny Weems,,,,,,,Chris Wilcox,,,,missed,,layup,25,6
Amir Johnson,Marco Belinelli,Marcus Banks,Pops Mensah-Bonsu,Sonny Weems,Chris Wilcox,DaJuan Summers,Jonas Jerebko,Kwame Brown,Will Bynum,4,2:07,DET,rebound,,,,,,,,,,Chris Wilcox,,,,,,off,,
Amir Johnson,Marco Belinelli,Marcus Banks,Pops Mensah-Bonsu,Sonny Weems,Chris Wilcox,DaJuan Summers,Jonas Jerebko,Kwame Brown,Will Bynum,4,2:05,TOR,foul,,,,,,,,Chris Wilcox,,Pops Mensah-Bonsu,,,,,,shooting,,
Amir Johnson,Marco Belinelli,Marcus Banks,Pops Mensah-Bonsu,Sonny Weems,Chris Wilcox,DaJuan Summers,Jonas Jerebko,Kwame Brown,Will Bynum,4,2:05,DET,free throw,,,,,,,1,,2,Chris Wilcox,,,foul,missed,,,,
Amir Johnson,Marco Belinelli,Marcus Banks,Pops Mensah-Bonsu,Sonny Weems,Chris Wilcox,DaJuan Summers,Jonas Jerebko,Kwame Brown,Will Bynum,4,2:05,DET,rebound,,,,,,,,,,,,,,,,,,
Amir Johnson,Marco Belinelli,Marcus Banks,Pops Mensah-Bonsu,Sonny Weems,Chris Wilcox,DaJuan Summers,Jonas Jerebko,Kwame Brown,Will Bynum,4,2:05,DET,free throw,,,,,,,2,,2,Chris Wilcox,,,foul,made,,,,
Amir Johnson,Marco Belinelli,Marcus Banks,Pops Mensah-Bonsu,Sonny Weems,Chris Wilcox,DaJuan Summers,Jonas Jerebko,Kwame Brown,Will Bynum,4,1:46,TOR,shot,,,,,,,,,,Marco Belinelli,,,,missed,,jump,5,11
Amir Johnson,Marco Belinelli,Marcus Banks,Pops Mensah-Bonsu,Sonny Weems,Chris Wilcox,DaJuan Summers,Jonas Jerebko,Kwame Brown,Will Bynum,4,1:45,DET,rebound,,,,,,,,,,Jonas Jerebko,,,,,,def,,
Amir Johnson,Marco Belinelli,Marcus Banks,Pops Mensah-Bonsu,Sonny Weems,Chris Wilcox,DaJuan Summers,Jonas Jerebko,Kwame Brown,Will Bynum,4,1:34,DET,turnover,,,,,,,,,,Will Bynum,,,bad pass,,Marco Belinelli,,,
Amir Johnson,Marco Belinelli,Marcus Banks,Pops Mensah-Bonsu,Sonny Weems,Chris Wilcox,DaJuan Summers,Jonas Jerebko,Kwame Brown,Will Bynum,4,1:21,TOR,shot,Marcus Banks,,,,,,,,,Sonny Weems,2,,,made,,jump,8,12
Amir Johnson,Marco Belinelli,Marcus Banks,Pops Mensah-Bonsu,Sonny Weems,Chris Wilcox,DaJuan Summers,Jonas Jerebko,Kwame Brown,Will Bynum,4,1:04,DET,turnover,,,,,,,,,,Kwame Brown,,,bad pass,,,,,
Amir Johnson,Marco Belinelli,Marcus Banks,Pops Mensah-Bonsu,Sonny Weems,Chris Wilcox,DaJuan Summers,Jonas Jerebko,Kwame Brown,Will Bynum,4,0:51,DET,foul,,,,,,,,Amir Johnson,,Kwame Brown,,,,,,shooting,,
Amir Johnson,Marco Belinelli,Marcus Banks,Pops Mensah-Bonsu,Sonny Weems,Chris Wilcox,DaJuan Summers,Jonas Jerebko,Kwame Brown,Will Bynum,4,0:51,TOR,free throw,,,,,,,1,,2,Amir Johnson,,,foul,made,,,,
Amir Johnson,Marco Belinelli,Marcus Banks,Pops Mensah-Bonsu,Sonny Weems,Chris Wilcox,DaJuan Summers,Jonas Jerebko,Kwame Brown,Will Bynum,4,0:51,TOR,free throw,,,,,,,2,,2,Amir Johnson,,,foul,made,,,,
Amir Johnson,Marco Belinelli,Marcus Banks,Pops Mensah-Bonsu,Sonny Weems,Chris Wilcox,DaJuan Summers,Jonas Jerebko,Kwame Brown,Will Bynum,4,0:35,DET,shot,,,,,,,,,,Will Bynum,,,,missed,,jump,39,21
Amir Johnson,Marco Belinelli,Marcus Banks,Pops Mensah-Bonsu,Sonny Weems,Chris Wilcox,DaJuan Summers,Jonas Jerebko,Kwame Brown,Will Bynum,4,0:34,TOR,rebound,,,,,,,,,,Amir Johnson,,,,,,def,,
Amir Johnson,Marco Belinelli,Marcus Banks,Pops Mensah-Bonsu,Sonny Weems,Chris Wilcox,DaJuan Summers,Jonas Jerebko,Kwame Brown,Will Bynum,4,0:31,DET,foul,,,,,,,,Pops Mensah-Bonsu,,Kwame Brown,,,,,,shooting,,
Amir Johnson,Marco Belinelli,Marcus Banks,Pops Mensah-Bonsu,Sonny Weems,Chris Wilcox,DaJuan Summers,Jonas Jerebko,Kwame Brown,Will Bynum,4,0:31,TOR,free throw,,,,,,,1,,2,Pops Mensah-Bonsu,,,foul,made,,,,
Amir Johnson,Marco Belinelli,Marcus Banks,Pops Mensah-Bonsu,Sonny Weems,Chris Wilcox,DaJuan Summers,Jonas Jerebko,Kwame Brown,Will Bynum,4,0:31,TOR,free throw,,,,,,,2,,2,Pops Mensah-Bonsu,,,foul,missed,,,,
Amir Johnson,Marco Belinelli,Marcus Banks,Pops Mensah-Bonsu,Sonny Weems,Chris Wilcox,DaJuan Summers,Jonas Jerebko,Kwame Brown,Will Bynum,4,0:30,DET,rebound,,,,,,,,,,DaJuan Summers,,,,,,def,,
Amir Johnson,Marco Belinelli,Marcus Banks,Pops Mensah-Bonsu,Sonny Weems,Chris Wilcox,DaJuan Summers,Jonas Jerebko,Kwame Brown,Will Bynum,4,0:11,TOR,foul,,,,,,,,Chris Wilcox,,Sonny Weems,,,,,,shooting,,
Amir Johnson,Marco Belinelli,Marcus Banks,Pops Mensah-Bonsu,Sonny Weems,Chris Wilcox,DaJuan Summers,Jonas Jerebko,Kwame Brown,Will Bynum,4,0:11,DET,free throw,,,,,,,1,,2,Chris Wilcox,,,foul,missed,,,,
Amir Johnson,Marco Belinelli,Marcus Banks,Pops Mensah-Bonsu,Sonny Weems,Chris Wilcox,DaJuan Summers,Jonas Jerebko,Kwame Brown,Will Bynum,4,0:11,DET,rebound,,,,,,,,,,,,,,,,,,
Amir Johnson,Marco Belinelli,Marcus Banks,Pops Mensah-Bonsu,Sonny Weems,Chris Wilcox,DaJuan Summers,Jonas Jerebko,Kwame Brown,Will Bynum,4,0:11,DET,free throw,,,,,,,2,,2,Chris Wilcox,,,foul,made,,,,
