a1,a2,a3,a4,a5,h1,h2,h3,h4,h5,period,time,team,etype,assist,away,block,entered,home,left,num,opponent,outof,player,points,possession,reason,result,steal,type,x,y
Boris Diaw,Gerald Wallace,Raymond Felton,Stephen Jackson,Tyson Chandler,Andre Iguodala,Elton Brand,Lou Williams,Samuel Dalembert,Thaddeus Young,1,12:00,OFF,jump ball,,Tyson Chandler,,,Samuel Dalembert,,,,,,,Charlotte,,,,,,
Boris Diaw,Gerald Wallace,Raymond Felton,Stephen Jackson,Tyson Chandler,Andre Iguodala,Elton Brand,Lou Williams,Samuel Dalembert,Thaddeus Young,1,12:00,PHI,violation,,,,,,,,,,Samuel Dalembert,,,,,,jump ball,,
Boris Diaw,Gerald Wallace,Raymond Felton,Stephen Jackson,Tyson Chandler,Andre Iguodala,Elton Brand,Lou Williams,Samuel Dalembert,Thaddeus Young,1,11:51,CHA,turnover,,,,,,,,,,Raymond Felton,,,bad pass,,Elton Brand,,,
Boris Diaw,Gerald Wallace,Raymond Felton,Stephen Jackson,Tyson Chandler,Andre Iguodala,Elton Brand,Lou Williams,Samuel Dalembert,Thaddeus Young,1,11:47,PHI,shot,Elton Brand,,,,,,,,,Lou Williams,2,,,made,,layup,25,6
Boris Diaw,Gerald Wallace,Raymond Felton,Stephen Jackson,Tyson Chandler,Andre Iguodala,Elton Brand,Lou Williams,Samuel Dalembert,Thaddeus Young,1,11:29,PHI,foul,,,,,,,,Gerald Wallace,,Thaddeus Young,,,,,,shooting,,
Boris Diaw,Gerald Wallace,Raymond Felton,Stephen Jackson,Tyson Chandler,Andre Iguodala,Elton Brand,Lou Williams,Samuel Dalembert,Thaddeus Young,1,11:29,CHA,free throw,,,,,,,1,,2,Gerald Wallace,,,foul,made,,,,
Boris Diaw,Gerald Wallace,Raymond Felton,Stephen Jackson,Tyson Chandler,Andre Iguodala,Elton Brand,Lou Williams,Samuel Dalembert,Thaddeus Young,1,11:29,CHA,free throw,,,,,,,2,,2,Gerald Wallace,,,foul,made,,,,
Boris Diaw,Gerald Wallace,Raymond Felton,Stephen Jackson,Tyson Chandler,Andre Iguodala,Elton Brand,Lou Williams,Samuel Dalembert,Thaddeus Young,1,11:14,PHI,shot,,,,,,,,,,Andre Iguodala,,,,missed,,jump,15,13
Boris Diaw,Gerald Wallace,Raymond Felton,Stephen Jackson,Tyson Chandler,Andre Iguodala,Elton Brand,Lou Williams,Samuel Dalembert,Thaddeus Young,1,11:12,CHA,rebound,,,,,,,,,,Tyson Chandler,,,,,,def,,
Boris Diaw,Gerald Wallace,Raymond Felton,Stephen Jackson,Tyson Chandler,Andre Iguodala,Elton Brand,Lou Williams,Samuel Dalembert,Thaddeus Young,1,11:08,CHA,shot,,,Elton Brand,,,,,,,Stephen Jackson,,,,missed,,layup,25,6
Boris Diaw,Gerald Wallace,Raymond Felton,Stephen Jackson,Tyson Chandler,Andre Iguodala,Elton Brand,Lou Williams,Samuel Dalembert,Thaddeus Young,1,11:08,CHA,rebound,,,,,,,,,,,,,,,,,,
Boris Diaw,Gerald Wallace,Raymond Felton,Stephen Jackson,Tyson Chandler,Andre Iguodala,Elton Brand,Lou Williams,Samuel Dalembert,Thaddeus Young,1,11:05,CHA,shot,Raymond Felton,,,,,,,,,Stephen Jackson,2,,,made,,jump,40,15
Boris Diaw,Gerald Wallace,Raymond Felton,Stephen Jackson,Tyson Chandler,Andre Iguodala,Elton Brand,Lou Williams,Samuel Dalembert,Thaddeus Young,1,10:38,PHI,shot,Lou Williams,,,,,,,,,Andre Iguodala,3,,,made,,3pt,14,28
Boris Diaw,Gerald Wallace,Raymond Felton,Stephen Jackson,Tyson Chandler,Andre Iguodala,Elton Brand,Lou Williams,Samuel Dalembert,Thaddeus Young,1,10:23,CHA,turnover,,,,,,,,,,Stephen Jackson,,,bad pass,,Elton Brand,,,
Boris Diaw,Gerald Wallace,Raymond Felton,Stephen Jackson,Tyson Chandler,Andre Iguodala,Elton Brand,Lou Williams,Samuel Dalembert,Thaddeus Young,1,10:13,PHI,shot,,,,,,,,,,Samuel Dalembert,,,,missed,,jump,16,5
Boris Diaw,Gerald Wallace,Raymond Felton,Stephen Jackson,Tyson Chandler,Andre Iguodala,Elton Brand,Lou Williams,Samuel Dalembert,Thaddeus Young,1,10:11,PHI,rebound,,,,,,,,,,Andre Iguodala,,,,,,off,,
Boris Diaw,Gerald Wallace,Raymond Felton,Stephen Jackson,Tyson Chandler,Andre Iguodala,Elton Brand,Lou Williams,Samuel Dalembert,Thaddeus Young,1,10:09,PHI,shot,,,,,,,,,,Andre Iguodala,,,,missed,,layup,25,6
Boris Diaw,Gerald Wallace,Raymond Felton,Stephen Jackson,Tyson Chandler,Andre Iguodala,Elton Brand,Lou Williams,Samuel Dalembert,Thaddeus Young,1,10:07,PHI,rebound,,,,,,,,,,Elton Brand,,,,,,off,,
Boris Diaw,Gerald Wallace,Raymond Felton,Stephen Jackson,Tyson Chandler,Andre Iguodala,Elton Brand,Lou Williams,Samuel Dalembert,Thaddeus Young,1,10:02,PHI,shot,,,,,,,,,,Elton Brand,,,,missed,,jump,10,5
Boris Diaw,Gerald Wallace,Raymond Felton,Stephen Jackson,Tyson Chandler,Andre Iguodala,Elton Brand,Lou Williams,Samuel Dalembert,Thaddeus Young,1,10:00,CHA,rebound,,,,,,,,,,Tyson Chandler,,,,,,def,,
Boris Diaw,Gerald Wallace,Raymond Felton,Stephen Jackson,Tyson Chandler,Andre Iguodala,Elton Brand,Lou Williams,Samuel Dalembert,Thaddeus Young,1,9:56,CHA,shot,Tyson Chandler,,,,,,,,,Stephen Jackson,2,,,made,,layup,25,6
Boris Diaw,Gerald Wallace,Raymond Felton,Stephen Jackson,Tyson Chandler,Andre Iguodala,Elton Brand,Lou Williams,Samuel Dalembert,Thaddeus Young,1,9:37,PHI,shot,Lou Williams,,,,,,,,,Thaddeus Young,3,,,made,,3pt,49,6
Boris Diaw,Gerald Wallace,Raymond Felton,Stephen Jackson,Tyson Chandler,Andre Iguodala,Elton Brand,Lou Williams,Samuel Dalembert,Thaddeus Young,1,9:20,CHA,shot,,,,,,,,,,Stephen Jackson,2,,,made,,driving hook,21,8
Boris Diaw,Gerald Wallace,Raymond Felton,Stephen Jackson,Tyson Chandler,Andre Iguodala,Elton Brand,Lou Williams,Samuel Dalembert,Thaddeus Young,1,9:02,PHI,shot,,,,,,,,,,Lou Williams,,,,missed,,3pt,33,32
Boris Diaw,Gerald Wallace,Raymond Felton,Stephen Jackson,Tyson Chandler,Andre Iguodala,Elton Brand,Lou Williams,Samuel Dalembert,Thaddeus Young,1,9:00,CHA,rebound,,,,,,,,,,Boris Diaw,,,,,,def,,
Boris Diaw,Gerald Wallace,Raymond Felton,Stephen Jackson,Tyson Chandler,Andre Iguodala,Elton Brand,Lou Williams,Samuel Dalembert,Thaddeus Young,1,8:47,CHA,shot,,,,,,,,,,Stephen Jackson,,,,missed,,3pt,35,32
Boris Diaw,Gerald Wallace,Raymond Felton,Stephen Jackson,Tyson Chandler,Andre Iguodala,Elton Brand,Lou Williams,Samuel Dalembert,Thaddeus Young,1,8:45,PHI,rebound,,,,,,,,,,Thaddeus Young,,,,,,def,,
Boris Diaw,Gerald Wallace,Raymond Felton,Stephen Jackson,Tyson Chandler,Andre Iguodala,Elton Brand,Lou Williams,Samuel Dalembert,Thaddeus Young,1,8:37,PHI,shot,,,,,,,,,,Thaddeus Young,,,,missed,,3pt,27,33
Boris Diaw,Gerald Wallace,Raymond Felton,Stephen Jackson,Tyson Chandler,Andre Iguodala,Elton Brand,Lou Williams,Samuel Dalembert,Thaddeus Young,1,8:35,CHA,rebound,,,,,,,,,,Tyson Chandler,,,,,,def,,
Boris Diaw,Gerald Wallace,Raymond Felton,Stephen Jackson,Tyson Chandler,Andre Iguodala,Elton Brand,Lou Williams,Samuel Dalembert,Thaddeus Young,1,8:20,CHA,shot,,,,,,,,,,Stephen Jackson,,,,missed,,jump,38,10
Boris Diaw,Gerald Wallace,Raymond Felton,Stephen Jackson,Tyson Chandler,Andre Iguodala,Elton Brand,Lou Williams,Samuel Dalembert,Thaddeus Young,1,8:18,PHI,rebound,,,,,,,,,,Samuel Dalembert,,,,,,def,,
Boris Diaw,Gerald Wallace,Raymond Felton,Stephen Jackson,Tyson Chandler,Andre Iguodala,Elton Brand,Lou Williams,Samuel Dalembert,Thaddeus Young,1,8:04,PHI,shot,,,,,,,,,,Samuel Dalembert,,,,missed,,jump,31,9
Boris Diaw,Gerald Wallace,Raymond Felton,Stephen Jackson,Tyson Chandler,Andre Iguodala,Elton Brand,Lou Williams,Samuel Dalembert,Thaddeus Young,1,8:02,PHI,rebound,,,,,,,,,,Elton Brand,,,,,,off,,
Boris Diaw,Gerald Wallace,Raymond Felton,Stephen Jackson,Tyson Chandler,Andre Iguodala,Elton Brand,Lou Williams,Samuel Dalembert,Thaddeus Young,1,8:02,PHI,shot,,,,,,,,,,Elton Brand,2,,,made,,tip,25,6
Boris Diaw,Gerald Wallace,Raymond Felton,Stephen Jackson,Tyson Chandler,Andre Iguodala,Elton Brand,Lou Williams,Samuel Dalembert,Thaddeus Young,1,7:46,PHI,violation,,,,,,,,,,Samuel Dalembert,,,,,,defensive goaltending,,
Boris Diaw,Gerald Wallace,Raymond Felton,Stephen Jackson,Tyson Chandler,Andre Iguodala,Elton Brand,Lou Williams,Samuel Dalembert,Thaddeus Young,1,7:46,CHA,shot,,,,,,,,,,Gerald Wallace,2,,,made,,turnaround jump,26,10
Boris Diaw,Gerald Wallace,Raymond Felton,Stephen Jackson,Tyson Chandler,Andre Iguodala,Elton Brand,Lou Williams,Samuel Dalembert,Thaddeus Young,1,7:29,PHI,turnover,,,,,,,,,,Samuel Dalembert,,,bad pass,,,,,
Boris Diaw,Gerald Wallace,Raymond Felton,Stephen Jackson,Tyson Chandler,Andre Iguodala,Elton Brand,Lou Williams,Samuel Dalembert,Thaddeus Young,1,7:19,CHA,timeout,,,,,,,,,,,,,,,,regular,,
Boris Diaw,Gerald Wallace,Raymond Felton,Stephen Jackson,Tyson Chandler,Andre Iguodala,Elton Brand,Lou Williams,Samuel Dalembert,Thaddeus Young,1,7:12,CHA,turnover,,,,,,,,,,Gerald Wallace,,,lost ball,,Thaddeus Young,,,
Boris Diaw,Gerald Wallace,Raymond Felton,Stephen Jackson,Tyson Chandler,Andre Iguodala,Elton Brand,Lou Williams,Samuel Dalembert,Thaddeus Young,1,6:57,PHI,shot,Samuel Dalembert,,,,,,,,,Andre Iguodala,2,,,made,,jump,36,24
Boris Diaw,Gerald Wallace,Raymond Felton,Stephen Jackson,Tyson Chandler,Andre Iguodala,Elton Brand,Lou Williams,Samuel Dalembert,Thaddeus Young,1,6:37,CHA,shot,,,,,,,,,,Raymond Felton,2,,,made,,pullup jump,15,15
Boris Diaw,Gerald Wallace,Raymond Felton,Stephen Jackson,Tyson Chandler,Andre Iguodala,Elton Brand,Lou Williams,Samuel Dalembert,Thaddeus Young,1,6:25,PHI,shot,Andre Iguodala,,,,,,,,,Lou Williams,2,,,made,,alley oop layup,25,6
Boris Diaw,Gerald Wallace,Raymond Felton,Stephen Jackson,Tyson Chandler,Andre Iguodala,Elton Brand,Lou Williams,Samuel Dalembert,Thaddeus Young,1,6:04,CHA,shot,Stephen Jackson,,,,,,,,,Tyson Chandler,2,,,made,,layup,25,6
Boris Diaw,Gerald Wallace,Raymond Felton,Stephen Jackson,Tyson Chandler,Andre Iguodala,Elton Brand,Lou Williams,Samuel Dalembert,Thaddeus Young,1,6:04,PHI,foul,,,,,,,,Tyson Chandler,,Samuel Dalembert,,,,,,shooting,,
Boris Diaw,Gerald Wallace,Raymond Felton,Stephen Jackson,Tyson Chandler,Andre Iguodala,Elton Brand,Lou Williams,Samuel Dalembert,Thaddeus Young,1,6:04,CHA,free throw,,,,,,,1,,1,Tyson Chandler,,,foul,made,,,,
Boris Diaw,Gerald Wallace,Raymond Felton,Stephen Jackson,Tyson Chandler,Andre Iguodala,Elton Brand,Lou Williams,Samuel Dalembert,Thaddeus Young,1,5:41,PHI,shot,,,,,,,,,,Thaddeus Young,,,,missed,,jump,32,17
Boris Diaw,Gerald Wallace,Raymond Felton,Stephen Jackson,Tyson Chandler,Andre Iguodala,Elton Brand,Lou Williams,Samuel Dalembert,Thaddeus Young,1,5:39,PHI,rebound,,,,,,,,,,Elton Brand,,,,,,off,,
Boris Diaw,Gerald Wallace,Raymond Felton,Stephen Jackson,Tyson Chandler,Andre Iguodala,Elton Brand,Lou Williams,Samuel Dalembert,Thaddeus Young,1,5:39,PHI,shot,,,,,,,,,,Elton Brand,2,,,made,,dunk,25,6
Boris Diaw,Gerald Wallace,Raymond Felton,Stephen Jackson,Tyson Chandler,Andre Iguodala,Elton Brand,Lou Williams,Samuel Dalembert,Thaddeus Young,1,5:26,PHI,foul,,,,,,,,Tyson Chandler,,Samuel Dalembert,,,,,,shooting,,
Boris Diaw,Gerald Wallace,Raymond Felton,Stephen Jackson,Tyson Chandler,Andre Iguodala,Elton Brand,Lou Williams,Samuel Dalembert,Thaddeus Young,1,5:26,CHA,free throw,,,,,,,1,,2,Tyson Chandler,,,foul,made,,,,
Boris Diaw,Gerald Wallace,Raymond Felton,Stephen Jackson,Tyson Chandler,Andre Iguodala,Elton Brand,Lou Williams,Rodney Carney,Thaddeus Young,1,5:26,PHI,sub,,,,Rodney Carney,,Samuel Dalembert,,,,,,,,,,,,
Boris Diaw,Gerald Wallace,Raymond Felton,Stephen Jackson,Tyson Chandler,Andre Iguodala,Elton Brand,Lou Williams,Rodney Carney,Thaddeus Young,1,5:26,CHA,free throw,,,,,,,2,,2,Tyson Chandler,,,foul,made,,,,
Boris Diaw,Gerald Wallace,Raymond Felton,Stephen Jackson,Tyson Chandler,Andre Iguodala,Elton Brand,Lou Williams,Rodney Carney,Thaddeus Young,1,5:15,PHI,shot,,,,,,,,,,Rodney Carney,,,,missed,,3pt,,
Boris Diaw,Gerald Wallace,Raymond Felton,Stephen Jackson,Tyson Chandler,Andre Iguodala,Elton Brand,Lou Williams,Rodney Carney,Thaddeus Young,1,5:13,CHA,rebound,,,,,,,,,,Tyson Chandler,,,,,,def,,
Boris Diaw,Gerald Wallace,Raymond Felton,Stephen Jackson,Tyson Chandler,Andre Iguodala,Elton Brand,Lou Williams,Rodney Carney,Thaddeus Young,1,5:03,CHA,shot,,,,,,,,,,Stephen Jackson,2,,,made,,running hook,24,10
Boris Diaw,Gerald Wallace,Raymond Felton,Stephen Jackson,Tyson Chandler,Andre Iguodala,Elton Brand,Lou Williams,Rodney Carney,Thaddeus Young,1,4:54,CHA,foul,,,,,,,,Lou Williams,,Raymond Felton,,,,,,personal,,
Boris Diaw,Gerald Wallace,Raymond Felton,Stephen Jackson,Tyson Chandler,Andre Iguodala,Elton Brand,Lou Williams,Rodney Carney,Thaddeus Young,1,4:52,PHI,foul,,,,,,,,Gerald Wallace,,Elton Brand,,,,,,offensive,,
Boris Diaw,Gerald Wallace,Raymond Felton,Stephen Jackson,Tyson Chandler,Andre Iguodala,Elton Brand,Lou Williams,Rodney Carney,Thaddeus Young,1,4:52,PHI,turnover,,,,,,,,,,Elton Brand,,,foul,,,,,
Boris Diaw,Gerald Wallace,Raymond Felton,Stephen Jackson,Tyson Chandler,Andre Iguodala,Elton Brand,Lou Williams,Rodney Carney,Thaddeus Young,1,4:38,CHA,shot,Stephen Jackson,,,,,,,,,Raymond Felton,2,,,made,,layup,25,6
Boris Diaw,Gerald Wallace,Raymond Felton,Stephen Jackson,Tyson Chandler,Andre Iguodala,Elton Brand,Lou Williams,Rodney Carney,Thaddeus Young,1,4:17,PHI,shot,,,,,,,,,,Andre Iguodala,,,,missed,,3pt,30,33
Boris Diaw,Gerald Wallace,Raymond Felton,Stephen Jackson,Tyson Chandler,Andre Iguodala,Elton Brand,Lou Williams,Rodney Carney,Thaddeus Young,1,4:15,CHA,rebound,,,,,,,,,,Raymond Felton,,,,,,def,,
Boris Diaw,Gerald Wallace,Raymond Felton,Stephen Jackson,Tyson Chandler,Andre Iguodala,Elton Brand,Lou Williams,Rodney Carney,Thaddeus Young,1,4:11,CHA,turnover,,,,,,,,,,Raymond Felton,,,bad pass,,Andre Iguodala,,,
Boris Diaw,Gerald Wallace,Raymond Felton,Stephen Jackson,Tyson Chandler,Andre Iguodala,Elton Brand,Lou Williams,Rodney Carney,Thaddeus Young,1,4:03,PHI,shot,Thaddeus Young,,,,,,,,,Lou Williams,2,,,made,,jump,37,3
Boris Diaw,Gerald Wallace,Raymond Felton,Stephen Jackson,Tyson Chandler,Andre Iguodala,Elton Brand,Lou Williams,Rodney Carney,Thaddeus Young,1,3:42,CHA,turnover,,,,,,,,,,Tyson Chandler,,,3 second violation,,,,,
Boris Diaw,Gerald Wallace,Raymond Felton,Stephen Jackson,Tyson Chandler,Andre Iguodala,Elton Brand,Lou Williams,Rodney Carney,Thaddeus Young,1,3:30,PHI,shot,Lou Williams,,,,,,,,,Elton Brand,2,,,made,,slam dunk,25,6
Boris Diaw,Gerald Wallace,Raymond Felton,Stephen Jackson,Tyson Chandler,Andre Iguodala,Elton Brand,Lou Williams,Rodney Carney,Thaddeus Young,1,3:06,CHA,shot,,,,,,,,,,Boris Diaw,,,,missed,,jump,40,5
Boris Diaw,Gerald Wallace,Raymond Felton,Stephen Jackson,Tyson Chandler,Andre Iguodala,Elton Brand,Lou Williams,Rodney Carney,Thaddeus Young,1,3:03,PHI,rebound,,,,,,,,,,Lou Williams,,,,,,def,,
Boris Diaw,Gerald Wallace,Raymond Felton,Stephen Jackson,Tyson Chandler,Andre Iguodala,Elton Brand,Lou Williams,Rodney Carney,Thaddeus Young,1,2:59,PHI,shot,Lou Williams,,,,,,,,,Andre Iguodala,2,,,made,,running dunk,25,6
Boris Diaw,Gerald Wallace,Raymond Felton,Stephen Jackson,Tyson Chandler,Andre Iguodala,Elton Brand,Lou Williams,Rodney Carney,Thaddeus Young,1,2:38,CHA,turnover,,,,,,,,,,Boris Diaw,,,bad pass,,Thaddeus Young,,,
Boris Diaw,Gerald Wallace,Raymond Felton,Stephen Jackson,Tyson Chandler,Andre Iguodala,Elton Brand,Lou Williams,Rodney Carney,Thaddeus Young,1,2:34,PHI,turnover,,,,,,,,,,Lou Williams,,,bad pass,,Gerald Wallace,,,
Boris Diaw,Gerald Wallace,Raymond Felton,Stephen Jackson,Tyson Chandler,Andre Iguodala,Elton Brand,Lou Williams,Rodney Carney,Thaddeus Young,1,2:31,PHI,foul,,,,,,,,Stephen Jackson,,Rodney Carney,,,,,,shooting,,
Boris Diaw,Gerald Wallace,Raymond Felton,Stephen Jackson,Tyson Chandler,Andre Iguodala,Elton Brand,Lou Williams,Rodney Carney,Thaddeus Young,1,2:31,PHI,timeout,,,,,,,,,,,,,,,,regular,,
Boris Diaw,Gerald Wallace,Raymond Felton,Stephen Jackson,Tyson Chandler,Andre Iguodala,Elton Brand,Rodney Carney,Thaddeus Young,Willie Green,1,2:31,PHI,sub,,,,Willie Green,,Lou Williams,,,,,,,,,,,,
Boris Diaw,Gerald Wallace,Ronald Murray,Stephen Jackson,Tyson Chandler,Andre Iguodala,Elton Brand,Rodney Carney,Thaddeus Young,Willie Green,1,2:31,CHA,sub,,,,Ronald Murray,,Raymond Felton,,,,,,,,,,,,
Boris Diaw,Gerald Wallace,Ronald Murray,Stephen Jackson,Tyson Chandler,Andre Iguodala,Elton Brand,Rodney Carney,Thaddeus Young,Willie Green,1,2:31,CHA,free throw,,,,,,,1,,2,Stephen Jackson,,,foul,missed,,,,
Boris Diaw,Gerald Wallace,Ronald Murray,Stephen Jackson,Tyson Chandler,Andre Iguodala,Elton Brand,Rodney Carney,Thaddeus Young,Willie Green,1,2:31,CHA,rebound,,,,,,,,,,,,,,,,,,
Boris Diaw,Gerald Wallace,Ronald Murray,Stephen Jackson,Tyson Chandler,Andre Iguodala,Elton Brand,Rodney Carney,Thaddeus Young,Willie Green,1,2:31,CHA,free throw,,,,,,,2,,2,Stephen Jackson,,,foul,made,,,,
Boris Diaw,Gerald Wallace,Ronald Murray,Stephen Jackson,Tyson Chandler,Andre Iguodala,Elton Brand,Rodney Carney,Thaddeus Young,Willie Green,1,2:12,PHI,shot,,,,,,,,,,Elton Brand,,,,missed,,jump,26,19
Boris Diaw,Gerald Wallace,Ronald Murray,Stephen Jackson,Tyson Chandler,Andre Iguodala,Elton Brand,Rodney Carney,Thaddeus Young,Willie Green,1,2:10,CHA,rebound,,,,,,,,,,Gerald Wallace,,,,,,def,,
Boris Diaw,Gerald Wallace,Ronald Murray,Stephen Jackson,Tyson Chandler,Andre Iguodala,Elton Brand,Rodney Carney,Thaddeus Young,Willie Green,1,1:54,CHA,shot,,,,,,,,,,Tyson Chandler,,,,missed,,layup,25,6
Boris Diaw,Gerald Wallace,Ronald Murray,Stephen Jackson,Tyson Chandler,Andre Iguodala,Elton Brand,Rodney Carney,Thaddeus Young,Willie Green,1,1:52,PHI,rebound,,,,,,,,,,Rodney Carney,,,,,,def,,
Boris Diaw,Gerald Wallace,Ronald Murray,Stephen Jackson,Tyson Chandler,Andre Iguodala,Elton Brand,Rodney Carney,Thaddeus Young,Willie Green,1,1:47,CHA,foul,,,,,,,,Andre Iguodala,,Gerald Wallace,,,,,,shooting,,
Boris Diaw,Gerald Wallace,Ronald Murray,Stephen Jackson,Tyson Chandler,Andre Iguodala,Elton Brand,Rodney Carney,Thaddeus Young,Willie Green,1,1:47,PHI,free throw,,,,,,,1,,2,Andre Iguodala,,,foul,made,,,,
Boris Diaw,Gerald Wallace,Ronald Murray,Stephen Jackson,Tyson Chandler,Andre Iguodala,Elton Brand,Rodney Carney,Thaddeus Young,Willie Green,1,1:47,PHI,free throw,,,,,,,2,,2,Andre Iguodala,,,foul,made,,,,
Boris Diaw,Gerald Wallace,Ronald Murray,Stephen Jackson,Tyson Chandler,Andre Iguodala,Elton Brand,Rodney Carney,Thaddeus Young,Willie Green,1,1:33,CHA,turnover,,,,,,,,,,Ronald Murray,,,bad pass,,Elton Brand,,,
Boris Diaw,Gerald Wallace,Ronald Murray,Stephen Jackson,Tyson Chandler,Andre Iguodala,Elton Brand,Rodney Carney,Thaddeus Young,Willie Green,1,1:29,PHI,shot,,,,,,,,,,Elton Brand,2,,,made,,slam dunk,25,6
Boris Diaw,Gerald Wallace,Ronald Murray,Stephen Jackson,Tyson Chandler,Andre Iguodala,Elton Brand,Rodney Carney,Thaddeus Young,Willie Green,1,1:00,CHA,shot,,,,,,,,,,Ronald Murray,,,,missed,,3pt,23,32
Boris Diaw,Gerald Wallace,Ronald Murray,Stephen Jackson,Tyson Chandler,Andre Iguodala,Elton Brand,Rodney Carney,Thaddeus Young,Willie Green,1,1:00,CHA,rebound,,,,,,,,,,,,,,,,,,
Boris Diaw,Gerald Wallace,Ronald Murray,Stephen Jackson,Tyson Chandler,Andre Iguodala,Elton Brand,Rodney Carney,Thaddeus Young,Willie Green,1,1:00,CHA,turnover,,,,,,,,,,,,,shot clock turnover,,,,,
Gerald Henderson,Gerald Wallace,Ronald Murray,Stephen Jackson,Tyson Chandler,Andre Iguodala,Elton Brand,Rodney Carney,Thaddeus Young,Willie Green,1,1:00,CHA,sub,,,,Gerald Henderson,,Boris Diaw,,,,,,,,,,,,
Gerald Henderson,Gerald Wallace,Ronald Murray,Stephen Jackson,Tyson Chandler,Andre Iguodala,Elton Brand,Rodney Carney,Thaddeus Young,Willie Green,1,0:49,PHI,shot,Willie Green,,,,,,,,,Rodney Carney,3,,,made,,3pt,37,29
Gerald Henderson,Gerald Wallace,Ronald Murray,Stephen Jackson,Tyson Chandler,Andre Iguodala,Elton Brand,Rodney Carney,Thaddeus Young,Willie Green,1,0:25,CHA,turnover,,,,,,,,,,,,,shot clock turnover,,,,,
Gerald Henderson,Gerald Wallace,Ronald Murray,Stephen Jackson,Tyson Chandler,Andre Iguodala,Elton Brand,Rodney Carney,Thaddeus Young,Willie Green,1,0:01,PHI,shot,,,,,,,,,,Andre Iguodala,,,,missed,,turnaround bank,24,27
Gerald Henderson,Gerald Wallace,Ronald Murray,Stephen Jackson,Tyson Chandler,Andre Iguodala,Elton Brand,Rodney Carney,Thaddeus Young,Willie Green,1,0:00,PHI,rebound,,,,,,,,,,,,,,,,,,
Gerald Henderson,Gerald Wallace,Ronald Murray,Stephen Jackson,Tyson Chandler,Elton Brand,Rodney Carney,Royal Ivey,Thaddeus Young,Willie Green,2,11:40,PHI,shot,Elton Brand,,,,,,,,,Rodney Carney,2,,,made,,driving slam dunk,25,6
Gerald Henderson,Gerald Wallace,Ronald Murray,Stephen Jackson,Tyson Chandler,Elton Brand,Rodney Carney,Royal Ivey,Thaddeus Young,Willie Green,2,11:13,CHA,shot,Stephen Jackson,,,,,,,,,Tyson Chandler,2,,,made,,dunk,25,6
Gerald Henderson,Gerald Wallace,Ronald Murray,Stephen Jackson,Tyson Chandler,Elton Brand,Rodney Carney,Royal Ivey,Thaddeus Young,Willie Green,2,10:59,PHI,shot,,,,,,,,,,Thaddeus Young,,,,missed,,jump,32,17
Gerald Henderson,Gerald Wallace,Ronald Murray,Stephen Jackson,Tyson Chandler,Elton Brand,Rodney Carney,Royal Ivey,Thaddeus Young,Willie Green,2,10:58,CHA,rebound,,,,,,,,,,Gerald Henderson,,,,,,def,,
Gerald Henderson,Gerald Wallace,Ronald Murray,Stephen Jackson,Tyson Chandler,Elton Brand,Rodney Carney,Royal Ivey,Thaddeus Young,Willie Green,2,10:49,CHA,shot,,,,,,,,,,Ronald Murray,2,,,made,,pullup jump,10,15
Gerald Henderson,Gerald Wallace,Ronald Murray,Stephen Jackson,Tyson Chandler,Elton Brand,Rodney Carney,Royal Ivey,Thaddeus Young,Willie Green,2,10:24,PHI,shot,,,,,,,,,,Thaddeus Young,,,,missed,,jump,23,12
Gerald Henderson,Gerald Wallace,Ronald Murray,Stephen Jackson,Tyson Chandler,Elton Brand,Rodney Carney,Royal Ivey,Thaddeus Young,Willie Green,2,10:22,PHI,rebound,,,,,,,,,,Elton Brand,,,,,,off,,
Gerald Henderson,Gerald Wallace,Ronald Murray,Stephen Jackson,Tyson Chandler,Elton Brand,Rodney Carney,Royal Ivey,Thaddeus Young,Willie Green,2,10:22,PHI,shot,,,,,,,,,,Elton Brand,2,,,made,,tip,25,6
Gerald Henderson,Gerald Wallace,Ronald Murray,Stephen Jackson,Tyson Chandler,Elton Brand,Rodney Carney,Royal Ivey,Thaddeus Young,Willie Green,2,10:04,PHI,foul,,,,,,,,Stephen Jackson,,Thaddeus Young,,,,,,shooting,,
Boris Diaw,Gerald Henderson,Gerald Wallace,Ronald Murray,Stephen Jackson,Elton Brand,Rodney Carney,Royal Ivey,Thaddeus Young,Willie Green,2,10:04,CHA,sub,,,,Boris Diaw,,Tyson Chandler,,,,,,,,,,,,
Boris Diaw,Gerald Henderson,Gerald Wallace,Ronald Murray,Stephen Jackson,Jason Smith,Rodney Carney,Royal Ivey,Thaddeus Young,Willie Green,2,10:04,PHI,sub,,,,Jason Smith,,Elton Brand,,,,,,,,,,,,
Boris Diaw,Gerald Henderson,Gerald Wallace,Ronald Murray,Stephen Jackson,Jason Smith,Rodney Carney,Royal Ivey,Thaddeus Young,Willie Green,2,10:04,CHA,free throw,,,,,,,1,,2,Stephen Jackson,,,foul,missed,,,,
Boris Diaw,Gerald Henderson,Gerald Wallace,Ronald Murray,Stephen Jackson,Jason Smith,Rodney Carney,Royal Ivey,Thaddeus Young,Willie Green,2,10:04,CHA,rebound,,,,,,,,,,,,,,,,,,
Boris Diaw,Gerald Henderson,Gerald Wallace,Ronald Murray,Stephen Jackson,Andre Iguodala,Jason Smith,Rodney Carney,Royal Ivey,Willie Green,2,10:04,PHI,sub,,,,Andre Iguodala,,Thaddeus Young,,,,,,,,,,,,
Boris Diaw,Gerald Henderson,Gerald Wallace,Ronald Murray,Stephen Jackson,Andre Iguodala,Jason Smith,Rodney Carney,Royal Ivey,Willie Green,2,10:04,CHA,free throw,,,,,,,2,,2,Stephen Jackson,,,foul,made,,,,
Boris Diaw,Gerald Henderson,Gerald Wallace,Ronald Murray,Stephen Jackson,Andre Iguodala,Jason Smith,Rodney Carney,Royal Ivey,Willie Green,2,10:04,PHI,timeout,,,,,,,,,,,,,,,,regular,,
Boris Diaw,D.J. Augustin,Gerald Henderson,Gerald Wallace,Ronald Murray,Andre Iguodala,Jason Smith,Rodney Carney,Royal Ivey,Willie Green,2,10:04,CHA,sub,,,,D.J. Augustin,,Stephen Jackson,,,,,,,,,,,,
Boris Diaw,D.J. Augustin,Gerald Henderson,Gerald Wallace,Ronald Murray,Andre Iguodala,Jason Smith,Rodney Carney,Royal Ivey,Willie Green,2,9:56,PHI,shot,,,,,,,,,,Willie Green,,,,missed,,jump,14,4
Boris Diaw,D.J. Augustin,Gerald Henderson,Gerald Wallace,Ronald Murray,Andre Iguodala,Jason Smith,Rodney Carney,Royal Ivey,Willie Green,2,9:54,CHA,rebound,,,,,,,,,,Gerald Wallace,,,,,,def,,
Boris Diaw,D.J. Augustin,Gerald Henderson,Gerald Wallace,Ronald Murray,Andre Iguodala,Jason Smith,Rodney Carney,Royal Ivey,Willie Green,2,9:46,PHI,foul,,,,,,,,Boris Diaw,,Jason Smith,,,,,,personal,,
Boris Diaw,D.J. Augustin,Gerald Henderson,Gerald Wallace,Ronald Murray,Andre Iguodala,Jason Smith,Rodney Carney,Royal Ivey,Willie Green,2,9:32,CHA,shot,,,,,,,,,,Ronald Murray,,,,missed,,3pt,2,6
Boris Diaw,D.J. Augustin,Gerald Henderson,Gerald Wallace,Ronald Murray,Andre Iguodala,Jason Smith,Rodney Carney,Royal Ivey,Willie Green,2,9:31,PHI,rebound,,,,,,,,,,,,,,,,,,
Boris Diaw,D.J. Augustin,Gerald Henderson,Gerald Wallace,Ronald Murray,Andre Iguodala,Jason Smith,Rodney Carney,Royal Ivey,Willie Green,2,9:17,PHI,shot,Willie Green,,,,,,,,,Rodney Carney,3,,,made,,3pt,38,27
Boris Diaw,D.J. Augustin,Gerald Henderson,Gerald Wallace,Ronald Murray,Andre Iguodala,Jason Smith,Rodney Carney,Royal Ivey,Willie Green,2,8:48,CHA,shot,,,,,,,,,,Ronald Murray,,,,missed,,3pt,42,28
Boris Diaw,D.J. Augustin,Gerald Henderson,Gerald Wallace,Ronald Murray,Andre Iguodala,Jason Smith,Rodney Carney,Royal Ivey,Willie Green,2,8:46,PHI,rebound,,,,,,,,,,Willie Green,,,,,,def,,
Boris Diaw,D.J. Augustin,Gerald Henderson,Gerald Wallace,Ronald Murray,Andre Iguodala,Jason Smith,Rodney Carney,Royal Ivey,Willie Green,2,8:41,PHI,jump ball,,D.J. Augustin,,,Willie Green,,,,,,,Jason Smith,,,,,,
Boris Diaw,D.J. Augustin,Gerald Henderson,Gerald Wallace,Ronald Murray,Andre Iguodala,Jason Smith,Rodney Carney,Royal Ivey,Willie Green,2,8:27,PHI,shot,,,,,,,,,,Andre Iguodala,,,,missed,,3pt,49,6
Boris Diaw,D.J. Augustin,Gerald Henderson,Gerald Wallace,Ronald Murray,Andre Iguodala,Jason Smith,Rodney Carney,Royal Ivey,Willie Green,2,8:25,PHI,rebound,,,,,,,,,,Rodney Carney,,,,,,off,,
Boris Diaw,D.J. Augustin,Gerald Henderson,Gerald Wallace,Ronald Murray,Andre Iguodala,Jason Smith,Rodney Carney,Royal Ivey,Willie Green,2,8:22,PHI,shot,,,,,,,,,,Rodney Carney,,,,missed,,3pt,7,24
Boris Diaw,D.J. Augustin,Gerald Henderson,Gerald Wallace,Ronald Murray,Andre Iguodala,Jason Smith,Rodney Carney,Royal Ivey,Willie Green,2,8:20,CHA,rebound,,,,,,,,,,Ronald Murray,,,,,,def,,
Boris Diaw,D.J. Augustin,Gerald Henderson,Gerald Wallace,Ronald Murray,Andre Iguodala,Jason Smith,Rodney Carney,Royal Ivey,Willie Green,2,8:12,PHI,foul,,,,,,,,Gerald Henderson,,Royal Ivey,,,,,,shooting,,
Boris Diaw,D.J. Augustin,Gerald Henderson,Gerald Wallace,Ronald Murray,Andre Iguodala,Jason Smith,Rodney Carney,Royal Ivey,Willie Green,2,8:12,CHA,free throw,,,,,,,1,,2,Gerald Henderson,,,foul,made,,,,
Boris Diaw,D.J. Augustin,Gerald Henderson,Gerald Wallace,Ronald Murray,Andre Iguodala,Jason Smith,Rodney Carney,Royal Ivey,Willie Green,2,8:12,CHA,free throw,,,,,,,2,,2,Gerald Henderson,,,foul,made,,,,
Boris Diaw,D.J. Augustin,Gerald Henderson,Gerald Wallace,Ronald Murray,Andre Iguodala,Jason Smith,Rodney Carney,Royal Ivey,Willie Green,2,8:02,PHI,shot,Willie Green,,,,,,,,,Andre Iguodala,2,,,made,,dunk,25,6
Boris Diaw,D.J. Augustin,Gerald Henderson,Gerald Wallace,Ronald Murray,Andre Iguodala,Jason Smith,Rodney Carney,Royal Ivey,Willie Green,2,7:37,CHA,shot,Ronald Murray,,,,,,,,,D.J. Augustin,3,,,made,,3pt,40,26
Boris Diaw,D.J. Augustin,Gerald Wallace,Ronald Murray,Stephen Jackson,Andre Iguodala,Jason Smith,Rodney Carney,Royal Ivey,Willie Green,2,7:17,CHA,sub,,,,Stephen Jackson,,Gerald Henderson,,,,,,,,,,,,
Boris Diaw,D.J. Augustin,Raymond Felton,Ronald Murray,Stephen Jackson,Andre Iguodala,Jason Smith,Rodney Carney,Royal Ivey,Willie Green,2,7:17,CHA,sub,,,,Raymond Felton,,Gerald Wallace,,,,,,,,,,,,
Boris Diaw,D.J. Augustin,Raymond Felton,Ronald Murray,Stephen Jackson,Andre Iguodala,Jason Smith,Rodney Carney,Royal Ivey,Willie Green,2,7:12,PHI,shot,,,,,,,,,,Royal Ivey,,,,missed,,jump,23,12
Boris Diaw,D.J. Augustin,Raymond Felton,Ronald Murray,Stephen Jackson,Andre Iguodala,Jason Smith,Rodney Carney,Royal Ivey,Willie Green,2,7:10,PHI,rebound,,,,,,,,,,Royal Ivey,,,,,,off,,
Boris Diaw,D.J. Augustin,Raymond Felton,Ronald Murray,Stephen Jackson,Andre Iguodala,Jason Smith,Rodney Carney,Royal Ivey,Willie Green,2,6:54,PHI,shot,Royal Ivey,,,,,,,,,Jason Smith,2,,,made,,step back jump,20,12
Boris Diaw,D.J. Augustin,Raymond Felton,Ronald Murray,Stephen Jackson,Andre Iguodala,Jason Smith,Rodney Carney,Royal Ivey,Willie Green,2,6:41,PHI,foul,,,,,,,,D.J. Augustin,,Jason Smith,,,,,,personal,,
D.J. Augustin,Nazr Mohammed,Raymond Felton,Ronald Murray,Stephen Jackson,Andre Iguodala,Jason Smith,Rodney Carney,Royal Ivey,Willie Green,2,6:41,CHA,sub,,,,Nazr Mohammed,,Boris Diaw,,,,,,,,,,,,
D.J. Augustin,Nazr Mohammed,Raymond Felton,Ronald Murray,Stephen Jackson,Andre Iguodala,Elton Brand,Jason Smith,Royal Ivey,Willie Green,2,6:41,PHI,sub,,,,Elton Brand,,Rodney Carney,,,,,,,,,,,,
D.J. Augustin,Nazr Mohammed,Raymond Felton,Ronald Murray,Stephen Jackson,Andre Iguodala,Elton Brand,Jason Smith,Royal Ivey,Willie Green,2,6:25,CHA,turnover,,,,,,,,,,,,,shot clock turnover,,,,,
D.J. Augustin,Nazr Mohammed,Raymond Felton,Ronald Murray,Stephen Jackson,Andre Iguodala,Elton Brand,Jason Smith,Royal Ivey,Willie Green,2,6:01,PHI,turnover,,,,,,,,,,,,,shot clock turnover,,,,,
D.J. Augustin,Nazr Mohammed,Raymond Felton,Ronald Murray,Stephen Jackson,Andre Iguodala,Elton Brand,Jason Smith,Royal Ivey,Willie Green,2,5:56,CHA,shot,Raymond Felton,,,,,,,,,D.J. Augustin,3,,,made,,3pt,49,3
D.J. Augustin,Nazr Mohammed,Raymond Felton,Ronald Murray,Stephen Jackson,Andre Iguodala,Elton Brand,Jason Smith,Royal Ivey,Willie Green,2,5:36,CHA,foul,,,,,,,,Andre Iguodala,,Ronald Murray,,,,,,personal,,
D.J. Augustin,Nazr Mohammed,Raymond Felton,Ronald Murray,Stephen Jackson,Andre Iguodala,Elton Brand,Jason Smith,Royal Ivey,Willie Green,2,5:36,PHI,timeout,,,,,,,,,,,,,,,,official,,
D.J. Augustin,Nazr Mohammed,Raymond Felton,Ronald Murray,Stephen Jackson,Andre Iguodala,Elton Brand,Royal Ivey,Thaddeus Young,Willie Green,2,5:36,PHI,sub,,,,Thaddeus Young,,Jason Smith,,,,,,,,,,,,
D.J. Augustin,Nazr Mohammed,Raymond Felton,Ronald Murray,Stephen Jackson,Andre Iguodala,Elton Brand,Lou Williams,Thaddeus Young,Willie Green,2,5:36,PHI,sub,,,,Lou Williams,,Royal Ivey,,,,,,,,,,,,
D.J. Augustin,Nazr Mohammed,Raymond Felton,Ronald Murray,Stephen Jackson,Andre Iguodala,Elton Brand,Lou Williams,Thaddeus Young,Willie Green,2,5:24,PHI,shot,,,,,,,,,,Elton Brand,,,,missed,,jump,27,21
D.J. Augustin,Nazr Mohammed,Raymond Felton,Ronald Murray,Stephen Jackson,Andre Iguodala,Elton Brand,Lou Williams,Thaddeus Young,Willie Green,2,5:22,CHA,rebound,,,,,,,,,,Nazr Mohammed,,,,,,def,,
D.J. Augustin,Nazr Mohammed,Raymond Felton,Ronald Murray,Stephen Jackson,Andre Iguodala,Elton Brand,Lou Williams,Thaddeus Young,Willie Green,2,5:07,CHA,shot,Ronald Murray,,,,,,,,,Nazr Mohammed,2,,,made,,driving layup,25,6
D.J. Augustin,Nazr Mohammed,Raymond Felton,Ronald Murray,Stephen Jackson,Andre Iguodala,Elton Brand,Lou Williams,Thaddeus Young,Willie Green,2,4:55,PHI,shot,,,,,,,,,,Willie Green,2,,,made,,jump,25,27
D.J. Augustin,Nazr Mohammed,Raymond Felton,Ronald Murray,Stephen Jackson,Andre Iguodala,Elton Brand,Lou Williams,Thaddeus Young,Willie Green,2,4:36,CHA,shot,,,,,,,,,,Stephen Jackson,,,,missed,,3pt,36,29
D.J. Augustin,Nazr Mohammed,Raymond Felton,Ronald Murray,Stephen Jackson,Andre Iguodala,Elton Brand,Lou Williams,Thaddeus Young,Willie Green,2,4:34,PHI,rebound,,,,,,,,,,Lou Williams,,,,,,def,,
D.J. Augustin,Nazr Mohammed,Raymond Felton,Ronald Murray,Stephen Jackson,Andre Iguodala,Elton Brand,Lou Williams,Thaddeus Young,Willie Green,2,4:32,CHA,foul,,,,,,,,Andre Iguodala,,Raymond Felton,,,,,,shooting,,
D.J. Augustin,Nazr Mohammed,Raymond Felton,Ronald Murray,Stephen Jackson,Andre Iguodala,Elton Brand,Lou Williams,Thaddeus Young,Willie Green,2,4:32,PHI,free throw,,,,,,,1,,2,Andre Iguodala,,,foul,made,,,,
D.J. Augustin,Nazr Mohammed,Raymond Felton,Ronald Murray,Stephen Jackson,Andre Iguodala,Elton Brand,Lou Williams,Thaddeus Young,Willie Green,2,4:32,PHI,free throw,,,,,,,2,,2,Andre Iguodala,,,foul,made,,,,
D.J. Augustin,Gerald Wallace,Nazr Mohammed,Ronald Murray,Stephen Jackson,Andre Iguodala,Elton Brand,Lou Williams,Thaddeus Young,Willie Green,2,4:32,CHA,sub,,,,Gerald Wallace,,Raymond Felton,,,,,,,,,,,,
D.J. Augustin,Gerald Wallace,Nazr Mohammed,Ronald Murray,Stephen Jackson,Andre Iguodala,Elton Brand,Lou Williams,Thaddeus Young,Willie Green,2,4:17,CHA,shot,D.J. Augustin,,,,,,,,,Nazr Mohammed,2,,,made,,hook,25,10
D.J. Augustin,Gerald Wallace,Nazr Mohammed,Ronald Murray,Stephen Jackson,Andre Iguodala,Elton Brand,Lou Williams,Thaddeus Young,Willie Green,2,4:01,PHI,shot,,,,,,,,,,Willie Green,,,,missed,,jump,39,12
D.J. Augustin,Gerald Wallace,Nazr Mohammed,Ronald Murray,Stephen Jackson,Andre Iguodala,Elton Brand,Lou Williams,Thaddeus Young,Willie Green,2,4:00,CHA,rebound,,,,,,,,,,Ronald Murray,,,,,,def,,
D.J. Augustin,Gerald Wallace,Nazr Mohammed,Ronald Murray,Stephen Jackson,Andre Iguodala,Elton Brand,Lou Williams,Thaddeus Young,Willie Green,2,3:53,CHA,shot,,,Elton Brand,,,,,,,Stephen Jackson,,,,missed,,layup,25,6
D.J. Augustin,Gerald Wallace,Nazr Mohammed,Ronald Murray,Stephen Jackson,Andre Iguodala,Elton Brand,Lou Williams,Thaddeus Young,Willie Green,2,3:52,PHI,rebound,,,,,,,,,,Elton Brand,,,,,,def,,
D.J. Augustin,Gerald Wallace,Nazr Mohammed,Ronald Murray,Stephen Jackson,Andre Iguodala,Elton Brand,Lou Williams,Thaddeus Young,Willie Green,2,3:49,PHI,jump ball,,Gerald Wallace,,,Elton Brand,,,,,,,Lou Williams,,,,,,
D.J. Augustin,Gerald Wallace,Nazr Mohammed,Ronald Murray,Stephen Jackson,Andre Iguodala,Elton Brand,Lou Williams,Thaddeus Young,Willie Green,2,3:31,PHI,shot,,,,,,,,,,Willie Green,,,,missed,,3pt,2,6
D.J. Augustin,Gerald Wallace,Nazr Mohammed,Ronald Murray,Stephen Jackson,Andre Iguodala,Elton Brand,Lou Williams,Thaddeus Young,Willie Green,2,3:28,CHA,rebound,,,,,,,,,,Ronald Murray,,,,,,def,,
D.J. Augustin,Gerald Wallace,Nazr Mohammed,Ronald Murray,Stephen Jackson,Andre Iguodala,Elton Brand,Lou Williams,Thaddeus Young,Willie Green,2,3:23,CHA,shot,,,,,,,,,,Gerald Wallace,,,,missed,,layup,25,6
D.J. Augustin,Gerald Wallace,Nazr Mohammed,Ronald Murray,Stephen Jackson,Andre Iguodala,Elton Brand,Lou Williams,Thaddeus Young,Willie Green,2,3:21,CHA,rebound,,,,,,,,,,Gerald Wallace,,,,,,off,,
D.J. Augustin,Gerald Wallace,Nazr Mohammed,Ronald Murray,Stephen Jackson,Andre Iguodala,Elton Brand,Lou Williams,Thaddeus Young,Willie Green,2,3:21,PHI,foul,,,,,,,,Gerald Wallace,,Andre Iguodala,,,,,,shooting,,
D.J. Augustin,Gerald Wallace,Ronald Murray,Stephen Jackson,Tyson Chandler,Andre Iguodala,Elton Brand,Lou Williams,Thaddeus Young,Willie Green,2,3:21,CHA,sub,,,,Tyson Chandler,,Nazr Mohammed,,,,,,,,,,,,
Boris Diaw,D.J. Augustin,Gerald Wallace,Stephen Jackson,Tyson Chandler,Andre Iguodala,Elton Brand,Lou Williams,Thaddeus Young,Willie Green,2,3:21,CHA,sub,,,,Boris Diaw,,Ronald Murray,,,,,,,,,,,,
Boris Diaw,D.J. Augustin,Gerald Wallace,Stephen Jackson,Tyson Chandler,Andre Iguodala,Elton Brand,Lou Williams,Thaddeus Young,Willie Green,2,3:21,CHA,free throw,,,,,,,1,,2,Gerald Wallace,,,foul,missed,,,,
Boris Diaw,D.J. Augustin,Gerald Wallace,Stephen Jackson,Tyson Chandler,Andre Iguodala,Elton Brand,Lou Williams,Thaddeus Young,Willie Green,2,3:21,CHA,rebound,,,,,,,,,,,,,,,,,,
Boris Diaw,D.J. Augustin,Gerald Wallace,Stephen Jackson,Tyson Chandler,Andre Iguodala,Elton Brand,Lou Williams,Rodney Carney,Thaddeus Young,2,3:21,PHI,sub,,,,Rodney Carney,,Willie Green,,,,,,,,,,,,
Boris Diaw,D.J. Augustin,Gerald Wallace,Stephen Jackson,Tyson Chandler,Andre Iguodala,Elton Brand,Lou Williams,Rodney Carney,Thaddeus Young,2,3:21,CHA,free throw,,,,,,,2,,2,Gerald Wallace,,,foul,made,,,,
Boris Diaw,D.J. Augustin,Gerald Wallace,Stephen Jackson,Tyson Chandler,Andre Iguodala,Elton Brand,Lou Williams,Rodney Carney,Thaddeus Young,2,3:16,PHI,shot,,,,,,,,,,Lou Williams,,,,missed,,layup,25,6
Boris Diaw,D.J. Augustin,Gerald Wallace,Stephen Jackson,Tyson Chandler,Andre Iguodala,Elton Brand,Lou Williams,Rodney Carney,Thaddeus Young,2,3:15,CHA,rebound,,,,,,,,,,Gerald Wallace,,,,,,def,,
Boris Diaw,D.J. Augustin,Gerald Wallace,Stephen Jackson,Tyson Chandler,Andre Iguodala,Elton Brand,Lou Williams,Rodney Carney,Thaddeus Young,2,2:56,CHA,shot,D.J. Augustin,,,,,,,,,Boris Diaw,2,,,made,,jump,10,4
Boris Diaw,D.J. Augustin,Gerald Wallace,Stephen Jackson,Tyson Chandler,Andre Iguodala,Elton Brand,Lou Williams,Rodney Carney,Thaddeus Young,2,2:32,PHI,shot,,,,,,,,,,Elton Brand,2,,,made,,driving layup,25,6
Boris Diaw,D.J. Augustin,Gerald Wallace,Stephen Jackson,Tyson Chandler,Andre Iguodala,Elton Brand,Lou Williams,Rodney Carney,Thaddeus Young,2,2:13,CHA,shot,,,,,,,,,,Tyson Chandler,,,,missed,,jump,33,5
Boris Diaw,D.J. Augustin,Gerald Wallace,Stephen Jackson,Tyson Chandler,Andre Iguodala,Elton Brand,Lou Williams,Rodney Carney,Thaddeus Young,2,2:11,PHI,rebound,,,,,,,,,,Elton Brand,,,,,,def,,
Boris Diaw,D.J. Augustin,Gerald Wallace,Stephen Jackson,Tyson Chandler,Andre Iguodala,Elton Brand,Lou Williams,Rodney Carney,Thaddeus Young,2,2:01,CHA,timeout,,,,,,,,,,,,,,,,regular,,
Boris Diaw,D.J. Augustin,Gerald Wallace,Stephen Jackson,Tyson Chandler,Andre Iguodala,Elton Brand,Lou Williams,Rodney Carney,Thaddeus Young,2,2:01,CHA,foul,,,,,,,,Lou Williams,,Tyson Chandler,,,,,,personal,,
Boris Diaw,D.J. Augustin,Gerald Wallace,Nazr Mohammed,Stephen Jackson,Andre Iguodala,Elton Brand,Lou Williams,Rodney Carney,Thaddeus Young,2,2:01,CHA,sub,,,,Nazr Mohammed,,Tyson Chandler,,,,,,,,,,,,
Boris Diaw,D.J. Augustin,Gerald Wallace,Nazr Mohammed,Stephen Jackson,Andre Iguodala,Elton Brand,Lou Williams,Rodney Carney,Thaddeus Young,2,1:58,PHI,shot,,,,,,,,,,Thaddeus Young,,,,missed,,layup,25,6
Boris Diaw,D.J. Augustin,Gerald Wallace,Nazr Mohammed,Stephen Jackson,Andre Iguodala,Elton Brand,Lou Williams,Rodney Carney,Thaddeus Young,2,1:56,CHA,rebound,,,,,,,,,,Nazr Mohammed,,,,,,def,,
Boris Diaw,D.J. Augustin,Gerald Wallace,Nazr Mohammed,Stephen Jackson,Andre Iguodala,Elton Brand,Lou Williams,Rodney Carney,Thaddeus Young,2,1:38,CHA,shot,,,,,,,,,,Stephen Jackson,,,,missed,,jump,14,4
Boris Diaw,D.J. Augustin,Gerald Wallace,Nazr Mohammed,Stephen Jackson,Andre Iguodala,Elton Brand,Lou Williams,Rodney Carney,Thaddeus Young,2,1:36,CHA,rebound,,,,,,,,,,Nazr Mohammed,,,,,,off,,
Boris Diaw,D.J. Augustin,Gerald Wallace,Nazr Mohammed,Stephen Jackson,Andre Iguodala,Elton Brand,Lou Williams,Rodney Carney,Thaddeus Young,2,1:20,CHA,shot,,,,,,,,,,Nazr Mohammed,,,,missed,,jump,23,12
Boris Diaw,D.J. Augustin,Gerald Wallace,Nazr Mohammed,Stephen Jackson,Andre Iguodala,Elton Brand,Lou Williams,Rodney Carney,Thaddeus Young,2,1:18,PHI,rebound,,,,,,,,,,Rodney Carney,,,,,,def,,
Boris Diaw,D.J. Augustin,Gerald Wallace,Nazr Mohammed,Stephen Jackson,Andre Iguodala,Elton Brand,Lou Williams,Rodney Carney,Thaddeus Young,2,1:11,PHI,shot,,,,,,,,,,Lou Williams,2,,,made,,running bank,19,8
Boris Diaw,D.J. Augustin,Gerald Wallace,Nazr Mohammed,Stephen Jackson,Andre Iguodala,Elton Brand,Lou Williams,Rodney Carney,Thaddeus Young,2,0:51,CHA,shot,,,,,,,,,,D.J. Augustin,,,,missed,,3pt,10,26
Boris Diaw,D.J. Augustin,Gerald Wallace,Nazr Mohammed,Stephen Jackson,Andre Iguodala,Elton Brand,Lou Williams,Rodney Carney,Thaddeus Young,2,0:49,CHA,rebound,,,,,,,,,,Nazr Mohammed,,,,,,off,,
Boris Diaw,D.J. Augustin,Gerald Wallace,Nazr Mohammed,Stephen Jackson,Andre Iguodala,Elton Brand,Lou Williams,Rodney Carney,Thaddeus Young,2,0:45,CHA,shot,,,Elton Brand,,,,,,,D.J. Augustin,,,,missed,,layup,25,6
Boris Diaw,D.J. Augustin,Gerald Wallace,Nazr Mohammed,Stephen Jackson,Andre Iguodala,Elton Brand,Lou Williams,Rodney Carney,Thaddeus Young,2,0:44,CHA,rebound,,,,,,,,,,Stephen Jackson,,,,,,off,,
Boris Diaw,D.J. Augustin,Gerald Wallace,Nazr Mohammed,Stephen Jackson,Andre Iguodala,Elton Brand,Lou Williams,Rodney Carney,Thaddeus Young,2,0:43,CHA,shot,,,,,,,,,,Stephen Jackson,,,,missed,,tip,25,6
Boris Diaw,D.J. Augustin,Gerald Wallace,Nazr Mohammed,Stephen Jackson,Andre Iguodala,Elton Brand,Lou Williams,Rodney Carney,Thaddeus Young,2,0:41,PHI,rebound,,,,,,,,,,Thaddeus Young,,,,,,def,,
Boris Diaw,D.J. Augustin,Gerald Wallace,Nazr Mohammed,Stephen Jackson,Andre Iguodala,Elton Brand,Lou Williams,Rodney Carney,Thaddeus Young,2,0:38,PHI,shot,Lou Williams,,,,,,,,,Rodney Carney,2,,,made,,layup,25,6
Boris Diaw,D.J. Augustin,Gerald Wallace,Nazr Mohammed,Stephen Jackson,Andre Iguodala,Elton Brand,Lou Williams,Rodney Carney,Thaddeus Young,2,0:25,CHA,turnover,,,,,,,,,,Stephen Jackson,,,traveling,,,,,
Boris Diaw,D.J. Augustin,Gerald Wallace,Nazr Mohammed,Stephen Jackson,Andre Iguodala,Elton Brand,Lou Williams,Rodney Carney,Thaddeus Young,2,0:06,CHA,foul,,,,,,,,Lou Williams,,D.J. Augustin,,,,,,shooting,,
Boris Diaw,D.J. Augustin,Gerald Wallace,Nazr Mohammed,Stephen Jackson,Andre Iguodala,Elton Brand,Lou Williams,Rodney Carney,Thaddeus Young,2,0:06,PHI,free throw,,,,,,,1,,3,Lou Williams,,,foul,made,,,,
Boris Diaw,D.J. Augustin,Gerald Wallace,Nazr Mohammed,Stephen Jackson,Andre Iguodala,Elton Brand,Lou Williams,Rodney Carney,Thaddeus Young,2,0:06,PHI,free throw,,,,,,,2,,3,Lou Williams,,,foul,missed,,,,
Boris Diaw,D.J. Augustin,Gerald Wallace,Nazr Mohammed,Stephen Jackson,Andre Iguodala,Elton Brand,Lou Williams,Rodney Carney,Thaddeus Young,2,0:06,PHI,rebound,,,,,,,,,,,,,,,,,,
Boris Diaw,Gerald Wallace,Nazr Mohammed,Ronald Murray,Stephen Jackson,Andre Iguodala,Elton Brand,Lou Williams,Rodney Carney,Thaddeus Young,2,0:06,CHA,sub,,,,Ronald Murray,,D.J. Augustin,,,,,,,,,,,,
Boris Diaw,Gerald Wallace,Nazr Mohammed,Ronald Murray,Stephen Jackson,Andre Iguodala,Jason Smith,Lou Williams,Rodney Carney,Thaddeus Young,2,0:06,PHI,sub,,,,Jason Smith,,Elton Brand,,,,,,,,,,,,
Boris Diaw,Gerald Wallace,Nazr Mohammed,Ronald Murray,Stephen Jackson,Andre Iguodala,Jason Smith,Lou Williams,Rodney Carney,Royal Ivey,2,0:06,PHI,sub,,,,Royal Ivey,,Thaddeus Young,,,,,,,,,,,,
Boris Diaw,Gerald Wallace,Nazr Mohammed,Ronald Murray,Stephen Jackson,Andre Iguodala,Jason Smith,Lou Williams,Rodney Carney,Royal Ivey,2,0:06,PHI,free throw,,,,,,,3,,3,Lou Williams,,,foul,made,,,,
Boris Diaw,Gerald Wallace,Nazr Mohammed,Ronald Murray,Stephen Jackson,Andre Iguodala,Jason Smith,Lou Williams,Rodney Carney,Royal Ivey,2,0:02,PHI,foul,,,,,,,,Gerald Wallace,,Rodney Carney,,,,,,shooting,,
Boris Diaw,Gerald Wallace,Nazr Mohammed,Ronald Murray,Stephen Jackson,Andre Iguodala,Jason Smith,Lou Williams,Rodney Carney,Royal Ivey,2,0:02,CHA,free throw,,,,,,,1,,2,Gerald Wallace,,,foul,missed,,,,
Boris Diaw,Gerald Wallace,Nazr Mohammed,Ronald Murray,Stephen Jackson,Andre Iguodala,Jason Smith,Lou Williams,Rodney Carney,Royal Ivey,2,0:02,CHA,rebound,,,,,,,,,,,,,,,,,,
Boris Diaw,Gerald Wallace,Nazr Mohammed,Ronald Murray,Stephen Jackson,Andre Iguodala,Jason Smith,Lou Williams,Rodney Carney,Royal Ivey,2,0:02,CHA,free throw,,,,,,,2,,2,Gerald Wallace,,,foul,made,,,,
Boris Diaw,Gerald Wallace,Nazr Mohammed,Raymond Felton,Stephen Jackson,Andre Iguodala,Elton Brand,Lou Williams,Samuel Dalembert,Thaddeus Young,3,11:47,PHI,shot,,,,,,,,,,Andre Iguodala,,,,missed,,jump,40,8
Boris Diaw,Gerald Wallace,Nazr Mohammed,Raymond Felton,Stephen Jackson,Andre Iguodala,Elton Brand,Lou Williams,Samuel Dalembert,Thaddeus Young,3,11:46,CHA,rebound,,,,,,,,,,Nazr Mohammed,,,,,,def,,
Boris Diaw,Gerald Wallace,Nazr Mohammed,Raymond Felton,Stephen Jackson,Andre Iguodala,Elton Brand,Lou Williams,Samuel Dalembert,Thaddeus Young,3,11:41,CHA,shot,Raymond Felton,,,,,,,,,Stephen Jackson,2,,,made,,layup,25,6
Boris Diaw,Gerald Wallace,Nazr Mohammed,Raymond Felton,Stephen Jackson,Andre Iguodala,Elton Brand,Lou Williams,Samuel Dalembert,Thaddeus Young,3,11:19,PHI,shot,,,,,,,,,,Thaddeus Young,,,,missed,,3pt,42,26
Boris Diaw,Gerald Wallace,Nazr Mohammed,Raymond Felton,Stephen Jackson,Andre Iguodala,Elton Brand,Lou Williams,Samuel Dalembert,Thaddeus Young,3,11:17,CHA,rebound,,,,,,,,,,Boris Diaw,,,,,,def,,
Boris Diaw,Gerald Wallace,Nazr Mohammed,Raymond Felton,Stephen Jackson,Andre Iguodala,Elton Brand,Lou Williams,Samuel Dalembert,Thaddeus Young,3,11:04,CHA,shot,Boris Diaw,,,,,,,,,Raymond Felton,3,,,made,,3pt,49,5
Boris Diaw,Gerald Wallace,Nazr Mohammed,Raymond Felton,Stephen Jackson,Andre Iguodala,Elton Brand,Lou Williams,Samuel Dalembert,Thaddeus Young,3,10:40,PHI,shot,Andre Iguodala,,,,,,,,,Lou Williams,3,,,made,,3pt,48,5
Boris Diaw,Gerald Wallace,Nazr Mohammed,Raymond Felton,Stephen Jackson,Andre Iguodala,Elton Brand,Lou Williams,Samuel Dalembert,Thaddeus Young,3,10:28,PHI,foul,,,,,,,,Nazr Mohammed,,Samuel Dalembert,,,,,,personal,,
Boris Diaw,Gerald Wallace,Nazr Mohammed,Raymond Felton,Stephen Jackson,Andre Iguodala,Elton Brand,Lou Williams,Samuel Dalembert,Thaddeus Young,3,10:17,CHA,shot,Boris Diaw,,,,,,,,,Raymond Felton,2,,,made,,jump,8,20
Boris Diaw,Gerald Wallace,Nazr Mohammed,Raymond Felton,Stephen Jackson,Andre Iguodala,Elton Brand,Lou Williams,Samuel Dalembert,Thaddeus Young,3,9:59,PHI,shot,,,,,,,,,,Elton Brand,,,,missed,,jump,40,7
Boris Diaw,Gerald Wallace,Nazr Mohammed,Raymond Felton,Stephen Jackson,Andre Iguodala,Elton Brand,Lou Williams,Samuel Dalembert,Thaddeus Young,3,9:57,CHA,rebound,,,,,,,,,,Boris Diaw,,,,,,def,,
Boris Diaw,Gerald Wallace,Nazr Mohammed,Raymond Felton,Stephen Jackson,Andre Iguodala,Elton Brand,Lou Williams,Samuel Dalembert,Thaddeus Young,3,9:52,CHA,shot,,,,,,,,,,Gerald Wallace,,,,missed,,layup,25,6
Boris Diaw,Gerald Wallace,Nazr Mohammed,Raymond Felton,Stephen Jackson,Andre Iguodala,Elton Brand,Lou Williams,Samuel Dalembert,Thaddeus Young,3,9:49,PHI,rebound,,,,,,,,,,Lou Williams,,,,,,def,,
Boris Diaw,Gerald Wallace,Nazr Mohammed,Raymond Felton,Stephen Jackson,Andre Iguodala,Elton Brand,Lou Williams,Samuel Dalembert,Thaddeus Young,3,9:30,PHI,shot,,,,,,,,,,Lou Williams,,,,missed,,jump,10,18
Boris Diaw,Gerald Wallace,Nazr Mohammed,Raymond Felton,Stephen Jackson,Andre Iguodala,Elton Brand,Lou Williams,Samuel Dalembert,Thaddeus Young,3,9:28,PHI,jump ball,,Gerald Wallace,,,Samuel Dalembert,,,,,,,Elton Brand,,,,,,
Boris Diaw,Gerald Wallace,Nazr Mohammed,Raymond Felton,Stephen Jackson,Andre Iguodala,Elton Brand,Lou Williams,Samuel Dalembert,Thaddeus Young,3,9:28,PHI,rebound,,,,,,,,,,,,,,,,,,
Boris Diaw,Gerald Wallace,Nazr Mohammed,Raymond Felton,Stephen Jackson,Andre Iguodala,Elton Brand,Lou Williams,Samuel Dalembert,Thaddeus Young,3,9:23,PHI,shot,,,,,,,,,,Elton Brand,,,,missed,,jump,28,14
Boris Diaw,Gerald Wallace,Nazr Mohammed,Raymond Felton,Stephen Jackson,Andre Iguodala,Elton Brand,Lou Williams,Samuel Dalembert,Thaddeus Young,3,9:21,PHI,rebound,,,,,,,,,,Elton Brand,,,,,,off,,
Boris Diaw,Gerald Wallace,Nazr Mohammed,Raymond Felton,Stephen Jackson,Andre Iguodala,Elton Brand,Lou Williams,Samuel Dalembert,Thaddeus Young,3,9:21,CHA,foul,,,,,,,,Elton Brand,,Nazr Mohammed,,,,,,shooting,,
Boris Diaw,Gerald Wallace,Nazr Mohammed,Raymond Felton,Stephen Jackson,Andre Iguodala,Elton Brand,Lou Williams,Samuel Dalembert,Thaddeus Young,3,9:21,PHI,free throw,,,,,,,1,,2,Elton Brand,,,foul,made,,,,
Boris Diaw,Gerald Wallace,Nazr Mohammed,Raymond Felton,Stephen Jackson,Andre Iguodala,Elton Brand,Lou Williams,Samuel Dalembert,Thaddeus Young,3,9:21,PHI,free throw,,,,,,,2,,2,Elton Brand,,,foul,missed,,,,
Boris Diaw,Gerald Wallace,Nazr Mohammed,Raymond Felton,Stephen Jackson,Andre Iguodala,Elton Brand,Lou Williams,Samuel Dalembert,Thaddeus Young,3,9:20,CHA,rebound,,,,,,,,,,Nazr Mohammed,,,,,,def,,
Boris Diaw,Gerald Wallace,Nazr Mohammed,Raymond Felton,Stephen Jackson,Andre Iguodala,Elton Brand,Lou Williams,Samuel Dalembert,Thaddeus Young,3,8:56,CHA,shot,,,,,,,,,,Raymond Felton,,,,missed,,3pt,44,25
Boris Diaw,Gerald Wallace,Nazr Mohammed,Raymond Felton,Stephen Jackson,Andre Iguodala,Elton Brand,Lou Williams,Samuel Dalembert,Thaddeus Young,3,8:54,PHI,rebound,,,,,,,,,,Andre Iguodala,,,,,,def,,
Boris Diaw,Gerald Wallace,Nazr Mohammed,Raymond Felton,Stephen Jackson,Andre Iguodala,Elton Brand,Lou Williams,Samuel Dalembert,Thaddeus Young,3,8:50,PHI,shot,,,,,,,,,,Andre Iguodala,,,,missed,,layup,25,6
Boris Diaw,Gerald Wallace,Nazr Mohammed,Raymond Felton,Stephen Jackson,Andre Iguodala,Elton Brand,Lou Williams,Samuel Dalembert,Thaddeus Young,3,8:47,CHA,rebound,,,,,,,,,,Stephen Jackson,,,,,,def,,
Boris Diaw,Gerald Wallace,Nazr Mohammed,Raymond Felton,Stephen Jackson,Andre Iguodala,Elton Brand,Lou Williams,Samuel Dalembert,Thaddeus Young,3,8:27,CHA,shot,,,,,,,,,,Raymond Felton,,,,missed,,3pt,40,27
Boris Diaw,Gerald Wallace,Nazr Mohammed,Raymond Felton,Stephen Jackson,Andre Iguodala,Elton Brand,Lou Williams,Samuel Dalembert,Thaddeus Young,3,8:25,PHI,rebound,,,,,,,,,,,,,,,,,,
Boris Diaw,Gerald Wallace,Nazr Mohammed,Raymond Felton,Stephen Jackson,Andre Iguodala,Elton Brand,Lou Williams,Samuel Dalembert,Thaddeus Young,3,8:04,PHI,turnover,,,,,,,,,,Lou Williams,,,bad pass,,Boris Diaw,,,
Boris Diaw,Gerald Wallace,Nazr Mohammed,Raymond Felton,Stephen Jackson,Andre Iguodala,Elton Brand,Lou Williams,Samuel Dalembert,Thaddeus Young,3,7:51,CHA,shot,,,,,,,,,,Nazr Mohammed,,,,missed,,jump,18,10
Boris Diaw,Gerald Wallace,Nazr Mohammed,Raymond Felton,Stephen Jackson,Andre Iguodala,Elton Brand,Lou Williams,Samuel Dalembert,Thaddeus Young,3,7:49,CHA,rebound,,,,,,,,,,Stephen Jackson,,,,,,off,,
Boris Diaw,Gerald Wallace,Nazr Mohammed,Raymond Felton,Stephen Jackson,Andre Iguodala,Elton Brand,Lou Williams,Samuel Dalembert,Thaddeus Young,3,7:40,CHA,shot,,,,,,,,,,Boris Diaw,,,,missed,,layup,25,6
Boris Diaw,Gerald Wallace,Nazr Mohammed,Raymond Felton,Stephen Jackson,Andre Iguodala,Elton Brand,Lou Williams,Samuel Dalembert,Thaddeus Young,3,7:39,PHI,rebound,,,,,,,,,,Samuel Dalembert,,,,,,def,,
Boris Diaw,Gerald Wallace,Nazr Mohammed,Raymond Felton,Stephen Jackson,Andre Iguodala,Elton Brand,Lou Williams,Samuel Dalembert,Thaddeus Young,3,7:32,PHI,turnover,,,,,,,,,,Andre Iguodala,,,bad pass,,Stephen Jackson,,,
Boris Diaw,Gerald Wallace,Nazr Mohammed,Raymond Felton,Stephen Jackson,Andre Iguodala,Elton Brand,Lou Williams,Samuel Dalembert,Thaddeus Young,3,7:28,PHI,foul,,,,,,,,Boris Diaw,,Andre Iguodala,,,,,,shooting,,
Boris Diaw,Gerald Wallace,Nazr Mohammed,Raymond Felton,Stephen Jackson,Andre Iguodala,Elton Brand,Lou Williams,Samuel Dalembert,Thaddeus Young,3,7:28,CHA,free throw,,,,,,,1,,2,Boris Diaw,,,foul,made,,,,
Boris Diaw,Derrick Brown,Gerald Wallace,Raymond Felton,Stephen Jackson,Andre Iguodala,Elton Brand,Lou Williams,Samuel Dalembert,Thaddeus Young,3,7:28,CHA,sub,,,,Derrick Brown,,Nazr Mohammed,,,,,,,,,,,,
Boris Diaw,Derrick Brown,Gerald Wallace,Raymond Felton,Stephen Jackson,Andre Iguodala,Elton Brand,Lou Williams,Samuel Dalembert,Thaddeus Young,3,7:28,CHA,free throw,,,,,,,2,,2,Boris Diaw,,,foul,made,,,,
Boris Diaw,Derrick Brown,Gerald Wallace,Raymond Felton,Stephen Jackson,Andre Iguodala,Elton Brand,Lou Williams,Samuel Dalembert,Thaddeus Young,3,7:03,PHI,shot,,,,,,,,,,Lou Williams,,,,missed,,3pt,7,26
Boris Diaw,Derrick Brown,Gerald Wallace,Raymond Felton,Stephen Jackson,Andre Iguodala,Elton Brand,Lou Williams,Samuel Dalembert,Thaddeus Young,3,7:01,PHI,rebound,,,,,,,,,,Elton Brand,,,,,,off,,
Boris Diaw,Derrick Brown,Gerald Wallace,Raymond Felton,Stephen Jackson,Andre Iguodala,Elton Brand,Lou Williams,Samuel Dalembert,Thaddeus Young,3,6:52,PHI,shot,,,,,,,,,,Andre Iguodala,,,,missed,,layup,25,6
Boris Diaw,Derrick Brown,Gerald Wallace,Raymond Felton,Stephen Jackson,Andre Iguodala,Elton Brand,Lou Williams,Samuel Dalembert,Thaddeus Young,3,6:52,CHA,rebound,,,,,,,,,,,,,,,,,,
Boris Diaw,Derrick Brown,Gerald Wallace,Raymond Felton,Stephen Jackson,Andre Iguodala,Elton Brand,Lou Williams,Samuel Dalembert,Thaddeus Young,3,6:31,CHA,shot,,,Elton Brand,,,,,,,Derrick Brown,,,,missed,,layup,25,6
Boris Diaw,Derrick Brown,Gerald Wallace,Raymond Felton,Stephen Jackson,Andre Iguodala,Elton Brand,Lou Williams,Samuel Dalembert,Thaddeus Young,3,6:29,CHA,rebound,,,,,,,,,,Gerald Wallace,,,,,,off,,
Boris Diaw,Derrick Brown,Gerald Wallace,Raymond Felton,Stephen Jackson,Andre Iguodala,Elton Brand,Lou Williams,Samuel Dalembert,Thaddeus Young,3,6:27,CHA,shot,,,,,,,,,,Gerald Wallace,,,,missed,,layup,25,6
Boris Diaw,Derrick Brown,Gerald Wallace,Raymond Felton,Stephen Jackson,Andre Iguodala,Elton Brand,Lou Williams,Samuel Dalembert,Thaddeus Young,3,6:27,PHI,rebound,,,,,,,,,,,,,,,,,,
Boris Diaw,Derrick Brown,Gerald Wallace,Raymond Felton,Stephen Jackson,Andre Iguodala,Elton Brand,Lou Williams,Samuel Dalembert,Thaddeus Young,3,6:13,PHI,shot,,,,,,,,,,Elton Brand,2,,,made,,layup,25,6
Boris Diaw,Derrick Brown,Gerald Wallace,Raymond Felton,Stephen Jackson,Andre Iguodala,Elton Brand,Lou Williams,Samuel Dalembert,Thaddeus Young,3,5:57,CHA,turnover,,,,,,,,,,Stephen Jackson,,,lost ball,,Andre Iguodala,,,
Boris Diaw,Derrick Brown,Gerald Wallace,Raymond Felton,Stephen Jackson,Andre Iguodala,Elton Brand,Lou Williams,Samuel Dalembert,Thaddeus Young,3,5:57,CHA,foul,,,,,,,,Andre Iguodala,,Stephen Jackson,,,,,,personal,,
Boris Diaw,Derrick Brown,Gerald Wallace,Raymond Felton,Stephen Jackson,Andre Iguodala,Elton Brand,Lou Williams,Samuel Dalembert,Thaddeus Young,3,5:57,PHI,timeout,,,,,,,,,,,,,,,,regular,,
Boris Diaw,Derrick Brown,Gerald Wallace,Raymond Felton,Stephen Jackson,Andre Iguodala,Elton Brand,Lou Williams,Samuel Dalembert,Thaddeus Young,3,5:46,PHI,shot,Lou Williams,,,,,,,,,Andre Iguodala,2,,,made,,driving slam dunk,25,6
Boris Diaw,Derrick Brown,Gerald Wallace,Raymond Felton,Stephen Jackson,Andre Iguodala,Elton Brand,Lou Williams,Samuel Dalembert,Thaddeus Young,3,5:21,CHA,shot,Raymond Felton,,,,,,,,,Gerald Wallace,3,,,made,,3pt,48,7
Boris Diaw,Derrick Brown,Gerald Wallace,Raymond Felton,Stephen Jackson,Andre Iguodala,Elton Brand,Lou Williams,Samuel Dalembert,Thaddeus Young,3,4:59,PHI,turnover,,,,,,,,,,Thaddeus Young,,,lost ball,,Gerald Wallace,,,
Boris Diaw,Derrick Brown,Gerald Wallace,Raymond Felton,Stephen Jackson,Andre Iguodala,Elton Brand,Lou Williams,Samuel Dalembert,Thaddeus Young,3,4:55,CHA,shot,Raymond Felton,,,,,,,,,Derrick Brown,2,,,made,,dunk,25,6
Boris Diaw,Derrick Brown,Gerald Wallace,Raymond Felton,Stephen Jackson,Andre Iguodala,Elton Brand,Lou Williams,Samuel Dalembert,Thaddeus Young,3,4:33,PHI,turnover,,,,,,,,,,Andre Iguodala,,,lost ball,,Raymond Felton,,,
Boris Diaw,Derrick Brown,Gerald Wallace,Raymond Felton,Stephen Jackson,Andre Iguodala,Elton Brand,Lou Williams,Samuel Dalembert,Thaddeus Young,3,4:28,CHA,shot,Stephen Jackson,,,,,,,,,Gerald Wallace,2,,,made,,layup,25,6
Boris Diaw,Derrick Brown,Gerald Wallace,Raymond Felton,Stephen Jackson,Andre Iguodala,Elton Brand,Lou Williams,Samuel Dalembert,Thaddeus Young,3,4:26,PHI,timeout,,,,,,,,,,,,,,,,regular,,
Boris Diaw,Derrick Brown,Gerald Wallace,Raymond Felton,Stephen Jackson,Andre Iguodala,Elton Brand,Lou Williams,Rodney Carney,Thaddeus Young,3,4:26,PHI,sub,,,,Rodney Carney,,Samuel Dalembert,,,,,,,,,,,,
Boris Diaw,Derrick Brown,Gerald Wallace,Raymond Felton,Stephen Jackson,Andre Iguodala,Elton Brand,Lou Williams,Rodney Carney,Thaddeus Young,3,4:02,PHI,shot,,,,,,,,,,Thaddeus Young,,,,missed,,layup,25,6
Boris Diaw,Derrick Brown,Gerald Wallace,Raymond Felton,Stephen Jackson,Andre Iguodala,Elton Brand,Lou Williams,Rodney Carney,Thaddeus Young,3,4:02,PHI,rebound,,,,,,,,,,Elton Brand,,,,,,off,,
Boris Diaw,Derrick Brown,Gerald Wallace,Raymond Felton,Stephen Jackson,Andre Iguodala,Elton Brand,Lou Williams,Rodney Carney,Thaddeus Young,3,4:02,CHA,foul,,,,,,,,Elton Brand,,Stephen Jackson,,,,,,shooting,,
Boris Diaw,Derrick Brown,Gerald Wallace,Raymond Felton,Stephen Jackson,Andre Iguodala,Elton Brand,Lou Williams,Rodney Carney,Thaddeus Young,3,4:02,PHI,free throw,,,,,,,1,,2,Elton Brand,,,foul,made,,,,
Boris Diaw,Derrick Brown,Gerald Wallace,Raymond Felton,Stephen Jackson,Andre Iguodala,Elton Brand,Lou Williams,Rodney Carney,Thaddeus Young,3,4:02,PHI,free throw,,,,,,,2,,2,Elton Brand,,,foul,made,,,,
Boris Diaw,Derrick Brown,Gerald Wallace,Raymond Felton,Stephen Jackson,Andre Iguodala,Elton Brand,Lou Williams,Rodney Carney,Thaddeus Young,3,3:46,CHA,turnover,,,,,,,,,,Gerald Wallace,,,traveling,,,,,
Boris Diaw,Derrick Brown,Gerald Wallace,Raymond Felton,Stephen Jackson,Andre Iguodala,Elton Brand,Jason Kapono,Lou Williams,Rodney Carney,3,3:46,PHI,sub,,,,Jason Kapono,,Thaddeus Young,,,,,,,,,,,,
Boris Diaw,Derrick Brown,Gerald Wallace,Raymond Felton,Stephen Jackson,Andre Iguodala,Elton Brand,Jason Kapono,Lou Williams,Rodney Carney,3,3:31,PHI,shot,Rodney Carney,,,,,,,,,Andre Iguodala,2,,,made,,turnaround jump,38,8
Boris Diaw,Derrick Brown,Gerald Wallace,Raymond Felton,Stephen Jackson,Andre Iguodala,Elton Brand,Jason Kapono,Lou Williams,Rodney Carney,3,3:10,CHA,jump ball,,Gerald Wallace,,,Elton Brand,,,,,,,Stephen Jackson,,,,,,
Boris Diaw,Gerald Wallace,Raymond Felton,Ronald Murray,Stephen Jackson,Andre Iguodala,Elton Brand,Jason Kapono,Lou Williams,Rodney Carney,3,3:10,CHA,sub,,,,Ronald Murray,,Derrick Brown,,,,,,,,,,,,
Boris Diaw,Gerald Wallace,Raymond Felton,Ronald Murray,Stephen Jackson,Andre Iguodala,Elton Brand,Jason Kapono,Lou Williams,Rodney Carney,3,3:06,PHI,foul,,,,,,,,Stephen Jackson,,Jason Kapono,,,,,,shooting,,
Boris Diaw,Gerald Wallace,Raymond Felton,Ronald Murray,Stephen Jackson,Andre Iguodala,Elton Brand,Jason Kapono,Lou Williams,Rodney Carney,3,3:06,CHA,free throw,,,,,,,1,,2,Stephen Jackson,,,foul,made,,,,
Boris Diaw,Gerald Wallace,Raymond Felton,Ronald Murray,Stephen Jackson,Andre Iguodala,Elton Brand,Jason Kapono,Lou Williams,Rodney Carney,3,3:06,CHA,free throw,,,,,,,2,,2,Stephen Jackson,,,foul,made,,,,
Boris Diaw,Gerald Wallace,Raymond Felton,Ronald Murray,Stephen Jackson,Andre Iguodala,Elton Brand,Jason Kapono,Lou Williams,Rodney Carney,3,2:48,CHA,foul,,,,,,,,Lou Williams,,Raymond Felton,,,,,,personal,,
Boris Diaw,Gerald Wallace,Raymond Felton,Ronald Murray,Stephen Jackson,Andre Iguodala,Elton Brand,Jason Kapono,Lou Williams,Rodney Carney,3,2:34,PHI,shot,,,,,,,,,,Elton Brand,,,,missed,,jump,13,7
Boris Diaw,Gerald Wallace,Raymond Felton,Ronald Murray,Stephen Jackson,Andre Iguodala,Elton Brand,Jason Kapono,Lou Williams,Rodney Carney,3,2:32,CHA,rebound,,,,,,,,,,Stephen Jackson,,,,,,def,,
Boris Diaw,Gerald Wallace,Raymond Felton,Ronald Murray,Stephen Jackson,Andre Iguodala,Elton Brand,Jason Kapono,Lou Williams,Rodney Carney,3,2:14,CHA,shot,,,,,,,,,,Ronald Murray,2,,,made,,floating jump,31,11
Boris Diaw,Gerald Wallace,Raymond Felton,Ronald Murray,Stephen Jackson,Andre Iguodala,Elton Brand,Jason Kapono,Lou Williams,Rodney Carney,3,1:50,PHI,turnover,,,,,,,,,,Andre Iguodala,,,bad pass,,Gerald Wallace,,,
Boris Diaw,Gerald Wallace,Raymond Felton,Ronald Murray,Stephen Jackson,Andre Iguodala,Elton Brand,Jason Kapono,Lou Williams,Rodney Carney,3,1:49,CHA,turnover,,,,,,,,,,Gerald Wallace,,,traveling,,,,,
Boris Diaw,Gerald Wallace,Raymond Felton,Ronald Murray,Stephen Jackson,Andre Iguodala,Elton Brand,Jason Kapono,Lou Williams,Rodney Carney,3,1:39,PHI,shot,,,,,,,,,,Andre Iguodala,2,,,made,,driving finger roll layup,25,6
Boris Diaw,Gerald Wallace,Raymond Felton,Ronald Murray,Stephen Jackson,Andre Iguodala,Elton Brand,Jason Kapono,Lou Williams,Rodney Carney,3,1:37,CHA,timeout,,,,,,,,,,,,,,,,regular,,
Boris Diaw,Gerald Wallace,Raymond Felton,Ronald Murray,Stephen Jackson,Andre Iguodala,Elton Brand,Jason Kapono,Lou Williams,Rodney Carney,3,1:19,CHA,shot,,,,,,,,,,Ronald Murray,,,,missed,,3pt,2,8
Boris Diaw,Gerald Wallace,Raymond Felton,Ronald Murray,Stephen Jackson,Andre Iguodala,Elton Brand,Jason Kapono,Lou Williams,Rodney Carney,3,1:18,PHI,rebound,,,,,,,,,,Andre Iguodala,,,,,,def,,
Boris Diaw,Gerald Wallace,Raymond Felton,Ronald Murray,Stephen Jackson,Andre Iguodala,Elton Brand,Jason Kapono,Lou Williams,Rodney Carney,3,1:14,PHI,shot,,,,,,,,,,Andre Iguodala,,,,missed,,layup,25,6
Boris Diaw,Gerald Wallace,Raymond Felton,Ronald Murray,Stephen Jackson,Andre Iguodala,Elton Brand,Jason Kapono,Lou Williams,Rodney Carney,3,1:12,CHA,rebound,,,,,,,,,,Ronald Murray,,,,,,def,,
Boris Diaw,Gerald Wallace,Raymond Felton,Ronald Murray,Stephen Jackson,Andre Iguodala,Elton Brand,Jason Kapono,Lou Williams,Rodney Carney,3,1:06,CHA,shot,,,Rodney Carney,,,,,,,Raymond Felton,,,,missed,,layup,25,6
Boris Diaw,Gerald Wallace,Raymond Felton,Ronald Murray,Stephen Jackson,Andre Iguodala,Elton Brand,Jason Kapono,Lou Williams,Rodney Carney,3,1:02,PHI,rebound,,,,,,,,,,Rodney Carney,,,,,,def,,
Boris Diaw,Gerald Wallace,Raymond Felton,Ronald Murray,Stephen Jackson,Andre Iguodala,Elton Brand,Jason Kapono,Lou Williams,Rodney Carney,3,0:57,PHI,shot,,,,,,,,,,Jason Kapono,,,,missed,,3pt,3,7
Boris Diaw,Gerald Wallace,Raymond Felton,Ronald Murray,Stephen Jackson,Andre Iguodala,Elton Brand,Jason Kapono,Lou Williams,Rodney Carney,3,0:55,CHA,rebound,,,,,,,,,,Gerald Wallace,,,,,,def,,
Boris Diaw,Gerald Wallace,Raymond Felton,Ronald Murray,Stephen Jackson,Andre Iguodala,Elton Brand,Jason Kapono,Lou Williams,Rodney Carney,3,0:40,CHA,shot,,,,,,,,,,Stephen Jackson,2,,,made,,jump,37,5
Boris Diaw,Gerald Wallace,Raymond Felton,Ronald Murray,Stephen Jackson,Andre Iguodala,Elton Brand,Jason Kapono,Lou Williams,Rodney Carney,3,0:24,PHI,shot,,,,,,,,,,Andre Iguodala,3,,,made,,3pt,46,21
Boris Diaw,Gerald Wallace,Raymond Felton,Ronald Murray,Stephen Jackson,Andre Iguodala,Elton Brand,Jason Kapono,Lou Williams,Rodney Carney,3,0:07,PHI,foul,,,,,,,,Raymond Felton,,Elton Brand,,,,,,personal,,
Boris Diaw,Gerald Wallace,Raymond Felton,Ronald Murray,Stephen Jackson,Andre Iguodala,Elton Brand,Lou Williams,Rodney Carney,Willie Green,3,0:07,PHI,sub,,,,Willie Green,,Jason Kapono,,,,,,,,,,,,
Boris Diaw,Gerald Wallace,Raymond Felton,Ronald Murray,Stephen Jackson,Andre Iguodala,Elton Brand,Lou Williams,Rodney Carney,Willie Green,3,0:01,CHA,shot,,,,,,,,,,Gerald Wallace,,,,missed,,3pt,49,8
Boris Diaw,Gerald Wallace,Raymond Felton,Ronald Murray,Stephen Jackson,Andre Iguodala,Elton Brand,Lou Williams,Rodney Carney,Willie Green,3,0:00,PHI,rebound,,,,,,,,,,Elton Brand,,,,,,def,,
Boris Diaw,Gerald Wallace,Raymond Felton,Ronald Murray,Stephen Jackson,Elton Brand,Lou Williams,Rodney Carney,Thaddeus Young,Willie Green,4,11:46,CHA,shot,,,,,,,,,,Stephen Jackson,,,,missed,,jump,25,24
Boris Diaw,Gerald Wallace,Raymond Felton,Ronald Murray,Stephen Jackson,Elton Brand,Lou Williams,Rodney Carney,Thaddeus Young,Willie Green,4,11:44,PHI,rebound,,,,,,,,,,Thaddeus Young,,,,,,def,,
Boris Diaw,Gerald Wallace,Raymond Felton,Ronald Murray,Stephen Jackson,Elton Brand,Lou Williams,Rodney Carney,Thaddeus Young,Willie Green,4,11:28,PHI,shot,,,,,,,,,,Elton Brand,2,,,made,,running jump,24,15
Boris Diaw,Gerald Wallace,Raymond Felton,Ronald Murray,Stephen Jackson,Elton Brand,Lou Williams,Rodney Carney,Thaddeus Young,Willie Green,4,11:02,CHA,shot,,,,,,,,,,Raymond Felton,,,,missed,,3pt,19,32
Boris Diaw,Gerald Wallace,Raymond Felton,Ronald Murray,Stephen Jackson,Elton Brand,Lou Williams,Rodney Carney,Thaddeus Young,Willie Green,4,11:00,CHA,rebound,,,,,,,,,,Gerald Wallace,,,,,,off,,
Boris Diaw,Gerald Wallace,Raymond Felton,Ronald Murray,Stephen Jackson,Elton Brand,Lou Williams,Rodney Carney,Thaddeus Young,Willie Green,4,10:47,CHA,turnover,,,,,,,,,,Gerald Wallace,,,bad pass,,,,,
Boris Diaw,D.J. Augustin,Gerald Wallace,Ronald Murray,Stephen Jackson,Elton Brand,Lou Williams,Rodney Carney,Thaddeus Young,Willie Green,4,10:47,CHA,sub,,,,D.J. Augustin,,Raymond Felton,,,,,,,,,,,,
Boris Diaw,D.J. Augustin,Gerald Wallace,Ronald Murray,Stephen Jackson,Elton Brand,Lou Williams,Rodney Carney,Thaddeus Young,Willie Green,4,10:31,PHI,turnover,,,,,,,,,,Thaddeus Young,,,bad pass,,Ronald Murray,,,
Boris Diaw,D.J. Augustin,Gerald Wallace,Ronald Murray,Stephen Jackson,Elton Brand,Lou Williams,Rodney Carney,Thaddeus Young,Willie Green,4,10:30,PHI,foul,,,,,,,,Ronald Murray,,Elton Brand,,,,,,personal,,
Boris Diaw,D.J. Augustin,Gerald Wallace,Ronald Murray,Stephen Jackson,Elton Brand,Lou Williams,Rodney Carney,Thaddeus Young,Willie Green,4,10:09,CHA,shot,,,Elton Brand,,,,,,,Boris Diaw,,,,missed,,layup,25,6
Boris Diaw,D.J. Augustin,Gerald Wallace,Ronald Murray,Stephen Jackson,Elton Brand,Lou Williams,Rodney Carney,Thaddeus Young,Willie Green,4,10:07,PHI,rebound,,,,,,,,,,Rodney Carney,,,,,,def,,
Boris Diaw,D.J. Augustin,Gerald Wallace,Ronald Murray,Stephen Jackson,Elton Brand,Lou Williams,Rodney Carney,Thaddeus Young,Willie Green,4,10:03,PHI,shot,,,,,,,,,,Willie Green,2,,,made,,layup,25,6
Boris Diaw,D.J. Augustin,Gerald Wallace,Ronald Murray,Stephen Jackson,Elton Brand,Lou Williams,Rodney Carney,Thaddeus Young,Willie Green,4,9:41,CHA,shot,D.J. Augustin,,,,,,,,,Ronald Murray,3,,,made,,3pt,41,27
Boris Diaw,D.J. Augustin,Gerald Wallace,Ronald Murray,Stephen Jackson,Elton Brand,Lou Williams,Rodney Carney,Thaddeus Young,Willie Green,4,9:18,PHI,shot,,,,,,,,,,Elton Brand,,,,missed,,jump,33,22
Boris Diaw,D.J. Augustin,Gerald Wallace,Ronald Murray,Stephen Jackson,Elton Brand,Lou Williams,Rodney Carney,Thaddeus Young,Willie Green,4,9:16,CHA,rebound,,,,,,,,,,Ronald Murray,,,,,,def,,
Boris Diaw,D.J. Augustin,Gerald Wallace,Ronald Murray,Stephen Jackson,Elton Brand,Lou Williams,Rodney Carney,Thaddeus Young,Willie Green,4,9:12,CHA,shot,,,,,,,,,,Ronald Murray,2,,,made,,finger roll layup,25,6
Boris Diaw,D.J. Augustin,Gerald Wallace,Ronald Murray,Stephen Jackson,Elton Brand,Lou Williams,Rodney Carney,Thaddeus Young,Willie Green,4,8:57,PHI,shot,,,,,,,,,,Lou Williams,,,,missed,,jump,20,7
Boris Diaw,D.J. Augustin,Gerald Wallace,Ronald Murray,Stephen Jackson,Elton Brand,Lou Williams,Rodney Carney,Thaddeus Young,Willie Green,4,8:55,CHA,rebound,,,,,,,,,,Gerald Wallace,,,,,,def,,
Boris Diaw,D.J. Augustin,Gerald Wallace,Ronald Murray,Stephen Jackson,Elton Brand,Lou Williams,Rodney Carney,Thaddeus Young,Willie Green,4,8:38,CHA,shot,,,,,,,,,,Ronald Murray,,,,missed,,3pt,2,8
Boris Diaw,D.J. Augustin,Gerald Wallace,Ronald Murray,Stephen Jackson,Elton Brand,Lou Williams,Rodney Carney,Thaddeus Young,Willie Green,4,8:36,PHI,rebound,,,,,,,,,,Thaddeus Young,,,,,,def,,
Boris Diaw,D.J. Augustin,Gerald Wallace,Ronald Murray,Stephen Jackson,Elton Brand,Lou Williams,Rodney Carney,Thaddeus Young,Willie Green,4,8:27,PHI,timeout,,,,,,,,,,,,,,,,official,,
Boris Diaw,D.J. Augustin,Gerald Wallace,Ronald Murray,Stephen Jackson,Jason Smith,Lou Williams,Rodney Carney,Thaddeus Young,Willie Green,4,8:27,PHI,sub,,,,Jason Smith,,Elton Brand,,,,,,,,,,,,
D.J. Augustin,Derrick Brown,Gerald Wallace,Ronald Murray,Stephen Jackson,Jason Smith,Lou Williams,Rodney Carney,Thaddeus Young,Willie Green,4,8:27,CHA,sub,,,,Derrick Brown,,Boris Diaw,,,,,,,,,,,,
D.J. Augustin,Derrick Brown,Gerald Wallace,Ronald Murray,Stephen Jackson,Andre Iguodala,Jason Smith,Rodney Carney,Thaddeus Young,Willie Green,4,8:27,PHI,sub,,,,Andre Iguodala,,Lou Williams,,,,,,,,,,,,
D.J. Augustin,Derrick Brown,Gerald Wallace,Ronald Murray,Stephen Jackson,Andre Iguodala,Jason Smith,Rodney Carney,Thaddeus Young,Willie Green,4,8:24,PHI,shot,Rodney Carney,,,,,,,,,Jason Smith,2,,,made,,layup,25,6
D.J. Augustin,Derrick Brown,Gerald Wallace,Ronald Murray,Stephen Jackson,Andre Iguodala,Jason Smith,Rodney Carney,Thaddeus Young,Willie Green,4,8:03,CHA,shot,,,,,,,,,,Ronald Murray,,,,missed,,jump,13,14
D.J. Augustin,Derrick Brown,Gerald Wallace,Ronald Murray,Stephen Jackson,Andre Iguodala,Jason Smith,Rodney Carney,Thaddeus Young,Willie Green,4,8:01,PHI,rebound,,,,,,,,,,Rodney Carney,,,,,,def,,
D.J. Augustin,Derrick Brown,Gerald Wallace,Ronald Murray,Stephen Jackson,Andre Iguodala,Jason Smith,Rodney Carney,Thaddeus Young,Willie Green,4,7:58,PHI,shot,,,,,,,,,,Thaddeus Young,,,,missed,,layup,25,6
D.J. Augustin,Derrick Brown,Gerald Wallace,Ronald Murray,Stephen Jackson,Andre Iguodala,Jason Smith,Rodney Carney,Thaddeus Young,Willie Green,4,7:56,CHA,rebound,,,,,,,,,,Gerald Wallace,,,,,,def,,
D.J. Augustin,Derrick Brown,Gerald Wallace,Ronald Murray,Stephen Jackson,Andre Iguodala,Jason Smith,Rodney Carney,Thaddeus Young,Willie Green,4,7:35,CHA,shot,,,,,,,,,,Ronald Murray,,,,missed,,3pt,7,24
D.J. Augustin,Derrick Brown,Gerald Wallace,Ronald Murray,Stephen Jackson,Andre Iguodala,Jason Smith,Rodney Carney,Thaddeus Young,Willie Green,4,7:33,PHI,rebound,,,,,,,,,,Rodney Carney,,,,,,def,,
D.J. Augustin,Derrick Brown,Gerald Wallace,Ronald Murray,Stephen Jackson,Andre Iguodala,Jason Smith,Rodney Carney,Thaddeus Young,Willie Green,4,7:20,PHI,shot,,,Derrick Brown,,,,,,,Jason Smith,,,,missed,,layup,25,6
D.J. Augustin,Derrick Brown,Gerald Wallace,Ronald Murray,Stephen Jackson,Andre Iguodala,Jason Smith,Rodney Carney,Thaddeus Young,Willie Green,4,7:17,PHI,rebound,,,,,,,,,,Thaddeus Young,,,,,,off,,
D.J. Augustin,Derrick Brown,Gerald Wallace,Ronald Murray,Stephen Jackson,Andre Iguodala,Jason Smith,Rodney Carney,Thaddeus Young,Willie Green,4,7:17,PHI,shot,,,,,,,,,,Thaddeus Young,2,,,made,,layup,25,6
D.J. Augustin,Derrick Brown,Gerald Wallace,Ronald Murray,Stephen Jackson,Andre Iguodala,Jason Smith,Rodney Carney,Thaddeus Young,Willie Green,4,6:59,CHA,turnover,,,,,,,,,,Ronald Murray,,,bad pass,,Thaddeus Young,,,
D.J. Augustin,Derrick Brown,Gerald Wallace,Ronald Murray,Stephen Jackson,Andre Iguodala,Jason Smith,Rodney Carney,Thaddeus Young,Willie Green,4,6:58,PHI,turnover,,,,,,,,,,Thaddeus Young,,,step out of bounds turnover,,,,,
D.J. Augustin,Derrick Brown,Gerald Wallace,Ronald Murray,Stephen Jackson,Andre Iguodala,Jason Smith,Rodney Carney,Thaddeus Young,Willie Green,4,6:50,PHI,foul,,,,,,,,Derrick Brown,,Jason Smith,,,,,,shooting,,
D.J. Augustin,Derrick Brown,Gerald Wallace,Ronald Murray,Stephen Jackson,Andre Iguodala,Jason Smith,Rodney Carney,Thaddeus Young,Willie Green,4,6:50,CHA,free throw,,,,,,,1,,2,Derrick Brown,,,foul,missed,,,,
D.J. Augustin,Derrick Brown,Gerald Wallace,Ronald Murray,Stephen Jackson,Andre Iguodala,Jason Smith,Rodney Carney,Thaddeus Young,Willie Green,4,6:50,CHA,rebound,,,,,,,,,,,,,,,,,,
D.J. Augustin,Derrick Brown,Gerald Wallace,Ronald Murray,Stephen Jackson,Andre Iguodala,Jason Smith,Rodney Carney,Thaddeus Young,Willie Green,4,6:50,CHA,free throw,,,,,,,2,,2,Derrick Brown,,,foul,missed,,,,
D.J. Augustin,Derrick Brown,Gerald Wallace,Raymond Felton,Stephen Jackson,Andre Iguodala,Jason Smith,Rodney Carney,Thaddeus Young,Willie Green,4,6:50,CHA,sub,,,,Raymond Felton,,Ronald Murray,,,,,,,,,,,,
D.J. Augustin,Derrick Brown,Gerald Wallace,Raymond Felton,Stephen Jackson,Andre Iguodala,Jason Smith,Rodney Carney,Thaddeus Young,Willie Green,4,6:49,PHI,rebound,,,,,,,,,,Jason Smith,,,,,,def,,
D.J. Augustin,Derrick Brown,Gerald Wallace,Raymond Felton,Stephen Jackson,Andre Iguodala,Jason Smith,Rodney Carney,Thaddeus Young,Willie Green,4,6:29,PHI,shot,,,,,,,,,,Rodney Carney,,,,missed,,layup,25,6
D.J. Augustin,Derrick Brown,Gerald Wallace,Raymond Felton,Stephen Jackson,Andre Iguodala,Jason Smith,Rodney Carney,Thaddeus Young,Willie Green,4,6:28,CHA,rebound,,,,,,,,,,Derrick Brown,,,,,,def,,
D.J. Augustin,Derrick Brown,Gerald Wallace,Raymond Felton,Stephen Jackson,Andre Iguodala,Jason Smith,Rodney Carney,Thaddeus Young,Willie Green,4,6:18,CHA,shot,D.J. Augustin,,,,,,,,,Stephen Jackson,3,,,made,,3pt,49,4
D.J. Augustin,Derrick Brown,Gerald Wallace,Raymond Felton,Stephen Jackson,Andre Iguodala,Jason Smith,Rodney Carney,Thaddeus Young,Willie Green,4,6:00,PHI,shot,,,,,,,,,,Rodney Carney,,,,missed,,jump,39,9
D.J. Augustin,Derrick Brown,Gerald Wallace,Raymond Felton,Stephen Jackson,Andre Iguodala,Jason Smith,Rodney Carney,Thaddeus Young,Willie Green,4,5:58,CHA,rebound,,,,,,,,,,Gerald Wallace,,,,,,def,,
D.J. Augustin,Derrick Brown,Gerald Wallace,Raymond Felton,Stephen Jackson,Andre Iguodala,Jason Smith,Rodney Carney,Thaddeus Young,Willie Green,4,5:41,PHI,foul,,,,,,,,Stephen Jackson,,Willie Green,,,,,,shooting,,
D.J. Augustin,Derrick Brown,Gerald Wallace,Raymond Felton,Stephen Jackson,Andre Iguodala,Jason Smith,Rodney Carney,Thaddeus Young,Willie Green,4,5:41,PHI,timeout,,,,,,,,,,,,,,,,regular,,
D.J. Augustin,Derrick Brown,Gerald Wallace,Raymond Felton,Stephen Jackson,Andre Iguodala,Jason Smith,Rodney Carney,Thaddeus Young,Willie Green,4,5:41,CHA,free throw,,,,,,,1,,2,Stephen Jackson,,,foul,made,,,,
Boris Diaw,D.J. Augustin,Gerald Wallace,Raymond Felton,Stephen Jackson,Andre Iguodala,Jason Smith,Rodney Carney,Thaddeus Young,Willie Green,4,5:41,CHA,sub,,,,Boris Diaw,,Derrick Brown,,,,,,,,,,,,
Boris Diaw,D.J. Augustin,Gerald Wallace,Raymond Felton,Stephen Jackson,Andre Iguodala,Elton Brand,Rodney Carney,Thaddeus Young,Willie Green,4,5:41,PHI,sub,,,,Elton Brand,,Jason Smith,,,,,,,,,,,,
Boris Diaw,D.J. Augustin,Gerald Wallace,Raymond Felton,Stephen Jackson,Andre Iguodala,Elton Brand,Rodney Carney,Thaddeus Young,Willie Green,4,5:41,CHA,free throw,,,,,,,2,,2,Stephen Jackson,,,foul,made,,,,
Boris Diaw,D.J. Augustin,Gerald Wallace,Raymond Felton,Stephen Jackson,Andre Iguodala,Elton Brand,Rodney Carney,Thaddeus Young,Willie Green,4,5:18,PHI,shot,,,,,,,,,,Elton Brand,,,,missed,,jump,36,17
Boris Diaw,D.J. Augustin,Gerald Wallace,Raymond Felton,Stephen Jackson,Andre Iguodala,Elton Brand,Rodney Carney,Thaddeus Young,Willie Green,4,5:14,CHA,rebound,,,,,,,,,,Gerald Wallace,,,,,,def,,
Boris Diaw,D.J. Augustin,Gerald Wallace,Raymond Felton,Stephen Jackson,Andre Iguodala,Elton Brand,Rodney Carney,Thaddeus Young,Willie Green,4,5:00,CHA,shot,,,,,,,,,,Stephen Jackson,,,,missed,,layup,25,6
Boris Diaw,D.J. Augustin,Gerald Wallace,Raymond Felton,Stephen Jackson,Andre Iguodala,Elton Brand,Rodney Carney,Thaddeus Young,Willie Green,4,5:00,CHA,rebound,,,,,,,,,,,,,,,,,,
Boris Diaw,D.J. Augustin,Gerald Wallace,Raymond Felton,Stephen Jackson,Andre Iguodala,Elton Brand,Lou Williams,Rodney Carney,Thaddeus Young,4,5:00,PHI,sub,,,,Lou Williams,,Willie Green,,,,,,,,,,,,
Boris Diaw,D.J. Augustin,Gerald Wallace,Raymond Felton,Stephen Jackson,Andre Iguodala,Elton Brand,Lou Williams,Rodney Carney,Thaddeus Young,4,4:55,CHA,turnover,,,,,,,,,,Raymond Felton,,,bad pass,,,,,
Boris Diaw,D.J. Augustin,Gerald Wallace,Raymond Felton,Stephen Jackson,Andre Iguodala,Elton Brand,Lou Williams,Rodney Carney,Thaddeus Young,4,4:42,PHI,shot,,,,,,,,,,Andre Iguodala,2,,,made,,step back jump,36,19
Boris Diaw,D.J. Augustin,Gerald Wallace,Raymond Felton,Stephen Jackson,Andre Iguodala,Elton Brand,Lou Williams,Rodney Carney,Thaddeus Young,4,4:22,CHA,shot,,,,,,,,,,Boris Diaw,2,,,made,,finger roll layup,25,6
Boris Diaw,D.J. Augustin,Gerald Wallace,Raymond Felton,Stephen Jackson,Andre Iguodala,Elton Brand,Lou Williams,Rodney Carney,Thaddeus Young,4,4:22,PHI,foul,,,,,,,,Boris Diaw,,Elton Brand,,,,,,shooting,,
Boris Diaw,D.J. Augustin,Gerald Wallace,Raymond Felton,Stephen Jackson,Andre Iguodala,Elton Brand,Lou Williams,Rodney Carney,Thaddeus Young,4,4:22,CHA,free throw,,,,,,,1,,1,Boris Diaw,,,foul,missed,,,,
Boris Diaw,D.J. Augustin,Gerald Wallace,Raymond Felton,Stephen Jackson,Andre Iguodala,Elton Brand,Lou Williams,Rodney Carney,Thaddeus Young,4,4:21,PHI,rebound,,,,,,,,,,Thaddeus Young,,,,,,def,,
Boris Diaw,D.J. Augustin,Gerald Wallace,Raymond Felton,Stephen Jackson,Andre Iguodala,Elton Brand,Lou Williams,Rodney Carney,Thaddeus Young,4,4:05,PHI,shot,,,Gerald Wallace,,,,,,,Elton Brand,,,,missed,,layup,25,6
Boris Diaw,D.J. Augustin,Gerald Wallace,Raymond Felton,Stephen Jackson,Andre Iguodala,Elton Brand,Lou Williams,Rodney Carney,Thaddeus Young,4,4:03,CHA,rebound,,,,,,,,,,Raymond Felton,,,,,,def,,
Boris Diaw,D.J. Augustin,Gerald Wallace,Raymond Felton,Stephen Jackson,Andre Iguodala,Elton Brand,Lou Williams,Rodney Carney,Thaddeus Young,4,3:59,CHA,shot,,,,,,,,,,D.J. Augustin,,,,missed,,3pt,8,26
Boris Diaw,D.J. Augustin,Gerald Wallace,Raymond Felton,Stephen Jackson,Andre Iguodala,Elton Brand,Lou Williams,Rodney Carney,Thaddeus Young,4,3:56,CHA,rebound,,,,,,,,,,Boris Diaw,,,,,,off,,
Boris Diaw,D.J. Augustin,Gerald Wallace,Raymond Felton,Stephen Jackson,Andre Iguodala,Elton Brand,Lou Williams,Rodney Carney,Thaddeus Young,4,3:42,CHA,shot,,,,,,,,,,Stephen Jackson,,,,missed,,3pt,9,27
Boris Diaw,D.J. Augustin,Gerald Wallace,Raymond Felton,Stephen Jackson,Andre Iguodala,Elton Brand,Lou Williams,Rodney Carney,Thaddeus Young,4,3:40,PHI,rebound,,,,,,,,,,Rodney Carney,,,,,,def,,
Boris Diaw,D.J. Augustin,Gerald Wallace,Raymond Felton,Stephen Jackson,Andre Iguodala,Elton Brand,Lou Williams,Rodney Carney,Thaddeus Young,4,3:38,PHI,turnover,,,,,,,,,,Andre Iguodala,,,bad pass,,Stephen Jackson,,,
Boris Diaw,D.J. Augustin,Gerald Wallace,Raymond Felton,Stephen Jackson,Andre Iguodala,Elton Brand,Lou Williams,Rodney Carney,Thaddeus Young,4,3:32,CHA,turnover,,,,,,,,,,Stephen Jackson,,,bad pass,,,,,
Boris Diaw,D.J. Augustin,Gerald Wallace,Raymond Felton,Stephen Jackson,Andre Iguodala,Elton Brand,Lou Williams,Rodney Carney,Thaddeus Young,4,3:18,PHI,shot,,,,,,,,,,Lou Williams,2,,,made,,driving layup,25,6
Boris Diaw,D.J. Augustin,Gerald Wallace,Raymond Felton,Stephen Jackson,Andre Iguodala,Elton Brand,Lou Williams,Rodney Carney,Thaddeus Young,4,3:15,CHA,timeout,,,,,,,,,,,,,,,,regular,,
Boris Diaw,D.J. Augustin,Gerald Wallace,Raymond Felton,Stephen Jackson,Andre Iguodala,Elton Brand,Lou Williams,Rodney Carney,Thaddeus Young,4,2:52,CHA,shot,,,,,,,,,,Stephen Jackson,2,,,made,,jump,34,18
Boris Diaw,D.J. Augustin,Gerald Wallace,Raymond Felton,Stephen Jackson,Andre Iguodala,Elton Brand,Lou Williams,Rodney Carney,Thaddeus Young,4,2:34,PHI,shot,,,,,,,,,,Lou Williams,,,,missed,,jump,26,14
Boris Diaw,D.J. Augustin,Gerald Wallace,Raymond Felton,Stephen Jackson,Andre Iguodala,Elton Brand,Lou Williams,Rodney Carney,Thaddeus Young,4,2:32,CHA,rebound,,,,,,,,,,Gerald Wallace,,,,,,def,,
Boris Diaw,D.J. Augustin,Gerald Wallace,Raymond Felton,Stephen Jackson,Andre Iguodala,Elton Brand,Lou Williams,Rodney Carney,Thaddeus Young,4,2:26,CHA,shot,,,,,,,,,,D.J. Augustin,,,,missed,,3pt,48,6
Boris Diaw,D.J. Augustin,Gerald Wallace,Raymond Felton,Stephen Jackson,Andre Iguodala,Elton Brand,Lou Williams,Rodney Carney,Thaddeus Young,4,2:24,CHA,rebound,,,,,,,,,,Boris Diaw,,,,,,off,,
Boris Diaw,D.J. Augustin,Gerald Wallace,Raymond Felton,Stephen Jackson,Andre Iguodala,Elton Brand,Lou Williams,Rodney Carney,Thaddeus Young,4,2:10,CHA,shot,Gerald Wallace,,,,,,,,,Stephen Jackson,3,,,made,,3pt,3,19
Boris Diaw,D.J. Augustin,Gerald Wallace,Raymond Felton,Stephen Jackson,Andre Iguodala,Elton Brand,Lou Williams,Rodney Carney,Thaddeus Young,4,2:01,CHA,foul,,,,,,,,Lou Williams,,D.J. Augustin,,,,,,personal,,
Boris Diaw,D.J. Augustin,Gerald Wallace,Raymond Felton,Stephen Jackson,Andre Iguodala,Elton Brand,Lou Williams,Rodney Carney,Thaddeus Young,4,1:56,PHI,turnover,,,,,,,,,,Thaddeus Young,,,lost ball,,Stephen Jackson,,,
Boris Diaw,D.J. Augustin,Gerald Wallace,Raymond Felton,Stephen Jackson,Andre Iguodala,Elton Brand,Lou Williams,Rodney Carney,Thaddeus Young,4,1:49,CHA,shot,Stephen Jackson,,,,,,,,,Boris Diaw,2,,,made,,layup,25,6
Boris Diaw,D.J. Augustin,Gerald Wallace,Raymond Felton,Stephen Jackson,Andre Iguodala,Elton Brand,Lou Williams,Rodney Carney,Thaddeus Young,4,1:49,PHI,timeout,,,,,,,,,,,,,,,,regular,,
Boris Diaw,D.J. Augustin,Gerald Wallace,Raymond Felton,Stephen Jackson,Andre Iguodala,Elton Brand,Lou Williams,Rodney Carney,Thaddeus Young,4,1:43,PHI,shot,,,,,,,,,,Andre Iguodala,,,,missed,,jump,15,8
Boris Diaw,D.J. Augustin,Gerald Wallace,Raymond Felton,Stephen Jackson,Andre Iguodala,Elton Brand,Lou Williams,Rodney Carney,Thaddeus Young,4,1:42,CHA,rebound,,,,,,,,,,,,,,,,,,
Boris Diaw,D.J. Augustin,Gerald Wallace,Raymond Felton,Stephen Jackson,Andre Iguodala,Elton Brand,Lou Williams,Rodney Carney,Thaddeus Young,4,1:23,CHA,shot,,,,,,,,,,Stephen Jackson,,,,missed,,jump,16,20
Boris Diaw,D.J. Augustin,Gerald Wallace,Raymond Felton,Stephen Jackson,Andre Iguodala,Elton Brand,Lou Williams,Rodney Carney,Thaddeus Young,4,1:21,CHA,rebound,,,,,,,,,,Stephen Jackson,,,,,,off,,
Boris Diaw,D.J. Augustin,Gerald Wallace,Raymond Felton,Stephen Jackson,Andre Iguodala,Elton Brand,Lou Williams,Rodney Carney,Thaddeus Young,4,0:59,CHA,shot,,,Elton Brand,,,,,,,Raymond Felton,,,,missed,,jump,36,11
Boris Diaw,D.J. Augustin,Gerald Wallace,Raymond Felton,Stephen Jackson,Andre Iguodala,Elton Brand,Lou Williams,Rodney Carney,Thaddeus Young,4,0:56,PHI,rebound,,,,,,,,,,Elton Brand,,,,,,def,,
Boris Diaw,D.J. Augustin,Gerald Wallace,Raymond Felton,Stephen Jackson,Andre Iguodala,Elton Brand,Lou Williams,Rodney Carney,Thaddeus Young,4,0:52,CHA,foul,,,,,,,,Lou Williams,,D.J. Augustin,,,,,,shooting,,
Boris Diaw,D.J. Augustin,Gerald Wallace,Raymond Felton,Stephen Jackson,Andre Iguodala,Elton Brand,Lou Williams,Rodney Carney,Thaddeus Young,4,0:52,PHI,free throw,,,,,,,1,,2,Lou Williams,,,foul,made,,,,
Boris Diaw,D.J. Augustin,Gerald Wallace,Raymond Felton,Stephen Jackson,Andre Iguodala,Elton Brand,Lou Williams,Rodney Carney,Thaddeus Young,4,0:52,PHI,free throw,,,,,,,2,,2,Lou Williams,,,foul,made,,,,
Boris Diaw,D.J. Augustin,Gerald Wallace,Raymond Felton,Stephen Jackson,Andre Iguodala,Elton Brand,Lou Williams,Rodney Carney,Thaddeus Young,4,0:38,CHA,shot,,,,,,,,,,Stephen Jackson,,,,missed,,jump,25,26
Boris Diaw,D.J. Augustin,Gerald Wallace,Raymond Felton,Stephen Jackson,Andre Iguodala,Elton Brand,Lou Williams,Rodney Carney,Thaddeus Young,4,0:36,PHI,rebound,,,,,,,,,,Andre Iguodala,,,,,,def,,
Boris Diaw,D.J. Augustin,Gerald Wallace,Raymond Felton,Stephen Jackson,Andre Iguodala,Elton Brand,Lou Williams,Rodney Carney,Thaddeus Young,4,0:30,CHA,foul,,,,,,,,Andre Iguodala,,Gerald Wallace,,,,,,personal,,
Boris Diaw,D.J. Augustin,Gerald Wallace,Raymond Felton,Stephen Jackson,Andre Iguodala,Elton Brand,Lou Williams,Rodney Carney,Thaddeus Young,4,0:30,PHI,free throw,,,,,,,1,,2,Andre Iguodala,,,foul,missed,,,,
Boris Diaw,D.J. Augustin,Gerald Wallace,Raymond Felton,Stephen Jackson,Andre Iguodala,Elton Brand,Lou Williams,Rodney Carney,Thaddeus Young,4,0:30,PHI,rebound,,,,,,,,,,,,,,,,,,
Boris Diaw,D.J. Augustin,Gerald Wallace,Raymond Felton,Stephen Jackson,Andre Iguodala,Elton Brand,Lou Williams,Rodney Carney,Thaddeus Young,4,0:30,PHI,free throw,,,,,,,2,,2,Andre Iguodala,,,foul,made,,,,
Boris Diaw,D.J. Augustin,Gerald Wallace,Raymond Felton,Stephen Jackson,Andre Iguodala,Elton Brand,Lou Williams,Rodney Carney,Thaddeus Young,4,0:30,CHA,timeout,,,,,,,,,,,,,,,,regular,,
Boris Diaw,D.J. Augustin,Gerald Wallace,Raymond Felton,Stephen Jackson,Andre Iguodala,Elton Brand,Lou Williams,Rodney Carney,Thaddeus Young,4,0:08,CHA,shot,,,,,,,,,,Boris Diaw,,,,missed,,3pt,2,6
Boris Diaw,D.J. Augustin,Gerald Wallace,Raymond Felton,Stephen Jackson,Andre Iguodala,Elton Brand,Lou Williams,Rodney Carney,Thaddeus Young,4,0:06,PHI,rebound,,,,,,,,,,Andre Iguodala,,,,,,def,,
Boris Diaw,D.J. Augustin,Gerald Wallace,Raymond Felton,Stephen Jackson,Andre Iguodala,Elton Brand,Lou Williams,Rodney Carney,Thaddeus Young,4,0:03,PHI,shot,Andre Iguodala,,,,,,,,,Lou Williams,2,,,made,,layup,25,6
Boris Diaw,D.J. Augustin,Gerald Wallace,Raymond Felton,Stephen Jackson,Andre Iguodala,Elton Brand,Lou Williams,Rodney Carney,Thaddeus Young,4,0:03,CHA,timeout,,,,,,,,,,,,,,,,short,,
Boris Diaw,D.J. Augustin,Gerald Wallace,Ronald Murray,Stephen Jackson,Andre Iguodala,Elton Brand,Lou Williams,Rodney Carney,Thaddeus Young,4,0:03,CHA,sub,,,,Ronald Murray,,Raymond Felton,,,,,,,,,,,,
Boris Diaw,D.J. Augustin,Gerald Wallace,Ronald Murray,Stephen Jackson,Andre Iguodala,Elton Brand,Lou Williams,Rodney Carney,Thaddeus Young,4,0:01,CHA,turnover,,,,,,,,,,Ronald Murray,,,bad pass,,Andre Iguodala,,,
