a1,a2,a3,a4,a5,h1,h2,h3,h4,h5,period,time,team,etype,assist,away,block,entered,home,left,num,opponent,outof,player,points,possession,reason,result,steal,type,x,y
Dwyane Wade,Jermaine O'Neal,Mario Chalmers,Michael Beasley,Quentin Richardson,Brandon Rush,Danny Granger,Roy Hibbert,T.J. Ford,Troy Murphy,1,12:00,OFF,jump ball,,Jermaine O'Neal,,,Roy Hibbert,,,,,,,Danny Granger,,,,,,
Dwyane Wade,Jermaine O'Neal,Mario Chalmers,Michael Beasley,Quentin Richardson,Brandon Rush,Danny Granger,Roy Hibbert,T.J. Ford,Troy Murphy,1,11:48,IND,shot,,,,,,,,,,Roy Hibbert,,,,missed,,jump,17,7
Dwyane Wade,Jermaine O'Neal,Mario Chalmers,Michael Beasley,Quentin Richardson,Brandon Rush,Danny Granger,Roy Hibbert,T.J. Ford,Troy Murphy,1,11:47,MIA,rebound,,,,,,,,,,Michael Beasley,,,,,,def,,
Dwyane Wade,Jermaine O'Neal,Mario Chalmers,Michael Beasley,Quentin Richardson,Brandon Rush,Danny Granger,Roy Hibbert,T.J. Ford,Troy Murphy,1,11:30,IND,foul,,,,,,,,Jermaine O'Neal,,Roy Hibbert,,,,,,shooting,,
Dwyane Wade,Jermaine O'Neal,Mario Chalmers,Michael Beasley,Quentin Richardson,Brandon Rush,Danny Granger,Roy Hibbert,T.J. Ford,Troy Murphy,1,11:30,MIA,free throw,,,,,,,1,,2,Jermaine O'Neal,,,foul,made,,,,
Dwyane Wade,Jermaine O'Neal,Mario Chalmers,Michael Beasley,Quentin Richardson,Brandon Rush,Danny Granger,Roy Hibbert,T.J. Ford,Troy Murphy,1,11:30,MIA,free throw,,,,,,,2,,2,Jermaine O'Neal,,,foul,missed,,,,
Dwyane Wade,Jermaine O'Neal,Mario Chalmers,Michael Beasley,Quentin Richardson,Brandon Rush,Danny Granger,Roy Hibbert,T.J. Ford,Troy Murphy,1,11:30,IND,rebound,,,,,,,,,,Troy Murphy,,,,,,def,,
Dwyane Wade,Jermaine O'Neal,Mario Chalmers,Michael Beasley,Quentin Richardson,Brandon Rush,Danny Granger,Roy Hibbert,T.J. Ford,Troy Murphy,1,11:20,IND,shot,,,,,,,,,,Danny Granger,,,,missed,,jump,26,18
Dwyane Wade,Jermaine O'Neal,Mario Chalmers,Michael Beasley,Quentin Richardson,Brandon Rush,Danny Granger,Roy Hibbert,T.J. Ford,Troy Murphy,1,11:19,MIA,rebound,,,,,,,,,,Jermaine O'Neal,,,,,,def,,
Dwyane Wade,Jermaine O'Neal,Mario Chalmers,Michael Beasley,Quentin Richardson,Brandon Rush,Danny Granger,Roy Hibbert,T.J. Ford,Troy Murphy,1,11:04,MIA,shot,,,,,,,,,,Michael Beasley,,,,missed,,jump,22,10
Dwyane Wade,Jermaine O'Neal,Mario Chalmers,Michael Beasley,Quentin Richardson,Brandon Rush,Danny Granger,Roy Hibbert,T.J. Ford,Troy Murphy,1,11:04,MIA,rebound,,,,,,,,,,Michael Beasley,,,,,,off,,
Dwyane Wade,Jermaine O'Neal,Mario Chalmers,Michael Beasley,Quentin Richardson,Brandon Rush,Danny Granger,Roy Hibbert,T.J. Ford,Troy Murphy,1,11:04,MIA,turnover,,,,,,,,,,Michael Beasley,,,traveling,,,,,
Dwyane Wade,Jermaine O'Neal,Mario Chalmers,Michael Beasley,Quentin Richardson,Brandon Rush,Danny Granger,Roy Hibbert,T.J. Ford,Troy Murphy,1,10:49,IND,shot,,,,,,,,,,Brandon Rush,,,,missed,,3pt,1,5
Dwyane Wade,Jermaine O'Neal,Mario Chalmers,Michael Beasley,Quentin Richardson,Brandon Rush,Danny Granger,Roy Hibbert,T.J. Ford,Troy Murphy,1,10:48,IND,rebound,,,,,,,,,,Troy Murphy,,,,,,off,,
Dwyane Wade,Jermaine O'Neal,Mario Chalmers,Michael Beasley,Quentin Richardson,Brandon Rush,Danny Granger,Roy Hibbert,T.J. Ford,Troy Murphy,1,10:44,IND,shot,,,,,,,,,,Danny Granger,,,,missed,,3pt,27,33
Dwyane Wade,Jermaine O'Neal,Mario Chalmers,Michael Beasley,Quentin Richardson,Brandon Rush,Danny Granger,Roy Hibbert,T.J. Ford,Troy Murphy,1,10:43,IND,rebound,,,,,,,,,,Troy Murphy,,,,,,off,,
Dwyane Wade,Jermaine O'Neal,Mario Chalmers,Michael Beasley,Quentin Richardson,Brandon Rush,Danny Granger,Roy Hibbert,T.J. Ford,Troy Murphy,1,10:31,IND,turnover,,,,,,,,,,T.J. Ford,,,bad pass,,Dwyane Wade,,,
Dwyane Wade,Jermaine O'Neal,Mario Chalmers,Michael Beasley,Quentin Richardson,Brandon Rush,Danny Granger,Roy Hibbert,T.J. Ford,Troy Murphy,1,10:26,IND,violation,,,,,,,,,,Roy Hibbert,,,,,,defensive goaltending,,
Dwyane Wade,Jermaine O'Neal,Mario Chalmers,Michael Beasley,Quentin Richardson,Brandon Rush,Danny Granger,Roy Hibbert,T.J. Ford,Troy Murphy,1,10:26,MIA,shot,Dwyane Wade,,,,,,,,,Michael Beasley,2,,,made,,layup,23,6
Dwyane Wade,Jermaine O'Neal,Mario Chalmers,Michael Beasley,Quentin Richardson,Brandon Rush,Danny Granger,Roy Hibbert,T.J. Ford,Troy Murphy,1,10:10,IND,shot,,,,,,,,,,Brandon Rush,2,,,made,,pullup jump,10,7
Dwyane Wade,Jermaine O'Neal,Mario Chalmers,Michael Beasley,Quentin Richardson,Brandon Rush,Danny Granger,Roy Hibbert,T.J. Ford,Troy Murphy,1,9:49,IND,foul,,,,,,,,Jermaine O'Neal,,Roy Hibbert,,,,,,shooting,,
Dwyane Wade,Jermaine O'Neal,Mario Chalmers,Michael Beasley,Quentin Richardson,Brandon Rush,Danny Granger,Roy Hibbert,T.J. Ford,Troy Murphy,1,9:49,MIA,free throw,,,,,,,1,,2,Jermaine O'Neal,,,foul,made,,,,
Dwyane Wade,Jermaine O'Neal,Mario Chalmers,Michael Beasley,Quentin Richardson,Brandon Rush,Danny Granger,Roy Hibbert,T.J. Ford,Troy Murphy,1,9:49,MIA,free throw,,,,,,,2,,2,Jermaine O'Neal,,,foul,made,,,,
Dwyane Wade,Jermaine O'Neal,Mario Chalmers,Michael Beasley,Quentin Richardson,Brandon Rush,Danny Granger,Roy Hibbert,T.J. Ford,Troy Murphy,1,9:37,IND,shot,,,,,,,,,,Troy Murphy,,,,missed,,3pt,13,30
Dwyane Wade,Jermaine O'Neal,Mario Chalmers,Michael Beasley,Quentin Richardson,Brandon Rush,Danny Granger,Roy Hibbert,T.J. Ford,Troy Murphy,1,9:36,MIA,rebound,,,,,,,,,,Jermaine O'Neal,,,,,,def,,
Dwyane Wade,Jermaine O'Neal,Mario Chalmers,Michael Beasley,Quentin Richardson,Brandon Rush,Danny Granger,Roy Hibbert,T.J. Ford,Troy Murphy,1,9:25,MIA,shot,,,,,,,,,,Michael Beasley,,,,missed,,layup,23,7
Dwyane Wade,Jermaine O'Neal,Mario Chalmers,Michael Beasley,Quentin Richardson,Brandon Rush,Danny Granger,Roy Hibbert,T.J. Ford,Troy Murphy,1,9:23,IND,rebound,,,,,,,,,,Troy Murphy,,,,,,def,,
Dwyane Wade,Jermaine O'Neal,Mario Chalmers,Michael Beasley,Quentin Richardson,Brandon Rush,Danny Granger,Roy Hibbert,T.J. Ford,Troy Murphy,1,9:14,IND,shot,,,,,,,,,,T.J. Ford,2,,,made,,pullup jump,17,21
Dwyane Wade,Jermaine O'Neal,Mario Chalmers,Michael Beasley,Quentin Richardson,Brandon Rush,Danny Granger,Roy Hibbert,T.J. Ford,Troy Murphy,1,8:45,MIA,shot,Jermaine O'Neal,,,,,,,,,Quentin Richardson,2,,,made,,jump,13,23
Dwyane Wade,Jermaine O'Neal,Mario Chalmers,Michael Beasley,Quentin Richardson,Brandon Rush,Danny Granger,Roy Hibbert,T.J. Ford,Troy Murphy,1,8:36,IND,shot,,,,,,,,,,T.J. Ford,2,,,made,,fade away jumper,9,6
Dwyane Wade,Jermaine O'Neal,Mario Chalmers,Michael Beasley,Quentin Richardson,Brandon Rush,Danny Granger,Roy Hibbert,T.J. Ford,Troy Murphy,1,8:19,MIA,shot,,,,,,,,,,Dwyane Wade,2,,,made,,jump bank,11,9
Dwyane Wade,Jermaine O'Neal,Mario Chalmers,Michael Beasley,Quentin Richardson,Brandon Rush,Danny Granger,Roy Hibbert,T.J. Ford,Troy Murphy,1,8:19,IND,foul,,,,,,,,Dwyane Wade,,Brandon Rush,,,,,,shooting,,
Dwyane Wade,Jermaine O'Neal,Mario Chalmers,Michael Beasley,Quentin Richardson,Brandon Rush,Danny Granger,Roy Hibbert,T.J. Ford,Troy Murphy,1,8:19,MIA,free throw,,,,,,,1,,1,Dwyane Wade,,,foul,missed,,,,
Dwyane Wade,Jermaine O'Neal,Mario Chalmers,Michael Beasley,Quentin Richardson,Brandon Rush,Danny Granger,Roy Hibbert,T.J. Ford,Troy Murphy,1,8:19,IND,rebound,,,,,,,,,,Troy Murphy,,,,,,def,,
Dwyane Wade,Jermaine O'Neal,Mario Chalmers,Michael Beasley,Quentin Richardson,Brandon Rush,Danny Granger,Roy Hibbert,T.J. Ford,Troy Murphy,1,8:07,IND,turnover,,,,,,,,,,T.J. Ford,,,lost ball,,Mario Chalmers,,,
Dwyane Wade,Jermaine O'Neal,Mario Chalmers,Michael Beasley,Quentin Richardson,Brandon Rush,Danny Granger,Roy Hibbert,T.J. Ford,Troy Murphy,1,8:05,MIA,shot,,,,,,,,,,Mario Chalmers,2,,,made,,driving layup,26,6
Dwyane Wade,Jermaine O'Neal,Mario Chalmers,Michael Beasley,Quentin Richardson,Brandon Rush,Danny Granger,Roy Hibbert,T.J. Ford,Troy Murphy,1,8:05,IND,foul,,,,,,,,Mario Chalmers,,Brandon Rush,,,,,,shooting,,
Dwyane Wade,Jermaine O'Neal,Mario Chalmers,Michael Beasley,Quentin Richardson,Brandon Rush,Danny Granger,Roy Hibbert,T.J. Ford,Troy Murphy,1,8:05,MIA,free throw,,,,,,,1,,1,Mario Chalmers,,,foul,missed,,,,
Dwyane Wade,Jermaine O'Neal,Mario Chalmers,Michael Beasley,Quentin Richardson,Brandon Rush,Danny Granger,Roy Hibbert,T.J. Ford,Troy Murphy,1,8:04,IND,rebound,,,,,,,,,,Brandon Rush,,,,,,def,,
Dwyane Wade,Jermaine O'Neal,Mario Chalmers,Michael Beasley,Quentin Richardson,Brandon Rush,Danny Granger,Roy Hibbert,T.J. Ford,Troy Murphy,1,7:44,IND,shot,,,,,,,,,,Roy Hibbert,,,,missed,,jump,30,8
Dwyane Wade,Jermaine O'Neal,Mario Chalmers,Michael Beasley,Quentin Richardson,Brandon Rush,Danny Granger,Roy Hibbert,T.J. Ford,Troy Murphy,1,7:43,MIA,rebound,,,,,,,,,,Jermaine O'Neal,,,,,,def,,
Dwyane Wade,Jermaine O'Neal,Mario Chalmers,Michael Beasley,Quentin Richardson,Brandon Rush,Danny Granger,Roy Hibbert,T.J. Ford,Troy Murphy,1,7:35,MIA,shot,,,,,,,,,,Jermaine O'Neal,,,,missed,,layup,27,7
Dwyane Wade,Jermaine O'Neal,Mario Chalmers,Michael Beasley,Quentin Richardson,Brandon Rush,Danny Granger,Roy Hibbert,T.J. Ford,Troy Murphy,1,7:34,IND,rebound,,,,,,,,,,Roy Hibbert,,,,,,def,,
Dwyane Wade,Jermaine O'Neal,Mario Chalmers,Michael Beasley,Quentin Richardson,Brandon Rush,Danny Granger,Roy Hibbert,T.J. Ford,Troy Murphy,1,7:24,IND,shot,,,,,,,,,,Brandon Rush,,,,missed,,jump,35,21
Dwyane Wade,Jermaine O'Neal,Mario Chalmers,Michael Beasley,Quentin Richardson,Brandon Rush,Danny Granger,Roy Hibbert,T.J. Ford,Troy Murphy,1,7:23,MIA,rebound,,,,,,,,,,Jermaine O'Neal,,,,,,def,,
Dwyane Wade,Jermaine O'Neal,Mario Chalmers,Michael Beasley,Quentin Richardson,Brandon Rush,Danny Granger,Roy Hibbert,T.J. Ford,Troy Murphy,1,7:03,MIA,shot,,,Brandon Rush,,,,,,,Jermaine O'Neal,,,,missed,,layup,24,7
Dwyane Wade,Jermaine O'Neal,Mario Chalmers,Michael Beasley,Quentin Richardson,Brandon Rush,Danny Granger,Roy Hibbert,T.J. Ford,Troy Murphy,1,7:01,IND,rebound,,,,,,,,,,Troy Murphy,,,,,,def,,
Dwyane Wade,Jermaine O'Neal,Mario Chalmers,Michael Beasley,Quentin Richardson,Brandon Rush,Danny Granger,Roy Hibbert,T.J. Ford,Troy Murphy,1,6:56,IND,shot,Brandon Rush,,,,,,,,,Danny Granger,3,,,made,,3pt,42,27
Dwyane Wade,Jermaine O'Neal,Mario Chalmers,Michael Beasley,Quentin Richardson,Brandon Rush,Danny Granger,Roy Hibbert,T.J. Ford,Troy Murphy,1,6:37,MIA,shot,Quentin Richardson,,,,,,,,,Dwyane Wade,2,,,made,,fade away jumper,34,21
Dwyane Wade,Jermaine O'Neal,Mario Chalmers,Michael Beasley,Quentin Richardson,Brandon Rush,Danny Granger,Roy Hibbert,T.J. Ford,Troy Murphy,1,6:27,IND,shot,,,,,,,,,,T.J. Ford,,,,missed,,3pt,41,28
Dwyane Wade,Jermaine O'Neal,Mario Chalmers,Michael Beasley,Quentin Richardson,Brandon Rush,Danny Granger,Roy Hibbert,T.J. Ford,Troy Murphy,1,6:26,MIA,rebound,,,,,,,,,,Michael Beasley,,,,,,def,,
Dwyane Wade,Jermaine O'Neal,Mario Chalmers,Michael Beasley,Quentin Richardson,Brandon Rush,Danny Granger,Roy Hibbert,T.J. Ford,Troy Murphy,1,6:19,IND,foul,,,,,,,,Mario Chalmers,,T.J. Ford,,,,,,personal,,
Dwyane Wade,Jermaine O'Neal,Mario Chalmers,Michael Beasley,Quentin Richardson,Brandon Rush,Danny Granger,Roy Hibbert,T.J. Ford,Troy Murphy,1,6:19,MIA,free throw,,,,,,,1,,2,Mario Chalmers,,,foul,made,,,,
Dwyane Wade,Jermaine O'Neal,Mario Chalmers,Michael Beasley,Quentin Richardson,Dahntay Jones,Danny Granger,Roy Hibbert,T.J. Ford,Troy Murphy,1,6:19,IND,sub,,,,Dahntay Jones,,Brandon Rush,,,,,,,,,,,,
Dwyane Wade,Jermaine O'Neal,Mario Chalmers,Michael Beasley,Quentin Richardson,Dahntay Jones,Danny Granger,Solomon Jones,T.J. Ford,Troy Murphy,1,6:19,IND,sub,,,,Solomon Jones,,Roy Hibbert,,,,,,,,,,,,
Dwyane Wade,Jermaine O'Neal,Mario Chalmers,Michael Beasley,Quentin Richardson,Dahntay Jones,Danny Granger,Solomon Jones,T.J. Ford,Troy Murphy,1,6:19,MIA,free throw,,,,,,,2,,2,Mario Chalmers,,,foul,made,,,,
Dwyane Wade,Jermaine O'Neal,Mario Chalmers,Michael Beasley,Quentin Richardson,Dahntay Jones,Danny Granger,Solomon Jones,T.J. Ford,Troy Murphy,1,5:59,IND,shot,,,,,,,,,,T.J. Ford,,,,missed,,layup,25,6
Dwyane Wade,Jermaine O'Neal,Mario Chalmers,Michael Beasley,Quentin Richardson,Dahntay Jones,Danny Granger,Solomon Jones,T.J. Ford,Troy Murphy,1,5:58,MIA,rebound,,,,,,,,,,Michael Beasley,,,,,,def,,
Dwyane Wade,Jermaine O'Neal,Mario Chalmers,Michael Beasley,Quentin Richardson,Dahntay Jones,Danny Granger,Solomon Jones,T.J. Ford,Troy Murphy,1,5:50,MIA,shot,,,,,,,,,,Dwyane Wade,,,,missed,,3pt,8,25
Dwyane Wade,Jermaine O'Neal,Mario Chalmers,Michael Beasley,Quentin Richardson,Dahntay Jones,Danny Granger,Solomon Jones,T.J. Ford,Troy Murphy,1,5:49,IND,rebound,,,,,,,,,,Solomon Jones,,,,,,def,,
Dwyane Wade,Jermaine O'Neal,Mario Chalmers,Michael Beasley,Quentin Richardson,Dahntay Jones,Danny Granger,Solomon Jones,T.J. Ford,Troy Murphy,1,5:36,IND,shot,,,,,,,,,,Troy Murphy,,,,missed,,jump,26,3
Dwyane Wade,Jermaine O'Neal,Mario Chalmers,Michael Beasley,Quentin Richardson,Dahntay Jones,Danny Granger,Solomon Jones,T.J. Ford,Troy Murphy,1,5:36,IND,rebound,,,,,,,,,,Troy Murphy,,,,,,off,,
Dwyane Wade,Jermaine O'Neal,Mario Chalmers,Michael Beasley,Quentin Richardson,Dahntay Jones,Danny Granger,Solomon Jones,T.J. Ford,Troy Murphy,1,5:32,IND,shot,Troy Murphy,,,,,,,,,Solomon Jones,2,,,made,,jump,40,12
Dwyane Wade,Jermaine O'Neal,Mario Chalmers,Michael Beasley,Quentin Richardson,Dahntay Jones,Danny Granger,Solomon Jones,T.J. Ford,Troy Murphy,1,5:12,IND,foul,,,,,,,,Jermaine O'Neal,,Solomon Jones,,,,,,shooting,,
Dwyane Wade,Jermaine O'Neal,Mario Chalmers,Michael Beasley,Quentin Richardson,Dahntay Jones,Danny Granger,Solomon Jones,T.J. Ford,Troy Murphy,1,5:12,IND,timeout,,,,,,,,,,,,,,,,regular,,
Dwyane Wade,Jermaine O'Neal,Mario Chalmers,Michael Beasley,Quentin Richardson,Dahntay Jones,Danny Granger,Jeff Foster,Solomon Jones,T.J. Ford,1,5:12,IND,sub,,,,Jeff Foster,,Troy Murphy,,,,,,,,,,,,
Dwyane Wade,Jermaine O'Neal,Mario Chalmers,Quentin Richardson,Udonis Haslem,Dahntay Jones,Danny Granger,Jeff Foster,Solomon Jones,T.J. Ford,1,5:12,MIA,sub,,,,Udonis Haslem,,Michael Beasley,,,,,,,,,,,,
Dwyane Wade,Jermaine O'Neal,Mario Chalmers,Quentin Richardson,Udonis Haslem,Dahntay Jones,Danny Granger,Jeff Foster,Solomon Jones,T.J. Ford,1,5:12,MIA,free throw,,,,,,,1,,2,Jermaine O'Neal,,,foul,made,,,,
Dwyane Wade,Jermaine O'Neal,Mario Chalmers,Quentin Richardson,Udonis Haslem,Dahntay Jones,Danny Granger,Jeff Foster,Solomon Jones,T.J. Ford,1,5:12,MIA,free throw,,,,,,,2,,2,Jermaine O'Neal,,,foul,made,,,,
Dwyane Wade,Jermaine O'Neal,Mario Chalmers,Quentin Richardson,Udonis Haslem,Dahntay Jones,Danny Granger,Jeff Foster,Solomon Jones,T.J. Ford,1,4:53,MIA,foul,,,,,,,,Danny Granger,,Quentin Richardson,,,,,,shooting,,
Dwyane Wade,Jermaine O'Neal,Mario Chalmers,Quentin Richardson,Udonis Haslem,Dahntay Jones,Danny Granger,Jeff Foster,Solomon Jones,T.J. Ford,1,4:53,IND,free throw,,,,,,,1,,2,Danny Granger,,,foul,made,,,,
Dwyane Wade,Jermaine O'Neal,Mario Chalmers,Quentin Richardson,Udonis Haslem,Dahntay Jones,Danny Granger,Jeff Foster,Solomon Jones,T.J. Ford,1,4:53,IND,free throw,,,,,,,2,,2,Danny Granger,,,foul,made,,,,
Dwyane Wade,Jermaine O'Neal,Mario Chalmers,Quentin Richardson,Udonis Haslem,Dahntay Jones,Danny Granger,Jeff Foster,Solomon Jones,T.J. Ford,1,4:42,IND,violation,,,,,,,,,,T.J. Ford,,,,,,kicked ball,,
Dwyane Wade,Jermaine O'Neal,Mario Chalmers,Quentin Richardson,Udonis Haslem,Dahntay Jones,Danny Granger,Jeff Foster,Solomon Jones,T.J. Ford,1,4:34,MIA,shot,Mario Chalmers,,,,,,,,,Dwyane Wade,2,,,made,,pullup jump,32,23
Dwyane Wade,Jermaine O'Neal,Mario Chalmers,Quentin Richardson,Udonis Haslem,Dahntay Jones,Danny Granger,Jeff Foster,Solomon Jones,T.J. Ford,1,4:14,IND,shot,,,,,,,,,,Danny Granger,,,,missed,,jump,28,25
Dwyane Wade,Jermaine O'Neal,Mario Chalmers,Quentin Richardson,Udonis Haslem,Dahntay Jones,Danny Granger,Jeff Foster,Solomon Jones,T.J. Ford,1,4:12,MIA,rebound,,,,,,,,,,Udonis Haslem,,,,,,def,,
Dwyane Wade,Jermaine O'Neal,Mario Chalmers,Quentin Richardson,Udonis Haslem,Dahntay Jones,Danny Granger,Jeff Foster,Solomon Jones,T.J. Ford,1,3:57,MIA,shot,,,,,,,,,,Udonis Haslem,,,,missed,,jump,25,22
Dwyane Wade,Jermaine O'Neal,Mario Chalmers,Quentin Richardson,Udonis Haslem,Dahntay Jones,Danny Granger,Jeff Foster,Solomon Jones,T.J. Ford,1,3:56,IND,rebound,,,,,,,,,,Jeff Foster,,,,,,def,,
Dwyane Wade,Jermaine O'Neal,Mario Chalmers,Quentin Richardson,Udonis Haslem,Dahntay Jones,Danny Granger,Jeff Foster,Solomon Jones,T.J. Ford,1,3:49,IND,shot,,,,,,,,,,T.J. Ford,,,,missed,,jump,14,7
Dwyane Wade,Jermaine O'Neal,Mario Chalmers,Quentin Richardson,Udonis Haslem,Dahntay Jones,Danny Granger,Jeff Foster,Solomon Jones,T.J. Ford,1,3:49,IND,rebound,,,,,,,,,,,,,,,,,,
Dwyane Wade,Joel Anthony,Mario Chalmers,Quentin Richardson,Udonis Haslem,Dahntay Jones,Danny Granger,Jeff Foster,Solomon Jones,T.J. Ford,1,3:48,MIA,sub,,,,Joel Anthony,,Jermaine O'Neal,,,,,,,,,,,,
Dwyane Wade,Joel Anthony,Mario Chalmers,Quentin Richardson,Udonis Haslem,Dahntay Jones,Danny Granger,Jeff Foster,Solomon Jones,T.J. Ford,1,3:33,IND,shot,,,,,,,,,,Danny Granger,,,,missed,,layup,27,7
Dwyane Wade,Joel Anthony,Mario Chalmers,Quentin Richardson,Udonis Haslem,Dahntay Jones,Danny Granger,Jeff Foster,Solomon Jones,T.J. Ford,1,3:33,IND,rebound,,,,,,,,,,,,,,,,,,
Dwyane Wade,Joel Anthony,Mario Chalmers,Quentin Richardson,Udonis Haslem,Dahntay Jones,Danny Granger,Jeff Foster,Solomon Jones,T.J. Ford,1,3:33,MIA,foul,,,,,,,,Jeff Foster,,Udonis Haslem,,,,,,loose ball,,
Dwyane Wade,Joel Anthony,Mario Chalmers,Quentin Richardson,Udonis Haslem,Dahntay Jones,Danny Granger,Jeff Foster,Solomon Jones,T.J. Ford,1,3:26,MIA,foul,,,,,,,,Danny Granger,,Quentin Richardson,,,,,,shooting,,
Daequan Cook,Dwyane Wade,Joel Anthony,Mario Chalmers,Udonis Haslem,Dahntay Jones,Danny Granger,Jeff Foster,Solomon Jones,T.J. Ford,1,3:26,MIA,sub,,,,Daequan Cook,,Quentin Richardson,,,,,,,,,,,,
Daequan Cook,Dwyane Wade,Joel Anthony,Mario Chalmers,Udonis Haslem,Dahntay Jones,Danny Granger,Earl Watson,Jeff Foster,Solomon Jones,1,3:26,IND,sub,,,,Earl Watson,,T.J. Ford,,,,,,,,,,,,
Daequan Cook,Dwyane Wade,Joel Anthony,Mario Chalmers,Udonis Haslem,Dahntay Jones,Danny Granger,Earl Watson,Jeff Foster,Solomon Jones,1,3:26,IND,free throw,,,,,,,1,,3,Danny Granger,,,foul,made,,,,
Daequan Cook,Dwyane Wade,Joel Anthony,Mario Chalmers,Udonis Haslem,Dahntay Jones,Danny Granger,Earl Watson,Jeff Foster,Solomon Jones,1,3:26,IND,free throw,,,,,,,2,,3,Danny Granger,,,foul,made,,,,
Daequan Cook,Dwyane Wade,Joel Anthony,Mario Chalmers,Udonis Haslem,Dahntay Jones,Danny Granger,Earl Watson,Jeff Foster,Solomon Jones,1,3:26,IND,free throw,,,,,,,3,,3,Danny Granger,,,foul,made,,,,
Daequan Cook,Dwyane Wade,Joel Anthony,Mario Chalmers,Udonis Haslem,Dahntay Jones,Danny Granger,Earl Watson,Jeff Foster,Solomon Jones,1,3:05,MIA,shot,Mario Chalmers,,,,,,,,,Joel Anthony,2,,,made,,layup,25,8
Daequan Cook,Dwyane Wade,Joel Anthony,Mario Chalmers,Udonis Haslem,Dahntay Jones,Danny Granger,Earl Watson,Jeff Foster,Solomon Jones,1,3:00,IND,turnover,,,,,,,,,,Earl Watson,,,bad pass,,,,,
Daequan Cook,Dwyane Wade,Joel Anthony,Mario Chalmers,Udonis Haslem,Dahntay Jones,Danny Granger,Earl Watson,Jeff Foster,Solomon Jones,1,2:40,MIA,shot,,,,,,,,,,Daequan Cook,,,,missed,,jump,13,21
Daequan Cook,Dwyane Wade,Joel Anthony,Mario Chalmers,Udonis Haslem,Dahntay Jones,Danny Granger,Earl Watson,Jeff Foster,Solomon Jones,1,2:39,IND,rebound,,,,,,,,,,Solomon Jones,,,,,,def,,
Daequan Cook,Dwyane Wade,Joel Anthony,Mario Chalmers,Udonis Haslem,Dahntay Jones,Danny Granger,Earl Watson,Jeff Foster,Solomon Jones,1,2:29,IND,shot,,,,,,,,,,Dahntay Jones,,,,missed,,jump,37,21
Daequan Cook,Dwyane Wade,Joel Anthony,Mario Chalmers,Udonis Haslem,Dahntay Jones,Danny Granger,Earl Watson,Jeff Foster,Solomon Jones,1,2:28,MIA,rebound,,,,,,,,,,Udonis Haslem,,,,,,def,,
Daequan Cook,Dwyane Wade,Joel Anthony,Mario Chalmers,Udonis Haslem,Dahntay Jones,Danny Granger,Earl Watson,Jeff Foster,Solomon Jones,1,2:21,MIA,shot,Mario Chalmers,,,,,,,,,Udonis Haslem,2,,,made,,driving slam dunk,24,5
Daequan Cook,Dwyane Wade,Joel Anthony,Mario Chalmers,Udonis Haslem,Dahntay Jones,Danny Granger,Earl Watson,Jeff Foster,Solomon Jones,1,2:05,IND,turnover,,,,,,,,,,Solomon Jones,,,bad pass,,Dwyane Wade,,,
Daequan Cook,Dwyane Wade,Joel Anthony,Mario Chalmers,Udonis Haslem,Dahntay Jones,Danny Granger,Earl Watson,Jeff Foster,Solomon Jones,1,1:59,MIA,shot,Dwyane Wade,,,,,,,,,Daequan Cook,3,,,made,,3pt,41,28
Daequan Cook,Dwyane Wade,Joel Anthony,Mario Chalmers,Udonis Haslem,Dahntay Jones,Danny Granger,Earl Watson,Jeff Foster,Solomon Jones,1,1:48,IND,shot,,,,,,,,,,Danny Granger,,,,missed,,3pt,20,32
Daequan Cook,Dwyane Wade,Joel Anthony,Mario Chalmers,Udonis Haslem,Dahntay Jones,Danny Granger,Earl Watson,Jeff Foster,Solomon Jones,1,1:47,IND,rebound,,,,,,,,,,Solomon Jones,,,,,,off,,
Daequan Cook,Dwyane Wade,Joel Anthony,Mario Chalmers,Udonis Haslem,Dahntay Jones,Danny Granger,Earl Watson,Jeff Foster,Solomon Jones,1,1:44,IND,timeout,,,,,,,,,,,,,,,,short,,
Daequan Cook,Dwyane Wade,Joel Anthony,Mario Chalmers,Udonis Haslem,Dahntay Jones,Danny Granger,Earl Watson,Jeff Foster,Solomon Jones,1,1:44,MIA,timeout,,,,,,,,,,,,,,,,regular,,
Daequan Cook,Dwyane Wade,Joel Anthony,Mario Chalmers,Udonis Haslem,Dahntay Jones,Danny Granger,Earl Watson,Solomon Jones,Troy Murphy,1,1:44,IND,sub,,,,Troy Murphy,,Jeff Foster,,,,,,,,,,,,
Carlos Arroyo,Daequan Cook,Dwyane Wade,Joel Anthony,Udonis Haslem,Dahntay Jones,Danny Granger,Earl Watson,Solomon Jones,Troy Murphy,1,1:44,MIA,sub,,,,Carlos Arroyo,,Mario Chalmers,,,,,,,,,,,,
Carlos Arroyo,Daequan Cook,Dwyane Wade,Joel Anthony,Udonis Haslem,Dahntay Jones,Danny Granger,Earl Watson,Solomon Jones,Troy Murphy,1,1:37,IND,shot,,,,,,,,,,Troy Murphy,,,,missed,,3pt,29,31
Carlos Arroyo,Daequan Cook,Dwyane Wade,Joel Anthony,Udonis Haslem,Dahntay Jones,Danny Granger,Earl Watson,Solomon Jones,Troy Murphy,1,1:36,MIA,rebound,,,,,,,,,,Udonis Haslem,,,,,,def,,
Carlos Arroyo,Daequan Cook,Dwyane Wade,Joel Anthony,Udonis Haslem,Dahntay Jones,Danny Granger,Earl Watson,Solomon Jones,Troy Murphy,1,1:19,MIA,shot,,,,,,,,,,Dwyane Wade,2,,,made,,fade away jumper,34,22
Carlos Arroyo,Daequan Cook,Dwyane Wade,Joel Anthony,Udonis Haslem,Dahntay Jones,Danny Granger,Earl Watson,Solomon Jones,Troy Murphy,1,0:54,IND,shot,,,,,,,,,,Dahntay Jones,,,,missed,,jump,23,9
Carlos Arroyo,Daequan Cook,Dwyane Wade,Joel Anthony,Udonis Haslem,Dahntay Jones,Danny Granger,Earl Watson,Solomon Jones,Troy Murphy,1,0:53,IND,rebound,,,,,,,,,,Solomon Jones,,,,,,off,,
Carlos Arroyo,Daequan Cook,Dwyane Wade,Joel Anthony,Udonis Haslem,Dahntay Jones,Danny Granger,Earl Watson,Solomon Jones,Troy Murphy,1,0:53,IND,turnover,,,,,,,,,,,,,shot clock turnover,,,,,
Carlos Arroyo,Daequan Cook,Dwyane Wade,Joel Anthony,Udonis Haslem,Dahntay Jones,Danny Granger,Earl Watson,Solomon Jones,Troy Murphy,1,0:28,MIA,shot,,,,,,,,,,Daequan Cook,,,,missed,,jump,26,25
Carlos Arroyo,Daequan Cook,Dwyane Wade,Joel Anthony,Udonis Haslem,Dahntay Jones,Danny Granger,Earl Watson,Solomon Jones,Troy Murphy,1,0:27,IND,rebound,,,,,,,,,,Troy Murphy,,,,,,def,,
Carlos Arroyo,Daequan Cook,Dwyane Wade,Joel Anthony,Udonis Haslem,Dahntay Jones,Danny Granger,Earl Watson,Solomon Jones,Troy Murphy,1,0:04,IND,shot,,,Dwyane Wade,,,,,,,Danny Granger,,,,missed,,3pt,11,28
Carlos Arroyo,Daequan Cook,Dwyane Wade,Joel Anthony,Udonis Haslem,Dahntay Jones,Danny Granger,Earl Watson,Solomon Jones,Troy Murphy,1,0:04,IND,rebound,,,,,,,,,,Troy Murphy,,,,,,off,,
Carlos Arroyo,Daequan Cook,Dwyane Wade,Joel Anthony,Udonis Haslem,Dahntay Jones,Danny Granger,Earl Watson,Solomon Jones,Troy Murphy,1,0:04,IND,shot,,,,,,,,,,Danny Granger,,,,missed,,3pt,11,28
Carlos Arroyo,Daequan Cook,Dwyane Wade,Joel Anthony,Udonis Haslem,Dahntay Jones,Danny Granger,Earl Watson,Solomon Jones,Troy Murphy,1,0:04,IND,rebound,,,,,,,,,,,,,,,,,,
Carlos Arroyo,Daequan Cook,Dwyane Wade,Joel Anthony,Udonis Haslem,Dahntay Jones,Danny Granger,Earl Watson,Solomon Jones,Troy Murphy,1,0:04,IND,turnover,,,,,,,,,,,,,shot clock turnover,,,,,
Carlos Arroyo,Daequan Cook,Dwyane Wade,Joel Anthony,Udonis Haslem,Dahntay Jones,Danny Granger,Earl Watson,Solomon Jones,Troy Murphy,1,0:03,MIA,shot,,,,,,,,,,Daequan Cook,,,,missed,,3pt,41,28
Carlos Arroyo,Daequan Cook,Dwyane Wade,Joel Anthony,Udonis Haslem,Dahntay Jones,Danny Granger,Earl Watson,Solomon Jones,Troy Murphy,1,0:00,MIA,rebound,,,,,,,,,,,,,,,,,,
Carlos Arroyo,Daequan Cook,Joel Anthony,Michael Beasley,Udonis Haslem,Dahntay Jones,Earl Watson,Luther Head,Solomon Jones,Troy Murphy,2,11:47,MIA,turnover,,,,,,,,,,Udonis Haslem,,,bad pass,,,,,
Carlos Arroyo,Daequan Cook,Joel Anthony,Michael Beasley,Udonis Haslem,Dahntay Jones,Earl Watson,Luther Head,Solomon Jones,Troy Murphy,2,11:33,IND,shot,,,,,,,,,,Dahntay Jones,,,,missed,,layup,25,6
Carlos Arroyo,Daequan Cook,Joel Anthony,Michael Beasley,Udonis Haslem,Dahntay Jones,Earl Watson,Luther Head,Solomon Jones,Troy Murphy,2,11:32,MIA,rebound,,,,,,,,,,Joel Anthony,,,,,,def,,
Carlos Arroyo,Daequan Cook,Joel Anthony,Michael Beasley,Udonis Haslem,Dahntay Jones,Earl Watson,Luther Head,Solomon Jones,Troy Murphy,2,11:18,MIA,shot,,,,,,,,,,Carlos Arroyo,,,,missed,,jump,36,21
Carlos Arroyo,Daequan Cook,Joel Anthony,Michael Beasley,Udonis Haslem,Dahntay Jones,Earl Watson,Luther Head,Solomon Jones,Troy Murphy,2,11:17,IND,rebound,,,,,,,,,,Earl Watson,,,,,,def,,
Carlos Arroyo,Daequan Cook,Joel Anthony,Michael Beasley,Udonis Haslem,Dahntay Jones,Earl Watson,Luther Head,Solomon Jones,Troy Murphy,2,11:11,IND,shot,,,,,,,,,,Luther Head,,,,missed,,3pt,41,26
Carlos Arroyo,Daequan Cook,Joel Anthony,Michael Beasley,Udonis Haslem,Dahntay Jones,Earl Watson,Luther Head,Solomon Jones,Troy Murphy,2,11:08,MIA,rebound,,,,,,,,,,Daequan Cook,,,,,,def,,
Carlos Arroyo,Daequan Cook,Joel Anthony,Michael Beasley,Udonis Haslem,Dahntay Jones,Earl Watson,Luther Head,Solomon Jones,Troy Murphy,2,10:57,MIA,turnover,,,,,,,,,,Udonis Haslem,,,traveling,,,,,
Carlos Arroyo,Daequan Cook,Joel Anthony,Michael Beasley,Udonis Haslem,Dahntay Jones,Earl Watson,Luther Head,Solomon Jones,Troy Murphy,2,10:40,MIA,foul,,,,,,,,Troy Murphy,,Joel Anthony,,,,,,shooting,,
Carlos Arroyo,Daequan Cook,Joel Anthony,Michael Beasley,Udonis Haslem,Dahntay Jones,Earl Watson,Luther Head,Solomon Jones,Troy Murphy,2,10:40,IND,free throw,,,,,,,1,,2,Troy Murphy,,,foul,made,,,,
Carlos Arroyo,Daequan Cook,Joel Anthony,Michael Beasley,Udonis Haslem,Dahntay Jones,Earl Watson,Luther Head,Solomon Jones,Troy Murphy,2,10:40,IND,free throw,,,,,,,2,,2,Troy Murphy,,,foul,made,,,,
Carlos Arroyo,Daequan Cook,Joel Anthony,Michael Beasley,Udonis Haslem,Dahntay Jones,Earl Watson,Luther Head,Solomon Jones,Troy Murphy,2,10:24,MIA,shot,,,,,,,,,,Michael Beasley,2,,,made,,layup,25,6
Carlos Arroyo,Daequan Cook,Joel Anthony,Michael Beasley,Udonis Haslem,Dahntay Jones,Earl Watson,Luther Head,Solomon Jones,Troy Murphy,2,10:05,IND,shot,Solomon Jones,,,,,,,,,Earl Watson,2,,,made,,jump,38,21
Carlos Arroyo,Daequan Cook,Joel Anthony,Michael Beasley,Udonis Haslem,Dahntay Jones,Earl Watson,Luther Head,Solomon Jones,Troy Murphy,2,9:48,IND,foul,,,,,,,,,,Troy Murphy,,,,,,defense 3 second,,
Carlos Arroyo,Daequan Cook,Joel Anthony,Michael Beasley,Udonis Haslem,Dahntay Jones,Earl Watson,Luther Head,Solomon Jones,Troy Murphy,2,9:48,MIA,free throw,,,,,,,1,,1,Daequan Cook,,,technical,made,,,,
Carlos Arroyo,Daequan Cook,Joel Anthony,Michael Beasley,Udonis Haslem,Dahntay Jones,Earl Watson,Luther Head,Solomon Jones,Troy Murphy,2,9:37,MIA,shot,,,,,,,,,,Daequan Cook,,,,missed,,3pt,35,31
Carlos Arroyo,Daequan Cook,Joel Anthony,Michael Beasley,Udonis Haslem,Dahntay Jones,Earl Watson,Luther Head,Solomon Jones,Troy Murphy,2,9:35,IND,rebound,,,,,,,,,,Troy Murphy,,,,,,def,,
Carlos Arroyo,Daequan Cook,Joel Anthony,Michael Beasley,Udonis Haslem,Dahntay Jones,Earl Watson,Luther Head,Solomon Jones,Troy Murphy,2,9:21,MIA,foul,,,,,,,,Dahntay Jones,,Michael Beasley,,,,,,shooting,,
Carlos Arroyo,Daequan Cook,Joel Anthony,Michael Beasley,Udonis Haslem,Dahntay Jones,Earl Watson,Luther Head,Solomon Jones,Troy Murphy,2,9:21,IND,free throw,,,,,,,1,,2,Dahntay Jones,,,foul,made,,,,
Carlos Arroyo,Daequan Cook,Joel Anthony,Michael Beasley,Udonis Haslem,Dahntay Jones,Earl Watson,Luther Head,Solomon Jones,Troy Murphy,2,9:21,IND,free throw,,,,,,,2,,2,Dahntay Jones,,,foul,made,,,,
Carlos Arroyo,Daequan Cook,Joel Anthony,Michael Beasley,Udonis Haslem,Dahntay Jones,Earl Watson,Luther Head,Solomon Jones,Troy Murphy,2,9:12,IND,foul,,,,,,,,Joel Anthony,,Solomon Jones,,,,,,shooting,,
Carlos Arroyo,Daequan Cook,Joel Anthony,Michael Beasley,Udonis Haslem,Dahntay Jones,Earl Watson,Luther Head,Solomon Jones,Troy Murphy,2,9:12,MIA,free throw,,,,,,,1,,2,Joel Anthony,,,foul,made,,,,
Carlos Arroyo,Daequan Cook,Joel Anthony,Michael Beasley,Udonis Haslem,Dahntay Jones,Earl Watson,Luther Head,Roy Hibbert,Troy Murphy,2,9:12,IND,sub,,,,Roy Hibbert,,Solomon Jones,,,,,,,,,,,,
Carlos Arroyo,Daequan Cook,Joel Anthony,Michael Beasley,Udonis Haslem,Dahntay Jones,Earl Watson,Luther Head,Roy Hibbert,Troy Murphy,2,9:12,MIA,free throw,,,,,,,2,,2,Joel Anthony,,,foul,made,,,,
Carlos Arroyo,Daequan Cook,Joel Anthony,Michael Beasley,Udonis Haslem,Dahntay Jones,Earl Watson,Luther Head,Roy Hibbert,Troy Murphy,2,9:01,MIA,foul,,,,,,,,,,Carlos Arroyo,,,,,,defense 3 second,,
Carlos Arroyo,Daequan Cook,Joel Anthony,Michael Beasley,Udonis Haslem,Dahntay Jones,Earl Watson,Luther Head,Roy Hibbert,Troy Murphy,2,9:01,IND,free throw,,,,,,,1,,1,Luther Head,,,technical,made,,,,
Carlos Arroyo,Daequan Cook,Joel Anthony,Michael Beasley,Udonis Haslem,Dahntay Jones,Earl Watson,Luther Head,Roy Hibbert,Troy Murphy,2,8:52,IND,shot,,,,,,,,,,Dahntay Jones,,,,missed,,layup,24,6
Carlos Arroyo,Daequan Cook,Joel Anthony,Michael Beasley,Udonis Haslem,Dahntay Jones,Earl Watson,Luther Head,Roy Hibbert,Troy Murphy,2,8:51,IND,rebound,,,,,,,,,,Roy Hibbert,,,,,,off,,
Carlos Arroyo,Daequan Cook,Joel Anthony,Michael Beasley,Udonis Haslem,Dahntay Jones,Earl Watson,Luther Head,Roy Hibbert,Troy Murphy,2,8:50,IND,shot,,,,,,,,,,Roy Hibbert,,,,missed,,tip,25,7
Carlos Arroyo,Daequan Cook,Joel Anthony,Michael Beasley,Udonis Haslem,Dahntay Jones,Earl Watson,Luther Head,Roy Hibbert,Troy Murphy,2,8:49,MIA,rebound,,,,,,,,,,Udonis Haslem,,,,,,def,,
Carlos Arroyo,Daequan Cook,Joel Anthony,Michael Beasley,Udonis Haslem,Dahntay Jones,Earl Watson,Luther Head,Roy Hibbert,Troy Murphy,2,8:41,MIA,shot,,,,,,,,,,Carlos Arroyo,,,,missed,,jump,17,21
Carlos Arroyo,Daequan Cook,Joel Anthony,Michael Beasley,Udonis Haslem,Dahntay Jones,Earl Watson,Luther Head,Roy Hibbert,Troy Murphy,2,8:40,MIA,rebound,,,,,,,,,,Joel Anthony,,,,,,off,,
Carlos Arroyo,Daequan Cook,Joel Anthony,Michael Beasley,Udonis Haslem,Dahntay Jones,Earl Watson,Luther Head,Roy Hibbert,Troy Murphy,2,8:19,MIA,shot,,,Earl Watson,,,,,,,Daequan Cook,,,,missed,,jump,44,6
Carlos Arroyo,Daequan Cook,Joel Anthony,Michael Beasley,Udonis Haslem,Dahntay Jones,Earl Watson,Luther Head,Roy Hibbert,Troy Murphy,2,8:17,IND,rebound,,,,,,,,,,Troy Murphy,,,,,,def,,
Carlos Arroyo,Daequan Cook,Joel Anthony,Michael Beasley,Udonis Haslem,Dahntay Jones,Earl Watson,Luther Head,Roy Hibbert,Troy Murphy,2,8:04,IND,shot,Earl Watson,,,,,,,,,Troy Murphy,2,,,made,,jump,10,6
Carlos Arroyo,Daequan Cook,Joel Anthony,Michael Beasley,Udonis Haslem,Dahntay Jones,Earl Watson,Luther Head,Roy Hibbert,Troy Murphy,2,7:46,IND,foul,,,,,,,,Michael Beasley,,Dahntay Jones,,,,,,shooting,,
Carlos Arroyo,Daequan Cook,Joel Anthony,Michael Beasley,Udonis Haslem,Dahntay Jones,Earl Watson,Luther Head,Roy Hibbert,Troy Murphy,2,7:46,MIA,timeout,,,,,,,,,,,,,,,,official,,
Carlos Arroyo,Daequan Cook,Joel Anthony,Michael Beasley,Udonis Haslem,Danny Granger,Earl Watson,Luther Head,Roy Hibbert,Troy Murphy,2,7:46,IND,sub,,,,Danny Granger,,Dahntay Jones,,,,,,,,,,,,
Carlos Arroyo,Daequan Cook,Joel Anthony,Michael Beasley,Udonis Haslem,Danny Granger,Earl Watson,Luther Head,Roy Hibbert,Troy Murphy,2,7:46,MIA,free throw,,,,,,,1,,2,Michael Beasley,,,foul,made,,,,
Carlos Arroyo,Daequan Cook,Joel Anthony,Michael Beasley,Udonis Haslem,Danny Granger,Earl Watson,Luther Head,Roy Hibbert,Troy Murphy,2,7:46,MIA,free throw,,,,,,,2,,2,Michael Beasley,,,foul,made,,,,
Carlos Arroyo,Daequan Cook,Joel Anthony,Michael Beasley,Udonis Haslem,Danny Granger,Earl Watson,Luther Head,Roy Hibbert,Troy Murphy,2,7:26,IND,shot,,,,,,,,,,Roy Hibbert,2,,,made,,jump,30,10
Carlos Arroyo,Daequan Cook,Joel Anthony,Michael Beasley,Udonis Haslem,Danny Granger,Earl Watson,Luther Head,Roy Hibbert,Troy Murphy,2,7:11,MIA,shot,,,,,,,,,,Daequan Cook,,,,missed,,jump,16,26
Carlos Arroyo,Daequan Cook,Joel Anthony,Michael Beasley,Udonis Haslem,Danny Granger,Earl Watson,Luther Head,Roy Hibbert,Troy Murphy,2,7:10,IND,rebound,,,,,,,,,,Roy Hibbert,,,,,,def,,
Carlos Arroyo,Daequan Cook,Joel Anthony,Michael Beasley,Udonis Haslem,Danny Granger,Earl Watson,Luther Head,Roy Hibbert,Troy Murphy,2,7:02,IND,shot,,,,,,,,,,Danny Granger,,,,missed,,jump,24,26
Carlos Arroyo,Daequan Cook,Joel Anthony,Michael Beasley,Udonis Haslem,Danny Granger,Earl Watson,Luther Head,Roy Hibbert,Troy Murphy,2,7:01,IND,rebound,,,,,,,,,,Roy Hibbert,,,,,,off,,
Carlos Arroyo,Daequan Cook,Joel Anthony,Michael Beasley,Udonis Haslem,Danny Granger,Earl Watson,Luther Head,Roy Hibbert,Troy Murphy,2,6:58,IND,shot,,,,,,,,,,Roy Hibbert,2,,,made,,jump hook,23,9
Carlos Arroyo,Daequan Cook,Joel Anthony,Michael Beasley,Udonis Haslem,Danny Granger,Earl Watson,Luther Head,Roy Hibbert,Troy Murphy,2,6:41,MIA,shot,Carlos Arroyo,,,,,,,,,Udonis Haslem,2,,,made,,jump,41,11
Carlos Arroyo,Daequan Cook,Joel Anthony,Michael Beasley,Udonis Haslem,Danny Granger,Earl Watson,Luther Head,Roy Hibbert,Troy Murphy,2,6:25,IND,shot,Luther Head,,,,,,,,,Roy Hibbert,2,,,made,,dunk,26,6
Carlos Arroyo,Daequan Cook,Joel Anthony,Michael Beasley,Udonis Haslem,Danny Granger,Earl Watson,Luther Head,Roy Hibbert,Troy Murphy,2,6:15,MIA,timeout,,,,,,,,,,,,,,,,regular,,
Carlos Arroyo,Daequan Cook,Dwyane Wade,Michael Beasley,Udonis Haslem,Danny Granger,Earl Watson,Luther Head,Roy Hibbert,Troy Murphy,2,6:15,MIA,sub,,,,Dwyane Wade,,Joel Anthony,,,,,,,,,,,,
Carlos Arroyo,Dwyane Wade,Mario Chalmers,Michael Beasley,Udonis Haslem,Danny Granger,Earl Watson,Luther Head,Roy Hibbert,Troy Murphy,2,6:15,MIA,sub,,,,Mario Chalmers,,Daequan Cook,,,,,,,,,,,,
Dwyane Wade,Jermaine O'Neal,Mario Chalmers,Michael Beasley,Udonis Haslem,Danny Granger,Earl Watson,Luther Head,Roy Hibbert,Troy Murphy,2,6:15,MIA,sub,,,,Jermaine O'Neal,,Carlos Arroyo,,,,,,,,,,,,
Dwyane Wade,Jermaine O'Neal,Mario Chalmers,Michael Beasley,Udonis Haslem,Dahntay Jones,Danny Granger,Earl Watson,Luther Head,Roy Hibbert,2,6:15,IND,sub,,,,Dahntay Jones,,Troy Murphy,,,,,,,,,,,,
Dwyane Wade,Jermaine O'Neal,Mario Chalmers,Michael Beasley,Udonis Haslem,Dahntay Jones,Danny Granger,Earl Watson,Luther Head,Roy Hibbert,2,6:05,MIA,shot,,,Roy Hibbert,,,,,,,Michael Beasley,,,,missed,,jump,36,6
Dwyane Wade,Jermaine O'Neal,Mario Chalmers,Michael Beasley,Udonis Haslem,Dahntay Jones,Danny Granger,Earl Watson,Luther Head,Roy Hibbert,2,6:04,IND,rebound,,,,,,,,,,Luther Head,,,,,,def,,
Dwyane Wade,Jermaine O'Neal,Mario Chalmers,Michael Beasley,Udonis Haslem,Dahntay Jones,Danny Granger,Earl Watson,Luther Head,Roy Hibbert,2,5:46,IND,shot,,,,,,,,,,Earl Watson,,,,missed,,3pt,9,26
Dwyane Wade,Jermaine O'Neal,Mario Chalmers,Michael Beasley,Udonis Haslem,Dahntay Jones,Danny Granger,Earl Watson,Luther Head,Roy Hibbert,2,5:45,IND,rebound,,,,,,,,,,Danny Granger,,,,,,off,,
Dwyane Wade,Jermaine O'Neal,Mario Chalmers,Michael Beasley,Udonis Haslem,Dahntay Jones,Danny Granger,Earl Watson,Luther Head,Roy Hibbert,2,5:38,MIA,foul,,,,,,,,Luther Head,,Dwyane Wade,,,,,,personal,,
Dwyane Wade,Jermaine O'Neal,Mario Chalmers,Michael Beasley,Quentin Richardson,Dahntay Jones,Danny Granger,Earl Watson,Luther Head,Roy Hibbert,2,5:38,MIA,sub,,,,Quentin Richardson,,Udonis Haslem,,,,,,,,,,,,
Dwyane Wade,Jermaine O'Neal,Mario Chalmers,Michael Beasley,Quentin Richardson,Dahntay Jones,Danny Granger,Earl Watson,Luther Head,Roy Hibbert,2,5:26,IND,shot,,,,,,,,,,Dahntay Jones,,,,missed,,layup,27,8
Dwyane Wade,Jermaine O'Neal,Mario Chalmers,Michael Beasley,Quentin Richardson,Dahntay Jones,Danny Granger,Earl Watson,Luther Head,Roy Hibbert,2,5:25,MIA,rebound,,,,,,,,,,Michael Beasley,,,,,,def,,
Dwyane Wade,Jermaine O'Neal,Mario Chalmers,Michael Beasley,Quentin Richardson,Dahntay Jones,Danny Granger,Earl Watson,Luther Head,Roy Hibbert,2,5:19,MIA,shot,Mario Chalmers,,,,,,,,,Jermaine O'Neal,2,,,made,,slam dunk,26,5
Dwyane Wade,Jermaine O'Neal,Mario Chalmers,Michael Beasley,Quentin Richardson,Dahntay Jones,Danny Granger,Earl Watson,Luther Head,Roy Hibbert,2,5:18,MIA,foul,,,,,,,,,,Jermaine O'Neal,,,,,,technical,,
Dwyane Wade,Jermaine O'Neal,Mario Chalmers,Michael Beasley,Quentin Richardson,Dahntay Jones,Danny Granger,Earl Watson,Luther Head,Roy Hibbert,2,5:18,IND,free throw,,,,,,,1,,1,Danny Granger,,,technical,missed,,,,
Dwyane Wade,Jermaine O'Neal,Mario Chalmers,Michael Beasley,Quentin Richardson,Dahntay Jones,Danny Granger,Earl Watson,Luther Head,Roy Hibbert,2,5:18,IND,rebound,,,,,,,,,,,,,,,,,,
Dwyane Wade,Jermaine O'Neal,Mario Chalmers,Michael Beasley,Quentin Richardson,Dahntay Jones,Danny Granger,Earl Watson,Luther Head,Solomon Jones,2,5:18,IND,sub,,,,Solomon Jones,,Roy Hibbert,,,,,,,,,,,,
Dwyane Wade,Jermaine O'Neal,Mario Chalmers,Michael Beasley,Quentin Richardson,Dahntay Jones,Danny Granger,Earl Watson,Luther Head,Solomon Jones,2,5:05,IND,shot,,,,,,,,,,Danny Granger,2,,,made,,jump bank,19,7
Dwyane Wade,Jermaine O'Neal,Mario Chalmers,Michael Beasley,Quentin Richardson,Dahntay Jones,Danny Granger,Earl Watson,Luther Head,Solomon Jones,2,4:52,MIA,shot,,,,,,,,,,Dwyane Wade,,,,missed,,jump,8,11
Dwyane Wade,Jermaine O'Neal,Mario Chalmers,Michael Beasley,Quentin Richardson,Dahntay Jones,Danny Granger,Earl Watson,Luther Head,Solomon Jones,2,4:52,IND,rebound,,,,,,,,,,,,,,,,,,
Dwyane Wade,Jermaine O'Neal,Mario Chalmers,Michael Beasley,Quentin Richardson,Dahntay Jones,Danny Granger,Earl Watson,Luther Head,Solomon Jones,2,4:52,MIA,foul,,,,,,,,Danny Granger,,Michael Beasley,,,,,,loose ball,,
Dwyane Wade,Jermaine O'Neal,Mario Chalmers,Michael Beasley,Quentin Richardson,Dahntay Jones,Danny Granger,Earl Watson,Luther Head,Solomon Jones,2,4:34,IND,shot,Solomon Jones,,,,,,,,,Luther Head,3,,,made,,3pt,29,32
Dwyane Wade,Jermaine O'Neal,Mario Chalmers,Michael Beasley,Quentin Richardson,Dahntay Jones,Danny Granger,Earl Watson,Luther Head,Solomon Jones,2,4:22,IND,foul,,,,,,,,Michael Beasley,,Danny Granger,,,,,,personal,,
Dwyane Wade,Jermaine O'Neal,Mario Chalmers,Michael Beasley,Quentin Richardson,Dahntay Jones,Danny Granger,Earl Watson,Luther Head,Solomon Jones,2,4:11,MIA,shot,Michael Beasley,,,,,,,,,Dwyane Wade,2,,,made,,layup,21,7
Dwyane Wade,Jermaine O'Neal,Mario Chalmers,Michael Beasley,Quentin Richardson,Dahntay Jones,Danny Granger,Earl Watson,Luther Head,Solomon Jones,2,3:46,IND,shot,Luther Head,,,,,,,,,Solomon Jones,2,,,made,,jump,39,17
Dwyane Wade,Jermaine O'Neal,Mario Chalmers,Michael Beasley,Quentin Richardson,Dahntay Jones,Danny Granger,Earl Watson,Luther Head,Solomon Jones,2,3:27,MIA,shot,,,,,,,,,,Dwyane Wade,2,,,made,,finger roll layup,27,7
Dwyane Wade,Jermaine O'Neal,Mario Chalmers,Michael Beasley,Quentin Richardson,Dahntay Jones,Danny Granger,Earl Watson,Luther Head,Solomon Jones,2,3:17,IND,turnover,,,,,,,,,,Danny Granger,,,bad pass,,,,,
Dwyane Wade,Jermaine O'Neal,Mario Chalmers,Michael Beasley,Quentin Richardson,Dahntay Jones,Danny Granger,Earl Watson,Luther Head,Solomon Jones,2,2:56,MIA,shot,,,,,,,,,,Dwyane Wade,2,,,made,,jump hook,33,11
Dwyane Wade,Jermaine O'Neal,Mario Chalmers,Michael Beasley,Quentin Richardson,Dahntay Jones,Danny Granger,Earl Watson,Luther Head,Solomon Jones,2,2:47,IND,shot,,,,,,,,,,Luther Head,,,,missed,,jump,40,15
Dwyane Wade,Jermaine O'Neal,Mario Chalmers,Michael Beasley,Quentin Richardson,Dahntay Jones,Danny Granger,Earl Watson,Luther Head,Solomon Jones,2,2:47,MIA,rebound,,,,,,,,,,Michael Beasley,,,,,,def,,
Dwyane Wade,Jermaine O'Neal,Mario Chalmers,Michael Beasley,Quentin Richardson,Dahntay Jones,Danny Granger,Earl Watson,Luther Head,Solomon Jones,2,2:37,MIA,shot,,,,,,,,,,Mario Chalmers,2,,,made,,floating jump,12,15
Dwyane Wade,Jermaine O'Neal,Mario Chalmers,Michael Beasley,Quentin Richardson,Dahntay Jones,Danny Granger,Earl Watson,Luther Head,Solomon Jones,2,2:32,IND,timeout,,,,,,,,,,,,,,,,regular,,
Dwyane Wade,Jermaine O'Neal,Mario Chalmers,Quentin Richardson,Udonis Haslem,Dahntay Jones,Danny Granger,Earl Watson,Luther Head,Solomon Jones,2,2:32,MIA,sub,,,,Udonis Haslem,,Michael Beasley,,,,,,,,,,,,
Dwyane Wade,Jermaine O'Neal,Mario Chalmers,Quentin Richardson,Udonis Haslem,Dahntay Jones,Danny Granger,Luther Head,Solomon Jones,Troy Murphy,2,2:32,IND,sub,,,,Troy Murphy,,Earl Watson,,,,,,,,,,,,
Dwyane Wade,Jermaine O'Neal,Mario Chalmers,Quentin Richardson,Udonis Haslem,Dahntay Jones,Danny Granger,Solomon Jones,T.J. Ford,Troy Murphy,2,2:32,IND,sub,,,,T.J. Ford,,Luther Head,,,,,,,,,,,,
Dwyane Wade,Jermaine O'Neal,Mario Chalmers,Quentin Richardson,Udonis Haslem,Dahntay Jones,Danny Granger,Solomon Jones,T.J. Ford,Troy Murphy,2,2:21,MIA,foul,,,,,,,,Solomon Jones,,Jermaine O'Neal,,,,,,shooting,,
Dwyane Wade,Jermaine O'Neal,Mario Chalmers,Quentin Richardson,Udonis Haslem,Dahntay Jones,Danny Granger,Solomon Jones,T.J. Ford,Troy Murphy,2,2:21,IND,free throw,,,,,,,1,,2,Solomon Jones,,,foul,made,,,,
Dwyane Wade,Jermaine O'Neal,Mario Chalmers,Quentin Richardson,Udonis Haslem,Dahntay Jones,Danny Granger,Solomon Jones,T.J. Ford,Troy Murphy,2,2:21,IND,free throw,,,,,,,2,,2,Solomon Jones,,,foul,made,,,,
Dwyane Wade,Jermaine O'Neal,Mario Chalmers,Quentin Richardson,Udonis Haslem,Dahntay Jones,Danny Granger,Solomon Jones,T.J. Ford,Troy Murphy,2,2:07,IND,foul,,,,,,,,Dwyane Wade,,Dahntay Jones,,,,,,personal,,
Dwyane Wade,Jermaine O'Neal,Mario Chalmers,Quentin Richardson,Udonis Haslem,Dahntay Jones,Danny Granger,Solomon Jones,T.J. Ford,Troy Murphy,2,2:00,MIA,foul,,,,,,,,Dahntay Jones,,Dwyane Wade,,,,,,offensive,,
Dwyane Wade,Jermaine O'Neal,Mario Chalmers,Quentin Richardson,Udonis Haslem,Dahntay Jones,Danny Granger,Solomon Jones,T.J. Ford,Troy Murphy,2,2:00,MIA,turnover,,,,,,,,,,Dwyane Wade,,,foul,,,,,
Dwyane Wade,Jermaine O'Neal,Mario Chalmers,Quentin Richardson,Udonis Haslem,Dahntay Jones,Danny Granger,Solomon Jones,T.J. Ford,Troy Murphy,2,1:40,IND,shot,,,,,,,,,,Solomon Jones,,,,missed,,jump,10,17
Dwyane Wade,Jermaine O'Neal,Mario Chalmers,Quentin Richardson,Udonis Haslem,Dahntay Jones,Danny Granger,Solomon Jones,T.J. Ford,Troy Murphy,2,1:40,IND,rebound,,,,,,,,,,,,,,,,,,
Dwyane Wade,Jermaine O'Neal,Mario Chalmers,Quentin Richardson,Udonis Haslem,Dahntay Jones,Danny Granger,Solomon Jones,T.J. Ford,Troy Murphy,2,1:40,MIA,foul,,,,,,,,Troy Murphy,,Udonis Haslem,,,,,,loose ball,,
Dwyane Wade,Jermaine O'Neal,Mario Chalmers,Quentin Richardson,Udonis Haslem,Dahntay Jones,Danny Granger,Solomon Jones,T.J. Ford,Troy Murphy,2,1:40,IND,free throw,,,,,,,1,,2,Troy Murphy,,,foul,made,,,,
Dwyane Wade,Jermaine O'Neal,Mario Chalmers,Quentin Richardson,Udonis Haslem,Dahntay Jones,Danny Granger,Solomon Jones,T.J. Ford,Troy Murphy,2,1:40,IND,free throw,,,,,,,2,,2,Troy Murphy,,,foul,missed,,,,
Dwyane Wade,Jermaine O'Neal,Mario Chalmers,Quentin Richardson,Udonis Haslem,Dahntay Jones,Danny Granger,Solomon Jones,T.J. Ford,Troy Murphy,2,1:40,MIA,rebound,,,,,,,,,,Jermaine O'Neal,,,,,,def,,
Dwyane Wade,Jermaine O'Neal,Mario Chalmers,Quentin Richardson,Udonis Haslem,Dahntay Jones,Danny Granger,Solomon Jones,T.J. Ford,Troy Murphy,2,1:26,MIA,shot,,,,,,,,,,Dwyane Wade,,,,missed,,jump,11,5
Dwyane Wade,Jermaine O'Neal,Mario Chalmers,Quentin Richardson,Udonis Haslem,Dahntay Jones,Danny Granger,Solomon Jones,T.J. Ford,Troy Murphy,2,1:25,IND,rebound,,,,,,,,,,Danny Granger,,,,,,def,,
Dwyane Wade,Jermaine O'Neal,Mario Chalmers,Quentin Richardson,Udonis Haslem,Dahntay Jones,Danny Granger,Solomon Jones,T.J. Ford,Troy Murphy,2,1:14,IND,shot,Troy Murphy,,,,,,,,,Danny Granger,3,,,made,,3pt,47,21
Dwyane Wade,Jermaine O'Neal,Mario Chalmers,Quentin Richardson,Udonis Haslem,Dahntay Jones,Danny Granger,Solomon Jones,T.J. Ford,Troy Murphy,2,0:57,IND,foul,,,,,,,,Dwyane Wade,,Danny Granger,,,,,,personal,,
Dwyane Wade,Jermaine O'Neal,Mario Chalmers,Quentin Richardson,Udonis Haslem,Dahntay Jones,Danny Granger,Solomon Jones,T.J. Ford,Troy Murphy,2,0:57,MIA,free throw,,,,,,,1,,2,Dwyane Wade,,,foul,made,,,,
Dwyane Wade,Jermaine O'Neal,Mario Chalmers,Quentin Richardson,Udonis Haslem,Dahntay Jones,Danny Granger,Solomon Jones,T.J. Ford,Troy Murphy,2,0:57,MIA,free throw,,,,,,,2,,2,Dwyane Wade,,,foul,made,,,,
Dwyane Wade,Jermaine O'Neal,Mario Chalmers,Quentin Richardson,Udonis Haslem,Dahntay Jones,Danny Granger,Solomon Jones,T.J. Ford,Troy Murphy,2,0:46,MIA,foul,,,,,,,,T.J. Ford,,Mario Chalmers,,,,,,shooting,,
Dwyane Wade,Jermaine O'Neal,Mario Chalmers,Quentin Richardson,Udonis Haslem,Dahntay Jones,Danny Granger,Solomon Jones,T.J. Ford,Troy Murphy,2,0:46,IND,free throw,,,,,,,1,,2,T.J. Ford,,,foul,missed,,,,
Dwyane Wade,Jermaine O'Neal,Mario Chalmers,Quentin Richardson,Udonis Haslem,Dahntay Jones,Danny Granger,Solomon Jones,T.J. Ford,Troy Murphy,2,0:46,IND,rebound,,,,,,,,,,,,,,,,,,
Dwyane Wade,Jermaine O'Neal,Mario Chalmers,Quentin Richardson,Udonis Haslem,Dahntay Jones,Danny Granger,Solomon Jones,T.J. Ford,Troy Murphy,2,0:46,IND,free throw,,,,,,,2,,2,T.J. Ford,,,foul,made,,,,
Dwyane Wade,Jermaine O'Neal,Mario Chalmers,Quentin Richardson,Udonis Haslem,Dahntay Jones,Danny Granger,Solomon Jones,T.J. Ford,Troy Murphy,2,0:36,MIA,shot,,,,,,,,,,Dwyane Wade,,,,missed,,3pt,11,29
Dwyane Wade,Jermaine O'Neal,Mario Chalmers,Quentin Richardson,Udonis Haslem,Dahntay Jones,Danny Granger,Solomon Jones,T.J. Ford,Troy Murphy,2,0:35,IND,rebound,,,,,,,,,,T.J. Ford,,,,,,def,,
Dwyane Wade,Jermaine O'Neal,Mario Chalmers,Quentin Richardson,Udonis Haslem,Dahntay Jones,Danny Granger,Solomon Jones,T.J. Ford,Troy Murphy,2,0:23,IND,shot,,,,,,,,,,Dahntay Jones,2,,,made,,jump,36,7
Dwyane Wade,Jermaine O'Neal,Mario Chalmers,Quentin Richardson,Udonis Haslem,Dahntay Jones,Danny Granger,Solomon Jones,T.J. Ford,Troy Murphy,2,0:03,MIA,shot,,,,,,,,,,Dwyane Wade,,,,missed,,jump,25,25
Dwyane Wade,Jermaine O'Neal,Mario Chalmers,Quentin Richardson,Udonis Haslem,Dahntay Jones,Danny Granger,Solomon Jones,T.J. Ford,Troy Murphy,2,0:02,IND,rebound,,,,,,,,,,Troy Murphy,,,,,,def,,
Dwyane Wade,Jermaine O'Neal,Mario Chalmers,Michael Beasley,Quentin Richardson,Brandon Rush,Danny Granger,Roy Hibbert,T.J. Ford,Troy Murphy,3,11:41,MIA,shot,,,,,,,,,,Jermaine O'Neal,2,,,made,,fade away jumper,42,10
Dwyane Wade,Jermaine O'Neal,Mario Chalmers,Michael Beasley,Quentin Richardson,Brandon Rush,Danny Granger,Roy Hibbert,T.J. Ford,Troy Murphy,3,11:27,IND,shot,,,,,,,,,,Roy Hibbert,,,,missed,,jump,41,12
Dwyane Wade,Jermaine O'Neal,Mario Chalmers,Michael Beasley,Quentin Richardson,Brandon Rush,Danny Granger,Roy Hibbert,T.J. Ford,Troy Murphy,3,11:26,MIA,rebound,,,,,,,,,,Dwyane Wade,,,,,,def,,
Dwyane Wade,Jermaine O'Neal,Mario Chalmers,Michael Beasley,Quentin Richardson,Brandon Rush,Danny Granger,Roy Hibbert,T.J. Ford,Troy Murphy,3,11:18,MIA,foul,,,,,,,,Brandon Rush,,Dwyane Wade,,,,,,offensive,,
Dwyane Wade,Jermaine O'Neal,Mario Chalmers,Michael Beasley,Quentin Richardson,Brandon Rush,Danny Granger,Roy Hibbert,T.J. Ford,Troy Murphy,3,11:18,MIA,turnover,,,,,,,,,,Dwyane Wade,,,foul,,,,,
Dwyane Wade,Jermaine O'Neal,Mario Chalmers,Michael Beasley,Quentin Richardson,Brandon Rush,Danny Granger,Roy Hibbert,T.J. Ford,Troy Murphy,3,11:07,IND,shot,,,,,,,,,,Danny Granger,,,,missed,,3pt,39,29
Dwyane Wade,Jermaine O'Neal,Mario Chalmers,Michael Beasley,Quentin Richardson,Brandon Rush,Danny Granger,Roy Hibbert,T.J. Ford,Troy Murphy,3,11:06,IND,rebound,,,,,,,,,,Roy Hibbert,,,,,,off,,
Dwyane Wade,Jermaine O'Neal,Mario Chalmers,Michael Beasley,Quentin Richardson,Brandon Rush,Danny Granger,Roy Hibbert,T.J. Ford,Troy Murphy,3,10:49,IND,shot,,,,,,,,,,Troy Murphy,,,,missed,,jump,26,15
Dwyane Wade,Jermaine O'Neal,Mario Chalmers,Michael Beasley,Quentin Richardson,Brandon Rush,Danny Granger,Roy Hibbert,T.J. Ford,Troy Murphy,3,10:48,MIA,rebound,,,,,,,,,,Mario Chalmers,,,,,,def,,
Dwyane Wade,Jermaine O'Neal,Mario Chalmers,Michael Beasley,Quentin Richardson,Brandon Rush,Danny Granger,Roy Hibbert,T.J. Ford,Troy Murphy,3,10:41,MIA,turnover,,,,,,,,,,Quentin Richardson,,,bad pass,,,,,
Dwyane Wade,Jermaine O'Neal,Mario Chalmers,Michael Beasley,Quentin Richardson,Brandon Rush,Danny Granger,Roy Hibbert,T.J. Ford,Troy Murphy,3,10:28,IND,shot,,,,,,,,,,Danny Granger,,,,missed,,jump,27,9
Dwyane Wade,Jermaine O'Neal,Mario Chalmers,Michael Beasley,Quentin Richardson,Brandon Rush,Danny Granger,Roy Hibbert,T.J. Ford,Troy Murphy,3,10:27,MIA,rebound,,,,,,,,,,,,,,,,,,
Dwyane Wade,Jermaine O'Neal,Mario Chalmers,Michael Beasley,Quentin Richardson,Brandon Rush,Danny Granger,Roy Hibbert,T.J. Ford,Troy Murphy,3,10:27,IND,foul,,,,,,,,Jermaine O'Neal,,Roy Hibbert,,,,,,loose ball,,
Dwyane Wade,Jermaine O'Neal,Mario Chalmers,Michael Beasley,Quentin Richardson,Brandon Rush,Danny Granger,Roy Hibbert,T.J. Ford,Troy Murphy,3,10:11,MIA,shot,,,Roy Hibbert,,,,,,,Dwyane Wade,,,,missed,,layup,27,8
Dwyane Wade,Jermaine O'Neal,Mario Chalmers,Michael Beasley,Quentin Richardson,Brandon Rush,Danny Granger,Roy Hibbert,T.J. Ford,Troy Murphy,3,10:09,MIA,rebound,,,,,,,,,,Dwyane Wade,,,,,,off,,
Dwyane Wade,Jermaine O'Neal,Mario Chalmers,Michael Beasley,Quentin Richardson,Brandon Rush,Danny Granger,Roy Hibbert,T.J. Ford,Troy Murphy,3,10:05,MIA,shot,Dwyane Wade,,,,,,,,,Jermaine O'Neal,2,,,made,,jump,36,22
Dwyane Wade,Jermaine O'Neal,Mario Chalmers,Michael Beasley,Quentin Richardson,Brandon Rush,Danny Granger,Roy Hibbert,T.J. Ford,Troy Murphy,3,9:55,IND,shot,,,,,,,,,,T.J. Ford,,,,missed,,3pt,1,6
Dwyane Wade,Jermaine O'Neal,Mario Chalmers,Michael Beasley,Quentin Richardson,Brandon Rush,Danny Granger,Roy Hibbert,T.J. Ford,Troy Murphy,3,9:54,MIA,rebound,,,,,,,,,,Jermaine O'Neal,,,,,,def,,
Dwyane Wade,Jermaine O'Neal,Mario Chalmers,Michael Beasley,Quentin Richardson,Brandon Rush,Danny Granger,Roy Hibbert,T.J. Ford,Troy Murphy,3,9:44,MIA,turnover,,,,,,,,,,Mario Chalmers,,,traveling,,,,,
Dwyane Wade,Jermaine O'Neal,Mario Chalmers,Michael Beasley,Quentin Richardson,Brandon Rush,Danny Granger,Roy Hibbert,T.J. Ford,Troy Murphy,3,9:28,IND,shot,,,,,,,,,,Roy Hibbert,,,,missed,,jump,15,6
Dwyane Wade,Jermaine O'Neal,Mario Chalmers,Michael Beasley,Quentin Richardson,Brandon Rush,Danny Granger,Roy Hibbert,T.J. Ford,Troy Murphy,3,9:27,MIA,rebound,,,,,,,,,,,,,,,,,,
Dwyane Wade,Jermaine O'Neal,Mario Chalmers,Michael Beasley,Quentin Richardson,Brandon Rush,Danny Granger,Roy Hibbert,T.J. Ford,Troy Murphy,3,9:05,IND,foul,,,,,,,,Michael Beasley,,Roy Hibbert,,,,,,shooting,,
Dwyane Wade,Jermaine O'Neal,Mario Chalmers,Michael Beasley,Quentin Richardson,Brandon Rush,Danny Granger,Solomon Jones,T.J. Ford,Troy Murphy,3,9:05,IND,sub,,,,Solomon Jones,,Roy Hibbert,,,,,,,,,,,,
Dwyane Wade,Jermaine O'Neal,Mario Chalmers,Michael Beasley,Quentin Richardson,Brandon Rush,Danny Granger,Solomon Jones,T.J. Ford,Troy Murphy,3,9:05,MIA,free throw,,,,,,,1,,2,Michael Beasley,,,foul,made,,,,
Dwyane Wade,Jermaine O'Neal,Mario Chalmers,Michael Beasley,Quentin Richardson,Brandon Rush,Danny Granger,Solomon Jones,T.J. Ford,Troy Murphy,3,9:05,MIA,free throw,,,,,,,2,,2,Michael Beasley,,,foul,made,,,,
Dwyane Wade,Jermaine O'Neal,Mario Chalmers,Michael Beasley,Quentin Richardson,Brandon Rush,Danny Granger,Solomon Jones,T.J. Ford,Troy Murphy,3,8:52,IND,shot,,,,,,,,,,Danny Granger,2,,,made,,jump,37,19
Dwyane Wade,Jermaine O'Neal,Mario Chalmers,Michael Beasley,Quentin Richardson,Brandon Rush,Danny Granger,Solomon Jones,T.J. Ford,Troy Murphy,3,8:28,MIA,shot,,,,,,,,,,Jermaine O'Neal,2,,,made,,driving finger roll layup,27,7
Dwyane Wade,Jermaine O'Neal,Mario Chalmers,Michael Beasley,Quentin Richardson,Brandon Rush,Danny Granger,Solomon Jones,T.J. Ford,Troy Murphy,3,8:23,MIA,foul,,,,,,,,T.J. Ford,,Quentin Richardson,,,,,,shooting,,
Dwyane Wade,Jermaine O'Neal,Mario Chalmers,Michael Beasley,Quentin Richardson,Brandon Rush,Danny Granger,Solomon Jones,T.J. Ford,Troy Murphy,3,8:23,IND,free throw,,,,,,,1,,2,T.J. Ford,,,foul,made,,,,
Dwyane Wade,Jermaine O'Neal,Mario Chalmers,Michael Beasley,Quentin Richardson,Brandon Rush,Danny Granger,Solomon Jones,T.J. Ford,Troy Murphy,3,8:23,IND,free throw,,,,,,,2,,2,T.J. Ford,,,foul,made,,,,
Dwyane Wade,Jermaine O'Neal,Mario Chalmers,Michael Beasley,Quentin Richardson,Brandon Rush,Danny Granger,Solomon Jones,T.J. Ford,Troy Murphy,3,8:10,MIA,shot,Mario Chalmers,,,,,,,,,Jermaine O'Neal,2,,,made,,jump,10,7
Dwyane Wade,Jermaine O'Neal,Mario Chalmers,Michael Beasley,Quentin Richardson,Brandon Rush,Danny Granger,Solomon Jones,T.J. Ford,Troy Murphy,3,7:59,IND,shot,,,,,,,,,,Brandon Rush,,,,missed,,3pt,43,27
Dwyane Wade,Jermaine O'Neal,Mario Chalmers,Michael Beasley,Quentin Richardson,Brandon Rush,Danny Granger,Solomon Jones,T.J. Ford,Troy Murphy,3,7:58,IND,rebound,,,,,,,,,,,,,,,,,,
Dwyane Wade,Jermaine O'Neal,Mario Chalmers,Michael Beasley,Quentin Richardson,Brandon Rush,Danny Granger,Solomon Jones,T.J. Ford,Troy Murphy,3,7:50,IND,shot,,,,,,,,,,T.J. Ford,,,,missed,,jump,27,21
Dwyane Wade,Jermaine O'Neal,Mario Chalmers,Michael Beasley,Quentin Richardson,Brandon Rush,Danny Granger,Solomon Jones,T.J. Ford,Troy Murphy,3,7:49,MIA,rebound,,,,,,,,,,Jermaine O'Neal,,,,,,def,,
Dwyane Wade,Jermaine O'Neal,Mario Chalmers,Michael Beasley,Quentin Richardson,Brandon Rush,Danny Granger,Solomon Jones,T.J. Ford,Troy Murphy,3,7:40,MIA,shot,,,,,,,,,,Quentin Richardson,,,,missed,,3pt,13,29
Dwyane Wade,Jermaine O'Neal,Mario Chalmers,Michael Beasley,Quentin Richardson,Brandon Rush,Danny Granger,Solomon Jones,T.J. Ford,Troy Murphy,3,7:38,MIA,rebound,,,,,,,,,,Michael Beasley,,,,,,off,,
Dwyane Wade,Jermaine O'Neal,Mario Chalmers,Michael Beasley,Quentin Richardson,Brandon Rush,Danny Granger,Solomon Jones,T.J. Ford,Troy Murphy,3,7:36,MIA,shot,,,,,,,,,,Michael Beasley,2,,,made,,dunk,26,5
Dwyane Wade,Jermaine O'Neal,Mario Chalmers,Michael Beasley,Quentin Richardson,Brandon Rush,Danny Granger,Solomon Jones,T.J. Ford,Troy Murphy,3,7:15,IND,turnover,,,,,,,,,,Solomon Jones,,,bad pass,,Dwyane Wade,,,
Dwyane Wade,Jermaine O'Neal,Mario Chalmers,Michael Beasley,Quentin Richardson,Brandon Rush,Danny Granger,Solomon Jones,T.J. Ford,Troy Murphy,3,7:13,IND,foul,,,,,,,,Dwyane Wade,,Danny Granger,,,,,,shooting,,
Dwyane Wade,Jermaine O'Neal,Mario Chalmers,Michael Beasley,Quentin Richardson,Brandon Rush,Danny Granger,Solomon Jones,T.J. Ford,Troy Murphy,3,7:13,MIA,free throw,,,,,,,1,,2,Dwyane Wade,,,foul,made,,,,
Dwyane Wade,Jermaine O'Neal,Mario Chalmers,Michael Beasley,Quentin Richardson,Brandon Rush,Danny Granger,Solomon Jones,T.J. Ford,Troy Murphy,3,7:13,MIA,free throw,,,,,,,2,,2,Dwyane Wade,,,foul,made,,,,
Dwyane Wade,Jermaine O'Neal,Mario Chalmers,Michael Beasley,Quentin Richardson,Brandon Rush,Danny Granger,Solomon Jones,T.J. Ford,Troy Murphy,3,7:00,IND,turnover,,,,,,,,,,Troy Murphy,,,lost ball,,Michael Beasley,,,
Dwyane Wade,Jermaine O'Neal,Mario Chalmers,Michael Beasley,Quentin Richardson,Brandon Rush,Danny Granger,Solomon Jones,T.J. Ford,Troy Murphy,3,6:58,MIA,shot,,,,,,,,,,Michael Beasley,2,,,made,,layup,23,7
Dwyane Wade,Jermaine O'Neal,Mario Chalmers,Michael Beasley,Quentin Richardson,Brandon Rush,Danny Granger,Solomon Jones,T.J. Ford,Troy Murphy,3,6:58,IND,foul,,,,,,,,Michael Beasley,,Solomon Jones,,,,,,shooting,,
Dwyane Wade,Jermaine O'Neal,Mario Chalmers,Michael Beasley,Quentin Richardson,Brandon Rush,Danny Granger,Solomon Jones,T.J. Ford,Troy Murphy,3,6:58,IND,timeout,,,,,,,,,,,,,,,,regular,,
Dwyane Wade,Jermaine O'Neal,Mario Chalmers,Michael Beasley,Quentin Richardson,Brandon Rush,Danny Granger,Solomon Jones,T.J. Ford,Troy Murphy,3,6:58,MIA,free throw,,,,,,,1,,1,Michael Beasley,,,foul,missed,,,,
Dwyane Wade,Jermaine O'Neal,Mario Chalmers,Michael Beasley,Quentin Richardson,Brandon Rush,Danny Granger,Solomon Jones,T.J. Ford,Troy Murphy,3,6:58,IND,rebound,,,,,,,,,,Danny Granger,,,,,,def,,
Dwyane Wade,Jermaine O'Neal,Mario Chalmers,Michael Beasley,Quentin Richardson,Brandon Rush,Danny Granger,Solomon Jones,T.J. Ford,Troy Murphy,3,6:46,IND,shot,Danny Granger,,,,,,,,,Solomon Jones,2,,,made,,jump,26,23
Dwyane Wade,Jermaine O'Neal,Mario Chalmers,Michael Beasley,Quentin Richardson,Brandon Rush,Danny Granger,Solomon Jones,T.J. Ford,Troy Murphy,3,6:32,IND,foul,,,,,,,,Dwyane Wade,,Brandon Rush,,,,,,shooting,,
Dwyane Wade,Jermaine O'Neal,Mario Chalmers,Michael Beasley,Quentin Richardson,Brandon Rush,Danny Granger,Solomon Jones,T.J. Ford,Troy Murphy,3,6:32,MIA,free throw,,,,,,,1,,2,Dwyane Wade,,,foul,made,,,,
Dwyane Wade,Jermaine O'Neal,Mario Chalmers,Michael Beasley,Quentin Richardson,Brandon Rush,Danny Granger,Solomon Jones,T.J. Ford,Troy Murphy,3,6:32,MIA,free throw,,,,,,,2,,2,Dwyane Wade,,,foul,made,,,,
Dwyane Wade,Jermaine O'Neal,Mario Chalmers,Michael Beasley,Quentin Richardson,Brandon Rush,Danny Granger,Solomon Jones,T.J. Ford,Troy Murphy,3,6:21,MIA,foul,,,,,,,,Danny Granger,,Quentin Richardson,,,,,,personal,,
Daequan Cook,Dwyane Wade,Jermaine O'Neal,Mario Chalmers,Michael Beasley,Brandon Rush,Danny Granger,Solomon Jones,T.J. Ford,Troy Murphy,3,6:21,MIA,sub,,,,Daequan Cook,,Quentin Richardson,,,,,,,,,,,,
Daequan Cook,Dwyane Wade,Jermaine O'Neal,Mario Chalmers,Michael Beasley,Brandon Rush,Danny Granger,Solomon Jones,T.J. Ford,Troy Murphy,3,6:19,MIA,foul,,,,,,,,Danny Granger,,Dwyane Wade,,,,,,personal,,
Daequan Cook,Dwyane Wade,Jermaine O'Neal,Mario Chalmers,Michael Beasley,Brandon Rush,Danny Granger,Solomon Jones,T.J. Ford,Troy Murphy,3,6:16,IND,shot,,,,,,,,,,Danny Granger,,,,missed,,3pt,39,29
Daequan Cook,Dwyane Wade,Jermaine O'Neal,Mario Chalmers,Michael Beasley,Brandon Rush,Danny Granger,Solomon Jones,T.J. Ford,Troy Murphy,3,6:15,MIA,rebound,,,,,,,,,,Dwyane Wade,,,,,,def,,
Daequan Cook,Dwyane Wade,Jermaine O'Neal,Mario Chalmers,Michael Beasley,Brandon Rush,Danny Granger,Solomon Jones,T.J. Ford,Troy Murphy,3,6:07,IND,foul,,,,,,,,Dwyane Wade,,Brandon Rush,,,,,,shooting,,
Daequan Cook,Dwyane Wade,Jermaine O'Neal,Mario Chalmers,Michael Beasley,Brandon Rush,Danny Granger,Solomon Jones,T.J. Ford,Troy Murphy,3,6:07,MIA,free throw,,,,,,,1,,2,Dwyane Wade,,,foul,missed,,,,
Daequan Cook,Dwyane Wade,Jermaine O'Neal,Mario Chalmers,Michael Beasley,Brandon Rush,Danny Granger,Solomon Jones,T.J. Ford,Troy Murphy,3,6:07,MIA,rebound,,,,,,,,,,,,,,,,,,
Daequan Cook,Dwyane Wade,Jermaine O'Neal,Mario Chalmers,Michael Beasley,Dahntay Jones,Danny Granger,Solomon Jones,T.J. Ford,Troy Murphy,3,6:07,IND,sub,,,,Dahntay Jones,,Brandon Rush,,,,,,,,,,,,
Daequan Cook,Dwyane Wade,Jermaine O'Neal,Mario Chalmers,Michael Beasley,Dahntay Jones,Danny Granger,Solomon Jones,T.J. Ford,Troy Murphy,3,6:07,MIA,free throw,,,,,,,2,,2,Dwyane Wade,,,foul,made,,,,
Daequan Cook,Dwyane Wade,Jermaine O'Neal,Mario Chalmers,Michael Beasley,Dahntay Jones,Danny Granger,Solomon Jones,T.J. Ford,Troy Murphy,3,5:53,IND,shot,Dahntay Jones,,,,,,,,,Solomon Jones,2,,,made,,dunk,23,7
Daequan Cook,Dwyane Wade,Jermaine O'Neal,Mario Chalmers,Michael Beasley,Dahntay Jones,Danny Granger,Solomon Jones,T.J. Ford,Troy Murphy,3,5:36,MIA,turnover,,,,,,,,,,Michael Beasley,,,bad pass,,,,,
Daequan Cook,Jermaine O'Neal,Mario Chalmers,Michael Beasley,Yakhouba Diawara,Dahntay Jones,Danny Granger,Solomon Jones,T.J. Ford,Troy Murphy,3,5:36,MIA,sub,,,,Yakhouba Diawara,,Dwyane Wade,,,,,,,,,,,,
Daequan Cook,Jermaine O'Neal,Mario Chalmers,Michael Beasley,Yakhouba Diawara,Dahntay Jones,Danny Granger,Solomon Jones,T.J. Ford,Troy Murphy,3,5:30,MIA,foul,,,,,,,,Danny Granger,,Yakhouba Diawara,,,,,,personal,,
Daequan Cook,Jermaine O'Neal,Mario Chalmers,Michael Beasley,Yakhouba Diawara,Dahntay Jones,Danny Granger,Solomon Jones,T.J. Ford,Troy Murphy,3,5:23,IND,shot,,,,,,,,,,Danny Granger,,,,missed,,3pt,11,28
Daequan Cook,Jermaine O'Neal,Mario Chalmers,Michael Beasley,Yakhouba Diawara,Dahntay Jones,Danny Granger,Solomon Jones,T.J. Ford,Troy Murphy,3,5:22,IND,rebound,,,,,,,,,,Solomon Jones,,,,,,off,,
Daequan Cook,Jermaine O'Neal,Mario Chalmers,Michael Beasley,Yakhouba Diawara,Dahntay Jones,Danny Granger,Solomon Jones,T.J. Ford,Troy Murphy,3,5:20,IND,shot,,,,,,,,,,Solomon Jones,,,,missed,,jump,16,10
Daequan Cook,Jermaine O'Neal,Mario Chalmers,Michael Beasley,Yakhouba Diawara,Dahntay Jones,Danny Granger,Solomon Jones,T.J. Ford,Troy Murphy,3,5:19,MIA,rebound,,,,,,,,,,Michael Beasley,,,,,,def,,
Daequan Cook,Jermaine O'Neal,Mario Chalmers,Michael Beasley,Yakhouba Diawara,Dahntay Jones,Danny Granger,Solomon Jones,T.J. Ford,Troy Murphy,3,5:04,MIA,shot,,,,,,,,,,Jermaine O'Neal,2,,,made,,jump,10,14
Daequan Cook,Jermaine O'Neal,Mario Chalmers,Michael Beasley,Yakhouba Diawara,Dahntay Jones,Danny Granger,Solomon Jones,T.J. Ford,Troy Murphy,3,4:56,MIA,foul,,,,,,,,Danny Granger,,Jermaine O'Neal,,,,,,shooting,,
Daequan Cook,Jermaine O'Neal,Mario Chalmers,Michael Beasley,Yakhouba Diawara,Dahntay Jones,Danny Granger,Solomon Jones,T.J. Ford,Troy Murphy,3,4:56,IND,free throw,,,,,,,1,,2,Danny Granger,,,foul,made,,,,
Daequan Cook,Jermaine O'Neal,Mario Chalmers,Michael Beasley,Yakhouba Diawara,Dahntay Jones,Danny Granger,Solomon Jones,T.J. Ford,Troy Murphy,3,4:56,IND,free throw,,,,,,,2,,2,Danny Granger,,,foul,missed,,,,
Daequan Cook,Jermaine O'Neal,Mario Chalmers,Michael Beasley,Yakhouba Diawara,Dahntay Jones,Danny Granger,Solomon Jones,T.J. Ford,Troy Murphy,3,4:56,MIA,rebound,,,,,,,,,,Mario Chalmers,,,,,,def,,
Daequan Cook,Jermaine O'Neal,Mario Chalmers,Michael Beasley,Yakhouba Diawara,Dahntay Jones,Danny Granger,Solomon Jones,T.J. Ford,Troy Murphy,3,4:33,MIA,turnover,,,,,,,,,,Daequan Cook,,,bad pass,,T.J. Ford,,,
Daequan Cook,Jermaine O'Neal,Mario Chalmers,Michael Beasley,Yakhouba Diawara,Dahntay Jones,Danny Granger,Solomon Jones,T.J. Ford,Troy Murphy,3,4:30,IND,shot,,,,,,,,,,T.J. Ford,,,,missed,,layup,26,6
Daequan Cook,Jermaine O'Neal,Mario Chalmers,Michael Beasley,Yakhouba Diawara,Dahntay Jones,Danny Granger,Solomon Jones,T.J. Ford,Troy Murphy,3,4:29,MIA,rebound,,,,,,,,,,Daequan Cook,,,,,,def,,
Daequan Cook,Jermaine O'Neal,Mario Chalmers,Michael Beasley,Yakhouba Diawara,Dahntay Jones,Danny Granger,Solomon Jones,T.J. Ford,Troy Murphy,3,4:29,MIA,jump ball,,Daequan Cook,,,Danny Granger,,,,,,,Mario Chalmers,,,,,,
Daequan Cook,Jermaine O'Neal,Mario Chalmers,Michael Beasley,Yakhouba Diawara,Dahntay Jones,Danny Granger,Solomon Jones,T.J. Ford,Troy Murphy,3,4:19,MIA,shot,,,T.J. Ford,,,,,,,Daequan Cook,,,,missed,,jump,12,7
Daequan Cook,Jermaine O'Neal,Mario Chalmers,Michael Beasley,Yakhouba Diawara,Dahntay Jones,Danny Granger,Solomon Jones,T.J. Ford,Troy Murphy,3,4:19,MIA,rebound,,,,,,,,,,Daequan Cook,,,,,,off,,
Daequan Cook,Jermaine O'Neal,Mario Chalmers,Michael Beasley,Yakhouba Diawara,Dahntay Jones,Danny Granger,Solomon Jones,T.J. Ford,Troy Murphy,3,4:19,MIA,jump ball,,Daequan Cook,,,T.J. Ford,,,,,,,Solomon Jones,,,,,,
Daequan Cook,Jermaine O'Neal,Mario Chalmers,Michael Beasley,Yakhouba Diawara,Dahntay Jones,Danny Granger,Solomon Jones,T.J. Ford,Troy Murphy,3,4:19,MIA,turnover,,,,,,,,,,Daequan Cook,,,lost ball,,T.J. Ford,,,
Daequan Cook,Jermaine O'Neal,Mario Chalmers,Michael Beasley,Yakhouba Diawara,Dahntay Jones,Danny Granger,Solomon Jones,T.J. Ford,Troy Murphy,3,4:12,IND,turnover,,,,,,,,,,Dahntay Jones,,,lost ball,,Michael Beasley,,,
Daequan Cook,Jermaine O'Neal,Mario Chalmers,Michael Beasley,Yakhouba Diawara,Dahntay Jones,Danny Granger,Solomon Jones,T.J. Ford,Troy Murphy,3,3:55,IND,foul,,,,,,,,Mario Chalmers,,T.J. Ford,,,,,,personal,,
Daequan Cook,Jermaine O'Neal,Mario Chalmers,Michael Beasley,Yakhouba Diawara,Dahntay Jones,Danny Granger,Solomon Jones,T.J. Ford,Troy Murphy,3,3:55,MIA,free throw,,,,,,,1,,2,Mario Chalmers,,,foul,made,,,,
Daequan Cook,Jermaine O'Neal,Mario Chalmers,Michael Beasley,Yakhouba Diawara,Dahntay Jones,Danny Granger,Luther Head,Solomon Jones,T.J. Ford,3,3:55,IND,sub,,,,Luther Head,,Troy Murphy,,,,,,,,,,,,
Daequan Cook,Jermaine O'Neal,Mario Chalmers,Michael Beasley,Yakhouba Diawara,Dahntay Jones,Danny Granger,Luther Head,Solomon Jones,T.J. Ford,3,3:55,MIA,free throw,,,,,,,2,,2,Mario Chalmers,,,foul,made,,,,
Daequan Cook,Jermaine O'Neal,Mario Chalmers,Michael Beasley,Yakhouba Diawara,Dahntay Jones,Danny Granger,Luther Head,Solomon Jones,T.J. Ford,3,3:41,MIA,foul,,,,,,,,Danny Granger,,Yakhouba Diawara,,,,,,personal,,
Daequan Cook,Jermaine O'Neal,Mario Chalmers,Michael Beasley,Yakhouba Diawara,Dahntay Jones,Danny Granger,Luther Head,Solomon Jones,T.J. Ford,3,3:41,IND,free throw,,,,,,,1,,2,Danny Granger,,,foul,made,,,,
Daequan Cook,Jermaine O'Neal,Mario Chalmers,Michael Beasley,Yakhouba Diawara,Dahntay Jones,Danny Granger,Luther Head,Solomon Jones,T.J. Ford,3,3:41,IND,free throw,,,,,,,2,,2,Danny Granger,,,foul,missed,,,,
Daequan Cook,Jermaine O'Neal,Mario Chalmers,Michael Beasley,Yakhouba Diawara,Dahntay Jones,Danny Granger,Luther Head,Solomon Jones,T.J. Ford,3,3:41,MIA,rebound,,,,,,,,,,Jermaine O'Neal,,,,,,def,,
Daequan Cook,Jermaine O'Neal,Mario Chalmers,Michael Beasley,Yakhouba Diawara,Dahntay Jones,Danny Granger,Luther Head,Solomon Jones,T.J. Ford,3,3:21,IND,foul,,,,,,,,Jermaine O'Neal,,Solomon Jones,,,,,,personal,,
Daequan Cook,Jermaine O'Neal,Mario Chalmers,Michael Beasley,Yakhouba Diawara,Dahntay Jones,Danny Granger,Luther Head,Solomon Jones,T.J. Ford,3,3:21,MIA,free throw,,,,,,,1,,2,Jermaine O'Neal,,,foul,made,,,,
Daequan Cook,Jermaine O'Neal,Mario Chalmers,Michael Beasley,Yakhouba Diawara,Dahntay Jones,Danny Granger,Luther Head,Roy Hibbert,T.J. Ford,3,3:21,IND,sub,,,,Roy Hibbert,,Solomon Jones,,,,,,,,,,,,
Daequan Cook,Jermaine O'Neal,Mario Chalmers,Michael Beasley,Yakhouba Diawara,Dahntay Jones,Danny Granger,Luther Head,Roy Hibbert,T.J. Ford,3,3:21,MIA,free throw,,,,,,,2,,2,Jermaine O'Neal,,,foul,made,,,,
Daequan Cook,Jermaine O'Neal,Mario Chalmers,Michael Beasley,Yakhouba Diawara,Dahntay Jones,Danny Granger,Luther Head,Roy Hibbert,T.J. Ford,3,3:03,IND,shot,,,Jermaine O'Neal,,,,,,,Roy Hibbert,,,,missed,,layup,22,5
Daequan Cook,Jermaine O'Neal,Mario Chalmers,Michael Beasley,Yakhouba Diawara,Dahntay Jones,Danny Granger,Luther Head,Roy Hibbert,T.J. Ford,3,3:02,MIA,rebound,,,,,,,,,,Daequan Cook,,,,,,def,,
Daequan Cook,Jermaine O'Neal,Mario Chalmers,Michael Beasley,Yakhouba Diawara,Dahntay Jones,Danny Granger,Luther Head,Roy Hibbert,T.J. Ford,3,2:50,MIA,shot,,,,,,,,,,Jermaine O'Neal,,,,missed,,jump,32,15
Daequan Cook,Jermaine O'Neal,Mario Chalmers,Michael Beasley,Yakhouba Diawara,Dahntay Jones,Danny Granger,Luther Head,Roy Hibbert,T.J. Ford,3,2:49,IND,rebound,,,,,,,,,,T.J. Ford,,,,,,def,,
Daequan Cook,Jermaine O'Neal,Mario Chalmers,Michael Beasley,Yakhouba Diawara,Dahntay Jones,Danny Granger,Luther Head,Roy Hibbert,T.J. Ford,3,2:43,IND,foul,,,,,,,,Michael Beasley,,Dahntay Jones,,,,,,offensive,,
Daequan Cook,Jermaine O'Neal,Mario Chalmers,Michael Beasley,Yakhouba Diawara,Dahntay Jones,Danny Granger,Luther Head,Roy Hibbert,T.J. Ford,3,2:43,IND,turnover,,,,,,,,,,Dahntay Jones,,,foul,,,,,
Daequan Cook,Jermaine O'Neal,Mario Chalmers,Michael Beasley,Yakhouba Diawara,Dahntay Jones,Danny Granger,Luther Head,Roy Hibbert,T.J. Ford,3,2:43,MIA,timeout,,,,,,,,,,,,,,,,regular,,
Daequan Cook,Jermaine O'Neal,Mario Chalmers,Michael Beasley,Yakhouba Diawara,Dahntay Jones,Danny Granger,Earl Watson,Luther Head,Roy Hibbert,3,2:43,IND,sub,,,,Earl Watson,,T.J. Ford,,,,,,,,,,,,
Daequan Cook,Jermaine O'Neal,Mario Chalmers,Udonis Haslem,Yakhouba Diawara,Dahntay Jones,Danny Granger,Earl Watson,Luther Head,Roy Hibbert,3,2:43,MIA,sub,,,,Udonis Haslem,,Michael Beasley,,,,,,,,,,,,
Carlos Arroyo,Daequan Cook,Jermaine O'Neal,Udonis Haslem,Yakhouba Diawara,Dahntay Jones,Danny Granger,Earl Watson,Luther Head,Roy Hibbert,3,2:43,MIA,sub,,,,Carlos Arroyo,,Mario Chalmers,,,,,,,,,,,,
Carlos Arroyo,Daequan Cook,Jermaine O'Neal,Udonis Haslem,Yakhouba Diawara,Dahntay Jones,Danny Granger,Earl Watson,Luther Head,Roy Hibbert,3,2:26,MIA,shot,,,,,,,,,,Jermaine O'Neal,,,,missed,,jump,13,13
Carlos Arroyo,Daequan Cook,Jermaine O'Neal,Udonis Haslem,Yakhouba Diawara,Dahntay Jones,Danny Granger,Earl Watson,Luther Head,Roy Hibbert,3,2:25,MIA,rebound,,,,,,,,,,Udonis Haslem,,,,,,off,,
Carlos Arroyo,Daequan Cook,Jermaine O'Neal,Udonis Haslem,Yakhouba Diawara,Dahntay Jones,Danny Granger,Earl Watson,Luther Head,Roy Hibbert,3,2:08,MIA,shot,,,,,,,,,,Daequan Cook,,,,missed,,jump,38,15
Carlos Arroyo,Daequan Cook,Jermaine O'Neal,Udonis Haslem,Yakhouba Diawara,Dahntay Jones,Danny Granger,Earl Watson,Luther Head,Roy Hibbert,3,2:07,IND,rebound,,,,,,,,,,Earl Watson,,,,,,def,,
Carlos Arroyo,Daequan Cook,Jermaine O'Neal,Udonis Haslem,Yakhouba Diawara,Dahntay Jones,Danny Granger,Earl Watson,Luther Head,Roy Hibbert,3,1:56,IND,shot,Danny Granger,,,,,,,,,Roy Hibbert,2,,,made,,jump hook,27,10
Carlos Arroyo,Daequan Cook,Jermaine O'Neal,Udonis Haslem,Yakhouba Diawara,Dahntay Jones,Danny Granger,Earl Watson,Luther Head,Roy Hibbert,3,1:38,MIA,foul,,,,,,,,Roy Hibbert,,Jermaine O'Neal,,,,,,offensive,,
Carlos Arroyo,Daequan Cook,Jermaine O'Neal,Udonis Haslem,Yakhouba Diawara,Dahntay Jones,Danny Granger,Earl Watson,Luther Head,Roy Hibbert,3,1:38,MIA,turnover,,,,,,,,,,Jermaine O'Neal,,,foul,,,,,
Carlos Arroyo,Daequan Cook,Jermaine O'Neal,Udonis Haslem,Yakhouba Diawara,Dahntay Jones,Danny Granger,Earl Watson,Luther Head,Roy Hibbert,3,1:23,IND,shot,Danny Granger,,,,,,,,,Dahntay Jones,2,,,made,,jump,18,20
Carlos Arroyo,Daequan Cook,Jermaine O'Neal,Udonis Haslem,Yakhouba Diawara,Dahntay Jones,Danny Granger,Earl Watson,Luther Head,Roy Hibbert,3,1:04,IND,foul,,,,,,,,Jermaine O'Neal,,Roy Hibbert,,,,,,shooting,,
Carlos Arroyo,Daequan Cook,Jermaine O'Neal,Udonis Haslem,Yakhouba Diawara,Dahntay Jones,Danny Granger,Earl Watson,Luther Head,Roy Hibbert,3,1:04,MIA,free throw,,,,,,,1,,2,Udonis Haslem,,,foul,made,,,,
Carlos Arroyo,Daequan Cook,Jermaine O'Neal,Udonis Haslem,Yakhouba Diawara,Dahntay Jones,Earl Watson,Luther Head,Roy Hibbert,Troy Murphy,3,1:04,IND,sub,,,,Troy Murphy,,Danny Granger,,,,,,,,,,,,
Carlos Arroyo,Daequan Cook,Jermaine O'Neal,Udonis Haslem,Yakhouba Diawara,Dahntay Jones,Earl Watson,Luther Head,Solomon Jones,Troy Murphy,3,1:04,IND,sub,,,,Solomon Jones,,Roy Hibbert,,,,,,,,,,,,
Carlos Arroyo,Daequan Cook,Jermaine O'Neal,Udonis Haslem,Yakhouba Diawara,Dahntay Jones,Earl Watson,Luther Head,Solomon Jones,Troy Murphy,3,1:04,MIA,free throw,,,,,,,2,,2,Udonis Haslem,,,foul,made,,,,
Carlos Arroyo,Daequan Cook,Jermaine O'Neal,Udonis Haslem,Yakhouba Diawara,Dahntay Jones,Earl Watson,Luther Head,Solomon Jones,Troy Murphy,3,0:53,IND,turnover,,,,,,,,,,Troy Murphy,,,bad pass,,,,,
Carlos Arroyo,Daequan Cook,Jermaine O'Neal,Udonis Haslem,Yakhouba Diawara,Dahntay Jones,Earl Watson,Luther Head,Solomon Jones,Troy Murphy,3,0:39,MIA,shot,Carlos Arroyo,,,,,,,,,Udonis Haslem,2,,,made,,jump,17,23
Carlos Arroyo,Daequan Cook,Jermaine O'Neal,Udonis Haslem,Yakhouba Diawara,Dahntay Jones,Earl Watson,Luther Head,Solomon Jones,Troy Murphy,3,0:21,IND,shot,,,,,,,,,,Earl Watson,,,,missed,,3pt,14,30
Carlos Arroyo,Daequan Cook,Jermaine O'Neal,Udonis Haslem,Yakhouba Diawara,Dahntay Jones,Earl Watson,Luther Head,Solomon Jones,Troy Murphy,3,0:20,IND,rebound,,,,,,,,,,Solomon Jones,,,,,,off,,
Carlos Arroyo,Daequan Cook,Jermaine O'Neal,Udonis Haslem,Yakhouba Diawara,Dahntay Jones,Earl Watson,Luther Head,Solomon Jones,Troy Murphy,3,0:14,IND,shot,Dahntay Jones,,,,,,,,,Troy Murphy,2,,,made,,jump,29,25
Carlos Arroyo,Daequan Cook,Jermaine O'Neal,Udonis Haslem,Yakhouba Diawara,Dahntay Jones,Earl Watson,Luther Head,Solomon Jones,Troy Murphy,3,0:02,MIA,shot,,,,,,,,,,Carlos Arroyo,,,,missed,,jump,34,22
Carlos Arroyo,Daequan Cook,Jermaine O'Neal,Udonis Haslem,Yakhouba Diawara,Dahntay Jones,Earl Watson,Luther Head,Solomon Jones,Troy Murphy,3,0:01,MIA,rebound,,,,,,,,,,Jermaine O'Neal,,,,,,off,,
Carlos Arroyo,Daequan Cook,Jermaine O'Neal,Udonis Haslem,Yakhouba Diawara,Dahntay Jones,Earl Watson,Luther Head,Solomon Jones,Troy Murphy,3,0:00,IND,foul,,,,,,,,Jermaine O'Neal,,Earl Watson,,,,,,personal,,
Carlos Arroyo,Daequan Cook,Jermaine O'Neal,Udonis Haslem,Yakhouba Diawara,Dahntay Jones,Earl Watson,Luther Head,Solomon Jones,Troy Murphy,3,0:00,MIA,free throw,,,,,,,1,,2,Jermaine O'Neal,,,foul,missed,,,,
Carlos Arroyo,Daequan Cook,Jermaine O'Neal,Udonis Haslem,Yakhouba Diawara,Dahntay Jones,Earl Watson,Luther Head,Solomon Jones,Troy Murphy,3,0:00,MIA,rebound,,,,,,,,,,,,,,,,,,
Carlos Arroyo,Daequan Cook,Jermaine O'Neal,Udonis Haslem,Yakhouba Diawara,Dahntay Jones,Earl Watson,Luther Head,Solomon Jones,Troy Murphy,3,0:00,MIA,free throw,,,,,,,2,,2,Jermaine O'Neal,,,foul,made,,,,
Carlos Arroyo,Daequan Cook,Joel Anthony,Michael Beasley,Udonis Haslem,Dahntay Jones,Earl Watson,Luther Head,Solomon Jones,Troy Murphy,4,11:50,IND,shot,,,,,,,,,,Luther Head,2,,,made,,pullup jump,9,18
Carlos Arroyo,Daequan Cook,Joel Anthony,Michael Beasley,Udonis Haslem,Dahntay Jones,Earl Watson,Luther Head,Solomon Jones,Troy Murphy,4,11:30,MIA,shot,,,Troy Murphy,,,,,,,Udonis Haslem,,,,missed,,jump,29,13
Carlos Arroyo,Daequan Cook,Joel Anthony,Michael Beasley,Udonis Haslem,Dahntay Jones,Earl Watson,Luther Head,Solomon Jones,Troy Murphy,4,11:29,MIA,rebound,,,,,,,,,,Udonis Haslem,,,,,,off,,
Carlos Arroyo,Daequan Cook,Joel Anthony,Michael Beasley,Udonis Haslem,Dahntay Jones,Earl Watson,Luther Head,Solomon Jones,Troy Murphy,4,11:27,MIA,jump ball,,Udonis Haslem,,,Dahntay Jones,,,,,,,Luther Head,,,,,,
Carlos Arroyo,Daequan Cook,Joel Anthony,Michael Beasley,Udonis Haslem,Dahntay Jones,Earl Watson,Luther Head,Solomon Jones,Troy Murphy,4,11:27,MIA,turnover,,,,,,,,,,Udonis Haslem,,,lost ball,,Dahntay Jones,,,
Carlos Arroyo,Daequan Cook,Joel Anthony,Michael Beasley,Udonis Haslem,Dahntay Jones,Earl Watson,Luther Head,Solomon Jones,Troy Murphy,4,11:20,IND,shot,,,Joel Anthony,,,,,,,Dahntay Jones,,,,missed,,jump,21,9
Carlos Arroyo,Daequan Cook,Joel Anthony,Michael Beasley,Udonis Haslem,Dahntay Jones,Earl Watson,Luther Head,Solomon Jones,Troy Murphy,4,11:19,MIA,rebound,,,,,,,,,,,,,,,,,,
Carlos Arroyo,Daequan Cook,Joel Anthony,Michael Beasley,Udonis Haslem,Dahntay Jones,Earl Watson,Luther Head,Solomon Jones,Troy Murphy,4,11:03,MIA,turnover,,,,,,,,,,Michael Beasley,,,lost ball,,Dahntay Jones,,,
Carlos Arroyo,Daequan Cook,Joel Anthony,Michael Beasley,Udonis Haslem,Dahntay Jones,Earl Watson,Luther Head,Solomon Jones,Troy Murphy,4,10:54,IND,shot,,,,,,,,,,Luther Head,2,,,made,,floating jump,24,10
Carlos Arroyo,Daequan Cook,Joel Anthony,Michael Beasley,Udonis Haslem,Dahntay Jones,Earl Watson,Luther Head,Solomon Jones,Troy Murphy,4,10:34,MIA,shot,,,,,,,,,,Michael Beasley,,,,missed,,jump,26,26
Carlos Arroyo,Daequan Cook,Joel Anthony,Michael Beasley,Udonis Haslem,Dahntay Jones,Earl Watson,Luther Head,Solomon Jones,Troy Murphy,4,10:33,MIA,rebound,,,,,,,,,,Joel Anthony,,,,,,off,,
Carlos Arroyo,Daequan Cook,Joel Anthony,Michael Beasley,Udonis Haslem,Dahntay Jones,Earl Watson,Luther Head,Solomon Jones,Troy Murphy,4,10:17,MIA,turnover,,,,,,,,,,Carlos Arroyo,,,discontinue dribble,,,,,
Carlos Arroyo,Dwyane Wade,Joel Anthony,Michael Beasley,Udonis Haslem,Dahntay Jones,Earl Watson,Luther Head,Solomon Jones,Troy Murphy,4,10:17,MIA,sub,,,,Dwyane Wade,,Daequan Cook,,,,,,,,,,,,
Carlos Arroyo,Dwyane Wade,Joel Anthony,Michael Beasley,Udonis Haslem,Dahntay Jones,Earl Watson,Luther Head,Solomon Jones,Troy Murphy,4,10:02,IND,shot,,,,,,,,,,Luther Head,2,,,made,,driving layup,24,6
Carlos Arroyo,Dwyane Wade,Joel Anthony,Michael Beasley,Udonis Haslem,Dahntay Jones,Earl Watson,Luther Head,Solomon Jones,Troy Murphy,4,10:02,MIA,timeout,,,,,,,,,,,,,,,,regular,,
Carlos Arroyo,Dwyane Wade,Joel Anthony,Michael Beasley,Udonis Haslem,Dahntay Jones,Earl Watson,Luther Head,Solomon Jones,Troy Murphy,4,9:41,MIA,shot,,,,,,,,,,Udonis Haslem,,,,missed,,jump,17,22
Carlos Arroyo,Dwyane Wade,Joel Anthony,Michael Beasley,Udonis Haslem,Dahntay Jones,Earl Watson,Luther Head,Solomon Jones,Troy Murphy,4,9:40,MIA,rebound,,,,,,,,,,Michael Beasley,,,,,,off,,
Carlos Arroyo,Dwyane Wade,Joel Anthony,Michael Beasley,Udonis Haslem,Dahntay Jones,Earl Watson,Luther Head,Solomon Jones,Troy Murphy,4,9:21,MIA,shot,,,Solomon Jones,,,,,,,Dwyane Wade,,,,missed,,jump,29,7
Carlos Arroyo,Dwyane Wade,Joel Anthony,Michael Beasley,Udonis Haslem,Dahntay Jones,Earl Watson,Luther Head,Solomon Jones,Troy Murphy,4,9:20,IND,rebound,,,,,,,,,,Earl Watson,,,,,,def,,
Carlos Arroyo,Dwyane Wade,Joel Anthony,Michael Beasley,Udonis Haslem,Dahntay Jones,Earl Watson,Luther Head,Solomon Jones,Troy Murphy,4,9:20,MIA,foul,,,,,,,,Earl Watson,,Michael Beasley,,,,,,personal,,
Carlos Arroyo,Dwyane Wade,Joel Anthony,Michael Beasley,Udonis Haslem,Dahntay Jones,Earl Watson,Luther Head,Solomon Jones,Troy Murphy,4,9:12,IND,shot,,,,,,,,,,Luther Head,,,,missed,,3pt,6,24
Carlos Arroyo,Dwyane Wade,Joel Anthony,Michael Beasley,Udonis Haslem,Dahntay Jones,Earl Watson,Luther Head,Solomon Jones,Troy Murphy,4,9:11,MIA,rebound,,,,,,,,,,,,,,,,,,
Carlos Arroyo,Dwyane Wade,Joel Anthony,Michael Beasley,Udonis Haslem,Dahntay Jones,Earl Watson,Luther Head,Solomon Jones,Troy Murphy,4,9:11,IND,foul,,,,,,,,Joel Anthony,,Solomon Jones,,,,,,loose ball,,
Carlos Arroyo,Dwyane Wade,Joel Anthony,Michael Beasley,Udonis Haslem,Dahntay Jones,Earl Watson,Luther Head,Solomon Jones,Troy Murphy,4,8:58,MIA,shot,,,,,,,,,,Dwyane Wade,,,,missed,,jump,37,10
Carlos Arroyo,Dwyane Wade,Joel Anthony,Michael Beasley,Udonis Haslem,Dahntay Jones,Earl Watson,Luther Head,Solomon Jones,Troy Murphy,4,8:57,MIA,rebound,,,,,,,,,,Joel Anthony,,,,,,off,,
Carlos Arroyo,Dwyane Wade,Joel Anthony,Michael Beasley,Udonis Haslem,Dahntay Jones,Earl Watson,Luther Head,Solomon Jones,Troy Murphy,4,8:56,MIA,shot,,,,,,,,,,Joel Anthony,,,,missed,,tip,23,8
Carlos Arroyo,Dwyane Wade,Joel Anthony,Michael Beasley,Udonis Haslem,Dahntay Jones,Earl Watson,Luther Head,Solomon Jones,Troy Murphy,4,8:55,MIA,rebound,,,,,,,,,,Udonis Haslem,,,,,,off,,
Carlos Arroyo,Dwyane Wade,Joel Anthony,Michael Beasley,Udonis Haslem,Dahntay Jones,Earl Watson,Luther Head,Solomon Jones,Troy Murphy,4,8:44,MIA,shot,,,,,,,,,,Michael Beasley,,,,missed,,jump,10,13
Carlos Arroyo,Dwyane Wade,Joel Anthony,Michael Beasley,Udonis Haslem,Dahntay Jones,Earl Watson,Luther Head,Solomon Jones,Troy Murphy,4,8:43,IND,rebound,,,,,,,,,,,,,,,,,,
Carlos Arroyo,Dwyane Wade,Joel Anthony,Michael Beasley,Udonis Haslem,Dahntay Jones,Earl Watson,Luther Head,Solomon Jones,Troy Murphy,4,8:29,IND,turnover,,,,,,,,,,Luther Head,,,bad pass,,,,,
Dwyane Wade,Joel Anthony,Michael Beasley,Quentin Richardson,Udonis Haslem,Dahntay Jones,Earl Watson,Luther Head,Solomon Jones,Troy Murphy,4,8:29,MIA,sub,,,,Quentin Richardson,,Carlos Arroyo,,,,,,,,,,,,
Dwyane Wade,Joel Anthony,Mario Chalmers,Quentin Richardson,Udonis Haslem,Dahntay Jones,Earl Watson,Luther Head,Solomon Jones,Troy Murphy,4,8:29,MIA,sub,,,,Mario Chalmers,,Michael Beasley,,,,,,,,,,,,
Dwyane Wade,Joel Anthony,Mario Chalmers,Quentin Richardson,Udonis Haslem,Dahntay Jones,Earl Watson,Luther Head,Solomon Jones,Troy Murphy,4,8:15,MIA,shot,Dwyane Wade,,,,,,,,,Joel Anthony,2,,,made,,dunk,24,7
Dwyane Wade,Joel Anthony,Mario Chalmers,Quentin Richardson,Udonis Haslem,Dahntay Jones,Earl Watson,Luther Head,Solomon Jones,Troy Murphy,4,8:01,IND,shot,Luther Head,,,,,,,,,Troy Murphy,2,,,made,,jump,8,11
Dwyane Wade,Joel Anthony,Mario Chalmers,Quentin Richardson,Udonis Haslem,Dahntay Jones,Earl Watson,Luther Head,Solomon Jones,Troy Murphy,4,7:39,IND,foul,,,,,,,,Dwyane Wade,,Troy Murphy,,,,,,shooting,,
Dwyane Wade,Joel Anthony,Mario Chalmers,Quentin Richardson,Udonis Haslem,Danny Granger,Earl Watson,Luther Head,Solomon Jones,Troy Murphy,4,7:39,IND,sub,,,,Danny Granger,,Dahntay Jones,,,,,,,,,,,,
Dwyane Wade,Joel Anthony,Mario Chalmers,Quentin Richardson,Udonis Haslem,Danny Granger,Earl Watson,Luther Head,Solomon Jones,Troy Murphy,4,7:39,MIA,free throw,,,,,,,1,,2,Dwyane Wade,,,foul,missed,,,,
Dwyane Wade,Joel Anthony,Mario Chalmers,Quentin Richardson,Udonis Haslem,Danny Granger,Earl Watson,Luther Head,Solomon Jones,Troy Murphy,4,7:39,MIA,rebound,,,,,,,,,,,,,,,,,,
Dwyane Wade,Joel Anthony,Mario Chalmers,Quentin Richardson,Udonis Haslem,Danny Granger,Earl Watson,Luther Head,Solomon Jones,Troy Murphy,4,7:39,MIA,free throw,,,,,,,2,,2,Dwyane Wade,,,foul,made,,,,
Dwyane Wade,Joel Anthony,Mario Chalmers,Quentin Richardson,Udonis Haslem,Danny Granger,Earl Watson,Luther Head,Solomon Jones,Troy Murphy,4,7:29,IND,shot,,,,,,,,,,Troy Murphy,,,,missed,,jump,42,6
Dwyane Wade,Joel Anthony,Mario Chalmers,Quentin Richardson,Udonis Haslem,Danny Granger,Earl Watson,Luther Head,Solomon Jones,Troy Murphy,4,7:28,MIA,rebound,,,,,,,,,,Udonis Haslem,,,,,,def,,
Dwyane Wade,Joel Anthony,Mario Chalmers,Quentin Richardson,Udonis Haslem,Danny Granger,Earl Watson,Luther Head,Solomon Jones,Troy Murphy,4,7:17,IND,foul,,,,,,,,Dwyane Wade,,Troy Murphy,,,,,,shooting,,
Dwyane Wade,Joel Anthony,Mario Chalmers,Quentin Richardson,Udonis Haslem,Danny Granger,Earl Watson,Luther Head,Solomon Jones,Troy Murphy,4,7:17,MIA,free throw,,,,,,,1,,2,Dwyane Wade,,,foul,missed,,,,
Dwyane Wade,Joel Anthony,Mario Chalmers,Quentin Richardson,Udonis Haslem,Danny Granger,Earl Watson,Luther Head,Solomon Jones,Troy Murphy,4,7:17,MIA,rebound,,,,,,,,,,,,,,,,,,
Dwyane Wade,Joel Anthony,Mario Chalmers,Quentin Richardson,Udonis Haslem,Danny Granger,Earl Watson,Luther Head,Solomon Jones,Troy Murphy,4,7:17,MIA,free throw,,,,,,,2,,2,Dwyane Wade,,,foul,made,,,,
Dwyane Wade,Joel Anthony,Mario Chalmers,Quentin Richardson,Udonis Haslem,Danny Granger,Earl Watson,Luther Head,Solomon Jones,Troy Murphy,4,7:06,IND,shot,Earl Watson,,,,,,,,,Troy Murphy,2,,,made,,driving layup,25,6
Dwyane Wade,Joel Anthony,Mario Chalmers,Quentin Richardson,Udonis Haslem,Danny Granger,Earl Watson,Luther Head,Solomon Jones,Troy Murphy,4,7:06,MIA,foul,,,,,,,,Troy Murphy,,Joel Anthony,,,,,,shooting,,
Dwyane Wade,Jermaine O'Neal,Mario Chalmers,Quentin Richardson,Udonis Haslem,Danny Granger,Earl Watson,Luther Head,Solomon Jones,Troy Murphy,4,7:06,MIA,sub,,,,Jermaine O'Neal,,Joel Anthony,,,,,,,,,,,,
Dwyane Wade,Jermaine O'Neal,Mario Chalmers,Quentin Richardson,Udonis Haslem,Danny Granger,Earl Watson,Luther Head,Solomon Jones,Troy Murphy,4,7:06,IND,free throw,,,,,,,1,,1,Troy Murphy,,,foul,made,,,,
Dwyane Wade,Jermaine O'Neal,Mario Chalmers,Quentin Richardson,Udonis Haslem,Danny Granger,Earl Watson,Luther Head,Solomon Jones,Troy Murphy,4,6:53,MIA,turnover,,,,,,,,,,Mario Chalmers,,,discontinue dribble,,,,,
Dwyane Wade,Jermaine O'Neal,Mario Chalmers,Quentin Richardson,Udonis Haslem,Danny Granger,Earl Watson,Luther Head,Solomon Jones,Troy Murphy,4,6:34,IND,shot,,,,,,,,,,Danny Granger,,,,missed,,3pt,36,30
Dwyane Wade,Jermaine O'Neal,Mario Chalmers,Quentin Richardson,Udonis Haslem,Danny Granger,Earl Watson,Luther Head,Solomon Jones,Troy Murphy,4,6:33,MIA,rebound,,,,,,,,,,Jermaine O'Neal,,,,,,def,,
Dwyane Wade,Jermaine O'Neal,Mario Chalmers,Quentin Richardson,Udonis Haslem,Danny Granger,Earl Watson,Luther Head,Solomon Jones,Troy Murphy,4,6:21,MIA,shot,,,Earl Watson,,,,,,,Jermaine O'Neal,,,,missed,,jump,32,16
Dwyane Wade,Jermaine O'Neal,Mario Chalmers,Quentin Richardson,Udonis Haslem,Danny Granger,Earl Watson,Luther Head,Solomon Jones,Troy Murphy,4,6:21,MIA,rebound,,,,,,,,,,,,,,,,,,
Dwyane Wade,Jermaine O'Neal,Mario Chalmers,Quentin Richardson,Udonis Haslem,Danny Granger,Earl Watson,Luther Head,Solomon Jones,Troy Murphy,4,6:19,IND,foul,,,,,,,,Dwyane Wade,,Troy Murphy,,,,,,shooting,,
Dwyane Wade,Jermaine O'Neal,Mario Chalmers,Quentin Richardson,Udonis Haslem,Danny Granger,Earl Watson,Luther Head,Solomon Jones,Troy Murphy,4,6:19,MIA,free throw,,,,,,,1,,2,Dwyane Wade,,,foul,made,,,,
Dwyane Wade,Jermaine O'Neal,Mario Chalmers,Quentin Richardson,Udonis Haslem,Danny Granger,Earl Watson,Luther Head,Solomon Jones,Troy Murphy,4,6:19,MIA,free throw,,,,,,,2,,2,Dwyane Wade,,,foul,made,,,,
Dwyane Wade,Jermaine O'Neal,Mario Chalmers,Quentin Richardson,Udonis Haslem,Danny Granger,Earl Watson,Luther Head,Solomon Jones,Troy Murphy,4,5:57,MIA,foul,,,,,,,,Solomon Jones,,Jermaine O'Neal,,,,,,shooting,,
Dwyane Wade,Jermaine O'Neal,Mario Chalmers,Quentin Richardson,Udonis Haslem,Danny Granger,Earl Watson,Luther Head,Solomon Jones,Troy Murphy,4,5:57,IND,timeout,,,,,,,,,,,,,,,,official,,
Dwyane Wade,Jermaine O'Neal,Mario Chalmers,Quentin Richardson,Udonis Haslem,Dahntay Jones,Danny Granger,Earl Watson,Solomon Jones,Troy Murphy,4,5:57,IND,sub,,,,Dahntay Jones,,Luther Head,,,,,,,,,,,,
Dwyane Wade,Jermaine O'Neal,Mario Chalmers,Quentin Richardson,Udonis Haslem,Dahntay Jones,Danny Granger,Earl Watson,Solomon Jones,Troy Murphy,4,5:57,IND,free throw,,,,,,,1,,2,Solomon Jones,,,foul,made,,,,
Dwyane Wade,Jermaine O'Neal,Mario Chalmers,Quentin Richardson,Udonis Haslem,Dahntay Jones,Danny Granger,Earl Watson,Solomon Jones,Troy Murphy,4,5:57,IND,free throw,,,,,,,2,,2,Solomon Jones,,,foul,made,,,,
Dwyane Wade,Jermaine O'Neal,Mario Chalmers,Quentin Richardson,Udonis Haslem,Dahntay Jones,Danny Granger,Earl Watson,Solomon Jones,Troy Murphy,4,5:35,MIA,shot,,,,,,,,,,Dwyane Wade,2,,,made,,jump,12,21
Dwyane Wade,Jermaine O'Neal,Mario Chalmers,Quentin Richardson,Udonis Haslem,Dahntay Jones,Danny Granger,Earl Watson,Solomon Jones,Troy Murphy,4,5:20,IND,shot,,,,,,,,,,Troy Murphy,,,,missed,,jump,38,17
Dwyane Wade,Jermaine O'Neal,Mario Chalmers,Quentin Richardson,Udonis Haslem,Dahntay Jones,Danny Granger,Earl Watson,Solomon Jones,Troy Murphy,4,5:18,MIA,rebound,,,,,,,,,,Jermaine O'Neal,,,,,,def,,
Dwyane Wade,Jermaine O'Neal,Mario Chalmers,Quentin Richardson,Udonis Haslem,Dahntay Jones,Danny Granger,Earl Watson,Solomon Jones,Troy Murphy,4,5:00,MIA,shot,,,,,,,,,,Jermaine O'Neal,,,,missed,,jump,14,20
Dwyane Wade,Jermaine O'Neal,Mario Chalmers,Quentin Richardson,Udonis Haslem,Dahntay Jones,Danny Granger,Earl Watson,Solomon Jones,Troy Murphy,4,4:59,IND,rebound,,,,,,,,,,Danny Granger,,,,,,def,,
Dwyane Wade,Jermaine O'Neal,Mario Chalmers,Quentin Richardson,Udonis Haslem,Dahntay Jones,Danny Granger,Earl Watson,Solomon Jones,Troy Murphy,4,4:53,IND,shot,,,,,,,,,,Danny Granger,,,,missed,,3pt,15,30
Dwyane Wade,Jermaine O'Neal,Mario Chalmers,Quentin Richardson,Udonis Haslem,Dahntay Jones,Danny Granger,Earl Watson,Solomon Jones,Troy Murphy,4,4:52,MIA,rebound,,,,,,,,,,Jermaine O'Neal,,,,,,def,,
Dwyane Wade,Jermaine O'Neal,Mario Chalmers,Quentin Richardson,Udonis Haslem,Dahntay Jones,Danny Granger,Earl Watson,Solomon Jones,Troy Murphy,4,4:38,MIA,shot,,,,,,,,,,Dwyane Wade,,,,missed,,jump,38,23
Dwyane Wade,Jermaine O'Neal,Mario Chalmers,Quentin Richardson,Udonis Haslem,Dahntay Jones,Danny Granger,Earl Watson,Solomon Jones,Troy Murphy,4,4:38,IND,rebound,,,,,,,,,,,,,,,,,,
Dwyane Wade,Jermaine O'Neal,Mario Chalmers,Quentin Richardson,Udonis Haslem,Dahntay Jones,Danny Granger,Earl Watson,Solomon Jones,Troy Murphy,4,4:29,MIA,violation,,,,,,,,,,Quentin Richardson,,,,,,kicked ball,,
Dwyane Wade,Jermaine O'Neal,Mario Chalmers,Quentin Richardson,Udonis Haslem,Dahntay Jones,Danny Granger,Earl Watson,Solomon Jones,Troy Murphy,4,4:19,IND,shot,,,,,,,,,,Dahntay Jones,,,,missed,,jump,26,12
Dwyane Wade,Jermaine O'Neal,Mario Chalmers,Quentin Richardson,Udonis Haslem,Dahntay Jones,Danny Granger,Earl Watson,Solomon Jones,Troy Murphy,4,4:18,MIA,rebound,,,,,,,,,,Udonis Haslem,,,,,,def,,
Dwyane Wade,Jermaine O'Neal,Mario Chalmers,Quentin Richardson,Udonis Haslem,Dahntay Jones,Danny Granger,Earl Watson,Solomon Jones,Troy Murphy,4,3:55,IND,foul,,,,,,,,Jermaine O'Neal,,Troy Murphy,,,,,,shooting,,
Dwyane Wade,Jermaine O'Neal,Mario Chalmers,Quentin Richardson,Udonis Haslem,Dahntay Jones,Danny Granger,Earl Watson,Solomon Jones,Troy Murphy,4,3:55,MIA,free throw,,,,,,,1,,2,Jermaine O'Neal,,,foul,missed,,,,
Dwyane Wade,Jermaine O'Neal,Mario Chalmers,Quentin Richardson,Udonis Haslem,Dahntay Jones,Danny Granger,Earl Watson,Solomon Jones,Troy Murphy,4,3:55,MIA,rebound,,,,,,,,,,,,,,,,,,
Dwyane Wade,Jermaine O'Neal,Mario Chalmers,Quentin Richardson,Udonis Haslem,Dahntay Jones,Danny Granger,Earl Watson,Solomon Jones,Troy Murphy,4,3:55,MIA,free throw,,,,,,,2,,2,Jermaine O'Neal,,,foul,missed,,,,
Dwyane Wade,Jermaine O'Neal,Mario Chalmers,Quentin Richardson,Udonis Haslem,Dahntay Jones,Danny Granger,Earl Watson,Solomon Jones,Troy Murphy,4,3:55,IND,rebound,,,,,,,,,,Troy Murphy,,,,,,def,,
Dwyane Wade,Jermaine O'Neal,Mario Chalmers,Quentin Richardson,Udonis Haslem,Dahntay Jones,Danny Granger,Earl Watson,Solomon Jones,Troy Murphy,4,3:41,IND,shot,Earl Watson,,,,,,,,,Danny Granger,3,,,made,,3pt,2,5
Dwyane Wade,Jermaine O'Neal,Mario Chalmers,Quentin Richardson,Udonis Haslem,Dahntay Jones,Danny Granger,Earl Watson,Solomon Jones,Troy Murphy,4,3:17,MIA,shot,,,,,,,,,,Dwyane Wade,2,,,made,,jump,40,21
Dwyane Wade,Jermaine O'Neal,Mario Chalmers,Quentin Richardson,Udonis Haslem,Dahntay Jones,Danny Granger,Earl Watson,Solomon Jones,Troy Murphy,4,3:04,IND,foul,,,,,,,,Jermaine O'Neal,,Dahntay Jones,,,,,,offensive,,
Dwyane Wade,Jermaine O'Neal,Mario Chalmers,Quentin Richardson,Udonis Haslem,Dahntay Jones,Danny Granger,Earl Watson,Solomon Jones,Troy Murphy,4,3:04,IND,turnover,,,,,,,,,,Dahntay Jones,,,foul,,,,,
Dwyane Wade,Jermaine O'Neal,Mario Chalmers,Quentin Richardson,Udonis Haslem,Danny Granger,Earl Watson,Luther Head,Solomon Jones,Troy Murphy,4,3:04,IND,sub,,,,Luther Head,,Dahntay Jones,,,,,,,,,,,,
Dwyane Wade,Jermaine O'Neal,Mario Chalmers,Quentin Richardson,Udonis Haslem,Danny Granger,Earl Watson,Luther Head,Solomon Jones,Troy Murphy,4,2:48,MIA,shot,,,Solomon Jones,,,,,,,Udonis Haslem,,,,missed,,jump,20,7
Dwyane Wade,Jermaine O'Neal,Mario Chalmers,Quentin Richardson,Udonis Haslem,Danny Granger,Earl Watson,Luther Head,Solomon Jones,Troy Murphy,4,2:46,MIA,rebound,,,,,,,,,,Udonis Haslem,,,,,,off,,
Dwyane Wade,Jermaine O'Neal,Mario Chalmers,Quentin Richardson,Udonis Haslem,Danny Granger,Earl Watson,Luther Head,Solomon Jones,Troy Murphy,4,2:43,MIA,shot,,,,,,,,,,Dwyane Wade,,,,missed,,3pt,27,32
Dwyane Wade,Jermaine O'Neal,Mario Chalmers,Quentin Richardson,Udonis Haslem,Danny Granger,Earl Watson,Luther Head,Solomon Jones,Troy Murphy,4,2:42,IND,rebound,,,,,,,,,,Danny Granger,,,,,,def,,
Dwyane Wade,Jermaine O'Neal,Mario Chalmers,Quentin Richardson,Udonis Haslem,Danny Granger,Earl Watson,Luther Head,Solomon Jones,Troy Murphy,4,2:37,MIA,foul,,,,,,,,Luther Head,,Dwyane Wade,,,,,,personal,,
Dwyane Wade,Jermaine O'Neal,Mario Chalmers,Quentin Richardson,Udonis Haslem,Danny Granger,Earl Watson,Luther Head,Solomon Jones,Troy Murphy,4,2:37,IND,timeout,,,,,,,,,,,,,,,,regular,,
Dwyane Wade,Jermaine O'Neal,Mario Chalmers,Quentin Richardson,Udonis Haslem,Danny Granger,Earl Watson,Luther Head,Solomon Jones,Troy Murphy,4,2:30,IND,foul,,,,,,,,Quentin Richardson,,Danny Granger,,,,,,offensive,,
Dwyane Wade,Jermaine O'Neal,Mario Chalmers,Quentin Richardson,Udonis Haslem,Danny Granger,Earl Watson,Luther Head,Solomon Jones,Troy Murphy,4,2:30,IND,turnover,,,,,,,,,,Danny Granger,,,foul,,,,,
Dwyane Wade,Jermaine O'Neal,Mario Chalmers,Quentin Richardson,Udonis Haslem,Danny Granger,Earl Watson,Luther Head,Solomon Jones,Troy Murphy,4,2:09,MIA,shot,Quentin Richardson,,,,,,,,,Jermaine O'Neal,2,,,made,,jump,25,23
Dwyane Wade,Jermaine O'Neal,Mario Chalmers,Quentin Richardson,Udonis Haslem,Danny Granger,Earl Watson,Luther Head,Solomon Jones,Troy Murphy,4,1:52,IND,shot,,,,,,,,,,Luther Head,,,,missed,,jump,22,21
Dwyane Wade,Jermaine O'Neal,Mario Chalmers,Quentin Richardson,Udonis Haslem,Danny Granger,Earl Watson,Luther Head,Solomon Jones,Troy Murphy,4,1:51,MIA,rebound,,,,,,,,,,Quentin Richardson,,,,,,def,,
Dwyane Wade,Jermaine O'Neal,Mario Chalmers,Quentin Richardson,Udonis Haslem,Danny Granger,Earl Watson,Luther Head,Solomon Jones,Troy Murphy,4,1:37,IND,foul,,,,,,,,Dwyane Wade,,Solomon Jones,,,,,,shooting,,
Dwyane Wade,Jermaine O'Neal,Mario Chalmers,Quentin Richardson,Udonis Haslem,Danny Granger,Earl Watson,Luther Head,Roy Hibbert,Troy Murphy,4,1:37,IND,sub,,,,Roy Hibbert,,Solomon Jones,,,,,,,,,,,,
Dwyane Wade,Jermaine O'Neal,Mario Chalmers,Quentin Richardson,Udonis Haslem,Danny Granger,Earl Watson,Luther Head,Roy Hibbert,Troy Murphy,4,1:37,IND,violation,,,,,,,,,,,,,,,,delay of game,,
Dwyane Wade,Jermaine O'Neal,Mario Chalmers,Quentin Richardson,Udonis Haslem,Danny Granger,Earl Watson,Luther Head,Roy Hibbert,Troy Murphy,4,1:37,MIA,free throw,,,,,,,1,,2,Dwyane Wade,,,foul,made,,,,
Dwyane Wade,Jermaine O'Neal,Mario Chalmers,Quentin Richardson,Udonis Haslem,Danny Granger,Earl Watson,Luther Head,Roy Hibbert,Troy Murphy,4,1:37,MIA,free throw,,,,,,,2,,2,Dwyane Wade,,,foul,made,,,,
Dwyane Wade,Jermaine O'Neal,Mario Chalmers,Quentin Richardson,Udonis Haslem,Danny Granger,Earl Watson,Luther Head,Roy Hibbert,Troy Murphy,4,1:26,IND,shot,,,,,,,,,,Danny Granger,2,,,made,,layup,25,7
Dwyane Wade,Jermaine O'Neal,Mario Chalmers,Quentin Richardson,Udonis Haslem,Danny Granger,Earl Watson,Josh McRoberts,Luther Head,Roy Hibbert,4,1:19,IND,sub,,,,Josh McRoberts,,Troy Murphy,,,,,,,,,,,,
Dwyane Wade,Jermaine O'Neal,Mario Chalmers,Quentin Richardson,Udonis Haslem,A.J. Price,Danny Granger,Josh McRoberts,Luther Head,Roy Hibbert,4,1:19,IND,sub,,,,A.J. Price,,Earl Watson,,,,,,,,,,,,
Dwyane Wade,Jermaine O'Neal,Mario Chalmers,Quentin Richardson,Udonis Haslem,A.J. Price,Danny Granger,Josh McRoberts,Luther Head,Roy Hibbert,4,1:07,IND,foul,,,,,,,,Dwyane Wade,,Luther Head,,,,,,shooting,,
Dwyane Wade,Jermaine O'Neal,Mario Chalmers,Quentin Richardson,Udonis Haslem,A.J. Price,Danny Granger,Josh McRoberts,Luther Head,Roy Hibbert,4,1:07,MIA,free throw,,,,,,,1,,2,Dwyane Wade,,,foul,made,,,,
Dwyane Wade,Joel Anthony,Mario Chalmers,Quentin Richardson,Udonis Haslem,A.J. Price,Danny Granger,Josh McRoberts,Luther Head,Roy Hibbert,4,1:07,MIA,sub,,,,Joel Anthony,,Jermaine O'Neal,,,,,,,,,,,,
Dwyane Wade,Joel Anthony,Mario Chalmers,Quentin Richardson,Udonis Haslem,A.J. Price,Brandon Rush,Josh McRoberts,Luther Head,Roy Hibbert,4,1:07,IND,sub,,,,Brandon Rush,,Danny Granger,,,,,,,,,,,,
Dwyane Wade,Joel Anthony,Mario Chalmers,Quentin Richardson,Udonis Haslem,A.J. Price,Brandon Rush,Josh McRoberts,Luther Head,Roy Hibbert,4,1:07,MIA,free throw,,,,,,,2,,2,Dwyane Wade,,,foul,missed,,,,
Dwyane Wade,Joel Anthony,Mario Chalmers,Quentin Richardson,Udonis Haslem,A.J. Price,Brandon Rush,Josh McRoberts,Luther Head,Roy Hibbert,4,1:07,IND,rebound,,,,,,,,,,Josh McRoberts,,,,,,def,,
Dwyane Wade,Joel Anthony,Mario Chalmers,Quentin Richardson,Udonis Haslem,A.J. Price,Brandon Rush,Josh McRoberts,Luther Head,Roy Hibbert,4,0:55,IND,turnover,,,,,,,,,,Luther Head,,,bad pass,,Udonis Haslem,,,
Dwyane Wade,Joel Anthony,Mario Chalmers,Quentin Richardson,Udonis Haslem,A.J. Price,Brandon Rush,Josh McRoberts,Luther Head,Roy Hibbert,4,0:37,MIA,shot,Mario Chalmers,,,,,,,,,Udonis Haslem,2,,,made,,jump,18,22
Dwyane Wade,Joel Anthony,Mario Chalmers,Quentin Richardson,Udonis Haslem,A.J. Price,Brandon Rush,Josh McRoberts,Luther Head,Roy Hibbert,4,0:30,IND,shot,,,,,,,,,,Luther Head,2,,,made,,layup,25,5
Dwyane Wade,Joel Anthony,Mario Chalmers,Quentin Richardson,Udonis Haslem,A.J. Price,Brandon Rush,Josh McRoberts,Luther Head,Roy Hibbert,4,0:04,MIA,shot,,,,,,,,,,Udonis Haslem,,,,missed,,jump,41,13
Dwyane Wade,Joel Anthony,Mario Chalmers,Quentin Richardson,Udonis Haslem,A.J. Price,Brandon Rush,Josh McRoberts,Luther Head,Roy Hibbert,4,0:03,IND,rebound,,,,,,,,,,Roy Hibbert,,,,,,def,,
