a1,a2,a3,a4,a5,h1,h2,h3,h4,h5,period,time,team,etype,assist,away,block,entered,home,left,num,opponent,outof,player,points,possession,reason,result,steal,type,x,y
Andres Nocioni,Beno Udrih,Jason Thompson,Spencer Hawes,Tyreke Evans,Dirk Nowitzki,Drew Gooden,Jason Kidd,Quinton Ross,Rodrigue Beaubois,1,12:00,OFF,jump ball,,Spencer Hawes,,,Drew Gooden,,,,,,,Rodrigue Beaubois,,,,,,
Andres Nocioni,Beno Udrih,Jason Thompson,Spencer Hawes,Tyreke Evans,Dirk Nowitzki,Drew Gooden,Jason Kidd,Quinton Ross,Rodrigue Beaubois,1,11:44,DAL,shot,,,,,,,,,,Dirk Nowitzki,,,,missed,,jump,9,13
Andres Nocioni,Beno Udrih,Jason Thompson,Spencer Hawes,Tyreke Evans,Dirk Nowitzki,Drew Gooden,Jason Kidd,Quinton Ross,Rodrigue Beaubois,1,11:43,DAL,rebound,,,,,,,,,,Quinton Ross,,,,,,off,,
Andres Nocioni,Beno Udrih,Jason Thompson,Spencer Hawes,Tyreke Evans,Dirk Nowitzki,Drew Gooden,Jason Kidd,Quinton Ross,Rodrigue Beaubois,1,11:43,DAL,shot,,,,,,,,,,Quinton Ross,2,,,made,,putback layup,25,6
Andres Nocioni,Beno Udrih,Jason Thompson,Spencer Hawes,Tyreke Evans,Dirk Nowitzki,Drew Gooden,Jason Kidd,Quinton Ross,Rodrigue Beaubois,1,11:43,SAC,foul,,,,,,,,Quinton Ross,,Tyreke Evans,,,,,,shooting,,
Andres Nocioni,Beno Udrih,Jason Thompson,Spencer Hawes,Tyreke Evans,Dirk Nowitzki,Drew Gooden,Jason Kidd,Quinton Ross,Rodrigue Beaubois,1,11:43,DAL,free throw,,,,,,,1,,1,Quinton Ross,,,foul,missed,,,,
Andres Nocioni,Beno Udrih,Jason Thompson,Spencer Hawes,Tyreke Evans,Dirk Nowitzki,Drew Gooden,Jason Kidd,Quinton Ross,Rodrigue Beaubois,1,11:40,SAC,rebound,,,,,,,,,,Jason Thompson,,,,,,def,,
Andres Nocioni,Beno Udrih,Jason Thompson,Spencer Hawes,Tyreke Evans,Dirk Nowitzki,Drew Gooden,Jason Kidd,Quinton Ross,Rodrigue Beaubois,1,11:27,SAC,turnover,,,,,,,,,,Jason Thompson,,,out of bounds lost ball turnover,,,,,
Andres Nocioni,Beno Udrih,Jason Thompson,Spencer Hawes,Tyreke Evans,Dirk Nowitzki,Drew Gooden,Jason Kidd,Quinton Ross,Rodrigue Beaubois,1,11:14,DAL,turnover,,,,,,,,,,Jason Kidd,,,bad pass,,Jason Thompson,,,
Andres Nocioni,Beno Udrih,Jason Thompson,Spencer Hawes,Tyreke Evans,Dirk Nowitzki,Drew Gooden,Jason Kidd,Quinton Ross,Rodrigue Beaubois,1,11:09,SAC,shot,,,,,,,,,,Andres Nocioni,,,,missed,,jump,7,19
Andres Nocioni,Beno Udrih,Jason Thompson,Spencer Hawes,Tyreke Evans,Dirk Nowitzki,Drew Gooden,Jason Kidd,Quinton Ross,Rodrigue Beaubois,1,11:06,DAL,rebound,,,,,,,,,,Drew Gooden,,,,,,def,,
Andres Nocioni,Beno Udrih,Jason Thompson,Spencer Hawes,Tyreke Evans,Dirk Nowitzki,Drew Gooden,Jason Kidd,Quinton Ross,Rodrigue Beaubois,1,10:52,DAL,shot,,,,,,,,,,Rodrigue Beaubois,2,,,made,,driving layup,25,6
Andres Nocioni,Beno Udrih,Jason Thompson,Spencer Hawes,Tyreke Evans,Dirk Nowitzki,Drew Gooden,Jason Kidd,Quinton Ross,Rodrigue Beaubois,1,10:34,SAC,turnover,,,,,,,,,,Beno Udrih,,,bad pass,,Jason Kidd,,,
Andres Nocioni,Beno Udrih,Jason Thompson,Spencer Hawes,Tyreke Evans,Dirk Nowitzki,Drew Gooden,Jason Kidd,Quinton Ross,Rodrigue Beaubois,1,10:21,DAL,shot,,,,,,,,,,Drew Gooden,,,,missed,,layup,25,6
Andres Nocioni,Beno Udrih,Jason Thompson,Spencer Hawes,Tyreke Evans,Dirk Nowitzki,Drew Gooden,Jason Kidd,Quinton Ross,Rodrigue Beaubois,1,10:20,DAL,rebound,,,,,,,,,,Drew Gooden,,,,,,off,,
Andres Nocioni,Beno Udrih,Jason Thompson,Spencer Hawes,Tyreke Evans,Dirk Nowitzki,Drew Gooden,Jason Kidd,Quinton Ross,Rodrigue Beaubois,1,10:20,DAL,shot,,,,,,,,,,Drew Gooden,,,,missed,,tip,25,6
Andres Nocioni,Beno Udrih,Jason Thompson,Spencer Hawes,Tyreke Evans,Dirk Nowitzki,Drew Gooden,Jason Kidd,Quinton Ross,Rodrigue Beaubois,1,10:19,DAL,rebound,,,,,,,,,,,,,,,,,,
Andres Nocioni,Beno Udrih,Jason Thompson,Spencer Hawes,Tyreke Evans,Dirk Nowitzki,Drew Gooden,Jason Kidd,Quinton Ross,Rodrigue Beaubois,1,10:16,DAL,shot,Rodrigue Beaubois,,,,,,,,,Jason Kidd,3,,,made,,3pt,13,28
Andres Nocioni,Beno Udrih,Jason Thompson,Spencer Hawes,Tyreke Evans,Dirk Nowitzki,Drew Gooden,Jason Kidd,Quinton Ross,Rodrigue Beaubois,1,10:10,SAC,timeout,,,,,,,,,,,,,,,,regular,,
Andres Nocioni,Beno Udrih,Jason Thompson,Spencer Hawes,Tyreke Evans,Dirk Nowitzki,Drew Gooden,Jason Kidd,Quinton Ross,Rodrigue Beaubois,1,9:58,SAC,shot,Andres Nocioni,,,,,,,,,Jason Thompson,2,,,made,,layup,25,6
Andres Nocioni,Beno Udrih,Jason Thompson,Spencer Hawes,Tyreke Evans,Dirk Nowitzki,Drew Gooden,Jason Kidd,Quinton Ross,Rodrigue Beaubois,1,9:38,DAL,shot,,,,,,,,,,Drew Gooden,,,,missed,,layup,25,6
Andres Nocioni,Beno Udrih,Jason Thompson,Spencer Hawes,Tyreke Evans,Dirk Nowitzki,Drew Gooden,Jason Kidd,Quinton Ross,Rodrigue Beaubois,1,9:37,SAC,rebound,,,,,,,,,,Spencer Hawes,,,,,,def,,
Andres Nocioni,Beno Udrih,Jason Thompson,Spencer Hawes,Tyreke Evans,Dirk Nowitzki,Drew Gooden,Jason Kidd,Quinton Ross,Rodrigue Beaubois,1,9:31,SAC,shot,Tyreke Evans,,,,,,,,,Jason Thompson,2,,,made,,hook,30,8
Andres Nocioni,Beno Udrih,Jason Thompson,Spencer Hawes,Tyreke Evans,Dirk Nowitzki,Drew Gooden,Jason Kidd,Quinton Ross,Rodrigue Beaubois,1,9:20,DAL,foul,,,,,,,,Spencer Hawes,,Drew Gooden,,,,,,offensive,,
Andres Nocioni,Beno Udrih,Jason Thompson,Spencer Hawes,Tyreke Evans,Dirk Nowitzki,Drew Gooden,Jason Kidd,Quinton Ross,Rodrigue Beaubois,1,9:20,DAL,turnover,,,,,,,,,,Drew Gooden,,,foul,,,,,
Andres Nocioni,Beno Udrih,Jason Thompson,Spencer Hawes,Tyreke Evans,Dirk Nowitzki,Drew Gooden,Jason Kidd,Quinton Ross,Rodrigue Beaubois,1,9:01,SAC,shot,Beno Udrih,,,,,,,,,Jason Thompson,2,,,made,,jump,44,11
Andres Nocioni,Beno Udrih,Jason Thompson,Spencer Hawes,Tyreke Evans,Dirk Nowitzki,Drew Gooden,Jason Kidd,Quinton Ross,Rodrigue Beaubois,1,8:48,DAL,shot,,,,,,,,,,Drew Gooden,,,,missed,,running layup,25,6
Andres Nocioni,Beno Udrih,Jason Thompson,Spencer Hawes,Tyreke Evans,Dirk Nowitzki,Drew Gooden,Jason Kidd,Quinton Ross,Rodrigue Beaubois,1,8:47,SAC,rebound,,,,,,,,,,Spencer Hawes,,,,,,def,,
Andres Nocioni,Beno Udrih,Jason Thompson,Spencer Hawes,Tyreke Evans,Dirk Nowitzki,Drew Gooden,Jason Kidd,Quinton Ross,Rodrigue Beaubois,1,8:34,SAC,shot,,,,,,,,,,Andres Nocioni,2,,,made,,driving finger roll layup,25,6
Andres Nocioni,Beno Udrih,Jason Thompson,Spencer Hawes,Tyreke Evans,Dirk Nowitzki,Drew Gooden,Jason Kidd,Quinton Ross,Rodrigue Beaubois,1,8:11,DAL,shot,Jason Kidd,,,,,,,,,Dirk Nowitzki,2,,,made,,turnaround bank,35,9
Andres Nocioni,Beno Udrih,Jason Thompson,Spencer Hawes,Tyreke Evans,Dirk Nowitzki,Drew Gooden,Jason Kidd,Quinton Ross,Rodrigue Beaubois,1,7:55,SAC,shot,,,,,,,,,,Andres Nocioni,,,,missed,,jump,41,14
Andres Nocioni,Beno Udrih,Jason Thompson,Spencer Hawes,Tyreke Evans,Dirk Nowitzki,Drew Gooden,Jason Kidd,Quinton Ross,Rodrigue Beaubois,1,7:52,DAL,rebound,,,,,,,,,,Dirk Nowitzki,,,,,,def,,
Andres Nocioni,Beno Udrih,Jason Thompson,Spencer Hawes,Tyreke Evans,Dirk Nowitzki,Drew Gooden,Jason Kidd,Quinton Ross,Rodrigue Beaubois,1,7:36,SAC,foul,,,,,,,,Dirk Nowitzki,,Jason Thompson,,,,,,shooting,,
Andres Nocioni,Beno Udrih,Jason Thompson,Spencer Hawes,Tyreke Evans,Dirk Nowitzki,Drew Gooden,Jason Kidd,Quinton Ross,Rodrigue Beaubois,1,7:36,DAL,free throw,,,,,,,1,,2,Dirk Nowitzki,,,foul,made,,,,
Andres Nocioni,Beno Udrih,Jason Thompson,Spencer Hawes,Tyreke Evans,Dirk Nowitzki,Drew Gooden,Jason Kidd,Quinton Ross,Rodrigue Beaubois,1,7:36,DAL,free throw,,,,,,,2,,2,Dirk Nowitzki,,,foul,made,,,,
Andres Nocioni,Beno Udrih,Jason Thompson,Spencer Hawes,Tyreke Evans,Dirk Nowitzki,Drew Gooden,Jason Kidd,Quinton Ross,Rodrigue Beaubois,1,7:15,SAC,shot,,,,,,,,,,Andres Nocioni,,,,missed,,jump,10,17
Andres Nocioni,Beno Udrih,Jason Thompson,Spencer Hawes,Tyreke Evans,Dirk Nowitzki,Drew Gooden,Jason Kidd,Quinton Ross,Rodrigue Beaubois,1,7:12,DAL,rebound,,,,,,,,,,Drew Gooden,,,,,,def,,
Andres Nocioni,Beno Udrih,Jason Thompson,Spencer Hawes,Tyreke Evans,Dirk Nowitzki,Drew Gooden,Jason Kidd,Quinton Ross,Rodrigue Beaubois,1,7:11,DAL,shot,Jason Kidd,,,,,,,,,Dirk Nowitzki,2,,,made,,layup,25,6
Andres Nocioni,Beno Udrih,Jason Thompson,Spencer Hawes,Tyreke Evans,Dirk Nowitzki,Drew Gooden,Jason Kidd,Quinton Ross,Rodrigue Beaubois,1,7:11,SAC,foul,,,,,,,,Dirk Nowitzki,,Andres Nocioni,,,,,,shooting,,
Beno Udrih,Jason Thompson,Omri Casspi,Spencer Hawes,Tyreke Evans,Dirk Nowitzki,Drew Gooden,Jason Kidd,Quinton Ross,Rodrigue Beaubois,1,7:11,SAC,sub,,,,Omri Casspi,,Andres Nocioni,,,,,,,,,,,,
Beno Udrih,Jason Thompson,Omri Casspi,Spencer Hawes,Tyreke Evans,Dirk Nowitzki,Drew Gooden,Jason Kidd,Quinton Ross,Rodrigue Beaubois,1,7:11,DAL,free throw,,,,,,,1,,1,Dirk Nowitzki,,,foul,made,,,,
Beno Udrih,Jason Thompson,Omri Casspi,Spencer Hawes,Tyreke Evans,Dirk Nowitzki,Drew Gooden,Jason Kidd,Quinton Ross,Rodrigue Beaubois,1,6:52,SAC,shot,,,,,,,,,,Jason Thompson,,,,missed,,jump,29,26
Beno Udrih,Jason Thompson,Omri Casspi,Spencer Hawes,Tyreke Evans,Dirk Nowitzki,Drew Gooden,Jason Kidd,Quinton Ross,Rodrigue Beaubois,1,6:51,DAL,rebound,,,,,,,,,,Rodrigue Beaubois,,,,,,def,,
Beno Udrih,Jason Thompson,Omri Casspi,Spencer Hawes,Tyreke Evans,Dirk Nowitzki,Drew Gooden,Jason Kidd,Quinton Ross,Rodrigue Beaubois,1,6:46,DAL,shot,,,,,,,,,,Rodrigue Beaubois,2,,,made,,driving layup,25,6
Beno Udrih,Jason Thompson,Omri Casspi,Spencer Hawes,Tyreke Evans,Dirk Nowitzki,Drew Gooden,Jason Kidd,Quinton Ross,Rodrigue Beaubois,1,6:34,SAC,shot,Omri Casspi,,,,,,,,,Spencer Hawes,2,,,made,,reverse layup,25,6
Beno Udrih,Jason Thompson,Omri Casspi,Spencer Hawes,Tyreke Evans,Dirk Nowitzki,Drew Gooden,Jason Kidd,Quinton Ross,Rodrigue Beaubois,1,6:21,DAL,foul,,,,,,,,Spencer Hawes,,Rodrigue Beaubois,,,,,,offensive,,
Beno Udrih,Jason Thompson,Omri Casspi,Spencer Hawes,Tyreke Evans,Dirk Nowitzki,Drew Gooden,Jason Kidd,Quinton Ross,Rodrigue Beaubois,1,6:21,DAL,turnover,,,,,,,,,,Rodrigue Beaubois,,,foul,,,,,
Beno Udrih,Jason Thompson,Omri Casspi,Spencer Hawes,Tyreke Evans,Dirk Nowitzki,Drew Gooden,Jason Kidd,Quinton Ross,Rodrigue Beaubois,1,6:01,SAC,shot,,,,,,,,,,Spencer Hawes,,,,missed,,layup,25,6
Beno Udrih,Jason Thompson,Omri Casspi,Spencer Hawes,Tyreke Evans,Dirk Nowitzki,Drew Gooden,Jason Kidd,Quinton Ross,Rodrigue Beaubois,1,5:59,SAC,rebound,,,,,,,,,,Spencer Hawes,,,,,,off,,
Beno Udrih,Jason Thompson,Omri Casspi,Spencer Hawes,Tyreke Evans,Dirk Nowitzki,Drew Gooden,Jason Kidd,Quinton Ross,Rodrigue Beaubois,1,5:58,SAC,shot,,,Drew Gooden,,,,,,,Spencer Hawes,,,,missed,,layup,25,6
Beno Udrih,Jason Thompson,Omri Casspi,Spencer Hawes,Tyreke Evans,Dirk Nowitzki,Drew Gooden,Jason Kidd,Quinton Ross,Rodrigue Beaubois,1,5:57,SAC,rebound,,,,,,,,,,Jason Thompson,,,,,,off,,
Beno Udrih,Jason Thompson,Omri Casspi,Spencer Hawes,Tyreke Evans,Dirk Nowitzki,Drew Gooden,Jason Kidd,Quinton Ross,Rodrigue Beaubois,1,5:55,SAC,shot,,,,,,,,,,Jason Thompson,2,,,made,,layup,25,6
Beno Udrih,Jason Thompson,Omri Casspi,Spencer Hawes,Tyreke Evans,Dirk Nowitzki,Drew Gooden,Jason Kidd,Quinton Ross,Rodrigue Beaubois,1,5:44,DAL,shot,,,,,,,,,,Jason Kidd,,,,missed,,3pt,2,12
Beno Udrih,Jason Thompson,Omri Casspi,Spencer Hawes,Tyreke Evans,Dirk Nowitzki,Drew Gooden,Jason Kidd,Quinton Ross,Rodrigue Beaubois,1,5:43,DAL,rebound,,,,,,,,,,Drew Gooden,,,,,,off,,
Beno Udrih,Jason Thompson,Omri Casspi,Spencer Hawes,Tyreke Evans,Dirk Nowitzki,Drew Gooden,Jason Kidd,Quinton Ross,Rodrigue Beaubois,1,5:38,DAL,turnover,,,,,,,,,,Drew Gooden,,,bad pass,,Omri Casspi,,,
Beno Udrih,Jason Thompson,Omri Casspi,Spencer Hawes,Tyreke Evans,Dirk Nowitzki,Drew Gooden,Jason Kidd,Quinton Ross,Rodrigue Beaubois,1,5:31,SAC,shot,Tyreke Evans,,,,,,,,,Omri Casspi,2,,,made,,alley oop layup,25,6
Beno Udrih,Jason Thompson,Omri Casspi,Spencer Hawes,Tyreke Evans,Dirk Nowitzki,Drew Gooden,Jason Kidd,Quinton Ross,Rodrigue Beaubois,1,5:16,DAL,shot,,,,,,,,,,Jason Kidd,,,,missed,,layup,25,6
Beno Udrih,Jason Thompson,Omri Casspi,Spencer Hawes,Tyreke Evans,Dirk Nowitzki,Drew Gooden,Jason Kidd,Quinton Ross,Rodrigue Beaubois,1,5:14,DAL,rebound,,,,,,,,,,Drew Gooden,,,,,,off,,
Beno Udrih,Jason Thompson,Omri Casspi,Spencer Hawes,Tyreke Evans,Dirk Nowitzki,Drew Gooden,Jason Kidd,Quinton Ross,Rodrigue Beaubois,1,5:14,DAL,shot,,,,,,,,,,Drew Gooden,2,,,made,,putback dunk,25,6
Beno Udrih,Jason Thompson,Omri Casspi,Spencer Hawes,Tyreke Evans,Dirk Nowitzki,Drew Gooden,Jason Kidd,Quinton Ross,Rodrigue Beaubois,1,4:55,SAC,shot,,,,,,,,,,Tyreke Evans,,,,missed,,fade away jumper,44,15
Beno Udrih,Jason Thompson,Omri Casspi,Spencer Hawes,Tyreke Evans,Dirk Nowitzki,Drew Gooden,Jason Kidd,Quinton Ross,Rodrigue Beaubois,1,4:53,DAL,rebound,,,,,,,,,,Drew Gooden,,,,,,def,,
Beno Udrih,Jason Thompson,Omri Casspi,Spencer Hawes,Tyreke Evans,Dirk Nowitzki,Drew Gooden,Jason Kidd,Quinton Ross,Rodrigue Beaubois,1,4:41,DAL,shot,,,,,,,,,,Rodrigue Beaubois,,,,missed,,driving layup,25,6
Beno Udrih,Jason Thompson,Omri Casspi,Spencer Hawes,Tyreke Evans,Dirk Nowitzki,Drew Gooden,Jason Kidd,Quinton Ross,Rodrigue Beaubois,1,4:40,DAL,rebound,,,,,,,,,,Drew Gooden,,,,,,off,,
Beno Udrih,Jason Thompson,Omri Casspi,Spencer Hawes,Tyreke Evans,Dirk Nowitzki,Drew Gooden,Jason Kidd,Quinton Ross,Rodrigue Beaubois,1,4:39,DAL,shot,,,,,,,,,,Drew Gooden,,,,missed,,tip,25,6
Beno Udrih,Jason Thompson,Omri Casspi,Spencer Hawes,Tyreke Evans,Dirk Nowitzki,Drew Gooden,Jason Kidd,Quinton Ross,Rodrigue Beaubois,1,4:37,DAL,rebound,,,,,,,,,,Drew Gooden,,,,,,off,,
Beno Udrih,Jason Thompson,Omri Casspi,Spencer Hawes,Tyreke Evans,Dirk Nowitzki,Drew Gooden,Jason Kidd,Quinton Ross,Rodrigue Beaubois,1,4:37,DAL,shot,,,,,,,,,,Drew Gooden,,,,missed,,tip,25,6
Beno Udrih,Jason Thompson,Omri Casspi,Spencer Hawes,Tyreke Evans,Dirk Nowitzki,Drew Gooden,Jason Kidd,Quinton Ross,Rodrigue Beaubois,1,4:36,SAC,rebound,,,,,,,,,,Omri Casspi,,,,,,def,,
Beno Udrih,Jason Thompson,Omri Casspi,Spencer Hawes,Tyreke Evans,Dirk Nowitzki,Drew Gooden,Jason Kidd,Quinton Ross,Rodrigue Beaubois,1,4:27,SAC,shot,,,,,,,,,,Tyreke Evans,2,,,made,,driving layup,25,6
Beno Udrih,Jason Thompson,Omri Casspi,Spencer Hawes,Tyreke Evans,Dirk Nowitzki,Drew Gooden,Jason Kidd,Quinton Ross,Rodrigue Beaubois,1,4:23,DAL,timeout,,,,,,,,,,,,,,,,regular,,
Beno Udrih,Jason Thompson,Omri Casspi,Spencer Hawes,Tyreke Evans,Drew Gooden,Jason Kidd,Jason Terry,Quinton Ross,Rodrigue Beaubois,1,4:23,DAL,sub,,,,Jason Terry,,Dirk Nowitzki,,,,,,,,,,,,
Beno Udrih,Jason Thompson,Omri Casspi,Spencer Hawes,Tyreke Evans,Drew Gooden,Jason Kidd,Jason Terry,Quinton Ross,Tim Thomas,1,4:23,DAL,sub,,,,Tim Thomas,,Rodrigue Beaubois,,,,,,,,,,,,
Beno Udrih,Jason Thompson,Omri Casspi,Spencer Hawes,Tyreke Evans,Drew Gooden,Jason Kidd,Jason Terry,Quinton Ross,Tim Thomas,1,4:08,DAL,shot,,,,,,,,,,Drew Gooden,,,,missed,,turnaround jump,11,17
Beno Udrih,Jason Thompson,Omri Casspi,Spencer Hawes,Tyreke Evans,Drew Gooden,Jason Kidd,Jason Terry,Quinton Ross,Tim Thomas,1,4:07,SAC,rebound,,,,,,,,,,Omri Casspi,,,,,,def,,
Beno Udrih,Jason Thompson,Omri Casspi,Spencer Hawes,Tyreke Evans,Drew Gooden,Jason Kidd,Jason Terry,Quinton Ross,Tim Thomas,1,3:57,SAC,foul,,,,,,,,Drew Gooden,,Jason Thompson,,,,,,offensive,,
Beno Udrih,Jason Thompson,Omri Casspi,Spencer Hawes,Tyreke Evans,Drew Gooden,Jason Kidd,Jason Terry,Quinton Ross,Tim Thomas,1,3:57,SAC,turnover,,,,,,,,,,Jason Thompson,,,foul,,,,,
Beno Udrih,Kenny Thomas,Omri Casspi,Spencer Hawes,Tyreke Evans,Drew Gooden,Jason Kidd,Jason Terry,Quinton Ross,Tim Thomas,1,3:57,SAC,sub,,,,Kenny Thomas,,Jason Thompson,,,,,,,,,,,,
Beno Udrih,Kenny Thomas,Omri Casspi,Spencer Hawes,Tyreke Evans,Drew Gooden,Jason Kidd,Jason Terry,Quinton Ross,Tim Thomas,1,3:39,DAL,shot,,,,,,,,,,Tim Thomas,,,,missed,,3pt,35,30
Beno Udrih,Kenny Thomas,Omri Casspi,Spencer Hawes,Tyreke Evans,Drew Gooden,Jason Kidd,Jason Terry,Quinton Ross,Tim Thomas,1,3:37,DAL,rebound,,,,,,,,,,Drew Gooden,,,,,,off,,
Beno Udrih,Kenny Thomas,Omri Casspi,Spencer Hawes,Tyreke Evans,Drew Gooden,Jason Kidd,Jason Terry,Quinton Ross,Tim Thomas,1,3:25,DAL,shot,,,,,,,,,,Jason Terry,,,,missed,,3pt,40,26
Beno Udrih,Kenny Thomas,Omri Casspi,Spencer Hawes,Tyreke Evans,Drew Gooden,Jason Kidd,Jason Terry,Quinton Ross,Tim Thomas,1,3:23,SAC,rebound,,,,,,,,,,Kenny Thomas,,,,,,def,,
Beno Udrih,Kenny Thomas,Omri Casspi,Spencer Hawes,Tyreke Evans,Drew Gooden,Jason Kidd,Jason Terry,Quinton Ross,Tim Thomas,1,3:15,SAC,shot,,,,,,,,,,Spencer Hawes,,,,missed,,turnaround bank hook,21,10
Beno Udrih,Kenny Thomas,Omri Casspi,Spencer Hawes,Tyreke Evans,Drew Gooden,Jason Kidd,Jason Terry,Quinton Ross,Tim Thomas,1,3:13,DAL,rebound,,,,,,,,,,Tim Thomas,,,,,,def,,
Beno Udrih,Kenny Thomas,Omri Casspi,Spencer Hawes,Tyreke Evans,Drew Gooden,Jason Kidd,Jason Terry,Quinton Ross,Tim Thomas,1,3:07,DAL,shot,,,,,,,,,,Jason Terry,,,,missed,,jump,32,24
Beno Udrih,Kenny Thomas,Omri Casspi,Spencer Hawes,Tyreke Evans,Drew Gooden,Jason Kidd,Jason Terry,Quinton Ross,Tim Thomas,1,3:06,SAC,rebound,,,,,,,,,,Tyreke Evans,,,,,,def,,
Beno Udrih,Kenny Thomas,Omri Casspi,Spencer Hawes,Tyreke Evans,Drew Gooden,Jason Kidd,Jason Terry,Quinton Ross,Tim Thomas,1,3:02,SAC,shot,Tyreke Evans,,,,,,,,,Beno Udrih,2,,,made,,running layup,25,6
Beno Udrih,Kenny Thomas,Omri Casspi,Spencer Hawes,Tyreke Evans,Drew Gooden,Jason Kidd,Jason Terry,Quinton Ross,Tim Thomas,1,2:45,DAL,foul,,,,,,,,Beno Udrih,,Drew Gooden,,,,,,offensive,,
Beno Udrih,Kenny Thomas,Omri Casspi,Spencer Hawes,Tyreke Evans,Drew Gooden,Jason Kidd,Jason Terry,Quinton Ross,Tim Thomas,1,2:45,DAL,turnover,,,,,,,,,,Drew Gooden,,,foul,,,,,
Beno Udrih,Kenny Thomas,Omri Casspi,Spencer Hawes,Tyreke Evans,Jason Kidd,Jason Terry,Kris Humphries,Quinton Ross,Tim Thomas,1,2:45,DAL,sub,,,,Kris Humphries,,Drew Gooden,,,,,,,,,,,,
Beno Udrih,Kenny Thomas,Omri Casspi,Spencer Hawes,Tyreke Evans,Jason Kidd,Jason Terry,Kris Humphries,Quinton Ross,Tim Thomas,1,2:33,SAC,shot,,,,,,,,,,Tyreke Evans,2,,,made,,running dunk,25,6
Beno Udrih,Kenny Thomas,Omri Casspi,Spencer Hawes,Tyreke Evans,Jason Kidd,Jason Terry,Kris Humphries,Quinton Ross,Tim Thomas,1,2:21,DAL,shot,Jason Kidd,,,,,,,,,Kris Humphries,2,,,made,,slam dunk,25,6
Beno Udrih,Kenny Thomas,Omri Casspi,Spencer Hawes,Tyreke Evans,Jason Kidd,Jason Terry,Kris Humphries,Quinton Ross,Tim Thomas,1,1:56,SAC,shot,,,,,,,,,,Tyreke Evans,,,,missed,,jump,11,23
Beno Udrih,Kenny Thomas,Omri Casspi,Spencer Hawes,Tyreke Evans,Jason Kidd,Jason Terry,Kris Humphries,Quinton Ross,Tim Thomas,1,1:55,DAL,rebound,,,,,,,,,,Kris Humphries,,,,,,def,,
Beno Udrih,Kenny Thomas,Omri Casspi,Spencer Hawes,Tyreke Evans,Jason Kidd,Jason Terry,Kris Humphries,Quinton Ross,Tim Thomas,1,1:43,DAL,shot,,,,,,,,,,Kris Humphries,,,,missed,,jump,31,22
Beno Udrih,Kenny Thomas,Omri Casspi,Spencer Hawes,Tyreke Evans,Jason Kidd,Jason Terry,Kris Humphries,Quinton Ross,Tim Thomas,1,1:42,SAC,rebound,,,,,,,,,,Beno Udrih,,,,,,def,,
Beno Udrih,Kenny Thomas,Omri Casspi,Spencer Hawes,Tyreke Evans,Jason Kidd,Jason Terry,Kris Humphries,Quinton Ross,Tim Thomas,1,1:39,SAC,shot,,,,,,,,,,Beno Udrih,2,,,made,,running layup,25,6
Beno Udrih,Kenny Thomas,Omri Casspi,Spencer Hawes,Tyreke Evans,Jason Kidd,Jason Terry,Kris Humphries,Quinton Ross,Tim Thomas,1,1:22,DAL,shot,,,,,,,,,,Tim Thomas,,,,missed,,layup,25,6
Beno Udrih,Kenny Thomas,Omri Casspi,Spencer Hawes,Tyreke Evans,Jason Kidd,Jason Terry,Kris Humphries,Quinton Ross,Tim Thomas,1,1:20,DAL,rebound,,,,,,,,,,Tim Thomas,,,,,,off,,
Beno Udrih,Kenny Thomas,Omri Casspi,Spencer Hawes,Tyreke Evans,Jason Kidd,Jason Terry,Kris Humphries,Quinton Ross,Tim Thomas,1,1:19,DAL,shot,,,Tyreke Evans,,,,,,,Tim Thomas,,,,missed,,layup,25,6
Beno Udrih,Kenny Thomas,Omri Casspi,Spencer Hawes,Tyreke Evans,Jason Kidd,Jason Terry,Kris Humphries,Quinton Ross,Tim Thomas,1,1:17,SAC,rebound,,,,,,,,,,Tyreke Evans,,,,,,def,,
Beno Udrih,Kenny Thomas,Omri Casspi,Spencer Hawes,Tyreke Evans,Jason Kidd,Jason Terry,Kris Humphries,Quinton Ross,Tim Thomas,1,1:15,SAC,shot,Tyreke Evans,,,,,,,,,Omri Casspi,2,,,made,,layup,25,6
Beno Udrih,Kenny Thomas,Omri Casspi,Spencer Hawes,Tyreke Evans,Jason Kidd,Jason Terry,Kris Humphries,Quinton Ross,Tim Thomas,1,1:15,DAL,foul,,,,,,,,Omri Casspi,,Quinton Ross,,,,,,shooting,,
Beno Udrih,Kenny Thomas,Omri Casspi,Spencer Hawes,Tyreke Evans,Dirk Nowitzki,Jason Terry,Kris Humphries,Quinton Ross,Tim Thomas,1,1:15,DAL,sub,,,,Dirk Nowitzki,,Jason Kidd,,,,,,,,,,,,
Beno Udrih,Kenny Thomas,Omri Casspi,Spencer Hawes,Tyreke Evans,Dirk Nowitzki,Jason Terry,Jose Juan Barea,Kris Humphries,Tim Thomas,1,1:15,DAL,sub,,,,Jose Juan Barea,,Quinton Ross,,,,,,,,,,,,
Andres Nocioni,Beno Udrih,Kenny Thomas,Omri Casspi,Tyreke Evans,Dirk Nowitzki,Jason Terry,Jose Juan Barea,Kris Humphries,Tim Thomas,1,1:15,SAC,sub,,,,Andres Nocioni,,Spencer Hawes,,,,,,,,,,,,
Andres Nocioni,Beno Udrih,Kenny Thomas,Omri Casspi,Tyreke Evans,Dirk Nowitzki,Jason Terry,Jose Juan Barea,Kris Humphries,Tim Thomas,1,1:15,SAC,free throw,,,,,,,1,,1,Omri Casspi,,,foul,missed,,,,
Andres Nocioni,Beno Udrih,Kenny Thomas,Omri Casspi,Tyreke Evans,Dirk Nowitzki,Jason Terry,Jose Juan Barea,Kris Humphries,Tim Thomas,1,1:14,DAL,rebound,,,,,,,,,,Tim Thomas,,,,,,def,,
Andres Nocioni,Beno Udrih,Kenny Thomas,Omri Casspi,Tyreke Evans,Dirk Nowitzki,Jason Terry,Jose Juan Barea,Kris Humphries,Tim Thomas,1,1:00,DAL,shot,Kris Humphries,,,,,,,,,Tim Thomas,2,,,made,,layup,25,6
Andres Nocioni,Beno Udrih,Kenny Thomas,Omri Casspi,Tyreke Evans,Dirk Nowitzki,Jason Terry,Jose Juan Barea,Kris Humphries,Tim Thomas,1,0:44,SAC,turnover,,,,,,,,,,Tyreke Evans,,,lost ball,,Tim Thomas,,,
Andres Nocioni,Beno Udrih,Kenny Thomas,Omri Casspi,Tyreke Evans,Dirk Nowitzki,Jason Terry,Jose Juan Barea,Kris Humphries,Tim Thomas,1,0:32,DAL,shot,,,,,,,,,,Jose Juan Barea,,,,missed,,driving layup,25,6
Andres Nocioni,Beno Udrih,Kenny Thomas,Omri Casspi,Tyreke Evans,Dirk Nowitzki,Jason Terry,Jose Juan Barea,Kris Humphries,Tim Thomas,1,0:31,SAC,rebound,,,,,,,,,,Kenny Thomas,,,,,,def,,
Andres Nocioni,Beno Udrih,Kenny Thomas,Omri Casspi,Tyreke Evans,Dirk Nowitzki,Jason Terry,Jose Juan Barea,Kris Humphries,Tim Thomas,1,0:13,SAC,shot,,,,,,,,,,Tyreke Evans,,,,missed,,driving layup,25,6
Andres Nocioni,Beno Udrih,Kenny Thomas,Omri Casspi,Tyreke Evans,Dirk Nowitzki,Jason Terry,Jose Juan Barea,Kris Humphries,Tim Thomas,1,0:12,DAL,rebound,,,,,,,,,,Tim Thomas,,,,,,def,,
Andres Nocioni,Beno Udrih,Kenny Thomas,Omri Casspi,Tyreke Evans,Dirk Nowitzki,Jason Terry,Jose Juan Barea,Kris Humphries,Tim Thomas,1,0:00,DAL,shot,,,,,,,,,,Dirk Nowitzki,,,,missed,,3pt,42,25
Andres Nocioni,Beno Udrih,Kenny Thomas,Omri Casspi,Tyreke Evans,Dirk Nowitzki,Jason Terry,Jose Juan Barea,Kris Humphries,Tim Thomas,1,0:00,DAL,rebound,,,,,,,,,,,,,,,,,,
Andres Nocioni,Kenny Thomas,Omri Casspi,Sergio Rodriguez,Tyreke Evans,Dirk Nowitzki,Jason Terry,Jose Juan Barea,Kris Humphries,Tim Thomas,2,11:44,SAC,shot,,,Dirk Nowitzki,,,,,,,Andres Nocioni,,,,missed,,driving layup,25,6
Andres Nocioni,Kenny Thomas,Omri Casspi,Sergio Rodriguez,Tyreke Evans,Dirk Nowitzki,Jason Terry,Jose Juan Barea,Kris Humphries,Tim Thomas,2,11:44,DAL,rebound,,,,,,,,,,,,,,,,,,
Andres Nocioni,Kenny Thomas,Omri Casspi,Sergio Rodriguez,Tyreke Evans,Dirk Nowitzki,Jason Terry,Jose Juan Barea,Kris Humphries,Tim Thomas,2,11:28,DAL,shot,Dirk Nowitzki,,,,,,,,,Tim Thomas,2,,,made,,driving finger roll layup,25,11
Andres Nocioni,Kenny Thomas,Omri Casspi,Sergio Rodriguez,Tyreke Evans,Dirk Nowitzki,Jason Terry,Jose Juan Barea,Kris Humphries,Tim Thomas,2,11:10,SAC,shot,,,,,,,,,,Omri Casspi,,,,missed,,3pt,6,24
Andres Nocioni,Kenny Thomas,Omri Casspi,Sergio Rodriguez,Tyreke Evans,Dirk Nowitzki,Jason Terry,Jose Juan Barea,Kris Humphries,Tim Thomas,2,11:09,SAC,rebound,,,,,,,,,,Andres Nocioni,,,,,,off,,
Andres Nocioni,Kenny Thomas,Omri Casspi,Sergio Rodriguez,Tyreke Evans,Dirk Nowitzki,Jason Terry,Jose Juan Barea,Kris Humphries,Tim Thomas,2,11:04,SAC,shot,,,,,,,,,,Tyreke Evans,2,,,made,,driving layup,25,6
Andres Nocioni,Kenny Thomas,Omri Casspi,Sergio Rodriguez,Tyreke Evans,Dirk Nowitzki,Jason Terry,Jose Juan Barea,Kris Humphries,Tim Thomas,2,10:50,DAL,shot,Dirk Nowitzki,,,,,,,,,Tim Thomas,2,,,made,,layup,25,6
Andres Nocioni,Kenny Thomas,Omri Casspi,Sergio Rodriguez,Tyreke Evans,Dirk Nowitzki,Jason Terry,Jose Juan Barea,Kris Humphries,Tim Thomas,2,10:36,SAC,foul,,,,,,,,Jose Juan Barea,,Sergio Rodriguez,,,,,,offensive,,
Andres Nocioni,Kenny Thomas,Omri Casspi,Sergio Rodriguez,Tyreke Evans,Dirk Nowitzki,Jason Terry,Jose Juan Barea,Kris Humphries,Tim Thomas,2,10:36,SAC,turnover,,,,,,,,,,Sergio Rodriguez,,,foul,,,,,
Andres Nocioni,Donte Greene,Kenny Thomas,Sergio Rodriguez,Tyreke Evans,Dirk Nowitzki,Jason Terry,Jose Juan Barea,Kris Humphries,Tim Thomas,2,10:36,SAC,sub,,,,Donte Greene,,Omri Casspi,,,,,,,,,,,,
Andres Nocioni,Donte Greene,Kenny Thomas,Sergio Rodriguez,Tyreke Evans,Dirk Nowitzki,Jason Terry,Jose Juan Barea,Kris Humphries,Tim Thomas,2,10:21,DAL,shot,,,,,,,,,,Tim Thomas,,,,missed,,turnaround fade away,41,8
Andres Nocioni,Donte Greene,Kenny Thomas,Sergio Rodriguez,Tyreke Evans,Dirk Nowitzki,Jason Terry,Jose Juan Barea,Kris Humphries,Tim Thomas,2,10:20,SAC,rebound,,,,,,,,,,Kenny Thomas,,,,,,def,,
Andres Nocioni,Donte Greene,Kenny Thomas,Sergio Rodriguez,Tyreke Evans,Dirk Nowitzki,Jason Terry,Jose Juan Barea,Kris Humphries,Tim Thomas,2,10:11,SAC,shot,,,,,,,,,,Tyreke Evans,2,,,made,,driving finger roll layup,25,6
Andres Nocioni,Donte Greene,Kenny Thomas,Sergio Rodriguez,Tyreke Evans,Dirk Nowitzki,Jason Terry,Jose Juan Barea,Kris Humphries,Tim Thomas,2,9:51,DAL,shot,Jose Juan Barea,,,,,,,,,Kris Humphries,2,,,made,,slam dunk,25,6
Andres Nocioni,Donte Greene,Kenny Thomas,Sergio Rodriguez,Tyreke Evans,Dirk Nowitzki,Jason Terry,Jose Juan Barea,Kris Humphries,Tim Thomas,2,9:36,SAC,shot,Tyreke Evans,,,,,,,,,Andres Nocioni,3,,,made,,3pt,8,27
Andres Nocioni,Donte Greene,Kenny Thomas,Sergio Rodriguez,Tyreke Evans,Dirk Nowitzki,Jason Terry,Jose Juan Barea,Kris Humphries,Tim Thomas,2,9:09,DAL,shot,,,,,,,,,,Jose Juan Barea,,,,missed,,3pt,6,24
Andres Nocioni,Donte Greene,Kenny Thomas,Sergio Rodriguez,Tyreke Evans,Dirk Nowitzki,Jason Terry,Jose Juan Barea,Kris Humphries,Tim Thomas,2,9:07,SAC,rebound,,,,,,,,,,Tyreke Evans,,,,,,def,,
Andres Nocioni,Donte Greene,Kenny Thomas,Sergio Rodriguez,Tyreke Evans,Dirk Nowitzki,Jason Terry,Jose Juan Barea,Kris Humphries,Tim Thomas,2,9:03,SAC,shot,,,,,,,,,,Tyreke Evans,,,,missed,,layup,25,6
Andres Nocioni,Donte Greene,Kenny Thomas,Sergio Rodriguez,Tyreke Evans,Dirk Nowitzki,Jason Terry,Jose Juan Barea,Kris Humphries,Tim Thomas,2,9:01,SAC,rebound,,,,,,,,,,Kenny Thomas,,,,,,off,,
Andres Nocioni,Donte Greene,Kenny Thomas,Sergio Rodriguez,Tyreke Evans,Dirk Nowitzki,Jason Terry,Jose Juan Barea,Kris Humphries,Tim Thomas,2,8:58,SAC,shot,,,,,,,,,,Andres Nocioni,2,,,made,,layup,25,6
Andres Nocioni,Donte Greene,Kenny Thomas,Sergio Rodriguez,Tyreke Evans,Dirk Nowitzki,Jason Terry,Jose Juan Barea,Kris Humphries,Tim Thomas,2,8:56,DAL,timeout,,,,,,,,,,,,,,,,regular,,
Andres Nocioni,Beno Udrih,Donte Greene,Kenny Thomas,Tyreke Evans,Dirk Nowitzki,Jason Terry,Jose Juan Barea,Kris Humphries,Tim Thomas,2,8:56,SAC,sub,,,,Beno Udrih,,Sergio Rodriguez,,,,,,,,,,,,
Andres Nocioni,Beno Udrih,Donte Greene,Kenny Thomas,Tyreke Evans,Dirk Nowitzki,Jason Terry,Jose Juan Barea,Kris Humphries,Tim Thomas,2,8:44,DAL,shot,,,,,,,,,,Dirk Nowitzki,,,,missed,,layup,25,6
Andres Nocioni,Beno Udrih,Donte Greene,Kenny Thomas,Tyreke Evans,Dirk Nowitzki,Jason Terry,Jose Juan Barea,Kris Humphries,Tim Thomas,2,8:42,SAC,rebound,,,,,,,,,,Andres Nocioni,,,,,,def,,
Andres Nocioni,Beno Udrih,Donte Greene,Kenny Thomas,Tyreke Evans,Dirk Nowitzki,Jason Terry,Jose Juan Barea,Kris Humphries,Tim Thomas,2,8:24,SAC,shot,,,,,,,,,,Kenny Thomas,,,,missed,,driving reverse layup,25,6
Andres Nocioni,Beno Udrih,Donte Greene,Kenny Thomas,Tyreke Evans,Dirk Nowitzki,Jason Terry,Jose Juan Barea,Kris Humphries,Tim Thomas,2,8:23,DAL,rebound,,,,,,,,,,Kris Humphries,,,,,,def,,
Andres Nocioni,Beno Udrih,Donte Greene,Kenny Thomas,Tyreke Evans,Dirk Nowitzki,Jason Terry,Jose Juan Barea,Kris Humphries,Tim Thomas,2,8:14,DAL,shot,,,Beno Udrih,,,,,,,Jose Juan Barea,,,,missed,,driving layup,25,6
Andres Nocioni,Beno Udrih,Donte Greene,Kenny Thomas,Tyreke Evans,Dirk Nowitzki,Jason Terry,Jose Juan Barea,Kris Humphries,Tim Thomas,2,8:14,DAL,rebound,,,,,,,,,,,,,,,,,,
Andres Nocioni,Beno Udrih,Donte Greene,Kenny Thomas,Tyreke Evans,Dirk Nowitzki,Jason Terry,Jose Juan Barea,Kris Humphries,Tim Thomas,2,8:09,DAL,foul,,,,,,,,Donte Greene,,Jason Terry,,,,,,offensive,,
Andres Nocioni,Beno Udrih,Donte Greene,Kenny Thomas,Tyreke Evans,Dirk Nowitzki,Jason Terry,Jose Juan Barea,Kris Humphries,Tim Thomas,2,8:09,DAL,turnover,,,,,,,,,,Jason Terry,,,foul,,,,,
Andres Nocioni,Beno Udrih,Donte Greene,Kenny Thomas,Tyreke Evans,Dirk Nowitzki,Jason Terry,Jose Juan Barea,Kris Humphries,Tim Thomas,2,7:55,SAC,shot,,,,,,,,,,Beno Udrih,,,,missed,,jump,15,20
Andres Nocioni,Beno Udrih,Donte Greene,Kenny Thomas,Tyreke Evans,Dirk Nowitzki,Jason Terry,Jose Juan Barea,Kris Humphries,Tim Thomas,2,7:53,SAC,rebound,,,,,,,,,,Kenny Thomas,,,,,,off,,
Andres Nocioni,Beno Udrih,Donte Greene,Kenny Thomas,Tyreke Evans,Dirk Nowitzki,Jason Terry,Jose Juan Barea,Kris Humphries,Tim Thomas,2,7:49,SAC,turnover,,,,,,,,,,Beno Udrih,,,lost ball,,Jose Juan Barea,,,
Andres Nocioni,Beno Udrih,Donte Greene,Kenny Thomas,Tyreke Evans,Dirk Nowitzki,Jason Terry,Jose Juan Barea,Kris Humphries,Tim Thomas,2,7:43,DAL,shot,,,,,,,,,,Dirk Nowitzki,,,,missed,,jump,10,18
Andres Nocioni,Beno Udrih,Donte Greene,Kenny Thomas,Tyreke Evans,Dirk Nowitzki,Jason Terry,Jose Juan Barea,Kris Humphries,Tim Thomas,2,7:41,SAC,rebound,,,,,,,,,,Donte Greene,,,,,,def,,
Andres Nocioni,Beno Udrih,Donte Greene,Kenny Thomas,Tyreke Evans,Dirk Nowitzki,Jason Terry,Jose Juan Barea,Kris Humphries,Tim Thomas,2,7:25,SAC,turnover,,,,,,,,,,Kenny Thomas,,,3 second violation,,,,,
Andres Nocioni,Beno Udrih,Donte Greene,Kenny Thomas,Tyreke Evans,Dirk Nowitzki,Jason Terry,Jose Juan Barea,Kris Humphries,Tim Thomas,2,7:09,DAL,shot,Tim Thomas,,,,,,,,,Kris Humphries,2,,,made,,jump,27,24
Andres Nocioni,Beno Udrih,Donte Greene,Kenny Thomas,Tyreke Evans,Dirk Nowitzki,Jason Terry,Jose Juan Barea,Kris Humphries,Tim Thomas,2,6:44,SAC,shot,,,,,,,,,,Beno Udrih,,,,missed,,floating jump,24,15
Andres Nocioni,Beno Udrih,Donte Greene,Kenny Thomas,Tyreke Evans,Dirk Nowitzki,Jason Terry,Jose Juan Barea,Kris Humphries,Tim Thomas,2,6:43,DAL,rebound,,,,,,,,,,Kris Humphries,,,,,,def,,
Andres Nocioni,Beno Udrih,Donte Greene,Kenny Thomas,Tyreke Evans,Dirk Nowitzki,Jason Terry,Jose Juan Barea,Kris Humphries,Tim Thomas,2,6:31,SAC,foul,,,,,,,,Kris Humphries,,Tyreke Evans,,,,,,personal,,
Andres Nocioni,Beno Udrih,Donte Greene,Kenny Thomas,Tyreke Evans,Dirk Nowitzki,Jason Terry,Jose Juan Barea,Kris Humphries,Tim Thomas,2,6:27,DAL,shot,,,,,,,,,,Jason Terry,2,,,made,,pullup jump,15,20
Andres Nocioni,Beno Udrih,Donte Greene,Kenny Thomas,Tyreke Evans,Dirk Nowitzki,Jason Terry,Jose Juan Barea,Kris Humphries,Tim Thomas,2,6:03,SAC,shot,,,,,,,,,,Donte Greene,,,,missed,,3pt,2,11
Andres Nocioni,Beno Udrih,Donte Greene,Kenny Thomas,Tyreke Evans,Dirk Nowitzki,Jason Terry,Jose Juan Barea,Kris Humphries,Tim Thomas,2,6:01,SAC,rebound,,,,,,,,,,Kenny Thomas,,,,,,off,,
Andres Nocioni,Beno Udrih,Donte Greene,Kenny Thomas,Tyreke Evans,Dirk Nowitzki,Jason Terry,Jose Juan Barea,Kris Humphries,Tim Thomas,2,5:58,SAC,shot,,,,,,,,,,Tyreke Evans,,,,missed,,layup,25,6
Andres Nocioni,Beno Udrih,Donte Greene,Kenny Thomas,Tyreke Evans,Dirk Nowitzki,Jason Terry,Jose Juan Barea,Kris Humphries,Tim Thomas,2,5:57,DAL,rebound,,,,,,,,,,Kris Humphries,,,,,,def,,
Andres Nocioni,Beno Udrih,Donte Greene,Kenny Thomas,Tyreke Evans,Dirk Nowitzki,Jason Terry,Jose Juan Barea,Kris Humphries,Tim Thomas,2,5:47,DAL,shot,,,,,,,,,,Dirk Nowitzki,2,,,made,,driving layup,25,6
Andres Nocioni,Beno Udrih,Donte Greene,Kenny Thomas,Tyreke Evans,Dirk Nowitzki,Jason Terry,Jose Juan Barea,Kris Humphries,Tim Thomas,2,5:47,SAC,foul,,,,,,,,Dirk Nowitzki,,Andres Nocioni,,,,,,shooting,,
Andres Nocioni,Beno Udrih,Donte Greene,Kenny Thomas,Tyreke Evans,Dirk Nowitzki,Jason Terry,Jose Juan Barea,Kris Humphries,Tim Thomas,2,5:47,DAL,timeout,,,,,,,,,,,,,,,,official,,
Andres Nocioni,Beno Udrih,Donte Greene,Kenny Thomas,Tyreke Evans,Dirk Nowitzki,Jason Kidd,Jason Terry,Kris Humphries,Tim Thomas,2,5:47,DAL,sub,,,,Jason Kidd,,Jose Juan Barea,,,,,,,,,,,,
Andres Nocioni,Beno Udrih,Donte Greene,Ime Udoka,Kenny Thomas,Dirk Nowitzki,Jason Kidd,Jason Terry,Kris Humphries,Tim Thomas,2,5:47,SAC,sub,,,,Ime Udoka,,Tyreke Evans,,,,,,,,,,,,
Andres Nocioni,Beno Udrih,Donte Greene,Ime Udoka,Jason Thompson,Dirk Nowitzki,Jason Kidd,Jason Terry,Kris Humphries,Tim Thomas,2,5:47,SAC,sub,,,,Jason Thompson,,Kenny Thomas,,,,,,,,,,,,
Andres Nocioni,Beno Udrih,Donte Greene,Ime Udoka,Jason Thompson,Dirk Nowitzki,Jason Kidd,Jason Terry,Kris Humphries,Tim Thomas,2,5:47,DAL,free throw,,,,,,,1,,1,Dirk Nowitzki,,,foul,missed,,,,
Andres Nocioni,Beno Udrih,Donte Greene,Ime Udoka,Jason Thompson,Dirk Nowitzki,Jason Kidd,Jason Terry,Kris Humphries,Tim Thomas,2,5:44,DAL,rebound,,,,,,,,,,Tim Thomas,,,,,,off,,
Andres Nocioni,Beno Udrih,Donte Greene,Ime Udoka,Jason Thompson,Dirk Nowitzki,Jason Kidd,Jason Terry,Kris Humphries,Tim Thomas,2,5:44,DAL,shot,,,,,,,,,,Tim Thomas,2,,,made,,tip,25,6
Andres Nocioni,Beno Udrih,Donte Greene,Ime Udoka,Jason Thompson,Dirk Nowitzki,Jason Kidd,Jason Terry,Kris Humphries,Tim Thomas,2,5:38,SAC,turnover,,,,,,,,,,Andres Nocioni,,,lost ball,,Jason Kidd,,,
Andres Nocioni,Beno Udrih,Donte Greene,Ime Udoka,Jason Thompson,Dirk Nowitzki,Jason Kidd,Jason Terry,Kris Humphries,Tim Thomas,2,5:33,DAL,shot,Jason Kidd,,,,,,,,,Jason Terry,2,,,made,,running slam dunk,25,6
Andres Nocioni,Beno Udrih,Donte Greene,Ime Udoka,Jason Thompson,Dirk Nowitzki,Jason Kidd,Jason Terry,Kris Humphries,Tim Thomas,2,5:12,SAC,shot,Donte Greene,,,,,,,,,Beno Udrih,2,,,made,,layup,25,6
Andres Nocioni,Beno Udrih,Donte Greene,Ime Udoka,Jason Thompson,Dirk Nowitzki,Jason Kidd,Jason Terry,Kris Humphries,Tim Thomas,2,4:52,DAL,shot,Dirk Nowitzki,,,,,,,,,Jason Kidd,3,,,made,,3pt,39,28
Andres Nocioni,Beno Udrih,Donte Greene,Ime Udoka,Jason Thompson,Dirk Nowitzki,Jason Kidd,Jason Terry,Kris Humphries,Tim Thomas,2,4:28,SAC,shot,Beno Udrih,,,,,,,,,Jason Thompson,2,,,made,,jump,10,13
Andres Nocioni,Beno Udrih,Donte Greene,Ime Udoka,Jason Thompson,Drew Gooden,Jason Kidd,Jason Terry,Kris Humphries,Tim Thomas,2,4:17,DAL,sub,,,,Drew Gooden,,Dirk Nowitzki,,,,,,,,,,,,
Beno Udrih,Donte Greene,Ime Udoka,Jason Thompson,Omri Casspi,Drew Gooden,Jason Kidd,Jason Terry,Kris Humphries,Tim Thomas,2,4:17,SAC,sub,,,,Omri Casspi,,Andres Nocioni,,,,,,,,,,,,
Beno Udrih,Donte Greene,Ime Udoka,Jason Thompson,Omri Casspi,Drew Gooden,Jason Kidd,Jason Terry,Kris Humphries,Tim Thomas,2,4:14,DAL,shot,Tim Thomas,,,,,,,,,Kris Humphries,2,,,made,,jump,12,18
Beno Udrih,Donte Greene,Ime Udoka,Jason Thompson,Omri Casspi,Drew Gooden,Jason Kidd,Jason Terry,Kris Humphries,Tim Thomas,2,3:56,SAC,shot,,,,,,,,,,Ime Udoka,,,,missed,,jump,47,12
Beno Udrih,Donte Greene,Ime Udoka,Jason Thompson,Omri Casspi,Drew Gooden,Jason Kidd,Jason Terry,Kris Humphries,Tim Thomas,2,3:55,DAL,rebound,,,,,,,,,,Drew Gooden,,,,,,def,,
Beno Udrih,Donte Greene,Ime Udoka,Jason Thompson,Omri Casspi,Drew Gooden,Jason Kidd,Jason Terry,Kris Humphries,Tim Thomas,2,3:55,SAC,foul,,,,,,,,Drew Gooden,,Donte Greene,,,,,,loose ball,,
Beno Udrih,Donte Greene,Ime Udoka,Jason Thompson,Omri Casspi,Drew Gooden,Jason Kidd,Jason Terry,Kris Humphries,Tim Thomas,2,3:37,DAL,shot,,,,,,,,,,Tim Thomas,,,,missed,,3pt,27,32
Beno Udrih,Donte Greene,Ime Udoka,Jason Thompson,Omri Casspi,Drew Gooden,Jason Kidd,Jason Terry,Kris Humphries,Tim Thomas,2,3:36,SAC,rebound,,,,,,,,,,,,,,,,,,
Donte Greene,Ime Udoka,Jason Thompson,Omri Casspi,Tyreke Evans,Drew Gooden,Jason Kidd,Jason Terry,Kris Humphries,Tim Thomas,2,3:36,SAC,sub,,,,Tyreke Evans,,Beno Udrih,,,,,,,,,,,,
Ime Udoka,Jason Thompson,Omri Casspi,Spencer Hawes,Tyreke Evans,Drew Gooden,Jason Kidd,Jason Terry,Kris Humphries,Tim Thomas,2,3:36,SAC,sub,,,,Spencer Hawes,,Donte Greene,,,,,,,,,,,,
Ime Udoka,Jason Thompson,Omri Casspi,Spencer Hawes,Tyreke Evans,Drew Gooden,Jason Kidd,Jason Terry,Kris Humphries,Tim Thomas,2,3:22,SAC,shot,Tyreke Evans,,,,,,,,,Spencer Hawes,2,,,made,,jump hook,21,14
Ime Udoka,Jason Thompson,Omri Casspi,Spencer Hawes,Tyreke Evans,Drew Gooden,Jason Kidd,Jason Terry,Kris Humphries,Tim Thomas,2,3:01,DAL,shot,,,,,,,,,,Kris Humphries,,,,missed,,jump,8,16
Ime Udoka,Jason Thompson,Omri Casspi,Spencer Hawes,Tyreke Evans,Drew Gooden,Jason Kidd,Jason Terry,Kris Humphries,Tim Thomas,2,2:59,DAL,rebound,,,,,,,,,,Jason Kidd,,,,,,off,,
Ime Udoka,Jason Thompson,Omri Casspi,Spencer Hawes,Tyreke Evans,Drew Gooden,Jason Kidd,Jason Terry,Kris Humphries,Tim Thomas,2,2:54,DAL,shot,,,,,,,,,,Drew Gooden,,,,missed,,jump,22,13
Ime Udoka,Jason Thompson,Omri Casspi,Spencer Hawes,Tyreke Evans,Drew Gooden,Jason Kidd,Jason Terry,Kris Humphries,Tim Thomas,2,2:53,SAC,rebound,,,,,,,,,,Spencer Hawes,,,,,,def,,
Ime Udoka,Jason Thompson,Omri Casspi,Spencer Hawes,Tyreke Evans,Drew Gooden,Jason Kidd,Jason Terry,Kris Humphries,Tim Thomas,2,2:48,DAL,foul,,,,,,,,Omri Casspi,,Tim Thomas,,,,,,shooting,,
Ime Udoka,Jason Thompson,Omri Casspi,Spencer Hawes,Tyreke Evans,Drew Gooden,Jason Kidd,Jason Terry,Kris Humphries,Tim Thomas,2,2:48,SAC,timeout,,,,,,,,,,,,,,,,regular,,
Ime Udoka,Jason Thompson,Omri Casspi,Spencer Hawes,Tyreke Evans,Drew Gooden,Jason Kidd,Jason Terry,Kris Humphries,Quinton Ross,2,2:48,DAL,sub,,,,Quinton Ross,,Tim Thomas,,,,,,,,,,,,
Ime Udoka,Jason Thompson,Omri Casspi,Spencer Hawes,Tyreke Evans,Drew Gooden,Jason Kidd,Jason Terry,Kris Humphries,Quinton Ross,2,2:48,SAC,free throw,,,,,,,1,,2,Omri Casspi,,,foul,made,,,,
Ime Udoka,Jason Thompson,Omri Casspi,Spencer Hawes,Tyreke Evans,Drew Gooden,Jason Kidd,Jason Terry,Kris Humphries,Quinton Ross,2,2:48,SAC,free throw,,,,,,,2,,2,Omri Casspi,,,foul,made,,,,
Ime Udoka,Jason Thompson,Omri Casspi,Spencer Hawes,Tyreke Evans,Drew Gooden,Jason Kidd,Jason Terry,Kris Humphries,Quinton Ross,2,2:32,DAL,shot,,,,,,,,,,Jason Terry,,,,missed,,jump,11,20
Ime Udoka,Jason Thompson,Omri Casspi,Spencer Hawes,Tyreke Evans,Drew Gooden,Jason Kidd,Jason Terry,Kris Humphries,Quinton Ross,2,2:30,SAC,rebound,,,,,,,,,,Ime Udoka,,,,,,def,,
Ime Udoka,Jason Thompson,Omri Casspi,Spencer Hawes,Tyreke Evans,Drew Gooden,Jason Kidd,Jason Terry,Kris Humphries,Quinton Ross,2,2:23,SAC,turnover,,,,,,,,,,Spencer Hawes,,,lost ball,,Quinton Ross,,,
Ime Udoka,Jason Thompson,Omri Casspi,Spencer Hawes,Tyreke Evans,Drew Gooden,Jason Kidd,Jason Terry,Kris Humphries,Quinton Ross,2,2:18,DAL,turnover,,,,,,,,,,Jason Terry,,,bad pass,,Ime Udoka,,,
Ime Udoka,Jason Thompson,Omri Casspi,Spencer Hawes,Tyreke Evans,Drew Gooden,Jason Kidd,Jason Terry,Kris Humphries,Quinton Ross,2,2:13,SAC,turnover,,,,,,,,,,Tyreke Evans,,,traveling,,,,,
Ime Udoka,Jason Thompson,Omri Casspi,Spencer Hawes,Tyreke Evans,Drew Gooden,Jason Kidd,Jason Terry,Kris Humphries,Quinton Ross,2,1:59,DAL,shot,Jason Terry,,,,,,,,,Kris Humphries,2,,,made,,jump,25,14
Ime Udoka,Jason Thompson,Omri Casspi,Spencer Hawes,Tyreke Evans,Drew Gooden,Jason Kidd,Jason Terry,Kris Humphries,Quinton Ross,2,1:33,DAL,foul,,,,,,,,Ime Udoka,,Jason Terry,,,,,,shooting,,
Ime Udoka,Jason Thompson,Omri Casspi,Spencer Hawes,Tyreke Evans,Drew Gooden,Jason Kidd,Jason Terry,Kris Humphries,Quinton Ross,2,1:33,SAC,free throw,,,,,,,1,,2,Ime Udoka,,,foul,missed,,,,
Ime Udoka,Jason Thompson,Omri Casspi,Spencer Hawes,Tyreke Evans,Drew Gooden,Jason Kidd,Jason Terry,Kris Humphries,Quinton Ross,2,1:33,SAC,rebound,,,,,,,,,,,,,,,,,,
Ime Udoka,Kenny Thomas,Omri Casspi,Spencer Hawes,Tyreke Evans,Drew Gooden,Jason Kidd,Jason Terry,Kris Humphries,Quinton Ross,2,1:33,SAC,sub,,,,Kenny Thomas,,Jason Thompson,,,,,,,,,,,,
Ime Udoka,Kenny Thomas,Omri Casspi,Spencer Hawes,Tyreke Evans,Drew Gooden,Jason Kidd,Jason Terry,Kris Humphries,Quinton Ross,2,1:33,SAC,free throw,,,,,,,2,,2,Ime Udoka,,,foul,made,,,,
Ime Udoka,Kenny Thomas,Omri Casspi,Spencer Hawes,Tyreke Evans,Drew Gooden,Jason Kidd,Jason Terry,Kris Humphries,Quinton Ross,2,1:15,DAL,shot,,,,,,,,,,Jason Kidd,,,,missed,,3pt,38,29
Ime Udoka,Kenny Thomas,Omri Casspi,Spencer Hawes,Tyreke Evans,Drew Gooden,Jason Kidd,Jason Terry,Kris Humphries,Quinton Ross,2,1:14,DAL,rebound,,,,,,,,,,Quinton Ross,,,,,,off,,
Ime Udoka,Kenny Thomas,Omri Casspi,Spencer Hawes,Tyreke Evans,Drew Gooden,Jason Kidd,Jason Terry,Kris Humphries,Quinton Ross,2,1:04,DAL,shot,,,,,,,,,,Drew Gooden,,,,missed,,jump hook,18,8
Ime Udoka,Kenny Thomas,Omri Casspi,Spencer Hawes,Tyreke Evans,Drew Gooden,Jason Kidd,Jason Terry,Kris Humphries,Quinton Ross,2,1:03,SAC,rebound,,,,,,,,,,Omri Casspi,,,,,,def,,
Ime Udoka,Kenny Thomas,Omri Casspi,Spencer Hawes,Tyreke Evans,Drew Gooden,Jason Kidd,Jason Terry,Kris Humphries,Quinton Ross,2,0:44,SAC,shot,,,,,,,,,,Omri Casspi,,,,missed,,jump,8,21
Ime Udoka,Kenny Thomas,Omri Casspi,Spencer Hawes,Tyreke Evans,Drew Gooden,Jason Kidd,Jason Terry,Kris Humphries,Quinton Ross,2,0:43,DAL,rebound,,,,,,,,,,Jason Kidd,,,,,,def,,
Ime Udoka,Kenny Thomas,Omri Casspi,Spencer Hawes,Tyreke Evans,Drew Gooden,Jason Kidd,Jason Terry,Kris Humphries,Quinton Ross,2,0:38,DAL,shot,Jason Kidd,,,,,,,,,Jason Terry,2,,,made,,driving layup,25,6
Ime Udoka,Kenny Thomas,Omri Casspi,Spencer Hawes,Tyreke Evans,Drew Gooden,Jason Kidd,Jason Terry,Kris Humphries,Quinton Ross,2,0:38,SAC,foul,,,,,,,,Jason Terry,,Ime Udoka,,,,,,shooting,,
Beno Udrih,Ime Udoka,Kenny Thomas,Omri Casspi,Spencer Hawes,Drew Gooden,Jason Kidd,Jason Terry,Kris Humphries,Quinton Ross,2,0:38,SAC,sub,,,,Beno Udrih,,Tyreke Evans,,,,,,,,,,,,
Beno Udrih,Ime Udoka,Kenny Thomas,Omri Casspi,Spencer Hawes,Drew Gooden,Jason Kidd,Jason Terry,Kris Humphries,Quinton Ross,2,0:38,DAL,free throw,,,,,,,1,,1,Jason Terry,,,foul,missed,,,,
Beno Udrih,Ime Udoka,Kenny Thomas,Omri Casspi,Spencer Hawes,Drew Gooden,Jason Kidd,Jason Terry,Kris Humphries,Quinton Ross,2,0:37,SAC,rebound,,,,,,,,,,Kenny Thomas,,,,,,def,,
Beno Udrih,Ime Udoka,Kenny Thomas,Omri Casspi,Spencer Hawes,Drew Gooden,Jason Kidd,Jason Terry,Kris Humphries,Quinton Ross,2,0:30,SAC,turnover,,,,,,,,,,Beno Udrih,,,lost ball,,Kris Humphries,,,
Beno Udrih,Ime Udoka,Kenny Thomas,Omri Casspi,Spencer Hawes,Drew Gooden,Jason Kidd,Jason Terry,Kris Humphries,Quinton Ross,2,0:29,SAC,foul,,,,,,,,Kris Humphries,,Omri Casspi,,,,,,personal,,
Beno Udrih,Ime Udoka,Kenny Thomas,Omri Casspi,Spencer Hawes,Dirk Nowitzki,Jason Kidd,Jason Terry,Kris Humphries,Quinton Ross,2,0:29,DAL,sub,,,,Dirk Nowitzki,,Drew Gooden,,,,,,,,,,,,
Beno Udrih,Ime Udoka,Kenny Thomas,Omri Casspi,Spencer Hawes,Dirk Nowitzki,Jason Kidd,Jose Juan Barea,Kris Humphries,Quinton Ross,2,0:29,DAL,sub,,,,Jose Juan Barea,,Jason Terry,,,,,,,,,,,,
Beno Udrih,Ime Udoka,Kenny Thomas,Omri Casspi,Spencer Hawes,Dirk Nowitzki,Jason Kidd,Jose Juan Barea,Kris Humphries,Quinton Ross,2,0:29,DAL,free throw,,,,,,,1,,2,Kris Humphries,,,foul,missed,,,,
Beno Udrih,Ime Udoka,Kenny Thomas,Omri Casspi,Spencer Hawes,Dirk Nowitzki,Jason Kidd,Jose Juan Barea,Kris Humphries,Quinton Ross,2,0:29,DAL,rebound,,,,,,,,,,,,,,,,,,
Beno Udrih,Ime Udoka,Kenny Thomas,Omri Casspi,Spencer Hawes,Dirk Nowitzki,Jason Kidd,Jose Juan Barea,Kris Humphries,Quinton Ross,2,0:29,DAL,free throw,,,,,,,2,,2,Kris Humphries,,,foul,missed,,,,
Beno Udrih,Ime Udoka,Kenny Thomas,Omri Casspi,Spencer Hawes,Dirk Nowitzki,Jason Kidd,Jose Juan Barea,Kris Humphries,Quinton Ross,2,0:28,SAC,rebound,,,,,,,,,,Omri Casspi,,,,,,def,,
Beno Udrih,Ime Udoka,Kenny Thomas,Omri Casspi,Spencer Hawes,Dirk Nowitzki,Jason Kidd,Jose Juan Barea,Kris Humphries,Quinton Ross,2,0:08,SAC,turnover,,,,,,,,,,Ime Udoka,,,bad pass,,,,,
Beno Udrih,Ime Udoka,Kenny Thomas,Omri Casspi,Spencer Hawes,Dirk Nowitzki,Jason Kidd,Jason Terry,Jose Juan Barea,Kris Humphries,2,0:08,DAL,sub,,,,Jason Terry,,Quinton Ross,,,,,,,,,,,,
Beno Udrih,Ime Udoka,Kenny Thomas,Omri Casspi,Spencer Hawes,Dirk Nowitzki,Jason Kidd,Jason Terry,Jose Juan Barea,Kris Humphries,2,0:00,DAL,shot,,,,,,,,,,Jason Kidd,,,,missed,,jump,39,23
Beno Udrih,Ime Udoka,Kenny Thomas,Omri Casspi,Spencer Hawes,Dirk Nowitzki,Jason Kidd,Jason Terry,Jose Juan Barea,Kris Humphries,2,0:00,DAL,rebound,,,,,,,,,,,,,,,,,,
Andres Nocioni,Beno Udrih,Jason Thompson,Spencer Hawes,Tyreke Evans,Dirk Nowitzki,Drew Gooden,Jason Kidd,Quinton Ross,Rodrigue Beaubois,3,11:44,SAC,shot,Tyreke Evans,,,,,,,,,Spencer Hawes,2,,,made,,jump bank,42,11
Andres Nocioni,Beno Udrih,Jason Thompson,Spencer Hawes,Tyreke Evans,Dirk Nowitzki,Drew Gooden,Jason Kidd,Quinton Ross,Rodrigue Beaubois,3,11:22,DAL,turnover,,,,,,,,,,Drew Gooden,,,3 second violation,,,,,
Andres Nocioni,Beno Udrih,Jason Thompson,Spencer Hawes,Tyreke Evans,Dirk Nowitzki,Drew Gooden,Jason Kidd,Quinton Ross,Rodrigue Beaubois,3,11:09,SAC,shot,,,,,,,,,,Tyreke Evans,,,,missed,,driving finger roll layup,25,6
Andres Nocioni,Beno Udrih,Jason Thompson,Spencer Hawes,Tyreke Evans,Dirk Nowitzki,Drew Gooden,Jason Kidd,Quinton Ross,Rodrigue Beaubois,3,11:08,DAL,rebound,,,,,,,,,,Drew Gooden,,,,,,def,,
Andres Nocioni,Beno Udrih,Jason Thompson,Spencer Hawes,Tyreke Evans,Dirk Nowitzki,Drew Gooden,Jason Kidd,Quinton Ross,Rodrigue Beaubois,3,11:02,DAL,shot,Jason Kidd,,,,,,,,,Drew Gooden,2,,,made,,driving slam dunk,25,6
Andres Nocioni,Beno Udrih,Jason Thompson,Spencer Hawes,Tyreke Evans,Dirk Nowitzki,Drew Gooden,Jason Kidd,Quinton Ross,Rodrigue Beaubois,3,11:02,SAC,foul,,,,,,,,Drew Gooden,,Spencer Hawes,,,,,,shooting,,
Andres Nocioni,Beno Udrih,Jason Thompson,Spencer Hawes,Tyreke Evans,Dirk Nowitzki,Drew Gooden,Jason Kidd,Quinton Ross,Rodrigue Beaubois,3,11:02,DAL,free throw,,,,,,,1,,1,Drew Gooden,,,foul,made,,,,
Andres Nocioni,Beno Udrih,Jason Thompson,Spencer Hawes,Tyreke Evans,Dirk Nowitzki,Drew Gooden,Jason Kidd,Quinton Ross,Rodrigue Beaubois,3,10:41,SAC,shot,Spencer Hawes,,,,,,,,,Andres Nocioni,3,,,made,,3pt,49,9
Andres Nocioni,Beno Udrih,Jason Thompson,Spencer Hawes,Tyreke Evans,Dirk Nowitzki,Drew Gooden,Jason Kidd,Quinton Ross,Rodrigue Beaubois,3,10:34,DAL,jump ball,,Tyreke Evans,,,Rodrigue Beaubois,,,,,,,Jason Kidd,,,,,,
Andres Nocioni,Beno Udrih,Jason Thompson,Spencer Hawes,Tyreke Evans,Dirk Nowitzki,Drew Gooden,Jason Kidd,Quinton Ross,Rodrigue Beaubois,3,10:27,DAL,shot,Dirk Nowitzki,,,,,,,,,Jason Kidd,3,,,made,,3pt,12,30
Andres Nocioni,Beno Udrih,Jason Thompson,Spencer Hawes,Tyreke Evans,Dirk Nowitzki,Drew Gooden,Jason Kidd,Quinton Ross,Rodrigue Beaubois,3,10:06,SAC,shot,,,,,,,,,,Andres Nocioni,,,,missed,,3pt,12,27
Andres Nocioni,Beno Udrih,Jason Thompson,Spencer Hawes,Tyreke Evans,Dirk Nowitzki,Drew Gooden,Jason Kidd,Quinton Ross,Rodrigue Beaubois,3,10:05,SAC,rebound,,,,,,,,,,Tyreke Evans,,,,,,off,,
Andres Nocioni,Beno Udrih,Jason Thompson,Spencer Hawes,Tyreke Evans,Dirk Nowitzki,Drew Gooden,Jason Kidd,Quinton Ross,Rodrigue Beaubois,3,9:55,SAC,shot,,,,,,,,,,Tyreke Evans,2,,,made,,step back jump,23,24
Andres Nocioni,Beno Udrih,Jason Thompson,Spencer Hawes,Tyreke Evans,Dirk Nowitzki,Drew Gooden,Jason Kidd,Quinton Ross,Rodrigue Beaubois,3,9:47,SAC,foul,,,,,,,,Jason Kidd,,Tyreke Evans,,,,,,personal,,
Andres Nocioni,Beno Udrih,Jason Thompson,Spencer Hawes,Tyreke Evans,Dirk Nowitzki,Drew Gooden,Jason Kidd,Quinton Ross,Rodrigue Beaubois,3,9:41,DAL,turnover,,,,,,,,,,Rodrigue Beaubois,,,traveling,,,,,
Andres Nocioni,Beno Udrih,Jason Thompson,Spencer Hawes,Tyreke Evans,Dirk Nowitzki,Drew Gooden,Jason Kidd,Quinton Ross,Rodrigue Beaubois,3,9:21,SAC,shot,,,,,,,,,,Jason Thompson,,,,missed,,hook bank,19,14
Andres Nocioni,Beno Udrih,Jason Thompson,Spencer Hawes,Tyreke Evans,Dirk Nowitzki,Drew Gooden,Jason Kidd,Quinton Ross,Rodrigue Beaubois,3,9:20,DAL,rebound,,,,,,,,,,Dirk Nowitzki,,,,,,def,,
Andres Nocioni,Beno Udrih,Jason Thompson,Spencer Hawes,Tyreke Evans,Dirk Nowitzki,Drew Gooden,Jason Kidd,Quinton Ross,Rodrigue Beaubois,3,9:10,DAL,shot,,,,,,,,,,Jason Kidd,,,,missed,,jump,13,22
Andres Nocioni,Beno Udrih,Jason Thompson,Spencer Hawes,Tyreke Evans,Dirk Nowitzki,Drew Gooden,Jason Kidd,Quinton Ross,Rodrigue Beaubois,3,9:07,DAL,rebound,,,,,,,,,,Drew Gooden,,,,,,off,,
Andres Nocioni,Beno Udrih,Jason Thompson,Spencer Hawes,Tyreke Evans,Dirk Nowitzki,Drew Gooden,Jason Kidd,Quinton Ross,Rodrigue Beaubois,3,9:07,DAL,shot,,,,,,,,,,Drew Gooden,2,,,made,,putback layup,25,6
Andres Nocioni,Beno Udrih,Jason Thompson,Spencer Hawes,Tyreke Evans,Dirk Nowitzki,Drew Gooden,Jason Kidd,Quinton Ross,Rodrigue Beaubois,3,8:50,SAC,shot,,,,,,,,,,Andres Nocioni,,,,missed,,3pt,48,9
Andres Nocioni,Beno Udrih,Jason Thompson,Spencer Hawes,Tyreke Evans,Dirk Nowitzki,Drew Gooden,Jason Kidd,Quinton Ross,Rodrigue Beaubois,3,8:48,DAL,rebound,,,,,,,,,,Dirk Nowitzki,,,,,,def,,
Andres Nocioni,Beno Udrih,Jason Thompson,Spencer Hawes,Tyreke Evans,Dirk Nowitzki,Drew Gooden,Jason Kidd,Quinton Ross,Rodrigue Beaubois,3,8:37,DAL,shot,Jason Kidd,,,,,,,,,Drew Gooden,2,,,made,,slam dunk,25,6
Andres Nocioni,Beno Udrih,Jason Thompson,Spencer Hawes,Tyreke Evans,Dirk Nowitzki,Drew Gooden,Jason Kidd,Quinton Ross,Rodrigue Beaubois,3,8:34,SAC,timeout,,,,,,,,,,,,,,,,regular,,
Andres Nocioni,Beno Udrih,Ime Udoka,Jason Thompson,Tyreke Evans,Dirk Nowitzki,Drew Gooden,Jason Kidd,Quinton Ross,Rodrigue Beaubois,3,8:34,SAC,sub,,,,Ime Udoka,,Spencer Hawes,,,,,,,,,,,,
Andres Nocioni,Beno Udrih,Ime Udoka,Jason Thompson,Tyreke Evans,Dirk Nowitzki,Drew Gooden,Jason Kidd,Quinton Ross,Rodrigue Beaubois,3,8:17,SAC,shot,,,Dirk Nowitzki,,,,,,,Jason Thompson,,,,missed,,layup,25,6
Andres Nocioni,Beno Udrih,Ime Udoka,Jason Thompson,Tyreke Evans,Dirk Nowitzki,Drew Gooden,Jason Kidd,Quinton Ross,Rodrigue Beaubois,3,8:15,DAL,rebound,,,,,,,,,,Jason Kidd,,,,,,def,,
Andres Nocioni,Beno Udrih,Ime Udoka,Jason Thompson,Tyreke Evans,Dirk Nowitzki,Drew Gooden,Jason Kidd,Quinton Ross,Rodrigue Beaubois,3,8:13,DAL,shot,,,,,,,,,,Quinton Ross,,,,missed,,driving layup,25,6
Andres Nocioni,Beno Udrih,Ime Udoka,Jason Thompson,Tyreke Evans,Dirk Nowitzki,Drew Gooden,Jason Kidd,Quinton Ross,Rodrigue Beaubois,3,8:10,SAC,rebound,,,,,,,,,,Jason Thompson,,,,,,def,,
Andres Nocioni,Beno Udrih,Ime Udoka,Jason Thompson,Tyreke Evans,Dirk Nowitzki,Drew Gooden,Jason Kidd,Quinton Ross,Rodrigue Beaubois,3,8:03,SAC,shot,Tyreke Evans,,,,,,,,,Andres Nocioni,2,,,made,,jump,12,11
Andres Nocioni,Beno Udrih,Ime Udoka,Jason Thompson,Tyreke Evans,Dirk Nowitzki,Drew Gooden,Jason Kidd,Quinton Ross,Rodrigue Beaubois,3,7:40,DAL,shot,,,,,,,,,,Drew Gooden,,,,missed,,jump,14,11
Andres Nocioni,Beno Udrih,Ime Udoka,Jason Thompson,Tyreke Evans,Dirk Nowitzki,Drew Gooden,Jason Kidd,Quinton Ross,Rodrigue Beaubois,3,7:39,SAC,rebound,,,,,,,,,,Tyreke Evans,,,,,,def,,
Andres Nocioni,Beno Udrih,Ime Udoka,Jason Thompson,Tyreke Evans,Dirk Nowitzki,Drew Gooden,Jason Kidd,Quinton Ross,Rodrigue Beaubois,3,7:35,SAC,turnover,,,,,,,,,,Tyreke Evans,,,traveling,,,,,
Andres Nocioni,Beno Udrih,Ime Udoka,Jason Thompson,Tyreke Evans,Dirk Nowitzki,Drew Gooden,Jason Kidd,Quinton Ross,Rodrigue Beaubois,3,7:22,DAL,shot,Jason Kidd,,,,,,,,,Dirk Nowitzki,2,,,made,,jump bank,12,12
Andres Nocioni,Beno Udrih,Ime Udoka,Jason Thompson,Tyreke Evans,Dirk Nowitzki,Drew Gooden,Jason Kidd,Quinton Ross,Rodrigue Beaubois,3,7:22,SAC,foul,,,,,,,,Dirk Nowitzki,,Andres Nocioni,,,,,,shooting,,
Andres Nocioni,Beno Udrih,Ime Udoka,Jason Thompson,Tyreke Evans,Dirk Nowitzki,Drew Gooden,Jason Kidd,Quinton Ross,Rodrigue Beaubois,3,7:22,DAL,free throw,,,,,,,1,,1,Dirk Nowitzki,,,foul,made,,,,
Andres Nocioni,Beno Udrih,Ime Udoka,Jason Thompson,Tyreke Evans,Dirk Nowitzki,Drew Gooden,Jason Kidd,Quinton Ross,Rodrigue Beaubois,3,7:03,SAC,shot,,,,,,,,,,Ime Udoka,,,,missed,,3pt,40,26
Andres Nocioni,Beno Udrih,Ime Udoka,Jason Thompson,Tyreke Evans,Dirk Nowitzki,Drew Gooden,Jason Kidd,Quinton Ross,Rodrigue Beaubois,3,7:01,DAL,rebound,,,,,,,,,,Rodrigue Beaubois,,,,,,def,,
Andres Nocioni,Beno Udrih,Ime Udoka,Jason Thompson,Tyreke Evans,Dirk Nowitzki,Drew Gooden,Jason Kidd,Quinton Ross,Rodrigue Beaubois,3,6:44,DAL,shot,,,,,,,,,,Jason Kidd,,,,missed,,floating jump,30,15
Andres Nocioni,Beno Udrih,Ime Udoka,Jason Thompson,Tyreke Evans,Dirk Nowitzki,Drew Gooden,Jason Kidd,Quinton Ross,Rodrigue Beaubois,3,6:43,SAC,rebound,,,,,,,,,,Ime Udoka,,,,,,def,,
Andres Nocioni,Beno Udrih,Ime Udoka,Jason Thompson,Tyreke Evans,Dirk Nowitzki,Drew Gooden,Jason Kidd,Quinton Ross,Rodrigue Beaubois,3,6:30,SAC,foul,,,,,,,,Quinton Ross,,Jason Thompson,,,,,,offensive,,
Andres Nocioni,Beno Udrih,Ime Udoka,Jason Thompson,Tyreke Evans,Dirk Nowitzki,Drew Gooden,Jason Kidd,Quinton Ross,Rodrigue Beaubois,3,6:30,SAC,turnover,,,,,,,,,,Jason Thompson,,,foul,,,,,
Andres Nocioni,Beno Udrih,Ime Udoka,Jason Thompson,Tyreke Evans,Dirk Nowitzki,Drew Gooden,Jason Kidd,Quinton Ross,Rodrigue Beaubois,3,6:15,DAL,shot,,,,,,,,,,Jason Kidd,,,,missed,,3pt,40,26
Andres Nocioni,Beno Udrih,Ime Udoka,Jason Thompson,Tyreke Evans,Dirk Nowitzki,Drew Gooden,Jason Kidd,Quinton Ross,Rodrigue Beaubois,3,6:14,SAC,rebound,,,,,,,,,,Andres Nocioni,,,,,,def,,
Andres Nocioni,Beno Udrih,Ime Udoka,Jason Thompson,Tyreke Evans,Dirk Nowitzki,Drew Gooden,Jason Kidd,Quinton Ross,Rodrigue Beaubois,3,6:10,SAC,shot,Andres Nocioni,,,,,,,,,Tyreke Evans,2,,,made,,driving layup,25,6
Andres Nocioni,Beno Udrih,Ime Udoka,Jason Thompson,Tyreke Evans,Dirk Nowitzki,Drew Gooden,Jason Kidd,Quinton Ross,Rodrigue Beaubois,3,5:49,DAL,shot,,,,,,,,,,Dirk Nowitzki,,,,missed,,jump,37,17
Andres Nocioni,Beno Udrih,Ime Udoka,Jason Thompson,Tyreke Evans,Dirk Nowitzki,Drew Gooden,Jason Kidd,Quinton Ross,Rodrigue Beaubois,3,5:47,DAL,rebound,,,,,,,,,,Quinton Ross,,,,,,off,,
Andres Nocioni,Beno Udrih,Ime Udoka,Jason Thompson,Tyreke Evans,Dirk Nowitzki,Drew Gooden,Jason Kidd,Quinton Ross,Rodrigue Beaubois,3,5:46,DAL,turnover,,,,,,,,,,Quinton Ross,,,out of bounds lost ball turnover,,,,,
Andres Nocioni,Beno Udrih,Ime Udoka,Jason Thompson,Tyreke Evans,Dirk Nowitzki,Drew Gooden,Jason Kidd,Quinton Ross,Rodrigue Beaubois,3,5:29,SAC,turnover,,,,,,,,,,Andres Nocioni,,,bad pass,,,,,
Andres Nocioni,Beno Udrih,Ime Udoka,Jason Thompson,Tyreke Evans,Dirk Nowitzki,Drew Gooden,Jason Kidd,Jason Terry,Quinton Ross,3,5:29,DAL,sub,,,,Jason Terry,,Rodrigue Beaubois,,,,,,,,,,,,
Andres Nocioni,Beno Udrih,Ime Udoka,Jason Thompson,Tyreke Evans,Dirk Nowitzki,Drew Gooden,Jason Kidd,Jason Terry,Quinton Ross,3,5:14,DAL,shot,Jason Kidd,,,,,,,,,Jason Terry,2,,,made,,jump,12,23
Andres Nocioni,Beno Udrih,Ime Udoka,Jason Thompson,Tyreke Evans,Dirk Nowitzki,Drew Gooden,Jason Kidd,Jason Terry,Quinton Ross,3,4:58,SAC,shot,,,,,,,,,,Beno Udrih,,,,missed,,jump,23,23
Andres Nocioni,Beno Udrih,Ime Udoka,Jason Thompson,Tyreke Evans,Dirk Nowitzki,Drew Gooden,Jason Kidd,Jason Terry,Quinton Ross,3,4:58,SAC,rebound,,,,,,,,,,Jason Thompson,,,,,,off,,
Andres Nocioni,Beno Udrih,Ime Udoka,Jason Thompson,Tyreke Evans,Dirk Nowitzki,Drew Gooden,Jason Kidd,Jason Terry,Quinton Ross,3,4:58,DAL,foul,,,,,,,,Jason Thompson,,Dirk Nowitzki,,,,,,loose ball,,
Andres Nocioni,Beno Udrih,Jason Thompson,Omri Casspi,Tyreke Evans,Dirk Nowitzki,Drew Gooden,Jason Kidd,Jason Terry,Quinton Ross,3,4:58,SAC,sub,,,,Omri Casspi,,Ime Udoka,,,,,,,,,,,,
Andres Nocioni,Beno Udrih,Jason Thompson,Omri Casspi,Tyreke Evans,Dirk Nowitzki,Drew Gooden,Jason Kidd,Jason Terry,Quinton Ross,3,4:48,SAC,shot,,,,,,,,,,Tyreke Evans,2,,,made,,jump,23,23
Andres Nocioni,Beno Udrih,Jason Thompson,Omri Casspi,Tyreke Evans,Dirk Nowitzki,Drew Gooden,Jason Kidd,Jason Terry,Quinton Ross,3,4:23,DAL,shot,,,,,,,,,,Jason Terry,,,,missed,,3pt,48,12
Andres Nocioni,Beno Udrih,Jason Thompson,Omri Casspi,Tyreke Evans,Dirk Nowitzki,Drew Gooden,Jason Kidd,Jason Terry,Quinton Ross,3,4:22,SAC,rebound,,,,,,,,,,Jason Thompson,,,,,,def,,
Andres Nocioni,Beno Udrih,Jason Thompson,Omri Casspi,Tyreke Evans,Dirk Nowitzki,Drew Gooden,Jason Kidd,Jason Terry,Quinton Ross,3,4:18,SAC,turnover,,,,,,,,,,Andres Nocioni,,,bad pass,,,,,
Andres Nocioni,Beno Udrih,Jason Thompson,Omri Casspi,Tyreke Evans,Dirk Nowitzki,Drew Gooden,Jason Kidd,Jason Terry,Tim Thomas,3,4:18,DAL,sub,,,,Tim Thomas,,Quinton Ross,,,,,,,,,,,,
Andres Nocioni,Beno Udrih,Jason Thompson,Omri Casspi,Tyreke Evans,Dirk Nowitzki,Drew Gooden,Jason Kidd,Jason Terry,Tim Thomas,3,4:04,DAL,shot,Jason Terry,,,,,,,,,Jason Kidd,3,,,made,,3pt,2,12
Andres Nocioni,Beno Udrih,Jason Thompson,Omri Casspi,Tyreke Evans,Dirk Nowitzki,Drew Gooden,Jason Kidd,Jason Terry,Tim Thomas,3,3:53,SAC,shot,Beno Udrih,,,,,,,,,Jason Thompson,2,,,made,,driving layup,25,6
Andres Nocioni,Beno Udrih,Jason Thompson,Omri Casspi,Tyreke Evans,Dirk Nowitzki,Drew Gooden,Jason Kidd,Jason Terry,Tim Thomas,3,3:53,DAL,foul,,,,,,,,Jason Thompson,,Drew Gooden,,,,,,shooting,,
Andres Nocioni,Beno Udrih,Jason Thompson,Omri Casspi,Tyreke Evans,Dirk Nowitzki,Drew Gooden,Jason Kidd,Jason Terry,Tim Thomas,3,3:53,SAC,free throw,,,,,,,1,,1,Jason Thompson,,,foul,missed,,,,
Andres Nocioni,Beno Udrih,Jason Thompson,Omri Casspi,Tyreke Evans,Dirk Nowitzki,Drew Gooden,Jason Kidd,Jason Terry,Tim Thomas,3,3:52,DAL,rebound,,,,,,,,,,Drew Gooden,,,,,,def,,
Andres Nocioni,Beno Udrih,Jason Thompson,Omri Casspi,Tyreke Evans,Dirk Nowitzki,Drew Gooden,Jason Kidd,Jason Terry,Tim Thomas,3,3:34,DAL,shot,,,,,,,,,,Dirk Nowitzki,,,,missed,,floating jump,27,16
Andres Nocioni,Beno Udrih,Jason Thompson,Omri Casspi,Tyreke Evans,Dirk Nowitzki,Drew Gooden,Jason Kidd,Jason Terry,Tim Thomas,3,3:33,SAC,rebound,,,,,,,,,,Tyreke Evans,,,,,,def,,
Andres Nocioni,Beno Udrih,Jason Thompson,Omri Casspi,Tyreke Evans,Dirk Nowitzki,Drew Gooden,Jason Kidd,Jason Terry,Tim Thomas,3,3:24,SAC,turnover,,,,,,,,,,Omri Casspi,,,bad pass,,Dirk Nowitzki,,,
Andres Nocioni,Beno Udrih,Jason Thompson,Omri Casspi,Tyreke Evans,Dirk Nowitzki,Drew Gooden,Jason Kidd,Jason Terry,Tim Thomas,3,3:12,DAL,shot,,,Andres Nocioni,,,,,,,Dirk Nowitzki,,,,missed,,driving layup,25,6
Andres Nocioni,Beno Udrih,Jason Thompson,Omri Casspi,Tyreke Evans,Dirk Nowitzki,Drew Gooden,Jason Kidd,Jason Terry,Tim Thomas,3,3:09,DAL,rebound,,,,,,,,,,Drew Gooden,,,,,,off,,
Andres Nocioni,Beno Udrih,Jason Thompson,Omri Casspi,Tyreke Evans,Dirk Nowitzki,Drew Gooden,Jason Kidd,Jason Terry,Tim Thomas,3,3:02,DAL,shot,,,,,,,,,,Jason Terry,,,,missed,,3pt,28,30
Andres Nocioni,Beno Udrih,Jason Thompson,Omri Casspi,Tyreke Evans,Dirk Nowitzki,Drew Gooden,Jason Kidd,Jason Terry,Tim Thomas,3,3:00,DAL,rebound,,,,,,,,,,Drew Gooden,,,,,,off,,
Andres Nocioni,Beno Udrih,Jason Thompson,Omri Casspi,Tyreke Evans,Dirk Nowitzki,Drew Gooden,Jason Kidd,Jason Terry,Tim Thomas,3,3:00,DAL,shot,,,,,,,,,,Drew Gooden,,,,missed,,tip,25,6
Andres Nocioni,Beno Udrih,Jason Thompson,Omri Casspi,Tyreke Evans,Dirk Nowitzki,Drew Gooden,Jason Kidd,Jason Terry,Tim Thomas,3,2:58,SAC,rebound,,,,,,,,,,Tyreke Evans,,,,,,def,,
Andres Nocioni,Beno Udrih,Jason Thompson,Omri Casspi,Tyreke Evans,Dirk Nowitzki,Drew Gooden,Jason Kidd,Jason Terry,Tim Thomas,3,2:55,DAL,foul,,,,,,,,Tyreke Evans,,Jason Kidd,,,,,,personal,,
Andres Nocioni,Beno Udrih,Jason Thompson,Omri Casspi,Tyreke Evans,Dirk Nowitzki,Drew Gooden,Jason Kidd,Jason Terry,Tim Thomas,3,2:55,DAL,timeout,,,,,,,,,,,,,,,,regular,,
Andres Nocioni,Beno Udrih,Jason Thompson,Omri Casspi,Tyreke Evans,Drew Gooden,Jason Kidd,Jason Terry,Kris Humphries,Tim Thomas,3,2:55,DAL,sub,,,,Kris Humphries,,Dirk Nowitzki,,,,,,,,,,,,
Beno Udrih,Donte Greene,Jason Thompson,Omri Casspi,Tyreke Evans,Drew Gooden,Jason Kidd,Jason Terry,Kris Humphries,Tim Thomas,3,2:55,SAC,sub,,,,Donte Greene,,Andres Nocioni,,,,,,,,,,,,
Beno Udrih,Donte Greene,Jason Thompson,Omri Casspi,Tyreke Evans,Drew Gooden,Jason Kidd,Jason Terry,Kris Humphries,Tim Thomas,3,2:50,SAC,shot,Tyreke Evans,,,,,,,,,Jason Thompson,2,,,made,,jump,23,24
Beno Udrih,Donte Greene,Jason Thompson,Omri Casspi,Tyreke Evans,Drew Gooden,Jason Kidd,Jason Terry,Kris Humphries,Tim Thomas,3,2:31,SAC,foul,,,,,,,,Tim Thomas,,Donte Greene,,,,,,personal,,
Beno Udrih,Donte Greene,Jason Thompson,Omri Casspi,Tyreke Evans,Drew Gooden,Jason Kidd,Jason Terry,Kris Humphries,Tim Thomas,3,2:27,SAC,foul,,,,,,,,Kris Humphries,,Omri Casspi,,,,,,personal,,
Beno Udrih,Donte Greene,Jason Thompson,Omri Casspi,Tyreke Evans,Drew Gooden,Jason Kidd,Jason Terry,Kris Humphries,Tim Thomas,3,2:27,DAL,free throw,,,,,,,1,,2,Kris Humphries,,,foul,made,,,,
Beno Udrih,Donte Greene,Jason Thompson,Omri Casspi,Tyreke Evans,Drew Gooden,Jason Kidd,Jason Terry,Kris Humphries,Tim Thomas,3,2:27,SAC,rebound,,,,,,,,,,,,,,,,,,
Beno Udrih,Donte Greene,Jason Thompson,Omri Casspi,Tyreke Evans,Drew Gooden,Jason Kidd,Jason Terry,Kris Humphries,Tim Thomas,3,2:16,SAC,shot,,,,,,,,,,Beno Udrih,2,,,made,,pullup jump,32,19
Beno Udrih,Donte Greene,Jason Thompson,Omri Casspi,Tyreke Evans,Drew Gooden,Jason Kidd,Jason Terry,Kris Humphries,Tim Thomas,3,1:55,DAL,shot,,,Jason Thompson,,,,,,,Drew Gooden,,,,missed,,layup,25,6
Beno Udrih,Donte Greene,Jason Thompson,Omri Casspi,Tyreke Evans,Drew Gooden,Jason Kidd,Jason Terry,Kris Humphries,Tim Thomas,3,1:54,SAC,rebound,,,,,,,,,,Beno Udrih,,,,,,def,,
Beno Udrih,Donte Greene,Jason Thompson,Omri Casspi,Tyreke Evans,Drew Gooden,Jason Kidd,Jason Terry,Kris Humphries,Tim Thomas,3,1:49,DAL,foul,,,,,,,,Jason Thompson,,Tim Thomas,,,,,,personal,,
Beno Udrih,Donte Greene,Jason Thompson,Omri Casspi,Tyreke Evans,Dirk Nowitzki,Jason Kidd,Jason Terry,Kris Humphries,Tim Thomas,3,1:49,DAL,sub,,,,Dirk Nowitzki,,Drew Gooden,,,,,,,,,,,,
Beno Udrih,Donte Greene,Jason Thompson,Omri Casspi,Tyreke Evans,Dirk Nowitzki,Jason Terry,Jose Juan Barea,Kris Humphries,Tim Thomas,3,1:49,DAL,sub,,,,Jose Juan Barea,,Jason Kidd,,,,,,,,,,,,
Beno Udrih,Donte Greene,Jason Thompson,Kenny Thomas,Tyreke Evans,Dirk Nowitzki,Jason Terry,Jose Juan Barea,Kris Humphries,Tim Thomas,3,1:49,SAC,sub,,,,Kenny Thomas,,Omri Casspi,,,,,,,,,,,,
Beno Udrih,Donte Greene,Jason Thompson,Kenny Thomas,Tyreke Evans,Dirk Nowitzki,Jason Terry,Jose Juan Barea,Kris Humphries,Tim Thomas,3,1:42,SAC,timeout,,,,,,,,,,,,,,,,short,,
Beno Udrih,Donte Greene,Jason Thompson,Kenny Thomas,Tyreke Evans,Dirk Nowitzki,Jason Terry,Jose Juan Barea,Kris Humphries,Tim Thomas,3,1:33,SAC,shot,,,,,,,,,,Beno Udrih,,,,missed,,3pt,48,11
Beno Udrih,Donte Greene,Jason Thompson,Kenny Thomas,Tyreke Evans,Dirk Nowitzki,Jason Terry,Jose Juan Barea,Kris Humphries,Tim Thomas,3,1:31,SAC,rebound,,,,,,,,,,,,,,,,,,
Beno Udrih,Donte Greene,Jason Thompson,Kenny Thomas,Tyreke Evans,Dirk Nowitzki,Jason Terry,Jose Juan Barea,Kris Humphries,Tim Thomas,3,1:23,SAC,shot,,,,,,,,,,Tyreke Evans,,,,missed,,reverse layup,25,6
Beno Udrih,Donte Greene,Jason Thompson,Kenny Thomas,Tyreke Evans,Dirk Nowitzki,Jason Terry,Jose Juan Barea,Kris Humphries,Tim Thomas,3,1:23,DAL,rebound,,,,,,,,,,,,,,,,,,
Beno Udrih,Donte Greene,Jason Thompson,Kenny Thomas,Tyreke Evans,Dirk Nowitzki,Jason Terry,Jose Juan Barea,Kris Humphries,Tim Thomas,3,1:04,DAL,shot,,,,,,,,,,Kris Humphries,,,,missed,,jump,42,10
Beno Udrih,Donte Greene,Jason Thompson,Kenny Thomas,Tyreke Evans,Dirk Nowitzki,Jason Terry,Jose Juan Barea,Kris Humphries,Tim Thomas,3,1:02,SAC,rebound,,,,,,,,,,Beno Udrih,,,,,,def,,
Beno Udrih,Donte Greene,Jason Thompson,Kenny Thomas,Tyreke Evans,Dirk Nowitzki,Jason Terry,Jose Juan Barea,Kris Humphries,Tim Thomas,3,0:54,SAC,shot,Beno Udrih,,,,,,,,,Jason Thompson,2,,,made,,slam dunk,25,6
Beno Udrih,Donte Greene,Jason Thompson,Kenny Thomas,Tyreke Evans,Dirk Nowitzki,Jason Terry,Jose Juan Barea,Kris Humphries,Tim Thomas,3,0:38,DAL,shot,,,,,,,,,,Dirk Nowitzki,2,,,made,,turnaround bank,14,7
Beno Udrih,Donte Greene,Jason Thompson,Kenny Thomas,Tyreke Evans,Dirk Nowitzki,Jason Terry,Jose Juan Barea,Kris Humphries,Tim Thomas,3,0:25,SAC,shot,,,,,,,,,,Beno Udrih,,,,missed,,3pt,13,29
Beno Udrih,Donte Greene,Jason Thompson,Kenny Thomas,Tyreke Evans,Dirk Nowitzki,Jason Terry,Jose Juan Barea,Kris Humphries,Tim Thomas,3,0:23,SAC,rebound,,,,,,,,,,Donte Greene,,,,,,off,,
Beno Udrih,Donte Greene,Jason Thompson,Kenny Thomas,Tyreke Evans,Dirk Nowitzki,Jason Terry,Jose Juan Barea,Kris Humphries,Tim Thomas,3,0:02,SAC,shot,,,,,,,,,,Tyreke Evans,2,,,made,,jump,30,24
Beno Udrih,Donte Greene,Jason Thompson,Kenny Thomas,Tyreke Evans,Dirk Nowitzki,Jason Terry,Jose Juan Barea,Kris Humphries,Tim Thomas,4,11:44,DAL,shot,,,,,,,,,,Jason Terry,,,,missed,,3pt,11,27
Beno Udrih,Donte Greene,Jason Thompson,Kenny Thomas,Tyreke Evans,Dirk Nowitzki,Jason Terry,Jose Juan Barea,Kris Humphries,Tim Thomas,4,11:43,DAL,rebound,,,,,,,,,,Tim Thomas,,,,,,off,,
Beno Udrih,Donte Greene,Jason Thompson,Kenny Thomas,Tyreke Evans,Dirk Nowitzki,Jason Terry,Jose Juan Barea,Kris Humphries,Tim Thomas,4,11:26,DAL,shot,,,,,,,,,,Dirk Nowitzki,,,,missed,,jump,14,23
Beno Udrih,Donte Greene,Jason Thompson,Kenny Thomas,Tyreke Evans,Dirk Nowitzki,Jason Terry,Jose Juan Barea,Kris Humphries,Tim Thomas,4,11:24,SAC,rebound,,,,,,,,,,Jason Thompson,,,,,,def,,
Beno Udrih,Donte Greene,Jason Thompson,Kenny Thomas,Tyreke Evans,Dirk Nowitzki,Jason Terry,Jose Juan Barea,Kris Humphries,Tim Thomas,4,11:11,SAC,shot,,,,,,,,,,Donte Greene,,,,missed,,jump,32,25
Beno Udrih,Donte Greene,Jason Thompson,Kenny Thomas,Tyreke Evans,Dirk Nowitzki,Jason Terry,Jose Juan Barea,Kris Humphries,Tim Thomas,4,11:09,DAL,rebound,,,,,,,,,,Jose Juan Barea,,,,,,def,,
Beno Udrih,Donte Greene,Jason Thompson,Kenny Thomas,Tyreke Evans,Dirk Nowitzki,Jason Terry,Jose Juan Barea,Kris Humphries,Tim Thomas,4,10:57,DAL,shot,,,Jason Thompson,,,,,,,Kris Humphries,,,,missed,,layup,25,6
Beno Udrih,Donte Greene,Jason Thompson,Kenny Thomas,Tyreke Evans,Dirk Nowitzki,Jason Terry,Jose Juan Barea,Kris Humphries,Tim Thomas,4,10:54,DAL,rebound,,,,,,,,,,Kris Humphries,,,,,,off,,
Beno Udrih,Donte Greene,Jason Thompson,Kenny Thomas,Tyreke Evans,Dirk Nowitzki,Jason Terry,Jose Juan Barea,Kris Humphries,Tim Thomas,4,10:54,DAL,shot,,,,,,,,,,Kris Humphries,2,,,made,,putback layup,25,6
Beno Udrih,Donte Greene,Jason Thompson,Kenny Thomas,Tyreke Evans,Dirk Nowitzki,Jason Terry,Jose Juan Barea,Kris Humphries,Tim Thomas,4,10:27,SAC,shot,,,,,,,,,,Jason Thompson,,,,missed,,turnaround fade away,36,10
Beno Udrih,Donte Greene,Jason Thompson,Kenny Thomas,Tyreke Evans,Dirk Nowitzki,Jason Terry,Jose Juan Barea,Kris Humphries,Tim Thomas,4,10:26,DAL,rebound,,,,,,,,,,Tim Thomas,,,,,,def,,
Beno Udrih,Donte Greene,Jason Thompson,Kenny Thomas,Tyreke Evans,Dirk Nowitzki,Jason Terry,Jose Juan Barea,Kris Humphries,Tim Thomas,4,10:15,DAL,shot,Dirk Nowitzki,,,,,,,,,Jose Juan Barea,2,,,made,,jump,14,23
Beno Udrih,Donte Greene,Jason Thompson,Kenny Thomas,Tyreke Evans,Dirk Nowitzki,Jason Terry,Jose Juan Barea,Kris Humphries,Tim Thomas,4,10:15,SAC,timeout,,,,,,,,,,,,,,,,regular,,
Andres Nocioni,Beno Udrih,Donte Greene,Jason Thompson,Tyreke Evans,Dirk Nowitzki,Jason Terry,Jose Juan Barea,Kris Humphries,Tim Thomas,4,10:15,SAC,sub,,,,Andres Nocioni,,Kenny Thomas,,,,,,,,,,,,
Andres Nocioni,Beno Udrih,Jason Thompson,Omri Casspi,Tyreke Evans,Dirk Nowitzki,Jason Terry,Jose Juan Barea,Kris Humphries,Tim Thomas,4,10:15,SAC,sub,,,,Omri Casspi,,Donte Greene,,,,,,,,,,,,
Andres Nocioni,Beno Udrih,Jason Thompson,Omri Casspi,Tyreke Evans,Dirk Nowitzki,Jason Terry,Jose Juan Barea,Kris Humphries,Tim Thomas,4,9:54,DAL,foul,,,,,,,,,,Dirk Nowitzki,,,,,,defense 3 second,,
Andres Nocioni,Beno Udrih,Jason Thompson,Omri Casspi,Tyreke Evans,Dirk Nowitzki,Jason Terry,Jose Juan Barea,Kris Humphries,Tim Thomas,4,9:54,SAC,free throw,,,,,,,1,,1,Andres Nocioni,,,technical,made,,,,
Andres Nocioni,Beno Udrih,Jason Thompson,Omri Casspi,Tyreke Evans,Dirk Nowitzki,Jason Terry,Jose Juan Barea,Kris Humphries,Tim Thomas,4,9:42,SAC,shot,,,,,,,,,,Andres Nocioni,2,,,made,,step back jump,21,28
Andres Nocioni,Beno Udrih,Jason Thompson,Omri Casspi,Tyreke Evans,Dirk Nowitzki,Jason Terry,Jose Juan Barea,Kris Humphries,Tim Thomas,4,9:26,DAL,turnover,,,,,,,,,,Jose Juan Barea,,,bad pass,,,,,
Andres Nocioni,Beno Udrih,Jason Thompson,Omri Casspi,Tyreke Evans,Dirk Nowitzki,Jason Terry,Jose Juan Barea,Kris Humphries,Tim Thomas,4,9:15,SAC,turnover,,,,,,,,,,Omri Casspi,,,bad pass,,Kris Humphries,,,
Andres Nocioni,Beno Udrih,Jason Thompson,Omri Casspi,Tyreke Evans,Dirk Nowitzki,Jason Terry,Jose Juan Barea,Kris Humphries,Tim Thomas,4,9:08,DAL,shot,Jose Juan Barea,,,,,,,,,Tim Thomas,2,,,made,,layup,25,6
Andres Nocioni,Beno Udrih,Jason Thompson,Omri Casspi,Tyreke Evans,Dirk Nowitzki,Jason Terry,Jose Juan Barea,Kris Humphries,Tim Thomas,4,9:08,SAC,foul,,,,,,,,Tim Thomas,,Omri Casspi,,,,,,shooting,,
Andres Nocioni,Beno Udrih,Ime Udoka,Jason Thompson,Tyreke Evans,Dirk Nowitzki,Jason Terry,Jose Juan Barea,Kris Humphries,Tim Thomas,4,9:08,SAC,sub,,,,Ime Udoka,,Omri Casspi,,,,,,,,,,,,
Andres Nocioni,Beno Udrih,Ime Udoka,Jason Thompson,Tyreke Evans,Dirk Nowitzki,Jason Terry,Jose Juan Barea,Kris Humphries,Tim Thomas,4,9:08,DAL,free throw,,,,,,,1,,1,Tim Thomas,,,foul,made,,,,
Andres Nocioni,Beno Udrih,Ime Udoka,Jason Thompson,Tyreke Evans,Dirk Nowitzki,Jason Terry,Jose Juan Barea,Kris Humphries,Tim Thomas,4,9:01,SAC,foul,,,,,,,,Dirk Nowitzki,,Jason Thompson,,,,,,offensive,,
Andres Nocioni,Beno Udrih,Ime Udoka,Jason Thompson,Tyreke Evans,Dirk Nowitzki,Jason Terry,Jose Juan Barea,Kris Humphries,Tim Thomas,4,9:01,SAC,turnover,,,,,,,,,,Jason Thompson,,,foul,,,,,
Andres Nocioni,Beno Udrih,Ime Udoka,Jason Thompson,Tyreke Evans,Dirk Nowitzki,Jason Terry,Jose Juan Barea,Kris Humphries,Tim Thomas,4,8:46,DAL,shot,Jason Terry,,,,,,,,,Kris Humphries,2,,,made,,layup,25,6
Andres Nocioni,Beno Udrih,Ime Udoka,Jason Thompson,Tyreke Evans,Dirk Nowitzki,Jason Terry,Jose Juan Barea,Kris Humphries,Tim Thomas,4,8:32,SAC,shot,,,,,,,,,,Ime Udoka,,,,missed,,3pt,49,11
Andres Nocioni,Beno Udrih,Ime Udoka,Jason Thompson,Tyreke Evans,Dirk Nowitzki,Jason Terry,Jose Juan Barea,Kris Humphries,Tim Thomas,4,8:30,DAL,rebound,,,,,,,,,,Dirk Nowitzki,,,,,,def,,
Andres Nocioni,Beno Udrih,Ime Udoka,Jason Thompson,Tyreke Evans,Dirk Nowitzki,Jason Terry,Jose Juan Barea,Kris Humphries,Tim Thomas,4,8:18,DAL,shot,,,,,,,,,,Jason Terry,,,,missed,,3pt,33,30
Andres Nocioni,Beno Udrih,Ime Udoka,Jason Thompson,Tyreke Evans,Dirk Nowitzki,Jason Terry,Jose Juan Barea,Kris Humphries,Tim Thomas,4,8:16,SAC,rebound,,,,,,,,,,Jason Thompson,,,,,,def,,
Andres Nocioni,Beno Udrih,Ime Udoka,Jason Thompson,Tyreke Evans,Dirk Nowitzki,Jason Terry,Jose Juan Barea,Kris Humphries,Tim Thomas,4,8:02,SAC,shot,,,,,,,,,,Tyreke Evans,3,,,made,,3pt,44,23
Andres Nocioni,Beno Udrih,Ime Udoka,Jason Thompson,Tyreke Evans,Dirk Nowitzki,Jason Terry,Jose Juan Barea,Kris Humphries,Tim Thomas,4,7:48,SAC,foul,,,,,,,,Dirk Nowitzki,,Andres Nocioni,,,,,,shooting,,
Andres Nocioni,Beno Udrih,Ime Udoka,Jason Thompson,Tyreke Evans,Dirk Nowitzki,Jason Terry,Jose Juan Barea,Kris Humphries,Tim Thomas,4,7:48,DAL,free throw,,,,,,,1,,2,Dirk Nowitzki,,,foul,made,,,,
Andres Nocioni,Beno Udrih,Ime Udoka,Jason Thompson,Tyreke Evans,Dirk Nowitzki,Jason Terry,Jose Juan Barea,Kris Humphries,Tim Thomas,4,7:48,DAL,free throw,,,,,,,2,,2,Dirk Nowitzki,,,foul,made,,,,
Andres Nocioni,Beno Udrih,Ime Udoka,Jason Thompson,Tyreke Evans,Dirk Nowitzki,Jason Terry,Jose Juan Barea,Kris Humphries,Tim Thomas,4,7:27,SAC,shot,,,,,,,,,,Ime Udoka,,,,missed,,3pt,49,11
Andres Nocioni,Beno Udrih,Ime Udoka,Jason Thompson,Tyreke Evans,Dirk Nowitzki,Jason Terry,Jose Juan Barea,Kris Humphries,Tim Thomas,4,7:26,DAL,rebound,,,,,,,,,,Dirk Nowitzki,,,,,,def,,
Andres Nocioni,Beno Udrih,Ime Udoka,Jason Thompson,Tyreke Evans,Dirk Nowitzki,Jason Terry,Jose Juan Barea,Kris Humphries,Tim Thomas,4,7:14,DAL,shot,,,,,,,,,,Jose Juan Barea,2,,,made,,driving finger roll layup,25,6
Andres Nocioni,Beno Udrih,Ime Udoka,Jason Thompson,Tyreke Evans,Dirk Nowitzki,Jason Terry,Jose Juan Barea,Kris Humphries,Tim Thomas,4,6:58,SAC,shot,,,,,,,,,,Andres Nocioni,,,,missed,,layup,25,6
Andres Nocioni,Beno Udrih,Ime Udoka,Jason Thompson,Tyreke Evans,Dirk Nowitzki,Jason Terry,Jose Juan Barea,Kris Humphries,Tim Thomas,4,6:56,SAC,rebound,,,,,,,,,,Ime Udoka,,,,,,off,,
Andres Nocioni,Beno Udrih,Ime Udoka,Jason Thompson,Tyreke Evans,Dirk Nowitzki,Jason Terry,Jose Juan Barea,Kris Humphries,Tim Thomas,4,6:56,DAL,foul,,,,,,,,Ime Udoka,,Kris Humphries,,,,,,shooting,,
Andres Nocioni,Beno Udrih,Ime Udoka,Jason Thompson,Tyreke Evans,Dirk Nowitzki,Jason Terry,Jose Juan Barea,Kris Humphries,Tim Thomas,4,6:56,SAC,free throw,,,,,,,1,,2,Ime Udoka,,,foul,made,,,,
Andres Nocioni,Beno Udrih,Ime Udoka,Jason Thompson,Tyreke Evans,Drew Gooden,Jason Terry,Jose Juan Barea,Kris Humphries,Tim Thomas,4,6:56,DAL,sub,,,,Drew Gooden,,Dirk Nowitzki,,,,,,,,,,,,
Beno Udrih,Ime Udoka,Jason Thompson,Spencer Hawes,Tyreke Evans,Drew Gooden,Jason Terry,Jose Juan Barea,Kris Humphries,Tim Thomas,4,6:56,SAC,sub,,,,Spencer Hawes,,Andres Nocioni,,,,,,,,,,,,
Beno Udrih,Ime Udoka,Jason Thompson,Omri Casspi,Spencer Hawes,Drew Gooden,Jason Terry,Jose Juan Barea,Kris Humphries,Tim Thomas,4,6:56,SAC,sub,,,,Omri Casspi,,Tyreke Evans,,,,,,,,,,,,
Beno Udrih,Ime Udoka,Jason Thompson,Omri Casspi,Spencer Hawes,Drew Gooden,Jason Terry,Jose Juan Barea,Kris Humphries,Tim Thomas,4,6:56,SAC,free throw,,,,,,,2,,2,Ime Udoka,,,foul,made,,,,
Beno Udrih,Ime Udoka,Jason Thompson,Omri Casspi,Spencer Hawes,Drew Gooden,Jason Terry,Jose Juan Barea,Kris Humphries,Tim Thomas,4,6:34,DAL,shot,,,,,,,,,,Jose Juan Barea,2,,,made,,fade away jumper,26,16
Beno Udrih,Ime Udoka,Jason Thompson,Omri Casspi,Spencer Hawes,Drew Gooden,Jason Terry,Jose Juan Barea,Kris Humphries,Tim Thomas,4,6:20,DAL,foul,,,,,,,,,,Drew Gooden,,,,,,defense 3 second,,
Beno Udrih,Ime Udoka,Jason Thompson,Omri Casspi,Spencer Hawes,Drew Gooden,Jason Terry,Jose Juan Barea,Kris Humphries,Tim Thomas,4,6:20,SAC,free throw,,,,,,,1,,1,Beno Udrih,,,technical,made,,,,
Beno Udrih,Ime Udoka,Jason Thompson,Omri Casspi,Spencer Hawes,Drew Gooden,Jason Terry,Jose Juan Barea,Kris Humphries,Tim Thomas,4,6:11,DAL,foul,,,,,,,,Ime Udoka,,Jason Terry,,,,,,shooting,,
Beno Udrih,Ime Udoka,Jason Thompson,Omri Casspi,Spencer Hawes,Drew Gooden,Jason Terry,Jose Juan Barea,Kris Humphries,Tim Thomas,4,6:11,SAC,free throw,,,,,,,1,,2,Ime Udoka,,,foul,made,,,,
Beno Udrih,Ime Udoka,Jason Thompson,Omri Casspi,Spencer Hawes,Drew Gooden,Jason Terry,Jose Juan Barea,Kris Humphries,Tim Thomas,4,6:11,SAC,free throw,,,,,,,2,,2,Ime Udoka,,,foul,made,,,,
Beno Udrih,Ime Udoka,Jason Thompson,Omri Casspi,Spencer Hawes,Drew Gooden,Jason Terry,Jose Juan Barea,Kris Humphries,Tim Thomas,4,5:57,DAL,shot,,,,,,,,,,Jose Juan Barea,,,,missed,,3pt,29,32
Beno Udrih,Ime Udoka,Jason Thompson,Omri Casspi,Spencer Hawes,Drew Gooden,Jason Terry,Jose Juan Barea,Kris Humphries,Tim Thomas,4,5:55,SAC,rebound,,,,,,,,,,Spencer Hawes,,,,,,def,,
Beno Udrih,Ime Udoka,Jason Thompson,Omri Casspi,Spencer Hawes,Drew Gooden,Jason Terry,Jose Juan Barea,Kris Humphries,Tim Thomas,4,5:42,SAC,shot,,,,,,,,,,Beno Udrih,2,,,made,,jump,33,20
Beno Udrih,Ime Udoka,Jason Thompson,Omri Casspi,Spencer Hawes,Drew Gooden,Jason Terry,Jose Juan Barea,Kris Humphries,Tim Thomas,4,5:42,DAL,timeout,,,,,,,,,,,,,,,,regular,,
Beno Udrih,Ime Udoka,Jason Thompson,Omri Casspi,Spencer Hawes,Drew Gooden,Jason Kidd,Jason Terry,Jose Juan Barea,Kris Humphries,4,5:42,DAL,sub,,,,Jason Kidd,,Tim Thomas,,,,,,,,,,,,
Beno Udrih,Ime Udoka,Jason Thompson,Omri Casspi,Spencer Hawes,Dirk Nowitzki,Drew Gooden,Jason Kidd,Jason Terry,Jose Juan Barea,4,5:42,DAL,sub,,,,Dirk Nowitzki,,Kris Humphries,,,,,,,,,,,,
Beno Udrih,Ime Udoka,Jason Thompson,Omri Casspi,Spencer Hawes,Dirk Nowitzki,Drew Gooden,Jason Kidd,Jason Terry,Quinton Ross,4,5:42,DAL,sub,,,,Quinton Ross,,Jose Juan Barea,,,,,,,,,,,,
Beno Udrih,Jason Thompson,Omri Casspi,Spencer Hawes,Tyreke Evans,Dirk Nowitzki,Drew Gooden,Jason Kidd,Jason Terry,Quinton Ross,4,5:42,SAC,sub,,,,Tyreke Evans,,Ime Udoka,,,,,,,,,,,,
Beno Udrih,Jason Thompson,Omri Casspi,Spencer Hawes,Tyreke Evans,Dirk Nowitzki,Drew Gooden,Jason Kidd,Jason Terry,Quinton Ross,4,5:22,DAL,shot,,,,,,,,,,Dirk Nowitzki,,,,missed,,step back jump,10,10
Beno Udrih,Jason Thompson,Omri Casspi,Spencer Hawes,Tyreke Evans,Dirk Nowitzki,Drew Gooden,Jason Kidd,Jason Terry,Quinton Ross,4,5:20,SAC,rebound,,,,,,,,,,Spencer Hawes,,,,,,def,,
Beno Udrih,Jason Thompson,Omri Casspi,Spencer Hawes,Tyreke Evans,Dirk Nowitzki,Drew Gooden,Jason Kidd,Jason Terry,Quinton Ross,4,5:10,DAL,foul,,,,,,,,Jason Thompson,,Dirk Nowitzki,,,,,,personal,,
Beno Udrih,Jason Thompson,Omri Casspi,Spencer Hawes,Tyreke Evans,Dirk Nowitzki,Drew Gooden,Jason Kidd,Jason Terry,Quinton Ross,4,4:59,SAC,shot,,,,,,,,,,Tyreke Evans,2,,,made,,pullup jump,17,25
Beno Udrih,Jason Thompson,Omri Casspi,Spencer Hawes,Tyreke Evans,Dirk Nowitzki,Drew Gooden,Jason Kidd,Jason Terry,Quinton Ross,4,4:41,DAL,shot,,,,,,,,,,Jason Terry,2,,,made,,pullup jump,13,19
Beno Udrih,Jason Thompson,Omri Casspi,Spencer Hawes,Tyreke Evans,Dirk Nowitzki,Drew Gooden,Jason Kidd,Jason Terry,Quinton Ross,4,4:30,SAC,shot,,,,,,,,,,Tyreke Evans,2,,,made,,driving layup,25,6
Beno Udrih,Jason Thompson,Omri Casspi,Spencer Hawes,Tyreke Evans,Dirk Nowitzki,Drew Gooden,Jason Kidd,Jason Terry,Quinton Ross,4,4:15,DAL,shot,Jason Kidd,,,,,,,,,Jason Terry,2,,,made,,jump,43,10
Beno Udrih,Jason Thompson,Omri Casspi,Spencer Hawes,Tyreke Evans,Dirk Nowitzki,Drew Gooden,Jason Kidd,Jason Terry,Quinton Ross,4,3:53,SAC,shot,,,,,,,,,,Tyreke Evans,,,,missed,,running layup,25,6
Beno Udrih,Jason Thompson,Omri Casspi,Spencer Hawes,Tyreke Evans,Dirk Nowitzki,Drew Gooden,Jason Kidd,Jason Terry,Quinton Ross,4,3:51,DAL,rebound,,,,,,,,,,Quinton Ross,,,,,,def,,
Beno Udrih,Jason Thompson,Omri Casspi,Spencer Hawes,Tyreke Evans,Dirk Nowitzki,Drew Gooden,Jason Kidd,Jason Terry,Quinton Ross,4,3:32,DAL,shot,Dirk Nowitzki,,,,,,,,,Quinton Ross,2,,,made,,driving layup,25,6
Beno Udrih,Jason Thompson,Omri Casspi,Spencer Hawes,Tyreke Evans,Dirk Nowitzki,Drew Gooden,Jason Kidd,Jason Terry,Quinton Ross,4,3:17,SAC,shot,,,,,,,,,,Omri Casspi,,,,missed,,3pt,8,25
Beno Udrih,Jason Thompson,Omri Casspi,Spencer Hawes,Tyreke Evans,Dirk Nowitzki,Drew Gooden,Jason Kidd,Jason Terry,Quinton Ross,4,3:15,DAL,rebound,,,,,,,,,,Jason Kidd,,,,,,def,,
Beno Udrih,Jason Thompson,Omri Casspi,Spencer Hawes,Tyreke Evans,Dirk Nowitzki,Drew Gooden,Jason Kidd,Jason Terry,Quinton Ross,4,3:10,DAL,shot,,,,,,,,,,Jason Terry,2,,,made,,pullup jump,32,21
Beno Udrih,Jason Thompson,Omri Casspi,Spencer Hawes,Tyreke Evans,Dirk Nowitzki,Drew Gooden,Jason Kidd,Jason Terry,Quinton Ross,4,3:08,SAC,timeout,,,,,,,,,,,,,,,,regular,,
Beno Udrih,Jason Thompson,Omri Casspi,Spencer Hawes,Tyreke Evans,Dirk Nowitzki,Drew Gooden,Jason Kidd,Jason Terry,Quinton Ross,4,2:59,SAC,turnover,,,,,,,,,,Tyreke Evans,,,lost ball,,Jason Kidd,,,
Beno Udrih,Jason Thompson,Omri Casspi,Spencer Hawes,Tyreke Evans,Dirk Nowitzki,Drew Gooden,Jason Kidd,Jason Terry,Quinton Ross,4,2:48,DAL,turnover,,,,,,,,,,Jason Kidd,,,bad pass,,Tyreke Evans,,,
Beno Udrih,Jason Thompson,Omri Casspi,Spencer Hawes,Tyreke Evans,Dirk Nowitzki,Drew Gooden,Jason Kidd,Jason Terry,Quinton Ross,4,2:45,SAC,shot,,,,,,,,,,Tyreke Evans,2,,,made,,running finger roll layup,25,6
Beno Udrih,Jason Thompson,Omri Casspi,Spencer Hawes,Tyreke Evans,Dirk Nowitzki,Drew Gooden,Jason Kidd,Jason Terry,Quinton Ross,4,2:25,DAL,shot,Jason Kidd,,,,,,,,,Dirk Nowitzki,2,,,made,,jump,14,22
Beno Udrih,Jason Thompson,Omri Casspi,Spencer Hawes,Tyreke Evans,Dirk Nowitzki,Drew Gooden,Jason Kidd,Jason Terry,Quinton Ross,4,2:07,SAC,turnover,,,,,,,,,,Tyreke Evans,,,bad pass,,Jason Terry,,,
Beno Udrih,Jason Thompson,Omri Casspi,Spencer Hawes,Tyreke Evans,Dirk Nowitzki,Drew Gooden,Jason Kidd,Jason Terry,Quinton Ross,4,2:02,SAC,foul,,,,,,,,Dirk Nowitzki,,Spencer Hawes,,,,,,shooting,,
Beno Udrih,Jason Thompson,Omri Casspi,Spencer Hawes,Tyreke Evans,Dirk Nowitzki,Drew Gooden,Jason Kidd,Jason Terry,Quinton Ross,4,2:02,DAL,free throw,,,,,,,1,,2,Dirk Nowitzki,,,foul,made,,,,
Beno Udrih,Jason Thompson,Omri Casspi,Spencer Hawes,Tyreke Evans,Dirk Nowitzki,Drew Gooden,Jason Kidd,Jason Terry,Quinton Ross,4,2:02,DAL,free throw,,,,,,,2,,2,Dirk Nowitzki,,,foul,made,,,,
Beno Udrih,Jason Thompson,Omri Casspi,Spencer Hawes,Tyreke Evans,Dirk Nowitzki,Drew Gooden,Jason Kidd,Jason Terry,Quinton Ross,4,1:56,SAC,shot,,,,,,,,,,Beno Udrih,2,,,made,,pullup jump,37,18
Beno Udrih,Jason Thompson,Omri Casspi,Spencer Hawes,Tyreke Evans,Dirk Nowitzki,Drew Gooden,Jason Kidd,Jason Terry,Quinton Ross,4,1:39,DAL,turnover,,,,,,,,,,Jason Terry,,,bad pass,,Spencer Hawes,,,
Beno Udrih,Jason Thompson,Omri Casspi,Spencer Hawes,Tyreke Evans,Dirk Nowitzki,Drew Gooden,Jason Kidd,Jason Terry,Quinton Ross,4,1:35,SAC,shot,Beno Udrih,,,,,,,,,Jason Thompson,2,,,made,,driving reverse layup,25,6
Beno Udrih,Jason Thompson,Omri Casspi,Spencer Hawes,Tyreke Evans,Dirk Nowitzki,Drew Gooden,Jason Kidd,Jason Terry,Quinton Ross,4,1:35,DAL,timeout,,,,,,,,,,,,,,,,short,,
Beno Udrih,Jason Thompson,Omri Casspi,Spencer Hawes,Tyreke Evans,Dirk Nowitzki,Drew Gooden,Jason Kidd,Jason Terry,Quinton Ross,4,1:15,DAL,shot,Jason Terry,,,,,,,,,Jason Kidd,3,,,made,,3pt,8,26
Beno Udrih,Jason Thompson,Omri Casspi,Spencer Hawes,Tyreke Evans,Dirk Nowitzki,Drew Gooden,Jason Kidd,Jason Terry,Quinton Ross,4,1:04,SAC,shot,,,Jason Terry,,,,,,,Beno Udrih,,,,missed,,jump,29,22
Beno Udrih,Jason Thompson,Omri Casspi,Spencer Hawes,Tyreke Evans,Dirk Nowitzki,Drew Gooden,Jason Kidd,Jason Terry,Quinton Ross,4,1:02,SAC,rebound,,,,,,,,,,Beno Udrih,,,,,,off,,
Beno Udrih,Jason Thompson,Omri Casspi,Spencer Hawes,Tyreke Evans,Dirk Nowitzki,Drew Gooden,Jason Kidd,Jason Terry,Quinton Ross,4,1:01,SAC,shot,,,,,,,,,,Beno Udrih,2,,,made,,layup,25,6
Beno Udrih,Jason Thompson,Omri Casspi,Spencer Hawes,Tyreke Evans,Dirk Nowitzki,Drew Gooden,Jason Kidd,Jason Terry,Quinton Ross,4,0:47,DAL,shot,,,,,,,,,,Jason Kidd,,,,missed,,3pt,1,7
Beno Udrih,Jason Thompson,Omri Casspi,Spencer Hawes,Tyreke Evans,Dirk Nowitzki,Drew Gooden,Jason Kidd,Jason Terry,Quinton Ross,4,0:46,SAC,rebound,,,,,,,,,,Jason Thompson,,,,,,def,,
Beno Udrih,Jason Thompson,Omri Casspi,Spencer Hawes,Tyreke Evans,Dirk Nowitzki,Drew Gooden,Jason Kidd,Jason Terry,Quinton Ross,4,0:40,DAL,foul,,,,,,,,Tyreke Evans,,Drew Gooden,,,,,,shooting,,
Beno Udrih,Jason Thompson,Omri Casspi,Spencer Hawes,Tyreke Evans,Dirk Nowitzki,Drew Gooden,Jason Kidd,Jason Terry,Quinton Ross,4,0:40,SAC,free throw,,,,,,,1,,2,Tyreke Evans,,,foul,made,,,,
Beno Udrih,Jason Thompson,Omri Casspi,Spencer Hawes,Tyreke Evans,Dirk Nowitzki,Drew Gooden,Jason Kidd,Jason Terry,Jose Juan Barea,4,0:40,DAL,sub,,,,Jose Juan Barea,,Quinton Ross,,,,,,,,,,,,
Beno Udrih,Jason Thompson,Omri Casspi,Spencer Hawes,Tyreke Evans,Dirk Nowitzki,Drew Gooden,Jason Kidd,Jason Terry,Jose Juan Barea,4,0:40,SAC,free throw,,,,,,,2,,2,Tyreke Evans,,,foul,missed,,,,
Beno Udrih,Jason Thompson,Omri Casspi,Spencer Hawes,Tyreke Evans,Dirk Nowitzki,Drew Gooden,Jason Kidd,Jason Terry,Jose Juan Barea,4,0:39,DAL,rebound,,,,,,,,,,Drew Gooden,,,,,,def,,
Beno Udrih,Jason Thompson,Omri Casspi,Spencer Hawes,Tyreke Evans,Dirk Nowitzki,Drew Gooden,Jason Kidd,Jason Terry,Jose Juan Barea,4,0:30,DAL,shot,Dirk Nowitzki,,,,,,,,,Jason Terry,2,,,made,,layup,25,6
Beno Udrih,Jason Thompson,Omri Casspi,Spencer Hawes,Tyreke Evans,Dirk Nowitzki,Drew Gooden,Jason Kidd,Jason Terry,Jose Juan Barea,4,0:24,SAC,shot,,,,,,,,,,Beno Udrih,3,,,made,,3pt,20,32
Beno Udrih,Jason Thompson,Omri Casspi,Spencer Hawes,Tyreke Evans,Dirk Nowitzki,Drew Gooden,Jason Kidd,Jason Terry,Jose Juan Barea,4,0:22,SAC,foul,,,,,,,,Dirk Nowitzki,,Jason Thompson,,,,,,personal,,
Beno Udrih,Jason Thompson,Omri Casspi,Spencer Hawes,Tyreke Evans,Dirk Nowitzki,Drew Gooden,Jason Kidd,Jason Terry,Jose Juan Barea,4,0:18,SAC,foul,,,,,,,,Jason Terry,,Beno Udrih,,,,,,personal,,
Beno Udrih,Jason Thompson,Omri Casspi,Spencer Hawes,Tyreke Evans,Dirk Nowitzki,Drew Gooden,Jason Kidd,Jason Terry,Jose Juan Barea,4,0:18,DAL,free throw,,,,,,,1,,2,Jason Terry,,,foul,made,,,,
Beno Udrih,Jason Thompson,Omri Casspi,Spencer Hawes,Tyreke Evans,Dirk Nowitzki,Drew Gooden,Jason Kidd,Jason Terry,Jose Juan Barea,4,0:18,DAL,free throw,,,,,,,2,,2,Jason Terry,,,foul,made,,,,
Beno Udrih,Jason Thompson,Omri Casspi,Spencer Hawes,Tyreke Evans,Dirk Nowitzki,Drew Gooden,Jason Kidd,Jason Terry,Jose Juan Barea,4,0:11,SAC,shot,,,,,,,,,,Beno Udrih,2,,,made,,driving reverse layup,25,6
Beno Udrih,Jason Thompson,Omri Casspi,Spencer Hawes,Tyreke Evans,Dirk Nowitzki,Drew Gooden,Jason Kidd,Jason Terry,Jose Juan Barea,4,0:06,DAL,turnover,,,,,,,,,,Dirk Nowitzki,,,bad pass,,Omri Casspi,,,
Beno Udrih,Jason Thompson,Omri Casspi,Spencer Hawes,Tyreke Evans,Dirk Nowitzki,Drew Gooden,Jason Kidd,Jason Terry,Jose Juan Barea,4,0:02,SAC,shot,Omri Casspi,,,,,,,,,Tyreke Evans,3,,,made,,3pt,23,32
Beno Udrih,Jason Thompson,Omri Casspi,Spencer Hawes,Tyreke Evans,Dirk Nowitzki,Drew Gooden,Jason Kidd,Jason Terry,Jose Juan Barea,4,0:01,SAC,foul,,,,,,,,Jason Terry,,Beno Udrih,,,,,,personal,,
Beno Udrih,Jason Thompson,Omri Casspi,Spencer Hawes,Tyreke Evans,Dirk Nowitzki,Drew Gooden,Jason Kidd,Jason Terry,Jose Juan Barea,4,0:01,DAL,free throw,,,,,,,1,,2,Jason Terry,,,foul,made,,,,
Beno Udrih,Jason Thompson,Omri Casspi,Spencer Hawes,Tyreke Evans,Dirk Nowitzki,Drew Gooden,Jason Kidd,Jason Terry,Jose Juan Barea,4,0:01,DAL,free throw,,,,,,,2,,2,Jason Terry,,,foul,made,,,,
Beno Udrih,Jason Thompson,Omri Casspi,Spencer Hawes,Tyreke Evans,Dirk Nowitzki,Drew Gooden,Jason Kidd,Jason Terry,Jose Juan Barea,4,0:01,SAC,timeout,,,,,,,,,,,,,,,,regular,,
Beno Udrih,Jason Thompson,Omri Casspi,Spencer Hawes,Tyreke Evans,Drew Gooden,Jason Kidd,Jason Terry,Jose Juan Barea,Quinton Ross,4,0:01,DAL,sub,,,,Quinton Ross,,Dirk Nowitzki,,,,,,,,,,,,
Beno Udrih,Jason Thompson,Omri Casspi,Spencer Hawes,Tyreke Evans,Drew Gooden,Jason Kidd,Jason Terry,Jose Juan Barea,Quinton Ross,4,0:00,SAC,shot,Tyreke Evans,,,,,,,,,Omri Casspi,3,,,made,,3pt,37,28
