a1,a2,a3,a4,a5,h1,h2,h3,h4,h5,period,time,team,etype,assist,away,block,entered,home,left,num,opponent,outof,player,points,possession,reason,result,steal,type,x,y
Andrew Bynum,Derek Fisher,Kobe Bryant,Pau Gasol,Ron Artest,Brad Miller,Derrick Rose,Joakim Noah,John Salmons,Luol Deng,1,12:00,OFF,jump ball,,Andrew Bynum,,,Joakim Noah,,,,,,,Derek Fisher,,,,,,
Andrew Bynum,Derek Fisher,Kobe Bryant,Pau Gasol,Ron Artest,Brad Miller,Derrick Rose,Joakim Noah,John Salmons,Luol Deng,1,11:47,LAL,shot,,,Joakim Noah,,,,,,,Ron Artest,,,,missed,,layup,25,6
Andrew Bynum,Derek Fisher,Kobe Bryant,Pau Gasol,Ron Artest,Brad Miller,Derrick Rose,Joakim Noah,John Salmons,Luol Deng,1,11:45,CHI,rebound,,,,,,,,,,John Salmons,,,,,,def,,
Andrew Bynum,Derek Fisher,Kobe Bryant,Pau Gasol,Ron Artest,Brad Miller,Derrick Rose,Joakim Noah,John Salmons,Luol Deng,1,11:35,CHI,shot,Brad Miller,,,,,,,,,Derrick Rose,2,,,made,,jump bank,21,7
Andrew Bynum,Derek Fisher,Kobe Bryant,Pau Gasol,Ron Artest,Brad Miller,Derrick Rose,Joakim Noah,John Salmons,Luol Deng,1,11:14,LAL,shot,Derek Fisher,,,,,,,,,Andrew Bynum,2,,,made,,reverse dunk,25,6
Andrew Bynum,Derek Fisher,Kobe Bryant,Pau Gasol,Ron Artest,Brad Miller,Derrick Rose,Joakim Noah,John Salmons,Luol Deng,1,10:59,CHI,shot,Brad Miller,,,,,,,,,Joakim Noah,2,,,made,,hook,27,11
Andrew Bynum,Derek Fisher,Kobe Bryant,Pau Gasol,Ron Artest,Brad Miller,Derrick Rose,Joakim Noah,John Salmons,Luol Deng,1,10:45,LAL,shot,,,,,,,,,,Andrew Bynum,,,,missed,,jump,10,7
Andrew Bynum,Derek Fisher,Kobe Bryant,Pau Gasol,Ron Artest,Brad Miller,Derrick Rose,Joakim Noah,John Salmons,Luol Deng,1,10:44,CHI,rebound,,,,,,,,,,Brad Miller,,,,,,def,,
Andrew Bynum,Derek Fisher,Kobe Bryant,Pau Gasol,Ron Artest,Brad Miller,Derrick Rose,Joakim Noah,John Salmons,Luol Deng,1,10:38,CHI,shot,,,,,,,,,,Derrick Rose,2,,,made,,jump,19,16
Andrew Bynum,Derek Fisher,Kobe Bryant,Pau Gasol,Ron Artest,Brad Miller,Derrick Rose,Joakim Noah,John Salmons,Luol Deng,1,10:10,LAL,shot,,,,,,,,,,Pau Gasol,,,,missed,,jump,24,21
Andrew Bynum,Derek Fisher,Kobe Bryant,Pau Gasol,Ron Artest,Brad Miller,Derrick Rose,Joakim Noah,John Salmons,Luol Deng,1,10:09,CHI,rebound,,,,,,,,,,Luol Deng,,,,,,def,,
Andrew Bynum,Derek Fisher,Kobe Bryant,Pau Gasol,Ron Artest,Brad Miller,Derrick Rose,Joakim Noah,John Salmons,Luol Deng,1,9:59,CHI,shot,Derrick Rose,,,,,,,,,Brad Miller,2,,,made,,driving layup,25,6
Andrew Bynum,Derek Fisher,Kobe Bryant,Pau Gasol,Ron Artest,Brad Miller,Derrick Rose,Joakim Noah,John Salmons,Luol Deng,1,9:42,LAL,shot,,,Joakim Noah,,,,,,,Kobe Bryant,,,,missed,,reverse layup,25,6
Andrew Bynum,Derek Fisher,Kobe Bryant,Pau Gasol,Ron Artest,Brad Miller,Derrick Rose,Joakim Noah,John Salmons,Luol Deng,1,9:40,LAL,rebound,,,,,,,,,,Pau Gasol,,,,,,off,,
Andrew Bynum,Derek Fisher,Kobe Bryant,Pau Gasol,Ron Artest,Brad Miller,Derrick Rose,Joakim Noah,John Salmons,Luol Deng,1,9:30,LAL,shot,Ron Artest,,,,,,,,,Pau Gasol,2,,,made,,hook,19,10
Andrew Bynum,Derek Fisher,Kobe Bryant,Pau Gasol,Ron Artest,Brad Miller,Derrick Rose,Joakim Noah,John Salmons,Luol Deng,1,9:14,CHI,shot,,,,,,,,,,Joakim Noah,,,,missed,,jump,32,18
Andrew Bynum,Derek Fisher,Kobe Bryant,Pau Gasol,Ron Artest,Brad Miller,Derrick Rose,Joakim Noah,John Salmons,Luol Deng,1,9:13,CHI,rebound,,,,,,,,,,John Salmons,,,,,,off,,
Andrew Bynum,Derek Fisher,Kobe Bryant,Pau Gasol,Ron Artest,Brad Miller,Derrick Rose,Joakim Noah,John Salmons,Luol Deng,1,9:04,CHI,shot,Derrick Rose,,,,,,,,,Brad Miller,2,,,made,,jump,31,22
Andrew Bynum,Derek Fisher,Kobe Bryant,Pau Gasol,Ron Artest,Brad Miller,Derrick Rose,Joakim Noah,John Salmons,Luol Deng,1,8:43,LAL,shot,,,,,,,,,,Kobe Bryant,,,,missed,,turnaround fade away,37,14
Andrew Bynum,Derek Fisher,Kobe Bryant,Pau Gasol,Ron Artest,Brad Miller,Derrick Rose,Joakim Noah,John Salmons,Luol Deng,1,8:41,CHI,rebound,,,,,,,,,,Brad Miller,,,,,,def,,
Andrew Bynum,Derek Fisher,Kobe Bryant,Pau Gasol,Ron Artest,Brad Miller,Derrick Rose,Joakim Noah,John Salmons,Luol Deng,1,8:35,CHI,shot,,,,,,,,,,Luol Deng,,,,missed,,jump,44,17
Andrew Bynum,Derek Fisher,Kobe Bryant,Pau Gasol,Ron Artest,Brad Miller,Derrick Rose,Joakim Noah,John Salmons,Luol Deng,1,8:33,LAL,rebound,,,,,,,,,,Kobe Bryant,,,,,,def,,
Andrew Bynum,Derek Fisher,Kobe Bryant,Pau Gasol,Ron Artest,Brad Miller,Derrick Rose,Joakim Noah,John Salmons,Luol Deng,1,8:28,LAL,jump ball,,Kobe Bryant,,,John Salmons,,,,,,,Derrick Rose,,,,,,
Andrew Bynum,Derek Fisher,Kobe Bryant,Pau Gasol,Ron Artest,Brad Miller,Derrick Rose,Joakim Noah,John Salmons,Luol Deng,1,8:28,LAL,turnover,,,,,,,,,,Kobe Bryant,,,lost ball,,John Salmons,,,
Andrew Bynum,Derek Fisher,Kobe Bryant,Pau Gasol,Ron Artest,Brad Miller,Derrick Rose,Joakim Noah,John Salmons,Luol Deng,1,8:22,CHI,shot,,,,,,,,,,Derrick Rose,2,,,made,,pullup jump,21,17
Andrew Bynum,Derek Fisher,Kobe Bryant,Pau Gasol,Ron Artest,Brad Miller,Derrick Rose,Joakim Noah,John Salmons,Luol Deng,1,8:03,LAL,turnover,,,,,,,,,,Kobe Bryant,,,bad pass,,Brad Miller,,,
Andrew Bynum,Derek Fisher,Kobe Bryant,Pau Gasol,Ron Artest,Brad Miller,Derrick Rose,Joakim Noah,John Salmons,Luol Deng,1,7:58,LAL,foul,,,,,,,,Joakim Noah,,Kobe Bryant,,,,,,shooting,,
Andrew Bynum,Derek Fisher,Kobe Bryant,Pau Gasol,Ron Artest,Brad Miller,Derrick Rose,Joakim Noah,John Salmons,Luol Deng,1,7:58,CHI,free throw,,,,,,,1,,2,Joakim Noah,,,foul,made,,,,
Andrew Bynum,Derek Fisher,Kobe Bryant,Pau Gasol,Ron Artest,Brad Miller,Derrick Rose,Joakim Noah,John Salmons,Luol Deng,1,7:58,CHI,free throw,,,,,,,2,,2,Joakim Noah,,,foul,made,,,,
Andrew Bynum,Derek Fisher,Kobe Bryant,Pau Gasol,Ron Artest,Brad Miller,Derrick Rose,Joakim Noah,John Salmons,Luol Deng,1,7:44,CHI,foul,,,,,,,,Kobe Bryant,,John Salmons,,,,,,shooting,,
Andrew Bynum,Derek Fisher,Kobe Bryant,Pau Gasol,Ron Artest,Brad Miller,Derrick Rose,Joakim Noah,John Salmons,Luol Deng,1,7:44,LAL,free throw,,,,,,,1,,2,Kobe Bryant,,,foul,made,,,,
Andrew Bynum,Derek Fisher,Kobe Bryant,Pau Gasol,Ron Artest,Brad Miller,Derrick Rose,Joakim Noah,John Salmons,Luol Deng,1,7:44,LAL,free throw,,,,,,,2,,2,Kobe Bryant,,,foul,made,,,,
Andrew Bynum,Derek Fisher,Kobe Bryant,Pau Gasol,Ron Artest,Brad Miller,Derrick Rose,Joakim Noah,John Salmons,Luol Deng,1,7:32,CHI,turnover,,,,,,,,,,Luol Deng,,,step out of bounds turnover,,,,,
Andrew Bynum,Derek Fisher,Kobe Bryant,Pau Gasol,Ron Artest,Brad Miller,Derrick Rose,Joakim Noah,John Salmons,Luol Deng,1,7:14,LAL,shot,,,Joakim Noah,,,,,,,Pau Gasol,,,,missed,,jump,13,11
Andrew Bynum,Derek Fisher,Kobe Bryant,Pau Gasol,Ron Artest,Brad Miller,Derrick Rose,Joakim Noah,John Salmons,Luol Deng,1,7:13,LAL,rebound,,,,,,,,,,Pau Gasol,,,,,,off,,
Andrew Bynum,Derek Fisher,Kobe Bryant,Pau Gasol,Ron Artest,Brad Miller,Derrick Rose,Joakim Noah,John Salmons,Luol Deng,1,7:11,LAL,shot,,,Joakim Noah,,,,,,,Pau Gasol,,,,missed,,jump,24,13
Andrew Bynum,Derek Fisher,Kobe Bryant,Pau Gasol,Ron Artest,Brad Miller,Derrick Rose,Joakim Noah,John Salmons,Luol Deng,1,7:09,CHI,rebound,,,,,,,,,,John Salmons,,,,,,def,,
Andrew Bynum,Derek Fisher,Kobe Bryant,Pau Gasol,Ron Artest,Brad Miller,Derrick Rose,Joakim Noah,John Salmons,Luol Deng,1,7:05,CHI,shot,,,,,,,,,,Derrick Rose,,,,missed,,jump,10,22
Andrew Bynum,Derek Fisher,Kobe Bryant,Pau Gasol,Ron Artest,Brad Miller,Derrick Rose,Joakim Noah,John Salmons,Luol Deng,1,7:02,LAL,rebound,,,,,,,,,,,,,,,,,,
Andrew Bynum,Derek Fisher,Kobe Bryant,Pau Gasol,Ron Artest,Brad Miller,Derrick Rose,Joakim Noah,John Salmons,Luol Deng,1,6:47,LAL,shot,,,,,,,,,,Kobe Bryant,2,,,made,,jump,37,24
Andrew Bynum,Derek Fisher,Kobe Bryant,Pau Gasol,Ron Artest,Brad Miller,Derrick Rose,Joakim Noah,John Salmons,Luol Deng,1,6:47,CHI,foul,,,,,,,,Kobe Bryant,,John Salmons,,,,,,shooting,,
Andrew Bynum,Derek Fisher,Kobe Bryant,Pau Gasol,Ron Artest,Brad Miller,Derrick Rose,Joakim Noah,Kirk Hinrich,Luol Deng,1,6:47,CHI,sub,,,,Kirk Hinrich,,John Salmons,,,,,,,,,,,,
Andrew Bynum,Derek Fisher,Kobe Bryant,Pau Gasol,Ron Artest,Brad Miller,Derrick Rose,Joakim Noah,Kirk Hinrich,Luol Deng,1,6:47,LAL,free throw,,,,,,,1,,1,Kobe Bryant,,,foul,made,,,,
Andrew Bynum,Derek Fisher,Kobe Bryant,Pau Gasol,Ron Artest,Brad Miller,Derrick Rose,Joakim Noah,Kirk Hinrich,Luol Deng,1,6:36,CHI,shot,Derrick Rose,,,,,,,,,Kirk Hinrich,2,,,made,,jump,10,22
Andrew Bynum,Derek Fisher,Kobe Bryant,Pau Gasol,Ron Artest,Brad Miller,Derrick Rose,Joakim Noah,Kirk Hinrich,Luol Deng,1,6:23,LAL,turnover,,,,,,,,,,Andrew Bynum,,,lost ball,,Kirk Hinrich,,,
Andrew Bynum,Derek Fisher,Kobe Bryant,Pau Gasol,Ron Artest,Brad Miller,Derrick Rose,Joakim Noah,Kirk Hinrich,Luol Deng,1,6:16,CHI,shot,Kirk Hinrich,,,,,,,,,Derrick Rose,2,,,made,,layup,25,6
Andrew Bynum,Derek Fisher,Kobe Bryant,Pau Gasol,Ron Artest,Brad Miller,Derrick Rose,Joakim Noah,Kirk Hinrich,Luol Deng,1,6:01,LAL,shot,,,,,,,,,,Ron Artest,,,,missed,,jump,13,22
Andrew Bynum,Derek Fisher,Kobe Bryant,Pau Gasol,Ron Artest,Brad Miller,Derrick Rose,Joakim Noah,Kirk Hinrich,Luol Deng,1,5:59,LAL,rebound,,,,,,,,,,Andrew Bynum,,,,,,off,,
Andrew Bynum,Derek Fisher,Kobe Bryant,Pau Gasol,Ron Artest,Brad Miller,Derrick Rose,Joakim Noah,Kirk Hinrich,Luol Deng,1,5:56,LAL,shot,Andrew Bynum,,,,,,,,,Kobe Bryant,2,,,made,,jump,32,21
Andrew Bynum,Derek Fisher,Kobe Bryant,Pau Gasol,Ron Artest,Brad Miller,Derrick Rose,Joakim Noah,Kirk Hinrich,Luol Deng,1,5:50,CHI,timeout,,,,,,,,,,,,,,,,regular,,
Andrew Bynum,Derek Fisher,Kobe Bryant,Pau Gasol,Ron Artest,Brad Miller,Jannero Pargo,Joakim Noah,Kirk Hinrich,Luol Deng,1,5:50,CHI,sub,,,,Jannero Pargo,,Derrick Rose,,,,,,,,,,,,
Andrew Bynum,Derek Fisher,Kobe Bryant,Pau Gasol,Ron Artest,Brad Miller,Jannero Pargo,Joakim Noah,Kirk Hinrich,Luol Deng,1,5:39,CHI,shot,,,,,,,,,,Jannero Pargo,,,,missed,,3pt,42,25
Andrew Bynum,Derek Fisher,Kobe Bryant,Pau Gasol,Ron Artest,Brad Miller,Jannero Pargo,Joakim Noah,Kirk Hinrich,Luol Deng,1,5:38,LAL,rebound,,,,,,,,,,Pau Gasol,,,,,,def,,
Andrew Bynum,Derek Fisher,Kobe Bryant,Pau Gasol,Ron Artest,Brad Miller,Jannero Pargo,Joakim Noah,Kirk Hinrich,Luol Deng,1,5:32,LAL,shot,,,,,,,,,,Kobe Bryant,3,,,made,,3pt,42,23
Andrew Bynum,Derek Fisher,Kobe Bryant,Pau Gasol,Ron Artest,Brad Miller,Jannero Pargo,Joakim Noah,Kirk Hinrich,Luol Deng,1,5:17,CHI,shot,,,Andrew Bynum,,,,,,,Jannero Pargo,,,,missed,,layup,25,6
Andrew Bynum,Derek Fisher,Kobe Bryant,Pau Gasol,Ron Artest,Brad Miller,Jannero Pargo,Joakim Noah,Kirk Hinrich,Luol Deng,1,5:16,LAL,rebound,,,,,,,,,,Pau Gasol,,,,,,def,,
Andrew Bynum,Derek Fisher,Kobe Bryant,Pau Gasol,Ron Artest,Brad Miller,Jannero Pargo,Joakim Noah,Kirk Hinrich,Luol Deng,1,5:05,LAL,shot,,,,,,,,,,Andrew Bynum,2,,,made,,layup,25,6
Andrew Bynum,Derek Fisher,Kobe Bryant,Pau Gasol,Ron Artest,Brad Miller,Jannero Pargo,Joakim Noah,Kirk Hinrich,Luol Deng,1,4:45,CHI,shot,Kirk Hinrich,,,,,,,,,Brad Miller,2,,,made,,jump,17,25
Andrew Bynum,Derek Fisher,Kobe Bryant,Pau Gasol,Ron Artest,Brad Miller,Jannero Pargo,Joakim Noah,Kirk Hinrich,Luol Deng,1,4:31,LAL,shot,Ron Artest,,,,,,,,,Kobe Bryant,2,,,made,,jump,15,24
Andrew Bynum,Derek Fisher,Kobe Bryant,Pau Gasol,Ron Artest,Brad Miller,Jannero Pargo,Joakim Noah,Kirk Hinrich,Luol Deng,1,4:17,CHI,shot,,,,,,,,,,Luol Deng,2,,,made,,jump,21,28
Andrew Bynum,Derek Fisher,Kobe Bryant,Pau Gasol,Ron Artest,Brad Miller,Jannero Pargo,Joakim Noah,Kirk Hinrich,Luol Deng,1,4:05,LAL,shot,Derek Fisher,,,,,,,,,Kobe Bryant,2,,,made,,jump,8,14
Andrew Bynum,Derek Fisher,Kobe Bryant,Pau Gasol,Ron Artest,Brad Miller,Jannero Pargo,Joakim Noah,Kirk Hinrich,Luol Deng,1,3:54,CHI,turnover,,,,,,,,,,Brad Miller,,,lost ball,,Derek Fisher,,,
Andrew Bynum,Derek Fisher,Kobe Bryant,Pau Gasol,Ron Artest,Brad Miller,Jannero Pargo,Joakim Noah,Kirk Hinrich,Luol Deng,1,3:50,LAL,shot,,,Kirk Hinrich,,,,,,,Derek Fisher,,,,missed,,layup,25,6
Andrew Bynum,Derek Fisher,Kobe Bryant,Pau Gasol,Ron Artest,Brad Miller,Jannero Pargo,Joakim Noah,Kirk Hinrich,Luol Deng,1,3:50,LAL,rebound,,,,,,,,,,,,,,,,,,
Derek Fisher,Kobe Bryant,Lamar Odom,Pau Gasol,Ron Artest,Brad Miller,Jannero Pargo,Joakim Noah,Kirk Hinrich,Luol Deng,1,3:50,LAL,sub,,,,Lamar Odom,,Andrew Bynum,,,,,,,,,,,,
Derek Fisher,Kobe Bryant,Lamar Odom,Pau Gasol,Ron Artest,Jannero Pargo,Joakim Noah,Kirk Hinrich,Luol Deng,Taj Gibson,1,3:50,CHI,sub,,,,Taj Gibson,,Brad Miller,,,,,,,,,,,,
Derek Fisher,Kobe Bryant,Lamar Odom,Pau Gasol,Ron Artest,Jannero Pargo,Joakim Noah,Kirk Hinrich,Luol Deng,Taj Gibson,1,3:46,LAL,shot,,,,,,,,,,Kobe Bryant,2,,,made,,fade away jumper,8,7
Derek Fisher,Kobe Bryant,Lamar Odom,Pau Gasol,Ron Artest,Jannero Pargo,Joakim Noah,Kirk Hinrich,Luol Deng,Taj Gibson,1,3:23,CHI,shot,,,,,,,,,,Jannero Pargo,,,,missed,,jump,9,16
Derek Fisher,Kobe Bryant,Lamar Odom,Pau Gasol,Ron Artest,Jannero Pargo,Joakim Noah,Kirk Hinrich,Luol Deng,Taj Gibson,1,3:22,CHI,rebound,,,,,,,,,,Taj Gibson,,,,,,off,,
Derek Fisher,Kobe Bryant,Lamar Odom,Pau Gasol,Ron Artest,Jannero Pargo,Joakim Noah,Kirk Hinrich,Luol Deng,Taj Gibson,1,3:21,CHI,shot,,,,,,,,,,Taj Gibson,,,,missed,,layup,25,6
Derek Fisher,Kobe Bryant,Lamar Odom,Pau Gasol,Ron Artest,Jannero Pargo,Joakim Noah,Kirk Hinrich,Luol Deng,Taj Gibson,1,3:19,CHI,rebound,,,,,,,,,,Joakim Noah,,,,,,off,,
Derek Fisher,Kobe Bryant,Lamar Odom,Pau Gasol,Ron Artest,Jannero Pargo,Joakim Noah,Kirk Hinrich,Luol Deng,Taj Gibson,1,3:19,CHI,shot,,,,,,,,,,Joakim Noah,,,,missed,,tip,25,6
Derek Fisher,Kobe Bryant,Lamar Odom,Pau Gasol,Ron Artest,Jannero Pargo,Joakim Noah,Kirk Hinrich,Luol Deng,Taj Gibson,1,3:18,CHI,rebound,,,,,,,,,,Joakim Noah,,,,,,off,,
Derek Fisher,Kobe Bryant,Lamar Odom,Pau Gasol,Ron Artest,Jannero Pargo,Joakim Noah,Kirk Hinrich,Luol Deng,Taj Gibson,1,3:11,CHI,shot,Joakim Noah,,,,,,,,,Kirk Hinrich,3,,,made,,3pt,49,5
Derek Fisher,Kobe Bryant,Lamar Odom,Pau Gasol,Ron Artest,Jannero Pargo,Joakim Noah,Kirk Hinrich,Luol Deng,Taj Gibson,1,2:57,LAL,shot,Lamar Odom,,,,,,,,,Kobe Bryant,2,,,made,,jump,10,15
Derek Fisher,Kobe Bryant,Lamar Odom,Pau Gasol,Ron Artest,Jannero Pargo,Joakim Noah,Kirk Hinrich,Luol Deng,Taj Gibson,1,2:44,CHI,shot,,,,,,,,,,Kirk Hinrich,2,,,made,,jump,40,22
Derek Fisher,Kobe Bryant,Lamar Odom,Pau Gasol,Ron Artest,Jannero Pargo,Joakim Noah,Kirk Hinrich,Luol Deng,Taj Gibson,1,2:24,LAL,shot,Derek Fisher,,,,,,,,,Kobe Bryant,2,,,made,,fade away jumper,42,13
Derek Fisher,Kobe Bryant,Lamar Odom,Pau Gasol,Ron Artest,Jannero Pargo,Joakim Noah,Kirk Hinrich,Luol Deng,Taj Gibson,1,2:07,CHI,shot,Jannero Pargo,,,,,,,,,Joakim Noah,2,,,made,,layup,25,6
Derek Fisher,Kobe Bryant,Lamar Odom,Pau Gasol,Ron Artest,Jannero Pargo,Joakim Noah,Kirk Hinrich,Luol Deng,Taj Gibson,1,1:57,LAL,timeout,,,,,,,,,,,,,,,,regular,,
Jordan Farmar,Kobe Bryant,Lamar Odom,Pau Gasol,Ron Artest,Jannero Pargo,Joakim Noah,Kirk Hinrich,Luol Deng,Taj Gibson,1,1:57,LAL,sub,,,,Jordan Farmar,,Derek Fisher,,,,,,,,,,,,
Jordan Farmar,Kobe Bryant,Lamar Odom,Pau Gasol,Ron Artest,Jannero Pargo,Joakim Noah,Kirk Hinrich,Luol Deng,Taj Gibson,1,1:45,LAL,shot,,,Kirk Hinrich,,,,,,,Kobe Bryant,,,,missed,,3pt,8,25
Jordan Farmar,Kobe Bryant,Lamar Odom,Pau Gasol,Ron Artest,Jannero Pargo,Joakim Noah,Kirk Hinrich,Luol Deng,Taj Gibson,1,1:43,CHI,rebound,,,,,,,,,,Luol Deng,,,,,,def,,
Jordan Farmar,Kobe Bryant,Lamar Odom,Pau Gasol,Ron Artest,Jannero Pargo,Joakim Noah,Kirk Hinrich,Luol Deng,Taj Gibson,1,1:30,CHI,turnover,,,,,,,,,,Luol Deng,,,bad pass,,Lamar Odom,,,
Jordan Farmar,Kobe Bryant,Lamar Odom,Pau Gasol,Ron Artest,Jannero Pargo,Joakim Noah,Kirk Hinrich,Luol Deng,Taj Gibson,1,1:30,CHI,foul,,,,,,,,Lamar Odom,,Luol Deng,,,,,,personal,,
Jordan Farmar,Kobe Bryant,Lamar Odom,Pau Gasol,Ron Artest,Jannero Pargo,Joakim Noah,Kirk Hinrich,Luol Deng,Taj Gibson,1,1:12,LAL,shot,,,,,,,,,,Kobe Bryant,,,,missed,,jump,43,10
Jordan Farmar,Kobe Bryant,Lamar Odom,Pau Gasol,Ron Artest,Jannero Pargo,Joakim Noah,Kirk Hinrich,Luol Deng,Taj Gibson,1,1:11,CHI,rebound,,,,,,,,,,Luol Deng,,,,,,def,,
Jordan Farmar,Kobe Bryant,Lamar Odom,Pau Gasol,Ron Artest,Jannero Pargo,Joakim Noah,Kirk Hinrich,Luol Deng,Taj Gibson,1,1:03,CHI,shot,,,,,,,,,,Luol Deng,,,,missed,,driving layup,25,6
Jordan Farmar,Kobe Bryant,Lamar Odom,Pau Gasol,Ron Artest,Jannero Pargo,Joakim Noah,Kirk Hinrich,Luol Deng,Taj Gibson,1,1:02,CHI,rebound,,,,,,,,,,Joakim Noah,,,,,,off,,
Jordan Farmar,Kobe Bryant,Lamar Odom,Pau Gasol,Ron Artest,Jannero Pargo,Joakim Noah,Kirk Hinrich,Luol Deng,Taj Gibson,1,1:02,CHI,shot,,,,,,,,,,Joakim Noah,2,,,made,,tip,25,6
Jordan Farmar,Kobe Bryant,Lamar Odom,Pau Gasol,Ron Artest,Jannero Pargo,Joakim Noah,Kirk Hinrich,Luol Deng,Taj Gibson,1,0:46,CHI,foul,,,,,,,,Pau Gasol,,Jannero Pargo,,,,,,shooting,,
Jordan Farmar,Kobe Bryant,Lamar Odom,Pau Gasol,Ron Artest,Jannero Pargo,Joakim Noah,Kirk Hinrich,Luol Deng,Taj Gibson,1,0:46,LAL,free throw,,,,,,,1,,2,Pau Gasol,,,foul,made,,,,
Jordan Farmar,Kobe Bryant,Lamar Odom,Pau Gasol,Ron Artest,Jannero Pargo,Joakim Noah,Kirk Hinrich,Luol Deng,Taj Gibson,1,0:46,LAL,free throw,,,,,,,2,,2,Pau Gasol,,,foul,made,,,,
Jordan Farmar,Kobe Bryant,Lamar Odom,Pau Gasol,Ron Artest,Jannero Pargo,Joakim Noah,Kirk Hinrich,Luol Deng,Taj Gibson,1,0:30,CHI,shot,,,,,,,,,,Jannero Pargo,,,,missed,,jump,36,25
Jordan Farmar,Kobe Bryant,Lamar Odom,Pau Gasol,Ron Artest,Jannero Pargo,Joakim Noah,Kirk Hinrich,Luol Deng,Taj Gibson,1,0:29,LAL,rebound,,,,,,,,,,Pau Gasol,,,,,,def,,
Jordan Farmar,Kobe Bryant,Lamar Odom,Pau Gasol,Ron Artest,Jannero Pargo,Joakim Noah,Kirk Hinrich,Luol Deng,Taj Gibson,1,0:19,LAL,shot,Kobe Bryant,,,,,,,,,Jordan Farmar,3,,,made,,3pt,48,6
Jordan Farmar,Kobe Bryant,Lamar Odom,Pau Gasol,Ron Artest,Jannero Pargo,Joakim Noah,Kirk Hinrich,Luol Deng,Taj Gibson,1,0:01,CHI,shot,,,,,,,,,,Taj Gibson,,,,missed,,jump,25,21
Jordan Farmar,Kobe Bryant,Lamar Odom,Pau Gasol,Ron Artest,Jannero Pargo,Joakim Noah,Kirk Hinrich,Luol Deng,Taj Gibson,1,0:00,LAL,rebound,,,,,,,,,,Pau Gasol,,,,,,def,,
Andrew Bynum,Jordan Farmar,Kobe Bryant,Lamar Odom,Shannon Brown,Brad Miller,Jannero Pargo,John Salmons,Kirk Hinrich,Taj Gibson,2,11:45,CHI,shot,,,,,,,,,,Kirk Hinrich,,,,missed,,jump,19,23
Andrew Bynum,Jordan Farmar,Kobe Bryant,Lamar Odom,Shannon Brown,Brad Miller,Jannero Pargo,John Salmons,Kirk Hinrich,Taj Gibson,2,11:43,CHI,rebound,,,,,,,,,,Jannero Pargo,,,,,,off,,
Andrew Bynum,Jordan Farmar,Kobe Bryant,Lamar Odom,Shannon Brown,Brad Miller,Jannero Pargo,John Salmons,Kirk Hinrich,Taj Gibson,2,11:27,CHI,shot,,,,,,,,,,Kirk Hinrich,,,,missed,,jump,26,25
Andrew Bynum,Jordan Farmar,Kobe Bryant,Lamar Odom,Shannon Brown,Brad Miller,Jannero Pargo,John Salmons,Kirk Hinrich,Taj Gibson,2,11:26,LAL,rebound,,,,,,,,,,Lamar Odom,,,,,,def,,
Andrew Bynum,Jordan Farmar,Kobe Bryant,Lamar Odom,Shannon Brown,Brad Miller,Jannero Pargo,John Salmons,Kirk Hinrich,Taj Gibson,2,11:22,LAL,shot,Kobe Bryant,,,,,,,,,Andrew Bynum,2,,,made,,layup,25,6
Andrew Bynum,Jordan Farmar,Kobe Bryant,Lamar Odom,Shannon Brown,Brad Miller,Jannero Pargo,John Salmons,Kirk Hinrich,Taj Gibson,2,11:07,CHI,shot,Jannero Pargo,,,,,,,,,Brad Miller,2,,,made,,jump,8,7
Andrew Bynum,Jordan Farmar,Kobe Bryant,Lamar Odom,Shannon Brown,Brad Miller,Jannero Pargo,John Salmons,Kirk Hinrich,Taj Gibson,2,10:45,LAL,shot,,,,,,,,,,Lamar Odom,,,,missed,,3pt,41,26
Andrew Bynum,Jordan Farmar,Kobe Bryant,Lamar Odom,Shannon Brown,Brad Miller,Jannero Pargo,John Salmons,Kirk Hinrich,Taj Gibson,2,10:44,CHI,rebound,,,,,,,,,,Jannero Pargo,,,,,,def,,
Andrew Bynum,Jordan Farmar,Kobe Bryant,Lamar Odom,Shannon Brown,Brad Miller,Jannero Pargo,John Salmons,Kirk Hinrich,Taj Gibson,2,10:36,LAL,foul,,,,,,,,Brad Miller,,Andrew Bynum,,,,,,personal,,
Andrew Bynum,Jordan Farmar,Kobe Bryant,Lamar Odom,Shannon Brown,Brad Miller,James Johnson,John Salmons,Kirk Hinrich,Taj Gibson,2,10:36,CHI,sub,,,,James Johnson,,Jannero Pargo,,,,,,,,,,,,
Andrew Bynum,Jordan Farmar,Kobe Bryant,Lamar Odom,Shannon Brown,Brad Miller,James Johnson,John Salmons,Kirk Hinrich,Taj Gibson,2,10:34,LAL,foul,,,,,,,,Kirk Hinrich,,Jordan Farmar,,,,,,personal,,
Andrew Bynum,Jordan Farmar,Lamar Odom,Ron Artest,Shannon Brown,Brad Miller,James Johnson,John Salmons,Kirk Hinrich,Taj Gibson,2,10:34,LAL,sub,,,,Ron Artest,,Kobe Bryant,,,,,,,,,,,,
Andrew Bynum,Jordan Farmar,Lamar Odom,Ron Artest,Shannon Brown,Brad Miller,James Johnson,John Salmons,Kirk Hinrich,Taj Gibson,2,10:30,CHI,shot,,,,,,,,,,Brad Miller,,,,missed,,jump,14,23
Andrew Bynum,Jordan Farmar,Lamar Odom,Ron Artest,Shannon Brown,Brad Miller,James Johnson,John Salmons,Kirk Hinrich,Taj Gibson,2,10:30,LAL,rebound,,,,,,,,,,,,,,,,,,
Andrew Bynum,Jordan Farmar,Lamar Odom,Ron Artest,Shannon Brown,Brad Miller,James Johnson,John Salmons,Kirk Hinrich,Taj Gibson,2,10:30,CHI,foul,,,,,,,,Lamar Odom,,Taj Gibson,,,,,,loose ball,,
Andrew Bynum,Jordan Farmar,Lamar Odom,Ron Artest,Shannon Brown,Brad Miller,James Johnson,John Salmons,Kirk Hinrich,Taj Gibson,2,10:11,LAL,shot,,,,,,,,,,Andrew Bynum,2,,,made,,jump,21,12
Andrew Bynum,Jordan Farmar,Lamar Odom,Ron Artest,Shannon Brown,Brad Miller,James Johnson,John Salmons,Kirk Hinrich,Taj Gibson,2,9:50,CHI,shot,,,Lamar Odom,,,,,,,Kirk Hinrich,,,,missed,,layup,25,6
Andrew Bynum,Jordan Farmar,Lamar Odom,Ron Artest,Shannon Brown,Brad Miller,James Johnson,John Salmons,Kirk Hinrich,Taj Gibson,2,9:48,LAL,rebound,,,,,,,,,,Shannon Brown,,,,,,def,,
Andrew Bynum,Jordan Farmar,Lamar Odom,Ron Artest,Shannon Brown,Brad Miller,James Johnson,John Salmons,Kirk Hinrich,Taj Gibson,2,9:44,LAL,shot,,,,,,,,,,Shannon Brown,2,,,made,,reverse layup,25,6
Andrew Bynum,Jordan Farmar,Lamar Odom,Ron Artest,Shannon Brown,Brad Miller,James Johnson,John Salmons,Kirk Hinrich,Taj Gibson,2,9:25,CHI,shot,James Johnson,,,,,,,,,John Salmons,2,,,made,,jump,22,22
Andrew Bynum,Jordan Farmar,Lamar Odom,Ron Artest,Shannon Brown,Brad Miller,James Johnson,John Salmons,Kirk Hinrich,Taj Gibson,2,9:09,LAL,shot,,,,,,,,,,Jordan Farmar,,,,missed,,3pt,42,23
Andrew Bynum,Jordan Farmar,Lamar Odom,Ron Artest,Shannon Brown,Brad Miller,James Johnson,John Salmons,Kirk Hinrich,Taj Gibson,2,9:08,CHI,rebound,,,,,,,,,,Taj Gibson,,,,,,def,,
Andrew Bynum,Jordan Farmar,Lamar Odom,Ron Artest,Shannon Brown,Brad Miller,James Johnson,John Salmons,Kirk Hinrich,Taj Gibson,2,8:45,CHI,shot,,,,,,,,,,Brad Miller,,,,missed,,3pt,49,9
Andrew Bynum,Jordan Farmar,Lamar Odom,Ron Artest,Shannon Brown,Brad Miller,James Johnson,John Salmons,Kirk Hinrich,Taj Gibson,2,8:44,LAL,rebound,,,,,,,,,,Ron Artest,,,,,,def,,
Andrew Bynum,Jordan Farmar,Lamar Odom,Ron Artest,Shannon Brown,Brad Miller,James Johnson,John Salmons,Kirk Hinrich,Taj Gibson,2,8:27,LAL,shot,,,,,,,,,,Andrew Bynum,,,,missed,,jump,14,19
Andrew Bynum,Jordan Farmar,Lamar Odom,Ron Artest,Shannon Brown,Brad Miller,James Johnson,John Salmons,Kirk Hinrich,Taj Gibson,2,8:26,CHI,rebound,,,,,,,,,,Taj Gibson,,,,,,def,,
Andrew Bynum,Jordan Farmar,Lamar Odom,Ron Artest,Shannon Brown,Brad Miller,James Johnson,John Salmons,Kirk Hinrich,Taj Gibson,2,8:15,LAL,foul,,,,,,,,Taj Gibson,,Lamar Odom,,,,,,shooting,,
Andrew Bynum,Jordan Farmar,Lamar Odom,Ron Artest,Shannon Brown,Brad Miller,James Johnson,John Salmons,Kirk Hinrich,Taj Gibson,2,8:15,CHI,timeout,,,,,,,,,,,,,,,,,,
Jordan Farmar,Lamar Odom,Pau Gasol,Ron Artest,Shannon Brown,Brad Miller,James Johnson,John Salmons,Kirk Hinrich,Taj Gibson,2,8:15,LAL,sub,,,,Pau Gasol,,Andrew Bynum,,,,,,,,,,,,
Jordan Farmar,Lamar Odom,Pau Gasol,Ron Artest,Shannon Brown,Brad Miller,James Johnson,John Salmons,Kirk Hinrich,Taj Gibson,2,8:15,CHI,free throw,,,,,,,1,,2,Taj Gibson,,,foul,missed,,,,
Jordan Farmar,Lamar Odom,Pau Gasol,Ron Artest,Shannon Brown,Brad Miller,James Johnson,John Salmons,Kirk Hinrich,Taj Gibson,2,8:15,CHI,rebound,,,,,,,,,,,,,,,,,,
Jordan Farmar,Lamar Odom,Pau Gasol,Ron Artest,Shannon Brown,Brad Miller,James Johnson,John Salmons,Kirk Hinrich,Taj Gibson,2,8:15,CHI,free throw,,,,,,,2,,2,Taj Gibson,,,foul,made,,,,
Jordan Farmar,Lamar Odom,Pau Gasol,Ron Artest,Shannon Brown,Brad Miller,James Johnson,John Salmons,Kirk Hinrich,Taj Gibson,2,8:02,LAL,shot,,,James Johnson,,,,,,,Ron Artest,,,,missed,,layup,25,6
Jordan Farmar,Lamar Odom,Pau Gasol,Ron Artest,Shannon Brown,Brad Miller,James Johnson,John Salmons,Kirk Hinrich,Taj Gibson,2,7:59,CHI,rebound,,,,,,,,,,James Johnson,,,,,,def,,
Jordan Farmar,Lamar Odom,Pau Gasol,Ron Artest,Shannon Brown,Brad Miller,James Johnson,John Salmons,Kirk Hinrich,Taj Gibson,2,7:55,CHI,turnover,,,,,,,,,,James Johnson,,,lost ball,,Shannon Brown,,,
Jordan Farmar,Lamar Odom,Pau Gasol,Ron Artest,Shannon Brown,Brad Miller,James Johnson,John Salmons,Kirk Hinrich,Taj Gibson,2,7:50,CHI,foul,,,,,,,,Jordan Farmar,,Taj Gibson,,,,,,shooting,,
Jordan Farmar,Lamar Odom,Pau Gasol,Ron Artest,Shannon Brown,Brad Miller,James Johnson,John Salmons,Kirk Hinrich,Taj Gibson,2,7:50,LAL,free throw,,,,,,,1,,2,Jordan Farmar,,,foul,missed,,,,
Jordan Farmar,Lamar Odom,Pau Gasol,Ron Artest,Shannon Brown,Brad Miller,James Johnson,John Salmons,Kirk Hinrich,Taj Gibson,2,7:50,LAL,rebound,,,,,,,,,,,,,,,,,,
Jordan Farmar,Lamar Odom,Pau Gasol,Ron Artest,Shannon Brown,Brad Miller,James Johnson,Joakim Noah,John Salmons,Kirk Hinrich,2,7:50,CHI,sub,,,,Joakim Noah,,Taj Gibson,,,,,,,,,,,,
Jordan Farmar,Lamar Odom,Pau Gasol,Ron Artest,Shannon Brown,Brad Miller,James Johnson,Joakim Noah,John Salmons,Kirk Hinrich,2,7:50,LAL,free throw,,,,,,,2,,2,Jordan Farmar,,,foul,made,,,,
Jordan Farmar,Lamar Odom,Pau Gasol,Ron Artest,Shannon Brown,Brad Miller,James Johnson,Joakim Noah,John Salmons,Kirk Hinrich,2,7:31,CHI,shot,,,,,,,,,,James Johnson,,,,missed,,jump,23,14
Jordan Farmar,Lamar Odom,Pau Gasol,Ron Artest,Shannon Brown,Brad Miller,James Johnson,Joakim Noah,John Salmons,Kirk Hinrich,2,7:30,LAL,rebound,,,,,,,,,,Lamar Odom,,,,,,def,,
Jordan Farmar,Lamar Odom,Pau Gasol,Ron Artest,Shannon Brown,Brad Miller,James Johnson,Joakim Noah,John Salmons,Kirk Hinrich,2,7:15,LAL,turnover,,,,,,,,,,Pau Gasol,,,lost ball,,Brad Miller,,,
Jordan Farmar,Lamar Odom,Pau Gasol,Ron Artest,Shannon Brown,Brad Miller,James Johnson,Joakim Noah,John Salmons,Kirk Hinrich,2,6:51,CHI,shot,,,,,,,,,,James Johnson,,,,missed,,3pt,41,27
Jordan Farmar,Lamar Odom,Pau Gasol,Ron Artest,Shannon Brown,Brad Miller,James Johnson,Joakim Noah,John Salmons,Kirk Hinrich,2,6:50,LAL,rebound,,,,,,,,,,Jordan Farmar,,,,,,def,,
Jordan Farmar,Lamar Odom,Pau Gasol,Ron Artest,Shannon Brown,Brad Miller,James Johnson,Joakim Noah,John Salmons,Kirk Hinrich,2,6:38,LAL,shot,Jordan Farmar,,,,,,,,,Ron Artest,2,,,made,,turnaround fade away,39,14
Jordan Farmar,Lamar Odom,Pau Gasol,Ron Artest,Shannon Brown,Brad Miller,James Johnson,Joakim Noah,John Salmons,Kirk Hinrich,2,6:32,CHI,timeout,,,,,,,,,,,,,,,,regular,,
Jordan Farmar,Lamar Odom,Pau Gasol,Ron Artest,Shannon Brown,Brad Miller,Joakim Noah,John Salmons,Kirk Hinrich,Luol Deng,2,6:32,CHI,sub,,,,Luol Deng,,James Johnson,,,,,,,,,,,,
Kobe Bryant,Lamar Odom,Pau Gasol,Ron Artest,Shannon Brown,Brad Miller,Joakim Noah,John Salmons,Kirk Hinrich,Luol Deng,2,6:32,LAL,sub,,,,Kobe Bryant,,Jordan Farmar,,,,,,,,,,,,
Kobe Bryant,Lamar Odom,Pau Gasol,Ron Artest,Shannon Brown,Brad Miller,Joakim Noah,John Salmons,Kirk Hinrich,Luol Deng,2,6:22,CHI,shot,,,,,,,,,,John Salmons,,,,missed,,jump,6,12
Kobe Bryant,Lamar Odom,Pau Gasol,Ron Artest,Shannon Brown,Brad Miller,Joakim Noah,John Salmons,Kirk Hinrich,Luol Deng,2,6:21,CHI,rebound,,,,,,,,,,Joakim Noah,,,,,,off,,
Kobe Bryant,Lamar Odom,Pau Gasol,Ron Artest,Shannon Brown,Brad Miller,Joakim Noah,John Salmons,Kirk Hinrich,Luol Deng,2,6:21,CHI,shot,,,,,,,,,,Joakim Noah,,,,missed,,tip,25,6
Kobe Bryant,Lamar Odom,Pau Gasol,Ron Artest,Shannon Brown,Brad Miller,Joakim Noah,John Salmons,Kirk Hinrich,Luol Deng,2,6:19,CHI,rebound,,,,,,,,,,Joakim Noah,,,,,,off,,
Kobe Bryant,Lamar Odom,Pau Gasol,Ron Artest,Shannon Brown,Brad Miller,Joakim Noah,John Salmons,Kirk Hinrich,Luol Deng,2,6:14,CHI,shot,,,,,,,,,,Luol Deng,,,,missed,,jump,36,8
Kobe Bryant,Lamar Odom,Pau Gasol,Ron Artest,Shannon Brown,Brad Miller,Joakim Noah,John Salmons,Kirk Hinrich,Luol Deng,2,6:14,CHI,rebound,,,,,,,,,,Joakim Noah,,,,,,off,,
Kobe Bryant,Lamar Odom,Pau Gasol,Ron Artest,Shannon Brown,Brad Miller,Joakim Noah,John Salmons,Kirk Hinrich,Luol Deng,2,6:14,CHI,shot,,,,,,,,,,Joakim Noah,2,,,made,,tip,25,6
Kobe Bryant,Lamar Odom,Pau Gasol,Ron Artest,Shannon Brown,Brad Miller,Joakim Noah,John Salmons,Kirk Hinrich,Luol Deng,2,6:02,LAL,shot,Kobe Bryant,,,,,,,,,Lamar Odom,2,,,made,,reverse layup,25,6
Kobe Bryant,Lamar Odom,Pau Gasol,Ron Artest,Shannon Brown,Brad Miller,Joakim Noah,John Salmons,Kirk Hinrich,Luol Deng,2,6:02,CHI,foul,,,,,,,,Lamar Odom,,Luol Deng,,,,,,shooting,,
Kobe Bryant,Lamar Odom,Pau Gasol,Ron Artest,Shannon Brown,Brad Miller,Derrick Rose,Joakim Noah,John Salmons,Luol Deng,2,6:02,CHI,sub,,,,Derrick Rose,,Kirk Hinrich,,,,,,,,,,,,
Kobe Bryant,Lamar Odom,Pau Gasol,Ron Artest,Shannon Brown,Brad Miller,Derrick Rose,Joakim Noah,John Salmons,Luol Deng,2,6:02,LAL,free throw,,,,,,,1,,1,Lamar Odom,,,foul,made,,,,
Kobe Bryant,Lamar Odom,Pau Gasol,Ron Artest,Shannon Brown,Brad Miller,Derrick Rose,Joakim Noah,John Salmons,Luol Deng,2,5:42,CHI,shot,,,,,,,,,,Brad Miller,,,,missed,,jump,34,20
Kobe Bryant,Lamar Odom,Pau Gasol,Ron Artest,Shannon Brown,Brad Miller,Derrick Rose,Joakim Noah,John Salmons,Luol Deng,2,5:41,LAL,rebound,,,,,,,,,,Ron Artest,,,,,,def,,
Kobe Bryant,Lamar Odom,Pau Gasol,Ron Artest,Shannon Brown,Brad Miller,Derrick Rose,Joakim Noah,John Salmons,Luol Deng,2,5:34,LAL,shot,Lamar Odom,,,,,,,,,Kobe Bryant,2,,,made,,turnaround fade away,30,16
Kobe Bryant,Lamar Odom,Pau Gasol,Ron Artest,Shannon Brown,Brad Miller,Derrick Rose,Joakim Noah,John Salmons,Luol Deng,2,5:13,CHI,shot,,,,,,,,,,Brad Miller,2,,,made,,driving layup,25,6
Kobe Bryant,Lamar Odom,Pau Gasol,Ron Artest,Shannon Brown,Brad Miller,Derrick Rose,Joakim Noah,John Salmons,Luol Deng,2,4:55,LAL,shot,Pau Gasol,,,,,,,,,Lamar Odom,2,,,made,,layup,25,6
Kobe Bryant,Lamar Odom,Pau Gasol,Ron Artest,Shannon Brown,Brad Miller,Derrick Rose,Joakim Noah,John Salmons,Luol Deng,2,4:27,LAL,foul,,,,,,,,Luol Deng,,Lamar Odom,,,,,,personal,,
Kobe Bryant,Lamar Odom,Pau Gasol,Ron Artest,Shannon Brown,Brad Miller,Derrick Rose,Joakim Noah,John Salmons,Luol Deng,2,4:13,CHI,turnover,,,,,,,,,,,,,shot clock turnover,,,,,
Kobe Bryant,Lamar Odom,Pau Gasol,Ron Artest,Shannon Brown,Brad Miller,Derrick Rose,Joakim Noah,John Salmons,Luol Deng,2,3:59,LAL,turnover,,,,,,,,,,Kobe Bryant,,,lost ball,,John Salmons,,,
Kobe Bryant,Lamar Odom,Pau Gasol,Ron Artest,Shannon Brown,Brad Miller,Derrick Rose,Joakim Noah,John Salmons,Luol Deng,2,3:43,CHI,shot,,,,,,,,,,Derrick Rose,2,,,made,,jump bank,14,14
Kobe Bryant,Lamar Odom,Pau Gasol,Ron Artest,Shannon Brown,Brad Miller,Derrick Rose,Joakim Noah,John Salmons,Luol Deng,2,3:24,LAL,shot,Pau Gasol,,,,,,,,,Lamar Odom,2,,,made,,layup,25,6
Kobe Bryant,Lamar Odom,Pau Gasol,Ron Artest,Shannon Brown,Brad Miller,Derrick Rose,Joakim Noah,John Salmons,Luol Deng,2,3:09,CHI,shot,Brad Miller,,,,,,,,,Luol Deng,2,,,made,,jump,8,6
Kobe Bryant,Lamar Odom,Pau Gasol,Ron Artest,Shannon Brown,Brad Miller,Derrick Rose,Joakim Noah,John Salmons,Luol Deng,2,2:54,LAL,shot,,,,,,,,,,Lamar Odom,,,,missed,,3pt,39,26
Kobe Bryant,Lamar Odom,Pau Gasol,Ron Artest,Shannon Brown,Brad Miller,Derrick Rose,Joakim Noah,John Salmons,Luol Deng,2,2:53,CHI,rebound,,,,,,,,,,Joakim Noah,,,,,,def,,
Kobe Bryant,Lamar Odom,Pau Gasol,Ron Artest,Shannon Brown,Brad Miller,Derrick Rose,Joakim Noah,John Salmons,Luol Deng,2,2:37,LAL,timeout,,,,,,,,,,,,,,,,regular,,
Kobe Bryant,Lamar Odom,Pau Gasol,Ron Artest,Shannon Brown,Brad Miller,Derrick Rose,Joakim Noah,John Salmons,Luol Deng,2,2:31,CHI,shot,,,,,,,,,,Derrick Rose,,,,missed,,jump,11,13
Kobe Bryant,Lamar Odom,Pau Gasol,Ron Artest,Shannon Brown,Brad Miller,Derrick Rose,Joakim Noah,John Salmons,Luol Deng,2,2:29,CHI,rebound,,,,,,,,,,Joakim Noah,,,,,,off,,
Kobe Bryant,Lamar Odom,Pau Gasol,Ron Artest,Shannon Brown,Brad Miller,Derrick Rose,Joakim Noah,John Salmons,Luol Deng,2,2:29,CHI,shot,,,,,,,,,,Joakim Noah,,,,missed,,tip,25,6
Kobe Bryant,Lamar Odom,Pau Gasol,Ron Artest,Shannon Brown,Brad Miller,Derrick Rose,Joakim Noah,John Salmons,Luol Deng,2,2:28,LAL,rebound,,,,,,,,,,Pau Gasol,,,,,,def,,
Kobe Bryant,Lamar Odom,Pau Gasol,Ron Artest,Shannon Brown,Brad Miller,Derrick Rose,Joakim Noah,John Salmons,Luol Deng,2,2:17,CHI,foul,,,,,,,,Kobe Bryant,,John Salmons,,,,,,shooting,,
Kobe Bryant,Lamar Odom,Pau Gasol,Ron Artest,Shannon Brown,Brad Miller,Derrick Rose,Joakim Noah,John Salmons,Luol Deng,2,2:17,LAL,free throw,,,,,,,1,,2,Kobe Bryant,,,foul,missed,,,,
Kobe Bryant,Lamar Odom,Pau Gasol,Ron Artest,Shannon Brown,Brad Miller,Derrick Rose,Joakim Noah,John Salmons,Luol Deng,2,2:17,LAL,rebound,,,,,,,,,,,,,,,,,,
Kobe Bryant,Lamar Odom,Pau Gasol,Ron Artest,Shannon Brown,Brad Miller,Derrick Rose,Joakim Noah,Kirk Hinrich,Luol Deng,2,2:17,CHI,sub,,,,Kirk Hinrich,,John Salmons,,,,,,,,,,,,
Kobe Bryant,Lamar Odom,Pau Gasol,Ron Artest,Shannon Brown,Brad Miller,Derrick Rose,Joakim Noah,Kirk Hinrich,Luol Deng,2,2:17,LAL,free throw,,,,,,,2,,2,Kobe Bryant,,,foul,made,,,,
Kobe Bryant,Lamar Odom,Pau Gasol,Ron Artest,Shannon Brown,Brad Miller,Derrick Rose,Joakim Noah,Kirk Hinrich,Luol Deng,2,2:03,CHI,shot,,,,,,,,,,Joakim Noah,,,,missed,,layup,25,6
Kobe Bryant,Lamar Odom,Pau Gasol,Ron Artest,Shannon Brown,Brad Miller,Derrick Rose,Joakim Noah,Kirk Hinrich,Luol Deng,2,2:02,LAL,rebound,,,,,,,,,,Kobe Bryant,,,,,,def,,
Kobe Bryant,Lamar Odom,Pau Gasol,Ron Artest,Shannon Brown,Brad Miller,Derrick Rose,Joakim Noah,Kirk Hinrich,Luol Deng,2,1:53,LAL,shot,,,,,,,,,,Kobe Bryant,2,,,made,,jump,21,19
Kobe Bryant,Lamar Odom,Pau Gasol,Ron Artest,Shannon Brown,Brad Miller,Derrick Rose,Joakim Noah,Kirk Hinrich,Luol Deng,2,1:39,CHI,shot,,,Pau Gasol,,,,,,,Derrick Rose,,,,missed,,layup,25,6
Kobe Bryant,Lamar Odom,Pau Gasol,Ron Artest,Shannon Brown,Brad Miller,Derrick Rose,Joakim Noah,Kirk Hinrich,Luol Deng,2,1:37,CHI,rebound,,,,,,,,,,Joakim Noah,,,,,,off,,
Kobe Bryant,Lamar Odom,Pau Gasol,Ron Artest,Shannon Brown,Brad Miller,Derrick Rose,Joakim Noah,Kirk Hinrich,Luol Deng,2,1:36,CHI,shot,,,,,,,,,,Joakim Noah,,,,missed,,layup,25,6
Kobe Bryant,Lamar Odom,Pau Gasol,Ron Artest,Shannon Brown,Brad Miller,Derrick Rose,Joakim Noah,Kirk Hinrich,Luol Deng,2,1:35,LAL,rebound,,,,,,,,,,Lamar Odom,,,,,,def,,
Kobe Bryant,Lamar Odom,Pau Gasol,Ron Artest,Shannon Brown,Brad Miller,Derrick Rose,Joakim Noah,Kirk Hinrich,Luol Deng,2,1:30,LAL,shot,,,,,,,,,,Kobe Bryant,,,,missed,,3pt,7,24
Kobe Bryant,Lamar Odom,Pau Gasol,Ron Artest,Shannon Brown,Brad Miller,Derrick Rose,Joakim Noah,Kirk Hinrich,Luol Deng,2,1:28,CHI,rebound,,,,,,,,,,Brad Miller,,,,,,def,,
Kobe Bryant,Lamar Odom,Pau Gasol,Ron Artest,Shannon Brown,Brad Miller,Derrick Rose,Joakim Noah,Kirk Hinrich,Luol Deng,2,1:24,CHI,shot,Joakim Noah,,,,,,,,,Luol Deng,2,,,made,,dunk,25,6
Kobe Bryant,Lamar Odom,Pau Gasol,Ron Artest,Shannon Brown,Brad Miller,Derrick Rose,Joakim Noah,Kirk Hinrich,Luol Deng,2,1:03,LAL,shot,,,Brad Miller,,,,,,,Kobe Bryant,,,,missed,,layup,25,6
Kobe Bryant,Lamar Odom,Pau Gasol,Ron Artest,Shannon Brown,Brad Miller,Derrick Rose,Joakim Noah,Kirk Hinrich,Luol Deng,2,1:01,CHI,rebound,,,,,,,,,,Luol Deng,,,,,,def,,
Kobe Bryant,Lamar Odom,Pau Gasol,Ron Artest,Shannon Brown,Brad Miller,Derrick Rose,Joakim Noah,Kirk Hinrich,Luol Deng,2,0:57,CHI,shot,,,,,,,,,,Luol Deng,,,,missed,,layup,25,6
Kobe Bryant,Lamar Odom,Pau Gasol,Ron Artest,Shannon Brown,Brad Miller,Derrick Rose,Joakim Noah,Kirk Hinrich,Luol Deng,2,0:56,CHI,rebound,,,,,,,,,,,,,,,,,,
Kobe Bryant,Lamar Odom,Pau Gasol,Ron Artest,Shannon Brown,Brad Miller,Derrick Rose,Joakim Noah,Kirk Hinrich,Luol Deng,2,0:56,LAL,foul,,,,,,,,Derrick Rose,,Lamar Odom,,,,,,loose ball,,
Andrew Bynum,Kobe Bryant,Pau Gasol,Ron Artest,Shannon Brown,Brad Miller,Derrick Rose,Joakim Noah,Kirk Hinrich,Luol Deng,2,0:56,LAL,sub,,,,Andrew Bynum,,Lamar Odom,,,,,,,,,,,,
Andrew Bynum,Kobe Bryant,Pau Gasol,Ron Artest,Shannon Brown,Brad Miller,Derrick Rose,Joakim Noah,Kirk Hinrich,Luol Deng,2,0:56,CHI,free throw,,,,,,,1,,2,Derrick Rose,,,foul,made,,,,
Andrew Bynum,Kobe Bryant,Pau Gasol,Ron Artest,Shannon Brown,Brad Miller,Derrick Rose,James Johnson,Joakim Noah,Kirk Hinrich,2,0:56,CHI,sub,,,,James Johnson,,Luol Deng,,,,,,,,,,,,
Andrew Bynum,Kobe Bryant,Pau Gasol,Ron Artest,Shannon Brown,Brad Miller,Derrick Rose,James Johnson,Joakim Noah,Kirk Hinrich,2,0:56,CHI,free throw,,,,,,,2,,2,Derrick Rose,,,foul,made,,,,
Andrew Bynum,Kobe Bryant,Pau Gasol,Ron Artest,Shannon Brown,Brad Miller,Derrick Rose,James Johnson,Joakim Noah,Kirk Hinrich,2,0:47,LAL,shot,,,,,,,,,,Pau Gasol,2,,,made,,reverse dunk,25,6
Andrew Bynum,Kobe Bryant,Pau Gasol,Ron Artest,Shannon Brown,Brad Miller,Derrick Rose,James Johnson,Joakim Noah,Kirk Hinrich,2,0:41,CHI,timeout,,,,,,,,,,,,,,,,short,,
Andrew Bynum,Kobe Bryant,Pau Gasol,Ron Artest,Shannon Brown,Brad Miller,Derrick Rose,James Johnson,Joakim Noah,Kirk Hinrich,2,0:32,CHI,shot,,,,,,,,,,Joakim Noah,,,,missed,,layup,25,6
Andrew Bynum,Kobe Bryant,Pau Gasol,Ron Artest,Shannon Brown,Brad Miller,Derrick Rose,James Johnson,Joakim Noah,Kirk Hinrich,2,0:31,LAL,rebound,,,,,,,,,,Pau Gasol,,,,,,def,,
Andrew Bynum,Kobe Bryant,Pau Gasol,Ron Artest,Shannon Brown,Brad Miller,Derrick Rose,James Johnson,Joakim Noah,Kirk Hinrich,2,0:18,LAL,shot,,,,,,,,,,Ron Artest,,,,missed,,3pt,42,24
Andrew Bynum,Kobe Bryant,Pau Gasol,Ron Artest,Shannon Brown,Brad Miller,Derrick Rose,James Johnson,Joakim Noah,Kirk Hinrich,2,0:17,CHI,rebound,,,,,,,,,,Joakim Noah,,,,,,def,,
Andrew Bynum,Kobe Bryant,Pau Gasol,Ron Artest,Shannon Brown,Brad Miller,Derrick Rose,James Johnson,Joakim Noah,Kirk Hinrich,2,0:03,CHI,shot,,,,,,,,,,Derrick Rose,,,,missed,,driving layup,25,6
Andrew Bynum,Kobe Bryant,Pau Gasol,Ron Artest,Shannon Brown,Brad Miller,Derrick Rose,James Johnson,Joakim Noah,Kirk Hinrich,2,0:02,LAL,rebound,,,,,,,,,,Pau Gasol,,,,,,def,,
Andrew Bynum,Kobe Bryant,Pau Gasol,Ron Artest,Shannon Brown,Brad Miller,Derrick Rose,James Johnson,Joakim Noah,Kirk Hinrich,2,0:00,LAL,shot,,,,,,,,,,Kobe Bryant,,,,missed,,3pt,39,43
Andrew Bynum,Kobe Bryant,Pau Gasol,Ron Artest,Shannon Brown,Brad Miller,Derrick Rose,James Johnson,Joakim Noah,Kirk Hinrich,2,0:00,LAL,rebound,,,,,,,,,,,,,,,,,,
Andrew Bynum,Derek Fisher,Kobe Bryant,Pau Gasol,Ron Artest,Brad Miller,Derrick Rose,Joakim Noah,John Salmons,Luol Deng,3,11:43,CHI,shot,Brad Miller,,,,,,,,,Luol Deng,2,,,made,,jump,40,21
Andrew Bynum,Derek Fisher,Kobe Bryant,Pau Gasol,Ron Artest,Brad Miller,Derrick Rose,Joakim Noah,John Salmons,Luol Deng,3,11:26,LAL,shot,,,,,,,,,,Andrew Bynum,,,,missed,,hook,26,13
Andrew Bynum,Derek Fisher,Kobe Bryant,Pau Gasol,Ron Artest,Brad Miller,Derrick Rose,Joakim Noah,John Salmons,Luol Deng,3,11:25,CHI,rebound,,,,,,,,,,John Salmons,,,,,,def,,
Andrew Bynum,Derek Fisher,Kobe Bryant,Pau Gasol,Ron Artest,Brad Miller,Derrick Rose,Joakim Noah,John Salmons,Luol Deng,3,11:08,CHI,shot,,,,,,,,,,Derrick Rose,,,,missed,,jump,40,6
Andrew Bynum,Derek Fisher,Kobe Bryant,Pau Gasol,Ron Artest,Brad Miller,Derrick Rose,Joakim Noah,John Salmons,Luol Deng,3,11:06,LAL,rebound,,,,,,,,,,Pau Gasol,,,,,,def,,
Andrew Bynum,Derek Fisher,Kobe Bryant,Pau Gasol,Ron Artest,Brad Miller,Derrick Rose,Joakim Noah,John Salmons,Luol Deng,3,10:48,LAL,shot,,,Joakim Noah,,,,,,,Andrew Bynum,,,,missed,,layup,25,6
Andrew Bynum,Derek Fisher,Kobe Bryant,Pau Gasol,Ron Artest,Brad Miller,Derrick Rose,Joakim Noah,John Salmons,Luol Deng,3,10:48,LAL,jump ball,,Andrew Bynum,,,Joakim Noah,,,,,,,Ron Artest,,,,,,
Andrew Bynum,Derek Fisher,Kobe Bryant,Pau Gasol,Ron Artest,Brad Miller,Derrick Rose,Joakim Noah,John Salmons,Luol Deng,3,10:48,LAL,rebound,,,,,,,,,,,,,,,,,,
Andrew Bynum,Derek Fisher,Kobe Bryant,Pau Gasol,Ron Artest,Brad Miller,Derrick Rose,Joakim Noah,John Salmons,Luol Deng,3,10:42,LAL,shot,,,,,,,,,,Ron Artest,,,,missed,,3pt,36,31
Andrew Bynum,Derek Fisher,Kobe Bryant,Pau Gasol,Ron Artest,Brad Miller,Derrick Rose,Joakim Noah,John Salmons,Luol Deng,3,10:41,CHI,rebound,,,,,,,,,,Joakim Noah,,,,,,def,,
Andrew Bynum,Derek Fisher,Kobe Bryant,Pau Gasol,Ron Artest,Brad Miller,Derrick Rose,Joakim Noah,John Salmons,Luol Deng,3,10:28,CHI,turnover,,,,,,,,,,Joakim Noah,,,bad pass,,Kobe Bryant,,,
Andrew Bynum,Derek Fisher,Kobe Bryant,Pau Gasol,Ron Artest,Brad Miller,Derrick Rose,Joakim Noah,John Salmons,Luol Deng,3,10:21,CHI,foul,,,,,,,,Kobe Bryant,,John Salmons,,,,,,shooting,,
Andrew Bynum,Derek Fisher,Kobe Bryant,Pau Gasol,Ron Artest,Brad Miller,Derrick Rose,Joakim Noah,John Salmons,Luol Deng,3,10:21,LAL,free throw,,,,,,,1,,2,Kobe Bryant,,,foul,missed,,,,
Andrew Bynum,Derek Fisher,Kobe Bryant,Pau Gasol,Ron Artest,Brad Miller,Derrick Rose,Joakim Noah,John Salmons,Luol Deng,3,10:21,LAL,rebound,,,,,,,,,,,,,,,,,,
Andrew Bynum,Derek Fisher,Kobe Bryant,Pau Gasol,Ron Artest,Brad Miller,Derrick Rose,Joakim Noah,Kirk Hinrich,Luol Deng,3,10:21,CHI,sub,,,,Kirk Hinrich,,John Salmons,,,,,,,,,,,,
Andrew Bynum,Derek Fisher,Kobe Bryant,Pau Gasol,Ron Artest,Brad Miller,Derrick Rose,Joakim Noah,Kirk Hinrich,Luol Deng,3,10:21,LAL,free throw,,,,,,,2,,2,Kobe Bryant,,,foul,missed,,,,
Andrew Bynum,Derek Fisher,Kobe Bryant,Pau Gasol,Ron Artest,Brad Miller,Derrick Rose,Joakim Noah,Kirk Hinrich,Luol Deng,3,10:19,LAL,rebound,,,,,,,,,,Pau Gasol,,,,,,off,,
Andrew Bynum,Derek Fisher,Kobe Bryant,Pau Gasol,Ron Artest,Brad Miller,Derrick Rose,Joakim Noah,Kirk Hinrich,Luol Deng,3,10:15,LAL,shot,,,,,,,,,,Kobe Bryant,,,,missed,,3pt,39,26
Andrew Bynum,Derek Fisher,Kobe Bryant,Pau Gasol,Ron Artest,Brad Miller,Derrick Rose,Joakim Noah,Kirk Hinrich,Luol Deng,3,10:14,CHI,rebound,,,,,,,,,,Brad Miller,,,,,,def,,
Andrew Bynum,Derek Fisher,Kobe Bryant,Pau Gasol,Ron Artest,Brad Miller,Derrick Rose,Joakim Noah,Kirk Hinrich,Luol Deng,3,9:59,LAL,foul,,,,,,,,Brad Miller,,Ron Artest,,,,,,shooting,,
Andrew Bynum,Derek Fisher,Kobe Bryant,Pau Gasol,Ron Artest,Brad Miller,Derrick Rose,Kirk Hinrich,Luol Deng,Taj Gibson,3,9:59,CHI,sub,,,,Taj Gibson,,Joakim Noah,,,,,,,,,,,,
Andrew Bynum,Derek Fisher,Kobe Bryant,Pau Gasol,Ron Artest,Brad Miller,Derrick Rose,Kirk Hinrich,Luol Deng,Taj Gibson,3,9:59,CHI,free throw,,,,,,,1,,2,Brad Miller,,,foul,made,,,,
Andrew Bynum,Derek Fisher,Kobe Bryant,Pau Gasol,Ron Artest,Brad Miller,Derrick Rose,Kirk Hinrich,Luol Deng,Taj Gibson,3,9:59,CHI,free throw,,,,,,,2,,2,Brad Miller,,,foul,missed,,,,
Andrew Bynum,Derek Fisher,Kobe Bryant,Pau Gasol,Ron Artest,Brad Miller,Derrick Rose,Kirk Hinrich,Luol Deng,Taj Gibson,3,9:58,LAL,rebound,,,,,,,,,,Pau Gasol,,,,,,def,,
Andrew Bynum,Derek Fisher,Kobe Bryant,Pau Gasol,Ron Artest,Brad Miller,Derrick Rose,Kirk Hinrich,Luol Deng,Taj Gibson,3,9:39,LAL,shot,,,Taj Gibson,,,,,,,Pau Gasol,,,,missed,,jump,16,7
Andrew Bynum,Derek Fisher,Kobe Bryant,Pau Gasol,Ron Artest,Brad Miller,Derrick Rose,Kirk Hinrich,Luol Deng,Taj Gibson,3,9:36,CHI,rebound,,,,,,,,,,Brad Miller,,,,,,def,,
Andrew Bynum,Derek Fisher,Kobe Bryant,Pau Gasol,Ron Artest,Brad Miller,Derrick Rose,Kirk Hinrich,Luol Deng,Taj Gibson,3,9:29,CHI,turnover,,,,,,,,,,Kirk Hinrich,,,bad pass,,Kobe Bryant,,,
Andrew Bynum,Derek Fisher,Kobe Bryant,Pau Gasol,Ron Artest,Brad Miller,Derrick Rose,Kirk Hinrich,Luol Deng,Taj Gibson,3,9:29,CHI,foul,,,,,,,,Kobe Bryant,,Brad Miller,,,,,,clear path,,
Andrew Bynum,Derek Fisher,Kobe Bryant,Pau Gasol,Ron Artest,Brad Miller,Derrick Rose,Kirk Hinrich,Luol Deng,Taj Gibson,3,9:29,LAL,free throw,,,,,,,1,,2,Kobe Bryant,,,foul,made,,,,
Andrew Bynum,Derek Fisher,Kobe Bryant,Pau Gasol,Ron Artest,Brad Miller,Derrick Rose,Kirk Hinrich,Luol Deng,Taj Gibson,3,9:29,LAL,free throw,,,,,,,2,,2,Kobe Bryant,,,foul,missed,,,,
Andrew Bynum,Derek Fisher,Kobe Bryant,Pau Gasol,Ron Artest,Brad Miller,Derrick Rose,Kirk Hinrich,Luol Deng,Taj Gibson,3,9:29,LAL,rebound,,,,,,,,,,,,,,,,,,
Andrew Bynum,Derek Fisher,Kobe Bryant,Pau Gasol,Ron Artest,Brad Miller,Derrick Rose,Kirk Hinrich,Luol Deng,Taj Gibson,3,9:19,LAL,foul,,,,,,,,Kirk Hinrich,,Kobe Bryant,,,,,,offensive,,
Andrew Bynum,Derek Fisher,Kobe Bryant,Pau Gasol,Ron Artest,Brad Miller,Derrick Rose,Kirk Hinrich,Luol Deng,Taj Gibson,3,9:19,LAL,turnover,,,,,,,,,,Kobe Bryant,,,foul,,,,,
Andrew Bynum,Derek Fisher,Kobe Bryant,Pau Gasol,Ron Artest,Brad Miller,Derrick Rose,Kirk Hinrich,Luol Deng,Taj Gibson,3,8:58,CHI,shot,,,,,,,,,,Luol Deng,,,,missed,,jump,9,21
Andrew Bynum,Derek Fisher,Kobe Bryant,Pau Gasol,Ron Artest,Brad Miller,Derrick Rose,Kirk Hinrich,Luol Deng,Taj Gibson,3,8:57,LAL,rebound,,,,,,,,,,Pau Gasol,,,,,,def,,
Andrew Bynum,Derek Fisher,Kobe Bryant,Pau Gasol,Ron Artest,Brad Miller,Derrick Rose,Kirk Hinrich,Luol Deng,Taj Gibson,3,8:35,LAL,shot,,,,,,,,,,Ron Artest,,,,missed,,3pt,8,25
Andrew Bynum,Derek Fisher,Kobe Bryant,Pau Gasol,Ron Artest,Brad Miller,Derrick Rose,Kirk Hinrich,Luol Deng,Taj Gibson,3,8:33,CHI,rebound,,,,,,,,,,Derrick Rose,,,,,,def,,
Andrew Bynum,Derek Fisher,Kobe Bryant,Pau Gasol,Ron Artest,Brad Miller,Derrick Rose,Kirk Hinrich,Luol Deng,Taj Gibson,3,8:32,CHI,foul,,,,,,,,Derek Fisher,,Derrick Rose,,,,,,offensive,,
Andrew Bynum,Derek Fisher,Kobe Bryant,Pau Gasol,Ron Artest,Brad Miller,Derrick Rose,Kirk Hinrich,Luol Deng,Taj Gibson,3,8:32,CHI,turnover,,,,,,,,,,Derrick Rose,,,foul,,,,,
Andrew Bynum,Derek Fisher,Kobe Bryant,Pau Gasol,Ron Artest,Brad Miller,Derrick Rose,Kirk Hinrich,Luol Deng,Taj Gibson,3,8:12,LAL,shot,Derek Fisher,,,,,,,,,Pau Gasol,2,,,made,,hook,31,6
Andrew Bynum,Derek Fisher,Kobe Bryant,Pau Gasol,Ron Artest,Brad Miller,Derrick Rose,Kirk Hinrich,Luol Deng,Taj Gibson,3,7:57,CHI,shot,Kirk Hinrich,,,,,,,,,Luol Deng,2,,,made,,driving layup,25,6
Andrew Bynum,Derek Fisher,Kobe Bryant,Pau Gasol,Ron Artest,Brad Miller,Derrick Rose,Kirk Hinrich,Luol Deng,Taj Gibson,3,7:45,CHI,foul,,,,,,,,Ron Artest,,Luol Deng,,,,,,shooting,,
Andrew Bynum,Derek Fisher,Kobe Bryant,Pau Gasol,Ron Artest,Brad Miller,Derrick Rose,Joakim Noah,Kirk Hinrich,Luol Deng,3,7:45,CHI,sub,,,,Joakim Noah,,Taj Gibson,,,,,,,,,,,,
Andrew Bynum,Derek Fisher,Kobe Bryant,Pau Gasol,Ron Artest,Brad Miller,Derrick Rose,Joakim Noah,Kirk Hinrich,Luol Deng,3,7:45,LAL,free throw,,,,,,,1,,2,Ron Artest,,,foul,made,,,,
Andrew Bynum,Derek Fisher,Kobe Bryant,Pau Gasol,Ron Artest,Brad Miller,Derrick Rose,Joakim Noah,Kirk Hinrich,Luol Deng,3,7:45,LAL,free throw,,,,,,,2,,2,Ron Artest,,,foul,made,,,,
Andrew Bynum,Derek Fisher,Kobe Bryant,Pau Gasol,Ron Artest,Brad Miller,Derrick Rose,Joakim Noah,Kirk Hinrich,Luol Deng,3,7:37,CHI,shot,,,,,,,,,,Derrick Rose,2,,,made,,floating jump,18,13
Andrew Bynum,Derek Fisher,Kobe Bryant,Pau Gasol,Ron Artest,Brad Miller,Derrick Rose,Joakim Noah,Kirk Hinrich,Luol Deng,3,7:17,LAL,shot,,,,,,,,,,Ron Artest,,,,missed,,3pt,24,31
Andrew Bynum,Derek Fisher,Kobe Bryant,Pau Gasol,Ron Artest,Brad Miller,Derrick Rose,Joakim Noah,Kirk Hinrich,Luol Deng,3,7:16,CHI,rebound,,,,,,,,,,,,,,,,,,
Andrew Bynum,Derek Fisher,Kobe Bryant,Pau Gasol,Ron Artest,Brad Miller,Derrick Rose,Joakim Noah,Kirk Hinrich,Luol Deng,3,7:03,CHI,shot,,,,,,,,,,Kirk Hinrich,,,,missed,,jump,11,22
Andrew Bynum,Derek Fisher,Kobe Bryant,Pau Gasol,Ron Artest,Brad Miller,Derrick Rose,Joakim Noah,Kirk Hinrich,Luol Deng,3,7:02,CHI,rebound,,,,,,,,,,Brad Miller,,,,,,off,,
Andrew Bynum,Derek Fisher,Kobe Bryant,Pau Gasol,Ron Artest,Brad Miller,Derrick Rose,Joakim Noah,Kirk Hinrich,Luol Deng,3,7:02,LAL,foul,,,,,,,,Brad Miller,,Pau Gasol,,,,,,shooting,,
Andrew Bynum,Derek Fisher,Kobe Bryant,Pau Gasol,Ron Artest,Brad Miller,Derrick Rose,Joakim Noah,Kirk Hinrich,Luol Deng,3,7:02,CHI,free throw,,,,,,,1,,2,Brad Miller,,,foul,made,,,,
Andrew Bynum,Derek Fisher,Kobe Bryant,Pau Gasol,Ron Artest,Brad Miller,Derrick Rose,Joakim Noah,Kirk Hinrich,Luol Deng,3,7:02,CHI,free throw,,,,,,,2,,2,Brad Miller,,,foul,made,,,,
Andrew Bynum,Derek Fisher,Kobe Bryant,Pau Gasol,Ron Artest,Brad Miller,Derrick Rose,Joakim Noah,Kirk Hinrich,Luol Deng,3,6:46,LAL,shot,Derek Fisher,,,,,,,,,Ron Artest,3,,,made,,3pt,7,24
Andrew Bynum,Derek Fisher,Kobe Bryant,Pau Gasol,Ron Artest,Brad Miller,Derrick Rose,Joakim Noah,Kirk Hinrich,Luol Deng,3,6:28,CHI,shot,,,,,,,,,,Luol Deng,2,,,made,,driving layup,25,6
Andrew Bynum,Derek Fisher,Kobe Bryant,Pau Gasol,Ron Artest,Brad Miller,Derrick Rose,Joakim Noah,Kirk Hinrich,Luol Deng,3,6:11,LAL,shot,,,Joakim Noah,,,,,,,Ron Artest,,,,missed,,layup,25,6
Andrew Bynum,Derek Fisher,Kobe Bryant,Pau Gasol,Ron Artest,Brad Miller,Derrick Rose,Joakim Noah,Kirk Hinrich,Luol Deng,3,6:10,CHI,rebound,,,,,,,,,,,,,,,,,,
Andrew Bynum,Derek Fisher,Kobe Bryant,Pau Gasol,Ron Artest,Brad Miller,Derrick Rose,Joakim Noah,Kirk Hinrich,Luol Deng,3,5:59,CHI,turnover,,,,,,,,,,Derrick Rose,,,bad pass,,Ron Artest,,,
Andrew Bynum,Derek Fisher,Kobe Bryant,Pau Gasol,Ron Artest,Brad Miller,Derrick Rose,Joakim Noah,Kirk Hinrich,Luol Deng,3,5:58,CHI,foul,,,,,,,,Kobe Bryant,,Brad Miller,,,,,,shooting,,
Andrew Bynum,Derek Fisher,Kobe Bryant,Pau Gasol,Ron Artest,Brad Miller,Derrick Rose,Joakim Noah,Kirk Hinrich,Luol Deng,3,5:58,CHI,timeout,,,,,,,,,,,,,,,,regular,,
Derek Fisher,Kobe Bryant,Lamar Odom,Pau Gasol,Ron Artest,Brad Miller,Derrick Rose,Joakim Noah,Kirk Hinrich,Luol Deng,3,5:58,LAL,sub,,,,Lamar Odom,,Andrew Bynum,,,,,,,,,,,,
Derek Fisher,Kobe Bryant,Lamar Odom,Pau Gasol,Ron Artest,Brad Miller,Derrick Rose,Joakim Noah,Kirk Hinrich,Luol Deng,3,5:58,LAL,free throw,,,,,,,1,,2,Kobe Bryant,,,foul,made,,,,
Derek Fisher,Kobe Bryant,Lamar Odom,Pau Gasol,Ron Artest,Brad Miller,Derrick Rose,Joakim Noah,Kirk Hinrich,Luol Deng,3,5:58,LAL,free throw,,,,,,,2,,2,Kobe Bryant,,,foul,made,,,,
Derek Fisher,Kobe Bryant,Lamar Odom,Pau Gasol,Ron Artest,Brad Miller,Derrick Rose,Joakim Noah,Kirk Hinrich,Luol Deng,3,5:44,LAL,foul,,,,,,,,Luol Deng,,Derek Fisher,,,,,,personal,,
Derek Fisher,Kobe Bryant,Lamar Odom,Pau Gasol,Ron Artest,Brad Miller,Derrick Rose,Joakim Noah,Kirk Hinrich,Luol Deng,3,5:44,LAL,violation,,,,,,,,,,Ron Artest,,,,,,kicked ball,,
Derek Fisher,Kobe Bryant,Lamar Odom,Pau Gasol,Ron Artest,Brad Miller,Derrick Rose,Joakim Noah,Kirk Hinrich,Luol Deng,3,5:30,CHI,shot,,,,,,,,,,Brad Miller,,,,missed,,3pt,47,6
Derek Fisher,Kobe Bryant,Lamar Odom,Pau Gasol,Ron Artest,Brad Miller,Derrick Rose,Joakim Noah,Kirk Hinrich,Luol Deng,3,5:30,CHI,rebound,,,,,,,,,,,,,,,,,,
Derek Fisher,Kobe Bryant,Lamar Odom,Pau Gasol,Ron Artest,Brad Miller,Derrick Rose,Joakim Noah,Kirk Hinrich,Luol Deng,3,5:30,CHI,turnover,,,,,,,,,,,,,shot clock turnover,,,,,
Derek Fisher,Kobe Bryant,Lamar Odom,Pau Gasol,Ron Artest,Brad Miller,Derrick Rose,Joakim Noah,Kirk Hinrich,Luol Deng,3,5:10,LAL,shot,,,,,,,,,,Kobe Bryant,,,,missed,,jump,33,22
Derek Fisher,Kobe Bryant,Lamar Odom,Pau Gasol,Ron Artest,Brad Miller,Derrick Rose,Joakim Noah,Kirk Hinrich,Luol Deng,3,5:09,CHI,rebound,,,,,,,,,,Brad Miller,,,,,,def,,
Derek Fisher,Kobe Bryant,Lamar Odom,Pau Gasol,Ron Artest,Brad Miller,Derrick Rose,Joakim Noah,Kirk Hinrich,Luol Deng,3,5:03,CHI,shot,,,,,,,,,,Derrick Rose,2,,,made,,fade away jumper,32,10
Derek Fisher,Kobe Bryant,Lamar Odom,Pau Gasol,Ron Artest,Brad Miller,Derrick Rose,Joakim Noah,Kirk Hinrich,Luol Deng,3,5:01,LAL,timeout,,,,,,,,,,,,,,,,regular,,
Derek Fisher,Kobe Bryant,Lamar Odom,Pau Gasol,Ron Artest,Brad Miller,Derrick Rose,Joakim Noah,Kirk Hinrich,Luol Deng,3,4:40,LAL,shot,,,,,,,,,,Ron Artest,,,,missed,,3pt,40,26
Derek Fisher,Kobe Bryant,Lamar Odom,Pau Gasol,Ron Artest,Brad Miller,Derrick Rose,Joakim Noah,Kirk Hinrich,Luol Deng,3,4:39,CHI,rebound,,,,,,,,,,Joakim Noah,,,,,,def,,
Derek Fisher,Kobe Bryant,Lamar Odom,Pau Gasol,Ron Artest,Brad Miller,Derrick Rose,Joakim Noah,Kirk Hinrich,Luol Deng,3,4:36,LAL,foul,,,,,,,,Derrick Rose,,Derek Fisher,,,,,,shooting,,
Derek Fisher,Kobe Bryant,Lamar Odom,Pau Gasol,Ron Artest,Brad Miller,Derrick Rose,Joakim Noah,Kirk Hinrich,Luol Deng,3,4:36,CHI,free throw,,,,,,,1,,2,Derrick Rose,,,foul,missed,,,,
Derek Fisher,Kobe Bryant,Lamar Odom,Pau Gasol,Ron Artest,Brad Miller,Derrick Rose,Joakim Noah,Kirk Hinrich,Luol Deng,3,4:36,CHI,rebound,,,,,,,,,,,,,,,,,,
Derek Fisher,Kobe Bryant,Lamar Odom,Pau Gasol,Ron Artest,Brad Miller,Derrick Rose,Joakim Noah,Kirk Hinrich,Luol Deng,3,4:36,CHI,free throw,,,,,,,2,,2,Derrick Rose,,,foul,made,,,,
Derek Fisher,Kobe Bryant,Lamar Odom,Pau Gasol,Ron Artest,Brad Miller,Derrick Rose,Joakim Noah,Kirk Hinrich,Luol Deng,3,4:24,LAL,shot,,,,,,,,,,Lamar Odom,,,,missed,,jump,41,21
Derek Fisher,Kobe Bryant,Lamar Odom,Pau Gasol,Ron Artest,Brad Miller,Derrick Rose,Joakim Noah,Kirk Hinrich,Luol Deng,3,4:23,CHI,rebound,,,,,,,,,,Derrick Rose,,,,,,def,,
Derek Fisher,Kobe Bryant,Lamar Odom,Pau Gasol,Ron Artest,Brad Miller,Derrick Rose,Joakim Noah,Kirk Hinrich,Luol Deng,3,4:18,CHI,shot,Derrick Rose,,,,,,,,,Luol Deng,2,,,made,,jump,11,22
Derek Fisher,Kobe Bryant,Lamar Odom,Pau Gasol,Ron Artest,Brad Miller,Derrick Rose,Joakim Noah,Kirk Hinrich,Luol Deng,3,4:17,LAL,timeout,,,,,,,,,,,,,,,,short,,
Derek Fisher,Kobe Bryant,Lamar Odom,Pau Gasol,Ron Artest,Brad Miller,Derrick Rose,Joakim Noah,Kirk Hinrich,Luol Deng,3,4:00,LAL,turnover,,,,,,,,,,Kobe Bryant,,,lost ball,,Kirk Hinrich,,,
Derek Fisher,Kobe Bryant,Lamar Odom,Pau Gasol,Ron Artest,Derrick Rose,Joakim Noah,Kirk Hinrich,Luol Deng,Taj Gibson,3,3:46,CHI,sub,,,,Taj Gibson,,Brad Miller,,,,,,,,,,,,
Derek Fisher,Kobe Bryant,Lamar Odom,Pau Gasol,Ron Artest,Derrick Rose,Joakim Noah,Kirk Hinrich,Luol Deng,Taj Gibson,3,3:42,CHI,shot,,,,,,,,,,Derrick Rose,,,,missed,,jump,33,10
Derek Fisher,Kobe Bryant,Lamar Odom,Pau Gasol,Ron Artest,Derrick Rose,Joakim Noah,Kirk Hinrich,Luol Deng,Taj Gibson,3,3:42,CHI,rebound,,,,,,,,,,,,,,,,,,
Derek Fisher,Kobe Bryant,Lamar Odom,Pau Gasol,Ron Artest,Derrick Rose,Joakim Noah,Kirk Hinrich,Luol Deng,Taj Gibson,3,3:42,LAL,foul,,,,,,,,Joakim Noah,,Pau Gasol,,,,,,loose ball,,
Derek Fisher,Kobe Bryant,Lamar Odom,Pau Gasol,Ron Artest,Derrick Rose,Joakim Noah,Kirk Hinrich,Luol Deng,Taj Gibson,3,3:42,CHI,free throw,,,,,,,1,,2,Joakim Noah,,,foul,missed,,,,
Derek Fisher,Kobe Bryant,Lamar Odom,Pau Gasol,Ron Artest,Derrick Rose,Joakim Noah,Kirk Hinrich,Luol Deng,Taj Gibson,3,3:42,CHI,rebound,,,,,,,,,,,,,,,,,,
Derek Fisher,Kobe Bryant,Lamar Odom,Pau Gasol,Ron Artest,Derrick Rose,Joakim Noah,Kirk Hinrich,Luol Deng,Taj Gibson,3,3:42,CHI,free throw,,,,,,,2,,2,Joakim Noah,,,foul,made,,,,
Derek Fisher,Kobe Bryant,Lamar Odom,Pau Gasol,Ron Artest,Derrick Rose,Joakim Noah,Kirk Hinrich,Luol Deng,Taj Gibson,3,3:28,LAL,shot,,,,,,,,,,Derek Fisher,,,,missed,,3pt,29,31
Derek Fisher,Kobe Bryant,Lamar Odom,Pau Gasol,Ron Artest,Derrick Rose,Joakim Noah,Kirk Hinrich,Luol Deng,Taj Gibson,3,3:27,LAL,rebound,,,,,,,,,,Pau Gasol,,,,,,off,,
Derek Fisher,Kobe Bryant,Lamar Odom,Pau Gasol,Ron Artest,Derrick Rose,Joakim Noah,Kirk Hinrich,Luol Deng,Taj Gibson,3,3:26,CHI,foul,,,,,,,,Kobe Bryant,,Kirk Hinrich,,,,,,shooting,,
Derek Fisher,Kobe Bryant,Lamar Odom,Pau Gasol,Ron Artest,Derrick Rose,Joakim Noah,Kirk Hinrich,Luol Deng,Taj Gibson,3,3:26,LAL,free throw,,,,,,,1,,2,Kobe Bryant,,,foul,made,,,,
Jordan Farmar,Kobe Bryant,Lamar Odom,Pau Gasol,Ron Artest,Derrick Rose,Joakim Noah,Kirk Hinrich,Luol Deng,Taj Gibson,3,3:26,LAL,sub,,,,Jordan Farmar,,Derek Fisher,,,,,,,,,,,,
Jordan Farmar,Kobe Bryant,Lamar Odom,Pau Gasol,Ron Artest,Derrick Rose,Joakim Noah,Kirk Hinrich,Luol Deng,Taj Gibson,3,3:26,LAL,free throw,,,,,,,2,,2,Kobe Bryant,,,foul,made,,,,
Jordan Farmar,Kobe Bryant,Lamar Odom,Pau Gasol,Ron Artest,Derrick Rose,Joakim Noah,Kirk Hinrich,Luol Deng,Taj Gibson,3,3:04,CHI,shot,Derrick Rose,,,,,,,,,Kirk Hinrich,2,,,made,,fade away bank,36,8
Jordan Farmar,Kobe Bryant,Lamar Odom,Pau Gasol,Ron Artest,Derrick Rose,Joakim Noah,Kirk Hinrich,Luol Deng,Taj Gibson,3,2:46,LAL,shot,Ron Artest,,,,,,,,,Kobe Bryant,2,,,made,,fade away jumper,40,12
Jordan Farmar,Kobe Bryant,Lamar Odom,Pau Gasol,Ron Artest,Derrick Rose,Joakim Noah,Kirk Hinrich,Luol Deng,Taj Gibson,3,2:30,CHI,shot,,,,,,,,,,Derrick Rose,2,,,made,,driving layup,25,6
Jordan Farmar,Kobe Bryant,Lamar Odom,Pau Gasol,Ron Artest,Derrick Rose,Joakim Noah,Kirk Hinrich,Luol Deng,Taj Gibson,3,2:04,LAL,shot,,,,,,,,,,Kobe Bryant,,,,missed,,jump,9,18
Jordan Farmar,Kobe Bryant,Lamar Odom,Pau Gasol,Ron Artest,Derrick Rose,Joakim Noah,Kirk Hinrich,Luol Deng,Taj Gibson,3,2:03,CHI,rebound,,,,,,,,,,Luol Deng,,,,,,def,,
Jordan Farmar,Kobe Bryant,Lamar Odom,Pau Gasol,Ron Artest,Derrick Rose,Joakim Noah,Kirk Hinrich,Luol Deng,Taj Gibson,3,1:41,CHI,shot,,,,,,,,,,Derrick Rose,,,,missed,,jump,8,18
Jordan Farmar,Kobe Bryant,Lamar Odom,Pau Gasol,Ron Artest,Derrick Rose,Joakim Noah,Kirk Hinrich,Luol Deng,Taj Gibson,3,1:40,CHI,rebound,,,,,,,,,,Taj Gibson,,,,,,off,,
Jordan Farmar,Kobe Bryant,Lamar Odom,Pau Gasol,Ron Artest,Derrick Rose,Joakim Noah,Kirk Hinrich,Luol Deng,Taj Gibson,3,1:40,CHI,shot,,,,,,,,,,Taj Gibson,2,,,made,,putback layup,25,6
Jordan Farmar,Kobe Bryant,Lamar Odom,Pau Gasol,Ron Artest,Derrick Rose,Joakim Noah,Kirk Hinrich,Luol Deng,Taj Gibson,3,1:13,CHI,foul,,,,,,,,Kobe Bryant,,Joakim Noah,,,,,,shooting,,
Jordan Farmar,Kobe Bryant,Lamar Odom,Pau Gasol,Ron Artest,Derrick Rose,Joakim Noah,Kirk Hinrich,Luol Deng,Taj Gibson,3,1:13,LAL,free throw,,,,,,,1,,2,Kobe Bryant,,,foul,made,,,,
Jordan Farmar,Kobe Bryant,Lamar Odom,Pau Gasol,Ron Artest,Derrick Rose,Joakim Noah,Kirk Hinrich,Luol Deng,Taj Gibson,3,1:13,LAL,free throw,,,,,,,2,,2,Kobe Bryant,,,foul,made,,,,
Jordan Farmar,Kobe Bryant,Lamar Odom,Pau Gasol,Ron Artest,Derrick Rose,Joakim Noah,Kirk Hinrich,Luol Deng,Taj Gibson,3,0:59,CHI,shot,Taj Gibson,,,,,,,,,Kirk Hinrich,2,,,made,,jump,13,23
Jordan Farmar,Kobe Bryant,Lamar Odom,Pau Gasol,Ron Artest,Derrick Rose,Joakim Noah,Kirk Hinrich,Luol Deng,Taj Gibson,3,0:48,LAL,shot,Jordan Farmar,,,,,,,,,Kobe Bryant,2,,,made,,jump,22,15
Jordan Farmar,Kobe Bryant,Lamar Odom,Pau Gasol,Ron Artest,Derrick Rose,Joakim Noah,Kirk Hinrich,Luol Deng,Taj Gibson,3,0:36,CHI,shot,,,,,,,,,,Derrick Rose,,,,missed,,layup,25,6
Jordan Farmar,Kobe Bryant,Lamar Odom,Pau Gasol,Ron Artest,Derrick Rose,Joakim Noah,Kirk Hinrich,Luol Deng,Taj Gibson,3,0:34,LAL,rebound,,,,,,,,,,Pau Gasol,,,,,,def,,
Jordan Farmar,Kobe Bryant,Lamar Odom,Pau Gasol,Ron Artest,Derrick Rose,Joakim Noah,Kirk Hinrich,Luol Deng,Taj Gibson,3,0:23,LAL,shot,,,,,,,,,,Ron Artest,,,,missed,,3pt,49,6
Jordan Farmar,Kobe Bryant,Lamar Odom,Pau Gasol,Ron Artest,Derrick Rose,Joakim Noah,Kirk Hinrich,Luol Deng,Taj Gibson,3,0:22,CHI,rebound,,,,,,,,,,Joakim Noah,,,,,,def,,
Jordan Farmar,Kobe Bryant,Lamar Odom,Pau Gasol,Ron Artest,Derrick Rose,Joakim Noah,Kirk Hinrich,Luol Deng,Taj Gibson,3,0:02,CHI,shot,,,,,,,,,,Derrick Rose,,,,missed,,jump,22,25
Jordan Farmar,Kobe Bryant,Lamar Odom,Pau Gasol,Ron Artest,Derrick Rose,Joakim Noah,Kirk Hinrich,Luol Deng,Taj Gibson,3,0:01,LAL,rebound,,,,,,,,,,Lamar Odom,,,,,,def,,
Jordan Farmar,Kobe Bryant,Lamar Odom,Pau Gasol,Ron Artest,Derrick Rose,Joakim Noah,Kirk Hinrich,Luol Deng,Taj Gibson,3,0:00,LAL,shot,,,,,,,,,,Lamar Odom,,,,missed,,3pt,25,36
Jordan Farmar,Kobe Bryant,Lamar Odom,Pau Gasol,Ron Artest,Derrick Rose,Joakim Noah,Kirk Hinrich,Luol Deng,Taj Gibson,3,0:00,LAL,rebound,,,,,,,,,,,,,,,,,,
Andrew Bynum,Jordan Farmar,Lamar Odom,Ron Artest,Shannon Brown,Brad Miller,John Salmons,Kirk Hinrich,Luol Deng,Taj Gibson,4,11:46,LAL,shot,,,Brad Miller,,,,,,,Ron Artest,,,,missed,,layup,25,6
Andrew Bynum,Jordan Farmar,Lamar Odom,Ron Artest,Shannon Brown,Brad Miller,John Salmons,Kirk Hinrich,Luol Deng,Taj Gibson,4,11:46,LAL,rebound,,,,,,,,,,,,,,,,,,
Andrew Bynum,Jordan Farmar,Lamar Odom,Ron Artest,Shannon Brown,Brad Miller,John Salmons,Kirk Hinrich,Luol Deng,Taj Gibson,4,11:36,LAL,shot,,,Kirk Hinrich,,,,,,,Jordan Farmar,,,,missed,,3pt,16,30
Andrew Bynum,Jordan Farmar,Lamar Odom,Ron Artest,Shannon Brown,Brad Miller,John Salmons,Kirk Hinrich,Luol Deng,Taj Gibson,4,11:36,LAL,rebound,,,,,,,,,,,,,,,,,,
Andrew Bynum,Jordan Farmar,Lamar Odom,Ron Artest,Shannon Brown,Brad Miller,John Salmons,Kirk Hinrich,Luol Deng,Taj Gibson,4,11:36,LAL,turnover,,,,,,,,,,,,,shot clock turnover,,,,,
Andrew Bynum,Jordan Farmar,Lamar Odom,Ron Artest,Shannon Brown,Brad Miller,John Salmons,Kirk Hinrich,Luol Deng,Taj Gibson,4,11:24,CHI,shot,,,,,,,,,,Luol Deng,,,,missed,,jump,44,7
Andrew Bynum,Jordan Farmar,Lamar Odom,Ron Artest,Shannon Brown,Brad Miller,John Salmons,Kirk Hinrich,Luol Deng,Taj Gibson,4,11:23,LAL,rebound,,,,,,,,,,Lamar Odom,,,,,,def,,
Andrew Bynum,Jordan Farmar,Lamar Odom,Ron Artest,Shannon Brown,Brad Miller,John Salmons,Kirk Hinrich,Luol Deng,Taj Gibson,4,11:16,LAL,shot,Lamar Odom,,,,,,,,,Shannon Brown,3,,,made,,3pt,48,6
Andrew Bynum,Jordan Farmar,Lamar Odom,Ron Artest,Shannon Brown,Brad Miller,John Salmons,Kirk Hinrich,Luol Deng,Taj Gibson,4,11:03,CHI,turnover,,,,,,,,,,Kirk Hinrich,,,bad pass,,Jordan Farmar,,,
Andrew Bynum,Jordan Farmar,Lamar Odom,Ron Artest,Shannon Brown,Brad Miller,John Salmons,Kirk Hinrich,Luol Deng,Taj Gibson,4,11:00,LAL,shot,Jordan Farmar,,,,,,,,,Shannon Brown,2,,,made,,driving slam dunk,25,6
Andrew Bynum,Jordan Farmar,Lamar Odom,Ron Artest,Shannon Brown,Brad Miller,John Salmons,Kirk Hinrich,Luol Deng,Taj Gibson,4,10:57,CHI,timeout,,,,,,,,,,,,,,,,regular,,
Andrew Bynum,Jordan Farmar,Lamar Odom,Ron Artest,Shannon Brown,Brad Miller,John Salmons,Kirk Hinrich,Luol Deng,Taj Gibson,4,10:39,CHI,shot,,,,,,,,,,Taj Gibson,,,,missed,,jump,13,19
Andrew Bynum,Jordan Farmar,Lamar Odom,Ron Artest,Shannon Brown,Brad Miller,John Salmons,Kirk Hinrich,Luol Deng,Taj Gibson,4,10:38,LAL,rebound,,,,,,,,,,Andrew Bynum,,,,,,def,,
Andrew Bynum,Jordan Farmar,Lamar Odom,Ron Artest,Shannon Brown,Brad Miller,John Salmons,Kirk Hinrich,Luol Deng,Taj Gibson,4,10:21,LAL,shot,,,,,,,,,,Andrew Bynum,,,,missed,,jump,39,6
Andrew Bynum,Jordan Farmar,Lamar Odom,Ron Artest,Shannon Brown,Brad Miller,John Salmons,Kirk Hinrich,Luol Deng,Taj Gibson,4,10:20,CHI,rebound,,,,,,,,,,Taj Gibson,,,,,,def,,
Andrew Bynum,Jordan Farmar,Lamar Odom,Ron Artest,Shannon Brown,Brad Miller,John Salmons,Kirk Hinrich,Luol Deng,Taj Gibson,4,10:08,CHI,shot,Brad Miller,,,,,,,,,Taj Gibson,2,,,made,,dunk,25,6
Andrew Bynum,Jordan Farmar,Lamar Odom,Ron Artest,Shannon Brown,Brad Miller,John Salmons,Kirk Hinrich,Luol Deng,Taj Gibson,4,9:49,LAL,shot,Andrew Bynum,,,,,,,,,Jordan Farmar,2,,,made,,jump,11,21
Andrew Bynum,Jordan Farmar,Lamar Odom,Ron Artest,Shannon Brown,Brad Miller,John Salmons,Kirk Hinrich,Luol Deng,Taj Gibson,4,9:22,CHI,turnover,,,,,,,,,,Brad Miller,,,lost ball,,Jordan Farmar,,,
Andrew Bynum,Jordan Farmar,Lamar Odom,Ron Artest,Shannon Brown,Brad Miller,John Salmons,Kirk Hinrich,Luol Deng,Taj Gibson,4,9:10,LAL,shot,,,,,,,,,,Jordan Farmar,,,,missed,,jump,10,7
Andrew Bynum,Jordan Farmar,Lamar Odom,Ron Artest,Shannon Brown,Brad Miller,John Salmons,Kirk Hinrich,Luol Deng,Taj Gibson,4,9:07,CHI,rebound,,,,,,,,,,,,,,,,,,
Andrew Bynum,Jordan Farmar,Lamar Odom,Ron Artest,Shannon Brown,Brad Miller,Derrick Rose,John Salmons,Kirk Hinrich,Taj Gibson,4,9:07,CHI,sub,,,,Derrick Rose,,Luol Deng,,,,,,,,,,,,
Andrew Bynum,Jordan Farmar,Lamar Odom,Ron Artest,Shannon Brown,Brad Miller,Derrick Rose,John Salmons,Kirk Hinrich,Taj Gibson,4,8:45,CHI,shot,Brad Miller,,,,,,,,,Derrick Rose,2,,,made,,jump,40,11
Andrew Bynum,Jordan Farmar,Lamar Odom,Ron Artest,Shannon Brown,Brad Miller,Derrick Rose,John Salmons,Kirk Hinrich,Taj Gibson,4,8:23,LAL,shot,,,,,,,,,,Shannon Brown,2,,,made,,jump,17,21
Andrew Bynum,Jordan Farmar,Lamar Odom,Ron Artest,Shannon Brown,Brad Miller,Derrick Rose,John Salmons,Kirk Hinrich,Taj Gibson,4,8:08,CHI,shot,,,,,,,,,,Brad Miller,,,,missed,,jump,20,23
Andrew Bynum,Jordan Farmar,Lamar Odom,Ron Artest,Shannon Brown,Brad Miller,Derrick Rose,John Salmons,Kirk Hinrich,Taj Gibson,4,8:07,LAL,rebound,,,,,,,,,,Andrew Bynum,,,,,,def,,
Andrew Bynum,Jordan Farmar,Lamar Odom,Ron Artest,Shannon Brown,Brad Miller,Derrick Rose,John Salmons,Kirk Hinrich,Taj Gibson,4,7:59,LAL,foul,,,,,,,,Brad Miller,,Andrew Bynum,,,,,,offensive,,
Andrew Bynum,Jordan Farmar,Lamar Odom,Ron Artest,Shannon Brown,Brad Miller,Derrick Rose,John Salmons,Kirk Hinrich,Taj Gibson,4,7:59,LAL,turnover,,,,,,,,,,Andrew Bynum,,,foul,,,,,
Andrew Bynum,Jordan Farmar,Lamar Odom,Ron Artest,Shannon Brown,Brad Miller,Derrick Rose,John Salmons,Kirk Hinrich,Taj Gibson,4,7:47,CHI,shot,,,,,,,,,,Kirk Hinrich,,,,missed,,3pt,10,25
Andrew Bynum,Jordan Farmar,Lamar Odom,Ron Artest,Shannon Brown,Brad Miller,Derrick Rose,John Salmons,Kirk Hinrich,Taj Gibson,4,7:46,LAL,rebound,,,,,,,,,,Jordan Farmar,,,,,,def,,
Andrew Bynum,Jordan Farmar,Lamar Odom,Ron Artest,Shannon Brown,Brad Miller,Derrick Rose,John Salmons,Kirk Hinrich,Taj Gibson,4,7:41,LAL,shot,,,,,,,,,,Jordan Farmar,,,,missed,,layup,25,6
Andrew Bynum,Jordan Farmar,Lamar Odom,Ron Artest,Shannon Brown,Brad Miller,Derrick Rose,John Salmons,Kirk Hinrich,Taj Gibson,4,7:40,CHI,rebound,,,,,,,,,,Derrick Rose,,,,,,def,,
Andrew Bynum,Jordan Farmar,Lamar Odom,Ron Artest,Shannon Brown,Brad Miller,Derrick Rose,John Salmons,Kirk Hinrich,Taj Gibson,4,7:28,CHI,shot,,,,,,,,,,Derrick Rose,,,,missed,,jump,29,18
Andrew Bynum,Jordan Farmar,Lamar Odom,Ron Artest,Shannon Brown,Brad Miller,Derrick Rose,John Salmons,Kirk Hinrich,Taj Gibson,4,7:27,CHI,rebound,,,,,,,,,,Taj Gibson,,,,,,off,,
Andrew Bynum,Jordan Farmar,Lamar Odom,Ron Artest,Shannon Brown,Brad Miller,Derrick Rose,John Salmons,Kirk Hinrich,Taj Gibson,4,7:21,CHI,shot,,,,,,,,,,John Salmons,,,,missed,,3pt,8,26
Andrew Bynum,Jordan Farmar,Lamar Odom,Ron Artest,Shannon Brown,Brad Miller,Derrick Rose,John Salmons,Kirk Hinrich,Taj Gibson,4,7:20,LAL,rebound,,,,,,,,,,Ron Artest,,,,,,def,,
Andrew Bynum,Jordan Farmar,Lamar Odom,Ron Artest,Shannon Brown,Brad Miller,Derrick Rose,John Salmons,Kirk Hinrich,Taj Gibson,4,7:08,LAL,shot,Ron Artest,,,,,,,,,Andrew Bynum,2,,,made,,layup,25,6
Andrew Bynum,Jordan Farmar,Lamar Odom,Ron Artest,Shannon Brown,Brad Miller,Derrick Rose,John Salmons,Kirk Hinrich,Taj Gibson,4,7:08,CHI,foul,,,,,,,,Andrew Bynum,,Brad Miller,,,,,,shooting,,
Andrew Bynum,Jordan Farmar,Lamar Odom,Ron Artest,Shannon Brown,Derrick Rose,Joakim Noah,John Salmons,Kirk Hinrich,Taj Gibson,4,7:08,CHI,sub,,,,Joakim Noah,,Brad Miller,,,,,,,,,,,,
Andrew Bynum,Kobe Bryant,Lamar Odom,Ron Artest,Shannon Brown,Derrick Rose,Joakim Noah,John Salmons,Kirk Hinrich,Taj Gibson,4,7:08,LAL,sub,,,,Kobe Bryant,,Jordan Farmar,,,,,,,,,,,,
Andrew Bynum,Kobe Bryant,Pau Gasol,Ron Artest,Shannon Brown,Derrick Rose,Joakim Noah,John Salmons,Kirk Hinrich,Taj Gibson,4,7:08,LAL,sub,,,,Pau Gasol,,Lamar Odom,,,,,,,,,,,,
Andrew Bynum,Kobe Bryant,Pau Gasol,Ron Artest,Shannon Brown,Derrick Rose,Joakim Noah,John Salmons,Kirk Hinrich,Taj Gibson,4,7:08,LAL,free throw,,,,,,,1,,1,Andrew Bynum,,,foul,made,,,,
Andrew Bynum,Kobe Bryant,Pau Gasol,Ron Artest,Shannon Brown,Derrick Rose,Joakim Noah,John Salmons,Kirk Hinrich,Taj Gibson,4,6:53,CHI,shot,,,,,,,,,,Kirk Hinrich,,,,missed,,jump,14,25
Andrew Bynum,Kobe Bryant,Pau Gasol,Ron Artest,Shannon Brown,Derrick Rose,Joakim Noah,John Salmons,Kirk Hinrich,Taj Gibson,4,6:53,LAL,rebound,,,,,,,,,,,,,,,,,,
Andrew Bynum,Kobe Bryant,Pau Gasol,Ron Artest,Shannon Brown,Derrick Rose,Joakim Noah,John Salmons,Kirk Hinrich,Taj Gibson,4,6:53,CHI,foul,,,,,,,,Andrew Bynum,,Joakim Noah,,,,,,loose ball,,
Andrew Bynum,Kobe Bryant,Pau Gasol,Ron Artest,Shannon Brown,Derrick Rose,Joakim Noah,John Salmons,Kirk Hinrich,Taj Gibson,4,6:35,LAL,shot,,,,,,,,,,Kobe Bryant,2,,,made,,jump,40,17
Andrew Bynum,Kobe Bryant,Pau Gasol,Ron Artest,Shannon Brown,Derrick Rose,Joakim Noah,John Salmons,Kirk Hinrich,Taj Gibson,4,6:17,CHI,shot,,,,,,,,,,Derrick Rose,,,,missed,,jump,14,22
Andrew Bynum,Kobe Bryant,Pau Gasol,Ron Artest,Shannon Brown,Derrick Rose,Joakim Noah,John Salmons,Kirk Hinrich,Taj Gibson,4,6:16,LAL,rebound,,,,,,,,,,Ron Artest,,,,,,def,,
Andrew Bynum,Kobe Bryant,Pau Gasol,Ron Artest,Shannon Brown,Derrick Rose,Joakim Noah,John Salmons,Kirk Hinrich,Taj Gibson,4,6:03,LAL,turnover,,,,,,,,,,Kobe Bryant,,,out of bounds lost ball turnover,,,,,
Andrew Bynum,Kobe Bryant,Pau Gasol,Ron Artest,Shannon Brown,Derrick Rose,Joakim Noah,John Salmons,Luol Deng,Taj Gibson,4,6:03,CHI,sub,,,,Luol Deng,,Kirk Hinrich,,,,,,,,,,,,
Andrew Bynum,Kobe Bryant,Pau Gasol,Ron Artest,Shannon Brown,Derrick Rose,Joakim Noah,John Salmons,Luol Deng,Taj Gibson,4,5:44,CHI,shot,,,,,,,,,,Luol Deng,,,,missed,,jump,22,14
Andrew Bynum,Kobe Bryant,Pau Gasol,Ron Artest,Shannon Brown,Derrick Rose,Joakim Noah,John Salmons,Luol Deng,Taj Gibson,4,5:43,CHI,rebound,,,,,,,,,,Joakim Noah,,,,,,off,,
Andrew Bynum,Kobe Bryant,Pau Gasol,Ron Artest,Shannon Brown,Derrick Rose,Joakim Noah,John Salmons,Luol Deng,Taj Gibson,4,5:43,CHI,shot,,,,,,,,,,Joakim Noah,,,,missed,,tip,25,6
Andrew Bynum,Kobe Bryant,Pau Gasol,Ron Artest,Shannon Brown,Derrick Rose,Joakim Noah,John Salmons,Luol Deng,Taj Gibson,4,5:42,CHI,rebound,,,,,,,,,,Joakim Noah,,,,,,off,,
Andrew Bynum,Kobe Bryant,Pau Gasol,Ron Artest,Shannon Brown,Derrick Rose,Joakim Noah,John Salmons,Luol Deng,Taj Gibson,4,5:42,CHI,shot,,,,,,,,,,Joakim Noah,,,,missed,,tip,25,6
Andrew Bynum,Kobe Bryant,Pau Gasol,Ron Artest,Shannon Brown,Derrick Rose,Joakim Noah,John Salmons,Luol Deng,Taj Gibson,4,5:40,CHI,rebound,,,,,,,,,,Joakim Noah,,,,,,off,,
Andrew Bynum,Kobe Bryant,Pau Gasol,Ron Artest,Shannon Brown,Derrick Rose,Joakim Noah,John Salmons,Luol Deng,Taj Gibson,4,5:40,CHI,shot,,,Shannon Brown,,,,,,,Joakim Noah,,,,missed,,layup,25,6
Andrew Bynum,Kobe Bryant,Pau Gasol,Ron Artest,Shannon Brown,Derrick Rose,Joakim Noah,John Salmons,Luol Deng,Taj Gibson,4,5:40,LAL,rebound,,,,,,,,,,,,,,,,,,
Andrew Bynum,Kobe Bryant,Pau Gasol,Ron Artest,Shannon Brown,Derrick Rose,Joakim Noah,John Salmons,Luol Deng,Taj Gibson,4,5:40,LAL,timeout,,,,,,,,,,,,,,,,,,
Andrew Bynum,Derek Fisher,Kobe Bryant,Pau Gasol,Shannon Brown,Derrick Rose,Joakim Noah,John Salmons,Luol Deng,Taj Gibson,4,5:40,LAL,sub,,,,Derek Fisher,,Ron Artest,,,,,,,,,,,,
Derek Fisher,Kobe Bryant,Lamar Odom,Pau Gasol,Shannon Brown,Derrick Rose,Joakim Noah,John Salmons,Luol Deng,Taj Gibson,4,5:40,LAL,sub,,,,Lamar Odom,,Andrew Bynum,,,,,,,,,,,,
Derek Fisher,Kobe Bryant,Lamar Odom,Pau Gasol,Shannon Brown,Derrick Rose,Joakim Noah,John Salmons,Luol Deng,Taj Gibson,4,5:31,LAL,shot,,,Taj Gibson,,,,,,,Lamar Odom,,,,missed,,layup,25,6
Derek Fisher,Kobe Bryant,Lamar Odom,Pau Gasol,Shannon Brown,Derrick Rose,Joakim Noah,John Salmons,Luol Deng,Taj Gibson,4,5:28,CHI,rebound,,,,,,,,,,Derrick Rose,,,,,,def,,
Derek Fisher,Kobe Bryant,Lamar Odom,Pau Gasol,Shannon Brown,Derrick Rose,Joakim Noah,John Salmons,Luol Deng,Taj Gibson,4,5:11,CHI,shot,,,,,,,,,,Luol Deng,2,,,made,,jump,37,24
Derek Fisher,Kobe Bryant,Lamar Odom,Pau Gasol,Shannon Brown,Derrick Rose,Joakim Noah,John Salmons,Luol Deng,Taj Gibson,4,4:56,LAL,turnover,,,,,,,,,,Shannon Brown,,,out of bounds lost ball turnover,,,,,
Derek Fisher,Kobe Bryant,Lamar Odom,Pau Gasol,Shannon Brown,Derrick Rose,Joakim Noah,John Salmons,Luol Deng,Taj Gibson,4,4:31,CHI,shot,,,,,,,,,,John Salmons,,,,missed,,3pt,4,20
Derek Fisher,Kobe Bryant,Lamar Odom,Pau Gasol,Shannon Brown,Derrick Rose,Joakim Noah,John Salmons,Luol Deng,Taj Gibson,4,4:30,LAL,rebound,,,,,,,,,,Pau Gasol,,,,,,def,,
Derek Fisher,Kobe Bryant,Lamar Odom,Pau Gasol,Shannon Brown,Derrick Rose,Joakim Noah,John Salmons,Luol Deng,Taj Gibson,4,4:14,LAL,turnover,,,,,,,,,,Pau Gasol,,,bad pass,,Joakim Noah,,,
Derek Fisher,Kobe Bryant,Lamar Odom,Pau Gasol,Shannon Brown,Derrick Rose,Joakim Noah,John Salmons,Luol Deng,Taj Gibson,4,4:09,LAL,foul,,,,,,,,Taj Gibson,,Shannon Brown,,,,,,shooting,,
Derek Fisher,Kobe Bryant,Lamar Odom,Pau Gasol,Shannon Brown,Derrick Rose,Joakim Noah,John Salmons,Luol Deng,Taj Gibson,4,4:09,CHI,free throw,,,,,,,1,,2,Taj Gibson,,,foul,missed,,,,
Derek Fisher,Kobe Bryant,Lamar Odom,Pau Gasol,Shannon Brown,Derrick Rose,Joakim Noah,John Salmons,Luol Deng,Taj Gibson,4,4:09,CHI,rebound,,,,,,,,,,,,,,,,,,
Derek Fisher,Kobe Bryant,Lamar Odom,Pau Gasol,Ron Artest,Derrick Rose,Joakim Noah,John Salmons,Luol Deng,Taj Gibson,4,4:09,LAL,sub,,,,Ron Artest,,Shannon Brown,,,,,,,,,,,,
Derek Fisher,Kobe Bryant,Lamar Odom,Pau Gasol,Ron Artest,Derrick Rose,Joakim Noah,John Salmons,Luol Deng,Taj Gibson,4,4:09,CHI,free throw,,,,,,,2,,2,Taj Gibson,,,foul,made,,,,
Derek Fisher,Kobe Bryant,Lamar Odom,Pau Gasol,Ron Artest,Derrick Rose,Joakim Noah,John Salmons,Luol Deng,Taj Gibson,4,3:49,LAL,shot,,,,,,,,,,Ron Artest,2,,,made,,jump,34,27
Derek Fisher,Kobe Bryant,Lamar Odom,Pau Gasol,Ron Artest,Derrick Rose,Joakim Noah,John Salmons,Luol Deng,Taj Gibson,4,3:29,CHI,shot,,,,,,,,,,Luol Deng,,,,missed,,layup,25,6
Derek Fisher,Kobe Bryant,Lamar Odom,Pau Gasol,Ron Artest,Derrick Rose,Joakim Noah,John Salmons,Luol Deng,Taj Gibson,4,3:28,CHI,rebound,,,,,,,,,,Luol Deng,,,,,,off,,
Derek Fisher,Kobe Bryant,Lamar Odom,Pau Gasol,Ron Artest,Derrick Rose,Joakim Noah,John Salmons,Luol Deng,Taj Gibson,4,3:27,CHI,shot,,,,,,,,,,Luol Deng,2,,,made,,layup,25,6
Derek Fisher,Kobe Bryant,Lamar Odom,Pau Gasol,Ron Artest,Derrick Rose,Joakim Noah,John Salmons,Luol Deng,Taj Gibson,4,3:03,LAL,shot,,,,,,,,,,Kobe Bryant,,,,missed,,layup,25,6
Derek Fisher,Kobe Bryant,Lamar Odom,Pau Gasol,Ron Artest,Derrick Rose,Joakim Noah,John Salmons,Luol Deng,Taj Gibson,4,3:02,LAL,rebound,,,,,,,,,,Lamar Odom,,,,,,off,,
Derek Fisher,Kobe Bryant,Lamar Odom,Pau Gasol,Ron Artest,Derrick Rose,Joakim Noah,John Salmons,Luol Deng,Taj Gibson,4,3:00,LAL,shot,,,,,,,,,,Lamar Odom,2,,,made,,fade away jumper,17,9
Derek Fisher,Kobe Bryant,Lamar Odom,Pau Gasol,Ron Artest,Derrick Rose,Joakim Noah,John Salmons,Luol Deng,Taj Gibson,4,2:44,LAL,foul,,,,,,,,Derrick Rose,,Lamar Odom,,,,,,personal,,
Derek Fisher,Kobe Bryant,Lamar Odom,Pau Gasol,Ron Artest,Derrick Rose,Joakim Noah,John Salmons,Luol Deng,Taj Gibson,4,2:44,LAL,timeout,,,,,,,,,,,,,,,,regular,,
Derek Fisher,Kobe Bryant,Lamar Odom,Pau Gasol,Ron Artest,Brad Miller,Derrick Rose,Joakim Noah,John Salmons,Luol Deng,4,2:44,CHI,sub,,,,Brad Miller,,Taj Gibson,,,,,,,,,,,,
Derek Fisher,Kobe Bryant,Lamar Odom,Pau Gasol,Ron Artest,Brad Miller,Derrick Rose,Joakim Noah,John Salmons,Luol Deng,4,2:35,CHI,shot,,,,,,,,,,Derrick Rose,,,,missed,,layup,25,6
Derek Fisher,Kobe Bryant,Lamar Odom,Pau Gasol,Ron Artest,Brad Miller,Derrick Rose,Joakim Noah,John Salmons,Luol Deng,4,2:34,LAL,rebound,,,,,,,,,,Lamar Odom,,,,,,def,,
Derek Fisher,Kobe Bryant,Lamar Odom,Pau Gasol,Ron Artest,Brad Miller,Derrick Rose,Joakim Noah,John Salmons,Luol Deng,4,2:20,LAL,turnover,,,,,,,,,,Kobe Bryant,,,bad pass,,Luol Deng,,,
Derek Fisher,Kobe Bryant,Lamar Odom,Pau Gasol,Ron Artest,Brad Miller,Derrick Rose,Joakim Noah,John Salmons,Luol Deng,4,2:14,CHI,shot,Luol Deng,,,,,,,,,Brad Miller,2,,,made,,jump,11,12
Derek Fisher,Kobe Bryant,Lamar Odom,Pau Gasol,Ron Artest,Brad Miller,Derrick Rose,Joakim Noah,John Salmons,Luol Deng,4,1:57,LAL,turnover,,,,,,,,,,Kobe Bryant,,,bad pass,,Joakim Noah,,,
Derek Fisher,Kobe Bryant,Lamar Odom,Pau Gasol,Ron Artest,Brad Miller,Derrick Rose,Joakim Noah,John Salmons,Luol Deng,4,1:49,CHI,shot,,,,,,,,,,Luol Deng,,,,missed,,jump,40,14
Derek Fisher,Kobe Bryant,Lamar Odom,Pau Gasol,Ron Artest,Brad Miller,Derrick Rose,Joakim Noah,John Salmons,Luol Deng,4,1:49,CHI,rebound,,,,,,,,,,Joakim Noah,,,,,,off,,
Derek Fisher,Kobe Bryant,Lamar Odom,Pau Gasol,Ron Artest,Brad Miller,Derrick Rose,Joakim Noah,John Salmons,Luol Deng,4,1:33,CHI,shot,,,,,,,,,,Joakim Noah,,,,missed,,layup,25,6
Derek Fisher,Kobe Bryant,Lamar Odom,Pau Gasol,Ron Artest,Brad Miller,Derrick Rose,Joakim Noah,John Salmons,Luol Deng,4,1:31,LAL,rebound,,,,,,,,,,Lamar Odom,,,,,,def,,
Derek Fisher,Kobe Bryant,Lamar Odom,Pau Gasol,Ron Artest,Brad Miller,Derrick Rose,Joakim Noah,John Salmons,Luol Deng,4,1:13,LAL,shot,,,,,,,,,,Pau Gasol,,,,missed,,jump,28,12
Derek Fisher,Kobe Bryant,Lamar Odom,Pau Gasol,Ron Artest,Brad Miller,Derrick Rose,Joakim Noah,John Salmons,Luol Deng,4,1:11,CHI,rebound,,,,,,,,,,Joakim Noah,,,,,,def,,
Derek Fisher,Kobe Bryant,Lamar Odom,Pau Gasol,Ron Artest,Brad Miller,Derrick Rose,Joakim Noah,John Salmons,Luol Deng,4,1:02,CHI,shot,,,,,,,,,,Derrick Rose,,,,missed,,jump,30,12
Derek Fisher,Kobe Bryant,Lamar Odom,Pau Gasol,Ron Artest,Brad Miller,Derrick Rose,Joakim Noah,John Salmons,Luol Deng,4,0:58,LAL,rebound,,,,,,,,,,Ron Artest,,,,,,def,,
Derek Fisher,Kobe Bryant,Lamar Odom,Pau Gasol,Ron Artest,Brad Miller,Derrick Rose,Joakim Noah,John Salmons,Luol Deng,4,0:39,LAL,shot,,,,,,,,,,Kobe Bryant,2,,,made,,jump,14,12
Derek Fisher,Kobe Bryant,Lamar Odom,Pau Gasol,Ron Artest,Brad Miller,Derrick Rose,Joakim Noah,John Salmons,Luol Deng,4,0:39,CHI,timeout,,,,,,,,,,,,,,,,regular,,
Derek Fisher,Kobe Bryant,Lamar Odom,Pau Gasol,Ron Artest,Brad Miller,Derrick Rose,Joakim Noah,John Salmons,Luol Deng,4,0:37,CHI,foul,,,,,,,,Kobe Bryant,,Joakim Noah,,,,,,offensive,,
Derek Fisher,Kobe Bryant,Lamar Odom,Pau Gasol,Ron Artest,Brad Miller,Derrick Rose,Joakim Noah,John Salmons,Luol Deng,4,0:37,CHI,turnover,,,,,,,,,,Joakim Noah,,,foul,,,,,
Derek Fisher,Kobe Bryant,Lamar Odom,Pau Gasol,Ron Artest,Brad Miller,Derrick Rose,Joakim Noah,John Salmons,Luol Deng,4,0:34,CHI,foul,,,,,,,,Kobe Bryant,,Derrick Rose,,,,,,personal,,
Derek Fisher,Kobe Bryant,Lamar Odom,Pau Gasol,Ron Artest,Brad Miller,Derrick Rose,Joakim Noah,John Salmons,Luol Deng,4,0:32,CHI,foul,,,,,,,,Pau Gasol,,Joakim Noah,,,,,,personal,,
Derek Fisher,Kobe Bryant,Lamar Odom,Pau Gasol,Ron Artest,Brad Miller,Derrick Rose,Joakim Noah,John Salmons,Luol Deng,4,0:32,LAL,free throw,,,,,,,1,,2,Pau Gasol,,,foul,made,,,,
Derek Fisher,Kobe Bryant,Lamar Odom,Pau Gasol,Ron Artest,Brad Miller,Derrick Rose,Joakim Noah,John Salmons,Luol Deng,4,0:32,LAL,free throw,,,,,,,2,,2,Pau Gasol,,,foul,made,,,,
Derek Fisher,Kobe Bryant,Lamar Odom,Pau Gasol,Ron Artest,Brad Miller,Derrick Rose,Joakim Noah,John Salmons,Luol Deng,4,0:32,CHI,timeout,,,,,,,,,,,,,,,,short,,
Derek Fisher,Kobe Bryant,Lamar Odom,Pau Gasol,Ron Artest,Brad Miller,Derrick Rose,Joakim Noah,John Salmons,Luol Deng,4,0:27,CHI,shot,,,,,,,,,,Luol Deng,,,,missed,,3pt,24,31
Derek Fisher,Kobe Bryant,Lamar Odom,Pau Gasol,Ron Artest,Brad Miller,Derrick Rose,Joakim Noah,John Salmons,Luol Deng,4,0:25,CHI,rebound,,,,,,,,,,Joakim Noah,,,,,,off,,
Derek Fisher,Kobe Bryant,Lamar Odom,Pau Gasol,Ron Artest,Brad Miller,Derrick Rose,Joakim Noah,John Salmons,Luol Deng,4,0:25,CHI,shot,,,Pau Gasol,,,,,,,Joakim Noah,,,,missed,,layup,25,6
Derek Fisher,Kobe Bryant,Lamar Odom,Pau Gasol,Ron Artest,Brad Miller,Derrick Rose,Joakim Noah,John Salmons,Luol Deng,4,0:21,CHI,rebound,,,,,,,,,,Joakim Noah,,,,,,off,,
Derek Fisher,Kobe Bryant,Lamar Odom,Pau Gasol,Ron Artest,Brad Miller,Derrick Rose,Joakim Noah,John Salmons,Luol Deng,4,0:19,CHI,turnover,,,,,,,,,,Joakim Noah,,,bad pass,,Kobe Bryant,,,
Derek Fisher,Kobe Bryant,Lamar Odom,Pau Gasol,Ron Artest,Brad Miller,Derrick Rose,Joakim Noah,John Salmons,Luol Deng,4,0:16,LAL,shot,,,,,,,,,,Kobe Bryant,2,,,made,,dunk,25,6
Derek Fisher,Kobe Bryant,Lamar Odom,Pau Gasol,Ron Artest,Brad Miller,Derrick Rose,Joakim Noah,John Salmons,Luol Deng,4,0:08,CHI,shot,,,,,,,,,,John Salmons,,,,missed,,3pt,23,31
Derek Fisher,Kobe Bryant,Lamar Odom,Pau Gasol,Ron Artest,Brad Miller,Derrick Rose,Joakim Noah,John Salmons,Luol Deng,4,0:07,CHI,rebound,,,,,,,,,,Brad Miller,,,,,,off,,
Derek Fisher,Kobe Bryant,Lamar Odom,Pau Gasol,Ron Artest,Brad Miller,Derrick Rose,Joakim Noah,John Salmons,Luol Deng,4,0:02,CHI,shot,Derrick Rose,,,,,,,,,Luol Deng,3,,,made,,3pt,48,6
