a1,a2,a3,a4,a5,h1,h2,h3,h4,h5,period,time,team,etype,assist,away,block,entered,home,left,num,opponent,outof,player,points,possession,reason,result,steal,type,x,y
C.J. Miles,Carlos Boozer,Deron Williams,Mehmet Okur,Ronnie Brewer,Jeff Green,Kevin Durant,Nenad Krstic,Russell Westbrook,Thabo Sefolosha,1,12:00,OFF,jump ball,,Mehmet Okur,,,Jeff Green,,,,,,,Deron Williams,,,,,,
C.J. Miles,Carlos Boozer,Deron Williams,Mehmet Okur,Ronnie Brewer,Jeff Green,Kevin Durant,Nenad Krstic,Russell Westbrook,Thabo Sefolosha,1,11:49,UTA,shot,Carlos Boozer,,,,,,,,,C.J. Miles,2,,,made,,layup,25,6
C.J. Miles,Carlos Boozer,Deron Williams,Mehmet Okur,Ronnie Brewer,Jeff Green,Kevin Durant,Nenad Krstic,Russell Westbrook,Thabo Sefolosha,1,11:34,OKC,foul,,,,,,,,Deron Williams,,Jeff Green,,,,,,offensive,,
C.J. Miles,Carlos Boozer,Deron Williams,Mehmet Okur,Ronnie Brewer,Jeff Green,Kevin Durant,Nenad Krstic,Russell Westbrook,Thabo Sefolosha,1,11:34,OKC,turnover,,,,,,,,,,Jeff Green,,,foul,,,,,
C.J. Miles,Carlos Boozer,Deron Williams,Mehmet Okur,Ronnie Brewer,Jeff Green,Kevin Durant,Nenad Krstic,Russell Westbrook,Thabo Sefolosha,1,11:25,UTA,shot,,,,,,,,,,Ronnie Brewer,,,,missed,,jump,22,24
C.J. Miles,Carlos Boozer,Deron Williams,Mehmet Okur,Ronnie Brewer,Jeff Green,Kevin Durant,Nenad Krstic,Russell Westbrook,Thabo Sefolosha,1,11:24,OKC,rebound,,,,,,,,,,Kevin Durant,,,,,,def,,
C.J. Miles,Carlos Boozer,Deron Williams,Mehmet Okur,Ronnie Brewer,Jeff Green,Kevin Durant,Nenad Krstic,Russell Westbrook,Thabo Sefolosha,1,11:09,UTA,foul,,,,,,,,Kevin Durant,,Ronnie Brewer,,,,,,personal,,
C.J. Miles,Carlos Boozer,Deron Williams,Mehmet Okur,Ronnie Brewer,Jeff Green,Kevin Durant,Nenad Krstic,Russell Westbrook,Thabo Sefolosha,1,11:02,OKC,shot,Russell Westbrook,,,,,,,,,Kevin Durant,2,,,made,,jump,11,16
C.J. Miles,Carlos Boozer,Deron Williams,Mehmet Okur,Ronnie Brewer,Jeff Green,Kevin Durant,Nenad Krstic,Russell Westbrook,Thabo Sefolosha,1,10:39,UTA,shot,,,,,,,,,,Mehmet Okur,2,,,made,,running hook,25,9
C.J. Miles,Carlos Boozer,Deron Williams,Mehmet Okur,Ronnie Brewer,Jeff Green,Kevin Durant,Nenad Krstic,Russell Westbrook,Thabo Sefolosha,1,10:24,OKC,shot,Kevin Durant,,,,,,,,,Jeff Green,2,,,made,,jump,31,25
C.J. Miles,Carlos Boozer,Deron Williams,Mehmet Okur,Ronnie Brewer,Jeff Green,Kevin Durant,Nenad Krstic,Russell Westbrook,Thabo Sefolosha,1,10:14,UTA,shot,,,,,,,,,,Deron Williams,,,,missed,,floating jump,25,15
C.J. Miles,Carlos Boozer,Deron Williams,Mehmet Okur,Ronnie Brewer,Jeff Green,Kevin Durant,Nenad Krstic,Russell Westbrook,Thabo Sefolosha,1,10:13,OKC,rebound,,,,,,,,,,Nenad Krstic,,,,,,def,,
C.J. Miles,Carlos Boozer,Deron Williams,Mehmet Okur,Ronnie Brewer,Jeff Green,Kevin Durant,Nenad Krstic,Russell Westbrook,Thabo Sefolosha,1,10:08,UTA,foul,,,,,,,,Kevin Durant,,C.J. Miles,,,,,,shooting,,
C.J. Miles,Carlos Boozer,Deron Williams,Mehmet Okur,Ronnie Brewer,Jeff Green,Kevin Durant,Nenad Krstic,Russell Westbrook,Thabo Sefolosha,1,10:08,OKC,free throw,,,,,,,1,,2,Kevin Durant,,,foul,made,,,,
C.J. Miles,Carlos Boozer,Deron Williams,Mehmet Okur,Ronnie Brewer,Jeff Green,Kevin Durant,Nenad Krstic,Russell Westbrook,Thabo Sefolosha,1,10:08,OKC,free throw,,,,,,,2,,2,Kevin Durant,,,foul,missed,,,,
C.J. Miles,Carlos Boozer,Deron Williams,Mehmet Okur,Ronnie Brewer,Jeff Green,Kevin Durant,Nenad Krstic,Russell Westbrook,Thabo Sefolosha,1,10:07,UTA,rebound,,,,,,,,,,Carlos Boozer,,,,,,def,,
C.J. Miles,Carlos Boozer,Deron Williams,Mehmet Okur,Ronnie Brewer,Jeff Green,Kevin Durant,Nenad Krstic,Russell Westbrook,Thabo Sefolosha,1,9:49,UTA,shot,Deron Williams,,,,,,,,,Carlos Boozer,2,,,made,,jump,25,11
C.J. Miles,Carlos Boozer,Deron Williams,Mehmet Okur,Ronnie Brewer,Jeff Green,Kevin Durant,Nenad Krstic,Russell Westbrook,Thabo Sefolosha,1,9:49,OKC,foul,,,,,,,,Carlos Boozer,,Kevin Durant,,,,,,shooting,,
C.J. Miles,Carlos Boozer,Deron Williams,Mehmet Okur,Ronnie Brewer,Jeff Green,Kevin Durant,Nenad Krstic,Russell Westbrook,Thabo Sefolosha,1,9:49,UTA,free throw,,,,,,,1,,1,Carlos Boozer,,,foul,missed,,,,
C.J. Miles,Carlos Boozer,Deron Williams,Mehmet Okur,Ronnie Brewer,Jeff Green,Kevin Durant,Nenad Krstic,Russell Westbrook,Thabo Sefolosha,1,9:47,OKC,rebound,,,,,,,,,,Jeff Green,,,,,,def,,
C.J. Miles,Carlos Boozer,Deron Williams,Mehmet Okur,Ronnie Brewer,Jeff Green,Kevin Durant,Nenad Krstic,Russell Westbrook,Thabo Sefolosha,1,9:25,OKC,shot,Thabo Sefolosha,,,,,,,,,Kevin Durant,2,,,made,,layup,25,6
C.J. Miles,Carlos Boozer,Deron Williams,Mehmet Okur,Ronnie Brewer,Jeff Green,Kevin Durant,Nenad Krstic,Russell Westbrook,Thabo Sefolosha,1,9:10,UTA,shot,,,,,,,,,,C.J. Miles,,,,missed,,jump,27,26
C.J. Miles,Carlos Boozer,Deron Williams,Mehmet Okur,Ronnie Brewer,Jeff Green,Kevin Durant,Nenad Krstic,Russell Westbrook,Thabo Sefolosha,1,9:09,OKC,rebound,,,,,,,,,,Kevin Durant,,,,,,def,,
C.J. Miles,Carlos Boozer,Deron Williams,Mehmet Okur,Ronnie Brewer,Jeff Green,Kevin Durant,Nenad Krstic,Russell Westbrook,Thabo Sefolosha,1,8:59,OKC,turnover,,,,,,,,,,Jeff Green,,,bad pass,,C.J. Miles,,,
C.J. Miles,Carlos Boozer,Deron Williams,Mehmet Okur,Ronnie Brewer,Jeff Green,Kevin Durant,Nenad Krstic,Russell Westbrook,Thabo Sefolosha,1,8:53,UTA,shot,Carlos Boozer,,,,,,,,,Deron Williams,2,,,made,,jump,42,8
C.J. Miles,Carlos Boozer,Deron Williams,Mehmet Okur,Ronnie Brewer,Jeff Green,Kevin Durant,Nenad Krstic,Russell Westbrook,Thabo Sefolosha,1,8:36,OKC,turnover,,,,,,,,,,Jeff Green,,,bad pass,,Ronnie Brewer,,,
C.J. Miles,Carlos Boozer,Deron Williams,Mehmet Okur,Ronnie Brewer,Jeff Green,Kevin Durant,Nenad Krstic,Russell Westbrook,Thabo Sefolosha,1,8:32,UTA,shot,,,,,,,,,,Ronnie Brewer,2,,,made,,dunk,25,6
C.J. Miles,Carlos Boozer,Deron Williams,Mehmet Okur,Ronnie Brewer,Jeff Green,Kevin Durant,Nenad Krstic,Russell Westbrook,Thabo Sefolosha,1,8:19,OKC,shot,,,,,,,,,,Russell Westbrook,,,,missed,,layup,25,6
C.J. Miles,Carlos Boozer,Deron Williams,Mehmet Okur,Ronnie Brewer,Jeff Green,Kevin Durant,Nenad Krstic,Russell Westbrook,Thabo Sefolosha,1,8:17,OKC,rebound,,,,,,,,,,Nenad Krstic,,,,,,off,,
C.J. Miles,Carlos Boozer,Deron Williams,Mehmet Okur,Ronnie Brewer,Jeff Green,Kevin Durant,Nenad Krstic,Russell Westbrook,Thabo Sefolosha,1,8:17,OKC,shot,,,,,,,,,,Nenad Krstic,2,,,made,,tip,25,6
C.J. Miles,Carlos Boozer,Deron Williams,Mehmet Okur,Ronnie Brewer,Jeff Green,Kevin Durant,Nenad Krstic,Russell Westbrook,Thabo Sefolosha,1,8:05,UTA,shot,Ronnie Brewer,,,,,,,,,Carlos Boozer,2,,,made,,jump,21,24
C.J. Miles,Carlos Boozer,Deron Williams,Mehmet Okur,Ronnie Brewer,Jeff Green,Kevin Durant,Nenad Krstic,Russell Westbrook,Thabo Sefolosha,1,7:44,OKC,shot,,,,,,,,,,Nenad Krstic,,,,missed,,jump,23,25
C.J. Miles,Carlos Boozer,Deron Williams,Mehmet Okur,Ronnie Brewer,Jeff Green,Kevin Durant,Nenad Krstic,Russell Westbrook,Thabo Sefolosha,1,7:42,UTA,rebound,,,,,,,,,,,,,,,,,,
C.J. Miles,Carlos Boozer,Deron Williams,Mehmet Okur,Ronnie Brewer,Jeff Green,Kevin Durant,Nenad Krstic,Russell Westbrook,Thabo Sefolosha,1,7:27,UTA,turnover,,,,,,,,,,Deron Williams,,,bad pass,,,,,
C.J. Miles,Carlos Boozer,Deron Williams,Mehmet Okur,Ronnie Brewer,Jeff Green,Kevin Durant,Nenad Krstic,Russell Westbrook,Thabo Sefolosha,1,7:13,OKC,shot,,,,,,,,,,Kevin Durant,,,,missed,,layup,25,6
C.J. Miles,Carlos Boozer,Deron Williams,Mehmet Okur,Ronnie Brewer,Jeff Green,Kevin Durant,Nenad Krstic,Russell Westbrook,Thabo Sefolosha,1,7:12,UTA,rebound,,,,,,,,,,Carlos Boozer,,,,,,def,,
C.J. Miles,Carlos Boozer,Deron Williams,Mehmet Okur,Ronnie Brewer,Jeff Green,Kevin Durant,Nenad Krstic,Russell Westbrook,Thabo Sefolosha,1,7:04,UTA,shot,,,Russell Westbrook,,,,,,,Deron Williams,,,,missed,,jump,20,10
C.J. Miles,Carlos Boozer,Deron Williams,Mehmet Okur,Ronnie Brewer,Jeff Green,Kevin Durant,Nenad Krstic,Russell Westbrook,Thabo Sefolosha,1,7:01,UTA,rebound,,,,,,,,,,Ronnie Brewer,,,,,,off,,
C.J. Miles,Carlos Boozer,Deron Williams,Mehmet Okur,Ronnie Brewer,Jeff Green,Kevin Durant,Nenad Krstic,Russell Westbrook,Thabo Sefolosha,1,6:52,UTA,shot,,,,,,,,,,Mehmet Okur,,,,missed,,jump,38,13
C.J. Miles,Carlos Boozer,Deron Williams,Mehmet Okur,Ronnie Brewer,Jeff Green,Kevin Durant,Nenad Krstic,Russell Westbrook,Thabo Sefolosha,1,6:51,OKC,rebound,,,,,,,,,,Jeff Green,,,,,,def,,
C.J. Miles,Carlos Boozer,Deron Williams,Mehmet Okur,Ronnie Brewer,Jeff Green,Kevin Durant,Nenad Krstic,Russell Westbrook,Thabo Sefolosha,1,6:43,OKC,shot,,,,,,,,,,Russell Westbrook,,,,missed,,jump,39,13
C.J. Miles,Carlos Boozer,Deron Williams,Mehmet Okur,Ronnie Brewer,Jeff Green,Kevin Durant,Nenad Krstic,Russell Westbrook,Thabo Sefolosha,1,6:41,UTA,rebound,,,,,,,,,,Mehmet Okur,,,,,,def,,
C.J. Miles,Carlos Boozer,Deron Williams,Mehmet Okur,Ronnie Brewer,Jeff Green,Kevin Durant,Nenad Krstic,Russell Westbrook,Thabo Sefolosha,1,6:36,UTA,shot,Deron Williams,,,,,,,,,Ronnie Brewer,2,,,made,,layup,25,6
C.J. Miles,Carlos Boozer,Deron Williams,Mehmet Okur,Ronnie Brewer,Jeff Green,Kevin Durant,Nenad Krstic,Russell Westbrook,Thabo Sefolosha,1,6:29,OKC,timeout,,,,,,,,,,,,,,,,regular,,
C.J. Miles,Carlos Boozer,Deron Williams,Mehmet Okur,Ronnie Brewer,Jeff Green,Kevin Durant,Nenad Krstic,Russell Westbrook,Thabo Sefolosha,1,6:23,OKC,shot,,,,,,,,,,Thabo Sefolosha,,,,missed,,3pt,2,7
C.J. Miles,Carlos Boozer,Deron Williams,Mehmet Okur,Ronnie Brewer,Jeff Green,Kevin Durant,Nenad Krstic,Russell Westbrook,Thabo Sefolosha,1,6:21,OKC,rebound,,,,,,,,,,,,,,,,,,
C.J. Miles,Carlos Boozer,Deron Williams,Mehmet Okur,Ronnie Brewer,Jeff Green,Kevin Durant,Nenad Krstic,Russell Westbrook,Thabo Sefolosha,1,6:07,OKC,shot,,,,,,,,,,Jeff Green,,,,missed,,jump,33,27
C.J. Miles,Carlos Boozer,Deron Williams,Mehmet Okur,Ronnie Brewer,Jeff Green,Kevin Durant,Nenad Krstic,Russell Westbrook,Thabo Sefolosha,1,6:07,UTA,rebound,,,,,,,,,,,,,,,,,,
C.J. Miles,Carlos Boozer,Deron Williams,Mehmet Okur,Ronnie Brewer,Jeff Green,Kevin Durant,Nenad Krstic,Russell Westbrook,Thabo Sefolosha,1,5:45,UTA,shot,,,,,,,,,,Carlos Boozer,2,,,made,,fade away jumper,18,15
C.J. Miles,Carlos Boozer,Deron Williams,Mehmet Okur,Ronnie Brewer,Jeff Green,Kevin Durant,Nenad Krstic,Russell Westbrook,Thabo Sefolosha,1,5:30,OKC,shot,Russell Westbrook,,,,,,,,,Kevin Durant,2,,,made,,reverse dunk,25,6
C.J. Miles,Carlos Boozer,Deron Williams,Mehmet Okur,Ronnie Brewer,Jeff Green,Kevin Durant,Nenad Krstic,Russell Westbrook,Thabo Sefolosha,1,5:13,UTA,shot,,,,,,,,,,Mehmet Okur,,,,missed,,layup,25,6
C.J. Miles,Carlos Boozer,Deron Williams,Mehmet Okur,Ronnie Brewer,Jeff Green,Kevin Durant,Nenad Krstic,Russell Westbrook,Thabo Sefolosha,1,5:12,OKC,rebound,,,,,,,,,,Nenad Krstic,,,,,,def,,
C.J. Miles,Carlos Boozer,Deron Williams,Mehmet Okur,Ronnie Brewer,Jeff Green,Kevin Durant,Nenad Krstic,Russell Westbrook,Thabo Sefolosha,1,5:05,OKC,shot,,,,,,,,,,Russell Westbrook,,,,missed,,layup,25,6
C.J. Miles,Carlos Boozer,Deron Williams,Mehmet Okur,Ronnie Brewer,Jeff Green,Kevin Durant,Nenad Krstic,Russell Westbrook,Thabo Sefolosha,1,5:03,OKC,rebound,,,,,,,,,,Nenad Krstic,,,,,,off,,
C.J. Miles,Carlos Boozer,Deron Williams,Mehmet Okur,Ronnie Brewer,Jeff Green,Kevin Durant,Nenad Krstic,Russell Westbrook,Thabo Sefolosha,1,5:03,OKC,shot,,,,,,,,,,Nenad Krstic,2,,,made,,tip,25,6
C.J. Miles,Carlos Boozer,Deron Williams,Mehmet Okur,Ronnie Brewer,Jeff Green,Kevin Durant,Nenad Krstic,Russell Westbrook,Thabo Sefolosha,1,4:52,UTA,shot,,,,,,,,,,C.J. Miles,,,,missed,,3pt,44,22
C.J. Miles,Carlos Boozer,Deron Williams,Mehmet Okur,Ronnie Brewer,Jeff Green,Kevin Durant,Nenad Krstic,Russell Westbrook,Thabo Sefolosha,1,4:51,UTA,rebound,,,,,,,,,,Mehmet Okur,,,,,,off,,
C.J. Miles,Carlos Boozer,Deron Williams,Mehmet Okur,Ronnie Brewer,Jeff Green,Kevin Durant,Nenad Krstic,Russell Westbrook,Thabo Sefolosha,1,4:47,UTA,foul,,,,,,,,Nenad Krstic,,Mehmet Okur,,,,,,offensive,,
C.J. Miles,Carlos Boozer,Deron Williams,Mehmet Okur,Ronnie Brewer,Jeff Green,Kevin Durant,Nenad Krstic,Russell Westbrook,Thabo Sefolosha,1,4:47,UTA,turnover,,,,,,,,,,Mehmet Okur,,,foul,,,,,
C.J. Miles,Carlos Boozer,Deron Williams,Paul Millsap,Ronnie Brewer,Jeff Green,Kevin Durant,Nenad Krstic,Russell Westbrook,Thabo Sefolosha,1,4:47,UTA,sub,,,,Paul Millsap,,Mehmet Okur,,,,,,,,,,,,
C.J. Miles,Carlos Boozer,Deron Williams,Paul Millsap,Ronnie Brewer,Jeff Green,Kevin Durant,Nick Collison,Russell Westbrook,Thabo Sefolosha,1,4:47,OKC,sub,,,,Nick Collison,,Nenad Krstic,,,,,,,,,,,,
C.J. Miles,Carlos Boozer,Deron Williams,Paul Millsap,Ronnie Brewer,Jeff Green,Kevin Durant,Nick Collison,Russell Westbrook,Thabo Sefolosha,1,4:36,OKC,shot,,,,,,,,,,Thabo Sefolosha,,,,missed,,3pt,4,19
C.J. Miles,Carlos Boozer,Deron Williams,Paul Millsap,Ronnie Brewer,Jeff Green,Kevin Durant,Nick Collison,Russell Westbrook,Thabo Sefolosha,1,4:35,UTA,rebound,,,,,,,,,,Deron Williams,,,,,,def,,
C.J. Miles,Carlos Boozer,Deron Williams,Paul Millsap,Ronnie Brewer,Jeff Green,Kevin Durant,Nick Collison,Russell Westbrook,Thabo Sefolosha,1,4:16,UTA,shot,,,,,,,,,,Ronnie Brewer,,,,missed,,3pt,46,18
C.J. Miles,Carlos Boozer,Deron Williams,Paul Millsap,Ronnie Brewer,Jeff Green,Kevin Durant,Nick Collison,Russell Westbrook,Thabo Sefolosha,1,4:15,OKC,rebound,,,,,,,,,,Jeff Green,,,,,,def,,
C.J. Miles,Carlos Boozer,Deron Williams,Paul Millsap,Ronnie Brewer,Jeff Green,Kevin Durant,Nick Collison,Russell Westbrook,Thabo Sefolosha,1,4:08,OKC,shot,,,,,,,,,,Jeff Green,,,,missed,,3pt,24,30
C.J. Miles,Carlos Boozer,Deron Williams,Paul Millsap,Ronnie Brewer,Jeff Green,Kevin Durant,Nick Collison,Russell Westbrook,Thabo Sefolosha,1,4:07,UTA,rebound,,,,,,,,,,Carlos Boozer,,,,,,def,,
C.J. Miles,Carlos Boozer,Deron Williams,Paul Millsap,Ronnie Brewer,Jeff Green,Kevin Durant,Nick Collison,Russell Westbrook,Thabo Sefolosha,1,3:54,UTA,shot,Ronnie Brewer,,,,,,,,,Carlos Boozer,2,,,made,,dunk,25,6
C.J. Miles,Carlos Boozer,Deron Williams,Paul Millsap,Ronnie Brewer,Jeff Green,Kevin Durant,Nick Collison,Russell Westbrook,Thabo Sefolosha,1,3:38,OKC,shot,Russell Westbrook,,,,,,,,,Jeff Green,2,,,made,,layup,25,6
C.J. Miles,Carlos Boozer,Deron Williams,Paul Millsap,Ronnie Brewer,Jeff Green,Kevin Durant,Nick Collison,Russell Westbrook,Thabo Sefolosha,1,3:20,UTA,shot,,,,,,,,,,Paul Millsap,,,,missed,,jump,25,11
C.J. Miles,Carlos Boozer,Deron Williams,Paul Millsap,Ronnie Brewer,Jeff Green,Kevin Durant,Nick Collison,Russell Westbrook,Thabo Sefolosha,1,3:18,OKC,rebound,,,,,,,,,,Nick Collison,,,,,,def,,
C.J. Miles,Carlos Boozer,Deron Williams,Paul Millsap,Ronnie Brewer,Jeff Green,Kevin Durant,Nick Collison,Russell Westbrook,Thabo Sefolosha,1,3:05,UTA,foul,,,,,,,,Nick Collison,,Paul Millsap,,,,,,shooting,,
Andrei Kirilenko,C.J. Miles,Carlos Boozer,Deron Williams,Paul Millsap,Jeff Green,Kevin Durant,Nick Collison,Russell Westbrook,Thabo Sefolosha,1,3:05,UTA,sub,,,,Andrei Kirilenko,,Ronnie Brewer,,,,,,,,,,,,
Andrei Kirilenko,C.J. Miles,Carlos Boozer,Deron Williams,Paul Millsap,Jeff Green,Kevin Durant,Nick Collison,Russell Westbrook,Thabo Sefolosha,1,3:05,OKC,free throw,,,,,,,1,,2,Nick Collison,,,foul,missed,,,,
Andrei Kirilenko,C.J. Miles,Carlos Boozer,Deron Williams,Paul Millsap,Jeff Green,Kevin Durant,Nick Collison,Russell Westbrook,Thabo Sefolosha,1,3:05,OKC,rebound,,,,,,,,,,,,,,,,,,
Andrei Kirilenko,C.J. Miles,Carlos Boozer,Deron Williams,Paul Millsap,Eric Maynor,Jeff Green,Kevin Durant,Nick Collison,Thabo Sefolosha,1,3:05,OKC,sub,,,,Eric Maynor,,Russell Westbrook,,,,,,,,,,,,
Andrei Kirilenko,C.J. Miles,Carlos Boozer,Deron Williams,Paul Millsap,Eric Maynor,Kevin Durant,Nick Collison,Serge Ibaka,Thabo Sefolosha,1,3:05,OKC,sub,,,,Serge Ibaka,,Jeff Green,,,,,,,,,,,,
Andrei Kirilenko,C.J. Miles,Carlos Boozer,Deron Williams,Paul Millsap,Eric Maynor,Kevin Durant,Nick Collison,Serge Ibaka,Thabo Sefolosha,1,3:05,OKC,turnover,,,,,,,,,,Serge Ibaka,,,lane violation,,,,,
Andrei Kirilenko,C.J. Miles,Carlos Boozer,Deron Williams,Paul Millsap,Eric Maynor,Kevin Durant,Nick Collison,Serge Ibaka,Thabo Sefolosha,1,2:50,UTA,shot,,,,,,,,,,C.J. Miles,,,,missed,,3pt,14,28
Andrei Kirilenko,C.J. Miles,Carlos Boozer,Deron Williams,Paul Millsap,Eric Maynor,Kevin Durant,Nick Collison,Serge Ibaka,Thabo Sefolosha,1,2:48,UTA,rebound,,,,,,,,,,Andrei Kirilenko,,,,,,off,,
Andrei Kirilenko,C.J. Miles,Carlos Boozer,Deron Williams,Paul Millsap,Eric Maynor,Kevin Durant,Nick Collison,Serge Ibaka,Thabo Sefolosha,1,2:48,UTA,shot,,,,,,,,,,Andrei Kirilenko,2,,,made,,tip,25,6
Andrei Kirilenko,C.J. Miles,Carlos Boozer,Deron Williams,Paul Millsap,Eric Maynor,Kevin Durant,Nick Collison,Serge Ibaka,Thabo Sefolosha,1,2:36,UTA,foul,,,,,,,,Serge Ibaka,,Andrei Kirilenko,,,,,,shooting,,
Andrei Kirilenko,C.J. Miles,Carlos Boozer,Deron Williams,Paul Millsap,Eric Maynor,Kevin Durant,Nick Collison,Serge Ibaka,Thabo Sefolosha,1,2:36,UTA,timeout,,,,,,,,,,,,,,,,regular,,
Andrei Kirilenko,Carlos Boozer,Deron Williams,Paul Millsap,Ronnie Price,Eric Maynor,Kevin Durant,Nick Collison,Serge Ibaka,Thabo Sefolosha,1,2:36,UTA,sub,,,,Ronnie Price,,C.J. Miles,,,,,,,,,,,,
Andrei Kirilenko,Carlos Boozer,Paul Millsap,Ronnie Price,Wesley Matthews,Eric Maynor,Kevin Durant,Nick Collison,Serge Ibaka,Thabo Sefolosha,1,2:36,UTA,sub,,,,Wesley Matthews,,Deron Williams,,,,,,,,,,,,
Andrei Kirilenko,Carlos Boozer,Paul Millsap,Ronnie Price,Wesley Matthews,Eric Maynor,James Harden,Kevin Durant,Nick Collison,Serge Ibaka,1,2:36,OKC,sub,,,,James Harden,,Thabo Sefolosha,,,,,,,,,,,,
Andrei Kirilenko,Carlos Boozer,Paul Millsap,Ronnie Price,Wesley Matthews,Eric Maynor,James Harden,Kevin Durant,Nick Collison,Serge Ibaka,1,2:36,OKC,free throw,,,,,,,1,,2,Kevin Durant,,,foul,made,,,,
Andrei Kirilenko,Carlos Boozer,Paul Millsap,Ronnie Price,Wesley Matthews,Eric Maynor,James Harden,Kevin Durant,Nick Collison,Serge Ibaka,1,2:36,OKC,free throw,,,,,,,2,,2,Kevin Durant,,,foul,made,,,,
Andrei Kirilenko,Carlos Boozer,Paul Millsap,Ronnie Price,Wesley Matthews,Eric Maynor,James Harden,Kevin Durant,Nick Collison,Serge Ibaka,1,2:12,UTA,shot,,,,,,,,,,Wesley Matthews,,,,missed,,fade away jumper,11,22
Andrei Kirilenko,Carlos Boozer,Paul Millsap,Ronnie Price,Wesley Matthews,Eric Maynor,James Harden,Kevin Durant,Nick Collison,Serge Ibaka,1,2:11,UTA,rebound,,,,,,,,,,Ronnie Price,,,,,,off,,
Andrei Kirilenko,Carlos Boozer,Paul Millsap,Ronnie Price,Wesley Matthews,Eric Maynor,James Harden,Kevin Durant,Nick Collison,Serge Ibaka,1,2:09,UTA,shot,,,,,,,,,,Ronnie Price,2,,,made,,layup,25,6
Andrei Kirilenko,Carlos Boozer,Paul Millsap,Ronnie Price,Wesley Matthews,Eric Maynor,James Harden,Kevin Durant,Nick Collison,Serge Ibaka,1,1:41,OKC,shot,Eric Maynor,,,,,,,,,James Harden,3,,,made,,3pt,44,22
Andrei Kirilenko,Carlos Boozer,Paul Millsap,Ronnie Price,Wesley Matthews,Eric Maynor,James Harden,Kevin Durant,Nick Collison,Serge Ibaka,1,1:23,UTA,shot,Paul Millsap,,,,,,,,,Wesley Matthews,2,,,made,,driving layup,25,6
Andrei Kirilenko,Carlos Boozer,Paul Millsap,Ronnie Price,Wesley Matthews,Eric Maynor,James Harden,Kevin Durant,Nick Collison,Serge Ibaka,1,1:05,OKC,shot,,,Andrei Kirilenko,,,,,,,Kevin Durant,,,,missed,,layup,25,6
Andrei Kirilenko,Carlos Boozer,Paul Millsap,Ronnie Price,Wesley Matthews,Eric Maynor,James Harden,Kevin Durant,Nick Collison,Serge Ibaka,1,1:03,UTA,rebound,,,,,,,,,,Paul Millsap,,,,,,def,,
Andrei Kirilenko,Carlos Boozer,Paul Millsap,Ronnie Price,Wesley Matthews,Eric Maynor,James Harden,Kevin Durant,Nick Collison,Serge Ibaka,1,0:59,UTA,turnover,,,,,,,,,,Ronnie Price,,,discontinue dribble,,,,,
Andrei Kirilenko,Carlos Boozer,Paul Millsap,Ronnie Price,Wesley Matthews,Eric Maynor,James Harden,Kevin Durant,Nick Collison,Serge Ibaka,1,0:47,OKC,shot,Eric Maynor,,,,,,,,,Nick Collison,2,,,made,,layup,25,6
Andrei Kirilenko,Carlos Boozer,Paul Millsap,Ronnie Price,Wesley Matthews,Eric Maynor,James Harden,Kevin Durant,Nick Collison,Serge Ibaka,1,0:33,UTA,shot,,,,,,,,,,Paul Millsap,,,,missed,,jump,18,11
Andrei Kirilenko,Carlos Boozer,Paul Millsap,Ronnie Price,Wesley Matthews,Eric Maynor,James Harden,Kevin Durant,Nick Collison,Serge Ibaka,1,0:32,OKC,rebound,,,,,,,,,,Nick Collison,,,,,,def,,
Andrei Kirilenko,Carlos Boozer,Paul Millsap,Ronnie Price,Wesley Matthews,Eric Maynor,James Harden,Kevin Durant,Nick Collison,Serge Ibaka,1,0:07,OKC,shot,,,Wesley Matthews,,,,,,,James Harden,,,,missed,,jump,25,9
Andrei Kirilenko,Carlos Boozer,Paul Millsap,Ronnie Price,Wesley Matthews,Eric Maynor,James Harden,Kevin Durant,Nick Collison,Serge Ibaka,1,0:05,OKC,rebound,,,,,,,,,,Serge Ibaka,,,,,,off,,
Andrei Kirilenko,Carlos Boozer,Paul Millsap,Ronnie Price,Wesley Matthews,Eric Maynor,James Harden,Kevin Durant,Nick Collison,Serge Ibaka,1,0:00,OKC,shot,,,,,,,,,,Nick Collison,,,,missed,,jump,43,6
Andrei Kirilenko,Carlos Boozer,Paul Millsap,Ronnie Price,Wesley Matthews,Eric Maynor,James Harden,Kevin Durant,Nick Collison,Serge Ibaka,1,0:00,OKC,rebound,,,,,,,,,,,,,,,,,,
Andrei Kirilenko,Mehmet Okur,Paul Millsap,Ronnie Price,Wesley Matthews,Eric Maynor,James Harden,Jeff Green,Nick Collison,Serge Ibaka,2,11:43,OKC,shot,,,,,,,,,,Jeff Green,,,,missed,,finger roll layup,27,8
Andrei Kirilenko,Mehmet Okur,Paul Millsap,Ronnie Price,Wesley Matthews,Eric Maynor,James Harden,Jeff Green,Nick Collison,Serge Ibaka,2,11:41,UTA,rebound,,,,,,,,,,Paul Millsap,,,,,,def,,
Andrei Kirilenko,Mehmet Okur,Paul Millsap,Ronnie Price,Wesley Matthews,Eric Maynor,James Harden,Jeff Green,Nick Collison,Serge Ibaka,2,11:24,OKC,foul,,,,,,,,Paul Millsap,,Serge Ibaka,,,,,,shooting,,
Andrei Kirilenko,Mehmet Okur,Paul Millsap,Ronnie Price,Wesley Matthews,Eric Maynor,James Harden,Jeff Green,Nick Collison,Serge Ibaka,2,11:24,UTA,free throw,,,,,,,1,,2,Paul Millsap,,,foul,missed,,,,
Andrei Kirilenko,Mehmet Okur,Paul Millsap,Ronnie Price,Wesley Matthews,Eric Maynor,James Harden,Jeff Green,Nick Collison,Serge Ibaka,2,11:24,UTA,rebound,,,,,,,,,,,,,,,,,,
Andrei Kirilenko,Mehmet Okur,Paul Millsap,Ronnie Price,Wesley Matthews,Eric Maynor,James Harden,Jeff Green,Nick Collison,Serge Ibaka,2,11:24,UTA,free throw,,,,,,,2,,2,Paul Millsap,,,foul,missed,,,,
Andrei Kirilenko,Mehmet Okur,Paul Millsap,Ronnie Price,Wesley Matthews,Eric Maynor,James Harden,Jeff Green,Nick Collison,Serge Ibaka,2,11:22,OKC,rebound,,,,,,,,,,James Harden,,,,,,def,,
Andrei Kirilenko,Mehmet Okur,Paul Millsap,Ronnie Price,Wesley Matthews,Eric Maynor,James Harden,Jeff Green,Nick Collison,Serge Ibaka,2,11:07,OKC,shot,,,,,,,,,,James Harden,2,,,made,,jump,32,21
Andrei Kirilenko,Mehmet Okur,Paul Millsap,Ronnie Price,Wesley Matthews,Eric Maynor,James Harden,Jeff Green,Nick Collison,Serge Ibaka,2,10:50,UTA,shot,,,Nick Collison,,,,,,,Mehmet Okur,,,,missed,,layup,25,6
Andrei Kirilenko,Mehmet Okur,Paul Millsap,Ronnie Price,Wesley Matthews,Eric Maynor,James Harden,Jeff Green,Nick Collison,Serge Ibaka,2,10:48,OKC,rebound,,,,,,,,,,Nick Collison,,,,,,def,,
Andrei Kirilenko,Mehmet Okur,Paul Millsap,Ronnie Price,Wesley Matthews,Eric Maynor,James Harden,Jeff Green,Nick Collison,Serge Ibaka,2,10:45,OKC,shot,,,,,,,,,,Eric Maynor,2,,,made,,floating jump,25,12
Andrei Kirilenko,Mehmet Okur,Paul Millsap,Ronnie Price,Wesley Matthews,Eric Maynor,James Harden,Jeff Green,Nick Collison,Serge Ibaka,2,10:32,OKC,foul,,,,,,,,Andrei Kirilenko,,Jeff Green,,,,,,personal,,
Andrei Kirilenko,Mehmet Okur,Paul Millsap,Ronnie Price,Wesley Matthews,Eric Maynor,James Harden,Jeff Green,Nick Collison,Serge Ibaka,2,10:17,UTA,shot,,,,,,,,,,Mehmet Okur,,,,missed,,jump,40,16
Andrei Kirilenko,Mehmet Okur,Paul Millsap,Ronnie Price,Wesley Matthews,Eric Maynor,James Harden,Jeff Green,Nick Collison,Serge Ibaka,2,10:16,UTA,rebound,,,,,,,,,,Paul Millsap,,,,,,off,,
Andrei Kirilenko,Mehmet Okur,Paul Millsap,Ronnie Price,Wesley Matthews,Eric Maynor,James Harden,Jeff Green,Nick Collison,Serge Ibaka,2,10:08,OKC,foul,,,,,,,,,,Nick Collison,,,,,,defense 3 second,,
Andrei Kirilenko,Mehmet Okur,Paul Millsap,Ronnie Price,Wesley Matthews,Eric Maynor,James Harden,Jeff Green,Nick Collison,Serge Ibaka,2,10:08,UTA,free throw,,,,,,,1,,1,Mehmet Okur,,,technical,made,,,,
Andrei Kirilenko,Mehmet Okur,Paul Millsap,Ronnie Price,Wesley Matthews,Eric Maynor,James Harden,Jeff Green,Nick Collison,Serge Ibaka,2,9:59,UTA,turnover,,,,,,,,,,Andrei Kirilenko,,,lost ball,,James Harden,,,
Andrei Kirilenko,Mehmet Okur,Paul Millsap,Ronnie Price,Wesley Matthews,Eric Maynor,James Harden,Jeff Green,Nick Collison,Serge Ibaka,2,9:46,OKC,shot,Eric Maynor,,,,,,,,,Serge Ibaka,2,,,made,,jump,13,9
Andrei Kirilenko,Mehmet Okur,Paul Millsap,Ronnie Price,Wesley Matthews,Eric Maynor,James Harden,Jeff Green,Nick Collison,Serge Ibaka,2,9:46,UTA,foul,,,,,,,,Serge Ibaka,,Wesley Matthews,,,,,,shooting,,
Andrei Kirilenko,Mehmet Okur,Paul Millsap,Ronnie Price,Wesley Matthews,Eric Maynor,James Harden,Jeff Green,Nick Collison,Serge Ibaka,2,9:46,OKC,free throw,,,,,,,1,,1,Serge Ibaka,,,foul,missed,,,,
Andrei Kirilenko,Mehmet Okur,Paul Millsap,Ronnie Price,Wesley Matthews,Eric Maynor,James Harden,Jeff Green,Nick Collison,Serge Ibaka,2,9:44,UTA,rebound,,,,,,,,,,Mehmet Okur,,,,,,def,,
Andrei Kirilenko,Mehmet Okur,Paul Millsap,Ronnie Price,Wesley Matthews,Eric Maynor,James Harden,Jeff Green,Nick Collison,Serge Ibaka,2,9:39,OKC,violation,,,,,,,,,,Serge Ibaka,,,,,,defensive goaltending,,
Andrei Kirilenko,Mehmet Okur,Paul Millsap,Ronnie Price,Wesley Matthews,Eric Maynor,James Harden,Jeff Green,Nick Collison,Serge Ibaka,2,9:39,UTA,shot,,,,,,,,,,Andrei Kirilenko,2,,,made,,layup,25,6
Andrei Kirilenko,Mehmet Okur,Paul Millsap,Ronnie Price,Wesley Matthews,Eric Maynor,James Harden,Jeff Green,Nick Collison,Serge Ibaka,2,9:22,OKC,shot,,,,,,,,,,Eric Maynor,,,,missed,,floating jump,26,12
Andrei Kirilenko,Mehmet Okur,Paul Millsap,Ronnie Price,Wesley Matthews,Eric Maynor,James Harden,Jeff Green,Nick Collison,Serge Ibaka,2,9:21,UTA,rebound,,,,,,,,,,Mehmet Okur,,,,,,def,,
Andrei Kirilenko,Mehmet Okur,Paul Millsap,Ronnie Price,Wesley Matthews,Eric Maynor,James Harden,Jeff Green,Nick Collison,Serge Ibaka,2,9:15,UTA,shot,Ronnie Price,,,,,,,,,Wesley Matthews,2,,,made,,layup,25,6
Andrei Kirilenko,Mehmet Okur,Paul Millsap,Ronnie Price,Wesley Matthews,Eric Maynor,James Harden,Jeff Green,Nick Collison,Serge Ibaka,2,9:07,OKC,timeout,,,,,,,,,,,,,,,,regular,,
Andrei Kirilenko,Mehmet Okur,Paul Millsap,Ronnie Price,Wesley Matthews,Eric Maynor,James Harden,Jeff Green,Nick Collison,Serge Ibaka,2,8:59,OKC,shot,,,Mehmet Okur,,,,,,,James Harden,,,,missed,,layup,25,6
Andrei Kirilenko,Mehmet Okur,Paul Millsap,Ronnie Price,Wesley Matthews,Eric Maynor,James Harden,Jeff Green,Nick Collison,Serge Ibaka,2,8:57,UTA,rebound,,,,,,,,,,Andrei Kirilenko,,,,,,def,,
Andrei Kirilenko,Mehmet Okur,Paul Millsap,Ronnie Price,Wesley Matthews,Eric Maynor,James Harden,Jeff Green,Nick Collison,Serge Ibaka,2,8:55,OKC,foul,,,,,,,,Ronnie Price,,Eric Maynor,,,,,,shooting,,
Andrei Kirilenko,Mehmet Okur,Paul Millsap,Ronnie Price,Wesley Matthews,Eric Maynor,James Harden,Jeff Green,Nick Collison,Serge Ibaka,2,8:55,UTA,free throw,,,,,,,1,,2,Ronnie Price,,,foul,missed,,,,
Andrei Kirilenko,Mehmet Okur,Paul Millsap,Ronnie Price,Wesley Matthews,Eric Maynor,James Harden,Jeff Green,Nick Collison,Serge Ibaka,2,8:55,UTA,rebound,,,,,,,,,,,,,,,,,,
Andrei Kirilenko,Mehmet Okur,Paul Millsap,Ronnie Price,Wesley Matthews,Eric Maynor,James Harden,Jeff Green,Nick Collison,Serge Ibaka,2,8:55,UTA,free throw,,,,,,,2,,2,Ronnie Price,,,foul,made,,,,
Andrei Kirilenko,Mehmet Okur,Paul Millsap,Ronnie Price,Wesley Matthews,Eric Maynor,James Harden,Jeff Green,Nick Collison,Serge Ibaka,2,8:41,OKC,shot,Eric Maynor,,,,,,,,,Serge Ibaka,2,,,made,,jump,38,8
Andrei Kirilenko,Mehmet Okur,Paul Millsap,Ronnie Price,Wesley Matthews,Eric Maynor,James Harden,Jeff Green,Nick Collison,Serge Ibaka,2,8:17,UTA,shot,,,,,,,,,,Andrei Kirilenko,2,,,made,,driving layup,25,6
Andrei Kirilenko,Mehmet Okur,Paul Millsap,Ronnie Price,Wesley Matthews,Eric Maynor,James Harden,Jeff Green,Nick Collison,Serge Ibaka,2,7:59,OKC,turnover,,,,,,,,,,James Harden,,,bad pass,,,,,
Andrei Kirilenko,Mehmet Okur,Paul Millsap,Ronnie Price,Wesley Matthews,Eric Maynor,James Harden,Jeff Green,Nick Collison,Serge Ibaka,2,7:48,UTA,shot,,,,,,,,,,Wesley Matthews,,,,missed,,jump,16,22
Andrei Kirilenko,Mehmet Okur,Paul Millsap,Ronnie Price,Wesley Matthews,Eric Maynor,James Harden,Jeff Green,Nick Collison,Serge Ibaka,2,7:47,UTA,rebound,,,,,,,,,,Andrei Kirilenko,,,,,,off,,
Andrei Kirilenko,Mehmet Okur,Paul Millsap,Ronnie Price,Wesley Matthews,Eric Maynor,James Harden,Jeff Green,Nick Collison,Serge Ibaka,2,7:37,UTA,shot,,,,,,,,,,Ronnie Price,,,,missed,,jump,24,24
Andrei Kirilenko,Mehmet Okur,Paul Millsap,Ronnie Price,Wesley Matthews,Eric Maynor,James Harden,Jeff Green,Nick Collison,Serge Ibaka,2,7:36,OKC,rebound,,,,,,,,,,Serge Ibaka,,,,,,def,,
Andrei Kirilenko,Mehmet Okur,Paul Millsap,Ronnie Price,Wesley Matthews,Eric Maynor,James Harden,Jeff Green,Nick Collison,Serge Ibaka,2,7:12,OKC,shot,,,,,,,,,,Eric Maynor,,,,missed,,layup,25,6
Andrei Kirilenko,Mehmet Okur,Paul Millsap,Ronnie Price,Wesley Matthews,Eric Maynor,James Harden,Jeff Green,Nick Collison,Serge Ibaka,2,7:11,UTA,rebound,,,,,,,,,,Paul Millsap,,,,,,def,,
Andrei Kirilenko,Mehmet Okur,Paul Millsap,Ronnie Price,Wesley Matthews,Eric Maynor,James Harden,Jeff Green,Nick Collison,Serge Ibaka,2,7:05,UTA,shot,,,,,,,,,,Ronnie Price,,,,missed,,layup,25,6
Andrei Kirilenko,Mehmet Okur,Paul Millsap,Ronnie Price,Wesley Matthews,Eric Maynor,James Harden,Jeff Green,Nick Collison,Serge Ibaka,2,7:04,OKC,rebound,,,,,,,,,,Nick Collison,,,,,,def,,
Andrei Kirilenko,Mehmet Okur,Paul Millsap,Ronnie Price,Wesley Matthews,Eric Maynor,James Harden,Jeff Green,Nick Collison,Serge Ibaka,2,6:58,OKC,turnover,,,,,,,,,,James Harden,,,lost ball,,Mehmet Okur,,,
Andrei Kirilenko,Mehmet Okur,Paul Millsap,Ronnie Price,Wesley Matthews,Eric Maynor,James Harden,Jeff Green,Nick Collison,Serge Ibaka,2,6:52,UTA,shot,Ronnie Price,,,,,,,,,Wesley Matthews,2,,,made,,layup,25,6
Andrei Kirilenko,Mehmet Okur,Paul Millsap,Ronnie Price,Wesley Matthews,Eric Maynor,Jeff Green,Kevin Durant,Nick Collison,Serge Ibaka,2,6:35,OKC,sub,,,,Kevin Durant,,James Harden,,,,,,,,,,,,
Andrei Kirilenko,Mehmet Okur,Paul Millsap,Ronnie Price,Wesley Matthews,Jeff Green,Kevin Durant,Nick Collison,Russell Westbrook,Serge Ibaka,2,6:35,OKC,sub,,,,Russell Westbrook,,Eric Maynor,,,,,,,,,,,,
Andrei Kirilenko,Mehmet Okur,Paul Millsap,Ronnie Price,Wesley Matthews,Jeff Green,Kevin Durant,Nenad Krstic,Nick Collison,Russell Westbrook,2,6:35,OKC,sub,,,,Nenad Krstic,,Serge Ibaka,,,,,,,,,,,,
Andrei Kirilenko,Deron Williams,Mehmet Okur,Paul Millsap,Wesley Matthews,Jeff Green,Kevin Durant,Nenad Krstic,Nick Collison,Russell Westbrook,2,6:35,UTA,sub,,,,Deron Williams,,Ronnie Price,,,,,,,,,,,,
Andrei Kirilenko,Deron Williams,Mehmet Okur,Paul Millsap,Wesley Matthews,Jeff Green,Kevin Durant,Nenad Krstic,Nick Collison,Russell Westbrook,2,6:34,OKC,shot,Kevin Durant,,,,,,,,,Jeff Green,2,,,made,,layup,25,6
Andrei Kirilenko,Deron Williams,Mehmet Okur,Paul Millsap,Wesley Matthews,Jeff Green,Kevin Durant,Nenad Krstic,Nick Collison,Russell Westbrook,2,6:34,UTA,foul,,,,,,,,Jeff Green,,Andrei Kirilenko,,,,,,shooting,,
Andrei Kirilenko,Deron Williams,Mehmet Okur,Paul Millsap,Wesley Matthews,Jeff Green,Kevin Durant,Nenad Krstic,Nick Collison,Russell Westbrook,2,6:34,OKC,free throw,,,,,,,1,,1,Jeff Green,,,foul,made,,,,
Andrei Kirilenko,Deron Williams,Mehmet Okur,Paul Millsap,Wesley Matthews,Jeff Green,Kevin Durant,Nenad Krstic,Nick Collison,Russell Westbrook,2,6:26,OKC,foul,,,,,,,,Mehmet Okur,,Nenad Krstic,,,,,,shooting,,
Andrei Kirilenko,Deron Williams,Mehmet Okur,Paul Millsap,Wesley Matthews,Jeff Green,Kevin Durant,Nenad Krstic,Nick Collison,Russell Westbrook,2,6:26,UTA,free throw,,,,,,,1,,2,Mehmet Okur,,,foul,made,,,,
Andrei Kirilenko,Deron Williams,Mehmet Okur,Paul Millsap,Wesley Matthews,Jeff Green,Kevin Durant,Nenad Krstic,Nick Collison,Russell Westbrook,2,6:26,UTA,free throw,,,,,,,2,,2,Mehmet Okur,,,foul,made,,,,
Andrei Kirilenko,Deron Williams,Mehmet Okur,Paul Millsap,Wesley Matthews,Jeff Green,Kevin Durant,Nenad Krstic,Nick Collison,Russell Westbrook,2,6:14,UTA,foul,,,,,,,,Nick Collison,,Paul Millsap,,,,,,shooting,,
Andrei Kirilenko,Deron Williams,Mehmet Okur,Paul Millsap,Wesley Matthews,Jeff Green,Kevin Durant,Nenad Krstic,Nick Collison,Russell Westbrook,2,6:14,OKC,free throw,,,,,,,1,,2,Nick Collison,,,foul,made,,,,
Andrei Kirilenko,Deron Williams,Mehmet Okur,Paul Millsap,Wesley Matthews,Jeff Green,Kevin Durant,Nenad Krstic,Nick Collison,Russell Westbrook,2,6:14,OKC,free throw,,,,,,,2,,2,Nick Collison,,,foul,missed,,,,
Andrei Kirilenko,Deron Williams,Mehmet Okur,Paul Millsap,Wesley Matthews,Jeff Green,Kevin Durant,Nenad Krstic,Nick Collison,Russell Westbrook,2,6:13,UTA,rebound,,,,,,,,,,Andrei Kirilenko,,,,,,def,,
Andrei Kirilenko,Deron Williams,Mehmet Okur,Paul Millsap,Wesley Matthews,Jeff Green,Kevin Durant,Nenad Krstic,Nick Collison,Russell Westbrook,2,6:00,UTA,shot,,,,,,,,,,Mehmet Okur,,,,missed,,layup,25,6
Andrei Kirilenko,Deron Williams,Mehmet Okur,Paul Millsap,Wesley Matthews,Jeff Green,Kevin Durant,Nenad Krstic,Nick Collison,Russell Westbrook,2,6:00,OKC,rebound,,,,,,,,,,Nenad Krstic,,,,,,def,,
Andrei Kirilenko,Deron Williams,Mehmet Okur,Paul Millsap,Wesley Matthews,Jeff Green,Kevin Durant,Nenad Krstic,Nick Collison,Russell Westbrook,2,5:54,UTA,foul,,,,,,,,Nenad Krstic,,Paul Millsap,,,,,,shooting,,
Andrei Kirilenko,Deron Williams,Mehmet Okur,Paul Millsap,Wesley Matthews,Jeff Green,Kevin Durant,Nenad Krstic,Nick Collison,Russell Westbrook,2,5:54,OKC,timeout,,,,,,,,,,,,,,,,official,,
Andrei Kirilenko,Carlos Boozer,Deron Williams,Mehmet Okur,Wesley Matthews,Jeff Green,Kevin Durant,Nenad Krstic,Nick Collison,Russell Westbrook,2,5:54,UTA,sub,,,,Carlos Boozer,,Paul Millsap,,,,,,,,,,,,
Carlos Boozer,Deron Williams,Mehmet Okur,Ronnie Brewer,Wesley Matthews,Jeff Green,Kevin Durant,Nenad Krstic,Nick Collison,Russell Westbrook,2,5:54,UTA,sub,,,,Ronnie Brewer,,Andrei Kirilenko,,,,,,,,,,,,
Carlos Boozer,Deron Williams,Mehmet Okur,Ronnie Brewer,Wesley Matthews,Jeff Green,Kevin Durant,Nenad Krstic,Nick Collison,Russell Westbrook,2,5:54,OKC,free throw,,,,,,,1,,2,Nenad Krstic,,,foul,made,,,,
Carlos Boozer,Deron Williams,Mehmet Okur,Ronnie Brewer,Wesley Matthews,Jeff Green,Kevin Durant,Nenad Krstic,Nick Collison,Russell Westbrook,2,5:54,OKC,free throw,,,,,,,2,,2,Nenad Krstic,,,foul,made,,,,
Carlos Boozer,Deron Williams,Mehmet Okur,Ronnie Brewer,Wesley Matthews,Jeff Green,Kevin Durant,Nenad Krstic,Nick Collison,Russell Westbrook,2,5:41,UTA,shot,Mehmet Okur,,,,,,,,,Carlos Boozer,2,,,made,,layup,25,6
Carlos Boozer,Deron Williams,Mehmet Okur,Ronnie Brewer,Wesley Matthews,Jeff Green,Kevin Durant,Nenad Krstic,Nick Collison,Russell Westbrook,2,5:41,OKC,foul,,,,,,,,Carlos Boozer,,Jeff Green,,,,,,shooting,,
Carlos Boozer,Deron Williams,Mehmet Okur,Ronnie Brewer,Wesley Matthews,Kevin Durant,Nenad Krstic,Nick Collison,Russell Westbrook,Thabo Sefolosha,2,5:41,OKC,sub,,,,Thabo Sefolosha,,Jeff Green,,,,,,,,,,,,
Carlos Boozer,Deron Williams,Mehmet Okur,Ronnie Brewer,Wesley Matthews,Kevin Durant,Nenad Krstic,Nick Collison,Russell Westbrook,Thabo Sefolosha,2,5:41,UTA,free throw,,,,,,,1,,1,Carlos Boozer,,,foul,made,,,,
Carlos Boozer,Deron Williams,Mehmet Okur,Ronnie Brewer,Wesley Matthews,Kevin Durant,Nenad Krstic,Nick Collison,Russell Westbrook,Thabo Sefolosha,2,5:29,UTA,foul,,,,,,,,Russell Westbrook,,Carlos Boozer,,,,,,shooting,,
Carlos Boozer,Deron Williams,Mehmet Okur,Ronnie Brewer,Wesley Matthews,Kevin Durant,Nenad Krstic,Nick Collison,Russell Westbrook,Thabo Sefolosha,2,5:29,OKC,free throw,,,,,,,1,,2,Russell Westbrook,,,foul,missed,,,,
Carlos Boozer,Deron Williams,Mehmet Okur,Ronnie Brewer,Wesley Matthews,Kevin Durant,Nenad Krstic,Nick Collison,Russell Westbrook,Thabo Sefolosha,2,5:29,OKC,rebound,,,,,,,,,,,,,,,,,,
Carlos Boozer,Deron Williams,Mehmet Okur,Ronnie Brewer,Wesley Matthews,Kevin Durant,Nenad Krstic,Nick Collison,Russell Westbrook,Thabo Sefolosha,2,5:29,OKC,free throw,,,,,,,2,,2,Russell Westbrook,,,foul,made,,,,
Carlos Boozer,Deron Williams,Mehmet Okur,Ronnie Brewer,Wesley Matthews,Kevin Durant,Nenad Krstic,Nick Collison,Russell Westbrook,Thabo Sefolosha,2,5:09,UTA,shot,,,,,,,,,,Mehmet Okur,,,,missed,,jump,10,20
Carlos Boozer,Deron Williams,Mehmet Okur,Ronnie Brewer,Wesley Matthews,Kevin Durant,Nenad Krstic,Nick Collison,Russell Westbrook,Thabo Sefolosha,2,5:08,OKC,rebound,,,,,,,,,,Russell Westbrook,,,,,,def,,
Carlos Boozer,Deron Williams,Mehmet Okur,Ronnie Brewer,Wesley Matthews,Kevin Durant,Nenad Krstic,Nick Collison,Russell Westbrook,Thabo Sefolosha,2,5:02,OKC,shot,Russell Westbrook,,,,,,,,,Nenad Krstic,2,,,made,,layup,25,6
Carlos Boozer,Deron Williams,Mehmet Okur,Ronnie Brewer,Wesley Matthews,Kevin Durant,Nenad Krstic,Nick Collison,Russell Westbrook,Thabo Sefolosha,2,4:34,UTA,shot,,,,,,,,,,Mehmet Okur,,,,missed,,jump,45,11
Carlos Boozer,Deron Williams,Mehmet Okur,Ronnie Brewer,Wesley Matthews,Kevin Durant,Nenad Krstic,Nick Collison,Russell Westbrook,Thabo Sefolosha,2,4:33,OKC,rebound,,,,,,,,,,Kevin Durant,,,,,,def,,
Andrei Kirilenko,Carlos Boozer,Deron Williams,Mehmet Okur,Ronnie Brewer,Kevin Durant,Nenad Krstic,Nick Collison,Russell Westbrook,Thabo Sefolosha,2,4:28,UTA,sub,,,,Andrei Kirilenko,,Wesley Matthews,,,,,,,,,,,,
Andrei Kirilenko,Carlos Boozer,Deron Williams,Mehmet Okur,Ronnie Brewer,Kevin Durant,Nenad Krstic,Nick Collison,Russell Westbrook,Thabo Sefolosha,2,4:26,OKC,turnover,,,,,,,,,,Kevin Durant,,,lost ball,,Andrei Kirilenko,,,
Andrei Kirilenko,Carlos Boozer,Deron Williams,Mehmet Okur,Ronnie Brewer,Kevin Durant,Nenad Krstic,Nick Collison,Russell Westbrook,Thabo Sefolosha,2,4:26,UTA,jump ball,,Andrei Kirilenko,,,Kevin Durant,,,,,,,Ronnie Brewer,,,,,,
Andrei Kirilenko,Carlos Boozer,Deron Williams,Mehmet Okur,Ronnie Brewer,Kevin Durant,Nenad Krstic,Nick Collison,Russell Westbrook,Thabo Sefolosha,2,4:12,UTA,shot,,,,,,,,,,Mehmet Okur,,,,missed,,3pt,34,29
Andrei Kirilenko,Carlos Boozer,Deron Williams,Mehmet Okur,Ronnie Brewer,Kevin Durant,Nenad Krstic,Nick Collison,Russell Westbrook,Thabo Sefolosha,2,4:10,UTA,rebound,,,,,,,,,,Ronnie Brewer,,,,,,off,,
Andrei Kirilenko,Carlos Boozer,Deron Williams,Mehmet Okur,Ronnie Brewer,Kevin Durant,Nenad Krstic,Nick Collison,Russell Westbrook,Thabo Sefolosha,2,4:09,UTA,shot,,,,,,,,,,Ronnie Brewer,,,,missed,,layup,25,6
Andrei Kirilenko,Carlos Boozer,Deron Williams,Mehmet Okur,Ronnie Brewer,Kevin Durant,Nenad Krstic,Nick Collison,Russell Westbrook,Thabo Sefolosha,2,4:07,OKC,rebound,,,,,,,,,,Nick Collison,,,,,,def,,
Andrei Kirilenko,Carlos Boozer,Deron Williams,Mehmet Okur,Ronnie Brewer,Kevin Durant,Nenad Krstic,Nick Collison,Russell Westbrook,Thabo Sefolosha,2,3:53,OKC,shot,,,,,,,,,,Nenad Krstic,,,,missed,,jump,43,13
Andrei Kirilenko,Carlos Boozer,Deron Williams,Mehmet Okur,Ronnie Brewer,Kevin Durant,Nenad Krstic,Nick Collison,Russell Westbrook,Thabo Sefolosha,2,3:52,UTA,rebound,,,,,,,,,,Ronnie Brewer,,,,,,def,,
Andrei Kirilenko,Carlos Boozer,Deron Williams,Mehmet Okur,Ronnie Brewer,Kevin Durant,Nenad Krstic,Nick Collison,Russell Westbrook,Thabo Sefolosha,2,3:40,UTA,turnover,,,,,,,,,,Deron Williams,,,bad pass,,,,,
Andrei Kirilenko,Carlos Boozer,Deron Williams,Mehmet Okur,Ronnie Brewer,Kevin Durant,Nenad Krstic,Nick Collison,Russell Westbrook,Thabo Sefolosha,2,3:32,OKC,shot,Russell Westbrook,,,,,,,,,Kevin Durant,2,,,made,,alley oop dunk,25,6
Andrei Kirilenko,Carlos Boozer,Deron Williams,Mehmet Okur,Ronnie Brewer,Kevin Durant,Nenad Krstic,Nick Collison,Russell Westbrook,Thabo Sefolosha,2,3:16,UTA,turnover,,,,,,,,,,Andrei Kirilenko,,,out of bounds lost ball turnover,,,,,
Andrei Kirilenko,Carlos Boozer,Deron Williams,Mehmet Okur,Ronnie Brewer,Kevin Durant,Nenad Krstic,Nick Collison,Russell Westbrook,Thabo Sefolosha,2,3:07,OKC,shot,Russell Westbrook,,,,,,,,,Nick Collison,2,,,made,,dunk,25,6
Andrei Kirilenko,Carlos Boozer,Deron Williams,Mehmet Okur,Ronnie Brewer,Kevin Durant,Nenad Krstic,Nick Collison,Russell Westbrook,Thabo Sefolosha,2,2:45,OKC,foul,,,,,,,,Andrei Kirilenko,,Nenad Krstic,,,,,,shooting,,
Andrei Kirilenko,Carlos Boozer,Deron Williams,Mehmet Okur,Ronnie Brewer,Kevin Durant,Nenad Krstic,Nick Collison,Russell Westbrook,Thabo Sefolosha,2,2:45,UTA,timeout,,,,,,,,,,,,,,,,regular,,
Andrei Kirilenko,Carlos Boozer,Deron Williams,Mehmet Okur,Ronnie Brewer,Kevin Durant,Nenad Krstic,Nick Collison,Russell Westbrook,Thabo Sefolosha,2,2:45,UTA,free throw,,,,,,,1,,2,Andrei Kirilenko,,,foul,made,,,,
Andrei Kirilenko,Carlos Boozer,Deron Williams,Mehmet Okur,Ronnie Brewer,Kevin Durant,Nenad Krstic,Nick Collison,Russell Westbrook,Thabo Sefolosha,2,2:45,UTA,free throw,,,,,,,2,,2,Andrei Kirilenko,,,foul,missed,,,,
Andrei Kirilenko,Carlos Boozer,Deron Williams,Mehmet Okur,Ronnie Brewer,Kevin Durant,Nenad Krstic,Nick Collison,Russell Westbrook,Thabo Sefolosha,2,2:44,OKC,rebound,,,,,,,,,,Nenad Krstic,,,,,,def,,
Andrei Kirilenko,Carlos Boozer,Deron Williams,Mehmet Okur,Ronnie Brewer,Kevin Durant,Nenad Krstic,Nick Collison,Russell Westbrook,Thabo Sefolosha,2,2:22,OKC,shot,,,,,,,,,,Russell Westbrook,,,,missed,,jump,20,23
Andrei Kirilenko,Carlos Boozer,Deron Williams,Mehmet Okur,Ronnie Brewer,Kevin Durant,Nenad Krstic,Nick Collison,Russell Westbrook,Thabo Sefolosha,2,2:21,OKC,rebound,,,,,,,,,,Thabo Sefolosha,,,,,,off,,
Andrei Kirilenko,Carlos Boozer,Deron Williams,Mehmet Okur,Ronnie Brewer,Kevin Durant,Nenad Krstic,Nick Collison,Russell Westbrook,Thabo Sefolosha,2,2:10,OKC,shot,,,,,,,,,,Kevin Durant,2,,,made,,fade away jumper,31,18
Andrei Kirilenko,Carlos Boozer,Deron Williams,Mehmet Okur,Ronnie Brewer,Kevin Durant,Nenad Krstic,Nick Collison,Russell Westbrook,Thabo Sefolosha,2,1:53,UTA,shot,,,,,,,,,,Mehmet Okur,2,,,made,,driving layup,25,6
Andrei Kirilenko,Carlos Boozer,Deron Williams,Mehmet Okur,Ronnie Brewer,Kevin Durant,Nenad Krstic,Nick Collison,Russell Westbrook,Thabo Sefolosha,2,1:39,OKC,turnover,,,,,,,,,,Russell Westbrook,,,step out of bounds turnover,,,,,
Andrei Kirilenko,Carlos Boozer,Deron Williams,Mehmet Okur,Ronnie Brewer,Kevin Durant,Nick Collison,Russell Westbrook,Serge Ibaka,Thabo Sefolosha,2,1:39,OKC,sub,,,,Serge Ibaka,,Nenad Krstic,,,,,,,,,,,,
Andrei Kirilenko,Carlos Boozer,Deron Williams,Mehmet Okur,Ronnie Brewer,Kevin Durant,Nick Collison,Russell Westbrook,Serge Ibaka,Thabo Sefolosha,2,1:24,UTA,shot,,,,,,,,,,Deron Williams,,,,missed,,3pt,17,29
Andrei Kirilenko,Carlos Boozer,Deron Williams,Mehmet Okur,Ronnie Brewer,Kevin Durant,Nick Collison,Russell Westbrook,Serge Ibaka,Thabo Sefolosha,2,1:24,OKC,rebound,,,,,,,,,,,,,,,,,,
Andrei Kirilenko,Carlos Boozer,Deron Williams,Mehmet Okur,Ronnie Brewer,Kevin Durant,Nick Collison,Russell Westbrook,Serge Ibaka,Thabo Sefolosha,2,1:10,OKC,shot,,,,,,,,,,Kevin Durant,,,,missed,,3pt,29,31
Andrei Kirilenko,Carlos Boozer,Deron Williams,Mehmet Okur,Ronnie Brewer,Kevin Durant,Nick Collison,Russell Westbrook,Serge Ibaka,Thabo Sefolosha,2,1:08,OKC,rebound,,,,,,,,,,Nick Collison,,,,,,off,,
Andrei Kirilenko,Carlos Boozer,Deron Williams,Mehmet Okur,Ronnie Brewer,Kevin Durant,Nick Collison,Russell Westbrook,Serge Ibaka,Thabo Sefolosha,2,1:06,OKC,turnover,,,,,,,,,,Nick Collison,,,out of bounds lost ball turnover,,,,,
Andrei Kirilenko,Carlos Boozer,Deron Williams,Mehmet Okur,Ronnie Brewer,Kevin Durant,Nick Collison,Russell Westbrook,Serge Ibaka,Thabo Sefolosha,2,0:49,UTA,shot,,,,,,,,,,Carlos Boozer,,,,missed,,jump,21,23
Andrei Kirilenko,Carlos Boozer,Deron Williams,Mehmet Okur,Ronnie Brewer,Kevin Durant,Nick Collison,Russell Westbrook,Serge Ibaka,Thabo Sefolosha,2,0:47,OKC,rebound,,,,,,,,,,Thabo Sefolosha,,,,,,def,,
Andrei Kirilenko,Carlos Boozer,Deron Williams,Mehmet Okur,Ronnie Brewer,Kevin Durant,Nick Collison,Russell Westbrook,Serge Ibaka,Thabo Sefolosha,2,0:43,OKC,shot,Russell Westbrook,,,,,,,,,Kevin Durant,2,,,made,,alley oop dunk,25,6
Andrei Kirilenko,Carlos Boozer,Deron Williams,Mehmet Okur,Ronnie Brewer,Kevin Durant,Nick Collison,Russell Westbrook,Serge Ibaka,Thabo Sefolosha,2,0:32,UTA,shot,,,,,,,,,,Mehmet Okur,2,,,made,,driving layup,25,6
Andrei Kirilenko,Carlos Boozer,Deron Williams,Mehmet Okur,Ronnie Brewer,Kevin Durant,Nick Collison,Russell Westbrook,Serge Ibaka,Thabo Sefolosha,2,0:20,UTA,foul,,,,,,,,Kevin Durant,,Andrei Kirilenko,,,,,,shooting,,
Andrei Kirilenko,Carlos Boozer,Deron Williams,Mehmet Okur,Ronnie Brewer,Kevin Durant,Nick Collison,Russell Westbrook,Serge Ibaka,Thabo Sefolosha,2,0:20,OKC,free throw,,,,,,,1,,2,Kevin Durant,,,foul,missed,,,,
Andrei Kirilenko,Carlos Boozer,Deron Williams,Mehmet Okur,Ronnie Brewer,Kevin Durant,Nick Collison,Russell Westbrook,Serge Ibaka,Thabo Sefolosha,2,0:20,OKC,rebound,,,,,,,,,,,,,,,,,,
C.J. Miles,Carlos Boozer,Deron Williams,Mehmet Okur,Ronnie Brewer,Kevin Durant,Nick Collison,Russell Westbrook,Serge Ibaka,Thabo Sefolosha,2,0:20,UTA,sub,,,,C.J. Miles,,Andrei Kirilenko,,,,,,,,,,,,
C.J. Miles,Carlos Boozer,Deron Williams,Mehmet Okur,Ronnie Brewer,Kevin Durant,Nick Collison,Russell Westbrook,Serge Ibaka,Thabo Sefolosha,2,0:20,OKC,free throw,,,,,,,2,,2,Kevin Durant,,,foul,made,,,,
C.J. Miles,Carlos Boozer,Deron Williams,Mehmet Okur,Ronnie Brewer,Kevin Durant,Nick Collison,Russell Westbrook,Serge Ibaka,Thabo Sefolosha,2,0:00,UTA,shot,,,,,,,,,,Mehmet Okur,,,,missed,,3pt,47,9
C.J. Miles,Carlos Boozer,Deron Williams,Mehmet Okur,Ronnie Brewer,Kevin Durant,Nick Collison,Russell Westbrook,Serge Ibaka,Thabo Sefolosha,2,0:00,UTA,rebound,,,,,,,,,,,,,,,,,,
C.J. Miles,Carlos Boozer,Deron Williams,Mehmet Okur,Ronnie Brewer,Kevin Durant,Nick Collison,Russell Westbrook,Serge Ibaka,Thabo Sefolosha,2,0:00,OKC,foul,,,,,,,,Carlos Boozer,,Thabo Sefolosha,,,,,,loose ball,,
C.J. Miles,Carlos Boozer,Deron Williams,Mehmet Okur,Ronnie Brewer,Kevin Durant,Nick Collison,Russell Westbrook,Serge Ibaka,Thabo Sefolosha,2,0:00,UTA,free throw,,,,,,,1,,2,Carlos Boozer,,,foul,made,,,,
C.J. Miles,Carlos Boozer,Deron Williams,Mehmet Okur,Ronnie Brewer,Kevin Durant,Nick Collison,Russell Westbrook,Serge Ibaka,Thabo Sefolosha,2,0:00,UTA,free throw,,,,,,,2,,2,Carlos Boozer,,,foul,made,,,,
C.J. Miles,Carlos Boozer,Deron Williams,Mehmet Okur,Ronnie Brewer,Jeff Green,Kevin Durant,Nenad Krstic,Russell Westbrook,Thabo Sefolosha,3,11:44,OKC,shot,,,,,,,,,,Kevin Durant,,,,missed,,jump,11,13
C.J. Miles,Carlos Boozer,Deron Williams,Mehmet Okur,Ronnie Brewer,Jeff Green,Kevin Durant,Nenad Krstic,Russell Westbrook,Thabo Sefolosha,3,11:43,OKC,rebound,,,,,,,,,,,,,,,,,,
C.J. Miles,Carlos Boozer,Deron Williams,Mehmet Okur,Ronnie Brewer,Jeff Green,Kevin Durant,Nenad Krstic,Russell Westbrook,Thabo Sefolosha,3,11:40,OKC,turnover,,,,,,,,,,Kevin Durant,,,bad pass,,Ronnie Brewer,,,
C.J. Miles,Carlos Boozer,Deron Williams,Mehmet Okur,Ronnie Brewer,Jeff Green,Kevin Durant,Nenad Krstic,Russell Westbrook,Thabo Sefolosha,3,11:35,UTA,shot,,,,,,,,,,Ronnie Brewer,,,,missed,,layup,25,6
C.J. Miles,Carlos Boozer,Deron Williams,Mehmet Okur,Ronnie Brewer,Jeff Green,Kevin Durant,Nenad Krstic,Russell Westbrook,Thabo Sefolosha,3,11:35,UTA,rebound,,,,,,,,,,,,,,,,,,
C.J. Miles,Carlos Boozer,Deron Williams,Mehmet Okur,Ronnie Brewer,Jeff Green,Kevin Durant,Nenad Krstic,Russell Westbrook,Thabo Sefolosha,3,11:28,UTA,shot,,,,,,,,,,Carlos Boozer,,,,missed,,jump,43,7
C.J. Miles,Carlos Boozer,Deron Williams,Mehmet Okur,Ronnie Brewer,Jeff Green,Kevin Durant,Nenad Krstic,Russell Westbrook,Thabo Sefolosha,3,11:27,OKC,rebound,,,,,,,,,,Kevin Durant,,,,,,def,,
C.J. Miles,Carlos Boozer,Deron Williams,Mehmet Okur,Ronnie Brewer,Jeff Green,Kevin Durant,Nenad Krstic,Russell Westbrook,Thabo Sefolosha,3,11:18,OKC,shot,Russell Westbrook,,,,,,,,,Jeff Green,2,,,made,,jump,34,22
C.J. Miles,Carlos Boozer,Deron Williams,Mehmet Okur,Ronnie Brewer,Jeff Green,Kevin Durant,Nenad Krstic,Russell Westbrook,Thabo Sefolosha,3,10:58,UTA,shot,,,,,,,,,,C.J. Miles,,,,missed,,jump,26,13
C.J. Miles,Carlos Boozer,Deron Williams,Mehmet Okur,Ronnie Brewer,Jeff Green,Kevin Durant,Nenad Krstic,Russell Westbrook,Thabo Sefolosha,3,10:57,OKC,rebound,,,,,,,,,,Thabo Sefolosha,,,,,,def,,
C.J. Miles,Carlos Boozer,Deron Williams,Mehmet Okur,Ronnie Brewer,Jeff Green,Kevin Durant,Nenad Krstic,Russell Westbrook,Thabo Sefolosha,3,10:44,OKC,shot,,,,,,,,,,Jeff Green,,,,missed,,3pt,3,7
C.J. Miles,Carlos Boozer,Deron Williams,Mehmet Okur,Ronnie Brewer,Jeff Green,Kevin Durant,Nenad Krstic,Russell Westbrook,Thabo Sefolosha,3,10:44,OKC,rebound,,,,,,,,,,Thabo Sefolosha,,,,,,off,,
C.J. Miles,Carlos Boozer,Deron Williams,Mehmet Okur,Ronnie Brewer,Jeff Green,Kevin Durant,Nenad Krstic,Russell Westbrook,Thabo Sefolosha,3,10:32,OKC,shot,,,,,,,,,,Russell Westbrook,,,,missed,,driving layup,25,6
C.J. Miles,Carlos Boozer,Deron Williams,Mehmet Okur,Ronnie Brewer,Jeff Green,Kevin Durant,Nenad Krstic,Russell Westbrook,Thabo Sefolosha,3,10:32,UTA,rebound,,,,,,,,,,Mehmet Okur,,,,,,def,,
C.J. Miles,Carlos Boozer,Deron Williams,Mehmet Okur,Ronnie Brewer,Jeff Green,Kevin Durant,Nenad Krstic,Russell Westbrook,Thabo Sefolosha,3,10:29,UTA,turnover,,,,,,,,,,Mehmet Okur,,,lost ball,,Russell Westbrook,,,
C.J. Miles,Carlos Boozer,Deron Williams,Mehmet Okur,Ronnie Brewer,Jeff Green,Kevin Durant,Nenad Krstic,Russell Westbrook,Thabo Sefolosha,3,10:20,OKC,shot,,,Deron Williams,,,,,,,Russell Westbrook,,,,missed,,layup,25,6
C.J. Miles,Carlos Boozer,Deron Williams,Mehmet Okur,Ronnie Brewer,Jeff Green,Kevin Durant,Nenad Krstic,Russell Westbrook,Thabo Sefolosha,3,10:18,OKC,rebound,,,,,,,,,,Russell Westbrook,,,,,,off,,
C.J. Miles,Carlos Boozer,Deron Williams,Mehmet Okur,Ronnie Brewer,Jeff Green,Kevin Durant,Nenad Krstic,Russell Westbrook,Thabo Sefolosha,3,10:15,OKC,turnover,,,,,,,,,,Jeff Green,,,traveling,,,,,
C.J. Miles,Carlos Boozer,Deron Williams,Mehmet Okur,Ronnie Brewer,Jeff Green,Kevin Durant,Nenad Krstic,Russell Westbrook,Thabo Sefolosha,3,10:03,UTA,shot,,,,,,,,,,Carlos Boozer,,,,missed,,fade away jumper,36,7
C.J. Miles,Carlos Boozer,Deron Williams,Mehmet Okur,Ronnie Brewer,Jeff Green,Kevin Durant,Nenad Krstic,Russell Westbrook,Thabo Sefolosha,3,10:02,OKC,rebound,,,,,,,,,,Kevin Durant,,,,,,def,,
C.J. Miles,Carlos Boozer,Deron Williams,Mehmet Okur,Ronnie Brewer,Jeff Green,Kevin Durant,Nenad Krstic,Russell Westbrook,Thabo Sefolosha,3,9:54,OKC,shot,,,,,,,,,,Kevin Durant,2,,,made,,driving layup,25,6
C.J. Miles,Carlos Boozer,Deron Williams,Mehmet Okur,Ronnie Brewer,Jeff Green,Kevin Durant,Nenad Krstic,Russell Westbrook,Thabo Sefolosha,3,9:48,UTA,timeout,,,,,,,,,,,,,,,,short,,
C.J. Miles,Carlos Boozer,Deron Williams,Mehmet Okur,Ronnie Brewer,Jeff Green,Kevin Durant,Nenad Krstic,Russell Westbrook,Thabo Sefolosha,3,9:33,UTA,shot,,,Kevin Durant,,,,,,,Mehmet Okur,,,,missed,,layup,25,6
C.J. Miles,Carlos Boozer,Deron Williams,Mehmet Okur,Ronnie Brewer,Jeff Green,Kevin Durant,Nenad Krstic,Russell Westbrook,Thabo Sefolosha,3,9:32,UTA,rebound,,,,,,,,,,Mehmet Okur,,,,,,off,,
C.J. Miles,Carlos Boozer,Deron Williams,Mehmet Okur,Ronnie Brewer,Jeff Green,Kevin Durant,Nenad Krstic,Russell Westbrook,Thabo Sefolosha,3,9:29,UTA,turnover,,,,,,,,,,Mehmet Okur,,,lost ball,,Kevin Durant,,,
C.J. Miles,Carlos Boozer,Deron Williams,Mehmet Okur,Ronnie Brewer,Jeff Green,Kevin Durant,Nenad Krstic,Russell Westbrook,Thabo Sefolosha,3,9:24,OKC,shot,,,Deron Williams,,,,,,,Russell Westbrook,,,,missed,,layup,25,6
C.J. Miles,Carlos Boozer,Deron Williams,Mehmet Okur,Ronnie Brewer,Jeff Green,Kevin Durant,Nenad Krstic,Russell Westbrook,Thabo Sefolosha,3,9:24,UTA,rebound,,,,,,,,,,,,,,,,,,
C.J. Miles,Carlos Boozer,Deron Williams,Mehmet Okur,Ronnie Brewer,Jeff Green,Kevin Durant,Nenad Krstic,Russell Westbrook,Thabo Sefolosha,3,9:20,OKC,foul,,,,,,,,Deron Williams,,Russell Westbrook,,,,,,personal,,
C.J. Miles,Carlos Boozer,Deron Williams,Mehmet Okur,Ronnie Brewer,Jeff Green,Kevin Durant,Nenad Krstic,Russell Westbrook,Thabo Sefolosha,3,9:12,UTA,shot,Carlos Boozer,,,,,,,,,Mehmet Okur,2,,,made,,jump,41,17
C.J. Miles,Carlos Boozer,Deron Williams,Mehmet Okur,Ronnie Brewer,Jeff Green,Kevin Durant,Nenad Krstic,Russell Westbrook,Thabo Sefolosha,3,9:07,UTA,foul,,,,,,,,,,Mehmet Okur,,,,,,technical,,
C.J. Miles,Carlos Boozer,Deron Williams,Mehmet Okur,Ronnie Brewer,Jeff Green,Kevin Durant,Nenad Krstic,Russell Westbrook,Thabo Sefolosha,3,9:07,OKC,free throw,,,,,,,1,,1,Russell Westbrook,,,technical,missed,,,,
C.J. Miles,Carlos Boozer,Deron Williams,Mehmet Okur,Ronnie Brewer,Jeff Green,Kevin Durant,Nenad Krstic,Russell Westbrook,Thabo Sefolosha,3,9:07,OKC,rebound,,,,,,,,,,,,,,,,,,
C.J. Miles,Carlos Boozer,Deron Williams,Mehmet Okur,Ronnie Brewer,Jeff Green,Kevin Durant,Nenad Krstic,Russell Westbrook,Thabo Sefolosha,3,8:54,OKC,turnover,,,,,,,,,,Kevin Durant,,,bad pass,,,,,
C.J. Miles,Carlos Boozer,Deron Williams,Mehmet Okur,Ronnie Brewer,Jeff Green,Kevin Durant,Nenad Krstic,Russell Westbrook,Thabo Sefolosha,3,8:41,OKC,foul,,,,,,,,Ronnie Brewer,,Russell Westbrook,,,,,,personal,,
C.J. Miles,Carlos Boozer,Deron Williams,Mehmet Okur,Ronnie Brewer,Jeff Green,Kevin Durant,Nenad Krstic,Russell Westbrook,Thabo Sefolosha,3,8:29,UTA,shot,,,,,,,,,,Deron Williams,,,,missed,,3pt,36,28
C.J. Miles,Carlos Boozer,Deron Williams,Mehmet Okur,Ronnie Brewer,Jeff Green,Kevin Durant,Nenad Krstic,Russell Westbrook,Thabo Sefolosha,3,8:28,OKC,rebound,,,,,,,,,,Nenad Krstic,,,,,,def,,
C.J. Miles,Carlos Boozer,Deron Williams,Mehmet Okur,Ronnie Brewer,Jeff Green,Kevin Durant,Nenad Krstic,Russell Westbrook,Thabo Sefolosha,3,8:22,OKC,shot,Russell Westbrook,,,,,,,,,Kevin Durant,2,,,made,,dunk,25,6
C.J. Miles,Carlos Boozer,Deron Williams,Mehmet Okur,Ronnie Brewer,Jeff Green,Kevin Durant,Nenad Krstic,Russell Westbrook,Thabo Sefolosha,3,8:13,UTA,shot,Deron Williams,,,,,,,,,Carlos Boozer,2,,,made,,layup,25,6
C.J. Miles,Carlos Boozer,Deron Williams,Mehmet Okur,Ronnie Brewer,Jeff Green,Kevin Durant,Nenad Krstic,Russell Westbrook,Thabo Sefolosha,3,7:51,UTA,violation,,,,,,,,,,Deron Williams,,,,,,kicked ball,,
C.J. Miles,Carlos Boozer,Deron Williams,Mehmet Okur,Ronnie Brewer,Jeff Green,Kevin Durant,Nenad Krstic,Russell Westbrook,Thabo Sefolosha,3,7:40,UTA,foul,,,,,,,,Jeff Green,,Carlos Boozer,,,,,,shooting,,
C.J. Miles,Carlos Boozer,Deron Williams,Mehmet Okur,Ronnie Brewer,Jeff Green,Kevin Durant,Nenad Krstic,Russell Westbrook,Thabo Sefolosha,3,7:40,OKC,free throw,,,,,,,1,,2,Jeff Green,,,foul,missed,,,,
C.J. Miles,Carlos Boozer,Deron Williams,Mehmet Okur,Ronnie Brewer,Jeff Green,Kevin Durant,Nenad Krstic,Russell Westbrook,Thabo Sefolosha,3,7:40,OKC,rebound,,,,,,,,,,,,,,,,,,
C.J. Miles,Carlos Boozer,Deron Williams,Mehmet Okur,Ronnie Brewer,Jeff Green,Kevin Durant,Nenad Krstic,Russell Westbrook,Thabo Sefolosha,3,7:40,OKC,free throw,,,,,,,2,,2,Jeff Green,,,foul,missed,,,,
C.J. Miles,Carlos Boozer,Deron Williams,Mehmet Okur,Ronnie Brewer,Jeff Green,Kevin Durant,Nenad Krstic,Russell Westbrook,Thabo Sefolosha,3,7:38,UTA,rebound,,,,,,,,,,Mehmet Okur,,,,,,def,,
C.J. Miles,Carlos Boozer,Deron Williams,Mehmet Okur,Ronnie Brewer,Jeff Green,Kevin Durant,Nenad Krstic,Russell Westbrook,Thabo Sefolosha,3,7:28,UTA,shot,,,,,,,,,,Carlos Boozer,2,,,made,,layup,25,6
C.J. Miles,Carlos Boozer,Deron Williams,Mehmet Okur,Ronnie Brewer,Jeff Green,Kevin Durant,Nenad Krstic,Russell Westbrook,Thabo Sefolosha,3,7:11,OKC,shot,,,,,,,,,,Nenad Krstic,,,,missed,,jump,34,23
C.J. Miles,Carlos Boozer,Deron Williams,Mehmet Okur,Ronnie Brewer,Jeff Green,Kevin Durant,Nenad Krstic,Russell Westbrook,Thabo Sefolosha,3,7:10,UTA,rebound,,,,,,,,,,,,,,,,,,
C.J. Miles,Carlos Boozer,Deron Williams,Mehmet Okur,Ronnie Brewer,Jeff Green,Kevin Durant,Nenad Krstic,Russell Westbrook,Thabo Sefolosha,3,6:56,UTA,turnover,,,,,,,,,,Mehmet Okur,,,traveling,,,,,
C.J. Miles,Carlos Boozer,Deron Williams,Mehmet Okur,Ronnie Brewer,Jeff Green,Kevin Durant,Nenad Krstic,Russell Westbrook,Thabo Sefolosha,3,6:42,UTA,foul,,,,,,,,Kevin Durant,,Ronnie Brewer,,,,,,personal,,
C.J. Miles,Carlos Boozer,Deron Williams,Mehmet Okur,Ronnie Brewer,Jeff Green,Kevin Durant,Nenad Krstic,Russell Westbrook,Thabo Sefolosha,3,6:31,OKC,turnover,,,,,,,,,,Russell Westbrook,,,traveling,,,,,
C.J. Miles,Carlos Boozer,Deron Williams,Mehmet Okur,Ronnie Brewer,Jeff Green,Kevin Durant,Nenad Krstic,Russell Westbrook,Thabo Sefolosha,3,6:18,UTA,shot,Mehmet Okur,,,,,,,,,Deron Williams,2,,,made,,jump,17,22
C.J. Miles,Carlos Boozer,Deron Williams,Mehmet Okur,Ronnie Brewer,Jeff Green,Kevin Durant,Nenad Krstic,Russell Westbrook,Thabo Sefolosha,3,5:53,OKC,shot,,,,,,,,,,Kevin Durant,,,,missed,,3pt,48,8
C.J. Miles,Carlos Boozer,Deron Williams,Mehmet Okur,Ronnie Brewer,Jeff Green,Kevin Durant,Nenad Krstic,Russell Westbrook,Thabo Sefolosha,3,5:52,UTA,rebound,,,,,,,,,,C.J. Miles,,,,,,def,,
C.J. Miles,Carlos Boozer,Deron Williams,Mehmet Okur,Ronnie Brewer,Jeff Green,Kevin Durant,Nenad Krstic,Russell Westbrook,Thabo Sefolosha,3,5:44,UTA,foul,,,,,,,,Jeff Green,,C.J. Miles,,,,,,offensive,,
C.J. Miles,Carlos Boozer,Deron Williams,Mehmet Okur,Ronnie Brewer,Jeff Green,Kevin Durant,Nenad Krstic,Russell Westbrook,Thabo Sefolosha,3,5:44,UTA,turnover,,,,,,,,,,C.J. Miles,,,foul,,,,,
C.J. Miles,Carlos Boozer,Deron Williams,Mehmet Okur,Ronnie Brewer,Jeff Green,Kevin Durant,Nenad Krstic,Russell Westbrook,Thabo Sefolosha,3,5:44,OKC,timeout,,,,,,,,,,,,,,,,regular,,
C.J. Miles,Carlos Boozer,Deron Williams,Mehmet Okur,Ronnie Brewer,Jeff Green,Kevin Durant,Nenad Krstic,Russell Westbrook,Thabo Sefolosha,3,5:29,OKC,shot,,,,,,,,,,Kevin Durant,,,,missed,,jump,14,16
C.J. Miles,Carlos Boozer,Deron Williams,Mehmet Okur,Ronnie Brewer,Jeff Green,Kevin Durant,Nenad Krstic,Russell Westbrook,Thabo Sefolosha,3,5:27,OKC,rebound,,,,,,,,,,Jeff Green,,,,,,off,,
C.J. Miles,Carlos Boozer,Deron Williams,Mehmet Okur,Ronnie Brewer,Jeff Green,Kevin Durant,Nenad Krstic,Russell Westbrook,Thabo Sefolosha,3,5:10,OKC,shot,Kevin Durant,,,,,,,,,Nenad Krstic,2,,,made,,dunk,25,6
C.J. Miles,Carlos Boozer,Deron Williams,Mehmet Okur,Ronnie Brewer,Jeff Green,Kevin Durant,Nenad Krstic,Russell Westbrook,Thabo Sefolosha,3,4:53,UTA,shot,,,,,,,,,,Deron Williams,,,,missed,,jump,29,22
C.J. Miles,Carlos Boozer,Deron Williams,Mehmet Okur,Ronnie Brewer,Jeff Green,Kevin Durant,Nenad Krstic,Russell Westbrook,Thabo Sefolosha,3,4:52,OKC,rebound,,,,,,,,,,Kevin Durant,,,,,,def,,
C.J. Miles,Carlos Boozer,Deron Williams,Mehmet Okur,Ronnie Brewer,Jeff Green,Kevin Durant,Nenad Krstic,Russell Westbrook,Thabo Sefolosha,3,4:45,OKC,shot,,,,,,,,,,Kevin Durant,2,,,made,,running jump,31,6
C.J. Miles,Carlos Boozer,Deron Williams,Mehmet Okur,Ronnie Brewer,Jeff Green,Kevin Durant,Nenad Krstic,Russell Westbrook,Thabo Sefolosha,3,4:45,UTA,foul,,,,,,,,Kevin Durant,,Mehmet Okur,,,,,,shooting,,
C.J. Miles,Carlos Boozer,Deron Williams,Paul Millsap,Ronnie Brewer,Jeff Green,Kevin Durant,Nenad Krstic,Russell Westbrook,Thabo Sefolosha,3,4:45,UTA,sub,,,,Paul Millsap,,Mehmet Okur,,,,,,,,,,,,
Carlos Boozer,Deron Williams,Paul Millsap,Ronnie Brewer,Wesley Matthews,Jeff Green,Kevin Durant,Nenad Krstic,Russell Westbrook,Thabo Sefolosha,3,4:45,UTA,sub,,,,Wesley Matthews,,C.J. Miles,,,,,,,,,,,,
Carlos Boozer,Deron Williams,Paul Millsap,Ronnie Brewer,Wesley Matthews,Jeff Green,Kevin Durant,Nenad Krstic,Russell Westbrook,Thabo Sefolosha,3,4:45,OKC,free throw,,,,,,,1,,1,Kevin Durant,,,foul,made,,,,
Carlos Boozer,Deron Williams,Paul Millsap,Ronnie Brewer,Wesley Matthews,Jeff Green,Kevin Durant,Nenad Krstic,Russell Westbrook,Thabo Sefolosha,3,4:26,UTA,shot,,,,,,,,,,Wesley Matthews,,,,missed,,3pt,19,30
Carlos Boozer,Deron Williams,Paul Millsap,Ronnie Brewer,Wesley Matthews,Jeff Green,Kevin Durant,Nenad Krstic,Russell Westbrook,Thabo Sefolosha,3,4:25,UTA,rebound,,,,,,,,,,Paul Millsap,,,,,,off,,
Carlos Boozer,Deron Williams,Paul Millsap,Ronnie Brewer,Wesley Matthews,Jeff Green,Kevin Durant,Nenad Krstic,Russell Westbrook,Thabo Sefolosha,3,4:23,UTA,shot,,,,,,,,,,Paul Millsap,2,,,made,,putback layup,25,6
Carlos Boozer,Deron Williams,Paul Millsap,Ronnie Brewer,Wesley Matthews,Jeff Green,Kevin Durant,Nenad Krstic,Russell Westbrook,Thabo Sefolosha,3,4:05,OKC,foul,,,,,,,,Paul Millsap,,Jeff Green,,,,,,offensive,,
Carlos Boozer,Deron Williams,Paul Millsap,Ronnie Brewer,Wesley Matthews,Jeff Green,Kevin Durant,Nenad Krstic,Russell Westbrook,Thabo Sefolosha,3,4:05,OKC,turnover,,,,,,,,,,Jeff Green,,,foul,,,,,
Carlos Boozer,Deron Williams,Paul Millsap,Ronnie Brewer,Wesley Matthews,Kevin Durant,Nenad Krstic,Nick Collison,Russell Westbrook,Thabo Sefolosha,3,4:05,OKC,sub,,,,Nick Collison,,Jeff Green,,,,,,,,,,,,
Carlos Boozer,Deron Williams,Paul Millsap,Ronnie Brewer,Wesley Matthews,Kevin Durant,Nenad Krstic,Nick Collison,Russell Westbrook,Thabo Sefolosha,3,3:51,UTA,shot,,,,,,,,,,Paul Millsap,,,,missed,,jump,23,10
Carlos Boozer,Deron Williams,Paul Millsap,Ronnie Brewer,Wesley Matthews,Kevin Durant,Nenad Krstic,Nick Collison,Russell Westbrook,Thabo Sefolosha,3,3:49,OKC,rebound,,,,,,,,,,Kevin Durant,,,,,,def,,
Carlos Boozer,Deron Williams,Paul Millsap,Ronnie Brewer,Wesley Matthews,Kevin Durant,Nenad Krstic,Nick Collison,Russell Westbrook,Thabo Sefolosha,3,3:44,OKC,shot,Kevin Durant,,,,,,,,,Russell Westbrook,2,,,made,,jump,14,12
Carlos Boozer,Deron Williams,Paul Millsap,Ronnie Brewer,Wesley Matthews,Kevin Durant,Nenad Krstic,Nick Collison,Russell Westbrook,Thabo Sefolosha,3,3:26,UTA,shot,,,,,,,,,,Carlos Boozer,,,,missed,,jump,30,11
Carlos Boozer,Deron Williams,Paul Millsap,Ronnie Brewer,Wesley Matthews,Kevin Durant,Nenad Krstic,Nick Collison,Russell Westbrook,Thabo Sefolosha,3,3:25,OKC,rebound,,,,,,,,,,Russell Westbrook,,,,,,def,,
Carlos Boozer,Deron Williams,Paul Millsap,Ronnie Brewer,Wesley Matthews,Kevin Durant,Nenad Krstic,Nick Collison,Russell Westbrook,Thabo Sefolosha,3,3:08,OKC,shot,,,,,,,,,,Russell Westbrook,,,,missed,,layup,25,6
Carlos Boozer,Deron Williams,Paul Millsap,Ronnie Brewer,Wesley Matthews,Kevin Durant,Nenad Krstic,Nick Collison,Russell Westbrook,Thabo Sefolosha,3,3:07,UTA,rebound,,,,,,,,,,Carlos Boozer,,,,,,def,,
Carlos Boozer,Deron Williams,Paul Millsap,Ronnie Brewer,Wesley Matthews,Kevin Durant,Nenad Krstic,Nick Collison,Russell Westbrook,Thabo Sefolosha,3,3:00,UTA,shot,Wesley Matthews,,,,,,,,,Ronnie Brewer,2,,,made,,layup,25,6
Carlos Boozer,Deron Williams,Paul Millsap,Ronnie Brewer,Wesley Matthews,Kevin Durant,Nenad Krstic,Nick Collison,Russell Westbrook,Thabo Sefolosha,3,2:39,OKC,turnover,,,,,,,,,,Kevin Durant,,,lost ball,,Ronnie Brewer,,,
Carlos Boozer,Deron Williams,Paul Millsap,Ronnie Brewer,Wesley Matthews,Kevin Durant,Nenad Krstic,Nick Collison,Russell Westbrook,Thabo Sefolosha,3,2:35,UTA,shot,,,,,,,,,,Ronnie Brewer,2,,,made,,reverse dunk,25,6
Carlos Boozer,Deron Williams,Paul Millsap,Ronnie Brewer,Wesley Matthews,Kevin Durant,Nenad Krstic,Nick Collison,Russell Westbrook,Thabo Sefolosha,3,2:27,OKC,timeout,,,,,,,,,,,,,,,,short,,
Carlos Boozer,Deron Williams,Paul Millsap,Ronnie Brewer,Wesley Matthews,Kevin Durant,Nenad Krstic,Nick Collison,Russell Westbrook,Thabo Sefolosha,3,2:27,UTA,timeout,,,,,,,,,,,,,,,,regular,,
Carlos Boozer,Deron Williams,Paul Millsap,Ronnie Brewer,Wesley Matthews,Eric Maynor,Kevin Durant,Nenad Krstic,Nick Collison,Russell Westbrook,3,2:27,OKC,sub,,,,Eric Maynor,,Thabo Sefolosha,,,,,,,,,,,,
Carlos Boozer,Deron Williams,Paul Millsap,Ronnie Brewer,Wesley Matthews,Eric Maynor,James Harden,Kevin Durant,Nenad Krstic,Nick Collison,3,2:27,OKC,sub,,,,James Harden,,Russell Westbrook,,,,,,,,,,,,
Carlos Boozer,Deron Williams,Paul Millsap,Ronnie Brewer,Wesley Matthews,Eric Maynor,James Harden,Kevin Durant,Nenad Krstic,Nick Collison,3,2:21,OKC,shot,Eric Maynor,,,,,,,,,Kevin Durant,2,,,made,,jump,12,20
Carlos Boozer,Deron Williams,Paul Millsap,Ronnie Brewer,Wesley Matthews,Eric Maynor,James Harden,Kevin Durant,Nenad Krstic,Nick Collison,3,2:02,UTA,shot,,,,,,,,,,Deron Williams,,,,missed,,3pt,14,28
Carlos Boozer,Deron Williams,Paul Millsap,Ronnie Brewer,Wesley Matthews,Eric Maynor,James Harden,Kevin Durant,Nenad Krstic,Nick Collison,3,2:01,OKC,rebound,,,,,,,,,,James Harden,,,,,,def,,
Carlos Boozer,Deron Williams,Paul Millsap,Ronnie Brewer,Wesley Matthews,Eric Maynor,James Harden,Kevin Durant,Nenad Krstic,Nick Collison,3,1:37,OKC,turnover,,,,,,,,,,,,,shot clock turnover,,,,,
Carlos Boozer,Paul Millsap,Ronnie Brewer,Ronnie Price,Wesley Matthews,Eric Maynor,James Harden,Kevin Durant,Nenad Krstic,Nick Collison,3,1:37,UTA,sub,,,,Ronnie Price,,Deron Williams,,,,,,,,,,,,
Carlos Boozer,Paul Millsap,Ronnie Brewer,Ronnie Price,Wesley Matthews,Eric Maynor,James Harden,Kevin Durant,Nenad Krstic,Nick Collison,3,1:16,UTA,shot,,,,,,,,,,Ronnie Brewer,,,,missed,,jump,14,17
Carlos Boozer,Paul Millsap,Ronnie Brewer,Ronnie Price,Wesley Matthews,Eric Maynor,James Harden,Kevin Durant,Nenad Krstic,Nick Collison,3,1:14,UTA,rebound,,,,,,,,,,Paul Millsap,,,,,,off,,
Carlos Boozer,Paul Millsap,Ronnie Brewer,Ronnie Price,Wesley Matthews,Eric Maynor,James Harden,Kevin Durant,Nenad Krstic,Nick Collison,3,1:14,UTA,shot,,,,,,,,,,Paul Millsap,,,,missed,,putback dunk,25,6
Carlos Boozer,Paul Millsap,Ronnie Brewer,Ronnie Price,Wesley Matthews,Eric Maynor,James Harden,Kevin Durant,Nenad Krstic,Nick Collison,3,1:13,OKC,rebound,,,,,,,,,,,,,,,,,,
Carlos Boozer,Paul Millsap,Ronnie Brewer,Ronnie Price,Wesley Matthews,Eric Maynor,James Harden,Kevin Durant,Nenad Krstic,Nick Collison,3,1:00,OKC,shot,Kevin Durant,,,,,,,,,Nick Collison,2,,,made,,layup,25,6
Carlos Boozer,Paul Millsap,Ronnie Brewer,Ronnie Price,Wesley Matthews,Eric Maynor,James Harden,Kevin Durant,Nenad Krstic,Nick Collison,3,0:38,UTA,shot,,,,,,,,,,Paul Millsap,,,,missed,,layup,25,6
Carlos Boozer,Paul Millsap,Ronnie Brewer,Ronnie Price,Wesley Matthews,Eric Maynor,James Harden,Kevin Durant,Nenad Krstic,Nick Collison,3,0:37,UTA,rebound,,,,,,,,,,Carlos Boozer,,,,,,off,,
Carlos Boozer,Paul Millsap,Ronnie Brewer,Ronnie Price,Wesley Matthews,Eric Maynor,James Harden,Kevin Durant,Nenad Krstic,Nick Collison,3,0:37,UTA,shot,,,,,,,,,,Carlos Boozer,,,,missed,,tip,23,7
Carlos Boozer,Paul Millsap,Ronnie Brewer,Ronnie Price,Wesley Matthews,Eric Maynor,James Harden,Kevin Durant,Nenad Krstic,Nick Collison,3,0:37,UTA,rebound,,,,,,,,,,Paul Millsap,,,,,,off,,
Carlos Boozer,Paul Millsap,Ronnie Brewer,Ronnie Price,Wesley Matthews,Eric Maynor,James Harden,Kevin Durant,Nenad Krstic,Nick Collison,3,0:37,UTA,jump ball,,Paul Millsap,,,Eric Maynor,,,,,,,Ronnie Price,,,,,,
Carlos Boozer,Paul Millsap,Ronnie Brewer,Ronnie Price,Wesley Matthews,Eric Maynor,James Harden,Kevin Durant,Nenad Krstic,Nick Collison,3,0:12,UTA,shot,Ronnie Price,,,,,,,,,Wesley Matthews,2,,,made,,fade away jumper,31,23
Andrei Kirilenko,Mehmet Okur,Paul Millsap,Ronnie Price,Wesley Matthews,Eric Maynor,James Harden,Kevin Durant,Nick Collison,Serge Ibaka,4,11:45,UTA,shot,,,,,,,,,,Andrei Kirilenko,,,,missed,,jump,41,14
Andrei Kirilenko,Mehmet Okur,Paul Millsap,Ronnie Price,Wesley Matthews,Eric Maynor,James Harden,Kevin Durant,Nick Collison,Serge Ibaka,4,11:45,UTA,rebound,,,,,,,,,,Ronnie Price,,,,,,off,,
Andrei Kirilenko,Mehmet Okur,Paul Millsap,Ronnie Price,Wesley Matthews,Eric Maynor,James Harden,Kevin Durant,Nick Collison,Serge Ibaka,4,11:45,OKC,foul,,,,,,,,Ronnie Price,,Eric Maynor,,,,,,personal,,
Andrei Kirilenko,Mehmet Okur,Paul Millsap,Ronnie Price,Wesley Matthews,Eric Maynor,James Harden,Kevin Durant,Nick Collison,Serge Ibaka,4,11:31,UTA,shot,,,,,,,,,,Mehmet Okur,,,,missed,,jump,25,29
Andrei Kirilenko,Mehmet Okur,Paul Millsap,Ronnie Price,Wesley Matthews,Eric Maynor,James Harden,Kevin Durant,Nick Collison,Serge Ibaka,4,11:28,UTA,rebound,,,,,,,,,,Andrei Kirilenko,,,,,,off,,
Andrei Kirilenko,Mehmet Okur,Paul Millsap,Ronnie Price,Wesley Matthews,Eric Maynor,James Harden,Kevin Durant,Nick Collison,Serge Ibaka,4,11:15,UTA,turnover,,,,,,,,,,Andrei Kirilenko,,,lost ball,,Nick Collison,,,
Andrei Kirilenko,Mehmet Okur,Paul Millsap,Ronnie Price,Wesley Matthews,Eric Maynor,James Harden,Kevin Durant,Nick Collison,Serge Ibaka,4,11:10,OKC,shot,Eric Maynor,,,,,,,,,Kevin Durant,2,,,made,,layup,25,6
Andrei Kirilenko,Mehmet Okur,Paul Millsap,Ronnie Price,Wesley Matthews,Eric Maynor,James Harden,Kevin Durant,Nick Collison,Serge Ibaka,4,11:10,UTA,foul,,,,,,,,Kevin Durant,,Paul Millsap,,,,,,shooting,,
Andrei Kirilenko,Mehmet Okur,Paul Millsap,Ronnie Price,Wesley Matthews,Eric Maynor,James Harden,Kevin Durant,Nick Collison,Serge Ibaka,4,11:10,OKC,free throw,,,,,,,1,,1,Kevin Durant,,,foul,made,,,,
Andrei Kirilenko,Mehmet Okur,Paul Millsap,Ronnie Price,Wesley Matthews,Eric Maynor,James Harden,Kevin Durant,Nick Collison,Serge Ibaka,4,11:01,UTA,turnover,,,,,,,,,,Mehmet Okur,,,lost ball,,Eric Maynor,,,
Andrei Kirilenko,Mehmet Okur,Paul Millsap,Ronnie Price,Wesley Matthews,Eric Maynor,James Harden,Kevin Durant,Nick Collison,Serge Ibaka,4,10:57,OKC,shot,,,,,,,,,,Eric Maynor,2,,,made,,layup,25,6
Andrei Kirilenko,Mehmet Okur,Paul Millsap,Ronnie Price,Wesley Matthews,Eric Maynor,James Harden,Kevin Durant,Nick Collison,Serge Ibaka,4,10:53,OKC,foul,,,,,,,,Ronnie Price,,Eric Maynor,,,,,,shooting,,
Andrei Kirilenko,Mehmet Okur,Paul Millsap,Ronnie Price,Wesley Matthews,Eric Maynor,James Harden,Kevin Durant,Nick Collison,Serge Ibaka,4,10:53,UTA,free throw,,,,,,,1,,2,Ronnie Price,,,foul,made,,,,
Andrei Kirilenko,Mehmet Okur,Paul Millsap,Ronnie Price,Wesley Matthews,Eric Maynor,James Harden,Kevin Durant,Nick Collison,Serge Ibaka,4,10:53,UTA,free throw,,,,,,,2,,2,Ronnie Price,,,foul,made,,,,
Andrei Kirilenko,Mehmet Okur,Paul Millsap,Ronnie Price,Wesley Matthews,Eric Maynor,James Harden,Kevin Durant,Nick Collison,Serge Ibaka,4,10:39,OKC,shot,,,,,,,,,,Kevin Durant,,,,missed,,jump,25,26
Andrei Kirilenko,Mehmet Okur,Paul Millsap,Ronnie Price,Wesley Matthews,Eric Maynor,James Harden,Kevin Durant,Nick Collison,Serge Ibaka,4,10:38,UTA,rebound,,,,,,,,,,Wesley Matthews,,,,,,def,,
Andrei Kirilenko,Mehmet Okur,Paul Millsap,Ronnie Price,Wesley Matthews,Eric Maynor,James Harden,Kevin Durant,Nick Collison,Serge Ibaka,4,10:26,UTA,shot,Paul Millsap,,,,,,,,,Wesley Matthews,2,,,made,,reverse layup,25,6
Andrei Kirilenko,Mehmet Okur,Paul Millsap,Ronnie Price,Wesley Matthews,Eric Maynor,James Harden,Kevin Durant,Nick Collison,Serge Ibaka,4,10:10,OKC,shot,,,,,,,,,,Eric Maynor,,,,missed,,floating jump,34,7
Andrei Kirilenko,Mehmet Okur,Paul Millsap,Ronnie Price,Wesley Matthews,Eric Maynor,James Harden,Kevin Durant,Nick Collison,Serge Ibaka,4,10:09,OKC,rebound,,,,,,,,,,Serge Ibaka,,,,,,off,,
Andrei Kirilenko,Mehmet Okur,Paul Millsap,Ronnie Price,Wesley Matthews,Eric Maynor,James Harden,Kevin Durant,Nick Collison,Serge Ibaka,4,10:08,OKC,shot,,,,,,,,,,Serge Ibaka,2,,,made,,jump,20,6
Andrei Kirilenko,Mehmet Okur,Paul Millsap,Ronnie Price,Wesley Matthews,Eric Maynor,James Harden,Kevin Durant,Nick Collison,Serge Ibaka,4,9:50,UTA,shot,Mehmet Okur,,,,,,,,,Paul Millsap,2,,,made,,jump,25,14
Andrei Kirilenko,Mehmet Okur,Paul Millsap,Ronnie Price,Wesley Matthews,Eric Maynor,James Harden,Kevin Durant,Nick Collison,Serge Ibaka,4,9:30,OKC,shot,,,,,,,,,,James Harden,,,,missed,,3pt,5,22
Andrei Kirilenko,Mehmet Okur,Paul Millsap,Ronnie Price,Wesley Matthews,Eric Maynor,James Harden,Kevin Durant,Nick Collison,Serge Ibaka,4,9:29,UTA,rebound,,,,,,,,,,Andrei Kirilenko,,,,,,def,,
Andrei Kirilenko,Mehmet Okur,Paul Millsap,Ronnie Price,Wesley Matthews,Eric Maynor,James Harden,Kevin Durant,Nick Collison,Serge Ibaka,4,9:23,UTA,shot,,,,,,,,,,Ronnie Price,,,,missed,,jump,27,12
Andrei Kirilenko,Mehmet Okur,Paul Millsap,Ronnie Price,Wesley Matthews,Eric Maynor,James Harden,Kevin Durant,Nick Collison,Serge Ibaka,4,9:20,UTA,rebound,,,,,,,,,,Wesley Matthews,,,,,,off,,
Andrei Kirilenko,Mehmet Okur,Paul Millsap,Ronnie Price,Wesley Matthews,Eric Maynor,James Harden,Kevin Durant,Nick Collison,Serge Ibaka,4,9:20,UTA,shot,,,,,,,,,,Wesley Matthews,2,,,made,,tip,25,6
Andrei Kirilenko,Mehmet Okur,Paul Millsap,Ronnie Price,Wesley Matthews,Eric Maynor,James Harden,Kevin Durant,Nick Collison,Serge Ibaka,4,9:13,OKC,timeout,,,,,,,,,,,,,,,,regular,,
Andrei Kirilenko,Mehmet Okur,Paul Millsap,Ronnie Price,Wesley Matthews,Eric Maynor,Kevin Durant,Nick Collison,Serge Ibaka,Thabo Sefolosha,4,9:13,OKC,sub,,,,Thabo Sefolosha,,James Harden,,,,,,,,,,,,
Andrei Kirilenko,Mehmet Okur,Paul Millsap,Ronnie Price,Wesley Matthews,Eric Maynor,Kevin Durant,Nick Collison,Serge Ibaka,Thabo Sefolosha,4,8:59,UTA,foul,,,,,,,,Serge Ibaka,,Andrei Kirilenko,,,,,,shooting,,
Andrei Kirilenko,Mehmet Okur,Paul Millsap,Ronnie Price,Wesley Matthews,Eric Maynor,Kevin Durant,Nick Collison,Serge Ibaka,Thabo Sefolosha,4,8:59,OKC,free throw,,,,,,,1,,2,Serge Ibaka,,,foul,missed,,,,
Andrei Kirilenko,Mehmet Okur,Paul Millsap,Ronnie Price,Wesley Matthews,Eric Maynor,Kevin Durant,Nick Collison,Serge Ibaka,Thabo Sefolosha,4,8:59,OKC,rebound,,,,,,,,,,,,,,,,,,
Andrei Kirilenko,Mehmet Okur,Paul Millsap,Ronnie Price,Wesley Matthews,Eric Maynor,Jeff Green,Nick Collison,Serge Ibaka,Thabo Sefolosha,4,8:59,OKC,sub,,,,Jeff Green,,Kevin Durant,,,,,,,,,,,,
Andrei Kirilenko,Mehmet Okur,Paul Millsap,Ronnie Price,Wesley Matthews,Eric Maynor,Jeff Green,Nick Collison,Serge Ibaka,Thabo Sefolosha,4,8:59,OKC,free throw,,,,,,,2,,2,Serge Ibaka,,,foul,missed,,,,
Andrei Kirilenko,Mehmet Okur,Paul Millsap,Ronnie Price,Wesley Matthews,Eric Maynor,Jeff Green,Nick Collison,Serge Ibaka,Thabo Sefolosha,4,8:58,UTA,rebound,,,,,,,,,,Andrei Kirilenko,,,,,,def,,
Andrei Kirilenko,Mehmet Okur,Paul Millsap,Ronnie Price,Wesley Matthews,Eric Maynor,Jeff Green,Nick Collison,Serge Ibaka,Thabo Sefolosha,4,8:45,UTA,shot,,,,,,,,,,Mehmet Okur,,,,missed,,jump,38,7
Andrei Kirilenko,Mehmet Okur,Paul Millsap,Ronnie Price,Wesley Matthews,Eric Maynor,Jeff Green,Nick Collison,Serge Ibaka,Thabo Sefolosha,4,8:43,OKC,rebound,,,,,,,,,,Jeff Green,,,,,,def,,
Andrei Kirilenko,Mehmet Okur,Paul Millsap,Ronnie Price,Wesley Matthews,Eric Maynor,Jeff Green,Nick Collison,Serge Ibaka,Thabo Sefolosha,4,8:21,OKC,shot,,,,,,,,,,Thabo Sefolosha,,,,missed,,reverse layup,25,6
Andrei Kirilenko,Mehmet Okur,Paul Millsap,Ronnie Price,Wesley Matthews,Eric Maynor,Jeff Green,Nick Collison,Serge Ibaka,Thabo Sefolosha,4,8:20,UTA,rebound,,,,,,,,,,Mehmet Okur,,,,,,def,,
Andrei Kirilenko,Mehmet Okur,Paul Millsap,Ronnie Price,Wesley Matthews,Eric Maynor,Jeff Green,Nick Collison,Serge Ibaka,Thabo Sefolosha,4,8:15,UTA,shot,Ronnie Price,,,,,,,,,Wesley Matthews,2,,,made,,layup,25,6
Andrei Kirilenko,Mehmet Okur,Paul Millsap,Ronnie Price,Wesley Matthews,Eric Maynor,Jeff Green,Nick Collison,Serge Ibaka,Thabo Sefolosha,4,7:58,OKC,shot,Nick Collison,,,,,,,,,Jeff Green,3,,,made,,3pt,48,6
Andrei Kirilenko,Mehmet Okur,Paul Millsap,Ronnie Price,Wesley Matthews,Eric Maynor,Jeff Green,Nick Collison,Serge Ibaka,Thabo Sefolosha,4,7:41,UTA,shot,,,,,,,,,,Andrei Kirilenko,,,,missed,,jump,29,24
Andrei Kirilenko,Mehmet Okur,Paul Millsap,Ronnie Price,Wesley Matthews,Eric Maynor,Jeff Green,Nick Collison,Serge Ibaka,Thabo Sefolosha,4,7:39,OKC,rebound,,,,,,,,,,Serge Ibaka,,,,,,def,,
Andrei Kirilenko,Mehmet Okur,Paul Millsap,Ronnie Price,Wesley Matthews,Jeff Green,Nick Collison,Russell Westbrook,Serge Ibaka,Thabo Sefolosha,4,7:39,OKC,sub,,,,Russell Westbrook,,Eric Maynor,,,,,,,,,,,,
Andrei Kirilenko,Mehmet Okur,Paul Millsap,Ronnie Price,Wesley Matthews,Jeff Green,Nick Collison,Russell Westbrook,Serge Ibaka,Thabo Sefolosha,4,7:18,OKC,shot,,,,,,,,,,Jeff Green,,,,missed,,jump,6,12
Andrei Kirilenko,Mehmet Okur,Paul Millsap,Ronnie Price,Wesley Matthews,Jeff Green,Nick Collison,Russell Westbrook,Serge Ibaka,Thabo Sefolosha,4,7:17,UTA,rebound,,,,,,,,,,Mehmet Okur,,,,,,def,,
Andrei Kirilenko,Mehmet Okur,Paul Millsap,Ronnie Price,Wesley Matthews,Jeff Green,Nick Collison,Russell Westbrook,Serge Ibaka,Thabo Sefolosha,4,7:10,UTA,shot,Ronnie Price,,,,,,,,,Paul Millsap,2,,,made,,jump,12,12
Andrei Kirilenko,Mehmet Okur,Paul Millsap,Ronnie Price,Wesley Matthews,Jeff Green,Nick Collison,Russell Westbrook,Serge Ibaka,Thabo Sefolosha,4,6:46,UTA,foul,,,,,,,,Russell Westbrook,,Ronnie Price,,,,,,shooting,,
Andrei Kirilenko,Mehmet Okur,Paul Millsap,Ronnie Price,Wesley Matthews,Jeff Green,Kevin Durant,Nick Collison,Russell Westbrook,Thabo Sefolosha,4,6:46,OKC,sub,,,,Kevin Durant,,Serge Ibaka,,,,,,,,,,,,
Deron Williams,Mehmet Okur,Paul Millsap,Ronnie Price,Wesley Matthews,Jeff Green,Kevin Durant,Nick Collison,Russell Westbrook,Thabo Sefolosha,4,6:46,UTA,sub,,,,Deron Williams,,Andrei Kirilenko,,,,,,,,,,,,
Deron Williams,Mehmet Okur,Paul Millsap,Ronnie Price,Wesley Matthews,Jeff Green,Kevin Durant,Nick Collison,Russell Westbrook,Thabo Sefolosha,4,6:46,OKC,free throw,,,,,,,1,,2,Russell Westbrook,,,foul,missed,,,,
Deron Williams,Mehmet Okur,Paul Millsap,Ronnie Price,Wesley Matthews,Jeff Green,Kevin Durant,Nick Collison,Russell Westbrook,Thabo Sefolosha,4,6:46,OKC,rebound,,,,,,,,,,,,,,,,,,
Deron Williams,Mehmet Okur,Paul Millsap,Ronnie Price,Wesley Matthews,Jeff Green,Kevin Durant,Nick Collison,Russell Westbrook,Thabo Sefolosha,4,6:46,OKC,free throw,,,,,,,2,,2,Russell Westbrook,,,foul,made,,,,
Deron Williams,Mehmet Okur,Paul Millsap,Ronnie Price,Wesley Matthews,Jeff Green,Kevin Durant,Nick Collison,Russell Westbrook,Thabo Sefolosha,4,6:28,UTA,shot,,,,,,,,,,Paul Millsap,,,,missed,,jump,11,7
Deron Williams,Mehmet Okur,Paul Millsap,Ronnie Price,Wesley Matthews,Jeff Green,Kevin Durant,Nick Collison,Russell Westbrook,Thabo Sefolosha,4,6:27,OKC,rebound,,,,,,,,,,Thabo Sefolosha,,,,,,def,,
Deron Williams,Mehmet Okur,Paul Millsap,Ronnie Price,Wesley Matthews,Jeff Green,Kevin Durant,Nick Collison,Russell Westbrook,Thabo Sefolosha,4,6:14,OKC,shot,,,,,,,,,,Thabo Sefolosha,,,,missed,,floating jump,30,7
Deron Williams,Mehmet Okur,Paul Millsap,Ronnie Price,Wesley Matthews,Jeff Green,Kevin Durant,Nick Collison,Russell Westbrook,Thabo Sefolosha,4,6:13,UTA,rebound,,,,,,,,,,Paul Millsap,,,,,,def,,
Deron Williams,Mehmet Okur,Paul Millsap,Ronnie Price,Wesley Matthews,Jeff Green,Kevin Durant,Nick Collison,Russell Westbrook,Thabo Sefolosha,4,5:54,UTA,shot,,,,,,,,,,Mehmet Okur,,,,missed,,jump,40,7
Deron Williams,Mehmet Okur,Paul Millsap,Ronnie Price,Wesley Matthews,Jeff Green,Kevin Durant,Nick Collison,Russell Westbrook,Thabo Sefolosha,4,5:52,UTA,rebound,,,,,,,,,,Mehmet Okur,,,,,,off,,
Deron Williams,Mehmet Okur,Paul Millsap,Ronnie Price,Wesley Matthews,Jeff Green,Kevin Durant,Nick Collison,Russell Westbrook,Thabo Sefolosha,4,5:49,UTA,shot,Mehmet Okur,,,,,,,,,Paul Millsap,2,,,made,,layup,25,6
Deron Williams,Mehmet Okur,Paul Millsap,Ronnie Price,Wesley Matthews,Jeff Green,Kevin Durant,Nick Collison,Russell Westbrook,Thabo Sefolosha,4,5:32,OKC,turnover,,,,,,,,,,Russell Westbrook,,,bad pass,,Wesley Matthews,,,
Deron Williams,Mehmet Okur,Paul Millsap,Ronnie Price,Wesley Matthews,Jeff Green,Kevin Durant,Nick Collison,Russell Westbrook,Thabo Sefolosha,4,5:26,UTA,turnover,,,,,,,,,,Deron Williams,,,bad pass,,,,,
Deron Williams,Mehmet Okur,Paul Millsap,Ronnie Price,Wesley Matthews,Jeff Green,Kevin Durant,Nick Collison,Russell Westbrook,Thabo Sefolosha,4,5:26,OKC,timeout,,,,,,,,,,,,,,,,official,,
Deron Williams,Mehmet Okur,Paul Millsap,Ronnie Price,Wesley Matthews,Jeff Green,Kevin Durant,Nick Collison,Russell Westbrook,Thabo Sefolosha,4,5:09,OKC,foul,,,,,,,,Ronnie Price,,Jeff Green,,,,,,offensive,,
Deron Williams,Mehmet Okur,Paul Millsap,Ronnie Price,Wesley Matthews,Jeff Green,Kevin Durant,Nick Collison,Russell Westbrook,Thabo Sefolosha,4,5:09,OKC,turnover,,,,,,,,,,Jeff Green,,,foul,,,,,
Deron Williams,Mehmet Okur,Paul Millsap,Ronnie Price,Wesley Matthews,Kevin Durant,Nenad Krstic,Nick Collison,Russell Westbrook,Thabo Sefolosha,4,5:09,OKC,sub,,,,Nenad Krstic,,Jeff Green,,,,,,,,,,,,
Deron Williams,Mehmet Okur,Paul Millsap,Ronnie Price,Wesley Matthews,Kevin Durant,Nenad Krstic,Nick Collison,Russell Westbrook,Thabo Sefolosha,4,4:53,UTA,turnover,,,,,,,,,,Mehmet Okur,,,lost ball,,Russell Westbrook,,,
Deron Williams,Mehmet Okur,Paul Millsap,Ronnie Price,Wesley Matthews,Kevin Durant,Nenad Krstic,Nick Collison,Russell Westbrook,Thabo Sefolosha,4,4:49,OKC,shot,,,,,,,,,,Russell Westbrook,2,,,made,,jump,16,14
Deron Williams,Mehmet Okur,Paul Millsap,Ronnie Price,Wesley Matthews,Kevin Durant,Nenad Krstic,Nick Collison,Russell Westbrook,Thabo Sefolosha,4,4:49,UTA,foul,,,,,,,,Russell Westbrook,,Ronnie Price,,,,,,shooting,,
Carlos Boozer,Deron Williams,Mehmet Okur,Ronnie Price,Wesley Matthews,Kevin Durant,Nenad Krstic,Nick Collison,Russell Westbrook,Thabo Sefolosha,4,4:49,UTA,sub,,,,Carlos Boozer,,Paul Millsap,,,,,,,,,,,,
Carlos Boozer,Deron Williams,Mehmet Okur,Ronnie Price,Wesley Matthews,Kevin Durant,Nenad Krstic,Nick Collison,Russell Westbrook,Thabo Sefolosha,4,4:49,OKC,free throw,,,,,,,1,,1,Russell Westbrook,,,foul,missed,,,,
Carlos Boozer,Deron Williams,Mehmet Okur,Ronnie Price,Wesley Matthews,Kevin Durant,Nenad Krstic,Nick Collison,Russell Westbrook,Thabo Sefolosha,4,4:48,UTA,rebound,,,,,,,,,,Ronnie Price,,,,,,def,,
Carlos Boozer,Deron Williams,Mehmet Okur,Ronnie Price,Wesley Matthews,Kevin Durant,Nenad Krstic,Nick Collison,Russell Westbrook,Thabo Sefolosha,4,4:41,UTA,shot,,,Kevin Durant,,,,,,,Ronnie Price,,,,missed,,driving layup,25,6
Carlos Boozer,Deron Williams,Mehmet Okur,Ronnie Price,Wesley Matthews,Kevin Durant,Nenad Krstic,Nick Collison,Russell Westbrook,Thabo Sefolosha,4,4:41,UTA,rebound,,,,,,,,,,,,,,,,,,
Carlos Boozer,Deron Williams,Mehmet Okur,Ronnie Price,Wesley Matthews,Kevin Durant,Nenad Krstic,Nick Collison,Russell Westbrook,Thabo Sefolosha,4,4:32,UTA,shot,,,,,,,,,,Carlos Boozer,,,,missed,,jump,11,9
Carlos Boozer,Deron Williams,Mehmet Okur,Ronnie Price,Wesley Matthews,Kevin Durant,Nenad Krstic,Nick Collison,Russell Westbrook,Thabo Sefolosha,4,4:31,OKC,rebound,,,,,,,,,,Kevin Durant,,,,,,def,,
Carlos Boozer,Deron Williams,Mehmet Okur,Ronnie Price,Wesley Matthews,Kevin Durant,Nenad Krstic,Nick Collison,Russell Westbrook,Thabo Sefolosha,4,4:15,OKC,shot,,,,,,,,,,Kevin Durant,,,,missed,,fade away jumper,30,22
Carlos Boozer,Deron Williams,Mehmet Okur,Ronnie Price,Wesley Matthews,Kevin Durant,Nenad Krstic,Nick Collison,Russell Westbrook,Thabo Sefolosha,4,4:14,UTA,rebound,,,,,,,,,,Mehmet Okur,,,,,,def,,
Carlos Boozer,Deron Williams,Mehmet Okur,Ronnie Price,Wesley Matthews,Kevin Durant,Nenad Krstic,Nick Collison,Russell Westbrook,Thabo Sefolosha,4,4:08,UTA,shot,,,,,,,,,,Deron Williams,2,,,made,,layup,25,6
Carlos Boozer,Deron Williams,Mehmet Okur,Ronnie Price,Wesley Matthews,Kevin Durant,Nenad Krstic,Nick Collison,Russell Westbrook,Thabo Sefolosha,4,4:08,OKC,foul,,,,,,,,Deron Williams,,Nick Collison,,,,,,shooting,,
Carlos Boozer,Deron Williams,Paul Millsap,Ronnie Price,Wesley Matthews,Kevin Durant,Nenad Krstic,Nick Collison,Russell Westbrook,Thabo Sefolosha,4,4:08,UTA,sub,,,,Paul Millsap,,Mehmet Okur,,,,,,,,,,,,
Carlos Boozer,Deron Williams,Paul Millsap,Ronnie Price,Wesley Matthews,Kevin Durant,Nenad Krstic,Nick Collison,Russell Westbrook,Thabo Sefolosha,4,4:08,UTA,free throw,,,,,,,1,,1,Deron Williams,,,foul,made,,,,
Carlos Boozer,Deron Williams,Paul Millsap,Ronnie Price,Wesley Matthews,Kevin Durant,Nenad Krstic,Nick Collison,Russell Westbrook,Thabo Sefolosha,4,3:45,OKC,shot,,,,,,,,,,Russell Westbrook,,,,missed,,3pt,42,23
Carlos Boozer,Deron Williams,Paul Millsap,Ronnie Price,Wesley Matthews,Kevin Durant,Nenad Krstic,Nick Collison,Russell Westbrook,Thabo Sefolosha,4,3:44,UTA,rebound,,,,,,,,,,Paul Millsap,,,,,,def,,
Carlos Boozer,Deron Williams,Paul Millsap,Ronnie Price,Wesley Matthews,Kevin Durant,Nenad Krstic,Nick Collison,Russell Westbrook,Thabo Sefolosha,4,3:36,UTA,shot,,,,,,,,,,Deron Williams,2,,,made,,driving layup,25,6
Carlos Boozer,Deron Williams,Paul Millsap,Ronnie Price,Wesley Matthews,Kevin Durant,Nenad Krstic,Nick Collison,Russell Westbrook,Thabo Sefolosha,4,3:11,OKC,shot,Russell Westbrook,,,,,,,,,Kevin Durant,3,,,made,,3pt,12,27
Carlos Boozer,Deron Williams,Paul Millsap,Ronnie Price,Wesley Matthews,Kevin Durant,Nenad Krstic,Nick Collison,Russell Westbrook,Thabo Sefolosha,4,2:50,OKC,foul,,,,,,,,Deron Williams,,Thabo Sefolosha,,,,,,personal,,
Carlos Boozer,Deron Williams,Paul Millsap,Ronnie Price,Wesley Matthews,Kevin Durant,Nenad Krstic,Nick Collison,Russell Westbrook,Thabo Sefolosha,4,2:50,UTA,timeout,,,,,,,,,,,,,,,,regular,,
Carlos Boozer,Deron Williams,Paul Millsap,Ronnie Price,Wesley Matthews,Kevin Durant,Nenad Krstic,Nick Collison,Russell Westbrook,Thabo Sefolosha,4,2:41,UTA,shot,,,,,,,,,,Deron Williams,,,,missed,,jump,29,22
Carlos Boozer,Deron Williams,Paul Millsap,Ronnie Price,Wesley Matthews,Kevin Durant,Nenad Krstic,Nick Collison,Russell Westbrook,Thabo Sefolosha,4,2:39,OKC,rebound,,,,,,,,,,Russell Westbrook,,,,,,def,,
Carlos Boozer,Deron Williams,Paul Millsap,Ronnie Price,Wesley Matthews,Kevin Durant,Nenad Krstic,Nick Collison,Russell Westbrook,Thabo Sefolosha,4,2:19,OKC,shot,,,,,,,,,,Nenad Krstic,,,,missed,,jump,43,18
Carlos Boozer,Deron Williams,Paul Millsap,Ronnie Price,Wesley Matthews,Kevin Durant,Nenad Krstic,Nick Collison,Russell Westbrook,Thabo Sefolosha,4,2:17,OKC,rebound,,,,,,,,,,Thabo Sefolosha,,,,,,off,,
Carlos Boozer,Deron Williams,Paul Millsap,Ronnie Price,Wesley Matthews,Kevin Durant,Nenad Krstic,Nick Collison,Russell Westbrook,Thabo Sefolosha,4,1:58,OKC,shot,,,,,,,,,,Russell Westbrook,2,,,made,,slam dunk,25,6
Carlos Boozer,Deron Williams,Paul Millsap,Ronnie Price,Wesley Matthews,Kevin Durant,Nenad Krstic,Nick Collison,Russell Westbrook,Thabo Sefolosha,4,1:46,UTA,foul,,,,,,,,Nick Collison,,Carlos Boozer,,,,,,offensive,,
Carlos Boozer,Deron Williams,Paul Millsap,Ronnie Price,Wesley Matthews,Kevin Durant,Nenad Krstic,Nick Collison,Russell Westbrook,Thabo Sefolosha,4,1:46,UTA,turnover,,,,,,,,,,Carlos Boozer,,,foul,,,,,
Carlos Boozer,Deron Williams,Paul Millsap,Ronnie Price,Wesley Matthews,Kevin Durant,Nenad Krstic,Nick Collison,Russell Westbrook,Thabo Sefolosha,4,1:30,OKC,turnover,,,,,,,,,,Kevin Durant,,,lost ball,,Deron Williams,,,
Carlos Boozer,Deron Williams,Paul Millsap,Ronnie Price,Wesley Matthews,Kevin Durant,Nenad Krstic,Nick Collison,Russell Westbrook,Thabo Sefolosha,4,1:26,UTA,shot,,,,,,,,,,Deron Williams,2,,,made,,dunk,25,6
Carlos Boozer,Deron Williams,Paul Millsap,Ronnie Price,Wesley Matthews,Kevin Durant,Nenad Krstic,Nick Collison,Russell Westbrook,Thabo Sefolosha,4,1:06,OKC,shot,,,,,,,,,,Kevin Durant,,,,missed,,jump,39,10
Carlos Boozer,Deron Williams,Paul Millsap,Ronnie Price,Wesley Matthews,Kevin Durant,Nenad Krstic,Nick Collison,Russell Westbrook,Thabo Sefolosha,4,1:06,OKC,rebound,,,,,,,,,,,,,,,,,,
Carlos Boozer,Deron Williams,Paul Millsap,Ronnie Price,Wesley Matthews,Kevin Durant,Nenad Krstic,Nick Collison,Russell Westbrook,Thabo Sefolosha,4,1:05,OKC,shot,Thabo Sefolosha,,,,,,,,,Nick Collison,2,,,made,,floating jump,20,11
Carlos Boozer,Deron Williams,Paul Millsap,Ronnie Price,Wesley Matthews,Kevin Durant,Nenad Krstic,Nick Collison,Russell Westbrook,Thabo Sefolosha,4,1:05,UTA,foul,,,,,,,,Nick Collison,,Paul Millsap,,,,,,shooting,,
Carlos Boozer,Deron Williams,Paul Millsap,Ronnie Price,Wesley Matthews,Kevin Durant,Nenad Krstic,Nick Collison,Russell Westbrook,Thabo Sefolosha,4,1:05,OKC,free throw,,,,,,,1,,1,Nick Collison,,,foul,missed,,,,
Carlos Boozer,Deron Williams,Paul Millsap,Ronnie Price,Wesley Matthews,Kevin Durant,Nenad Krstic,Nick Collison,Russell Westbrook,Thabo Sefolosha,4,1:04,UTA,rebound,,,,,,,,,,Wesley Matthews,,,,,,def,,
Carlos Boozer,Deron Williams,Paul Millsap,Ronnie Price,Wesley Matthews,Kevin Durant,Nenad Krstic,Nick Collison,Russell Westbrook,Thabo Sefolosha,4,0:58,UTA,shot,,,,,,,,,,Deron Williams,2,,,made,,jump bank,18,11
Carlos Boozer,Deron Williams,Paul Millsap,Ronnie Price,Wesley Matthews,Kevin Durant,Nenad Krstic,Nick Collison,Russell Westbrook,Thabo Sefolosha,4,0:58,OKC,foul,,,,,,,,Deron Williams,,Thabo Sefolosha,,,,,,shooting,,
Carlos Boozer,Deron Williams,Paul Millsap,Ronnie Price,Wesley Matthews,Kevin Durant,Nenad Krstic,Nick Collison,Russell Westbrook,Thabo Sefolosha,4,0:58,UTA,free throw,,,,,,,1,,1,Deron Williams,,,foul,made,,,,
Carlos Boozer,Deron Williams,Paul Millsap,Ronnie Price,Wesley Matthews,Kevin Durant,Nenad Krstic,Nick Collison,Russell Westbrook,Thabo Sefolosha,4,0:37,OKC,foul,,,,,,,,Ronnie Price,,Russell Westbrook,,,,,,offensive,,
Carlos Boozer,Deron Williams,Paul Millsap,Ronnie Price,Wesley Matthews,Kevin Durant,Nenad Krstic,Nick Collison,Russell Westbrook,Thabo Sefolosha,4,0:37,OKC,turnover,,,,,,,,,,Russell Westbrook,,,foul,,,,,
Carlos Boozer,Deron Williams,Paul Millsap,Ronnie Price,Wesley Matthews,Kevin Durant,Nenad Krstic,Nick Collison,Russell Westbrook,Thabo Sefolosha,4,0:15,UTA,shot,,,,,,,,,,Deron Williams,,,,missed,,jump,34,26
Carlos Boozer,Deron Williams,Paul Millsap,Ronnie Price,Wesley Matthews,Kevin Durant,Nenad Krstic,Nick Collison,Russell Westbrook,Thabo Sefolosha,4,0:14,UTA,rebound,,,,,,,,,,Paul Millsap,,,,,,off,,
Carlos Boozer,Deron Williams,Paul Millsap,Ronnie Price,Wesley Matthews,Kevin Durant,Nenad Krstic,Nick Collison,Russell Westbrook,Thabo Sefolosha,4,0:12,UTA,turnover,,,,,,,,,,,,,shot clock turnover,,,,,
Carlos Boozer,Deron Williams,Paul Millsap,Ronnie Price,Wesley Matthews,Kevin Durant,Nenad Krstic,Nick Collison,Russell Westbrook,Thabo Sefolosha,4,0:12,OKC,timeout,,,,,,,,,,,,,,,,regular,,
Carlos Boozer,Deron Williams,Paul Millsap,Ronnie Price,Wesley Matthews,Kevin Durant,Nenad Krstic,Nick Collison,Russell Westbrook,Thabo Sefolosha,4,0:06,OKC,shot,,,,,,,,,,Kevin Durant,,,,missed,,jump,10,16
Carlos Boozer,Deron Williams,Paul Millsap,Ronnie Price,Wesley Matthews,Kevin Durant,Nenad Krstic,Nick Collison,Russell Westbrook,Thabo Sefolosha,4,0:04,OKC,rebound,,,,,,,,,,,,,,,,,,
Carlos Boozer,Deron Williams,Paul Millsap,Ronnie Price,Wesley Matthews,Kevin Durant,Nenad Krstic,Nick Collison,Russell Westbrook,Thabo Sefolosha,4,0:04,UTA,foul,,,,,,,,Nick Collison,,Paul Millsap,,,,,,loose ball,,
Carlos Boozer,Deron Williams,Mehmet Okur,Ronnie Price,Wesley Matthews,Kevin Durant,Nenad Krstic,Nick Collison,Russell Westbrook,Thabo Sefolosha,4,0:04,UTA,sub,,,,Mehmet Okur,,Paul Millsap,,,,,,,,,,,,
Carlos Boozer,Deron Williams,Mehmet Okur,Ronnie Price,Wesley Matthews,Kevin Durant,Nenad Krstic,Nick Collison,Russell Westbrook,Thabo Sefolosha,4,0:04,OKC,free throw,,,,,,,1,,2,Nick Collison,,,foul,made,,,,
Carlos Boozer,Deron Williams,Mehmet Okur,Ronnie Price,Wesley Matthews,Kevin Durant,Nenad Krstic,Nick Collison,Russell Westbrook,Thabo Sefolosha,4,0:04,OKC,free throw,,,,,,,2,,2,Nick Collison,,,foul,made,,,,
Carlos Boozer,Deron Williams,Mehmet Okur,Ronnie Price,Wesley Matthews,Kevin Durant,Nenad Krstic,Nick Collison,Russell Westbrook,Thabo Sefolosha,4,0:04,UTA,timeout,,,,,,,,,,,,,,,,regular,,
Andrei Kirilenko,Carlos Boozer,Deron Williams,Mehmet Okur,Ronnie Price,Kevin Durant,Nenad Krstic,Nick Collison,Russell Westbrook,Thabo Sefolosha,4,0:04,UTA,sub,,,,Andrei Kirilenko,,Wesley Matthews,,,,,,,,,,,,
Andrei Kirilenko,Carlos Boozer,Deron Williams,Mehmet Okur,Ronnie Price,Kevin Durant,Nenad Krstic,Nick Collison,Russell Westbrook,Thabo Sefolosha,4,0:01,UTA,shot,,,,,,,,,,Ronnie Price,,,,missed,,jump,4,10
Andrei Kirilenko,Carlos Boozer,Deron Williams,Mehmet Okur,Ronnie Price,Kevin Durant,Nenad Krstic,Nick Collison,Russell Westbrook,Thabo Sefolosha,4,0:00,UTA,rebound,,,,,,,,,,,,,,,,,,
