a1,a2,a3,a4,a5,h1,h2,h3,h4,h5,period,time,team,etype,assist,away,block,entered,home,left,num,opponent,outof,player,points,possession,reason,result,steal,type,x,y
Kendrick Perkins,Kevin Garnett,Paul Pierce,Rajon Rondo,Ray Allen,Jeff Green,Kevin Durant,Nick Collison,Russell Westbrook,Thabo Sefolosha,1,12:00,OFF,jump ball,,Kendrick Perkins,,,Jeff Green,,,,,,,Kevin Garnett,,,,,,
Kendrick Perkins,Kevin Garnett,Paul Pierce,Rajon Rondo,Ray Allen,Jeff Green,Kevin Durant,Nick Collison,Russell Westbrook,Thabo Sefolosha,1,11:35,BOS,shot,,,Nick Collison,,,,,,,Ray Allen,,,,missed,,running jump,35,9
Kendrick Perkins,Kevin Garnett,Paul Pierce,Rajon Rondo,Ray Allen,Jeff Green,Kevin Durant,Nick Collison,Russell Westbrook,Thabo Sefolosha,1,11:34,OKC,rebound,,,,,,,,,,Kevin Durant,,,,,,def,,
Kendrick Perkins,Kevin Garnett,Paul Pierce,Rajon Rondo,Ray Allen,Jeff Green,Kevin Durant,Nick Collison,Russell Westbrook,Thabo Sefolosha,1,11:30,OKC,turnover,,,,,,,,,,Kevin Durant,,,lost ball,,Rajon Rondo,,,
Kendrick Perkins,Kevin Garnett,Paul Pierce,Rajon Rondo,Ray Allen,Jeff Green,Kevin Durant,Nick Collison,Russell Westbrook,Thabo Sefolosha,1,11:21,BOS,shot,Kevin Garnett,,,,,,,,,Paul Pierce,3,,,made,,3pt,43,23
Kendrick Perkins,Kevin Garnett,Paul Pierce,Rajon Rondo,Ray Allen,Jeff Green,Kevin Durant,Nick Collison,Russell Westbrook,Thabo Sefolosha,1,10:58,OKC,shot,,,,,,,,,,Jeff Green,2,,,made,,hook bank,20,11
Kendrick Perkins,Kevin Garnett,Paul Pierce,Rajon Rondo,Ray Allen,Jeff Green,Kevin Durant,Nick Collison,Russell Westbrook,Thabo Sefolosha,1,10:37,BOS,shot,,,,,,,,,,Paul Pierce,,,,missed,,3pt,33,29
Kendrick Perkins,Kevin Garnett,Paul Pierce,Rajon Rondo,Ray Allen,Jeff Green,Kevin Durant,Nick Collison,Russell Westbrook,Thabo Sefolosha,1,10:36,OKC,rebound,,,,,,,,,,Thabo Sefolosha,,,,,,def,,
Kendrick Perkins,Kevin Garnett,Paul Pierce,Rajon Rondo,Ray Allen,Jeff Green,Kevin Durant,Nick Collison,Russell Westbrook,Thabo Sefolosha,1,10:24,OKC,shot,,,,,,,,,,Kevin Durant,2,,,made,,jump,26,18
Kendrick Perkins,Kevin Garnett,Paul Pierce,Rajon Rondo,Ray Allen,Jeff Green,Kevin Durant,Nick Collison,Russell Westbrook,Thabo Sefolosha,1,10:10,BOS,shot,Kevin Garnett,,,,,,,,,Rajon Rondo,2,,,made,,reverse layup,25,6
Kendrick Perkins,Kevin Garnett,Paul Pierce,Rajon Rondo,Ray Allen,Jeff Green,Kevin Durant,Nick Collison,Russell Westbrook,Thabo Sefolosha,1,9:46,OKC,shot,,,,,,,,,,Jeff Green,2,,,made,,reverse slam dunk,25,6
Kendrick Perkins,Kevin Garnett,Paul Pierce,Rajon Rondo,Ray Allen,Jeff Green,Kevin Durant,Nick Collison,Russell Westbrook,Thabo Sefolosha,1,9:22,OKC,foul,,,,,,,,Kevin Garnett,,Jeff Green,,,,,,personal,,
Kendrick Perkins,Kevin Garnett,Paul Pierce,Rajon Rondo,Ray Allen,Jeff Green,Kevin Durant,Nick Collison,Russell Westbrook,Thabo Sefolosha,1,9:18,BOS,turnover,,,,,,,,,,Kevin Garnett,,,traveling,,,,,
Kendrick Perkins,Kevin Garnett,Paul Pierce,Rajon Rondo,Ray Allen,Jeff Green,Kevin Durant,Nick Collison,Russell Westbrook,Thabo Sefolosha,1,9:08,OKC,shot,Thabo Sefolosha,,,,,,,,,Kevin Durant,2,,,made,,jump bank,36,12
Kendrick Perkins,Kevin Garnett,Paul Pierce,Rajon Rondo,Ray Allen,Jeff Green,Kevin Durant,Nick Collison,Russell Westbrook,Thabo Sefolosha,1,8:52,BOS,shot,,,,,,,,,,Kevin Garnett,2,,,made,,turnaround fade away,34,8
Kendrick Perkins,Kevin Garnett,Paul Pierce,Rajon Rondo,Ray Allen,Jeff Green,Kevin Durant,Nick Collison,Russell Westbrook,Thabo Sefolosha,1,8:39,OKC,shot,Russell Westbrook,,,,,,,,,Kevin Durant,2,,,made,,jump,10,16
Kendrick Perkins,Kevin Garnett,Paul Pierce,Rajon Rondo,Ray Allen,Jeff Green,Kevin Durant,Nick Collison,Russell Westbrook,Thabo Sefolosha,1,8:23,OKC,foul,,,,,,,,Kevin Garnett,,Nick Collison,,,,,,shooting,,
Kendrick Perkins,Kevin Garnett,Paul Pierce,Rajon Rondo,Ray Allen,Jeff Green,Kevin Durant,Nick Collison,Russell Westbrook,Thabo Sefolosha,1,8:23,BOS,free throw,,,,,,,1,,2,Kevin Garnett,,,foul,made,,,,
Kendrick Perkins,Kevin Garnett,Paul Pierce,Rajon Rondo,Ray Allen,Jeff Green,Kevin Durant,Nick Collison,Russell Westbrook,Thabo Sefolosha,1,8:23,BOS,free throw,,,,,,,2,,2,Kevin Garnett,,,foul,made,,,,
Kendrick Perkins,Kevin Garnett,Paul Pierce,Rajon Rondo,Ray Allen,Jeff Green,Kevin Durant,Nick Collison,Russell Westbrook,Thabo Sefolosha,1,8:16,OKC,turnover,,,,,,,,,,Russell Westbrook,,,bad pass,,Ray Allen,,,
Kendrick Perkins,Kevin Garnett,Paul Pierce,Rajon Rondo,Ray Allen,Jeff Green,Kevin Durant,Nick Collison,Russell Westbrook,Thabo Sefolosha,1,8:11,BOS,shot,,,,,,,,,,Ray Allen,,,,missed,,layup,25,6
Kendrick Perkins,Kevin Garnett,Paul Pierce,Rajon Rondo,Ray Allen,Jeff Green,Kevin Durant,Nick Collison,Russell Westbrook,Thabo Sefolosha,1,8:09,BOS,rebound,,,,,,,,,,Kevin Garnett,,,,,,off,,
Kendrick Perkins,Kevin Garnett,Paul Pierce,Rajon Rondo,Ray Allen,Jeff Green,Kevin Durant,Nick Collison,Russell Westbrook,Thabo Sefolosha,1,8:09,BOS,shot,,,,,,,,,,Kevin Garnett,2,,,made,,tip,25,6
Kendrick Perkins,Kevin Garnett,Paul Pierce,Rajon Rondo,Ray Allen,Jeff Green,Kevin Durant,Nick Collison,Russell Westbrook,Thabo Sefolosha,1,7:52,OKC,shot,,,,,,,,,,Russell Westbrook,,,,missed,,3pt,30,29
Kendrick Perkins,Kevin Garnett,Paul Pierce,Rajon Rondo,Ray Allen,Jeff Green,Kevin Durant,Nick Collison,Russell Westbrook,Thabo Sefolosha,1,7:50,BOS,rebound,,,,,,,,,,Ray Allen,,,,,,def,,
Kendrick Perkins,Kevin Garnett,Paul Pierce,Rajon Rondo,Ray Allen,Jeff Green,Kevin Durant,Nick Collison,Russell Westbrook,Thabo Sefolosha,1,7:39,BOS,shot,,,,,,,,,,Kevin Garnett,,,,missed,,fade away jumper,36,8
Kendrick Perkins,Kevin Garnett,Paul Pierce,Rajon Rondo,Ray Allen,Jeff Green,Kevin Durant,Nick Collison,Russell Westbrook,Thabo Sefolosha,1,7:38,BOS,rebound,,,,,,,,,,Kendrick Perkins,,,,,,off,,
Kendrick Perkins,Kevin Garnett,Paul Pierce,Rajon Rondo,Ray Allen,Jeff Green,Kevin Durant,Nick Collison,Russell Westbrook,Thabo Sefolosha,1,7:25,BOS,shot,Kevin Garnett,,,,,,,,,Paul Pierce,3,,,made,,3pt,16,30
Kendrick Perkins,Kevin Garnett,Paul Pierce,Rajon Rondo,Ray Allen,Jeff Green,Kevin Durant,Nick Collison,Russell Westbrook,Thabo Sefolosha,1,7:03,OKC,shot,,,,,,,,,,Nick Collison,,,,missed,,layup,25,6
Kendrick Perkins,Kevin Garnett,Paul Pierce,Rajon Rondo,Ray Allen,Jeff Green,Kevin Durant,Nick Collison,Russell Westbrook,Thabo Sefolosha,1,7:01,BOS,rebound,,,,,,,,,,Kevin Garnett,,,,,,def,,
Kendrick Perkins,Kevin Garnett,Paul Pierce,Rajon Rondo,Ray Allen,Jeff Green,Kevin Durant,Nick Collison,Russell Westbrook,Thabo Sefolosha,1,6:55,BOS,shot,Ray Allen,,,,,,,,,Paul Pierce,3,,,made,,3pt,5,20
Kendrick Perkins,Kevin Garnett,Paul Pierce,Rajon Rondo,Ray Allen,Jeff Green,Kevin Durant,Nick Collison,Russell Westbrook,Thabo Sefolosha,1,6:47,OKC,timeout,,,,,,,,,,,,,,,,regular,,
Kendrick Perkins,Kevin Garnett,Paul Pierce,Rajon Rondo,Ray Allen,Jeff Green,Kevin Durant,Nick Collison,Russell Westbrook,Thabo Sefolosha,1,6:41,OKC,shot,,,,,,,,,,Russell Westbrook,,,,missed,,finger roll layup,25,6
Kendrick Perkins,Kevin Garnett,Paul Pierce,Rajon Rondo,Ray Allen,Jeff Green,Kevin Durant,Nick Collison,Russell Westbrook,Thabo Sefolosha,1,6:40,BOS,rebound,,,,,,,,,,,,,,,,,,
Kendrick Perkins,Kevin Garnett,Paul Pierce,Rajon Rondo,Ray Allen,Jeff Green,Kevin Durant,Nick Collison,Russell Westbrook,Thabo Sefolosha,1,6:23,BOS,shot,Paul Pierce,,,,,,,,,Kendrick Perkins,2,,,made,,layup,25,6
Kendrick Perkins,Kevin Garnett,Paul Pierce,Rajon Rondo,Ray Allen,Jeff Green,Kevin Durant,Nick Collison,Russell Westbrook,Thabo Sefolosha,1,6:05,OKC,shot,,,,,,,,,,Kevin Durant,2,,,made,,jump,15,21
Kendrick Perkins,Kevin Garnett,Paul Pierce,Rajon Rondo,Ray Allen,Jeff Green,Kevin Durant,Nick Collison,Russell Westbrook,Thabo Sefolosha,1,5:43,BOS,shot,Kendrick Perkins,,,,,,,,,Paul Pierce,2,,,made,,jump,11,18
Kendrick Perkins,Kevin Garnett,Paul Pierce,Rajon Rondo,Ray Allen,Jeff Green,Kevin Durant,Nick Collison,Russell Westbrook,Thabo Sefolosha,1,5:21,OKC,shot,,,,,,,,,,Jeff Green,,,,missed,,3pt,3,18
Kendrick Perkins,Kevin Garnett,Paul Pierce,Rajon Rondo,Ray Allen,Jeff Green,Kevin Durant,Nick Collison,Russell Westbrook,Thabo Sefolosha,1,5:20,BOS,rebound,,,,,,,,,,Paul Pierce,,,,,,def,,
Kendrick Perkins,Kevin Garnett,Paul Pierce,Rajon Rondo,Ray Allen,Jeff Green,Kevin Durant,Nick Collison,Russell Westbrook,Thabo Sefolosha,1,5:16,BOS,shot,Paul Pierce,,,,,,,,,Ray Allen,2,,,made,,layup,25,6
Kendrick Perkins,Kevin Garnett,Paul Pierce,Rajon Rondo,Ray Allen,Jeff Green,Kevin Durant,Nick Collison,Russell Westbrook,Thabo Sefolosha,1,5:03,OKC,turnover,,,,,,,,,,Russell Westbrook,,,poss lost ball turnover,,,,,
Kendrick Perkins,Kevin Garnett,Paul Pierce,Rajon Rondo,Ray Allen,Jeff Green,Kevin Durant,Nick Collison,Russell Westbrook,Thabo Sefolosha,1,5:03,OKC,foul,,,,,,,,Rajon Rondo,,Russell Westbrook,,,,,,loose ball,,
Kendrick Perkins,Kevin Garnett,Paul Pierce,Rajon Rondo,Ray Allen,James Harden,Jeff Green,Kevin Durant,Nick Collison,Russell Westbrook,1,5:03,OKC,sub,,,,James Harden,,Thabo Sefolosha,,,,,,,,,,,,
Kendrick Perkins,Kevin Garnett,Paul Pierce,Rajon Rondo,Ray Allen,James Harden,Jeff Green,Kevin Durant,Nick Collison,Russell Westbrook,1,4:43,BOS,shot,,,,,,,,,,Kendrick Perkins,2,,,made,,layup,25,6
Kendrick Perkins,Kevin Garnett,Paul Pierce,Rajon Rondo,Ray Allen,James Harden,Jeff Green,Kevin Durant,Nick Collison,Russell Westbrook,1,4:18,OKC,shot,,,,,,,,,,Nick Collison,2,,,made,,running hook,24,10
Kendrick Perkins,Kevin Garnett,Paul Pierce,Rajon Rondo,Ray Allen,James Harden,Jeff Green,Kevin Durant,Nick Collison,Russell Westbrook,1,4:11,OKC,foul,,,,,,,,Kendrick Perkins,,Russell Westbrook,,,,,,shooting,,
Kendrick Perkins,Kevin Garnett,Paul Pierce,Rajon Rondo,Ray Allen,James Harden,Jeff Green,Kevin Durant,Nick Collison,Russell Westbrook,1,4:11,BOS,free throw,,,,,,,1,,2,Kendrick Perkins,,,foul,missed,,,,
Kendrick Perkins,Kevin Garnett,Paul Pierce,Rajon Rondo,Ray Allen,James Harden,Jeff Green,Kevin Durant,Nick Collison,Russell Westbrook,1,4:11,BOS,rebound,,,,,,,,,,,,,,,,,,
Kendrick Perkins,Kevin Garnett,Paul Pierce,Rajon Rondo,Ray Allen,James Harden,Jeff Green,Kevin Durant,Russell Westbrook,Serge Ibaka,1,4:11,OKC,sub,,,,Serge Ibaka,,Nick Collison,,,,,,,,,,,,
Kendrick Perkins,Kevin Garnett,Paul Pierce,Rajon Rondo,Ray Allen,James Harden,Jeff Green,Kevin Durant,Mike Wilks,Serge Ibaka,1,4:11,OKC,sub,,,,Mike Wilks,,Russell Westbrook,,,,,,,,,,,,
Kendrick Perkins,Kevin Garnett,Paul Pierce,Rajon Rondo,Ray Allen,James Harden,Jeff Green,Kevin Durant,Mike Wilks,Serge Ibaka,1,4:11,BOS,free throw,,,,,,,2,,2,Kendrick Perkins,,,foul,made,,,,
Kendrick Perkins,Kevin Garnett,Paul Pierce,Rajon Rondo,Ray Allen,James Harden,Jeff Green,Kevin Durant,Mike Wilks,Serge Ibaka,1,3:54,BOS,foul,,,,,,,,James Harden,,Ray Allen,,,,,,personal,,
Kendrick Perkins,Kevin Garnett,Paul Pierce,Rajon Rondo,Ray Allen,James Harden,Jeff Green,Kevin Durant,Mike Wilks,Serge Ibaka,1,3:51,OKC,shot,,,,,,,,,,Kevin Durant,,,,missed,,3pt,36,29
Kendrick Perkins,Kevin Garnett,Paul Pierce,Rajon Rondo,Ray Allen,James Harden,Jeff Green,Kevin Durant,Mike Wilks,Serge Ibaka,1,3:50,BOS,rebound,,,,,,,,,,Ray Allen,,,,,,def,,
Kendrick Perkins,Kevin Garnett,Paul Pierce,Rajon Rondo,Ray Allen,James Harden,Jeff Green,Kevin Durant,Mike Wilks,Serge Ibaka,1,3:40,BOS,foul,,,,,,,,James Harden,,Paul Pierce,,,,,,offensive,,
Kendrick Perkins,Kevin Garnett,Paul Pierce,Rajon Rondo,Ray Allen,James Harden,Jeff Green,Kevin Durant,Mike Wilks,Serge Ibaka,1,3:40,BOS,turnover,,,,,,,,,,Paul Pierce,,,foul,,,,,
Kendrick Perkins,Kevin Garnett,Marquis Daniels,Rajon Rondo,Ray Allen,James Harden,Jeff Green,Kevin Durant,Mike Wilks,Serge Ibaka,1,3:40,BOS,sub,,,,Marquis Daniels,,Paul Pierce,,,,,,,,,,,,
Kevin Garnett,Marquis Daniels,Rajon Rondo,Rasheed Wallace,Ray Allen,James Harden,Jeff Green,Kevin Durant,Mike Wilks,Serge Ibaka,1,3:40,BOS,sub,,,,Rasheed Wallace,,Kendrick Perkins,,,,,,,,,,,,
Kevin Garnett,Marquis Daniels,Rajon Rondo,Rasheed Wallace,Ray Allen,James Harden,Jeff Green,Kevin Durant,Mike Wilks,Serge Ibaka,1,3:15,OKC,shot,,,,,,,,,,Mike Wilks,2,,,made,,floating jump,19,11
Kevin Garnett,Marquis Daniels,Rajon Rondo,Rasheed Wallace,Ray Allen,James Harden,Jeff Green,Kevin Durant,Mike Wilks,Serge Ibaka,1,3:06,BOS,shot,Marquis Daniels,,,,,,,,,Ray Allen,3,,,made,,3pt,16,28
Kevin Garnett,Marquis Daniels,Rajon Rondo,Rasheed Wallace,Ray Allen,James Harden,Jeff Green,Kevin Durant,Mike Wilks,Serge Ibaka,1,3:06,OKC,foul,,,,,,,,Ray Allen,,James Harden,,,,,,shooting,,
Kevin Garnett,Marquis Daniels,Rajon Rondo,Rasheed Wallace,Ray Allen,James Harden,Jeff Green,Kevin Durant,Mike Wilks,Serge Ibaka,1,3:06,BOS,free throw,,,,,,,1,,1,Ray Allen,,,foul,missed,,,,
Kevin Garnett,Marquis Daniels,Rajon Rondo,Rasheed Wallace,Ray Allen,James Harden,Jeff Green,Kevin Durant,Mike Wilks,Serge Ibaka,1,3:05,OKC,rebound,,,,,,,,,,Jeff Green,,,,,,def,,
Kevin Garnett,Marquis Daniels,Rajon Rondo,Rasheed Wallace,Ray Allen,James Harden,Jeff Green,Kevin Durant,Mike Wilks,Serge Ibaka,1,2:47,BOS,foul,,,,,,,,Kevin Durant,,Marquis Daniels,,,,,,personal,,
Kevin Garnett,Marquis Daniels,Rajon Rondo,Rasheed Wallace,Ray Allen,James Harden,Jeff Green,Kevin Durant,Mike Wilks,Serge Ibaka,1,2:47,BOS,timeout,,,,,,,,,,,,,,,,regular,,
Marquis Daniels,Rajon Rondo,Rasheed Wallace,Ray Allen,Shelden Williams,James Harden,Jeff Green,Kevin Durant,Mike Wilks,Serge Ibaka,1,2:47,BOS,sub,,,,Shelden Williams,,Kevin Garnett,,,,,,,,,,,,
Marquis Daniels,Rajon Rondo,Rasheed Wallace,Ray Allen,Shelden Williams,James Harden,Jeff Green,Kevin Durant,Mike Wilks,Serge Ibaka,1,2:35,OKC,shot,,,,,,,,,,Kevin Durant,2,,,made,,jump bank,33,10
Marquis Daniels,Rajon Rondo,Rasheed Wallace,Ray Allen,Shelden Williams,James Harden,Jeff Green,Kevin Durant,Mike Wilks,Serge Ibaka,1,2:21,BOS,shot,,,,,,,,,,Rajon Rondo,,,,missed,,jump,36,20
Marquis Daniels,Rajon Rondo,Rasheed Wallace,Ray Allen,Shelden Williams,James Harden,Jeff Green,Kevin Durant,Mike Wilks,Serge Ibaka,1,2:20,OKC,rebound,,,,,,,,,,James Harden,,,,,,def,,
Marquis Daniels,Rajon Rondo,Rasheed Wallace,Ray Allen,Shelden Williams,James Harden,Jeff Green,Kevin Durant,Mike Wilks,Serge Ibaka,1,1:58,OKC,shot,,,,,,,,,,Kevin Durant,,,,missed,,jump,36,11
Marquis Daniels,Rajon Rondo,Rasheed Wallace,Ray Allen,Shelden Williams,James Harden,Jeff Green,Kevin Durant,Mike Wilks,Serge Ibaka,1,1:56,BOS,rebound,,,,,,,,,,Rasheed Wallace,,,,,,def,,
Marquis Daniels,Rajon Rondo,Rasheed Wallace,Ray Allen,Shelden Williams,James Harden,Jeff Green,Kevin Durant,Mike Wilks,Serge Ibaka,1,1:41,BOS,shot,,,,,,,,,,Rasheed Wallace,,,,missed,,jump,28,11
Marquis Daniels,Rajon Rondo,Rasheed Wallace,Ray Allen,Shelden Williams,James Harden,Jeff Green,Kevin Durant,Mike Wilks,Serge Ibaka,1,1:40,OKC,rebound,,,,,,,,,,Kevin Durant,,,,,,def,,
Marquis Daniels,Rajon Rondo,Rasheed Wallace,Ray Allen,Shelden Williams,James Harden,Jeff Green,Kevin Durant,Mike Wilks,Serge Ibaka,1,1:18,OKC,turnover,,,,,,,,,,Mike Wilks,,,lost ball,,Shelden Williams,,,
Marquis Daniels,Rajon Rondo,Rasheed Wallace,Ray Allen,Shelden Williams,James Harden,Jeff Green,Kevin Durant,Mike Wilks,Serge Ibaka,1,1:11,BOS,turnover,,,,,,,,,,Shelden Williams,,,traveling,,,,,
Marquis Daniels,Rajon Rondo,Rasheed Wallace,Ray Allen,Shelden Williams,James Harden,Jeff Green,Kevin Durant,Mike Wilks,Serge Ibaka,1,0:59,BOS,foul,,,,,,,,Kevin Durant,,Marquis Daniels,,,,,,shooting,,
Marquis Daniels,Rajon Rondo,Rasheed Wallace,Ray Allen,Shelden Williams,James Harden,Jeff Green,Kevin Durant,Mike Wilks,Serge Ibaka,1,0:59,OKC,free throw,,,,,,,1,,2,Kevin Durant,,,foul,made,,,,
Marquis Daniels,Rajon Rondo,Rasheed Wallace,Ray Allen,Shelden Williams,James Harden,Kevin Durant,Mike Wilks,Serge Ibaka,Thabo Sefolosha,1,0:59,OKC,sub,,,,Thabo Sefolosha,,Jeff Green,,,,,,,,,,,,
Marquis Daniels,Rajon Rondo,Rasheed Wallace,Ray Allen,Shelden Williams,James Harden,Kevin Durant,Mike Wilks,Serge Ibaka,Thabo Sefolosha,1,0:59,OKC,free throw,,,,,,,2,,2,Kevin Durant,,,foul,made,,,,
Marquis Daniels,Rajon Rondo,Rasheed Wallace,Ray Allen,Shelden Williams,James Harden,Kevin Durant,Mike Wilks,Serge Ibaka,Thabo Sefolosha,1,0:39,BOS,shot,,,,,,,,,,Rasheed Wallace,2,,,made,,jump bank,32,11
Marquis Daniels,Rajon Rondo,Rasheed Wallace,Ray Allen,Shelden Williams,James Harden,Kevin Durant,Mike Wilks,Serge Ibaka,Thabo Sefolosha,1,0:25,OKC,turnover,,,,,,,,,,Serge Ibaka,,,lost ball,,Shelden Williams,,,
Marquis Daniels,Rajon Rondo,Rasheed Wallace,Ray Allen,Shelden Williams,James Harden,Kevin Durant,Mike Wilks,Serge Ibaka,Thabo Sefolosha,1,0:00,BOS,shot,,,,,,,,,,Ray Allen,,,,missed,,floating jump,21,12
Marquis Daniels,Rajon Rondo,Rasheed Wallace,Ray Allen,Shelden Williams,James Harden,Kevin Durant,Mike Wilks,Serge Ibaka,Thabo Sefolosha,1,0:00,BOS,rebound,,,,,,,,,,,,,,,,,,
Eddie House,Marquis Daniels,Rasheed Wallace,Ray Allen,Shelden Williams,James Harden,Kevin Durant,Mike Wilks,Serge Ibaka,Thabo Sefolosha,2,11:39,OKC,shot,,,,,,,,,,Serge Ibaka,,,,missed,,turnaround jump,35,9
Eddie House,Marquis Daniels,Rasheed Wallace,Ray Allen,Shelden Williams,James Harden,Kevin Durant,Mike Wilks,Serge Ibaka,Thabo Sefolosha,2,11:38,BOS,rebound,,,,,,,,,,Rasheed Wallace,,,,,,def,,
Eddie House,Marquis Daniels,Rasheed Wallace,Ray Allen,Shelden Williams,James Harden,Kevin Durant,Mike Wilks,Serge Ibaka,Thabo Sefolosha,2,11:21,BOS,shot,,,,,,,,,,Ray Allen,,,,missed,,3pt,45,21
Eddie House,Marquis Daniels,Rasheed Wallace,Ray Allen,Shelden Williams,James Harden,Kevin Durant,Mike Wilks,Serge Ibaka,Thabo Sefolosha,2,11:20,OKC,rebound,,,,,,,,,,James Harden,,,,,,def,,
Eddie House,Marquis Daniels,Rasheed Wallace,Ray Allen,Shelden Williams,James Harden,Kevin Durant,Mike Wilks,Serge Ibaka,Thabo Sefolosha,2,11:10,OKC,shot,,,,,,,,,,Thabo Sefolosha,,,,missed,,jump,41,7
Eddie House,Marquis Daniels,Rasheed Wallace,Ray Allen,Shelden Williams,James Harden,Kevin Durant,Mike Wilks,Serge Ibaka,Thabo Sefolosha,2,11:08,OKC,rebound,,,,,,,,,,Kevin Durant,,,,,,off,,
Eddie House,Marquis Daniels,Rasheed Wallace,Ray Allen,Shelden Williams,James Harden,Kevin Durant,Mike Wilks,Serge Ibaka,Thabo Sefolosha,2,11:08,OKC,shot,,,,,,,,,,Kevin Durant,2,,,made,,tip,25,6
Eddie House,Marquis Daniels,Rasheed Wallace,Ray Allen,Shelden Williams,James Harden,Kevin Durant,Mike Wilks,Serge Ibaka,Thabo Sefolosha,2,10:49,OKC,foul,,,,,,,,Rasheed Wallace,,Kevin Durant,,,,,,shooting,,
Eddie House,Marquis Daniels,Rasheed Wallace,Ray Allen,Shelden Williams,James Harden,Kevin Durant,Mike Wilks,Serge Ibaka,Thabo Sefolosha,2,10:49,BOS,free throw,,,,,,,1,,2,Rasheed Wallace,,,foul,made,,,,
Eddie House,Marquis Daniels,Rasheed Wallace,Ray Allen,Shelden Williams,James Harden,Jeff Green,Mike Wilks,Serge Ibaka,Thabo Sefolosha,2,10:49,OKC,sub,,,,Jeff Green,,Kevin Durant,,,,,,,,,,,,
Eddie House,Marquis Daniels,Rasheed Wallace,Ray Allen,Shelden Williams,James Harden,Jeff Green,Mike Wilks,Serge Ibaka,Thabo Sefolosha,2,10:49,BOS,free throw,,,,,,,2,,2,Rasheed Wallace,,,foul,made,,,,
Eddie House,Marquis Daniels,Rasheed Wallace,Ray Allen,Shelden Williams,James Harden,Jeff Green,Mike Wilks,Serge Ibaka,Thabo Sefolosha,2,10:38,BOS,foul,,,,,,,,James Harden,,Shelden Williams,,,,,,shooting,,
Eddie House,Marquis Daniels,Paul Pierce,Rasheed Wallace,Shelden Williams,James Harden,Jeff Green,Mike Wilks,Serge Ibaka,Thabo Sefolosha,2,10:38,BOS,sub,,,,Paul Pierce,,Ray Allen,,,,,,,,,,,,
Eddie House,Marquis Daniels,Paul Pierce,Rasheed Wallace,Shelden Williams,James Harden,Jeff Green,Mike Wilks,Serge Ibaka,Thabo Sefolosha,2,10:38,OKC,free throw,,,,,,,1,,2,James Harden,,,foul,missed,,,,
Eddie House,Marquis Daniels,Paul Pierce,Rasheed Wallace,Shelden Williams,James Harden,Jeff Green,Mike Wilks,Serge Ibaka,Thabo Sefolosha,2,10:38,OKC,rebound,,,,,,,,,,,,,,,,,,
Eddie House,Marquis Daniels,Paul Pierce,Rasheed Wallace,Shelden Williams,James Harden,Jeff Green,Mike Wilks,Serge Ibaka,Thabo Sefolosha,2,10:38,OKC,free throw,,,,,,,2,,2,James Harden,,,foul,missed,,,,
Eddie House,Marquis Daniels,Paul Pierce,Rasheed Wallace,Shelden Williams,James Harden,Jeff Green,Mike Wilks,Serge Ibaka,Thabo Sefolosha,2,10:37,BOS,rebound,,,,,,,,,,Shelden Williams,,,,,,def,,
Eddie House,Marquis Daniels,Paul Pierce,Rasheed Wallace,Shelden Williams,James Harden,Jeff Green,Mike Wilks,Serge Ibaka,Thabo Sefolosha,2,10:17,BOS,shot,,,,,,,,,,Eddie House,,,,missed,,jump,41,11
Eddie House,Marquis Daniels,Paul Pierce,Rasheed Wallace,Shelden Williams,James Harden,Jeff Green,Mike Wilks,Serge Ibaka,Thabo Sefolosha,2,10:15,BOS,rebound,,,,,,,,,,Paul Pierce,,,,,,off,,
Eddie House,Marquis Daniels,Paul Pierce,Rasheed Wallace,Shelden Williams,James Harden,Jeff Green,Mike Wilks,Serge Ibaka,Thabo Sefolosha,2,10:13,BOS,shot,,,,,,,,,,Paul Pierce,2,,,made,,layup,25,6
Eddie House,Marquis Daniels,Paul Pierce,Rasheed Wallace,Shelden Williams,James Harden,Jeff Green,Mike Wilks,Serge Ibaka,Thabo Sefolosha,2,10:04,BOS,foul,,,,,,,,James Harden,,Shelden Williams,,,,,,shooting,,
Eddie House,Marquis Daniels,Paul Pierce,Rasheed Wallace,Shelden Williams,James Harden,Jeff Green,Mike Wilks,Serge Ibaka,Thabo Sefolosha,2,10:04,OKC,free throw,,,,,,,1,,2,James Harden,,,foul,made,,,,
Eddie House,Marquis Daniels,Paul Pierce,Rasheed Wallace,Shelden Williams,James Harden,Jeff Green,Mike Wilks,Serge Ibaka,Thabo Sefolosha,2,10:04,OKC,free throw,,,,,,,2,,2,James Harden,,,foul,made,,,,
Eddie House,Marquis Daniels,Paul Pierce,Rasheed Wallace,Shelden Williams,James Harden,Jeff Green,Mike Wilks,Serge Ibaka,Thabo Sefolosha,2,9:46,BOS,turnover,,,,,,,,,,Marquis Daniels,,,lost ball,,Jeff Green,,,
Eddie House,Marquis Daniels,Paul Pierce,Rasheed Wallace,Shelden Williams,James Harden,Jeff Green,Mike Wilks,Serge Ibaka,Thabo Sefolosha,2,9:42,OKC,turnover,,,,,,,,,,Thabo Sefolosha,,,out of bounds lost ball turnover,,,,,
Eddie House,Marquis Daniels,Paul Pierce,Rasheed Wallace,Shelden Williams,James Harden,Jeff Green,Mike Wilks,Serge Ibaka,Thabo Sefolosha,2,9:26,OKC,foul,,,,,,,,Paul Pierce,,Mike Wilks,,,,,,personal,,
Eddie House,Marquis Daniels,Paul Pierce,Rasheed Wallace,Shelden Williams,James Harden,Jeff Green,Mike Wilks,Serge Ibaka,Thabo Sefolosha,2,9:14,BOS,shot,,,,,,,,,,Paul Pierce,,,,missed,,jump,11,11
Eddie House,Marquis Daniels,Paul Pierce,Rasheed Wallace,Shelden Williams,James Harden,Jeff Green,Mike Wilks,Serge Ibaka,Thabo Sefolosha,2,9:13,BOS,rebound,,,,,,,,,,Marquis Daniels,,,,,,off,,
Eddie House,Marquis Daniels,Paul Pierce,Rasheed Wallace,Shelden Williams,James Harden,Jeff Green,Mike Wilks,Serge Ibaka,Thabo Sefolosha,2,9:10,BOS,shot,Marquis Daniels,,,,,,,,,Eddie House,3,,,made,,3pt,43,23
Eddie House,Marquis Daniels,Paul Pierce,Rasheed Wallace,Shelden Williams,James Harden,Jeff Green,Mike Wilks,Serge Ibaka,Thabo Sefolosha,2,9:04,OKC,timeout,,,,,,,,,,,,,,,,regular,,
Eddie House,Marquis Daniels,Paul Pierce,Rasheed Wallace,Shelden Williams,James Harden,Jeff Green,Russell Westbrook,Serge Ibaka,Thabo Sefolosha,2,9:04,OKC,sub,,,,Russell Westbrook,,Mike Wilks,,,,,,,,,,,,
Eddie House,Marquis Daniels,Paul Pierce,Rasheed Wallace,Shelden Williams,James Harden,Jeff Green,Russell Westbrook,Serge Ibaka,Thabo Sefolosha,2,8:53,OKC,turnover,,,,,,,,,,Russell Westbrook,,,lost ball,,Rasheed Wallace,,,
Eddie House,Marquis Daniels,Paul Pierce,Rasheed Wallace,Shelden Williams,James Harden,Jeff Green,Russell Westbrook,Serge Ibaka,Thabo Sefolosha,2,8:45,BOS,turnover,,,,,,,,,,Paul Pierce,,,bad pass,,Thabo Sefolosha,,,
Eddie House,Marquis Daniels,Paul Pierce,Rasheed Wallace,Shelden Williams,James Harden,Jeff Green,Russell Westbrook,Serge Ibaka,Thabo Sefolosha,2,8:40,OKC,shot,,,,,,,,,,Thabo Sefolosha,,,,missed,,layup,25,6
Eddie House,Marquis Daniels,Paul Pierce,Rasheed Wallace,Shelden Williams,James Harden,Jeff Green,Russell Westbrook,Serge Ibaka,Thabo Sefolosha,2,8:36,BOS,rebound,,,,,,,,,,Paul Pierce,,,,,,def,,
Eddie House,Marquis Daniels,Paul Pierce,Rasheed Wallace,Shelden Williams,James Harden,Jeff Green,Russell Westbrook,Serge Ibaka,Thabo Sefolosha,2,8:30,BOS,turnover,,,,,,,,,,,,,8 second violation,,,,,
Eddie House,Marquis Daniels,Paul Pierce,Rasheed Wallace,Shelden Williams,James Harden,Jeff Green,Russell Westbrook,Serge Ibaka,Thabo Sefolosha,2,8:20,OKC,shot,,,,,,,,,,Russell Westbrook,2,,,made,,floating jump,29,11
Eddie House,Marquis Daniels,Paul Pierce,Rasheed Wallace,Shelden Williams,James Harden,Jeff Green,Russell Westbrook,Serge Ibaka,Thabo Sefolosha,2,7:56,BOS,shot,,,,,,,,,,Rasheed Wallace,,,,missed,,fade away jumper,18,12
Eddie House,Marquis Daniels,Paul Pierce,Rasheed Wallace,Shelden Williams,James Harden,Jeff Green,Russell Westbrook,Serge Ibaka,Thabo Sefolosha,2,7:55,OKC,rebound,,,,,,,,,,James Harden,,,,,,def,,
Eddie House,Marquis Daniels,Paul Pierce,Rasheed Wallace,Shelden Williams,James Harden,Jeff Green,Russell Westbrook,Serge Ibaka,Thabo Sefolosha,2,7:47,OKC,shot,Thabo Sefolosha,,,,,,,,,Russell Westbrook,3,,,made,,3pt,22,30
Eddie House,Marquis Daniels,Paul Pierce,Rasheed Wallace,Shelden Williams,James Harden,Jeff Green,Russell Westbrook,Serge Ibaka,Thabo Sefolosha,2,7:25,BOS,turnover,,,,,,,,,,Rasheed Wallace,,,out of bounds lost ball turnover,,,,,
Eddie House,Marquis Daniels,Paul Pierce,Rasheed Wallace,Shelden Williams,Jeff Green,Kevin Durant,Russell Westbrook,Serge Ibaka,Thabo Sefolosha,2,7:25,OKC,sub,,,,Kevin Durant,,James Harden,,,,,,,,,,,,
Eddie House,Marquis Daniels,Paul Pierce,Rasheed Wallace,Shelden Williams,Jeff Green,Kevin Durant,Russell Westbrook,Serge Ibaka,Thabo Sefolosha,2,7:15,OKC,shot,,,,,,,,,,Russell Westbrook,2,,,made,,driving layup,25,6
Eddie House,Marquis Daniels,Paul Pierce,Rasheed Wallace,Shelden Williams,Jeff Green,Kevin Durant,Russell Westbrook,Serge Ibaka,Thabo Sefolosha,2,7:15,BOS,foul,,,,,,,,Russell Westbrook,,Rasheed Wallace,,,,,,shooting,,
Eddie House,Kevin Garnett,Marquis Daniels,Paul Pierce,Rasheed Wallace,Jeff Green,Kevin Durant,Russell Westbrook,Serge Ibaka,Thabo Sefolosha,2,7:15,BOS,sub,,,,Kevin Garnett,,Shelden Williams,,,,,,,,,,,,
Kevin Garnett,Marquis Daniels,Paul Pierce,Rajon Rondo,Rasheed Wallace,Jeff Green,Kevin Durant,Russell Westbrook,Serge Ibaka,Thabo Sefolosha,2,7:15,BOS,sub,,,,Rajon Rondo,,Eddie House,,,,,,,,,,,,
Kevin Garnett,Marquis Daniels,Paul Pierce,Rajon Rondo,Rasheed Wallace,Jeff Green,Kevin Durant,Russell Westbrook,Serge Ibaka,Thabo Sefolosha,2,7:15,OKC,free throw,,,,,,,1,,1,Russell Westbrook,,,foul,missed,,,,
Kevin Garnett,Marquis Daniels,Paul Pierce,Rajon Rondo,Rasheed Wallace,Jeff Green,Kevin Durant,Russell Westbrook,Serge Ibaka,Thabo Sefolosha,2,7:14,BOS,rebound,,,,,,,,,,Kevin Garnett,,,,,,def,,
Kevin Garnett,Marquis Daniels,Paul Pierce,Rajon Rondo,Rasheed Wallace,Jeff Green,Kevin Durant,Russell Westbrook,Serge Ibaka,Thabo Sefolosha,2,7:02,BOS,timeout,,,,,,,,,,,,,,,,regular,,
Kendrick Perkins,Kevin Garnett,Marquis Daniels,Paul Pierce,Rajon Rondo,Jeff Green,Kevin Durant,Russell Westbrook,Serge Ibaka,Thabo Sefolosha,2,7:02,BOS,sub,,,,Kendrick Perkins,,Rasheed Wallace,,,,,,,,,,,,
Kendrick Perkins,Kevin Garnett,Marquis Daniels,Paul Pierce,Rajon Rondo,Jeff Green,Kevin Durant,Russell Westbrook,Serge Ibaka,Thabo Sefolosha,2,6:57,BOS,shot,Rajon Rondo,,,,,,,,,Kendrick Perkins,2,,,made,,layup,25,6
Kendrick Perkins,Kevin Garnett,Marquis Daniels,Paul Pierce,Rajon Rondo,Jeff Green,Kevin Durant,Russell Westbrook,Serge Ibaka,Thabo Sefolosha,2,6:40,OKC,shot,Russell Westbrook,,,,,,,,,Serge Ibaka,2,,,made,,dunk,25,6
Kendrick Perkins,Kevin Garnett,Marquis Daniels,Paul Pierce,Rajon Rondo,Jeff Green,Kevin Durant,Russell Westbrook,Serge Ibaka,Thabo Sefolosha,2,6:40,BOS,foul,,,,,,,,Serge Ibaka,,Rajon Rondo,,,,,,shooting,,
Kendrick Perkins,Kevin Garnett,Marquis Daniels,Paul Pierce,Rajon Rondo,Jeff Green,Kevin Durant,Russell Westbrook,Serge Ibaka,Thabo Sefolosha,2,6:40,OKC,free throw,,,,,,,1,,1,Serge Ibaka,,,foul,missed,,,,
Kendrick Perkins,Kevin Garnett,Marquis Daniels,Paul Pierce,Rajon Rondo,Jeff Green,Kevin Durant,Russell Westbrook,Serge Ibaka,Thabo Sefolosha,2,6:38,BOS,rebound,,,,,,,,,,Paul Pierce,,,,,,def,,
Kendrick Perkins,Kevin Garnett,Marquis Daniels,Paul Pierce,Rajon Rondo,Jeff Green,Kevin Durant,Russell Westbrook,Serge Ibaka,Thabo Sefolosha,2,6:26,BOS,shot,Rajon Rondo,,,,,,,,,Kevin Garnett,2,,,made,,jump,41,11
Kendrick Perkins,Kevin Garnett,Marquis Daniels,Paul Pierce,Rajon Rondo,Jeff Green,Kevin Durant,Russell Westbrook,Serge Ibaka,Thabo Sefolosha,2,6:12,OKC,shot,,,,,,,,,,Russell Westbrook,2,,,made,,jump,36,10
Kendrick Perkins,Kevin Garnett,Marquis Daniels,Paul Pierce,Rajon Rondo,Jeff Green,Kevin Durant,Russell Westbrook,Serge Ibaka,Thabo Sefolosha,2,6:12,BOS,foul,,,,,,,,Russell Westbrook,,Rajon Rondo,,,,,,shooting,,
Kendrick Perkins,Kevin Garnett,Marquis Daniels,Paul Pierce,Rajon Rondo,Jeff Green,Kevin Durant,Russell Westbrook,Serge Ibaka,Thabo Sefolosha,2,6:12,OKC,free throw,,,,,,,1,,1,Russell Westbrook,,,foul,made,,,,
Kendrick Perkins,Kevin Garnett,Marquis Daniels,Paul Pierce,Rajon Rondo,Jeff Green,Kevin Durant,Russell Westbrook,Serge Ibaka,Thabo Sefolosha,2,5:58,BOS,shot,Paul Pierce,,,,,,,,,Kevin Garnett,2,,,made,,jump,41,9
Kendrick Perkins,Kevin Garnett,Marquis Daniels,Paul Pierce,Rajon Rondo,Jeff Green,Kevin Durant,Russell Westbrook,Serge Ibaka,Thabo Sefolosha,2,5:40,OKC,shot,,,,,,,,,,Russell Westbrook,,,,missed,,jump,25,22
Kendrick Perkins,Kevin Garnett,Marquis Daniels,Paul Pierce,Rajon Rondo,Jeff Green,Kevin Durant,Russell Westbrook,Serge Ibaka,Thabo Sefolosha,2,5:39,BOS,rebound,,,,,,,,,,Kevin Garnett,,,,,,def,,
Kendrick Perkins,Kevin Garnett,Marquis Daniels,Paul Pierce,Rajon Rondo,Jeff Green,Kevin Durant,Russell Westbrook,Serge Ibaka,Thabo Sefolosha,2,5:33,BOS,shot,,,Serge Ibaka,,,,,,,Rajon Rondo,,,,missed,,driving layup,25,6
Kendrick Perkins,Kevin Garnett,Marquis Daniels,Paul Pierce,Rajon Rondo,Jeff Green,Kevin Durant,Russell Westbrook,Serge Ibaka,Thabo Sefolosha,2,5:31,BOS,rebound,,,,,,,,,,Kevin Garnett,,,,,,off,,
Kendrick Perkins,Kevin Garnett,Marquis Daniels,Paul Pierce,Rajon Rondo,Jeff Green,Kevin Durant,Russell Westbrook,Serge Ibaka,Thabo Sefolosha,2,5:29,OKC,foul,,,,,,,,Paul Pierce,,Jeff Green,,,,,,shooting,,
Kendrick Perkins,Kevin Garnett,Paul Pierce,Rajon Rondo,Ray Allen,Jeff Green,Kevin Durant,Russell Westbrook,Serge Ibaka,Thabo Sefolosha,2,5:29,BOS,sub,,,,Ray Allen,,Marquis Daniels,,,,,,,,,,,,
Kendrick Perkins,Kevin Garnett,Paul Pierce,Rajon Rondo,Ray Allen,Jeff Green,Kevin Durant,Russell Westbrook,Serge Ibaka,Thabo Sefolosha,2,5:29,BOS,free throw,,,,,,,1,,2,Paul Pierce,,,foul,made,,,,
Kendrick Perkins,Kevin Garnett,Paul Pierce,Rajon Rondo,Ray Allen,Jeff Green,Kevin Durant,Nick Collison,Russell Westbrook,Thabo Sefolosha,2,5:29,OKC,sub,,,,Nick Collison,,Serge Ibaka,,,,,,,,,,,,
Kendrick Perkins,Kevin Garnett,Paul Pierce,Rajon Rondo,Ray Allen,Jeff Green,Kevin Durant,Nick Collison,Russell Westbrook,Thabo Sefolosha,2,5:29,BOS,free throw,,,,,,,2,,2,Paul Pierce,,,foul,made,,,,
Kendrick Perkins,Kevin Garnett,Paul Pierce,Rajon Rondo,Ray Allen,Jeff Green,Kevin Durant,Nick Collison,Russell Westbrook,Thabo Sefolosha,2,5:17,OKC,shot,,,,,,,,,,Russell Westbrook,,,,missed,,jump,12,11
Kendrick Perkins,Kevin Garnett,Paul Pierce,Rajon Rondo,Ray Allen,Jeff Green,Kevin Durant,Nick Collison,Russell Westbrook,Thabo Sefolosha,2,5:15,OKC,rebound,,,,,,,,,,Nick Collison,,,,,,off,,
Kendrick Perkins,Kevin Garnett,Paul Pierce,Rajon Rondo,Ray Allen,Jeff Green,Kevin Durant,Nick Collison,Russell Westbrook,Thabo Sefolosha,2,5:07,OKC,shot,,,,,,,,,,Kevin Durant,2,,,made,,driving layup,25,6
Kendrick Perkins,Kevin Garnett,Paul Pierce,Rajon Rondo,Ray Allen,Jeff Green,Kevin Durant,Nick Collison,Russell Westbrook,Thabo Sefolosha,2,5:07,BOS,foul,,,,,,,,Kevin Durant,,Kevin Garnett,,,,,,shooting,,
Kendrick Perkins,Kevin Garnett,Paul Pierce,Rajon Rondo,Ray Allen,Jeff Green,Kevin Durant,Nick Collison,Russell Westbrook,Thabo Sefolosha,2,5:07,OKC,free throw,,,,,,,1,,1,Kevin Durant,,,foul,made,,,,
Kendrick Perkins,Kevin Garnett,Paul Pierce,Rajon Rondo,Ray Allen,Jeff Green,Kevin Durant,Nick Collison,Russell Westbrook,Thabo Sefolosha,2,5:00,BOS,shot,Ray Allen,,,,,,,,,Paul Pierce,2,,,made,,dunk,25,6
Kendrick Perkins,Kevin Garnett,Paul Pierce,Rajon Rondo,Ray Allen,Jeff Green,Kevin Durant,Nick Collison,Russell Westbrook,Thabo Sefolosha,2,4:45,OKC,shot,,,,,,,,,,Russell Westbrook,,,,missed,,jump,32,17
Kendrick Perkins,Kevin Garnett,Paul Pierce,Rajon Rondo,Ray Allen,Jeff Green,Kevin Durant,Nick Collison,Russell Westbrook,Thabo Sefolosha,2,4:44,BOS,rebound,,,,,,,,,,Kevin Garnett,,,,,,def,,
Kendrick Perkins,Kevin Garnett,Paul Pierce,Rajon Rondo,Ray Allen,Jeff Green,Kevin Durant,Nick Collison,Russell Westbrook,Thabo Sefolosha,2,4:34,BOS,shot,,,,,,,,,,Rajon Rondo,,,,missed,,finger roll layup,25,6
Kendrick Perkins,Kevin Garnett,Paul Pierce,Rajon Rondo,Ray Allen,Jeff Green,Kevin Durant,Nick Collison,Russell Westbrook,Thabo Sefolosha,2,4:33,OKC,rebound,,,,,,,,,,Thabo Sefolosha,,,,,,def,,
Kendrick Perkins,Kevin Garnett,Paul Pierce,Rajon Rondo,Ray Allen,Jeff Green,Kevin Durant,Nick Collison,Russell Westbrook,Thabo Sefolosha,2,4:27,OKC,shot,Russell Westbrook,,,,,,,,,Jeff Green,2,,,made,,dunk,25,6
Kendrick Perkins,Kevin Garnett,Paul Pierce,Rajon Rondo,Ray Allen,Jeff Green,Kevin Durant,Nick Collison,Russell Westbrook,Thabo Sefolosha,2,4:07,OKC,foul,,,,,,,,Kendrick Perkins,,Nick Collison,,,,,,personal,,
Kendrick Perkins,Kevin Garnett,Paul Pierce,Rajon Rondo,Ray Allen,Jeff Green,Kevin Durant,Nick Collison,Russell Westbrook,Thabo Sefolosha,2,3:56,OKC,foul,,,,,,,,Kendrick Perkins,,Nick Collison,,,,,,shooting,,
Kendrick Perkins,Kevin Garnett,Paul Pierce,Rajon Rondo,Ray Allen,Jeff Green,Kevin Durant,Nick Collison,Russell Westbrook,Thabo Sefolosha,2,3:56,BOS,free throw,,,,,,,1,,2,Kendrick Perkins,,,foul,made,,,,
Kendrick Perkins,Kevin Garnett,Paul Pierce,Rajon Rondo,Ray Allen,Jeff Green,Kevin Durant,Russell Westbrook,Serge Ibaka,Thabo Sefolosha,2,3:56,OKC,sub,,,,Serge Ibaka,,Nick Collison,,,,,,,,,,,,
Kendrick Perkins,Kevin Garnett,Paul Pierce,Rajon Rondo,Ray Allen,Jeff Green,Kevin Durant,Russell Westbrook,Serge Ibaka,Thabo Sefolosha,2,3:56,BOS,free throw,,,,,,,2,,2,Kendrick Perkins,,,foul,made,,,,
Kendrick Perkins,Kevin Garnett,Paul Pierce,Rajon Rondo,Ray Allen,Jeff Green,Kevin Durant,Russell Westbrook,Serge Ibaka,Thabo Sefolosha,2,3:41,OKC,shot,,,,,,,,,,Jeff Green,,,,missed,,3pt,25,30
Kendrick Perkins,Kevin Garnett,Paul Pierce,Rajon Rondo,Ray Allen,Jeff Green,Kevin Durant,Russell Westbrook,Serge Ibaka,Thabo Sefolosha,2,3:39,BOS,rebound,,,,,,,,,,Rajon Rondo,,,,,,def,,
Kendrick Perkins,Kevin Garnett,Paul Pierce,Rajon Rondo,Ray Allen,Jeff Green,Kevin Durant,Russell Westbrook,Serge Ibaka,Thabo Sefolosha,2,3:16,BOS,shot,,,,,,,,,,Kendrick Perkins,2,,,made,,fade away jumper,27,12
Kendrick Perkins,Kevin Garnett,Paul Pierce,Rajon Rondo,Ray Allen,Jeff Green,Kevin Durant,Russell Westbrook,Serge Ibaka,Thabo Sefolosha,2,3:01,OKC,turnover,,,,,,,,,,Russell Westbrook,,,lost ball,,Rajon Rondo,,,
Kendrick Perkins,Kevin Garnett,Paul Pierce,Rajon Rondo,Ray Allen,Jeff Green,Kevin Durant,Russell Westbrook,Serge Ibaka,Thabo Sefolosha,2,2:57,BOS,turnover,,,,,,,,,,Rajon Rondo,,,bad pass,,Thabo Sefolosha,,,
Kendrick Perkins,Kevin Garnett,Paul Pierce,Rajon Rondo,Ray Allen,Jeff Green,Kevin Durant,Russell Westbrook,Serge Ibaka,Thabo Sefolosha,2,2:42,BOS,foul,,,,,,,,Russell Westbrook,,Kendrick Perkins,,,,,,shooting,,
Kendrick Perkins,Kevin Garnett,Paul Pierce,Rajon Rondo,Ray Allen,Jeff Green,Kevin Durant,Russell Westbrook,Serge Ibaka,Thabo Sefolosha,2,2:42,OKC,timeout,,,,,,,,,,,,,,,,official,,
Kendrick Perkins,Kevin Garnett,Paul Pierce,Rajon Rondo,Ray Allen,Jeff Green,Kevin Durant,Russell Westbrook,Serge Ibaka,Thabo Sefolosha,2,2:42,OKC,free throw,,,,,,,1,,2,Russell Westbrook,,,foul,made,,,,
Kendrick Perkins,Kevin Garnett,Paul Pierce,Rajon Rondo,Ray Allen,Jeff Green,Kevin Durant,Russell Westbrook,Serge Ibaka,Thabo Sefolosha,2,2:42,OKC,free throw,,,,,,,2,,2,Russell Westbrook,,,foul,missed,,,,
Kendrick Perkins,Kevin Garnett,Paul Pierce,Rajon Rondo,Ray Allen,Jeff Green,Kevin Durant,Russell Westbrook,Serge Ibaka,Thabo Sefolosha,2,2:40,BOS,rebound,,,,,,,,,,Paul Pierce,,,,,,def,,
Kendrick Perkins,Kevin Garnett,Paul Pierce,Rajon Rondo,Ray Allen,Jeff Green,Kevin Durant,Russell Westbrook,Serge Ibaka,Thabo Sefolosha,2,2:22,BOS,shot,Paul Pierce,,,,,,,,,Kevin Garnett,2,,,made,,fade away jumper,24,14
Kendrick Perkins,Kevin Garnett,Paul Pierce,Rajon Rondo,Ray Allen,Jeff Green,Kevin Durant,Russell Westbrook,Serge Ibaka,Thabo Sefolosha,2,2:04,OKC,shot,Jeff Green,,,,,,,,,Kevin Durant,2,,,made,,floating jump,12,7
Kendrick Perkins,Kevin Garnett,Paul Pierce,Rajon Rondo,Ray Allen,Jeff Green,Kevin Durant,Russell Westbrook,Serge Ibaka,Thabo Sefolosha,2,1:48,BOS,shot,,,,,,,,,,Paul Pierce,,,,missed,,jump,26,21
Kendrick Perkins,Kevin Garnett,Paul Pierce,Rajon Rondo,Ray Allen,Jeff Green,Kevin Durant,Russell Westbrook,Serge Ibaka,Thabo Sefolosha,2,1:47,OKC,rebound,,,,,,,,,,Serge Ibaka,,,,,,def,,
Kendrick Perkins,Kevin Garnett,Paul Pierce,Rajon Rondo,Ray Allen,Jeff Green,Kevin Durant,Russell Westbrook,Serge Ibaka,Thabo Sefolosha,2,1:42,OKC,foul,,,,,,,,Ray Allen,,Russell Westbrook,,,,,,offensive,,
Kendrick Perkins,Kevin Garnett,Paul Pierce,Rajon Rondo,Ray Allen,Jeff Green,Kevin Durant,Russell Westbrook,Serge Ibaka,Thabo Sefolosha,2,1:42,OKC,turnover,,,,,,,,,,Russell Westbrook,,,foul,,,,,
Kendrick Perkins,Kevin Garnett,Paul Pierce,Rajon Rondo,Ray Allen,Jeff Green,Kevin Durant,Mike Wilks,Serge Ibaka,Thabo Sefolosha,2,1:42,OKC,sub,,,,Mike Wilks,,Russell Westbrook,,,,,,,,,,,,
Kendrick Perkins,Kevin Garnett,Paul Pierce,Rajon Rondo,Ray Allen,Jeff Green,Kevin Durant,Mike Wilks,Serge Ibaka,Thabo Sefolosha,2,1:21,OKC,foul,,,,,,,,Paul Pierce,,Serge Ibaka,,,,,,shooting,,
Kendrick Perkins,Kevin Garnett,Paul Pierce,Rajon Rondo,Ray Allen,Jeff Green,Kevin Durant,Mike Wilks,Serge Ibaka,Thabo Sefolosha,2,1:21,BOS,free throw,,,,,,,1,,2,Paul Pierce,,,foul,made,,,,
Kendrick Perkins,Kevin Garnett,Paul Pierce,Rajon Rondo,Ray Allen,Jeff Green,Kevin Durant,Mike Wilks,Serge Ibaka,Thabo Sefolosha,2,1:21,BOS,free throw,,,,,,,2,,2,Paul Pierce,,,foul,made,,,,
Kendrick Perkins,Kevin Garnett,Paul Pierce,Rajon Rondo,Ray Allen,Jeff Green,Kevin Durant,Mike Wilks,Serge Ibaka,Thabo Sefolosha,2,1:21,BOS,foul,,,,,,,,,,Kendrick Perkins,,,,,,technical,,
Kendrick Perkins,Kevin Garnett,Paul Pierce,Rajon Rondo,Ray Allen,Jeff Green,Kevin Durant,Mike Wilks,Serge Ibaka,Thabo Sefolosha,2,1:21,OKC,free throw,,,,,,,1,,1,Kevin Durant,,,technical,made,,,,
Kendrick Perkins,Kevin Garnett,Paul Pierce,Rajon Rondo,Ray Allen,Jeff Green,Kevin Durant,Mike Wilks,Serge Ibaka,Thabo Sefolosha,2,1:11,OKC,shot,Mike Wilks,,,,,,,,,Kevin Durant,2,,,made,,jump,10,8
Kendrick Perkins,Kevin Garnett,Paul Pierce,Rajon Rondo,Ray Allen,Jeff Green,Kevin Durant,Mike Wilks,Serge Ibaka,Thabo Sefolosha,2,0:58,BOS,shot,,,,,,,,,,Paul Pierce,,,,missed,,3pt,35,29
Kendrick Perkins,Kevin Garnett,Paul Pierce,Rajon Rondo,Ray Allen,Jeff Green,Kevin Durant,Mike Wilks,Serge Ibaka,Thabo Sefolosha,2,0:57,BOS,rebound,,,,,,,,,,Kendrick Perkins,,,,,,off,,
Kendrick Perkins,Kevin Garnett,Paul Pierce,Rajon Rondo,Ray Allen,Jeff Green,Kevin Durant,Mike Wilks,Serge Ibaka,Thabo Sefolosha,2,0:57,BOS,shot,,,,,,,,,,Kendrick Perkins,2,,,made,,layup,25,6
Kendrick Perkins,Kevin Garnett,Paul Pierce,Rajon Rondo,Ray Allen,Jeff Green,Kevin Durant,Mike Wilks,Serge Ibaka,Thabo Sefolosha,2,0:36,OKC,shot,Thabo Sefolosha,,,,,,,,,Serge Ibaka,2,,,made,,jump,32,8
Kendrick Perkins,Kevin Garnett,Paul Pierce,Rajon Rondo,Ray Allen,Jeff Green,Kevin Durant,Mike Wilks,Serge Ibaka,Thabo Sefolosha,2,0:27,OKC,foul,,,,,,,,Paul Pierce,,Kevin Durant,,,,,,shooting,,
Kendrick Perkins,Kevin Garnett,Paul Pierce,Rajon Rondo,Ray Allen,Jeff Green,Kevin Durant,Mike Wilks,Serge Ibaka,Thabo Sefolosha,2,0:27,BOS,free throw,,,,,,,1,,2,Paul Pierce,,,foul,made,,,,
Kendrick Perkins,Kevin Garnett,Marquis Daniels,Paul Pierce,Ray Allen,Jeff Green,Kevin Durant,Mike Wilks,Serge Ibaka,Thabo Sefolosha,2,0:27,BOS,sub,,,,Marquis Daniels,,Rajon Rondo,,,,,,,,,,,,
Kendrick Perkins,Kevin Garnett,Marquis Daniels,Paul Pierce,Ray Allen,Jeff Green,Kevin Durant,Mike Wilks,Serge Ibaka,Thabo Sefolosha,2,0:27,BOS,free throw,,,,,,,2,,2,Paul Pierce,,,foul,made,,,,
Kendrick Perkins,Kevin Garnett,Marquis Daniels,Paul Pierce,Ray Allen,Jeff Green,Kevin Durant,Mike Wilks,Serge Ibaka,Thabo Sefolosha,2,0:04,OKC,shot,,,,,,,,,,Kevin Durant,,,,missed,,3pt,15,29
Kendrick Perkins,Kevin Garnett,Marquis Daniels,Paul Pierce,Ray Allen,Jeff Green,Kevin Durant,Mike Wilks,Serge Ibaka,Thabo Sefolosha,2,0:02,OKC,rebound,,,,,,,,,,Serge Ibaka,,,,,,off,,
Kendrick Perkins,Kevin Garnett,Marquis Daniels,Paul Pierce,Ray Allen,Jeff Green,Kevin Durant,Mike Wilks,Serge Ibaka,Thabo Sefolosha,2,0:00,OKC,shot,,,,,,,,,,Serge Ibaka,,,,missed,,jump,18,12
Kendrick Perkins,Kevin Garnett,Marquis Daniels,Paul Pierce,Ray Allen,Jeff Green,Kevin Durant,Mike Wilks,Serge Ibaka,Thabo Sefolosha,2,0:00,BOS,rebound,,,,,,,,,,Kendrick Perkins,,,,,,def,,
Kendrick Perkins,Kevin Garnett,Paul Pierce,Rajon Rondo,Ray Allen,Jeff Green,Kevin Durant,Nick Collison,Russell Westbrook,Thabo Sefolosha,3,11:42,OKC,shot,,,,,,,,,,Kevin Durant,2,,,made,,jump,14,16
Kendrick Perkins,Kevin Garnett,Paul Pierce,Rajon Rondo,Ray Allen,Jeff Green,Kevin Durant,Nick Collison,Russell Westbrook,Thabo Sefolosha,3,11:19,BOS,shot,Kendrick Perkins,,,,,,,,,Rajon Rondo,2,,,made,,layup,25,6
Kendrick Perkins,Kevin Garnett,Paul Pierce,Rajon Rondo,Ray Allen,Jeff Green,Kevin Durant,Nick Collison,Russell Westbrook,Thabo Sefolosha,3,10:55,OKC,turnover,,,,,,,,,,Thabo Sefolosha,,,lost ball,,Rajon Rondo,,,
Kendrick Perkins,Kevin Garnett,Paul Pierce,Rajon Rondo,Ray Allen,Jeff Green,Kevin Durant,Nick Collison,Russell Westbrook,Thabo Sefolosha,3,10:44,BOS,shot,,,,,,,,,,Paul Pierce,,,,missed,,3pt,25,31
Kendrick Perkins,Kevin Garnett,Paul Pierce,Rajon Rondo,Ray Allen,Jeff Green,Kevin Durant,Nick Collison,Russell Westbrook,Thabo Sefolosha,3,10:43,OKC,rebound,,,,,,,,,,Jeff Green,,,,,,def,,
Kendrick Perkins,Kevin Garnett,Paul Pierce,Rajon Rondo,Ray Allen,Jeff Green,Kevin Durant,Nick Collison,Russell Westbrook,Thabo Sefolosha,3,10:28,OKC,shot,,,,,,,,,,Russell Westbrook,2,,,made,,jump,34,17
Kendrick Perkins,Kevin Garnett,Paul Pierce,Rajon Rondo,Ray Allen,Jeff Green,Kevin Durant,Nick Collison,Russell Westbrook,Thabo Sefolosha,3,10:11,BOS,shot,,,,,,,,,,Kevin Garnett,2,,,made,,layup,25,6
Kendrick Perkins,Kevin Garnett,Paul Pierce,Rajon Rondo,Ray Allen,Jeff Green,Kevin Durant,Nick Collison,Russell Westbrook,Thabo Sefolosha,3,10:11,OKC,foul,,,,,,,,Kevin Garnett,,Nick Collison,,,,,,shooting,,
Kendrick Perkins,Kevin Garnett,Paul Pierce,Rajon Rondo,Ray Allen,Jeff Green,Kevin Durant,Russell Westbrook,Serge Ibaka,Thabo Sefolosha,3,10:11,OKC,sub,,,,Serge Ibaka,,Nick Collison,,,,,,,,,,,,
Kendrick Perkins,Kevin Garnett,Paul Pierce,Rajon Rondo,Ray Allen,Jeff Green,Kevin Durant,Russell Westbrook,Serge Ibaka,Thabo Sefolosha,3,10:11,BOS,free throw,,,,,,,1,,1,Kevin Garnett,,,foul,made,,,,
Kendrick Perkins,Kevin Garnett,Paul Pierce,Rajon Rondo,Ray Allen,Jeff Green,Kevin Durant,Russell Westbrook,Serge Ibaka,Thabo Sefolosha,3,9:55,OKC,shot,,,,,,,,,,Jeff Green,,,,missed,,3pt,4,20
Kendrick Perkins,Kevin Garnett,Paul Pierce,Rajon Rondo,Ray Allen,Jeff Green,Kevin Durant,Russell Westbrook,Serge Ibaka,Thabo Sefolosha,3,9:54,BOS,rebound,,,,,,,,,,Kendrick Perkins,,,,,,def,,
Kendrick Perkins,Kevin Garnett,Paul Pierce,Rajon Rondo,Ray Allen,Jeff Green,Kevin Durant,Russell Westbrook,Serge Ibaka,Thabo Sefolosha,3,9:46,BOS,shot,Rajon Rondo,,,,,,,,,Kevin Garnett,2,,,made,,dunk,25,6
Kendrick Perkins,Kevin Garnett,Paul Pierce,Rajon Rondo,Ray Allen,Jeff Green,Kevin Durant,Russell Westbrook,Serge Ibaka,Thabo Sefolosha,3,9:43,OKC,timeout,,,,,,,,,,,,,,,,regular,,
Kendrick Perkins,Kevin Garnett,Paul Pierce,Rajon Rondo,Ray Allen,Jeff Green,Kevin Durant,Russell Westbrook,Serge Ibaka,Thabo Sefolosha,3,9:24,OKC,shot,,,,,,,,,,Jeff Green,,,,missed,,3pt,3,17
Kendrick Perkins,Kevin Garnett,Paul Pierce,Rajon Rondo,Ray Allen,Jeff Green,Kevin Durant,Russell Westbrook,Serge Ibaka,Thabo Sefolosha,3,9:23,BOS,rebound,,,,,,,,,,Kendrick Perkins,,,,,,def,,
Kendrick Perkins,Kevin Garnett,Paul Pierce,Rajon Rondo,Ray Allen,Jeff Green,Kevin Durant,Russell Westbrook,Serge Ibaka,Thabo Sefolosha,3,9:17,OKC,foul,,,,,,,,Paul Pierce,,Jeff Green,,,,,,personal,,
Kendrick Perkins,Kevin Garnett,Paul Pierce,Rajon Rondo,Ray Allen,Jeff Green,Kevin Durant,Russell Westbrook,Serge Ibaka,Thabo Sefolosha,3,9:07,BOS,shot,,,,,,,,,,Ray Allen,,,,missed,,3pt,9,25
Kendrick Perkins,Kevin Garnett,Paul Pierce,Rajon Rondo,Ray Allen,Jeff Green,Kevin Durant,Russell Westbrook,Serge Ibaka,Thabo Sefolosha,3,9:06,OKC,rebound,,,,,,,,,,Russell Westbrook,,,,,,def,,
Kendrick Perkins,Kevin Garnett,Paul Pierce,Rajon Rondo,Ray Allen,Jeff Green,Kevin Durant,Russell Westbrook,Serge Ibaka,Thabo Sefolosha,3,8:59,OKC,shot,,,,,,,,,,Russell Westbrook,,,,missed,,3pt,42,23
Kendrick Perkins,Kevin Garnett,Paul Pierce,Rajon Rondo,Ray Allen,Jeff Green,Kevin Durant,Russell Westbrook,Serge Ibaka,Thabo Sefolosha,3,8:58,BOS,rebound,,,,,,,,,,Kevin Garnett,,,,,,def,,
Kendrick Perkins,Kevin Garnett,Paul Pierce,Rajon Rondo,Ray Allen,Jeff Green,Kevin Durant,Russell Westbrook,Serge Ibaka,Thabo Sefolosha,3,8:50,OKC,foul,,,,,,,,Kendrick Perkins,,Serge Ibaka,,,,,,personal,,
Kendrick Perkins,Kevin Garnett,Paul Pierce,Rajon Rondo,Ray Allen,Jeff Green,Kevin Durant,Russell Westbrook,Serge Ibaka,Thabo Sefolosha,3,8:39,BOS,shot,,,,,,,,,,Rajon Rondo,,,,missed,,jump,26,24
Kendrick Perkins,Kevin Garnett,Paul Pierce,Rajon Rondo,Ray Allen,Jeff Green,Kevin Durant,Russell Westbrook,Serge Ibaka,Thabo Sefolosha,3,8:37,OKC,rebound,,,,,,,,,,Thabo Sefolosha,,,,,,def,,
Kendrick Perkins,Kevin Garnett,Paul Pierce,Rajon Rondo,Ray Allen,Jeff Green,Kevin Durant,Russell Westbrook,Serge Ibaka,Thabo Sefolosha,3,8:28,OKC,shot,,,,,,,,,,Thabo Sefolosha,,,,missed,,jump,9,11
Kendrick Perkins,Kevin Garnett,Paul Pierce,Rajon Rondo,Ray Allen,Jeff Green,Kevin Durant,Russell Westbrook,Serge Ibaka,Thabo Sefolosha,3,8:26,OKC,rebound,,,,,,,,,,Russell Westbrook,,,,,,off,,
Kendrick Perkins,Kevin Garnett,Paul Pierce,Rajon Rondo,Ray Allen,Jeff Green,Kevin Durant,Russell Westbrook,Serge Ibaka,Thabo Sefolosha,3,8:26,OKC,shot,,,,,,,,,,Russell Westbrook,,,,missed,,tip,25,6
Kendrick Perkins,Kevin Garnett,Paul Pierce,Rajon Rondo,Ray Allen,Jeff Green,Kevin Durant,Russell Westbrook,Serge Ibaka,Thabo Sefolosha,3,8:25,BOS,rebound,,,,,,,,,,Kevin Garnett,,,,,,def,,
Kendrick Perkins,Kevin Garnett,Paul Pierce,Rajon Rondo,Ray Allen,Jeff Green,Kevin Durant,Russell Westbrook,Serge Ibaka,Thabo Sefolosha,3,8:20,BOS,shot,Rajon Rondo,,,,,,,,,Kevin Garnett,2,,,made,,slam dunk,25,6
Kendrick Perkins,Kevin Garnett,Paul Pierce,Rajon Rondo,Ray Allen,Jeff Green,Kevin Durant,Russell Westbrook,Serge Ibaka,Thabo Sefolosha,3,7:55,OKC,shot,,,,,,,,,,Kevin Durant,,,,missed,,jump,25,14
Kendrick Perkins,Kevin Garnett,Paul Pierce,Rajon Rondo,Ray Allen,Jeff Green,Kevin Durant,Russell Westbrook,Serge Ibaka,Thabo Sefolosha,3,7:54,BOS,rebound,,,,,,,,,,Kendrick Perkins,,,,,,def,,
Kendrick Perkins,Kevin Garnett,Paul Pierce,Rajon Rondo,Ray Allen,Jeff Green,Kevin Durant,Russell Westbrook,Serge Ibaka,Thabo Sefolosha,3,7:46,BOS,turnover,,,,,,,,,,Kevin Garnett,,,3 second violation,,,,,
Kendrick Perkins,Kevin Garnett,Paul Pierce,Rajon Rondo,Ray Allen,Jeff Green,Kevin Durant,Russell Westbrook,Serge Ibaka,Thabo Sefolosha,3,7:38,OKC,shot,,,Kendrick Perkins,,,,,,,Russell Westbrook,,,,missed,,layup,25,6
Kendrick Perkins,Kevin Garnett,Paul Pierce,Rajon Rondo,Ray Allen,Jeff Green,Kevin Durant,Russell Westbrook,Serge Ibaka,Thabo Sefolosha,3,7:37,BOS,rebound,,,,,,,,,,,,,,,,,,
Kendrick Perkins,Kevin Garnett,Paul Pierce,Rajon Rondo,Ray Allen,Etan Thomas,Jeff Green,Kevin Durant,Russell Westbrook,Thabo Sefolosha,3,7:37,OKC,sub,,,,Etan Thomas,,Serge Ibaka,,,,,,,,,,,,
Kendrick Perkins,Kevin Garnett,Paul Pierce,Rajon Rondo,Ray Allen,Etan Thomas,Jeff Green,Kevin Durant,Russell Westbrook,Thabo Sefolosha,3,7:28,BOS,shot,Rajon Rondo,,,,,,,,,Kevin Garnett,2,,,made,,alley oop dunk,25,6
Kendrick Perkins,Kevin Garnett,Paul Pierce,Rajon Rondo,Ray Allen,Etan Thomas,Jeff Green,Kevin Durant,Russell Westbrook,Thabo Sefolosha,3,7:26,OKC,timeout,,,,,,,,,,,,,,,,regular,,
Kendrick Perkins,Kevin Garnett,Paul Pierce,Rajon Rondo,Ray Allen,Etan Thomas,James Harden,Jeff Green,Kevin Durant,Russell Westbrook,3,7:26,OKC,sub,,,,James Harden,,Thabo Sefolosha,,,,,,,,,,,,
Kendrick Perkins,Kevin Garnett,Paul Pierce,Rajon Rondo,Ray Allen,Etan Thomas,James Harden,Jeff Green,Kevin Durant,Russell Westbrook,3,7:07,OKC,shot,,,,,,,,,,James Harden,2,,,made,,floating jump,25,14
Kendrick Perkins,Kevin Garnett,Paul Pierce,Rajon Rondo,Ray Allen,Etan Thomas,James Harden,Jeff Green,Kevin Durant,Russell Westbrook,3,6:47,BOS,shot,,,,,,,,,,Ray Allen,,,,missed,,3pt,4,18
Kendrick Perkins,Kevin Garnett,Paul Pierce,Rajon Rondo,Ray Allen,Etan Thomas,James Harden,Jeff Green,Kevin Durant,Russell Westbrook,3,6:46,OKC,rebound,,,,,,,,,,Etan Thomas,,,,,,def,,
Kendrick Perkins,Kevin Garnett,Paul Pierce,Rajon Rondo,Ray Allen,Etan Thomas,James Harden,Jeff Green,Kevin Durant,Russell Westbrook,3,6:39,OKC,shot,,,,,,,,,,Kevin Durant,,,,missed,,3pt,10,25
Kendrick Perkins,Kevin Garnett,Paul Pierce,Rajon Rondo,Ray Allen,Etan Thomas,James Harden,Jeff Green,Kevin Durant,Russell Westbrook,3,6:37,BOS,rebound,,,,,,,,,,Kendrick Perkins,,,,,,def,,
Kendrick Perkins,Kevin Garnett,Paul Pierce,Rajon Rondo,Ray Allen,Etan Thomas,James Harden,Jeff Green,Kevin Durant,Russell Westbrook,3,6:19,BOS,shot,,,,,,,,,,Kendrick Perkins,,,,missed,,jump,13,7
Kendrick Perkins,Kevin Garnett,Paul Pierce,Rajon Rondo,Ray Allen,Etan Thomas,James Harden,Jeff Green,Kevin Durant,Russell Westbrook,3,6:18,OKC,rebound,,,,,,,,,,Etan Thomas,,,,,,def,,
Kendrick Perkins,Kevin Garnett,Paul Pierce,Rajon Rondo,Ray Allen,Etan Thomas,James Harden,Jeff Green,Kevin Durant,Russell Westbrook,3,6:12,OKC,shot,,,,,,,,,,Russell Westbrook,,,,missed,,driving layup,25,6
Kendrick Perkins,Kevin Garnett,Paul Pierce,Rajon Rondo,Ray Allen,Etan Thomas,James Harden,Jeff Green,Kevin Durant,Russell Westbrook,3,6:11,BOS,rebound,,,,,,,,,,Kendrick Perkins,,,,,,def,,
Kendrick Perkins,Kevin Garnett,Paul Pierce,Rajon Rondo,Ray Allen,Etan Thomas,James Harden,Jeff Green,Kevin Durant,Russell Westbrook,3,5:56,BOS,shot,Ray Allen,,,,,,,,,Rajon Rondo,2,,,made,,layup,25,6
Kendrick Perkins,Kevin Garnett,Paul Pierce,Rajon Rondo,Ray Allen,Etan Thomas,James Harden,Jeff Green,Kevin Durant,Russell Westbrook,3,5:37,BOS,foul,,,,,,,,Kevin Durant,,Paul Pierce,,,,,,shooting,,
Kendrick Perkins,Kevin Garnett,Paul Pierce,Rajon Rondo,Ray Allen,Etan Thomas,James Harden,Jeff Green,Kevin Durant,Russell Westbrook,3,5:37,OKC,free throw,,,,,,,1,,3,Kevin Durant,,,foul,made,,,,
Kendrick Perkins,Kevin Garnett,Paul Pierce,Rajon Rondo,Ray Allen,Etan Thomas,James Harden,Jeff Green,Kevin Durant,Russell Westbrook,3,5:37,OKC,free throw,,,,,,,2,,3,Kevin Durant,,,foul,made,,,,
Kendrick Perkins,Kevin Garnett,Paul Pierce,Rajon Rondo,Ray Allen,Etan Thomas,James Harden,Jeff Green,Kevin Durant,Mike Wilks,3,5:37,OKC,sub,,,,Mike Wilks,,Russell Westbrook,,,,,,,,,,,,
Kendrick Perkins,Kevin Garnett,Paul Pierce,Rajon Rondo,Ray Allen,Etan Thomas,James Harden,Jeff Green,Kevin Durant,Mike Wilks,3,5:37,OKC,free throw,,,,,,,3,,3,Kevin Durant,,,foul,made,,,,
Kendrick Perkins,Kevin Garnett,Paul Pierce,Rajon Rondo,Ray Allen,Etan Thomas,James Harden,Jeff Green,Kevin Durant,Mike Wilks,3,5:21,BOS,shot,,,,,,,,,,Ray Allen,,,,missed,,jump,28,13
Kendrick Perkins,Kevin Garnett,Paul Pierce,Rajon Rondo,Ray Allen,Etan Thomas,James Harden,Jeff Green,Kevin Durant,Mike Wilks,3,5:21,BOS,rebound,,,,,,,,,,Ray Allen,,,,,,off,,
Kendrick Perkins,Kevin Garnett,Paul Pierce,Rajon Rondo,Ray Allen,Etan Thomas,James Harden,Jeff Green,Kevin Durant,Mike Wilks,3,5:21,BOS,shot,,,,,,,,,,Ray Allen,2,,,made,,putback layup,25,6
Kendrick Perkins,Kevin Garnett,Paul Pierce,Rajon Rondo,Ray Allen,Etan Thomas,James Harden,Jeff Green,Kevin Durant,Mike Wilks,3,5:21,OKC,foul,,,,,,,,Ray Allen,,Jeff Green,,,,,,shooting,,
Kendrick Perkins,Kevin Garnett,Paul Pierce,Rajon Rondo,Ray Allen,Etan Thomas,James Harden,Jeff Green,Kevin Durant,Mike Wilks,3,5:21,BOS,free throw,,,,,,,1,,1,Ray Allen,,,foul,made,,,,
Kendrick Perkins,Kevin Garnett,Paul Pierce,Rajon Rondo,Ray Allen,Etan Thomas,James Harden,Jeff Green,Kevin Durant,Mike Wilks,3,4:59,BOS,foul,,,,,,,,James Harden,,Ray Allen,,,,,,shooting,,
Kendrick Perkins,Kevin Garnett,Paul Pierce,Rajon Rondo,Ray Allen,Etan Thomas,James Harden,Jeff Green,Kevin Durant,Mike Wilks,3,4:59,OKC,free throw,,,,,,,1,,2,James Harden,,,foul,made,,,,
Kendrick Perkins,Kevin Garnett,Paul Pierce,Rajon Rondo,Ray Allen,Etan Thomas,James Harden,Jeff Green,Kevin Durant,Mike Wilks,3,4:59,OKC,free throw,,,,,,,2,,2,James Harden,,,foul,made,,,,
Kendrick Perkins,Kevin Garnett,Paul Pierce,Rajon Rondo,Ray Allen,Etan Thomas,James Harden,Jeff Green,Kevin Durant,Mike Wilks,3,4:47,BOS,turnover,,,,,,,,,,Kevin Garnett,,,out of bounds lost ball turnover,,,,,
Kendrick Perkins,Kevin Garnett,Paul Pierce,Rajon Rondo,Ray Allen,Etan Thomas,James Harden,Jeff Green,Kevin Durant,Mike Wilks,3,4:32,OKC,shot,,,,,,,,,,Kevin Durant,,,,missed,,jump,32,14
Kendrick Perkins,Kevin Garnett,Paul Pierce,Rajon Rondo,Ray Allen,Etan Thomas,James Harden,Jeff Green,Kevin Durant,Mike Wilks,3,4:32,BOS,rebound,,,,,,,,,,,,,,,,,,
Kendrick Perkins,Kevin Garnett,Paul Pierce,Rajon Rondo,Ray Allen,Etan Thomas,James Harden,Jeff Green,Kevin Durant,Mike Wilks,3,4:18,BOS,shot,,,,,,,,,,Rajon Rondo,2,,,made,,driving layup,25,6
Kendrick Perkins,Kevin Garnett,Paul Pierce,Rajon Rondo,Ray Allen,Etan Thomas,James Harden,Jeff Green,Kevin Durant,Mike Wilks,3,3:53,OKC,shot,,,,,,,,,,James Harden,,,,missed,,jump,18,22
Kendrick Perkins,Kevin Garnett,Paul Pierce,Rajon Rondo,Ray Allen,Etan Thomas,James Harden,Jeff Green,Kevin Durant,Mike Wilks,3,3:52,BOS,rebound,,,,,,,,,,Paul Pierce,,,,,,def,,
Kendrick Perkins,Kevin Garnett,Paul Pierce,Rajon Rondo,Ray Allen,Etan Thomas,James Harden,Jeff Green,Kevin Durant,Mike Wilks,3,3:43,OKC,foul,,,,,,,,Rajon Rondo,,Kevin Durant,,,,,,personal,,
Kendrick Perkins,Kevin Garnett,Paul Pierce,Rajon Rondo,Ray Allen,Etan Thomas,James Harden,Jeff Green,Kevin Durant,Mike Wilks,3,3:43,OKC,foul,,,,,,,,Rajon Rondo,,Kevin Durant,,,,,,technical,,
Kendrick Perkins,Kevin Garnett,Paul Pierce,Rajon Rondo,Ray Allen,Etan Thomas,James Harden,Jeff Green,Kevin Durant,Mike Wilks,3,3:43,BOS,free throw,,,,,,,1,,1,Ray Allen,,,technical,made,,,,
Kendrick Perkins,Kevin Garnett,Paul Pierce,Rajon Rondo,Ray Allen,Etan Thomas,James Harden,Jeff Green,Kevin Durant,Mike Wilks,3,3:43,BOS,free throw,,,,,,,1,,2,Rajon Rondo,,,foul,missed,,,,
Kendrick Perkins,Kevin Garnett,Paul Pierce,Rajon Rondo,Ray Allen,Etan Thomas,James Harden,Jeff Green,Kevin Durant,Mike Wilks,3,3:43,BOS,rebound,,,,,,,,,,,,,,,,,,
Kendrick Perkins,Kevin Garnett,Paul Pierce,Rajon Rondo,Ray Allen,Etan Thomas,James Harden,Jeff Green,Kevin Durant,Mike Wilks,3,3:43,BOS,free throw,,,,,,,2,,2,Rajon Rondo,,,foul,missed,,,,
Kendrick Perkins,Kevin Garnett,Paul Pierce,Rajon Rondo,Ray Allen,Etan Thomas,James Harden,Jeff Green,Kevin Durant,Mike Wilks,3,3:42,OKC,rebound,,,,,,,,,,Kevin Durant,,,,,,def,,
Kendrick Perkins,Kevin Garnett,Paul Pierce,Rajon Rondo,Ray Allen,Etan Thomas,James Harden,Jeff Green,Kevin Durant,Mike Wilks,3,3:29,OKC,turnover,,,,,,,,,,Mike Wilks,,,bad pass,,,,,
Kendrick Perkins,Kevin Garnett,Paul Pierce,Rajon Rondo,Ray Allen,Etan Thomas,James Harden,Jeff Green,Kevin Durant,Mike Wilks,3,3:14,BOS,shot,Rajon Rondo,,,,,,,,,Kevin Garnett,2,,,made,,jump,40,19
Kendrick Perkins,Kevin Garnett,Paul Pierce,Rajon Rondo,Ray Allen,Etan Thomas,James Harden,Jeff Green,Kevin Durant,Mike Wilks,3,2:59,OKC,shot,,,,,,,,,,Jeff Green,,,,missed,,jump,9,14
Kendrick Perkins,Kevin Garnett,Paul Pierce,Rajon Rondo,Ray Allen,Etan Thomas,James Harden,Jeff Green,Kevin Durant,Mike Wilks,3,2:57,OKC,rebound,,,,,,,,,,Etan Thomas,,,,,,off,,
Kendrick Perkins,Kevin Garnett,Paul Pierce,Rajon Rondo,Ray Allen,Etan Thomas,James Harden,Jeff Green,Kevin Durant,Mike Wilks,3,2:56,BOS,foul,,,,,,,,Etan Thomas,,Kendrick Perkins,,,,,,shooting,,
Brian Scalabrine,Kendrick Perkins,Paul Pierce,Rajon Rondo,Ray Allen,Etan Thomas,James Harden,Jeff Green,Kevin Durant,Mike Wilks,3,2:56,BOS,sub,,,,Brian Scalabrine,,Kevin Garnett,,,,,,,,,,,,
Brian Scalabrine,Kendrick Perkins,Paul Pierce,Rajon Rondo,Ray Allen,Etan Thomas,James Harden,Jeff Green,Kevin Durant,Mike Wilks,3,2:56,OKC,free throw,,,,,,,1,,2,Etan Thomas,,,foul,missed,,,,
Brian Scalabrine,Kendrick Perkins,Paul Pierce,Rajon Rondo,Ray Allen,Etan Thomas,James Harden,Jeff Green,Kevin Durant,Mike Wilks,3,2:56,OKC,rebound,,,,,,,,,,,,,,,,,,
Brian Scalabrine,Kendrick Perkins,Paul Pierce,Rajon Rondo,Ray Allen,Etan Thomas,James Harden,Jeff Green,Kevin Durant,Mike Wilks,3,2:56,OKC,free throw,,,,,,,2,,2,Etan Thomas,,,foul,made,,,,
Brian Scalabrine,Kendrick Perkins,Paul Pierce,Rajon Rondo,Ray Allen,Etan Thomas,James Harden,Jeff Green,Kevin Durant,Mike Wilks,3,2:37,BOS,shot,,,,,,,,,,Kendrick Perkins,,,,missed,,jump,24,17
Brian Scalabrine,Kendrick Perkins,Paul Pierce,Rajon Rondo,Ray Allen,Etan Thomas,James Harden,Jeff Green,Kevin Durant,Mike Wilks,3,2:35,BOS,rebound,,,,,,,,,,Rajon Rondo,,,,,,off,,
Brian Scalabrine,Kendrick Perkins,Paul Pierce,Rajon Rondo,Ray Allen,Etan Thomas,James Harden,Jeff Green,Kevin Durant,Mike Wilks,3,2:35,BOS,shot,,,,,,,,,,Rajon Rondo,2,,,made,,tip,25,6
Brian Scalabrine,Kendrick Perkins,Paul Pierce,Rajon Rondo,Ray Allen,Etan Thomas,James Harden,Jeff Green,Kevin Durant,Mike Wilks,3,2:25,OKC,turnover,,,,,,,,,,James Harden,,,bad pass,,Rajon Rondo,,,
Brian Scalabrine,Kendrick Perkins,Paul Pierce,Rajon Rondo,Ray Allen,Etan Thomas,James Harden,Kevin Durant,Mike Wilks,Thabo Sefolosha,3,2:20,OKC,sub,,,,Thabo Sefolosha,,Jeff Green,,,,,,,,,,,,
Brian Scalabrine,Kendrick Perkins,Paul Pierce,Rajon Rondo,Ray Allen,Etan Thomas,James Harden,Kevin Durant,Mike Wilks,Thabo Sefolosha,3,2:20,BOS,timeout,,,,,,,,,,,,,,,,regular,,
Brian Scalabrine,Kendrick Perkins,Paul Pierce,Rajon Rondo,Ray Allen,Etan Thomas,James Harden,Kevin Durant,Mike Wilks,Thabo Sefolosha,3,2:11,BOS,shot,,,,,,,,,,Rajon Rondo,2,,,made,,driving layup,25,6
Brian Scalabrine,Kendrick Perkins,Paul Pierce,Rajon Rondo,Ray Allen,Etan Thomas,James Harden,Kevin Durant,Mike Wilks,Thabo Sefolosha,3,1:48,BOS,foul,,,,,,,,Mike Wilks,,Brian Scalabrine,,,,,,personal,,
Brian Scalabrine,Kendrick Perkins,Marquis Daniels,Paul Pierce,Rajon Rondo,Etan Thomas,James Harden,Kevin Durant,Mike Wilks,Thabo Sefolosha,3,1:48,BOS,sub,,,,Marquis Daniels,,Ray Allen,,,,,,,,,,,,
Brian Scalabrine,Marquis Daniels,Paul Pierce,Rajon Rondo,Rasheed Wallace,Etan Thomas,James Harden,Kevin Durant,Mike Wilks,Thabo Sefolosha,3,1:48,BOS,sub,,,,Rasheed Wallace,,Kendrick Perkins,,,,,,,,,,,,
Brian Scalabrine,Marquis Daniels,Paul Pierce,Rajon Rondo,Rasheed Wallace,Etan Thomas,James Harden,Kevin Durant,Mike Wilks,Thabo Sefolosha,3,1:34,OKC,shot,,,,,,,,,,James Harden,,,,missed,,jump,47,9
Brian Scalabrine,Marquis Daniels,Paul Pierce,Rajon Rondo,Rasheed Wallace,Etan Thomas,James Harden,Kevin Durant,Mike Wilks,Thabo Sefolosha,3,1:31,OKC,rebound,,,,,,,,,,Etan Thomas,,,,,,off,,
Brian Scalabrine,Marquis Daniels,Paul Pierce,Rajon Rondo,Rasheed Wallace,Etan Thomas,James Harden,Kevin Durant,Mike Wilks,Thabo Sefolosha,3,1:30,OKC,shot,,,,,,,,,,Etan Thomas,2,,,made,,layup,25,6
Brian Scalabrine,Marquis Daniels,Paul Pierce,Rajon Rondo,Rasheed Wallace,Etan Thomas,James Harden,Kevin Durant,Mike Wilks,Thabo Sefolosha,3,1:07,BOS,shot,,,,,,,,,,Rajon Rondo,2,,,made,,driving layup,24,7
Brian Scalabrine,Marquis Daniels,Paul Pierce,Rajon Rondo,Rasheed Wallace,Etan Thomas,James Harden,Kevin Durant,Mike Wilks,Thabo Sefolosha,3,0:54,OKC,shot,,,,,,,,,,Kevin Durant,2,,,made,,floating jump,27,13
Brian Scalabrine,Marquis Daniels,Paul Pierce,Rajon Rondo,Rasheed Wallace,Etan Thomas,James Harden,Kevin Durant,Mike Wilks,Thabo Sefolosha,3,0:30,BOS,shot,,,,,,,,,,Rasheed Wallace,,,,missed,,jump,35,11
Brian Scalabrine,Marquis Daniels,Paul Pierce,Rajon Rondo,Rasheed Wallace,Etan Thomas,James Harden,Kevin Durant,Mike Wilks,Thabo Sefolosha,3,0:28,OKC,rebound,,,,,,,,,,James Harden,,,,,,def,,
Brian Scalabrine,Marquis Daniels,Paul Pierce,Rajon Rondo,Rasheed Wallace,Etan Thomas,James Harden,Kevin Durant,Mike Wilks,Thabo Sefolosha,3,0:23,OKC,shot,,,,,,,,,,Mike Wilks,,,,missed,,jump,9,18
Brian Scalabrine,Marquis Daniels,Paul Pierce,Rajon Rondo,Rasheed Wallace,Etan Thomas,James Harden,Kevin Durant,Mike Wilks,Thabo Sefolosha,3,0:21,BOS,rebound,,,,,,,,,,Rasheed Wallace,,,,,,def,,
Brian Scalabrine,Marquis Daniels,Paul Pierce,Rajon Rondo,Rasheed Wallace,Etan Thomas,James Harden,Kevin Durant,Mike Wilks,Thabo Sefolosha,3,0:00,OKC,foul,,,,,,,,Rajon Rondo,,Mike Wilks,,,,,,shooting,,
Brian Scalabrine,Marquis Daniels,Paul Pierce,Rajon Rondo,Rasheed Wallace,Etan Thomas,James Harden,Kevin Durant,Mike Wilks,Thabo Sefolosha,3,0:00,BOS,free throw,,,,,,,1,,2,Rajon Rondo,,,foul,made,,,,
Brian Scalabrine,Marquis Daniels,Paul Pierce,Rajon Rondo,Shelden Williams,Etan Thomas,James Harden,Kevin Durant,Mike Wilks,Thabo Sefolosha,3,0:00,BOS,sub,,,,Shelden Williams,,Rasheed Wallace,,,,,,,,,,,,
Brian Scalabrine,Marquis Daniels,Paul Pierce,Rajon Rondo,Shelden Williams,Etan Thomas,James Harden,Kevin Durant,Mike Wilks,Thabo Sefolosha,3,0:00,BOS,free throw,,,,,,,2,,2,Rajon Rondo,,,foul,missed,,,,
Brian Scalabrine,Marquis Daniels,Paul Pierce,Rajon Rondo,Shelden Williams,Etan Thomas,James Harden,Kevin Durant,Mike Wilks,Thabo Sefolosha,3,0:00,OKC,rebound,,,,,,,,,,Thabo Sefolosha,,,,,,def,,
Brian Scalabrine,Eddie House,J.R. Giddens,Marquis Daniels,Rasheed Wallace,Etan Thomas,Jeff Green,Kevin Durant,Russell Westbrook,Thabo Sefolosha,4,11:43,OKC,violation,,,,,,,,,,Jeff Green,,,,,,kicked ball,,
Brian Scalabrine,Eddie House,J.R. Giddens,Marquis Daniels,Rasheed Wallace,Etan Thomas,Jeff Green,Kevin Durant,Russell Westbrook,Thabo Sefolosha,4,11:33,BOS,shot,,,,,,,,,,Marquis Daniels,,,,missed,,layup,25,6
Brian Scalabrine,Eddie House,J.R. Giddens,Marquis Daniels,Rasheed Wallace,Etan Thomas,Jeff Green,Kevin Durant,Russell Westbrook,Thabo Sefolosha,4,11:32,OKC,rebound,,,,,,,,,,Russell Westbrook,,,,,,def,,
Brian Scalabrine,Eddie House,J.R. Giddens,Marquis Daniels,Rasheed Wallace,Etan Thomas,Jeff Green,Kevin Durant,Russell Westbrook,Thabo Sefolosha,4,11:15,BOS,foul,,,,,,,,Kevin Durant,,J.R. Giddens,,,,,,shooting,,
Brian Scalabrine,Eddie House,J.R. Giddens,Marquis Daniels,Rasheed Wallace,Etan Thomas,Jeff Green,Kevin Durant,Russell Westbrook,Thabo Sefolosha,4,11:15,OKC,free throw,,,,,,,1,,2,Kevin Durant,,,foul,made,,,,
Brian Scalabrine,Eddie House,J.R. Giddens,Marquis Daniels,Rasheed Wallace,Etan Thomas,Jeff Green,Kevin Durant,Russell Westbrook,Thabo Sefolosha,4,11:15,OKC,free throw,,,,,,,2,,2,Kevin Durant,,,foul,made,,,,
Brian Scalabrine,Eddie House,J.R. Giddens,Marquis Daniels,Rasheed Wallace,Etan Thomas,Jeff Green,Kevin Durant,Russell Westbrook,Thabo Sefolosha,4,10:52,BOS,shot,,,Jeff Green,,,,,,,Eddie House,,,,missed,,layup,25,6
Brian Scalabrine,Eddie House,J.R. Giddens,Marquis Daniels,Rasheed Wallace,Etan Thomas,Jeff Green,Kevin Durant,Russell Westbrook,Thabo Sefolosha,4,10:51,OKC,rebound,,,,,,,,,,Thabo Sefolosha,,,,,,def,,
Brian Scalabrine,Eddie House,J.R. Giddens,Marquis Daniels,Rasheed Wallace,Etan Thomas,Jeff Green,Kevin Durant,Russell Westbrook,Thabo Sefolosha,4,10:42,OKC,shot,,,,,,,,,,Jeff Green,,,,missed,,running jump,18,10
Brian Scalabrine,Eddie House,J.R. Giddens,Marquis Daniels,Rasheed Wallace,Etan Thomas,Jeff Green,Kevin Durant,Russell Westbrook,Thabo Sefolosha,4,10:39,BOS,rebound,,,,,,,,,,Eddie House,,,,,,def,,
Brian Scalabrine,Eddie House,J.R. Giddens,Marquis Daniels,Rasheed Wallace,Etan Thomas,Jeff Green,Kevin Durant,Russell Westbrook,Thabo Sefolosha,4,10:39,BOS,turnover,,,,,,,,,,Eddie House,,,bad pass,,,,,
Brian Scalabrine,Eddie House,J.R. Giddens,Marquis Daniels,Rasheed Wallace,Etan Thomas,Jeff Green,Kevin Durant,Russell Westbrook,Thabo Sefolosha,4,10:33,OKC,shot,Russell Westbrook,,,,,,,,,Kevin Durant,2,,,made,,jump,7,14
Brian Scalabrine,Eddie House,J.R. Giddens,Marquis Daniels,Rasheed Wallace,Etan Thomas,Jeff Green,Kevin Durant,Russell Westbrook,Thabo Sefolosha,4,10:06,BOS,shot,J.R. Giddens,,,,,,,,,Rasheed Wallace,3,,,made,,3pt,42,25
Brian Scalabrine,Eddie House,J.R. Giddens,Marquis Daniels,Rasheed Wallace,Etan Thomas,Jeff Green,Kevin Durant,Russell Westbrook,Thabo Sefolosha,4,9:49,OKC,shot,,,,,,,,,,Jeff Green,,,,missed,,3pt,23,31
Brian Scalabrine,Eddie House,J.R. Giddens,Marquis Daniels,Rasheed Wallace,Etan Thomas,Jeff Green,Kevin Durant,Russell Westbrook,Thabo Sefolosha,4,9:47,BOS,rebound,,,,,,,,,,J.R. Giddens,,,,,,def,,
Brian Scalabrine,Eddie House,J.R. Giddens,Marquis Daniels,Rasheed Wallace,Etan Thomas,Jeff Green,Kevin Durant,Russell Westbrook,Thabo Sefolosha,4,9:22,BOS,turnover,,,,,,,,,,Marquis Daniels,,,lost ball,,Thabo Sefolosha,,,
Brian Scalabrine,Eddie House,J.R. Giddens,Marquis Daniels,Rasheed Wallace,Etan Thomas,Jeff Green,Kevin Durant,Russell Westbrook,Thabo Sefolosha,4,9:22,OKC,turnover,,,,,,,,,,Thabo Sefolosha,,,poss lost ball turnover,,Eddie House,,,
Brian Scalabrine,Eddie House,Marquis Daniels,Rasheed Wallace,Ray Allen,Etan Thomas,Jeff Green,Kevin Durant,Russell Westbrook,Thabo Sefolosha,4,9:22,BOS,sub,,,,Ray Allen,,J.R. Giddens,,,,,,,,,,,,
Brian Scalabrine,Eddie House,Marquis Daniels,Rasheed Wallace,Ray Allen,Etan Thomas,Jeff Green,Kevin Durant,Russell Westbrook,Thabo Sefolosha,4,9:02,BOS,shot,,,,,,,,,,Ray Allen,2,,,made,,floating jump,21,13
Brian Scalabrine,Eddie House,Marquis Daniels,Rasheed Wallace,Ray Allen,Etan Thomas,Jeff Green,Kevin Durant,Russell Westbrook,Thabo Sefolosha,4,8:44,OKC,shot,,,,,,,,,,Kevin Durant,3,,,made,,3pt,18,30
Brian Scalabrine,Eddie House,Marquis Daniels,Rasheed Wallace,Ray Allen,Etan Thomas,Jeff Green,Kevin Durant,Russell Westbrook,Thabo Sefolosha,4,8:18,BOS,turnover,,,,,,,,,,Ray Allen,,,bad pass,,Kevin Durant,,,
Brian Scalabrine,Eddie House,Marquis Daniels,Rasheed Wallace,Ray Allen,Etan Thomas,Jeff Green,Kevin Durant,Russell Westbrook,Thabo Sefolosha,4,8:12,OKC,shot,,,,,,,,,,Russell Westbrook,,,,missed,,jump,19,14
Brian Scalabrine,Eddie House,Marquis Daniels,Rasheed Wallace,Ray Allen,Etan Thomas,Jeff Green,Kevin Durant,Russell Westbrook,Thabo Sefolosha,4,8:10,BOS,rebound,,,,,,,,,,Eddie House,,,,,,def,,
Brian Scalabrine,Eddie House,Marquis Daniels,Rasheed Wallace,Ray Allen,Etan Thomas,Jeff Green,Kevin Durant,Russell Westbrook,Thabo Sefolosha,4,7:49,BOS,turnover,,,,,,,,,,Brian Scalabrine,,,bad pass,,Kevin Durant,,,
Brian Scalabrine,Eddie House,Marquis Daniels,Rasheed Wallace,Ray Allen,Etan Thomas,Jeff Green,Kevin Durant,Russell Westbrook,Thabo Sefolosha,4,7:41,OKC,shot,,,,,,,,,,Russell Westbrook,2,,,made,,jump,31,23
Brian Scalabrine,Eddie House,Marquis Daniels,Rasheed Wallace,Ray Allen,Etan Thomas,Jeff Green,Kevin Durant,Russell Westbrook,Thabo Sefolosha,4,7:16,BOS,shot,,,,,,,,,,Rasheed Wallace,,,,missed,,fade away jumper,42,11
Brian Scalabrine,Eddie House,Marquis Daniels,Rasheed Wallace,Ray Allen,Etan Thomas,Jeff Green,Kevin Durant,Russell Westbrook,Thabo Sefolosha,4,7:15,OKC,rebound,,,,,,,,,,Kevin Durant,,,,,,def,,
Brian Scalabrine,Eddie House,Marquis Daniels,Rasheed Wallace,Ray Allen,Etan Thomas,Jeff Green,Kevin Durant,Russell Westbrook,Thabo Sefolosha,4,7:09,OKC,foul,,,,,,,,Brian Scalabrine,,Kevin Durant,,,,,,offensive,,
Brian Scalabrine,Eddie House,Marquis Daniels,Rasheed Wallace,Ray Allen,Etan Thomas,Jeff Green,Kevin Durant,Russell Westbrook,Thabo Sefolosha,4,7:09,OKC,turnover,,,,,,,,,,Kevin Durant,,,foul,,,,,
Brian Scalabrine,Eddie House,Marquis Daniels,Rasheed Wallace,Ray Allen,Etan Thomas,Jeff Green,Kevin Durant,Russell Westbrook,Thabo Sefolosha,4,7:09,BOS,timeout,,,,,,,,,,,,,,,,official,,
Brian Scalabrine,Eddie House,Marquis Daniels,Rasheed Wallace,Ray Allen,Etan Thomas,Jeff Green,Kevin Durant,Russell Westbrook,Thabo Sefolosha,4,6:54,BOS,shot,Brian Scalabrine,,,,,,,,,Eddie House,2,,,made,,jump,10,24
Brian Scalabrine,Eddie House,Marquis Daniels,Rasheed Wallace,Ray Allen,Etan Thomas,Jeff Green,Kevin Durant,Russell Westbrook,Thabo Sefolosha,4,6:42,OKC,turnover,,,,,,,,,,Kevin Durant,,,bad pass,,Eddie House,,,
Brian Scalabrine,Eddie House,Marquis Daniels,Rasheed Wallace,Ray Allen,Etan Thomas,Jeff Green,Kevin Durant,Russell Westbrook,Thabo Sefolosha,4,6:27,BOS,shot,Rasheed Wallace,,,,,,,,,Eddie House,3,,,made,,3pt,8,24
Brian Scalabrine,Eddie House,Marquis Daniels,Rasheed Wallace,Ray Allen,Etan Thomas,Jeff Green,Kevin Durant,Russell Westbrook,Thabo Sefolosha,4,6:23,OKC,timeout,,,,,,,,,,,,,,,,regular,,
Brian Scalabrine,Eddie House,Marquis Daniels,Rasheed Wallace,Ray Allen,Etan Thomas,Jeff Green,Russell Westbrook,Shaun Livingston,Thabo Sefolosha,4,6:23,OKC,sub,,,,Shaun Livingston,,Kevin Durant,,,,,,,,,,,,
Brian Scalabrine,Eddie House,Marquis Daniels,Rasheed Wallace,Ray Allen,Etan Thomas,James Harden,Russell Westbrook,Shaun Livingston,Thabo Sefolosha,4,6:23,OKC,sub,,,,James Harden,,Jeff Green,,,,,,,,,,,,
Brian Scalabrine,Eddie House,Marquis Daniels,Rasheed Wallace,Ray Allen,Etan Thomas,James Harden,Russell Westbrook,Serge Ibaka,Shaun Livingston,4,6:23,OKC,sub,,,,Serge Ibaka,,Thabo Sefolosha,,,,,,,,,,,,
Brian Scalabrine,Eddie House,Marquis Daniels,Rasheed Wallace,Ray Allen,Etan Thomas,James Harden,Mike Wilks,Serge Ibaka,Shaun Livingston,4,6:23,OKC,sub,,,,Mike Wilks,,Russell Westbrook,,,,,,,,,,,,
Brian Scalabrine,Eddie House,Marquis Daniels,Rasheed Wallace,Ray Allen,D.J. White,James Harden,Mike Wilks,Serge Ibaka,Shaun Livingston,4,6:23,OKC,sub,,,,D.J. White,,Etan Thomas,,,,,,,,,,,,
Brian Scalabrine,Eddie House,Marquis Daniels,Rasheed Wallace,Ray Allen,D.J. White,James Harden,Mike Wilks,Serge Ibaka,Shaun Livingston,4,6:08,OKC,shot,,,,,,,,,,James Harden,,,,missed,,3pt,44,21
Brian Scalabrine,Eddie House,Marquis Daniels,Rasheed Wallace,Ray Allen,D.J. White,James Harden,Mike Wilks,Serge Ibaka,Shaun Livingston,4,6:07,BOS,rebound,,,,,,,,,,Ray Allen,,,,,,def,,
Brian Scalabrine,Eddie House,Marquis Daniels,Rasheed Wallace,Ray Allen,D.J. White,James Harden,Mike Wilks,Serge Ibaka,Shaun Livingston,4,5:45,OKC,foul,,,,,,,,Brian Scalabrine,,D.J. White,,,,,,personal,,
Brian Scalabrine,Eddie House,J.R. Giddens,Marquis Daniels,Rasheed Wallace,D.J. White,James Harden,Mike Wilks,Serge Ibaka,Shaun Livingston,4,5:45,BOS,sub,,,,J.R. Giddens,,Ray Allen,,,,,,,,,,,,
Brian Scalabrine,Eddie House,J.R. Giddens,Lester Hudson,Rasheed Wallace,D.J. White,James Harden,Mike Wilks,Serge Ibaka,Shaun Livingston,4,5:45,BOS,sub,,,,Lester Hudson,,Marquis Daniels,,,,,,,,,,,,
Brian Scalabrine,Eddie House,J.R. Giddens,Lester Hudson,Rasheed Wallace,D.J. White,James Harden,Mike Wilks,Serge Ibaka,Shaun Livingston,4,5:30,BOS,turnover,,,,,,,,,,,,,shot clock turnover,,,,,
Brian Scalabrine,Eddie House,J.R. Giddens,Lester Hudson,Rasheed Wallace,D.J. White,James Harden,Mike Wilks,Serge Ibaka,Shaun Livingston,4,5:05,OKC,shot,James Harden,,,,,,,,,Mike Wilks,3,,,made,,3pt,9,25
Brian Scalabrine,Eddie House,J.R. Giddens,Lester Hudson,Rasheed Wallace,D.J. White,James Harden,Mike Wilks,Serge Ibaka,Shaun Livingston,4,4:43,BOS,shot,Eddie House,,,,,,,,,Rasheed Wallace,3,,,made,,3pt,19,30
Brian Scalabrine,Eddie House,J.R. Giddens,Lester Hudson,Rasheed Wallace,D.J. White,James Harden,Mike Wilks,Serge Ibaka,Shaun Livingston,4,4:24,OKC,turnover,,,,,,,,,,Mike Wilks,,,traveling,,,,,
Brian Scalabrine,Eddie House,J.R. Giddens,Lester Hudson,Shelden Williams,D.J. White,James Harden,Mike Wilks,Serge Ibaka,Shaun Livingston,4,4:24,BOS,sub,,,,Shelden Williams,,Rasheed Wallace,,,,,,,,,,,,
Brian Scalabrine,Eddie House,J.R. Giddens,Lester Hudson,Shelden Williams,D.J. White,James Harden,Mike Wilks,Serge Ibaka,Shaun Livingston,4,4:07,BOS,shot,,,,,,,,,,Eddie House,,,,missed,,3pt,8,25
Brian Scalabrine,Eddie House,J.R. Giddens,Lester Hudson,Shelden Williams,D.J. White,James Harden,Mike Wilks,Serge Ibaka,Shaun Livingston,4,4:06,OKC,rebound,,,,,,,,,,Shaun Livingston,,,,,,def,,
Brian Scalabrine,Eddie House,J.R. Giddens,Lester Hudson,Shelden Williams,D.J. White,James Harden,Mike Wilks,Serge Ibaka,Shaun Livingston,4,3:50,OKC,shot,,,,,,,,,,Mike Wilks,,,,missed,,3pt,48,8
Brian Scalabrine,Eddie House,J.R. Giddens,Lester Hudson,Shelden Williams,D.J. White,James Harden,Mike Wilks,Serge Ibaka,Shaun Livingston,4,3:49,BOS,rebound,,,,,,,,,,Lester Hudson,,,,,,def,,
Brian Scalabrine,Eddie House,J.R. Giddens,Lester Hudson,Shelden Williams,D.J. White,James Harden,Mike Wilks,Serge Ibaka,Shaun Livingston,4,3:34,BOS,turnover,,,,,,,,,,Lester Hudson,,,bad pass,,Serge Ibaka,,,
Brian Scalabrine,Eddie House,J.R. Giddens,Lester Hudson,Shelden Williams,D.J. White,James Harden,Mike Wilks,Serge Ibaka,Shaun Livingston,4,3:26,OKC,shot,,,,,,,,,,James Harden,,,,missed,,3pt,35,28
Brian Scalabrine,Eddie House,J.R. Giddens,Lester Hudson,Shelden Williams,D.J. White,James Harden,Mike Wilks,Serge Ibaka,Shaun Livingston,4,3:25,BOS,rebound,,,,,,,,,,Eddie House,,,,,,def,,
Brian Scalabrine,Eddie House,J.R. Giddens,Lester Hudson,Shelden Williams,D.J. White,James Harden,Mike Wilks,Serge Ibaka,Shaun Livingston,4,3:07,BOS,shot,,,,,,,,,,Lester Hudson,,,,missed,,jump,12,22
Brian Scalabrine,Eddie House,J.R. Giddens,Lester Hudson,Shelden Williams,D.J. White,James Harden,Mike Wilks,Serge Ibaka,Shaun Livingston,4,3:05,BOS,rebound,,,,,,,,,,Brian Scalabrine,,,,,,off,,
Brian Scalabrine,Eddie House,J.R. Giddens,Lester Hudson,Shelden Williams,D.J. White,James Harden,Mike Wilks,Serge Ibaka,Shaun Livingston,4,2:49,BOS,shot,,,,,,,,,,Lester Hudson,,,,missed,,running jump,25,12
Brian Scalabrine,Eddie House,J.R. Giddens,Lester Hudson,Shelden Williams,D.J. White,James Harden,Mike Wilks,Serge Ibaka,Shaun Livingston,4,2:48,OKC,rebound,,,,,,,,,,D.J. White,,,,,,def,,
Brian Scalabrine,Eddie House,J.R. Giddens,Lester Hudson,Shelden Williams,D.J. White,James Harden,Mike Wilks,Serge Ibaka,Shaun Livingston,4,2:38,OKC,shot,Mike Wilks,,,,,,,,,D.J. White,2,,,made,,jump,10,12
Brian Scalabrine,Eddie House,J.R. Giddens,Lester Hudson,Shelden Williams,D.J. White,James Harden,Mike Wilks,Serge Ibaka,Shaun Livingston,4,2:24,BOS,turnover,,,,,,,,,,Lester Hudson,,,lost ball,,James Harden,,,
Brian Scalabrine,Eddie House,J.R. Giddens,Lester Hudson,Shelden Williams,D.J. White,James Harden,Mike Wilks,Serge Ibaka,Shaun Livingston,4,2:19,BOS,timeout,,,,,,,,,,,,,,,,regular,,
Brian Scalabrine,Eddie House,J.R. Giddens,Lester Hudson,Shelden Williams,D.J. White,James Harden,Mike Wilks,Serge Ibaka,Shaun Livingston,4,2:14,OKC,shot,,,,,,,,,,D.J. White,2,,,made,,jump,9,10
Brian Scalabrine,Eddie House,J.R. Giddens,Lester Hudson,Shelden Williams,D.J. White,James Harden,Mike Wilks,Serge Ibaka,Shaun Livingston,4,1:59,OKC,foul,,,,,,,,J.R. Giddens,,D.J. White,,,,,,shooting,,
Brian Scalabrine,Eddie House,J.R. Giddens,Lester Hudson,Shelden Williams,D.J. White,James Harden,Mike Wilks,Serge Ibaka,Shaun Livingston,4,1:59,BOS,free throw,,,,,,,1,,2,J.R. Giddens,,,foul,made,,,,
Brian Scalabrine,Eddie House,J.R. Giddens,Lester Hudson,Shelden Williams,D.J. White,James Harden,Mike Wilks,Serge Ibaka,Shaun Livingston,4,1:59,BOS,free throw,,,,,,,2,,2,J.R. Giddens,,,foul,missed,,,,
Brian Scalabrine,Eddie House,J.R. Giddens,Lester Hudson,Shelden Williams,D.J. White,James Harden,Mike Wilks,Serge Ibaka,Shaun Livingston,4,1:58,OKC,rebound,,,,,,,,,,Shaun Livingston,,,,,,def,,
Brian Scalabrine,Eddie House,J.R. Giddens,Lester Hudson,Shelden Williams,D.J. White,James Harden,Mike Wilks,Serge Ibaka,Shaun Livingston,4,1:44,OKC,shot,,,,,,,,,,Serge Ibaka,2,,,made,,fade away jumper,32,10
Brian Scalabrine,Eddie House,J.R. Giddens,Lester Hudson,Shelden Williams,D.J. White,James Harden,Mike Wilks,Serge Ibaka,Shaun Livingston,4,1:30,BOS,turnover,,,,,,,,,,J.R. Giddens,,,step out of bounds turnover,,,,,
Brian Scalabrine,Eddie House,J.R. Giddens,Lester Hudson,Shelden Williams,D.J. White,James Harden,Mike Wilks,Serge Ibaka,Shaun Livingston,4,1:19,OKC,shot,,,,,,,,,,James Harden,,,,missed,,3pt,3,16
Brian Scalabrine,Eddie House,J.R. Giddens,Lester Hudson,Shelden Williams,D.J. White,James Harden,Mike Wilks,Serge Ibaka,Shaun Livingston,4,1:18,BOS,rebound,,,,,,,,,,Shelden Williams,,,,,,def,,
Brian Scalabrine,Eddie House,J.R. Giddens,Lester Hudson,Shelden Williams,D.J. White,James Harden,Mike Wilks,Serge Ibaka,Shaun Livingston,4,1:07,BOS,shot,,,,,,,,,,Eddie House,3,,,made,,3pt,42,23
Brian Scalabrine,Eddie House,J.R. Giddens,Lester Hudson,Shelden Williams,D.J. White,James Harden,Mike Wilks,Serge Ibaka,Shaun Livingston,4,0:52,BOS,foul,,,,,,,,Shaun Livingston,,J.R. Giddens,,,,,,personal,,
Brian Scalabrine,Eddie House,J.R. Giddens,Lester Hudson,Shelden Williams,D.J. White,James Harden,Mike Wilks,Serge Ibaka,Shaun Livingston,4,0:40,BOS,foul,,,,,,,,D.J. White,,Brian Scalabrine,,,,,,personal,,
Brian Scalabrine,Eddie House,J.R. Giddens,Lester Hudson,Shelden Williams,D.J. White,James Harden,Mike Wilks,Serge Ibaka,Shaun Livingston,4,0:40,OKC,free throw,,,,,,,1,,2,D.J. White,,,foul,made,,,,
Brian Scalabrine,Eddie House,J.R. Giddens,Lester Hudson,Shelden Williams,D.J. White,James Harden,Mike Wilks,Serge Ibaka,Shaun Livingston,4,0:40,OKC,free throw,,,,,,,2,,2,D.J. White,,,foul,made,,,,
Brian Scalabrine,Eddie House,J.R. Giddens,Lester Hudson,Shelden Williams,D.J. White,James Harden,Mike Wilks,Serge Ibaka,Shaun Livingston,4,0:27,BOS,shot,,,,,,,,,,Eddie House,,,,missed,,3pt,9,25
Brian Scalabrine,Eddie House,J.R. Giddens,Lester Hudson,Shelden Williams,D.J. White,James Harden,Mike Wilks,Serge Ibaka,Shaun Livingston,4,0:26,OKC,rebound,,,,,,,,,,James Harden,,,,,,def,,
Brian Scalabrine,Eddie House,J.R. Giddens,Lester Hudson,Shelden Williams,D.J. White,James Harden,Mike Wilks,Serge Ibaka,Shaun Livingston,4,0:22,BOS,foul,,,,,,,,Mike Wilks,,J.R. Giddens,,,,,,shooting,,
Brian Scalabrine,Eddie House,J.R. Giddens,Lester Hudson,Shelden Williams,D.J. White,James Harden,Mike Wilks,Serge Ibaka,Shaun Livingston,4,0:22,OKC,free throw,,,,,,,1,,2,Mike Wilks,,,foul,made,,,,
Brian Scalabrine,Eddie House,J.R. Giddens,Lester Hudson,Shelden Williams,D.J. White,James Harden,Mike Wilks,Serge Ibaka,Shaun Livingston,4,0:22,OKC,free throw,,,,,,,2,,2,Mike Wilks,,,foul,made,,,,
