a1,a2,a3,a4,a5,h1,h2,h3,h4,h5,period,time,team,etype,assist,away,block,entered,home,left,num,opponent,outof,player,points,possession,reason,result,steal,type,x,y
Dwyane Wade,Jermaine O'Neal,Mario Chalmers,Michael Beasley,Quentin Richardson,Andrew Bynum,Derek Fisher,Kobe Bryant,Pau Gasol,Ron Artest,1,12:00,OFF,jump ball,,Jermaine O'Neal,,,Andrew Bynum,,,,,,,Mario Chalmers,,,,,,
Dwyane Wade,Jermaine O'Neal,Mario Chalmers,Michael Beasley,Quentin Richardson,Andrew Bynum,Derek Fisher,Kobe Bryant,Pau Gasol,Ron Artest,1,11:39,MIA,shot,,,,,,,,,,Mario Chalmers,,,,missed,,jump,42,19
Dwyane Wade,Jermaine O'Neal,Mario Chalmers,Michael Beasley,Quentin Richardson,Andrew Bynum,Derek Fisher,Kobe Bryant,Pau Gasol,Ron Artest,1,11:38,LAL,rebound,,,,,,,,,,Pau Gasol,,,,,,def,,
Dwyane Wade,Jermaine O'Neal,Mario Chalmers,Michael Beasley,Quentin Richardson,Andrew Bynum,Derek Fisher,Kobe Bryant,Pau Gasol,Ron Artest,1,11:23,LAL,shot,,,,,,,,,,Andrew Bynum,,,,missed,,jump,28,10
Dwyane Wade,Jermaine O'Neal,Mario Chalmers,Michael Beasley,Quentin Richardson,Andrew Bynum,Derek Fisher,Kobe Bryant,Pau Gasol,Ron Artest,1,11:22,MIA,rebound,,,,,,,,,,Dwyane Wade,,,,,,def,,
Dwyane Wade,Jermaine O'Neal,Mario Chalmers,Michael Beasley,Quentin Richardson,Andrew Bynum,Derek Fisher,Kobe Bryant,Pau Gasol,Ron Artest,1,11:14,MIA,shot,,,Ron Artest,,,,,,,Jermaine O'Neal,,,,missed,,3pt,18,30
Dwyane Wade,Jermaine O'Neal,Mario Chalmers,Michael Beasley,Quentin Richardson,Andrew Bynum,Derek Fisher,Kobe Bryant,Pau Gasol,Ron Artest,1,11:09,MIA,rebound,,,,,,,,,,Quentin Richardson,,,,,,off,,
Dwyane Wade,Jermaine O'Neal,Mario Chalmers,Michael Beasley,Quentin Richardson,Andrew Bynum,Derek Fisher,Kobe Bryant,Pau Gasol,Ron Artest,1,11:08,MIA,shot,Quentin Richardson,,,,,,,,,Jermaine O'Neal,2,,,made,,slam dunk,25,6
Dwyane Wade,Jermaine O'Neal,Mario Chalmers,Michael Beasley,Quentin Richardson,Andrew Bynum,Derek Fisher,Kobe Bryant,Pau Gasol,Ron Artest,1,10:54,LAL,shot,Ron Artest,,,,,,,,,Andrew Bynum,2,,,made,,jump,28,12
Dwyane Wade,Jermaine O'Neal,Mario Chalmers,Michael Beasley,Quentin Richardson,Andrew Bynum,Derek Fisher,Kobe Bryant,Pau Gasol,Ron Artest,1,10:35,MIA,shot,,,,,,,,,,Dwyane Wade,,,,missed,,jump,44,11
Dwyane Wade,Jermaine O'Neal,Mario Chalmers,Michael Beasley,Quentin Richardson,Andrew Bynum,Derek Fisher,Kobe Bryant,Pau Gasol,Ron Artest,1,10:34,MIA,rebound,,,,,,,,,,Michael Beasley,,,,,,off,,
Dwyane Wade,Jermaine O'Neal,Mario Chalmers,Michael Beasley,Quentin Richardson,Andrew Bynum,Derek Fisher,Kobe Bryant,Pau Gasol,Ron Artest,1,10:33,MIA,turnover,,,,,,,,,,Dwyane Wade,,,out of bounds lost ball turnover,,,,,
Dwyane Wade,Jermaine O'Neal,Mario Chalmers,Michael Beasley,Quentin Richardson,Andrew Bynum,Derek Fisher,Kobe Bryant,Pau Gasol,Ron Artest,1,10:20,MIA,foul,,,,,,,,Andrew Bynum,,Michael Beasley,,,,,,shooting,,
Dwyane Wade,Jermaine O'Neal,Mario Chalmers,Michael Beasley,Quentin Richardson,Andrew Bynum,Derek Fisher,Kobe Bryant,Pau Gasol,Ron Artest,1,10:20,LAL,free throw,,,,,,,1,,2,Andrew Bynum,,,foul,made,,,,
Dwyane Wade,Jermaine O'Neal,Mario Chalmers,Michael Beasley,Quentin Richardson,Andrew Bynum,Derek Fisher,Kobe Bryant,Pau Gasol,Ron Artest,1,10:20,LAL,free throw,,,,,,,2,,2,Andrew Bynum,,,foul,missed,,,,
Dwyane Wade,Jermaine O'Neal,Mario Chalmers,Michael Beasley,Quentin Richardson,Andrew Bynum,Derek Fisher,Kobe Bryant,Pau Gasol,Ron Artest,1,10:18,LAL,rebound,,,,,,,,,,Pau Gasol,,,,,,off,,
Dwyane Wade,Jermaine O'Neal,Mario Chalmers,Michael Beasley,Quentin Richardson,Andrew Bynum,Derek Fisher,Kobe Bryant,Pau Gasol,Ron Artest,1,10:05,LAL,shot,,,Dwyane Wade,,,,,,,Pau Gasol,,,,missed,,jump,18,12
Dwyane Wade,Jermaine O'Neal,Mario Chalmers,Michael Beasley,Quentin Richardson,Andrew Bynum,Derek Fisher,Kobe Bryant,Pau Gasol,Ron Artest,1,10:03,MIA,rebound,,,,,,,,,,Jermaine O'Neal,,,,,,def,,
Dwyane Wade,Jermaine O'Neal,Mario Chalmers,Michael Beasley,Quentin Richardson,Andrew Bynum,Derek Fisher,Kobe Bryant,Pau Gasol,Ron Artest,1,9:58,LAL,foul,,,,,,,,Dwyane Wade,,Kobe Bryant,,,,,,personal,,
Dwyane Wade,Jermaine O'Neal,Mario Chalmers,Michael Beasley,Quentin Richardson,Andrew Bynum,Derek Fisher,Kobe Bryant,Pau Gasol,Ron Artest,1,9:50,MIA,shot,,,,,,,,,,Quentin Richardson,,,,missed,,3pt,45,23
Dwyane Wade,Jermaine O'Neal,Mario Chalmers,Michael Beasley,Quentin Richardson,Andrew Bynum,Derek Fisher,Kobe Bryant,Pau Gasol,Ron Artest,1,9:49,LAL,rebound,,,,,,,,,,Kobe Bryant,,,,,,def,,
Dwyane Wade,Jermaine O'Neal,Mario Chalmers,Michael Beasley,Quentin Richardson,Andrew Bynum,Derek Fisher,Kobe Bryant,Pau Gasol,Ron Artest,1,9:43,LAL,shot,,,,,,,,,,Derek Fisher,,,,missed,,layup,25,6
Dwyane Wade,Jermaine O'Neal,Mario Chalmers,Michael Beasley,Quentin Richardson,Andrew Bynum,Derek Fisher,Kobe Bryant,Pau Gasol,Ron Artest,1,9:41,MIA,rebound,,,,,,,,,,Jermaine O'Neal,,,,,,def,,
Dwyane Wade,Jermaine O'Neal,Mario Chalmers,Michael Beasley,Quentin Richardson,Andrew Bynum,Derek Fisher,Kobe Bryant,Pau Gasol,Ron Artest,1,9:33,MIA,shot,Mario Chalmers,,,,,,,,,Michael Beasley,2,,,made,,layup,25,6
Dwyane Wade,Jermaine O'Neal,Mario Chalmers,Michael Beasley,Quentin Richardson,Andrew Bynum,Derek Fisher,Kobe Bryant,Pau Gasol,Ron Artest,1,9:19,LAL,shot,,,,,,,,,,Pau Gasol,,,,missed,,jump,25,22
Dwyane Wade,Jermaine O'Neal,Mario Chalmers,Michael Beasley,Quentin Richardson,Andrew Bynum,Derek Fisher,Kobe Bryant,Pau Gasol,Ron Artest,1,9:17,MIA,rebound,,,,,,,,,,Jermaine O'Neal,,,,,,def,,
Dwyane Wade,Jermaine O'Neal,Mario Chalmers,Michael Beasley,Quentin Richardson,Andrew Bynum,Derek Fisher,Kobe Bryant,Pau Gasol,Ron Artest,1,9:09,MIA,turnover,,,,,,,,,,Mario Chalmers,,,bad pass,,Pau Gasol,,,
Dwyane Wade,Jermaine O'Neal,Mario Chalmers,Michael Beasley,Quentin Richardson,Andrew Bynum,Derek Fisher,Kobe Bryant,Pau Gasol,Ron Artest,1,9:03,LAL,shot,Ron Artest,,,,,,,,,Pau Gasol,2,,,made,,alley oop layup,25,6
Dwyane Wade,Jermaine O'Neal,Mario Chalmers,Michael Beasley,Quentin Richardson,Andrew Bynum,Derek Fisher,Kobe Bryant,Pau Gasol,Ron Artest,1,8:41,MIA,shot,,,,,,,,,,Dwyane Wade,,,,missed,,3pt,41,28
Dwyane Wade,Jermaine O'Neal,Mario Chalmers,Michael Beasley,Quentin Richardson,Andrew Bynum,Derek Fisher,Kobe Bryant,Pau Gasol,Ron Artest,1,8:40,LAL,rebound,,,,,,,,,,Andrew Bynum,,,,,,def,,
Dwyane Wade,Jermaine O'Neal,Mario Chalmers,Michael Beasley,Quentin Richardson,Andrew Bynum,Derek Fisher,Kobe Bryant,Pau Gasol,Ron Artest,1,8:34,LAL,shot,Derek Fisher,,,,,,,,,Pau Gasol,2,,,made,,layup,25,6
Dwyane Wade,Jermaine O'Neal,Mario Chalmers,Michael Beasley,Quentin Richardson,Andrew Bynum,Derek Fisher,Kobe Bryant,Pau Gasol,Ron Artest,1,8:07,MIA,shot,Dwyane Wade,,,,,,,,,Mario Chalmers,3,,,made,,3pt,25,32
Dwyane Wade,Jermaine O'Neal,Mario Chalmers,Michael Beasley,Quentin Richardson,Andrew Bynum,Derek Fisher,Kobe Bryant,Pau Gasol,Ron Artest,1,7:42,LAL,shot,,,,,,,,,,Ron Artest,,,,missed,,3pt,38,30
Dwyane Wade,Jermaine O'Neal,Mario Chalmers,Michael Beasley,Quentin Richardson,Andrew Bynum,Derek Fisher,Kobe Bryant,Pau Gasol,Ron Artest,1,7:41,LAL,rebound,,,,,,,,,,Andrew Bynum,,,,,,off,,
Dwyane Wade,Jermaine O'Neal,Mario Chalmers,Michael Beasley,Quentin Richardson,Andrew Bynum,Derek Fisher,Kobe Bryant,Pau Gasol,Ron Artest,1,7:38,LAL,shot,,,,,,,,,,Andrew Bynum,2,,,made,,slam dunk,25,6
Dwyane Wade,Jermaine O'Neal,Mario Chalmers,Michael Beasley,Quentin Richardson,Andrew Bynum,Derek Fisher,Kobe Bryant,Pau Gasol,Ron Artest,1,7:12,MIA,shot,,,,,,,,,,Jermaine O'Neal,2,,,made,,driving layup,28,7
Dwyane Wade,Jermaine O'Neal,Mario Chalmers,Michael Beasley,Quentin Richardson,Andrew Bynum,Derek Fisher,Kobe Bryant,Pau Gasol,Ron Artest,1,6:55,MIA,foul,,,,,,,,Andrew Bynum,,Jermaine O'Neal,,,,,,shooting,,
Dwyane Wade,Jermaine O'Neal,Mario Chalmers,Michael Beasley,Quentin Richardson,Andrew Bynum,Derek Fisher,Kobe Bryant,Pau Gasol,Ron Artest,1,6:55,LAL,free throw,,,,,,,1,,2,Andrew Bynum,,,foul,made,,,,
Dwyane Wade,Jermaine O'Neal,Mario Chalmers,Michael Beasley,Quentin Richardson,Andrew Bynum,Derek Fisher,Kobe Bryant,Pau Gasol,Ron Artest,1,6:55,LAL,free throw,,,,,,,2,,2,Andrew Bynum,,,foul,made,,,,
Dwyane Wade,Jermaine O'Neal,Mario Chalmers,Michael Beasley,Quentin Richardson,Andrew Bynum,Derek Fisher,Kobe Bryant,Pau Gasol,Ron Artest,1,6:33,MIA,shot,Quentin Richardson,,,,,,,,,Mario Chalmers,3,,,made,,3pt,15,30
Dwyane Wade,Jermaine O'Neal,Mario Chalmers,Michael Beasley,Quentin Richardson,Andrew Bynum,Derek Fisher,Kobe Bryant,Pau Gasol,Ron Artest,1,6:11,MIA,violation,,,,,,,,,,Jermaine O'Neal,,,,,,defensive goaltending,,
Dwyane Wade,Jermaine O'Neal,Mario Chalmers,Michael Beasley,Quentin Richardson,Andrew Bynum,Derek Fisher,Kobe Bryant,Pau Gasol,Ron Artest,1,6:11,LAL,shot,,,,,,,,,,Kobe Bryant,2,,,made,,fade away jumper,18,9
Dwyane Wade,Jermaine O'Neal,Mario Chalmers,Michael Beasley,Quentin Richardson,Andrew Bynum,Derek Fisher,Kobe Bryant,Pau Gasol,Ron Artest,1,5:54,MIA,shot,,,,,,,,,,Dwyane Wade,,,,missed,,jump,31,10
Dwyane Wade,Jermaine O'Neal,Mario Chalmers,Michael Beasley,Quentin Richardson,Andrew Bynum,Derek Fisher,Kobe Bryant,Pau Gasol,Ron Artest,1,5:53,MIA,rebound,,,,,,,,,,Michael Beasley,,,,,,off,,
Dwyane Wade,Jermaine O'Neal,Mario Chalmers,Michael Beasley,Quentin Richardson,Andrew Bynum,Derek Fisher,Kobe Bryant,Pau Gasol,Ron Artest,1,5:53,MIA,shot,,,,,,,,,,Michael Beasley,2,,,made,,tip,25,6
Dwyane Wade,Jermaine O'Neal,Mario Chalmers,Michael Beasley,Quentin Richardson,Andrew Bynum,Derek Fisher,Kobe Bryant,Pau Gasol,Ron Artest,1,5:36,LAL,shot,Andrew Bynum,,,,,,,,,Kobe Bryant,2,,,made,,driving layup,25,6
Dwyane Wade,Jermaine O'Neal,Mario Chalmers,Michael Beasley,Quentin Richardson,Andrew Bynum,Derek Fisher,Kobe Bryant,Pau Gasol,Ron Artest,1,5:22,LAL,foul,,,,,,,,Jermaine O'Neal,,Kobe Bryant,,,,,,shooting,,
Dwyane Wade,Jermaine O'Neal,Mario Chalmers,Michael Beasley,Quentin Richardson,Andrew Bynum,Derek Fisher,Kobe Bryant,Pau Gasol,Ron Artest,1,5:22,LAL,timeout,,,,,,,,,,,,,,,,regular,,
Dwyane Wade,Jermaine O'Neal,Mario Chalmers,Michael Beasley,Quentin Richardson,Andrew Bynum,Derek Fisher,Pau Gasol,Ron Artest,Shannon Brown,1,5:22,LAL,sub,,,,Shannon Brown,,Kobe Bryant,,,,,,,,,,,,
Dwyane Wade,Jermaine O'Neal,Mario Chalmers,Quentin Richardson,Udonis Haslem,Andrew Bynum,Derek Fisher,Pau Gasol,Ron Artest,Shannon Brown,1,5:22,MIA,sub,,,,Udonis Haslem,,Michael Beasley,,,,,,,,,,,,
Dwyane Wade,Jermaine O'Neal,Mario Chalmers,Quentin Richardson,Udonis Haslem,Andrew Bynum,Derek Fisher,Pau Gasol,Ron Artest,Shannon Brown,1,5:22,MIA,free throw,,,,,,,1,,2,Jermaine O'Neal,,,foul,missed,,,,
Dwyane Wade,Jermaine O'Neal,Mario Chalmers,Quentin Richardson,Udonis Haslem,Andrew Bynum,Derek Fisher,Pau Gasol,Ron Artest,Shannon Brown,1,5:22,MIA,rebound,,,,,,,,,,,,,,,,,,
Dwyane Wade,Jermaine O'Neal,Mario Chalmers,Quentin Richardson,Udonis Haslem,Andrew Bynum,Derek Fisher,Pau Gasol,Ron Artest,Shannon Brown,1,5:22,MIA,free throw,,,,,,,2,,2,Jermaine O'Neal,,,foul,missed,,,,
Dwyane Wade,Jermaine O'Neal,Mario Chalmers,Quentin Richardson,Udonis Haslem,Andrew Bynum,Derek Fisher,Pau Gasol,Ron Artest,Shannon Brown,1,5:20,LAL,rebound,,,,,,,,,,Andrew Bynum,,,,,,def,,
Dwyane Wade,Jermaine O'Neal,Mario Chalmers,Quentin Richardson,Udonis Haslem,Andrew Bynum,Derek Fisher,Pau Gasol,Ron Artest,Shannon Brown,1,5:05,LAL,shot,,,,,,,,,,Shannon Brown,,,,missed,,jump,11,21
Dwyane Wade,Jermaine O'Neal,Mario Chalmers,Quentin Richardson,Udonis Haslem,Andrew Bynum,Derek Fisher,Pau Gasol,Ron Artest,Shannon Brown,1,5:03,LAL,rebound,,,,,,,,,,Andrew Bynum,,,,,,off,,
Dwyane Wade,Jermaine O'Neal,Mario Chalmers,Quentin Richardson,Udonis Haslem,Andrew Bynum,Derek Fisher,Pau Gasol,Ron Artest,Shannon Brown,1,4:53,LAL,shot,,,,,,,,,,Derek Fisher,,,,missed,,3pt,38,28
Dwyane Wade,Jermaine O'Neal,Mario Chalmers,Quentin Richardson,Udonis Haslem,Andrew Bynum,Derek Fisher,Pau Gasol,Ron Artest,Shannon Brown,1,4:52,LAL,rebound,,,,,,,,,,Shannon Brown,,,,,,off,,
Dwyane Wade,Jermaine O'Neal,Mario Chalmers,Quentin Richardson,Udonis Haslem,Andrew Bynum,Derek Fisher,Pau Gasol,Ron Artest,Shannon Brown,1,4:43,LAL,shot,,,,,,,,,,Ron Artest,,,,missed,,jump,29,22
Dwyane Wade,Jermaine O'Neal,Mario Chalmers,Quentin Richardson,Udonis Haslem,Andrew Bynum,Derek Fisher,Pau Gasol,Ron Artest,Shannon Brown,1,4:42,LAL,rebound,,,,,,,,,,,,,,,,,,
Dwyane Wade,Jermaine O'Neal,Mario Chalmers,Quentin Richardson,Udonis Haslem,Andrew Bynum,Derek Fisher,Pau Gasol,Ron Artest,Shannon Brown,1,4:42,MIA,foul,,,,,,,,Pau Gasol,,Jermaine O'Neal,,,,,,loose ball,,
Dwyane Wade,Jamaal Magloire,Mario Chalmers,Quentin Richardson,Udonis Haslem,Andrew Bynum,Derek Fisher,Pau Gasol,Ron Artest,Shannon Brown,1,4:42,MIA,sub,,,,Jamaal Magloire,,Jermaine O'Neal,,,,,,,,,,,,
Dwyane Wade,Jamaal Magloire,Mario Chalmers,Quentin Richardson,Udonis Haslem,Andrew Bynum,Derek Fisher,Pau Gasol,Ron Artest,Shannon Brown,1,4:27,LAL,shot,,,,,,,,,,Andrew Bynum,,,,missed,,hook,24,18
Dwyane Wade,Jamaal Magloire,Mario Chalmers,Quentin Richardson,Udonis Haslem,Andrew Bynum,Derek Fisher,Pau Gasol,Ron Artest,Shannon Brown,1,4:25,MIA,rebound,,,,,,,,,,Udonis Haslem,,,,,,def,,
Dwyane Wade,Jamaal Magloire,Mario Chalmers,Quentin Richardson,Udonis Haslem,Andrew Bynum,Derek Fisher,Pau Gasol,Ron Artest,Shannon Brown,1,4:13,MIA,shot,,,,,,,,,,Mario Chalmers,3,,,made,,3pt,41,27
Dwyane Wade,Jamaal Magloire,Mario Chalmers,Quentin Richardson,Udonis Haslem,Andrew Bynum,Derek Fisher,Pau Gasol,Ron Artest,Shannon Brown,1,3:57,LAL,shot,,,,,,,,,,Shannon Brown,,,,missed,,driving layup,25,6
Dwyane Wade,Jamaal Magloire,Mario Chalmers,Quentin Richardson,Udonis Haslem,Andrew Bynum,Derek Fisher,Pau Gasol,Ron Artest,Shannon Brown,1,3:54,MIA,rebound,,,,,,,,,,Quentin Richardson,,,,,,def,,
Dwyane Wade,Jamaal Magloire,Mario Chalmers,Quentin Richardson,Udonis Haslem,Andrew Bynum,Derek Fisher,Pau Gasol,Ron Artest,Shannon Brown,1,3:39,MIA,shot,,,,,,,,,,Quentin Richardson,,,,missed,,jump,17,12
Dwyane Wade,Jamaal Magloire,Mario Chalmers,Quentin Richardson,Udonis Haslem,Andrew Bynum,Derek Fisher,Pau Gasol,Ron Artest,Shannon Brown,1,3:38,MIA,rebound,,,,,,,,,,Jamaal Magloire,,,,,,off,,
Dwyane Wade,Jamaal Magloire,Mario Chalmers,Quentin Richardson,Udonis Haslem,Andrew Bynum,Derek Fisher,Pau Gasol,Ron Artest,Shannon Brown,1,3:37,MIA,shot,,,,,,,,,,Jamaal Magloire,2,,,made,,putback dunk,25,6
Dwyane Wade,Jamaal Magloire,Mario Chalmers,Quentin Richardson,Udonis Haslem,Andrew Bynum,Derek Fisher,Pau Gasol,Ron Artest,Shannon Brown,1,3:20,LAL,shot,Derek Fisher,,,,,,,,,Pau Gasol,2,,,made,,layup,25,6
Dwyane Wade,Jamaal Magloire,Mario Chalmers,Quentin Richardson,Udonis Haslem,Andrew Bynum,Derek Fisher,Pau Gasol,Ron Artest,Shannon Brown,1,2:56,MIA,shot,,,,,,,,,,Dwyane Wade,,,,missed,,jump,35,10
Dwyane Wade,Jamaal Magloire,Mario Chalmers,Quentin Richardson,Udonis Haslem,Andrew Bynum,Derek Fisher,Pau Gasol,Ron Artest,Shannon Brown,1,2:55,LAL,rebound,,,,,,,,,,Andrew Bynum,,,,,,def,,
Dwyane Wade,Jamaal Magloire,Mario Chalmers,Quentin Richardson,Udonis Haslem,Andrew Bynum,Derek Fisher,Pau Gasol,Ron Artest,Shannon Brown,1,2:41,LAL,shot,,,,,,,,,,Pau Gasol,2,,,made,,jump bank,21,9
Dwyane Wade,Jamaal Magloire,Mario Chalmers,Quentin Richardson,Udonis Haslem,Andrew Bynum,Derek Fisher,Pau Gasol,Ron Artest,Shannon Brown,1,2:33,MIA,turnover,,,,,,,,,,Mario Chalmers,,,lost ball,,Derek Fisher,,,
Dwyane Wade,Jamaal Magloire,Mario Chalmers,Quentin Richardson,Udonis Haslem,Andrew Bynum,Derek Fisher,Pau Gasol,Ron Artest,Shannon Brown,1,2:30,MIA,timeout,,,,,,,,,,,,,,,,regular,,
Dorell Wright,Dwyane Wade,Jamaal Magloire,Quentin Richardson,Udonis Haslem,Andrew Bynum,Derek Fisher,Pau Gasol,Ron Artest,Shannon Brown,1,2:30,MIA,sub,,,,Dorell Wright,,Mario Chalmers,,,,,,,,,,,,
Dorell Wright,Dwyane Wade,Jamaal Magloire,Quentin Richardson,Udonis Haslem,Andrew Bynum,Derek Fisher,Lamar Odom,Ron Artest,Shannon Brown,1,2:30,LAL,sub,,,,Lamar Odom,,Pau Gasol,,,,,,,,,,,,
Dorell Wright,Dwyane Wade,Jamaal Magloire,Quentin Richardson,Udonis Haslem,Andrew Bynum,Derek Fisher,Lamar Odom,Ron Artest,Shannon Brown,1,2:30,LAL,jump ball,,Quentin Richardson,,,Derek Fisher,,,,,,,Jamaal Magloire,,,,,,
Dorell Wright,Dwyane Wade,Jamaal Magloire,Quentin Richardson,Udonis Haslem,Andrew Bynum,Derek Fisher,Lamar Odom,Ron Artest,Shannon Brown,1,2:30,LAL,turnover,,,,,,,,,,Derek Fisher,,,lost ball,,Quentin Richardson,,,
Dorell Wright,Dwyane Wade,Jamaal Magloire,Quentin Richardson,Udonis Haslem,Andrew Bynum,Derek Fisher,Lamar Odom,Ron Artest,Shannon Brown,1,2:04,MIA,shot,,,,,,,,,,Dorell Wright,,,,missed,,jump,17,20
Dorell Wright,Dwyane Wade,Jamaal Magloire,Quentin Richardson,Udonis Haslem,Andrew Bynum,Derek Fisher,Lamar Odom,Ron Artest,Shannon Brown,1,2:03,LAL,rebound,,,,,,,,,,,,,,,,,,
Dorell Wright,Dwyane Wade,Jamaal Magloire,Quentin Richardson,Udonis Haslem,Andrew Bynum,Jordan Farmar,Lamar Odom,Ron Artest,Shannon Brown,1,2:03,LAL,sub,,,,Jordan Farmar,,Derek Fisher,,,,,,,,,,,,
Dorell Wright,Dwyane Wade,Jamaal Magloire,Quentin Richardson,Udonis Haslem,Andrew Bynum,Jordan Farmar,Lamar Odom,Ron Artest,Shannon Brown,1,1:49,LAL,shot,,,,,,,,,,Andrew Bynum,,,,missed,,jump,13,6
Dorell Wright,Dwyane Wade,Jamaal Magloire,Quentin Richardson,Udonis Haslem,Andrew Bynum,Jordan Farmar,Lamar Odom,Ron Artest,Shannon Brown,1,1:48,MIA,rebound,,,,,,,,,,Quentin Richardson,,,,,,def,,
Dorell Wright,Dwyane Wade,Jamaal Magloire,Quentin Richardson,Udonis Haslem,Andrew Bynum,Jordan Farmar,Lamar Odom,Ron Artest,Shannon Brown,1,1:48,LAL,foul,,,,,,,,Quentin Richardson,,Ron Artest,,,,,,personal,,
Dorell Wright,Dwyane Wade,Jamaal Magloire,Quentin Richardson,Udonis Haslem,Andrew Bynum,Jordan Farmar,Lamar Odom,Ron Artest,Shannon Brown,1,1:37,LAL,foul,,,,,,,,Dorell Wright,,Shannon Brown,,,,,,shooting,,
Dorell Wright,Dwyane Wade,Jamaal Magloire,Quentin Richardson,Udonis Haslem,Andrew Bynum,Jordan Farmar,Lamar Odom,Ron Artest,Shannon Brown,1,1:37,MIA,free throw,,,,,,,1,,2,Dorell Wright,,,foul,made,,,,
Dorell Wright,Dwyane Wade,Jamaal Magloire,Quentin Richardson,Udonis Haslem,Andrew Bynum,Jordan Farmar,Lamar Odom,Ron Artest,Shannon Brown,1,1:37,MIA,free throw,,,,,,,2,,2,Dorell Wright,,,foul,made,,,,
Dorell Wright,Dwyane Wade,Jamaal Magloire,Quentin Richardson,Udonis Haslem,Andrew Bynum,Jordan Farmar,Lamar Odom,Ron Artest,Shannon Brown,1,1:23,LAL,shot,,,,,,,,,,Ron Artest,,,,missed,,fade away jumper,34,12
Dorell Wright,Dwyane Wade,Jamaal Magloire,Quentin Richardson,Udonis Haslem,Andrew Bynum,Jordan Farmar,Lamar Odom,Ron Artest,Shannon Brown,1,1:21,MIA,rebound,,,,,,,,,,Dorell Wright,,,,,,def,,
Dorell Wright,Dwyane Wade,Jamaal Magloire,Quentin Richardson,Udonis Haslem,Andrew Bynum,Jordan Farmar,Lamar Odom,Ron Artest,Shannon Brown,1,1:16,LAL,foul,,,,,,,,Dwyane Wade,,Shannon Brown,,,,,,shooting,,
Dorell Wright,Dwyane Wade,Jamaal Magloire,Quentin Richardson,Udonis Haslem,Andrew Bynum,Jordan Farmar,Lamar Odom,Ron Artest,Shannon Brown,1,1:16,MIA,free throw,,,,,,,1,,2,Dwyane Wade,,,foul,missed,,,,
Dorell Wright,Dwyane Wade,Jamaal Magloire,Quentin Richardson,Udonis Haslem,Andrew Bynum,Jordan Farmar,Lamar Odom,Ron Artest,Shannon Brown,1,1:16,MIA,rebound,,,,,,,,,,,,,,,,,,
Dorell Wright,Dwyane Wade,Jamaal Magloire,Quentin Richardson,Udonis Haslem,Andrew Bynum,Jordan Farmar,Lamar Odom,Ron Artest,Shannon Brown,1,1:16,MIA,free throw,,,,,,,2,,2,Dwyane Wade,,,foul,made,,,,
Dorell Wright,Dwyane Wade,Jamaal Magloire,Quentin Richardson,Udonis Haslem,Andrew Bynum,Jordan Farmar,Lamar Odom,Ron Artest,Shannon Brown,1,0:56,LAL,shot,,,,,,,,,,Jordan Farmar,,,,missed,,3pt,37,29
Dorell Wright,Dwyane Wade,Jamaal Magloire,Quentin Richardson,Udonis Haslem,Andrew Bynum,Jordan Farmar,Lamar Odom,Ron Artest,Shannon Brown,1,0:56,MIA,rebound,,,,,,,,,,,,,,,,,,
Dorell Wright,Dwyane Wade,Jamaal Magloire,Quentin Richardson,Udonis Haslem,Andrew Bynum,Jordan Farmar,Lamar Odom,Ron Artest,Shannon Brown,1,0:56,LAL,foul,,,,,,,,Jamaal Magloire,,Andrew Bynum,,,,,,loose ball,,
Dorell Wright,Dwyane Wade,Jamaal Magloire,Quentin Richardson,Udonis Haslem,Andrew Bynum,Jordan Farmar,Lamar Odom,Ron Artest,Shannon Brown,1,0:56,MIA,free throw,,,,,,,1,,2,Jamaal Magloire,,,foul,made,,,,
Dorell Wright,Dwyane Wade,Jamaal Magloire,Quentin Richardson,Udonis Haslem,Andrew Bynum,Jordan Farmar,Lamar Odom,Ron Artest,Shannon Brown,1,0:56,LAL,timeout,,,,,,,,,,,,,,,,short,,
Dorell Wright,Dwyane Wade,Jamaal Magloire,Quentin Richardson,Udonis Haslem,Andrew Bynum,Jordan Farmar,Lamar Odom,Ron Artest,Shannon Brown,1,0:56,MIA,free throw,,,,,,,2,,2,Jamaal Magloire,,,foul,missed,,,,
Dorell Wright,Dwyane Wade,Jamaal Magloire,Quentin Richardson,Udonis Haslem,Andrew Bynum,Jordan Farmar,Lamar Odom,Ron Artest,Shannon Brown,1,0:55,LAL,rebound,,,,,,,,,,Ron Artest,,,,,,def,,
Dorell Wright,Dwyane Wade,Jamaal Magloire,Quentin Richardson,Udonis Haslem,Andrew Bynum,Jordan Farmar,Lamar Odom,Ron Artest,Shannon Brown,1,0:36,LAL,shot,,,,,,,,,,Andrew Bynum,,,,missed,,jump,28,25
Dorell Wright,Dwyane Wade,Jamaal Magloire,Quentin Richardson,Udonis Haslem,Andrew Bynum,Jordan Farmar,Lamar Odom,Ron Artest,Shannon Brown,1,0:35,MIA,rebound,,,,,,,,,,Jamaal Magloire,,,,,,def,,
Dorell Wright,Dwyane Wade,Jamaal Magloire,Quentin Richardson,Udonis Haslem,Andrew Bynum,Jordan Farmar,Lamar Odom,Ron Artest,Shannon Brown,1,0:28,MIA,shot,,,,,,,,,,Dorell Wright,,,,missed,,alley oop dunk,25,6
Dorell Wright,Dwyane Wade,Jamaal Magloire,Quentin Richardson,Udonis Haslem,Andrew Bynum,Jordan Farmar,Lamar Odom,Ron Artest,Shannon Brown,1,0:25,LAL,rebound,,,,,,,,,,Lamar Odom,,,,,,def,,
Dorell Wright,Dwyane Wade,Jamaal Magloire,Quentin Richardson,Udonis Haslem,Andrew Bynum,Jordan Farmar,Lamar Odom,Ron Artest,Shannon Brown,1,0:14,LAL,shot,,,,,,,,,,Ron Artest,,,,missed,,layup,25,6
Dorell Wright,Dwyane Wade,Jamaal Magloire,Quentin Richardson,Udonis Haslem,Andrew Bynum,Jordan Farmar,Lamar Odom,Ron Artest,Shannon Brown,1,0:13,LAL,rebound,,,,,,,,,,Ron Artest,,,,,,off,,
Dorell Wright,Dwyane Wade,Jamaal Magloire,Quentin Richardson,Udonis Haslem,Andrew Bynum,Jordan Farmar,Lamar Odom,Ron Artest,Shannon Brown,1,0:13,LAL,shot,,,,,,,,,,Ron Artest,2,,,made,,layup,25,6
Dorell Wright,Dwyane Wade,Jamaal Magloire,Quentin Richardson,Udonis Haslem,Andrew Bynum,Jordan Farmar,Lamar Odom,Ron Artest,Shannon Brown,1,0:01,MIA,shot,,,Jordan Farmar,,,,,,,Jamaal Magloire,,,,missed,,layup,25,6
Dorell Wright,Dwyane Wade,Jamaal Magloire,Quentin Richardson,Udonis Haslem,Andrew Bynum,Jordan Farmar,Lamar Odom,Ron Artest,Shannon Brown,1,0:00,LAL,rebound,,,,,,,,,,Lamar Odom,,,,,,def,,
Dorell Wright,Dwyane Wade,Jamaal Magloire,Quentin Richardson,Udonis Haslem,Andrew Bynum,Jordan Farmar,Lamar Odom,Ron Artest,Shannon Brown,1,0:00,LAL,shot,,,,,,,,,,Lamar Odom,,,,missed,,3pt,21,77
Dorell Wright,Dwyane Wade,Jamaal Magloire,Quentin Richardson,Udonis Haslem,Andrew Bynum,Jordan Farmar,Lamar Odom,Ron Artest,Shannon Brown,1,0:00,LAL,rebound,,,,,,,,,,,,,,,,,,
Dorell Wright,Jamaal Magloire,Mario Chalmers,Michael Beasley,Udonis Haslem,Jordan Farmar,Kobe Bryant,Lamar Odom,Pau Gasol,Shannon Brown,2,11:43,LAL,shot,,,,,,,,,,Kobe Bryant,,,,missed,,jump,24,13
Dorell Wright,Jamaal Magloire,Mario Chalmers,Michael Beasley,Udonis Haslem,Jordan Farmar,Kobe Bryant,Lamar Odom,Pau Gasol,Shannon Brown,2,11:42,MIA,rebound,,,,,,,,,,Michael Beasley,,,,,,def,,
Dorell Wright,Jamaal Magloire,Mario Chalmers,Michael Beasley,Udonis Haslem,Jordan Farmar,Kobe Bryant,Lamar Odom,Pau Gasol,Shannon Brown,2,11:30,MIA,shot,,,,,,,,,,Michael Beasley,,,,missed,,jump,35,23
Dorell Wright,Jamaal Magloire,Mario Chalmers,Michael Beasley,Udonis Haslem,Jordan Farmar,Kobe Bryant,Lamar Odom,Pau Gasol,Shannon Brown,2,11:30,MIA,rebound,,,,,,,,,,,,,,,,,,
Dorell Wright,Jamaal Magloire,Mario Chalmers,Michael Beasley,Udonis Haslem,Jordan Farmar,Kobe Bryant,Lamar Odom,Pau Gasol,Shannon Brown,2,11:30,LAL,foul,,,,,,,,Michael Beasley,,Lamar Odom,,,,,,loose ball,,
Dorell Wright,Jamaal Magloire,Mario Chalmers,Michael Beasley,Udonis Haslem,Jordan Farmar,Kobe Bryant,Lamar Odom,Pau Gasol,Shannon Brown,2,11:22,MIA,shot,Michael Beasley,,,,,,,,,Dorell Wright,2,,,made,,jump,40,16
Dorell Wright,Jamaal Magloire,Mario Chalmers,Michael Beasley,Udonis Haslem,Jordan Farmar,Kobe Bryant,Lamar Odom,Pau Gasol,Shannon Brown,2,11:01,MIA,foul,,,,,,,,Kobe Bryant,,Dorell Wright,,,,,,personal,,
Dorell Wright,Jamaal Magloire,Mario Chalmers,Michael Beasley,Udonis Haslem,Jordan Farmar,Kobe Bryant,Lamar Odom,Pau Gasol,Shannon Brown,2,10:53,LAL,shot,Kobe Bryant,,,,,,,,,Shannon Brown,2,,,made,,layup,25,6
Dorell Wright,Jamaal Magloire,Mario Chalmers,Michael Beasley,Udonis Haslem,Jordan Farmar,Kobe Bryant,Lamar Odom,Pau Gasol,Shannon Brown,2,10:33,MIA,shot,Mario Chalmers,,,,,,,,,Udonis Haslem,2,,,made,,jump,41,7
Dorell Wright,Jamaal Magloire,Mario Chalmers,Michael Beasley,Udonis Haslem,Jordan Farmar,Kobe Bryant,Lamar Odom,Pau Gasol,Shannon Brown,2,10:22,LAL,shot,,,,,,,,,,Shannon Brown,,,,missed,,3pt,7,26
Dorell Wright,Jamaal Magloire,Mario Chalmers,Michael Beasley,Udonis Haslem,Jordan Farmar,Kobe Bryant,Lamar Odom,Pau Gasol,Shannon Brown,2,10:21,MIA,rebound,,,,,,,,,,Jamaal Magloire,,,,,,def,,
Dorell Wright,Jamaal Magloire,Mario Chalmers,Michael Beasley,Udonis Haslem,Jordan Farmar,Kobe Bryant,Lamar Odom,Pau Gasol,Shannon Brown,2,10:12,MIA,turnover,,,,,,,,,,Mario Chalmers,,,bad pass,,Jordan Farmar,,,
Dorell Wright,Jamaal Magloire,Mario Chalmers,Michael Beasley,Udonis Haslem,Jordan Farmar,Kobe Bryant,Lamar Odom,Pau Gasol,Shannon Brown,2,10:06,LAL,shot,,,,,,,,,,Jordan Farmar,2,,,made,,driving layup,25,6
Dorell Wright,Jamaal Magloire,Mario Chalmers,Michael Beasley,Udonis Haslem,Jordan Farmar,Kobe Bryant,Lamar Odom,Pau Gasol,Ron Artest,2,9:53,LAL,sub,,,,Ron Artest,,Shannon Brown,,,,,,,,,,,,
Dorell Wright,Jamaal Magloire,Mario Chalmers,Michael Beasley,Udonis Haslem,Jordan Farmar,Kobe Bryant,Lamar Odom,Pau Gasol,Ron Artest,2,9:46,LAL,foul,,,,,,,,Mario Chalmers,,Jordan Farmar,,,,,,personal,,
Dorell Wright,Jamaal Magloire,Mario Chalmers,Michael Beasley,Udonis Haslem,Jordan Farmar,Kobe Bryant,Lamar Odom,Pau Gasol,Ron Artest,2,9:36,MIA,shot,,,,,,,,,,Mario Chalmers,,,,missed,,3pt,43,23
Dorell Wright,Jamaal Magloire,Mario Chalmers,Michael Beasley,Udonis Haslem,Jordan Farmar,Kobe Bryant,Lamar Odom,Pau Gasol,Ron Artest,2,9:35,LAL,rebound,,,,,,,,,,Lamar Odom,,,,,,def,,
Dorell Wright,Jamaal Magloire,Mario Chalmers,Michael Beasley,Udonis Haslem,Jordan Farmar,Kobe Bryant,Lamar Odom,Pau Gasol,Ron Artest,2,9:20,LAL,shot,,,,,,,,,,Kobe Bryant,2,,,made,,turnaround jump,36,20
Dorell Wright,Jamaal Magloire,Mario Chalmers,Michael Beasley,Udonis Haslem,Jordan Farmar,Kobe Bryant,Lamar Odom,Pau Gasol,Ron Artest,2,8:59,MIA,shot,,,,,,,,,,Mario Chalmers,,,,missed,,3pt,36,30
Dorell Wright,Jamaal Magloire,Mario Chalmers,Michael Beasley,Udonis Haslem,Jordan Farmar,Kobe Bryant,Lamar Odom,Pau Gasol,Ron Artest,2,8:58,MIA,rebound,,,,,,,,,,Udonis Haslem,,,,,,off,,
Dorell Wright,Jamaal Magloire,Mario Chalmers,Michael Beasley,Udonis Haslem,Jordan Farmar,Kobe Bryant,Lamar Odom,Pau Gasol,Ron Artest,2,8:56,MIA,shot,,,,,,,,,,Udonis Haslem,,,,missed,,layup,25,6
Dorell Wright,Jamaal Magloire,Mario Chalmers,Michael Beasley,Udonis Haslem,Jordan Farmar,Kobe Bryant,Lamar Odom,Pau Gasol,Ron Artest,2,8:52,LAL,rebound,,,,,,,,,,Jordan Farmar,,,,,,def,,
Dorell Wright,Jamaal Magloire,Mario Chalmers,Michael Beasley,Udonis Haslem,Jordan Farmar,Kobe Bryant,Lamar Odom,Pau Gasol,Ron Artest,2,8:48,LAL,shot,Lamar Odom,,,,,,,,,Pau Gasol,2,,,made,,layup,25,6
Dorell Wright,Jamaal Magloire,Mario Chalmers,Michael Beasley,Udonis Haslem,Jordan Farmar,Kobe Bryant,Lamar Odom,Pau Gasol,Ron Artest,2,8:44,MIA,timeout,,,,,,,,,,,,,,,,regular,,
Dorell Wright,Jermaine O'Neal,Mario Chalmers,Michael Beasley,Udonis Haslem,Jordan Farmar,Kobe Bryant,Lamar Odom,Pau Gasol,Ron Artest,2,8:44,MIA,sub,,,,Jermaine O'Neal,,Jamaal Magloire,,,,,,,,,,,,
Dorell Wright,Jermaine O'Neal,Mario Chalmers,Michael Beasley,Udonis Haslem,Jordan Farmar,Kobe Bryant,Lamar Odom,Pau Gasol,Ron Artest,2,8:27,MIA,shot,Michael Beasley,,,,,,,,,Dorell Wright,3,,,made,,3pt,2,6
Dorell Wright,Jermaine O'Neal,Mario Chalmers,Michael Beasley,Udonis Haslem,Jordan Farmar,Kobe Bryant,Lamar Odom,Pau Gasol,Ron Artest,2,8:06,LAL,shot,,,,,,,,,,Kobe Bryant,,,,missed,,3pt,1,5
Dorell Wright,Jermaine O'Neal,Mario Chalmers,Michael Beasley,Udonis Haslem,Jordan Farmar,Kobe Bryant,Lamar Odom,Pau Gasol,Ron Artest,2,8:05,MIA,rebound,,,,,,,,,,Jermaine O'Neal,,,,,,def,,
Dorell Wright,Jermaine O'Neal,Mario Chalmers,Michael Beasley,Udonis Haslem,Jordan Farmar,Kobe Bryant,Lamar Odom,Pau Gasol,Ron Artest,2,7:54,MIA,foul,,,,,,,,Jordan Farmar,,Mario Chalmers,,,,,,offensive,,
Dorell Wright,Jermaine O'Neal,Mario Chalmers,Michael Beasley,Udonis Haslem,Jordan Farmar,Kobe Bryant,Lamar Odom,Pau Gasol,Ron Artest,2,7:54,MIA,turnover,,,,,,,,,,Mario Chalmers,,,foul,,,,,
Dorell Wright,Jermaine O'Neal,Mario Chalmers,Michael Beasley,Udonis Haslem,Jordan Farmar,Kobe Bryant,Lamar Odom,Pau Gasol,Ron Artest,2,7:45,LAL,shot,Pau Gasol,,,,,,,,,Lamar Odom,3,,,made,,3pt,43,26
Dorell Wright,Jermaine O'Neal,Mario Chalmers,Michael Beasley,Udonis Haslem,Jordan Farmar,Kobe Bryant,Lamar Odom,Pau Gasol,Ron Artest,2,7:24,MIA,shot,,,,,,,,,,Jermaine O'Neal,,,,missed,,jump,13,16
Dorell Wright,Jermaine O'Neal,Mario Chalmers,Michael Beasley,Udonis Haslem,Jordan Farmar,Kobe Bryant,Lamar Odom,Pau Gasol,Ron Artest,2,7:23,LAL,rebound,,,,,,,,,,Lamar Odom,,,,,,def,,
Dorell Wright,Jermaine O'Neal,Mario Chalmers,Michael Beasley,Udonis Haslem,Jordan Farmar,Kobe Bryant,Lamar Odom,Pau Gasol,Ron Artest,2,7:19,LAL,shot,,,Jermaine O'Neal,,,,,,,Pau Gasol,,,,missed,,layup,25,6
Dorell Wright,Jermaine O'Neal,Mario Chalmers,Michael Beasley,Udonis Haslem,Jordan Farmar,Kobe Bryant,Lamar Odom,Pau Gasol,Ron Artest,2,7:16,MIA,rebound,,,,,,,,,,Michael Beasley,,,,,,def,,
Dorell Wright,Jermaine O'Neal,Mario Chalmers,Michael Beasley,Udonis Haslem,Jordan Farmar,Kobe Bryant,Lamar Odom,Pau Gasol,Ron Artest,2,7:07,MIA,shot,Mario Chalmers,,,,,,,,,Udonis Haslem,2,,,made,,jump,27,23
Dorell Wright,Jermaine O'Neal,Mario Chalmers,Michael Beasley,Udonis Haslem,Jordan Farmar,Kobe Bryant,Lamar Odom,Pau Gasol,Ron Artest,2,6:57,LAL,shot,,,,,,,,,,Jordan Farmar,2,,,made,,driving layup,25,6
Dorell Wright,Jermaine O'Neal,Mario Chalmers,Michael Beasley,Udonis Haslem,Jordan Farmar,Kobe Bryant,Lamar Odom,Pau Gasol,Ron Artest,2,6:41,LAL,foul,,,,,,,,Jermaine O'Neal,,Pau Gasol,,,,,,shooting,,
Dorell Wright,Dwyane Wade,Jermaine O'Neal,Mario Chalmers,Michael Beasley,Jordan Farmar,Kobe Bryant,Lamar Odom,Pau Gasol,Ron Artest,2,6:41,MIA,sub,,,,Dwyane Wade,,Udonis Haslem,,,,,,,,,,,,
Dorell Wright,Dwyane Wade,Jermaine O'Neal,Mario Chalmers,Michael Beasley,Jordan Farmar,Kobe Bryant,Lamar Odom,Pau Gasol,Ron Artest,2,6:41,MIA,free throw,,,,,,,1,,2,Jermaine O'Neal,,,foul,made,,,,
Dwyane Wade,Jermaine O'Neal,Mario Chalmers,Michael Beasley,Quentin Richardson,Jordan Farmar,Kobe Bryant,Lamar Odom,Pau Gasol,Ron Artest,2,6:41,MIA,sub,,,,Quentin Richardson,,Dorell Wright,,,,,,,,,,,,
Dwyane Wade,Jermaine O'Neal,Mario Chalmers,Michael Beasley,Quentin Richardson,Jordan Farmar,Kobe Bryant,Lamar Odom,Pau Gasol,Ron Artest,2,6:41,MIA,free throw,,,,,,,2,,2,Jermaine O'Neal,,,foul,missed,,,,
Dwyane Wade,Jermaine O'Neal,Mario Chalmers,Michael Beasley,Quentin Richardson,Jordan Farmar,Kobe Bryant,Lamar Odom,Pau Gasol,Ron Artest,2,6:40,MIA,rebound,,,,,,,,,,Quentin Richardson,,,,,,off,,
Dwyane Wade,Jermaine O'Neal,Mario Chalmers,Michael Beasley,Quentin Richardson,Jordan Farmar,Kobe Bryant,Lamar Odom,Pau Gasol,Ron Artest,2,6:36,MIA,turnover,,,,,,,,,,Quentin Richardson,,,bad pass,,Kobe Bryant,,,
Dwyane Wade,Jermaine O'Neal,Mario Chalmers,Michael Beasley,Quentin Richardson,Jordan Farmar,Kobe Bryant,Lamar Odom,Pau Gasol,Ron Artest,2,6:28,LAL,shot,,,,,,,,,,Pau Gasol,,,,missed,,jump,22,11
Dwyane Wade,Jermaine O'Neal,Mario Chalmers,Michael Beasley,Quentin Richardson,Jordan Farmar,Kobe Bryant,Lamar Odom,Pau Gasol,Ron Artest,2,6:27,LAL,rebound,,,,,,,,,,Pau Gasol,,,,,,off,,
Dwyane Wade,Jermaine O'Neal,Mario Chalmers,Michael Beasley,Quentin Richardson,Jordan Farmar,Kobe Bryant,Lamar Odom,Pau Gasol,Ron Artest,2,6:26,LAL,shot,,,,,,,,,,Pau Gasol,2,,,made,,layup,25,6
Dwyane Wade,Jermaine O'Neal,Mario Chalmers,Michael Beasley,Quentin Richardson,Jordan Farmar,Kobe Bryant,Lamar Odom,Pau Gasol,Ron Artest,2,6:08,MIA,turnover,,,,,,,,,,Jermaine O'Neal,,,3 second violation,,,,,
Dwyane Wade,Jermaine O'Neal,Mario Chalmers,Michael Beasley,Quentin Richardson,Jordan Farmar,Kobe Bryant,Lamar Odom,Pau Gasol,Ron Artest,2,6:08,LAL,timeout,,,,,,,,,,,,,,,,regular,,
Dwyane Wade,Jermaine O'Neal,Mario Chalmers,Michael Beasley,Quentin Richardson,Derek Fisher,Kobe Bryant,Lamar Odom,Pau Gasol,Ron Artest,2,6:08,LAL,sub,,,,Derek Fisher,,Jordan Farmar,,,,,,,,,,,,
Dwyane Wade,Jermaine O'Neal,Mario Chalmers,Michael Beasley,Quentin Richardson,Derek Fisher,Kobe Bryant,Lamar Odom,Pau Gasol,Ron Artest,2,5:47,LAL,shot,,,,,,,,,,Pau Gasol,,,,missed,,jump,25,10
Dwyane Wade,Jermaine O'Neal,Mario Chalmers,Michael Beasley,Quentin Richardson,Derek Fisher,Kobe Bryant,Lamar Odom,Pau Gasol,Ron Artest,2,5:45,MIA,rebound,,,,,,,,,,Mario Chalmers,,,,,,def,,
Dwyane Wade,Jermaine O'Neal,Mario Chalmers,Michael Beasley,Quentin Richardson,Derek Fisher,Kobe Bryant,Lamar Odom,Pau Gasol,Ron Artest,2,5:25,LAL,foul,,,,,,,,Jermaine O'Neal,,Lamar Odom,,,,,,shooting,,
Dwyane Wade,Jermaine O'Neal,Mario Chalmers,Michael Beasley,Quentin Richardson,Derek Fisher,Kobe Bryant,Lamar Odom,Pau Gasol,Ron Artest,2,5:25,MIA,free throw,,,,,,,1,,2,Jermaine O'Neal,,,foul,missed,,,,
Dwyane Wade,Jermaine O'Neal,Mario Chalmers,Michael Beasley,Quentin Richardson,Derek Fisher,Kobe Bryant,Lamar Odom,Pau Gasol,Ron Artest,2,5:25,MIA,rebound,,,,,,,,,,,,,,,,,,
Dwyane Wade,Jermaine O'Neal,Mario Chalmers,Michael Beasley,Quentin Richardson,Andrew Bynum,Derek Fisher,Kobe Bryant,Pau Gasol,Ron Artest,2,5:25,LAL,sub,,,,Andrew Bynum,,Lamar Odom,,,,,,,,,,,,
Dwyane Wade,Jermaine O'Neal,Mario Chalmers,Michael Beasley,Quentin Richardson,Andrew Bynum,Derek Fisher,Kobe Bryant,Pau Gasol,Ron Artest,2,5:25,MIA,free throw,,,,,,,2,,2,Jermaine O'Neal,,,foul,made,,,,
Dwyane Wade,Jermaine O'Neal,Mario Chalmers,Michael Beasley,Quentin Richardson,Andrew Bynum,Derek Fisher,Kobe Bryant,Pau Gasol,Ron Artest,2,5:05,MIA,foul,,,,,,,,Kobe Bryant,,Quentin Richardson,,,,,,personal,,
Dwyane Wade,Jermaine O'Neal,Mario Chalmers,Michael Beasley,Quentin Richardson,Andrew Bynum,Derek Fisher,Kobe Bryant,Pau Gasol,Ron Artest,2,4:56,MIA,foul,,,,,,,,Kobe Bryant,,Dwyane Wade,,,,,,personal,,
Dwyane Wade,Jermaine O'Neal,Mario Chalmers,Michael Beasley,Quentin Richardson,Andrew Bynum,Derek Fisher,Kobe Bryant,Pau Gasol,Ron Artest,2,4:42,LAL,shot,Pau Gasol,,,,,,,,,Ron Artest,2,,,made,,fade away jumper,38,6
Dwyane Wade,Jermaine O'Neal,Mario Chalmers,Michael Beasley,Quentin Richardson,Andrew Bynum,Derek Fisher,Kobe Bryant,Pau Gasol,Ron Artest,2,4:26,MIA,shot,Dwyane Wade,,,,,,,,,Michael Beasley,2,,,made,,jump,43,4
Dwyane Wade,Jermaine O'Neal,Mario Chalmers,Michael Beasley,Quentin Richardson,Andrew Bynum,Derek Fisher,Kobe Bryant,Pau Gasol,Ron Artest,2,4:10,LAL,shot,,,,,,,,,,Ron Artest,2,,,made,,driving layup,25,6
Dwyane Wade,Jermaine O'Neal,Mario Chalmers,Michael Beasley,Quentin Richardson,Andrew Bynum,Derek Fisher,Kobe Bryant,Pau Gasol,Ron Artest,2,4:10,MIA,foul,,,,,,,,Ron Artest,,Jermaine O'Neal,,,,,,shooting,,
Dwyane Wade,Jamaal Magloire,Mario Chalmers,Michael Beasley,Quentin Richardson,Andrew Bynum,Derek Fisher,Kobe Bryant,Pau Gasol,Ron Artest,2,4:10,MIA,sub,,,,Jamaal Magloire,,Jermaine O'Neal,,,,,,,,,,,,
Dwyane Wade,Jamaal Magloire,Mario Chalmers,Michael Beasley,Quentin Richardson,Andrew Bynum,Derek Fisher,Kobe Bryant,Pau Gasol,Ron Artest,2,4:10,LAL,free throw,,,,,,,1,,1,Ron Artest,,,foul,made,,,,
Dwyane Wade,Jamaal Magloire,Mario Chalmers,Michael Beasley,Quentin Richardson,Andrew Bynum,Derek Fisher,Kobe Bryant,Pau Gasol,Ron Artest,2,4:00,LAL,foul,,,,,,,,Dwyane Wade,,Derek Fisher,,,,,,personal,,
Dwyane Wade,Jamaal Magloire,Mario Chalmers,Michael Beasley,Quentin Richardson,Andrew Bynum,Derek Fisher,Kobe Bryant,Pau Gasol,Ron Artest,2,4:00,MIA,free throw,,,,,,,1,,2,Dwyane Wade,,,foul,made,,,,
Dwyane Wade,Jamaal Magloire,Mario Chalmers,Michael Beasley,Quentin Richardson,Andrew Bynum,Derek Fisher,Kobe Bryant,Pau Gasol,Ron Artest,2,4:00,MIA,free throw,,,,,,,2,,2,Dwyane Wade,,,foul,missed,,,,
Dwyane Wade,Jamaal Magloire,Mario Chalmers,Michael Beasley,Quentin Richardson,Andrew Bynum,Derek Fisher,Kobe Bryant,Pau Gasol,Ron Artest,2,3:59,LAL,rebound,,,,,,,,,,Andrew Bynum,,,,,,def,,
Dwyane Wade,Jamaal Magloire,Mario Chalmers,Michael Beasley,Quentin Richardson,Andrew Bynum,Derek Fisher,Kobe Bryant,Pau Gasol,Ron Artest,2,3:46,LAL,shot,Kobe Bryant,,,,,,,,,Andrew Bynum,2,,,made,,alley oop layup,25,6
Dwyane Wade,Jamaal Magloire,Mario Chalmers,Michael Beasley,Quentin Richardson,Andrew Bynum,Derek Fisher,Kobe Bryant,Pau Gasol,Ron Artest,2,3:23,MIA,shot,,,,,,,,,,Dwyane Wade,,,,missed,,layup,25,6
Dwyane Wade,Jamaal Magloire,Mario Chalmers,Michael Beasley,Quentin Richardson,Andrew Bynum,Derek Fisher,Kobe Bryant,Pau Gasol,Ron Artest,2,3:16,MIA,rebound,,,,,,,,,,Michael Beasley,,,,,,off,,
Dwyane Wade,Jamaal Magloire,Mario Chalmers,Michael Beasley,Quentin Richardson,Andrew Bynum,Derek Fisher,Kobe Bryant,Pau Gasol,Ron Artest,2,3:16,MIA,turnover,,,,,,,,,,Michael Beasley,,,offensive goaltending,,,,,
Dwyane Wade,Jamaal Magloire,Mario Chalmers,Michael Beasley,Quentin Richardson,Andrew Bynum,Derek Fisher,Kobe Bryant,Pau Gasol,Ron Artest,2,3:15,LAL,shot,,,,,,,,,,Ron Artest,,,,missed,,3pt,43,25
Dwyane Wade,Jamaal Magloire,Mario Chalmers,Michael Beasley,Quentin Richardson,Andrew Bynum,Derek Fisher,Kobe Bryant,Pau Gasol,Ron Artest,2,3:15,LAL,rebound,,,,,,,,,,Kobe Bryant,,,,,,off,,
Dwyane Wade,Jamaal Magloire,Mario Chalmers,Michael Beasley,Quentin Richardson,Andrew Bynum,Derek Fisher,Kobe Bryant,Pau Gasol,Ron Artest,2,3:10,LAL,shot,,,,,,,,,,Ron Artest,,,,missed,,3pt,49,6
Dwyane Wade,Jamaal Magloire,Mario Chalmers,Michael Beasley,Quentin Richardson,Andrew Bynum,Derek Fisher,Kobe Bryant,Pau Gasol,Ron Artest,2,3:06,MIA,rebound,,,,,,,,,,Dwyane Wade,,,,,,def,,
Dwyane Wade,Jamaal Magloire,Mario Chalmers,Michael Beasley,Quentin Richardson,Andrew Bynum,Derek Fisher,Kobe Bryant,Pau Gasol,Ron Artest,2,3:01,MIA,shot,,,,,,,,,,Dwyane Wade,,,,missed,,driving layup,27,10
Dwyane Wade,Jamaal Magloire,Mario Chalmers,Michael Beasley,Quentin Richardson,Andrew Bynum,Derek Fisher,Kobe Bryant,Pau Gasol,Ron Artest,2,2:57,MIA,rebound,,,,,,,,,,Dwyane Wade,,,,,,off,,
Dwyane Wade,Jamaal Magloire,Mario Chalmers,Michael Beasley,Quentin Richardson,Andrew Bynum,Derek Fisher,Kobe Bryant,Pau Gasol,Ron Artest,2,2:54,MIA,timeout,,,,,,,,,,,,,,,,official,,
Dorell Wright,Dwyane Wade,Jamaal Magloire,Mario Chalmers,Quentin Richardson,Andrew Bynum,Derek Fisher,Kobe Bryant,Pau Gasol,Ron Artest,2,2:54,MIA,sub,,,,Dorell Wright,,Michael Beasley,,,,,,,,,,,,
Dorell Wright,Dwyane Wade,Jamaal Magloire,Quentin Richardson,Udonis Haslem,Andrew Bynum,Derek Fisher,Kobe Bryant,Pau Gasol,Ron Artest,2,2:54,MIA,sub,,,,Udonis Haslem,,Mario Chalmers,,,,,,,,,,,,
Dorell Wright,Dwyane Wade,Jamaal Magloire,Quentin Richardson,Udonis Haslem,Andrew Bynum,Derek Fisher,Kobe Bryant,Pau Gasol,Ron Artest,2,2:54,MIA,foul,,,,,,,,Kobe Bryant,,Udonis Haslem,,,,,,offensive,,
Dorell Wright,Dwyane Wade,Jamaal Magloire,Quentin Richardson,Udonis Haslem,Andrew Bynum,Derek Fisher,Kobe Bryant,Pau Gasol,Ron Artest,2,2:54,MIA,turnover,,,,,,,,,,Udonis Haslem,,,foul,,,,,
Dorell Wright,Dwyane Wade,Jamaal Magloire,Quentin Richardson,Udonis Haslem,Andrew Bynum,Derek Fisher,Kobe Bryant,Pau Gasol,Ron Artest,2,2:42,LAL,shot,,,,,,,,,,Derek Fisher,,,,missed,,3pt,40,28
Dorell Wright,Dwyane Wade,Jamaal Magloire,Quentin Richardson,Udonis Haslem,Andrew Bynum,Derek Fisher,Kobe Bryant,Pau Gasol,Ron Artest,2,2:41,MIA,rebound,,,,,,,,,,Quentin Richardson,,,,,,def,,
Dorell Wright,Dwyane Wade,Jamaal Magloire,Quentin Richardson,Udonis Haslem,Andrew Bynum,Derek Fisher,Kobe Bryant,Pau Gasol,Ron Artest,2,2:33,MIA,shot,Dwyane Wade,,,,,,,,,Udonis Haslem,2,,,made,,layup,25,6
Dorell Wright,Dwyane Wade,Jamaal Magloire,Quentin Richardson,Udonis Haslem,Andrew Bynum,Derek Fisher,Kobe Bryant,Pau Gasol,Ron Artest,2,2:33,LAL,foul,,,,,,,,Udonis Haslem,,Pau Gasol,,,,,,shooting,,
Dorell Wright,Dwyane Wade,Jamaal Magloire,Quentin Richardson,Udonis Haslem,Andrew Bynum,Derek Fisher,Kobe Bryant,Pau Gasol,Ron Artest,2,2:33,MIA,free throw,,,,,,,1,,1,Udonis Haslem,,,foul,made,,,,
Dorell Wright,Dwyane Wade,Jamaal Magloire,Quentin Richardson,Udonis Haslem,Andrew Bynum,Derek Fisher,Kobe Bryant,Pau Gasol,Ron Artest,2,2:23,LAL,shot,,,,,,,,,,Derek Fisher,2,,,made,,pullup jump,29,20
Dorell Wright,Dwyane Wade,Jamaal Magloire,Quentin Richardson,Udonis Haslem,Andrew Bynum,Derek Fisher,Kobe Bryant,Pau Gasol,Ron Artest,2,2:04,MIA,shot,,,,,,,,,,Dwyane Wade,2,,,made,,driving slam dunk,25,6
Dorell Wright,Dwyane Wade,Jamaal Magloire,Quentin Richardson,Udonis Haslem,Andrew Bynum,Derek Fisher,Kobe Bryant,Pau Gasol,Ron Artest,2,1:38,LAL,shot,,,,,,,,,,Ron Artest,,,,missed,,jump,37,21
Dorell Wright,Dwyane Wade,Jamaal Magloire,Quentin Richardson,Udonis Haslem,Andrew Bynum,Derek Fisher,Kobe Bryant,Pau Gasol,Ron Artest,2,1:37,LAL,rebound,,,,,,,,,,Kobe Bryant,,,,,,off,,
Dorell Wright,Dwyane Wade,Jamaal Magloire,Quentin Richardson,Udonis Haslem,Andrew Bynum,Derek Fisher,Kobe Bryant,Pau Gasol,Ron Artest,2,1:31,LAL,shot,,,,,,,,,,Andrew Bynum,,,,missed,,jump,30,16
Dorell Wright,Dwyane Wade,Jamaal Magloire,Quentin Richardson,Udonis Haslem,Andrew Bynum,Derek Fisher,Kobe Bryant,Pau Gasol,Ron Artest,2,1:29,LAL,rebound,,,,,,,,,,Ron Artest,,,,,,off,,
Dorell Wright,Dwyane Wade,Jamaal Magloire,Quentin Richardson,Udonis Haslem,Andrew Bynum,Derek Fisher,Kobe Bryant,Pau Gasol,Ron Artest,2,1:29,LAL,shot,,,,,,,,,,Ron Artest,2,,,made,,tip,25,6
Dorell Wright,Dwyane Wade,Jamaal Magloire,Quentin Richardson,Udonis Haslem,Andrew Bynum,Derek Fisher,Kobe Bryant,Pau Gasol,Ron Artest,2,1:07,MIA,shot,,,,,,,,,,Udonis Haslem,,,,missed,,jump,38,8
Dorell Wright,Dwyane Wade,Jamaal Magloire,Quentin Richardson,Udonis Haslem,Andrew Bynum,Derek Fisher,Kobe Bryant,Pau Gasol,Ron Artest,2,1:05,MIA,rebound,,,,,,,,,,Jamaal Magloire,,,,,,off,,
Dorell Wright,Dwyane Wade,Jamaal Magloire,Quentin Richardson,Udonis Haslem,Andrew Bynum,Derek Fisher,Kobe Bryant,Pau Gasol,Ron Artest,2,1:04,MIA,shot,,,,,,,,,,Jamaal Magloire,2,,,made,,slam dunk,25,6
Dorell Wright,Dwyane Wade,Jamaal Magloire,Quentin Richardson,Udonis Haslem,Andrew Bynum,Derek Fisher,Kobe Bryant,Pau Gasol,Ron Artest,2,0:47,LAL,shot,,,,,,,,,,Pau Gasol,,,,missed,,fade away jumper,18,19
Dorell Wright,Dwyane Wade,Jamaal Magloire,Quentin Richardson,Udonis Haslem,Andrew Bynum,Derek Fisher,Kobe Bryant,Pau Gasol,Ron Artest,2,0:44,MIA,rebound,,,,,,,,,,Dorell Wright,,,,,,def,,
Dorell Wright,Dwyane Wade,Jamaal Magloire,Quentin Richardson,Udonis Haslem,Andrew Bynum,Derek Fisher,Kobe Bryant,Pau Gasol,Ron Artest,2,0:40,MIA,shot,,,,,,,,,,Dwyane Wade,2,,,made,,driving dunk,25,6
Dorell Wright,Dwyane Wade,Jamaal Magloire,Quentin Richardson,Udonis Haslem,Andrew Bynum,Derek Fisher,Kobe Bryant,Pau Gasol,Ron Artest,2,0:27,LAL,shot,Ron Artest,,,,,,,,,Andrew Bynum,2,,,made,,hook,25,13
Dorell Wright,Dwyane Wade,Jamaal Magloire,Quentin Richardson,Udonis Haslem,Andrew Bynum,Derek Fisher,Kobe Bryant,Pau Gasol,Ron Artest,2,0:14,MIA,shot,,,,,,,,,,Dwyane Wade,,,,missed,,layup,25,6
Dorell Wright,Dwyane Wade,Jamaal Magloire,Quentin Richardson,Udonis Haslem,Andrew Bynum,Derek Fisher,Kobe Bryant,Pau Gasol,Ron Artest,2,0:14,MIA,rebound,,,,,,,,,,Jamaal Magloire,,,,,,off,,
Dorell Wright,Dwyane Wade,Jamaal Magloire,Quentin Richardson,Udonis Haslem,Andrew Bynum,Derek Fisher,Kobe Bryant,Pau Gasol,Ron Artest,2,0:14,MIA,shot,,,,,,,,,,Jamaal Magloire,2,,,made,,tip,25,6
Dorell Wright,Dwyane Wade,Jamaal Magloire,Quentin Richardson,Udonis Haslem,Andrew Bynum,Derek Fisher,Kobe Bryant,Pau Gasol,Ron Artest,2,0:00,LAL,shot,,,,,,,,,,Kobe Bryant,2,,,made,,fade away bank,33,9
Dwyane Wade,Jermaine O'Neal,Mario Chalmers,Michael Beasley,Quentin Richardson,Andrew Bynum,Derek Fisher,Kobe Bryant,Pau Gasol,Ron Artest,3,11:39,LAL,shot,,,Dwyane Wade,,,,,,,Kobe Bryant,,,,missed,,jump,8,6
Dwyane Wade,Jermaine O'Neal,Mario Chalmers,Michael Beasley,Quentin Richardson,Andrew Bynum,Derek Fisher,Kobe Bryant,Pau Gasol,Ron Artest,3,11:37,MIA,rebound,,,,,,,,,,Jermaine O'Neal,,,,,,def,,
Dwyane Wade,Jermaine O'Neal,Mario Chalmers,Michael Beasley,Quentin Richardson,Andrew Bynum,Derek Fisher,Kobe Bryant,Pau Gasol,Ron Artest,3,11:30,MIA,turnover,,,,,,,,,,Dwyane Wade,,,bad pass,,Kobe Bryant,,,
Dwyane Wade,Jermaine O'Neal,Mario Chalmers,Michael Beasley,Quentin Richardson,Andrew Bynum,Derek Fisher,Kobe Bryant,Pau Gasol,Ron Artest,3,11:24,LAL,shot,,,,,,,,,,Kobe Bryant,,,,missed,,jump,13,17
Dwyane Wade,Jermaine O'Neal,Mario Chalmers,Michael Beasley,Quentin Richardson,Andrew Bynum,Derek Fisher,Kobe Bryant,Pau Gasol,Ron Artest,3,11:23,LAL,rebound,,,,,,,,,,Ron Artest,,,,,,off,,
Dwyane Wade,Jermaine O'Neal,Mario Chalmers,Michael Beasley,Quentin Richardson,Andrew Bynum,Derek Fisher,Kobe Bryant,Pau Gasol,Ron Artest,3,11:22,LAL,shot,,,Michael Beasley,,,,,,,Ron Artest,,,,missed,,layup,25,6
Dwyane Wade,Jermaine O'Neal,Mario Chalmers,Michael Beasley,Quentin Richardson,Andrew Bynum,Derek Fisher,Kobe Bryant,Pau Gasol,Ron Artest,3,11:20,LAL,rebound,,,,,,,,,,Derek Fisher,,,,,,off,,
Dwyane Wade,Jermaine O'Neal,Mario Chalmers,Michael Beasley,Quentin Richardson,Andrew Bynum,Derek Fisher,Kobe Bryant,Pau Gasol,Ron Artest,3,11:19,LAL,shot,,,,,,,,,,Derek Fisher,2,,,made,,jump bank,31,12
Dwyane Wade,Jermaine O'Neal,Mario Chalmers,Michael Beasley,Quentin Richardson,Andrew Bynum,Derek Fisher,Kobe Bryant,Pau Gasol,Ron Artest,3,10:57,MIA,shot,,,,,,,,,,Dwyane Wade,,,,missed,,jump,30,14
Dwyane Wade,Jermaine O'Neal,Mario Chalmers,Michael Beasley,Quentin Richardson,Andrew Bynum,Derek Fisher,Kobe Bryant,Pau Gasol,Ron Artest,3,10:56,LAL,rebound,,,,,,,,,,Pau Gasol,,,,,,def,,
Dwyane Wade,Jermaine O'Neal,Mario Chalmers,Michael Beasley,Quentin Richardson,Andrew Bynum,Derek Fisher,Kobe Bryant,Pau Gasol,Ron Artest,3,10:51,LAL,shot,,,,,,,,,,Derek Fisher,,,,missed,,jump,40,18
Dwyane Wade,Jermaine O'Neal,Mario Chalmers,Michael Beasley,Quentin Richardson,Andrew Bynum,Derek Fisher,Kobe Bryant,Pau Gasol,Ron Artest,3,10:50,MIA,rebound,,,,,,,,,,Quentin Richardson,,,,,,def,,
Dwyane Wade,Jermaine O'Neal,Mario Chalmers,Michael Beasley,Quentin Richardson,Andrew Bynum,Derek Fisher,Kobe Bryant,Pau Gasol,Ron Artest,3,10:34,MIA,shot,Jermaine O'Neal,,,,,,,,,Quentin Richardson,2,,,made,,jump bank,9,14
Dwyane Wade,Jermaine O'Neal,Mario Chalmers,Michael Beasley,Quentin Richardson,Andrew Bynum,Derek Fisher,Kobe Bryant,Pau Gasol,Ron Artest,3,10:24,LAL,shot,,,,,,,,,,Ron Artest,,,,missed,,layup,25,6
Dwyane Wade,Jermaine O'Neal,Mario Chalmers,Michael Beasley,Quentin Richardson,Andrew Bynum,Derek Fisher,Kobe Bryant,Pau Gasol,Ron Artest,3,10:23,MIA,rebound,,,,,,,,,,Dwyane Wade,,,,,,def,,
Dwyane Wade,Jermaine O'Neal,Mario Chalmers,Michael Beasley,Quentin Richardson,Andrew Bynum,Derek Fisher,Kobe Bryant,Pau Gasol,Ron Artest,3,10:13,MIA,shot,,,,,,,,,,Mario Chalmers,,,,missed,,3pt,40,27
Dwyane Wade,Jermaine O'Neal,Mario Chalmers,Michael Beasley,Quentin Richardson,Andrew Bynum,Derek Fisher,Kobe Bryant,Pau Gasol,Ron Artest,3,10:12,LAL,rebound,,,,,,,,,,Derek Fisher,,,,,,def,,
Dwyane Wade,Jermaine O'Neal,Mario Chalmers,Michael Beasley,Quentin Richardson,Andrew Bynum,Derek Fisher,Kobe Bryant,Pau Gasol,Ron Artest,3,10:00,LAL,shot,Andrew Bynum,,,,,,,,,Pau Gasol,2,,,made,,jump,13,12
Dwyane Wade,Jermaine O'Neal,Mario Chalmers,Michael Beasley,Quentin Richardson,Andrew Bynum,Derek Fisher,Kobe Bryant,Pau Gasol,Ron Artest,3,9:43,MIA,shot,,,,,,,,,,Jermaine O'Neal,2,,,made,,turnaround jump,8,14
Dwyane Wade,Jermaine O'Neal,Mario Chalmers,Michael Beasley,Quentin Richardson,Andrew Bynum,Derek Fisher,Kobe Bryant,Pau Gasol,Ron Artest,3,9:23,LAL,shot,Kobe Bryant,,,,,,,,,Derek Fisher,2,,,made,,jump,18,20
Dwyane Wade,Jermaine O'Neal,Mario Chalmers,Michael Beasley,Quentin Richardson,Andrew Bynum,Derek Fisher,Kobe Bryant,Pau Gasol,Ron Artest,3,8:58,MIA,shot,Jermaine O'Neal,,,,,,,,,Quentin Richardson,2,,,made,,jump,11,14
Dwyane Wade,Jermaine O'Neal,Mario Chalmers,Michael Beasley,Quentin Richardson,Andrew Bynum,Derek Fisher,Kobe Bryant,Pau Gasol,Ron Artest,3,8:47,LAL,shot,,,,,,,,,,Kobe Bryant,2,,,made,,driving layup,25,6
Dwyane Wade,Jermaine O'Neal,Mario Chalmers,Michael Beasley,Quentin Richardson,Andrew Bynum,Derek Fisher,Kobe Bryant,Pau Gasol,Ron Artest,3,8:24,MIA,shot,Dwyane Wade,,,,,,,,,Michael Beasley,2,,,made,,jump,12,16
Dwyane Wade,Jermaine O'Neal,Mario Chalmers,Michael Beasley,Quentin Richardson,Andrew Bynum,Derek Fisher,Kobe Bryant,Pau Gasol,Ron Artest,3,8:10,LAL,shot,,,,,,,,,,Kobe Bryant,,,,missed,,layup,25,6
Dwyane Wade,Jermaine O'Neal,Mario Chalmers,Michael Beasley,Quentin Richardson,Andrew Bynum,Derek Fisher,Kobe Bryant,Pau Gasol,Ron Artest,3,8:09,LAL,rebound,,,,,,,,,,Andrew Bynum,,,,,,off,,
Dwyane Wade,Jermaine O'Neal,Mario Chalmers,Michael Beasley,Quentin Richardson,Andrew Bynum,Derek Fisher,Kobe Bryant,Pau Gasol,Ron Artest,3,8:09,LAL,shot,,,,,,,,,,Andrew Bynum,2,,,made,,hook,28,10
Dwyane Wade,Jermaine O'Neal,Mario Chalmers,Michael Beasley,Quentin Richardson,Andrew Bynum,Derek Fisher,Kobe Bryant,Pau Gasol,Ron Artest,3,8:09,MIA,foul,,,,,,,,Andrew Bynum,,Michael Beasley,,,,,,shooting,,
Dwyane Wade,Jermaine O'Neal,Mario Chalmers,Michael Beasley,Quentin Richardson,Andrew Bynum,Derek Fisher,Kobe Bryant,Pau Gasol,Ron Artest,3,8:09,LAL,free throw,,,,,,,1,,1,Andrew Bynum,,,foul,made,,,,
Dwyane Wade,Jermaine O'Neal,Mario Chalmers,Michael Beasley,Quentin Richardson,Andrew Bynum,Derek Fisher,Kobe Bryant,Pau Gasol,Ron Artest,3,7:57,MIA,shot,,,,,,,,,,Michael Beasley,,,,missed,,jump,31,26
Dwyane Wade,Jermaine O'Neal,Mario Chalmers,Michael Beasley,Quentin Richardson,Andrew Bynum,Derek Fisher,Kobe Bryant,Pau Gasol,Ron Artest,3,7:56,MIA,rebound,,,,,,,,,,Jermaine O'Neal,,,,,,off,,
Dwyane Wade,Jermaine O'Neal,Mario Chalmers,Michael Beasley,Quentin Richardson,Andrew Bynum,Derek Fisher,Kobe Bryant,Pau Gasol,Ron Artest,3,7:53,MIA,shot,Jermaine O'Neal,,,,,,,,,Michael Beasley,2,,,made,,layup,25,6
Dwyane Wade,Jermaine O'Neal,Mario Chalmers,Michael Beasley,Quentin Richardson,Andrew Bynum,Derek Fisher,Kobe Bryant,Pau Gasol,Ron Artest,3,7:37,LAL,turnover,,,,,,,,,,Derek Fisher,,,bad pass,,Jermaine O'Neal,,,
Dwyane Wade,Jermaine O'Neal,Mario Chalmers,Michael Beasley,Quentin Richardson,Andrew Bynum,Derek Fisher,Kobe Bryant,Pau Gasol,Ron Artest,3,7:27,LAL,foul,,,,,,,,Jermaine O'Neal,,Kobe Bryant,,,,,,shooting,,
Dwyane Wade,Jermaine O'Neal,Mario Chalmers,Michael Beasley,Quentin Richardson,Andrew Bynum,Derek Fisher,Kobe Bryant,Pau Gasol,Ron Artest,3,7:27,MIA,free throw,,,,,,,1,,2,Jermaine O'Neal,,,foul,made,,,,
Dwyane Wade,Jermaine O'Neal,Mario Chalmers,Michael Beasley,Quentin Richardson,Andrew Bynum,Derek Fisher,Kobe Bryant,Pau Gasol,Ron Artest,3,7:27,MIA,free throw,,,,,,,2,,2,Jermaine O'Neal,,,foul,made,,,,
Dwyane Wade,Jermaine O'Neal,Mario Chalmers,Michael Beasley,Quentin Richardson,Andrew Bynum,Derek Fisher,Kobe Bryant,Pau Gasol,Ron Artest,3,7:18,MIA,violation,,,,,,,,,,Dwyane Wade,,,,,,kicked ball,,
Dwyane Wade,Jermaine O'Neal,Mario Chalmers,Michael Beasley,Quentin Richardson,Andrew Bynum,Derek Fisher,Kobe Bryant,Pau Gasol,Ron Artest,3,7:12,MIA,foul,,,,,,,,Pau Gasol,,Michael Beasley,,,,,,personal,,
Dwyane Wade,Jermaine O'Neal,Mario Chalmers,Michael Beasley,Quentin Richardson,Andrew Bynum,Derek Fisher,Kobe Bryant,Pau Gasol,Ron Artest,3,7:04,MIA,foul,,,,,,,,Derek Fisher,,Mario Chalmers,,,,,,shooting,,
Dwyane Wade,Jermaine O'Neal,Mario Chalmers,Michael Beasley,Quentin Richardson,Andrew Bynum,Derek Fisher,Kobe Bryant,Pau Gasol,Ron Artest,3,7:04,LAL,free throw,,,,,,,1,,2,Derek Fisher,,,foul,made,,,,
Dwyane Wade,Jermaine O'Neal,Mario Chalmers,Michael Beasley,Quentin Richardson,Andrew Bynum,Derek Fisher,Kobe Bryant,Pau Gasol,Ron Artest,3,7:04,LAL,free throw,,,,,,,2,,2,Derek Fisher,,,foul,made,,,,
Dwyane Wade,Jermaine O'Neal,Mario Chalmers,Michael Beasley,Quentin Richardson,Andrew Bynum,Derek Fisher,Kobe Bryant,Pau Gasol,Ron Artest,3,6:52,MIA,shot,,,,,,,,,,Dwyane Wade,,,,missed,,jump,42,7
Dwyane Wade,Jermaine O'Neal,Mario Chalmers,Michael Beasley,Quentin Richardson,Andrew Bynum,Derek Fisher,Kobe Bryant,Pau Gasol,Ron Artest,3,6:50,LAL,rebound,,,,,,,,,,Derek Fisher,,,,,,def,,
Dwyane Wade,Jermaine O'Neal,Mario Chalmers,Michael Beasley,Quentin Richardson,Andrew Bynum,Derek Fisher,Kobe Bryant,Pau Gasol,Ron Artest,3,6:46,LAL,shot,,,,,,,,,,Kobe Bryant,,,,missed,,driving layup,25,6
Dwyane Wade,Jermaine O'Neal,Mario Chalmers,Michael Beasley,Quentin Richardson,Andrew Bynum,Derek Fisher,Kobe Bryant,Pau Gasol,Ron Artest,3,6:42,LAL,rebound,,,,,,,,,,Kobe Bryant,,,,,,off,,
Dwyane Wade,Jermaine O'Neal,Mario Chalmers,Michael Beasley,Quentin Richardson,Andrew Bynum,Derek Fisher,Kobe Bryant,Pau Gasol,Ron Artest,3,6:42,MIA,foul,,,,,,,,Kobe Bryant,,Mario Chalmers,,,,,,shooting,,
Dwyane Wade,Jermaine O'Neal,Mario Chalmers,Michael Beasley,Quentin Richardson,Andrew Bynum,Derek Fisher,Kobe Bryant,Pau Gasol,Ron Artest,3,6:42,LAL,free throw,,,,,,,1,,2,Kobe Bryant,,,foul,made,,,,
Dwyane Wade,Jermaine O'Neal,Mario Chalmers,Michael Beasley,Quentin Richardson,Andrew Bynum,Derek Fisher,Kobe Bryant,Pau Gasol,Ron Artest,3,6:42,LAL,free throw,,,,,,,2,,2,Kobe Bryant,,,foul,made,,,,
Dwyane Wade,Jermaine O'Neal,Mario Chalmers,Michael Beasley,Quentin Richardson,Andrew Bynum,Derek Fisher,Kobe Bryant,Pau Gasol,Ron Artest,3,6:25,MIA,shot,,,,,,,,,,Michael Beasley,2,,,made,,jump,9,9
Dwyane Wade,Jermaine O'Neal,Mario Chalmers,Michael Beasley,Quentin Richardson,Andrew Bynum,Derek Fisher,Kobe Bryant,Pau Gasol,Ron Artest,3,6:02,LAL,shot,,,,,,,,,,Kobe Bryant,2,,,made,,jump,17,22
Dwyane Wade,Jermaine O'Neal,Mario Chalmers,Michael Beasley,Quentin Richardson,Andrew Bynum,Derek Fisher,Kobe Bryant,Pau Gasol,Ron Artest,3,5:46,MIA,shot,,,Andrew Bynum,,,,,,,Jermaine O'Neal,,,,missed,,jump,35,7
Dwyane Wade,Jermaine O'Neal,Mario Chalmers,Michael Beasley,Quentin Richardson,Andrew Bynum,Derek Fisher,Kobe Bryant,Pau Gasol,Ron Artest,3,5:45,LAL,rebound,,,,,,,,,,Derek Fisher,,,,,,def,,
Dwyane Wade,Jermaine O'Neal,Mario Chalmers,Michael Beasley,Quentin Richardson,Andrew Bynum,Derek Fisher,Kobe Bryant,Pau Gasol,Ron Artest,3,5:40,LAL,shot,,,,,,,,,,Derek Fisher,,,,missed,,3pt,28,32
Dwyane Wade,Jermaine O'Neal,Mario Chalmers,Michael Beasley,Quentin Richardson,Andrew Bynum,Derek Fisher,Kobe Bryant,Pau Gasol,Ron Artest,3,5:39,MIA,rebound,,,,,,,,,,Dwyane Wade,,,,,,def,,
Dwyane Wade,Jermaine O'Neal,Mario Chalmers,Michael Beasley,Quentin Richardson,Andrew Bynum,Derek Fisher,Kobe Bryant,Pau Gasol,Ron Artest,3,5:30,MIA,shot,,,,,,,,,,Dwyane Wade,,,,missed,,driving layup,25,6
Dwyane Wade,Jermaine O'Neal,Mario Chalmers,Michael Beasley,Quentin Richardson,Andrew Bynum,Derek Fisher,Kobe Bryant,Pau Gasol,Ron Artest,3,5:30,LAL,rebound,,,,,,,,,,,,,,,,,,
Dwyane Wade,Jermaine O'Neal,Mario Chalmers,Michael Beasley,Quentin Richardson,Andrew Bynum,Derek Fisher,Kobe Bryant,Pau Gasol,Ron Artest,3,5:30,LAL,timeout,,,,,,,,,,,,,,,,regular,,
Dwyane Wade,Jermaine O'Neal,Mario Chalmers,Michael Beasley,Quentin Richardson,Andrew Bynum,Derek Fisher,Kobe Bryant,Pau Gasol,Ron Artest,3,5:20,LAL,shot,Ron Artest,,,,,,,,,Andrew Bynum,2,,,made,,alley oop layup,25,6
Dwyane Wade,Jermaine O'Neal,Mario Chalmers,Michael Beasley,Quentin Richardson,Andrew Bynum,Derek Fisher,Kobe Bryant,Pau Gasol,Ron Artest,3,5:04,MIA,turnover,,,,,,,,,,Jermaine O'Neal,,,lost ball,,Derek Fisher,,,
Dwyane Wade,Jermaine O'Neal,Mario Chalmers,Michael Beasley,Quentin Richardson,Andrew Bynum,Derek Fisher,Kobe Bryant,Pau Gasol,Ron Artest,3,4:56,LAL,turnover,,,,,,,,,,Derek Fisher,,,bad pass,,Quentin Richardson,,,
Dwyane Wade,Jermaine O'Neal,Mario Chalmers,Michael Beasley,Quentin Richardson,Andrew Bynum,Derek Fisher,Kobe Bryant,Pau Gasol,Ron Artest,3,4:53,LAL,foul,,,,,,,,Dwyane Wade,,Andrew Bynum,,,,,,shooting,,
Dwyane Wade,Jermaine O'Neal,Mario Chalmers,Michael Beasley,Quentin Richardson,Andrew Bynum,Derek Fisher,Kobe Bryant,Pau Gasol,Ron Artest,3,4:53,MIA,free throw,,,,,,,1,,2,Dwyane Wade,,,foul,missed,,,,
Dwyane Wade,Jermaine O'Neal,Mario Chalmers,Michael Beasley,Quentin Richardson,Andrew Bynum,Derek Fisher,Kobe Bryant,Pau Gasol,Ron Artest,3,4:53,MIA,rebound,,,,,,,,,,,,,,,,,,
Dwyane Wade,Jermaine O'Neal,Mario Chalmers,Michael Beasley,Quentin Richardson,Andrew Bynum,Derek Fisher,Kobe Bryant,Lamar Odom,Ron Artest,3,4:53,LAL,sub,,,,Lamar Odom,,Pau Gasol,,,,,,,,,,,,
Dwyane Wade,Jermaine O'Neal,Mario Chalmers,Quentin Richardson,Udonis Haslem,Andrew Bynum,Derek Fisher,Kobe Bryant,Lamar Odom,Ron Artest,3,4:53,MIA,sub,,,,Udonis Haslem,,Michael Beasley,,,,,,,,,,,,
Dwyane Wade,Jermaine O'Neal,Mario Chalmers,Quentin Richardson,Udonis Haslem,Andrew Bynum,Derek Fisher,Kobe Bryant,Lamar Odom,Ron Artest,3,4:53,MIA,free throw,,,,,,,2,,2,Dwyane Wade,,,foul,made,,,,
Dwyane Wade,Jermaine O'Neal,Mario Chalmers,Quentin Richardson,Udonis Haslem,Andrew Bynum,Derek Fisher,Kobe Bryant,Lamar Odom,Ron Artest,3,4:38,LAL,shot,,,,,,,,,,Ron Artest,,,,missed,,driving layup,25,6
Dwyane Wade,Jermaine O'Neal,Mario Chalmers,Quentin Richardson,Udonis Haslem,Andrew Bynum,Derek Fisher,Kobe Bryant,Lamar Odom,Ron Artest,3,4:36,MIA,rebound,,,,,,,,,,Dwyane Wade,,,,,,def,,
Dwyane Wade,Jermaine O'Neal,Mario Chalmers,Quentin Richardson,Udonis Haslem,Andrew Bynum,Derek Fisher,Kobe Bryant,Lamar Odom,Ron Artest,3,4:19,MIA,shot,Dwyane Wade,,,,,,,,,Udonis Haslem,2,,,made,,jump,23,19
Dwyane Wade,Jermaine O'Neal,Mario Chalmers,Quentin Richardson,Udonis Haslem,Andrew Bynum,Derek Fisher,Kobe Bryant,Lamar Odom,Ron Artest,3,3:58,MIA,foul,,,,,,,,Kobe Bryant,,Dwyane Wade,,,,,,personal,,
Dwyane Wade,Jermaine O'Neal,Mario Chalmers,Quentin Richardson,Udonis Haslem,Andrew Bynum,Derek Fisher,Kobe Bryant,Lamar Odom,Ron Artest,3,3:58,LAL,free throw,,,,,,,1,,2,Kobe Bryant,,,foul,made,,,,
Dwyane Wade,Jermaine O'Neal,Mario Chalmers,Quentin Richardson,Udonis Haslem,Andrew Bynum,Derek Fisher,Kobe Bryant,Lamar Odom,Ron Artest,3,3:58,LAL,free throw,,,,,,,2,,2,Kobe Bryant,,,foul,made,,,,
Dwyane Wade,Jermaine O'Neal,Mario Chalmers,Quentin Richardson,Udonis Haslem,Andrew Bynum,Derek Fisher,Kobe Bryant,Lamar Odom,Ron Artest,3,3:44,MIA,turnover,,,,,,,,,,Quentin Richardson,,,bad pass,,Kobe Bryant,,,
Dwyane Wade,Jermaine O'Neal,Mario Chalmers,Quentin Richardson,Udonis Haslem,Andrew Bynum,Derek Fisher,Kobe Bryant,Lamar Odom,Ron Artest,3,3:41,LAL,shot,,,,,,,,,,Kobe Bryant,,,,missed,,layup,25,6
Dwyane Wade,Jermaine O'Neal,Mario Chalmers,Quentin Richardson,Udonis Haslem,Andrew Bynum,Derek Fisher,Kobe Bryant,Lamar Odom,Ron Artest,3,3:40,MIA,rebound,,,,,,,,,,Jermaine O'Neal,,,,,,def,,
Dorell Wright,Dwyane Wade,Jermaine O'Neal,Quentin Richardson,Udonis Haslem,Andrew Bynum,Derek Fisher,Kobe Bryant,Lamar Odom,Ron Artest,3,3:27,MIA,sub,,,,Dorell Wright,,Mario Chalmers,,,,,,,,,,,,
Dorell Wright,Dwyane Wade,Jermaine O'Neal,Quentin Richardson,Udonis Haslem,Andrew Bynum,Derek Fisher,Kobe Bryant,Lamar Odom,Ron Artest,3,3:16,MIA,shot,,,,,,,,,,Jermaine O'Neal,2,,,made,,jump,12,19
Dorell Wright,Dwyane Wade,Jermaine O'Neal,Quentin Richardson,Udonis Haslem,Andrew Bynum,Derek Fisher,Kobe Bryant,Lamar Odom,Ron Artest,3,2:56,LAL,shot,,,,,,,,,,Andrew Bynum,,,,missed,,jump,29,10
Dorell Wright,Dwyane Wade,Jermaine O'Neal,Quentin Richardson,Udonis Haslem,Andrew Bynum,Derek Fisher,Kobe Bryant,Lamar Odom,Ron Artest,3,2:55,MIA,rebound,,,,,,,,,,Dorell Wright,,,,,,def,,
Dorell Wright,Dwyane Wade,Jermaine O'Neal,Quentin Richardson,Udonis Haslem,Andrew Bynum,Derek Fisher,Kobe Bryant,Lamar Odom,Ron Artest,3,2:37,LAL,foul,,,,,,,,Quentin Richardson,,Derek Fisher,,,,,,shooting,,
Dorell Wright,Dwyane Wade,Jermaine O'Neal,Quentin Richardson,Udonis Haslem,Andrew Bynum,Derek Fisher,Kobe Bryant,Lamar Odom,Ron Artest,3,2:37,MIA,timeout,,,,,,,,,,,,,,,,regular,,
Dorell Wright,Dwyane Wade,Jamaal Magloire,Quentin Richardson,Udonis Haslem,Andrew Bynum,Derek Fisher,Kobe Bryant,Lamar Odom,Ron Artest,3,2:37,MIA,sub,,,,Jamaal Magloire,,Jermaine O'Neal,,,,,,,,,,,,
Dorell Wright,Dwyane Wade,Jamaal Magloire,Quentin Richardson,Udonis Haslem,Derek Fisher,Kobe Bryant,Lamar Odom,Ron Artest,Shannon Brown,3,2:37,LAL,sub,,,,Shannon Brown,,Andrew Bynum,,,,,,,,,,,,
Dorell Wright,Dwyane Wade,Jamaal Magloire,Quentin Richardson,Udonis Haslem,Kobe Bryant,Lamar Odom,Pau Gasol,Ron Artest,Shannon Brown,3,2:37,LAL,sub,,,,Pau Gasol,,Derek Fisher,,,,,,,,,,,,
Dorell Wright,Dwyane Wade,Jamaal Magloire,Quentin Richardson,Udonis Haslem,Kobe Bryant,Lamar Odom,Pau Gasol,Ron Artest,Shannon Brown,3,2:37,MIA,free throw,,,,,,,1,,2,Quentin Richardson,,,foul,made,,,,
Dorell Wright,Dwyane Wade,Jamaal Magloire,Quentin Richardson,Udonis Haslem,Kobe Bryant,Lamar Odom,Pau Gasol,Ron Artest,Shannon Brown,3,2:37,MIA,free throw,,,,,,,2,,2,Quentin Richardson,,,foul,made,,,,
Dorell Wright,Dwyane Wade,Jamaal Magloire,Quentin Richardson,Udonis Haslem,Kobe Bryant,Lamar Odom,Pau Gasol,Ron Artest,Shannon Brown,3,2:24,LAL,turnover,,,,,,,,,,Shannon Brown,,,traveling,,,,,
Dorell Wright,Dwyane Wade,Jamaal Magloire,Quentin Richardson,Udonis Haslem,Kobe Bryant,Lamar Odom,Pau Gasol,Ron Artest,Shannon Brown,3,2:00,MIA,shot,,,,,,,,,,Udonis Haslem,,,,missed,,jump,12,10
Dorell Wright,Dwyane Wade,Jamaal Magloire,Quentin Richardson,Udonis Haslem,Kobe Bryant,Lamar Odom,Pau Gasol,Ron Artest,Shannon Brown,3,2:00,MIA,rebound,,,,,,,,,,,,,,,,,,
Dorell Wright,Dwyane Wade,Jamaal Magloire,Quentin Richardson,Udonis Haslem,Kobe Bryant,Lamar Odom,Pau Gasol,Ron Artest,Shannon Brown,3,2:00,MIA,turnover,,,,,,,,,,,,,shot clock turnover,,,,,
Dorell Wright,Dwyane Wade,Jamaal Magloire,Quentin Richardson,Udonis Haslem,Kobe Bryant,Lamar Odom,Pau Gasol,Ron Artest,Shannon Brown,3,1:48,LAL,turnover,,,,,,,,,,Kobe Bryant,,,bad pass,,Udonis Haslem,,,
Dorell Wright,Dwyane Wade,Jamaal Magloire,Quentin Richardson,Udonis Haslem,Kobe Bryant,Lamar Odom,Pau Gasol,Ron Artest,Shannon Brown,3,1:44,MIA,shot,Udonis Haslem,,,,,,,,,Dwyane Wade,2,,,made,,dunk,25,6
Dorell Wright,Dwyane Wade,Jamaal Magloire,Quentin Richardson,Udonis Haslem,Kobe Bryant,Lamar Odom,Pau Gasol,Ron Artest,Shannon Brown,3,1:24,LAL,shot,,,,,,,,,,Pau Gasol,,,,missed,,layup,25,6
Dorell Wright,Dwyane Wade,Jamaal Magloire,Quentin Richardson,Udonis Haslem,Kobe Bryant,Lamar Odom,Pau Gasol,Ron Artest,Shannon Brown,3,1:23,MIA,rebound,,,,,,,,,,Quentin Richardson,,,,,,def,,
Dorell Wright,Dwyane Wade,Jamaal Magloire,Quentin Richardson,Udonis Haslem,Kobe Bryant,Lamar Odom,Pau Gasol,Ron Artest,Shannon Brown,3,1:15,MIA,shot,,,,,,,,,,Dwyane Wade,2,,,made,,driving layup,25,6
Dorell Wright,Dwyane Wade,Jamaal Magloire,Quentin Richardson,Udonis Haslem,Kobe Bryant,Lamar Odom,Pau Gasol,Ron Artest,Shannon Brown,3,1:15,LAL,foul,,,,,,,,Dwyane Wade,,Pau Gasol,,,,,,shooting,,
Dorell Wright,Dwyane Wade,Jamaal Magloire,Quentin Richardson,Udonis Haslem,Kobe Bryant,Lamar Odom,Pau Gasol,Ron Artest,Shannon Brown,3,1:15,MIA,free throw,,,,,,,1,,1,Dwyane Wade,,,foul,made,,,,
Dorell Wright,Dwyane Wade,Jamaal Magloire,Quentin Richardson,Udonis Haslem,Kobe Bryant,Lamar Odom,Pau Gasol,Ron Artest,Shannon Brown,3,1:05,LAL,shot,,,,,,,,,,Ron Artest,,,,missed,,layup,25,6
Dorell Wright,Dwyane Wade,Jamaal Magloire,Quentin Richardson,Udonis Haslem,Kobe Bryant,Lamar Odom,Pau Gasol,Ron Artest,Shannon Brown,3,1:04,LAL,rebound,,,,,,,,,,Pau Gasol,,,,,,off,,
Dorell Wright,Dwyane Wade,Jamaal Magloire,Quentin Richardson,Udonis Haslem,Kobe Bryant,Lamar Odom,Pau Gasol,Ron Artest,Shannon Brown,3,1:04,MIA,foul,,,,,,,,Pau Gasol,,Udonis Haslem,,,,,,shooting,,
Dorell Wright,Dwyane Wade,Jamaal Magloire,Quentin Richardson,Udonis Haslem,Kobe Bryant,Lamar Odom,Pau Gasol,Ron Artest,Shannon Brown,3,1:04,LAL,free throw,,,,,,,1,,2,Pau Gasol,,,foul,made,,,,
Dorell Wright,Dwyane Wade,Jamaal Magloire,Quentin Richardson,Udonis Haslem,Kobe Bryant,Lamar Odom,Pau Gasol,Ron Artest,Shannon Brown,3,1:04,LAL,free throw,,,,,,,2,,2,Pau Gasol,,,foul,made,,,,
Dorell Wright,Dwyane Wade,Jamaal Magloire,Quentin Richardson,Udonis Haslem,Kobe Bryant,Lamar Odom,Pau Gasol,Ron Artest,Shannon Brown,3,0:50,LAL,foul,,,,,,,,Dwyane Wade,,Lamar Odom,,,,,,personal,,
Dorell Wright,Dwyane Wade,Jamaal Magloire,Quentin Richardson,Udonis Haslem,Kobe Bryant,Lamar Odom,Pau Gasol,Ron Artest,Shannon Brown,3,0:50,LAL,foul,,,,,,,,Dwyane Wade,,Lamar Odom,,,,,,technical,,
Dorell Wright,Dwyane Wade,Jamaal Magloire,Quentin Richardson,Udonis Haslem,Kobe Bryant,Lamar Odom,Pau Gasol,Ron Artest,Shannon Brown,3,0:50,MIA,free throw,,,,,,,1,,1,Dwyane Wade,,,technical,missed,,,,
Dorell Wright,Dwyane Wade,Jamaal Magloire,Quentin Richardson,Udonis Haslem,Kobe Bryant,Lamar Odom,Pau Gasol,Ron Artest,Shannon Brown,3,0:50,MIA,rebound,,,,,,,,,,,,,,,,,,
Dorell Wright,Dwyane Wade,Jamaal Magloire,Quentin Richardson,Udonis Haslem,Kobe Bryant,Lamar Odom,Pau Gasol,Ron Artest,Shannon Brown,3,0:50,MIA,free throw,,,,,,,1,,2,Dwyane Wade,,,foul,made,,,,
Dorell Wright,Dwyane Wade,Jamaal Magloire,Quentin Richardson,Udonis Haslem,Kobe Bryant,Lamar Odom,Pau Gasol,Ron Artest,Shannon Brown,3,0:50,MIA,free throw,,,,,,,2,,2,Dwyane Wade,,,foul,made,,,,
Dorell Wright,Dwyane Wade,Jamaal Magloire,Quentin Richardson,Udonis Haslem,Kobe Bryant,Lamar Odom,Pau Gasol,Ron Artest,Shannon Brown,3,0:31,LAL,shot,,,,,,,,,,Shannon Brown,,,,missed,,3pt,44,28
Dorell Wright,Dwyane Wade,Jamaal Magloire,Quentin Richardson,Udonis Haslem,Kobe Bryant,Lamar Odom,Pau Gasol,Ron Artest,Shannon Brown,3,0:30,MIA,rebound,,,,,,,,,,Udonis Haslem,,,,,,def,,
Dorell Wright,Dwyane Wade,Jamaal Magloire,Quentin Richardson,Udonis Haslem,Kobe Bryant,Lamar Odom,Pau Gasol,Ron Artest,Shannon Brown,3,0:20,MIA,shot,,,,,,,,,,Quentin Richardson,,,,missed,,jump,9,21
Dorell Wright,Dwyane Wade,Jamaal Magloire,Quentin Richardson,Udonis Haslem,Kobe Bryant,Lamar Odom,Pau Gasol,Ron Artest,Shannon Brown,3,0:20,LAL,rebound,,,,,,,,,,,,,,,,,,
Dorell Wright,Dwyane Wade,Jamaal Magloire,Quentin Richardson,Udonis Haslem,Kobe Bryant,Lamar Odom,Pau Gasol,Ron Artest,Shannon Brown,3,0:20,MIA,foul,,,,,,,,Pau Gasol,,Jamaal Magloire,,,,,,loose ball,,
Dorell Wright,Dwyane Wade,Jamaal Magloire,Quentin Richardson,Udonis Haslem,Kobe Bryant,Lamar Odom,Pau Gasol,Ron Artest,Shannon Brown,3,0:20,LAL,free throw,,,,,,,1,,2,Pau Gasol,,,foul,made,,,,
Dorell Wright,Dwyane Wade,Jamaal Magloire,Quentin Richardson,Udonis Haslem,Lamar Odom,Pau Gasol,Ron Artest,Sasha Vujacic,Shannon Brown,3,0:20,LAL,sub,,,,Sasha Vujacic,,Kobe Bryant,,,,,,,,,,,,
Dorell Wright,Dwyane Wade,Jamaal Magloire,Quentin Richardson,Udonis Haslem,Lamar Odom,Pau Gasol,Ron Artest,Sasha Vujacic,Shannon Brown,3,0:20,LAL,free throw,,,,,,,2,,2,Pau Gasol,,,foul,made,,,,
Dorell Wright,Dwyane Wade,Jamaal Magloire,Quentin Richardson,Udonis Haslem,Lamar Odom,Pau Gasol,Ron Artest,Sasha Vujacic,Shannon Brown,3,0:02,MIA,shot,,,Lamar Odom,,,,,,,Udonis Haslem,,,,missed,,layup,25,6
Dorell Wright,Dwyane Wade,Jamaal Magloire,Quentin Richardson,Udonis Haslem,Lamar Odom,Pau Gasol,Ron Artest,Sasha Vujacic,Shannon Brown,3,0:01,LAL,rebound,,,,,,,,,,Pau Gasol,,,,,,def,,
Dorell Wright,Jamaal Magloire,Mario Chalmers,Michael Beasley,Udonis Haslem,Jordan Farmar,Kobe Bryant,Lamar Odom,Pau Gasol,Shannon Brown,4,11:39,LAL,foul,,,,,,,,Jamaal Magloire,,Jordan Farmar,,,,,,shooting,,
Dorell Wright,Jamaal Magloire,Mario Chalmers,Michael Beasley,Udonis Haslem,Jordan Farmar,Kobe Bryant,Lamar Odom,Pau Gasol,Shannon Brown,4,11:39,MIA,free throw,,,,,,,1,,2,Jamaal Magloire,,,foul,missed,,,,
Dorell Wright,Jamaal Magloire,Mario Chalmers,Michael Beasley,Udonis Haslem,Jordan Farmar,Kobe Bryant,Lamar Odom,Pau Gasol,Shannon Brown,4,11:39,MIA,rebound,,,,,,,,,,,,,,,,,,
Dorell Wright,Jamaal Magloire,Mario Chalmers,Michael Beasley,Udonis Haslem,Jordan Farmar,Kobe Bryant,Lamar Odom,Pau Gasol,Shannon Brown,4,11:39,MIA,free throw,,,,,,,2,,2,Jamaal Magloire,,,foul,missed,,,,
Dorell Wright,Jamaal Magloire,Mario Chalmers,Michael Beasley,Udonis Haslem,Jordan Farmar,Kobe Bryant,Lamar Odom,Pau Gasol,Shannon Brown,4,11:38,LAL,rebound,,,,,,,,,,Kobe Bryant,,,,,,def,,
Dorell Wright,Jamaal Magloire,Mario Chalmers,Michael Beasley,Udonis Haslem,Jordan Farmar,Kobe Bryant,Lamar Odom,Pau Gasol,Shannon Brown,4,11:18,LAL,shot,,,,,,,,,,Kobe Bryant,2,,,made,,fade away jumper,36,7
Dorell Wright,Jamaal Magloire,Mario Chalmers,Michael Beasley,Udonis Haslem,Jordan Farmar,Kobe Bryant,Lamar Odom,Pau Gasol,Shannon Brown,4,11:18,MIA,foul,,,,,,,,Kobe Bryant,,Dorell Wright,,,,,,shooting,,
Dorell Wright,Jamaal Magloire,Mario Chalmers,Michael Beasley,Udonis Haslem,Jordan Farmar,Kobe Bryant,Lamar Odom,Pau Gasol,Shannon Brown,4,11:18,LAL,free throw,,,,,,,1,,1,Kobe Bryant,,,foul,made,,,,
Dorell Wright,Jamaal Magloire,Mario Chalmers,Michael Beasley,Udonis Haslem,Jordan Farmar,Kobe Bryant,Lamar Odom,Pau Gasol,Shannon Brown,4,11:02,MIA,shot,,,,,,,,,,Udonis Haslem,,,,missed,,jump,10,8
Dorell Wright,Jamaal Magloire,Mario Chalmers,Michael Beasley,Udonis Haslem,Jordan Farmar,Kobe Bryant,Lamar Odom,Pau Gasol,Shannon Brown,4,11:01,LAL,rebound,,,,,,,,,,Jordan Farmar,,,,,,def,,
Dorell Wright,Jamaal Magloire,Mario Chalmers,Michael Beasley,Udonis Haslem,Jordan Farmar,Kobe Bryant,Lamar Odom,Pau Gasol,Shannon Brown,4,10:51,LAL,shot,Shannon Brown,,,,,,,,,Kobe Bryant,3,,,made,,3pt,9,27
Dorell Wright,Jamaal Magloire,Mario Chalmers,Michael Beasley,Udonis Haslem,Jordan Farmar,Kobe Bryant,Lamar Odom,Pau Gasol,Shannon Brown,4,10:51,MIA,timeout,,,,,,,,,,,,,,,,regular,,
Dorell Wright,Jamaal Magloire,Jermaine O'Neal,Mario Chalmers,Michael Beasley,Jordan Farmar,Kobe Bryant,Lamar Odom,Pau Gasol,Shannon Brown,4,10:51,MIA,sub,,,,Jermaine O'Neal,,Udonis Haslem,,,,,,,,,,,,
Dorell Wright,Dwyane Wade,Jermaine O'Neal,Mario Chalmers,Michael Beasley,Jordan Farmar,Kobe Bryant,Lamar Odom,Pau Gasol,Shannon Brown,4,10:51,MIA,sub,,,,Dwyane Wade,,Jamaal Magloire,,,,,,,,,,,,
Dorell Wright,Dwyane Wade,Jermaine O'Neal,Mario Chalmers,Michael Beasley,Jordan Farmar,Kobe Bryant,Lamar Odom,Pau Gasol,Shannon Brown,4,10:33,MIA,shot,,,,,,,,,,Dorell Wright,,,,missed,,layup,25,6
Dorell Wright,Dwyane Wade,Jermaine O'Neal,Mario Chalmers,Michael Beasley,Jordan Farmar,Kobe Bryant,Lamar Odom,Pau Gasol,Shannon Brown,4,10:33,MIA,jump ball,,Jermaine O'Neal,,,Pau Gasol,,,,,,,Michael Beasley,,,,,,
Dorell Wright,Dwyane Wade,Jermaine O'Neal,Mario Chalmers,Michael Beasley,Jordan Farmar,Kobe Bryant,Lamar Odom,Pau Gasol,Shannon Brown,4,10:33,MIA,rebound,,,,,,,,,,,,,,,,,,
Dorell Wright,Dwyane Wade,Jermaine O'Neal,Mario Chalmers,Michael Beasley,Jordan Farmar,Kobe Bryant,Lamar Odom,Pau Gasol,Shannon Brown,4,10:20,MIA,shot,Dwyane Wade,,,,,,,,,Mario Chalmers,3,,,made,,3pt,48,8
Dorell Wright,Dwyane Wade,Jermaine O'Neal,Mario Chalmers,Michael Beasley,Jordan Farmar,Kobe Bryant,Lamar Odom,Pau Gasol,Shannon Brown,4,10:05,MIA,foul,,,,,,,,Kobe Bryant,,Dwyane Wade,,,,,,personal,,
Dorell Wright,Dwyane Wade,Jermaine O'Neal,Mario Chalmers,Michael Beasley,Jordan Farmar,Kobe Bryant,Lamar Odom,Pau Gasol,Shannon Brown,4,9:57,LAL,shot,,,,,,,,,,Kobe Bryant,,,,missed,,jump,35,18
Dorell Wright,Dwyane Wade,Jermaine O'Neal,Mario Chalmers,Michael Beasley,Jordan Farmar,Kobe Bryant,Lamar Odom,Pau Gasol,Shannon Brown,4,9:55,MIA,rebound,,,,,,,,,,Dorell Wright,,,,,,def,,
Dorell Wright,Dwyane Wade,Jermaine O'Neal,Mario Chalmers,Michael Beasley,Jordan Farmar,Kobe Bryant,Lamar Odom,Pau Gasol,Shannon Brown,4,9:43,MIA,shot,,,,,,,,,,Mario Chalmers,,,,missed,,3pt,10,27
Dorell Wright,Dwyane Wade,Jermaine O'Neal,Mario Chalmers,Michael Beasley,Jordan Farmar,Kobe Bryant,Lamar Odom,Pau Gasol,Shannon Brown,4,9:42,MIA,rebound,,,,,,,,,,Dwyane Wade,,,,,,off,,
Dorell Wright,Dwyane Wade,Jermaine O'Neal,Mario Chalmers,Michael Beasley,Jordan Farmar,Kobe Bryant,Lamar Odom,Pau Gasol,Shannon Brown,4,9:40,MIA,shot,,,,,,,,,,Dwyane Wade,2,,,made,,layup,25,6
Dorell Wright,Dwyane Wade,Jermaine O'Neal,Mario Chalmers,Michael Beasley,Jordan Farmar,Kobe Bryant,Lamar Odom,Pau Gasol,Shannon Brown,4,9:19,LAL,shot,Pau Gasol,,,,,,,,,Jordan Farmar,3,,,made,,3pt,28,33
Dorell Wright,Dwyane Wade,Jermaine O'Neal,Mario Chalmers,Michael Beasley,Jordan Farmar,Kobe Bryant,Lamar Odom,Pau Gasol,Shannon Brown,4,8:57,MIA,shot,,,Pau Gasol,,,,,,,Jermaine O'Neal,,,,missed,,jump,26,20
Dorell Wright,Dwyane Wade,Jermaine O'Neal,Mario Chalmers,Michael Beasley,Jordan Farmar,Kobe Bryant,Lamar Odom,Pau Gasol,Shannon Brown,4,8:55,LAL,rebound,,,,,,,,,,Kobe Bryant,,,,,,def,,
Dorell Wright,Dwyane Wade,Jermaine O'Neal,Mario Chalmers,Michael Beasley,Jordan Farmar,Kobe Bryant,Lamar Odom,Pau Gasol,Shannon Brown,4,8:55,MIA,foul,,,,,,,,Shannon Brown,,Michael Beasley,,,,,,personal,,
Dorell Wright,Dwyane Wade,Jermaine O'Neal,Mario Chalmers,Michael Beasley,Jordan Farmar,Kobe Bryant,Lamar Odom,Pau Gasol,Shannon Brown,4,8:43,MIA,foul,,,,,,,,Jordan Farmar,,Jermaine O'Neal,,,,,,shooting,,
Dorell Wright,Dwyane Wade,Jermaine O'Neal,Mario Chalmers,Michael Beasley,Jordan Farmar,Kobe Bryant,Lamar Odom,Pau Gasol,Shannon Brown,4,8:43,LAL,free throw,,,,,,,1,,2,Jordan Farmar,,,foul,missed,,,,
Dorell Wright,Dwyane Wade,Jermaine O'Neal,Mario Chalmers,Michael Beasley,Jordan Farmar,Kobe Bryant,Lamar Odom,Pau Gasol,Shannon Brown,4,8:43,LAL,rebound,,,,,,,,,,,,,,,,,,
Dorell Wright,Dwyane Wade,Jermaine O'Neal,Mario Chalmers,Michael Beasley,Jordan Farmar,Kobe Bryant,Lamar Odom,Pau Gasol,Shannon Brown,4,8:43,LAL,free throw,,,,,,,2,,2,Jordan Farmar,,,foul,made,,,,
Dorell Wright,Dwyane Wade,Jermaine O'Neal,Mario Chalmers,Michael Beasley,Jordan Farmar,Kobe Bryant,Lamar Odom,Pau Gasol,Shannon Brown,4,8:29,MIA,shot,,,,,,,,,,Dwyane Wade,,,,missed,,layup,28,6
Dorell Wright,Dwyane Wade,Jermaine O'Neal,Mario Chalmers,Michael Beasley,Jordan Farmar,Kobe Bryant,Lamar Odom,Pau Gasol,Shannon Brown,4,8:27,LAL,rebound,,,,,,,,,,Shannon Brown,,,,,,def,,
Dorell Wright,Dwyane Wade,Jermaine O'Neal,Mario Chalmers,Michael Beasley,Jordan Farmar,Kobe Bryant,Lamar Odom,Pau Gasol,Shannon Brown,4,8:16,LAL,turnover,,,,,,,,,,Lamar Odom,,,3 second violation,,,,,
Dorell Wright,Dwyane Wade,Jermaine O'Neal,Mario Chalmers,Michael Beasley,Jordan Farmar,Kobe Bryant,Lamar Odom,Pau Gasol,Shannon Brown,4,8:02,MIA,shot,,,,,,,,,,Dwyane Wade,,,,missed,,jump,36,18
Dorell Wright,Dwyane Wade,Jermaine O'Neal,Mario Chalmers,Michael Beasley,Jordan Farmar,Kobe Bryant,Lamar Odom,Pau Gasol,Shannon Brown,4,7:59,LAL,rebound,,,,,,,,,,Pau Gasol,,,,,,def,,
Dorell Wright,Dwyane Wade,Jermaine O'Neal,Mario Chalmers,Michael Beasley,Jordan Farmar,Kobe Bryant,Lamar Odom,Pau Gasol,Shannon Brown,4,7:36,LAL,shot,,,,,,,,,,Kobe Bryant,2,,,made,,jump,18,23
Dwyane Wade,Jermaine O'Neal,Mario Chalmers,Michael Beasley,Quentin Richardson,Jordan Farmar,Kobe Bryant,Lamar Odom,Pau Gasol,Shannon Brown,4,7:14,MIA,sub,,,,Quentin Richardson,,Dorell Wright,,,,,,,,,,,,
Dwyane Wade,Jermaine O'Neal,Mario Chalmers,Michael Beasley,Quentin Richardson,Jordan Farmar,Kobe Bryant,Lamar Odom,Pau Gasol,Ron Artest,4,7:14,LAL,sub,,,,Ron Artest,,Shannon Brown,,,,,,,,,,,,
Dwyane Wade,Jermaine O'Neal,Mario Chalmers,Michael Beasley,Quentin Richardson,Jordan Farmar,Kobe Bryant,Lamar Odom,Pau Gasol,Ron Artest,4,7:08,MIA,shot,,,,,,,,,,Quentin Richardson,,,,missed,,jump,33,13
Dwyane Wade,Jermaine O'Neal,Mario Chalmers,Michael Beasley,Quentin Richardson,Jordan Farmar,Kobe Bryant,Lamar Odom,Pau Gasol,Ron Artest,4,7:07,LAL,rebound,,,,,,,,,,Ron Artest,,,,,,def,,
Dwyane Wade,Jermaine O'Neal,Mario Chalmers,Michael Beasley,Quentin Richardson,Jordan Farmar,Kobe Bryant,Lamar Odom,Pau Gasol,Ron Artest,4,6:58,MIA,foul,,,,,,,,Kobe Bryant,,Dwyane Wade,,,,,,shooting,,
Dwyane Wade,Jermaine O'Neal,Mario Chalmers,Michael Beasley,Quentin Richardson,Jordan Farmar,Kobe Bryant,Lamar Odom,Pau Gasol,Ron Artest,4,6:58,LAL,free throw,,,,,,,1,,2,Kobe Bryant,,,foul,made,,,,
Dwyane Wade,Jermaine O'Neal,Mario Chalmers,Michael Beasley,Quentin Richardson,Jordan Farmar,Kobe Bryant,Lamar Odom,Pau Gasol,Ron Artest,4,6:58,LAL,free throw,,,,,,,2,,2,Kobe Bryant,,,foul,missed,,,,
Dwyane Wade,Jermaine O'Neal,Mario Chalmers,Michael Beasley,Quentin Richardson,Jordan Farmar,Kobe Bryant,Lamar Odom,Pau Gasol,Ron Artest,4,6:57,MIA,rebound,,,,,,,,,,Michael Beasley,,,,,,def,,
Dwyane Wade,Jermaine O'Neal,Mario Chalmers,Michael Beasley,Quentin Richardson,Jordan Farmar,Kobe Bryant,Lamar Odom,Pau Gasol,Ron Artest,4,6:57,MIA,timeout,,,,,,,,,,,,,,,,short,,
Dwyane Wade,Jermaine O'Neal,Mario Chalmers,Michael Beasley,Quentin Richardson,Jordan Farmar,Kobe Bryant,Lamar Odom,Pau Gasol,Ron Artest,4,6:38,LAL,foul,,,,,,,,Dwyane Wade,,Kobe Bryant,,,,,,shooting,,
Dwyane Wade,Jermaine O'Neal,Mario Chalmers,Michael Beasley,Quentin Richardson,Jordan Farmar,Kobe Bryant,Lamar Odom,Pau Gasol,Ron Artest,4,6:38,MIA,free throw,,,,,,,1,,2,Dwyane Wade,,,foul,missed,,,,
Dwyane Wade,Jermaine O'Neal,Mario Chalmers,Michael Beasley,Quentin Richardson,Jordan Farmar,Kobe Bryant,Lamar Odom,Pau Gasol,Ron Artest,4,6:38,MIA,rebound,,,,,,,,,,,,,,,,,,
Dwyane Wade,Jermaine O'Neal,Mario Chalmers,Michael Beasley,Quentin Richardson,Jordan Farmar,Kobe Bryant,Lamar Odom,Pau Gasol,Ron Artest,4,6:38,MIA,free throw,,,,,,,2,,2,Dwyane Wade,,,foul,made,,,,
Dwyane Wade,Jermaine O'Neal,Mario Chalmers,Michael Beasley,Quentin Richardson,Jordan Farmar,Kobe Bryant,Lamar Odom,Pau Gasol,Ron Artest,4,6:25,LAL,shot,Ron Artest,,,,,,,,,Kobe Bryant,2,,,made,,running jump,31,7
Dwyane Wade,Jermaine O'Neal,Mario Chalmers,Michael Beasley,Quentin Richardson,Jordan Farmar,Kobe Bryant,Lamar Odom,Pau Gasol,Ron Artest,4,6:06,MIA,shot,Jermaine O'Neal,,,,,,,,,Quentin Richardson,2,,,made,,layup,25,6
Dwyane Wade,Jermaine O'Neal,Mario Chalmers,Michael Beasley,Quentin Richardson,Jordan Farmar,Kobe Bryant,Lamar Odom,Pau Gasol,Ron Artest,4,6:03,LAL,timeout,,,,,,,,,,,,,,,,regular,,
Dwyane Wade,Jermaine O'Neal,Mario Chalmers,Quentin Richardson,Udonis Haslem,Jordan Farmar,Kobe Bryant,Lamar Odom,Pau Gasol,Ron Artest,4,6:03,MIA,sub,,,,Udonis Haslem,,Michael Beasley,,,,,,,,,,,,
Dwyane Wade,Jermaine O'Neal,Mario Chalmers,Quentin Richardson,Udonis Haslem,Derek Fisher,Jordan Farmar,Kobe Bryant,Lamar Odom,Ron Artest,4,6:03,LAL,sub,,,,Derek Fisher,,Pau Gasol,,,,,,,,,,,,
Dwyane Wade,Jermaine O'Neal,Mario Chalmers,Quentin Richardson,Udonis Haslem,Andrew Bynum,Derek Fisher,Kobe Bryant,Lamar Odom,Ron Artest,4,6:03,LAL,sub,,,,Andrew Bynum,,Jordan Farmar,,,,,,,,,,,,
Dwyane Wade,Jermaine O'Neal,Mario Chalmers,Quentin Richardson,Udonis Haslem,Andrew Bynum,Derek Fisher,Kobe Bryant,Lamar Odom,Ron Artest,4,5:53,MIA,foul,,,,,,,,Lamar Odom,,Udonis Haslem,,,,,,personal,,
Dwyane Wade,Jermaine O'Neal,Mario Chalmers,Quentin Richardson,Udonis Haslem,Andrew Bynum,Derek Fisher,Kobe Bryant,Lamar Odom,Ron Artest,4,5:53,LAL,free throw,,,,,,,1,,2,Lamar Odom,,,foul,missed,,,,
Dwyane Wade,Jermaine O'Neal,Mario Chalmers,Quentin Richardson,Udonis Haslem,Andrew Bynum,Derek Fisher,Kobe Bryant,Lamar Odom,Ron Artest,4,5:53,LAL,rebound,,,,,,,,,,,,,,,,,,
Dwyane Wade,Jermaine O'Neal,Mario Chalmers,Quentin Richardson,Udonis Haslem,Andrew Bynum,Derek Fisher,Kobe Bryant,Lamar Odom,Ron Artest,4,5:53,LAL,free throw,,,,,,,2,,2,Lamar Odom,,,foul,made,,,,
Dwyane Wade,Jermaine O'Neal,Mario Chalmers,Quentin Richardson,Udonis Haslem,Andrew Bynum,Derek Fisher,Kobe Bryant,Lamar Odom,Ron Artest,4,5:35,MIA,shot,Dwyane Wade,,,,,,,,,Jermaine O'Neal,2,,,made,,dunk,25,6
Dwyane Wade,Jermaine O'Neal,Mario Chalmers,Quentin Richardson,Udonis Haslem,Andrew Bynum,Derek Fisher,Kobe Bryant,Lamar Odom,Ron Artest,4,5:16,LAL,shot,,,,,,,,,,Kobe Bryant,,,,missed,,turnaround fade away,32,9
Dwyane Wade,Jermaine O'Neal,Mario Chalmers,Quentin Richardson,Udonis Haslem,Andrew Bynum,Derek Fisher,Kobe Bryant,Lamar Odom,Ron Artest,4,5:14,MIA,rebound,,,,,,,,,,Jermaine O'Neal,,,,,,def,,
Dwyane Wade,Jermaine O'Neal,Mario Chalmers,Quentin Richardson,Udonis Haslem,Andrew Bynum,Derek Fisher,Kobe Bryant,Lamar Odom,Ron Artest,4,5:07,MIA,shot,Dwyane Wade,,,,,,,,,Jermaine O'Neal,2,,,made,,dunk,25,6
Dwyane Wade,Jermaine O'Neal,Mario Chalmers,Quentin Richardson,Udonis Haslem,Andrew Bynum,Derek Fisher,Kobe Bryant,Lamar Odom,Ron Artest,4,5:07,LAL,foul,,,,,,,,Jermaine O'Neal,,Lamar Odom,,,,,,shooting,,
Dwyane Wade,Jermaine O'Neal,Mario Chalmers,Quentin Richardson,Udonis Haslem,Andrew Bynum,Derek Fisher,Kobe Bryant,Lamar Odom,Ron Artest,4,5:07,LAL,foul,,,,,,,,,,Double,,,,,,technical,,
Dwyane Wade,Jermaine O'Neal,Mario Chalmers,Quentin Richardson,Udonis Haslem,Andrew Bynum,Derek Fisher,Kobe Bryant,Lamar Odom,Ron Artest,4,5:07,LAL,foul,,,,,,,,Jermaine O'Neal,,Lamar Odom,,,,,,technical,,
Dwyane Wade,Jermaine O'Neal,Mario Chalmers,Quentin Richardson,Udonis Haslem,Andrew Bynum,Derek Fisher,Kobe Bryant,Pau Gasol,Ron Artest,4,5:07,LAL,sub,,,,Pau Gasol,,Lamar Odom,,,,,,,,,,,,
Dwyane Wade,Jermaine O'Neal,Mario Chalmers,Quentin Richardson,Udonis Haslem,Andrew Bynum,Derek Fisher,Kobe Bryant,Pau Gasol,Ron Artest,4,5:07,MIA,free throw,,,,,,,1,,1,Jermaine O'Neal,,,foul,missed,,,,
Dwyane Wade,Jermaine O'Neal,Mario Chalmers,Quentin Richardson,Udonis Haslem,Andrew Bynum,Derek Fisher,Kobe Bryant,Pau Gasol,Ron Artest,4,5:06,LAL,rebound,,,,,,,,,,Kobe Bryant,,,,,,def,,
Dwyane Wade,Jermaine O'Neal,Mario Chalmers,Quentin Richardson,Udonis Haslem,Andrew Bynum,Derek Fisher,Kobe Bryant,Pau Gasol,Ron Artest,4,4:55,LAL,shot,,,,,,,,,,Ron Artest,,,,missed,,3pt,15,30
Dwyane Wade,Jermaine O'Neal,Mario Chalmers,Quentin Richardson,Udonis Haslem,Andrew Bynum,Derek Fisher,Kobe Bryant,Pau Gasol,Ron Artest,4,4:54,MIA,rebound,,,,,,,,,,Jermaine O'Neal,,,,,,def,,
Dwyane Wade,Jermaine O'Neal,Mario Chalmers,Quentin Richardson,Udonis Haslem,Andrew Bynum,Derek Fisher,Kobe Bryant,Pau Gasol,Ron Artest,4,4:38,LAL,foul,,,,,,,,Udonis Haslem,,Derek Fisher,,,,,,shooting,,
Dwyane Wade,Jermaine O'Neal,Mario Chalmers,Quentin Richardson,Udonis Haslem,Andrew Bynum,Derek Fisher,Kobe Bryant,Pau Gasol,Ron Artest,4,4:38,MIA,free throw,,,,,,,1,,2,Udonis Haslem,,,foul,missed,,,,
Dwyane Wade,Jermaine O'Neal,Mario Chalmers,Quentin Richardson,Udonis Haslem,Andrew Bynum,Derek Fisher,Kobe Bryant,Pau Gasol,Ron Artest,4,4:38,MIA,rebound,,,,,,,,,,,,,,,,,,
Dwyane Wade,Jermaine O'Neal,Mario Chalmers,Quentin Richardson,Udonis Haslem,Andrew Bynum,Derek Fisher,Kobe Bryant,Pau Gasol,Ron Artest,4,4:38,MIA,free throw,,,,,,,2,,2,Udonis Haslem,,,foul,made,,,,
Dwyane Wade,Jermaine O'Neal,Mario Chalmers,Quentin Richardson,Udonis Haslem,Andrew Bynum,Derek Fisher,Kobe Bryant,Pau Gasol,Ron Artest,4,4:23,MIA,foul,,,,,,,,Andrew Bynum,,Udonis Haslem,,,,,,personal,,
Dwyane Wade,Jermaine O'Neal,Mario Chalmers,Quentin Richardson,Udonis Haslem,Andrew Bynum,Derek Fisher,Kobe Bryant,Pau Gasol,Ron Artest,4,4:23,LAL,free throw,,,,,,,1,,2,Andrew Bynum,,,foul,made,,,,
Dwyane Wade,Jermaine O'Neal,Mario Chalmers,Quentin Richardson,Udonis Haslem,Andrew Bynum,Derek Fisher,Kobe Bryant,Pau Gasol,Ron Artest,4,4:23,LAL,free throw,,,,,,,2,,2,Andrew Bynum,,,foul,missed,,,,
Dwyane Wade,Jermaine O'Neal,Mario Chalmers,Quentin Richardson,Udonis Haslem,Andrew Bynum,Derek Fisher,Kobe Bryant,Pau Gasol,Ron Artest,4,4:22,MIA,rebound,,,,,,,,,,Jermaine O'Neal,,,,,,def,,
Dwyane Wade,Jermaine O'Neal,Mario Chalmers,Quentin Richardson,Udonis Haslem,Andrew Bynum,Derek Fisher,Kobe Bryant,Pau Gasol,Ron Artest,4,4:11,MIA,shot,,,,,,,,,,Dwyane Wade,,,,missed,,jump,37,13
Dwyane Wade,Jermaine O'Neal,Mario Chalmers,Quentin Richardson,Udonis Haslem,Andrew Bynum,Derek Fisher,Kobe Bryant,Pau Gasol,Ron Artest,4,4:09,MIA,rebound,,,,,,,,,,Udonis Haslem,,,,,,off,,
Dwyane Wade,Jermaine O'Neal,Mario Chalmers,Quentin Richardson,Udonis Haslem,Andrew Bynum,Derek Fisher,Kobe Bryant,Pau Gasol,Ron Artest,4,4:09,MIA,shot,,,,,,,,,,Udonis Haslem,,,,missed,,tip,25,6
Dwyane Wade,Jermaine O'Neal,Mario Chalmers,Quentin Richardson,Udonis Haslem,Andrew Bynum,Derek Fisher,Kobe Bryant,Pau Gasol,Ron Artest,4,4:07,LAL,rebound,,,,,,,,,,Ron Artest,,,,,,def,,
Dwyane Wade,Jermaine O'Neal,Mario Chalmers,Quentin Richardson,Udonis Haslem,Andrew Bynum,Derek Fisher,Kobe Bryant,Pau Gasol,Ron Artest,4,3:54,LAL,turnover,,,,,,,,,,Kobe Bryant,,,bad pass,,,,,
Dwyane Wade,Jermaine O'Neal,Mario Chalmers,Quentin Richardson,Udonis Haslem,Andrew Bynum,Derek Fisher,Kobe Bryant,Pau Gasol,Ron Artest,4,3:54,LAL,foul,,,,,,,,Udonis Haslem,,Andrew Bynum,,,,,,loose ball,,
Dwyane Wade,Jermaine O'Neal,Mario Chalmers,Quentin Richardson,Udonis Haslem,Andrew Bynum,Derek Fisher,Kobe Bryant,Pau Gasol,Ron Artest,4,3:54,MIA,free throw,,,,,,,1,,2,Udonis Haslem,,,foul,made,,,,
Dwyane Wade,Jermaine O'Neal,Mario Chalmers,Quentin Richardson,Udonis Haslem,Andrew Bynum,Derek Fisher,Kobe Bryant,Pau Gasol,Ron Artest,4,3:54,MIA,free throw,,,,,,,2,,2,Udonis Haslem,,,foul,made,,,,
Dwyane Wade,Jermaine O'Neal,Mario Chalmers,Quentin Richardson,Udonis Haslem,Andrew Bynum,Derek Fisher,Kobe Bryant,Pau Gasol,Ron Artest,4,3:35,LAL,shot,,,,,,,,,,Kobe Bryant,,,,missed,,fade away jumper,18,15
Dwyane Wade,Jermaine O'Neal,Mario Chalmers,Quentin Richardson,Udonis Haslem,Andrew Bynum,Derek Fisher,Kobe Bryant,Pau Gasol,Ron Artest,4,3:33,MIA,rebound,,,,,,,,,,Udonis Haslem,,,,,,def,,
Dwyane Wade,Jermaine O'Neal,Mario Chalmers,Quentin Richardson,Udonis Haslem,Andrew Bynum,Derek Fisher,Kobe Bryant,Pau Gasol,Ron Artest,4,3:26,MIA,shot,,,,,,,,,,Dwyane Wade,,,,missed,,layup,25,6
Dwyane Wade,Jermaine O'Neal,Mario Chalmers,Quentin Richardson,Udonis Haslem,Andrew Bynum,Derek Fisher,Kobe Bryant,Pau Gasol,Ron Artest,4,3:25,MIA,rebound,,,,,,,,,,Udonis Haslem,,,,,,off,,
Dwyane Wade,Jermaine O'Neal,Mario Chalmers,Quentin Richardson,Udonis Haslem,Andrew Bynum,Derek Fisher,Kobe Bryant,Pau Gasol,Ron Artest,4,3:25,MIA,shot,,,,,,,,,,Udonis Haslem,2,,,made,,putback layup,25,6
Dwyane Wade,Jermaine O'Neal,Mario Chalmers,Quentin Richardson,Udonis Haslem,Andrew Bynum,Derek Fisher,Kobe Bryant,Pau Gasol,Ron Artest,4,3:08,LAL,shot,,,,,,,,,,Andrew Bynum,2,,,made,,layup,25,6
Dwyane Wade,Jermaine O'Neal,Mario Chalmers,Quentin Richardson,Udonis Haslem,Andrew Bynum,Derek Fisher,Kobe Bryant,Pau Gasol,Ron Artest,4,2:43,MIA,shot,Dwyane Wade,,,,,,,,,Quentin Richardson,3,,,made,,3pt,1,9
Dwyane Wade,Jermaine O'Neal,Mario Chalmers,Quentin Richardson,Udonis Haslem,Andrew Bynum,Derek Fisher,Kobe Bryant,Pau Gasol,Ron Artest,4,2:18,LAL,shot,,,,,,,,,,Kobe Bryant,,,,missed,,jump,16,27
Dwyane Wade,Jermaine O'Neal,Mario Chalmers,Quentin Richardson,Udonis Haslem,Andrew Bynum,Derek Fisher,Kobe Bryant,Pau Gasol,Ron Artest,4,2:16,LAL,rebound,,,,,,,,,,Derek Fisher,,,,,,off,,
Dwyane Wade,Jermaine O'Neal,Mario Chalmers,Quentin Richardson,Udonis Haslem,Andrew Bynum,Derek Fisher,Kobe Bryant,Pau Gasol,Ron Artest,4,2:07,LAL,shot,Derek Fisher,,,,,,,,,Kobe Bryant,2,,,made,,running finger roll layup,25,6
Dwyane Wade,Jermaine O'Neal,Mario Chalmers,Quentin Richardson,Udonis Haslem,Andrew Bynum,Derek Fisher,Kobe Bryant,Pau Gasol,Ron Artest,4,2:07,MIA,foul,,,,,,,,Kobe Bryant,,Jermaine O'Neal,,,,,,shooting,,
Dwyane Wade,Jermaine O'Neal,Mario Chalmers,Quentin Richardson,Udonis Haslem,Andrew Bynum,Derek Fisher,Kobe Bryant,Pau Gasol,Ron Artest,4,2:07,LAL,timeout,,,,,,,,,,,,,,,,official,,
Dwyane Wade,Jermaine O'Neal,Mario Chalmers,Quentin Richardson,Udonis Haslem,Derek Fisher,Kobe Bryant,Pau Gasol,Ron Artest,Shannon Brown,4,2:07,LAL,sub,,,,Shannon Brown,,Andrew Bynum,,,,,,,,,,,,
Dwyane Wade,Jermaine O'Neal,Mario Chalmers,Quentin Richardson,Udonis Haslem,Derek Fisher,Kobe Bryant,Pau Gasol,Ron Artest,Shannon Brown,4,2:07,LAL,free throw,,,,,,,1,,1,Kobe Bryant,,,foul,made,,,,
Dwyane Wade,Jermaine O'Neal,Mario Chalmers,Quentin Richardson,Udonis Haslem,Derek Fisher,Kobe Bryant,Pau Gasol,Ron Artest,Shannon Brown,4,1:58,LAL,foul,,,,,,,,Dwyane Wade,,Ron Artest,,,,,,shooting,,
Dwyane Wade,Jermaine O'Neal,Mario Chalmers,Quentin Richardson,Udonis Haslem,Derek Fisher,Kobe Bryant,Pau Gasol,Ron Artest,Shannon Brown,4,1:58,MIA,free throw,,,,,,,1,,2,Dwyane Wade,,,foul,made,,,,
Dwyane Wade,Jermaine O'Neal,Mario Chalmers,Quentin Richardson,Udonis Haslem,Andrew Bynum,Derek Fisher,Kobe Bryant,Pau Gasol,Ron Artest,4,1:58,LAL,sub,,,,Andrew Bynum,,Shannon Brown,,,,,,,,,,,,
Dwyane Wade,Jermaine O'Neal,Mario Chalmers,Quentin Richardson,Udonis Haslem,Andrew Bynum,Derek Fisher,Kobe Bryant,Pau Gasol,Ron Artest,4,1:58,MIA,free throw,,,,,,,2,,2,Dwyane Wade,,,foul,made,,,,
Dwyane Wade,Jermaine O'Neal,Mario Chalmers,Quentin Richardson,Udonis Haslem,Andrew Bynum,Derek Fisher,Kobe Bryant,Pau Gasol,Ron Artest,4,1:38,LAL,shot,,,,,,,,,,Derek Fisher,,,,missed,,jump,45,11
Dwyane Wade,Jermaine O'Neal,Mario Chalmers,Quentin Richardson,Udonis Haslem,Andrew Bynum,Derek Fisher,Kobe Bryant,Pau Gasol,Ron Artest,4,1:37,MIA,rebound,,,,,,,,,,Quentin Richardson,,,,,,def,,
Dwyane Wade,Jermaine O'Neal,Mario Chalmers,Quentin Richardson,Udonis Haslem,Andrew Bynum,Derek Fisher,Kobe Bryant,Pau Gasol,Ron Artest,4,1:26,MIA,shot,,,,,,,,,,Dwyane Wade,2,,,made,,driving finger roll layup,25,6
Dwyane Wade,Jermaine O'Neal,Mario Chalmers,Quentin Richardson,Udonis Haslem,Andrew Bynum,Derek Fisher,Kobe Bryant,Pau Gasol,Ron Artest,4,1:26,LAL,timeout,,,,,,,,,,,,,,,,regular,,
Dwyane Wade,Jermaine O'Neal,Mario Chalmers,Quentin Richardson,Udonis Haslem,Andrew Bynum,Derek Fisher,Kobe Bryant,Pau Gasol,Ron Artest,4,1:11,LAL,shot,,,Udonis Haslem,,,,,,,Pau Gasol,,,,missed,,jump,24,14
Dwyane Wade,Jermaine O'Neal,Mario Chalmers,Quentin Richardson,Udonis Haslem,Andrew Bynum,Derek Fisher,Kobe Bryant,Pau Gasol,Ron Artest,4,1:09,LAL,rebound,,,,,,,,,,Ron Artest,,,,,,off,,
Dwyane Wade,Jermaine O'Neal,Mario Chalmers,Quentin Richardson,Udonis Haslem,Andrew Bynum,Derek Fisher,Kobe Bryant,Pau Gasol,Ron Artest,4,1:09,LAL,shot,,,,,,,,,,Ron Artest,,,,missed,,layup,25,6
Dwyane Wade,Jermaine O'Neal,Mario Chalmers,Quentin Richardson,Udonis Haslem,Andrew Bynum,Derek Fisher,Kobe Bryant,Pau Gasol,Ron Artest,4,1:07,LAL,rebound,,,,,,,,,,Andrew Bynum,,,,,,off,,
Dwyane Wade,Jermaine O'Neal,Mario Chalmers,Quentin Richardson,Udonis Haslem,Andrew Bynum,Derek Fisher,Kobe Bryant,Pau Gasol,Ron Artest,4,1:06,LAL,shot,,,,,,,,,,Andrew Bynum,,,,missed,,tip,25,6
Dwyane Wade,Jermaine O'Neal,Mario Chalmers,Quentin Richardson,Udonis Haslem,Andrew Bynum,Derek Fisher,Kobe Bryant,Pau Gasol,Ron Artest,4,1:03,LAL,rebound,,,,,,,,,,Pau Gasol,,,,,,off,,
Dwyane Wade,Jermaine O'Neal,Mario Chalmers,Quentin Richardson,Udonis Haslem,Andrew Bynum,Derek Fisher,Kobe Bryant,Pau Gasol,Ron Artest,4,1:03,LAL,shot,,,,,,,,,,Pau Gasol,2,,,made,,tip,25,6
Dwyane Wade,Jermaine O'Neal,Mario Chalmers,Quentin Richardson,Udonis Haslem,Andrew Bynum,Derek Fisher,Kobe Bryant,Pau Gasol,Ron Artest,4,0:49,MIA,shot,,,,,,,,,,Dwyane Wade,2,,,made,,jump,21,6
Dwyane Wade,Jermaine O'Neal,Mario Chalmers,Quentin Richardson,Udonis Haslem,Andrew Bynum,Derek Fisher,Kobe Bryant,Pau Gasol,Ron Artest,4,0:25,LAL,shot,,,,,,,,,,Kobe Bryant,,,,missed,,jump,44,7
Dwyane Wade,Jermaine O'Neal,Mario Chalmers,Quentin Richardson,Udonis Haslem,Andrew Bynum,Derek Fisher,Kobe Bryant,Pau Gasol,Ron Artest,4,0:25,LAL,rebound,,,,,,,,,,,,,,,,,,
Dwyane Wade,Jermaine O'Neal,Mario Chalmers,Quentin Richardson,Udonis Haslem,Andrew Bynum,Derek Fisher,Kobe Bryant,Pau Gasol,Ron Artest,4,0:25,LAL,turnover,,,,,,,,,,,,,shot clock turnover,,,,,
Dwyane Wade,Jermaine O'Neal,Mario Chalmers,Quentin Richardson,Udonis Haslem,Andrew Bynum,Derek Fisher,Kobe Bryant,Pau Gasol,Ron Artest,4,0:21,LAL,foul,,,,,,,,Quentin Richardson,,Pau Gasol,,,,,,personal,,
Dwyane Wade,Jermaine O'Neal,Mario Chalmers,Quentin Richardson,Udonis Haslem,Andrew Bynum,Derek Fisher,Kobe Bryant,Pau Gasol,Ron Artest,4,0:21,MIA,free throw,,,,,,,1,,2,Quentin Richardson,,,foul,made,,,,
Dwyane Wade,Jermaine O'Neal,Mario Chalmers,Quentin Richardson,Udonis Haslem,Andrew Bynum,Derek Fisher,Kobe Bryant,Pau Gasol,Ron Artest,4,0:21,MIA,free throw,,,,,,,2,,2,Quentin Richardson,,,foul,made,,,,
Dwyane Wade,Jermaine O'Neal,Mario Chalmers,Quentin Richardson,Udonis Haslem,Andrew Bynum,Derek Fisher,Kobe Bryant,Pau Gasol,Ron Artest,4,0:14,LAL,shot,,,,,,,,,,Kobe Bryant,,,,missed,,driving layup,25,6
Dwyane Wade,Jermaine O'Neal,Mario Chalmers,Quentin Richardson,Udonis Haslem,Andrew Bynum,Derek Fisher,Kobe Bryant,Pau Gasol,Ron Artest,4,0:11,LAL,rebound,,,,,,,,,,,,,,,,,,
Dwyane Wade,Jermaine O'Neal,Mario Chalmers,Quentin Richardson,Udonis Haslem,Andrew Bynum,Derek Fisher,Kobe Bryant,Pau Gasol,Ron Artest,4,0:09,MIA,foul,,,,,,,,Pau Gasol,,Quentin Richardson,,,,,,personal,,
Dwyane Wade,Jermaine O'Neal,Mario Chalmers,Quentin Richardson,Udonis Haslem,Andrew Bynum,Derek Fisher,Kobe Bryant,Pau Gasol,Ron Artest,4,0:09,LAL,free throw,,,,,,,1,,2,Pau Gasol,,,foul,made,,,,
Dwyane Wade,Jermaine O'Neal,Mario Chalmers,Quentin Richardson,Udonis Haslem,Derek Fisher,Kobe Bryant,Pau Gasol,Ron Artest,Shannon Brown,4,0:09,LAL,sub,,,,Shannon Brown,,Andrew Bynum,,,,,,,,,,,,
Dwyane Wade,Jermaine O'Neal,Mario Chalmers,Quentin Richardson,Udonis Haslem,Derek Fisher,Kobe Bryant,Pau Gasol,Ron Artest,Shannon Brown,4,0:09,LAL,free throw,,,,,,,2,,2,Pau Gasol,,,foul,made,,,,
Dwyane Wade,Jermaine O'Neal,Mario Chalmers,Quentin Richardson,Udonis Haslem,Derek Fisher,Kobe Bryant,Pau Gasol,Ron Artest,Shannon Brown,4,0:09,LAL,foul,,,,,,,,Dwyane Wade,,Derek Fisher,,,,,,personal,,
Dwyane Wade,Jermaine O'Neal,Mario Chalmers,Quentin Richardson,Udonis Haslem,Derek Fisher,Kobe Bryant,Pau Gasol,Ron Artest,Shannon Brown,4,0:09,MIA,free throw,,,,,,,1,,2,Dwyane Wade,,,foul,made,,,,
Dwyane Wade,Jermaine O'Neal,Mario Chalmers,Quentin Richardson,Udonis Haslem,Andrew Bynum,Derek Fisher,Kobe Bryant,Pau Gasol,Ron Artest,4,0:09,LAL,sub,,,,Andrew Bynum,,Shannon Brown,,,,,,,,,,,,
Dwyane Wade,Jermaine O'Neal,Mario Chalmers,Quentin Richardson,Udonis Haslem,Andrew Bynum,Derek Fisher,Kobe Bryant,Pau Gasol,Ron Artest,4,0:09,MIA,free throw,,,,,,,2,,2,Dwyane Wade,,,foul,made,,,,
Dwyane Wade,Jermaine O'Neal,Mario Chalmers,Quentin Richardson,Udonis Haslem,Andrew Bynum,Derek Fisher,Kobe Bryant,Pau Gasol,Ron Artest,4,0:09,LAL,timeout,,,,,,,,,,,,,,,,short,,
Dwyane Wade,Jermaine O'Neal,Mario Chalmers,Quentin Richardson,Udonis Haslem,Derek Fisher,Kobe Bryant,Pau Gasol,Ron Artest,Sasha Vujacic,4,0:09,LAL,sub,,,,Sasha Vujacic,,Andrew Bynum,,,,,,,,,,,,
Dwyane Wade,Jermaine O'Neal,Mario Chalmers,Quentin Richardson,Udonis Haslem,Derek Fisher,Kobe Bryant,Pau Gasol,Ron Artest,Sasha Vujacic,4,0:04,LAL,shot,Pau Gasol,,,,,,,,,Derek Fisher,3,,,made,,3pt,10,30
Dwyane Wade,Jermaine O'Neal,Mario Chalmers,Quentin Richardson,Udonis Haslem,Derek Fisher,Kobe Bryant,Pau Gasol,Ron Artest,Sasha Vujacic,4,0:04,MIA,timeout,,,,,,,,,,,,,,,,regular,,
Dwyane Wade,Jermaine O'Neal,Mario Chalmers,Quentin Richardson,Udonis Haslem,Derek Fisher,Kobe Bryant,Pau Gasol,Sasha Vujacic,Shannon Brown,4,0:04,LAL,sub,,,,Shannon Brown,,Ron Artest,,,,,,,,,,,,
Dwyane Wade,Jermaine O'Neal,Mario Chalmers,Quentin Richardson,Udonis Haslem,Andrew Bynum,Derek Fisher,Kobe Bryant,Pau Gasol,Shannon Brown,4,0:04,LAL,sub,,,,Andrew Bynum,,Sasha Vujacic,,,,,,,,,,,,
Dwyane Wade,Jermaine O'Neal,Mario Chalmers,Quentin Richardson,Udonis Haslem,Andrew Bynum,Derek Fisher,Kobe Bryant,Pau Gasol,Shannon Brown,4,0:03,LAL,foul,,,,,,,,Dwyane Wade,,Kobe Bryant,,,,,,personal,,
Dwyane Wade,Jermaine O'Neal,Mario Chalmers,Quentin Richardson,Udonis Haslem,Andrew Bynum,Derek Fisher,Kobe Bryant,Pau Gasol,Shannon Brown,4,0:03,MIA,free throw,,,,,,,1,,2,Dwyane Wade,,,foul,missed,,,,
Dwyane Wade,Jermaine O'Neal,Mario Chalmers,Quentin Richardson,Udonis Haslem,Andrew Bynum,Derek Fisher,Kobe Bryant,Pau Gasol,Shannon Brown,4,0:03,MIA,rebound,,,,,,,,,,,,,,,,,,
Dwyane Wade,Jermaine O'Neal,Mario Chalmers,Quentin Richardson,Udonis Haslem,Andrew Bynum,Derek Fisher,Kobe Bryant,Pau Gasol,Ron Artest,4,0:03,LAL,sub,,,,Ron Artest,,Shannon Brown,,,,,,,,,,,,
Dwyane Wade,Jermaine O'Neal,Mario Chalmers,Quentin Richardson,Udonis Haslem,Andrew Bynum,Derek Fisher,Kobe Bryant,Pau Gasol,Ron Artest,4,0:03,MIA,free throw,,,,,,,2,,2,Dwyane Wade,,,foul,made,,,,
Dwyane Wade,Jermaine O'Neal,Mario Chalmers,Quentin Richardson,Udonis Haslem,Andrew Bynum,Derek Fisher,Kobe Bryant,Pau Gasol,Ron Artest,4,0:03,LAL,timeout,,,,,,,,,,,,,,,,short,,
Dwyane Wade,Jermaine O'Neal,Mario Chalmers,Quentin Richardson,Udonis Haslem,Derek Fisher,Kobe Bryant,Pau Gasol,Ron Artest,Sasha Vujacic,4,0:03,LAL,sub,,,,Sasha Vujacic,,Andrew Bynum,,,,,,,,,,,,
Dwyane Wade,Jermaine O'Neal,Mario Chalmers,Quentin Richardson,Udonis Haslem,Derek Fisher,Kobe Bryant,Pau Gasol,Ron Artest,Sasha Vujacic,4,0:00,LAL,shot,,,,,,,,,,Kobe Bryant,3,,,made,,3pt,24,33
