a1,a2,a3,a4,a5,h1,h2,h3,h4,h5,period,time,team,etype,assist,away,block,entered,home,left,num,opponent,outof,player,points,possession,reason,result,steal,type,x,y
Al Jefferson,Corey Brewer,Jonny Flynn,Ryan Gomes,Ryan Hollins,Al Thornton,Baron Davis,Chris Kaman,Marcus Camby,Rasual Butler,1,12:00,OFF,jump ball,,Ryan Hollins,,,Marcus Camby,,,,,,,Al Thornton,,,,,,
Al Jefferson,Corey Brewer,Jonny Flynn,Ryan Gomes,Ryan Hollins,Al Thornton,Baron Davis,Chris Kaman,Marcus Camby,Rasual Butler,1,11:33,LAC,shot,,,,,,,,,,Chris Kaman,,,,missed,,3pt,49,7
Al Jefferson,Corey Brewer,Jonny Flynn,Ryan Gomes,Ryan Hollins,Al Thornton,Baron Davis,Chris Kaman,Marcus Camby,Rasual Butler,1,11:32,MIN,rebound,,,,,,,,,,Ryan Gomes,,,,,,def,,
Al Jefferson,Corey Brewer,Jonny Flynn,Ryan Gomes,Ryan Hollins,Al Thornton,Baron Davis,Chris Kaman,Marcus Camby,Rasual Butler,1,11:18,MIN,shot,,,,,,,,,,Al Jefferson,2,,,made,,layup,25,6
Al Jefferson,Corey Brewer,Jonny Flynn,Ryan Gomes,Ryan Hollins,Al Thornton,Baron Davis,Chris Kaman,Marcus Camby,Rasual Butler,1,10:59,LAC,shot,,,,,,,,,,Marcus Camby,,,,missed,,jump,25,13
Al Jefferson,Corey Brewer,Jonny Flynn,Ryan Gomes,Ryan Hollins,Al Thornton,Baron Davis,Chris Kaman,Marcus Camby,Rasual Butler,1,10:57,MIN,rebound,,,,,,,,,,Corey Brewer,,,,,,def,,
Al Jefferson,Corey Brewer,Jonny Flynn,Ryan Gomes,Ryan Hollins,Al Thornton,Baron Davis,Chris Kaman,Marcus Camby,Rasual Butler,1,10:45,MIN,shot,,,,,,,,,,Al Jefferson,2,,,made,,layup,25,6
Al Jefferson,Corey Brewer,Jonny Flynn,Ryan Gomes,Ryan Hollins,Al Thornton,Baron Davis,Chris Kaman,Marcus Camby,Rasual Butler,1,10:29,LAC,turnover,,,,,,,,,,Baron Davis,,,bad pass,,Ryan Gomes,,,
Al Jefferson,Corey Brewer,Jonny Flynn,Ryan Gomes,Ryan Hollins,Al Thornton,Baron Davis,Chris Kaman,Marcus Camby,Rasual Butler,1,10:08,MIN,shot,,,,,,,,,,Al Jefferson,,,,missed,,jump,39,14
Al Jefferson,Corey Brewer,Jonny Flynn,Ryan Gomes,Ryan Hollins,Al Thornton,Baron Davis,Chris Kaman,Marcus Camby,Rasual Butler,1,10:07,MIN,rebound,,,,,,,,,,Ryan Gomes,,,,,,off,,
Al Jefferson,Corey Brewer,Jonny Flynn,Ryan Gomes,Ryan Hollins,Al Thornton,Baron Davis,Chris Kaman,Marcus Camby,Rasual Butler,1,9:54,MIN,shot,,,,,,,,,,Jonny Flynn,3,,,made,,3pt,42,24
Al Jefferson,Corey Brewer,Jonny Flynn,Ryan Gomes,Ryan Hollins,Al Thornton,Baron Davis,Chris Kaman,Marcus Camby,Rasual Butler,1,9:45,LAC,timeout,,,,,,,,,,,,,,,,short,,
Al Jefferson,Corey Brewer,Jonny Flynn,Ryan Gomes,Ryan Hollins,Al Thornton,Baron Davis,Chris Kaman,Marcus Camby,Rasual Butler,1,9:34,LAC,shot,Al Thornton,,,,,,,,,Chris Kaman,2,,,made,,jump,9,18
Al Jefferson,Corey Brewer,Jonny Flynn,Ryan Gomes,Ryan Hollins,Al Thornton,Baron Davis,Chris Kaman,Marcus Camby,Rasual Butler,1,9:14,MIN,shot,,,,,,,,,,Jonny Flynn,,,,missed,,jump,5,9
Al Jefferson,Corey Brewer,Jonny Flynn,Ryan Gomes,Ryan Hollins,Al Thornton,Baron Davis,Chris Kaman,Marcus Camby,Rasual Butler,1,9:13,MIN,rebound,,,,,,,,,,Corey Brewer,,,,,,off,,
Al Jefferson,Corey Brewer,Jonny Flynn,Ryan Gomes,Ryan Hollins,Al Thornton,Baron Davis,Chris Kaman,Marcus Camby,Rasual Butler,1,9:07,MIN,shot,,,,,,,,,,Ryan Gomes,,,,missed,,jump,43,5
Al Jefferson,Corey Brewer,Jonny Flynn,Ryan Gomes,Ryan Hollins,Al Thornton,Baron Davis,Chris Kaman,Marcus Camby,Rasual Butler,1,9:06,LAC,rebound,,,,,,,,,,Marcus Camby,,,,,,def,,
Al Jefferson,Corey Brewer,Jonny Flynn,Ryan Gomes,Ryan Hollins,Al Thornton,Baron Davis,Chris Kaman,Marcus Camby,Rasual Butler,1,8:57,LAC,shot,Baron Davis,,,,,,,,,Marcus Camby,2,,,made,,jump,17,26
Al Jefferson,Corey Brewer,Jonny Flynn,Ryan Gomes,Ryan Hollins,Al Thornton,Baron Davis,Chris Kaman,Marcus Camby,Rasual Butler,1,8:45,MIN,turnover,,,,,,,,,,Al Jefferson,,,traveling,,,,,
Al Jefferson,Corey Brewer,Jonny Flynn,Ryan Gomes,Ryan Hollins,Al Thornton,Baron Davis,Chris Kaman,Marcus Camby,Rasual Butler,1,8:29,LAC,shot,Baron Davis,,,,,,,,,Chris Kaman,2,,,made,,jump,33,21
Al Jefferson,Corey Brewer,Jonny Flynn,Ryan Gomes,Ryan Hollins,Al Thornton,Baron Davis,Chris Kaman,Marcus Camby,Rasual Butler,1,8:14,MIN,turnover,,,,,,,,,,Ryan Hollins,,,lost ball,,Baron Davis,,,
Al Jefferson,Corey Brewer,Jonny Flynn,Ryan Gomes,Ryan Hollins,Al Thornton,Baron Davis,Chris Kaman,Marcus Camby,Rasual Butler,1,8:10,LAC,shot,,,,,,,,,,Baron Davis,,,,missed,,layup,25,6
Al Jefferson,Corey Brewer,Jonny Flynn,Ryan Gomes,Ryan Hollins,Al Thornton,Baron Davis,Chris Kaman,Marcus Camby,Rasual Butler,1,8:07,LAC,rebound,,,,,,,,,,Al Thornton,,,,,,off,,
Al Jefferson,Corey Brewer,Jonny Flynn,Ryan Gomes,Ryan Hollins,Al Thornton,Baron Davis,Chris Kaman,Marcus Camby,Rasual Butler,1,8:07,LAC,shot,,,,,,,,,,Al Thornton,2,,,made,,tip,25,6
Al Jefferson,Corey Brewer,Jonny Flynn,Ryan Gomes,Ryan Hollins,Al Thornton,Baron Davis,Chris Kaman,Marcus Camby,Rasual Butler,1,7:50,MIN,shot,,,,,,,,,,Al Jefferson,,,,missed,,dunk,25,6
Al Jefferson,Corey Brewer,Jonny Flynn,Ryan Gomes,Ryan Hollins,Al Thornton,Baron Davis,Chris Kaman,Marcus Camby,Rasual Butler,1,7:48,MIN,rebound,,,,,,,,,,Ryan Gomes,,,,,,off,,
Al Jefferson,Corey Brewer,Jonny Flynn,Ryan Gomes,Ryan Hollins,Al Thornton,Baron Davis,Chris Kaman,Marcus Camby,Rasual Butler,1,7:41,LAC,foul,,,,,,,,Ryan Hollins,,Chris Kaman,,,,,,shooting,,
Al Jefferson,Corey Brewer,Jonny Flynn,Ryan Gomes,Ryan Hollins,Al Thornton,Baron Davis,Chris Kaman,Marcus Camby,Rasual Butler,1,7:41,MIN,free throw,,,,,,,1,,2,Ryan Hollins,,,foul,made,,,,
Al Jefferson,Corey Brewer,Jonny Flynn,Ryan Gomes,Ryan Hollins,Al Thornton,Baron Davis,Chris Kaman,Marcus Camby,Rasual Butler,1,7:41,MIN,free throw,,,,,,,2,,2,Ryan Hollins,,,foul,made,,,,
Al Jefferson,Corey Brewer,Jonny Flynn,Ryan Gomes,Ryan Hollins,Al Thornton,Baron Davis,Chris Kaman,Marcus Camby,Rasual Butler,1,7:26,LAC,shot,,,,,,,,,,Chris Kaman,,,,missed,,jump,33,25
Al Jefferson,Corey Brewer,Jonny Flynn,Ryan Gomes,Ryan Hollins,Al Thornton,Baron Davis,Chris Kaman,Marcus Camby,Rasual Butler,1,7:25,MIN,rebound,,,,,,,,,,Corey Brewer,,,,,,def,,
Al Jefferson,Corey Brewer,Jonny Flynn,Ryan Gomes,Ryan Hollins,Al Thornton,Baron Davis,Chris Kaman,Marcus Camby,Rasual Butler,1,7:17,MIN,shot,Jonny Flynn,,,,,,,,,Ryan Hollins,2,,,made,,layup,25,6
Al Jefferson,Corey Brewer,Jonny Flynn,Ryan Gomes,Ryan Hollins,Al Thornton,Baron Davis,Chris Kaman,Marcus Camby,Rasual Butler,1,7:14,LAC,foul,,,,,,,,Ryan Hollins,,Baron Davis,,,,,,offensive,,
Al Jefferson,Corey Brewer,Jonny Flynn,Ryan Gomes,Ryan Hollins,Al Thornton,Baron Davis,Chris Kaman,Marcus Camby,Rasual Butler,1,7:14,LAC,turnover,,,,,,,,,,Baron Davis,,,foul,,,,,
Al Jefferson,Corey Brewer,Jonny Flynn,Ryan Gomes,Ryan Hollins,Al Thornton,Baron Davis,Chris Kaman,Marcus Camby,Rasual Butler,1,7:09,MIN,shot,Ryan Hollins,,,,,,,,,Jonny Flynn,2,,,made,,floating jump,33,11
Al Jefferson,Corey Brewer,Jonny Flynn,Ryan Gomes,Ryan Hollins,Al Thornton,Baron Davis,Chris Kaman,Marcus Camby,Rasual Butler,1,6:56,LAC,shot,,,,,,,,,,Chris Kaman,,,,missed,,jump,15,7
Al Jefferson,Corey Brewer,Jonny Flynn,Ryan Gomes,Ryan Hollins,Al Thornton,Baron Davis,Chris Kaman,Marcus Camby,Rasual Butler,1,6:54,LAC,rebound,,,,,,,,,,Marcus Camby,,,,,,off,,
Al Jefferson,Corey Brewer,Jonny Flynn,Ryan Gomes,Ryan Hollins,Al Thornton,Baron Davis,Chris Kaman,Marcus Camby,Rasual Butler,1,6:54,LAC,shot,,,,,,,,,,Marcus Camby,2,,,made,,tip,25,6
Al Jefferson,Corey Brewer,Jonny Flynn,Ryan Gomes,Ryan Hollins,Al Thornton,Baron Davis,Chris Kaman,Marcus Camby,Rasual Butler,1,6:41,MIN,shot,,,,,,,,,,Ryan Gomes,,,,missed,,jump,14,21
Al Jefferson,Corey Brewer,Jonny Flynn,Ryan Gomes,Ryan Hollins,Al Thornton,Baron Davis,Chris Kaman,Marcus Camby,Rasual Butler,1,6:40,LAC,rebound,,,,,,,,,,Chris Kaman,,,,,,def,,
Al Jefferson,Corey Brewer,Jonny Flynn,Ryan Gomes,Ryan Hollins,Al Thornton,Baron Davis,Chris Kaman,Marcus Camby,Rasual Butler,1,6:29,LAC,shot,Chris Kaman,,,,,,,,,Al Thornton,2,,,made,,layup,25,6
Al Jefferson,Corey Brewer,Jonny Flynn,Ryan Gomes,Ryan Hollins,Al Thornton,Baron Davis,Chris Kaman,Marcus Camby,Rasual Butler,1,6:29,MIN,foul,,,,,,,,Al Thornton,,Ryan Hollins,,,,,,shooting,,
Al Jefferson,Corey Brewer,Jonny Flynn,Ryan Gomes,Ryan Hollins,Al Thornton,Baron Davis,Chris Kaman,Marcus Camby,Rasual Butler,1,6:29,LAC,free throw,,,,,,,1,,1,Al Thornton,,,foul,made,,,,
Al Jefferson,Corey Brewer,Jonny Flynn,Ryan Gomes,Ryan Hollins,Al Thornton,Baron Davis,Chris Kaman,Marcus Camby,Rasual Butler,1,6:12,MIN,shot,Jonny Flynn,,,,,,,,,Corey Brewer,3,,,made,,3pt,40,29
Al Jefferson,Corey Brewer,Jonny Flynn,Ryan Gomes,Ryan Hollins,Al Thornton,Baron Davis,Chris Kaman,Marcus Camby,Rasual Butler,1,5:59,MIN,foul,,,,,,,,Rasual Butler,,Corey Brewer,,,,,,shooting,,
Al Jefferson,Corey Brewer,Jonny Flynn,Ryan Gomes,Ryan Hollins,Al Thornton,Baron Davis,Chris Kaman,Marcus Camby,Rasual Butler,1,5:59,LAC,timeout,,,,,,,,,,,,,,,,regular,,
Al Jefferson,Corey Brewer,Jonny Flynn,Ryan Gomes,Ryan Hollins,Al Thornton,Baron Davis,Chris Kaman,Marcus Camby,Rasual Butler,1,5:59,LAC,free throw,,,,,,,1,,2,Rasual Butler,,,foul,missed,,,,
Al Jefferson,Corey Brewer,Jonny Flynn,Ryan Gomes,Ryan Hollins,Al Thornton,Baron Davis,Chris Kaman,Marcus Camby,Rasual Butler,1,5:59,LAC,rebound,,,,,,,,,,,,,,,,,,
Al Jefferson,Corey Brewer,Jonny Flynn,Ryan Gomes,Ryan Hollins,Al Thornton,Baron Davis,Chris Kaman,Marcus Camby,Rasual Butler,1,5:59,LAC,free throw,,,,,,,2,,2,Rasual Butler,,,foul,made,,,,
Al Jefferson,Corey Brewer,Jonny Flynn,Ryan Gomes,Ryan Hollins,Al Thornton,Baron Davis,Chris Kaman,Marcus Camby,Rasual Butler,1,5:36,MIN,shot,,,,,,,,,,Ryan Gomes,2,,,made,,fade away jumper,39,6
Al Jefferson,Corey Brewer,Jonny Flynn,Ryan Gomes,Ryan Hollins,Al Thornton,Baron Davis,Chris Kaman,Marcus Camby,Rasual Butler,1,5:23,LAC,shot,,,,,,,,,,Chris Kaman,,,,missed,,jump,13,15
Al Jefferson,Corey Brewer,Jonny Flynn,Ryan Gomes,Ryan Hollins,Al Thornton,Baron Davis,Chris Kaman,Marcus Camby,Rasual Butler,1,5:22,MIN,rebound,,,,,,,,,,Ryan Gomes,,,,,,def,,
Al Jefferson,Corey Brewer,Jonny Flynn,Ryan Gomes,Ryan Hollins,Al Thornton,Baron Davis,Chris Kaman,Marcus Camby,Rasual Butler,1,5:08,MIN,turnover,,,,,,,,,,Al Jefferson,,,traveling,,,,,
Al Jefferson,Corey Brewer,Jonny Flynn,Ryan Gomes,Ryan Hollins,Al Thornton,Baron Davis,Chris Kaman,Marcus Camby,Rasual Butler,1,4:58,MIN,foul,,,,,,,,Chris Kaman,,Ryan Hollins,,,,,,shooting,,
Al Jefferson,Corey Brewer,Jonny Flynn,Ryan Gomes,Ryan Hollins,Al Thornton,Baron Davis,Chris Kaman,Marcus Camby,Rasual Butler,1,4:58,LAC,free throw,,,,,,,1,,2,Chris Kaman,,,foul,made,,,,
Al Jefferson,Corey Brewer,Jonny Flynn,Oleksiy Pecherov,Ryan Gomes,Al Thornton,Baron Davis,Chris Kaman,Marcus Camby,Rasual Butler,1,4:58,MIN,sub,,,,Oleksiy Pecherov,,Ryan Hollins,,,,,,,,,,,,
Al Jefferson,Corey Brewer,Jonny Flynn,Oleksiy Pecherov,Ryan Gomes,Al Thornton,Baron Davis,Chris Kaman,Marcus Camby,Rasual Butler,1,4:58,LAC,free throw,,,,,,,2,,2,Chris Kaman,,,foul,made,,,,
Al Jefferson,Corey Brewer,Jonny Flynn,Oleksiy Pecherov,Ryan Gomes,Al Thornton,Baron Davis,Chris Kaman,Marcus Camby,Rasual Butler,1,4:41,MIN,shot,Jonny Flynn,,,,,,,,,Oleksiy Pecherov,2,,,made,,fade away jumper,35,14
Al Jefferson,Corey Brewer,Jonny Flynn,Oleksiy Pecherov,Ryan Gomes,Al Thornton,Baron Davis,Chris Kaman,Marcus Camby,Rasual Butler,1,4:17,LAC,shot,Baron Davis,,,,,,,,,Chris Kaman,2,,,made,,jump,41,8
Al Jefferson,Corey Brewer,Jonny Flynn,Oleksiy Pecherov,Ryan Gomes,Al Thornton,Baron Davis,Chris Kaman,Marcus Camby,Rasual Butler,1,4:03,LAC,foul,,,,,,,,Jonny Flynn,,Baron Davis,,,,,,shooting,,
Al Jefferson,Corey Brewer,Jonny Flynn,Oleksiy Pecherov,Ryan Gomes,Al Thornton,Baron Davis,Chris Kaman,Marcus Camby,Rasual Butler,1,4:03,MIN,free throw,,,,,,,1,,2,Jonny Flynn,,,foul,made,,,,
Al Jefferson,Corey Brewer,Jonny Flynn,Oleksiy Pecherov,Ryan Gomes,Al Thornton,Chris Kaman,Marcus Camby,Rasual Butler,Sebastian Telfair,1,4:03,LAC,sub,,,,Sebastian Telfair,,Baron Davis,,,,,,,,,,,,
Al Jefferson,Corey Brewer,Jonny Flynn,Oleksiy Pecherov,Ryan Gomes,Al Thornton,Chris Kaman,Marcus Camby,Rasual Butler,Sebastian Telfair,1,4:03,MIN,free throw,,,,,,,2,,2,Jonny Flynn,,,foul,made,,,,
Al Jefferson,Corey Brewer,Jonny Flynn,Oleksiy Pecherov,Ryan Gomes,Al Thornton,Chris Kaman,Marcus Camby,Rasual Butler,Sebastian Telfair,1,3:45,LAC,turnover,,,,,,,,,,Chris Kaman,,,lost ball,,Jonny Flynn,,,
Al Jefferson,Corey Brewer,Jonny Flynn,Oleksiy Pecherov,Ryan Gomes,Al Thornton,Chris Kaman,Marcus Camby,Rasual Butler,Sebastian Telfair,1,3:41,MIN,shot,Jonny Flynn,,,,,,,,,Corey Brewer,2,,,made,,driving dunk,25,6
Al Jefferson,Corey Brewer,Jonny Flynn,Oleksiy Pecherov,Ryan Gomes,Al Thornton,Chris Kaman,Marcus Camby,Rasual Butler,Sebastian Telfair,1,3:23,LAC,shot,Sebastian Telfair,,,,,,,,,Rasual Butler,2,,,made,,jump,10,7
Al Jefferson,Corey Brewer,Jonny Flynn,Oleksiy Pecherov,Ryan Gomes,Al Thornton,Chris Kaman,Marcus Camby,Rasual Butler,Sebastian Telfair,1,3:10,MIN,shot,,,,,,,,,,Oleksiy Pecherov,,,,missed,,jump,35,20
Al Jefferson,Corey Brewer,Jonny Flynn,Oleksiy Pecherov,Ryan Gomes,Al Thornton,Chris Kaman,Marcus Camby,Rasual Butler,Sebastian Telfair,1,3:09,LAC,rebound,,,,,,,,,,Marcus Camby,,,,,,def,,
Al Jefferson,Corey Brewer,Jonny Flynn,Oleksiy Pecherov,Ryan Gomes,Al Thornton,Chris Kaman,Marcus Camby,Rasual Butler,Sebastian Telfair,1,2:56,LAC,shot,,,,,,,,,,Al Thornton,,,,missed,,jump,27,20
Al Jefferson,Corey Brewer,Jonny Flynn,Oleksiy Pecherov,Ryan Gomes,Al Thornton,Chris Kaman,Marcus Camby,Rasual Butler,Sebastian Telfair,1,2:55,MIN,rebound,,,,,,,,,,Oleksiy Pecherov,,,,,,def,,
Al Jefferson,Corey Brewer,Jonny Flynn,Oleksiy Pecherov,Ryan Gomes,Al Thornton,Chris Kaman,Marcus Camby,Rasual Butler,Sebastian Telfair,1,2:49,MIN,turnover,,,,,,,,,,Jonny Flynn,,,bad pass,,Chris Kaman,,,
Al Jefferson,Corey Brewer,Jonny Flynn,Oleksiy Pecherov,Ryan Gomes,Al Thornton,Chris Kaman,Marcus Camby,Rasual Butler,Sebastian Telfair,1,2:41,LAC,turnover,,,,,,,,,,Rasual Butler,,,lost ball,,Corey Brewer,,,
Al Jefferson,Corey Brewer,Jonny Flynn,Oleksiy Pecherov,Ryan Gomes,Al Thornton,Chris Kaman,Marcus Camby,Rasual Butler,Sebastian Telfair,1,2:38,MIN,turnover,,,,,,,,,,Corey Brewer,,,bad pass,,Sebastian Telfair,,,
Al Jefferson,Corey Brewer,Jonny Flynn,Oleksiy Pecherov,Ryan Gomes,Al Thornton,Chris Kaman,Marcus Camby,Rasual Butler,Sebastian Telfair,1,2:34,LAC,shot,Marcus Camby,,,,,,,,,Al Thornton,2,,,made,,layup,25,6
Al Jefferson,Corey Brewer,Jonny Flynn,Oleksiy Pecherov,Ryan Gomes,Al Thornton,Chris Kaman,Marcus Camby,Rasual Butler,Sebastian Telfair,1,2:16,MIN,shot,,,,,,,,,,Jonny Flynn,3,,,made,,3pt,15,30
Al Jefferson,Corey Brewer,Jonny Flynn,Oleksiy Pecherov,Ryan Gomes,Al Thornton,Chris Kaman,Marcus Camby,Rasual Butler,Sebastian Telfair,1,1:59,LAC,shot,,,,,,,,,,Sebastian Telfair,,,,missed,,jump,36,11
Al Jefferson,Corey Brewer,Jonny Flynn,Oleksiy Pecherov,Ryan Gomes,Al Thornton,Chris Kaman,Marcus Camby,Rasual Butler,Sebastian Telfair,1,1:57,MIN,rebound,,,,,,,,,,Al Jefferson,,,,,,def,,
Al Jefferson,Corey Brewer,Jonny Flynn,Oleksiy Pecherov,Ryan Gomes,Al Thornton,Chris Kaman,Marcus Camby,Rasual Butler,Sebastian Telfair,1,1:56,MIN,turnover,,,,,,,,,,Al Jefferson,,,lost ball,,Marcus Camby,,,
Al Jefferson,Corey Brewer,Jonny Flynn,Oleksiy Pecherov,Ryan Gomes,Al Thornton,Chris Kaman,Marcus Camby,Rasual Butler,Sebastian Telfair,1,1:54,LAC,shot,Marcus Camby,,,,,,,,,Al Thornton,2,,,made,,dunk,25,6
Al Jefferson,Corey Brewer,Jonny Flynn,Oleksiy Pecherov,Ryan Gomes,Al Thornton,Chris Kaman,Marcus Camby,Rasual Butler,Sebastian Telfair,1,1:47,MIN,timeout,,,,,,,,,,,,,,,,regular,,
Al Jefferson,Corey Brewer,Jonny Flynn,Oleksiy Pecherov,Ryan Gomes,Al Thornton,Chris Kaman,Marcus Camby,Ricky Davis,Sebastian Telfair,1,1:47,LAC,sub,,,,Ricky Davis,,Rasual Butler,,,,,,,,,,,,
Al Jefferson,Corey Brewer,Jonny Flynn,Oleksiy Pecherov,Ryan Gomes,Al Thornton,Craig Smith,Marcus Camby,Ricky Davis,Sebastian Telfair,1,1:47,LAC,sub,,,,Craig Smith,,Chris Kaman,,,,,,,,,,,,
Corey Brewer,Damien Wilkins,Jonny Flynn,Oleksiy Pecherov,Ryan Gomes,Al Thornton,Craig Smith,Marcus Camby,Ricky Davis,Sebastian Telfair,1,1:47,MIN,sub,,,,Damien Wilkins,,Al Jefferson,,,,,,,,,,,,
Damien Wilkins,Jonny Flynn,Nathan Jawai,Oleksiy Pecherov,Ryan Gomes,Al Thornton,Craig Smith,Marcus Camby,Ricky Davis,Sebastian Telfair,1,1:47,MIN,sub,,,,Nathan Jawai,,Corey Brewer,,,,,,,,,,,,
Damien Wilkins,Jonny Flynn,Nathan Jawai,Oleksiy Pecherov,Ryan Gomes,Al Thornton,Craig Smith,Marcus Camby,Ricky Davis,Sebastian Telfair,1,1:30,MIN,shot,,,,,,,,,,Ryan Gomes,,,,missed,,jump,44,11
Damien Wilkins,Jonny Flynn,Nathan Jawai,Oleksiy Pecherov,Ryan Gomes,Al Thornton,Craig Smith,Marcus Camby,Ricky Davis,Sebastian Telfair,1,1:29,LAC,rebound,,,,,,,,,,Al Thornton,,,,,,def,,
Damien Wilkins,Jonny Flynn,Nathan Jawai,Oleksiy Pecherov,Ryan Gomes,Al Thornton,Craig Smith,Marcus Camby,Ricky Davis,Sebastian Telfair,1,1:08,LAC,shot,,,,,,,,,,Sebastian Telfair,,,,missed,,3pt,0,5
Damien Wilkins,Jonny Flynn,Nathan Jawai,Oleksiy Pecherov,Ryan Gomes,Al Thornton,Craig Smith,Marcus Camby,Ricky Davis,Sebastian Telfair,1,1:07,MIN,rebound,,,,,,,,,,Damien Wilkins,,,,,,def,,
Damien Wilkins,Jonny Flynn,Nathan Jawai,Oleksiy Pecherov,Ryan Gomes,Al Thornton,Craig Smith,Marcus Camby,Ricky Davis,Sebastian Telfair,1,0:55,MIN,shot,Nathan Jawai,,,,,,,,,Oleksiy Pecherov,2,,,made,,jump,24,20
Damien Wilkins,Jonny Flynn,Nathan Jawai,Oleksiy Pecherov,Ryan Gomes,Al Thornton,Craig Smith,Marcus Camby,Ricky Davis,Sebastian Telfair,1,0:40,LAC,shot,,,,,,,,,,Craig Smith,2,,,made,,driving reverse layup,25,6
Damien Wilkins,Jonny Flynn,Nathan Jawai,Oleksiy Pecherov,Ryan Gomes,Al Thornton,Craig Smith,Marcus Camby,Ricky Davis,Sebastian Telfair,1,0:33,MIN,timeout,,,,,,,,,,,,,,,,short,,
Damien Wilkins,Nathan Jawai,Oleksiy Pecherov,Ramon Sessions,Ryan Gomes,Al Thornton,Craig Smith,Marcus Camby,Ricky Davis,Sebastian Telfair,1,0:33,MIN,sub,,,,Ramon Sessions,,Jonny Flynn,,,,,,,,,,,,
Damien Wilkins,Nathan Jawai,Oleksiy Pecherov,Ramon Sessions,Ryan Gomes,Al Thornton,Craig Smith,Marcus Camby,Ricky Davis,Sebastian Telfair,1,0:27,MIN,shot,,,,,,,,,,Ryan Gomes,,,,missed,,3pt,2,5
Damien Wilkins,Nathan Jawai,Oleksiy Pecherov,Ramon Sessions,Ryan Gomes,Al Thornton,Craig Smith,Marcus Camby,Ricky Davis,Sebastian Telfair,1,0:25,LAC,rebound,,,,,,,,,,Craig Smith,,,,,,def,,
Damien Wilkins,Nathan Jawai,Oleksiy Pecherov,Ramon Sessions,Ryan Gomes,Al Thornton,Craig Smith,Marcus Camby,Ricky Davis,Sebastian Telfair,1,0:07,MIN,foul,,,,,,,,Sebastian Telfair,,Ramon Sessions,,,,,,personal,,
Damien Wilkins,Nathan Jawai,Oleksiy Pecherov,Ramon Sessions,Ryan Gomes,Al Thornton,Craig Smith,Marcus Camby,Ricky Davis,Sebastian Telfair,1,0:03,LAC,shot,,,,,,,,,,Sebastian Telfair,2,,,made,,running jump,13,21
Damien Wilkins,Nathan Jawai,Oleksiy Pecherov,Ramon Sessions,Ryan Gomes,Al Thornton,Craig Smith,Marcus Camby,Ricky Davis,Sebastian Telfair,1,0:00,MIN,shot,,,,,,,,,,Ramon Sessions,,,,missed,,3pt,40,47
Damien Wilkins,Nathan Jawai,Oleksiy Pecherov,Ramon Sessions,Ryan Gomes,Al Thornton,Craig Smith,Marcus Camby,Ricky Davis,Sebastian Telfair,1,0:00,MIN,rebound,,,,,,,,,,,,,,,,,,
Damien Wilkins,Nathan Jawai,Oleksiy Pecherov,Ramon Sessions,Sasha Pavlovic,Al Thornton,Chris Kaman,Craig Smith,Ricky Davis,Sebastian Telfair,2,11:35,MIN,shot,Damien Wilkins,,,,,,,,,Ramon Sessions,2,,,made,,jump,16,25
Damien Wilkins,Nathan Jawai,Oleksiy Pecherov,Ramon Sessions,Sasha Pavlovic,Al Thornton,Chris Kaman,Craig Smith,Ricky Davis,Sebastian Telfair,2,11:22,LAC,shot,,,,,,,,,,Craig Smith,2,,,made,,driving layup,25,6
Damien Wilkins,Nathan Jawai,Oleksiy Pecherov,Ramon Sessions,Sasha Pavlovic,Al Thornton,Chris Kaman,Craig Smith,Ricky Davis,Sebastian Telfair,2,11:11,MIN,shot,,,,,,,,,,Oleksiy Pecherov,,,,missed,,jump,41,21
Damien Wilkins,Nathan Jawai,Oleksiy Pecherov,Ramon Sessions,Sasha Pavlovic,Al Thornton,Chris Kaman,Craig Smith,Ricky Davis,Sebastian Telfair,2,11:10,LAC,rebound,,,,,,,,,,Chris Kaman,,,,,,def,,
Damien Wilkins,Nathan Jawai,Oleksiy Pecherov,Ramon Sessions,Sasha Pavlovic,Al Thornton,Chris Kaman,Craig Smith,Ricky Davis,Sebastian Telfair,2,10:46,LAC,turnover,,,,,,,,,,,,,shot clock turnover,,,,,
Brian Cardinal,Damien Wilkins,Oleksiy Pecherov,Ramon Sessions,Sasha Pavlovic,Al Thornton,Chris Kaman,Craig Smith,Ricky Davis,Sebastian Telfair,2,10:46,MIN,sub,,,,Brian Cardinal,,Nathan Jawai,,,,,,,,,,,,
Brian Cardinal,Damien Wilkins,Oleksiy Pecherov,Ramon Sessions,Sasha Pavlovic,Al Thornton,Chris Kaman,Craig Smith,Ricky Davis,Sebastian Telfair,2,10:30,MIN,shot,,,Ricky Davis,,,,,,,Sasha Pavlovic,,,,missed,,layup,25,6
Brian Cardinal,Damien Wilkins,Oleksiy Pecherov,Ramon Sessions,Sasha Pavlovic,Al Thornton,Chris Kaman,Craig Smith,Ricky Davis,Sebastian Telfair,2,10:30,MIN,rebound,,,,,,,,,,Sasha Pavlovic,,,,,,off,,
Brian Cardinal,Damien Wilkins,Oleksiy Pecherov,Ramon Sessions,Sasha Pavlovic,Al Thornton,Chris Kaman,Craig Smith,Ricky Davis,Sebastian Telfair,2,10:30,LAC,foul,,,,,,,,Sasha Pavlovic,,Craig Smith,,,,,,shooting,,
Brian Cardinal,Damien Wilkins,Oleksiy Pecherov,Ramon Sessions,Sasha Pavlovic,Chris Kaman,Craig Smith,Mardy Collins,Ricky Davis,Sebastian Telfair,2,10:30,LAC,sub,,,,Mardy Collins,,Al Thornton,,,,,,,,,,,,
Brian Cardinal,Damien Wilkins,Oleksiy Pecherov,Ramon Sessions,Sasha Pavlovic,Chris Kaman,Craig Smith,Mardy Collins,Ricky Davis,Sebastian Telfair,2,10:30,MIN,free throw,,,,,,,1,,2,Sasha Pavlovic,,,foul,missed,,,,
Brian Cardinal,Damien Wilkins,Oleksiy Pecherov,Ramon Sessions,Sasha Pavlovic,Chris Kaman,Craig Smith,Mardy Collins,Ricky Davis,Sebastian Telfair,2,10:30,MIN,rebound,,,,,,,,,,,,,,,,,,
Brian Cardinal,Damien Wilkins,Oleksiy Pecherov,Ramon Sessions,Sasha Pavlovic,Chris Kaman,Craig Smith,Mardy Collins,Ricky Davis,Sebastian Telfair,2,10:30,MIN,free throw,,,,,,,2,,2,Sasha Pavlovic,,,foul,missed,,,,
Brian Cardinal,Damien Wilkins,Oleksiy Pecherov,Ramon Sessions,Sasha Pavlovic,Chris Kaman,Craig Smith,Mardy Collins,Ricky Davis,Sebastian Telfair,2,10:29,LAC,rebound,,,,,,,,,,Ricky Davis,,,,,,def,,
Brian Cardinal,Damien Wilkins,Oleksiy Pecherov,Ramon Sessions,Sasha Pavlovic,Chris Kaman,Craig Smith,Mardy Collins,Ricky Davis,Sebastian Telfair,2,10:16,MIN,foul,,,,,,,,Chris Kaman,,Brian Cardinal,,,,,,shooting,,
Brian Cardinal,Damien Wilkins,Oleksiy Pecherov,Ramon Sessions,Sasha Pavlovic,Chris Kaman,Craig Smith,Mardy Collins,Ricky Davis,Sebastian Telfair,2,10:16,LAC,free throw,,,,,,,1,,2,Chris Kaman,,,foul,made,,,,
Brian Cardinal,Damien Wilkins,Oleksiy Pecherov,Ramon Sessions,Sasha Pavlovic,Chris Kaman,Craig Smith,Mardy Collins,Ricky Davis,Sebastian Telfair,2,10:16,LAC,free throw,,,,,,,2,,2,Chris Kaman,,,foul,missed,,,,
Brian Cardinal,Damien Wilkins,Oleksiy Pecherov,Ramon Sessions,Sasha Pavlovic,Chris Kaman,Craig Smith,Mardy Collins,Ricky Davis,Sebastian Telfair,2,10:13,MIN,rebound,,,,,,,,,,Oleksiy Pecherov,,,,,,def,,
Brian Cardinal,Damien Wilkins,Oleksiy Pecherov,Ramon Sessions,Sasha Pavlovic,Chris Kaman,Craig Smith,Mardy Collins,Ricky Davis,Sebastian Telfair,2,10:04,MIN,shot,,,,,,,,,,Oleksiy Pecherov,2,,,made,,driving finger roll layup,25,6
Brian Cardinal,Damien Wilkins,Oleksiy Pecherov,Ramon Sessions,Sasha Pavlovic,Chris Kaman,Craig Smith,Mardy Collins,Ricky Davis,Sebastian Telfair,2,9:48,LAC,shot,Chris Kaman,,,,,,,,,Sebastian Telfair,3,,,made,,3pt,5,24
Brian Cardinal,Damien Wilkins,Oleksiy Pecherov,Ramon Sessions,Sasha Pavlovic,Chris Kaman,Craig Smith,Mardy Collins,Ricky Davis,Sebastian Telfair,2,9:28,MIN,turnover,,,,,,,,,,Oleksiy Pecherov,,,lost ball,,Chris Kaman,,,
Brian Cardinal,Damien Wilkins,Oleksiy Pecherov,Ramon Sessions,Sasha Pavlovic,Chris Kaman,Craig Smith,Mardy Collins,Ricky Davis,Sebastian Telfair,2,9:23,LAC,shot,,,,,,,,,,Ricky Davis,,,,missed,,3pt,7,25
Brian Cardinal,Damien Wilkins,Oleksiy Pecherov,Ramon Sessions,Sasha Pavlovic,Chris Kaman,Craig Smith,Mardy Collins,Ricky Davis,Sebastian Telfair,2,9:19,MIN,rebound,,,,,,,,,,Ramon Sessions,,,,,,def,,
Brian Cardinal,Damien Wilkins,Oleksiy Pecherov,Ramon Sessions,Sasha Pavlovic,Chris Kaman,Craig Smith,Mardy Collins,Ricky Davis,Sebastian Telfair,2,9:09,LAC,foul,,,,,,,,Damien Wilkins,,Sebastian Telfair,,,,,,personal,,
Brian Cardinal,Damien Wilkins,Oleksiy Pecherov,Ramon Sessions,Sasha Pavlovic,Chris Kaman,Craig Smith,Mardy Collins,Ricky Davis,Sebastian Telfair,2,9:05,LAC,foul,,,,,,,,Ramon Sessions,,Craig Smith,,,,,,shooting,,
Brian Cardinal,Damien Wilkins,Oleksiy Pecherov,Ramon Sessions,Sasha Pavlovic,Chris Kaman,Craig Smith,Mardy Collins,Ricky Davis,Sebastian Telfair,2,9:05,MIN,free throw,,,,,,,1,,2,Ramon Sessions,,,foul,missed,,,,
Brian Cardinal,Damien Wilkins,Oleksiy Pecherov,Ramon Sessions,Sasha Pavlovic,Chris Kaman,Craig Smith,Mardy Collins,Ricky Davis,Sebastian Telfair,2,9:05,MIN,rebound,,,,,,,,,,,,,,,,,,
Brian Cardinal,Damien Wilkins,Oleksiy Pecherov,Ramon Sessions,Sasha Pavlovic,Chris Kaman,Craig Smith,Mardy Collins,Ricky Davis,Sebastian Telfair,2,9:05,MIN,free throw,,,,,,,2,,2,Ramon Sessions,,,foul,made,,,,
Brian Cardinal,Damien Wilkins,Oleksiy Pecherov,Ramon Sessions,Sasha Pavlovic,Chris Kaman,Craig Smith,Mardy Collins,Ricky Davis,Sebastian Telfair,2,8:44,LAC,shot,,,,,,,,,,Sebastian Telfair,,,,missed,,3pt,47,20
Brian Cardinal,Damien Wilkins,Oleksiy Pecherov,Ramon Sessions,Sasha Pavlovic,Chris Kaman,Craig Smith,Mardy Collins,Ricky Davis,Sebastian Telfair,2,8:42,LAC,rebound,,,,,,,,,,Ricky Davis,,,,,,off,,
Brian Cardinal,Damien Wilkins,Oleksiy Pecherov,Ramon Sessions,Sasha Pavlovic,Chris Kaman,Craig Smith,Mardy Collins,Ricky Davis,Sebastian Telfair,2,8:26,MIN,foul,,,,,,,,Sebastian Telfair,,Brian Cardinal,,,,,,shooting,,
Brian Cardinal,Damien Wilkins,Oleksiy Pecherov,Ramon Sessions,Sasha Pavlovic,Chris Kaman,Craig Smith,Mardy Collins,Ricky Davis,Sebastian Telfair,2,8:26,LAC,timeout,,,,,,,,,,,,,,,,official,,
Al Jefferson,Brian Cardinal,Oleksiy Pecherov,Ramon Sessions,Sasha Pavlovic,Chris Kaman,Craig Smith,Mardy Collins,Ricky Davis,Sebastian Telfair,2,8:26,MIN,sub,,,,Al Jefferson,,Damien Wilkins,,,,,,,,,,,,
Al Jefferson,Oleksiy Pecherov,Ramon Sessions,Ryan Gomes,Sasha Pavlovic,Chris Kaman,Craig Smith,Mardy Collins,Ricky Davis,Sebastian Telfair,2,8:26,MIN,sub,,,,Ryan Gomes,,Brian Cardinal,,,,,,,,,,,,
Al Jefferson,Oleksiy Pecherov,Ramon Sessions,Ryan Gomes,Sasha Pavlovic,Chris Kaman,Craig Smith,Mardy Collins,Rasual Butler,Sebastian Telfair,2,8:26,LAC,sub,,,,Rasual Butler,,Ricky Davis,,,,,,,,,,,,
Al Jefferson,Oleksiy Pecherov,Ramon Sessions,Ryan Gomes,Sasha Pavlovic,Chris Kaman,Craig Smith,Mardy Collins,Rasual Butler,Sebastian Telfair,2,8:26,LAC,free throw,,,,,,,1,,2,Sebastian Telfair,,,foul,made,,,,
Al Jefferson,Oleksiy Pecherov,Ramon Sessions,Ryan Gomes,Sasha Pavlovic,Chris Kaman,Craig Smith,Mardy Collins,Rasual Butler,Sebastian Telfair,2,8:26,LAC,free throw,,,,,,,2,,2,Sebastian Telfair,,,foul,made,,,,
Al Jefferson,Oleksiy Pecherov,Ramon Sessions,Ryan Gomes,Sasha Pavlovic,Chris Kaman,Craig Smith,Mardy Collins,Rasual Butler,Sebastian Telfair,2,8:16,MIN,shot,Ramon Sessions,,,,,,,,,Al Jefferson,2,,,made,,hook,25,11
Al Jefferson,Oleksiy Pecherov,Ramon Sessions,Ryan Gomes,Sasha Pavlovic,Chris Kaman,Craig Smith,Mardy Collins,Rasual Butler,Sebastian Telfair,2,7:56,LAC,shot,Mardy Collins,,,,,,,,,Chris Kaman,2,,,made,,hook,19,9
Al Jefferson,Oleksiy Pecherov,Ramon Sessions,Ryan Gomes,Sasha Pavlovic,Chris Kaman,Craig Smith,Mardy Collins,Rasual Butler,Sebastian Telfair,2,7:46,MIN,turnover,,,,,,,,,,Sasha Pavlovic,,,bad pass,,Mardy Collins,,,
Al Jefferson,Oleksiy Pecherov,Ramon Sessions,Ryan Gomes,Sasha Pavlovic,Chris Kaman,Craig Smith,Mardy Collins,Rasual Butler,Sebastian Telfair,2,7:42,LAC,shot,,,,,,,,,,Mardy Collins,,,,missed,,layup,25,6
Al Jefferson,Oleksiy Pecherov,Ramon Sessions,Ryan Gomes,Sasha Pavlovic,Chris Kaman,Craig Smith,Mardy Collins,Rasual Butler,Sebastian Telfair,2,7:40,MIN,rebound,,,,,,,,,,Ryan Gomes,,,,,,def,,
Al Jefferson,Oleksiy Pecherov,Ramon Sessions,Ryan Gomes,Sasha Pavlovic,Chris Kaman,Craig Smith,Mardy Collins,Rasual Butler,Sebastian Telfair,2,7:35,MIN,shot,Ryan Gomes,,,,,,,,,Sasha Pavlovic,2,,,made,,driving layup,25,6
Al Jefferson,Oleksiy Pecherov,Ramon Sessions,Ryan Gomes,Sasha Pavlovic,Chris Kaman,Craig Smith,Mardy Collins,Rasual Butler,Sebastian Telfair,2,7:24,LAC,shot,,,Sasha Pavlovic,,,,,,,Chris Kaman,,,,missed,,layup,25,6
Al Jefferson,Oleksiy Pecherov,Ramon Sessions,Ryan Gomes,Sasha Pavlovic,Chris Kaman,Craig Smith,Mardy Collins,Rasual Butler,Sebastian Telfair,2,7:22,MIN,rebound,,,,,,,,,,Sasha Pavlovic,,,,,,def,,
Al Jefferson,Oleksiy Pecherov,Ramon Sessions,Ryan Gomes,Sasha Pavlovic,Chris Kaman,Craig Smith,Mardy Collins,Rasual Butler,Sebastian Telfair,2,7:21,LAC,foul,,,,,,,,Ramon Sessions,,Sebastian Telfair,,,,,,shooting,,
Al Jefferson,Corey Brewer,Oleksiy Pecherov,Ramon Sessions,Ryan Gomes,Chris Kaman,Craig Smith,Mardy Collins,Rasual Butler,Sebastian Telfair,2,7:21,MIN,sub,,,,Corey Brewer,,Sasha Pavlovic,,,,,,,,,,,,
Al Jefferson,Corey Brewer,Oleksiy Pecherov,Ramon Sessions,Ryan Gomes,Chris Kaman,Craig Smith,Mardy Collins,Rasual Butler,Sebastian Telfair,2,7:21,MIN,free throw,,,,,,,1,,2,Ramon Sessions,,,foul,made,,,,
Al Jefferson,Corey Brewer,Oleksiy Pecherov,Ramon Sessions,Ryan Gomes,Baron Davis,Chris Kaman,Craig Smith,Mardy Collins,Rasual Butler,2,7:21,LAC,sub,,,,Baron Davis,,Sebastian Telfair,,,,,,,,,,,,
Al Jefferson,Corey Brewer,Oleksiy Pecherov,Ramon Sessions,Ryan Gomes,Baron Davis,Chris Kaman,Craig Smith,Mardy Collins,Rasual Butler,2,7:21,MIN,free throw,,,,,,,2,,2,Ramon Sessions,,,foul,made,,,,
Al Jefferson,Corey Brewer,Oleksiy Pecherov,Ramon Sessions,Ryan Gomes,Baron Davis,Chris Kaman,Craig Smith,Mardy Collins,Rasual Butler,2,7:13,LAC,shot,,,Al Jefferson,,,,,,,Baron Davis,,,,missed,,layup,25,6
Al Jefferson,Corey Brewer,Oleksiy Pecherov,Ramon Sessions,Ryan Gomes,Baron Davis,Chris Kaman,Craig Smith,Mardy Collins,Rasual Butler,2,7:11,LAC,rebound,,,,,,,,,,Chris Kaman,,,,,,off,,
Al Jefferson,Corey Brewer,Oleksiy Pecherov,Ramon Sessions,Ryan Gomes,Baron Davis,Chris Kaman,Craig Smith,Mardy Collins,Rasual Butler,2,7:10,LAC,shot,,,,,,,,,,Chris Kaman,,,,missed,,layup,25,6
Al Jefferson,Corey Brewer,Oleksiy Pecherov,Ramon Sessions,Ryan Gomes,Baron Davis,Chris Kaman,Craig Smith,Mardy Collins,Rasual Butler,2,7:09,MIN,rebound,,,,,,,,,,Corey Brewer,,,,,,def,,
Al Jefferson,Corey Brewer,Oleksiy Pecherov,Ramon Sessions,Ryan Gomes,Baron Davis,Chris Kaman,Craig Smith,Mardy Collins,Rasual Butler,2,7:02,MIN,shot,,,,,,,,,,Ryan Gomes,,,,missed,,jump,9,12
Al Jefferson,Corey Brewer,Oleksiy Pecherov,Ramon Sessions,Ryan Gomes,Baron Davis,Chris Kaman,Craig Smith,Mardy Collins,Rasual Butler,2,7:01,MIN,rebound,,,,,,,,,,Al Jefferson,,,,,,off,,
Al Jefferson,Corey Brewer,Oleksiy Pecherov,Ramon Sessions,Ryan Gomes,Baron Davis,Chris Kaman,Craig Smith,Mardy Collins,Rasual Butler,2,6:54,LAC,foul,,,,,,,,,,Craig Smith,,,,,,defense 3 second,,
Al Jefferson,Corey Brewer,Oleksiy Pecherov,Ramon Sessions,Ryan Gomes,Baron Davis,Chris Kaman,Craig Smith,Mardy Collins,Rasual Butler,2,6:54,MIN,free throw,,,,,,,1,,1,Oleksiy Pecherov,,,technical,made,,,,
Al Jefferson,Corey Brewer,Ramon Sessions,Ryan Gomes,Ryan Hollins,Baron Davis,Chris Kaman,Craig Smith,Mardy Collins,Rasual Butler,2,6:54,MIN,sub,,,,Ryan Hollins,,Oleksiy Pecherov,,,,,,,,,,,,
Al Jefferson,Corey Brewer,Jonny Flynn,Ryan Gomes,Ryan Hollins,Baron Davis,Chris Kaman,Craig Smith,Mardy Collins,Rasual Butler,2,6:54,MIN,sub,,,,Jonny Flynn,,Ramon Sessions,,,,,,,,,,,,
Al Jefferson,Corey Brewer,Jonny Flynn,Ryan Gomes,Ryan Hollins,Baron Davis,Chris Kaman,Craig Smith,Mardy Collins,Rasual Butler,2,6:48,MIN,shot,,,,,,,,,,Jonny Flynn,,,,missed,,jump,13,23
Al Jefferson,Corey Brewer,Jonny Flynn,Ryan Gomes,Ryan Hollins,Baron Davis,Chris Kaman,Craig Smith,Mardy Collins,Rasual Butler,2,6:46,LAC,rebound,,,,,,,,,,Craig Smith,,,,,,def,,
Al Jefferson,Corey Brewer,Jonny Flynn,Ryan Gomes,Ryan Hollins,Baron Davis,Chris Kaman,Craig Smith,Mardy Collins,Rasual Butler,2,6:38,MIN,foul,,,,,,,,Baron Davis,,Jonny Flynn,,,,,,personal,,
Al Jefferson,Corey Brewer,Jonny Flynn,Ryan Gomes,Ryan Hollins,Baron Davis,Chris Kaman,Craig Smith,Mardy Collins,Rasual Butler,2,6:23,LAC,shot,Baron Davis,,,,,,,,,Mardy Collins,2,,,made,,turnaround jump,40,7
Al Jefferson,Corey Brewer,Jonny Flynn,Ryan Gomes,Ryan Hollins,Baron Davis,Chris Kaman,Craig Smith,Mardy Collins,Rasual Butler,2,6:03,MIN,shot,,,,,,,,,,Al Jefferson,,,,missed,,jump,14,8
Al Jefferson,Corey Brewer,Jonny Flynn,Ryan Gomes,Ryan Hollins,Baron Davis,Chris Kaman,Craig Smith,Mardy Collins,Rasual Butler,2,6:02,LAC,rebound,,,,,,,,,,Rasual Butler,,,,,,def,,
Al Jefferson,Corey Brewer,Jonny Flynn,Ryan Gomes,Ryan Hollins,Baron Davis,Chris Kaman,Craig Smith,Mardy Collins,Rasual Butler,2,5:50,LAC,shot,,,,,,,,,,Mardy Collins,,,,missed,,driving layup,25,6
Al Jefferson,Corey Brewer,Jonny Flynn,Ryan Gomes,Ryan Hollins,Baron Davis,Chris Kaman,Craig Smith,Mardy Collins,Rasual Butler,2,5:49,MIN,rebound,,,,,,,,,,Corey Brewer,,,,,,def,,
Al Jefferson,Corey Brewer,Jonny Flynn,Ryan Gomes,Ryan Hollins,Baron Davis,Chris Kaman,Craig Smith,Mardy Collins,Rasual Butler,2,5:43,MIN,shot,,,,,,,,,,Corey Brewer,2,,,made,,driving layup,25,6
Al Jefferson,Corey Brewer,Jonny Flynn,Ryan Gomes,Ryan Hollins,Baron Davis,Chris Kaman,Craig Smith,Mardy Collins,Rasual Butler,2,5:28,LAC,shot,,,,,,,,,,Baron Davis,,,,missed,,3pt,9,29
Al Jefferson,Corey Brewer,Jonny Flynn,Ryan Gomes,Ryan Hollins,Baron Davis,Chris Kaman,Craig Smith,Mardy Collins,Rasual Butler,2,5:27,MIN,rebound,,,,,,,,,,,,,,,,,,
Al Jefferson,Corey Brewer,Jonny Flynn,Ryan Gomes,Ryan Hollins,Baron Davis,Chris Kaman,Craig Smith,Mardy Collins,Rasual Butler,2,5:23,LAC,timeout,,,,,,,,,,,,,,,,regular,,
Al Jefferson,Corey Brewer,Jonny Flynn,Ryan Gomes,Ryan Hollins,Al Thornton,Baron Davis,Chris Kaman,Mardy Collins,Rasual Butler,2,5:23,LAC,sub,,,,Al Thornton,,Craig Smith,,,,,,,,,,,,
Al Jefferson,Corey Brewer,Jonny Flynn,Ryan Gomes,Ryan Hollins,Al Thornton,Baron Davis,Chris Kaman,Marcus Camby,Rasual Butler,2,5:23,LAC,sub,,,,Marcus Camby,,Mardy Collins,,,,,,,,,,,,
Al Jefferson,Corey Brewer,Jonny Flynn,Ryan Gomes,Ryan Hollins,Al Thornton,Baron Davis,Chris Kaman,Marcus Camby,Rasual Butler,2,5:14,MIN,shot,,,,,,,,,,Jonny Flynn,,,,missed,,dunk,28,9
Al Jefferson,Corey Brewer,Jonny Flynn,Ryan Gomes,Ryan Hollins,Al Thornton,Baron Davis,Chris Kaman,Marcus Camby,Rasual Butler,2,5:12,LAC,rebound,,,,,,,,,,Marcus Camby,,,,,,def,,
Al Jefferson,Corey Brewer,Jonny Flynn,Ryan Gomes,Ryan Hollins,Al Thornton,Baron Davis,Chris Kaman,Marcus Camby,Rasual Butler,2,5:05,MIN,foul,,,,,,,,Baron Davis,,Jonny Flynn,,,,,,personal,,
Al Jefferson,Corey Brewer,Jonny Flynn,Ryan Gomes,Ryan Hollins,Al Thornton,Baron Davis,Chris Kaman,Marcus Camby,Rasual Butler,2,4:54,LAC,shot,,,,,,,,,,Baron Davis,,,,missed,,jump,34,16
Al Jefferson,Corey Brewer,Jonny Flynn,Ryan Gomes,Ryan Hollins,Al Thornton,Baron Davis,Chris Kaman,Marcus Camby,Rasual Butler,2,4:53,MIN,rebound,,,,,,,,,,Ryan Gomes,,,,,,def,,
Al Jefferson,Corey Brewer,Jonny Flynn,Ryan Gomes,Ryan Hollins,Al Thornton,Baron Davis,Chris Kaman,Marcus Camby,Rasual Butler,2,4:40,MIN,shot,,,,,,,,,,Jonny Flynn,,,,missed,,jump,19,8
Al Jefferson,Corey Brewer,Jonny Flynn,Ryan Gomes,Ryan Hollins,Al Thornton,Baron Davis,Chris Kaman,Marcus Camby,Rasual Butler,2,4:39,LAC,rebound,,,,,,,,,,Marcus Camby,,,,,,def,,
Al Jefferson,Corey Brewer,Jonny Flynn,Ryan Gomes,Ryan Hollins,Al Thornton,Baron Davis,Chris Kaman,Marcus Camby,Rasual Butler,2,4:36,LAC,shot,Marcus Camby,,,,,,,,,Al Thornton,2,,,made,,driving layup,25,6
Al Jefferson,Corey Brewer,Jonny Flynn,Ryan Gomes,Ryan Hollins,Al Thornton,Baron Davis,Chris Kaman,Marcus Camby,Rasual Butler,2,4:13,MIN,turnover,,,,,,,,,,Corey Brewer,,,backcourt turnover,,,,,
Al Jefferson,Corey Brewer,Jonny Flynn,Ryan Gomes,Ryan Hollins,Al Thornton,Baron Davis,Chris Kaman,Marcus Camby,Rasual Butler,2,4:04,LAC,shot,,,,,,,,,,Rasual Butler,,,,missed,,3pt,48,14
Al Jefferson,Corey Brewer,Jonny Flynn,Ryan Gomes,Ryan Hollins,Al Thornton,Baron Davis,Chris Kaman,Marcus Camby,Rasual Butler,2,4:03,MIN,rebound,,,,,,,,,,Al Jefferson,,,,,,def,,
Al Jefferson,Corey Brewer,Jonny Flynn,Ryan Gomes,Ryan Hollins,Al Thornton,Baron Davis,Chris Kaman,Marcus Camby,Rasual Butler,2,3:52,MIN,shot,,,,,,,,,,Ryan Gomes,2,,,made,,floating jump,25,20
Al Jefferson,Corey Brewer,Jonny Flynn,Ryan Gomes,Ryan Hollins,Al Thornton,Baron Davis,Chris Kaman,Marcus Camby,Rasual Butler,2,3:32,LAC,shot,,,,,,,,,,Baron Davis,,,,missed,,3pt,45,26
Al Jefferson,Corey Brewer,Jonny Flynn,Ryan Gomes,Ryan Hollins,Al Thornton,Baron Davis,Chris Kaman,Marcus Camby,Rasual Butler,2,3:31,LAC,rebound,,,,,,,,,,Marcus Camby,,,,,,off,,
Al Jefferson,Corey Brewer,Jonny Flynn,Ryan Gomes,Ryan Hollins,Al Thornton,Baron Davis,Chris Kaman,Marcus Camby,Rasual Butler,2,3:28,LAC,turnover,,,,,,,,,,Marcus Camby,,,bad pass,,Ryan Gomes,,,
Al Jefferson,Corey Brewer,Jonny Flynn,Ryan Gomes,Ryan Hollins,Al Thornton,Baron Davis,Chris Kaman,Marcus Camby,Rasual Butler,2,3:20,MIN,turnover,,,,,,,,,,Jonny Flynn,,,bad pass,,Marcus Camby,,,
Al Jefferson,Corey Brewer,Jonny Flynn,Ryan Gomes,Ryan Hollins,Al Thornton,Baron Davis,Chris Kaman,Marcus Camby,Rasual Butler,2,3:19,MIN,foul,,,,,,,,Al Thornton,,Ryan Gomes,,,,,,clear path,,
Al Jefferson,Corey Brewer,Jonny Flynn,Ryan Gomes,Ryan Hollins,Al Thornton,Baron Davis,Chris Kaman,Marcus Camby,Rasual Butler,2,3:19,LAC,free throw,,,,,,,1,,2,Al Thornton,,,foul,made,,,,
Al Jefferson,Corey Brewer,Jonny Flynn,Ryan Gomes,Ryan Hollins,Al Thornton,Baron Davis,Chris Kaman,Marcus Camby,Rasual Butler,2,3:19,LAC,free throw,,,,,,,2,,2,Al Thornton,,,foul,made,,,,
Al Jefferson,Corey Brewer,Jonny Flynn,Ryan Gomes,Ryan Hollins,Al Thornton,Baron Davis,Chris Kaman,Marcus Camby,Rasual Butler,2,3:08,LAC,shot,Baron Davis,,,,,,,,,Chris Kaman,2,,,made,,jump,25,24
Al Jefferson,Corey Brewer,Jonny Flynn,Ryan Gomes,Ryan Hollins,Al Thornton,Baron Davis,Chris Kaman,Marcus Camby,Rasual Butler,2,2:51,MIN,shot,Ryan Hollins,,,,,,,,,Ryan Gomes,3,,,made,,3pt,17,31
Al Jefferson,Corey Brewer,Jonny Flynn,Ryan Gomes,Ryan Hollins,Al Thornton,Baron Davis,Chris Kaman,Marcus Camby,Rasual Butler,2,2:32,LAC,shot,Marcus Camby,,,,,,,,,Al Thornton,2,,,made,,turnaround fade away,26,18
Al Jefferson,Corey Brewer,Jonny Flynn,Ryan Gomes,Ryan Hollins,Al Thornton,Baron Davis,Chris Kaman,Marcus Camby,Rasual Butler,2,2:19,LAC,foul,,,,,,,,Al Jefferson,,Marcus Camby,,,,,,personal,,
Al Jefferson,Corey Brewer,Jonny Flynn,Ryan Gomes,Ryan Hollins,Al Thornton,Baron Davis,Chris Kaman,Marcus Camby,Rasual Butler,2,2:19,MIN,timeout,,,,,,,,,,,,,,,,regular,,
Al Jefferson,Corey Brewer,Ramon Sessions,Ryan Gomes,Ryan Hollins,Al Thornton,Baron Davis,Chris Kaman,Marcus Camby,Rasual Butler,2,2:19,MIN,sub,,,,Ramon Sessions,,Jonny Flynn,,,,,,,,,,,,
Al Jefferson,Corey Brewer,Ramon Sessions,Ryan Gomes,Ryan Hollins,Al Thornton,Baron Davis,Chris Kaman,Marcus Camby,Rasual Butler,2,2:19,MIN,free throw,,,,,,,1,,2,Al Jefferson,,,foul,missed,,,,
Al Jefferson,Corey Brewer,Ramon Sessions,Ryan Gomes,Ryan Hollins,Al Thornton,Baron Davis,Chris Kaman,Marcus Camby,Rasual Butler,2,2:19,MIN,rebound,,,,,,,,,,,,,,,,,,
Al Jefferson,Corey Brewer,Ramon Sessions,Ryan Gomes,Ryan Hollins,Al Thornton,Baron Davis,Chris Kaman,Marcus Camby,Rasual Butler,2,2:19,MIN,free throw,,,,,,,2,,2,Al Jefferson,,,foul,made,,,,
Al Jefferson,Corey Brewer,Ramon Sessions,Ryan Gomes,Ryan Hollins,Al Thornton,Baron Davis,Chris Kaman,Marcus Camby,Rasual Butler,2,2:00,LAC,turnover,,,,,,,,,,Chris Kaman,,,lost ball,,Al Jefferson,,,
Al Jefferson,Corey Brewer,Ramon Sessions,Ryan Gomes,Ryan Hollins,Al Thornton,Baron Davis,Chris Kaman,Marcus Camby,Rasual Butler,2,1:56,MIN,shot,Ryan Gomes,,,,,,,,,Corey Brewer,2,,,made,,layup,25,6
Al Jefferson,Corey Brewer,Ramon Sessions,Ryan Gomes,Ryan Hollins,Al Thornton,Baron Davis,Chris Kaman,Marcus Camby,Rasual Butler,2,1:55,MIN,violation,,,,,,,,,,,,,,,,delay of game,,
Al Jefferson,Corey Brewer,Ramon Sessions,Ryan Gomes,Ryan Hollins,Al Thornton,Baron Davis,Chris Kaman,Marcus Camby,Rasual Butler,2,1:39,LAC,shot,,,,,,,,,,Chris Kaman,,,,missed,,jump,36,8
Al Jefferson,Corey Brewer,Ramon Sessions,Ryan Gomes,Ryan Hollins,Al Thornton,Baron Davis,Chris Kaman,Marcus Camby,Rasual Butler,2,1:38,MIN,rebound,,,,,,,,,,Ramon Sessions,,,,,,def,,
Al Jefferson,Corey Brewer,Ramon Sessions,Ryan Gomes,Ryan Hollins,Al Thornton,Baron Davis,Chris Kaman,Marcus Camby,Rasual Butler,2,1:19,MIN,shot,,,,,,,,,,Ryan Gomes,,,,missed,,3pt,41,28
Al Jefferson,Corey Brewer,Ramon Sessions,Ryan Gomes,Ryan Hollins,Al Thornton,Baron Davis,Chris Kaman,Marcus Camby,Rasual Butler,2,1:18,LAC,rebound,,,,,,,,,,Rasual Butler,,,,,,def,,
Al Jefferson,Corey Brewer,Oleksiy Pecherov,Ramon Sessions,Ryan Gomes,Al Thornton,Baron Davis,Chris Kaman,Marcus Camby,Rasual Butler,2,1:06,MIN,sub,,,,Oleksiy Pecherov,,Ryan Hollins,,,,,,,,,,,,
Al Jefferson,Corey Brewer,Oleksiy Pecherov,Ramon Sessions,Ryan Gomes,Al Thornton,Baron Davis,Chris Kaman,Marcus Camby,Rasual Butler,2,0:54,LAC,shot,,,,,,,,,,Baron Davis,,,,missed,,step back jump,36,5
Al Jefferson,Corey Brewer,Oleksiy Pecherov,Ramon Sessions,Ryan Gomes,Al Thornton,Baron Davis,Chris Kaman,Marcus Camby,Rasual Butler,2,0:53,MIN,rebound,,,,,,,,,,Oleksiy Pecherov,,,,,,def,,
Al Jefferson,Corey Brewer,Oleksiy Pecherov,Ramon Sessions,Ryan Gomes,Al Thornton,Baron Davis,Chris Kaman,Marcus Camby,Rasual Butler,2,0:41,MIN,turnover,,,,,,,,,,Al Jefferson,,,traveling,,,,,
Al Jefferson,Corey Brewer,Oleksiy Pecherov,Ramon Sessions,Ryan Gomes,Al Thornton,Baron Davis,Chris Kaman,Marcus Camby,Rasual Butler,2,0:19,LAC,shot,,,,,,,,,,Baron Davis,,,,missed,,jump,34,26
Al Jefferson,Corey Brewer,Oleksiy Pecherov,Ramon Sessions,Ryan Gomes,Al Thornton,Baron Davis,Chris Kaman,Marcus Camby,Rasual Butler,2,0:18,MIN,rebound,,,,,,,,,,Al Jefferson,,,,,,def,,
Al Jefferson,Corey Brewer,Oleksiy Pecherov,Ramon Sessions,Ryan Gomes,Al Thornton,Baron Davis,Chris Kaman,Marcus Camby,Rasual Butler,2,0:00,MIN,turnover,,,,,,,,,,Ramon Sessions,,,bad pass,,Baron Davis,,,
Al Jefferson,Corey Brewer,Jonny Flynn,Ryan Gomes,Ryan Hollins,Al Thornton,Baron Davis,Chris Kaman,Marcus Camby,Rasual Butler,3,11:35,MIN,shot,,,Marcus Camby,,,,,,,Ryan Gomes,,,,missed,,layup,25,6
Al Jefferson,Corey Brewer,Jonny Flynn,Ryan Gomes,Ryan Hollins,Al Thornton,Baron Davis,Chris Kaman,Marcus Camby,Rasual Butler,3,11:33,LAC,rebound,,,,,,,,,,Baron Davis,,,,,,def,,
Al Jefferson,Corey Brewer,Jonny Flynn,Ryan Gomes,Ryan Hollins,Al Thornton,Baron Davis,Chris Kaman,Marcus Camby,Rasual Butler,3,11:26,LAC,turnover,,,,,,,,,,Baron Davis,,,bad pass,,Corey Brewer,,,
Al Jefferson,Corey Brewer,Jonny Flynn,Ryan Gomes,Ryan Hollins,Al Thornton,Baron Davis,Chris Kaman,Marcus Camby,Rasual Butler,3,11:18,MIN,shot,,,,,,,,,,Jonny Flynn,,,,missed,,jump,34,21
Al Jefferson,Corey Brewer,Jonny Flynn,Ryan Gomes,Ryan Hollins,Al Thornton,Baron Davis,Chris Kaman,Marcus Camby,Rasual Butler,3,11:16,LAC,rebound,,,,,,,,,,Marcus Camby,,,,,,def,,
Al Jefferson,Corey Brewer,Jonny Flynn,Ryan Gomes,Ryan Hollins,Al Thornton,Baron Davis,Chris Kaman,Marcus Camby,Rasual Butler,3,10:59,LAC,shot,,,,,,,,,,Rasual Butler,,,,missed,,jump,24,28
Al Jefferson,Corey Brewer,Jonny Flynn,Ryan Gomes,Ryan Hollins,Al Thornton,Baron Davis,Chris Kaman,Marcus Camby,Rasual Butler,3,10:58,MIN,rebound,,,,,,,,,,Al Jefferson,,,,,,def,,
Al Jefferson,Corey Brewer,Jonny Flynn,Ryan Gomes,Ryan Hollins,Al Thornton,Baron Davis,Chris Kaman,Marcus Camby,Rasual Butler,3,10:33,MIN,shot,,,,,,,,,,Corey Brewer,,,,missed,,3pt,2,6
Al Jefferson,Corey Brewer,Jonny Flynn,Ryan Gomes,Ryan Hollins,Al Thornton,Baron Davis,Chris Kaman,Marcus Camby,Rasual Butler,3,10:32,LAC,rebound,,,,,,,,,,Al Thornton,,,,,,def,,
Al Jefferson,Corey Brewer,Jonny Flynn,Ryan Gomes,Ryan Hollins,Al Thornton,Baron Davis,Chris Kaman,Marcus Camby,Rasual Butler,3,10:18,MIN,foul,,,,,,,,Baron Davis,,Jonny Flynn,,,,,,personal,,
Al Jefferson,Corey Brewer,Jonny Flynn,Ryan Gomes,Ryan Hollins,Al Thornton,Baron Davis,Chris Kaman,Marcus Camby,Rasual Butler,3,10:09,LAC,turnover,,,,,,,,,,Baron Davis,,,bad pass,,Al Jefferson,,,
Al Jefferson,Corey Brewer,Jonny Flynn,Ryan Gomes,Ryan Hollins,Al Thornton,Baron Davis,Chris Kaman,Marcus Camby,Rasual Butler,3,10:03,MIN,shot,,,,,,,,,,Jonny Flynn,2,,,made,,driving layup,25,6
Al Jefferson,Corey Brewer,Jonny Flynn,Ryan Gomes,Ryan Hollins,Al Thornton,Baron Davis,Chris Kaman,Marcus Camby,Rasual Butler,3,9:40,LAC,shot,,,,,,,,,,Chris Kaman,,,,missed,,hook,16,9
Al Jefferson,Corey Brewer,Jonny Flynn,Ryan Gomes,Ryan Hollins,Al Thornton,Baron Davis,Chris Kaman,Marcus Camby,Rasual Butler,3,9:37,LAC,rebound,,,,,,,,,,Al Thornton,,,,,,off,,
Al Jefferson,Corey Brewer,Jonny Flynn,Ryan Gomes,Ryan Hollins,Al Thornton,Baron Davis,Chris Kaman,Marcus Camby,Rasual Butler,3,9:37,LAC,shot,,,,,,,,,,Al Thornton,,,,missed,,layup,25,6
Al Jefferson,Corey Brewer,Jonny Flynn,Ryan Gomes,Ryan Hollins,Al Thornton,Baron Davis,Chris Kaman,Marcus Camby,Rasual Butler,3,9:36,LAC,rebound,,,,,,,,,,Marcus Camby,,,,,,off,,
Al Jefferson,Corey Brewer,Jonny Flynn,Ryan Gomes,Ryan Hollins,Al Thornton,Baron Davis,Chris Kaman,Marcus Camby,Rasual Butler,3,9:36,LAC,shot,,,,,,,,,,Marcus Camby,,,,missed,,tip,25,6
Al Jefferson,Corey Brewer,Jonny Flynn,Ryan Gomes,Ryan Hollins,Al Thornton,Baron Davis,Chris Kaman,Marcus Camby,Rasual Butler,3,9:34,LAC,rebound,,,,,,,,,,Marcus Camby,,,,,,off,,
Al Jefferson,Corey Brewer,Jonny Flynn,Ryan Gomes,Ryan Hollins,Al Thornton,Baron Davis,Chris Kaman,Marcus Camby,Rasual Butler,3,9:34,LAC,shot,,,,,,,,,,Marcus Camby,2,,,made,,tip,25,6
Al Jefferson,Corey Brewer,Jonny Flynn,Ryan Gomes,Ryan Hollins,Al Thornton,Baron Davis,Chris Kaman,Marcus Camby,Rasual Butler,3,9:18,MIN,shot,Corey Brewer,,,,,,,,,Ryan Hollins,2,,,made,,jump,15,11
Al Jefferson,Corey Brewer,Jonny Flynn,Ryan Gomes,Ryan Hollins,Al Thornton,Baron Davis,Chris Kaman,Marcus Camby,Rasual Butler,3,9:00,LAC,shot,,,,,,,,,,Chris Kaman,,,,missed,,fade away jumper,21,17
Al Jefferson,Corey Brewer,Jonny Flynn,Ryan Gomes,Ryan Hollins,Al Thornton,Baron Davis,Chris Kaman,Marcus Camby,Rasual Butler,3,8:57,MIN,rebound,,,,,,,,,,Al Jefferson,,,,,,def,,
Al Jefferson,Corey Brewer,Jonny Flynn,Ryan Gomes,Ryan Hollins,Al Thornton,Baron Davis,Chris Kaman,Marcus Camby,Rasual Butler,3,8:48,MIN,shot,,,,,,,,,,Al Jefferson,,,,missed,,jump,32,19
Al Jefferson,Corey Brewer,Jonny Flynn,Ryan Gomes,Ryan Hollins,Al Thornton,Baron Davis,Chris Kaman,Marcus Camby,Rasual Butler,3,8:48,LAC,rebound,,,,,,,,,,Marcus Camby,,,,,,def,,
Al Jefferson,Corey Brewer,Jonny Flynn,Ryan Gomes,Ryan Hollins,Al Thornton,Chris Kaman,Marcus Camby,Rasual Butler,Sebastian Telfair,3,8:40,LAC,sub,,,,Sebastian Telfair,,Baron Davis,,,,,,,,,,,,
Al Jefferson,Corey Brewer,Jonny Flynn,Ryan Gomes,Ryan Hollins,Al Thornton,Chris Kaman,Marcus Camby,Rasual Butler,Sebastian Telfair,3,8:33,LAC,shot,,,,,,,,,,Al Thornton,,,,missed,,jump,8,7
Al Jefferson,Corey Brewer,Jonny Flynn,Ryan Gomes,Ryan Hollins,Al Thornton,Chris Kaman,Marcus Camby,Rasual Butler,Sebastian Telfair,3,8:32,MIN,rebound,,,,,,,,,,Al Jefferson,,,,,,def,,
Al Jefferson,Corey Brewer,Jonny Flynn,Ryan Gomes,Ryan Hollins,Al Thornton,Chris Kaman,Marcus Camby,Rasual Butler,Sebastian Telfair,3,8:17,LAC,foul,,,,,,,,,,Sebastian Telfair,,,,,,defense 3 second,,
Al Jefferson,Corey Brewer,Jonny Flynn,Ryan Gomes,Ryan Hollins,Al Thornton,Chris Kaman,Marcus Camby,Rasual Butler,Sebastian Telfair,3,8:17,MIN,free throw,,,,,,,1,,1,Jonny Flynn,,,technical,made,,,,
Al Jefferson,Corey Brewer,Jonny Flynn,Ryan Gomes,Ryan Hollins,Al Thornton,Chris Kaman,Marcus Camby,Rasual Butler,Sebastian Telfair,3,8:12,MIN,shot,,,,,,,,,,Al Jefferson,2,,,made,,layup,25,6
Al Jefferson,Corey Brewer,Jonny Flynn,Ryan Gomes,Ryan Hollins,Al Thornton,Chris Kaman,Marcus Camby,Rasual Butler,Sebastian Telfair,3,7:52,LAC,shot,Rasual Butler,,,,,,,,,Sebastian Telfair,3,,,made,,3pt,1,9
Al Jefferson,Corey Brewer,Jonny Flynn,Ryan Gomes,Ryan Hollins,Al Thornton,Chris Kaman,Marcus Camby,Rasual Butler,Sebastian Telfair,3,7:37,LAC,foul,,,,,,,,Corey Brewer,,Marcus Camby,,,,,,shooting,,
Al Jefferson,Corey Brewer,Jonny Flynn,Ryan Gomes,Ryan Hollins,Al Thornton,Chris Kaman,Marcus Camby,Rasual Butler,Sebastian Telfair,3,7:37,MIN,free throw,,,,,,,1,,2,Corey Brewer,,,foul,made,,,,
Al Jefferson,Corey Brewer,Jonny Flynn,Ryan Gomes,Ryan Hollins,Al Thornton,Chris Kaman,Marcus Camby,Rasual Butler,Sebastian Telfair,3,7:37,MIN,free throw,,,,,,,2,,2,Corey Brewer,,,foul,made,,,,
Al Jefferson,Corey Brewer,Jonny Flynn,Ryan Gomes,Ryan Hollins,Al Thornton,Chris Kaman,Marcus Camby,Rasual Butler,Sebastian Telfair,3,7:17,LAC,shot,,,,,,,,,,Sebastian Telfair,,,,missed,,3pt,21,32
Al Jefferson,Corey Brewer,Jonny Flynn,Ryan Gomes,Ryan Hollins,Al Thornton,Chris Kaman,Marcus Camby,Rasual Butler,Sebastian Telfair,3,7:16,MIN,rebound,,,,,,,,,,Al Jefferson,,,,,,def,,
Al Jefferson,Corey Brewer,Jonny Flynn,Ryan Gomes,Ryan Hollins,Al Thornton,Chris Kaman,Marcus Camby,Rasual Butler,Sebastian Telfair,3,7:09,MIN,shot,,,,,,,,,,Ryan Gomes,,,,missed,,jump,38,16
Al Jefferson,Corey Brewer,Jonny Flynn,Ryan Gomes,Ryan Hollins,Al Thornton,Chris Kaman,Marcus Camby,Rasual Butler,Sebastian Telfair,3,7:08,LAC,rebound,,,,,,,,,,Marcus Camby,,,,,,def,,
Al Jefferson,Corey Brewer,Jonny Flynn,Ryan Gomes,Ryan Hollins,Al Thornton,Chris Kaman,Marcus Camby,Rasual Butler,Sebastian Telfair,3,7:02,LAC,shot,,,,,,,,,,Rasual Butler,,,,missed,,3pt,46,21
Al Jefferson,Corey Brewer,Jonny Flynn,Ryan Gomes,Ryan Hollins,Al Thornton,Chris Kaman,Marcus Camby,Rasual Butler,Sebastian Telfair,3,7:00,LAC,rebound,,,,,,,,,,Marcus Camby,,,,,,off,,
Al Jefferson,Corey Brewer,Jonny Flynn,Ryan Gomes,Ryan Hollins,Al Thornton,Chris Kaman,Marcus Camby,Rasual Butler,Sebastian Telfair,3,6:59,LAC,shot,,,,,,,,,,Marcus Camby,2,,,made,,jump,14,9
Al Jefferson,Corey Brewer,Jonny Flynn,Ryan Gomes,Ryan Hollins,Al Thornton,Chris Kaman,Marcus Camby,Rasual Butler,Sebastian Telfair,3,6:40,MIN,shot,,,,,,,,,,Jonny Flynn,2,,,made,,jump,10,19
Al Jefferson,Corey Brewer,Jonny Flynn,Ryan Gomes,Ryan Hollins,Al Thornton,Chris Kaman,Marcus Camby,Rasual Butler,Sebastian Telfair,3,6:24,LAC,shot,Rasual Butler,,,,,,,,,Chris Kaman,2,,,made,,hook,23,13
Al Jefferson,Corey Brewer,Jonny Flynn,Ryan Gomes,Ryan Hollins,Al Thornton,Chris Kaman,Marcus Camby,Rasual Butler,Sebastian Telfair,3,6:15,LAC,foul,,,,,,,,Jonny Flynn,,Chris Kaman,,,,,,personal,,
Al Jefferson,Corey Brewer,Jonny Flynn,Ryan Gomes,Ryan Hollins,Al Thornton,Chris Kaman,Marcus Camby,Rasual Butler,Sebastian Telfair,3,6:05,MIN,shot,,,,,,,,,,Al Jefferson,2,,,made,,jump,13,10
Al Jefferson,Corey Brewer,Jonny Flynn,Ryan Gomes,Ryan Hollins,Al Thornton,Chris Kaman,Marcus Camby,Rasual Butler,Sebastian Telfair,3,5:47,LAC,shot,Rasual Butler,,,,,,,,,Marcus Camby,2,,,made,,jump,31,27
Al Jefferson,Corey Brewer,Jonny Flynn,Ryan Gomes,Ryan Hollins,Al Thornton,Chris Kaman,Marcus Camby,Rasual Butler,Sebastian Telfair,3,5:28,MIN,shot,,,,,,,,,,Al Jefferson,,,,missed,,layup,25,6
Al Jefferson,Corey Brewer,Jonny Flynn,Ryan Gomes,Ryan Hollins,Al Thornton,Chris Kaman,Marcus Camby,Rasual Butler,Sebastian Telfair,3,5:27,LAC,rebound,,,,,,,,,,Marcus Camby,,,,,,def,,
Al Jefferson,Corey Brewer,Jonny Flynn,Ryan Gomes,Ryan Hollins,Al Thornton,Chris Kaman,Marcus Camby,Rasual Butler,Sebastian Telfair,3,5:22,LAC,shot,,,,,,,,,,Sebastian Telfair,,,,missed,,layup,25,6
Al Jefferson,Corey Brewer,Jonny Flynn,Ryan Gomes,Ryan Hollins,Al Thornton,Chris Kaman,Marcus Camby,Rasual Butler,Sebastian Telfair,3,5:19,LAC,rebound,,,,,,,,,,Al Thornton,,,,,,off,,
Al Jefferson,Corey Brewer,Jonny Flynn,Ryan Gomes,Ryan Hollins,Al Thornton,Chris Kaman,Marcus Camby,Rasual Butler,Sebastian Telfair,3,5:19,LAC,shot,,,,,,,,,,Al Thornton,2,,,made,,putback dunk,25,6
Al Jefferson,Corey Brewer,Jonny Flynn,Ryan Gomes,Ryan Hollins,Al Thornton,Chris Kaman,Marcus Camby,Rasual Butler,Sebastian Telfair,3,5:01,MIN,shot,,,,,,,,,,Ryan Gomes,,,,missed,,jump,40,10
Al Jefferson,Corey Brewer,Jonny Flynn,Ryan Gomes,Ryan Hollins,Al Thornton,Chris Kaman,Marcus Camby,Rasual Butler,Sebastian Telfair,3,5:00,LAC,rebound,,,,,,,,,,Marcus Camby,,,,,,def,,
Al Jefferson,Corey Brewer,Jonny Flynn,Ryan Gomes,Ryan Hollins,Al Thornton,Chris Kaman,Marcus Camby,Rasual Butler,Sebastian Telfair,3,4:56,MIN,foul,,,,,,,,Al Thornton,,Ryan Gomes,,,,,,personal,,
Al Jefferson,Corey Brewer,Jonny Flynn,Ryan Gomes,Ryan Hollins,Al Thornton,Chris Kaman,Marcus Camby,Rasual Butler,Sebastian Telfair,3,4:56,LAC,timeout,,,,,,,,,,,,,,,,regular,,
Al Jefferson,Corey Brewer,Ramon Sessions,Ryan Gomes,Ryan Hollins,Al Thornton,Chris Kaman,Marcus Camby,Rasual Butler,Sebastian Telfair,3,4:56,MIN,sub,,,,Ramon Sessions,,Jonny Flynn,,,,,,,,,,,,
Al Jefferson,Corey Brewer,Ramon Sessions,Ryan Gomes,Ryan Hollins,Al Thornton,Chris Kaman,Marcus Camby,Rasual Butler,Sebastian Telfair,3,4:45,LAC,shot,,,,,,,,,,Al Thornton,2,,,made,,turnaround jump,35,6
Al Jefferson,Corey Brewer,Ramon Sessions,Ryan Gomes,Ryan Hollins,Al Thornton,Chris Kaman,Marcus Camby,Rasual Butler,Sebastian Telfair,3,4:33,MIN,turnover,,,,,,,,,,Al Jefferson,,,bad pass,,,,,
Al Jefferson,Corey Brewer,Ramon Sessions,Ryan Gomes,Ryan Hollins,Al Thornton,Chris Kaman,Marcus Camby,Rasual Butler,Sebastian Telfair,3,4:23,LAC,shot,,,,,,,,,,Chris Kaman,,,,missed,,jump,20,16
Al Jefferson,Corey Brewer,Ramon Sessions,Ryan Gomes,Ryan Hollins,Al Thornton,Chris Kaman,Marcus Camby,Rasual Butler,Sebastian Telfair,3,4:21,MIN,rebound,,,,,,,,,,Ryan Hollins,,,,,,def,,
Al Jefferson,Corey Brewer,Ramon Sessions,Ryan Gomes,Ryan Hollins,Al Thornton,Chris Kaman,Marcus Camby,Rasual Butler,Sebastian Telfair,3,4:13,MIN,shot,Ryan Hollins,,,,,,,,,Corey Brewer,2,,,made,,layup,25,6
Al Jefferson,Corey Brewer,Ramon Sessions,Ryan Gomes,Ryan Hollins,Al Thornton,Chris Kaman,Marcus Camby,Rasual Butler,Sebastian Telfair,3,4:10,MIN,foul,,,,,,,,Sebastian Telfair,,Ryan Hollins,,,,,,personal,,
Al Jefferson,Corey Brewer,Damien Wilkins,Ramon Sessions,Ryan Hollins,Al Thornton,Chris Kaman,Marcus Camby,Rasual Butler,Sebastian Telfair,3,4:10,MIN,sub,,,,Damien Wilkins,,Ryan Gomes,,,,,,,,,,,,
Al Jefferson,Corey Brewer,Damien Wilkins,Oleksiy Pecherov,Ramon Sessions,Al Thornton,Chris Kaman,Marcus Camby,Rasual Butler,Sebastian Telfair,3,4:10,MIN,sub,,,,Oleksiy Pecherov,,Ryan Hollins,,,,,,,,,,,,
Al Jefferson,Corey Brewer,Damien Wilkins,Oleksiy Pecherov,Ramon Sessions,Al Thornton,Chris Kaman,Marcus Camby,Rasual Butler,Sebastian Telfair,3,4:02,MIN,foul,,,,,,,,Al Thornton,,Damien Wilkins,,,,,,personal,,
Al Jefferson,Corey Brewer,Damien Wilkins,Oleksiy Pecherov,Ramon Sessions,Al Thornton,Chris Kaman,Marcus Camby,Rasual Butler,Sebastian Telfair,3,3:54,LAC,shot,,,,,,,,,,Al Thornton,,,,missed,,dunk,25,6
Al Jefferson,Corey Brewer,Damien Wilkins,Oleksiy Pecherov,Ramon Sessions,Al Thornton,Chris Kaman,Marcus Camby,Rasual Butler,Sebastian Telfair,3,3:54,MIN,rebound,,,,,,,,,,,,,,,,,,
Al Jefferson,Corey Brewer,Damien Wilkins,Oleksiy Pecherov,Ramon Sessions,Al Thornton,Chris Kaman,Marcus Camby,Rasual Butler,Sebastian Telfair,3,3:42,MIN,shot,,,,,,,,,,Corey Brewer,,,,missed,,jump,22,14
Al Jefferson,Corey Brewer,Damien Wilkins,Oleksiy Pecherov,Ramon Sessions,Al Thornton,Chris Kaman,Marcus Camby,Rasual Butler,Sebastian Telfair,3,3:40,LAC,rebound,,,,,,,,,,Marcus Camby,,,,,,def,,
Al Jefferson,Corey Brewer,Damien Wilkins,Oleksiy Pecherov,Ramon Sessions,Al Thornton,Chris Kaman,Marcus Camby,Rasual Butler,Sebastian Telfair,3,3:26,LAC,turnover,,,,,,,,,,Marcus Camby,,,bad pass,,Al Jefferson,,,
Al Jefferson,Corey Brewer,Damien Wilkins,Oleksiy Pecherov,Ramon Sessions,Al Thornton,Chris Kaman,Marcus Camby,Rasual Butler,Sebastian Telfair,3,3:13,MIN,shot,Ramon Sessions,,,,,,,,,Oleksiy Pecherov,3,,,made,,3pt,13,30
Al Jefferson,Corey Brewer,Damien Wilkins,Oleksiy Pecherov,Ramon Sessions,Al Thornton,Chris Kaman,Marcus Camby,Rasual Butler,Sebastian Telfair,3,2:53,LAC,shot,,,,,,,,,,Marcus Camby,,,,missed,,jump,16,20
Al Jefferson,Corey Brewer,Damien Wilkins,Oleksiy Pecherov,Ramon Sessions,Al Thornton,Chris Kaman,Marcus Camby,Rasual Butler,Sebastian Telfair,3,2:52,MIN,rebound,,,,,,,,,,Oleksiy Pecherov,,,,,,def,,
Al Jefferson,Corey Brewer,Damien Wilkins,Oleksiy Pecherov,Ramon Sessions,Al Thornton,Chris Kaman,Marcus Camby,Rasual Butler,Sebastian Telfair,3,2:37,MIN,shot,,,,,,,,,,Al Jefferson,,,,missed,,jump,35,11
Al Jefferson,Corey Brewer,Damien Wilkins,Oleksiy Pecherov,Ramon Sessions,Al Thornton,Chris Kaman,Marcus Camby,Rasual Butler,Sebastian Telfair,3,2:36,LAC,rebound,,,,,,,,,,Al Thornton,,,,,,def,,
Al Jefferson,Corey Brewer,Damien Wilkins,Oleksiy Pecherov,Ramon Sessions,Al Thornton,Chris Kaman,Marcus Camby,Rasual Butler,Sebastian Telfair,3,2:36,MIN,foul,,,,,,,,Al Thornton,,Oleksiy Pecherov,,,,,,loose ball,,
Al Jefferson,Corey Brewer,Damien Wilkins,Oleksiy Pecherov,Ramon Sessions,Al Thornton,Chris Kaman,Marcus Camby,Rasual Butler,Sebastian Telfair,3,2:36,MIN,timeout,,,,,,,,,,,,,,,,regular,,
Al Jefferson,Damien Wilkins,Oleksiy Pecherov,Ramon Sessions,Sasha Pavlovic,Al Thornton,Chris Kaman,Marcus Camby,Rasual Butler,Sebastian Telfair,3,2:36,MIN,sub,,,,Sasha Pavlovic,,Corey Brewer,,,,,,,,,,,,
Damien Wilkins,Nathan Jawai,Oleksiy Pecherov,Ramon Sessions,Sasha Pavlovic,Al Thornton,Chris Kaman,Marcus Camby,Rasual Butler,Sebastian Telfair,3,2:36,MIN,sub,,,,Nathan Jawai,,Al Jefferson,,,,,,,,,,,,
Damien Wilkins,Nathan Jawai,Oleksiy Pecherov,Ramon Sessions,Sasha Pavlovic,Al Thornton,Chris Kaman,Marcus Camby,Rasual Butler,Sebastian Telfair,3,2:36,LAC,free throw,,,,,,,1,,2,Al Thornton,,,foul,made,,,,
Damien Wilkins,Nathan Jawai,Oleksiy Pecherov,Ramon Sessions,Sasha Pavlovic,Al Thornton,Chris Kaman,Marcus Camby,Rasual Butler,Sebastian Telfair,3,2:36,LAC,free throw,,,,,,,2,,2,Al Thornton,,,foul,made,,,,
Damien Wilkins,Nathan Jawai,Oleksiy Pecherov,Ramon Sessions,Sasha Pavlovic,Al Thornton,Chris Kaman,Marcus Camby,Rasual Butler,Sebastian Telfair,3,2:21,MIN,shot,,,,,,,,,,Ramon Sessions,,,,missed,,jump,12,20
Damien Wilkins,Nathan Jawai,Oleksiy Pecherov,Ramon Sessions,Sasha Pavlovic,Al Thornton,Chris Kaman,Marcus Camby,Rasual Butler,Sebastian Telfair,3,2:20,MIN,rebound,,,,,,,,,,Damien Wilkins,,,,,,off,,
Damien Wilkins,Nathan Jawai,Oleksiy Pecherov,Ramon Sessions,Sasha Pavlovic,Al Thornton,Chris Kaman,Marcus Camby,Rasual Butler,Sebastian Telfair,3,2:06,MIN,shot,,,,,,,,,,Oleksiy Pecherov,,,,missed,,3pt,39,30
Damien Wilkins,Nathan Jawai,Oleksiy Pecherov,Ramon Sessions,Sasha Pavlovic,Al Thornton,Chris Kaman,Marcus Camby,Rasual Butler,Sebastian Telfair,3,2:04,MIN,rebound,,,,,,,,,,Nathan Jawai,,,,,,off,,
Damien Wilkins,Nathan Jawai,Oleksiy Pecherov,Ramon Sessions,Sasha Pavlovic,Al Thornton,Chris Kaman,Marcus Camby,Rasual Butler,Sebastian Telfair,3,1:45,MIN,shot,,,,,,,,,,Nathan Jawai,,,,missed,,jump,38,7
Damien Wilkins,Nathan Jawai,Oleksiy Pecherov,Ramon Sessions,Sasha Pavlovic,Al Thornton,Chris Kaman,Marcus Camby,Rasual Butler,Sebastian Telfair,3,1:44,LAC,rebound,,,,,,,,,,Marcus Camby,,,,,,def,,
Damien Wilkins,Nathan Jawai,Oleksiy Pecherov,Ramon Sessions,Sasha Pavlovic,Al Thornton,Chris Kaman,Marcus Camby,Rasual Butler,Sebastian Telfair,3,1:28,MIN,foul,,,,,,,,Rasual Butler,,Sasha Pavlovic,,,,,,shooting,,
Damien Wilkins,Nathan Jawai,Oleksiy Pecherov,Ramon Sessions,Sasha Pavlovic,Al Thornton,Chris Kaman,Marcus Camby,Rasual Butler,Sebastian Telfair,3,1:28,LAC,free throw,,,,,,,1,,2,Rasual Butler,,,foul,made,,,,
Damien Wilkins,Nathan Jawai,Oleksiy Pecherov,Ramon Sessions,Sasha Pavlovic,Al Thornton,Craig Smith,Marcus Camby,Rasual Butler,Sebastian Telfair,3,1:28,LAC,sub,,,,Craig Smith,,Chris Kaman,,,,,,,,,,,,
Damien Wilkins,Nathan Jawai,Oleksiy Pecherov,Ramon Sessions,Sasha Pavlovic,Al Thornton,Craig Smith,Marcus Camby,Rasual Butler,Sebastian Telfair,3,1:28,LAC,free throw,,,,,,,2,,2,Rasual Butler,,,foul,made,,,,
Damien Wilkins,Nathan Jawai,Oleksiy Pecherov,Ramon Sessions,Sasha Pavlovic,Al Thornton,Craig Smith,Marcus Camby,Rasual Butler,Sebastian Telfair,3,1:15,MIN,shot,,,,,,,,,,Sasha Pavlovic,,,,missed,,jump,38,18
Damien Wilkins,Nathan Jawai,Oleksiy Pecherov,Ramon Sessions,Sasha Pavlovic,Al Thornton,Craig Smith,Marcus Camby,Rasual Butler,Sebastian Telfair,3,1:14,LAC,rebound,,,,,,,,,,Marcus Camby,,,,,,def,,
Damien Wilkins,Nathan Jawai,Oleksiy Pecherov,Ramon Sessions,Sasha Pavlovic,Al Thornton,Craig Smith,Marcus Camby,Rasual Butler,Sebastian Telfair,3,1:02,LAC,shot,,,,,,,,,,Sebastian Telfair,,,,missed,,layup,25,6
Damien Wilkins,Nathan Jawai,Oleksiy Pecherov,Ramon Sessions,Sasha Pavlovic,Al Thornton,Craig Smith,Marcus Camby,Rasual Butler,Sebastian Telfair,3,1:00,LAC,rebound,,,,,,,,,,Marcus Camby,,,,,,off,,
Damien Wilkins,Nathan Jawai,Oleksiy Pecherov,Ramon Sessions,Sasha Pavlovic,Al Thornton,Craig Smith,Marcus Camby,Rasual Butler,Sebastian Telfair,3,1:00,LAC,shot,,,,,,,,,,Marcus Camby,2,,,made,,tip,25,6
Damien Wilkins,Nathan Jawai,Oleksiy Pecherov,Ramon Sessions,Sasha Pavlovic,Al Thornton,Craig Smith,Marcus Camby,Rasual Butler,Sebastian Telfair,3,0:44,MIN,shot,Ramon Sessions,,,,,,,,,Nathan Jawai,2,,,made,,layup,25,6
Damien Wilkins,Nathan Jawai,Oleksiy Pecherov,Ramon Sessions,Sasha Pavlovic,Al Thornton,Craig Smith,Marcus Camby,Rasual Butler,Sebastian Telfair,3,0:33,LAC,turnover,,,,,,,,,,Craig Smith,,,3 second violation,,,,,
Damien Wilkins,Nathan Jawai,Oleksiy Pecherov,Ramon Sessions,Sasha Pavlovic,Al Thornton,Craig Smith,Marcus Camby,Sebastian Telfair,Steve Novak,3,0:33,LAC,sub,,,,Steve Novak,,Rasual Butler,,,,,,,,,,,,
Damien Wilkins,Nathan Jawai,Oleksiy Pecherov,Ramon Sessions,Sasha Pavlovic,Al Thornton,Craig Smith,Marcus Camby,Sebastian Telfair,Steve Novak,3,0:22,MIN,shot,,,,,,,,,,Ramon Sessions,2,,,made,,driving layup,25,6
Damien Wilkins,Nathan Jawai,Oleksiy Pecherov,Ramon Sessions,Sasha Pavlovic,Al Thornton,Craig Smith,Marcus Camby,Sebastian Telfair,Steve Novak,3,0:04,LAC,shot,,,,,,,,,,Sebastian Telfair,2,,,made,,driving layup,25,6
Damien Wilkins,Nathan Jawai,Oleksiy Pecherov,Ramon Sessions,Sasha Pavlovic,Al Thornton,Craig Smith,Marcus Camby,Sebastian Telfair,Steve Novak,3,0:04,MIN,foul,,,,,,,,Sebastian Telfair,,Nathan Jawai,,,,,,shooting,,
Damien Wilkins,Nathan Jawai,Oleksiy Pecherov,Ramon Sessions,Sasha Pavlovic,Craig Smith,Marcus Camby,Mardy Collins,Sebastian Telfair,Steve Novak,3,0:04,LAC,sub,,,,Mardy Collins,,Al Thornton,,,,,,,,,,,,
Damien Wilkins,Nathan Jawai,Oleksiy Pecherov,Ramon Sessions,Sasha Pavlovic,Craig Smith,Marcus Camby,Mardy Collins,Sebastian Telfair,Steve Novak,3,0:04,LAC,free throw,,,,,,,1,,1,Sebastian Telfair,,,foul,made,,,,
Damien Wilkins,Nathan Jawai,Oleksiy Pecherov,Ramon Sessions,Sasha Pavlovic,Craig Smith,Marcus Camby,Mardy Collins,Sebastian Telfair,Steve Novak,3,0:00,MIN,turnover,,,,,,,,,,Damien Wilkins,,,discontinue dribble,,,,,
Damien Wilkins,Nathan Jawai,Oleksiy Pecherov,Ramon Sessions,Sasha Pavlovic,Craig Smith,Marcus Camby,Mardy Collins,Sebastian Telfair,Steve Novak,3,0:00,LAC,shot,,,,,,,,,,Steve Novak,,,,missed,,3pt,37,46
Damien Wilkins,Nathan Jawai,Oleksiy Pecherov,Ramon Sessions,Sasha Pavlovic,Craig Smith,Marcus Camby,Mardy Collins,Sebastian Telfair,Steve Novak,3,0:00,LAC,rebound,,,,,,,,,,,,,,,,,,
Al Jefferson,Damien Wilkins,Ramon Sessions,Ryan Gomes,Sasha Pavlovic,Al Thornton,Craig Smith,Mardy Collins,Sebastian Telfair,Steve Novak,4,11:38,LAC,shot,,,,,,,,,,Sebastian Telfair,2,,,made,,jump,17,16
Al Jefferson,Damien Wilkins,Ramon Sessions,Ryan Gomes,Sasha Pavlovic,Al Thornton,Craig Smith,Mardy Collins,Sebastian Telfair,Steve Novak,4,11:21,MIN,shot,,,,,,,,,,Sasha Pavlovic,,,,missed,,jump,17,19
Al Jefferson,Damien Wilkins,Ramon Sessions,Ryan Gomes,Sasha Pavlovic,Al Thornton,Craig Smith,Mardy Collins,Sebastian Telfair,Steve Novak,4,11:21,LAC,rebound,,,,,,,,,,,,,,,,,,
Al Jefferson,Damien Wilkins,Ramon Sessions,Ryan Gomes,Sasha Pavlovic,Al Thornton,Craig Smith,Mardy Collins,Sebastian Telfair,Steve Novak,4,11:21,MIN,foul,,,,,,,,Mardy Collins,,Ryan Gomes,,,,,,loose ball,,
Al Jefferson,Damien Wilkins,Ramon Sessions,Ryan Gomes,Sasha Pavlovic,Al Thornton,Craig Smith,Mardy Collins,Sebastian Telfair,Steve Novak,4,11:02,LAC,shot,,,,,,,,,,Sebastian Telfair,2,,,made,,jump,14,20
Al Jefferson,Damien Wilkins,Ramon Sessions,Ryan Gomes,Sasha Pavlovic,Al Thornton,Craig Smith,Mardy Collins,Sebastian Telfair,Steve Novak,4,10:44,MIN,shot,,,,,,,,,,Ryan Gomes,,,,missed,,layup,25,6
Al Jefferson,Damien Wilkins,Ramon Sessions,Ryan Gomes,Sasha Pavlovic,Al Thornton,Craig Smith,Mardy Collins,Sebastian Telfair,Steve Novak,4,10:43,MIN,rebound,,,,,,,,,,,,,,,,,,
Al Jefferson,Damien Wilkins,Jonny Flynn,Ryan Gomes,Sasha Pavlovic,Al Thornton,Craig Smith,Mardy Collins,Sebastian Telfair,Steve Novak,4,10:43,MIN,sub,,,,Jonny Flynn,,Ramon Sessions,,,,,,,,,,,,
Al Jefferson,Damien Wilkins,Jonny Flynn,Ryan Gomes,Sasha Pavlovic,Al Thornton,Craig Smith,Mardy Collins,Sebastian Telfair,Steve Novak,4,10:26,MIN,shot,Sasha Pavlovic,,,,,,,,,Ryan Gomes,2,,,made,,hook,23,12
Al Jefferson,Damien Wilkins,Jonny Flynn,Ryan Gomes,Sasha Pavlovic,Al Thornton,Craig Smith,Mardy Collins,Sebastian Telfair,Steve Novak,4,10:08,MIN,foul,,,,,,,,Craig Smith,,Al Jefferson,,,,,,shooting,,
Al Jefferson,Damien Wilkins,Jonny Flynn,Ryan Gomes,Sasha Pavlovic,Al Thornton,Craig Smith,Mardy Collins,Sebastian Telfair,Steve Novak,4,10:08,LAC,free throw,,,,,,,1,,2,Craig Smith,,,foul,missed,,,,
Al Jefferson,Damien Wilkins,Jonny Flynn,Ryan Gomes,Sasha Pavlovic,Al Thornton,Craig Smith,Mardy Collins,Sebastian Telfair,Steve Novak,4,10:08,LAC,rebound,,,,,,,,,,,,,,,,,,
Al Jefferson,Damien Wilkins,Jonny Flynn,Ryan Gomes,Sasha Pavlovic,Al Thornton,Craig Smith,Mardy Collins,Sebastian Telfair,Steve Novak,4,10:08,LAC,free throw,,,,,,,2,,2,Craig Smith,,,foul,made,,,,
Al Jefferson,Damien Wilkins,Jonny Flynn,Ryan Gomes,Sasha Pavlovic,Al Thornton,Craig Smith,Mardy Collins,Sebastian Telfair,Steve Novak,4,10:03,MIN,turnover,,,,,,,,,,Ryan Gomes,,,poss lost ball turnover,,,,,
Al Jefferson,Damien Wilkins,Jonny Flynn,Ryan Gomes,Sasha Pavlovic,Al Thornton,Craig Smith,Mardy Collins,Sebastian Telfair,Steve Novak,4,9:50,LAC,foul,,,,,,,,Damien Wilkins,,Al Thornton,,,,,,offensive,,
Al Jefferson,Damien Wilkins,Jonny Flynn,Ryan Gomes,Sasha Pavlovic,Al Thornton,Craig Smith,Mardy Collins,Sebastian Telfair,Steve Novak,4,9:50,LAC,turnover,,,,,,,,,,Al Thornton,,,foul,,,,,
Al Jefferson,Damien Wilkins,Jonny Flynn,Ryan Gomes,Sasha Pavlovic,Al Thornton,Chris Kaman,Craig Smith,Mardy Collins,Sebastian Telfair,4,9:50,LAC,sub,,,,Chris Kaman,,Steve Novak,,,,,,,,,,,,
Al Jefferson,Damien Wilkins,Jonny Flynn,Ryan Gomes,Sasha Pavlovic,Al Thornton,Chris Kaman,Craig Smith,Mardy Collins,Sebastian Telfair,4,9:30,MIN,shot,,,,,,,,,,Ryan Gomes,,,,missed,,jump,28,29
Al Jefferson,Damien Wilkins,Jonny Flynn,Ryan Gomes,Sasha Pavlovic,Al Thornton,Chris Kaman,Craig Smith,Mardy Collins,Sebastian Telfair,4,9:28,LAC,rebound,,,,,,,,,,Chris Kaman,,,,,,def,,
Al Jefferson,Damien Wilkins,Jonny Flynn,Ryan Gomes,Sasha Pavlovic,Al Thornton,Chris Kaman,Craig Smith,Mardy Collins,Sebastian Telfair,4,9:09,LAC,shot,Mardy Collins,,,,,,,,,Al Thornton,2,,,made,,jump,41,21
Al Jefferson,Damien Wilkins,Jonny Flynn,Ryan Gomes,Sasha Pavlovic,Al Thornton,Chris Kaman,Craig Smith,Mardy Collins,Sebastian Telfair,4,9:01,LAC,foul,,,,,,,,Al Jefferson,,Chris Kaman,,,,,,personal,,
Al Jefferson,Corey Brewer,Jonny Flynn,Ryan Gomes,Sasha Pavlovic,Al Thornton,Chris Kaman,Craig Smith,Mardy Collins,Sebastian Telfair,4,9:01,MIN,sub,,,,Corey Brewer,,Damien Wilkins,,,,,,,,,,,,
Al Jefferson,Corey Brewer,Jonny Flynn,Ryan Gomes,Ryan Hollins,Al Thornton,Chris Kaman,Craig Smith,Mardy Collins,Sebastian Telfair,4,9:01,MIN,sub,,,,Ryan Hollins,,Sasha Pavlovic,,,,,,,,,,,,
Al Jefferson,Corey Brewer,Jonny Flynn,Ryan Gomes,Ryan Hollins,Al Thornton,Chris Kaman,Craig Smith,Mardy Collins,Sebastian Telfair,4,8:46,MIN,shot,,,,,,,,,,Jonny Flynn,2,,,made,,driving layup,25,6
Al Jefferson,Corey Brewer,Jonny Flynn,Ryan Gomes,Ryan Hollins,Al Thornton,Chris Kaman,Craig Smith,Mardy Collins,Sebastian Telfair,4,8:28,LAC,turnover,,,,,,,,,,Chris Kaman,,,3 second violation,,,,,
Al Jefferson,Corey Brewer,Jonny Flynn,Ryan Gomes,Ryan Hollins,Al Thornton,Chris Kaman,Craig Smith,Mardy Collins,Sebastian Telfair,4,8:28,MIN,timeout,,,,,,,,,,,,,,,,official,,
Al Jefferson,Corey Brewer,Jonny Flynn,Ryan Gomes,Ryan Hollins,Al Thornton,Chris Kaman,Craig Smith,Mardy Collins,Sebastian Telfair,4,8:15,MIN,turnover,,,,,,,,,,Al Jefferson,,,traveling,,,,,
Al Jefferson,Corey Brewer,Jonny Flynn,Ryan Gomes,Ryan Hollins,Al Thornton,Chris Kaman,Craig Smith,Mardy Collins,Sebastian Telfair,4,8:03,LAC,shot,,,Al Jefferson,,,,,,,Craig Smith,,,,missed,,jump,33,21
Al Jefferson,Corey Brewer,Jonny Flynn,Ryan Gomes,Ryan Hollins,Al Thornton,Chris Kaman,Craig Smith,Mardy Collins,Sebastian Telfair,4,8:02,MIN,rebound,,,,,,,,,,Corey Brewer,,,,,,def,,
Al Jefferson,Corey Brewer,Jonny Flynn,Ryan Gomes,Ryan Hollins,Al Thornton,Chris Kaman,Craig Smith,Mardy Collins,Sebastian Telfair,4,7:48,MIN,turnover,,,,,,,,,,Ryan Hollins,,,traveling,,,,,
Al Jefferson,Corey Brewer,Jonny Flynn,Ryan Gomes,Ryan Hollins,Al Thornton,Chris Kaman,Craig Smith,Mardy Collins,Sebastian Telfair,4,7:37,LAC,shot,Mardy Collins,,,,,,,,,Craig Smith,2,,,made,,slam dunk,25,6
Al Jefferson,Corey Brewer,Jonny Flynn,Ryan Gomes,Ryan Hollins,Al Thornton,Baron Davis,Chris Kaman,Craig Smith,Mardy Collins,4,7:14,LAC,sub,,,,Baron Davis,,Sebastian Telfair,,,,,,,,,,,,
Al Jefferson,Corey Brewer,Jonny Flynn,Ryan Gomes,Ryan Hollins,Al Thornton,Baron Davis,Chris Kaman,Craig Smith,Mardy Collins,4,7:14,MIN,jump ball,,Al Jefferson,,,Mardy Collins,,,,,,,Al Thornton,,,,,,
Al Jefferson,Corey Brewer,Jonny Flynn,Ryan Gomes,Ryan Hollins,Al Thornton,Baron Davis,Chris Kaman,Craig Smith,Mardy Collins,4,7:14,MIN,turnover,,,,,,,,,,Al Jefferson,,,lost ball,,Mardy Collins,,,
Al Jefferson,Corey Brewer,Jonny Flynn,Ryan Gomes,Ryan Hollins,Al Thornton,Baron Davis,Chris Kaman,Craig Smith,Mardy Collins,4,7:10,MIN,foul,,,,,,,,Al Thornton,,Corey Brewer,,,,,,shooting,,
Al Jefferson,Corey Brewer,Jonny Flynn,Ryan Gomes,Ryan Hollins,Al Thornton,Baron Davis,Chris Kaman,Craig Smith,Mardy Collins,4,7:10,LAC,free throw,,,,,,,1,,2,Al Thornton,,,foul,made,,,,
Al Jefferson,Corey Brewer,Jonny Flynn,Ryan Gomes,Ryan Hollins,Al Thornton,Baron Davis,Chris Kaman,Craig Smith,Mardy Collins,4,7:10,LAC,free throw,,,,,,,2,,2,Al Thornton,,,foul,made,,,,
Al Jefferson,Corey Brewer,Jonny Flynn,Ryan Gomes,Ryan Hollins,Al Thornton,Baron Davis,Chris Kaman,Craig Smith,Mardy Collins,4,6:52,MIN,shot,,,,,,,,,,Corey Brewer,,,,missed,,jump,25,24
Al Jefferson,Corey Brewer,Jonny Flynn,Ryan Gomes,Ryan Hollins,Al Thornton,Baron Davis,Chris Kaman,Craig Smith,Mardy Collins,4,6:51,MIN,rebound,,,,,,,,,,Al Jefferson,,,,,,off,,
Al Jefferson,Corey Brewer,Jonny Flynn,Ryan Gomes,Ryan Hollins,Al Thornton,Baron Davis,Chris Kaman,Craig Smith,Mardy Collins,4,6:36,MIN,shot,,,,,,,,,,Ryan Hollins,,,,missed,,jump,43,8
Al Jefferson,Corey Brewer,Jonny Flynn,Ryan Gomes,Ryan Hollins,Al Thornton,Baron Davis,Chris Kaman,Craig Smith,Mardy Collins,4,6:35,MIN,rebound,,,,,,,,,,Al Jefferson,,,,,,off,,
Al Jefferson,Corey Brewer,Jonny Flynn,Ryan Gomes,Ryan Hollins,Al Thornton,Baron Davis,Chris Kaman,Craig Smith,Mardy Collins,4,6:34,LAC,foul,,,,,,,,Al Jefferson,,Al Thornton,,,,,,personal,,
Al Jefferson,Corey Brewer,Jonny Flynn,Ryan Gomes,Ryan Hollins,Al Thornton,Baron Davis,Chris Kaman,Craig Smith,Mardy Collins,4,6:22,MIN,shot,,,,,,,,,,Jonny Flynn,,,,missed,,floating jump,24,14
Al Jefferson,Corey Brewer,Jonny Flynn,Ryan Gomes,Ryan Hollins,Al Thornton,Baron Davis,Chris Kaman,Craig Smith,Mardy Collins,4,6:19,LAC,rebound,,,,,,,,,,Chris Kaman,,,,,,def,,
Al Jefferson,Corey Brewer,Jonny Flynn,Ryan Gomes,Ryan Hollins,Al Thornton,Baron Davis,Chris Kaman,Craig Smith,Mardy Collins,4,6:16,LAC,shot,Baron Davis,,,,,,,,,Al Thornton,2,,,made,,driving dunk,25,6
Al Jefferson,Corey Brewer,Jonny Flynn,Ryan Gomes,Ryan Hollins,Al Thornton,Baron Davis,Chris Kaman,Craig Smith,Mardy Collins,4,6:15,MIN,timeout,,,,,,,,,,,,,,,,regular,,
Al Jefferson,Corey Brewer,Ramon Sessions,Ryan Gomes,Ryan Hollins,Al Thornton,Baron Davis,Chris Kaman,Craig Smith,Mardy Collins,4,6:15,MIN,sub,,,,Ramon Sessions,,Jonny Flynn,,,,,,,,,,,,
Al Jefferson,Corey Brewer,Ramon Sessions,Ryan Gomes,Ryan Hollins,Al Thornton,Baron Davis,Chris Kaman,Craig Smith,Mardy Collins,4,6:04,MIN,shot,,,,,,,,,,Corey Brewer,,,,missed,,jump,35,11
Al Jefferson,Corey Brewer,Ramon Sessions,Ryan Gomes,Ryan Hollins,Al Thornton,Baron Davis,Chris Kaman,Craig Smith,Mardy Collins,4,6:02,LAC,rebound,,,,,,,,,,Al Thornton,,,,,,def,,
Al Jefferson,Corey Brewer,Ramon Sessions,Ryan Gomes,Ryan Hollins,Al Thornton,Baron Davis,Chris Kaman,Craig Smith,Mardy Collins,4,5:46,LAC,shot,,,,,,,,,,Baron Davis,,,,missed,,3pt,21,32
Al Jefferson,Corey Brewer,Ramon Sessions,Ryan Gomes,Ryan Hollins,Al Thornton,Baron Davis,Chris Kaman,Craig Smith,Mardy Collins,4,5:45,LAC,rebound,,,,,,,,,,Al Thornton,,,,,,off,,
Al Jefferson,Corey Brewer,Ramon Sessions,Ryan Gomes,Ryan Hollins,Al Thornton,Baron Davis,Chris Kaman,Craig Smith,Mardy Collins,4,5:23,LAC,shot,,,,,,,,,,Al Thornton,,,,missed,,jump,14,25
Al Jefferson,Corey Brewer,Ramon Sessions,Ryan Gomes,Ryan Hollins,Al Thornton,Baron Davis,Chris Kaman,Craig Smith,Mardy Collins,4,5:22,MIN,rebound,,,,,,,,,,,,,,,,,,
Al Jefferson,Corey Brewer,Ramon Sessions,Ryan Gomes,Ryan Hollins,Al Thornton,Baron Davis,Chris Kaman,Craig Smith,Mardy Collins,4,5:13,LAC,foul,,,,,,,,Ryan Hollins,,Craig Smith,,,,,,personal,,
Al Jefferson,Corey Brewer,Ramon Sessions,Ryan Gomes,Ryan Hollins,Al Thornton,Baron Davis,Chris Kaman,Craig Smith,Mardy Collins,4,5:10,MIN,foul,,,,,,,,Baron Davis,,Ryan Hollins,,,,,,offensive,,
Al Jefferson,Corey Brewer,Ramon Sessions,Ryan Gomes,Ryan Hollins,Al Thornton,Baron Davis,Chris Kaman,Craig Smith,Mardy Collins,4,5:10,MIN,turnover,,,,,,,,,,Ryan Hollins,,,foul,,,,,
Al Jefferson,Corey Brewer,Oleksiy Pecherov,Ramon Sessions,Ryan Gomes,Al Thornton,Baron Davis,Chris Kaman,Craig Smith,Mardy Collins,4,5:10,MIN,sub,,,,Oleksiy Pecherov,,Ryan Hollins,,,,,,,,,,,,
Al Jefferson,Corey Brewer,Oleksiy Pecherov,Ramon Sessions,Ryan Gomes,Al Thornton,Baron Davis,Chris Kaman,Craig Smith,Mardy Collins,4,4:56,MIN,foul,,,,,,,,Baron Davis,,Ramon Sessions,,,,,,personal,,
Al Jefferson,Corey Brewer,Oleksiy Pecherov,Ramon Sessions,Ryan Gomes,Al Thornton,Baron Davis,Chris Kaman,Craig Smith,Mardy Collins,4,4:46,LAC,shot,,,,,,,,,,Chris Kaman,,,,missed,,jump,10,17
Al Jefferson,Corey Brewer,Oleksiy Pecherov,Ramon Sessions,Ryan Gomes,Al Thornton,Baron Davis,Chris Kaman,Craig Smith,Mardy Collins,4,4:44,MIN,rebound,,,,,,,,,,Al Jefferson,,,,,,def,,
Al Jefferson,Corey Brewer,Oleksiy Pecherov,Ramon Sessions,Ryan Gomes,Al Thornton,Baron Davis,Chris Kaman,Craig Smith,Mardy Collins,4,4:30,MIN,shot,,,,,,,,,,Oleksiy Pecherov,,,,missed,,jump,11,10
Al Jefferson,Corey Brewer,Oleksiy Pecherov,Ramon Sessions,Ryan Gomes,Al Thornton,Baron Davis,Chris Kaman,Craig Smith,Mardy Collins,4,4:29,LAC,rebound,,,,,,,,,,Chris Kaman,,,,,,def,,
Al Jefferson,Corey Brewer,Oleksiy Pecherov,Ramon Sessions,Ryan Gomes,Al Thornton,Baron Davis,Chris Kaman,Craig Smith,Mardy Collins,4,4:19,LAC,shot,,,,,,,,,,Baron Davis,,,,missed,,fade away jumper,34,11
Al Jefferson,Corey Brewer,Oleksiy Pecherov,Ramon Sessions,Ryan Gomes,Al Thornton,Baron Davis,Chris Kaman,Craig Smith,Mardy Collins,4,4:18,MIN,rebound,,,,,,,,,,Al Jefferson,,,,,,def,,
Al Jefferson,Corey Brewer,Oleksiy Pecherov,Ramon Sessions,Ryan Gomes,Al Thornton,Baron Davis,Chris Kaman,Craig Smith,Mardy Collins,4,4:18,LAC,foul,,,,,,,,Al Jefferson,,Chris Kaman,,,,,,personal,,
Al Jefferson,Corey Brewer,Oleksiy Pecherov,Ramon Sessions,Ryan Gomes,Al Thornton,Baron Davis,Chris Kaman,Craig Smith,Mardy Collins,4,4:03,MIN,shot,,,,,,,,,,Corey Brewer,,,,missed,,3pt,49,10
Al Jefferson,Corey Brewer,Oleksiy Pecherov,Ramon Sessions,Ryan Gomes,Al Thornton,Baron Davis,Chris Kaman,Craig Smith,Mardy Collins,4,4:02,MIN,rebound,,,,,,,,,,Al Jefferson,,,,,,off,,
Al Jefferson,Corey Brewer,Oleksiy Pecherov,Ramon Sessions,Ryan Gomes,Al Thornton,Baron Davis,Chris Kaman,Craig Smith,Mardy Collins,4,4:00,MIN,shot,,,,,,,,,,Al Jefferson,2,,,made,,hook,26,11
Al Jefferson,Corey Brewer,Oleksiy Pecherov,Ramon Sessions,Ryan Gomes,Al Thornton,Baron Davis,Chris Kaman,Craig Smith,Mardy Collins,4,3:51,LAC,timeout,,,,,,,,,,,,,,,,short,,
Al Jefferson,Corey Brewer,Oleksiy Pecherov,Ramon Sessions,Ryan Gomes,Al Thornton,Chris Kaman,Craig Smith,Mardy Collins,Sebastian Telfair,4,3:51,LAC,sub,,,,Sebastian Telfair,,Baron Davis,,,,,,,,,,,,
Al Jefferson,Corey Brewer,Oleksiy Pecherov,Ramon Sessions,Ryan Gomes,Al Thornton,Chris Kaman,Craig Smith,Mardy Collins,Sebastian Telfair,4,3:36,LAC,shot,,,,,,,,,,Mardy Collins,,,,missed,,3pt,49,11
Al Jefferson,Corey Brewer,Oleksiy Pecherov,Ramon Sessions,Ryan Gomes,Al Thornton,Chris Kaman,Craig Smith,Mardy Collins,Sebastian Telfair,4,3:35,LAC,rebound,,,,,,,,,,Chris Kaman,,,,,,off,,
Al Jefferson,Corey Brewer,Oleksiy Pecherov,Ramon Sessions,Ryan Gomes,Al Thornton,Chris Kaman,Craig Smith,Mardy Collins,Sebastian Telfair,4,3:31,LAC,shot,,,,,,,,,,Chris Kaman,,,,missed,,step back jump,22,16
Al Jefferson,Corey Brewer,Oleksiy Pecherov,Ramon Sessions,Ryan Gomes,Al Thornton,Chris Kaman,Craig Smith,Mardy Collins,Sebastian Telfair,4,3:30,LAC,rebound,,,,,,,,,,Craig Smith,,,,,,off,,
Al Jefferson,Corey Brewer,Oleksiy Pecherov,Ramon Sessions,Ryan Gomes,Al Thornton,Chris Kaman,Craig Smith,Mardy Collins,Sebastian Telfair,4,3:30,LAC,shot,,,,,,,,,,Craig Smith,,,,missed,,layup,25,6
Al Jefferson,Corey Brewer,Oleksiy Pecherov,Ramon Sessions,Ryan Gomes,Al Thornton,Chris Kaman,Craig Smith,Mardy Collins,Sebastian Telfair,4,3:28,MIN,rebound,,,,,,,,,,Ramon Sessions,,,,,,def,,
Al Jefferson,Corey Brewer,Oleksiy Pecherov,Ramon Sessions,Ryan Gomes,Al Thornton,Chris Kaman,Craig Smith,Mardy Collins,Sebastian Telfair,4,3:06,MIN,shot,Ramon Sessions,,,,,,,,,Ryan Gomes,3,,,made,,3pt,40,27
Al Jefferson,Corey Brewer,Oleksiy Pecherov,Ramon Sessions,Ryan Gomes,Al Thornton,Chris Kaman,Craig Smith,Mardy Collins,Sebastian Telfair,4,2:38,LAC,shot,,,,,,,,,,Mardy Collins,,,,missed,,jump,21,25
Al Jefferson,Corey Brewer,Oleksiy Pecherov,Ramon Sessions,Ryan Gomes,Al Thornton,Chris Kaman,Craig Smith,Mardy Collins,Sebastian Telfair,4,2:37,MIN,rebound,,,,,,,,,,Corey Brewer,,,,,,def,,
Al Jefferson,Corey Brewer,Oleksiy Pecherov,Ramon Sessions,Ryan Gomes,Al Thornton,Chris Kaman,Craig Smith,Mardy Collins,Sebastian Telfair,4,2:21,MIN,shot,,,,,,,,,,Corey Brewer,,,,missed,,3pt,48,7
Al Jefferson,Corey Brewer,Oleksiy Pecherov,Ramon Sessions,Ryan Gomes,Al Thornton,Chris Kaman,Craig Smith,Mardy Collins,Sebastian Telfair,4,2:19,LAC,rebound,,,,,,,,,,Craig Smith,,,,,,def,,
Al Jefferson,Corey Brewer,Oleksiy Pecherov,Ramon Sessions,Ryan Gomes,Al Thornton,Chris Kaman,Craig Smith,Mardy Collins,Sebastian Telfair,4,2:05,LAC,turnover,,,,,,,,,,Mardy Collins,,,traveling,,,,,
Al Jefferson,Corey Brewer,Oleksiy Pecherov,Ramon Sessions,Ryan Gomes,Al Thornton,Chris Kaman,Craig Smith,Mardy Collins,Sebastian Telfair,4,2:05,LAC,timeout,,,,,,,,,,,,,,,,regular,,
Al Jefferson,Corey Brewer,Oleksiy Pecherov,Ramon Sessions,Ryan Gomes,Al Thornton,Chris Kaman,Marcus Camby,Mardy Collins,Sebastian Telfair,4,2:05,LAC,sub,,,,Marcus Camby,,Craig Smith,,,,,,,,,,,,
Al Jefferson,Corey Brewer,Oleksiy Pecherov,Ramon Sessions,Ryan Gomes,Al Thornton,Baron Davis,Chris Kaman,Marcus Camby,Sebastian Telfair,4,2:05,LAC,sub,,,,Baron Davis,,Mardy Collins,,,,,,,,,,,,
Al Jefferson,Corey Brewer,Oleksiy Pecherov,Ramon Sessions,Ryan Gomes,Al Thornton,Baron Davis,Chris Kaman,Marcus Camby,Sebastian Telfair,4,1:53,MIN,turnover,,,,,,,,,,Ramon Sessions,,,bad pass,,Marcus Camby,,,
Al Jefferson,Corey Brewer,Oleksiy Pecherov,Ramon Sessions,Ryan Gomes,Al Thornton,Baron Davis,Chris Kaman,Marcus Camby,Sebastian Telfair,4,1:50,MIN,foul,,,,,,,,Al Thornton,,Oleksiy Pecherov,,,,,,shooting,,
Al Jefferson,Corey Brewer,Oleksiy Pecherov,Ramon Sessions,Ryan Gomes,Al Thornton,Baron Davis,Chris Kaman,Marcus Camby,Sebastian Telfair,4,1:50,LAC,free throw,,,,,,,1,,2,Al Thornton,,,foul,made,,,,
Al Jefferson,Corey Brewer,Oleksiy Pecherov,Ramon Sessions,Ryan Gomes,Al Thornton,Baron Davis,Chris Kaman,Marcus Camby,Sebastian Telfair,4,1:50,LAC,free throw,,,,,,,2,,2,Al Thornton,,,foul,made,,,,
Al Jefferson,Corey Brewer,Oleksiy Pecherov,Ramon Sessions,Ryan Gomes,Al Thornton,Baron Davis,Chris Kaman,Marcus Camby,Sebastian Telfair,4,1:50,MIN,timeout,,,,,,,,,,,,,,,,short,,
Al Jefferson,Corey Brewer,Oleksiy Pecherov,Ramon Sessions,Ryan Gomes,Al Thornton,Baron Davis,Chris Kaman,Marcus Camby,Sebastian Telfair,4,1:37,MIN,shot,,,Chris Kaman,,,,,,,Al Jefferson,,,,missed,,jump,22,12
Al Jefferson,Corey Brewer,Oleksiy Pecherov,Ramon Sessions,Ryan Gomes,Al Thornton,Baron Davis,Chris Kaman,Marcus Camby,Sebastian Telfair,4,1:36,MIN,rebound,,,,,,,,,,Ramon Sessions,,,,,,off,,
Al Jefferson,Corey Brewer,Oleksiy Pecherov,Ramon Sessions,Ryan Gomes,Al Thornton,Baron Davis,Chris Kaman,Marcus Camby,Sebastian Telfair,4,1:36,LAC,foul,,,,,,,,Ramon Sessions,,Baron Davis,,,,,,shooting,,
Al Jefferson,Corey Brewer,Oleksiy Pecherov,Ramon Sessions,Ryan Gomes,Al Thornton,Baron Davis,Chris Kaman,Marcus Camby,Sebastian Telfair,4,1:36,MIN,free throw,,,,,,,1,,2,Ramon Sessions,,,foul,made,,,,
Al Jefferson,Corey Brewer,Oleksiy Pecherov,Ramon Sessions,Ryan Gomes,Al Thornton,Baron Davis,Chris Kaman,Marcus Camby,Sebastian Telfair,4,1:36,MIN,free throw,,,,,,,2,,2,Ramon Sessions,,,foul,made,,,,
Al Jefferson,Corey Brewer,Oleksiy Pecherov,Ramon Sessions,Ryan Gomes,Al Thornton,Baron Davis,Chris Kaman,Marcus Camby,Sebastian Telfair,4,1:12,LAC,shot,,,,,,,,,,Chris Kaman,,,,missed,,jump,32,16
Al Jefferson,Corey Brewer,Oleksiy Pecherov,Ramon Sessions,Ryan Gomes,Al Thornton,Baron Davis,Chris Kaman,Marcus Camby,Sebastian Telfair,4,1:12,LAC,rebound,,,,,,,,,,Al Thornton,,,,,,off,,
Al Jefferson,Corey Brewer,Oleksiy Pecherov,Ramon Sessions,Ryan Gomes,Al Thornton,Baron Davis,Chris Kaman,Marcus Camby,Sebastian Telfair,4,1:12,LAC,shot,,,,,,,,,,Al Thornton,2,,,made,,tip,25,6
Al Jefferson,Corey Brewer,Oleksiy Pecherov,Ramon Sessions,Ryan Gomes,Al Thornton,Baron Davis,Chris Kaman,Marcus Camby,Sebastian Telfair,4,1:12,MIN,timeout,,,,,,,,,,,,,,,,short,,
Al Jefferson,Jonny Flynn,Oleksiy Pecherov,Ramon Sessions,Ryan Gomes,Al Thornton,Baron Davis,Chris Kaman,Marcus Camby,Sebastian Telfair,4,1:12,MIN,sub,,,,Jonny Flynn,,Corey Brewer,,,,,,,,,,,,
Al Jefferson,Jonny Flynn,Oleksiy Pecherov,Ramon Sessions,Ryan Gomes,Al Thornton,Baron Davis,Chris Kaman,Marcus Camby,Sebastian Telfair,4,1:05,MIN,shot,Jonny Flynn,,,,,,,,,Ryan Gomes,3,,,made,,3pt,28,33
Al Jefferson,Jonny Flynn,Oleksiy Pecherov,Ramon Sessions,Ryan Gomes,Al Thornton,Baron Davis,Chris Kaman,Marcus Camby,Sebastian Telfair,4,0:41,LAC,shot,,,,,,,,,,Chris Kaman,,,,missed,,jump,42,10
Al Jefferson,Jonny Flynn,Oleksiy Pecherov,Ramon Sessions,Ryan Gomes,Al Thornton,Baron Davis,Chris Kaman,Marcus Camby,Sebastian Telfair,4,0:41,LAC,rebound,,,,,,,,,,Al Thornton,,,,,,off,,
Al Jefferson,Jonny Flynn,Oleksiy Pecherov,Ramon Sessions,Ryan Gomes,Al Thornton,Baron Davis,Chris Kaman,Marcus Camby,Sebastian Telfair,4,0:41,LAC,turnover,,,,,,,,,,,,,shot clock turnover,,,,,
Al Jefferson,Jonny Flynn,Oleksiy Pecherov,Ramon Sessions,Ryan Gomes,Al Thornton,Baron Davis,Chris Kaman,Marcus Camby,Sebastian Telfair,4,0:29,MIN,turnover,,,,,,,,,,Al Jefferson,,,traveling,,,,,
Al Jefferson,Jonny Flynn,Oleksiy Pecherov,Ramon Sessions,Ryan Gomes,Al Thornton,Baron Davis,Chris Kaman,Sebastian Telfair,Steve Novak,4,0:29,LAC,sub,,,,Steve Novak,,Marcus Camby,,,,,,,,,,,,
Al Jefferson,Corey Brewer,Jonny Flynn,Ramon Sessions,Ryan Gomes,Al Thornton,Baron Davis,Chris Kaman,Sebastian Telfair,Steve Novak,4,0:29,MIN,sub,,,,Corey Brewer,,Oleksiy Pecherov,,,,,,,,,,,,
Al Jefferson,Corey Brewer,Jonny Flynn,Ramon Sessions,Ryan Gomes,Al Thornton,Baron Davis,Chris Kaman,Sebastian Telfair,Steve Novak,4,0:08,LAC,shot,,,,,,,,,,Baron Davis,2,,,made,,driving layup,25,6
Al Jefferson,Corey Brewer,Jonny Flynn,Ramon Sessions,Ryan Gomes,Al Thornton,Baron Davis,Chris Kaman,Sebastian Telfair,Steve Novak,4,0:08,MIN,timeout,,,,,,,,,,,,,,,,regular,,
Al Jefferson,Corey Brewer,Jonny Flynn,Ramon Sessions,Ryan Gomes,Al Thornton,Baron Davis,Marcus Camby,Sebastian Telfair,Steve Novak,4,0:08,LAC,sub,,,,Marcus Camby,,Chris Kaman,,,,,,,,,,,,
Al Jefferson,Corey Brewer,Jonny Flynn,Ramon Sessions,Ryan Gomes,Al Thornton,Baron Davis,Marcus Camby,Mardy Collins,Sebastian Telfair,4,0:08,LAC,sub,,,,Mardy Collins,,Steve Novak,,,,,,,,,,,,
Corey Brewer,Jonny Flynn,Oleksiy Pecherov,Ramon Sessions,Ryan Gomes,Al Thornton,Baron Davis,Marcus Camby,Mardy Collins,Sebastian Telfair,4,0:08,MIN,sub,,,,Oleksiy Pecherov,,Al Jefferson,,,,,,,,,,,,
Corey Brewer,Jonny Flynn,Oleksiy Pecherov,Ramon Sessions,Ryan Gomes,Al Thornton,Baron Davis,Marcus Camby,Mardy Collins,Sebastian Telfair,4,0:03,MIN,shot,,,,,,,,,,Corey Brewer,,,,missed,,3pt,8,25
Corey Brewer,Jonny Flynn,Oleksiy Pecherov,Ramon Sessions,Ryan Gomes,Al Thornton,Baron Davis,Marcus Camby,Mardy Collins,Sebastian Telfair,4,0:02,MIN,rebound,,,,,,,,,,,,,,,,,,
Corey Brewer,Jonny Flynn,Oleksiy Pecherov,Ramon Sessions,Ryan Gomes,Al Thornton,Baron Davis,Marcus Camby,Mardy Collins,Sebastian Telfair,4,0:01,MIN,shot,,,,,,,,,,Oleksiy Pecherov,,,,missed,,3pt,37,31
Corey Brewer,Jonny Flynn,Oleksiy Pecherov,Ramon Sessions,Ryan Gomes,Al Thornton,Baron Davis,Marcus Camby,Mardy Collins,Sebastian Telfair,4,0:00,MIN,rebound,,,,,,,,,,,,,,,,,,
