a1,a2,a3,a4,a5,h1,h2,h3,h4,h5,period,time,team,etype,assist,away,block,entered,home,left,num,opponent,outof,player,points,possession,reason,result,steal,type,x,y
Al Thornton,Baron Davis,Chris Kaman,Marcus Camby,Rasual Butler,Marc Gasol,Mike Conley,O.J. Mayo,Rudy Gay,Zach Randolph,1,12:00,OFF,jump ball,,Marcus Camby,,,Marc Gasol,,,,,,,Zach Randolph,,,,,,
Al Thornton,Baron Davis,Chris Kaman,Marcus Camby,Rasual Butler,Marc Gasol,Mike Conley,O.J. Mayo,Rudy Gay,Zach Randolph,1,11:39,MEM,shot,Zach Randolph,,,,,,,,,O.J. Mayo,3,,,made,,3pt,30,30
Al Thornton,Baron Davis,Chris Kaman,Marcus Camby,Rasual Butler,Marc Gasol,Mike Conley,O.J. Mayo,Rudy Gay,Zach Randolph,1,11:18,LAC,shot,,,,,,,,,,Chris Kaman,,,,missed,,jump,14,8
Al Thornton,Baron Davis,Chris Kaman,Marcus Camby,Rasual Butler,Marc Gasol,Mike Conley,O.J. Mayo,Rudy Gay,Zach Randolph,1,11:17,MEM,rebound,,,,,,,,,,Marc Gasol,,,,,,def,,
Al Thornton,Baron Davis,Chris Kaman,Marcus Camby,Rasual Butler,Marc Gasol,Mike Conley,O.J. Mayo,Rudy Gay,Zach Randolph,1,11:13,MEM,shot,Mike Conley,,,,,,,,,O.J. Mayo,2,,,made,,layup,25,6
Al Thornton,Baron Davis,Chris Kaman,Marcus Camby,Rasual Butler,Marc Gasol,Mike Conley,O.J. Mayo,Rudy Gay,Zach Randolph,1,10:56,LAC,shot,Marcus Camby,,,,,,,,,Chris Kaman,2,,,made,,jump,14,18
Al Thornton,Baron Davis,Chris Kaman,Marcus Camby,Rasual Butler,Marc Gasol,Mike Conley,O.J. Mayo,Rudy Gay,Zach Randolph,1,10:36,MEM,shot,O.J. Mayo,,,,,,,,,Marc Gasol,2,,,made,,dunk,25,6
Al Thornton,Baron Davis,Chris Kaman,Marcus Camby,Rasual Butler,Marc Gasol,Mike Conley,O.J. Mayo,Rudy Gay,Zach Randolph,1,10:22,LAC,shot,,,,,,,,,,Baron Davis,2,,,made,,step back jump,27,26
Al Thornton,Baron Davis,Chris Kaman,Marcus Camby,Rasual Butler,Marc Gasol,Mike Conley,O.J. Mayo,Rudy Gay,Zach Randolph,1,10:02,MEM,shot,,,,,,,,,,Marc Gasol,2,,,made,,turnaround jump,30,9
Al Thornton,Baron Davis,Chris Kaman,Marcus Camby,Rasual Butler,Marc Gasol,Mike Conley,O.J. Mayo,Rudy Gay,Zach Randolph,1,9:52,LAC,shot,Baron Davis,,,,,,,,,Chris Kaman,2,,,made,,reverse layup,25,6
Al Thornton,Baron Davis,Chris Kaman,Marcus Camby,Rasual Butler,Marc Gasol,Mike Conley,O.J. Mayo,Rudy Gay,Zach Randolph,1,9:37,MEM,shot,Mike Conley,,,,,,,,,Marc Gasol,2,,,made,,layup,25,6
Al Thornton,Baron Davis,Chris Kaman,Marcus Camby,Rasual Butler,Marc Gasol,Mike Conley,O.J. Mayo,Rudy Gay,Zach Randolph,1,9:21,LAC,shot,,,,,,,,,,Rasual Butler,,,,missed,,jump,14,18
Al Thornton,Baron Davis,Chris Kaman,Marcus Camby,Rasual Butler,Marc Gasol,Mike Conley,O.J. Mayo,Rudy Gay,Zach Randolph,1,9:19,LAC,rebound,,,,,,,,,,Al Thornton,,,,,,off,,
Al Thornton,Baron Davis,Chris Kaman,Marcus Camby,Rasual Butler,Marc Gasol,Mike Conley,O.J. Mayo,Rudy Gay,Zach Randolph,1,9:19,LAC,shot,,,,,,,,,,Al Thornton,,,,missed,,tip,25,6
Al Thornton,Baron Davis,Chris Kaman,Marcus Camby,Rasual Butler,Marc Gasol,Mike Conley,O.J. Mayo,Rudy Gay,Zach Randolph,1,9:17,LAC,rebound,,,,,,,,,,Marcus Camby,,,,,,off,,
Al Thornton,Baron Davis,Chris Kaman,Marcus Camby,Rasual Butler,Marc Gasol,Mike Conley,O.J. Mayo,Rudy Gay,Zach Randolph,1,9:17,LAC,shot,,,,,,,,,,Marcus Camby,,,,missed,,tip,25,6
Al Thornton,Baron Davis,Chris Kaman,Marcus Camby,Rasual Butler,Marc Gasol,Mike Conley,O.J. Mayo,Rudy Gay,Zach Randolph,1,9:15,LAC,rebound,,,,,,,,,,Al Thornton,,,,,,off,,
Al Thornton,Baron Davis,Chris Kaman,Marcus Camby,Rasual Butler,Marc Gasol,Mike Conley,O.J. Mayo,Rudy Gay,Zach Randolph,1,9:08,LAC,shot,Marcus Camby,,,,,,,,,Chris Kaman,2,,,made,,turnaround jump,18,7
Al Thornton,Baron Davis,Chris Kaman,Marcus Camby,Rasual Butler,Marc Gasol,Mike Conley,O.J. Mayo,Rudy Gay,Zach Randolph,1,8:51,MEM,shot,,,,,,,,,,Marc Gasol,2,,,made,,running hook,24,11
Al Thornton,Baron Davis,Chris Kaman,Marcus Camby,Rasual Butler,Marc Gasol,Mike Conley,O.J. Mayo,Rudy Gay,Zach Randolph,1,8:33,MEM,violation,,,,,,,,,,Marc Gasol,,,,,,kicked ball,,
Al Thornton,Baron Davis,Chris Kaman,Marcus Camby,Rasual Butler,Marc Gasol,Mike Conley,O.J. Mayo,Rudy Gay,Zach Randolph,1,8:24,LAC,shot,,,,,,,,,,Baron Davis,2,,,made,,step back jump,7,9
Al Thornton,Baron Davis,Chris Kaman,Marcus Camby,Rasual Butler,Marc Gasol,Mike Conley,O.J. Mayo,Rudy Gay,Zach Randolph,1,8:04,MEM,shot,,,,,,,,,,Zach Randolph,2,,,made,,driving layup,25,6
Al Thornton,Baron Davis,Chris Kaman,Marcus Camby,Rasual Butler,Marc Gasol,Mike Conley,O.J. Mayo,Rudy Gay,Zach Randolph,1,7:41,LAC,shot,,,,,,,,,,Al Thornton,,,,missed,,jump,40,15
Al Thornton,Baron Davis,Chris Kaman,Marcus Camby,Rasual Butler,Marc Gasol,Mike Conley,O.J. Mayo,Rudy Gay,Zach Randolph,1,7:40,MEM,rebound,,,,,,,,,,Marc Gasol,,,,,,def,,
Al Thornton,Baron Davis,Chris Kaman,Marcus Camby,Rasual Butler,Marc Gasol,Mike Conley,O.J. Mayo,Rudy Gay,Zach Randolph,1,7:21,MEM,turnover,,,,,,,,,,Marc Gasol,,,bad pass,,Baron Davis,,,
Al Thornton,Baron Davis,Chris Kaman,Marcus Camby,Rasual Butler,Marc Gasol,Mike Conley,O.J. Mayo,Rudy Gay,Zach Randolph,1,7:08,LAC,shot,,,,,,,,,,Marcus Camby,,,,missed,,jump,26,27
Al Thornton,Baron Davis,Chris Kaman,Marcus Camby,Rasual Butler,Marc Gasol,Mike Conley,O.J. Mayo,Rudy Gay,Zach Randolph,1,7:07,LAC,rebound,,,,,,,,,,Chris Kaman,,,,,,off,,
Al Thornton,Baron Davis,Chris Kaman,Marcus Camby,Rasual Butler,Marc Gasol,Mike Conley,O.J. Mayo,Rudy Gay,Zach Randolph,1,7:04,LAC,shot,,,,,,,,,,Chris Kaman,2,,,made,,jump,27,10
Al Thornton,Baron Davis,Chris Kaman,Marcus Camby,Rasual Butler,Marc Gasol,Mike Conley,O.J. Mayo,Rudy Gay,Zach Randolph,1,6:39,MEM,shot,,,,,,,,,,Mike Conley,,,,missed,,jump,11,22
Al Thornton,Baron Davis,Chris Kaman,Marcus Camby,Rasual Butler,Marc Gasol,Mike Conley,O.J. Mayo,Rudy Gay,Zach Randolph,1,6:38,LAC,rebound,,,,,,,,,,Al Thornton,,,,,,def,,
Al Thornton,Baron Davis,Chris Kaman,Marcus Camby,Rasual Butler,Marc Gasol,Mike Conley,O.J. Mayo,Rudy Gay,Zach Randolph,1,6:25,MEM,foul,,,,,,,,Baron Davis,,Mike Conley,,,,,,personal,,
Al Thornton,Baron Davis,Chris Kaman,Marcus Camby,Rasual Butler,Marc Gasol,Mike Conley,O.J. Mayo,Rudy Gay,Zach Randolph,1,6:13,LAC,shot,,,,,,,,,,Rasual Butler,,,,missed,,3pt,41,25
Al Thornton,Baron Davis,Chris Kaman,Marcus Camby,Rasual Butler,Marc Gasol,Mike Conley,O.J. Mayo,Rudy Gay,Zach Randolph,1,6:12,MEM,rebound,,,,,,,,,,Rudy Gay,,,,,,def,,
Al Thornton,Baron Davis,Chris Kaman,Marcus Camby,Rasual Butler,Marc Gasol,Mike Conley,O.J. Mayo,Rudy Gay,Zach Randolph,1,5:58,LAC,foul,,,,,,,,Marc Gasol,,Chris Kaman,,,,,,shooting,,
Al Thornton,Baron Davis,Chris Kaman,Marcus Camby,Rasual Butler,Marc Gasol,Mike Conley,O.J. Mayo,Rudy Gay,Zach Randolph,1,5:58,MEM,timeout,,,,,,,,,,,,,,,,regular,,
Al Thornton,Baron Davis,Chris Kaman,Marcus Camby,Rasual Butler,Marc Gasol,Mike Conley,O.J. Mayo,Rudy Gay,Zach Randolph,1,5:58,MEM,free throw,,,,,,,1,,2,Marc Gasol,,,foul,made,,,,
Al Thornton,Baron Davis,Chris Kaman,Marcus Camby,Rasual Butler,Marc Gasol,Mike Conley,O.J. Mayo,Rudy Gay,Zach Randolph,1,5:58,MEM,free throw,,,,,,,2,,2,Marc Gasol,,,foul,made,,,,
Al Thornton,Baron Davis,Chris Kaman,Marcus Camby,Rasual Butler,Marc Gasol,Mike Conley,O.J. Mayo,Rudy Gay,Zach Randolph,1,5:40,LAC,shot,,,,,,,,,,Rasual Butler,,,,missed,,3pt,38,28
Al Thornton,Baron Davis,Chris Kaman,Marcus Camby,Rasual Butler,Marc Gasol,Mike Conley,O.J. Mayo,Rudy Gay,Zach Randolph,1,5:38,MEM,rebound,,,,,,,,,,Mike Conley,,,,,,def,,
Al Thornton,Baron Davis,Chris Kaman,Marcus Camby,Rasual Butler,Marc Gasol,Mike Conley,O.J. Mayo,Rudy Gay,Zach Randolph,1,5:16,MEM,shot,,,,,,,,,,Rudy Gay,,,,missed,,step back jump,9,20
Al Thornton,Baron Davis,Chris Kaman,Marcus Camby,Rasual Butler,Marc Gasol,Mike Conley,O.J. Mayo,Rudy Gay,Zach Randolph,1,5:14,LAC,rebound,,,,,,,,,,Rasual Butler,,,,,,def,,
Al Thornton,Baron Davis,Chris Kaman,Marcus Camby,Rasual Butler,Marc Gasol,Mike Conley,O.J. Mayo,Rudy Gay,Zach Randolph,1,5:08,LAC,shot,,,,,,,,,,Baron Davis,2,,,made,,running bank,21,10
Al Thornton,Baron Davis,Chris Kaman,Marcus Camby,Rasual Butler,Marc Gasol,Mike Conley,O.J. Mayo,Rudy Gay,Zach Randolph,1,4:45,MEM,turnover,,,,,,,,,,Mike Conley,,,lost ball,,Baron Davis,,,
Al Thornton,Baron Davis,Chris Kaman,Marcus Camby,Rasual Butler,Marc Gasol,Mike Conley,O.J. Mayo,Rudy Gay,Zach Randolph,1,4:41,LAC,shot,,,,,,,,,,Baron Davis,2,,,made,,layup,25,6
Al Thornton,Baron Davis,Chris Kaman,Marcus Camby,Rasual Butler,Marc Gasol,Mike Conley,O.J. Mayo,Rudy Gay,Zach Randolph,1,4:21,MEM,shot,,,,,,,,,,Mike Conley,,,,missed,,layup,25,6
Al Thornton,Baron Davis,Chris Kaman,Marcus Camby,Rasual Butler,Marc Gasol,Mike Conley,O.J. Mayo,Rudy Gay,Zach Randolph,1,4:19,MEM,rebound,,,,,,,,,,Marc Gasol,,,,,,off,,
Al Thornton,Baron Davis,Chris Kaman,Marcus Camby,Rasual Butler,Marc Gasol,Mike Conley,O.J. Mayo,Rudy Gay,Zach Randolph,1,4:19,MEM,shot,,,,,,,,,,Marc Gasol,2,,,made,,layup,25,6
Al Thornton,Baron Davis,Chris Kaman,Marcus Camby,Rasual Butler,Marc Gasol,Mike Conley,O.J. Mayo,Rudy Gay,Zach Randolph,1,4:09,MEM,foul,,,,,,,,Baron Davis,,Mike Conley,,,,,,personal,,
Al Thornton,Baron Davis,Chris Kaman,Marcus Camby,Rasual Butler,Jamaal Tinsley,Marc Gasol,O.J. Mayo,Rudy Gay,Zach Randolph,1,4:09,MEM,sub,,,,Jamaal Tinsley,,Mike Conley,,,,,,,,,,,,
Al Thornton,Baron Davis,Chris Kaman,Marcus Camby,Rasual Butler,Jamaal Tinsley,Marc Gasol,O.J. Mayo,Rudy Gay,Zach Randolph,1,3:59,LAC,shot,,,,,,,,,,Al Thornton,,,,missed,,layup,25,6
Al Thornton,Baron Davis,Chris Kaman,Marcus Camby,Rasual Butler,Jamaal Tinsley,Marc Gasol,O.J. Mayo,Rudy Gay,Zach Randolph,1,3:57,MEM,rebound,,,,,,,,,,Marc Gasol,,,,,,def,,
Al Thornton,Baron Davis,Chris Kaman,Marcus Camby,Rasual Butler,Jamaal Tinsley,Marc Gasol,O.J. Mayo,Rudy Gay,Zach Randolph,1,3:50,MEM,shot,,,,,,,,,,Rudy Gay,,,,missed,,driving layup,25,6
Al Thornton,Baron Davis,Chris Kaman,Marcus Camby,Rasual Butler,Jamaal Tinsley,Marc Gasol,O.J. Mayo,Rudy Gay,Zach Randolph,1,3:49,MEM,rebound,,,,,,,,,,Zach Randolph,,,,,,off,,
Al Thornton,Baron Davis,Chris Kaman,Marcus Camby,Rasual Butler,Jamaal Tinsley,Marc Gasol,O.J. Mayo,Rudy Gay,Zach Randolph,1,3:49,MEM,shot,,,,,,,,,,Zach Randolph,2,,,made,,tip,25,6
Al Thornton,Baron Davis,Chris Kaman,Marcus Camby,Rasual Butler,Jamaal Tinsley,Marc Gasol,O.J. Mayo,Rudy Gay,Zach Randolph,1,3:23,LAC,shot,,,,,,,,,,Baron Davis,,,,missed,,layup,25,6
Al Thornton,Baron Davis,Chris Kaman,Marcus Camby,Rasual Butler,Jamaal Tinsley,Marc Gasol,O.J. Mayo,Rudy Gay,Zach Randolph,1,3:22,MEM,rebound,,,,,,,,,,Zach Randolph,,,,,,def,,
Al Thornton,Baron Davis,Chris Kaman,Marcus Camby,Rasual Butler,Jamaal Tinsley,Marc Gasol,O.J. Mayo,Rudy Gay,Zach Randolph,1,3:18,MEM,turnover,,,,,,,,,,O.J. Mayo,,,bad pass,,,,,
Al Thornton,Baron Davis,Chris Kaman,Marcus Camby,Rasual Butler,Jamaal Tinsley,Marc Gasol,O.J. Mayo,Rudy Gay,Zach Randolph,1,3:11,MEM,foul,,,,,,,,Baron Davis,,Jamaal Tinsley,,,,,,personal,,
Al Thornton,Baron Davis,Chris Kaman,Marcus Camby,Rasual Butler,Jamaal Tinsley,Marc Gasol,O.J. Mayo,Rudy Gay,Zach Randolph,1,2:59,LAC,turnover,,,,,,,,,,Chris Kaman,,,lost ball,,Jamaal Tinsley,,,
Al Thornton,Baron Davis,Chris Kaman,Marcus Camby,Rasual Butler,Jamaal Tinsley,Marc Gasol,O.J. Mayo,Rudy Gay,Zach Randolph,1,2:58,MEM,turnover,,,,,,,,,,Jamaal Tinsley,,,traveling,,,,,
Al Thornton,Baron Davis,Chris Kaman,Marcus Camby,Rasual Butler,Jamaal Tinsley,Marc Gasol,O.J. Mayo,Rudy Gay,Zach Randolph,1,2:58,LAC,timeout,,,,,,,,,,,,,,,,regular,,
Baron Davis,Chris Kaman,Marcus Camby,Rasual Butler,Ricky Davis,Jamaal Tinsley,Marc Gasol,O.J. Mayo,Rudy Gay,Zach Randolph,1,2:58,LAC,sub,,,,Ricky Davis,,Al Thornton,,,,,,,,,,,,
Chris Kaman,Marcus Camby,Rasual Butler,Ricky Davis,Sebastian Telfair,Jamaal Tinsley,Marc Gasol,O.J. Mayo,Rudy Gay,Zach Randolph,1,2:58,LAC,sub,,,,Sebastian Telfair,,Baron Davis,,,,,,,,,,,,
Chris Kaman,Marcus Camby,Rasual Butler,Ricky Davis,Sebastian Telfair,Jamaal Tinsley,Marc Gasol,O.J. Mayo,Rudy Gay,Zach Randolph,1,2:44,LAC,shot,,,,,,,,,,Chris Kaman,,,,missed,,turnaround jump,21,10
Chris Kaman,Marcus Camby,Rasual Butler,Ricky Davis,Sebastian Telfair,Jamaal Tinsley,Marc Gasol,O.J. Mayo,Rudy Gay,Zach Randolph,1,2:42,LAC,rebound,,,,,,,,,,Chris Kaman,,,,,,off,,
Chris Kaman,Marcus Camby,Rasual Butler,Ricky Davis,Sebastian Telfair,Jamaal Tinsley,Marc Gasol,O.J. Mayo,Rudy Gay,Zach Randolph,1,2:41,LAC,shot,,,Marc Gasol,,,,,,,Chris Kaman,,,,missed,,layup,25,6
Chris Kaman,Marcus Camby,Rasual Butler,Ricky Davis,Sebastian Telfair,Jamaal Tinsley,Marc Gasol,O.J. Mayo,Rudy Gay,Zach Randolph,1,2:39,MEM,rebound,,,,,,,,,,Rudy Gay,,,,,,def,,
Chris Kaman,Marcus Camby,Rasual Butler,Ricky Davis,Sebastian Telfair,Jamaal Tinsley,Marc Gasol,O.J. Mayo,Rudy Gay,Zach Randolph,1,2:39,LAC,foul,,,,,,,,,,Chris Kaman,,,,,,technical,,
Chris Kaman,Marcus Camby,Rasual Butler,Ricky Davis,Sebastian Telfair,Jamaal Tinsley,Marc Gasol,O.J. Mayo,Rudy Gay,Zach Randolph,1,2:39,MEM,free throw,,,,,,,1,,1,O.J. Mayo,,,technical,made,,,,
Baron Davis,Chris Kaman,Marcus Camby,Rasual Butler,Ricky Davis,Jamaal Tinsley,Marc Gasol,O.J. Mayo,Rudy Gay,Zach Randolph,1,2:39,LAC,sub,,,,Baron Davis,,Sebastian Telfair,,,,,,,,,,,,
Baron Davis,Chris Kaman,Marcus Camby,Rasual Butler,Ricky Davis,Jamaal Tinsley,Marc Gasol,O.J. Mayo,Rudy Gay,Zach Randolph,1,2:25,MEM,shot,Marc Gasol,,,,,,,,,O.J. Mayo,2,,,made,,finger roll layup,25,6
Baron Davis,Chris Kaman,Marcus Camby,Rasual Butler,Ricky Davis,Jamaal Tinsley,Marc Gasol,O.J. Mayo,Rudy Gay,Zach Randolph,1,2:10,LAC,shot,,,,,,,,,,Baron Davis,2,,,made,,driving layup,25,6
Baron Davis,Chris Kaman,Marcus Camby,Rasual Butler,Ricky Davis,Jamaal Tinsley,Marc Gasol,O.J. Mayo,Rudy Gay,Zach Randolph,1,1:51,MEM,shot,,,,,,,,,,Jamaal Tinsley,,,,missed,,3pt,29,31
Baron Davis,Chris Kaman,Marcus Camby,Rasual Butler,Ricky Davis,Jamaal Tinsley,Marc Gasol,O.J. Mayo,Rudy Gay,Zach Randolph,1,1:50,LAC,rebound,,,,,,,,,,Marcus Camby,,,,,,def,,
Baron Davis,Chris Kaman,Marcus Camby,Rasual Butler,Ricky Davis,Jamaal Tinsley,Marc Gasol,O.J. Mayo,Rudy Gay,Zach Randolph,1,1:42,LAC,shot,,,,,,,,,,Baron Davis,2,,,made,,layup,25,6
Baron Davis,Chris Kaman,Marcus Camby,Rasual Butler,Ricky Davis,Jamaal Tinsley,Marc Gasol,O.J. Mayo,Rudy Gay,Zach Randolph,1,1:42,MEM,foul,,,,,,,,Baron Davis,,Jamaal Tinsley,,,,,,shooting,,
Baron Davis,Chris Kaman,Marcus Camby,Rasual Butler,Ricky Davis,Jamaal Tinsley,Marc Gasol,O.J. Mayo,Rudy Gay,Steven Hunter,1,1:42,MEM,sub,,,,Steven Hunter,,Zach Randolph,,,,,,,,,,,,
Baron Davis,Chris Kaman,Marcus Camby,Rasual Butler,Ricky Davis,Marc Gasol,Marcus Williams,O.J. Mayo,Rudy Gay,Steven Hunter,1,1:42,MEM,sub,,,,Marcus Williams,,Jamaal Tinsley,,,,,,,,,,,,
Baron Davis,Chris Kaman,Marcus Camby,Rasual Butler,Ricky Davis,Marc Gasol,Marcus Williams,O.J. Mayo,Rudy Gay,Steven Hunter,1,1:42,LAC,free throw,,,,,,,1,,1,Baron Davis,,,foul,made,,,,
Baron Davis,Chris Kaman,Marcus Camby,Rasual Butler,Ricky Davis,Marc Gasol,Marcus Williams,O.J. Mayo,Rudy Gay,Steven Hunter,1,1:18,MEM,shot,Rudy Gay,,,,,,,,,Marcus Williams,3,,,made,,3pt,1,7
Baron Davis,Chris Kaman,Marcus Camby,Rasual Butler,Ricky Davis,Marc Gasol,Marcus Williams,O.J. Mayo,Rudy Gay,Steven Hunter,1,1:17,MEM,violation,,,,,,,,,,,,,,,,delay of game,,
Baron Davis,Chris Kaman,Marcus Camby,Rasual Butler,Ricky Davis,Marc Gasol,Marcus Williams,O.J. Mayo,Rudy Gay,Steven Hunter,1,1:05,MEM,foul,,,,,,,,Baron Davis,,Marc Gasol,,,,,,personal,,
Baron Davis,Chris Kaman,Marcus Camby,Rasual Butler,Ricky Davis,Marc Gasol,Marcus Williams,O.J. Mayo,Rudy Gay,Steven Hunter,1,1:05,LAC,free throw,,,,,,,1,,2,Baron Davis,,,foul,made,,,,
Baron Davis,Chris Kaman,DeAndre Jordan,Rasual Butler,Ricky Davis,Marc Gasol,Marcus Williams,O.J. Mayo,Rudy Gay,Steven Hunter,1,1:05,LAC,sub,,,,DeAndre Jordan,,Marcus Camby,,,,,,,,,,,,
Baron Davis,Chris Kaman,DeAndre Jordan,Rasual Butler,Ricky Davis,Marc Gasol,Marcus Williams,Rudy Gay,Sam Young,Steven Hunter,1,1:05,MEM,sub,,,,Sam Young,,O.J. Mayo,,,,,,,,,,,,
Baron Davis,Chris Kaman,DeAndre Jordan,Rasual Butler,Ricky Davis,Marc Gasol,Marcus Williams,Rudy Gay,Sam Young,Steven Hunter,1,1:05,LAC,free throw,,,,,,,2,,2,Baron Davis,,,foul,missed,,,,
Baron Davis,Chris Kaman,DeAndre Jordan,Rasual Butler,Ricky Davis,Marc Gasol,Marcus Williams,Rudy Gay,Sam Young,Steven Hunter,1,1:05,MEM,rebound,,,,,,,,,,Marc Gasol,,,,,,def,,
Baron Davis,Chris Kaman,DeAndre Jordan,Rasual Butler,Ricky Davis,Marc Gasol,Marcus Williams,Rudy Gay,Sam Young,Steven Hunter,1,1:05,LAC,foul,,,,,,,,Steven Hunter,,DeAndre Jordan,,,,,,loose ball,,
Baron Davis,Chris Kaman,DeAndre Jordan,Rasual Butler,Ricky Davis,Marc Gasol,Marcus Williams,Rudy Gay,Sam Young,Steven Hunter,1,0:54,LAC,foul,,,,,,,,Marc Gasol,,Chris Kaman,,,,,,shooting,,
Baron Davis,Craig Smith,DeAndre Jordan,Rasual Butler,Ricky Davis,Marc Gasol,Marcus Williams,Rudy Gay,Sam Young,Steven Hunter,1,0:54,LAC,sub,,,,Craig Smith,,Chris Kaman,,,,,,,,,,,,
Baron Davis,Craig Smith,DeAndre Jordan,Rasual Butler,Ricky Davis,Marc Gasol,Marcus Williams,Rudy Gay,Sam Young,Steven Hunter,1,0:54,MEM,free throw,,,,,,,1,,2,Marc Gasol,,,foul,missed,,,,
Baron Davis,Craig Smith,DeAndre Jordan,Rasual Butler,Ricky Davis,Marc Gasol,Marcus Williams,Rudy Gay,Sam Young,Steven Hunter,1,0:54,MEM,rebound,,,,,,,,,,,,,,,,,,
Baron Davis,Craig Smith,DeAndre Jordan,Rasual Butler,Ricky Davis,Marc Gasol,Marcus Williams,Rudy Gay,Sam Young,Steven Hunter,1,0:54,MEM,free throw,,,,,,,2,,2,Marc Gasol,,,foul,missed,,,,
Baron Davis,Craig Smith,DeAndre Jordan,Rasual Butler,Ricky Davis,Marc Gasol,Marcus Williams,Rudy Gay,Sam Young,Steven Hunter,1,0:52,LAC,rebound,,,,,,,,,,DeAndre Jordan,,,,,,def,,
Baron Davis,Craig Smith,DeAndre Jordan,Rasual Butler,Ricky Davis,Marc Gasol,Marcus Williams,Rudy Gay,Sam Young,Steven Hunter,1,0:31,LAC,shot,,,,,,,,,,Baron Davis,,,,missed,,jump,13,19
Baron Davis,Craig Smith,DeAndre Jordan,Rasual Butler,Ricky Davis,Marc Gasol,Marcus Williams,Rudy Gay,Sam Young,Steven Hunter,1,0:29,LAC,rebound,,,,,,,,,,Baron Davis,,,,,,off,,
Baron Davis,Craig Smith,DeAndre Jordan,Rasual Butler,Ricky Davis,Marc Gasol,Marcus Williams,Rudy Gay,Sam Young,Steven Hunter,1,0:23,MEM,foul,,,,,,,,Baron Davis,,Marcus Williams,,,,,,personal,,
Baron Davis,Craig Smith,DeAndre Jordan,Rasual Butler,Ricky Davis,Marc Gasol,Marcus Williams,Rudy Gay,Sam Young,Steven Hunter,1,0:23,LAC,free throw,,,,,,,1,,2,Baron Davis,,,foul,missed,,,,
Baron Davis,Craig Smith,DeAndre Jordan,Rasual Butler,Ricky Davis,Marc Gasol,Marcus Williams,Rudy Gay,Sam Young,Steven Hunter,1,0:23,LAC,rebound,,,,,,,,,,,,,,,,,,
Baron Davis,Craig Smith,DeAndre Jordan,Rasual Butler,Ricky Davis,Marc Gasol,Marcus Williams,O.J. Mayo,Rudy Gay,Sam Young,1,0:23,MEM,sub,,,,O.J. Mayo,,Steven Hunter,,,,,,,,,,,,
Baron Davis,DeAndre Jordan,Mardy Collins,Rasual Butler,Ricky Davis,Marc Gasol,Marcus Williams,O.J. Mayo,Rudy Gay,Sam Young,1,0:23,LAC,sub,,,,Mardy Collins,,Craig Smith,,,,,,,,,,,,
Baron Davis,DeAndre Jordan,Mardy Collins,Rasual Butler,Ricky Davis,Marc Gasol,Marcus Williams,O.J. Mayo,Rudy Gay,Sam Young,1,0:23,LAC,free throw,,,,,,,2,,2,Baron Davis,,,foul,made,,,,
Baron Davis,DeAndre Jordan,Mardy Collins,Rasual Butler,Ricky Davis,Marc Gasol,Marcus Williams,O.J. Mayo,Rudy Gay,Sam Young,1,0:02,MEM,turnover,,,,,,,,,,Marcus Williams,,,lost ball,,DeAndre Jordan,,,
Baron Davis,DeAndre Jordan,Mardy Collins,Rasual Butler,Ricky Davis,Marc Gasol,Marcus Williams,O.J. Mayo,Rudy Gay,Sam Young,1,0:01,LAC,turnover,,,,,,,,,,Baron Davis,,,lost ball,,Rudy Gay,,,
Baron Davis,DeAndre Jordan,Mardy Collins,Rasual Butler,Ricky Davis,Marc Gasol,Marcus Williams,O.J. Mayo,Rudy Gay,Sam Young,1,0:00,MEM,shot,,,,,,,,,,Marcus Williams,,,,missed,,3pt,10,55
Baron Davis,DeAndre Jordan,Mardy Collins,Rasual Butler,Ricky Davis,Marc Gasol,Marcus Williams,O.J. Mayo,Rudy Gay,Sam Young,1,0:00,MEM,rebound,,,,,,,,,,,,,,,,,,
Al Thornton,Craig Smith,DeAndre Jordan,Ricky Davis,Sebastian Telfair,Marc Gasol,Marcus Williams,Rudy Gay,Sam Young,Steven Hunter,2,11:36,LAC,shot,,,,,,,,,,DeAndre Jordan,,,,missed,,fade away jumper,11,9
Al Thornton,Craig Smith,DeAndre Jordan,Ricky Davis,Sebastian Telfair,Marc Gasol,Marcus Williams,Rudy Gay,Sam Young,Steven Hunter,2,11:36,LAC,rebound,,,,,,,,,,,,,,,,,,
Al Thornton,Craig Smith,DeAndre Jordan,Ricky Davis,Sebastian Telfair,Marc Gasol,Marcus Williams,Rudy Gay,Sam Young,Steven Hunter,2,11:36,LAC,turnover,,,,,,,,,,,,,shot clock turnover,,,,,
Al Thornton,Craig Smith,DeAndre Jordan,Ricky Davis,Sebastian Telfair,Marc Gasol,Marcus Williams,Rudy Gay,Sam Young,Steven Hunter,2,11:19,MEM,shot,,,,,,,,,,Sam Young,2,,,made,,layup,25,6
Al Thornton,Craig Smith,DeAndre Jordan,Ricky Davis,Sebastian Telfair,Marc Gasol,Marcus Williams,Rudy Gay,Sam Young,Steven Hunter,2,11:06,MEM,foul,,,,,,,,Ricky Davis,,Rudy Gay,,,,,,personal,,
Al Thornton,Craig Smith,DeAndre Jordan,Ricky Davis,Sebastian Telfair,DeMarre Carroll,Marc Gasol,Marcus Williams,Sam Young,Steven Hunter,2,11:06,MEM,sub,,,,DeMarre Carroll,,Rudy Gay,,,,,,,,,,,,
Al Thornton,Craig Smith,DeAndre Jordan,Ricky Davis,Sebastian Telfair,DeMarre Carroll,Marc Gasol,Marcus Williams,Sam Young,Steven Hunter,2,10:54,LAC,shot,,,,,,,,,,Al Thornton,2,,,made,,turnaround fade away,14,13
Al Thornton,Craig Smith,DeAndre Jordan,Ricky Davis,Sebastian Telfair,DeMarre Carroll,Marc Gasol,Marcus Williams,Sam Young,Steven Hunter,2,10:32,MEM,shot,,,,,,,,,,Steven Hunter,2,,,made,,reverse layup,25,6
Al Thornton,Craig Smith,DeAndre Jordan,Ricky Davis,Sebastian Telfair,DeMarre Carroll,Marc Gasol,Marcus Williams,Sam Young,Steven Hunter,2,10:20,LAC,shot,,,,,,,,,,Sebastian Telfair,,,,missed,,pullup jump,37,15
Al Thornton,Craig Smith,DeAndre Jordan,Ricky Davis,Sebastian Telfair,DeMarre Carroll,Marc Gasol,Marcus Williams,Sam Young,Steven Hunter,2,10:20,MEM,rebound,,,,,,,,,,Sam Young,,,,,,def,,
Al Thornton,Craig Smith,DeAndre Jordan,Ricky Davis,Sebastian Telfair,DeMarre Carroll,Marc Gasol,Marcus Williams,Sam Young,Steven Hunter,2,10:20,LAC,foul,,,,,,,,Sam Young,,DeAndre Jordan,,,,,,loose ball,,
Al Thornton,Craig Smith,DeAndre Jordan,Ricky Davis,Sebastian Telfair,DeMarre Carroll,Marc Gasol,Marcus Williams,Sam Young,Steven Hunter,2,10:06,MEM,shot,,,,,,,,,,Sam Young,,,,missed,,jump,45,7
Al Thornton,Craig Smith,DeAndre Jordan,Ricky Davis,Sebastian Telfair,DeMarre Carroll,Marc Gasol,Marcus Williams,Sam Young,Steven Hunter,2,10:05,LAC,rebound,,,,,,,,,,Craig Smith,,,,,,def,,
Al Thornton,Craig Smith,DeAndre Jordan,Ricky Davis,Sebastian Telfair,DeMarre Carroll,Marc Gasol,Marcus Williams,Sam Young,Steven Hunter,2,9:54,LAC,shot,,,,,,,,,,Craig Smith,2,,,made,,running jump,14,12
Al Thornton,Craig Smith,DeAndre Jordan,Ricky Davis,Sebastian Telfair,DeMarre Carroll,Marc Gasol,Marcus Williams,Sam Young,Steven Hunter,2,9:42,MEM,shot,,,,,,,,,,Marcus Williams,,,,missed,,finger roll layup,25,6
Al Thornton,Craig Smith,DeAndre Jordan,Ricky Davis,Sebastian Telfair,DeMarre Carroll,Marc Gasol,Marcus Williams,Sam Young,Steven Hunter,2,9:39,LAC,rebound,,,,,,,,,,Craig Smith,,,,,,def,,
Al Thornton,Craig Smith,DeAndre Jordan,Ricky Davis,Sebastian Telfair,DeMarre Carroll,Marc Gasol,Marcus Williams,Sam Young,Steven Hunter,2,9:35,LAC,shot,,,,,,,,,,Craig Smith,2,,,made,,layup,25,6
Al Thornton,Craig Smith,DeAndre Jordan,Ricky Davis,Sebastian Telfair,DeMarre Carroll,Marc Gasol,Marcus Williams,Sam Young,Steven Hunter,2,9:26,MEM,timeout,,,,,,,,,,,,,,,,regular,,
Al Thornton,Craig Smith,DeAndre Jordan,Ricky Davis,Sebastian Telfair,DeMarre Carroll,Marcus Williams,Sam Young,Steven Hunter,Zach Randolph,2,9:26,MEM,sub,,,,Zach Randolph,,Marc Gasol,,,,,,,,,,,,
Al Thornton,Craig Smith,DeAndre Jordan,Ricky Davis,Sebastian Telfair,DeMarre Carroll,Hasheem Thabeet,Marcus Williams,Sam Young,Zach Randolph,2,9:26,MEM,sub,,,,Hasheem Thabeet,,Steven Hunter,,,,,,,,,,,,
Al Thornton,Craig Smith,DeAndre Jordan,Ricky Davis,Sebastian Telfair,DeMarre Carroll,Hasheem Thabeet,Marcus Williams,O.J. Mayo,Zach Randolph,2,9:26,MEM,sub,,,,O.J. Mayo,,Sam Young,,,,,,,,,,,,
Al Thornton,Craig Smith,DeAndre Jordan,Ricky Davis,Sebastian Telfair,DeMarre Carroll,Hasheem Thabeet,Marcus Williams,O.J. Mayo,Zach Randolph,2,9:16,MEM,shot,,,,,,,,,,Zach Randolph,,,,missed,,jump,11,19
Al Thornton,Craig Smith,DeAndre Jordan,Ricky Davis,Sebastian Telfair,DeMarre Carroll,Hasheem Thabeet,Marcus Williams,O.J. Mayo,Zach Randolph,2,9:15,MEM,rebound,,,,,,,,,,,,,,,,,,
Al Thornton,Craig Smith,DeAndre Jordan,Ricky Davis,Sebastian Telfair,DeMarre Carroll,Hasheem Thabeet,Marcus Williams,O.J. Mayo,Zach Randolph,2,9:15,LAC,foul,,,,,,,,Hasheem Thabeet,,DeAndre Jordan,,,,,,loose ball,,
Al Thornton,Brian Skinner,Craig Smith,Ricky Davis,Sebastian Telfair,DeMarre Carroll,Hasheem Thabeet,Marcus Williams,O.J. Mayo,Zach Randolph,2,9:15,LAC,sub,,,,Brian Skinner,,DeAndre Jordan,,,,,,,,,,,,
Al Thornton,Brian Skinner,Craig Smith,Ricky Davis,Sebastian Telfair,DeMarre Carroll,Hasheem Thabeet,Marcus Williams,O.J. Mayo,Zach Randolph,2,9:13,MEM,shot,DeMarre Carroll,,,,,,,,,Marcus Williams,2,,,made,,jump,44,9
Al Thornton,Brian Skinner,Craig Smith,Ricky Davis,Sebastian Telfair,DeMarre Carroll,Hasheem Thabeet,Marcus Williams,O.J. Mayo,Zach Randolph,2,8:58,LAC,shot,,,,,,,,,,Craig Smith,2,,,made,,layup,25,6
Al Thornton,Brian Skinner,Craig Smith,Ricky Davis,Sebastian Telfair,DeMarre Carroll,Hasheem Thabeet,Marcus Williams,O.J. Mayo,Zach Randolph,2,8:48,MEM,shot,,,,,,,,,,O.J. Mayo,,,,missed,,fade away jumper,6,11
Al Thornton,Brian Skinner,Craig Smith,Ricky Davis,Sebastian Telfair,DeMarre Carroll,Hasheem Thabeet,Marcus Williams,O.J. Mayo,Zach Randolph,2,8:45,LAC,rebound,,,,,,,,,,Craig Smith,,,,,,def,,
Al Thornton,Brian Skinner,Craig Smith,Ricky Davis,Sebastian Telfair,DeMarre Carroll,Hasheem Thabeet,Marcus Williams,O.J. Mayo,Zach Randolph,2,8:37,LAC,shot,,,,,,,,,,Sebastian Telfair,,,,missed,,pullup jump,29,25
Al Thornton,Brian Skinner,Craig Smith,Ricky Davis,Sebastian Telfair,DeMarre Carroll,Hasheem Thabeet,Marcus Williams,O.J. Mayo,Zach Randolph,2,8:36,MEM,rebound,,,,,,,,,,,,,,,,,,
Al Thornton,Brian Skinner,Craig Smith,Ricky Davis,Sebastian Telfair,DeMarre Carroll,Hasheem Thabeet,Marcus Williams,O.J. Mayo,Zach Randolph,2,8:28,LAC,foul,,,,,,,,Zach Randolph,,Brian Skinner,,,,,,personal,,
Al Thornton,Brian Skinner,Craig Smith,Ricky Davis,Sebastian Telfair,DeMarre Carroll,Hasheem Thabeet,Marcus Williams,O.J. Mayo,Zach Randolph,2,8:22,MEM,shot,Marcus Williams,,,,,,,,,Zach Randolph,2,,,made,,jump,12,21
Al Thornton,Brian Skinner,Craig Smith,Ricky Davis,Sebastian Telfair,DeMarre Carroll,Hasheem Thabeet,Marcus Williams,O.J. Mayo,Zach Randolph,2,8:07,LAC,shot,,,,,,,,,,Sebastian Telfair,,,,missed,,layup,25,6
Al Thornton,Brian Skinner,Craig Smith,Ricky Davis,Sebastian Telfair,DeMarre Carroll,Hasheem Thabeet,Marcus Williams,O.J. Mayo,Zach Randolph,2,8:05,MEM,rebound,,,,,,,,,,Zach Randolph,,,,,,def,,
Al Thornton,Brian Skinner,Craig Smith,Ricky Davis,Sebastian Telfair,DeMarre Carroll,Hasheem Thabeet,Marcus Williams,O.J. Mayo,Zach Randolph,2,7:49,MEM,shot,,,,,,,,,,Hasheem Thabeet,2,,,made,,turnaround jump,14,11
Al Thornton,Brian Skinner,Craig Smith,Ricky Davis,Sebastian Telfair,DeMarre Carroll,Hasheem Thabeet,Marcus Williams,O.J. Mayo,Zach Randolph,2,7:34,LAC,shot,,,,,,,,,,Al Thornton,2,,,made,,pullup jump,36,14
Al Thornton,Brian Skinner,Craig Smith,Ricky Davis,Sebastian Telfair,DeMarre Carroll,Hasheem Thabeet,Marcus Williams,O.J. Mayo,Zach Randolph,2,7:23,MEM,shot,,,,,,,,,,Zach Randolph,,,,missed,,jump,19,11
Al Thornton,Brian Skinner,Craig Smith,Ricky Davis,Sebastian Telfair,DeMarre Carroll,Hasheem Thabeet,Marcus Williams,O.J. Mayo,Zach Randolph,2,7:22,MEM,rebound,,,,,,,,,,DeMarre Carroll,,,,,,off,,
Al Thornton,Brian Skinner,Craig Smith,Ricky Davis,Sebastian Telfair,DeMarre Carroll,Hasheem Thabeet,Marcus Williams,O.J. Mayo,Zach Randolph,2,7:21,MEM,shot,,,,,,,,,,DeMarre Carroll,2,,,made,,reverse layup,25,6
Al Thornton,Brian Skinner,Craig Smith,Ricky Davis,Sebastian Telfair,DeMarre Carroll,Hasheem Thabeet,Marcus Williams,O.J. Mayo,Zach Randolph,2,7:02,LAC,shot,,,,,,,,,,Ricky Davis,,,,missed,,jump,15,25
Al Thornton,Brian Skinner,Craig Smith,Ricky Davis,Sebastian Telfair,DeMarre Carroll,Hasheem Thabeet,Marcus Williams,O.J. Mayo,Zach Randolph,2,7:00,MEM,rebound,,,,,,,,,,O.J. Mayo,,,,,,def,,
Al Thornton,Brian Skinner,Craig Smith,Ricky Davis,Sebastian Telfair,DeMarre Carroll,Hasheem Thabeet,Marcus Williams,O.J. Mayo,Zach Randolph,2,6:41,MEM,shot,Marcus Williams,,,,,,,,,DeMarre Carroll,2,,,made,,jump,38,21
Al Thornton,Brian Skinner,Craig Smith,Ricky Davis,Sebastian Telfair,DeMarre Carroll,Hasheem Thabeet,Marcus Williams,O.J. Mayo,Zach Randolph,2,6:28,LAC,timeout,,,,,,,,,,,,,,,,regular,,
Al Thornton,Baron Davis,Brian Skinner,Craig Smith,Ricky Davis,DeMarre Carroll,Hasheem Thabeet,Marcus Williams,O.J. Mayo,Zach Randolph,2,6:28,LAC,sub,,,,Baron Davis,,Sebastian Telfair,,,,,,,,,,,,
Al Thornton,Baron Davis,Chris Kaman,Craig Smith,Ricky Davis,DeMarre Carroll,Hasheem Thabeet,Marcus Williams,O.J. Mayo,Zach Randolph,2,6:28,LAC,sub,,,,Chris Kaman,,Brian Skinner,,,,,,,,,,,,
Al Thornton,Baron Davis,Chris Kaman,Craig Smith,Ricky Davis,DeMarre Carroll,Hasheem Thabeet,Marcus Williams,O.J. Mayo,Zach Randolph,2,6:13,LAC,shot,,,Hasheem Thabeet,,,,,,,Al Thornton,,,,missed,,layup,25,6
Al Thornton,Baron Davis,Chris Kaman,Craig Smith,Ricky Davis,DeMarre Carroll,Hasheem Thabeet,Marcus Williams,O.J. Mayo,Zach Randolph,2,6:12,MEM,rebound,,,,,,,,,,DeMarre Carroll,,,,,,def,,
Al Thornton,Baron Davis,Chris Kaman,Craig Smith,Ricky Davis,DeMarre Carroll,Hasheem Thabeet,Marcus Williams,O.J. Mayo,Zach Randolph,2,5:49,MEM,turnover,,,,,,,,,,,,,shot clock turnover,,,,,
Al Thornton,Baron Davis,Chris Kaman,Craig Smith,Ricky Davis,DeMarre Carroll,Hasheem Thabeet,Marcus Williams,O.J. Mayo,Zach Randolph,2,5:32,LAC,shot,Baron Davis,,,,,,,,,Al Thornton,2,,,made,,jump,44,6
Al Thornton,Baron Davis,Chris Kaman,Craig Smith,Ricky Davis,DeMarre Carroll,Hasheem Thabeet,Marcus Williams,O.J. Mayo,Zach Randolph,2,5:23,LAC,foul,,,,,,,,Zach Randolph,,Al Thornton,,,,,,shooting,,
Al Thornton,Baron Davis,Chris Kaman,Craig Smith,Ricky Davis,DeMarre Carroll,Hasheem Thabeet,Marcus Williams,O.J. Mayo,Zach Randolph,2,5:23,MEM,free throw,,,,,,,1,,2,Zach Randolph,,,foul,made,,,,
Al Thornton,Baron Davis,Chris Kaman,Craig Smith,Ricky Davis,DeMarre Carroll,Hasheem Thabeet,Marcus Williams,O.J. Mayo,Zach Randolph,2,5:23,MEM,free throw,,,,,,,2,,2,Zach Randolph,,,foul,made,,,,
Al Thornton,Baron Davis,Chris Kaman,Craig Smith,Ricky Davis,DeMarre Carroll,Hasheem Thabeet,Marcus Williams,O.J. Mayo,Zach Randolph,2,5:03,LAC,shot,,,,,,,,,,Ricky Davis,,,,missed,,fade away jumper,23,16
Al Thornton,Baron Davis,Chris Kaman,Craig Smith,Ricky Davis,DeMarre Carroll,Hasheem Thabeet,Marcus Williams,O.J. Mayo,Zach Randolph,2,5:01,MEM,rebound,,,,,,,,,,Zach Randolph,,,,,,def,,
Al Thornton,Baron Davis,Chris Kaman,Craig Smith,Ricky Davis,DeMarre Carroll,Hasheem Thabeet,Marcus Williams,O.J. Mayo,Zach Randolph,2,4:57,MEM,shot,Marcus Williams,,,,,,,,,O.J. Mayo,2,,,made,,pullup jump,43,12
Al Thornton,Baron Davis,Chris Kaman,Craig Smith,Ricky Davis,DeMarre Carroll,Hasheem Thabeet,Marcus Williams,O.J. Mayo,Zach Randolph,2,4:45,MEM,foul,,,,,,,,Al Thornton,,DeMarre Carroll,,,,,,personal,,
Al Thornton,Baron Davis,Chris Kaman,Craig Smith,Rasual Butler,DeMarre Carroll,Hasheem Thabeet,Marcus Williams,O.J. Mayo,Zach Randolph,2,4:45,LAC,sub,,,,Rasual Butler,,Ricky Davis,,,,,,,,,,,,
Al Thornton,Baron Davis,Chris Kaman,Craig Smith,Rasual Butler,DeMarre Carroll,Hasheem Thabeet,Mike Conley,O.J. Mayo,Zach Randolph,2,4:45,MEM,sub,,,,Mike Conley,,Marcus Williams,,,,,,,,,,,,
Al Thornton,Baron Davis,Chris Kaman,Craig Smith,Rasual Butler,DeMarre Carroll,Hasheem Thabeet,Mike Conley,O.J. Mayo,Zach Randolph,2,4:40,LAC,shot,,,Zach Randolph,,,,,,,Chris Kaman,,,,missed,,reverse layup,25,6
Al Thornton,Baron Davis,Chris Kaman,Craig Smith,Rasual Butler,DeMarre Carroll,Hasheem Thabeet,Mike Conley,O.J. Mayo,Zach Randolph,2,4:36,LAC,rebound,,,,,,,,,,Baron Davis,,,,,,off,,
Al Thornton,Baron Davis,Chris Kaman,Craig Smith,Rasual Butler,DeMarre Carroll,Hasheem Thabeet,Mike Conley,O.J. Mayo,Zach Randolph,2,4:33,LAC,shot,Baron Davis,,,,,,,,,Chris Kaman,2,,,made,,dunk,25,6
Al Thornton,Baron Davis,Chris Kaman,Craig Smith,Rasual Butler,DeMarre Carroll,Hasheem Thabeet,Mike Conley,O.J. Mayo,Zach Randolph,2,4:19,MEM,shot,,,,,,,,,,Mike Conley,,,,missed,,3pt,10,27
Al Thornton,Baron Davis,Chris Kaman,Craig Smith,Rasual Butler,DeMarre Carroll,Hasheem Thabeet,Mike Conley,O.J. Mayo,Zach Randolph,2,4:17,LAC,rebound,,,,,,,,,,Al Thornton,,,,,,def,,
Al Thornton,Baron Davis,Chris Kaman,Craig Smith,Rasual Butler,DeMarre Carroll,Hasheem Thabeet,Mike Conley,O.J. Mayo,Zach Randolph,2,4:08,MEM,foul,,,,,,,,Baron Davis,,Mike Conley,,,,,,personal,,
Al Thornton,Baron Davis,Chris Kaman,Craig Smith,Rasual Butler,Hasheem Thabeet,Mike Conley,O.J. Mayo,Rudy Gay,Zach Randolph,2,4:08,MEM,sub,,,,Rudy Gay,,DeMarre Carroll,,,,,,,,,,,,
Al Thornton,Baron Davis,Chris Kaman,Craig Smith,Rasual Butler,Hasheem Thabeet,Marcus Williams,O.J. Mayo,Rudy Gay,Zach Randolph,2,4:08,MEM,sub,,,,Marcus Williams,,Mike Conley,,,,,,,,,,,,
Al Thornton,Baron Davis,Chris Kaman,Craig Smith,Rasual Butler,Marc Gasol,Marcus Williams,O.J. Mayo,Rudy Gay,Zach Randolph,2,4:08,MEM,sub,,,,Marc Gasol,,Hasheem Thabeet,,,,,,,,,,,,
Al Thornton,Baron Davis,Chris Kaman,Craig Smith,Rasual Butler,Marc Gasol,Marcus Williams,O.J. Mayo,Rudy Gay,Zach Randolph,2,3:57,LAC,shot,,,,,,,,,,Chris Kaman,,,,missed,,jump,8,15
Al Thornton,Baron Davis,Chris Kaman,Craig Smith,Rasual Butler,Marc Gasol,Marcus Williams,O.J. Mayo,Rudy Gay,Zach Randolph,2,3:56,MEM,rebound,,,,,,,,,,O.J. Mayo,,,,,,def,,
Al Thornton,Baron Davis,Chris Kaman,Craig Smith,Rasual Butler,Marc Gasol,Marcus Williams,O.J. Mayo,Rudy Gay,Zach Randolph,2,3:44,MEM,shot,,,,,,,,,,Marc Gasol,2,,,made,,turnaround fade away,32,9
Al Thornton,Baron Davis,Chris Kaman,Craig Smith,Rasual Butler,Marc Gasol,Marcus Williams,O.J. Mayo,Rudy Gay,Zach Randolph,2,3:26,LAC,shot,,,,,,,,,,Baron Davis,2,,,made,,pullup jump,29,11
Al Thornton,Baron Davis,Chris Kaman,Craig Smith,Rasual Butler,Marc Gasol,Marcus Williams,O.J. Mayo,Rudy Gay,Zach Randolph,2,3:18,MEM,shot,,,,,,,,,,Marcus Williams,,,,missed,,running jump,35,11
Al Thornton,Baron Davis,Chris Kaman,Craig Smith,Rasual Butler,Marc Gasol,Marcus Williams,O.J. Mayo,Rudy Gay,Zach Randolph,2,3:14,LAC,rebound,,,,,,,,,,Al Thornton,,,,,,def,,
Al Thornton,Baron Davis,Chris Kaman,Craig Smith,Rasual Butler,Marc Gasol,Marcus Williams,O.J. Mayo,Rudy Gay,Zach Randolph,2,3:11,LAC,turnover,,,,,,,,,,Baron Davis,,,bad pass,,Marc Gasol,,,
Al Thornton,Baron Davis,Chris Kaman,Craig Smith,Rasual Butler,Marc Gasol,Marcus Williams,O.J. Mayo,Rudy Gay,Zach Randolph,2,3:06,MEM,shot,,,,,,,,,,O.J. Mayo,2,,,made,,reverse layup,25,6
Al Thornton,Baron Davis,Chris Kaman,Craig Smith,Rasual Butler,Marc Gasol,Marcus Williams,O.J. Mayo,Rudy Gay,Zach Randolph,2,2:50,LAC,turnover,,,,,,,,,,Chris Kaman,,,traveling,,,,,
Al Thornton,Baron Davis,Chris Kaman,Craig Smith,Rasual Butler,Marc Gasol,Marcus Williams,O.J. Mayo,Rudy Gay,Zach Randolph,2,2:50,MEM,timeout,,,,,,,,,,,,,,,,official,,
Al Thornton,Baron Davis,Chris Kaman,Craig Smith,Rasual Butler,Marc Gasol,Marcus Williams,O.J. Mayo,Rudy Gay,Zach Randolph,2,2:38,MEM,shot,,,,,,,,,,Rudy Gay,,,,missed,,layup,25,6
Al Thornton,Baron Davis,Chris Kaman,Craig Smith,Rasual Butler,Marc Gasol,Marcus Williams,O.J. Mayo,Rudy Gay,Zach Randolph,2,2:37,LAC,rebound,,,,,,,,,,Chris Kaman,,,,,,def,,
Al Thornton,Baron Davis,Chris Kaman,Craig Smith,Rasual Butler,Marc Gasol,Marcus Williams,O.J. Mayo,Rudy Gay,Zach Randolph,2,2:35,LAC,turnover,,,,,,,,,,Chris Kaman,,,lost ball,,Rudy Gay,,,
Al Thornton,Baron Davis,Chris Kaman,Craig Smith,Rasual Butler,Marc Gasol,Marcus Williams,O.J. Mayo,Rudy Gay,Zach Randolph,2,2:20,MEM,turnover,,,,,,,,,,Rudy Gay,,,out of bounds lost ball turnover,,,,,
Al Thornton,Baron Davis,Chris Kaman,Craig Smith,Rasual Butler,Marc Gasol,Marcus Williams,O.J. Mayo,Rudy Gay,Zach Randolph,2,2:15,MEM,foul,,,,,,,,Chris Kaman,,O.J. Mayo,,,,,,personal,,
Al Thornton,Baron Davis,Chris Kaman,Craig Smith,Rasual Butler,Marc Gasol,Marcus Williams,O.J. Mayo,Rudy Gay,Zach Randolph,2,2:12,MEM,violation,,,,,,,,,,Rudy Gay,,,,,,kicked ball,,
Al Thornton,Baron Davis,Chris Kaman,Craig Smith,Rasual Butler,Marc Gasol,Marcus Williams,O.J. Mayo,Rudy Gay,Zach Randolph,2,2:09,MEM,foul,,,,,,,,Chris Kaman,,Marc Gasol,,,,,,personal,,
Al Thornton,Baron Davis,Chris Kaman,Craig Smith,Rasual Butler,Marc Gasol,Marcus Williams,O.J. Mayo,Rudy Gay,Zach Randolph,2,2:09,LAC,free throw,,,,,,,1,,2,Chris Kaman,,,foul,made,,,,
Al Thornton,Baron Davis,Chris Kaman,Craig Smith,Rasual Butler,Marc Gasol,Marcus Williams,O.J. Mayo,Rudy Gay,Zach Randolph,2,2:09,LAC,free throw,,,,,,,2,,2,Chris Kaman,,,foul,made,,,,
Al Thornton,Baron Davis,Chris Kaman,Craig Smith,Rasual Butler,Marc Gasol,Marcus Williams,O.J. Mayo,Rudy Gay,Zach Randolph,2,1:47,MEM,shot,,,,,,,,,,Marcus Williams,,,,missed,,3pt,10,29
Al Thornton,Baron Davis,Chris Kaman,Craig Smith,Rasual Butler,Marc Gasol,Marcus Williams,O.J. Mayo,Rudy Gay,Zach Randolph,2,1:46,LAC,rebound,,,,,,,,,,Craig Smith,,,,,,def,,
Al Thornton,Baron Davis,Chris Kaman,Craig Smith,Rasual Butler,Marc Gasol,Marcus Williams,O.J. Mayo,Rudy Gay,Zach Randolph,2,1:34,LAC,turnover,,,,,,,,,,Al Thornton,,,bad pass,,O.J. Mayo,,,
Al Thornton,Baron Davis,Chris Kaman,Craig Smith,Rasual Butler,Marc Gasol,Marcus Williams,O.J. Mayo,Rudy Gay,Zach Randolph,2,1:28,MEM,shot,,,,,,,,,,O.J. Mayo,,,,missed,,pullup jump,12,21
Al Thornton,Baron Davis,Chris Kaman,Craig Smith,Rasual Butler,Marc Gasol,Marcus Williams,O.J. Mayo,Rudy Gay,Zach Randolph,2,1:26,MEM,rebound,,,,,,,,,,Zach Randolph,,,,,,off,,
Al Thornton,Baron Davis,Chris Kaman,Craig Smith,Rasual Butler,Marc Gasol,Marcus Williams,O.J. Mayo,Rudy Gay,Zach Randolph,2,1:25,MEM,turnover,,,,,,,,,,O.J. Mayo,,,out of bounds lost ball turnover,,,,,
Al Thornton,Baron Davis,Chris Kaman,Craig Smith,Rasual Butler,Marc Gasol,Marcus Williams,O.J. Mayo,Rudy Gay,Zach Randolph,2,1:15,MEM,foul,,,,,,,,Al Thornton,,Rudy Gay,,,,,,personal,,
Al Thornton,Baron Davis,Chris Kaman,Craig Smith,Rasual Butler,Marc Gasol,Marcus Williams,O.J. Mayo,Rudy Gay,Zach Randolph,2,1:15,LAC,free throw,,,,,,,1,,2,Al Thornton,,,foul,missed,,,,
Al Thornton,Baron Davis,Chris Kaman,Craig Smith,Rasual Butler,Marc Gasol,Marcus Williams,O.J. Mayo,Rudy Gay,Zach Randolph,2,1:15,LAC,rebound,,,,,,,,,,,,,,,,,,
Al Thornton,Baron Davis,Chris Kaman,Craig Smith,Rasual Butler,Marc Gasol,Marcus Williams,O.J. Mayo,Rudy Gay,Zach Randolph,2,1:15,LAC,free throw,,,,,,,2,,2,Al Thornton,,,foul,made,,,,
Al Thornton,Baron Davis,Chris Kaman,Craig Smith,Rasual Butler,Marc Gasol,Marcus Williams,O.J. Mayo,Rudy Gay,Zach Randolph,2,1:04,MEM,shot,Marcus Williams,,,,,,,,,Zach Randolph,2,,,made,,layup,25,6
Al Thornton,Baron Davis,Chris Kaman,Craig Smith,Rasual Butler,Marc Gasol,Marcus Williams,O.J. Mayo,Rudy Gay,Zach Randolph,2,0:48,LAC,shot,,,,,,,,,,Baron Davis,,,,missed,,layup,25,6
Al Thornton,Baron Davis,Chris Kaman,Craig Smith,Rasual Butler,Marc Gasol,Marcus Williams,O.J. Mayo,Rudy Gay,Zach Randolph,2,0:46,MEM,rebound,,,,,,,,,,Zach Randolph,,,,,,def,,
Al Thornton,Baron Davis,Chris Kaman,Craig Smith,Rasual Butler,Marc Gasol,Marcus Williams,O.J. Mayo,Rudy Gay,Zach Randolph,2,0:35,LAC,foul,,,,,,,,Zach Randolph,,Craig Smith,,,,,,shooting,,
Al Thornton,Baron Davis,Chris Kaman,Craig Smith,Rasual Butler,Marc Gasol,Marcus Williams,O.J. Mayo,Rudy Gay,Zach Randolph,2,0:35,MEM,free throw,,,,,,,1,,2,Zach Randolph,,,foul,made,,,,
Al Thornton,Baron Davis,Chris Kaman,Craig Smith,Rasual Butler,Hasheem Thabeet,Marcus Williams,O.J. Mayo,Rudy Gay,Zach Randolph,2,0:35,MEM,sub,,,,Hasheem Thabeet,,Marc Gasol,,,,,,,,,,,,
Al Thornton,Baron Davis,Chris Kaman,Craig Smith,Rasual Butler,DeMarre Carroll,Hasheem Thabeet,Marcus Williams,O.J. Mayo,Zach Randolph,2,0:35,MEM,sub,,,,DeMarre Carroll,,Rudy Gay,,,,,,,,,,,,
Al Thornton,Baron Davis,Chris Kaman,Craig Smith,Rasual Butler,DeMarre Carroll,Hasheem Thabeet,Marcus Williams,O.J. Mayo,Zach Randolph,2,0:35,MEM,free throw,,,,,,,2,,2,Zach Randolph,,,foul,made,,,,
Al Thornton,Baron Davis,Chris Kaman,Craig Smith,Rasual Butler,DeMarre Carroll,Hasheem Thabeet,Marcus Williams,O.J. Mayo,Zach Randolph,2,0:26,LAC,shot,,,,,,,,,,Baron Davis,3,,,made,,3pt,2,8
Al Thornton,Baron Davis,Chris Kaman,Craig Smith,Rasual Butler,DeMarre Carroll,Hasheem Thabeet,Marcus Williams,O.J. Mayo,Zach Randolph,2,0:20,MEM,timeout,,,,,,,,,,,,,,,,short,,
Al Thornton,Baron Davis,Brian Skinner,Craig Smith,Rasual Butler,DeMarre Carroll,Hasheem Thabeet,Marcus Williams,O.J. Mayo,Zach Randolph,2,0:20,LAC,sub,,,,Brian Skinner,,Chris Kaman,,,,,,,,,,,,
Al Thornton,Baron Davis,Brian Skinner,Craig Smith,Rasual Butler,DeMarre Carroll,Marcus Williams,O.J. Mayo,Sam Young,Zach Randolph,2,0:20,MEM,sub,,,,Sam Young,,Hasheem Thabeet,,,,,,,,,,,,
Baron Davis,Brian Skinner,Craig Smith,Mardy Collins,Rasual Butler,DeMarre Carroll,Marcus Williams,O.J. Mayo,Sam Young,Zach Randolph,2,0:20,LAC,sub,,,,Mardy Collins,,Al Thornton,,,,,,,,,,,,
Baron Davis,Brian Skinner,Craig Smith,Mardy Collins,Rasual Butler,DeMarre Carroll,Marcus Williams,O.J. Mayo,Sam Young,Zach Randolph,2,0:04,MEM,shot,,,,,,,,,,Zach Randolph,2,,,made,,jump,11,21
Baron Davis,Brian Skinner,Craig Smith,Mardy Collins,Rasual Butler,DeMarre Carroll,Marcus Williams,O.J. Mayo,Sam Young,Zach Randolph,2,0:01,LAC,shot,,,,,,,,,,Brian Skinner,,,,missed,,jump bank,38,20
Baron Davis,Brian Skinner,Craig Smith,Mardy Collins,Rasual Butler,DeMarre Carroll,Marcus Williams,O.J. Mayo,Sam Young,Zach Randolph,2,0:00,LAC,rebound,,,,,,,,,,,,,,,,,,
Al Thornton,Baron Davis,Chris Kaman,DeAndre Jordan,Rasual Butler,Marc Gasol,Mike Conley,O.J. Mayo,Rudy Gay,Zach Randolph,3,11:45,LAC,shot,,,,,,,,,,Chris Kaman,,,,missed,,fade away jumper,19,18
Al Thornton,Baron Davis,Chris Kaman,DeAndre Jordan,Rasual Butler,Marc Gasol,Mike Conley,O.J. Mayo,Rudy Gay,Zach Randolph,3,11:45,LAC,rebound,,,,,,,,,,DeAndre Jordan,,,,,,off,,
Al Thornton,Baron Davis,Chris Kaman,DeAndre Jordan,Rasual Butler,Marc Gasol,Mike Conley,O.J. Mayo,Rudy Gay,Zach Randolph,3,11:45,MEM,foul,,,,,,,,DeAndre Jordan,,Zach Randolph,,,,,,loose ball,,
Al Thornton,Baron Davis,Chris Kaman,DeAndre Jordan,Rasual Butler,Marc Gasol,Mike Conley,O.J. Mayo,Rudy Gay,Zach Randolph,3,11:34,LAC,shot,,,,,,,,,,Baron Davis,,,,missed,,jump,11,23
Al Thornton,Baron Davis,Chris Kaman,DeAndre Jordan,Rasual Butler,Marc Gasol,Mike Conley,O.J. Mayo,Rudy Gay,Zach Randolph,3,11:33,MEM,rebound,,,,,,,,,,O.J. Mayo,,,,,,def,,
Al Thornton,Baron Davis,Chris Kaman,DeAndre Jordan,Rasual Butler,Marc Gasol,Mike Conley,O.J. Mayo,Rudy Gay,Zach Randolph,3,11:11,MEM,shot,,,,,,,,,,Rudy Gay,2,,,made,,jump,8,7
Al Thornton,Baron Davis,Chris Kaman,DeAndre Jordan,Rasual Butler,Marc Gasol,Mike Conley,O.J. Mayo,Rudy Gay,Zach Randolph,3,10:48,MEM,foul,,,,,,,,,,O.J. Mayo,,,,,,defense 3 second,,
Al Thornton,Baron Davis,Chris Kaman,DeAndre Jordan,Rasual Butler,Marc Gasol,Mike Conley,O.J. Mayo,Rudy Gay,Zach Randolph,3,10:48,LAC,free throw,,,,,,,1,,1,Baron Davis,,,technical,missed,,,,
Al Thornton,Baron Davis,Chris Kaman,DeAndre Jordan,Rasual Butler,Marc Gasol,Mike Conley,O.J. Mayo,Rudy Gay,Zach Randolph,3,10:48,LAC,rebound,,,,,,,,,,,,,,,,,,
Al Thornton,Baron Davis,Chris Kaman,DeAndre Jordan,Rasual Butler,Marc Gasol,Mike Conley,O.J. Mayo,Rudy Gay,Zach Randolph,3,10:45,MEM,foul,,,,,,,,DeAndre Jordan,,Zach Randolph,,,,,,personal,,
Al Thornton,Baron Davis,Chris Kaman,DeAndre Jordan,Rasual Butler,Marc Gasol,Mike Conley,O.J. Mayo,Rudy Gay,Zach Randolph,3,10:32,LAC,shot,,,,,,,,,,Rasual Butler,2,,,made,,pullup jump,11,19
Al Thornton,Baron Davis,Chris Kaman,DeAndre Jordan,Rasual Butler,Marc Gasol,Mike Conley,O.J. Mayo,Rudy Gay,Zach Randolph,3,10:18,MEM,shot,,,,,,,,,,Rudy Gay,2,,,made,,driving layup,25,6
Al Thornton,Baron Davis,Chris Kaman,DeAndre Jordan,Rasual Butler,Marc Gasol,Mike Conley,O.J. Mayo,Rudy Gay,Zach Randolph,3,10:18,LAC,foul,,,,,,,,Rudy Gay,,Al Thornton,,,,,,shooting,,
Al Thornton,Baron Davis,Chris Kaman,DeAndre Jordan,Rasual Butler,Marc Gasol,Mike Conley,O.J. Mayo,Rudy Gay,Zach Randolph,3,10:18,MEM,free throw,,,,,,,1,,1,Rudy Gay,,,foul,made,,,,
Al Thornton,Baron Davis,Chris Kaman,DeAndre Jordan,Rasual Butler,Marc Gasol,Mike Conley,O.J. Mayo,Rudy Gay,Zach Randolph,3,9:57,LAC,shot,,,,,,,,,,Rasual Butler,,,,missed,,3pt,28,31
Al Thornton,Baron Davis,Chris Kaman,DeAndre Jordan,Rasual Butler,Marc Gasol,Mike Conley,O.J. Mayo,Rudy Gay,Zach Randolph,3,9:56,LAC,rebound,,,,,,,,,,Al Thornton,,,,,,off,,
Al Thornton,Baron Davis,Chris Kaman,DeAndre Jordan,Rasual Butler,Marc Gasol,Mike Conley,O.J. Mayo,Rudy Gay,Zach Randolph,3,9:54,LAC,shot,,,Marc Gasol,,,,,,,Al Thornton,,,,missed,,layup,25,6
Al Thornton,Baron Davis,Chris Kaman,DeAndre Jordan,Rasual Butler,Marc Gasol,Mike Conley,O.J. Mayo,Rudy Gay,Zach Randolph,3,9:53,MEM,rebound,,,,,,,,,,Mike Conley,,,,,,def,,
Al Thornton,Baron Davis,Chris Kaman,DeAndre Jordan,Rasual Butler,Marc Gasol,Mike Conley,O.J. Mayo,Rudy Gay,Zach Randolph,3,9:49,MEM,shot,,,Chris Kaman,,,,,,,Mike Conley,,,,missed,,jump,17,21
Al Thornton,Baron Davis,Chris Kaman,DeAndre Jordan,Rasual Butler,Marc Gasol,Mike Conley,O.J. Mayo,Rudy Gay,Zach Randolph,3,9:49,MEM,rebound,,,,,,,,,,,,,,,,,,
Al Thornton,Baron Davis,Chris Kaman,DeAndre Jordan,Rasual Butler,Marc Gasol,Mike Conley,O.J. Mayo,Rudy Gay,Zach Randolph,3,9:46,MEM,shot,Rudy Gay,,,,,,,,,O.J. Mayo,2,,,made,,jump,11,13
Al Thornton,Baron Davis,Chris Kaman,DeAndre Jordan,Rasual Butler,Marc Gasol,Mike Conley,O.J. Mayo,Rudy Gay,Zach Randolph,3,9:23,LAC,shot,,,,,,,,,,Rasual Butler,,,,missed,,3pt,20,30
Al Thornton,Baron Davis,Chris Kaman,DeAndre Jordan,Rasual Butler,Marc Gasol,Mike Conley,O.J. Mayo,Rudy Gay,Zach Randolph,3,9:22,MEM,rebound,,,,,,,,,,Marc Gasol,,,,,,def,,
Al Thornton,Baron Davis,Chris Kaman,DeAndre Jordan,Rasual Butler,Marc Gasol,Mike Conley,O.J. Mayo,Rudy Gay,Zach Randolph,3,9:10,MEM,shot,,,,,,,,,,Zach Randolph,,,,missed,,jump,24,11
Al Thornton,Baron Davis,Chris Kaman,DeAndre Jordan,Rasual Butler,Marc Gasol,Mike Conley,O.J. Mayo,Rudy Gay,Zach Randolph,3,9:08,LAC,rebound,,,,,,,,,,DeAndre Jordan,,,,,,def,,
Al Thornton,Baron Davis,Chris Kaman,DeAndre Jordan,Rasual Butler,Marc Gasol,Mike Conley,O.J. Mayo,Rudy Gay,Zach Randolph,3,8:51,LAC,shot,,,,,,,,,,Rasual Butler,,,,missed,,turnaround jump,37,7
Al Thornton,Baron Davis,Chris Kaman,DeAndre Jordan,Rasual Butler,Marc Gasol,Mike Conley,O.J. Mayo,Rudy Gay,Zach Randolph,3,8:49,MEM,rebound,,,,,,,,,,Marc Gasol,,,,,,def,,
Al Thornton,Baron Davis,Chris Kaman,DeAndre Jordan,Rasual Butler,Marc Gasol,Mike Conley,O.J. Mayo,Rudy Gay,Zach Randolph,3,8:44,MEM,shot,,,,,,,,,,O.J. Mayo,,,,missed,,layup,25,6
Al Thornton,Baron Davis,Chris Kaman,DeAndre Jordan,Rasual Butler,Marc Gasol,Mike Conley,O.J. Mayo,Rudy Gay,Zach Randolph,3,8:42,MEM,rebound,,,,,,,,,,Rudy Gay,,,,,,off,,
Al Thornton,Baron Davis,Chris Kaman,DeAndre Jordan,Rasual Butler,Marc Gasol,Mike Conley,O.J. Mayo,Rudy Gay,Zach Randolph,3,8:42,MEM,shot,,,,,,,,,,Rudy Gay,2,,,made,,putback dunk,25,6
Al Thornton,Baron Davis,Chris Kaman,DeAndre Jordan,Rasual Butler,Marc Gasol,Mike Conley,O.J. Mayo,Rudy Gay,Zach Randolph,3,8:40,LAC,timeout,,,,,,,,,,,,,,,,regular,,
Al Thornton,Baron Davis,Chris Kaman,DeAndre Jordan,Rasual Butler,Marc Gasol,Mike Conley,O.J. Mayo,Rudy Gay,Zach Randolph,3,8:23,LAC,shot,DeAndre Jordan,,,,,,,,,Rasual Butler,2,,,made,,layup,25,6
Al Thornton,Baron Davis,Chris Kaman,DeAndre Jordan,Rasual Butler,Marc Gasol,Mike Conley,O.J. Mayo,Rudy Gay,Zach Randolph,3,8:00,MEM,shot,,,,,,,,,,Zach Randolph,,,,missed,,jump,28,10
Al Thornton,Baron Davis,Chris Kaman,DeAndre Jordan,Rasual Butler,Marc Gasol,Mike Conley,O.J. Mayo,Rudy Gay,Zach Randolph,3,7:59,LAC,rebound,,,,,,,,,,DeAndre Jordan,,,,,,def,,
Al Thornton,Baron Davis,Chris Kaman,DeAndre Jordan,Rasual Butler,Marc Gasol,Mike Conley,O.J. Mayo,Rudy Gay,Zach Randolph,3,7:53,MEM,foul,,,,,,,,Baron Davis,,Mike Conley,,,,,,personal,,
Al Thornton,Baron Davis,Chris Kaman,DeAndre Jordan,Rasual Butler,Marc Gasol,Mike Conley,O.J. Mayo,Rudy Gay,Zach Randolph,3,7:38,LAC,shot,Rasual Butler,,,,,,,,,Chris Kaman,2,,,made,,jump,38,8
Al Thornton,Baron Davis,Chris Kaman,DeAndre Jordan,Rasual Butler,Marc Gasol,Mike Conley,O.J. Mayo,Rudy Gay,Zach Randolph,3,7:15,MEM,shot,O.J. Mayo,,,,,,,,,Zach Randolph,2,,,made,,jump,13,10
Al Thornton,Baron Davis,Chris Kaman,DeAndre Jordan,Rasual Butler,Marc Gasol,Mike Conley,O.J. Mayo,Rudy Gay,Zach Randolph,3,6:58,LAC,shot,Baron Davis,,,,,,,,,Chris Kaman,2,,,made,,jump,36,14
Al Thornton,Baron Davis,Chris Kaman,DeAndre Jordan,Rasual Butler,Marc Gasol,Mike Conley,O.J. Mayo,Rudy Gay,Zach Randolph,3,6:37,MEM,shot,,,,,,,,,,Marc Gasol,2,,,made,,jump,41,7
Al Thornton,Baron Davis,Chris Kaman,DeAndre Jordan,Rasual Butler,Marc Gasol,Mike Conley,O.J. Mayo,Rudy Gay,Zach Randolph,3,6:21,LAC,foul,,,,,,,,Marc Gasol,,Al Thornton,,,,,,offensive,,
Al Thornton,Baron Davis,Chris Kaman,DeAndre Jordan,Rasual Butler,Marc Gasol,Mike Conley,O.J. Mayo,Rudy Gay,Zach Randolph,3,6:21,LAC,turnover,,,,,,,,,,Al Thornton,,,foul,,,,,
Al Thornton,Baron Davis,Chris Kaman,DeAndre Jordan,Rasual Butler,Jamaal Tinsley,Marc Gasol,O.J. Mayo,Rudy Gay,Zach Randolph,3,6:21,MEM,sub,,,,Jamaal Tinsley,,Mike Conley,,,,,,,,,,,,
Al Thornton,Baron Davis,Chris Kaman,DeAndre Jordan,Rasual Butler,Jamaal Tinsley,Marc Gasol,O.J. Mayo,Rudy Gay,Zach Randolph,3,6:11,MEM,shot,,,Baron Davis,,,,,,,Jamaal Tinsley,,,,missed,,pullup jump,28,12
Al Thornton,Baron Davis,Chris Kaman,DeAndre Jordan,Rasual Butler,Jamaal Tinsley,Marc Gasol,O.J. Mayo,Rudy Gay,Zach Randolph,3,6:08,LAC,rebound,,,,,,,,,,Chris Kaman,,,,,,def,,
Al Thornton,Baron Davis,Chris Kaman,DeAndre Jordan,Rasual Butler,Jamaal Tinsley,Marc Gasol,O.J. Mayo,Rudy Gay,Zach Randolph,3,6:07,MEM,foul,,,,,,,,Al Thornton,,Zach Randolph,,,,,,shooting,,
Al Thornton,Baron Davis,Chris Kaman,DeAndre Jordan,Rasual Butler,Jamaal Tinsley,Marc Gasol,O.J. Mayo,Rudy Gay,Zach Randolph,3,6:07,LAC,free throw,,,,,,,1,,2,Al Thornton,,,foul,made,,,,
Al Thornton,Baron Davis,Chris Kaman,DeAndre Jordan,Rasual Butler,Jamaal Tinsley,Marc Gasol,O.J. Mayo,Rudy Gay,Zach Randolph,3,6:07,LAC,free throw,,,,,,,2,,2,Al Thornton,,,foul,missed,,,,
Al Thornton,Baron Davis,Chris Kaman,DeAndre Jordan,Rasual Butler,Jamaal Tinsley,Marc Gasol,O.J. Mayo,Rudy Gay,Zach Randolph,3,6:04,LAC,rebound,,,,,,,,,,Al Thornton,,,,,,off,,
Al Thornton,Baron Davis,Chris Kaman,DeAndre Jordan,Rasual Butler,Jamaal Tinsley,Marc Gasol,O.J. Mayo,Rudy Gay,Zach Randolph,3,5:58,LAC,foul,,,,,,,,Jamaal Tinsley,,Chris Kaman,,,,,,offensive,,
Al Thornton,Baron Davis,Chris Kaman,DeAndre Jordan,Rasual Butler,Jamaal Tinsley,Marc Gasol,O.J. Mayo,Rudy Gay,Zach Randolph,3,5:58,LAC,turnover,,,,,,,,,,Chris Kaman,,,foul,,,,,
Al Thornton,Baron Davis,Chris Kaman,DeAndre Jordan,Rasual Butler,Jamaal Tinsley,Marc Gasol,O.J. Mayo,Rudy Gay,Zach Randolph,3,5:45,MEM,shot,Marc Gasol,,,,,,,,,Rudy Gay,2,,,made,,alley oop dunk,25,6
Al Thornton,Baron Davis,Chris Kaman,DeAndre Jordan,Rasual Butler,Jamaal Tinsley,Marc Gasol,O.J. Mayo,Rudy Gay,Zach Randolph,3,5:27,LAC,shot,Baron Davis,,,,,,,,,Al Thornton,2,,,made,,dunk,25,6
Al Thornton,Baron Davis,Chris Kaman,DeAndre Jordan,Rasual Butler,Jamaal Tinsley,Marc Gasol,O.J. Mayo,Rudy Gay,Zach Randolph,3,5:14,MEM,turnover,,,,,,,,,,Zach Randolph,,,bad pass,,Chris Kaman,,,
Al Thornton,Baron Davis,Chris Kaman,DeAndre Jordan,Rasual Butler,Jamaal Tinsley,Marc Gasol,O.J. Mayo,Rudy Gay,Zach Randolph,3,5:08,LAC,shot,,,,,,,,,,Baron Davis,,,,missed,,3pt,24,32
Al Thornton,Baron Davis,Chris Kaman,DeAndre Jordan,Rasual Butler,Jamaal Tinsley,Marc Gasol,O.J. Mayo,Rudy Gay,Zach Randolph,3,5:03,MEM,rebound,,,,,,,,,,Jamaal Tinsley,,,,,,def,,
Al Thornton,Baron Davis,Chris Kaman,DeAndre Jordan,Rasual Butler,Jamaal Tinsley,Marc Gasol,O.J. Mayo,Rudy Gay,Zach Randolph,3,5:03,MEM,shot,Rudy Gay,,,,,,,,,Zach Randolph,2,,,made,,layup,25,6
Al Thornton,Baron Davis,Chris Kaman,DeAndre Jordan,Rasual Butler,Jamaal Tinsley,Marc Gasol,O.J. Mayo,Rudy Gay,Zach Randolph,3,5:03,LAC,foul,,,,,,,,Zach Randolph,,DeAndre Jordan,,,,,,shooting,,
Al Thornton,Baron Davis,Chris Kaman,DeAndre Jordan,Rasual Butler,Jamaal Tinsley,Marc Gasol,O.J. Mayo,Rudy Gay,Zach Randolph,3,5:03,MEM,free throw,,,,,,,1,,1,Zach Randolph,,,foul,made,,,,
Al Thornton,Baron Davis,Chris Kaman,DeAndre Jordan,Rasual Butler,Jamaal Tinsley,Marc Gasol,O.J. Mayo,Rudy Gay,Zach Randolph,3,4:49,LAC,turnover,,,,,,,,,,Baron Davis,,,bad pass,,Rudy Gay,,,
Al Thornton,Baron Davis,Chris Kaman,DeAndre Jordan,Rasual Butler,Jamaal Tinsley,Marc Gasol,O.J. Mayo,Rudy Gay,Zach Randolph,3,4:49,LAC,foul,,,,,,,,Rudy Gay,,Baron Davis,,,,,,personal,,
Al Thornton,Baron Davis,Chris Kaman,DeAndre Jordan,Rasual Butler,Jamaal Tinsley,Marc Gasol,O.J. Mayo,Rudy Gay,Zach Randolph,3,4:27,MEM,shot,,,,,,,,,,Zach Randolph,,,,missed,,layup,25,6
Al Thornton,Baron Davis,Chris Kaman,DeAndre Jordan,Rasual Butler,Jamaal Tinsley,Marc Gasol,O.J. Mayo,Rudy Gay,Zach Randolph,3,4:25,LAC,rebound,,,,,,,,,,DeAndre Jordan,,,,,,def,,
Al Thornton,Baron Davis,Chris Kaman,DeAndre Jordan,Rasual Butler,Jamaal Tinsley,Marc Gasol,O.J. Mayo,Rudy Gay,Zach Randolph,3,4:16,MEM,foul,,,,,,,,Baron Davis,,Marc Gasol,,,,,,shooting,,
Al Thornton,Baron Davis,Chris Kaman,DeAndre Jordan,Rasual Butler,Jamaal Tinsley,Marc Gasol,O.J. Mayo,Rudy Gay,Zach Randolph,3,4:16,LAC,free throw,,,,,,,1,,2,Baron Davis,,,foul,made,,,,
Al Thornton,Baron Davis,Chris Kaman,DeAndre Jordan,Rasual Butler,Jamaal Tinsley,Marc Gasol,O.J. Mayo,Rudy Gay,Zach Randolph,3,4:16,LAC,free throw,,,,,,,2,,2,Baron Davis,,,foul,made,,,,
Al Thornton,Baron Davis,Chris Kaman,DeAndre Jordan,Rasual Butler,Jamaal Tinsley,Marc Gasol,O.J. Mayo,Rudy Gay,Zach Randolph,3,3:52,MEM,shot,,,,,,,,,,Marc Gasol,,,,missed,,turnaround jump,31,12
Al Thornton,Baron Davis,Chris Kaman,DeAndre Jordan,Rasual Butler,Jamaal Tinsley,Marc Gasol,O.J. Mayo,Rudy Gay,Zach Randolph,3,3:50,LAC,rebound,,,,,,,,,,DeAndre Jordan,,,,,,def,,
Al Thornton,Baron Davis,Chris Kaman,DeAndre Jordan,Rasual Butler,Jamaal Tinsley,Marc Gasol,O.J. Mayo,Rudy Gay,Zach Randolph,3,3:41,MEM,foul,,,,,,,,Chris Kaman,,Marc Gasol,,,,,,shooting,,
Al Thornton,Baron Davis,Chris Kaman,DeAndre Jordan,Rasual Butler,Jamaal Tinsley,Marc Gasol,O.J. Mayo,Rudy Gay,Zach Randolph,3,3:41,LAC,free throw,,,,,,,1,,2,Chris Kaman,,,foul,missed,,,,
Al Thornton,Baron Davis,Chris Kaman,DeAndre Jordan,Rasual Butler,Jamaal Tinsley,Marc Gasol,O.J. Mayo,Rudy Gay,Zach Randolph,3,3:41,LAC,rebound,,,,,,,,,,,,,,,,,,
Al Thornton,Baron Davis,Chris Kaman,DeAndre Jordan,Rasual Butler,Hasheem Thabeet,Jamaal Tinsley,O.J. Mayo,Rudy Gay,Zach Randolph,3,3:41,MEM,sub,,,,Hasheem Thabeet,,Marc Gasol,,,,,,,,,,,,
Al Thornton,Baron Davis,Chris Kaman,Rasual Butler,Steve Novak,Hasheem Thabeet,Jamaal Tinsley,O.J. Mayo,Rudy Gay,Zach Randolph,3,3:41,LAC,sub,,,,Steve Novak,,DeAndre Jordan,,,,,,,,,,,,
Al Thornton,Baron Davis,Chris Kaman,Rasual Butler,Steve Novak,Hasheem Thabeet,Marcus Williams,O.J. Mayo,Rudy Gay,Zach Randolph,3,3:41,MEM,sub,,,,Marcus Williams,,Jamaal Tinsley,,,,,,,,,,,,
Al Thornton,Baron Davis,Chris Kaman,Rasual Butler,Steve Novak,Hasheem Thabeet,Marcus Williams,O.J. Mayo,Rudy Gay,Zach Randolph,3,3:41,LAC,free throw,,,,,,,2,,2,Chris Kaman,,,foul,made,,,,
Al Thornton,Baron Davis,Chris Kaman,Rasual Butler,Steve Novak,Hasheem Thabeet,Marcus Williams,O.J. Mayo,Rudy Gay,Zach Randolph,3,3:28,MEM,shot,,,,,,,,,,Rudy Gay,,,,missed,,jump,38,18
Al Thornton,Baron Davis,Chris Kaman,Rasual Butler,Steve Novak,Hasheem Thabeet,Marcus Williams,O.J. Mayo,Rudy Gay,Zach Randolph,3,3:26,LAC,rebound,,,,,,,,,,Chris Kaman,,,,,,def,,
Al Thornton,Baron Davis,Chris Kaman,Rasual Butler,Steve Novak,Hasheem Thabeet,Marcus Williams,O.J. Mayo,Rudy Gay,Zach Randolph,3,3:12,LAC,shot,,,,,,,,,,Steve Novak,,,,missed,,3pt,26,31
Al Thornton,Baron Davis,Chris Kaman,Rasual Butler,Steve Novak,Hasheem Thabeet,Marcus Williams,O.J. Mayo,Rudy Gay,Zach Randolph,3,3:11,MEM,rebound,,,,,,,,,,Hasheem Thabeet,,,,,,def,,
Al Thornton,Baron Davis,Chris Kaman,Rasual Butler,Steve Novak,Hasheem Thabeet,Marcus Williams,O.J. Mayo,Rudy Gay,Zach Randolph,3,3:11,LAC,foul,,,,,,,,Hasheem Thabeet,,Al Thornton,,,,,,personal,,
Al Thornton,Baron Davis,Chris Kaman,Rasual Butler,Steve Novak,Hasheem Thabeet,Marcus Williams,O.J. Mayo,Rudy Gay,Zach Randolph,3,2:58,MEM,shot,,,,,,,,,,Zach Randolph,,,,missed,,jump,25,12
Al Thornton,Baron Davis,Chris Kaman,Rasual Butler,Steve Novak,Hasheem Thabeet,Marcus Williams,O.J. Mayo,Rudy Gay,Zach Randolph,3,2:56,MEM,rebound,,,,,,,,,,Hasheem Thabeet,,,,,,off,,
Al Thornton,Baron Davis,Chris Kaman,Rasual Butler,Steve Novak,Hasheem Thabeet,Marcus Williams,O.J. Mayo,Rudy Gay,Zach Randolph,3,2:55,MEM,shot,,,,,,,,,,Hasheem Thabeet,,,,missed,,layup,25,6
Al Thornton,Baron Davis,Chris Kaman,Rasual Butler,Steve Novak,Hasheem Thabeet,Marcus Williams,O.J. Mayo,Rudy Gay,Zach Randolph,3,2:52,MEM,rebound,,,,,,,,,,Rudy Gay,,,,,,off,,
Al Thornton,Baron Davis,Chris Kaman,Rasual Butler,Steve Novak,Hasheem Thabeet,Marcus Williams,O.J. Mayo,Rudy Gay,Zach Randolph,3,2:52,MEM,shot,,,,,,,,,,Rudy Gay,2,,,made,,layup,25,6
Al Thornton,Baron Davis,Chris Kaman,Rasual Butler,Steve Novak,Hasheem Thabeet,Marcus Williams,O.J. Mayo,Rudy Gay,Zach Randolph,3,2:52,LAC,foul,,,,,,,,Rudy Gay,,Al Thornton,,,,,,shooting,,
Al Thornton,Baron Davis,Chris Kaman,Rasual Butler,Steve Novak,Hasheem Thabeet,Marcus Williams,O.J. Mayo,Rudy Gay,Zach Randolph,3,2:52,MEM,timeout,,,,,,,,,,,,,,,,regular,,
Baron Davis,Chris Kaman,Rasual Butler,Ricky Davis,Steve Novak,Hasheem Thabeet,Marcus Williams,O.J. Mayo,Rudy Gay,Zach Randolph,3,2:52,LAC,sub,,,,Ricky Davis,,Al Thornton,,,,,,,,,,,,
Baron Davis,Chris Kaman,Rasual Butler,Ricky Davis,Steve Novak,Hasheem Thabeet,Marcus Williams,O.J. Mayo,Rudy Gay,Zach Randolph,3,2:52,MEM,free throw,,,,,,,1,,1,Rudy Gay,,,foul,made,,,,
Baron Davis,Chris Kaman,Rasual Butler,Ricky Davis,Steve Novak,Hasheem Thabeet,Marcus Williams,O.J. Mayo,Rudy Gay,Zach Randolph,3,2:51,MEM,foul,,,,,,,,Baron Davis,,Zach Randolph,,,,,,personal,,
Baron Davis,Chris Kaman,Rasual Butler,Ricky Davis,Steve Novak,DeMarre Carroll,Hasheem Thabeet,Marcus Williams,O.J. Mayo,Rudy Gay,3,2:51,MEM,sub,,,,DeMarre Carroll,,Zach Randolph,,,,,,,,,,,,
Baron Davis,Chris Kaman,Rasual Butler,Ricky Davis,Steve Novak,DeMarre Carroll,Hasheem Thabeet,Marcus Williams,O.J. Mayo,Rudy Gay,3,2:51,LAC,free throw,,,,,,,1,,2,Baron Davis,,,foul,missed,,,,
Baron Davis,Chris Kaman,Rasual Butler,Ricky Davis,Steve Novak,DeMarre Carroll,Hasheem Thabeet,Marcus Williams,O.J. Mayo,Rudy Gay,3,2:51,LAC,rebound,,,,,,,,,,,,,,,,,,
Baron Davis,Chris Kaman,Rasual Butler,Ricky Davis,Steve Novak,DeMarre Carroll,Hasheem Thabeet,Marcus Williams,O.J. Mayo,Rudy Gay,3,2:51,LAC,free throw,,,,,,,2,,2,Baron Davis,,,foul,made,,,,
Baron Davis,Chris Kaman,Rasual Butler,Ricky Davis,Steve Novak,DeMarre Carroll,Hasheem Thabeet,Marcus Williams,O.J. Mayo,Rudy Gay,3,2:31,MEM,shot,Marcus Williams,,,,,,,,,Hasheem Thabeet,2,,,made,,layup,25,6
Baron Davis,Chris Kaman,Rasual Butler,Ricky Davis,Steve Novak,DeMarre Carroll,Hasheem Thabeet,Marcus Williams,O.J. Mayo,Rudy Gay,3,2:13,LAC,turnover,,,,,,,,,,Baron Davis,,,bad pass,,Marcus Williams,,,
Baron Davis,Chris Kaman,Rasual Butler,Ricky Davis,Steve Novak,DeMarre Carroll,Hasheem Thabeet,Marcus Williams,O.J. Mayo,Rudy Gay,3,2:01,MEM,shot,,,,,,,,,,Rudy Gay,2,,,made,,pullup jump,11,16
Baron Davis,Chris Kaman,Rasual Butler,Ricky Davis,Steve Novak,DeMarre Carroll,Hasheem Thabeet,Marcus Williams,O.J. Mayo,Rudy Gay,3,1:35,LAC,shot,,,,,,,,,,Chris Kaman,,,,missed,,jump,38,12
Baron Davis,Chris Kaman,Rasual Butler,Ricky Davis,Steve Novak,DeMarre Carroll,Hasheem Thabeet,Marcus Williams,O.J. Mayo,Rudy Gay,3,1:33,MEM,rebound,,,,,,,,,,Hasheem Thabeet,,,,,,def,,
Baron Davis,Chris Kaman,Rasual Butler,Ricky Davis,Steve Novak,DeMarre Carroll,Hasheem Thabeet,Marcus Williams,O.J. Mayo,Rudy Gay,3,1:28,LAC,foul,,,,,,,,Marcus Williams,,Baron Davis,,,,,,personal,,
Chris Kaman,Rasual Butler,Ricky Davis,Sebastian Telfair,Steve Novak,DeMarre Carroll,Hasheem Thabeet,Marcus Williams,O.J. Mayo,Rudy Gay,3,1:28,LAC,sub,,,,Sebastian Telfair,,Baron Davis,,,,,,,,,,,,
Chris Kaman,Rasual Butler,Ricky Davis,Sebastian Telfair,Steve Novak,DeMarre Carroll,Hasheem Thabeet,Marcus Williams,O.J. Mayo,Rudy Gay,3,1:28,MEM,free throw,,,,,,,1,,2,Marcus Williams,,,foul,made,,,,
Chris Kaman,Rasual Butler,Ricky Davis,Sebastian Telfair,Steve Novak,DeMarre Carroll,Hasheem Thabeet,Marcus Williams,O.J. Mayo,Rudy Gay,3,1:28,MEM,free throw,,,,,,,2,,2,Marcus Williams,,,foul,made,,,,
Chris Kaman,Rasual Butler,Ricky Davis,Sebastian Telfair,Steve Novak,DeMarre Carroll,Hasheem Thabeet,Marcus Williams,O.J. Mayo,Rudy Gay,3,1:12,LAC,shot,Chris Kaman,,,,,,,,,Sebastian Telfair,2,,,made,,layup,25,6
Chris Kaman,Rasual Butler,Ricky Davis,Sebastian Telfair,Steve Novak,DeMarre Carroll,Hasheem Thabeet,Marcus Williams,O.J. Mayo,Rudy Gay,3,1:00,MEM,turnover,,,,,,,,,,Rudy Gay,,,lost ball,,Sebastian Telfair,,,
Chris Kaman,Rasual Butler,Ricky Davis,Sebastian Telfair,Steve Novak,DeMarre Carroll,Hasheem Thabeet,Marcus Williams,O.J. Mayo,Rudy Gay,3,0:57,LAC,shot,Sebastian Telfair,,,,,,,,,Ricky Davis,2,,,made,,finger roll layup,25,6
Chris Kaman,Rasual Butler,Ricky Davis,Sebastian Telfair,Steve Novak,DeMarre Carroll,Hasheem Thabeet,Marcus Williams,O.J. Mayo,Rudy Gay,3,0:41,MEM,shot,,,,,,,,,,Rudy Gay,,,,missed,,pullup jump,30,12
Chris Kaman,Rasual Butler,Ricky Davis,Sebastian Telfair,Steve Novak,DeMarre Carroll,Hasheem Thabeet,Marcus Williams,O.J. Mayo,Rudy Gay,3,0:38,LAC,rebound,,,,,,,,,,Ricky Davis,,,,,,def,,
Chris Kaman,Rasual Butler,Ricky Davis,Sebastian Telfair,Steve Novak,DeMarre Carroll,Hasheem Thabeet,Marcus Williams,O.J. Mayo,Rudy Gay,3,0:26,LAC,shot,,,,,,,,,,Chris Kaman,,,,missed,,jump,20,14
Chris Kaman,Rasual Butler,Ricky Davis,Sebastian Telfair,Steve Novak,DeMarre Carroll,Hasheem Thabeet,Marcus Williams,O.J. Mayo,Rudy Gay,3,0:25,MEM,rebound,,,,,,,,,,DeMarre Carroll,,,,,,def,,
Chris Kaman,Rasual Butler,Ricky Davis,Sebastian Telfair,Steve Novak,DeMarre Carroll,Hasheem Thabeet,Marcus Williams,O.J. Mayo,Rudy Gay,3,0:04,MEM,shot,,,,,,,,,,Marcus Williams,,,,missed,,3pt,39,29
Chris Kaman,Rasual Butler,Ricky Davis,Sebastian Telfair,Steve Novak,DeMarre Carroll,Hasheem Thabeet,Marcus Williams,O.J. Mayo,Rudy Gay,3,0:02,MEM,rebound,,,,,,,,,,Hasheem Thabeet,,,,,,off,,
Chris Kaman,Rasual Butler,Ricky Davis,Sebastian Telfair,Steve Novak,DeMarre Carroll,Hasheem Thabeet,Marcus Williams,O.J. Mayo,Rudy Gay,3,0:02,MEM,shot,,,,,,,,,,Hasheem Thabeet,,,,missed,,tip,25,6
Chris Kaman,Rasual Butler,Ricky Davis,Sebastian Telfair,Steve Novak,DeMarre Carroll,Hasheem Thabeet,Marcus Williams,O.J. Mayo,Rudy Gay,3,0:00,LAC,rebound,,,,,,,,,,Chris Kaman,,,,,,def,,
Chris Kaman,Rasual Butler,Ricky Davis,Sebastian Telfair,Steve Novak,DeMarre Carroll,Hasheem Thabeet,Marcus Williams,O.J. Mayo,Rudy Gay,4,11:46,MEM,shot,,,,,,,,,,O.J. Mayo,,,,missed,,3pt,48,12
Chris Kaman,Rasual Butler,Ricky Davis,Sebastian Telfair,Steve Novak,DeMarre Carroll,Hasheem Thabeet,Marcus Williams,O.J. Mayo,Rudy Gay,4,11:44,LAC,rebound,,,,,,,,,,Sebastian Telfair,,,,,,def,,
Chris Kaman,Rasual Butler,Ricky Davis,Sebastian Telfair,Steve Novak,DeMarre Carroll,Hasheem Thabeet,Marcus Williams,O.J. Mayo,Rudy Gay,4,11:34,MEM,foul,,,,,,,,Ricky Davis,,DeMarre Carroll,,,,,,personal,,
Chris Kaman,Rasual Butler,Ricky Davis,Sebastian Telfair,Steve Novak,DeMarre Carroll,Hasheem Thabeet,Marcus Williams,O.J. Mayo,Rudy Gay,4,11:24,LAC,shot,,,,,,,,,,Ricky Davis,,,,missed,,3pt,48,12
Chris Kaman,Rasual Butler,Ricky Davis,Sebastian Telfair,Steve Novak,DeMarre Carroll,Hasheem Thabeet,Marcus Williams,O.J. Mayo,Rudy Gay,4,11:23,MEM,rebound,,,,,,,,,,O.J. Mayo,,,,,,def,,
Chris Kaman,Rasual Butler,Ricky Davis,Sebastian Telfair,Steve Novak,DeMarre Carroll,Hasheem Thabeet,Marcus Williams,O.J. Mayo,Rudy Gay,4,11:08,MEM,shot,,,,,,,,,,DeMarre Carroll,2,,,made,,driving finger roll layup,25,6
Chris Kaman,Rasual Butler,Ricky Davis,Sebastian Telfair,Steve Novak,DeMarre Carroll,Hasheem Thabeet,Marcus Williams,O.J. Mayo,Rudy Gay,4,10:57,LAC,shot,Sebastian Telfair,,,,,,,,,Rasual Butler,2,,,made,,jump,12,18
Chris Kaman,Rasual Butler,Ricky Davis,Sebastian Telfair,Steve Novak,DeMarre Carroll,Hasheem Thabeet,Marcus Williams,O.J. Mayo,Rudy Gay,4,10:44,MEM,shot,,,,,,,,,,DeMarre Carroll,,,,missed,,jump,38,7
Chris Kaman,Rasual Butler,Ricky Davis,Sebastian Telfair,Steve Novak,DeMarre Carroll,Hasheem Thabeet,Marcus Williams,O.J. Mayo,Rudy Gay,4,10:43,LAC,rebound,,,,,,,,,,Steve Novak,,,,,,def,,
Chris Kaman,Rasual Butler,Ricky Davis,Sebastian Telfair,Steve Novak,DeMarre Carroll,Hasheem Thabeet,Marcus Williams,O.J. Mayo,Rudy Gay,4,10:33,MEM,foul,,,,,,,,Chris Kaman,,Hasheem Thabeet,,,,,,personal,,
Chris Kaman,Mardy Collins,Ricky Davis,Sebastian Telfair,Steve Novak,DeMarre Carroll,Hasheem Thabeet,Marcus Williams,O.J. Mayo,Rudy Gay,4,10:33,LAC,sub,,,,Mardy Collins,,Rasual Butler,,,,,,,,,,,,
Craig Smith,Mardy Collins,Ricky Davis,Sebastian Telfair,Steve Novak,DeMarre Carroll,Hasheem Thabeet,Marcus Williams,O.J. Mayo,Rudy Gay,4,10:33,LAC,sub,,,,Craig Smith,,Chris Kaman,,,,,,,,,,,,
Craig Smith,Mardy Collins,Ricky Davis,Sebastian Telfair,Steve Novak,DeMarre Carroll,Hasheem Thabeet,Marcus Williams,O.J. Mayo,Rudy Gay,4,10:26,LAC,shot,Sebastian Telfair,,,,,,,,,Craig Smith,2,,,made,,dunk,25,6
Craig Smith,Mardy Collins,Ricky Davis,Sebastian Telfair,Steve Novak,DeMarre Carroll,Hasheem Thabeet,Marcus Williams,O.J. Mayo,Rudy Gay,4,10:06,MEM,shot,,,,,,,,,,O.J. Mayo,,,,missed,,3pt,11,27
Craig Smith,Mardy Collins,Ricky Davis,Sebastian Telfair,Steve Novak,DeMarre Carroll,Hasheem Thabeet,Marcus Williams,O.J. Mayo,Rudy Gay,4,10:04,LAC,rebound,,,,,,,,,,Mardy Collins,,,,,,def,,
Craig Smith,Mardy Collins,Ricky Davis,Sebastian Telfair,Steve Novak,DeMarre Carroll,Hasheem Thabeet,Marcus Williams,O.J. Mayo,Rudy Gay,4,9:54,LAC,shot,Mardy Collins,,,,,,,,,Ricky Davis,2,,,made,,jump,12,24
Craig Smith,Mardy Collins,Ricky Davis,Sebastian Telfair,Steve Novak,DeMarre Carroll,Hasheem Thabeet,Marcus Williams,O.J. Mayo,Rudy Gay,4,9:53,MEM,timeout,,,,,,,,,,,,,,,,regular,,
Craig Smith,Mardy Collins,Ricky Davis,Sebastian Telfair,Steve Novak,DeMarre Carroll,Marc Gasol,Marcus Williams,O.J. Mayo,Rudy Gay,4,9:53,MEM,sub,,,,Marc Gasol,,Hasheem Thabeet,,,,,,,,,,,,
Craig Smith,Mardy Collins,Ricky Davis,Sebastian Telfair,Steve Novak,DeMarre Carroll,Marc Gasol,Marcus Williams,O.J. Mayo,Rudy Gay,4,9:33,MEM,shot,,,,,,,,,,DeMarre Carroll,,,,missed,,driving layup,25,6
Craig Smith,Mardy Collins,Ricky Davis,Sebastian Telfair,Steve Novak,DeMarre Carroll,Marc Gasol,Marcus Williams,O.J. Mayo,Rudy Gay,4,9:31,MEM,rebound,,,,,,,,,,DeMarre Carroll,,,,,,off,,
Craig Smith,Mardy Collins,Ricky Davis,Sebastian Telfair,Steve Novak,DeMarre Carroll,Marc Gasol,Marcus Williams,O.J. Mayo,Rudy Gay,4,9:19,MEM,shot,Marcus Williams,,,,,,,,,Rudy Gay,2,,,made,,alley oop dunk,25,6
Craig Smith,Mardy Collins,Ricky Davis,Sebastian Telfair,Steve Novak,DeMarre Carroll,Marc Gasol,Marcus Williams,O.J. Mayo,Rudy Gay,4,8:57,LAC,shot,Craig Smith,,,,,,,,,Sebastian Telfair,3,,,made,,3pt,47,7
Craig Smith,Mardy Collins,Ricky Davis,Sebastian Telfair,Steve Novak,DeMarre Carroll,Marc Gasol,Marcus Williams,O.J. Mayo,Rudy Gay,4,8:35,MEM,shot,Marc Gasol,,,,,,,,,Marcus Williams,2,,,made,,jump,25,26
Craig Smith,Mardy Collins,Ricky Davis,Sebastian Telfair,Steve Novak,DeMarre Carroll,Marc Gasol,Marcus Williams,O.J. Mayo,Rudy Gay,4,8:19,LAC,shot,,,,,,,,,,Sebastian Telfair,2,,,made,,pullup jump,37,17
Craig Smith,Mardy Collins,Ricky Davis,Sebastian Telfair,Steve Novak,DeMarre Carroll,Marc Gasol,Marcus Williams,O.J. Mayo,Rudy Gay,4,7:58,LAC,foul,,,,,,,,Marc Gasol,,Sebastian Telfair,,,,,,personal,,
Craig Smith,Mardy Collins,Ricky Davis,Sebastian Telfair,Steve Novak,DeMarre Carroll,Marc Gasol,Marcus Williams,Rudy Gay,Sam Young,4,7:58,MEM,sub,,,,Sam Young,,O.J. Mayo,,,,,,,,,,,,
Craig Smith,Mardy Collins,Ricky Davis,Sebastian Telfair,Steve Novak,DeMarre Carroll,Marc Gasol,Marcus Williams,Rudy Gay,Sam Young,4,7:46,MEM,shot,,,,,,,,,,Rudy Gay,2,,,made,,pullup jump,40,15
Craig Smith,Mardy Collins,Ricky Davis,Sebastian Telfair,Steve Novak,DeMarre Carroll,Marc Gasol,Marcus Williams,Rudy Gay,Sam Young,4,7:26,LAC,foul,,,,,,,,DeMarre Carroll,,Craig Smith,,,,,,offensive,,
Craig Smith,Mardy Collins,Ricky Davis,Sebastian Telfair,Steve Novak,DeMarre Carroll,Marc Gasol,Marcus Williams,Rudy Gay,Sam Young,4,7:26,LAC,turnover,,,,,,,,,,Craig Smith,,,foul,,,,,
Craig Smith,Mardy Collins,Ricky Davis,Sebastian Telfair,Steve Novak,DeMarre Carroll,Marc Gasol,Marcus Williams,Rudy Gay,Sam Young,4,7:14,MEM,shot,Marc Gasol,,,,,,,,,DeMarre Carroll,2,,,made,,layup,25,6
Craig Smith,Mardy Collins,Ricky Davis,Sebastian Telfair,Steve Novak,DeMarre Carroll,Marc Gasol,Marcus Williams,Rudy Gay,Sam Young,4,6:59,LAC,shot,,,,,,,,,,Craig Smith,,,,missed,,layup,25,6
Craig Smith,Mardy Collins,Ricky Davis,Sebastian Telfair,Steve Novak,DeMarre Carroll,Marc Gasol,Marcus Williams,Rudy Gay,Sam Young,4,6:58,MEM,rebound,,,,,,,,,,Marc Gasol,,,,,,def,,
Craig Smith,Mardy Collins,Ricky Davis,Sebastian Telfair,Steve Novak,DeMarre Carroll,Marc Gasol,Marcus Williams,Rudy Gay,Sam Young,4,6:40,MEM,shot,,,,,,,,,,Rudy Gay,,,,missed,,step back jump,44,9
Craig Smith,Mardy Collins,Ricky Davis,Sebastian Telfair,Steve Novak,DeMarre Carroll,Marc Gasol,Marcus Williams,Rudy Gay,Sam Young,4,6:38,LAC,rebound,,,,,,,,,,Sebastian Telfair,,,,,,def,,
Craig Smith,Mardy Collins,Ricky Davis,Sebastian Telfair,Steve Novak,DeMarre Carroll,Marc Gasol,Marcus Williams,Rudy Gay,Sam Young,4,6:31,LAC,shot,,,,,,,,,,Sebastian Telfair,,,,missed,,fade away jumper,30,10
Craig Smith,Mardy Collins,Ricky Davis,Sebastian Telfair,Steve Novak,DeMarre Carroll,Marc Gasol,Marcus Williams,Rudy Gay,Sam Young,4,6:31,MEM,rebound,,,,,,,,,,,,,,,,,,
Craig Smith,Mardy Collins,Ricky Davis,Sebastian Telfair,Steve Novak,DeMarre Carroll,Marc Gasol,Marcus Williams,Rudy Gay,Sam Young,4,6:08,MEM,shot,Marc Gasol,,,,,,,,,Rudy Gay,2,,,made,,jump,28,9
Craig Smith,Mardy Collins,Ricky Davis,Sebastian Telfair,Steve Novak,DeMarre Carroll,Marc Gasol,Marcus Williams,Rudy Gay,Sam Young,4,6:08,LAC,foul,,,,,,,,Rudy Gay,,Steve Novak,,,,,,shooting,,
Craig Smith,DeAndre Jordan,Mardy Collins,Ricky Davis,Sebastian Telfair,DeMarre Carroll,Marc Gasol,Marcus Williams,Rudy Gay,Sam Young,4,6:08,LAC,sub,,,,DeAndre Jordan,,Steve Novak,,,,,,,,,,,,
Craig Smith,DeAndre Jordan,Mardy Collins,Ricky Davis,Sebastian Telfair,DeMarre Carroll,Marc Gasol,Marcus Williams,Rudy Gay,Sam Young,4,6:08,MEM,free throw,,,,,,,1,,1,Rudy Gay,,,foul,made,,,,
Craig Smith,DeAndre Jordan,Mardy Collins,Ricky Davis,Sebastian Telfair,DeMarre Carroll,Marc Gasol,Marcus Williams,Rudy Gay,Sam Young,4,5:58,LAC,shot,Ricky Davis,,,,,,,,,Craig Smith,2,,,made,,layup,25,6
Craig Smith,DeAndre Jordan,Mardy Collins,Ricky Davis,Sebastian Telfair,DeMarre Carroll,Marc Gasol,Marcus Williams,Rudy Gay,Sam Young,4,5:40,MEM,shot,,,,,,,,,,Sam Young,,,,missed,,3pt,2,7
Craig Smith,DeAndre Jordan,Mardy Collins,Ricky Davis,Sebastian Telfair,DeMarre Carroll,Marc Gasol,Marcus Williams,Rudy Gay,Sam Young,4,5:39,LAC,rebound,,,,,,,,,,Ricky Davis,,,,,,def,,
Craig Smith,DeAndre Jordan,Mardy Collins,Ricky Davis,Sebastian Telfair,DeMarre Carroll,Marc Gasol,Marcus Williams,Rudy Gay,Sam Young,4,5:39,LAC,timeout,,,,,,,,,,,,,,,,official,,
Craig Smith,DeAndre Jordan,Mardy Collins,Ricky Davis,Sebastian Telfair,DeMarre Carroll,Marc Gasol,Marcus Williams,Sam Young,Zach Randolph,4,5:39,MEM,sub,,,,Zach Randolph,,Rudy Gay,,,,,,,,,,,,
Craig Smith,DeAndre Jordan,Mardy Collins,Ricky Davis,Sebastian Telfair,DeMarre Carroll,Marc Gasol,Mike Conley,Sam Young,Zach Randolph,4,5:39,MEM,sub,,,,Mike Conley,,Marcus Williams,,,,,,,,,,,,
Craig Smith,DeAndre Jordan,Mardy Collins,Ricky Davis,Sebastian Telfair,DeMarre Carroll,Marc Gasol,Mike Conley,Sam Young,Zach Randolph,4,5:20,LAC,shot,,,,,,,,,,Ricky Davis,2,,,made,,jump bank,39,17
Craig Smith,DeAndre Jordan,Mardy Collins,Ricky Davis,Sebastian Telfair,DeMarre Carroll,Marc Gasol,Mike Conley,Sam Young,Zach Randolph,4,5:11,LAC,foul,,,,,,,,Mike Conley,,Sebastian Telfair,,,,,,shooting,,
Craig Smith,DeAndre Jordan,Mardy Collins,Ricky Davis,Sebastian Telfair,DeMarre Carroll,Marc Gasol,Mike Conley,Sam Young,Zach Randolph,4,5:11,MEM,free throw,,,,,,,1,,2,Mike Conley,,,foul,missed,,,,
Craig Smith,DeAndre Jordan,Mardy Collins,Ricky Davis,Sebastian Telfair,DeMarre Carroll,Marc Gasol,Mike Conley,Sam Young,Zach Randolph,4,5:11,MEM,rebound,,,,,,,,,,,,,,,,,,
Craig Smith,DeAndre Jordan,Mardy Collins,Ricky Davis,Sebastian Telfair,DeMarre Carroll,Marc Gasol,Mike Conley,Sam Young,Zach Randolph,4,5:11,MEM,free throw,,,,,,,2,,2,Mike Conley,,,foul,made,,,,
Craig Smith,DeAndre Jordan,Mardy Collins,Ricky Davis,Sebastian Telfair,DeMarre Carroll,Marc Gasol,Mike Conley,Sam Young,Zach Randolph,4,4:57,LAC,shot,Sebastian Telfair,,,,,,,,,DeAndre Jordan,2,,,made,,alley oop layup,25,6
Craig Smith,DeAndre Jordan,Mardy Collins,Ricky Davis,Sebastian Telfair,DeMarre Carroll,Marc Gasol,Mike Conley,Sam Young,Zach Randolph,4,4:43,MEM,shot,,,,,,,,,,Sam Young,,,,missed,,dunk,25,6
Craig Smith,DeAndre Jordan,Mardy Collins,Ricky Davis,Sebastian Telfair,DeMarre Carroll,Marc Gasol,Mike Conley,Sam Young,Zach Randolph,4,4:41,LAC,rebound,,,,,,,,,,Mardy Collins,,,,,,def,,
Craig Smith,DeAndre Jordan,Mardy Collins,Ricky Davis,Sebastian Telfair,DeMarre Carroll,Marc Gasol,Mike Conley,Sam Young,Zach Randolph,4,4:38,MEM,foul,,,,,,,,Mardy Collins,,DeMarre Carroll,,,,,,personal,,
Craig Smith,DeAndre Jordan,Mardy Collins,Ricky Davis,Sebastian Telfair,DeMarre Carroll,Marc Gasol,Mike Conley,Sam Young,Zach Randolph,4,4:31,LAC,turnover,,,,,,,,,,DeAndre Jordan,,,out of bounds lost ball turnover,,,,,
Craig Smith,DeAndre Jordan,Mardy Collins,Ricky Davis,Sebastian Telfair,DeMarre Carroll,Marc Gasol,Mike Conley,Sam Young,Zach Randolph,4,4:18,MEM,turnover,,,,,,,,,,Mike Conley,,,lost ball,,Craig Smith,,,
Craig Smith,DeAndre Jordan,Mardy Collins,Ricky Davis,Sebastian Telfair,DeMarre Carroll,Marc Gasol,Mike Conley,Sam Young,Zach Randolph,4,4:18,MEM,foul,,,,,,,,Craig Smith,,Mike Conley,,,,,,personal,,
Craig Smith,DeAndre Jordan,Mardy Collins,Ricky Davis,Sebastian Telfair,Marc Gasol,Mike Conley,O.J. Mayo,Sam Young,Zach Randolph,4,4:18,MEM,sub,,,,O.J. Mayo,,DeMarre Carroll,,,,,,,,,,,,
Craig Smith,DeAndre Jordan,Mardy Collins,Ricky Davis,Sebastian Telfair,Marc Gasol,Marcus Williams,O.J. Mayo,Sam Young,Zach Randolph,4,4:18,MEM,sub,,,,Marcus Williams,,Mike Conley,,,,,,,,,,,,
Craig Smith,DeAndre Jordan,Mardy Collins,Ricky Davis,Sebastian Telfair,Marc Gasol,Marcus Williams,O.J. Mayo,Sam Young,Zach Randolph,4,4:10,LAC,shot,Sebastian Telfair,,,,,,,,,Ricky Davis,2,,,made,,pullup jump,34,21
Craig Smith,DeAndre Jordan,Mardy Collins,Ricky Davis,Sebastian Telfair,Marc Gasol,Marcus Williams,O.J. Mayo,Sam Young,Zach Randolph,4,3:44,MEM,shot,,,,,,,,,,O.J. Mayo,2,,,made,,floating jump,25,10
Craig Smith,DeAndre Jordan,Mardy Collins,Ricky Davis,Sebastian Telfair,Marc Gasol,Marcus Williams,O.J. Mayo,Sam Young,Zach Randolph,4,3:26,LAC,shot,,,,,,,,,,Sebastian Telfair,,,,missed,,3pt,11,28
Craig Smith,DeAndre Jordan,Mardy Collins,Ricky Davis,Sebastian Telfair,Marc Gasol,Marcus Williams,O.J. Mayo,Sam Young,Zach Randolph,4,3:23,LAC,rebound,,,,,,,,,,Sebastian Telfair,,,,,,off,,
Craig Smith,DeAndre Jordan,Mardy Collins,Ricky Davis,Sebastian Telfair,Marc Gasol,Marcus Williams,O.J. Mayo,Sam Young,Zach Randolph,4,3:18,LAC,shot,,,,,,,,,,Mardy Collins,,,,missed,,pullup jump,16,20
Craig Smith,DeAndre Jordan,Mardy Collins,Ricky Davis,Sebastian Telfair,Marc Gasol,Marcus Williams,O.J. Mayo,Sam Young,Zach Randolph,4,3:15,MEM,rebound,,,,,,,,,,Zach Randolph,,,,,,def,,
Craig Smith,DeAndre Jordan,Mardy Collins,Ricky Davis,Sebastian Telfair,Marc Gasol,Marcus Williams,O.J. Mayo,Sam Young,Zach Randolph,4,3:04,MEM,shot,O.J. Mayo,,,,,,,,,Sam Young,2,,,made,,jump bank,39,15
Craig Smith,DeAndre Jordan,Mardy Collins,Ricky Davis,Sebastian Telfair,Marc Gasol,Marcus Williams,O.J. Mayo,Sam Young,Zach Randolph,4,2:48,LAC,shot,,,,,,,,,,Ricky Davis,,,,missed,,jump,38,19
Craig Smith,DeAndre Jordan,Mardy Collins,Ricky Davis,Sebastian Telfair,Marc Gasol,Marcus Williams,O.J. Mayo,Sam Young,Zach Randolph,4,2:46,MEM,rebound,,,,,,,,,,Zach Randolph,,,,,,def,,
Craig Smith,DeAndre Jordan,Mardy Collins,Ricky Davis,Sebastian Telfair,Marc Gasol,Marcus Williams,O.J. Mayo,Sam Young,Zach Randolph,4,2:33,MEM,shot,Marc Gasol,,,,,,,,,Zach Randolph,2,,,made,,dunk,25,6
Craig Smith,DeAndre Jordan,Mardy Collins,Ricky Davis,Sebastian Telfair,Marc Gasol,Marcus Williams,O.J. Mayo,Sam Young,Zach Randolph,4,2:12,LAC,shot,,,,,,,,,,Ricky Davis,2,,,made,,jump,44,7
Craig Smith,DeAndre Jordan,Mardy Collins,Ricky Davis,Sebastian Telfair,Marc Gasol,Marcus Williams,O.J. Mayo,Sam Young,Zach Randolph,4,1:52,MEM,turnover,,,,,,,,,,Marcus Williams,,,out of bounds lost ball turnover,,,,,
Craig Smith,DeAndre Jordan,Mardy Collins,Ricky Davis,Sebastian Telfair,Marc Gasol,Marcus Williams,O.J. Mayo,Sam Young,Zach Randolph,4,1:52,LAC,timeout,,,,,,,,,,,,,,,,regular,,
Craig Smith,DeAndre Jordan,Mardy Collins,Ricky Davis,Sebastian Telfair,Hamed Haddadi,Marc Gasol,Marcus Williams,O.J. Mayo,Sam Young,4,1:52,MEM,sub,,,,Hamed Haddadi,,Zach Randolph,,,,,,,,,,,,
Craig Smith,DeAndre Jordan,Mardy Collins,Ricky Davis,Sebastian Telfair,Hamed Haddadi,Marcus Williams,O.J. Mayo,Rudy Gay,Sam Young,4,1:52,MEM,sub,,,,Rudy Gay,,Marc Gasol,,,,,,,,,,,,
Craig Smith,DeAndre Jordan,Mardy Collins,Ricky Davis,Sebastian Telfair,DeMarre Carroll,Hamed Haddadi,Marcus Williams,O.J. Mayo,Rudy Gay,4,1:52,MEM,sub,,,,DeMarre Carroll,,Sam Young,,,,,,,,,,,,
Craig Smith,DeAndre Jordan,Mardy Collins,Ricky Davis,Sebastian Telfair,DeMarre Carroll,Hamed Haddadi,Marcus Williams,O.J. Mayo,Rudy Gay,4,1:36,LAC,shot,,,,,,,,,,Ricky Davis,2,,,made,,pullup jump,38,16
Craig Smith,DeAndre Jordan,Mardy Collins,Ricky Davis,Sebastian Telfair,DeMarre Carroll,Hamed Haddadi,Marcus Williams,O.J. Mayo,Rudy Gay,4,1:26,MEM,turnover,,,,,,,,,,Hamed Haddadi,,,lost ball,,DeAndre Jordan,,,
Craig Smith,DeAndre Jordan,Mardy Collins,Ricky Davis,Sebastian Telfair,DeMarre Carroll,Hamed Haddadi,Marcus Williams,O.J. Mayo,Rudy Gay,4,1:23,LAC,shot,,,,,,,,,,Mardy Collins,2,,,made,,dunk,25,6
Craig Smith,DeAndre Jordan,Mardy Collins,Ricky Davis,Sebastian Telfair,DeMarre Carroll,Hamed Haddadi,Marcus Williams,O.J. Mayo,Rudy Gay,4,1:13,LAC,foul,,,,,,,,Marcus Williams,,Sebastian Telfair,,,,,,personal,,
Craig Smith,DeAndre Jordan,Mardy Collins,Ricky Davis,Sebastian Telfair,DeMarre Carroll,Hamed Haddadi,Jamaal Tinsley,O.J. Mayo,Rudy Gay,4,1:13,MEM,sub,,,,Jamaal Tinsley,,Marcus Williams,,,,,,,,,,,,
Craig Smith,DeAndre Jordan,Mardy Collins,Ricky Davis,Sebastian Telfair,DeMarre Carroll,Hamed Haddadi,Jamaal Tinsley,O.J. Mayo,Sam Young,4,1:13,MEM,sub,,,,Sam Young,,Rudy Gay,,,,,,,,,,,,
Craig Smith,DeAndre Jordan,Mardy Collins,Ricky Davis,Sebastian Telfair,DeMarre Carroll,Hamed Haddadi,Jamaal Tinsley,O.J. Mayo,Sam Young,4,1:04,MEM,shot,Hamed Haddadi,,,,,,,,,Sam Young,2,,,made,,layup,25,6
Craig Smith,DeAndre Jordan,Mardy Collins,Ricky Davis,Sebastian Telfair,DeMarre Carroll,Hamed Haddadi,Jamaal Tinsley,O.J. Mayo,Sam Young,4,0:50,LAC,shot,Ricky Davis,,,,,,,,,Craig Smith,2,,,made,,layup,25,6
Craig Smith,DeAndre Jordan,Mardy Collins,Ricky Davis,Sebastian Telfair,DeMarre Carroll,Hamed Haddadi,Jamaal Tinsley,O.J. Mayo,Sam Young,4,0:31,MEM,shot,,,,,,,,,,Hamed Haddadi,,,,missed,,jump,36,17
Craig Smith,DeAndre Jordan,Mardy Collins,Ricky Davis,Sebastian Telfair,DeMarre Carroll,Hamed Haddadi,Jamaal Tinsley,O.J. Mayo,Sam Young,4,0:30,LAC,rebound,,,,,,,,,,Mardy Collins,,,,,,def,,
Craig Smith,DeAndre Jordan,Mardy Collins,Ricky Davis,Sebastian Telfair,DeMarre Carroll,Hamed Haddadi,Jamaal Tinsley,O.J. Mayo,Sam Young,4,0:21,LAC,shot,,,,,,,,,,Mardy Collins,,,,missed,,step back jump,13,18
Craig Smith,DeAndre Jordan,Mardy Collins,Ricky Davis,Sebastian Telfair,DeMarre Carroll,Hamed Haddadi,Jamaal Tinsley,O.J. Mayo,Sam Young,4,0:19,MEM,rebound,,,,,,,,,,DeMarre Carroll,,,,,,def,,
Craig Smith,DeAndre Jordan,Mardy Collins,Ricky Davis,Sebastian Telfair,DeMarre Carroll,Hamed Haddadi,Jamaal Tinsley,O.J. Mayo,Sam Young,4,0:19,LAC,foul,,,,,,,,DeMarre Carroll,,Craig Smith,,,,,,loose ball,,
Craig Smith,DeAndre Jordan,Mardy Collins,Ricky Davis,Sebastian Telfair,DeMarre Carroll,Hamed Haddadi,Jamaal Tinsley,O.J. Mayo,Sam Young,4,0:19,MEM,free throw,,,,,,,1,,2,DeMarre Carroll,,,foul,made,,,,
Craig Smith,DeAndre Jordan,Mardy Collins,Ricky Davis,Sebastian Telfair,DeMarre Carroll,Hamed Haddadi,Jamaal Tinsley,O.J. Mayo,Sam Young,4,0:19,MEM,free throw,,,,,,,2,,2,DeMarre Carroll,,,foul,made,,,,
Craig Smith,DeAndre Jordan,Mardy Collins,Ricky Davis,Sebastian Telfair,DeMarre Carroll,Hamed Haddadi,Jamaal Tinsley,O.J. Mayo,Sam Young,4,0:10,LAC,shot,,,,,,,,,,Ricky Davis,,,,missed,,driving layup,25,6
Craig Smith,DeAndre Jordan,Mardy Collins,Ricky Davis,Sebastian Telfair,DeMarre Carroll,Hamed Haddadi,Jamaal Tinsley,O.J. Mayo,Sam Young,4,0:08,LAC,rebound,,,,,,,,,,DeAndre Jordan,,,,,,off,,
Craig Smith,DeAndre Jordan,Mardy Collins,Ricky Davis,Sebastian Telfair,DeMarre Carroll,Hamed Haddadi,Jamaal Tinsley,O.J. Mayo,Sam Young,4,0:08,LAC,shot,,,,,,,,,,DeAndre Jordan,,,,missed,,putback dunk,25,6
Craig Smith,DeAndre Jordan,Mardy Collins,Ricky Davis,Sebastian Telfair,DeMarre Carroll,Hamed Haddadi,Jamaal Tinsley,O.J. Mayo,Sam Young,4,0:06,MEM,rebound,,,,,,,,,,Jamaal Tinsley,,,,,,def,,
