a1,a2,a3,a4,a5,h1,h2,h3,h4,h5,period,time,team,etype,assist,away,block,entered,home,left,num,opponent,outof,player,points,possession,reason,result,steal,type,x,y
Andre Iguodala,Elton Brand,Samuel Dalembert,Thaddeus Young,Willie Green,Boris Diaw,Gerald Wallace,Raymond Felton,Stephen Jackson,Tyson Chandler,1,12:00,OFF,jump ball,,Samuel Dalembert,,,Tyson Chandler,,,,,,,Elton Brand,,,,,,
Andre Iguodala,Elton Brand,Samuel Dalembert,Thaddeus Young,Willie Green,Boris Diaw,Gerald Wallace,Raymond Felton,Stephen Jackson,Tyson Chandler,1,11:42,PHI,shot,,,,,,,,,,Andre Iguodala,,,,missed,,jump,12,18
Andre Iguodala,Elton Brand,Samuel Dalembert,Thaddeus Young,Willie Green,Boris Diaw,Gerald Wallace,Raymond Felton,Stephen Jackson,Tyson Chandler,1,11:40,CHA,rebound,,,,,,,,,,Tyson Chandler,,,,,,def,,
Andre Iguodala,Elton Brand,Samuel Dalembert,Thaddeus Young,Willie Green,Boris Diaw,Gerald Wallace,Raymond Felton,Stephen Jackson,Tyson Chandler,1,11:25,CHA,shot,,,,,,,,,,Gerald Wallace,,,,missed,,jump,41,17
Andre Iguodala,Elton Brand,Samuel Dalembert,Thaddeus Young,Willie Green,Boris Diaw,Gerald Wallace,Raymond Felton,Stephen Jackson,Tyson Chandler,1,11:24,CHA,rebound,,,,,,,,,,Boris Diaw,,,,,,off,,
Andre Iguodala,Elton Brand,Samuel Dalembert,Thaddeus Young,Willie Green,Boris Diaw,Gerald Wallace,Raymond Felton,Stephen Jackson,Tyson Chandler,1,11:20,CHA,shot,,,,,,,,,,Boris Diaw,2,,,made,,driving layup,25,6
Andre Iguodala,Elton Brand,Samuel Dalembert,Thaddeus Young,Willie Green,Boris Diaw,Gerald Wallace,Raymond Felton,Stephen Jackson,Tyson Chandler,1,11:01,PHI,shot,,,,,,,,,,Willie Green,2,,,made,,fade away jumper,27,14
Andre Iguodala,Elton Brand,Samuel Dalembert,Thaddeus Young,Willie Green,Boris Diaw,Gerald Wallace,Raymond Felton,Stephen Jackson,Tyson Chandler,1,10:45,CHA,shot,,,,,,,,,,Raymond Felton,,,,missed,,jump,6,15
Andre Iguodala,Elton Brand,Samuel Dalembert,Thaddeus Young,Willie Green,Boris Diaw,Gerald Wallace,Raymond Felton,Stephen Jackson,Tyson Chandler,1,10:43,PHI,rebound,,,,,,,,,,Thaddeus Young,,,,,,def,,
Andre Iguodala,Elton Brand,Samuel Dalembert,Thaddeus Young,Willie Green,Boris Diaw,Gerald Wallace,Raymond Felton,Stephen Jackson,Tyson Chandler,1,10:30,PHI,shot,Samuel Dalembert,,,,,,,,,Andre Iguodala,3,,,made,,3pt,9,26
Andre Iguodala,Elton Brand,Samuel Dalembert,Thaddeus Young,Willie Green,Boris Diaw,Gerald Wallace,Raymond Felton,Stephen Jackson,Tyson Chandler,1,10:15,CHA,shot,,,Elton Brand,,,,,,,Tyson Chandler,,,,missed,,layup,25,6
Andre Iguodala,Elton Brand,Samuel Dalembert,Thaddeus Young,Willie Green,Boris Diaw,Gerald Wallace,Raymond Felton,Stephen Jackson,Tyson Chandler,1,10:13,PHI,rebound,,,,,,,,,,Thaddeus Young,,,,,,def,,
Andre Iguodala,Elton Brand,Samuel Dalembert,Thaddeus Young,Willie Green,Boris Diaw,Gerald Wallace,Raymond Felton,Stephen Jackson,Tyson Chandler,1,10:08,PHI,shot,,,,,,,,,,Thaddeus Young,2,,,made,,driving layup,25,6
Andre Iguodala,Elton Brand,Samuel Dalembert,Thaddeus Young,Willie Green,Boris Diaw,Gerald Wallace,Raymond Felton,Stephen Jackson,Tyson Chandler,1,9:50,CHA,turnover,,,,,,,,,,Stephen Jackson,,,bad pass,,,,,
Andre Iguodala,Elton Brand,Samuel Dalembert,Thaddeus Young,Willie Green,Boris Diaw,Gerald Wallace,Raymond Felton,Stephen Jackson,Tyson Chandler,1,9:36,PHI,shot,,,,,,,,,,Thaddeus Young,,,,missed,,3pt,24,32
Andre Iguodala,Elton Brand,Samuel Dalembert,Thaddeus Young,Willie Green,Boris Diaw,Gerald Wallace,Raymond Felton,Stephen Jackson,Tyson Chandler,1,9:34,CHA,rebound,,,,,,,,,,Tyson Chandler,,,,,,def,,
Andre Iguodala,Elton Brand,Samuel Dalembert,Thaddeus Young,Willie Green,Boris Diaw,Gerald Wallace,Raymond Felton,Stephen Jackson,Tyson Chandler,1,9:29,CHA,turnover,,,,,,,,,,Raymond Felton,,,bad pass,,,,,
Andre Iguodala,Elton Brand,Samuel Dalembert,Thaddeus Young,Willie Green,Boris Diaw,Gerald Wallace,Raymond Felton,Stephen Jackson,Tyson Chandler,1,9:16,CHA,foul,,,,,,,,Elton Brand,,Raymond Felton,,,,,,shooting,,
Andre Iguodala,Elton Brand,Samuel Dalembert,Thaddeus Young,Willie Green,Boris Diaw,Gerald Wallace,Raymond Felton,Stephen Jackson,Tyson Chandler,1,9:16,PHI,free throw,,,,,,,1,,2,Elton Brand,,,foul,missed,,,,
Andre Iguodala,Elton Brand,Samuel Dalembert,Thaddeus Young,Willie Green,Boris Diaw,Gerald Wallace,Raymond Felton,Stephen Jackson,Tyson Chandler,1,9:16,PHI,rebound,,,,,,,,,,,,,,,,,,
Andre Iguodala,Elton Brand,Samuel Dalembert,Thaddeus Young,Willie Green,Boris Diaw,Gerald Wallace,Raymond Felton,Stephen Jackson,Tyson Chandler,1,9:16,PHI,free throw,,,,,,,2,,2,Elton Brand,,,foul,missed,,,,
Andre Iguodala,Elton Brand,Samuel Dalembert,Thaddeus Young,Willie Green,Boris Diaw,Gerald Wallace,Raymond Felton,Stephen Jackson,Tyson Chandler,1,9:15,CHA,rebound,,,,,,,,,,Gerald Wallace,,,,,,def,,
Andre Iguodala,Elton Brand,Samuel Dalembert,Thaddeus Young,Willie Green,Boris Diaw,Gerald Wallace,Raymond Felton,Stephen Jackson,Tyson Chandler,1,8:54,CHA,turnover,,,,,,,,,,Tyson Chandler,,,3 second violation,,,,,
Andre Iguodala,Elton Brand,Samuel Dalembert,Thaddeus Young,Willie Green,Boris Diaw,Gerald Wallace,Raymond Felton,Stephen Jackson,Tyson Chandler,1,8:31,CHA,foul,,,,,,,,Samuel Dalembert,,Tyson Chandler,,,,,,shooting,,
Andre Iguodala,Elton Brand,Samuel Dalembert,Thaddeus Young,Willie Green,Boris Diaw,Gerald Wallace,Raymond Felton,Stephen Jackson,Tyson Chandler,1,8:31,PHI,free throw,,,,,,,1,,2,Samuel Dalembert,,,foul,made,,,,
Andre Iguodala,Elton Brand,Samuel Dalembert,Thaddeus Young,Willie Green,Boris Diaw,Gerald Wallace,Raymond Felton,Stephen Jackson,Tyson Chandler,1,8:31,PHI,free throw,,,,,,,2,,2,Samuel Dalembert,,,foul,made,,,,
Andre Iguodala,Elton Brand,Samuel Dalembert,Thaddeus Young,Willie Green,Boris Diaw,Gerald Wallace,Raymond Felton,Stephen Jackson,Tyson Chandler,1,8:14,CHA,shot,Tyson Chandler,,,,,,,,,Stephen Jackson,2,,,made,,jump,25,21
Andre Iguodala,Elton Brand,Samuel Dalembert,Thaddeus Young,Willie Green,Boris Diaw,Gerald Wallace,Raymond Felton,Stephen Jackson,Tyson Chandler,1,8:02,PHI,turnover,,,,,,,,,,Andre Iguodala,,,traveling,,,,,
Andre Iguodala,Elton Brand,Samuel Dalembert,Thaddeus Young,Willie Green,Boris Diaw,Gerald Wallace,Raymond Felton,Stephen Jackson,Tyson Chandler,1,7:50,CHA,shot,Boris Diaw,,,,,,,,,Gerald Wallace,2,,,made,,layup,25,6
Andre Iguodala,Elton Brand,Samuel Dalembert,Thaddeus Young,Willie Green,Boris Diaw,Gerald Wallace,Raymond Felton,Stephen Jackson,Tyson Chandler,1,7:39,PHI,shot,,,,,,,,,,Thaddeus Young,,,,missed,,layup,25,6
Andre Iguodala,Elton Brand,Samuel Dalembert,Thaddeus Young,Willie Green,Boris Diaw,Gerald Wallace,Raymond Felton,Stephen Jackson,Tyson Chandler,1,7:38,CHA,rebound,,,,,,,,,,Tyson Chandler,,,,,,def,,
Andre Iguodala,Elton Brand,Samuel Dalembert,Thaddeus Young,Willie Green,Boris Diaw,Gerald Wallace,Raymond Felton,Stephen Jackson,Tyson Chandler,1,7:33,CHA,turnover,,,,,,,,,,Stephen Jackson,,,bad pass,,,,,
Andre Iguodala,Elton Brand,Samuel Dalembert,Thaddeus Young,Willie Green,Boris Diaw,Gerald Wallace,Raymond Felton,Stephen Jackson,Tyson Chandler,1,7:21,PHI,turnover,,,,,,,,,,Samuel Dalembert,,,bad pass,,,,,
Andre Iguodala,Elton Brand,Samuel Dalembert,Thaddeus Young,Willie Green,Boris Diaw,Gerald Wallace,Raymond Felton,Stephen Jackson,Tyson Chandler,1,7:11,CHA,shot,Raymond Felton,,,,,,,,,Boris Diaw,3,,,made,,3pt,11,27
Andre Iguodala,Elton Brand,Samuel Dalembert,Thaddeus Young,Willie Green,Boris Diaw,Gerald Wallace,Raymond Felton,Stephen Jackson,Tyson Chandler,1,6:48,PHI,shot,,,,,,,,,,Willie Green,,,,missed,,3pt,37,28
Andre Iguodala,Elton Brand,Samuel Dalembert,Thaddeus Young,Willie Green,Boris Diaw,Gerald Wallace,Raymond Felton,Stephen Jackson,Tyson Chandler,1,6:46,CHA,rebound,,,,,,,,,,Gerald Wallace,,,,,,def,,
Andre Iguodala,Elton Brand,Samuel Dalembert,Thaddeus Young,Willie Green,Boris Diaw,Gerald Wallace,Raymond Felton,Stephen Jackson,Tyson Chandler,1,6:31,CHA,shot,Raymond Felton,,,,,,,,,Stephen Jackson,3,,,made,,3pt,31,30
Andre Iguodala,Elton Brand,Samuel Dalembert,Thaddeus Young,Willie Green,Boris Diaw,Gerald Wallace,Raymond Felton,Stephen Jackson,Tyson Chandler,1,6:31,PHI,timeout,,,,,,,,,,,,,,,,regular,,
Andre Iguodala,Elton Brand,Samuel Dalembert,Thaddeus Young,Willie Green,Boris Diaw,Gerald Wallace,Raymond Felton,Stephen Jackson,Tyson Chandler,1,6:09,PHI,shot,,,,,,,,,,Elton Brand,,,,missed,,jump,36,12
Andre Iguodala,Elton Brand,Samuel Dalembert,Thaddeus Young,Willie Green,Boris Diaw,Gerald Wallace,Raymond Felton,Stephen Jackson,Tyson Chandler,1,6:08,PHI,rebound,,,,,,,,,,Samuel Dalembert,,,,,,off,,
Andre Iguodala,Elton Brand,Samuel Dalembert,Thaddeus Young,Willie Green,Boris Diaw,Gerald Wallace,Raymond Felton,Stephen Jackson,Tyson Chandler,1,6:04,PHI,shot,Samuel Dalembert,,,,,,,,,Thaddeus Young,3,,,made,,3pt,38,29
Andre Iguodala,Elton Brand,Samuel Dalembert,Thaddeus Young,Willie Green,Boris Diaw,Gerald Wallace,Raymond Felton,Stephen Jackson,Tyson Chandler,1,5:44,CHA,shot,,,Elton Brand,,,,,,,Gerald Wallace,,,,missed,,layup,25,6
Andre Iguodala,Elton Brand,Samuel Dalembert,Thaddeus Young,Willie Green,Boris Diaw,Gerald Wallace,Raymond Felton,Stephen Jackson,Tyson Chandler,1,5:44,CHA,rebound,,,,,,,,,,,,,,,,,,
Andre Iguodala,Elton Brand,Samuel Dalembert,Thaddeus Young,Willie Green,Boris Diaw,Gerald Wallace,Raymond Felton,Stephen Jackson,Tyson Chandler,1,5:36,CHA,shot,Stephen Jackson,,,,,,,,,Boris Diaw,3,,,made,,3pt,2,8
Andre Iguodala,Elton Brand,Samuel Dalembert,Thaddeus Young,Willie Green,Boris Diaw,Gerald Wallace,Raymond Felton,Stephen Jackson,Tyson Chandler,1,5:15,PHI,shot,Willie Green,,,,,,,,,Elton Brand,2,,,made,,turnaround jump,12,12
Andre Iguodala,Elton Brand,Samuel Dalembert,Thaddeus Young,Willie Green,Boris Diaw,Gerald Wallace,Raymond Felton,Stephen Jackson,Tyson Chandler,1,5:03,CHA,shot,Raymond Felton,,,,,,,,,Boris Diaw,3,,,made,,3pt,6,26
Andre Iguodala,Elton Brand,Samuel Dalembert,Thaddeus Young,Willie Green,Boris Diaw,Gerald Wallace,Raymond Felton,Stephen Jackson,Tyson Chandler,1,4:38,PHI,shot,,,,,,,,,,Elton Brand,,,,missed,,turnaround jump,39,10
Andre Iguodala,Elton Brand,Samuel Dalembert,Thaddeus Young,Willie Green,Boris Diaw,Gerald Wallace,Raymond Felton,Stephen Jackson,Tyson Chandler,1,4:36,CHA,rebound,,,,,,,,,,Tyson Chandler,,,,,,def,,
Andre Iguodala,Elton Brand,Samuel Dalembert,Thaddeus Young,Willie Green,Boris Diaw,Gerald Wallace,Raymond Felton,Stephen Jackson,Tyson Chandler,1,4:31,CHA,shot,,,,,,,,,,Raymond Felton,,,,missed,,layup,25,6
Andre Iguodala,Elton Brand,Samuel Dalembert,Thaddeus Young,Willie Green,Boris Diaw,Gerald Wallace,Raymond Felton,Stephen Jackson,Tyson Chandler,1,4:29,PHI,rebound,,,,,,,,,,Samuel Dalembert,,,,,,def,,
Andre Iguodala,Elton Brand,Samuel Dalembert,Thaddeus Young,Willie Green,Boris Diaw,Gerald Wallace,Raymond Felton,Stephen Jackson,Tyson Chandler,1,4:27,CHA,foul,,,,,,,,Thaddeus Young,,Boris Diaw,,,,,,shooting,,
Andre Iguodala,Elton Brand,Samuel Dalembert,Thaddeus Young,Willie Green,Boris Diaw,Gerald Wallace,Raymond Felton,Stephen Jackson,Tyson Chandler,1,4:27,PHI,free throw,,,,,,,1,,2,Thaddeus Young,,,foul,made,,,,
Andre Iguodala,Elton Brand,Samuel Dalembert,Thaddeus Young,Willie Green,Boris Diaw,Gerald Wallace,Raymond Felton,Stephen Jackson,Tyson Chandler,1,4:27,PHI,free throw,,,,,,,2,,2,Thaddeus Young,,,foul,missed,,,,
Andre Iguodala,Elton Brand,Samuel Dalembert,Thaddeus Young,Willie Green,Boris Diaw,Gerald Wallace,Raymond Felton,Stephen Jackson,Tyson Chandler,1,4:25,CHA,rebound,,,,,,,,,,Gerald Wallace,,,,,,def,,
Andre Iguodala,Elton Brand,Samuel Dalembert,Thaddeus Young,Willie Green,Boris Diaw,Gerald Wallace,Raymond Felton,Stephen Jackson,Tyson Chandler,1,4:14,CHA,shot,Gerald Wallace,,,,,,,,,Tyson Chandler,2,,,made,,dunk,25,6
Andre Iguodala,Elton Brand,Samuel Dalembert,Thaddeus Young,Willie Green,Boris Diaw,Gerald Wallace,Raymond Felton,Stephen Jackson,Tyson Chandler,1,4:04,PHI,shot,,,,,,,,,,Willie Green,2,,,made,,jump,41,9
Andre Iguodala,Elton Brand,Samuel Dalembert,Thaddeus Young,Willie Green,Boris Diaw,Gerald Wallace,Raymond Felton,Stephen Jackson,Tyson Chandler,1,4:03,CHA,turnover,,,,,,,,,,Tyson Chandler,,,step out of bounds turnover,,,,,
Andre Iguodala,Elton Brand,Samuel Dalembert,Thaddeus Young,Willie Green,Boris Diaw,Gerald Wallace,Raymond Felton,Stephen Jackson,Tyson Chandler,1,3:58,PHI,shot,Andre Iguodala,,,,,,,,,Elton Brand,2,,,made,,jump,22,17
Andre Iguodala,Elton Brand,Samuel Dalembert,Thaddeus Young,Willie Green,Boris Diaw,Gerald Wallace,Raymond Felton,Stephen Jackson,Tyson Chandler,1,3:31,CHA,shot,,,,,,,,,,Gerald Wallace,,,,missed,,layup,25,6
Andre Iguodala,Elton Brand,Samuel Dalembert,Thaddeus Young,Willie Green,Boris Diaw,Gerald Wallace,Raymond Felton,Stephen Jackson,Tyson Chandler,1,3:31,CHA,rebound,,,,,,,,,,Tyson Chandler,,,,,,off,,
Andre Iguodala,Elton Brand,Samuel Dalembert,Thaddeus Young,Willie Green,Boris Diaw,Gerald Wallace,Raymond Felton,Stephen Jackson,Tyson Chandler,1,3:31,CHA,shot,,,,,,,,,,Tyson Chandler,2,,,made,,layup,25,6
Andre Iguodala,Elton Brand,Samuel Dalembert,Thaddeus Young,Willie Green,Boris Diaw,Gerald Wallace,Raymond Felton,Stephen Jackson,Tyson Chandler,1,3:31,PHI,foul,,,,,,,,Tyson Chandler,,Andre Iguodala,,,,,,shooting,,
Andre Iguodala,Elton Brand,Samuel Dalembert,Thaddeus Young,Willie Green,Boris Diaw,Gerald Wallace,Ronald Murray,Stephen Jackson,Tyson Chandler,1,3:31,CHA,sub,,,,Ronald Murray,,Raymond Felton,,,,,,,,,,,,
Andre Iguodala,Elton Brand,Samuel Dalembert,Thaddeus Young,Willie Green,Boris Diaw,Gerald Wallace,Ronald Murray,Stephen Jackson,Tyson Chandler,1,3:31,CHA,free throw,,,,,,,1,,1,Tyson Chandler,,,foul,made,,,,
Andre Iguodala,Elton Brand,Samuel Dalembert,Thaddeus Young,Willie Green,Boris Diaw,Gerald Wallace,Ronald Murray,Stephen Jackson,Tyson Chandler,1,3:15,PHI,shot,,,Boris Diaw,,,,,,,Andre Iguodala,,,,missed,,layup,25,6
Andre Iguodala,Elton Brand,Samuel Dalembert,Thaddeus Young,Willie Green,Boris Diaw,Gerald Wallace,Ronald Murray,Stephen Jackson,Tyson Chandler,1,3:13,CHA,rebound,,,,,,,,,,Boris Diaw,,,,,,def,,
Andre Iguodala,Elton Brand,Samuel Dalembert,Thaddeus Young,Willie Green,Boris Diaw,Gerald Wallace,Ronald Murray,Stephen Jackson,Tyson Chandler,1,3:09,CHA,shot,Ronald Murray,,,,,,,,,Gerald Wallace,2,,,made,,alley oop dunk,25,6
Andre Iguodala,Elton Brand,Samuel Dalembert,Thaddeus Young,Willie Green,Boris Diaw,Gerald Wallace,Ronald Murray,Stephen Jackson,Tyson Chandler,1,2:59,PHI,shot,,,,,,,,,,Thaddeus Young,,,,missed,,layup,25,6
Andre Iguodala,Elton Brand,Samuel Dalembert,Thaddeus Young,Willie Green,Boris Diaw,Gerald Wallace,Ronald Murray,Stephen Jackson,Tyson Chandler,1,2:58,PHI,rebound,,,,,,,,,,Samuel Dalembert,,,,,,off,,
Andre Iguodala,Elton Brand,Samuel Dalembert,Thaddeus Young,Willie Green,Boris Diaw,Gerald Wallace,Ronald Murray,Stephen Jackson,Tyson Chandler,1,2:52,PHI,shot,,,Boris Diaw,,,,,,,Andre Iguodala,,,,missed,,layup,25,6
Andre Iguodala,Elton Brand,Samuel Dalembert,Thaddeus Young,Willie Green,Boris Diaw,Gerald Wallace,Ronald Murray,Stephen Jackson,Tyson Chandler,1,2:52,PHI,rebound,,,,,,,,,,,,,,,,,,
Andre Iguodala,Elton Brand,Samuel Dalembert,Thaddeus Young,Willie Green,Boris Diaw,Gerald Wallace,Ronald Murray,Stephen Jackson,Tyson Chandler,1,2:52,CHA,timeout,,,,,,,,,,,,,,,,regular,,
Andre Iguodala,Elton Brand,Samuel Dalembert,Thaddeus Young,Willie Green,Boris Diaw,Gerald Wallace,Nazr Mohammed,Ronald Murray,Stephen Jackson,1,2:52,CHA,sub,,,,Nazr Mohammed,,Tyson Chandler,,,,,,,,,,,,
Andre Iguodala,Elton Brand,Samuel Dalembert,Thaddeus Young,Willie Green,Derrick Brown,Gerald Wallace,Nazr Mohammed,Ronald Murray,Stephen Jackson,1,2:52,CHA,sub,,,,Derrick Brown,,Boris Diaw,,,,,,,,,,,,
Andre Iguodala,Elton Brand,Rodney Carney,Thaddeus Young,Willie Green,Derrick Brown,Gerald Wallace,Nazr Mohammed,Ronald Murray,Stephen Jackson,1,2:52,PHI,sub,,,,Rodney Carney,,Samuel Dalembert,,,,,,,,,,,,
Andre Iguodala,Elton Brand,Rodney Carney,Thaddeus Young,Willie Green,Derrick Brown,Gerald Wallace,Nazr Mohammed,Ronald Murray,Stephen Jackson,1,2:42,PHI,shot,Andre Iguodala,,,,,,,,,Thaddeus Young,3,,,made,,3pt,17,31
Andre Iguodala,Elton Brand,Rodney Carney,Thaddeus Young,Willie Green,Derrick Brown,Gerald Wallace,Nazr Mohammed,Ronald Murray,Stephen Jackson,1,2:20,CHA,shot,,,,,,,,,,Gerald Wallace,,,,missed,,3pt,1,6
Andre Iguodala,Elton Brand,Rodney Carney,Thaddeus Young,Willie Green,Derrick Brown,Gerald Wallace,Nazr Mohammed,Ronald Murray,Stephen Jackson,1,2:18,CHA,rebound,,,,,,,,,,Nazr Mohammed,,,,,,off,,
Andre Iguodala,Elton Brand,Rodney Carney,Thaddeus Young,Willie Green,Derrick Brown,Gerald Wallace,Nazr Mohammed,Ronald Murray,Stephen Jackson,1,2:00,CHA,shot,,,,,,,,,,Ronald Murray,,,,missed,,turnaround jump,35,8
Andre Iguodala,Elton Brand,Rodney Carney,Thaddeus Young,Willie Green,Derrick Brown,Gerald Wallace,Nazr Mohammed,Ronald Murray,Stephen Jackson,1,1:59,CHA,rebound,,,,,,,,,,Nazr Mohammed,,,,,,off,,
Andre Iguodala,Elton Brand,Rodney Carney,Thaddeus Young,Willie Green,Derrick Brown,Gerald Wallace,Nazr Mohammed,Ronald Murray,Stephen Jackson,1,1:59,PHI,foul,,,,,,,,Derrick Brown,,Elton Brand,,,,,,shooting,,
Andre Iguodala,Elton Brand,Rodney Carney,Thaddeus Young,Willie Green,Derrick Brown,Gerald Wallace,Nazr Mohammed,Ronald Murray,Stephen Jackson,1,1:59,CHA,free throw,,,,,,,1,,2,Derrick Brown,,,foul,made,,,,
Andre Iguodala,Elton Brand,Rodney Carney,Thaddeus Young,Willie Green,Derrick Brown,Gerald Wallace,Nazr Mohammed,Ronald Murray,Stephen Jackson,1,1:59,CHA,free throw,,,,,,,2,,2,Derrick Brown,,,foul,missed,,,,
Andre Iguodala,Elton Brand,Rodney Carney,Thaddeus Young,Willie Green,Derrick Brown,Gerald Wallace,Nazr Mohammed,Ronald Murray,Stephen Jackson,1,1:58,PHI,rebound,,,,,,,,,,Andre Iguodala,,,,,,def,,
Andre Iguodala,Elton Brand,Rodney Carney,Thaddeus Young,Willie Green,Derrick Brown,Gerald Wallace,Nazr Mohammed,Ronald Murray,Stephen Jackson,1,1:52,PHI,shot,,,,,,,,,,Willie Green,,,,missed,,3pt,1,6
Andre Iguodala,Elton Brand,Rodney Carney,Thaddeus Young,Willie Green,Derrick Brown,Gerald Wallace,Nazr Mohammed,Ronald Murray,Stephen Jackson,1,1:49,CHA,rebound,,,,,,,,,,Gerald Wallace,,,,,,def,,
Andre Iguodala,Elton Brand,Rodney Carney,Thaddeus Young,Willie Green,Derrick Brown,Gerald Wallace,Nazr Mohammed,Ronald Murray,Stephen Jackson,1,1:44,CHA,shot,,,Rodney Carney,,,,,,,Derrick Brown,,,,missed,,layup,25,6
Andre Iguodala,Elton Brand,Rodney Carney,Thaddeus Young,Willie Green,Derrick Brown,Gerald Wallace,Nazr Mohammed,Ronald Murray,Stephen Jackson,1,1:41,CHA,rebound,,,,,,,,,,Derrick Brown,,,,,,off,,
Andre Iguodala,Elton Brand,Rodney Carney,Thaddeus Young,Willie Green,Derrick Brown,Gerald Wallace,Nazr Mohammed,Ronald Murray,Stephen Jackson,1,1:41,CHA,shot,,,,,,,,,,Derrick Brown,,,,missed,,layup,25,6
Andre Iguodala,Elton Brand,Rodney Carney,Thaddeus Young,Willie Green,Derrick Brown,Gerald Wallace,Nazr Mohammed,Ronald Murray,Stephen Jackson,1,1:39,CHA,rebound,,,,,,,,,,Nazr Mohammed,,,,,,off,,
Andre Iguodala,Elton Brand,Rodney Carney,Thaddeus Young,Willie Green,Derrick Brown,Gerald Wallace,Nazr Mohammed,Ronald Murray,Stephen Jackson,1,1:39,CHA,shot,,,,,,,,,,Nazr Mohammed,2,,,made,,reverse layup,25,6
Andre Iguodala,Elton Brand,Rodney Carney,Thaddeus Young,Willie Green,Derrick Brown,Gerald Wallace,Nazr Mohammed,Ronald Murray,Stephen Jackson,1,1:35,PHI,turnover,,,,,,,,,,Thaddeus Young,,,bad pass,,,,,
Andre Iguodala,Elton Brand,Rodney Carney,Thaddeus Young,Willie Green,Derrick Brown,Gerald Wallace,Nazr Mohammed,Ronald Murray,Stephen Jackson,1,1:18,CHA,shot,,,,,,,,,,Stephen Jackson,,,,missed,,3pt,35,29
Andre Iguodala,Elton Brand,Rodney Carney,Thaddeus Young,Willie Green,Derrick Brown,Gerald Wallace,Nazr Mohammed,Ronald Murray,Stephen Jackson,1,1:17,PHI,rebound,,,,,,,,,,Rodney Carney,,,,,,def,,
Andre Iguodala,Elton Brand,Rodney Carney,Thaddeus Young,Willie Green,Derrick Brown,Gerald Wallace,Nazr Mohammed,Ronald Murray,Stephen Jackson,1,1:07,PHI,shot,,,,,,,,,,Elton Brand,,,,missed,,jump,38,15
Andre Iguodala,Elton Brand,Rodney Carney,Thaddeus Young,Willie Green,Derrick Brown,Gerald Wallace,Nazr Mohammed,Ronald Murray,Stephen Jackson,1,1:06,CHA,rebound,,,,,,,,,,Gerald Wallace,,,,,,def,,
Andre Iguodala,Elton Brand,Rodney Carney,Thaddeus Young,Willie Green,Derrick Brown,Gerald Wallace,Nazr Mohammed,Ronald Murray,Stephen Jackson,1,0:58,CHA,shot,,,,,,,,,,Nazr Mohammed,,,,missed,,jump,9,11
Andre Iguodala,Elton Brand,Rodney Carney,Thaddeus Young,Willie Green,Derrick Brown,Gerald Wallace,Nazr Mohammed,Ronald Murray,Stephen Jackson,1,0:55,CHA,rebound,,,,,,,,,,Stephen Jackson,,,,,,off,,
Andre Iguodala,Elton Brand,Rodney Carney,Thaddeus Young,Willie Green,Derrick Brown,Gerald Wallace,Nazr Mohammed,Ronald Murray,Stephen Jackson,1,0:55,CHA,shot,,,,,,,,,,Stephen Jackson,,,,missed,,layup,25,6
Andre Iguodala,Elton Brand,Rodney Carney,Thaddeus Young,Willie Green,Derrick Brown,Gerald Wallace,Nazr Mohammed,Ronald Murray,Stephen Jackson,1,0:55,CHA,rebound,,,,,,,,,,Derrick Brown,,,,,,off,,
Andre Iguodala,Elton Brand,Rodney Carney,Thaddeus Young,Willie Green,Derrick Brown,Gerald Wallace,Nazr Mohammed,Ronald Murray,Stephen Jackson,1,0:55,CHA,shot,,,,,,,,,,Derrick Brown,,,,missed,,tip,25,6
Andre Iguodala,Elton Brand,Rodney Carney,Thaddeus Young,Willie Green,Derrick Brown,Gerald Wallace,Nazr Mohammed,Ronald Murray,Stephen Jackson,1,0:55,PHI,rebound,,,,,,,,,,,,,,,,,,
Andre Iguodala,Elton Brand,Rodney Carney,Thaddeus Young,Willie Green,Derrick Brown,Gerald Wallace,Nazr Mohammed,Ronald Murray,Stephen Jackson,1,0:55,CHA,foul,,,,,,,,Andre Iguodala,,Derrick Brown,,,,,,loose ball,,
Andre Iguodala,Elton Brand,Rodney Carney,Thaddeus Young,Willie Green,Derrick Brown,Gerald Wallace,Nazr Mohammed,Ronald Murray,Stephen Jackson,1,0:37,PHI,shot,,,,,,,,,,Rodney Carney,,,,missed,,3pt,48,12
Andre Iguodala,Elton Brand,Rodney Carney,Thaddeus Young,Willie Green,Derrick Brown,Gerald Wallace,Nazr Mohammed,Ronald Murray,Stephen Jackson,1,0:36,CHA,rebound,,,,,,,,,,Derrick Brown,,,,,,def,,
Andre Iguodala,Elton Brand,Rodney Carney,Thaddeus Young,Willie Green,Derrick Brown,Gerald Wallace,Nazr Mohammed,Ronald Murray,Stephen Jackson,1,0:22,CHA,shot,,,Willie Green,,,,,,,Ronald Murray,,,,missed,,jump,19,10
Andre Iguodala,Elton Brand,Rodney Carney,Thaddeus Young,Willie Green,Derrick Brown,Gerald Wallace,Nazr Mohammed,Ronald Murray,Stephen Jackson,1,0:22,PHI,rebound,,,,,,,,,,,,,,,,,,
Andre Iguodala,Elton Brand,Rodney Carney,Thaddeus Young,Willie Green,Derrick Brown,Gerald Wallace,Nazr Mohammed,Ronald Murray,Stephen Jackson,1,0:00,PHI,shot,,,,,,,,,,Rodney Carney,,,,missed,,3pt,37,29
Andre Iguodala,Elton Brand,Rodney Carney,Thaddeus Young,Willie Green,Derrick Brown,Gerald Wallace,Nazr Mohammed,Ronald Murray,Stephen Jackson,1,0:00,CHA,rebound,,,,,,,,,,Gerald Wallace,,,,,,def,,
Andre Iguodala,Elton Brand,Jason Kapono,Rodney Carney,Thaddeus Young,Boris Diaw,Gerald Wallace,Nazr Mohammed,Ronald Murray,Stephen Graham,2,11:36,CHA,shot,Ronald Murray,,,,,,,,,Nazr Mohammed,2,,,made,,jump,33,12
Andre Iguodala,Elton Brand,Jason Kapono,Rodney Carney,Thaddeus Young,Boris Diaw,Gerald Wallace,Nazr Mohammed,Ronald Murray,Stephen Graham,2,11:21,PHI,shot,,,,,,,,,,Thaddeus Young,2,,,made,,hook,21,15
Andre Iguodala,Elton Brand,Jason Kapono,Rodney Carney,Thaddeus Young,Boris Diaw,Gerald Wallace,Nazr Mohammed,Ronald Murray,Stephen Graham,2,11:04,CHA,shot,,,,,,,,,,Stephen Graham,,,,missed,,layup,25,6
Andre Iguodala,Elton Brand,Jason Kapono,Rodney Carney,Thaddeus Young,Boris Diaw,Gerald Wallace,Nazr Mohammed,Ronald Murray,Stephen Graham,2,11:03,PHI,rebound,,,,,,,,,,Andre Iguodala,,,,,,def,,
Andre Iguodala,Elton Brand,Jason Kapono,Rodney Carney,Thaddeus Young,Boris Diaw,Gerald Wallace,Nazr Mohammed,Ronald Murray,Stephen Graham,2,10:57,CHA,foul,,,,,,,,Andre Iguodala,,Stephen Graham,,,,,,shooting,,
Andre Iguodala,Elton Brand,Jason Kapono,Rodney Carney,Thaddeus Young,Boris Diaw,Gerald Wallace,Nazr Mohammed,Ronald Murray,Stephen Graham,2,10:57,PHI,free throw,,,,,,,1,,3,Andre Iguodala,,,foul,made,,,,
Andre Iguodala,Elton Brand,Jason Kapono,Rodney Carney,Thaddeus Young,Boris Diaw,Gerald Wallace,Nazr Mohammed,Ronald Murray,Stephen Graham,2,10:57,PHI,free throw,,,,,,,2,,3,Andre Iguodala,,,foul,missed,,,,
Andre Iguodala,Elton Brand,Jason Kapono,Rodney Carney,Thaddeus Young,Boris Diaw,Gerald Wallace,Nazr Mohammed,Ronald Murray,Stephen Graham,2,10:57,PHI,rebound,,,,,,,,,,,,,,,,,,
Andre Iguodala,Jason Kapono,Jason Smith,Rodney Carney,Thaddeus Young,Boris Diaw,Gerald Wallace,Nazr Mohammed,Ronald Murray,Stephen Graham,2,10:57,PHI,sub,,,,Jason Smith,,Elton Brand,,,,,,,,,,,,
Andre Iguodala,Jason Kapono,Jason Smith,Rodney Carney,Thaddeus Young,Boris Diaw,Gerald Wallace,Nazr Mohammed,Ronald Murray,Stephen Graham,2,10:57,PHI,free throw,,,,,,,3,,3,Andre Iguodala,,,foul,made,,,,
Andre Iguodala,Jason Kapono,Jason Smith,Rodney Carney,Thaddeus Young,Boris Diaw,Gerald Wallace,Nazr Mohammed,Ronald Murray,Stephen Graham,2,10:49,PHI,violation,,,,,,,,,,Andre Iguodala,,,,,,kicked ball,,
Andre Iguodala,Jason Kapono,Jason Smith,Rodney Carney,Thaddeus Young,Boris Diaw,Gerald Wallace,Nazr Mohammed,Ronald Murray,Stephen Graham,2,10:43,CHA,turnover,,,,,,,,,,Boris Diaw,,,bad pass,,Thaddeus Young,,,
Andre Iguodala,Jason Kapono,Jason Smith,Rodney Carney,Thaddeus Young,Boris Diaw,Gerald Wallace,Nazr Mohammed,Ronald Murray,Stephen Graham,2,10:33,PHI,turnover,,,,,,,,,,Andre Iguodala,,,bad pass,,,,,
Andre Iguodala,Jason Kapono,Jason Smith,Rodney Carney,Thaddeus Young,Boris Diaw,Gerald Wallace,Nazr Mohammed,Ronald Murray,Stephen Graham,2,10:26,PHI,foul,,,,,,,,Boris Diaw,,Rodney Carney,,,,,,personal,,
Andre Iguodala,Jason Kapono,Jason Smith,Rodney Carney,Thaddeus Young,Boris Diaw,Gerald Wallace,Ronald Murray,Stephen Graham,Tyson Chandler,2,10:26,CHA,sub,,,,Tyson Chandler,,Nazr Mohammed,,,,,,,,,,,,
Andre Iguodala,Jason Kapono,Jason Smith,Rodney Carney,Thaddeus Young,Boris Diaw,Gerald Wallace,Ronald Murray,Stephen Graham,Tyson Chandler,2,10:19,CHA,shot,,,Rodney Carney,,,,,,,Ronald Murray,,,,missed,,layup,25,6
Andre Iguodala,Jason Kapono,Jason Smith,Rodney Carney,Thaddeus Young,Boris Diaw,Gerald Wallace,Ronald Murray,Stephen Graham,Tyson Chandler,2,10:16,PHI,rebound,,,,,,,,,,Rodney Carney,,,,,,def,,
Andre Iguodala,Jason Kapono,Jason Smith,Rodney Carney,Thaddeus Young,Boris Diaw,Gerald Wallace,Ronald Murray,Stephen Graham,Tyson Chandler,2,10:11,PHI,shot,,,,,,,,,,Jason Kapono,,,,missed,,3pt,6,24
Andre Iguodala,Jason Kapono,Jason Smith,Rodney Carney,Thaddeus Young,Boris Diaw,Gerald Wallace,Ronald Murray,Stephen Graham,Tyson Chandler,2,10:10,PHI,rebound,,,,,,,,,,Andre Iguodala,,,,,,off,,
Andre Iguodala,Jason Kapono,Jason Smith,Rodney Carney,Thaddeus Young,Boris Diaw,Gerald Wallace,Ronald Murray,Stephen Graham,Tyson Chandler,2,9:59,PHI,shot,,,,,,,,,,Jason Kapono,3,,,made,,3pt,1,12
Andre Iguodala,Jason Kapono,Jason Smith,Rodney Carney,Thaddeus Young,Boris Diaw,Gerald Wallace,Ronald Murray,Stephen Graham,Tyson Chandler,2,9:33,CHA,turnover,,,,,,,,,,Boris Diaw,,,out of bounds lost ball turnover,,,,,
Andre Iguodala,Jason Kapono,Jason Smith,Rodney Carney,Thaddeus Young,Boris Diaw,Gerald Wallace,Ronald Murray,Stephen Graham,Tyson Chandler,2,9:20,PHI,shot,,,,,,,,,,Rodney Carney,,,,missed,,3pt,1,9
Andre Iguodala,Jason Kapono,Jason Smith,Rodney Carney,Thaddeus Young,Boris Diaw,Gerald Wallace,Ronald Murray,Stephen Graham,Tyson Chandler,2,9:18,CHA,rebound,,,,,,,,,,Tyson Chandler,,,,,,def,,
Andre Iguodala,Jason Kapono,Jason Smith,Rodney Carney,Thaddeus Young,Boris Diaw,Gerald Wallace,Ronald Murray,Stephen Graham,Tyson Chandler,2,9:15,PHI,foul,,,,,,,,Stephen Graham,,Rodney Carney,,,,,,shooting,,
Andre Iguodala,Jason Kapono,Jason Smith,Rodney Carney,Thaddeus Young,Boris Diaw,Ronald Murray,Stephen Graham,Stephen Jackson,Tyson Chandler,2,9:15,CHA,sub,,,,Stephen Jackson,,Gerald Wallace,,,,,,,,,,,,
Andre Iguodala,Jason Kapono,Jason Smith,Rodney Carney,Thaddeus Young,Boris Diaw,Ronald Murray,Stephen Graham,Stephen Jackson,Tyson Chandler,2,9:15,CHA,free throw,,,,,,,1,,2,Ronald Murray,,,foul,missed,,,,
Andre Iguodala,Jason Kapono,Jason Smith,Rodney Carney,Thaddeus Young,Boris Diaw,Ronald Murray,Stephen Graham,Stephen Jackson,Tyson Chandler,2,9:15,CHA,rebound,,,,,,,,,,,,,,,,,,
Andre Iguodala,Jason Kapono,Jason Smith,Rodney Carney,Thaddeus Young,Boris Diaw,Gerald Henderson,Ronald Murray,Stephen Jackson,Tyson Chandler,2,9:15,CHA,sub,,,,Gerald Henderson,,Stephen Graham,,,,,,,,,,,,
Andre Iguodala,Jason Kapono,Jason Smith,Rodney Carney,Thaddeus Young,Boris Diaw,Gerald Henderson,Ronald Murray,Stephen Jackson,Tyson Chandler,2,9:15,CHA,free throw,,,,,,,2,,2,Ronald Murray,,,foul,missed,,,,
Andre Iguodala,Jason Kapono,Jason Smith,Rodney Carney,Thaddeus Young,Boris Diaw,Gerald Henderson,Ronald Murray,Stephen Jackson,Tyson Chandler,2,9:13,CHA,rebound,,,,,,,,,,Tyson Chandler,,,,,,off,,
Andre Iguodala,Jason Kapono,Jason Smith,Rodney Carney,Thaddeus Young,Boris Diaw,Gerald Henderson,Ronald Murray,Stephen Jackson,Tyson Chandler,2,8:54,CHA,shot,,,Jason Kapono,,,,,,,Boris Diaw,,,,missed,,jump,30,14
Andre Iguodala,Jason Kapono,Jason Smith,Rodney Carney,Thaddeus Young,Boris Diaw,Gerald Henderson,Ronald Murray,Stephen Jackson,Tyson Chandler,2,8:51,PHI,rebound,,,,,,,,,,Thaddeus Young,,,,,,def,,
Andre Iguodala,Jason Kapono,Jason Smith,Rodney Carney,Thaddeus Young,Boris Diaw,Gerald Henderson,Ronald Murray,Stephen Jackson,Tyson Chandler,2,8:47,PHI,shot,Andre Iguodala,,,,,,,,,Jason Kapono,2,,,made,,jump,9,12
Andre Iguodala,Jason Kapono,Jason Smith,Rodney Carney,Thaddeus Young,Boris Diaw,Gerald Henderson,Ronald Murray,Stephen Jackson,Tyson Chandler,2,8:25,CHA,foul,,,,,,,,Jason Smith,,Tyson Chandler,,,,,,offensive,,
Andre Iguodala,Jason Kapono,Jason Smith,Rodney Carney,Thaddeus Young,Boris Diaw,Gerald Henderson,Ronald Murray,Stephen Jackson,Tyson Chandler,2,8:25,CHA,turnover,,,,,,,,,,Tyson Chandler,,,foul,,,,,
Andre Iguodala,Jason Kapono,Jason Smith,Rodney Carney,Thaddeus Young,Boris Diaw,Gerald Henderson,Ronald Murray,Stephen Jackson,Tyson Chandler,2,8:25,PHI,timeout,,,,,,,,,,,,,,,,official,,
Andre Iguodala,Jason Kapono,Jason Smith,Rodney Carney,Thaddeus Young,Boris Diaw,Gerald Henderson,Raymond Felton,Stephen Jackson,Tyson Chandler,2,8:25,CHA,sub,,,,Raymond Felton,,Ronald Murray,,,,,,,,,,,,
Andre Iguodala,Jason Kapono,Jason Smith,Rodney Carney,Thaddeus Young,Boris Diaw,Gerald Henderson,Raymond Felton,Stephen Jackson,Tyson Chandler,2,8:08,PHI,shot,Jason Smith,,,,,,,,,Jason Kapono,2,,,made,,jump,33,21
Andre Iguodala,Jason Kapono,Jason Smith,Rodney Carney,Thaddeus Young,Boris Diaw,Gerald Henderson,Raymond Felton,Stephen Jackson,Tyson Chandler,2,7:47,CHA,shot,Gerald Henderson,,,,,,,,,Stephen Jackson,3,,,made,,3pt,3,21
Andre Iguodala,Jason Kapono,Jason Smith,Rodney Carney,Thaddeus Young,Boris Diaw,Gerald Henderson,Raymond Felton,Stephen Jackson,Tyson Chandler,2,7:23,PHI,shot,,,,,,,,,,Jason Smith,,,,missed,,jump,16,8
Andre Iguodala,Jason Kapono,Jason Smith,Rodney Carney,Thaddeus Young,Boris Diaw,Gerald Henderson,Raymond Felton,Stephen Jackson,Tyson Chandler,2,7:16,CHA,rebound,,,,,,,,,,Tyson Chandler,,,,,,def,,
Andre Iguodala,Jason Kapono,Jason Smith,Rodney Carney,Thaddeus Young,Boris Diaw,Gerald Henderson,Raymond Felton,Stephen Jackson,Tyson Chandler,2,7:04,CHA,shot,,,,,,,,,,Stephen Jackson,,,,missed,,layup,25,6
Andre Iguodala,Jason Kapono,Jason Smith,Rodney Carney,Thaddeus Young,Boris Diaw,Gerald Henderson,Raymond Felton,Stephen Jackson,Tyson Chandler,2,7:03,PHI,rebound,,,,,,,,,,Andre Iguodala,,,,,,def,,
Andre Iguodala,Jason Kapono,Jason Smith,Rodney Carney,Thaddeus Young,Boris Diaw,Gerald Henderson,Raymond Felton,Stephen Jackson,Tyson Chandler,2,6:56,PHI,shot,,,,,,,,,,Thaddeus Young,,,,missed,,layup,25,6
Andre Iguodala,Jason Kapono,Jason Smith,Rodney Carney,Thaddeus Young,Boris Diaw,Gerald Henderson,Raymond Felton,Stephen Jackson,Tyson Chandler,2,6:55,CHA,rebound,,,,,,,,,,Tyson Chandler,,,,,,def,,
Andre Iguodala,Jason Kapono,Jason Smith,Rodney Carney,Thaddeus Young,Boris Diaw,Gerald Henderson,Raymond Felton,Stephen Jackson,Tyson Chandler,2,6:54,PHI,foul,,,,,,,,Stephen Jackson,,Jason Kapono,,,,,,shooting,,
Andre Iguodala,Jason Kapono,Jason Smith,Rodney Carney,Thaddeus Young,Boris Diaw,Gerald Henderson,Raymond Felton,Stephen Jackson,Tyson Chandler,2,6:54,CHA,free throw,,,,,,,1,,2,Stephen Jackson,,,foul,made,,,,
Jason Kapono,Jason Smith,Rodney Carney,Thaddeus Young,Willie Green,Boris Diaw,Gerald Henderson,Raymond Felton,Stephen Jackson,Tyson Chandler,2,6:54,PHI,sub,,,,Willie Green,,Andre Iguodala,,,,,,,,,,,,
Jason Kapono,Jason Smith,Rodney Carney,Thaddeus Young,Willie Green,Boris Diaw,Gerald Henderson,Gerald Wallace,Raymond Felton,Stephen Jackson,2,6:54,CHA,sub,,,,Gerald Wallace,,Tyson Chandler,,,,,,,,,,,,
Jason Kapono,Jason Smith,Rodney Carney,Thaddeus Young,Willie Green,Boris Diaw,Gerald Henderson,Gerald Wallace,Raymond Felton,Stephen Jackson,2,6:54,CHA,free throw,,,,,,,2,,2,Stephen Jackson,,,foul,made,,,,
Jason Kapono,Jason Smith,Rodney Carney,Thaddeus Young,Willie Green,Boris Diaw,Gerald Henderson,Gerald Wallace,Raymond Felton,Stephen Jackson,2,6:43,PHI,shot,,,,,,,,,,Jason Kapono,,,,missed,,3pt,44,24
Jason Kapono,Jason Smith,Rodney Carney,Thaddeus Young,Willie Green,Boris Diaw,Gerald Henderson,Gerald Wallace,Raymond Felton,Stephen Jackson,2,6:41,CHA,rebound,,,,,,,,,,Raymond Felton,,,,,,def,,
Jason Kapono,Jason Smith,Rodney Carney,Thaddeus Young,Willie Green,Boris Diaw,Gerald Henderson,Gerald Wallace,Raymond Felton,Stephen Jackson,2,6:36,CHA,turnover,,,,,,,,,,Stephen Jackson,,,bad pass,,Rodney Carney,,,
Jason Kapono,Jason Smith,Rodney Carney,Thaddeus Young,Willie Green,Boris Diaw,Gerald Henderson,Gerald Wallace,Raymond Felton,Stephen Jackson,2,6:32,PHI,shot,,,Gerald Henderson,,,,,,,Rodney Carney,,,,missed,,layup,25,6
Jason Kapono,Jason Smith,Rodney Carney,Thaddeus Young,Willie Green,Boris Diaw,Gerald Henderson,Gerald Wallace,Raymond Felton,Stephen Jackson,2,6:29,PHI,rebound,,,,,,,,,,Rodney Carney,,,,,,off,,
Jason Kapono,Jason Smith,Rodney Carney,Thaddeus Young,Willie Green,Boris Diaw,Gerald Henderson,Gerald Wallace,Raymond Felton,Stephen Jackson,2,6:29,CHA,foul,,,,,,,,Rodney Carney,,Gerald Wallace,,,,,,shooting,,
Jason Kapono,Jason Smith,Rodney Carney,Thaddeus Young,Willie Green,Boris Diaw,Gerald Henderson,Gerald Wallace,Raymond Felton,Stephen Jackson,2,6:29,PHI,free throw,,,,,,,1,,2,Rodney Carney,,,foul,made,,,,
Elton Brand,Jason Kapono,Jason Smith,Rodney Carney,Willie Green,Boris Diaw,Gerald Henderson,Gerald Wallace,Raymond Felton,Stephen Jackson,2,6:29,PHI,sub,,,,Elton Brand,,Thaddeus Young,,,,,,,,,,,,
Elton Brand,Jason Kapono,Jason Smith,Rodney Carney,Willie Green,Boris Diaw,Gerald Henderson,Gerald Wallace,Raymond Felton,Stephen Jackson,2,6:29,PHI,free throw,,,,,,,2,,2,Rodney Carney,,,foul,made,,,,
Elton Brand,Jason Kapono,Jason Smith,Rodney Carney,Willie Green,Boris Diaw,Gerald Henderson,Gerald Wallace,Raymond Felton,Stephen Jackson,2,6:12,CHA,shot,Raymond Felton,,,,,,,,,Gerald Wallace,2,,,made,,driving layup,25,6
Elton Brand,Jason Kapono,Jason Smith,Rodney Carney,Willie Green,Boris Diaw,Gerald Henderson,Gerald Wallace,Raymond Felton,Stephen Jackson,2,5:42,PHI,shot,,,,,,,,,,Elton Brand,,,,missed,,jump,15,10
Elton Brand,Jason Kapono,Jason Smith,Rodney Carney,Willie Green,Boris Diaw,Gerald Henderson,Gerald Wallace,Raymond Felton,Stephen Jackson,2,5:41,CHA,rebound,,,,,,,,,,Gerald Henderson,,,,,,def,,
Elton Brand,Jason Kapono,Jason Smith,Rodney Carney,Willie Green,Boris Diaw,Gerald Henderson,Gerald Wallace,Raymond Felton,Stephen Jackson,2,5:25,CHA,timeout,,,,,,,,,,,,,,,,regular,,
Elton Brand,Jason Kapono,Jason Smith,Rodney Carney,Willie Green,Boris Diaw,Gerald Henderson,Gerald Wallace,Raymond Felton,Stephen Jackson,2,5:15,CHA,shot,,,,,,,,,,Gerald Wallace,2,,,made,,pullup jump,24,21
Elton Brand,Jason Kapono,Jason Smith,Rodney Carney,Willie Green,Boris Diaw,Gerald Henderson,Gerald Wallace,Raymond Felton,Stephen Jackson,2,5:01,PHI,shot,,,,,,,,,,Jason Smith,2,,,made,,jump,9,9
Elton Brand,Jason Kapono,Jason Smith,Rodney Carney,Willie Green,Boris Diaw,Gerald Henderson,Gerald Wallace,Raymond Felton,Stephen Jackson,2,4:43,CHA,shot,,,,,,,,,,Stephen Jackson,,,,missed,,jump,37,14
Elton Brand,Jason Kapono,Jason Smith,Rodney Carney,Willie Green,Boris Diaw,Gerald Henderson,Gerald Wallace,Raymond Felton,Stephen Jackson,2,4:42,PHI,rebound,,,,,,,,,,Jason Smith,,,,,,def,,
Elton Brand,Jason Kapono,Jason Smith,Rodney Carney,Willie Green,Boris Diaw,Gerald Henderson,Gerald Wallace,Raymond Felton,Stephen Jackson,2,4:40,CHA,foul,,,,,,,,Willie Green,,Stephen Jackson,,,,,,personal,,
Elton Brand,Jason Kapono,Jason Smith,Rodney Carney,Willie Green,Boris Diaw,Gerald Henderson,Gerald Wallace,Raymond Felton,Stephen Jackson,2,4:33,PHI,turnover,,,,,,,,,,Jason Smith,,,lost ball,,Gerald Wallace,,,
Elton Brand,Jason Kapono,Jason Smith,Rodney Carney,Willie Green,Boris Diaw,Gerald Henderson,Gerald Wallace,Raymond Felton,Stephen Jackson,2,4:28,CHA,shot,,,,,,,,,,Gerald Wallace,2,,,made,,dunk,25,6
Elton Brand,Jason Kapono,Jason Smith,Rodney Carney,Willie Green,Boris Diaw,Gerald Henderson,Gerald Wallace,Raymond Felton,Stephen Jackson,2,4:18,PHI,turnover,,,,,,,,,,Jason Smith,,,bad pass,,,,,
Andre Iguodala,Elton Brand,Jason Kapono,Rodney Carney,Willie Green,Boris Diaw,Gerald Henderson,Gerald Wallace,Raymond Felton,Stephen Jackson,2,4:18,PHI,sub,,,,Andre Iguodala,,Jason Smith,,,,,,,,,,,,
Andre Iguodala,Elton Brand,Jason Kapono,Thaddeus Young,Willie Green,Boris Diaw,Gerald Henderson,Gerald Wallace,Raymond Felton,Stephen Jackson,2,4:18,PHI,sub,,,,Thaddeus Young,,Rodney Carney,,,,,,,,,,,,
Andre Iguodala,Elton Brand,Jason Kapono,Thaddeus Young,Willie Green,Boris Diaw,Gerald Henderson,Gerald Wallace,Raymond Felton,Stephen Jackson,2,4:07,CHA,turnover,,,,,,,,,,Stephen Jackson,,,bad pass,,,,,
Andre Iguodala,Elton Brand,Jason Kapono,Thaddeus Young,Willie Green,Boris Diaw,Gerald Henderson,Gerald Wallace,Raymond Felton,Stephen Jackson,2,3:47,PHI,shot,,,,,,,,,,Thaddeus Young,,,,missed,,layup,25,6
Andre Iguodala,Elton Brand,Jason Kapono,Thaddeus Young,Willie Green,Boris Diaw,Gerald Henderson,Gerald Wallace,Raymond Felton,Stephen Jackson,2,3:46,PHI,rebound,,,,,,,,,,Thaddeus Young,,,,,,off,,
Andre Iguodala,Elton Brand,Jason Kapono,Thaddeus Young,Willie Green,Boris Diaw,Gerald Henderson,Gerald Wallace,Raymond Felton,Stephen Jackson,2,3:46,PHI,shot,,,,,,,,,,Thaddeus Young,,,,missed,,tip,25,6
Andre Iguodala,Elton Brand,Jason Kapono,Thaddeus Young,Willie Green,Boris Diaw,Gerald Henderson,Gerald Wallace,Raymond Felton,Stephen Jackson,2,3:44,PHI,rebound,,,,,,,,,,Elton Brand,,,,,,off,,
Andre Iguodala,Elton Brand,Jason Kapono,Thaddeus Young,Willie Green,Boris Diaw,Gerald Henderson,Gerald Wallace,Raymond Felton,Stephen Jackson,2,3:44,PHI,shot,,,,,,,,,,Elton Brand,2,,,made,,layup,25,6
Andre Iguodala,Elton Brand,Jason Kapono,Thaddeus Young,Willie Green,Boris Diaw,Gerald Henderson,Gerald Wallace,Raymond Felton,Stephen Jackson,2,3:32,CHA,turnover,,,,,,,,,,Raymond Felton,,,bad pass,,,,,
Andre Iguodala,Elton Brand,Jason Kapono,Thaddeus Young,Willie Green,Boris Diaw,Gerald Henderson,Gerald Wallace,Raymond Felton,Stephen Jackson,2,3:18,PHI,shot,Thaddeus Young,,,,,,,,,Jason Kapono,2,,,made,,jump,37,23
Andre Iguodala,Elton Brand,Jason Kapono,Thaddeus Young,Willie Green,Boris Diaw,Gerald Henderson,Gerald Wallace,Raymond Felton,Stephen Jackson,2,2:59,CHA,shot,,,,,,,,,,Gerald Henderson,,,,missed,,3pt,1,8
Andre Iguodala,Elton Brand,Jason Kapono,Thaddeus Young,Willie Green,Boris Diaw,Gerald Henderson,Gerald Wallace,Raymond Felton,Stephen Jackson,2,2:58,PHI,rebound,,,,,,,,,,Elton Brand,,,,,,def,,
Andre Iguodala,Elton Brand,Jason Kapono,Thaddeus Young,Willie Green,Boris Diaw,Gerald Henderson,Gerald Wallace,Raymond Felton,Stephen Jackson,2,2:47,PHI,shot,Willie Green,,,,,,,,,Jason Kapono,3,,,made,,3pt,2,9
Andre Iguodala,Elton Brand,Jason Kapono,Thaddeus Young,Willie Green,Boris Diaw,Gerald Henderson,Gerald Wallace,Raymond Felton,Stephen Jackson,2,2:27,CHA,turnover,,,,,,,,,,Gerald Wallace,,,lost ball,,Thaddeus Young,,,
Andre Iguodala,Elton Brand,Jason Kapono,Thaddeus Young,Willie Green,Boris Diaw,Gerald Henderson,Gerald Wallace,Raymond Felton,Stephen Jackson,2,2:20,PHI,shot,,,,,,,,,,Jason Kapono,,,,missed,,jump,10,17
Andre Iguodala,Elton Brand,Jason Kapono,Thaddeus Young,Willie Green,Boris Diaw,Gerald Henderson,Gerald Wallace,Raymond Felton,Stephen Jackson,2,2:19,PHI,rebound,,,,,,,,,,Elton Brand,,,,,,off,,
Andre Iguodala,Elton Brand,Jason Kapono,Thaddeus Young,Willie Green,Boris Diaw,Gerald Henderson,Gerald Wallace,Raymond Felton,Stephen Jackson,2,2:19,CHA,foul,,,,,,,,Elton Brand,,Boris Diaw,,,,,,personal,,
Andre Iguodala,Elton Brand,Jason Kapono,Thaddeus Young,Willie Green,Boris Diaw,Gerald Henderson,Gerald Wallace,Raymond Felton,Stephen Jackson,2,2:19,PHI,timeout,,,,,,,,,,,,,,,,regular,,
Andre Iguodala,Elton Brand,Jason Kapono,Thaddeus Young,Willie Green,Derrick Brown,Gerald Henderson,Gerald Wallace,Raymond Felton,Stephen Jackson,2,2:19,CHA,sub,,,,Derrick Brown,,Boris Diaw,,,,,,,,,,,,
Andre Iguodala,Elton Brand,Jason Kapono,Thaddeus Young,Willie Green,Derrick Brown,Gerald Henderson,Gerald Wallace,Raymond Felton,Stephen Jackson,2,2:17,PHI,turnover,,,,,,,,,,Jason Kapono,,,bad pass,,Gerald Wallace,,,
Andre Iguodala,Elton Brand,Jason Kapono,Thaddeus Young,Willie Green,Derrick Brown,Gerald Henderson,Gerald Wallace,Raymond Felton,Stephen Jackson,2,2:11,CHA,shot,,,,,,,,,,Gerald Wallace,2,,,made,,driving layup,25,6
Andre Iguodala,Elton Brand,Jason Kapono,Thaddeus Young,Willie Green,Derrick Brown,Gerald Henderson,Gerald Wallace,Raymond Felton,Stephen Jackson,2,2:07,CHA,violation,,,,,,,,,,Gerald Henderson,,,,,,kicked ball,,
Andre Iguodala,Elton Brand,Jason Kapono,Thaddeus Young,Willie Green,Derrick Brown,Gerald Henderson,Gerald Wallace,Raymond Felton,Stephen Jackson,2,2:06,PHI,turnover,,,,,,,,,,Andre Iguodala,,,traveling,,,,,
Andre Iguodala,Elton Brand,Jason Kapono,Thaddeus Young,Willie Green,Derrick Brown,Gerald Henderson,Gerald Wallace,Raymond Felton,Stephen Jackson,2,1:45,CHA,shot,,,,,,,,,,Gerald Wallace,2,,,made,,driving layup,25,6
Andre Iguodala,Elton Brand,Jason Kapono,Thaddeus Young,Willie Green,Derrick Brown,Gerald Henderson,Gerald Wallace,Raymond Felton,Stephen Jackson,2,1:28,PHI,shot,,,Gerald Henderson,,,,,,,Elton Brand,,,,missed,,jump,19,11
Andre Iguodala,Elton Brand,Jason Kapono,Thaddeus Young,Willie Green,Derrick Brown,Gerald Henderson,Gerald Wallace,Raymond Felton,Stephen Jackson,2,1:26,CHA,rebound,,,,,,,,,,Gerald Wallace,,,,,,def,,
Andre Iguodala,Elton Brand,Jason Kapono,Thaddeus Young,Willie Green,Derrick Brown,Gerald Henderson,Gerald Wallace,Raymond Felton,Stephen Jackson,2,1:14,CHA,shot,,,,,,,,,,Gerald Wallace,,,,missed,,reverse layup,25,6
Andre Iguodala,Elton Brand,Jason Kapono,Thaddeus Young,Willie Green,Derrick Brown,Gerald Henderson,Gerald Wallace,Raymond Felton,Stephen Jackson,2,1:13,PHI,rebound,,,,,,,,,,Elton Brand,,,,,,def,,
Andre Iguodala,Elton Brand,Jason Kapono,Thaddeus Young,Willie Green,Derrick Brown,Gerald Henderson,Gerald Wallace,Raymond Felton,Stephen Jackson,2,1:05,PHI,shot,Willie Green,,,,,,,,,Elton Brand,2,,,made,,layup,25,6
Andre Iguodala,Elton Brand,Jason Kapono,Thaddeus Young,Willie Green,Derrick Brown,Gerald Henderson,Gerald Wallace,Raymond Felton,Stephen Jackson,2,1:02,PHI,foul,,,,,,,,Gerald Wallace,,Elton Brand,,,,,,shooting,,
Andre Iguodala,Elton Brand,Jason Kapono,Thaddeus Young,Willie Green,Derrick Brown,Gerald Henderson,Gerald Wallace,Raymond Felton,Stephen Jackson,2,1:02,CHA,free throw,,,,,,,1,,2,Gerald Wallace,,,foul,made,,,,
Andre Iguodala,Elton Brand,Jason Kapono,Thaddeus Young,Willie Green,Derrick Brown,Gerald Henderson,Gerald Wallace,Raymond Felton,Stephen Jackson,2,1:02,CHA,free throw,,,,,,,2,,2,Gerald Wallace,,,foul,made,,,,
Andre Iguodala,Elton Brand,Jason Kapono,Thaddeus Young,Willie Green,Derrick Brown,Gerald Henderson,Gerald Wallace,Raymond Felton,Stephen Jackson,2,0:44,PHI,turnover,,,,,,,,,,Thaddeus Young,,,lost ball,,Derrick Brown,,,
Andre Iguodala,Elton Brand,Jason Kapono,Thaddeus Young,Willie Green,Derrick Brown,Gerald Henderson,Gerald Wallace,Raymond Felton,Stephen Jackson,2,0:41,CHA,shot,Stephen Jackson,,,,,,,,,Gerald Henderson,2,,,made,,dunk,25,6
Andre Iguodala,Elton Brand,Jason Kapono,Thaddeus Young,Willie Green,Derrick Brown,Gerald Henderson,Gerald Wallace,Raymond Felton,Stephen Jackson,2,0:31,PHI,shot,,,,,,,,,,Andre Iguodala,,,,missed,,layup,25,6
Andre Iguodala,Elton Brand,Jason Kapono,Thaddeus Young,Willie Green,Derrick Brown,Gerald Henderson,Gerald Wallace,Raymond Felton,Stephen Jackson,2,0:30,PHI,rebound,,,,,,,,,,Andre Iguodala,,,,,,off,,
Andre Iguodala,Elton Brand,Jason Kapono,Thaddeus Young,Willie Green,Derrick Brown,Gerald Henderson,Gerald Wallace,Raymond Felton,Stephen Jackson,2,0:30,PHI,shot,,,,,,,,,,Andre Iguodala,,,,missed,,tip,25,6
Andre Iguodala,Elton Brand,Jason Kapono,Thaddeus Young,Willie Green,Derrick Brown,Gerald Henderson,Gerald Wallace,Raymond Felton,Stephen Jackson,2,0:26,PHI,rebound,,,,,,,,,,Elton Brand,,,,,,off,,
Andre Iguodala,Elton Brand,Jason Kapono,Thaddeus Young,Willie Green,Derrick Brown,Gerald Henderson,Gerald Wallace,Raymond Felton,Stephen Jackson,2,0:26,PHI,shot,,,,,,,,,,Elton Brand,2,,,made,,layup,25,6
Andre Iguodala,Elton Brand,Jason Kapono,Thaddeus Young,Willie Green,Derrick Brown,Gerald Henderson,Gerald Wallace,Raymond Felton,Stephen Jackson,2,0:04,CHA,foul,,,,,,,,Willie Green,,Gerald Wallace,,,,,,offensive,,
Andre Iguodala,Elton Brand,Jason Kapono,Thaddeus Young,Willie Green,Derrick Brown,Gerald Henderson,Gerald Wallace,Raymond Felton,Stephen Jackson,2,0:04,CHA,turnover,,,,,,,,,,Gerald Wallace,,,foul,,,,,
Andre Iguodala,Elton Brand,Jason Kapono,Thaddeus Young,Willie Green,Derrick Brown,Gerald Henderson,Gerald Wallace,Raymond Felton,Stephen Jackson,2,0:04,PHI,timeout,,,,,,,,,,,,,,,,short,,
Andre Iguodala,Elton Brand,Jason Kapono,Thaddeus Young,Willie Green,Gerald Henderson,Gerald Wallace,Raymond Felton,Stephen Graham,Stephen Jackson,2,0:04,CHA,sub,,,,Stephen Graham,,Derrick Brown,,,,,,,,,,,,
Andre Iguodala,Elton Brand,Jason Kapono,Thaddeus Young,Willie Green,Gerald Henderson,Gerald Wallace,Raymond Felton,Stephen Graham,Stephen Jackson,2,0:00,PHI,shot,,,,,,,,,,Andre Iguodala,,,,missed,,3pt,30,32
Andre Iguodala,Elton Brand,Jason Kapono,Thaddeus Young,Willie Green,Gerald Henderson,Gerald Wallace,Raymond Felton,Stephen Graham,Stephen Jackson,2,0:00,PHI,rebound,,,,,,,,,,,,,,,,,,
Andre Iguodala,Elton Brand,Samuel Dalembert,Thaddeus Young,Willie Green,Boris Diaw,Gerald Wallace,Raymond Felton,Stephen Jackson,Tyson Chandler,3,11:44,CHA,shot,Tyson Chandler,,,,,,,,,Boris Diaw,2,,,made,,jump,14,21
Andre Iguodala,Elton Brand,Samuel Dalembert,Thaddeus Young,Willie Green,Boris Diaw,Gerald Wallace,Raymond Felton,Stephen Jackson,Tyson Chandler,3,11:19,PHI,shot,Samuel Dalembert,,,,,,,,,Willie Green,2,,,made,,jump,29,27
Andre Iguodala,Elton Brand,Samuel Dalembert,Thaddeus Young,Willie Green,Boris Diaw,Gerald Wallace,Raymond Felton,Stephen Jackson,Tyson Chandler,3,11:00,CHA,shot,,,Samuel Dalembert,,,,,,,Gerald Wallace,,,,missed,,layup,25,6
Andre Iguodala,Elton Brand,Samuel Dalembert,Thaddeus Young,Willie Green,Boris Diaw,Gerald Wallace,Raymond Felton,Stephen Jackson,Tyson Chandler,3,10:58,PHI,rebound,,,,,,,,,,Andre Iguodala,,,,,,def,,
Andre Iguodala,Elton Brand,Samuel Dalembert,Thaddeus Young,Willie Green,Boris Diaw,Gerald Wallace,Raymond Felton,Stephen Jackson,Tyson Chandler,3,10:49,PHI,shot,,,,,,,,,,Elton Brand,,,,missed,,jump,41,13
Andre Iguodala,Elton Brand,Samuel Dalembert,Thaddeus Young,Willie Green,Boris Diaw,Gerald Wallace,Raymond Felton,Stephen Jackson,Tyson Chandler,3,10:47,CHA,rebound,,,,,,,,,,Boris Diaw,,,,,,def,,
Andre Iguodala,Elton Brand,Samuel Dalembert,Thaddeus Young,Willie Green,Boris Diaw,Gerald Wallace,Raymond Felton,Stephen Jackson,Tyson Chandler,3,10:33,CHA,shot,,,,,,,,,,Boris Diaw,2,,,made,,step back jump,13,21
Andre Iguodala,Elton Brand,Samuel Dalembert,Thaddeus Young,Willie Green,Boris Diaw,Gerald Wallace,Raymond Felton,Stephen Jackson,Tyson Chandler,3,10:11,PHI,shot,,,,,,,,,,Thaddeus Young,2,,,made,,jump,31,22
Andre Iguodala,Elton Brand,Samuel Dalembert,Thaddeus Young,Willie Green,Boris Diaw,Gerald Wallace,Raymond Felton,Stephen Jackson,Tyson Chandler,3,9:44,CHA,shot,Gerald Wallace,,,,,,,,,Stephen Jackson,2,,,made,,driving jump,17,8
Andre Iguodala,Elton Brand,Samuel Dalembert,Thaddeus Young,Willie Green,Boris Diaw,Gerald Wallace,Raymond Felton,Stephen Jackson,Tyson Chandler,3,9:36,CHA,foul,,,,,,,,Andre Iguodala,,Stephen Jackson,,,,,,shooting,,
Andre Iguodala,Elton Brand,Samuel Dalembert,Thaddeus Young,Willie Green,Boris Diaw,Gerald Wallace,Raymond Felton,Stephen Jackson,Tyson Chandler,3,9:36,PHI,free throw,,,,,,,1,,2,Andre Iguodala,,,foul,missed,,,,
Andre Iguodala,Elton Brand,Samuel Dalembert,Thaddeus Young,Willie Green,Boris Diaw,Gerald Wallace,Raymond Felton,Stephen Jackson,Tyson Chandler,3,9:36,PHI,rebound,,,,,,,,,,,,,,,,,,
Andre Iguodala,Elton Brand,Samuel Dalembert,Thaddeus Young,Willie Green,Boris Diaw,Gerald Wallace,Raymond Felton,Stephen Jackson,Tyson Chandler,3,9:36,PHI,free throw,,,,,,,2,,2,Andre Iguodala,,,foul,made,,,,
Andre Iguodala,Elton Brand,Samuel Dalembert,Thaddeus Young,Willie Green,Boris Diaw,Gerald Wallace,Raymond Felton,Stephen Jackson,Tyson Chandler,3,9:25,CHA,shot,Gerald Wallace,,,,,,,,,Boris Diaw,3,,,made,,3pt,36,29
Andre Iguodala,Elton Brand,Samuel Dalembert,Thaddeus Young,Willie Green,Boris Diaw,Gerald Wallace,Raymond Felton,Stephen Jackson,Tyson Chandler,3,9:14,PHI,shot,,,,,,,,,,Elton Brand,,,,missed,,jump,37,9
Andre Iguodala,Elton Brand,Samuel Dalembert,Thaddeus Young,Willie Green,Boris Diaw,Gerald Wallace,Raymond Felton,Stephen Jackson,Tyson Chandler,3,9:13,PHI,rebound,,,,,,,,,,,,,,,,,,
Andre Iguodala,Elton Brand,Samuel Dalembert,Thaddeus Young,Willie Green,Boris Diaw,Gerald Wallace,Raymond Felton,Stephen Jackson,Tyson Chandler,3,9:13,CHA,foul,,,,,,,,Thaddeus Young,,Boris Diaw,,,,,,personal,,
Andre Iguodala,Elton Brand,Samuel Dalembert,Thaddeus Young,Willie Green,Boris Diaw,Gerald Wallace,Raymond Felton,Stephen Jackson,Tyson Chandler,3,9:04,PHI,shot,Thaddeus Young,,,,,,,,,Andre Iguodala,3,,,made,,3pt,1,7
Andre Iguodala,Elton Brand,Samuel Dalembert,Thaddeus Young,Willie Green,Boris Diaw,Gerald Wallace,Raymond Felton,Stephen Jackson,Tyson Chandler,3,8:49,CHA,shot,Stephen Jackson,,,,,,,,,Tyson Chandler,2,,,made,,dunk,25,6
Andre Iguodala,Elton Brand,Samuel Dalembert,Thaddeus Young,Willie Green,Boris Diaw,Gerald Wallace,Raymond Felton,Stephen Jackson,Tyson Chandler,3,8:38,PHI,shot,,,,,,,,,,Thaddeus Young,,,,missed,,jump,4,6
Andre Iguodala,Elton Brand,Samuel Dalembert,Thaddeus Young,Willie Green,Boris Diaw,Gerald Wallace,Raymond Felton,Stephen Jackson,Tyson Chandler,3,8:36,PHI,rebound,,,,,,,,,,Samuel Dalembert,,,,,,off,,
Andre Iguodala,Elton Brand,Samuel Dalembert,Thaddeus Young,Willie Green,Boris Diaw,Gerald Wallace,Raymond Felton,Stephen Jackson,Tyson Chandler,3,8:34,PHI,shot,,,,,,,,,,Samuel Dalembert,,,,missed,,jump,32,8
Andre Iguodala,Elton Brand,Samuel Dalembert,Thaddeus Young,Willie Green,Boris Diaw,Gerald Wallace,Raymond Felton,Stephen Jackson,Tyson Chandler,3,8:32,PHI,rebound,,,,,,,,,,Thaddeus Young,,,,,,off,,
Andre Iguodala,Elton Brand,Samuel Dalembert,Thaddeus Young,Willie Green,Boris Diaw,Gerald Wallace,Raymond Felton,Stephen Jackson,Tyson Chandler,3,8:32,PHI,shot,,,,,,,,,,Thaddeus Young,,,,missed,,tip,25,6
Andre Iguodala,Elton Brand,Samuel Dalembert,Thaddeus Young,Willie Green,Boris Diaw,Gerald Wallace,Raymond Felton,Stephen Jackson,Tyson Chandler,3,8:30,PHI,rebound,,,,,,,,,,Thaddeus Young,,,,,,off,,
Andre Iguodala,Elton Brand,Samuel Dalembert,Thaddeus Young,Willie Green,Boris Diaw,Gerald Wallace,Raymond Felton,Stephen Jackson,Tyson Chandler,3,8:30,PHI,shot,,,,,,,,,,Thaddeus Young,2,,,made,,layup,25,6
Andre Iguodala,Elton Brand,Samuel Dalembert,Thaddeus Young,Willie Green,Boris Diaw,Gerald Wallace,Raymond Felton,Stephen Jackson,Tyson Chandler,3,8:09,CHA,shot,Raymond Felton,,,,,,,,,Gerald Wallace,3,,,made,,3pt,48,7
Andre Iguodala,Elton Brand,Samuel Dalembert,Thaddeus Young,Willie Green,Boris Diaw,Gerald Wallace,Raymond Felton,Stephen Jackson,Tyson Chandler,3,8:03,PHI,timeout,,,,,,,,,,,,,,,,regular,,
Andre Iguodala,Elton Brand,Samuel Dalembert,Thaddeus Young,Willie Green,Boris Diaw,Gerald Wallace,Raymond Felton,Stephen Jackson,Tyson Chandler,3,7:55,PHI,shot,,,,,,,,,,Willie Green,2,,,made,,turnaround fade away,36,10
Andre Iguodala,Elton Brand,Samuel Dalembert,Thaddeus Young,Willie Green,Boris Diaw,Gerald Wallace,Raymond Felton,Stephen Jackson,Tyson Chandler,3,7:45,PHI,foul,,,,,,,,Gerald Wallace,,Samuel Dalembert,,,,,,personal,,
Andre Iguodala,Elton Brand,Samuel Dalembert,Thaddeus Young,Willie Green,Boris Diaw,Gerald Wallace,Raymond Felton,Stephen Jackson,Tyson Chandler,3,7:33,CHA,shot,,,,,,,,,,Raymond Felton,2,,,made,,jump,13,21
Andre Iguodala,Elton Brand,Samuel Dalembert,Thaddeus Young,Willie Green,Boris Diaw,Gerald Wallace,Raymond Felton,Stephen Jackson,Tyson Chandler,3,7:23,PHI,shot,,,,,,,,,,Willie Green,3,,,made,,3pt,11,29
Andre Iguodala,Elton Brand,Samuel Dalembert,Thaddeus Young,Willie Green,Boris Diaw,Gerald Wallace,Raymond Felton,Stephen Jackson,Tyson Chandler,3,6:56,CHA,shot,,,,,,,,,,Raymond Felton,2,,,made,,jump,25,25
Andre Iguodala,Elton Brand,Samuel Dalembert,Thaddeus Young,Willie Green,Boris Diaw,Gerald Wallace,Raymond Felton,Stephen Jackson,Tyson Chandler,3,6:46,PHI,shot,,,,,,,,,,Thaddeus Young,2,,,made,,jump,11,16
Andre Iguodala,Elton Brand,Samuel Dalembert,Thaddeus Young,Willie Green,Boris Diaw,Gerald Wallace,Raymond Felton,Stephen Jackson,Tyson Chandler,3,6:32,CHA,shot,Raymond Felton,,,,,,,,,Gerald Wallace,2,,,made,,jump,39,15
Andre Iguodala,Elton Brand,Samuel Dalembert,Thaddeus Young,Willie Green,Boris Diaw,Gerald Wallace,Raymond Felton,Stephen Jackson,Tyson Chandler,3,6:23,PHI,shot,,,,,,,,,,Samuel Dalembert,,,,missed,,jump,26,17
Andre Iguodala,Elton Brand,Samuel Dalembert,Thaddeus Young,Willie Green,Boris Diaw,Gerald Wallace,Raymond Felton,Stephen Jackson,Tyson Chandler,3,6:21,CHA,rebound,,,,,,,,,,Tyson Chandler,,,,,,def,,
Andre Iguodala,Elton Brand,Samuel Dalembert,Thaddeus Young,Willie Green,Boris Diaw,Gerald Wallace,Raymond Felton,Stephen Jackson,Tyson Chandler,3,6:15,CHA,shot,,,,,,,,,,Raymond Felton,2,,,made,,driving layup,25,6
Andre Iguodala,Elton Brand,Samuel Dalembert,Thaddeus Young,Willie Green,Boris Diaw,Gerald Wallace,Raymond Felton,Stephen Jackson,Tyson Chandler,3,5:50,PHI,shot,Andre Iguodala,,,,,,,,,Samuel Dalembert,2,,,made,,jump,25,23
Andre Iguodala,Elton Brand,Samuel Dalembert,Thaddeus Young,Willie Green,Boris Diaw,Gerald Wallace,Raymond Felton,Stephen Jackson,Tyson Chandler,3,5:37,CHA,shot,,,,,,,,,,Raymond Felton,2,,,made,,driving layup,25,6
Andre Iguodala,Elton Brand,Samuel Dalembert,Thaddeus Young,Willie Green,Boris Diaw,Gerald Wallace,Raymond Felton,Stephen Jackson,Tyson Chandler,3,5:37,PHI,foul,,,,,,,,Raymond Felton,,Willie Green,,,,,,shooting,,
Andre Iguodala,Elton Brand,Samuel Dalembert,Thaddeus Young,Willie Green,Boris Diaw,Gerald Wallace,Raymond Felton,Stephen Jackson,Tyson Chandler,3,5:37,CHA,free throw,,,,,,,1,,1,Raymond Felton,,,foul,made,,,,
Andre Iguodala,Elton Brand,Samuel Dalembert,Thaddeus Young,Willie Green,Boris Diaw,Gerald Wallace,Raymond Felton,Stephen Jackson,Tyson Chandler,3,5:22,PHI,shot,Samuel Dalembert,,,,,,,,,Willie Green,2,,,made,,jump,17,26
Andre Iguodala,Elton Brand,Samuel Dalembert,Thaddeus Young,Willie Green,Boris Diaw,Gerald Wallace,Raymond Felton,Stephen Jackson,Tyson Chandler,3,4:57,CHA,shot,,,Samuel Dalembert,,,,,,,Stephen Jackson,,,,missed,,layup,25,6
Andre Iguodala,Elton Brand,Samuel Dalembert,Thaddeus Young,Willie Green,Boris Diaw,Gerald Wallace,Raymond Felton,Stephen Jackson,Tyson Chandler,3,4:55,PHI,rebound,,,,,,,,,,Andre Iguodala,,,,,,def,,
Andre Iguodala,Elton Brand,Samuel Dalembert,Thaddeus Young,Willie Green,Boris Diaw,Gerald Wallace,Raymond Felton,Stephen Jackson,Tyson Chandler,3,4:50,PHI,shot,Andre Iguodala,,,,,,,,,Willie Green,2,,,made,,jump,43,11
Andre Iguodala,Elton Brand,Samuel Dalembert,Thaddeus Young,Willie Green,Boris Diaw,Gerald Wallace,Raymond Felton,Stephen Jackson,Tyson Chandler,3,4:34,CHA,shot,,,,,,,,,,Boris Diaw,,,,missed,,3pt,35,29
Andre Iguodala,Elton Brand,Samuel Dalembert,Thaddeus Young,Willie Green,Boris Diaw,Gerald Wallace,Raymond Felton,Stephen Jackson,Tyson Chandler,3,4:33,PHI,rebound,,,,,,,,,,Andre Iguodala,,,,,,def,,
Andre Iguodala,Elton Brand,Samuel Dalembert,Thaddeus Young,Willie Green,Boris Diaw,Gerald Wallace,Raymond Felton,Stephen Jackson,Tyson Chandler,3,4:30,CHA,foul,,,,,,,,Elton Brand,,Boris Diaw,,,,,,personal,,
Andre Iguodala,Elton Brand,Primoz Brezec,Thaddeus Young,Willie Green,Boris Diaw,Gerald Wallace,Raymond Felton,Stephen Jackson,Tyson Chandler,3,4:30,PHI,sub,,,,Primoz Brezec,,Samuel Dalembert,,,,,,,,,,,,
Andre Iguodala,Elton Brand,Primoz Brezec,Thaddeus Young,Willie Green,Boris Diaw,Gerald Wallace,Nazr Mohammed,Raymond Felton,Stephen Jackson,3,4:30,CHA,sub,,,,Nazr Mohammed,,Tyson Chandler,,,,,,,,,,,,
Andre Iguodala,Elton Brand,Primoz Brezec,Thaddeus Young,Willie Green,Boris Diaw,Gerald Wallace,Nazr Mohammed,Raymond Felton,Stephen Jackson,3,4:20,CHA,foul,,,,,,,,Willie Green,,Raymond Felton,,,,,,shooting,,
Andre Iguodala,Elton Brand,Primoz Brezec,Thaddeus Young,Willie Green,Boris Diaw,Gerald Wallace,Nazr Mohammed,Ronald Murray,Stephen Jackson,3,4:20,CHA,sub,,,,Ronald Murray,,Raymond Felton,,,,,,,,,,,,
Andre Iguodala,Elton Brand,Primoz Brezec,Thaddeus Young,Willie Green,Boris Diaw,Gerald Wallace,Nazr Mohammed,Ronald Murray,Stephen Jackson,3,4:20,PHI,free throw,,,,,,,1,,2,Willie Green,,,foul,made,,,,
Andre Iguodala,Elton Brand,Primoz Brezec,Thaddeus Young,Willie Green,Derrick Brown,Gerald Wallace,Nazr Mohammed,Ronald Murray,Stephen Jackson,3,4:20,CHA,sub,,,,Derrick Brown,,Boris Diaw,,,,,,,,,,,,
Andre Iguodala,Elton Brand,Primoz Brezec,Thaddeus Young,Willie Green,Derrick Brown,Gerald Wallace,Nazr Mohammed,Ronald Murray,Stephen Jackson,3,4:20,PHI,free throw,,,,,,,2,,2,Willie Green,,,foul,made,,,,
Andre Iguodala,Elton Brand,Primoz Brezec,Thaddeus Young,Willie Green,Derrick Brown,Gerald Wallace,Nazr Mohammed,Ronald Murray,Stephen Jackson,3,4:04,CHA,turnover,,,,,,,,,,Stephen Jackson,,,bad pass,,Elton Brand,,,
Andre Iguodala,Elton Brand,Primoz Brezec,Thaddeus Young,Willie Green,Derrick Brown,Gerald Wallace,Nazr Mohammed,Ronald Murray,Stephen Jackson,3,3:56,PHI,shot,,,,,,,,,,Willie Green,2,,,made,,running jump,23,11
Andre Iguodala,Elton Brand,Primoz Brezec,Thaddeus Young,Willie Green,Derrick Brown,Gerald Wallace,Nazr Mohammed,Ronald Murray,Stephen Jackson,3,3:40,CHA,shot,,,,,,,,,,Stephen Jackson,,,,missed,,3pt,1,10
Andre Iguodala,Elton Brand,Primoz Brezec,Thaddeus Young,Willie Green,Derrick Brown,Gerald Wallace,Nazr Mohammed,Ronald Murray,Stephen Jackson,3,3:39,PHI,rebound,,,,,,,,,,Andre Iguodala,,,,,,def,,
Andre Iguodala,Elton Brand,Primoz Brezec,Thaddeus Young,Willie Green,Derrick Brown,Gerald Wallace,Nazr Mohammed,Ronald Murray,Stephen Jackson,3,3:26,PHI,shot,,,,,,,,,,Thaddeus Young,,,,missed,,layup,25,6
Andre Iguodala,Elton Brand,Primoz Brezec,Thaddeus Young,Willie Green,Derrick Brown,Gerald Wallace,Nazr Mohammed,Ronald Murray,Stephen Jackson,3,3:24,CHA,rebound,,,,,,,,,,Nazr Mohammed,,,,,,def,,
Andre Iguodala,Elton Brand,Primoz Brezec,Thaddeus Young,Willie Green,Derrick Brown,Gerald Wallace,Nazr Mohammed,Ronald Murray,Stephen Jackson,3,3:06,CHA,shot,,,Elton Brand,,,,,,,Ronald Murray,,,,missed,,layup,25,6
Andre Iguodala,Elton Brand,Primoz Brezec,Thaddeus Young,Willie Green,Derrick Brown,Gerald Wallace,Nazr Mohammed,Ronald Murray,Stephen Jackson,3,3:04,PHI,rebound,,,,,,,,,,Primoz Brezec,,,,,,def,,
Andre Iguodala,Elton Brand,Primoz Brezec,Thaddeus Young,Willie Green,Derrick Brown,Gerald Wallace,Nazr Mohammed,Ronald Murray,Stephen Jackson,3,3:02,PHI,shot,,,Gerald Wallace,,,,,,,Thaddeus Young,,,,missed,,layup,25,6
Andre Iguodala,Elton Brand,Primoz Brezec,Thaddeus Young,Willie Green,Derrick Brown,Gerald Wallace,Nazr Mohammed,Ronald Murray,Stephen Jackson,3,3:02,PHI,rebound,,,,,,,,,,,,,,,,,,
Andre Iguodala,Jason Kapono,Primoz Brezec,Thaddeus Young,Willie Green,Derrick Brown,Gerald Wallace,Nazr Mohammed,Ronald Murray,Stephen Jackson,3,3:02,PHI,sub,,,,Jason Kapono,,Elton Brand,,,,,,,,,,,,
Andre Iguodala,Jason Kapono,Primoz Brezec,Thaddeus Young,Willie Green,Derrick Brown,Gerald Wallace,Nazr Mohammed,Ronald Murray,Stephen Jackson,3,2:58,PHI,shot,Jason Kapono,,,,,,,,,Andre Iguodala,2,,,made,,dunk,25,6
Andre Iguodala,Jason Kapono,Primoz Brezec,Thaddeus Young,Willie Green,Derrick Brown,Gerald Wallace,Nazr Mohammed,Ronald Murray,Stephen Jackson,3,2:34,CHA,shot,,,,,,,,,,Ronald Murray,,,,missed,,3pt,6,24
Andre Iguodala,Jason Kapono,Primoz Brezec,Thaddeus Young,Willie Green,Derrick Brown,Gerald Wallace,Nazr Mohammed,Ronald Murray,Stephen Jackson,3,2:32,PHI,rebound,,,,,,,,,,Thaddeus Young,,,,,,def,,
Andre Iguodala,Jason Kapono,Primoz Brezec,Thaddeus Young,Willie Green,Derrick Brown,Gerald Wallace,Nazr Mohammed,Ronald Murray,Stephen Jackson,3,2:27,CHA,foul,,,,,,,,Thaddeus Young,,Derrick Brown,,,,,,personal,,
Andre Iguodala,Jason Kapono,Primoz Brezec,Thaddeus Young,Willie Green,Derrick Brown,Gerald Wallace,Nazr Mohammed,Ronald Murray,Stephen Jackson,3,2:27,CHA,timeout,,,,,,,,,,,,,,,,regular,,
Andre Iguodala,Jason Kapono,Primoz Brezec,Thaddeus Young,Willie Green,Derrick Brown,Gerald Wallace,Nazr Mohammed,Ronald Murray,Stephen Jackson,3,2:27,PHI,free throw,,,,,,,1,,2,Thaddeus Young,,,foul,missed,,,,
Andre Iguodala,Jason Kapono,Primoz Brezec,Thaddeus Young,Willie Green,Derrick Brown,Gerald Wallace,Nazr Mohammed,Ronald Murray,Stephen Jackson,3,2:27,PHI,rebound,,,,,,,,,,,,,,,,,,
Andre Iguodala,Jason Kapono,Primoz Brezec,Thaddeus Young,Willie Green,Derrick Brown,Gerald Wallace,Nazr Mohammed,Ronald Murray,Stephen Jackson,3,2:27,PHI,free throw,,,,,,,2,,2,Thaddeus Young,,,foul,missed,,,,
Andre Iguodala,Jason Kapono,Primoz Brezec,Thaddeus Young,Willie Green,Derrick Brown,Gerald Wallace,Nazr Mohammed,Ronald Murray,Stephen Jackson,3,2:26,CHA,rebound,,,,,,,,,,Nazr Mohammed,,,,,,def,,
Andre Iguodala,Jason Kapono,Primoz Brezec,Thaddeus Young,Willie Green,Derrick Brown,Gerald Wallace,Nazr Mohammed,Ronald Murray,Stephen Jackson,3,2:11,CHA,shot,Ronald Murray,,,,,,,,,Derrick Brown,2,,,made,,jump,19,9
Andre Iguodala,Jason Kapono,Primoz Brezec,Thaddeus Young,Willie Green,Derrick Brown,Gerald Wallace,Nazr Mohammed,Ronald Murray,Stephen Jackson,3,1:52,PHI,turnover,,,,,,,,,,Jason Kapono,,,bad pass,,Gerald Wallace,,,
Andre Iguodala,Jason Kapono,Primoz Brezec,Thaddeus Young,Willie Green,Derrick Brown,Gerald Wallace,Nazr Mohammed,Ronald Murray,Stephen Jackson,3,1:46,CHA,shot,Gerald Wallace,,,,,,,,,Nazr Mohammed,2,,,made,,dunk,25,6
Andre Iguodala,Jason Kapono,Primoz Brezec,Thaddeus Young,Willie Green,Derrick Brown,Gerald Wallace,Nazr Mohammed,Ronald Murray,Stephen Jackson,3,1:35,CHA,foul,,,,,,,,Willie Green,,Ronald Murray,,,,,,personal,,
Andre Iguodala,Jason Kapono,Primoz Brezec,Thaddeus Young,Willie Green,Derrick Brown,Gerald Wallace,Nazr Mohammed,Ronald Murray,Stephen Jackson,3,1:35,PHI,free throw,,,,,,,1,,2,Willie Green,,,foul,made,,,,
Andre Iguodala,Jason Kapono,Primoz Brezec,Rodney Carney,Willie Green,Derrick Brown,Gerald Wallace,Nazr Mohammed,Ronald Murray,Stephen Jackson,3,1:35,PHI,sub,,,,Rodney Carney,,Thaddeus Young,,,,,,,,,,,,
Andre Iguodala,Jason Kapono,Primoz Brezec,Rodney Carney,Willie Green,Derrick Brown,Gerald Wallace,Nazr Mohammed,Ronald Murray,Stephen Jackson,3,1:35,PHI,free throw,,,,,,,2,,2,Willie Green,,,foul,made,,,,
Andre Iguodala,Jason Kapono,Primoz Brezec,Rodney Carney,Willie Green,Derrick Brown,Gerald Wallace,Nazr Mohammed,Ronald Murray,Stephen Jackson,3,1:09,CHA,shot,,,,,,,,,,Ronald Murray,,,,missed,,floating jump,20,14
Andre Iguodala,Jason Kapono,Primoz Brezec,Rodney Carney,Willie Green,Derrick Brown,Gerald Wallace,Nazr Mohammed,Ronald Murray,Stephen Jackson,3,1:08,PHI,rebound,,,,,,,,,,Andre Iguodala,,,,,,def,,
Andre Iguodala,Jason Kapono,Primoz Brezec,Rodney Carney,Willie Green,Derrick Brown,Gerald Wallace,Nazr Mohammed,Ronald Murray,Stephen Jackson,3,1:01,PHI,shot,,,,,,,,,,Jason Kapono,2,,,made,,jump,8,15
Andre Iguodala,Jason Kapono,Primoz Brezec,Rodney Carney,Willie Green,Derrick Brown,Gerald Wallace,Nazr Mohammed,Ronald Murray,Stephen Jackson,3,0:38,CHA,turnover,,,,,,,,,,Ronald Murray,,,bad pass,,Andre Iguodala,,,
Andre Iguodala,Jason Kapono,Primoz Brezec,Rodney Carney,Willie Green,Derrick Brown,Gerald Wallace,Nazr Mohammed,Ronald Murray,Stephen Jackson,3,0:38,CHA,foul,,,,,,,,Andre Iguodala,,Ronald Murray,,,,,,clear path,,
Andre Iguodala,Jason Kapono,Primoz Brezec,Rodney Carney,Willie Green,Derrick Brown,Gerald Wallace,Nazr Mohammed,Ronald Murray,Stephen Jackson,3,0:38,PHI,free throw,,,,,,,1,,2,Andre Iguodala,,,foul,made,,,,
Andre Iguodala,Jason Kapono,Primoz Brezec,Rodney Carney,Willie Green,Derrick Brown,Gerald Wallace,Nazr Mohammed,Ronald Murray,Stephen Jackson,3,0:38,PHI,free throw,,,,,,,2,,2,Andre Iguodala,,,foul,made,,,,
Andre Iguodala,Jason Kapono,Primoz Brezec,Rodney Carney,Willie Green,Derrick Brown,Gerald Wallace,Nazr Mohammed,Ronald Murray,Stephen Jackson,3,0:26,PHI,shot,,,,,,,,,,Rodney Carney,,,,missed,,running hook,21,12
Andre Iguodala,Jason Kapono,Primoz Brezec,Rodney Carney,Willie Green,Derrick Brown,Gerald Wallace,Nazr Mohammed,Ronald Murray,Stephen Jackson,3,0:25,CHA,rebound,,,,,,,,,,Nazr Mohammed,,,,,,def,,
Andre Iguodala,Jason Kapono,Primoz Brezec,Rodney Carney,Willie Green,Derrick Brown,Gerald Wallace,Nazr Mohammed,Ronald Murray,Stephen Jackson,3,0:12,PHI,foul,,,,,,,,Ronald Murray,,Willie Green,,,,,,personal,,
Andre Iguodala,Jason Kapono,Primoz Brezec,Rodney Carney,Willie Green,Derrick Brown,Gerald Wallace,Nazr Mohammed,Ronald Murray,Stephen Jackson,3,0:05,CHA,turnover,,,,,,,,,,Ronald Murray,,,bad pass,,,,,
Andre Iguodala,Jason Kapono,Primoz Brezec,Rodney Carney,Willie Green,Derrick Brown,Gerald Wallace,Nazr Mohammed,Ronald Murray,Stephen Jackson,3,0:00,PHI,shot,,,,,,,,,,Willie Green,3,,,made,,3pt,31,31
Andre Iguodala,Jason Kapono,Primoz Brezec,Rodney Carney,Willie Green,Derrick Brown,Gerald Wallace,Nazr Mohammed,Raymond Felton,Stephen Jackson,4,11:41,PHI,shot,,,,,,,,,,Willie Green,,,,missed,,jump,19,24
Andre Iguodala,Jason Kapono,Primoz Brezec,Rodney Carney,Willie Green,Derrick Brown,Gerald Wallace,Nazr Mohammed,Raymond Felton,Stephen Jackson,4,11:40,CHA,rebound,,,,,,,,,,Gerald Wallace,,,,,,def,,
Andre Iguodala,Jason Kapono,Primoz Brezec,Rodney Carney,Willie Green,Derrick Brown,Gerald Wallace,Nazr Mohammed,Raymond Felton,Stephen Jackson,4,11:29,CHA,shot,,,,,,,,,,Gerald Wallace,,,,missed,,layup,25,6
Andre Iguodala,Jason Kapono,Primoz Brezec,Rodney Carney,Willie Green,Derrick Brown,Gerald Wallace,Nazr Mohammed,Raymond Felton,Stephen Jackson,4,11:28,PHI,rebound,,,,,,,,,,Jason Kapono,,,,,,def,,
Andre Iguodala,Jason Kapono,Primoz Brezec,Rodney Carney,Willie Green,Derrick Brown,Gerald Wallace,Nazr Mohammed,Raymond Felton,Stephen Jackson,4,11:23,PHI,shot,,,,,,,,,,Andre Iguodala,,,,missed,,finger roll layup,25,6
Andre Iguodala,Jason Kapono,Primoz Brezec,Rodney Carney,Willie Green,Derrick Brown,Gerald Wallace,Nazr Mohammed,Raymond Felton,Stephen Jackson,4,11:22,PHI,rebound,,,,,,,,,,,,,,,,,,
Andre Iguodala,Jason Kapono,Primoz Brezec,Rodney Carney,Willie Green,Derrick Brown,Gerald Wallace,Nazr Mohammed,Raymond Felton,Stephen Jackson,4,11:22,CHA,foul,,,,,,,,Andre Iguodala,,Gerald Wallace,,,,,,loose ball,,
Andre Iguodala,Jason Kapono,Primoz Brezec,Rodney Carney,Willie Green,Gerald Henderson,Gerald Wallace,Nazr Mohammed,Raymond Felton,Stephen Jackson,4,11:22,CHA,sub,,,,Gerald Henderson,,Derrick Brown,,,,,,,,,,,,
Andre Iguodala,Jason Kapono,Primoz Brezec,Rodney Carney,Willie Green,Gerald Henderson,Gerald Wallace,Nazr Mohammed,Raymond Felton,Stephen Jackson,4,10:58,PHI,shot,,,,,,,,,,Primoz Brezec,,,,missed,,jump,10,8
Andre Iguodala,Jason Kapono,Primoz Brezec,Rodney Carney,Willie Green,Gerald Henderson,Gerald Wallace,Nazr Mohammed,Raymond Felton,Stephen Jackson,4,10:57,CHA,rebound,,,,,,,,,,Gerald Wallace,,,,,,def,,
Andre Iguodala,Jason Kapono,Primoz Brezec,Rodney Carney,Willie Green,Gerald Henderson,Gerald Wallace,Nazr Mohammed,Raymond Felton,Stephen Jackson,4,10:52,CHA,shot,,,,,,,,,,Gerald Wallace,,,,missed,,driving layup,25,6
Andre Iguodala,Jason Kapono,Primoz Brezec,Rodney Carney,Willie Green,Gerald Henderson,Gerald Wallace,Nazr Mohammed,Raymond Felton,Stephen Jackson,4,10:51,PHI,rebound,,,,,,,,,,,,,,,,,,
Andre Iguodala,Jason Kapono,Primoz Brezec,Rodney Carney,Willie Green,Gerald Henderson,Gerald Wallace,Nazr Mohammed,Raymond Felton,Stephen Jackson,4,10:34,PHI,shot,Andre Iguodala,,,,,,,,,Primoz Brezec,2,,,made,,fade away jumper,31,10
Andre Iguodala,Jason Kapono,Primoz Brezec,Rodney Carney,Willie Green,Gerald Henderson,Gerald Wallace,Nazr Mohammed,Raymond Felton,Stephen Jackson,4,10:08,CHA,shot,Stephen Jackson,,,,,,,,,Nazr Mohammed,2,,,made,,layup,25,6
Andre Iguodala,Jason Kapono,Primoz Brezec,Rodney Carney,Willie Green,Gerald Henderson,Gerald Wallace,Nazr Mohammed,Raymond Felton,Stephen Jackson,4,10:08,PHI,foul,,,,,,,,Nazr Mohammed,,Rodney Carney,,,,,,shooting,,
Andre Iguodala,Elton Brand,Jason Kapono,Rodney Carney,Willie Green,Gerald Henderson,Gerald Wallace,Nazr Mohammed,Raymond Felton,Stephen Jackson,4,10:08,PHI,sub,,,,Elton Brand,,Primoz Brezec,,,,,,,,,,,,
Andre Iguodala,Elton Brand,Jason Kapono,Rodney Carney,Willie Green,Gerald Henderson,Gerald Wallace,Nazr Mohammed,Raymond Felton,Stephen Jackson,4,10:08,CHA,free throw,,,,,,,1,,1,Nazr Mohammed,,,foul,made,,,,
Andre Iguodala,Elton Brand,Jason Kapono,Rodney Carney,Willie Green,Gerald Henderson,Gerald Wallace,Nazr Mohammed,Raymond Felton,Stephen Jackson,4,9:47,PHI,shot,,,,,,,,,,Andre Iguodala,,,,missed,,jump,4,7
Andre Iguodala,Elton Brand,Jason Kapono,Rodney Carney,Willie Green,Gerald Henderson,Gerald Wallace,Nazr Mohammed,Raymond Felton,Stephen Jackson,4,9:45,CHA,rebound,,,,,,,,,,Raymond Felton,,,,,,def,,
Andre Iguodala,Elton Brand,Jason Kapono,Rodney Carney,Willie Green,Gerald Henderson,Gerald Wallace,Nazr Mohammed,Raymond Felton,Stephen Jackson,4,9:42,PHI,foul,,,,,,,,Gerald Henderson,,Rodney Carney,,,,,,shooting,,
Andre Iguodala,Elton Brand,Jason Kapono,Rodney Carney,Willie Green,Gerald Henderson,Gerald Wallace,Nazr Mohammed,Raymond Felton,Stephen Jackson,4,9:42,CHA,free throw,,,,,,,1,,2,Gerald Henderson,,,foul,made,,,,
Andre Iguodala,Elton Brand,Jason Kapono,Rodney Carney,Willie Green,Boris Diaw,Gerald Henderson,Gerald Wallace,Raymond Felton,Stephen Jackson,4,9:42,CHA,sub,,,,Boris Diaw,,Nazr Mohammed,,,,,,,,,,,,
Andre Iguodala,Elton Brand,Jason Kapono,Rodney Carney,Thaddeus Young,Boris Diaw,Gerald Henderson,Gerald Wallace,Raymond Felton,Stephen Jackson,4,9:42,PHI,sub,,,,Thaddeus Young,,Willie Green,,,,,,,,,,,,
Andre Iguodala,Elton Brand,Jason Kapono,Rodney Carney,Thaddeus Young,Boris Diaw,Gerald Henderson,Gerald Wallace,Raymond Felton,Stephen Jackson,4,9:42,CHA,free throw,,,,,,,2,,2,Gerald Henderson,,,foul,made,,,,
Andre Iguodala,Elton Brand,Jason Kapono,Rodney Carney,Thaddeus Young,Boris Diaw,Gerald Henderson,Gerald Wallace,Raymond Felton,Stephen Jackson,4,9:24,PHI,shot,,,,,,,,,,Jason Kapono,,,,missed,,jump,38,18
Andre Iguodala,Elton Brand,Jason Kapono,Rodney Carney,Thaddeus Young,Boris Diaw,Gerald Henderson,Gerald Wallace,Raymond Felton,Stephen Jackson,4,9:23,CHA,rebound,,,,,,,,,,Gerald Wallace,,,,,,def,,
Andre Iguodala,Elton Brand,Jason Kapono,Rodney Carney,Thaddeus Young,Boris Diaw,Gerald Henderson,Gerald Wallace,Raymond Felton,Stephen Jackson,4,9:17,CHA,shot,,,,,,,,,,Raymond Felton,,,,missed,,floating jump,27,11
Andre Iguodala,Elton Brand,Jason Kapono,Rodney Carney,Thaddeus Young,Boris Diaw,Gerald Henderson,Gerald Wallace,Raymond Felton,Stephen Jackson,4,9:15,CHA,rebound,,,,,,,,,,Raymond Felton,,,,,,off,,
Andre Iguodala,Elton Brand,Jason Kapono,Rodney Carney,Thaddeus Young,Boris Diaw,Gerald Henderson,Gerald Wallace,Raymond Felton,Stephen Jackson,4,9:15,CHA,shot,,,,,,,,,,Raymond Felton,,,,missed,,layup,25,6
Andre Iguodala,Elton Brand,Jason Kapono,Rodney Carney,Thaddeus Young,Boris Diaw,Gerald Henderson,Gerald Wallace,Raymond Felton,Stephen Jackson,4,9:14,PHI,rebound,,,,,,,,,,Elton Brand,,,,,,def,,
Andre Iguodala,Elton Brand,Jason Kapono,Rodney Carney,Thaddeus Young,Boris Diaw,Gerald Henderson,Gerald Wallace,Raymond Felton,Stephen Jackson,4,9:06,PHI,shot,Andre Iguodala,,,,,,,,,Rodney Carney,2,,,made,,layup,25,6
Andre Iguodala,Elton Brand,Jason Kapono,Rodney Carney,Thaddeus Young,Boris Diaw,Gerald Henderson,Gerald Wallace,Raymond Felton,Stephen Jackson,4,8:47,CHA,shot,,,Rodney Carney,,,,,,,Stephen Jackson,,,,missed,,layup,25,6
Andre Iguodala,Elton Brand,Jason Kapono,Rodney Carney,Thaddeus Young,Boris Diaw,Gerald Henderson,Gerald Wallace,Raymond Felton,Stephen Jackson,4,8:45,PHI,rebound,,,,,,,,,,Thaddeus Young,,,,,,def,,
Andre Iguodala,Elton Brand,Jason Kapono,Rodney Carney,Thaddeus Young,Boris Diaw,Gerald Henderson,Gerald Wallace,Raymond Felton,Stephen Jackson,4,8:37,PHI,shot,,,,,,,,,,Andre Iguodala,,,,missed,,jump,35,9
Andre Iguodala,Elton Brand,Jason Kapono,Rodney Carney,Thaddeus Young,Boris Diaw,Gerald Henderson,Gerald Wallace,Raymond Felton,Stephen Jackson,4,8:35,CHA,rebound,,,,,,,,,,Gerald Wallace,,,,,,def,,
Andre Iguodala,Elton Brand,Jason Kapono,Rodney Carney,Thaddeus Young,Boris Diaw,Gerald Henderson,Gerald Wallace,Raymond Felton,Stephen Jackson,4,8:30,CHA,shot,,,,,,,,,,Gerald Henderson,,,,missed,,layup,25,6
Andre Iguodala,Elton Brand,Jason Kapono,Rodney Carney,Thaddeus Young,Boris Diaw,Gerald Henderson,Gerald Wallace,Raymond Felton,Stephen Jackson,4,8:29,PHI,rebound,,,,,,,,,,Thaddeus Young,,,,,,def,,
Andre Iguodala,Elton Brand,Jason Kapono,Rodney Carney,Thaddeus Young,Boris Diaw,Gerald Henderson,Gerald Wallace,Raymond Felton,Stephen Jackson,4,8:23,PHI,turnover,,,,,,,,,,Thaddeus Young,,,traveling,,,,,
Andre Iguodala,Elton Brand,Jason Kapono,Rodney Carney,Thaddeus Young,Boris Diaw,Gerald Henderson,Gerald Wallace,Raymond Felton,Stephen Jackson,4,8:23,CHA,timeout,,,,,,,,,,,,,,,,official,,
Andre Iguodala,Elton Brand,Jason Kapono,Rodney Carney,Thaddeus Young,Boris Diaw,Gerald Henderson,Gerald Wallace,Raymond Felton,Stephen Jackson,4,8:10,PHI,foul,,,,,,,,Gerald Wallace,,Rodney Carney,,,,,,shooting,,
Andre Iguodala,Elton Brand,Jason Kapono,Rodney Carney,Thaddeus Young,Boris Diaw,Gerald Henderson,Gerald Wallace,Raymond Felton,Stephen Jackson,4,8:10,CHA,free throw,,,,,,,1,,2,Gerald Wallace,,,foul,missed,,,,
Andre Iguodala,Elton Brand,Jason Kapono,Rodney Carney,Thaddeus Young,Boris Diaw,Gerald Henderson,Gerald Wallace,Raymond Felton,Stephen Jackson,4,8:10,CHA,rebound,,,,,,,,,,,,,,,,,,
Andre Iguodala,Elton Brand,Jason Kapono,Rodney Carney,Thaddeus Young,Boris Diaw,Gerald Henderson,Gerald Wallace,Raymond Felton,Stephen Jackson,4,8:10,CHA,free throw,,,,,,,2,,2,Gerald Wallace,,,foul,made,,,,
Andre Iguodala,Elton Brand,Jason Kapono,Rodney Carney,Thaddeus Young,Boris Diaw,Gerald Henderson,Gerald Wallace,Raymond Felton,Stephen Jackson,4,7:51,PHI,shot,,,,,,,,,,Thaddeus Young,,,,missed,,jump,23,12
Andre Iguodala,Elton Brand,Jason Kapono,Rodney Carney,Thaddeus Young,Boris Diaw,Gerald Henderson,Gerald Wallace,Raymond Felton,Stephen Jackson,4,7:50,CHA,rebound,,,,,,,,,,Gerald Wallace,,,,,,def,,
Andre Iguodala,Elton Brand,Jason Kapono,Rodney Carney,Thaddeus Young,Boris Diaw,Gerald Henderson,Gerald Wallace,Raymond Felton,Stephen Jackson,4,7:42,CHA,shot,,,,,,,,,,Gerald Wallace,,,,missed,,jump,43,8
Andre Iguodala,Elton Brand,Jason Kapono,Rodney Carney,Thaddeus Young,Boris Diaw,Gerald Henderson,Gerald Wallace,Raymond Felton,Stephen Jackson,4,7:41,PHI,rebound,,,,,,,,,,Thaddeus Young,,,,,,def,,
Andre Iguodala,Elton Brand,Jason Kapono,Rodney Carney,Thaddeus Young,Boris Diaw,Gerald Henderson,Gerald Wallace,Raymond Felton,Stephen Jackson,4,7:36,PHI,shot,,,,,,,,,,Andre Iguodala,,,,missed,,layup,25,6
Andre Iguodala,Elton Brand,Jason Kapono,Rodney Carney,Thaddeus Young,Boris Diaw,Gerald Henderson,Gerald Wallace,Raymond Felton,Stephen Jackson,4,7:33,CHA,rebound,,,,,,,,,,Gerald Wallace,,,,,,def,,
Andre Iguodala,Elton Brand,Jason Kapono,Rodney Carney,Thaddeus Young,Boris Diaw,Gerald Henderson,Gerald Wallace,Raymond Felton,Stephen Jackson,4,7:19,CHA,shot,Raymond Felton,,,,,,,,,Boris Diaw,2,,,made,,layup,25,6
Andre Iguodala,Elton Brand,Jason Kapono,Rodney Carney,Thaddeus Young,Boris Diaw,Gerald Henderson,Gerald Wallace,Raymond Felton,Stephen Jackson,4,7:19,PHI,foul,,,,,,,,Boris Diaw,,Thaddeus Young,,,,,,shooting,,
Andre Iguodala,Elton Brand,Jason Kapono,Thaddeus Young,Willie Green,Boris Diaw,Gerald Henderson,Gerald Wallace,Raymond Felton,Stephen Jackson,4,7:19,PHI,sub,,,,Willie Green,,Rodney Carney,,,,,,,,,,,,
Andre Iguodala,Elton Brand,Jason Kapono,Thaddeus Young,Willie Green,Boris Diaw,Gerald Henderson,Gerald Wallace,Raymond Felton,Stephen Jackson,4,7:19,CHA,free throw,,,,,,,1,,1,Boris Diaw,,,foul,made,,,,
Andre Iguodala,Elton Brand,Jason Kapono,Thaddeus Young,Willie Green,Boris Diaw,Gerald Henderson,Gerald Wallace,Raymond Felton,Stephen Jackson,4,6:51,PHI,shot,,,,,,,,,,Willie Green,2,,,made,,driving layup,25,6
Andre Iguodala,Elton Brand,Jason Kapono,Thaddeus Young,Willie Green,Boris Diaw,Gerald Henderson,Gerald Wallace,Raymond Felton,Stephen Jackson,4,6:33,CHA,shot,,,,,,,,,,Gerald Henderson,,,,missed,,fade away jumper,8,9
Andre Iguodala,Elton Brand,Jason Kapono,Thaddeus Young,Willie Green,Boris Diaw,Gerald Henderson,Gerald Wallace,Raymond Felton,Stephen Jackson,4,6:32,PHI,rebound,,,,,,,,,,Jason Kapono,,,,,,def,,
Andre Iguodala,Elton Brand,Jason Kapono,Thaddeus Young,Willie Green,Boris Diaw,Gerald Henderson,Gerald Wallace,Raymond Felton,Stephen Jackson,4,6:24,PHI,shot,,,,,,,,,,Jason Kapono,,,,missed,,3pt,21,32
Andre Iguodala,Elton Brand,Jason Kapono,Thaddeus Young,Willie Green,Boris Diaw,Gerald Henderson,Gerald Wallace,Raymond Felton,Stephen Jackson,4,6:24,PHI,rebound,,,,,,,,,,Elton Brand,,,,,,off,,
Andre Iguodala,Elton Brand,Jason Kapono,Thaddeus Young,Willie Green,Boris Diaw,Gerald Henderson,Gerald Wallace,Raymond Felton,Stephen Jackson,4,6:24,CHA,foul,,,,,,,,Elton Brand,,Gerald Wallace,,,,,,shooting,,
Andre Iguodala,Elton Brand,Jason Kapono,Thaddeus Young,Willie Green,Boris Diaw,Gerald Henderson,Gerald Wallace,Raymond Felton,Stephen Jackson,4,6:24,PHI,free throw,,,,,,,1,,2,Elton Brand,,,foul,made,,,,
Andre Iguodala,Elton Brand,Jason Kapono,Thaddeus Young,Willie Green,Boris Diaw,Gerald Henderson,Gerald Wallace,Raymond Felton,Stephen Jackson,4,6:24,PHI,free throw,,,,,,,2,,2,Elton Brand,,,foul,made,,,,
Andre Iguodala,Elton Brand,Jason Kapono,Thaddeus Young,Willie Green,Boris Diaw,Gerald Henderson,Gerald Wallace,Raymond Felton,Stephen Jackson,4,6:03,PHI,foul,,,,,,,,Boris Diaw,,Thaddeus Young,,,,,,shooting,,
Andre Iguodala,Elton Brand,Jason Kapono,Thaddeus Young,Willie Green,Boris Diaw,Gerald Henderson,Gerald Wallace,Raymond Felton,Stephen Jackson,4,6:03,CHA,free throw,,,,,,,1,,2,Boris Diaw,,,foul,made,,,,
Andre Iguodala,Elton Brand,Jason Kapono,Thaddeus Young,Willie Green,Boris Diaw,Gerald Henderson,Gerald Wallace,Raymond Felton,Stephen Jackson,4,6:03,CHA,free throw,,,,,,,2,,2,Boris Diaw,,,foul,made,,,,
Andre Iguodala,Elton Brand,Jason Kapono,Thaddeus Young,Willie Green,Boris Diaw,Gerald Henderson,Gerald Wallace,Raymond Felton,Stephen Jackson,4,5:42,PHI,shot,,,,,,,,,,Andre Iguodala,2,,,made,,jump,14,25
Andre Iguodala,Elton Brand,Jason Kapono,Thaddeus Young,Willie Green,Boris Diaw,Gerald Henderson,Gerald Wallace,Raymond Felton,Stephen Jackson,4,5:42,CHA,foul,,,,,,,,Andre Iguodala,,Gerald Wallace,,,,,,shooting,,
Andre Iguodala,Elton Brand,Jason Kapono,Thaddeus Young,Willie Green,Boris Diaw,Gerald Henderson,Gerald Wallace,Raymond Felton,Stephen Jackson,4,5:42,CHA,timeout,,,,,,,,,,,,,,,,regular,,
Andre Iguodala,Elton Brand,Jason Kapono,Thaddeus Young,Willie Green,Boris Diaw,Gerald Henderson,Gerald Wallace,Raymond Felton,Stephen Jackson,4,5:42,PHI,free throw,,,,,,,1,,1,Andre Iguodala,,,foul,made,,,,
Andre Iguodala,Elton Brand,Jason Kapono,Thaddeus Young,Willie Green,Boris Diaw,Gerald Henderson,Gerald Wallace,Raymond Felton,Stephen Jackson,4,5:26,CHA,turnover,,,,,,,,,,Stephen Jackson,,,bad pass,,Andre Iguodala,,,
Andre Iguodala,Elton Brand,Jason Kapono,Thaddeus Young,Willie Green,Boris Diaw,Gerald Henderson,Gerald Wallace,Raymond Felton,Stephen Jackson,4,5:22,PHI,shot,,,,,,,,,,Andre Iguodala,2,,,made,,driving slam dunk,25,6
Andre Iguodala,Elton Brand,Jason Kapono,Thaddeus Young,Willie Green,Boris Diaw,Gerald Henderson,Gerald Wallace,Raymond Felton,Stephen Jackson,4,5:14,CHA,timeout,,,,,,,,,,,,,,,,regular,,
Andre Iguodala,Elton Brand,Jason Kapono,Thaddeus Young,Willie Green,Boris Diaw,Gerald Henderson,Gerald Wallace,Raymond Felton,Stephen Jackson,4,4:52,CHA,shot,,,,,,,,,,Gerald Henderson,,,,missed,,3pt,21,32
Andre Iguodala,Elton Brand,Jason Kapono,Thaddeus Young,Willie Green,Boris Diaw,Gerald Henderson,Gerald Wallace,Raymond Felton,Stephen Jackson,4,4:51,PHI,rebound,,,,,,,,,,Andre Iguodala,,,,,,def,,
Andre Iguodala,Elton Brand,Jason Kapono,Thaddeus Young,Willie Green,Boris Diaw,Gerald Henderson,Gerald Wallace,Raymond Felton,Stephen Jackson,4,4:30,PHI,shot,,,,,,,,,,Andre Iguodala,,,,missed,,3pt,39,27
Andre Iguodala,Elton Brand,Jason Kapono,Thaddeus Young,Willie Green,Boris Diaw,Gerald Henderson,Gerald Wallace,Raymond Felton,Stephen Jackson,4,4:29,CHA,rebound,,,,,,,,,,Gerald Henderson,,,,,,def,,
Andre Iguodala,Elton Brand,Jason Kapono,Thaddeus Young,Willie Green,Boris Diaw,Gerald Henderson,Gerald Wallace,Raymond Felton,Stephen Jackson,4,4:23,PHI,foul,,,,,,,,Stephen Jackson,,Andre Iguodala,,,,,,shooting,,
Andre Iguodala,Elton Brand,Jason Kapono,Thaddeus Young,Willie Green,Boris Diaw,Gerald Henderson,Gerald Wallace,Raymond Felton,Stephen Jackson,4,4:23,CHA,free throw,,,,,,,1,,2,Stephen Jackson,,,foul,missed,,,,
Andre Iguodala,Elton Brand,Jason Kapono,Thaddeus Young,Willie Green,Boris Diaw,Gerald Henderson,Gerald Wallace,Raymond Felton,Stephen Jackson,4,4:23,CHA,rebound,,,,,,,,,,,,,,,,,,
Andre Iguodala,Elton Brand,Jason Kapono,Thaddeus Young,Willie Green,Boris Diaw,Gerald Henderson,Gerald Wallace,Raymond Felton,Stephen Jackson,4,4:23,CHA,free throw,,,,,,,2,,2,Stephen Jackson,,,foul,made,,,,
Andre Iguodala,Elton Brand,Jason Kapono,Thaddeus Young,Willie Green,Boris Diaw,Gerald Henderson,Gerald Wallace,Raymond Felton,Stephen Jackson,4,4:11,PHI,shot,,,,,,,,,,Willie Green,,,,missed,,jump,40,10
Andre Iguodala,Elton Brand,Jason Kapono,Thaddeus Young,Willie Green,Boris Diaw,Gerald Henderson,Gerald Wallace,Raymond Felton,Stephen Jackson,4,4:09,CHA,rebound,,,,,,,,,,Boris Diaw,,,,,,def,,
Andre Iguodala,Elton Brand,Jason Kapono,Thaddeus Young,Willie Green,Boris Diaw,Gerald Henderson,Gerald Wallace,Raymond Felton,Stephen Jackson,4,3:58,CHA,shot,Boris Diaw,,,,,,,,,Raymond Felton,3,,,made,,3pt,31,31
Andre Iguodala,Elton Brand,Jason Kapono,Thaddeus Young,Willie Green,Boris Diaw,Gerald Henderson,Gerald Wallace,Raymond Felton,Stephen Jackson,4,3:33,PHI,shot,,,,,,,,,,Jason Kapono,,,,missed,,jump,7,9
Andre Iguodala,Elton Brand,Jason Kapono,Thaddeus Young,Willie Green,Boris Diaw,Gerald Henderson,Gerald Wallace,Raymond Felton,Stephen Jackson,4,3:32,CHA,rebound,,,,,,,,,,,,,,,,,,
Andre Iguodala,Elton Brand,Jason Kapono,Thaddeus Young,Willie Green,Boris Diaw,Gerald Henderson,Gerald Wallace,Raymond Felton,Stephen Jackson,4,3:20,PHI,foul,,,,,,,,Raymond Felton,,Elton Brand,,,,,,shooting,,
Andre Iguodala,Elton Brand,Jason Kapono,Thaddeus Young,Willie Green,Boris Diaw,Gerald Henderson,Gerald Wallace,Raymond Felton,Stephen Jackson,4,3:20,CHA,free throw,,,,,,,1,,2,Raymond Felton,,,foul,made,,,,
Andre Iguodala,Elton Brand,Jason Kapono,Thaddeus Young,Willie Green,Boris Diaw,Gerald Henderson,Gerald Wallace,Raymond Felton,Stephen Jackson,4,3:20,CHA,free throw,,,,,,,2,,2,Raymond Felton,,,foul,made,,,,
Andre Iguodala,Elton Brand,Jason Kapono,Thaddeus Young,Willie Green,Boris Diaw,Gerald Henderson,Gerald Wallace,Raymond Felton,Stephen Jackson,4,3:15,PHI,timeout,,,,,,,,,,,,,,,,regular,,
Andre Iguodala,Elton Brand,Jason Kapono,Thaddeus Young,Willie Green,Boris Diaw,Gerald Henderson,Gerald Wallace,Raymond Felton,Stephen Jackson,4,2:56,PHI,shot,,,,,,,,,,Willie Green,,,,missed,,jump,20,22
Andre Iguodala,Elton Brand,Jason Kapono,Thaddeus Young,Willie Green,Boris Diaw,Gerald Henderson,Gerald Wallace,Raymond Felton,Stephen Jackson,4,2:55,PHI,rebound,,,,,,,,,,,,,,,,,,
Andre Iguodala,Elton Brand,Jason Kapono,Thaddeus Young,Willie Green,Boris Diaw,Gerald Henderson,Gerald Wallace,Raymond Felton,Stephen Jackson,4,2:38,PHI,shot,,,,,,,,,,Jason Kapono,,,,missed,,jump,9,9
Andre Iguodala,Elton Brand,Jason Kapono,Thaddeus Young,Willie Green,Boris Diaw,Gerald Henderson,Gerald Wallace,Raymond Felton,Stephen Jackson,4,2:37,PHI,rebound,,,,,,,,,,Elton Brand,,,,,,off,,
Andre Iguodala,Elton Brand,Jason Kapono,Thaddeus Young,Willie Green,Boris Diaw,Gerald Henderson,Gerald Wallace,Raymond Felton,Stephen Jackson,4,2:37,PHI,turnover,,,,,,,,,,Elton Brand,,,bad pass,,Raymond Felton,,,
Andre Iguodala,Elton Brand,Jason Kapono,Thaddeus Young,Willie Green,Boris Diaw,Gerald Henderson,Gerald Wallace,Raymond Felton,Stephen Jackson,4,2:37,PHI,foul,,,,,,,,Raymond Felton,,Elton Brand,,,,,,personal,,
Andre Iguodala,Elton Brand,Jason Kapono,Thaddeus Young,Willie Green,Boris Diaw,Gerald Henderson,Gerald Wallace,Raymond Felton,Stephen Jackson,4,2:37,CHA,free throw,,,,,,,1,,2,Raymond Felton,,,foul,made,,,,
Andre Iguodala,Elton Brand,Jason Kapono,Thaddeus Young,Willie Green,Boris Diaw,Gerald Henderson,Gerald Wallace,Raymond Felton,Stephen Jackson,4,2:37,CHA,free throw,,,,,,,2,,2,Raymond Felton,,,foul,made,,,,
Andre Iguodala,Elton Brand,Jason Kapono,Thaddeus Young,Willie Green,Boris Diaw,Gerald Henderson,Gerald Wallace,Raymond Felton,Stephen Jackson,4,2:16,PHI,shot,,,,,,,,,,Andre Iguodala,2,,,made,,driving layup,25,6
Andre Iguodala,Elton Brand,Jason Kapono,Thaddeus Young,Willie Green,Boris Diaw,Gerald Henderson,Gerald Wallace,Raymond Felton,Stephen Jackson,4,1:58,CHA,shot,,,,,,,,,,Raymond Felton,,,,missed,,layup,25,6
Andre Iguodala,Elton Brand,Jason Kapono,Thaddeus Young,Willie Green,Boris Diaw,Gerald Henderson,Gerald Wallace,Raymond Felton,Stephen Jackson,4,1:56,CHA,rebound,,,,,,,,,,Gerald Wallace,,,,,,off,,
Andre Iguodala,Elton Brand,Jason Kapono,Thaddeus Young,Willie Green,Boris Diaw,Gerald Henderson,Gerald Wallace,Raymond Felton,Stephen Jackson,4,1:55,PHI,foul,,,,,,,,Gerald Wallace,,Elton Brand,,,,,,shooting,,
Andre Iguodala,Elton Brand,Jason Kapono,Thaddeus Young,Willie Green,Boris Diaw,Gerald Henderson,Gerald Wallace,Raymond Felton,Stephen Jackson,4,1:55,CHA,free throw,,,,,,,1,,2,Gerald Wallace,,,foul,made,,,,
Andre Iguodala,Elton Brand,Jason Kapono,Thaddeus Young,Willie Green,Boris Diaw,Gerald Henderson,Gerald Wallace,Raymond Felton,Stephen Jackson,4,1:55,CHA,free throw,,,,,,,2,,2,Gerald Wallace,,,foul,made,,,,
Andre Iguodala,Elton Brand,Jason Kapono,Thaddeus Young,Willie Green,Boris Diaw,Gerald Henderson,Gerald Wallace,Raymond Felton,Stephen Jackson,4,1:33,PHI,shot,Willie Green,,,,,,,,,Elton Brand,2,,,made,,turnaround fade away,35,8
Andre Iguodala,Elton Brand,Jason Kapono,Thaddeus Young,Willie Green,Boris Diaw,Gerald Henderson,Gerald Wallace,Raymond Felton,Stephen Jackson,4,1:22,CHA,shot,Raymond Felton,,,,,,,,,Boris Diaw,3,,,made,,3pt,11,27
Andre Iguodala,Elton Brand,Jason Kapono,Thaddeus Young,Willie Green,Boris Diaw,Gerald Henderson,Gerald Wallace,Raymond Felton,Stephen Jackson,4,1:10,CHA,foul,,,,,,,,Andre Iguodala,,Stephen Jackson,,,,,,personal,,
Andre Iguodala,Elton Brand,Jason Kapono,Thaddeus Young,Willie Green,Boris Diaw,Gerald Henderson,Gerald Wallace,Raymond Felton,Stephen Jackson,4,0:59,PHI,shot,,,,,,,,,,Elton Brand,,,,missed,,turnaround fade away,34,9
Andre Iguodala,Elton Brand,Jason Kapono,Thaddeus Young,Willie Green,Boris Diaw,Gerald Henderson,Gerald Wallace,Raymond Felton,Stephen Jackson,4,0:58,CHA,rebound,,,,,,,,,,Boris Diaw,,,,,,def,,
Andre Iguodala,Elton Brand,Jason Kapono,Thaddeus Young,Willie Green,Boris Diaw,Gerald Henderson,Gerald Wallace,Raymond Felton,Stephen Jackson,4,0:43,CHA,shot,,,,,,,,,,Stephen Jackson,,,,missed,,3pt,20,31
Andre Iguodala,Elton Brand,Jason Kapono,Thaddeus Young,Willie Green,Boris Diaw,Gerald Henderson,Gerald Wallace,Raymond Felton,Stephen Jackson,4,0:42,PHI,rebound,,,,,,,,,,Thaddeus Young,,,,,,def,,
Andre Iguodala,Elton Brand,Jason Kapono,Thaddeus Young,Willie Green,Boris Diaw,Gerald Henderson,Gerald Wallace,Raymond Felton,Stephen Jackson,4,0:24,PHI,turnover,,,,,,,,,,Andre Iguodala,,,lost ball,,Boris Diaw,,,
Andre Iguodala,Elton Brand,Jason Kapono,Thaddeus Young,Willie Green,Boris Diaw,Gerald Henderson,Gerald Wallace,Raymond Felton,Stephen Jackson,4,0:19,CHA,timeout,,,,,,,,,,,,,,,,regular,,
Andre Iguodala,Jason Kapono,Samuel Dalembert,Thaddeus Young,Willie Green,Boris Diaw,Gerald Henderson,Gerald Wallace,Raymond Felton,Stephen Jackson,4,0:19,PHI,sub,,,,Samuel Dalembert,,Elton Brand,,,,,,,,,,,,
Andre Iguodala,Rodney Carney,Samuel Dalembert,Thaddeus Young,Willie Green,Boris Diaw,Gerald Henderson,Gerald Wallace,Raymond Felton,Stephen Jackson,4,0:19,PHI,sub,,,,Rodney Carney,,Jason Kapono,,,,,,,,,,,,
Andre Iguodala,Rodney Carney,Samuel Dalembert,Thaddeus Young,Willie Green,Boris Diaw,Gerald Henderson,Gerald Wallace,Raymond Felton,Stephen Jackson,4,0:19,CHA,timeout,,,,,,,,,,,,,,,,short,,
Andre Iguodala,Rodney Carney,Samuel Dalembert,Thaddeus Young,Willie Green,Boris Diaw,Gerald Wallace,Raymond Felton,Ronald Murray,Stephen Jackson,4,0:19,CHA,sub,,,,Ronald Murray,,Gerald Henderson,,,,,,,,,,,,
Andre Iguodala,Rodney Carney,Samuel Dalembert,Thaddeus Young,Willie Green,Boris Diaw,Gerald Wallace,Raymond Felton,Ronald Murray,Stephen Jackson,4,0:17,CHA,shot,,,,,,,,,,Boris Diaw,2,,,made,,driving layup,25,6
Andre Iguodala,Rodney Carney,Samuel Dalembert,Thaddeus Young,Willie Green,Boris Diaw,Gerald Wallace,Raymond Felton,Ronald Murray,Stephen Jackson,4,0:17,PHI,timeout,,,,,,,,,,,,,,,,regular,,
Andre Iguodala,Jason Kapono,Rodney Carney,Thaddeus Young,Willie Green,Boris Diaw,Gerald Wallace,Raymond Felton,Ronald Murray,Stephen Jackson,4,0:17,PHI,sub,,,,Jason Kapono,,Samuel Dalembert,,,,,,,,,,,,
Andre Iguodala,Elton Brand,Jason Kapono,Thaddeus Young,Willie Green,Boris Diaw,Gerald Wallace,Raymond Felton,Ronald Murray,Stephen Jackson,4,0:17,PHI,sub,,,,Elton Brand,,Rodney Carney,,,,,,,,,,,,
Andre Iguodala,Elton Brand,Jason Kapono,Thaddeus Young,Willie Green,Boris Diaw,Gerald Wallace,Raymond Felton,Stephen Graham,Stephen Jackson,4,0:17,CHA,sub,,,,Stephen Graham,,Ronald Murray,,,,,,,,,,,,
Andre Iguodala,Elton Brand,Jason Kapono,Thaddeus Young,Willie Green,Boris Diaw,Gerald Wallace,Raymond Felton,Stephen Graham,Stephen Jackson,4,0:13,CHA,foul,,,,,,,,Andre Iguodala,,Stephen Jackson,,,,,,personal,,
Andre Iguodala,Elton Brand,Jason Kapono,Thaddeus Young,Willie Green,Boris Diaw,Gerald Wallace,Raymond Felton,Stephen Graham,Stephen Jackson,4,0:13,PHI,free throw,,,,,,,1,,2,Andre Iguodala,,,foul,made,,,,
Andre Iguodala,Jason Kapono,Samuel Dalembert,Thaddeus Young,Willie Green,Boris Diaw,Gerald Wallace,Raymond Felton,Stephen Graham,Stephen Jackson,4,0:13,PHI,sub,,,,Samuel Dalembert,,Elton Brand,,,,,,,,,,,,
Andre Iguodala,Rodney Carney,Samuel Dalembert,Thaddeus Young,Willie Green,Boris Diaw,Gerald Wallace,Raymond Felton,Stephen Graham,Stephen Jackson,4,0:13,PHI,sub,,,,Rodney Carney,,Jason Kapono,,,,,,,,,,,,
Andre Iguodala,Rodney Carney,Samuel Dalembert,Thaddeus Young,Willie Green,Boris Diaw,Gerald Wallace,Raymond Felton,Ronald Murray,Stephen Jackson,4,0:13,CHA,sub,,,,Ronald Murray,,Stephen Graham,,,,,,,,,,,,
Andre Iguodala,Rodney Carney,Samuel Dalembert,Thaddeus Young,Willie Green,Boris Diaw,Gerald Wallace,Raymond Felton,Ronald Murray,Stephen Jackson,4,0:13,PHI,free throw,,,,,,,2,,2,Andre Iguodala,,,foul,made,,,,
Andre Iguodala,Rodney Carney,Samuel Dalembert,Thaddeus Young,Willie Green,Boris Diaw,Gerald Wallace,Raymond Felton,Ronald Murray,Stephen Jackson,4,0:04,CHA,shot,,,,,,,,,,Raymond Felton,2,,,made,,driving layup,25,6
Andre Iguodala,Rodney Carney,Samuel Dalembert,Thaddeus Young,Willie Green,Boris Diaw,Gerald Wallace,Raymond Felton,Ronald Murray,Stephen Jackson,4,0:04,PHI,timeout,,,,,,,,,,,,,,,,short,,
Andre Iguodala,Rodney Carney,Samuel Dalembert,Thaddeus Young,Willie Green,Boris Diaw,Gerald Wallace,Raymond Felton,Stephen Graham,Stephen Jackson,4,0:04,CHA,sub,,,,Stephen Graham,,Ronald Murray,,,,,,,,,,,,
Andre Iguodala,Elton Brand,Rodney Carney,Thaddeus Young,Willie Green,Boris Diaw,Gerald Wallace,Raymond Felton,Stephen Graham,Stephen Jackson,4,0:04,PHI,sub,,,,Elton Brand,,Samuel Dalembert,,,,,,,,,,,,
Andre Iguodala,Elton Brand,Jason Kapono,Thaddeus Young,Willie Green,Boris Diaw,Gerald Wallace,Raymond Felton,Stephen Graham,Stephen Jackson,4,0:04,PHI,sub,,,,Jason Kapono,,Rodney Carney,,,,,,,,,,,,
Andre Iguodala,Elton Brand,Jason Kapono,Thaddeus Young,Willie Green,Boris Diaw,Gerald Wallace,Raymond Felton,Stephen Graham,Stephen Jackson,4,0:00,PHI,shot,,,,,,,,,,Andre Iguodala,,,,missed,,jump,37,17
Andre Iguodala,Elton Brand,Jason Kapono,Thaddeus Young,Willie Green,Boris Diaw,Gerald Wallace,Raymond Felton,Stephen Graham,Stephen Jackson,4,0:00,PHI,rebound,,,,,,,,,,,,,,,,,,
